file_name,а,без,больше,борьба,борьбе,борьбу,будут,было,в,время,все,всей,всем,всех,даже,дела,демократической,для,до,других,его,ему,если,же,за,и,из,их,как,когда,которые,который,может,мы,на,надо,народ,народа,не,него,необходимо,нет,но,один,одно,он,оно,от,партии,перед,по,политического,после,потому,поэтому,правительства,правительство,при,работы,рабочих,с,свое,свои,своих,силы,со,собой,совершенно,социал,так,те,тем,теперь,того,только,у,уже,что,чтобы,это,этой,более,борьбы,бы,был,быть,во,вообще,вопрос,вопроса,времени,всегда,всего,всю,г,года,гораздо,движение,движения,демократии,демократия,должна,должно,должны,другой,ее,есть,еще,жизни,жизнь,здесь,значение,ибо,или,им,имеет,к,какой,класса,классов,конечно,которой,кто,лет,лишь,людей,между,много,могли,можно,мысли,мысль,над,наконец,нам,нами,нас,нашего,нашей,ни,нибудь,ничего,о,об,общества,одной,она,они,организации,особенно,очень,под,политические,политических,политической,политическую,право,пролетариат,пролетариата,против,рабочего,рабочие,рабочий,раз,революции,революционного,революционной,россии,русской,самой,свободы,своей,свою,сделать,себе,себя,сил,сказать,слова,смысле,собою,стороны,съезд,также,таких,такой,то,тогда,том,тому,тот,труда,тут,чем,эти,этих,этом,этому,этот,эту,1,будет,были,власть,вот,где,да,деле,дело,е,зрения,именно,которое,которых,кроме,ли,массы,менее,момент,несколько,них,образом,одного,п,положение,почему,самого,самом,своего,своим,силу,случае,степени,т,такие,таким,тех,точки,характер,эта,этого,является,была,вполне,действительно,значит,искры,которая,либо,люди,мог,могут,наиболее,нельзя,партия,пор,прежде,среди,хотя,этим,вопросу,говорит,которого,съезда,съезде,тов,той,должен,мало,права,совсем,такое,ясно,ведь,власти,крестьян,нужно,почти,своем,вместе,вы,масс,наши,развития,буржуазии,пока,сам,через,меня,мне,стр,там,я,д,мартов,земли,однако,революция,войны,цк,author_folder
dubia_finans_manifest.txt,1.7123287671232876,5.136986301369863,1.7123287671232876,1.7123287671232876,1.7123287671232876,1.7123287671232876,1.7123287671232876,1.7123287671232876,20.54794520547945,1.7123287671232876,3.4246575342465753,3.4246575342465753,5.136986301369863,5.136986301369863,1.7123287671232876,1.7123287671232876,1.7123287671232876,3.4246575342465753,1.7123287671232876,1.7123287671232876,5.136986301369863,1.7123287671232876,1.7123287671232876,1.7123287671232876,6.8493150684931505,53.082191780821915,5.136986301369863,1.7123287671232876,3.4246575342465753,1.7123287671232876,1.7123287671232876,1.7123287671232876,1.7123287671232876,3.4246575342465753,17.123287671232877,1.7123287671232876,1.7123287671232876,1.7123287671232876,13.698630136986301,5.136986301369863,1.7123287671232876,3.4246575342465753,1.7123287671232876,1.7123287671232876,1.7123287671232876,1.7123287671232876,6.8493150684931505,3.4246575342465753,5.136986301369863,3.4246575342465753,11.986301369863012,1.7123287671232876,1.7123287671232876,1.7123287671232876,1.7123287671232876,3.4246575342465753,18.835616438356162,6.8493150684931505,1.7123287671232876,1.7123287671232876,10.273972602739725,3.4246575342465753,1.7123287671232876,1.7123287671232876,1.7123287671232876,1.7123287671232876,1.7123287671232876,1.7123287671232876,1.7123287671232876,1.7123287671232876,1.7123287671232876,1.7123287671232876,1.7123287671232876,1.7123287671232876,3.4246575342465753,3.4246575342465753,1.7123287671232876,1.7123287671232876,1.7123287671232876,5.136986301369863,1.7123287671232876,0,0,0,0,0,0,0,0,0,0,0,0,0,0,0,0,0,0,0,0,0,0,0,0,0,0,0,0,0,0,0,0,0,0,0,0,0,0,0,0,0,0,0,0,0,0,0,0,0,0,0,0,0,0,0,0,0,0,0,0,0,0,0,0,0,0,0,0,0,0,0,0,0,0,0,0,0,0,0,0,0,0,0,0,0,0,0,0,0,0,0,0,0,0,0,0,0,0,0,0,0,0,0,0,0,0,0,0,0,0,0,0,0,0,0,0,0,0,0,0,0,0,0,0,0,0,0,0,0,0,0,0,0,0,0,0,0,0,0,0,0,0,0,0,0,0,0,0,0,0,0,0,0,0,0,0,0,0,0,0,0,0,0,0,0,0,0,0,0,0,0,0,0,0,0,0,0,0,0,0,0,0,0,0,0,0,0,0,0,0,0,0,0,0,0,0,0,0,0,0,0,0,0,0,0,0,0,0,0,0,0,0,0,0,0,0,0,0,0,dubia
dubia_nasushnie_zadachi_I.txt,5.3872053872053876,1.3468013468013469,3.3670033670033668,2.6936026936026938,2.0202020202020203,4.713804713804714,0,0.6734006734006734,32.996632996633,1.3468013468013469,6.0606060606060606,0.6734006734006734,0,2.6936026936026938,0.6734006734006734,1.3468013468013469,0.6734006734006734,4.713804713804714,2.6936026936026938,1.3468013468013469,4.040404040404041,0,1.3468013468013469,2.0202020202020203,2.6936026936026938,38.38383838383838,2.0202020202020203,0.6734006734006734,2.0202020202020203,0.6734006734006734,2.0202020202020203,0,1.3468013468013469,8.080808080808081,16.161616161616163,2.6936026936026938,0.6734006734006734,0,13.468013468013467,0,0.6734006734006734,0.6734006734006734,4.713804713804714,0.6734006734006734,0.6734006734006734,2.0202020202020203,0.6734006734006734,8.080808080808081,5.3872053872053876,0.6734006734006734,0.6734006734006734,0.6734006734006734,0,0,0,1.3468013468013469,0,3.3670033670033668,2.0202020202020203,4.040404040404041,11.447811447811448,0.6734006734006734,1.3468013468013469,1.3468013468013469,2.0202020202020203,0.6734006734006734,0,0.6734006734006734,11.447811447811448,0.6734006734006734,1.3468013468013469,0,0,1.3468013468013469,6.7340067340067336,0,4.040404040404041,8.754208754208754,3.3670033670033668,6.0606060606060606,2.0202020202020203,0.6734006734006734,5.3872053872053876,0.6734006734006734,0.6734006734006734,1.3468013468013469,5.3872053872053876,0.6734006734006734,1.3468013468013469,0.6734006734006734,0.6734006734006734,0.6734006734006734,2.6936026936026938,1.3468013468013469,0.6734006734006734,1.3468013468013469,0.6734006734006734,4.713804713804714,10.101010101010102,2.6936026936026938,3.3670033670033668,0.6734006734006734,1.3468013468013469,2.0202020202020203,1.3468013468013469,2.0202020202020203,2.0202020202020203,1.3468013468013469,0.6734006734006734,0.6734006734006734,1.3468013468013469,0.6734006734006734,0.6734006734006734,1.3468013468013469,1.3468013468013469,0.6734006734006734,7.407407407407407,0.6734006734006734,0.6734006734006734,0.6734006734006734,1.3468013468013469,1.3468013468013469,4.040404040404041,1.3468013468013469,2.6936026936026938,1.3468013468013469,1.3468013468013469,0.6734006734006734,0.6734006734006734,1.3468013468013469,0.6734006734006734,1.3468013468013469,0.6734006734006734,0.6734006734006734,0.6734006734006734,0.6734006734006734,1.3468013468013469,2.0202020202020203,1.3468013468013469,0.6734006734006734,0.6734006734006734,0.6734006734006734,3.3670033670033668,0.6734006734006734,1.3468013468013469,2.6936026936026938,0.6734006734006734,0.6734006734006734,4.040404040404041,1.3468013468013469,1.3468013468013469,1.3468013468013469,0.6734006734006734,2.6936026936026938,5.3872053872053876,4.040404040404041,0.6734006734006734,0.6734006734006734,2.6936026936026938,3.3670033670033668,6.0606060606060606,1.3468013468013469,1.3468013468013469,0.6734006734006734,0.6734006734006734,0.6734006734006734,1.3468013468013469,3.3670033670033668,2.6936026936026938,0.6734006734006734,1.3468013468013469,2.6936026936026938,1.3468013468013469,0.6734006734006734,0.6734006734006734,0.6734006734006734,0.6734006734006734,0.6734006734006734,0.6734006734006734,0.6734006734006734,0.6734006734006734,2.0202020202020203,0.6734006734006734,0.6734006734006734,0.6734006734006734,2.6936026936026938,1.3468013468013469,0.6734006734006734,2.6936026936026938,2.0202020202020203,0.6734006734006734,1.3468013468013469,0.6734006734006734,0.6734006734006734,3.3670033670033668,1.3468013468013469,2.0202020202020203,1.3468013468013469,0.6734006734006734,2.6936026936026938,0,0,0,0,0,0,0,0,0,0,0,0,0,0,0,0,0,0,0,0,0,0,0,0,0,0,0,0,0,0,0,0,0,0,0,0,0,0,0,0,0,0,0,0,0,0,0,0,0,0,0,0,0,0,0,0,0,0,0,0,0,0,0,0,0,0,0,0,0,0,0,0,0,0,0,0,0,0,0,0,0,0,0,0,0,0,0,0,0,0,0,0,0,0,0,0,0,0,0,0,dubia
dubia_novoe_poboishe_I.txt,3.8363171355498724,1.278772378516624,0.639386189258312,4.475703324808184,1.278772378516624,1.278772378516624,0,2.557544757033248,15.34526854219949,4.475703324808184,3.19693094629156,0,0.639386189258312,1.9181585677749362,3.19693094629156,0.639386189258312,0,1.278772378516624,1.278772378516624,0,0.639386189258312,0.639386189258312,1.9181585677749362,4.475703324808184,7.033248081841432,46.03580562659847,1.9181585677749362,3.19693094629156,3.8363171355498724,4.475703324808184,3.8363171355498724,1.278772378516624,0.639386189258312,7.672634271099745,13.427109974424553,0.639386189258312,0,0,23.657289002557548,0.639386189258312,0,1.278772378516624,7.033248081841432,1.9181585677749362,0,0.639386189258312,1.9181585677749362,7.033248081841432,0.639386189258312,0,3.8363171355498724,0,1.9181585677749362,0.639386189258312,0,1.9181585677749362,3.19693094629156,3.8363171355498724,1.9181585677749362,12.148337595907927,12.148337595907927,0,0.639386189258312,0,1.278772378516624,2.557544757033248,0,0.639386189258312,0,2.557544757033248,1.9181585677749362,2.557544757033248,1.9181585677749362,1.278772378516624,6.39386189258312,2.557544757033248,6.39386189258312,11.508951406649617,0.639386189258312,1.9181585677749362,1.278772378516624,1.9181585677749362,3.19693094629156,0.639386189258312,2.557544757033248,0,2.557544757033248,0,0,0,1.9181585677749362,1.278772378516624,0,0.639386189258312,0,0,0,1.9181585677749362,0,0,0,0,0,2.557544757033248,1.278772378516624,0,1.278772378516624,1.278772378516624,1.278772378516624,0.639386189258312,0.639386189258312,0.639386189258312,1.278772378516624,1.278772378516624,1.9181585677749362,0,6.39386189258312,0,0,0,1.278772378516624,0,2.557544757033248,0.639386189258312,0.639386189258312,1.278772378516624,0,0.639386189258312,0,0,0,0,1.9181585677749362,0.639386189258312,0.639386189258312,0,1.9181585677749362,0,0.639386189258312,1.278772378516624,0.639386189258312,0.639386189258312,5.754475703324808,1.9181585677749362,0,0.639386189258312,0,1.9181585677749362,0.639386189258312,1.278772378516624,1.278772378516624,0,0,0,1.278772378516624,0.639386189258312,0,0,0,1.278772378516624,0,7.672634271099745,1.9181585677749362,1.278772378516624,0,0,1.278772378516624,0,0,0,0.639386189258312,0,0,0.639386189258312,0,0.639386189258312,0.639386189258312,1.278772378516624,0.639386189258312,0,0,1.9181585677749362,0,1.9181585677749362,1.278772378516624,0,3.19693094629156,0.639386189258312,1.9181585677749362,1.278772378516624,1.278772378516624,1.278772378516624,0,1.278772378516624,3.19693094629156,0,2.557544757033248,0,0.639386189258312,0.639386189258312,0.639386189258312,3.19693094629156,3.19693094629156,0.639386189258312,2.557544757033248,0.639386189258312,1.278772378516624,0.639386189258312,1.278772378516624,0.639386189258312,0.639386189258312,1.9181585677749362,1.278772378516624,0.639386189258312,0.639386189258312,3.19693094629156,0.639386189258312,1.278772378516624,0.639386189258312,2.557544757033248,1.9181585677749362,0.639386189258312,1.278772378516624,0.639386189258312,1.9181585677749362,1.278772378516624,0.639386189258312,1.278772378516624,0.639386189258312,1.278772378516624,1.278772378516624,1.278772378516624,0.639386189258312,1.278772378516624,0.639386189258312,0.639386189258312,1.278772378516624,0.639386189258312,0.639386189258312,0.639386189258312,1.9181585677749362,0.639386189258312,0,0,0,0,0,0,0,0,0,0,0,0,0,0,0,0,0,0,0,0,0,0,0,0,0,0,0,0,0,0,0,0,0,0,0,0,0,0,0,0,0,0,0,0,0,0,0,0,0,0,0,0,0,0,0,0,0,0,dubia
dubia_ot_red_iskry_I.txt,5.567153792623522,0,1.3917884481558804,0,0.6958942240779402,2.08768267223382,0,2.08768267223382,25.052192066805848,1.3917884481558804,8.35073068893528,0.6958942240779402,0.6958942240779402,3.4794711203897006,2.08768267223382,0.6958942240779402,0.6958942240779402,4.8712595685455815,0.6958942240779402,0.6958942240779402,6.958942240779401,1.3917884481558804,0,1.3917884481558804,1.3917884481558804,43.841336116910234,3.4794711203897006,0.6958942240779402,6.263048016701462,1.3917884481558804,2.08768267223382,1.3917884481558804,1.3917884481558804,16.70146137787056,9.742519137091163,0.6958942240779402,0,0.6958942240779402,11.134307585247043,0.6958942240779402,3.4794711203897006,0.6958942240779402,4.17536534446764,0,0,0,0,3.4794711203897006,5.567153792623522,0,3.4794711203897006,0,0,0,1.3917884481558804,0,0,1.3917884481558804,0,0.6958942240779402,10.438413361169102,0,2.08768267223382,0,0.6958942240779402,0.6958942240779402,0,0.6958942240779402,16.70146137787056,2.08768267223382,0.6958942240779402,2.08768267223382,0.6958942240779402,1.3917884481558804,5.567153792623522,0,3.4794711203897006,8.35073068893528,2.08768267223382,2.783576896311761,2.08768267223382,2.08768267223382,1.3917884481558804,4.8712595685455815,0.6958942240779402,1.3917884481558804,2.783576896311761,0,1.3917884481558804,0,0,0,2.08768267223382,0.6958942240779402,0.6958942240779402,0.6958942240779402,0,4.8712595685455815,8.35073068893528,2.08768267223382,0,0.6958942240779402,0,2.783576896311761,0.6958942240779402,3.4794711203897006,1.3917884481558804,0.6958942240779402,0,0,0,0.6958942240779402,0.6958942240779402,2.783576896311761,0.6958942240779402,0,5.567153792623522,0.6958942240779402,0.6958942240779402,0,0,0,0.6958942240779402,0,1.3917884481558804,0,2.783576896311761,0,0,0,4.17536534446764,0.6958942240779402,0.6958942240779402,0.6958942240779402,1.3917884481558804,0.6958942240779402,0.6958942240779402,2.08768267223382,2.08768267223382,0,0,0,5.567153792623522,0,0,0,2.08768267223382,0,0,0.6958942240779402,0.6958942240779402,2.08768267223382,0,0,2.08768267223382,0,0,0.6958942240779402,1.3917884481558804,2.08768267223382,2.783576896311761,0,0.6958942240779402,0,0,1.3917884481558804,1.3917884481558804,3.4794711203897006,2.783576896311761,0,0,1.3917884481558804,0,0.6958942240779402,0,0.6958942240779402,0.6958942240779402,1.3917884481558804,0.6958942240779402,0,1.3917884481558804,1.3917884481558804,0,1.3917884481558804,0,2.08768267223382,0.6958942240779402,0.6958942240779402,2.08768267223382,0.6958942240779402,1.3917884481558804,1.3917884481558804,0,1.3917884481558804,0.6958942240779402,0,1.3917884481558804,0.6958942240779402,2.08768267223382,0,0.6958942240779402,3.4794711203897006,0,0,0.6958942240779402,0,0.6958942240779402,0,0,0.6958942240779402,0.6958942240779402,0.6958942240779402,0,0.6958942240779402,0,1.3917884481558804,0,0,1.3917884481558804,0.6958942240779402,0,0.6958942240779402,0,2.08768267223382,0,0.6958942240779402,0,0.6958942240779402,0.6958942240779402,1.3917884481558804,0,0,0,0.6958942240779402,0,0.6958942240779402,1.3917884481558804,0.6958942240779402,0.6958942240779402,1.3917884481558804,2.08768267223382,0.6958942240779402,0.6958942240779402,1.3917884481558804,0.6958942240779402,0.6958942240779402,0.6958942240779402,1.3917884481558804,0.6958942240779402,0.6958942240779402,0.6958942240779402,0.6958942240779402,0.6958942240779402,1.3917884481558804,0.6958942240779402,0.6958942240779402,0.6958942240779402,2.08768267223382,0.6958942240779402,1.3917884481558804,0,0,0,0,0,0,0,0,0,0,0,0,0,0,0,0,0,0,0,0,0,0,0,0,0,0,0,0,0,0,0,0,0,0,0,0,0,0,0,0,dubia
dubia_ot_red_na_pismo_parvusa_I.txt,0,0,0,0,0,0,0,0,19.90049751243781,0,0,0,0,0,0,0,0,0,0,0,19.90049751243781,4.975124378109452,4.975124378109452,0,0,24.875621890547265,0,0,14.925373134328359,0,0,0,4.975124378109452,4.975124378109452,9.950248756218905,0,0,0,19.90049751243781,0,0,0,9.950248756218905,0,0,9.950248756218905,0,24.875621890547265,0,0,19.90049751243781,0,0,0,0,0,0,0,0,0,9.950248756218905,0,0,0,0,0,0,0,0,4.975124378109452,0,0,0,0,0,0,0,29.850746268656717,0,4.975124378109452,0,0,0,0,0,0,9.950248756218905,0,0,0,0,0,0,0,0,0,4.975124378109452,0,0,0,0,0,0,4.975124378109452,0,0,0,0,0,0,0,0,0,0,4.975124378109452,4.975124378109452,4.975124378109452,0,0,0,4.975124378109452,0,0,0,0,0,0,4.975124378109452,0,0,0,4.975124378109452,4.975124378109452,0,0,0,0,0,0,0,0,0,9.950248756218905,0,0,0,0,0,0,0,4.975124378109452,0,0,0,0,0,4.975124378109452,0,0,4.975124378109452,0,0,0,0,0,0,0,0,0,0,0,0,9.950248756218905,0,0,0,0,4.975124378109452,0,0,0,0,4.975124378109452,4.975124378109452,0,0,4.975124378109452,0,0,0,0,0,0,4.975124378109452,0,0,9.950248756218905,4.975124378109452,0,0,0,9.950248756218905,0,0,0,0,0,0,0,4.975124378109452,0,0,0,0,0,0,0,0,0,4.975124378109452,0,0,4.975124378109452,4.975124378109452,0,0,0,0,0,0,0,0,0,4.975124378109452,0,0,4.975124378109452,0,0,0,0,9.950248756218905,0,0,0,0,4.975124378109452,9.950248756218905,0,0,0,0,0,0,0,4.975124378109452,0,0,0,4.975124378109452,4.975124378109452,4.975124378109452,4.975124378109452,14.925373134328359,9.950248756218905,34.82587064676617,4.975124378109452,0,0,0,0,0,0,0,0,0,0,0,0,0,0,0,0,0,0,0,0,0,0,0,0,0,0,0,0,0,0,0,0,0,dubia
dubia_poslednee_slovo_bund_I.txt,2.0222446916076846,2.0222446916076846,0,1.0111223458038423,1.0111223458038423,0,0,4.044489383215369,21.23356926188069,0,4.044489383215369,0,2.0222446916076846,4.044489383215369,4.044489383215369,1.0111223458038423,1.0111223458038423,2.0222446916076846,3.033367037411527,1.0111223458038423,2.0222446916076846,0,3.033367037411527,2.0222446916076846,0,31.344792719919106,4.044489383215369,0,9.100101112234581,2.0222446916076846,5.055611729019211,0,2.0222446916076846,2.0222446916076846,11.122345803842265,0,0,0,22.24469160768453,0,0,1.0111223458038423,3.033367037411527,0,0,3.033367037411527,1.0111223458038423,6.066734074823054,15.166835187057634,0,6.066734074823054,0,1.0111223458038423,0,1.0111223458038423,0,0,1.0111223458038423,0,2.0222446916076846,10.111223458038422,1.0111223458038423,2.0222446916076846,0,0,1.0111223458038423,0,2.0222446916076846,3.033367037411527,0,1.0111223458038423,1.0111223458038423,1.0111223458038423,6.066734074823054,6.066734074823054,1.0111223458038423,2.0222446916076846,11.122345803842265,3.033367037411527,6.066734074823054,1.0111223458038423,1.0111223458038423,0,9.100101112234581,1.0111223458038423,3.033367037411527,0,0,0,1.0111223458038423,1.0111223458038423,0,0,0,0,0,0,1.0111223458038423,0,0,0,1.0111223458038423,0,1.0111223458038423,1.0111223458038423,0,3.033367037411527,4.044489383215369,0,0,1.0111223458038423,0,0,2.0222446916076846,0,1.0111223458038423,9.100101112234581,2.0222446916076846,0,0,0,2.0222446916076846,2.0222446916076846,0,2.0222446916076846,0,1.0111223458038423,3.033367037411527,0,1.0111223458038423,1.0111223458038423,0,1.0111223458038423,0,2.0222446916076846,0,1.0111223458038423,0,0,4.044489383215369,0,1.0111223458038423,10.111223458038422,0,0,2.0222446916076846,0,1.0111223458038423,4.044489383215369,1.0111223458038423,0,0,0,0,0,0,1.0111223458038423,0,4.044489383215369,0,0,1.0111223458038423,0,2.0222446916076846,0,0,0,1.0111223458038423,0,1.0111223458038423,0,2.0222446916076846,1.0111223458038423,0,2.0222446916076846,0,0,2.0222446916076846,1.0111223458038423,0,0,3.033367037411527,5.055611729019211,0,0,0,2.0222446916076846,1.0111223458038423,2.0222446916076846,0,1.0111223458038423,0,1.0111223458038423,0,1.0111223458038423,0,0,2.0222446916076846,1.0111223458038423,0,1.0111223458038423,0,0,0,0,1.0111223458038423,1.0111223458038423,0,0,0,2.0222446916076846,1.0111223458038423,0,0,0,0,0,0,0,0,0,1.0111223458038423,0,0,0,0,0,0,1.0111223458038423,0,0,0,0,0,3.033367037411527,1.0111223458038423,2.0222446916076846,1.0111223458038423,0,1.0111223458038423,3.033367037411527,0,1.0111223458038423,0,0,1.0111223458038423,1.0111223458038423,1.0111223458038423,2.0222446916076846,0,0,0,0,0,2.0222446916076846,0,0,2.0222446916076846,0,0,0,1.0111223458038423,0,3.033367037411527,1.0111223458038423,0,1.0111223458038423,2.0222446916076846,1.0111223458038423,2.0222446916076846,1.0111223458038423,2.0222446916076846,1.0111223458038423,0,0,0,0,0,0,0,0,0,0,0,0,0,0,0,0,0,0,0,0,0,0,0,0,0,0,0,dubia
dubia_priznaki_bankrotstva_I.txt,3.5971223021582737,0.5995203836930455,0,0,0.5995203836930455,0,0,1.7985611510791368,31.17505995203837,2.997601918465228,2.398081534772182,0,1.199040767386091,2.398081534772182,0.5995203836930455,0,0,4.196642685851319,1.199040767386091,0.5995203836930455,6.594724220623501,1.199040767386091,1.199040767386091,5.39568345323741,2.398081534772182,30.575539568345324,4.196642685851319,3.5971223021582737,5.39568345323741,1.7985611510791368,0,0,1.7985611510791368,4.196642685851319,10.191846522781775,0,0,0.5995203836930455,19.184652278177456,0.5995203836930455,0.5995203836930455,1.7985611510791368,3.5971223021582737,0,1.199040767386091,1.199040767386091,5.39568345323741,3.5971223021582737,0,2.398081534772182,1.7985611510791368,1.199040767386091,4.196642685851319,0,0,3.5971223021582737,1.7985611510791368,2.398081534772182,0,0,12.589928057553957,1.7985611510791368,0,0,0,1.7985611510791368,0,0,0.5995203836930455,1.7985611510791368,0,1.7985611510791368,1.7985611510791368,4.796163069544364,1.199040767386091,2.398081534772182,2.398081534772182,13.788968824940047,2.398081534772182,4.196642685851319,0,0,2.398081534772182,2.997601918465228,0.5995203836930455,2.997601918465228,0.5995203836930455,0,1.199040767386091,0.5995203836930455,2.997601918465228,0,1.7985611510791368,0.5995203836930455,1.199040767386091,2.398081534772182,0,1.199040767386091,0.5995203836930455,0,0,0.5995203836930455,1.199040767386091,0.5995203836930455,0.5995203836930455,1.199040767386091,0.5995203836930455,0.5995203836930455,0.5995203836930455,1.7985611510791368,0,0,0,3.5971223021582737,1.7985611510791368,0,5.39568345323741,0,0,0,0,1.199040767386091,1.199040767386091,2.398081534772182,0.5995203836930455,0,1.7985611510791368,0,0,1.199040767386091,0,0.5995203836930455,0.5995203836930455,0.5995203836930455,0.5995203836930455,0.5995203836930455,1.199040767386091,0.5995203836930455,0,1.199040767386091,1.199040767386091,1.199040767386091,3.5971223021582737,2.398081534772182,2.398081534772182,0,0,1.7985611510791368,0.5995203836930455,0,0.5995203836930455,1.7985611510791368,0,0,0.5995203836930455,0.5995203836930455,1.7985611510791368,0,0.5995203836930455,0.5995203836930455,0,1.199040767386091,0,0.5995203836930455,0,0.5995203836930455,1.199040767386091,0.5995203836930455,0,0,0.5995203836930455,0,0,0.5995203836930455,0,0.5995203836930455,0.5995203836930455,0.5995203836930455,0,0,0,0.5995203836930455,0,0,0,0,2.398081534772182,0,2.997601918465228,0,0.5995203836930455,0,0,1.7985611510791368,1.199040767386091,1.7985611510791368,1.7985611510791368,0.5995203836930455,0.5995203836930455,0.5995203836930455,0,2.997601918465228,0.5995203836930455,0,1.199040767386091,0,1.7985611510791368,0,1.199040767386091,0.5995203836930455,0.5995203836930455,0,0.5995203836930455,0,0.5995203836930455,2.398081534772182,0,0.5995203836930455,0,0,0.5995203836930455,0,0,0,0,0,0.5995203836930455,0,0.5995203836930455,0.5995203836930455,1.199040767386091,0,0.5995203836930455,0.5995203836930455,1.199040767386091,0,2.398081534772182,1.199040767386091,0,0.5995203836930455,4.796163069544364,1.199040767386091,0.5995203836930455,0,1.199040767386091,0,0,1.199040767386091,1.199040767386091,0.5995203836930455,0,0,0,0.5995203836930455,0,0.5995203836930455,0.5995203836930455,0,1.199040767386091,1.199040767386091,0,0,0.5995203836930455,0,0,0,2.398081534772182,0,0.5995203836930455,0,0,0,1.7985611510791368,1.199040767386091,0.5995203836930455,1.199040767386091,1.199040767386091,0.5995203836930455,0.5995203836930455,0,0,0,0,0,0,0,0,0,0,0,0,0,0,0,0,0,0,0,0,0,dubia
dubia_slovo_mosc_vedomostyam_I.txt,6.60377358490566,0.4716981132075472,1.8867924528301887,0.9433962264150944,0,0.4716981132075472,0.4716981132075472,6.132075471698114,24.056603773584907,1.4150943396226414,4.716981132075471,0.4716981132075472,0.4716981132075472,0.9433962264150944,2.3584905660377355,0,0,8.49056603773585,2.3584905660377355,0,8.49056603773585,0,5.660377358490566,2.830188679245283,4.245283018867925,30.660377358490567,4.716981132075471,5.188679245283018,3.7735849056603774,4.245283018867925,0.4716981132075472,0,2.3584905660377355,0,8.018867924528301,0,0.9433962264150944,0.9433962264150944,22.641509433962263,0.9433962264150944,0.4716981132075472,1.8867924528301887,7.547169811320755,0,0.4716981132075472,2.3584905660377355,1.4150943396226414,6.132075471698114,0.9433962264150944,0.4716981132075472,3.30188679245283,0,0.4716981132075472,0,0.9433962264150944,8.018867924528301,4.716981132075471,1.8867924528301887,0,0,12.735849056603774,0,0.4716981132075472,0,1.4150943396226414,0.9433962264150944,0,1.4150943396226414,0.4716981132075472,2.3584905660377355,0.9433962264150944,2.830188679245283,1.4150943396226414,1.4150943396226414,0.9433962264150944,0.9433962264150944,1.8867924528301887,12.264150943396228,0.9433962264150944,3.30188679245283,0.9433962264150944,1.8867924528301887,1.4150943396226414,11.320754716981131,0,3.30188679245283,2.3584905660377355,0.4716981132075472,0,0,0,0.9433962264150944,1.8867924528301887,0.4716981132075472,0.4716981132075472,0.4716981132075472,0,0,0,0.4716981132075472,0.4716981132075472,0.9433962264150944,2.3584905660377355,0.4716981132075472,0.4716981132075472,1.4150943396226414,0.4716981132075472,1.4150943396226414,0,0.4716981132075472,0.4716981132075472,0.4716981132075472,0.4716981132075472,4.245283018867925,1.4150943396226414,0,5.660377358490566,0,0,0,0.4716981132075472,0.4716981132075472,1.4150943396226414,0,1.8867924528301887,0,0.4716981132075472,0,0,0.9433962264150944,0.9433962264150944,0,2.3584905660377355,0,0,1.8867924528301887,0.9433962264150944,0,0.4716981132075472,6.132075471698114,0,0.4716981132075472,6.60377358490566,0.4716981132075472,0.4716981132075472,0,0.9433962264150944,1.8867924528301887,0,0,0.9433962264150944,0.9433962264150944,0,0,0.4716981132075472,0,0,0,0,1.8867924528301887,0,0,0,0.4716981132075472,0,0.4716981132075472,0.4716981132075472,3.30188679245283,0,0,0.4716981132075472,0.9433962264150944,1.8867924528301887,0,0,1.4150943396226414,0.4716981132075472,0,0,0,0,1.4150943396226414,0,0.9433962264150944,0,0,8.49056603773585,0.4716981132075472,0.9433962264150944,0,1.8867924528301887,0,0,2.830188679245283,0.4716981132075472,1.8867924528301887,0,0,0.4716981132075472,0.4716981132075472,0,3.7735849056603774,0,0.4716981132075472,0,1.4150943396226414,0.4716981132075472,0,0.4716981132075472,0.4716981132075472,1.8867924528301887,0.4716981132075472,0,0,1.8867924528301887,0.4716981132075472,0.4716981132075472,0.4716981132075472,0,0.4716981132075472,0,0.9433962264150944,0,0,0,0,0,1.4150943396226414,0.4716981132075472,0.4716981132075472,0.4716981132075472,0.9433962264150944,0,0.4716981132075472,1.4150943396226414,0.4716981132075472,0.9433962264150944,1.4150943396226414,0,0.4716981132075472,3.7735849056603774,0.9433962264150944,1.8867924528301887,1.8867924528301887,0.4716981132075472,0,0,0,0.4716981132075472,0,0,0.4716981132075472,0.4716981132075472,0.9433962264150944,0.4716981132075472,1.4150943396226414,0.9433962264150944,0.4716981132075472,0,0.4716981132075472,0,0.4716981132075472,0.9433962264150944,0,0,0,0,0,0.4716981132075472,0.9433962264150944,0,0,0.4716981132075472,0.4716981132075472,1.8867924528301887,2.3584905660377355,0,0,0,0.4716981132075472,0.4716981132075472,0.4716981132075472,0.4716981132075472,0.4716981132075472,0,0,0,0,0,0,0,0,0,0,0,0,0,0,0,0,dubia
dubia_zakon_o_voznagr_I.txt,6.137865911237015,1.41643059490085,0.9442870632672333,0.47214353163361666,0,0,3.305004721435316,0.47214353163361666,21.246458923512748,0,6.137865911237015,0,0.9442870632672333,3.7771482530689333,2.8328611898017,0.9442870632672333,0,4.721435316336166,3.305004721435316,0.47214353163361666,5.193578847969783,0,2.360717658168083,1.8885741265344667,10.387157695939566,49.10292728989612,5.193578847969783,4.24929178470255,3.305004721435316,0.9442870632672333,5.193578847969783,0.9442870632672333,1.8885741265344667,1.8885741265344667,8.4985835694051,0.47214353163361666,0,0,17.469310670443814,0.47214353163361666,0.47214353163361666,0.47214353163361666,4.721435316336166,0.47214353163361666,0.47214353163361666,1.8885741265344667,0,8.026440037771483,0,0,4.721435316336166,0,0.47214353163361666,0.47214353163361666,0.9442870632672333,0.9442870632672333,2.360717658168083,4.24929178470255,0.47214353163361666,11.3314447592068,8.026440037771483,0,0,0,0.47214353163361666,0,0.47214353163361666,1.8885741265344667,0.47214353163361666,1.41643059490085,0.47214353163361666,2.360717658168083,0.47214353163361666,1.8885741265344667,7.554296506137867,1.41643059490085,2.360717658168083,8.026440037771483,2.360717658168083,8.970727101038715,0.9442870632672333,2.8328611898017,0.47214353163361666,2.8328611898017,0.47214353163361666,2.8328611898017,1.41643059490085,1.41643059490085,0,0,0.47214353163361666,1.8885741265344667,1.41643059490085,0.47214353163361666,0,0,0,0.9442870632672333,0,0,0,0.47214353163361666,0.47214353163361666,0.47214353163361666,0.9442870632672333,0.47214353163361666,0.9442870632672333,3.7771482530689333,0,0.9442870632672333,0.9442870632672333,0.47214353163361666,0.47214353163361666,4.24929178470255,1.41643059490085,0.9442870632672333,4.721435316336166,0.47214353163361666,0.9442870632672333,0.47214353163361666,1.8885741265344667,0,2.8328611898017,2.8328611898017,1.41643059490085,0,1.41643059490085,0,0.47214353163361666,0.9442870632672333,0,0,1.41643059490085,0.9442870632672333,0.47214353163361666,0.47214353163361666,0.9442870632672333,0.9442870632672333,0.9442870632672333,1.41643059490085,1.41643059490085,0.47214353163361666,7.554296506137867,1.41643059490085,0,0.47214353163361666,0,0,0,1.8885741265344667,0.47214353163361666,2.360717658168083,0,0.47214353163361666,0.47214353163361666,0,1.8885741265344667,1.41643059490085,0.47214353163361666,0.47214353163361666,4.721435316336166,3.305004721435316,3.305004721435316,0.47214353163361666,0,0,0,0.9442870632672333,0,0,0,0,0.47214353163361666,0.47214353163361666,1.41643059490085,1.8885741265344667,0,0,0,0,0.47214353163361666,1.41643059490085,0,0.47214353163361666,0.9442870632672333,0,1.8885741265344667,1.41643059490085,0.9442870632672333,1.41643059490085,0.9442870632672333,0.9442870632672333,1.8885741265344667,4.24929178470255,2.360717658168083,0,1.41643059490085,0,0.9442870632672333,0,0,1.8885741265344667,0,0,0.47214353163361666,0,0,2.360717658168083,1.41643059490085,0.9442870632672333,0.9442870632672333,1.41643059490085,0.47214353163361666,0.9442870632672333,0.47214353163361666,0.47214353163361666,0.9442870632672333,0,0,0,1.41643059490085,0.9442870632672333,0,1.41643059490085,0,0,0.47214353163361666,0.47214353163361666,0,0.47214353163361666,0.47214353163361666,1.8885741265344667,0.9442870632672333,1.8885741265344667,0.9442870632672333,0,1.41643059490085,0.9442870632672333,0,0,2.8328611898017,0.47214353163361666,0.47214353163361666,0.47214353163361666,0,1.8885741265344667,0,0.47214353163361666,0.9442870632672333,0,0,0.9442870632672333,1.8885741265344667,0.9442870632672333,0.47214353163361666,0.47214353163361666,0,1.41643059490085,0.9442870632672333,0,0,0,0.9442870632672333,0,0,0,0.47214353163361666,0.47214353163361666,0.47214353163361666,0.47214353163361666,0,0.47214353163361666,0,0,0.47214353163361666,0,0,0,0,0.47214353163361666,0,0,0,0,0.47214353163361666,0.47214353163361666,0.47214353163361666,0.47214353163361666,0,0,0,0,0,0,0,0,0,0,0,0,dubia
krupskaya_k_voposu_o_shkole.txt,3.2327586206896552,0.5387931034482758,2.155172413793103,0,0,0,3.771551724137931,1.0775862068965516,31.25,1.6163793103448276,4.310344827586206,0,0.5387931034482758,0,0,0,0,2.155172413793103,0.5387931034482758,1.0775862068965516,5.387931034482759,1.6163793103448276,5.387931034482759,3.2327586206896552,1.0775862068965516,35.560344827586206,2.6939655172413794,8.081896551724139,6.4655172413793105,1.0775862068965516,1.0775862068965516,0,3.2327586206896552,0,10.23706896551724,2.6939655172413794,0,0,14.547413793103448,1.6163793103448276,1.0775862068965516,0.5387931034482758,5.926724137931034,1.0775862068965516,1.0775862068965516,10.775862068965518,0.5387931034482758,2.6939655172413794,0,0.5387931034482758,5.387931034482759,0,0,1.0775862068965516,0.5387931034482758,0,0,2.155172413793103,0,0,10.23706896551724,0.5387931034482758,1.0775862068965516,1.6163793103448276,0,0,2.155172413793103,1.0775862068965516,0,1.6163793103448276,0.5387931034482758,2.155172413793103,0,3.2327586206896552,2.6939655172413794,2.155172413793103,1.0775862068965516,8.620689655172413,4.849137931034483,9.159482758620689,3.771551724137931,0,0,3.2327586206896552,0,4.310344827586206,1.0775862068965516,0,0.5387931034482758,0.5387931034482758,0,0.5387931034482758,0.5387931034482758,0.5387931034482758,0,0,3.2327586206896552,0,0,0,0,0.5387931034482758,0.5387931034482758,1.6163793103448276,0,1.6163793103448276,0.5387931034482758,2.155172413793103,1.6163793103448276,2.6939655172413794,0,1.6163793103448276,0,3.2327586206896552,3.2327586206896552,0.5387931034482758,10.23706896551724,0.5387931034482758,0,0.5387931034482758,3.2327586206896552,2.155172413793103,2.155172413793103,0.5387931034482758,3.2327586206896552,0,2.6939655172413794,2.155172413793103,0,1.0775862068965516,0.5387931034482758,1.0775862068965516,1.0775862068965516,0,0,0,0,0,0,0.5387931034482758,3.2327586206896552,0.5387931034482758,6.4655172413793105,0.5387931034482758,0.5387931034482758,1.0775862068965516,3.771551724137931,3.771551724137931,2.155172413793103,0,4.310344827586206,0.5387931034482758,0,0,0,0,0.5387931034482758,0,0,0,0,0,0,1.0775862068965516,0,0,0,0,0,1.0775862068965516,0,0.5387931034482758,1.0775862068965516,0,2.155172413793103,1.6163793103448276,0,0.5387931034482758,0,0,0.5387931034482758,0,0,1.0775862068965516,0.5387931034482758,0,5.926724137931034,0,1.0775862068965516,1.0775862068965516,1.0775862068965516,0,2.155172413793103,2.6939655172413794,0.5387931034482758,1.0775862068965516,2.6939655172413794,1.6163793103448276,0,2.155172413793103,0,3.771551724137931,1.0775862068965516,0,1.0775862068965516,3.2327586206896552,0,2.155172413793103,3.771551724137931,0,0,0.5387931034482758,0,1.0775862068965516,0,0.5387931034482758,0,0.5387931034482758,0,0,3.2327586206896552,1.6163793103448276,0.5387931034482758,0,0,0.5387931034482758,1.0775862068965516,0.5387931034482758,1.0775862068965516,2.155172413793103,0,0,0.5387931034482758,0,0,1.0775862068965516,0.5387931034482758,0,0,2.155172413793103,1.6163793103448276,1.0775862068965516,0.5387931034482758,1.0775862068965516,0,0.5387931034482758,0,1.6163793103448276,1.0775862068965516,0.5387931034482758,0,0.5387931034482758,0,1.0775862068965516,0,0,0,0,0,0.5387931034482758,2.155172413793103,0.5387931034482758,0.5387931034482758,0,0,0,1.6163793103448276,4.310344827586206,0.5387931034482758,0,0.5387931034482758,0,0.5387931034482758,0.5387931034482758,0,0,1.0775862068965516,0,0,0,0,0,0,0,0,0,0,0.5387931034482758,0.5387931034482758,0.5387931034482758,1.0775862068965516,0.5387931034482758,3.2327586206896552,0,0,0,0,0,0,0,krupskaya
krupskaya_o_staroy_iskre.txt,2.3492560689115116,3.915426781519186,1.5661707126076743,1.5661707126076743,0.7830853563038371,7.830853563038372,0.7830853563038371,1.5661707126076743,31.323414252153487,0.7830853563038371,6.264682850430697,0,0,2.3492560689115116,0.7830853563038371,0,1.5661707126076743,2.3492560689115116,1.5661707126076743,0,0.7830853563038371,0.7830853563038371,3.1323414252153485,0.7830853563038371,10.963194988253719,20.360219263899765,5.481597494126859,3.1323414252153485,7.047768206734534,0.7830853563038371,0.7830853563038371,0.7830853563038371,0.7830853563038371,0,11.746280344557558,3.1323414252153485,0,0.7830853563038371,14.878621769772906,0,0.7830853563038371,0,4.698512137823023,0,0,4.698512137823023,0,1.5661707126076743,4.698512137823023,0,7.047768206734534,0,2.3492560689115116,0,0,0,0,0.7830853563038371,0,7.830853563038372,22.709475332811277,0,0,0,1.5661707126076743,0.7830853563038371,0,1.5661707126076743,3.915426781519186,0,0.7830853563038371,0.7830853563038371,0.7830853563038371,0,2.3492560689115116,0.7830853563038371,0,7.830853563038372,0.7830853563038371,1.5661707126076743,1.5661707126076743,0,7.047768206734534,10.963194988253719,0,0.7830853563038371,0.7830853563038371,0,0,0,0,0,3.1323414252153485,0.7830853563038371,0.7830853563038371,0,0,0.7830853563038371,2.3492560689115116,2.3492560689115116,0,0.7830853563038371,0,0.7830853563038371,0.7830853563038371,6.264682850430697,1.5661707126076743,1.5661707126076743,0.7830853563038371,0,0,0.7830853563038371,0,0,0.7830853563038371,0,7.830853563038372,0,5.481597494126859,0,0.7830853563038371,0,0,1.5661707126076743,0,0,0.7830853563038371,0,0,0,0,0,0,0,0,0,0,0,0.7830853563038371,0,0,0,3.915426781519186,0.7830853563038371,0,0,5.481597494126859,4.698512137823023,0.7830853563038371,0,0,0,0,0,0,0.7830853563038371,0,0,0,0.7830853563038371,7.047768206734534,0,3.1323414252153485,0,0,0,0.7830853563038371,5.481597494126859,0.7830853563038371,0,0,2.3492560689115116,0.7830853563038371,0,0.7830853563038371,1.5661707126076743,0.7830853563038371,0,0,0,0,0.7830853563038371,1.5661707126076743,0.7830853563038371,0,0.7830853563038371,0.7830853563038371,0.7830853563038371,4.698512137823023,0,0,2.3492560689115116,0.7830853563038371,0.7830853563038371,0,0,0,0,0,1.5661707126076743,0,1.5661707126076743,1.5661707126076743,0,0,0,0,0.7830853563038371,0.7830853563038371,0,1.5661707126076743,1.5661707126076743,0,0,0.7830853563038371,0.7830853563038371,0,2.3492560689115116,0.7830853563038371,0,0.7830853563038371,0,0,0,0,0,0,0.7830853563038371,0,0.7830853563038371,0.7830853563038371,0,0,0,0,0.7830853563038371,0,0.7830853563038371,0,0.7830853563038371,2.3492560689115116,0,4.698512137823023,0,0,0,12.529365700861394,3.915426781519186,0,0,0,0,2.3492560689115116,0.7830853563038371,0.7830853563038371,0.7830853563038371,2.3492560689115116,0,0,0.7830853563038371,0,0,0,0.7830853563038371,0,0,0.7830853563038371,1.5661707126076743,0,0,0,0,0,0,0.7830853563038371,1.5661707126076743,0,0,0,2.3492560689115116,0,0,0,0.7830853563038371,0,0,0,0,0,0,0,0.7830853563038371,0,3.1323414252153485,0.7830853563038371,0,0,0,0,0,krupskaya
krupskaya_samoubiystva_uchashihsya.txt,8.078231292517007,0,0,0,0.42517006802721086,0.42517006802721086,0.8503401360544217,1.2755102040816326,35.2891156462585,2.5510204081632653,4.251700680272109,0.42517006802721086,0.42517006802721086,0.8503401360544217,0,0.8503401360544217,0,2.1258503401360547,1.2755102040816326,0.42517006802721086,5.952380952380952,3.401360544217687,1.7006802721088434,2.976190476190476,4.251700680272109,34.013605442176875,2.5510204081632653,4.251700680272109,8.503401360544219,2.1258503401360547,0.42517006802721086,0.42517006802721086,3.401360544217687,0,11.479591836734695,5.1020408163265305,0,0,17.431972789115644,2.1258503401360547,0.8503401360544217,0.8503401360544217,5.952380952380952,0.8503401360544217,0.8503401360544217,9.353741496598639,0,2.976190476190476,0,0,5.5272108843537415,0,0,2.1258503401360547,0,0,0,1.2755102040816326,0.42517006802721086,0,17.431972789115644,0,2.1258503401360547,1.2755102040816326,0.42517006802721086,1.2755102040816326,0.42517006802721086,2.5510204081632653,0,5.952380952380952,0,2.1258503401360547,0.42517006802721086,1.7006802721088434,6.377551020408164,1.2755102040816326,0.8503401360544217,13.180272108843539,6.377551020408164,5.952380952380952,0.8503401360544217,2.1258503401360547,0,2.1258503401360547,0.42517006802721086,5.5272108843537415,1.7006802721088434,0.42517006802721086,1.2755102040816326,0,0.42517006802721086,0.42517006802721086,0.8503401360544217,0,2.5510204081632653,0,0.42517006802721086,0,0,0,0,0.8503401360544217,0.8503401360544217,0,0.42517006802721086,2.976190476190476,0,0.8503401360544217,4.6768707482993195,3.401360544217687,0.42517006802721086,0,0,3.826530612244898,1.2755102040816326,0.42517006802721086,7.227891156462586,1.2755102040816326,0,0,2.5510204081632653,0,0.8503401360544217,0.42517006802721086,3.401360544217687,2.5510204081632653,1.2755102040816326,0,0.42517006802721086,0.42517006802721086,0.42517006802721086,0.42517006802721086,0.8503401360544217,0,0,0,0,0,0,0.8503401360544217,0.8503401360544217,0,6.802721088435374,0.8503401360544217,0.8503401360544217,0,2.5510204081632653,1.2755102040816326,0.8503401360544217,0.8503401360544217,0,0.42517006802721086,0,0,0,0,0,0,0,0,0.42517006802721086,0.42517006802721086,0,0.42517006802721086,0,0,0,0,0,0.42517006802721086,0,0,0,1.2755102040816326,4.251700680272109,1.2755102040816326,1.2755102040816326,0.8503401360544217,0,0,0,0.42517006802721086,0,0.42517006802721086,0.8503401360544217,0.8503401360544217,5.1020408163265305,0,2.1258503401360547,0.8503401360544217,0.8503401360544217,0.42517006802721086,0,0.8503401360544217,1.2755102040816326,0.42517006802721086,3.401360544217687,0,0.8503401360544217,0,0.42517006802721086,3.401360544217687,1.2755102040816326,0,0.42517006802721086,0.42517006802721086,0.42517006802721086,0.42517006802721086,0.8503401360544217,0,0.42517006802721086,0,0.8503401360544217,0.42517006802721086,0.8503401360544217,0.8503401360544217,0,0.8503401360544217,0,0.42517006802721086,1.2755102040816326,0,0.42517006802721086,0.42517006802721086,0.42517006802721086,1.7006802721088434,0.42517006802721086,0,0.42517006802721086,0.42517006802721086,0,1.7006802721088434,0,0.8503401360544217,0.42517006802721086,0,0,0.42517006802721086,0,0,1.7006802721088434,0,0,0,0.42517006802721086,0,0,1.2755102040816326,1.2755102040816326,0.42517006802721086,0.8503401360544217,0.42517006802721086,0,0.8503401360544217,0,0,0,2.5510204081632653,0.8503401360544217,1.7006802721088434,0,0.8503401360544217,0,0,0,0,0.8503401360544217,4.251700680272109,1.2755102040816326,0,0,0,0.8503401360544217,1.7006802721088434,0,0,0.8503401360544217,0.8503401360544217,0,0.42517006802721086,0,0,0,0.42517006802721086,0,0,0.8503401360544217,0,0,0,0,0.42517006802721086,0.42517006802721086,0.42517006802721086,0,0,0,0,0,0,krupskaya
krupskaya_shkolnie_kolonii.txt,6.443298969072164,0,0,0,1.288659793814433,0,0,1.288659793814433,38.659793814432994,1.288659793814433,2.577319587628866,0,0,1.288659793814433,2.577319587628866,0,0,18.04123711340206,2.577319587628866,0,0,0,2.577319587628866,5.154639175257732,5.154639175257732,45.103092783505154,2.577319587628866,3.865979381443299,3.865979381443299,0,1.288659793814433,1.288659793814433,0,2.577319587628866,10.309278350515465,1.288659793814433,0,0,16.75257731958763,0,0,2.577319587628866,10.309278350515465,0,0,0,2.577319587628866,1.288659793814433,0,0,5.154639175257732,0,0,1.288659793814433,0,0,0,2.577319587628866,0,1.288659793814433,9.02061855670103,0,1.288659793814433,1.288659793814433,0,0,0,0,0,2.577319587628866,0,0,0,2.577319587628866,5.154639175257732,3.865979381443299,1.288659793814433,3.865979381443299,1.288659793814433,2.577319587628866,0,1.288659793814433,0,19.329896907216497,0,0,0,0,0,0,0,0,0,1.288659793814433,0,0,0,0,0,0,0,2.577319587628866,0,1.288659793814433,1.288659793814433,0,0,1.288659793814433,1.288659793814433,1.288659793814433,5.154639175257732,0,0,0,0,0,0,0,0,0,0,0,1.288659793814433,0,3.865979381443299,1.288659793814433,1.288659793814433,0,0,1.288659793814433,0,0,0,0,0,0,2.577319587628866,0,0,0,1.288659793814433,0,3.865979381443299,2.577319587628866,1.288659793814433,1.288659793814433,1.288659793814433,3.865979381443299,0,0,0,1.288659793814433,0,0,0,0,0,0,0,0,2.577319587628866,0,0,1.288659793814433,0,0,0,0,0,0,0,0,0,0,0,5.154639175257732,0,0,0,0,0,2.577319587628866,0,0,2.577319587628866,0,2.577319587628866,0,0,0,0,0,0,1.288659793814433,1.288659793814433,0,3.865979381443299,0,0,0,0,0,0,0,0,1.288659793814433,0,0,2.577319587628866,0,0,0,0,2.577319587628866,0,3.865979381443299,0,0,0,1.288659793814433,3.865979381443299,1.288659793814433,0,1.288659793814433,0,0,0,1.288659793814433,1.288659793814433,1.288659793814433,0,0,0,2.577319587628866,0,1.288659793814433,0,0,0,0,1.288659793814433,0,0,0,0,0,0,0,0,1.288659793814433,0,2.577319587628866,0,0,0,1.288659793814433,0,3.865979381443299,5.154639175257732,0,0,0,0,0,0,0,0,1.288659793814433,2.577319587628866,0,1.288659793814433,0,0,0,0,0,2.577319587628866,2.577319587628866,0,0,3.865979381443299,0,0,0,0,0,0,0,0,0,0,5.154639175257732,0,1.288659793814433,0,0,0,0,0,0,krupskaya
krupskaya_sovmestnoe_obuchenie.txt,6.213211249182472,0.6540222367560498,0.9810333551340745,0,0,0.3270111183780249,0.6540222367560498,0.6540222367560498,30.41203400915631,0,2.2890778286461737,0,0,0.6540222367560498,1.3080444735120995,0,0,2.2890778286461737,0.3270111183780249,0.6540222367560498,4.578155657292347,0.9810333551340745,2.2890778286461737,2.2890778286461737,1.962066710268149,36.298234139960755,2.616088947024199,2.943100065402224,7.521255722694572,2.2890778286461737,0.9810333551340745,0.3270111183780249,5.886200130804448,1.6350555918901242,15.696533682145192,5.5591890124264225,0,0,15.696533682145192,0.9810333551340745,0.9810333551340745,1.3080444735120995,5.5591890124264225,0,0.3270111183780249,6.213211249182472,0.6540222367560498,3.2701111837802483,0,0.3270111183780249,2.2890778286461737,0,0,0.9810333551340745,0.6540222367560498,0,0,3.924133420536298,0.3270111183780249,0,9.810333551340745,0,0.3270111183780249,0.9810333551340745,0,0,0.9810333551340745,1.962066710268149,0,4.578155657292347,0.9810333551340745,1.3080444735120995,0,2.616088947024199,1.6350555918901242,2.943100065402224,2.2890778286461737,14.061478090255068,3.5971223021582737,2.943100065402224,1.3080444735120995,1.6350555918901242,0.3270111183780249,3.2701111837802483,0.6540222367560498,3.924133420536298,1.6350555918901242,0.9810333551340745,6.213211249182472,2.616088947024199,0,0.6540222367560498,1.6350555918901242,0.3270111183780249,5.232177894048398,0,0.3270111183780249,0,0,0,0,0.9810333551340745,0,0.3270111183780249,0,1.6350555918901242,0.3270111183780249,0.9810333551340745,1.962066710268149,1.6350555918901242,0.6540222367560498,1.962066710268149,0.6540222367560498,4.905166775670373,0.6540222367560498,1.3080444735120995,7.848266841072596,0.9810333551340745,0.3270111183780249,0,1.3080444735120995,1.3080444735120995,0,0,1.3080444735120995,0.3270111183780249,4.578155657292347,1.962066710268149,0.3270111183780249,0.6540222367560498,0,0.9810333551340745,0.6540222367560498,0,0.3270111183780249,0.6540222367560498,0,0,0,0,1.3080444735120995,1.3080444735120995,8.502289077828646,1.3080444735120995,0.9810333551340745,0,1.962066710268149,2.943100065402224,0,0.3270111183780249,1.6350555918901242,0.3270111183780249,0,0,0,0,0.3270111183780249,0,0,1.3080444735120995,0,0,0,0.6540222367560498,0,0,0,0,0,0.6540222367560498,0,0.6540222367560498,0.6540222367560498,0.9810333551340745,0.9810333551340745,0.3270111183780249,0.6540222367560498,0,0.6540222367560498,0.9810333551340745,0,0,0,0.6540222367560498,0.6540222367560498,1.3080444735120995,5.232177894048398,0.9810333551340745,0.9810333551340745,0.6540222367560498,0.3270111183780249,0,0,3.5971223021582737,2.616088947024199,1.6350555918901242,2.616088947024199,0,1.6350555918901242,1.3080444735120995,0,2.616088947024199,0,0,1.3080444735120995,2.616088947024199,0.6540222367560498,0.3270111183780249,0.9810333551340745,0.3270111183780249,1.6350555918901242,0.3270111183780249,0.6540222367560498,0.6540222367560498,0.9810333551340745,5.232177894048398,0,0.3270111183780249,0,0.3270111183780249,1.3080444735120995,2.616088947024199,0,1.3080444735120995,0,0,0.3270111183780249,0.3270111183780249,0.6540222367560498,0,0.6540222367560498,0.6540222367560498,0.3270111183780249,1.6350555918901242,0.3270111183780249,0,0.6540222367560498,1.3080444735120995,0.3270111183780249,0.9810333551340745,1.962066710268149,1.3080444735120995,0,1.6350555918901242,0,0.9810333551340745,0,0,0.9810333551340745,0.9810333551340745,0.3270111183780249,1.6350555918901242,0,0.9810333551340745,0,0.3270111183780249,0.9810333551340745,0.3270111183780249,0.9810333551340745,0.6540222367560498,0.6540222367560498,1.962066710268149,0.6540222367560498,0,0,0,1.6350555918901242,0,0.6540222367560498,0,0,0.6540222367560498,0.3270111183780249,0.9810333551340745,0,0,0,0,0.3270111183780249,1.6350555918901242,0,0,0,0.9810333551340745,0,0,0,0.6540222367560498,0,0.9810333551340745,0,0,2.616088947024199,0,0,0,0,0,0,0,krupskaya
krupskaya_zhenshina_rabotnitsa.txt,5.5574458432573435,1.9280934558239764,1.8146761937166835,0.3402517863218782,0.9073380968583418,0.4536690484291709,3.1756833390041965,1.5878416695020983,35.38618577747533,2.2683452421458545,5.444028581150051,0,0.22683452421458544,2.7220142905750255,0.6805035726437564,0.3402517863218782,0,3.629352387433367,1.4744244073948054,0.7939208347510491,2.3817625042531474,1.1341726210729273,2.948848814789611,4.9903595327208805,7.031870250652149,36.97402744697742,2.3817625042531474,3.969604173755245,8.733129182261541,1.8146761937166835,1.3610071452875128,0.4536690484291709,3.856186911647953,1.9280934558239764,19.50776908245435,1.1341726210729273,0.5670863105364636,0.22683452421458544,20.75535896563457,0.5670863105364636,0.3402517863218782,2.2683452421458545,4.536690484291709,0.6805035726437564,0.22683452421458544,2.2683452421458545,0.3402517863218782,4.9903595327208805,0.22683452421458544,0.11341726210729272,3.856186911647953,0,0.3402517863218782,1.5878416695020983,0.6805035726437564,0.11341726210729272,0.22683452421458544,2.3817625042531474,1.9280934558239764,3.1756833390041965,9.640467279119882,0.3402517863218782,0.7939208347510491,2.041510717931269,0.3402517863218782,0.22683452421458544,0.22683452421458544,1.1341726210729273,0,3.969604173755245,0.7939208347510491,1.0207553589656344,1.1341726210729273,2.6085970284677327,3.856186911647953,3.062266076896904,1.1341726210729273,15.651582170806398,5.5574458432573435,3.74276964954066,0.5670863105364636,1.1341726210729273,0.4536690484291709,3.74276964954066,0.11341726210729272,1.701258931609391,2.041510717931269,0,0,0,0.3402517863218782,0.6805035726437564,0.5670863105364636,0.3402517863218782,0.9073380968583418,0.11341726210729272,0.9073380968583418,0.3402517863218782,0.11341726210729272,0,0,1.0207553589656344,0.22683452421458544,0.9073380968583418,0.11341726210729272,4.876942270613587,1.0207553589656344,2.154927980038562,0,0.7939208347510491,0,0.11341726210729272,0,2.041510717931269,2.4951797663604403,0.7939208347510491,4.083021435862538,0.9073380968583418,1.0207553589656344,0.22683452421458544,0.7939208347510491,0.5670863105364636,0.6805035726437564,0.9073380968583418,1.8146761937166835,0.3402517863218782,1.0207553589656344,0.5670863105364636,0.3402517863218782,0.7939208347510491,0.11341726210729272,0,0.5670863105364636,0.11341726210729272,0,0,0.4536690484291709,0,0.11341726210729272,3.1756833390041965,1.701258931609391,0.6805035726437564,4.309855960077124,0.7939208347510491,0.3402517863218782,0.3402517863218782,8.392877395939662,5.784280367471929,0.11341726210729272,0.6805035726437564,1.8146761937166835,0.4536690484291709,0,0,0.4536690484291709,0.22683452421458544,0.3402517863218782,0,0.22683452421458544,0.3402517863218782,1.4744244073948054,4.083021435862538,0.6805035726437564,0.3402517863218782,0,0,0,1.1341726210729273,0.11341726210729272,0,0.3402517863218782,0.6805035726437564,0.9073380968583418,0.4536690484291709,1.3610071452875128,2.154927980038562,0.11341726210729272,0,0.5670863105364636,0,0.11341726210729272,0.11341726210729272,0,0.4536690484291709,0.5670863105364636,1.0207553589656344,4.196438697969831,0.7939208347510491,1.8146761937166835,0.4536690484291709,0.6805035726437564,1.2475898831802201,0.6805035726437564,3.1756833390041965,1.2475898831802201,0.4536690484291709,0.22683452421458544,0,0.4536690484291709,0.11341726210729272,0.4536690484291709,3.402517863218782,0.5670863105364636,0.22683452421458544,1.0207553589656344,2.2683452421458545,2.041510717931269,0.9073380968583418,2.6085970284677327,0.4536690484291709,0,0,0.7939208347510491,0.3402517863218782,1.0207553589656344,1.2475898831802201,0,0.22683452421458544,0,0.3402517863218782,1.3610071452875128,0.6805035726437564,0.3402517863218782,0.4536690484291709,1.9280934558239764,0.7939208347510491,0.11341726210729272,0,1.1341726210729273,0.4536690484291709,0.4536690484291709,0.4536690484291709,0,1.0207553589656344,0.11341726210729272,0.7939208347510491,1.5878416695020983,0,0,0.22683452421458544,1.0207553589656344,0.4536690484291709,0.6805035726437564,0.4536690484291709,0.11341726210729272,0.11341726210729272,0,0.9073380968583418,0.6805035726437564,0.6805035726437564,0.4536690484291709,1.1341726210729273,0.11341726210729272,0.5670863105364636,0,0.3402517863218782,0.3402517863218782,0.5670863105364636,0.4536690484291709,0.3402517863218782,0.11341726210729272,0.4536690484291709,0.22683452421458544,0,0,0,0.11341726210729272,0.11341726210729272,1.0207553589656344,0.4536690484291709,0.3402517863218782,0.4536690484291709,0,0.3402517863218782,0.22683452421458544,0.22683452421458544,0.6805035726437564,0.5670863105364636,0.22683452421458544,0.22683452421458544,0.3402517863218782,0,0,0,0.11341726210729272,0.5670863105364636,0.11341726210729272,0.11341726210729272,0,0,0,1.1341726210729273,0.11341726210729272,0.11341726210729272,0,0.5670863105364636,0.11341726210729272,0,0,0,krupskaya
lenin_183_students_I.txt,2.8188865398167726,0.7047216349541932,1.4094432699083863,0.7047216349541932,0,0.7047216349541932,0,3.5236081747709656,23.25581395348837,0.7047216349541932,4.933051444679352,0.7047216349541932,1.4094432699083863,2.1141649048625792,1.4094432699083863,0.7047216349541932,0,3.5236081747709656,3.5236081747709656,0.7047216349541932,3.5236081747709656,0.7047216349541932,2.8188865398167726,0,4.2283298097251585,45.10218463706836,2.1141649048625792,7.047216349541931,7.047216349541931,0.7047216349541932,1.4094432699083863,0.7047216349541932,3.5236081747709656,0.7047216349541932,14.094432699083862,0,0.7047216349541932,4.2283298097251585,14.094432699083862,0.7047216349541932,0,2.1141649048625792,7.047216349541931,0,1.4094432699083863,2.1141649048625792,4.2283298097251585,5.637773079633545,0,1.4094432699083863,2.1141649048625792,0,0.7047216349541932,0.7047216349541932,0,0.7047216349541932,7.751937984496124,0,0,1.4094432699083863,10.570824524312897,1.4094432699083863,0.7047216349541932,0.7047216349541932,0,2.1141649048625792,0,0.7047216349541932,1.4094432699083863,4.2283298097251585,2.1141649048625792,0.7047216349541932,1.4094432699083863,2.1141649048625792,2.1141649048625792,2.8188865398167726,2.1141649048625792,9.866102889358704,4.2283298097251585,5.637773079633545,1.4094432699083863,1.4094432699083863,0.7047216349541932,4.2283298097251585,0.7047216349541932,2.1141649048625792,3.5236081747709656,0,0,0,0,0.7047216349541932,2.8188865398167726,0.7047216349541932,1.4094432699083863,2.1141649048625792,1.4094432699083863,0,0,0,0,0,0,0.7047216349541932,0.7047216349541932,0.7047216349541932,3.5236081747709656,1.4094432699083863,0.7047216349541932,0,0,0,0,0.7047216349541932,0,0,7.047216349541931,0,0,0.7047216349541932,0.7047216349541932,0.7047216349541932,0.7047216349541932,0,0.7047216349541932,0,0.7047216349541932,0,0,0,0.7047216349541932,0.7047216349541932,2.1141649048625792,0,0,0,2.1141649048625792,0.7047216349541932,0,0,0,0.7047216349541932,0.7047216349541932,0.7047216349541932,2.1141649048625792,1.4094432699083863,1.4094432699083863,4.933051444679352,2.1141649048625792,0,1.4094432699083863,0.7047216349541932,0.7047216349541932,0,0.7047216349541932,0,0,0,0,2.8188865398167726,0,2.1141649048625792,2.1141649048625792,0,0.7047216349541932,0,0,0,0.7047216349541932,0,0,1.4094432699083863,0.7047216349541932,0.7047216349541932,0,2.1141649048625792,0,0,0.7047216349541932,0,0,2.1141649048625792,0.7047216349541932,0,0,1.4094432699083863,1.4094432699083863,0.7047216349541932,0.7047216349541932,0.7047216349541932,1.4094432699083863,0,0,2.1141649048625792,0.7047216349541932,0.7047216349541932,0,0,1.4094432699083863,0.7047216349541932,0.7047216349541932,1.4094432699083863,1.4094432699083863,0,1.4094432699083863,1.4094432699083863,0,1.4094432699083863,0,0,0,0,0.7047216349541932,1.4094432699083863,0,2.1141649048625792,0,0.7047216349541932,0,0,0.7047216349541932,0,0,0.7047216349541932,0.7047216349541932,0.7047216349541932,0.7047216349541932,0.7047216349541932,0,0,2.1141649048625792,0,0,0.7047216349541932,0.7047216349541932,0,1.4094432699083863,0,0,2.8188865398167726,0.7047216349541932,0,1.4094432699083863,0.7047216349541932,0,0,0,0.7047216349541932,0,0,0,0,0.7047216349541932,0,0,0,0.7047216349541932,0,0,2.1141649048625792,0,0,0.7047216349541932,0,0,0,0,1.4094432699083863,0,0,0,0,0,0,0,0.7047216349541932,0,0,0.7047216349541932,0.7047216349541932,0.7047216349541932,0,0.7047216349541932,0,0,0.7047216349541932,0,0.7047216349541932,0,0,0,0.7047216349541932,0,0,0,0,0,0,0,0,lenin
lenin_1st_of_may.txt,10.080645161290322,0,0,1.0080645161290323,9.072580645161292,1.0080645161290323,0,1.0080645161290323,24.193548387096772,0,11.088709677419356,1.0080645161290323,4.032258064516129,5.040322580645161,0,0,0,4.032258064516129,2.0161290322580645,0,7.056451612903226,0,0,1.0080645161290323,15.120967741935484,52.41935483870968,3.0241935483870965,5.040322580645161,2.0161290322580645,5.040322580645161,2.0161290322580645,0,1.0080645161290323,0,16.129032258064516,1.0080645161290323,4.032258064516129,1.0080645161290323,7.056451612903226,0,0,2.0161290322580645,4.032258064516129,0,0,1.0080645161290323,0,8.064516129032258,1.0080645161290323,0,3.0241935483870965,1.0080645161290323,0,1.0080645161290323,0,3.0241935483870965,7.056451612903226,1.0080645161290323,1.0080645161290323,6.048387096774193,2.0161290322580645,3.0241935483870965,1.0080645161290323,0,5.040322580645161,1.0080645161290323,0,0,2.0161290322580645,0,1.0080645161290323,2.0161290322580645,1.0080645161290323,2.0161290322580645,5.040322580645161,3.0241935483870965,1.0080645161290323,4.032258064516129,3.0241935483870965,2.0161290322580645,2.0161290322580645,8.064516129032258,1.0080645161290323,2.0161290322580645,0,3.0241935483870965,0,0,0,0,0,0,2.0161290322580645,4.032258064516129,0,1.0080645161290323,0,0,0,0,1.0080645161290323,0,1.0080645161290323,1.0080645161290323,1.0080645161290323,1.0080645161290323,0,2.0161290322580645,4.032258064516129,4.032258064516129,0,0,0,0,0,0,16.129032258064516,2.0161290322580645,0,0,0,0,2.0161290322580645,0,0,0,0,1.0080645161290323,0,0,0,0,1.0080645161290323,0,2.0161290322580645,0,0,0,0,0,0,0,0,0,1.0080645161290323,1.0080645161290323,1.0080645161290323,12.096774193548386,0,0,0,2.0161290322580645,0,1.0080645161290323,0,0,1.0080645161290323,4.032258064516129,3.0241935483870965,4.032258064516129,0,9.072580645161292,3.0241935483870965,0,0,0,0,6.048387096774193,0,0,1.0080645161290323,2.0161290322580645,1.0080645161290323,1.0080645161290323,1.0080645161290323,1.0080645161290323,2.0161290322580645,0,0,0,0,2.0161290322580645,0,0,0,2.0161290322580645,0,0,0,0,0,4.032258064516129,0,0,1.0080645161290323,0,0,0,3.0241935483870965,0,0,0,0,0,1.0080645161290323,0,2.0161290322580645,0,2.0161290322580645,0,0,0,0,0,0,0,2.0161290322580645,0,1.0080645161290323,0,1.0080645161290323,0,0,0,0,0,0,0,1.0080645161290323,1.0080645161290323,1.0080645161290323,0,0,0,1.0080645161290323,0,0,0,0,0,0,2.0161290322580645,0,0,0,0,0,2.0161290322580645,0,0,0,0,1.0080645161290323,0,0,0,0,0,0,1.0080645161290323,0,0,0,0,0,0,0,0,0,1.0080645161290323,0,1.0080645161290323,0,0,0,0,0,0,1.0080645161290323,0,0,1.0080645161290323,1.0080645161290323,0,1.0080645161290323,0,0,0,0,0,0,0,0,0,0,1.0080645161290323,0,0,0,0,lenin
lenin_anarhizm_i_socializm.txt,6.738544474393532,0,1.3477088948787064,0,0,2.6954177897574128,1.3477088948787064,1.3477088948787064,26.954177897574127,0,2.6954177897574128,1.3477088948787064,0,1.3477088948787064,2.6954177897574128,1.3477088948787064,1.3477088948787064,5.3908355795148255,1.3477088948787064,1.3477088948787064,4.0431266846361185,0,4.0431266846361185,2.6954177897574128,8.086253369272237,36.38814016172507,4.0431266846361185,10.781671159029651,5.3908355795148255,0,0,0,1.3477088948787064,5.3908355795148255,9.433962264150942,0,0,0,16.172506738544474,0,1.3477088948787064,0,1.3477088948787064,0,0,0,1.3477088948787064,1.3477088948787064,4.0431266846361185,0,2.6954177897574128,1.3477088948787064,0,0,2.6954177897574128,0,1.3477088948787064,0,0,17.52021563342318,6.738544474393532,0,2.6954177897574128,1.3477088948787064,0,2.6954177897574128,0,0,1.3477088948787064,1.3477088948787064,0,2.6954177897574128,0,0,1.3477088948787064,0,2.6954177897574128,1.3477088948787064,1.3477088948787064,4.0431266846361185,1.3477088948787064,1.3477088948787064,5.3908355795148255,5.3908355795148255,1.3477088948787064,1.3477088948787064,1.3477088948787064,2.6954177897574128,1.3477088948787064,0,0,0,1.3477088948787064,1.3477088948787064,0,0,0,0,0,0,0,0,0,0,0,0,1.3477088948787064,1.3477088948787064,0,0,0,2.6954177897574128,2.6954177897574128,12.129380053908356,0,0,5.3908355795148255,0,1.3477088948787064,0,4.0431266846361185,1.3477088948787064,1.3477088948787064,0,2.6954177897574128,0,2.6954177897574128,1.3477088948787064,0,0,0,0,2.6954177897574128,2.6954177897574128,1.3477088948787064,0,0,0,2.6954177897574128,1.3477088948787064,0,0,5.3908355795148255,0,0,0,0,5.3908355795148255,4.0431266846361185,1.3477088948787064,0,0,0,2.6954177897574128,2.6954177897574128,1.3477088948787064,0,0,5.3908355795148255,1.3477088948787064,1.3477088948787064,0,1.3477088948787064,1.3477088948787064,6.738544474393532,2.6954177897574128,1.3477088948787064,4.0431266846361185,0,0,0,0,0,0,0,0,1.3477088948787064,1.3477088948787064,0,0,0,1.3477088948787064,0,0,0,0,1.3477088948787064,1.3477088948787064,1.3477088948787064,0,0,1.3477088948787064,0,4.0431266846361185,1.3477088948787064,0,0,0,0,2.6954177897574128,1.3477088948787064,1.3477088948787064,0,0,0,0,0,1.3477088948787064,0,0,1.3477088948787064,0,0,0,0,2.6954177897574128,1.3477088948787064,0,0,0,0,1.3477088948787064,0,0,0,0,0,0,1.3477088948787064,0,1.3477088948787064,0,1.3477088948787064,0,0,0,0,1.3477088948787064,0,1.3477088948787064,5.3908355795148255,1.3477088948787064,0,4.0431266846361185,0,0,0,0,0,0,0,1.3477088948787064,0,1.3477088948787064,2.6954177897574128,1.3477088948787064,1.3477088948787064,0,0,1.3477088948787064,0,0,0,0,0,0,1.3477088948787064,0,0,0,0,0,0,0,0,0,0,0,1.3477088948787064,0,0,0,0,0,0,0,1.3477088948787064,0,0,0,0,0,0,0,0,0,1.3477088948787064,1.3477088948787064,0,0,lenin
lenin_chego_dobivaemsya.txt,3.8576939562794683,1.2858979854264896,0.8572653236176596,2.571795970852979,0.8572653236176596,0.8572653236176596,0.4286326618088298,2.571795970852979,22.288898414059155,0.4286326618088298,5.572224603514789,3.0004286326618086,1.2858979854264896,3.0004286326618086,0.4286326618088298,1.2858979854264896,0.4286326618088298,4.286326618088299,1.2858979854264896,0.4286326618088298,3.8576939562794683,0,3.0004286326618086,0,3.4290612944706385,51.00728675525075,4.714959279897128,1.7145306472353192,5.572224603514789,0.4286326618088298,4.714959279897128,0.8572653236176596,0.4286326618088298,15.002143163309045,10.287183883411917,0.4286326618088298,0,0,15.002143163309045,0.8572653236176596,1.2858979854264896,2.1431633090441493,2.1431633090441493,0.8572653236176596,0,0.4286326618088298,0,2.571795970852979,18.002571795970855,0.4286326618088298,3.0004286326618086,0,1.7145306472353192,0,0,0,0,0.8572653236176596,1.7145306472353192,0.8572653236176596,6.4294899271324475,0,0.8572653236176596,0.8572653236176596,1.2858979854264896,0.4286326618088298,0.4286326618088298,0.4286326618088298,3.0004286326618086,2.1431633090441493,1.7145306472353192,0.4286326618088298,2.1431633090441493,0.4286326618088298,4.714959279897128,5.572224603514789,3.4290612944706385,9.858551221603086,3.0004286326618086,1.7145306472353192,1.2858979854264896,1.2858979854264896,6.000857265323617,5.572224603514789,0,1.2858979854264896,3.4290612944706385,0.8572653236176596,0.4286326618088298,0,0,0.4286326618088298,0.8572653236176596,0.4286326618088298,0,0,0,0,2.1431633090441493,0.8572653236176596,0,0,0.8572653236176596,0.4286326618088298,0,3.4290612944706385,1.2858979854264896,1.2858979854264896,0,0,0.4286326618088298,0,0.4286326618088298,1.2858979854264896,0.8572653236176596,0,6.000857265323617,0,0,0,0,0.8572653236176596,3.0004286326618086,0,5.143591941705958,0,1.7145306472353192,0.4286326618088298,0,1.7145306472353192,0.4286326618088298,0,1.7145306472353192,0.8572653236176596,0.4286326618088298,0,4.286326618088299,2.571795970852979,5.572224603514789,3.0004286326618086,0.8572653236176596,0,5.143591941705958,0.8572653236176596,0,0.8572653236176596,0,1.2858979854264896,2.571795970852979,0,0,3.0004286326618086,0,0,0.4286326618088298,0,0.8572653236176596,0,0.4286326618088298,6.000857265323617,1.7145306472353192,0,0.4286326618088298,0.4286326618088298,0,0.4286326618088298,0.8572653236176596,1.2858979854264896,0,0.4286326618088298,0,0,1.7145306472353192,0.4286326618088298,0.4286326618088298,3.0004286326618086,1.2858979854264896,0.4286326618088298,0,0,0.4286326618088298,0.4286326618088298,1.2858979854264896,0,0.8572653236176596,0.4286326618088298,5.143591941705958,0,0.4286326618088298,0,2.1431633090441493,0,0,1.2858979854264896,0.8572653236176596,0.8572653236176596,0.4286326618088298,0,2.571795970852979,1.7145306472353192,0.8572653236176596,0,1.7145306472353192,0,0.8572653236176596,0,0,1.2858979854264896,0,0,0.8572653236176596,0.4286326618088298,0.4286326618088298,0.4286326618088298,0.4286326618088298,2.1431633090441493,0,0,0.8572653236176596,0,0,0.4286326618088298,0.4286326618088298,0,0.8572653236176596,0,0,0.4286326618088298,0,0,0.4286326618088298,0.4286326618088298,0,0.8572653236176596,0,0.4286326618088298,2.1431633090441493,0,0,1.2858979854264896,1.7145306472353192,0.8572653236176596,0.4286326618088298,0,0,0.4286326618088298,3.8576939562794683,1.2858979854264896,0.8572653236176596,0,0,0.8572653236176596,0,0.4286326618088298,2.571795970852979,0,0,0,0.4286326618088298,0,0.4286326618088298,0,0,7.715387912558937,1.2858979854264896,0.8572653236176596,0,0,0,0.4286326618088298,0,0.8572653236176596,0,0.4286326618088298,0,0,0,0,0,0.8572653236176596,0.4286326618088298,0,0.4286326618088298,0,0,0,0,0,0,0,0,0,0,0.8572653236176596,0.4286326618088298,0,0,0,0.4286326618088298,1.7145306472353192,lenin
lenin_china_war_I.txt,4.707464694014795,0.6724949562878278,0,0,0,0,0,1.3449899125756557,24.88231338264963,0.6724949562878278,2.017484868863484,0,0.6724949562878278,1.3449899125756557,1.3449899125756557,1.3449899125756557,0,2.6899798251513114,2.017484868863484,0,3.3624747814391394,0,0.6724949562878278,3.3624747814391394,4.034969737726968,39.004707464694015,5.379959650302623,2.017484868863484,7.397444519166107,1.3449899125756557,5.379959650302623,0,0,0.6724949562878278,15.46738399462004,1.3449899125756557,4.707464694014795,4.034969737726968,19.502353732347007,2.017484868863484,0,0.6724949562878278,5.379959650302623,0,1.3449899125756557,0,6.724949562878279,8.069939475453936,0,3.3624747814391394,4.707464694014795,0,0,0.6724949562878278,0.6724949562878278,6.724949562878279,9.41492938802959,0,0,4.034969737726968,12.1049092131809,0,0,0.6724949562878278,0,0.6724949562878278,0,0,0,4.034969737726968,0,0,4.707464694014795,0.6724949562878278,7.397444519166107,2.6899798251513114,4.707464694014795,8.069939475453936,2.6899798251513114,2.6899798251513114,1.3449899125756557,3.3624747814391394,0,1.3449899125756557,0,0,2.017484868863484,0,0,0,0,0.6724949562878278,1.3449899125756557,0.6724949562878278,1.3449899125756557,0.6724949562878278,0,0,0,0,0,0,0,0.6724949562878278,0,0.6724949562878278,2.017484868863484,4.034969737726968,0,0,0,0.6724949562878278,0,2.6899798251513114,0.6724949562878278,0,8.069939475453936,0,0,0,0,1.3449899125756557,0.6724949562878278,0.6724949562878278,0,0.6724949562878278,0,0.6724949562878278,0.6724949562878278,1.3449899125756557,0,0,2.6899798251513114,0,0,0,0,0,0,0,0.6724949562878278,0.6724949562878278,6.05245460659045,0,0,0.6724949562878278,2.6899798251513114,5.379959650302623,0,0,0.6724949562878278,0.6724949562878278,0,0,0.6724949562878278,0,0.6724949562878278,0,0,3.3624747814391394,1.3449899125756557,0,2.017484868863484,0,0,0,0,1.3449899125756557,0.6724949562878278,0,0,0.6724949562878278,0,0.6724949562878278,0.6724949562878278,1.3449899125756557,0,1.3449899125756557,0,0,0,0.6724949562878278,0,0,0.6724949562878278,0,1.3449899125756557,0,1.3449899125756557,0.6724949562878278,0,0,0,1.3449899125756557,2.6899798251513114,1.3449899125756557,2.017484868863484,0,1.3449899125756557,2.017484868863484,0.6724949562878278,0,0,0,1.3449899125756557,0,1.3449899125756557,0,0,0.6724949562878278,0,0.6724949562878278,3.3624747814391394,2.6899798251513114,0,2.6899798251513114,0,0.6724949562878278,0,0.6724949562878278,1.3449899125756557,0,0,0.6724949562878278,0,0,0,0,0.6724949562878278,0.6724949562878278,0,0.6724949562878278,0,1.3449899125756557,0,0.6724949562878278,1.3449899125756557,0,0,0.6724949562878278,0.6724949562878278,0,0,0,0.6724949562878278,0,0,0.6724949562878278,0.6724949562878278,0,0,0.6724949562878278,0,0,0,0,1.3449899125756557,0,0,0,0,0,0,0,0,0,1.3449899125756557,0,0,0,0,0,0,0,0.6724949562878278,0,0,0,0.6724949562878278,0.6724949562878278,0,0.6724949562878278,0,0,0,0,0.6724949562878278,0,0,0,0,0,0,0,0,0.6724949562878278,0,0,3.3624747814391394,0,lenin
lenin_chto_delat'.txt,6.7878305474484835,1.1276200583709206,0.5969753250198991,1.3266118333775536,1.3929424250464313,1.2602812417086762,0.5527549305739807,1.7467055806137792,25.979481736977093,1.1055098611479615,3.6481825417882727,0.6633059166887768,0.9065180861413283,2.5426726806403113,1.4150526222693907,1.4150526222693907,0.6411957194658177,4.731582205713275,2.122578933404086,0.7517467055806137,2.7637746528699036,0.4422039444591846,2.7416644556469443,3.9135049084637834,3.7587335279030687,45.34801450428938,3.8471743167949057,2.2773503139648006,6.6772795613336875,1.5919342000530645,2.056248341735208,1.1276200583709206,2.1667993278500046,7.318475280799505,11.43097196426992,0.9507384805872469,0.08844078889183692,0.17688157778367383,18.705226850623507,0.4643141416821438,0.5527549305739807,0.9949588750331653,5.218006544618378,0.48642433890510306,0.48642433890510306,2.1667993278500046,0.9728486778102061,3.183868400106129,1.14973025559388,0.7296365083576546,4.930573980719908,0.48642433890510306,0.37587335279030687,1.2160608472627574,0.7296365083576546,0.3095427611214292,0.28743256389847,1.6140443972760237,1.061289466702043,3.3386397806668437,11.010878217033696,0.3095427611214292,0.4422039444591846,0.6190855222428584,0.48642433890510306,0.9728486778102061,0.28743256389847,1.1939506500397983,6.257185814097461,2.609003272309189,0.6633059166887768,1.6582647917219422,1.4592730167153092,2.410011497302556,5.925532855753073,2.5205624834173523,2.3879013000795966,13.288228530998497,2.9185460334306184,6.6772795613336875,1.6582647917219422,2.056248341735208,2.5868930750862296,5.372777925179093,0.5306447333510215,2.1889095250729635,2.1889095250729635,1.0170690722561244,1.0833996639250023,0.3095427611214292,0.2211019722295923,0.7517467055806137,1.1276200583709206,0.26532236667551073,0.5306447333510215,0.6411957194658177,0.5527549305739807,1.5919342000530645,2.4542318917484742,1.7688157778367384,0.42009374723622533,0.6411957194658177,0.37587335279030687,1.2602812417086762,0.5969753250198991,1.3708322278234721,1.7245953833908199,2.211019722295923,0.8844078889183692,0.08844078889183692,0.42009374723622533,0.5085345361280622,1.5256036083841866,2.9406562306535773,0.6411957194658177,0.42009374723622533,6.323516405766339,0.42009374723622533,0.7075263111346953,0.5085345361280622,0.4643141416821438,0.7075263111346953,1.061289466702043,0.35376315556734766,0.4422039444591846,0.9507384805872469,1.1276200583709206,0.5306447333510215,0.5085345361280622,1.2160608472627574,1.0391792694790838,0.5085345361280622,0.6633059166887768,0.3316529583443884,1.547713805607146,0.42009374723622533,2.432121694525515,0.773856902803573,0.8401874944724507,1.8130361722826567,0.7075263111346953,0.48642433890510306,6.411957194658176,1.43716281949235,0.2211019722295923,0.9728486778102061,0.9728486778102061,2.100468736181127,2.8743256389847,0.5527549305739807,1.2160608472627574,0.6854161139117361,0.8401874944724507,0.6411957194658177,2.01202794728929,0.6633059166887768,0.1547713805607146,0.19899177500663306,0.6411957194658177,1.1939506500397983,1.636154594498983,0.8844078889183692,0.5306447333510215,1.1276200583709206,0.26532236667551073,0.5306447333510215,1.0833996639250023,1.1276200583709206,0.7075263111346953,0.7959671000265323,0.35376315556734766,1.3045016361545945,0.6190855222428584,0.3316529583443884,1.5698240028301054,1.2823914389316353,0.7075263111346953,0.5969753250198991,0.5306447333510215,0.5085345361280622,0.2211019722295923,1.1718404528168391,0.1547713805607146,0.6190855222428584,0.6190855222428584,1.348722030600513,4.5768108251525605,0.8844078889183692,1.835146369505616,0.57486512779694,0.7075263111346953,0.39798355001326613,0.24321216945255153,2.056248341735208,1.636154594498983,0.8622976916954099,1.3045016361545945,0.3095427611214292,1.061289466702043,0.7296365083576546,0.35376315556734766,0.9286282833642876,0.8622976916954099,0.02211019722295923,0.6633059166887768,0.42009374723622533,1.1055098611479615,1.1718404528168391,2.211019722295923,0.7075263111346953,0.5527549305739807,2.5647828778632706,0.57486512779694,0.42009374723622533,0.3095427611214292,1.6803749889449013,1.1055098611479615,0.5527549305739807,0.35376315556734766,0.2211019722295923,0.5306447333510215,0.7959671000265323,0.4422039444591846,0.8401874944724507,0.2211019722295923,0.3095427611214292,0.5306447333510215,0.7296365083576546,0.4643141416821438,0.24321216945255153,0.26532236667551073,0.26532236667551073,0.42009374723622533,1.6582647917219422,0.4643141416821438,0.5969753250198991,1.0170690722561244,0.35376315556734766,0.6633059166887768,0.9065180861413283,2.100468736181127,0.5969753250198991,0.7517467055806137,0.5306447333510215,0.7959671000265323,0.3095427611214292,1.0833996639250023,0.7075263111346953,0.5306447333510215,0.8180772972494915,0.26532236667551073,0.4422039444591846,0.8180772972494915,0.4643141416821438,0.35376315556734766,0.42009374723622533,0.4422039444591846,0.5527549305739807,0.8401874944724507,0.7959671000265323,0.37587335279030687,0.3095427611214292,0.24321216945255153,0.37587335279030687,0.04422039444591846,0,0.4422039444591846,0.35376315556734766,0.8180772972494915,0.11055098611479615,0.28743256389847,0.5527549305739807,0.26532236667551073,0.6633059166887768,0.02211019722295923,0.08844078889183692,0.42009374723622533,0.7517467055806137,0.2211019722295923,0.3095427611214292,1.061289466702043,0.5527549305739807,0.5306447333510215,0.5085345361280622,0.06633059166887768,0.2211019722295923,0.17688157778367383,0.08844078889183692,0.17688157778367383,0.35376315556734766,1.0833996639250023,0.28743256389847,1.0833996639250023,0.7075263111346953,0,0,0.1547713805607146,0,0.17688157778367383,0.04422039444591846,lenin
lenin_era_reform_I.txt,6.9617105917454,2.9835902536051715,1.4917951268025857,0.49726504226752855,1.4917951268025857,0.49726504226752855,4.475385380407758,1.4917951268025857,23.868722028841372,1.4917951268025857,2.486325211337643,0,0,0.9945300845350571,3.4808552958727,0,0.49726504226752855,7.458975634012929,0.9945300845350571,0.49726504226752855,1.9890601690701142,0.9945300845350571,0.49726504226752855,1.4917951268025857,2.486325211337643,41.27299850820487,4.972650422675286,6.464445549477872,6.464445549477872,2.9835902536051715,3.4808552958727,0.49726504226752855,5.469915464942815,2.9835902536051715,14.917951268025858,0.49726504226752855,0,0.9945300845350571,17.4042764793635,0,0,1.4917951268025857,2.9835902536051715,0.49726504226752855,0,0.49726504226752855,0.9945300845350571,5.967180507210343,0.49726504226752855,1.4917951268025857,7.956240676280457,0.49726504226752855,0,0.49726504226752855,0,1.4917951268025857,0.49726504226752855,3.4808552958727,0.9945300845350571,15.415216310293387,5.469915464942815,0.49726504226752855,0,1.4917951268025857,0.9945300845350571,1.9890601690701142,0.49726504226752855,0.9945300845350571,2.486325211337643,1.4917951268025857,0.9945300845350571,0.9945300845350571,1.4917951268025857,0.9945300845350571,8.453505718547987,0.49726504226752855,0.9945300845350571,3.9781203381402284,3.9781203381402284,5.967180507210343,0.9945300845350571,5.469915464942815,0.49726504226752855,3.4808552958727,0,5.469915464942815,2.9835902536051715,1.4917951268025857,0,0,0.49726504226752855,3.4808552958727,0.49726504226752855,0,0,0.49726504226752855,1.4917951268025857,0,0,0.49726504226752855,0,0,0,1.4917951268025857,0,0,0,1.9890601690701142,0.49726504226752855,0,0,0,1.9890601690701142,3.4808552958727,0,0.49726504226752855,7.458975634012929,0.49726504226752855,0,0,0.9945300845350571,0,0,1.9890601690701142,0.49726504226752855,0.49726504226752855,1.9890601690701142,0.9945300845350571,0,0,0,0,0,0,0,0,0,0.49726504226752855,0.49726504226752855,3.4808552958727,0.49726504226752855,0.9945300845350571,6.9617105917454,2.486325211337643,0,0,0.49726504226752855,1.4917951268025857,1.4917951268025857,0.49726504226752855,1.4917951268025857,0,0,0.49726504226752855,1.4917951268025857,0,4.972650422675286,1.4917951268025857,0,1.9890601690701142,2.486325211337643,4.972650422675286,1.9890601690701142,1.4917951268025857,0.49726504226752855,0,0,0.49726504226752855,0,0.49726504226752855,1.9890601690701142,0.9945300845350571,0,0.49726504226752855,0.9945300845350571,0.49726504226752855,0,0.49726504226752855,1.4917951268025857,0,0,0.49726504226752855,0,0.49726504226752855,1.4917951268025857,1.4917951268025857,1.9890601690701142,0,2.486325211337643,0,0,0,0.49726504226752855,2.486325211337643,1.9890601690701142,1.4917951268025857,1.4917951268025857,0.49726504226752855,1.4917951268025857,0,0,3.4808552958727,0,0,0,0,0.49726504226752855,1.4917951268025857,0,0.49726504226752855,0.49726504226752855,1.4917951268025857,0,0.9945300845350571,0.49726504226752855,2.9835902536051715,1.4917951268025857,1.4917951268025857,0,0,0,0.9945300845350571,0.49726504226752855,0,0,0,0.49726504226752855,0.9945300845350571,0,0,0.49726504226752855,0.9945300845350571,0.49726504226752855,1.4917951268025857,0.9945300845350571,1.9890601690701142,0.9945300845350571,0.49726504226752855,0,1.9890601690701142,0.9945300845350571,0.49726504226752855,0.49726504226752855,0,0,1.4917951268025857,0,0,0,0,0,2.9835902536051715,0.49726504226752855,0.9945300845350571,0,0,0.9945300845350571,0,0.9945300845350571,1.9890601690701142,0,0.9945300845350571,0,0,0,0,0,1.4917951268025857,0.49726504226752855,0.9945300845350571,0,0.49726504226752855,0,1.4917951268025857,0,0,0,0.9945300845350571,0.49726504226752855,0.9945300845350571,0,0.49726504226752855,0,0.49726504226752855,0,0,0,0,0,0,0,0,0,0.9945300845350571,0,0,0.9945300845350571,0,0,0,lenin
lenin_k_der_bednote_cdprogramma.txt,9.835752482811307,2.435064935064935,3.389992360580596,0.5729564553093965,1.241405653170359,1.193659281894576,1.6233766233766236,1.5278838808250572,21.82009167303285,0.3819709702062643,7.8304048892284195,2.578304048892284,1.5756302521008403,4.106187929717342,1.9098548510313218,0.3342245989304813,0.09549274255156608,6.58899923605806,1.8621084797555385,0.9549274255156609,1.3368983957219251,1.050420168067227,1.7188693659281895,3.342245989304813,6.684491978609626,46.83919022154316,4.726890756302521,3.77196333078686,5.96829640947288,2.244079449961803,2.7215431627196334,0.3819709702062643,1.9098548510313218,4.297173414820474,12.41405653170359,3.962948815889993,2.6737967914438503,2.6737967914438503,19.050802139037433,0.7161955691367456,0.09549274255156608,2.291825821237586,4.153934300993124,2.148586707410237,0.28647822765469827,1.6233766233766236,0.6207028265851795,6.541252864782276,0.3342245989304813,0.3342245989304813,5.395339954163483,0,0.47746371275783045,1.7666157372039726,1.193659281894576,0.3819709702062643,1.4323911382734913,1.5756302521008403,0.8116883116883118,4.39266615737204,6.207028265851795,0.3342245989304813,1.7188693659281895,1.0026737967914439,0,1.289152024446142,0.14323911382734913,0.5729564553093965,5.920550038197097,2.244079449961803,0.6207028265851795,1.145912910618793,2.7215431627196334,1.3846447669977082,4.39266615737204,7.734912146676853,2.339572192513369,8.78533231474408,5.729564553093965,5.0133689839572195,1.289152024446142,1.241405653170359,1.8143621084797554,1.7666157372039726,0.4297173414820474,2.244079449961803,1.5278838808250572,0.19098548510313215,0.23873185637891522,0.04774637127578304,0.14323911382734913,0.9549274255156609,3.77196333078686,1.193659281894576,0.09549274255156608,0.7639419404125286,0.6684491978609626,0,0,0,0,0.3342245989304813,0.28647822765469827,2.100840336134454,0.28647822765469827,0.9071810542398777,2.6260504201680672,3.0557677616501144,0.5729564553093965,0.5729564553093965,0.3819709702062643,0.04774637127578304,0.04774637127578304,3.389992360580596,1.5756302521008403,0.5252100840336135,2.8647822765469826,0.5252100840336135,0.7161955691367456,0,0.5252100840336135,0.23873185637891522,1.7188693659281895,0.4297173414820474,0.14323911382734913,1.5278838808250572,1.050420168067227,1.8143621084797554,0.4297173414820474,1.4801375095492741,0.04774637127578304,0,0.9071810542398777,0.3819709702062643,1.3846447669977082,0.04774637127578304,1.145912910618793,0.23873185637891522,0.23873185637891522,2.244079449961803,0.23873185637891522,0.23873185637891522,3.0557677616501144,1.050420168067227,0.28647822765469827,0.6684491978609626,0.5252100840336135,3.9152024446142097,0,0.3819709702062643,1.5756302521008403,0.3819709702062643,0,0.04774637127578304,0.47746371275783045,0.3342245989304813,1.050420168067227,0.14323911382734913,0.23873185637891522,2.244079449961803,1.9098548510313218,3.77196333078686,1.8143621084797554,0.47746371275783045,0,0,0,2.7692895339954164,0.14323911382734913,0.23873185637891522,1.3368983957219251,1.09816653934301,1.050420168067227,0.47746371275783045,1.09816653934301,1.289152024446142,0.09549274255156608,0.28647822765469827,0.6207028265851795,0,0.14323911382734913,0.04774637127578304,0.09549274255156608,0.8116883116883118,1.3368983957219251,0.7639419404125286,2.244079449961803,2.244079449961803,1.241405653170359,0.6684491978609626,0.4297173414820474,0.4297173414820474,0.47746371275783045,1.9576012223071049,2.482811306340718,1.050420168067227,0.9549274255156609,0.14323911382734913,0.6684491978609626,0.6684491978609626,0.09549274255156608,2.8647822765469826,1.0026737967914439,0.5252100840336135,2.100840336134454,0.4297173414820474,1.7666157372039726,0.28647822765469827,1.5278838808250572,0.5729564553093965,0,0.09549274255156608,0.09549274255156608,0.6207028265851795,0.9549274255156609,1.050420168067227,0.09549274255156608,0.3342245989304813,0,0.14323911382734913,1.241405653170359,0.09549274255156608,0.14323911382734913,0.04774637127578304,0.28647822765469827,1.050420168067227,0.3342245989304813,0.3342245989304813,0.47746371275783045,0.5729564553093965,0.3819709702062643,0.14323911382734913,0,0.5729564553093965,1.3846447669977082,0.28647822765469827,0.7639419404125286,0,0,0.3819709702062643,1.4323911382734913,0,0.3819709702062643,0.14323911382734913,0.23873185637891522,1.8621084797555385,0.04774637127578304,0.5252100840336135,0.6207028265851795,1.9098548510313218,0.19098548510313215,0.8116883116883118,0,0.6207028265851795,0.6684491978609626,0.8594346829640948,1.3846447669977082,0.23873185637891522,0.4297173414820474,0.3342245989304813,0,0.5252100840336135,0.09549274255156608,0.04774637127578304,0,0,0.09549274255156608,1.0026737967914439,0.7639419404125286,0.9549274255156609,1.09816653934301,0.6207028265851795,0.6207028265851795,0.04774637127578304,0.14323911382734913,5.204354469060352,0.47746371275783045,0.8116883116883118,0.3342245989304813,1.241405653170359,0.14323911382734913,0.04774637127578304,0.09549274255156608,0,1.050420168067227,0.9071810542398777,0.47746371275783045,0.14323911382734913,0.04774637127578304,0,0.04774637127578304,0.3342245989304813,0.14323911382734913,0.09549274255156608,0,3.77196333078686,0,0,0.09549274255156608,0,lenin
lenin_k_partii.txt,2.923976608187134,1.461988304093567,0.4873294346978557,1.949317738791423,0.9746588693957114,2.4366471734892787,0.4873294346978557,0.4873294346978557,25.341130604288498,0.4873294346978557,6.82261208576998,0.4873294346978557,1.461988304093567,1.949317738791423,1.461988304093567,0,0,3.41130604288499,4.385964912280701,1.461988304093567,2.4366471734892787,1.461988304093567,1.461988304093567,2.4366471734892787,3.41130604288499,40.93567251461988,5.847953216374268,3.898635477582846,3.41130604288499,0.4873294346978557,3.898635477582846,0.4873294346978557,4.385964912280701,8.284600389863547,7.797270955165692,0,0,0,16.08187134502924,3.41130604288499,0.9746588693957114,0.9746588693957114,3.41130604288499,0.9746588693957114,0.4873294346978557,4.8732943469785575,4.385964912280701,2.4366471734892787,19.980506822612085,0.9746588693957114,4.8732943469785575,0.4873294346978557,0,1.461988304093567,1.461988304093567,0,0,0.9746588693957114,2.4366471734892787,0.4873294346978557,10.23391812865497,0.4873294346978557,1.949317738791423,2.4366471734892787,1.949317738791423,0.9746588693957114,0,0.9746588693957114,1.949317738791423,0.9746588693957114,1.949317738791423,1.461988304093567,2.923976608187134,0,5.847953216374268,2.923976608187134,2.4366471734892787,2.923976608187134,3.898635477582846,2.4366471734892787,1.461988304093567,6.82261208576998,5.360623781676413,3.898635477582846,0.4873294346978557,0.9746588693957114,1.949317738791423,0.4873294346978557,1.461988304093567,0,0,0.4873294346978557,1.461988304093567,0,0,0,0,0,0.4873294346978557,0.9746588693957114,0,0.4873294346978557,0,0.9746588693957114,0.9746588693957114,3.898635477582846,0,1.949317738791423,4.385964912280701,0.4873294346978557,0.4873294346978557,0,0.4873294346978557,1.949317738791423,0.9746588693957114,0,10.23391812865497,0,0.4873294346978557,0,0.4873294346978557,0.9746588693957114,0.4873294346978557,0,1.461988304093567,0,0.4873294346978557,0.4873294346978557,0.4873294346978557,0.4873294346978557,0,0,0.9746588693957114,0.9746588693957114,0.9746588693957114,0,2.4366471734892787,0,1.461988304093567,0.9746588693957114,0,0,2.4366471734892787,0.4873294346978557,0.4873294346978557,0.9746588693957114,1.949317738791423,1.461988304093567,1.461988304093567,0,0,0.4873294346978557,0,0,0,0,0.4873294346978557,0,0,3.41130604288499,0.9746588693957114,0,0.9746588693957114,0.4873294346978557,0,0.4873294346978557,0,0.4873294346978557,0,0.4873294346978557,0,1.461988304093567,0.9746588693957114,0.4873294346978557,0.4873294346978557,1.461988304093567,3.898635477582846,0.4873294346978557,0,0.9746588693957114,0,2.923976608187134,3.41130604288499,0.4873294346978557,0.9746588693957114,0.4873294346978557,1.949317738791423,0.9746588693957114,0.4873294346978557,0,0,0,0,2.4366471734892787,0,1.461988304093567,1.461988304093567,0.4873294346978557,0,1.461988304093567,0.4873294346978557,0,0.9746588693957114,0,0,2.923976608187134,0.4873294346978557,0,0.4873294346978557,0,1.949317738791423,0,0.4873294346978557,0.4873294346978557,0,0.9746588693957114,0,0,0.4873294346978557,0,0.4873294346978557,0.9746588693957114,0.4873294346978557,0.4873294346978557,1.949317738791423,0.4873294346978557,0,0,0,0.4873294346978557,0.9746588693957114,0,0,0.9746588693957114,0.4873294346978557,0,0,0.9746588693957114,0,0.9746588693957114,0.4873294346978557,0.4873294346978557,0.9746588693957114,0,0.9746588693957114,0,1.461988304093567,0.9746588693957114,0.4873294346978557,0,0,0.4873294346978557,1.461988304093567,0.4873294346978557,2.923976608187134,1.461988304093567,0,0.4873294346978557,0,1.461988304093567,0.4873294346978557,0.4873294346978557,0,2.923976608187134,0,0,0,1.949317738791423,0,0.9746588693957114,0,0,0,0,0,0,0,0,0.4873294346978557,0,0,0,0,0,0,0,0,0.4873294346978557,0,0,0,0.4873294346978557,0,0.4873294346978557,0,0,0,0,0.4873294346978557,3.41130604288499,lenin
lenin_l_n_tolstoy.txt,9.471191791633782,1.5785319652722967,0,3.1570639305445933,1.5785319652722967,0,0.7892659826361483,0.7892659826361483,32.35990528808208,3.1570639305445933,2.3677979479084454,1.5785319652722967,0.7892659826361483,0.7892659826361483,0.7892659826361483,0,0,5.524861878453039,1.5785319652722967,0,11.049723756906078,1.5785319652722967,0,0.7892659826361483,4.735595895816891,52.88082083662194,5.524861878453039,1.5785319652722967,4.735595895816891,2.3677979479084454,7.1033938437253354,1.5785319652722967,0,0,14.206787687450671,2.3677979479084454,0.7892659826361483,1.5785319652722967,14.206787687450671,0.7892659826361483,0,0,3.1570639305445933,0,0.7892659826361483,3.946329913180742,0,3.1570639305445933,0.7892659826361483,0,2.3677979479084454,0,0.7892659826361483,2.3677979479084454,0.7892659826361483,0,0,0.7892659826361483,0,0,12.628255722178373,0.7892659826361483,0,2.3677979479084454,0.7892659826361483,0,0,0.7892659826361483,0.7892659826361483,0.7892659826361483,0,2.3677979479084454,0,4.735595895816891,5.524861878453039,0.7892659826361483,0.7892659826361483,9.471191791633782,4.735595895816891,6.314127861089187,0.7892659826361483,2.3677979479084454,3.946329913180742,0,0,0.7892659826361483,4.735595895816891,0,0.7892659826361483,0,0.7892659826361483,0.7892659826361483,0.7892659826361483,0,0,0.7892659826361483,0,0,0.7892659826361483,3.1570639305445933,0,0,0,0,0,3.1570639305445933,2.3677979479084454,0.7892659826361483,3.946329913180742,0,0,2.3677979479084454,1.5785319652722967,1.5785319652722967,1.5785319652722967,0,6.314127861089187,0,0.7892659826361483,0.7892659826361483,0,1.5785319652722967,0,0,0,0,0,0,0,0.7892659826361483,0.7892659826361483,0,0.7892659826361483,0,0,0,0,0.7892659826361483,1.5785319652722967,0,0,0,4.735595895816891,1.5785319652722967,0.7892659826361483,1.5785319652722967,0,5.524861878453039,0,0.7892659826361483,0.7892659826361483,0,0,0,0.7892659826361483,0,0,1.5785319652722967,0.7892659826361483,3.1570639305445933,0,0,0,0,3.946329913180742,0,0.7892659826361483,2.3677979479084454,1.5785319652722967,0,0,4.735595895816891,1.5785319652722967,0.7892659826361483,0.7892659826361483,0,0,0.7892659826361483,0,0,0.7892659826361483,0,0,0,0,1.5785319652722967,4.735595895816891,0,1.5785319652722967,0,0,0,0,0.7892659826361483,0,0.7892659826361483,0,0,0.7892659826361483,0.7892659826361483,0,0,0.7892659826361483,0,0,0,0,0,0,0.7892659826361483,1.5785319652722967,0.7892659826361483,0.7892659826361483,0,0,0,3.1570639305445933,0.7892659826361483,0.7892659826361483,0,0,0.7892659826361483,0,0,1.5785319652722967,0,1.5785319652722967,0,0,0,0.7892659826361483,0,0.7892659826361483,0.7892659826361483,0,0,1.5785319652722967,1.5785319652722967,0,0,0,0,2.3677979479084454,0,0.7892659826361483,0,0,0,0,0,0,0.7892659826361483,0,0,0,0,0,0,0,0.7892659826361483,0,0,0.7892659826361483,0,0,0,0.7892659826361483,0,0,0.7892659826361483,0,0.7892659826361483,0.7892659826361483,0,1.5785319652722967,0,0,0,0.7892659826361483,2.3677979479084454,0,3.1570639305445933,0,0.7892659826361483,0.7892659826361483,0,0,0,0,0,0,0,0,0,0,0.7892659826361483,0,2.3677979479084454,0,0,lenin
lenin_les_beaux_esprits_I.txt,1.937984496124031,0,0,0,0,0,0,0,31.976744186046513,0.9689922480620154,3.875968992248062,0.9689922480620154,0.9689922480620154,2.9069767441860463,1.937984496124031,0,0.9689922480620154,0.9689922480620154,1.937984496124031,0,2.9069767441860463,0,0,1.937984496124031,0.9689922480620154,61.04651162790697,1.937984496124031,0.9689922480620154,6.782945736434108,1.937984496124031,0,2.9069767441860463,1.937984496124031,2.9069767441860463,8.720930232558139,2.9069767441860463,0,0,19.37984496124031,0.9689922480620154,0,0,3.875968992248062,0.9689922480620154,0,1.937984496124031,0,3.875968992248062,0.9689922480620154,0,6.782945736434108,0,0,0,0.9689922480620154,0,0,0,0.9689922480620154,0,10.65891472868217,0,0,0,0,2.9069767441860463,0,3.875968992248062,2.9069767441860463,0.9689922480620154,0,0,1.937984496124031,0,3.875968992248062,3.875968992248062,4.844961240310077,14.534883720930232,0.9689922480620154,3.875968992248062,0,0,0,0.9689922480620154,1.937984496124031,5.813953488372093,3.875968992248062,0,0,0,0,0.9689922480620154,0,0,0,1.937984496124031,0.9689922480620154,0.9689922480620154,0,0.9689922480620154,0,0,0,0.9689922480620154,0.9689922480620154,3.875968992248062,0,0.9689922480620154,0.9689922480620154,0,0,0,0,0,2.9069767441860463,0,6.782945736434108,0,0.9689922480620154,0,0.9689922480620154,0.9689922480620154,0,0,0,0,0.9689922480620154,0,0,2.9069767441860463,1.937984496124031,1.937984496124031,0,0.9689922480620154,0.9689922480620154,0,0,0,0,3.875968992248062,0,1.937984496124031,2.9069767441860463,0,1.937984496124031,0,0,7.751937984496124,0,0,1.937984496124031,0,0,0,0,0,1.937984496124031,0,0.9689922480620154,4.844961240310077,0,0,0,0.9689922480620154,0,0,1.937984496124031,1.937984496124031,0,0,0,0.9689922480620154,0.9689922480620154,0,1.937984496124031,0,0,1.937984496124031,0.9689922480620154,0,0,2.9069767441860463,0,0,0,0.9689922480620154,1.937984496124031,0.9689922480620154,2.9069767441860463,0,0,0.9689922480620154,0,0,0,4.844961240310077,0.9689922480620154,0,0.9689922480620154,0.9689922480620154,0,0,0,0,1.937984496124031,1.937984496124031,1.937984496124031,0,0,0.9689922480620154,1.937984496124031,2.9069767441860463,0,0,0,0.9689922480620154,0,0,0.9689922480620154,0,0.9689922480620154,0.9689922480620154,0,0,2.9069767441860463,0,0,0,0.9689922480620154,0,0,0,0.9689922480620154,0.9689922480620154,0,0.9689922480620154,0,0.9689922480620154,0,0.9689922480620154,1.937984496124031,1.937984496124031,0.9689922480620154,0,0,0,0,0.9689922480620154,0,0.9689922480620154,0,0.9689922480620154,0,1.937984496124031,0,0,0,0,0,1.937984496124031,0,0,0,0,0,0,0.9689922480620154,0,0,0,2.9069767441860463,0,0,0,0,1.937984496124031,0,0.9689922480620154,0,0,1.937984496124031,0,1.937984496124031,0,2.9069767441860463,0,0,0.9689922480620154,0,0,0,0.9689922480620154,0,0,0,2.9069767441860463,0,0,0,0,lenin
lenin_lntolstoy_i_rab_dvizhenie.txt,2.638522427440633,0,1.3192612137203166,0,0,0,0,3.95778364116095,47.4934036939314,5.277044854881266,1.3192612137203166,0,0,3.95778364116095,0,1.3192612137203166,0,0,3.95778364116095,0,10.554089709762533,0,0,2.638522427440633,6.596306068601583,42.21635883905013,2.638522427440633,7.9155672823219,1.3192612137203166,1.3192612137203166,9.234828496042217,3.95778364116095,0,0,14.511873350923484,0,0,0,10.554089709762533,2.638522427440633,0,0,3.95778364116095,0,0,3.95778364116095,1.3192612137203166,3.95778364116095,0,0,9.234828496042217,1.3192612137203166,1.3192612137203166,1.3192612137203166,0,0,0,1.3192612137203166,0,1.3192612137203166,3.95778364116095,3.95778364116095,0,2.638522427440633,0,2.638522427440633,1.3192612137203166,0,0,2.638522427440633,0,3.95778364116095,0,0,2.638522427440633,2.638522427440633,2.638522427440633,13.192612137203167,0,6.596306068601583,1.3192612137203166,0,0,1.3192612137203166,2.638522427440633,0,3.95778364116095,1.3192612137203166,0,0,0,0,5.277044854881266,3.95778364116095,0,1.3192612137203166,0,1.3192612137203166,2.638522427440633,0,0,0,0,0,1.3192612137203166,2.638522427440633,1.3192612137203166,0,1.3192612137203166,2.638522427440633,0,1.3192612137203166,1.3192612137203166,1.3192612137203166,1.3192612137203166,0,10.554089709762533,0,0,1.3192612137203166,0,0,2.638522427440633,0,0,0,2.638522427440633,0,0,0,0,0,0,0,0,0,0,0,0,0,0,1.3192612137203166,0,0,0,0,1.3192612137203166,0,0,2.638522427440633,0,1.3192612137203166,0,0,0,1.3192612137203166,0,1.3192612137203166,0,1.3192612137203166,2.638522427440633,1.3192612137203166,0,0,0,0,0,14.511873350923484,2.638522427440633,0,0,0,2.638522427440633,0,0,0,0,0,0,0,0,1.3192612137203166,0,0,1.3192612137203166,3.95778364116095,1.3192612137203166,0,3.95778364116095,0,1.3192612137203166,0,0,2.638522427440633,0,0,0,0,1.3192612137203166,0,0,0,1.3192612137203166,0,2.638522427440633,0,0,0,0,0,1.3192612137203166,3.95778364116095,0,0,0,0,0,0,0,0,0,1.3192612137203166,0,0,0,0,0,0,0,0,0,0,0,2.638522427440633,1.3192612137203166,0,1.3192612137203166,0,0,5.277044854881266,2.638522427440633,0,0,0,1.3192612137203166,0,0,1.3192612137203166,0,0,0,0,0,0,0,0,1.3192612137203166,1.3192612137203166,0,0,0,0,0,0,0,0,0,0,0,5.277044854881266,0,1.3192612137203166,0,0,1.3192612137203166,7.9155672823219,0,1.3192612137203166,0,0,0,3.95778364116095,0,0,0,0,1.3192612137203166,0,0,0,0,0,0,2.638522427440633,0,2.638522427440633,0,0,0,0,lenin
lenin_max_min_I.txt,8.746355685131196,2.3323615160349855,0.5830903790087464,0,0,0,0.5830903790087464,1.749271137026239,34.40233236151603,1.1661807580174928,4.081632653061225,3.498542274052478,1.1661807580174928,0.5830903790087464,1.1661807580174928,0.5830903790087464,0.5830903790087464,2.3323615160349855,1.1661807580174928,0.5830903790087464,1.1661807580174928,0,2.9154518950437316,2.9154518950437316,4.081632653061225,36.15160349854227,4.081632653061225,0,5.830903790087463,1.1661807580174928,1.1661807580174928,1.749271137026239,1.749271137026239,8.16326530612245,8.746355685131196,1.1661807580174928,0,0,25.655976676384842,0,0,1.1661807580174928,4.081632653061225,0,0,2.9154518950437316,1.1661807580174928,5.247813411078718,11.078717201166182,1.749271137026239,1.749271137026239,0,0,1.749271137026239,0,0,0,2.9154518950437316,0,0,8.16326530612245,0,0.5830903790087464,0.5830903790087464,0,1.1661807580174928,0,0,1.1661807580174928,4.664723032069971,0,0.5830903790087464,2.3323615160349855,2.3323615160349855,4.664723032069971,2.3323615160349855,1.749271137026239,19.24198250728863,4.081632653061225,11.661807580174926,1.749271137026239,0,0.5830903790087464,3.498542274052478,0,4.081632653061225,2.3323615160349855,0,0.5830903790087464,2.3323615160349855,0,0.5830903790087464,0.5830903790087464,1.1661807580174928,0,0.5830903790087464,0.5830903790087464,0.5830903790087464,1.1661807580174928,0,0.5830903790087464,0,0.5830903790087464,0.5830903790087464,0.5830903790087464,2.3323615160349855,2.3323615160349855,4.081632653061225,0,0,0,0.5830903790087464,1.749271137026239,4.664723032069971,1.1661807580174928,1.1661807580174928,6.413994169096211,1.749271137026239,0,0,0.5830903790087464,0.5830903790087464,0,0.5830903790087464,1.1661807580174928,0.5830903790087464,1.749271137026239,0,0.5830903790087464,2.3323615160349855,0,0,0.5830903790087464,0,1.749271137026239,0.5830903790087464,1.749271137026239,0,0,4.081632653061225,0.5830903790087464,1.1661807580174928,5.830903790087463,2.9154518950437316,0,1.1661807580174928,0.5830903790087464,1.749271137026239,2.3323615160349855,0.5830903790087464,0.5830903790087464,0.5830903790087464,0,0,0,0,0,0,0.5830903790087464,1.1661807580174928,0.5830903790087464,0,0,0,0,0,0,0,0,1.1661807580174928,0,1.1661807580174928,0.5830903790087464,0,0,1.749271137026239,0,0.5830903790087464,1.749271137026239,0,0,1.1661807580174928,2.3323615160349855,0,0,1.1661807580174928,4.664723032069971,4.664723032069971,1.749271137026239,1.749271137026239,0.5830903790087464,0,0.5830903790087464,0,1.1661807580174928,1.1661807580174928,2.3323615160349855,0,2.3323615160349855,0,2.3323615160349855,1.749271137026239,1.1661807580174928,0,1.1661807580174928,0,1.749271137026239,0,0.5830903790087464,0.5830903790087464,0,4.081632653061225,0,0,1.1661807580174928,5.830903790087463,0,0,0,0,0,0.5830903790087464,0,0,0,0.5830903790087464,0.5830903790087464,0,1.1661807580174928,0,0,1.1661807580174928,0.5830903790087464,0.5830903790087464,0,0,0,0,0,0,1.1661807580174928,1.1661807580174928,0,0.5830903790087464,0.5830903790087464,0,1.749271137026239,0,0.5830903790087464,1.1661807580174928,0,0,0,0,0,0,0,0,0,0.5830903790087464,0,0.5830903790087464,1.1661807580174928,1.1661807580174928,0,0,0,0.5830903790087464,0,0.5830903790087464,0,1.749271137026239,0.5830903790087464,2.3323615160349855,0,0,0,0,0.5830903790087464,0,10.495626822157435,0,0.5830903790087464,0,0,0,0,1.1661807580174928,0,0,0.5830903790087464,0.5830903790087464,0,0,0,0,0.5830903790087464,0,0,5.247813411078718,lenin
lenin_nacionalniy_vopros_I.txt,5.263157894736842,1.6194331983805668,0.8097165991902834,0,0.8097165991902834,0.4048582995951417,0,1.6194331983805668,25.910931174089068,1.6194331983805668,2.0242914979757085,0.4048582995951417,0,2.0242914979757085,2.4291497975708505,0.4048582995951417,2.4291497975708505,1.6194331983805668,2.4291497975708505,0,2.0242914979757085,0.8097165991902834,3.643724696356275,1.2145748987854252,5.668016194331984,36.84210526315789,1.2145748987854252,0,6.477732793522267,2.4291497975708505,1.2145748987854252,1.6194331983805668,2.0242914979757085,13.765182186234819,10.931174089068826,0.4048582995951417,0,0.4048582995951417,20.647773279352226,0,0.4048582995951417,1.2145748987854252,5.668016194331984,0,0,1.6194331983805668,0.8097165991902834,4.048582995951417,1.6194331983805668,0,4.4534412955465585,1.2145748987854252,0.4048582995951417,0.4048582995951417,1.6194331983805668,0,0.8097165991902834,3.2388663967611335,0,0.8097165991902834,12.550607287449392,0.4048582995951417,0.8097165991902834,0.4048582995951417,0,2.0242914979757085,0,0.8097165991902834,5.668016194331984,5.668016194331984,0.8097165991902834,0.8097165991902834,2.4291497975708505,2.834008097165992,5.263157894736842,0.8097165991902834,1.2145748987854252,7.28744939271255,3.2388663967611335,4.048582995951417,1.6194331983805668,2.0242914979757085,4.048582995951417,3.2388663967611335,0,1.2145748987854252,1.2145748987854252,1.2145748987854252,2.0242914979757085,4.048582995951417,0.4048582995951417,2.834008097165992,0.8097165991902834,0.4048582995951417,0.8097165991902834,0.4048582995951417,0.4048582995951417,0.4048582995951417,0.4048582995951417,2.4291497975708505,2.0242914979757085,0.8097165991902834,0.8097165991902834,2.0242914979757085,0,3.643724696356275,0.8097165991902834,2.4291497975708505,0,0,0,1.2145748987854252,0.8097165991902834,3.643724696356275,0.4048582995951417,0.4048582995951417,9.716599190283402,0.4048582995951417,0.4048582995951417,0.8097165991902834,0.8097165991902834,0,0,0.4048582995951417,2.4291497975708505,0,0.8097165991902834,0.4048582995951417,0,0,0.4048582995951417,0,0,0,1.2145748987854252,0,2.0242914979757085,0.8097165991902834,1.6194331983805668,1.2145748987854252,0,0.4048582995951417,1.6194331983805668,0,0,0,0.8097165991902834,2.4291497975708505,0.4048582995951417,0,0,1.6194331983805668,0.4048582995951417,0.4048582995951417,2.4291497975708505,0,0.8097165991902834,3.643724696356275,5.263157894736842,4.4534412955465585,0.4048582995951417,0.4048582995951417,0.8097165991902834,1.2145748987854252,2.0242914979757085,0,0.4048582995951417,2.4291497975708505,0.4048582995951417,0.8097165991902834,0.4048582995951417,1.2145748987854252,1.6194331983805668,0.4048582995951417,0.8097165991902834,0.8097165991902834,0.8097165991902834,0.4048582995951417,0.4048582995951417,0,0.4048582995951417,0.8097165991902834,0,0.4048582995951417,0,1.2145748987854252,3.643724696356275,3.2388663967611335,0.4048582995951417,0.4048582995951417,0,0,0,2.0242914979757085,0.8097165991902834,0.4048582995951417,1.2145748987854252,0,0.8097165991902834,0.8097165991902834,0,1.6194331983805668,0.4048582995951417,0,1.2145748987854252,0,0,0.4048582995951417,0.4048582995951417,0,2.4291497975708505,3.643724696356275,0,0.8097165991902834,0.4048582995951417,1.2145748987854252,0,0.4048582995951417,0.4048582995951417,0,0,2.0242914979757085,0.8097165991902834,0.8097165991902834,0.8097165991902834,1.2145748987854252,0.4048582995951417,0.4048582995951417,0,0.4048582995951417,0.4048582995951417,1.2145748987854252,0,1.6194331983805668,0,0.8097165991902834,1.2145748987854252,2.4291497975708505,0,2.4291497975708505,2.834008097165992,1.2145748987854252,2.0242914979757085,0.4048582995951417,1.6194331983805668,0.8097165991902834,0,0.4048582995951417,0,0,0,0,0,1.2145748987854252,0.8097165991902834,0.4048582995951417,0,0.8097165991902834,0.4048582995951417,1.2145748987854252,2.0242914979757085,0.4048582995951417,0,0,0,0,0,1.2145748987854252,0,3.2388663967611335,0,1.6194331983805668,0,0.4048582995951417,0.4048582995951417,0,0.4048582995951417,0.4048582995951417,0.8097165991902834,0.4048582995951417,0.4048582995951417,0,0,0,1.6194331983805668,0.8097165991902834,0,0,0,0,0,0,0,0.8097165991902834,0,0,0.4048582995951417,0.4048582995951417,0.4048582995951417,0,lenin
lenin_narodnichestvo_I.txt,4.578754578754579,0,0,0.45787545787545786,0.9157509157509157,0.9157509157509157,0,1.3736263736263736,38.003663003663,1.3736263736263736,1.3736263736263736,0.45787545787545786,0.45787545787545786,0.45787545787545786,0.45787545787545786,0,1.3736263736263736,1.3736263736263736,2.2893772893772897,0.45787545787545786,5.036630036630037,0,0.9157509157509157,4.120879120879121,2.2893772893772897,43.956043956043956,3.663003663003663,2.2893772893772897,9.615384615384617,0.45787545787545786,0.9157509157509157,0.9157509157509157,0.9157509157509157,1.3736263736263736,14.194139194139193,1.8315018315018314,0.45787545787545786,0,16.483516483516485,0,0,0.45787545787545786,4.120879120879121,0.45787545787545786,0,4.120879120879121,0.45787545787545786,5.4945054945054945,0,0.45787545787545786,3.663003663003663,0,0.45787545787545786,0.45787545787545786,0.45787545787545786,0,0.45787545787545786,1.8315018315018314,0,0.45787545787545786,10.989010989010989,0.45787545787545786,0,0.45787545787545786,0,0,0.45787545787545786,0.45787545787545786,4.120879120879121,2.7472527472527473,0,2.2893772893772897,0,2.2893772893772897,2.2893772893772897,1.8315018315018314,4.120879120879121,8.6996336996337,2.7472527472527473,5.036630036630037,0.9157509157509157,1.8315018315018314,0.9157509157509157,2.7472527472527473,0.45787545787545786,2.2893772893772897,1.3736263736263736,1.8315018315018314,0.45787545787545786,0.45787545787545786,0,0.9157509157509157,0.45787545787545786,0.45787545787545786,8.241758241758243,0.45787545787545786,0,0,0,0.45787545787545786,0,0,0.9157509157509157,0.45787545787545786,0.45787545787545786,3.205128205128205,0.9157509157509157,0.9157509157509157,0.45787545787545786,0,0.45787545787545786,0.9157509157509157,1.8315018315018314,4.578754578754579,0,0.45787545787545786,6.41025641025641,0,1.3736263736263736,1.3736263736263736,1.8315018315018314,0.9157509157509157,0.45787545787545786,0,1.8315018315018314,0,0.9157509157509157,0.45787545787545786,0.45787545787545786,0,0,0.9157509157509157,0,0.9157509157509157,0.9157509157509157,0,1.3736263736263736,0,0,0.45787545787545786,0.9157509157509157,0,4.578754578754579,1.3736263736263736,2.2893772893772897,0.45787545787545786,1.8315018315018314,2.2893772893772897,0,0.45787545787545786,1.8315018315018314,0.45787545787545786,0,0,0.45787545787545786,0,0.45787545787545786,1.3736263736263736,0,1.8315018315018314,0,0,0,0.45787545787545786,0.9157509157509157,0.45787545787545786,1.3736263736263736,3.205128205128205,0,0.45787545787545786,0,0.45787545787545786,0.45787545787545786,0.45787545787545786,0.9157509157509157,2.2893772893772897,0,0.45787545787545786,0.9157509157509157,1.3736263736263736,0.45787545787545786,0.45787545787545786,0,0.45787545787545786,0,0,4.120879120879121,0.45787545787545786,1.8315018315018314,0.45787545787545786,0,0.45787545787545786,0.9157509157509157,0,2.2893772893772897,0.45787545787545786,1.3736263736263736,0.45787545787545786,0.45787545787545786,0,0,0.45787545787545786,0.45787545787545786,0,0.45787545787545786,0,1.3736263736263736,1.3736263736263736,1.3736263736263736,0.9157509157509157,0,2.7472527472527473,0.9157509157509157,0,0,1.3736263736263736,0.45787545787545786,0,0.45787545787545786,0,0,0.45787545787545786,0,0.9157509157509157,1.3736263736263736,0,0.45787545787545786,0,0.45787545787545786,0,0,0.45787545787545786,1.8315018315018314,2.7472527472527473,0,0,0,0,0.9157509157509157,1.3736263736263736,2.7472527472527473,0.45787545787545786,0,0.9157509157509157,0,0,0.45787545787545786,0.45787545787545786,0,0,0,0.9157509157509157,0,0.9157509157509157,0,0,0.45787545787545786,0,0.45787545787545786,0,0.45787545787545786,0.45787545787545786,0,0,0,0,0,0.9157509157509157,0,1.3736263736263736,0.45787545787545786,0,0.45787545787545786,0,0.45787545787545786,0.45787545787545786,0,1.8315018315018314,1.3736263736263736,1.3736263736263736,1.8315018315018314,0.45787545787545786,0.45787545787545786,1.8315018315018314,1.8315018315018314,0.45787545787545786,0,0,0,0,0,0,0.45787545787545786,1.3736263736263736,0,0.9157509157509157,0.45787545787545786,0,0,0,lenin
lenin_ne_potuhla_iskra.txt,7.6,0.8,0.6,0,0,0,0.6,5.2,35.8,0.4,5,0.2,0.8,0.6,1,0.6,0.2,2.4,3.2,0,5.8,1.4,2.4,4.2,3.6,41,2.2,1.4,7,2.6,0.4,1,1.6,18.8,10.6,1.8,0,0,26.599999999999998,1.2,0.6,1,4.4,1,0.2,11.799999999999999,0.8,4.8,0.4,0.4,6,0,1.4,1,0,0,0,1.2,0,0,12.200000000000001,0,0,0.6,0,1,0.2,1.2,0.6,5.6,0.2,1,1.2,1.4,3.6,3.4,3.2,28,0.6,10,1,0.6,0,3.8,2.6,2.6,0.4,1,0.8,0,0.4,1.2,0.2,0.4,10.4,0,0,0,0,0,0,0.4,0,0.4,0.8,0.4,0.2,2,0.2,0,0.2,0.4,2.2,1.2,0.2,0,6,0.6,0,0,1.4,0.2,0,0,0.2,0,2.4,0,0.2,0.6,0.4,0.2,0.2,0.4,2.6,1.8,5.8,0.6,0.6,2.2,0,0.8,4.6,1.6,0,0,0.8,1.6,0.2,0.6,2,0.4,0,0,0.2,0,0,0,0,1.8,0,0.2,0,1,0,0,0,0.6,0.2,0,0,1,0.6,0,0.6,3,0,1.4,1.2,0.2,0.2,0,0.2,0,1,2,5.4,1,1.4,1.2,0.6,0.6,1.4,1.6,2,0.8,1.2,0.6,1.4,0.8,0.4,2.4,1.4,0,1.4,0.2,0.8,0.6,4.4,0.4,0.4,2.6,0,0.4,0.2,1.2,0,0.2,0,1,0.4,0.4,0.2,4.8,0.2,0.4,0.2,0.2,0.4,0.6,0,0.2,1.2,1,0.2,0.6,0,0.2,0.2,0.6,1.8,0,1,1.2,0.6,0.4,0,0,0,0.4,0.6,0,0,0.8,0.2,0.2,0.2,0,0.4,0.6,0.8,1.8,0.2,0.6,0.8,0,0,0.2,0.4,0,1,0.6,0.6,0.8,0,0,0,1,0.8,1.2,0.6,0,0.6,0,0,1,0.4,0.4,2.2,1.8,0,1,11.6,0.4,0,0,0,0,0.2,0,lenin
lenin_nepodan_zayzvlenie.txt,4.63821892393321,2.782931354359926,0,0,0,0.9276437847866419,0,8.348794063079778,21.335807050092765,0,3.7105751391465676,0.9276437847866419,0,1.8552875695732838,0.9276437847866419,0,0,3.7105751391465676,3.7105751391465676,0,4.63821892393321,0,7.421150278293135,1.8552875695732838,4.63821892393321,37.10575139146568,5.565862708719852,0.9276437847866419,1.8552875695732838,0,2.782931354359926,1.8552875695732838,2.782931354359926,2.782931354359926,13.91465677179963,0,0,0,13.91465677179963,0,1.8552875695732838,0,0.9276437847866419,2.782931354359926,0.9276437847866419,3.7105751391465676,0,1.8552875695732838,3.7105751391465676,1.8552875695732838,8.348794063079778,1.8552875695732838,1.8552875695732838,3.7105751391465676,0.9276437847866419,0,0,2.782931354359926,0,0,3.7105751391465676,0,0,0,0,1.8552875695732838,0.9276437847866419,0.9276437847866419,0,0,0,0.9276437847866419,3.7105751391465676,0,0.9276437847866419,0,1.8552875695732838,15.769944341372913,2.782931354359926,4.63821892393321,0,0.9276437847866419,0.9276437847866419,6.493506493506494,0,3.7105751391465676,0,2.782931354359926,2.782931354359926,0.9276437847866419,0,0,0,0,0,0,0,0,0,0,0,0,0.9276437847866419,0,0,1.8552875695732838,0.9276437847866419,3.7105751391465676,0,0,0,0,1.8552875695732838,2.782931354359926,0.9276437847866419,0,6.493506493506494,0.9276437847866419,0,0,0,0,2.782931354359926,0,0.9276437847866419,0,0.9276437847866419,0,0.9276437847866419,0.9276437847866419,0,0,0.9276437847866419,0.9276437847866419,0.9276437847866419,0.9276437847866419,0,0.9276437847866419,0,0.9276437847866419,0,0,12.987012987012989,1.8552875695732838,0,0,0,0.9276437847866419,0,0,0,0,0,0.9276437847866419,0,0,0,0,0,4.63821892393321,0,0,0,0.9276437847866419,0,0,0,0,0,1.8552875695732838,0,3.7105751391465676,0.9276437847866419,0,0,0.9276437847866419,0,0,2.782931354359926,0,0,1.8552875695732838,0.9276437847866419,0.9276437847866419,1.8552875695732838,1.8552875695732838,3.7105751391465676,4.63821892393321,1.8552875695732838,1.8552875695732838,1.8552875695732838,0,0,0,1.8552875695732838,1.8552875695732838,0,0,3.7105751391465676,0.9276437847866419,0,1.8552875695732838,0.9276437847866419,0,0.9276437847866419,0,0,0,1.8552875695732838,0,0,3.7105751391465676,0.9276437847866419,0,0,0,0,0.9276437847866419,0,0,0,0.9276437847866419,1.8552875695732838,0.9276437847866419,0,0,0,0,1.8552875695732838,0,0,0,0,0,0,0.9276437847866419,0,0,0.9276437847866419,0.9276437847866419,3.7105751391465676,0.9276437847866419,0.9276437847866419,0.9276437847866419,0,1.8552875695732838,0.9276437847866419,0,4.63821892393321,0,0,1.8552875695732838,0,0,0,0,0,0,0,1.8552875695732838,0,0,1.8552875695732838,4.63821892393321,2.782931354359926,0,0,0,0,0,0,0,2.782931354359926,0,0,0,0,0,1.8552875695732838,1.8552875695732838,0,0,0,0,0,0,0,0,3.7105751391465676,0.9276437847866419,0,0,14.84230055658627,0,6.493506493506494,0,0,0,0,6.493506493506494,lenin
lenin_nuzhna_li_partiya_I.txt,5.706134094151213,2.8530670470756063,0,0,0,0,0.7132667617689016,0.7132667617689016,24.251069900142657,0,2.1398002853067046,0.7132667617689016,1.4265335235378032,0.7132667617689016,2.8530670470756063,0.7132667617689016,6.419400855920114,1.4265335235378032,3.566333808844508,0,2.1398002853067046,1.4265335235378032,2.1398002853067046,3.566333808844508,3.566333808844508,40.65620542082739,4.279600570613409,4.9928673323823105,2.8530670470756063,1.4265335235378032,0.7132667617689016,0.7132667617689016,0.7132667617689016,7.845934379457917,11.412268188302425,0,0,0,22.111269614835948,0.7132667617689016,1.4265335235378032,0.7132667617689016,3.566333808844508,0,0,1.4265335235378032,0,3.566333808844508,10.699001426533524,0,4.279600570613409,0.7132667617689016,0,0,0,0,0,2.1398002853067046,0,7.845934379457917,14.978601997146932,0.7132667617689016,0.7132667617689016,0,0.7132667617689016,2.1398002853067046,0,2.1398002853067046,9.272467902995722,1.4265335235378032,0,1.4265335235378032,1.4265335235378032,0,3.566333808844508,0,2.1398002853067046,12.125534950071328,1.4265335235378032,5.706134094151213,1.4265335235378032,0,4.279600570613409,6.419400855920114,1.4265335235378032,1.4265335235378032,1.4265335235378032,2.1398002853067046,0.7132667617689016,0,0,0,1.4265335235378032,0.7132667617689016,2.1398002853067046,0,0,2.1398002853067046,1.4265335235378032,0,0,0.7132667617689016,0,1.4265335235378032,0,2.8530670470756063,2.1398002853067046,4.9928673323823105,0,0,0,0,0.7132667617689016,3.566333808844508,0,0,8.559201141226819,0,0.7132667617689016,0,0,0,0,0,0.7132667617689016,0,0.7132667617689016,0.7132667617689016,0.7132667617689016,1.4265335235378032,0.7132667617689016,0.7132667617689016,0.7132667617689016,0.7132667617689016,0.7132667617689016,0,0,0,0,1.4265335235378032,0.7132667617689016,0,7.845934379457917,1.4265335235378032,0,1.4265335235378032,1.4265335235378032,3.566333808844508,4.279600570613409,0.7132667617689016,0,0.7132667617689016,0.7132667617689016,0,2.8530670470756063,2.8530670470756063,0.7132667617689016,2.1398002853067046,3.566333808844508,2.8530670470756063,1.4265335235378032,0.7132667617689016,0,2.1398002853067046,0.7132667617689016,0,0,3.566333808844508,0,0.7132667617689016,0,1.4265335235378032,0,0,0.7132667617689016,0.7132667617689016,1.4265335235378032,0,1.4265335235378032,0,0,2.8530670470756063,0.7132667617689016,0,0.7132667617689016,0.7132667617689016,6.419400855920114,0.7132667617689016,0.7132667617689016,0,0,0,0.7132667617689016,1.4265335235378032,2.1398002853067046,1.4265335235378032,1.4265335235378032,0,1.4265335235378032,2.1398002853067046,0.7132667617689016,0,0,0,2.1398002853067046,1.4265335235378032,0,0.7132667617689016,0,0.7132667617689016,1.4265335235378032,4.279600570613409,0.7132667617689016,0,0,2.1398002853067046,0,2.1398002853067046,0,0,0,0,0,0.7132667617689016,0,2.1398002853067046,0,0.7132667617689016,1.4265335235378032,0.7132667617689016,0,0,0,0.7132667617689016,0,0,0.7132667617689016,1.4265335235378032,0.7132667617689016,1.4265335235378032,1.4265335235378032,0.7132667617689016,0.7132667617689016,0.7132667617689016,2.1398002853067046,0.7132667617689016,0.7132667617689016,0.7132667617689016,0,0,0,0.7132667617689016,0,0,1.4265335235378032,1.4265335235378032,0,1.4265335235378032,1.4265335235378032,2.1398002853067046,1.4265335235378032,0.7132667617689016,0,0.7132667617689016,0.7132667617689016,0,1.4265335235378032,0,0,0,0.7132667617689016,0,0,0.7132667617689016,0,0,0.7132667617689016,0,0.7132667617689016,0.7132667617689016,0.7132667617689016,0,0.7132667617689016,0.7132667617689016,0,0,0.7132667617689016,0.7132667617689016,0,0,0,0,0,0,0,0,0,0,0,0.7132667617689016,lenin
lenin_o_manifeste_armyan_I.txt,5.241090146750524,0,0,1.0482180293501049,2.0964360587002098,1.0482180293501049,0,1.0482180293501049,29.350104821802937,1.0482180293501049,1.0482180293501049,1.0482180293501049,1.0482180293501049,3.1446540880503147,0,0,4.1928721174004195,8.385744234800839,3.1446540880503147,0,4.1928721174004195,0,1.0482180293501049,2.0964360587002098,5.241090146750524,40.880503144654085,4.1928721174004195,5.241090146750524,6.289308176100629,0,0,0,2.0964360587002098,14.675052410901468,15.723270440251572,0,0,0,10.482180293501049,1.0482180293501049,0,0,2.0964360587002098,1.0482180293501049,0,3.1446540880503147,1.0482180293501049,3.1446540880503147,2.0964360587002098,0,6.289308176100629,1.0482180293501049,0,0,0,0,0,0,0,6.289308176100629,9.433962264150942,0,0,0,2.0964360587002098,2.0964360587002098,0,1.0482180293501049,16.771488469601678,1.0482180293501049,1.0482180293501049,0,1.0482180293501049,0,3.1446540880503147,0,2.0964360587002098,6.289308176100629,2.0964360587002098,3.1446540880503147,0,5.241090146750524,5.241090146750524,2.0964360587002098,0,2.0964360587002098,3.1446540880503147,3.1446540880503147,0,0,0,3.1446540880503147,2.0964360587002098,0,0,0,0,1.0482180293501049,1.0482180293501049,2.0964360587002098,0,2.0964360587002098,0,3.1446540880503147,0,0,0,3.1446540880503147,1.0482180293501049,0,0,0,0,2.0964360587002098,0,1.0482180293501049,13.626834381551362,0,2.0964360587002098,0,0,1.0482180293501049,0,0,4.1928721174004195,0,1.0482180293501049,1.0482180293501049,0,2.0964360587002098,0,0,0,0,2.0964360587002098,1.0482180293501049,1.0482180293501049,0,0,2.0964360587002098,0,0,5.241090146750524,0,0,0,1.0482180293501049,0,1.0482180293501049,2.0964360587002098,0,0,2.0964360587002098,0,2.0964360587002098,0,1.0482180293501049,1.0482180293501049,10.482180293501049,2.0964360587002098,3.1446540880503147,0,0,1.0482180293501049,1.0482180293501049,0,0,6.289308176100629,1.0482180293501049,0,3.1446540880503147,5.241090146750524,3.1446540880503147,0,2.0964360587002098,0,0,0,0,0,0,1.0482180293501049,0,0,1.0482180293501049,1.0482180293501049,4.1928721174004195,0,0,0,0,0,0,0,1.0482180293501049,1.0482180293501049,0,0,3.1446540880503147,1.0482180293501049,1.0482180293501049,1.0482180293501049,0,0,0,0,0,1.0482180293501049,3.1446540880503147,1.0482180293501049,1.0482180293501049,1.0482180293501049,0,0,0,1.0482180293501049,1.0482180293501049,1.0482180293501049,0,0,2.0964360587002098,1.0482180293501049,0,1.0482180293501049,1.0482180293501049,0,0,1.0482180293501049,0,0,0,0,0,3.1446540880503147,0,1.0482180293501049,0,1.0482180293501049,1.0482180293501049,3.1446540880503147,2.0964360587002098,3.1446540880503147,2.0964360587002098,4.1928721174004195,0,0,0,1.0482180293501049,0,0,0,0,2.0964360587002098,0,2.0964360587002098,1.0482180293501049,0,0,0,0,4.1928721174004195,0,0,0,0,0,0,1.0482180293501049,0,3.1446540880503147,0,0,0,0,0,0,0,0,0,1.0482180293501049,0,0,0,1.0482180293501049,0,0,0,0,0,0,0,0,0,1.0482180293501049,0,0,1.0482180293501049,0,0,0,lenin
lenin_ob_obstoyatelstvah.txt,4.4303797468354436,0.6329113924050633,0,0.6329113924050633,0.6329113924050633,0.6329113924050633,0,1.2658227848101267,22.78481012658228,0,1.2658227848101267,0,0.6329113924050633,0,2.5316455696202533,0.6329113924050633,0,3.7974683544303796,2.5316455696202533,0,1.2658227848101267,1.2658227848101267,5.063291139240507,2.5316455696202533,5.69620253164557,32.278481012658226,4.4303797468354436,3.1645569620253164,2.5316455696202533,1.8987341772151898,0,0,3.7974683544303796,0.6329113924050633,18.354430379746837,3.1645569620253164,0,0,24.050632911392405,0,0.6329113924050633,0,3.1645569620253164,0,0,3.7974683544303796,0,3.1645569620253164,2.5316455696202533,1.8987341772151898,2.5316455696202533,0,1.8987341772151898,0.6329113924050633,0,0,0,3.1645569620253164,0,0,12.025316455696203,0,0,0.6329113924050633,0,1.2658227848101267,1.8987341772151898,0,0.6329113924050633,8.227848101265824,0,0.6329113924050633,3.1645569620253164,3.1645569620253164,1.8987341772151898,1.8987341772151898,1.8987341772151898,22.151898734177216,2.5316455696202533,8.860759493670887,0,0.6329113924050633,0,5.69620253164557,1.8987341772151898,3.1645569620253164,1.8987341772151898,0.6329113924050633,0,0.6329113924050633,0,0.6329113924050633,0,1.2658227848101267,1.8987341772151898,0,0.6329113924050633,0,0,0,0,0,0,0.6329113924050633,0.6329113924050633,1.2658227848101267,0.6329113924050633,3.7974683544303796,0,0,0,0,1.2658227848101267,1.8987341772151898,1.2658227848101267,0,9.49367088607595,0,0,0,0,0.6329113924050633,1.8987341772151898,0,3.1645569620253164,0,0.6329113924050633,0.6329113924050633,0,0,0,2.5316455696202533,0,0,0.6329113924050633,0,0.6329113924050633,0,0,3.7974683544303796,0,0,8.860759493670887,4.4303797468354436,0,0,0,0.6329113924050633,0,0.6329113924050633,0.6329113924050633,0,0,0,0,0,0.6329113924050633,0,0,3.7974683544303796,0,0,0,1.8987341772151898,0,0,0,0,0,1.8987341772151898,0,0.6329113924050633,0,0.6329113924050633,1.2658227848101267,1.8987341772151898,0,0,0.6329113924050633,0,0,1.2658227848101267,0,0.6329113924050633,0,0.6329113924050633,5.69620253164557,1.2658227848101267,1.2658227848101267,0.6329113924050633,0.6329113924050633,0,0,2.5316455696202533,0.6329113924050633,1.2658227848101267,1.8987341772151898,1.2658227848101267,0.6329113924050633,0,0.6329113924050633,0.6329113924050633,0.6329113924050633,0,0.6329113924050633,1.2658227848101267,0,1.2658227848101267,0.6329113924050633,0,0,5.063291139240507,0,0,0.6329113924050633,3.1645569620253164,0,0,0,0.6329113924050633,0,0.6329113924050633,1.2658227848101267,0,0,0,0,0.6329113924050633,0,0,0.6329113924050633,1.2658227848101267,0,0.6329113924050633,0.6329113924050633,0.6329113924050633,0,0,0,0,1.8987341772151898,0.6329113924050633,1.8987341772151898,1.2658227848101267,1.2658227848101267,1.2658227848101267,2.5316455696202533,0,0,0,1.2658227848101267,0,0,0,0.6329113924050633,0,0,0,0,0,1.2658227848101267,0,1.2658227848101267,1.8987341772151898,3.1645569620253164,12.025316455696203,0,0,0,0.6329113924050633,0,0,0.6329113924050633,1.2658227848101267,0,0,0,0,2.5316455696202533,1.2658227848101267,1.8987341772151898,0,0.6329113924050633,0,0,1.2658227848101267,0,0,1.8987341772151898,3.1645569620253164,1.2658227848101267,0,18.354430379746837,0,0.6329113924050633,0,0.6329113924050633,0,1.2658227848101267,2.5316455696202533,lenin
lenin_ot_narodnichestva_marx.txt,2.335084646818447,1.7513134851138354,0.5837711617046117,0.5837711617046117,0.5837711617046117,0,0,0.5837711617046117,31.523642732049037,1.7513134851138354,3.502626970227671,1.7513134851138354,3.502626970227671,0.5837711617046117,1.7513134851138354,0.5837711617046117,4.086398131932283,1.1675423234092235,0.5837711617046117,0.5837711617046117,2.918855808523059,0.5837711617046117,0.5837711617046117,5.837711617046118,2.335084646818447,44.95037945125511,3.502626970227671,1.7513134851138354,9.340338587273788,1.1675423234092235,1.1675423234092235,0.5837711617046117,2.335084646818447,4.086398131932283,11.091652072387625,0.5837711617046117,0,0,18.680677174547576,0,0.5837711617046117,0,4.086398131932283,0.5837711617046117,0.5837711617046117,0,1.1675423234092235,3.502626970227671,1.1675423234092235,0.5837711617046117,1.1675423234092235,0.5837711617046117,0,0.5837711617046117,0.5837711617046117,0,0.5837711617046117,2.335084646818447,0.5837711617046117,0,14.594279042615295,0,2.335084646818447,1.1675423234092235,0,3.502626970227671,0,0.5837711617046117,2.918855808523059,1.7513134851138354,0,2.335084646818447,1.7513134851138354,0,2.918855808523059,4.670169293636894,4.670169293636894,13.42673671920607,0.5837711617046117,4.086398131932283,1.1675423234092235,3.502626970227671,2.335084646818447,4.086398131932283,0,1.1675423234092235,4.086398131932283,2.335084646818447,1.7513134851138354,0,0,1.1675423234092235,1.1675423234092235,0,0,0.5837711617046117,0.5837711617046117,0,0.5837711617046117,2.335084646818447,1.7513134851138354,1.1675423234092235,0,0.5837711617046117,0.5837711617046117,2.335084646818447,2.918855808523059,1.7513134851138354,1.7513134851138354,0,0.5837711617046117,0,1.7513134851138354,2.918855808523059,0.5837711617046117,1.1675423234092235,7.589025102159954,0,1.1675423234092235,2.918855808523059,0.5837711617046117,0,1.1675423234092235,0,1.7513134851138354,0,2.335084646818447,0,0,0,0,0,1.1675423234092235,0,0,1.1675423234092235,3.502626970227671,0.5837711617046117,1.7513134851138354,1.1675423234092235,0,1.1675423234092235,5.253940455341506,1.1675423234092235,0.5837711617046117,1.1675423234092235,2.335084646818447,3.502626970227671,0,0.5837711617046117,0.5837711617046117,0,0,0,1.1675423234092235,0,0.5837711617046117,1.1675423234092235,2.918855808523059,9.340338587273788,0.5837711617046117,0,0.5837711617046117,0.5837711617046117,0.5837711617046117,0,1.1675423234092235,4.086398131932283,0.5837711617046117,0.5837711617046117,0.5837711617046117,1.7513134851138354,0,0,1.1675423234092235,1.7513134851138354,0.5837711617046117,0.5837711617046117,0.5837711617046117,0,0,1.1675423234092235,0.5837711617046117,0.5837711617046117,0,3.502626970227671,3.502626970227671,1.1675423234092235,0.5837711617046117,0.5837711617046117,1.1675423234092235,0,0.5837711617046117,1.7513134851138354,0,1.1675423234092235,0.5837711617046117,1.1675423234092235,1.7513134851138354,0,0,1.1675423234092235,1.1675423234092235,0.5837711617046117,2.918855808523059,0.5837711617046117,0,1.7513134851138354,0,0,1.1675423234092235,3.502626970227671,0.5837711617046117,0,0,1.1675423234092235,0,2.918855808523059,0.5837711617046117,0,1.1675423234092235,0.5837711617046117,0,0,0,0,0,1.1675423234092235,0,0,1.7513134851138354,0,0,0,0,0.5837711617046117,0.5837711617046117,1.1675423234092235,0,1.1675423234092235,1.7513134851138354,0,0,0,1.1675423234092235,0,0,1.1675423234092235,0.5837711617046117,0,0,0.5837711617046117,0,0,0.5837711617046117,0,0,2.335084646818447,0.5837711617046117,0.5837711617046117,1.1675423234092235,0,0.5837711617046117,0,0,0,0,0.5837711617046117,0,0,0,1.7513134851138354,0.5837711617046117,0,0.5837711617046117,0,0,0,0,2.335084646818447,0,0.5837711617046117,0.5837711617046117,0,5.837711617046118,0,0,0.5837711617046117,0,0,0,0,0.5837711617046117,0,0,0,0,0.5837711617046117,0,0,lenin
lenin_otvet_na_kritiku.txt,10.750061079892498,1.4659174199853406,0.2443195699975568,0,0.2443195699975568,0,0.9772782799902272,2.9318348399706813,27.608111409723918,0.9772782799902272,2.443195699975568,1.4659174199853406,0,0.9772782799902272,0.7329587099926703,0.7329587099926703,0.4886391399951136,3.664793549963352,1.4659174199853406,0.4886391399951136,2.6875152699731246,0.2443195699975568,3.664793549963352,2.443195699975568,1.9545565599804544,33.716100659662835,4.397752259956023,1.4659174199853406,4.886391399951136,2.6875152699731246,0.7329587099926703,1.221597849987784,2.6875152699731246,10.505741509894943,9.772782799902272,0,0,0,22.477400439775224,0.4886391399951136,0,0.7329587099926703,2.443195699975568,1.221597849987784,0.2443195699975568,3.909113119960909,1.221597849987784,4.642071829953579,0.9772782799902272,0.4886391399951136,5.863669679941363,0.2443195699975568,0.2443195699975568,0.7329587099926703,0.7329587099926703,0,0.2443195699975568,2.443195699975568,0.4886391399951136,0.7329587099926703,8.306865379916932,0.2443195699975568,0.2443195699975568,0.2443195699975568,0,0.7329587099926703,0,1.4659174199853406,1.7102369899828977,2.6875152699731246,0,1.4659174199853406,0.2443195699975568,1.7102369899828977,5.130710969948693,2.1988761299780113,1.4659174199853406,11.238700219887612,1.7102369899828977,6.352308819936478,2.1988761299780113,1.221597849987784,0.7329587099926703,8.306865379916932,0.2443195699975568,2.1988761299780113,1.4659174199853406,2.1988761299780113,2.1988761299780113,0.9772782799902272,0,0.7329587099926703,1.221597849987784,0.2443195699975568,1.221597849987784,0.2443195699975568,0.7329587099926703,0,0.2443195699975568,0.2443195699975568,0.2443195699975568,0,0.2443195699975568,1.4659174199853406,0.9772782799902272,0.4886391399951136,2.1988761299780113,2.6875152699731246,0.2443195699975568,0,0.9772782799902272,1.221597849987784,3.176154409968239,4.153432689958466,0.9772782799902272,0.4886391399951136,5.375030539946249,1.4659174199853406,0.4886391399951136,0.4886391399951136,0.4886391399951136,0,0.2443195699975568,0,1.221597849987784,0.2443195699975568,1.4659174199853406,0,0.7329587099926703,0.9772782799902272,0.2443195699975568,0,0.4886391399951136,0,1.221597849987784,1.221597849987784,0.4886391399951136,0.9772782799902272,2.6875152699731246,1.221597849987784,0.4886391399951136,0.7329587099926703,7.573906669924261,2.1988761299780113,0.2443195699975568,0.9772782799902272,0.4886391399951136,1.9545565599804544,0,0.4886391399951136,0,0,0.2443195699975568,0.2443195699975568,0.2443195699975568,0,0.2443195699975568,1.221597849987784,1.9545565599804544,2.6875152699731246,0.7329587099926703,0,0,0.4886391399951136,0,0,0.7329587099926703,0.9772782799902272,0.2443195699975568,0.2443195699975568,0,1.221597849987784,1.221597849987784,0,1.4659174199853406,0.7329587099926703,0,0.4886391399951136,0.9772782799902272,0.4886391399951136,0.2443195699975568,1.7102369899828977,0,0.4886391399951136,0,0.9772782799902272,4.397752259956023,1.4659174199853406,2.1988761299780113,0.2443195699975568,0.2443195699975568,0.2443195699975568,0.4886391399951136,1.4659174199853406,1.4659174199853406,1.221597849987784,1.4659174199853406,0.2443195699975568,0.9772782799902272,0.7329587099926703,0,1.221597849987784,0.9772782799902272,0,0.2443195699975568,0.9772782799902272,0.4886391399951136,0.7329587099926703,0.2443195699975568,1.9545565599804544,1.7102369899828977,3.176154409968239,0.7329587099926703,0.4886391399951136,0.2443195699975568,1.4659174199853406,0.2443195699975568,0.7329587099926703,0,0.4886391399951136,0.2443195699975568,1.4659174199853406,0.4886391399951136,0.7329587099926703,0.4886391399951136,0.7329587099926703,0,0.7329587099926703,0.4886391399951136,0.2443195699975568,0,0.4886391399951136,0.2443195699975568,2.6875152699731246,0,0.7329587099926703,0.4886391399951136,1.4659174199853406,0,0.7329587099926703,2.443195699975568,1.4659174199853406,0.2443195699975568,0.4886391399951136,0.9772782799902272,0.4886391399951136,0,0.2443195699975568,0.2443195699975568,0.4886391399951136,0,0.7329587099926703,0.9772782799902272,0.4886391399951136,0.4886391399951136,0,0,0,1.221597849987784,0.9772782799902272,0.9772782799902272,1.9545565599804544,0.2443195699975568,0,0,4.153432689958466,0.4886391399951136,0.4886391399951136,0,1.4659174199853406,0.2443195699975568,0.2443195699975568,0.2443195699975568,0,0,4.886391399951136,1.221597849987784,0.4886391399951136,0,1.7102369899828977,0,0,0,0.2443195699975568,0.4886391399951136,0,0.7329587099926703,0.2443195699975568,0,0.2443195699975568,0.2443195699975568,0.4886391399951136,0,0.2443195699975568,0,7.573906669924261,0.4886391399951136,0.2443195699975568,0,0,lenin
lenin_padenie_port_artura.txt,6.354970494779845,0.9078529278256923,0.45392646391284613,0,0,0,0.9078529278256923,0.45392646391284613,20.426690876078077,1.3617793917385383,2.7235587834770767,3.631411711302769,1.3617793917385383,0.45392646391284613,1.8157058556513845,1.3617793917385383,0,3.631411711302769,3.631411711302769,0,1.3617793917385383,0.9078529278256923,1.3617793917385383,1.8157058556513845,5.447117566954153,39.491602360417616,3.1774852473899227,0.45392646391284613,5.901044030866999,0.9078529278256923,2.7235587834770767,1.3617793917385383,1.8157058556513845,1.3617793917385383,10.894235133908307,0.45392646391284613,2.2696323195642307,1.3617793917385383,15.887426236949615,0,0.45392646391284613,0.45392646391284613,6.808896958692692,0.9078529278256923,0.45392646391284613,1.3617793917385383,0,4.5392646391284615,0,0.9078529278256923,4.5392646391284615,0.45392646391284613,2.2696323195642307,0.45392646391284613,0.9078529278256923,0,0.9078529278256923,3.1774852473899227,0,0,8.624602814344076,0,0.9078529278256923,0.45392646391284613,0.9078529278256923,2.2696323195642307,0.45392646391284613,0.9078529278256923,0.9078529278256923,3.631411711302769,0.9078529278256923,0.45392646391284613,5.447117566954153,2.2696323195642307,5.447117566954153,1.8157058556513845,2.7235587834770767,10.44030866999546,0.9078529278256923,2.7235587834770767,0.9078529278256923,2.7235587834770767,1.3617793917385383,2.2696323195642307,0.45392646391284613,0.9078529278256923,3.1774852473899227,1.8157058556513845,0.9078529278256923,0,0,0.9078529278256923,1.8157058556513845,0.45392646391284613,0.45392646391284613,0,0,0,0.45392646391284613,0.9078529278256923,0,0.45392646391284613,0,0.9078529278256923,0,2.2696323195642307,3.1774852473899227,4.5392646391284615,0,0,0,1.8157058556513845,0,1.3617793917385383,0.45392646391284613,0.45392646391284613,1.8157058556513845,0.45392646391284613,0,0,1.3617793917385383,0.9078529278256923,0.9078529278256923,1.3617793917385383,1.3617793917385383,2.2696323195642307,1.3617793917385383,0.45392646391284613,0,0,0.9078529278256923,0,0.9078529278256923,0,0.45392646391284613,0,0.9078529278256923,0.45392646391284613,0.9078529278256923,0.9078529278256923,0,0,5.901044030866999,0,0,0.9078529278256923,2.7235587834770767,1.3617793917385383,0.9078529278256923,0.45392646391284613,1.3617793917385383,1.8157058556513845,0,0,0.9078529278256923,0,0.9078529278256923,1.8157058556513845,2.2696323195642307,1.8157058556513845,0,0,0.45392646391284613,0.45392646391284613,3.631411711302769,0.9078529278256923,0.45392646391284613,4.993191103041307,2.7235587834770767,0.45392646391284613,0.9078529278256923,2.2696323195642307,0,0,0,2.2696323195642307,0.45392646391284613,0.45392646391284613,0.45392646391284613,0,0,1.3617793917385383,0,0.9078529278256923,0.45392646391284613,0.9078529278256923,3.1774852473899227,0,1.3617793917385383,0.45392646391284613,0,0,0,2.7235587834770767,0.9078529278256923,0.9078529278256923,1.3617793917385383,0,1.3617793917385383,0.9078529278256923,0,0,0,0,0.9078529278256923,0.45392646391284613,0.9078529278256923,0.9078529278256923,0.9078529278256923,0,0.45392646391284613,0.45392646391284613,1.3617793917385383,0,0.45392646391284613,0.45392646391284613,0.45392646391284613,0.45392646391284613,0.45392646391284613,0,0.9078529278256923,0,0.9078529278256923,0,0,0.45392646391284613,0.9078529278256923,0,0,0,0.9078529278256923,0,0,0,0.45392646391284613,0,0.9078529278256923,0.45392646391284613,0,1.8157058556513845,0.45392646391284613,0.9078529278256923,0.9078529278256923,0.45392646391284613,0.9078529278256923,0.45392646391284613,0,1.8157058556513845,0,0,0.45392646391284613,1.3617793917385383,1.3617793917385383,0.45392646391284613,0,1.3617793917385383,0.45392646391284613,0.45392646391284613,0,0,0,0.45392646391284613,0.9078529278256923,0,0,0,0,0.45392646391284613,0,0.45392646391284613,0,0.45392646391284613,0,0,0.45392646391284613,0,0,0,0,0.45392646391284613,0,0,0,0.9078529278256923,5.901044030866999,0.45392646391284613,0.45392646391284613,0,0,0,0,0,0,0,0,0,0,0,7.262823422605538,0,lenin
lenin_partiynaya_organizaciya_i_literatura.txt,4.74898236092266,1.3568521031207597,0,0.6784260515603798,0,0.6784260515603798,0.6784260515603798,0,23.066485753052916,0.6784260515603798,6.1058344640434195,1.3568521031207597,1.3568521031207597,0.6784260515603798,2.7137042062415193,6.1058344640434195,3.3921302578018997,5.427408412483039,2.03527815468114,0,1.3568521031207597,1.3568521031207597,1.3568521031207597,3.3921302578018997,5.427408412483039,43.41926729986431,2.03527815468114,0,3.3921302578018997,0.6784260515603798,2.7137042062415193,0.6784260515603798,5.427408412483039,7.462686567164179,6.1058344640434195,0,0,0,20.3527815468114,0,0.6784260515603798,2.7137042062415193,6.784260515603799,0,0.6784260515603798,0.6784260515603798,1.3568521031207597,10.854816824966077,6.784260515603799,0.6784260515603798,2.03527815468114,0,0.6784260515603798,2.03527815468114,0,0.6784260515603798,1.3568521031207597,0.6784260515603798,2.03527815468114,1.3568521031207597,8.819538670284938,0,0.6784260515603798,0,0.6784260515603798,0,0,0,7.462686567164179,1.3568521031207597,0.6784260515603798,0,2.7137042062415193,3.3921302578018997,4.07055630936228,3.3921302578018997,0.6784260515603798,6.784260515603799,4.74898236092266,8.819538670284938,2.03527815468114,0.6784260515603798,0,2.7137042062415193,0.6784260515603798,7.462686567164179,4.07055630936228,0.6784260515603798,1.3568521031207597,0,0,0,2.03527815468114,1.3568521031207597,0.6784260515603798,0,0,0.6784260515603798,0.6784260515603798,1.3568521031207597,0,2.7137042062415193,2.7137042062415193,2.7137042062415193,0.6784260515603798,4.74898236092266,2.7137042062415193,2.7137042062415193,0,0.6784260515603798,0,0,0.6784260515603798,8.14111261872456,0,0,2.7137042062415193,0.6784260515603798,1.3568521031207597,0,0,0.6784260515603798,1.3568521031207597,0,2.7137042062415193,2.03527815468114,2.7137042062415193,0,0,0,3.3921302578018997,0,1.3568521031207597,0.6784260515603798,0.6784260515603798,0.6784260515603798,3.3921302578018997,0.6784260515603798,0.6784260515603798,0.6784260515603798,1.3568521031207597,0.6784260515603798,4.07055630936228,0.6784260515603798,1.3568521031207597,0,2.03527815468114,0.6784260515603798,2.03527815468114,0,0,0.6784260515603798,0,0,0,0,1.3568521031207597,3.3921302578018997,3.3921302578018997,0,0.6784260515603798,0.6784260515603798,0,0,1.3568521031207597,0.6784260515603798,0.6784260515603798,3.3921302578018997,0,0,6.1058344640434195,0.6784260515603798,0,0,0,0.6784260515603798,0,0.6784260515603798,2.03527815468114,2.03527815468114,0,0,0,2.7137042062415193,0.6784260515603798,0,4.74898236092266,2.03527815468114,2.7137042062415193,0,0,0,0,0.6784260515603798,0.6784260515603798,1.3568521031207597,0.6784260515603798,0,1.3568521031207597,1.3568521031207597,0,4.07055630936228,1.3568521031207597,0,0,0.6784260515603798,0,2.03527815468114,4.74898236092266,0,0.6784260515603798,0,0,0,1.3568521031207597,0.6784260515603798,0.6784260515603798,1.3568521031207597,0,0,0,0.6784260515603798,0.6784260515603798,0,0,0,0,0.6784260515603798,0,0,0.6784260515603798,0,0,2.03527815468114,0,0.6784260515603798,1.3568521031207597,0.6784260515603798,0,0.6784260515603798,0,0,2.03527815468114,0,1.3568521031207597,0,0,0.6784260515603798,0,0.6784260515603798,0,0,0,0.6784260515603798,2.7137042062415193,0,0,0,0,0,0,0.6784260515603798,0,0,0,0,0.6784260515603798,1.3568521031207597,0.6784260515603798,0,2.03527815468114,0.6784260515603798,0.6784260515603798,1.3568521031207597,0.6784260515603798,0,0,0,0,0,2.7137042062415193,0,0,0,1.3568521031207597,0.6784260515603798,0,0,0,0.6784260515603798,0,0,0.6784260515603798,2.03527815468114,0,0,0,1.3568521031207597,0,0,lenin
lenin_pervaya_pobeda_revolucii.txt,3.1039834454216244,0.5173305742369374,1.0346611484738748,1.0346611484738748,2.0693222969477496,0,0.5173305742369374,2.586652871184687,28.453181583031558,1.0346611484738748,3.621314019658562,1.0346611484738748,0,2.0693222969477496,2.586652871184687,1.5519917227108122,0.5173305742369374,3.621314019658562,3.621314019658562,0.5173305742369374,2.586652871184687,1.0346611484738748,0.5173305742369374,2.586652871184687,4.655975168132437,34.143817899637874,4.655975168132437,1.0346611484738748,2.586652871184687,3.621314019658562,2.586652871184687,0.5173305742369374,1.5519917227108122,3.1039834454216244,10.346611484738748,0,1.5519917227108122,1.5519917227108122,17.58923952405587,0,0,1.5519917227108122,5.173305742369374,1.5519917227108122,0,1.5519917227108122,3.1039834454216244,5.690636316606311,0.5173305742369374,2.0693222969477496,3.1039834454216244,0,0,0,0,1.0346611484738748,3.1039834454216244,1.0346611484738748,0.5173305742369374,1.5519917227108122,7.759958613554061,0,2.0693222969477496,0.5173305742369374,2.586652871184687,0.5173305742369374,1.0346611484738748,0,2.0693222969477496,0.5173305742369374,0.5173305742369374,0.5173305742369374,4.138644593895499,1.0346611484738748,6.207966890843249,1.5519917227108122,5.173305742369374,8.794619762027935,2.586652871184687,4.655975168132437,0.5173305742369374,3.621314019658562,2.0693222969477496,2.0693222969477496,0,1.0346611484738748,2.586652871184687,0,0.5173305742369374,0.5173305742369374,0,0,3.1039834454216244,1.0346611484738748,0,0,0.5173305742369374,0.5173305742369374,0,0.5173305742369374,0.5173305742369374,1.0346611484738748,0,1.5519917227108122,1.0346611484738748,4.138644593895499,1.5519917227108122,11.89860320744956,0,0.5173305742369374,0.5173305742369374,0,1.0346611484738748,1.5519917227108122,0,0,4.138644593895499,0,0,0,0,0.5173305742369374,0.5173305742369374,0,1.5519917227108122,0.5173305742369374,0.5173305742369374,1.0346611484738748,0.5173305742369374,0,0,0,0,0,1.0346611484738748,0,0.5173305742369374,0,0,1.0346611484738748,0,0,6.725297465080186,0.5173305742369374,0,0.5173305742369374,1.0346611484738748,0.5173305742369374,2.0693222969477496,0,1.0346611484738748,1.0346611484738748,0,0,2.0693222969477496,0.5173305742369374,0.5173305742369374,2.0693222969477496,2.586652871184687,1.0346611484738748,0,3.1039834454216244,1.0346611484738748,1.0346611484738748,6.207966890843249,1.0346611484738748,0.5173305742369374,3.1039834454216244,3.1039834454216244,0,3.621314019658562,1.5519917227108122,0.5173305742369374,0,1.0346611484738748,0.5173305742369374,1.0346611484738748,0,2.0693222969477496,0,0,1.0346611484738748,0,0.5173305742369374,0,0,5.173305742369374,0,0.5173305742369374,1.0346611484738748,0.5173305742369374,0,0,0.5173305742369374,2.0693222969477496,0,0,0,1.5519917227108122,0,0.5173305742369374,1.5519917227108122,1.5519917227108122,0.5173305742369374,0,0,0.5173305742369374,0.5173305742369374,0.5173305742369374,0,0.5173305742369374,0,2.0693222969477496,0.5173305742369374,0,1.5519917227108122,0,0,0.5173305742369374,0.5173305742369374,0,0,0.5173305742369374,0,0.5173305742369374,0,0,0,2.0693222969477496,0,0.5173305742369374,1.0346611484738748,0.5173305742369374,0,1.0346611484738748,0,1.5519917227108122,0.5173305742369374,1.5519917227108122,1.5519917227108122,0.5173305742369374,0,1.0346611484738748,0.5173305742369374,1.0346611484738748,0,0,0.5173305742369374,0,0.5173305742369374,0,0.5173305742369374,0,0.5173305742369374,0,0.5173305742369374,0.5173305742369374,0.5173305742369374,0.5173305742369374,0,0,0,0.5173305742369374,0,0,0,0,1.0346611484738748,0.5173305742369374,1.0346611484738748,0,0,1.0346611484738748,0,0.5173305742369374,0,0,0,0,0,0.5173305742369374,1.0346611484738748,0,0,1.0346611484738748,0.5173305742369374,0,0.5173305742369374,0,0,0,0.5173305742369374,0,0,0,0.5173305742369374,0,2.586652871184687,0,0,lenin
lenin_pismo_v_iskru_I.txt,2.640845070422535,1.7605633802816902,0.8802816901408451,0,1.7605633802816902,0,1.7605633802816902,1.7605633802816902,22.007042253521124,0.8802816901408451,4.401408450704226,3.5211267605633805,0,4.401408450704226,2.640845070422535,0.8802816901408451,0,9.683098591549294,2.640845070422535,0.8802816901408451,0.8802816901408451,0,0.8802816901408451,1.7605633802816902,5.28169014084507,44.8943661971831,6.161971830985915,5.28169014084507,1.7605633802816902,3.5211267605633805,5.28169014084507,0,0.8802816901408451,6.161971830985915,15.84507042253521,0.8802816901408451,0,0,19.36619718309859,0.8802816901408451,3.5211267605633805,0,5.28169014084507,0.8802816901408451,0,1.7605633802816902,0,12.32394366197183,7.922535211267605,2.640845070422535,11.443661971830986,0.8802816901408451,0,0.8802816901408451,0.8802816901408451,0,0,0.8802816901408451,0,0,8.802816901408452,0,0.8802816901408451,0.8802816901408451,0,0.8802816901408451,0.8802816901408451,0.8802816901408451,1.7605633802816902,1.7605633802816902,0.8802816901408451,1.7605633802816902,0,6.161971830985915,9.683098591549294,1.7605633802816902,1.7605633802816902,6.161971830985915,16.725352112676056,3.5211267605633805,0,2.640845070422535,0,5.28169014084507,0,2.640845070422535,1.7605633802816902,1.7605633802816902,0.8802816901408451,0,0,2.640845070422535,2.640845070422535,0.8802816901408451,0,0,0,0,1.7605633802816902,0,0,0,0.8802816901408451,2.640845070422535,0,0,0,0,0.8802816901408451,0,0,0.8802816901408451,0,8.802816901408452,0.8802816901408451,0.8802816901408451,15.84507042253521,0.8802816901408451,0,0,0,0,0,0,0,0.8802816901408451,0,0,1.7605633802816902,1.7605633802816902,0,0,0,0,2.640845070422535,0.8802816901408451,6.161971830985915,0,0.8802816901408451,1.7605633802816902,0.8802816901408451,0.8802816901408451,3.5211267605633805,0,0,0,4.401408450704226,3.5211267605633805,0,2.640845070422535,0,0,0,0,0,0,0,0,0,0,0,3.5211267605633805,0,0.8802816901408451,0,0,0,0,0,0.8802816901408451,0,1.7605633802816902,0,0.8802816901408451,1.7605633802816902,0,0,0,0,0,0,1.7605633802816902,0,0,0.8802816901408451,1.7605633802816902,5.28169014084507,0.8802816901408451,0,0.8802816901408451,0,0,0,0.8802816901408451,1.7605633802816902,0.8802816901408451,0,0,0.8802816901408451,0,0,3.5211267605633805,0,0,0.8802816901408451,0.8802816901408451,0,2.640845070422535,0.8802816901408451,0,0.8802816901408451,6.161971830985915,0,1.7605633802816902,0,1.7605633802816902,4.401408450704226,0,2.640845070422535,0,0.8802816901408451,0,0,0,0.8802816901408451,0,0,1.7605633802816902,2.640845070422535,1.7605633802816902,0.8802816901408451,0.8802816901408451,1.7605633802816902,0.8802816901408451,2.640845070422535,0,2.640845070422535,0.8802816901408451,0,0,1.7605633802816902,0,0,0.8802816901408451,1.7605633802816902,0.8802816901408451,1.7605633802816902,0,0,0,0,0.8802816901408451,0,0,2.640845070422535,0,1.7605633802816902,0,1.7605633802816902,3.5211267605633805,0,1.7605633802816902,0,0,0,0,0,0,0,0,0,0.8802816901408451,0,0,0,0,0.8802816901408451,0,0,0,0,1.7605633802816902,0,0,0,0,0,0,0,0.8802816901408451,0,0,1.7605633802816902,0.8802816901408451,0,0,0,0,0,0,lenin
lenin_po_povodu_bunda_I.txt,7.571345369831101,1.1648223645894002,1.1648223645894002,1.1648223645894002,0,0,0,4.659289458357601,30.867792661619106,1.1648223645894002,0.5824111822947001,0.5824111822947001,2.9120559114735003,4.076878276062901,1.1648223645894002,1.7472335468841003,2.3296447291788005,1.7472335468841003,2.3296447291788005,1.1648223645894002,5.241700640652301,0.5824111822947001,3.4944670937682005,1.7472335468841003,1.7472335468841003,33.1974373907979,3.4944670937682005,1.1648223645894002,5.241700640652301,1.7472335468841003,0.5824111822947001,0,0.5824111822947001,12.2306348281887,11.0658124635993,0.5824111822947001,0,0,28.538147932440303,0.5824111822947001,0,0,4.659289458357601,1.1648223645894002,0.5824111822947001,4.659289458357601,1.1648223645894002,5.824111822947001,4.076878276062901,1.7472335468841003,8.736167734420501,0,1.7472335468841003,1.1648223645894002,0,0,0,0,0,0,10.483401281304602,2.3296447291788005,3.4944670937682005,0,0,0,0,0,4.659289458357601,1.1648223645894002,0,0.5824111822947001,0.5824111822947001,0.5824111822947001,1.7472335468841003,0,2.9120559114735003,22.714036109493303,1.1648223645894002,5.241700640652301,1.1648223645894002,0.5824111822947001,0,5.824111822947001,1.7472335468841003,1.1648223645894002,1.1648223645894002,1.1648223645894002,1.7472335468841003,1.1648223645894002,0.5824111822947001,0,0,0.5824111822947001,1.7472335468841003,0.5824111822947001,1.1648223645894002,0,0.5824111822947001,0,0,0.5824111822947001,0.5824111822947001,0.5824111822947001,0,0,0.5824111822947001,2.3296447291788005,0,0,0,0,2.9120559114735003,4.076878276062901,0,1.1648223645894002,3.4944670937682005,0,0,0,2.9120559114735003,0,1.1648223645894002,0,0.5824111822947001,0,1.1648223645894002,0,0.5824111822947001,0.5824111822947001,0,0,0.5824111822947001,0,3.4944670937682005,1.1648223645894002,0,0.5824111822947001,0.5824111822947001,1.7472335468841003,0,0.5824111822947001,8.736167734420501,0.5824111822947001,0,0.5824111822947001,0,1.1648223645894002,1.1648223645894002,1.7472335468841003,1.1648223645894002,0.5824111822947001,0,0,0.5824111822947001,0.5824111822947001,1.1648223645894002,0.5824111822947001,1.1648223645894002,1.7472335468841003,0,0,0.5824111822947001,0.5824111822947001,0,0.5824111822947001,0,1.7472335468841003,0.5824111822947001,0,0,0.5824111822947001,0,1.7472335468841003,0,0.5824111822947001,0,2.3296447291788005,0.5824111822947001,0,0,1.1648223645894002,1.7472335468841003,0.5824111822947001,0,0.5824111822947001,4.076878276062901,1.1648223645894002,1.7472335468841003,0,0.5824111822947001,0,0.5824111822947001,2.3296447291788005,1.7472335468841003,1.1648223645894002,1.1648223645894002,0,1.1648223645894002,0,0,0.5824111822947001,2.9120559114735003,0,1.7472335468841003,0,1.1648223645894002,0.5824111822947001,0.5824111822947001,0,0,1.7472335468841003,0,0.5824111822947001,0,2.9120559114735003,0,0.5824111822947001,0,1.1648223645894002,0,1.7472335468841003,1.1648223645894002,0,0,0,1.1648223645894002,0,3.4944670937682005,0,0,0,1.1648223645894002,0,0,0,0,0,0.5824111822947001,0,4.659289458357601,0,0.5824111822947001,0.5824111822947001,0,0.5824111822947001,2.9120559114735003,0.5824111822947001,0,0.5824111822947001,1.7472335468841003,0,0,1.1648223645894002,0.5824111822947001,0,1.1648223645894002,0,0.5824111822947001,0.5824111822947001,1.1648223645894002,1.1648223645894002,1.7472335468841003,3.4944670937682005,1.7472335468841003,0,1.1648223645894002,1.1648223645894002,0,0.5824111822947001,1.1648223645894002,0,1.1648223645894002,0,0,0,0,0.5824111822947001,1.1648223645894002,0.5824111822947001,5.824111822947001,0,0.5824111822947001,0,0,1.1648223645894002,1.7472335468841003,1.1648223645894002,0,0,0,0,0,0,0,0,0,0,0,5.241700640652301,lenin
lenin_pochemu_quit.txt,4.519774011299435,1.1299435028248588,0,0,0,0.5649717514124294,0.5649717514124294,3.389830508474576,35.59322033898305,0,1.694915254237288,0,0.5649717514124294,2.824858757062147,1.694915254237288,1.1299435028248588,0,1.694915254237288,1.694915254237288,0,2.824858757062147,0,1.1299435028248588,2.824858757062147,2.2598870056497176,42.93785310734463,7.909604519774011,0,4.519774011299435,1.1299435028248588,1.694915254237288,2.2598870056497176,0,4.519774011299435,17.51412429378531,0,0,0,11.864406779661017,0.5649717514124294,0.5649717514124294,0,3.389830508474576,1.694915254237288,1.1299435028248588,0.5649717514124294,0.5649717514124294,2.2598870056497176,8.474576271186441,0,11.299435028248588,0,3.9548022598870056,2.2598870056497176,0.5649717514124294,0,0,3.389830508474576,2.2598870056497176,0,6.779661016949152,0,1.694915254237288,0,0,0.5649717514124294,0,1.1299435028248588,0.5649717514124294,2.2598870056497176,0.5649717514124294,1.1299435028248588,1.1299435028248588,3.389830508474576,3.9548022598870056,0,2.824858757062147,13.559322033898304,0.5649717514124294,5.649717514124294,1.1299435028248588,0.5649717514124294,0.5649717514124294,2.2598870056497176,1.1299435028248588,0.5649717514124294,2.824858757062147,0.5649717514124294,1.694915254237288,0,0.5649717514124294,0.5649717514124294,0.5649717514124294,0.5649717514124294,0,0,0,0,0,0,0,0,0.5649717514124294,0,0.5649717514124294,0.5649717514124294,0.5649717514124294,3.9548022598870056,0,0,0,0,0,1.1299435028248588,0,0.5649717514124294,6.779661016949152,1.694915254237288,0,0,0.5649717514124294,0,1.1299435028248588,0,0.5649717514124294,0,2.824858757062147,0.5649717514124294,0,0.5649717514124294,0,0.5649717514124294,0,0,0,1.1299435028248588,2.2598870056497176,1.694915254237288,0,1.694915254237288,1.694915254237288,0,10.734463276836157,2.824858757062147,0,1.1299435028248588,0.5649717514124294,0,2.2598870056497176,1.1299435028248588,1.694915254237288,1.1299435028248588,0,0.5649717514124294,0,0,0.5649717514124294,0,0,3.389830508474576,0.5649717514124294,0,0,2.2598870056497176,0,0,0,1.1299435028248588,0,0,0,0,0,0,0,1.1299435028248588,0,0,1.1299435028248588,1.694915254237288,0.5649717514124294,1.1299435028248588,3.9548022598870056,0,0.5649717514124294,0,2.2598870056497176,1.1299435028248588,2.2598870056497176,0,0,0,0.5649717514124294,0,2.2598870056497176,0.5649717514124294,3.389830508474576,0.5649717514124294,0.5649717514124294,0,2.824858757062147,0,1.1299435028248588,0,0,0,0,0.5649717514124294,2.2598870056497176,1.1299435028248588,0,1.1299435028248588,1.1299435028248588,0.5649717514124294,0,2.824858757062147,0,0.5649717514124294,0,0,0,0,1.1299435028248588,2.2598870056497176,0.5649717514124294,0.5649717514124294,0,1.1299435028248588,0,1.1299435028248588,0.5649717514124294,0.5649717514124294,0,3.9548022598870056,1.1299435028248588,0,0,0,1.1299435028248588,0.5649717514124294,4.519774011299435,0,1.1299435028248588,0,1.1299435028248588,0.5649717514124294,3.9548022598870056,1.1299435028248588,0,0,0,0.5649717514124294,1.1299435028248588,0,0.5649717514124294,0,0.5649717514124294,0.5649717514124294,1.694915254237288,1.1299435028248588,3.9548022598870056,0.5649717514124294,0,10.169491525423728,3.9548022598870056,0,0,0,0,0,0.5649717514124294,0.5649717514124294,0.5649717514124294,0,0,0,0,0.5649717514124294,0.5649717514124294,1.1299435028248588,0.5649717514124294,0,0,0,0,0,0.5649717514124294,0,0.5649717514124294,0.5649717514124294,0,0,4.519774011299435,0.5649717514124294,0,0,0,0,0,6.214689265536723,lenin
lenin_polozhenie_bunda_I.txt,7.440957618893562,0.6470397929472663,0.32351989647363316,0,0.6470397929472663,0.9705596894208993,0,0.6470397929472663,31.381429957942416,1.2940795858945326,2.264639275315432,1.9411193788417986,0.32351989647363316,1.9411193788417986,1.6175994823681656,0,0,1.6175994823681656,0.32351989647363316,1.2940795858945326,3.8822387576835973,0.9705596894208993,2.9116790682626985,5.823358136525397,4.205758654157231,32.028469750889684,5.499838240051763,2.9116790682626985,7.440957618893562,1.2940795858945326,2.264639275315432,1.6175994823681656,1.9411193788417986,2.264639275315432,9.058557101261728,0.9705596894208993,0.9705596894208993,1.9411193788417986,12.940795858945325,0.6470397929472663,0,2.264639275315432,2.9116790682626985,1.6175994823681656,0.9705596894208993,2.5881591717890653,0.9705596894208993,1.9411193788417986,9.705596894208993,0.9705596894208993,5.176318343578131,0,0,0.6470397929472663,0.32351989647363316,0,0,2.264639275315432,0.32351989647363316,0.6470397929472663,8.087997411840828,0,0,0,0.32351989647363316,0.6470397929472663,0,1.9411193788417986,4.205758654157231,0.6470397929472663,0.32351989647363316,0.9705596894208993,0.32351989647363316,2.264639275315432,5.499838240051763,1.2940795858945326,1.2940795858945326,13.26431575541896,0.9705596894208993,6.146878032999029,2.5881591717890653,0.9705596894208993,0.32351989647363316,3.8822387576835973,0.6470397929472663,1.9411193788417986,2.264639275315432,0.6470397929472663,2.5881591717890653,0.32351989647363316,0.32351989647363316,0,0.6470397929472663,0,0.6470397929472663,0.9705596894208993,1.2940795858945326,0.32351989647363316,0.6470397929472663,2.264639275315432,0,0.32351989647363316,0,0.6470397929472663,0.32351989647363316,2.5881591717890653,3.558718861209964,2.9116790682626985,0.6470397929472663,0.32351989647363316,0.32351989647363316,0,0.6470397929472663,1.9411193788417986,0.32351989647363316,0.6470397929472663,10.999676480103526,0,0,0,0.32351989647363316,0.6470397929472663,0.9705596894208993,0.6470397929472663,0.32351989647363316,0.32351989647363316,1.2940795858945326,0,0,1.2940795858945326,0,0,0,0.9705596894208993,1.2940795858945326,0.6470397929472663,0.6470397929472663,0,0.6470397929472663,2.9116790682626985,0.32351989647363316,1.2940795858945326,3.2351989647363313,2.264639275315432,0,0,0.6470397929472663,3.2351989647363313,0.9705596894208993,0.32351989647363316,0.6470397929472663,1.6175994823681656,0,0,0.9705596894208993,0,0,0.9705596894208993,7.440957618893562,1.9411193788417986,0.6470397929472663,0,0.6470397929472663,0.6470397929472663,0,0.32351989647363316,0,1.2940795858945326,0,0,0.32351989647363316,0.9705596894208993,1.6175994823681656,0,0.32351989647363316,0.9705596894208993,0.32351989647363316,0,0.32351989647363316,0.32351989647363316,0,0,0,0,0.32351989647363316,1.2940795858945326,5.176318343578131,0.6470397929472663,1.2940795858945326,0,1.2940795858945326,0,0.6470397929472663,1.2940795858945326,1.2940795858945326,0.9705596894208993,0.6470397929472663,0.32351989647363316,0.9705596894208993,0.32351989647363316,0,0.9705596894208993,0.9705596894208993,0,0.9705596894208993,0.32351989647363316,0,0.32351989647363316,2.264639275315432,0.6470397929472663,0.32351989647363316,2.5881591717890653,0.32351989647363316,0.9705596894208993,1.2940795858945326,1.9411193788417986,0.9705596894208993,0.32351989647363316,0,0.6470397929472663,0.6470397929472663,0.32351989647363316,0.6470397929472663,0.32351989647363316,2.5881591717890653,0.32351989647363316,0.6470397929472663,0.32351989647363316,0,0.32351989647363316,0.32351989647363316,0.6470397929472663,0.32351989647363316,2.264639275315432,0,0.6470397929472663,0.9705596894208993,0.32351989647363316,0.6470397929472663,1.6175994823681656,1.9411193788417986,1.6175994823681656,1.2940795858945326,0,1.2940795858945326,1.9411193788417986,0.6470397929472663,1.2940795858945326,0,0.32351989647363316,0,1.2940795858945326,0,0,0.9705596894208993,0,0,2.9116790682626985,0.9705596894208993,0.6470397929472663,0.32351989647363316,1.6175994823681656,0.6470397929472663,0.6470397929472663,0,0,0.32351989647363316,1.2940795858945326,0.32351989647363316,0,0.32351989647363316,0.6470397929472663,0,0,0,0,0,0.6470397929472663,0,0.32351989647363316,0.32351989647363316,0,0,0,0,0,0.6470397929472663,0,0.32351989647363316,0,0.32351989647363316,0.6470397929472663,1.9411193788417986,1.2940795858945326,0,0,0,0,0,0,lenin
lenin_pril_k_chto_delat'_I.txt,3.668763102725367,0,0,2.0964360587002098,0,1.0482180293501049,0,1.5723270440251573,34.59119496855346,1.0482180293501049,2.0964360587002098,0,0,1.5723270440251573,1.0482180293501049,3.668763102725367,0,2.620545073375262,1.5723270440251573,0,4.716981132075471,0.5241090146750524,0.5241090146750524,2.0964360587002098,4.716981132075471,35.63941299790356,4.1928721174004195,1.0482180293501049,2.620545073375262,1.5723270440251573,2.620545073375262,0.5241090146750524,0.5241090146750524,6.813417190775681,17.29559748427673,0,0,0,14.675052410901468,0,0,0,2.0964360587002098,3.668763102725367,0,1.0482180293501049,0,6.813417190775681,1.0482180293501049,0,3.1446540880503147,1.0482180293501049,3.1446540880503147,0.5241090146750524,0.5241090146750524,0,0,2.0964360587002098,0.5241090146750524,0,14.150943396226415,1.5723270440251573,0,0,0,0.5241090146750524,0,1.5723270440251573,5.241090146750524,2.620545073375262,0.5241090146750524,2.620545073375262,0.5241090146750524,1.0482180293501049,5.241090146750524,1.0482180293501049,2.0964360587002098,17.81970649895178,1.5723270440251573,4.1928721174004195,0.5241090146750524,0.5241090146750524,3.668763102725367,2.620545073375262,2.0964360587002098,0.5241090146750524,1.0482180293501049,0.5241090146750524,0.5241090146750524,0,0,1.0482180293501049,0,0,0.5241090146750524,1.5723270440251573,0,0,2.0964360587002098,1.0482180293501049,0.5241090146750524,0.5241090146750524,0,0.5241090146750524,0.5241090146750524,1.0482180293501049,0.5241090146750524,2.620545073375262,0,0,0,0,2.0964360587002098,1.5723270440251573,0,0,8.385744234800839,0.5241090146750524,0,0,0,0.5241090146750524,0.5241090146750524,0,1.0482180293501049,0.5241090146750524,0,0,0.5241090146750524,0,0,0,0.5241090146750524,0,1.0482180293501049,1.0482180293501049,1.5723270440251573,1.5723270440251573,1.5723270440251573,3.1446540880503147,1.5723270440251573,0,6.813417190775681,0.5241090146750524,0,0.5241090146750524,0.5241090146750524,2.0964360587002098,2.0964360587002098,1.0482180293501049,0.5241090146750524,1.0482180293501049,0.5241090146750524,0,0,0.5241090146750524,1.0482180293501049,0,1.5723270440251573,3.1446540880503147,0.5241090146750524,0,0,1.0482180293501049,0,1.0482180293501049,1.0482180293501049,0.5241090146750524,0,0.5241090146750524,0,1.0482180293501049,0,1.5723270440251573,1.5723270440251573,0.5241090146750524,0,0,2.0964360587002098,0.5241090146750524,1.0482180293501049,2.620545073375262,0.5241090146750524,0.5241090146750524,0.5241090146750524,1.5723270440251573,4.716981132075471,0.5241090146750524,1.0482180293501049,0,0.5241090146750524,2.620545073375262,2.0964360587002098,0.5241090146750524,2.620545073375262,1.0482180293501049,0,0,0.5241090146750524,1.0482180293501049,2.620545073375262,0,1.5723270440251573,0,0.5241090146750524,0,0.5241090146750524,1.0482180293501049,3.1446540880503147,0.5241090146750524,0.5241090146750524,4.716981132075471,0.5241090146750524,1.0482180293501049,0.5241090146750524,0.5241090146750524,0.5241090146750524,0,0,0.5241090146750524,0.5241090146750524,0.5241090146750524,0.5241090146750524,1.5723270440251573,0,0,0.5241090146750524,1.5723270440251573,0,0.5241090146750524,0,0,0.5241090146750524,1.5723270440251573,0,0.5241090146750524,0,0,0,1.0482180293501049,1.0482180293501049,0.5241090146750524,1.0482180293501049,0.5241090146750524,0.5241090146750524,0,5.765199161425576,0,0.5241090146750524,0,0.5241090146750524,0.5241090146750524,0.5241090146750524,0,0,0,0,0.5241090146750524,2.0964360587002098,1.5723270440251573,0,0,0,2.0964360587002098,2.0964360587002098,0,0,0,0.5241090146750524,0,0,1.5723270440251573,1.0482180293501049,0.5241090146750524,0,0,0,0.5241090146750524,1.0482180293501049,0,0,0,0.5241090146750524,0,0,0,0.5241090146750524,0.5241090146750524,1.0482180293501049,0,1.5723270440251573,0,3.1446540880503147,3.1446540880503147,0,0,1.0482180293501049,0,0.5241090146750524,0,lenin
lenin_proekt_ustava_rsdrp.txt,6.896551724137931,0,0,0,0,0,0,2.2988505747126435,29.885057471264368,0,13.793103448275861,2.2988505747126435,2.2988505747126435,2.2988505747126435,0,4.597701149425287,0,4.597701149425287,2.2988505747126435,0,4.597701149425287,0,6.896551724137931,0,4.597701149425287,57.47126436781609,6.896551724137931,4.597701149425287,9.195402298850574,0,0,0,0,0,11.494252873563218,0,0,0,9.195402298850574,0,0,0,0,0,0,4.597701149425287,0,0,29.885057471264368,0,4.597701149425287,0,0,0,0,0,0,2.2988505747126435,0,0,4.597701149425287,0,0,0,0,2.2988505747126435,0,0,2.2988505747126435,4.597701149425287,0,2.2988505747126435,0,0,4.597701149425287,0,0,2.2988505747126435,2.2988505747126435,0,2.2988505747126435,2.2988505747126435,0,0,0,0,0,0,0,0,0,0,0,2.2988505747126435,2.2988505747126435,4.597701149425287,0,0,0,2.2988505747126435,0,0,0,0,0,6.896551724137931,0,0,0,0,0,0,0,18.39080459770115,0,6.896551724137931,9.195402298850574,0,0,0,0,0,0,0,0,0,4.597701149425287,0,0,0,0,0,0,0,0,0,0,0,0,0,0,0,2.2988505747126435,0,0,2.2988505747126435,2.2988505747126435,0,2.2988505747126435,0,0,0,0,0,0,0,2.2988505747126435,0,0,0,0,0,0,0,0,0,2.2988505747126435,0,2.2988505747126435,0,0,0,0,0,0,0,0,0,0,0,0,0,9.195402298850574,0,0,0,0,0,0,0,0,0,0,0,0,0,0,0,0,0,9.195402298850574,0,0,0,0,0,0,0,2.2988505747126435,0,0,0,0,0,0,0,0,0,2.2988505747126435,0,0,0,2.2988505747126435,0,0,0,0,0,0,0,0,2.2988505747126435,0,0,0,0,0,0,0,0,4.597701149425287,2.2988505747126435,0,0,0,0,0,0,2.2988505747126435,0,0,0,0,0,0,0,0,0,0,0,0,0,0,4.597701149425287,9.195402298850574,0,0,0,0,2.2988505747126435,0,0,0,0,0,0,0,0,0,2.2988505747126435,0,0,0,0,0,0,0,2.2988505747126435,0,0,0,0,0,2.2988505747126435,0,0,2.2988505747126435,0,0,27.586206896551722,lenin
lenin_rab_i_burzh_dem.txt,6.50142218610321,2.031694433157253,0.4063388866314506,1.6253555465258025,3.250711093051605,0,0,2.031694433157253,30.069077610727348,1.219016659894352,3.250711093051605,0,0,1.219016659894352,1.219016659894352,0,2.438033319788704,2.031694433157253,1.6253555465258025,0,3.6570499796830553,0,1.219016659894352,2.844372206420154,4.063388866314506,37.38317757009346,0.8126777732629012,2.438033319788704,5.688744412840308,2.844372206420154,0.8126777732629012,0,0.8126777732629012,3.250711093051605,15.034538805363674,0,0,0.8126777732629012,15.034538805363674,0,0.4063388866314506,2.031694433157253,2.438033319788704,0.4063388866314506,0.8126777732629012,1.6253555465258025,0,4.876066639577408,0.8126777732629012,0,1.219016659894352,0.4063388866314506,0,0,0.8126777732629012,0,0,0.8126777732629012,0,0.4063388866314506,16.253555465258025,0.4063388866314506,0,0,1.219016659894352,1.219016659894352,0.8126777732629012,0,6.907761072734661,1.219016659894352,0,1.219016659894352,0,0.8126777732629012,2.438033319788704,2.031694433157253,0.8126777732629012,10.971149939049168,2.438033319788704,3.6570499796830553,0.4063388866314506,1.6253555465258025,2.031694433157253,3.6570499796830553,0,2.031694433157253,1.219016659894352,0.4063388866314506,1.6253555465258025,0.8126777732629012,0,0.4063388866314506,0.4063388866314506,0.4063388866314506,0.8126777732629012,0.4063388866314506,0,0,2.438033319788704,11.377488825680617,6.50142218610321,0.8126777732629012,0.4063388866314506,1.219016659894352,0.4063388866314506,2.844372206420154,2.438033319788704,2.844372206420154,0,0,0.4063388866314506,0,2.031694433157253,2.844372206420154,0.8126777732629012,0,6.095083299471759,0.8126777732629012,0,0.4063388866314506,0.4063388866314506,1.6253555465258025,1.219016659894352,0,1.219016659894352,0.4063388866314506,0.8126777732629012,0.4063388866314506,0,0.8126777732629012,0,0.4063388866314506,0.4063388866314506,0.4063388866314506,1.6253555465258025,0.4063388866314506,0.8126777732629012,0.8126777732629012,0.8126777732629012,0.4063388866314506,0.4063388866314506,0.8126777732629012,7.7204388459975615,0.8126777732629012,0.8126777732629012,0.4063388866314506,2.844372206420154,1.219016659894352,0,0.8126777732629012,0,0.8126777732629012,0.4063388866314506,0,0.8126777732629012,0.4063388866314506,0.8126777732629012,1.219016659894352,2.844372206420154,2.438033319788704,0.8126777732629012,0,0,0.8126777732629012,0,0,0.4063388866314506,1.6253555465258025,1.219016659894352,0,1.219016659894352,1.219016659894352,0,0.4063388866314506,0.4063388866314506,0.4063388866314506,0,0.4063388866314506,1.219016659894352,0.4063388866314506,0,0.8126777732629012,0,0.8126777732629012,0.4063388866314506,0.4063388866314506,5.688744412840308,2.031694433157253,0.8126777732629012,1.219016659894352,0.8126777732629012,0,0.4063388866314506,0,2.438033319788704,1.6253555465258025,0,0,1.219016659894352,0.8126777732629012,0.4063388866314506,0.4063388866314506,0,0,0,0,0,2.438033319788704,0.4063388866314506,0.8126777732629012,3.250711093051605,2.438033319788704,0.4063388866314506,1.219016659894352,1.219016659894352,0.8126777732629012,0.8126777732629012,0.4063388866314506,0,0,0,0,0,0.4063388866314506,0,0,0.4063388866314506,0.4063388866314506,0.4063388866314506,0.8126777732629012,0,0,0.4063388866314506,1.6253555465258025,0,0.8126777732629012,0.4063388866314506,0.4063388866314506,1.219016659894352,1.6253555465258025,2.031694433157253,1.219016659894352,1.219016659894352,0,0.4063388866314506,1.6253555465258025,5.688744412840308,0,0.4063388866314506,0,0.4063388866314506,0.4063388866314506,0.4063388866314506,0,0.8126777732629012,0.4063388866314506,0.4063388866314506,0.8126777732629012,1.6253555465258025,1.6253555465258025,0,0,0.4063388866314506,0.4063388866314506,0.4063388866314506,0,0.8126777732629012,0,0,0.8126777732629012,0,0,0.8126777732629012,0,0,0,0,0,0.4063388866314506,0,0.4063388866314506,0,0.4063388866314506,0,2.438033319788704,0,0,1.219016659894352,0,0,0,0,0,0.4063388866314506,0,0,0,0,0,0,lenin
lenin_rab_partya_krestvo_I.txt,4.436557231588288,0.8873114463176576,0,0.4436557231588288,1.7746228926353151,1.7746228926353151,0.4436557231588288,1.7746228926353151,19.07719609582964,0.8873114463176576,3.9929015084294583,1.3309671694764862,1.7746228926353151,1.7746228926353151,1.7746228926353151,0.4436557231588288,0,8.429458740017745,0.8873114463176576,0.4436557231588288,2.218278615794144,1.3309671694764862,2.6619343389529724,1.7746228926353151,7.542147293700088,47.91481810115351,4.880212954747116,5.767524401064774,3.9929015084294583,2.218278615794144,3.5492457852706303,0.4436557231588288,2.6619343389529724,9.7604259094942325,14.640638864241348,0.8873114463176576,0,0.8873114463176576,18.633540372670808,1.3309671694764862,0.4436557231588288,0.4436557231588288,6.211180124223602,0.4436557231588288,0,0.8873114463176576,2.218278615794144,11.535048802129548,1.3309671694764862,1.3309671694764862,3.5492457852706303,0.4436557231588288,0.4436557231588288,0.8873114463176576,0.8873114463176576,0.8873114463176576,1.7746228926353151,1.7746228926353151,0,3.105590062111801,5.767524401064774,0,0.4436557231588288,0.4436557231588288,0.4436557231588288,1.3309671694764862,0.4436557231588288,0,3.5492457852706303,0.8873114463176576,1.7746228926353151,0.8873114463176576,1.7746228926353151,4.436557231588288,6.211180124223602,1.7746228926353151,3.105590062111801,13.309671694764862,3.105590062111801,3.9929015084294583,0.8873114463176576,0.8873114463176576,2.6619343389529724,4.436557231588288,0.4436557231588288,0.8873114463176576,3.5492457852706303,0,0.8873114463176576,0.4436557231588288,0.8873114463176576,1.7746228926353151,2.218278615794144,0.4436557231588288,0.8873114463176576,0,0.4436557231588288,1.3309671694764862,0.8873114463176576,0.8873114463176576,0.4436557231588288,0.8873114463176576,0,2.6619343389529724,0,0.8873114463176576,0.8873114463176576,2.6619343389529724,0.8873114463176576,0,0,0.8873114463176576,0.4436557231588288,2.6619343389529724,0.8873114463176576,0.8873114463176576,5.323868677905945,0.4436557231588288,0.4436557231588288,0.4436557231588288,0,0,1.3309671694764862,0.8873114463176576,0,0.4436557231588288,0.8873114463176576,0,0,0,0,0,1.7746228926353151,0,0.4436557231588288,0.4436557231588288,0.8873114463176576,1.7746228926353151,1.3309671694764862,1.3309671694764862,0.4436557231588288,0.4436557231588288,4.880212954747116,1.3309671694764862,0,0,1.7746228926353151,0.4436557231588288,0,0,0,0.4436557231588288,0.4436557231588288,0,1.7746228926353151,0.4436557231588288,0.8873114463176576,0.8873114463176576,0,1.3309671694764862,0.4436557231588288,2.218278615794144,0,0,0,0,0,0.8873114463176576,0.8873114463176576,0,2.218278615794144,0.8873114463176576,2.6619343389529724,0,0.4436557231588288,0.8873114463176576,0.4436557231588288,0,0,0,0,0,0,0,0.4436557231588288,0.8873114463176576,1.7746228926353151,0.8873114463176576,0,0.8873114463176576,0.8873114463176576,0,0,0.8873114463176576,2.218278615794144,0.8873114463176576,0.4436557231588288,0.4436557231588288,0.8873114463176576,0.4436557231588288,0,2.218278615794144,3.105590062111801,1.3309671694764862,0.8873114463176576,0.4436557231588288,0.4436557231588288,1.7746228926353151,0.8873114463176576,0,0,1.3309671694764862,0,0.8873114463176576,0,1.3309671694764862,0,0.4436557231588288,0,0,0.8873114463176576,0,0,0.4436557231588288,1.3309671694764862,0.4436557231588288,0,1.3309671694764862,0.8873114463176576,0,0.4436557231588288,0,0.8873114463176576,0.8873114463176576,1.3309671694764862,0.4436557231588288,2.218278615794144,0,0,0.8873114463176576,0.8873114463176576,0.4436557231588288,0.8873114463176576,0.4436557231588288,0,0,0,0.8873114463176576,0.8873114463176576,1.3309671694764862,0,0.8873114463176576,1.3309671694764862,0,1.3309671694764862,0,0.8873114463176576,0,0.8873114463176576,0,0,0,0.4436557231588288,0,0,0,0,0,0.4436557231588288,0.4436557231588288,0.4436557231588288,0.8873114463176576,0,0,0.8873114463176576,5.323868677905945,1.3309671694764862,0.4436557231588288,0,0.8873114463176576,0,0,0.8873114463176576,1.3309671694764862,0.4436557231588288,0.4436557231588288,0.4436557231588288,0,0,0,0,0,0,0,0,3.5492457852706303,0,0,0,0,lenin
lenin_rasskaz_o_II_cyezde.txt,2.8422548555187115,1.8948365703458077,0.4737091425864519,0.4737091425864519,0,0.23685457129322596,0.23685457129322596,4.0265277119848415,26.764566556134536,1.1842728564661298,3.0791094268119372,0.23685457129322596,1.1842728564661298,2.131691141639034,2.3685457129322596,1.1842728564661298,0.23685457129322596,3.0791094268119372,2.8422548555187115,0,2.6054002842254853,0.23685457129322596,0.7105637138796779,2.3685457129322596,7.105637138796778,41.686404547607765,5.210800568450971,4.263382283278068,5.447655139744197,3.3159639981051634,1.1842728564661298,1.4211274277593557,0.4737091425864519,1.4211274277593557,17.05352913311227,0.7105637138796779,0,0,16.34296541923259,0,0.23685457129322596,0.23685457129322596,3.0791094268119372,3.3159639981051634,0.7105637138796779,1.8948365703458077,0.4737091425864519,3.7896731406916153,5.684509711037423,0.23685457129322596,8.289909995262908,0.23685457129322596,3.7896731406916153,0.4737091425864519,0.4737091425864519,0,0,1.4211274277593557,0.7105637138796779,0,9.000473709142586,0.4737091425864519,0,0.4737091425864519,0,1.1842728564661298,0,0,1.1842728564661298,1.1842728564661298,0,2.131691141639034,0.23685457129322596,0.9474182851729038,3.0791094268119372,1.6579819990525817,2.3685457129322596,11.13216485078162,2.131691141639034,4.973945997157744,0.23685457129322596,0.7105637138796779,1.8948365703458077,2.3685457129322596,5.210800568450971,1.4211274277593557,2.3685457129322596,0.23685457129322596,1.4211274277593557,1.8948365703458077,0.7105637138796779,1.1842728564661298,1.4211274277593557,0.23685457129322596,0.23685457129322596,0.23685457129322596,0,0,0.23685457129322596,0.4737091425864519,0,0,0.23685457129322596,0,0.9474182851729038,1.1842728564661298,1.4211274277593557,4.263382283278068,0,0,0.4737091425864519,0,3.0791094268119372,2.8422548555187115,0.23685457129322596,0,7.579346281383231,0.23685457129322596,0,0,2.3685457129322596,0.23685457129322596,0.4737091425864519,0,1.8948365703458077,0,1.1842728564661298,0,0.4737091425864519,0.4737091425864519,0,0.23685457129322596,0,0.23685457129322596,0,0,0,0,0,1.1842728564661298,0,0.4737091425864519,7.3424917100900045,3.552818569398389,0,0.7105637138796779,0.4737091425864519,0.9474182851729038,5.210800568450971,0.7105637138796779,1.1842728564661298,0.7105637138796779,0.4737091425864519,0.7105637138796779,0,0.7105637138796779,0.4737091425864519,0,0.23685457129322596,5.210800568450971,0.9474182851729038,0,0.23685457129322596,2.131691141639034,0,0.23685457129322596,0.23685457129322596,0.23685457129322596,0.4737091425864519,0,0,0.23685457129322596,0.4737091425864519,0.23685457129322596,0.7105637138796779,0.7105637138796779,0,0.9474182851729038,1.1842728564661298,0.4737091425864519,0.23685457129322596,1.4211274277593557,4.500236854571293,0.4737091425864519,0.23685457129322596,1.4211274277593557,1.6579819990525817,3.0791094268119372,0.7105637138796779,0.23685457129322596,0.9474182851729038,0.23685457129322596,0.9474182851729038,0.7105637138796779,1.4211274277593557,1.1842728564661298,2.3685457129322596,0.7105637138796779,1.8948365703458077,0.7105637138796779,3.552818569398389,0.9474182851729038,2.131691141639034,0,0,0.4737091425864519,0,0.4737091425864519,2.131691141639034,0.4737091425864519,0.23685457129322596,0.7105637138796779,0.4737091425864519,0.23685457129322596,0.7105637138796779,0.7105637138796779,0,1.1842728564661298,0,0.7105637138796779,0.9474182851729038,1.4211274277593557,0.9474182851729038,3.0791094268119372,0,0,0.23685457129322596,0.23685457129322596,0,0.23685457129322596,0.23685457129322596,0,0.4737091425864519,4.0265277119848415,0.7105637138796779,0.23685457129322596,0,0.4737091425864519,0,0.4737091425864519,2.131691141639034,0,1.8948365703458077,1.1842728564661298,0.4737091425864519,0.4737091425864519,7.816200852676456,0.4737091425864519,0.7105637138796779,0.4737091425864519,0.4737091425864519,0.7105637138796779,0.4737091425864519,0,0,0,0.4737091425864519,0.4737091425864519,1.1842728564661298,1.1842728564661298,1.6579819990525817,0,0,9.237328280435813,5.921364282330648,0,0.23685457129322596,0,0,0,0,0.23685457129322596,0.7105637138796779,0,0,0,0,0.4737091425864519,0.7105637138796779,0.23685457129322596,0,0,0,0,0,0,0.23685457129322596,0.23685457129322596,0.23685457129322596,0.4737091425864519,0,0.23685457129322596,4.737091425864519,1.1842728564661298,4.500236854571293,0,0.4737091425864519,0,0.23685457129322596,2.3685457129322596,lenin
lenin_rec_parvus.txt,0,0,0,0,0,0,0,0,34.403669724770644,4.587155963302752,2.293577981651376,2.293577981651376,2.293577981651376,0,0,0,0,9.174311926605505,2.293577981651376,0,0,0,2.293577981651376,0,0,36.69724770642202,4.587155963302752,2.293577981651376,0,0,4.587155963302752,0,0,2.293577981651376,16.055045871559635,0,0,0,4.587155963302752,0,0,0,0,0,0,2.293577981651376,0,2.293577981651376,0,0,2.293577981651376,0,0,0,0,0,0,0,0,0,18.34862385321101,0,0,0,0,0,0,0,0,0,0,2.293577981651376,0,2.293577981651376,2.293577981651376,0,0,4.587155963302752,2.293577981651376,4.587155963302752,2.293577981651376,2.293577981651376,0,0,0,0,2.293577981651376,0,0,2.293577981651376,0,0,2.293577981651376,0,0,0,0,0,0,0,0,0,0,0,0,2.293577981651376,2.293577981651376,0,0,0,0,2.293577981651376,0,0,2.293577981651376,0,6.8807339449541285,0,0,2.293577981651376,0,0,0,0,0,0,2.293577981651376,0,0,2.293577981651376,0,0,0,0,0,0,0,0,0,0,0,0,13.761467889908257,2.293577981651376,0,0,2.293577981651376,0,0,0,0,2.293577981651376,0,0,0,0,0,0,0,2.293577981651376,0,0,0,0,0,0,0,0,0,0,0,0,0,0,0,0,0,0,0,0,0,0,0,0,0,0,2.293577981651376,0,0,0,0,2.293577981651376,0,0,2.293577981651376,0,0,0,0,0,0,2.293577981651376,0,0,0,0,0,0,0,0,4.587155963302752,0,0,2.293577981651376,0,0,0,0,0,0,0,4.587155963302752,0,2.293577981651376,0,0,0,0,0,0,0,0,2.293577981651376,2.293577981651376,0,2.293577981651376,0,4.587155963302752,0,0,2.293577981651376,0,0,0,0,0,0,0,0,0,0,0,0,0,0,0,2.293577981651376,0,2.293577981651376,0,0,2.293577981651376,0,0,0,0,2.293577981651376,0,0,0,0,0,0,0,0,0,0,0,0,0,0,0,0,2.293577981651376,0,0,0,0,0,0,2.293577981651376,0,4.587155963302752,2.293577981651376,0,0,0,0,0,0,lenin
lenin_s_chego_nachat'_I.txt,6.827492034592627,1.8206645425580337,0.4551661356395084,0,2.2758306781975417,0.4551661356395084,0,0.4551661356395084,26.854802002730995,2.2758306781975417,3.6413290851160673,0.9103322712790168,0,1.8206645425580337,0.9103322712790168,0.9103322712790168,0,4.551661356395083,0.4551661356395084,0.9103322712790168,2.2758306781975417,0,1.8206645425580337,0.4551661356395084,1.3654984069185252,46.88211197086937,1.8206645425580337,2.7309968138370504,4.096495220755576,0.9103322712790168,1.8206645425580337,0.4551661356395084,4.551661356395083,12.289485662266728,12.744651797906235,1.3654984069185252,0.4551661356395084,0.4551661356395084,20.482476103777877,0.9103322712790168,0.4551661356395084,1.3654984069185252,7.282658170232135,0.4551661356395084,0.4551661356395084,1.8206645425580337,0.4551661356395084,6.372325898953117,2.7309968138370504,1.3654984069185252,5.006827492034593,2.2758306781975417,0,0,0.4551661356395084,0.4551661356395084,1.3654984069185252,7.737824305871643,0.9103322712790168,0.9103322712790168,8.192990441511151,0,1.3654984069185252,0.4551661356395084,2.7309968138370504,2.2758306781975417,0.9103322712790168,1.3654984069185252,2.2758306781975417,2.2758306781975417,0.4551661356395084,1.3654984069185252,2.2758306781975417,3.1861629494765586,6.827492034592627,2.7309968138370504,3.6413290851160673,7.737824305871643,5.006827492034593,2.7309968138370504,0.9103322712790168,2.7309968138370504,2.2758306781975417,2.7309968138370504,1.3654984069185252,6.827492034592627,1.3654984069185252,1.3654984069185252,3.1861629494765586,1.3654984069185252,0,0.9103322712790168,1.8206645425580337,0.4551661356395084,0,0,0.4551661356395084,2.2758306781975417,0.9103322712790168,0.9103322712790168,0,1.8206645425580337,0.9103322712790168,2.7309968138370504,0.9103322712790168,1.3654984069185252,1.3654984069185252,1.8206645425580337,0,0,0,0.9103322712790168,0.4551661356395084,1.8206645425580337,0.9103322712790168,0,8.192990441511151,1.3654984069185252,0.4551661356395084,0.4551661356395084,0.4551661356395084,1.3654984069185252,0.4551661356395084,0,0.9103322712790168,0.4551661356395084,1.3654984069185252,0,1.3654984069185252,2.7309968138370504,1.3654984069185252,0.4551661356395084,0.4551661356395084,0.9103322712790168,2.7309968138370504,1.3654984069185252,2.2758306781975417,0.4551661356395084,1.8206645425580337,0.4551661356395084,1.3654984069185252,0,7.737824305871643,0.9103322712790168,0.4551661356395084,0.9103322712790168,0.4551661356395084,0.9103322712790168,5.006827492034593,1.3654984069185252,0.9103322712790168,1.3654984069185252,0,1.8206645425580337,4.551661356395083,0,0.4551661356395084,0.4551661356395084,1.3654984069185252,0.9103322712790168,0.9103322712790168,0,0.4551661356395084,0,0,0.4551661356395084,1.8206645425580337,0,0.4551661356395084,0.4551661356395084,0,1.3654984069185252,1.8206645425580337,0.9103322712790168,0.9103322712790168,0,1.3654984069185252,0.9103322712790168,0.9103322712790168,0,0,2.7309968138370504,0,0.4551661356395084,0.9103322712790168,3.6413290851160673,3.1861629494765586,0.4551661356395084,1.8206645425580337,0,0,0.9103322712790168,0,0.4551661356395084,0.4551661356395084,0,0.4551661356395084,0,0.4551661356395084,0.4551661356395084,0,1.8206645425580337,0,0,0.9103322712790168,0.4551661356395084,1.8206645425580337,1.3654984069185252,2.2758306781975417,0.4551661356395084,0.4551661356395084,4.096495220755576,1.3654984069185252,0.4551661356395084,0,3.1861629494765586,0.4551661356395084,0.4551661356395084,1.8206645425580337,0.4551661356395084,0.4551661356395084,0,0.4551661356395084,0.9103322712790168,0.4551661356395084,0,0,0.9103322712790168,0,0.4551661356395084,0,0.4551661356395084,0.4551661356395084,1.8206645425580337,0.9103322712790168,0,1.3654984069185252,0.4551661356395084,0,0.9103322712790168,1.3654984069185252,0,0,1.3654984069185252,0,0,0.4551661356395084,0.9103322712790168,0,0.9103322712790168,0,0.4551661356395084,3.6413290851160673,0,0.4551661356395084,0,0.9103322712790168,0,0.4551661356395084,0.4551661356395084,0.4551661356395084,0,0,0,0,0,1.3654984069185252,0.4551661356395084,0,0,0,0.9103322712790168,0.4551661356395084,0.4551661356395084,0,0.4551661356395084,0.4551661356395084,0.4551661356395084,0.4551661356395084,0,0,0,0,0,0,0.4551661356395084,0,0.4551661356395084,0,0,0,0.4551661356395084,0,0.4551661356395084,0,0,0.4551661356395084,0,0,0,lenin
lenin_samoderzh_kolebletsya_I.txt,2.7266530334014996,2.044989775051125,0,0.6816632583503749,0.6816632583503749,0,1.3633265167007498,0.6816632583503749,25.903203817314246,0,5.453306066802999,0.6816632583503749,1.3633265167007498,4.771642808452625,0.6816632583503749,0,0,7.498295841854124,4.08997955010225,0,0,0,2.044989775051125,4.08997955010225,4.08997955010225,55.214723926380366,0.6816632583503749,3.408316291751875,4.771642808452625,2.7266530334014996,2.044989775051125,0,2.7266530334014996,8.861622358554875,15.678254942058624,1.3633265167007498,1.3633265167007498,2.044989775051125,13.6332651670075,0.6816632583503749,0.6816632583503749,1.3633265167007498,2.7266530334014996,0.6816632583503749,0,0.6816632583503749,0.6816632583503749,4.771642808452625,0,1.3633265167007498,6.81663258350375,0,1.3633265167007498,0,0.6816632583503749,0.6816632583503749,3.408316291751875,0.6816632583503749,0,3.408316291751875,6.81663258350375,0.6816632583503749,2.044989775051125,0,1.3633265167007498,2.044989775051125,0,0,2.7266530334014996,1.3633265167007498,0.6816632583503749,0,5.453306066802999,0,3.408316291751875,0.6816632583503749,4.771642808452625,10.224948875255624,3.408316291751875,4.08997955010225,1.3633265167007498,0.6816632583503749,0.6816632583503749,0.6816632583503749,0,4.771642808452625,2.7266530334014996,0,1.3633265167007498,0,0,0.6816632583503749,0.6816632583503749,0,0,0.6816632583503749,0,0.6816632583503749,0.6816632583503749,0.6816632583503749,0.6816632583503749,0,2.044989775051125,4.771642808452625,0,0,0.6816632583503749,2.7266530334014996,2.7266530334014996,0.6816632583503749,0,0.6816632583503749,0,3.408316291751875,2.044989775051125,0,3.408316291751875,0,0.6816632583503749,0,0,0,0,1.3633265167007498,0,2.044989775051125,0,0,0,0,0,0,2.044989775051125,0.6816632583503749,0.6816632583503749,0.6816632583503749,0,0,0,0.6816632583503749,0,0,10.224948875255624,2.044989775051125,0.6816632583503749,0,2.7266530334014996,3.408316291751875,0.6816632583503749,1.3633265167007498,0.6816632583503749,0,0,0,0,0,0,0.6816632583503749,0.6816632583503749,0.6816632583503749,0.6816632583503749,1.3633265167007498,0.6816632583503749,0.6816632583503749,0,0.6816632583503749,0.6816632583503749,2.7266530334014996,0.6816632583503749,0.6816632583503749,3.408316291751875,0.6816632583503749,0,0,0,0.6816632583503749,0.6816632583503749,0.6816632583503749,2.044989775051125,0,0,0,0,0,0.6816632583503749,0.6816632583503749,3.408316291751875,0,1.3633265167007498,0.6816632583503749,0.6816632583503749,0.6816632583503749,0.6816632583503749,0.6816632583503749,1.3633265167007498,0.6816632583503749,4.08997955010225,0,0.6816632583503749,0,0,2.044989775051125,0,0.6816632583503749,1.3633265167007498,0,0,0,0,0.6816632583503749,0,0,1.3633265167007498,0,0,0,0,0,0,0,0,0.6816632583503749,0.6816632583503749,0,0,0,0,0.6816632583503749,0,0,0.6816632583503749,0,0,0.6816632583503749,2.044989775051125,0,2.7266530334014996,0,0,0.6816632583503749,4.08997955010225,0,0,0.6816632583503749,0.6816632583503749,1.3633265167007498,0,0,0,0,0,0,0,0,0,2.044989775051125,1.3633265167007498,0,0.6816632583503749,0,0,4.08997955010225,0,0,0,0,0,0,0.6816632583503749,1.3633265167007498,0,0,0,0,2.044989775051125,3.408316291751875,0,0,0,0.6816632583503749,0,0,3.408316291751875,0,0,4.08997955010225,1.3633265167007498,0,0,0,0,0.6816632583503749,0,0,0,0,0,0,0,0,lenin
lenin_shag_vpered_2nazad.txt,4.88800303720577,0.7276638825613769,0.3480131612250063,0.585294862060238,0.5378385218931917,0.36383194128068846,0.2847380410022779,3.416856492027335,28.41052898000506,0.8067577828397874,2.689192609465958,0.7593014426727411,0.616932422171602,1.5660592255125285,1.344596304732979,0.7276638825613769,0.3954695013920526,2.847380410022779,2.0248038471273095,0.3321943811693242,3.401037711971653,0.6802075423943306,2.2304479878511767,3.337762591748924,4.033788914198937,39.92660086054164,5.267653758542141,2.0880789673500377,5.236016198430777,2.5310048089091373,1.7400658061250316,1.2655024044545686,1.0440394836750189,4.634902556314857,15.217666413566185,0.90167046317388,0,0.06327512022272842,17.005188559858265,0.5536573019488737,0.37965072133637057,0.6802075423943306,3.4959503923057453,0.616932422171602,0.4903821817261452,2.989749430523918,0.4745634016704632,3.7332320931409773,6.896988104277398,0.7909390027841052,5.995317641103519,0.18982536066818528,1.7400658061250316,1.0124019235636548,0.4745634016704632,0,0,1.9140723867375347,0.616932422171602,0.442925841559099,10.487851176917236,0.5536573019488737,0.37965072133637057,0.585294862060238,0.07909390027841054,1.2655024044545686,0.20564414072386736,0.917489243229562,2.689192609465958,1.80334092634776,0.585294862060238,1.2180460642875222,1.6451531257909389,2.151354087572767,3.5592255125284735,0.9965831435079727,2.277904328018223,12.829030625158188,2.056441407238674,5.805492280435333,1.2180460642875222,1.4078714249557074,1.4078714249557074,3.986332574031891,1.3604150847886611,1.9140723867375347,1.6926094659579853,0.6485699822829664,2.1988104277398124,1.0440394836750189,0.2372817008352316,0.442925841559099,0.8700329030625158,0.15818780055682108,0.30055682105796,0.20564414072386736,0.26891926094659585,0.12655024044545685,0.36383194128068846,0.8383953429511517,0.20564414072386736,0.442925841559099,0.3954695013920526,0.885851683118198,0.458744621614781,2.1671728676284485,1.3129587446216147,2.341179448240952,0.2847380410022779,0.2847380410022779,0.6643887623386484,0.6960263224500126,1.1231333839534294,3.7806884333080233,0.6802075423943306,0.26891926094659585,7.9568463680081,0.3954695013920526,0.2847380410022779,0.03163756011136421,0.5062009617818274,0.37965072133637057,1.2496836243988865,0.04745634016704632,1.1547709440647935,0.30055682105796,1.1231333839534294,0.2214629207795495,0.4112882814477347,0.885851683118198,0.2372817008352316,0.17400658061250315,0.7909390027841052,0.3480131612250063,0.917489243229562,0.5694760820045558,1.1231333839534294,0.585294862060238,1.2971399645659327,1.8982536066818527,0.5378385218931917,0.5220197418375094,7.909390027841053,2.277904328018223,0.03163756011136421,0.5062009617818274,0.8225765628954694,1.4395089850670717,3.0688433308023284,0.5694760820045558,0.9965831435079727,0.5378385218931917,0.26891926094659585,0.31637560111364216,0.5536573019488737,0.17400658061250315,0.4745634016704632,0.18982536066818528,0.4112882814477347,3.147937231080739,0.8700329030625158,0.07909390027841054,0.2214629207795495,1.344596304732979,0.11073146038977474,0.20564414072386736,0.4112882814477347,0.30055682105796,0.14236902050113895,0.18982536066818528,0.015818780055682106,0.8700329030625158,0.743482662617059,0.26891926094659585,0.7909390027841052,1.5027841052897999,0.11073146038977474,0.458744621614781,0.7276638825613769,0.6643887623386484,0.17400658061250315,0.7276638825613769,1.3762338648443433,0.37965072133637057,0.5378385218931917,0.8700329030625158,3.8597823335864336,1.059858263730701,1.486965325234118,0.5536573019488737,0.7751202227284232,0.2531004808909137,0.585294862060238,1.660971905846621,1.2180460642875222,1.028220703619337,1.2971399645659327,0.5536573019488737,1.787522146292078,0.585294862060238,1.5660592255125285,0.9807643634522905,1.1231333839534294,0.14236902050113895,1.0124019235636548,0.60111364211592,0.5220197418375094,0.90167046317388,1.0756770437863834,0.60111364211592,0.9965831435079727,2.7682865097443687,0.6327512022272843,0.6643887623386484,0.5062009617818274,1.7558845861807137,0.17400658061250315,0.5378385218931917,0.17400658061250315,0.17400658061250315,0.36383194128068846,0.8542141230068337,0.5062009617818274,0.3321943811693242,0.3480131612250063,0.4271070615034169,0.30055682105796,0.5694760820045558,0.458744621614781,0.442925841559099,0.4112882814477347,0.36383194128068846,0.4903821817261452,3.923057453809162,0.3480131612250063,0.6960263224500126,0.6960263224500126,0.616932422171602,0.3480131612250063,0.7593014426727411,2.0248038471273095,0.4112882814477347,0.7909390027841052,0.6643887623386484,0.885851683118198,0.458744621614781,3.163756011136421,0.8700329030625158,0.9333080232852443,0.4745634016704632,0.6643887623386484,0.4903821817261452,0.37965072133637057,0.60111364211592,0.7118451025056948,0.07909390027841054,0.2847380410022779,0.26891926094659585,0.5694760820045558,0.60111364211592,1.4236902050113895,0.585294862060238,0.4271070615034169,4.397620855479625,4.555808656036446,9.380536573019489,0.4745634016704632,0.4745634016704632,0.17400658061250315,0.37965072133637057,0.20564414072386736,0.4271070615034169,0.8700329030625158,0.3954695013920526,0.17400658061250315,0,0.2531004808909137,0.31637560111364216,0.5220197418375094,0.5220197418375094,0.616932422171602,0.03163756011136421,0.2531004808909137,0.09491268033409264,0.11073146038977474,0.17400658061250315,0.4745634016704632,0.04745634016704632,0.5536573019488737,0.60111364211592,3.163756011136421,0.18982536066818528,3.701594533029613,0.4745634016704632,3.7965072133637054,0.015818780055682106,0.2372817008352316,0.07909390027841054,0.04745634016704632,2.5942799291318654,lenin
lenin_sorvalos_I.txt,5.6657223796034,0,0.708215297450425,0,0,0,0,2.124645892351275,20.538243626062325,0,3.5410764872521248,0,2.124645892351275,0,1.41643059490085,0.708215297450425,0,4.24929178470255,2.124645892351275,0,1.41643059490085,0,5.6657223796034,2.124645892351275,4.24929178470255,32.577903682719544,2.124645892351275,1.41643059490085,3.5410764872521248,1.41643059490085,1.41643059490085,0.708215297450425,1.41643059490085,6.373937677053824,7.0821529745042495,0,0,0,20.538243626062325,0,0,1.41643059490085,2.124645892351275,0,0,0,0.708215297450425,2.8328611898017,4.24929178470255,2.8328611898017,9.91501416430595,0,3.5410764872521248,0,0.708215297450425,0,0,0,0,0,9.206798866855523,1.41643059490085,0,0.708215297450425,0,1.41643059490085,0,0,2.8328611898017,1.41643059490085,0,0.708215297450425,4.24929178470255,3.5410764872521248,3.5410764872521248,1.41643059490085,3.5410764872521248,21.246458923512748,3.5410764872521248,8.4985835694051,0.708215297450425,2.8328611898017,0.708215297450425,4.24929178470255,0.708215297450425,1.41643059490085,0.708215297450425,0,1.41643059490085,4.24929178470255,0,0,4.24929178470255,0,2.8328611898017,0.708215297450425,0,0,0,2.124645892351275,0.708215297450425,0,0,0,0.708215297450425,2.8328611898017,3.5410764872521248,0,0,0,0.708215297450425,0,0,0.708215297450425,0,0,5.6657223796034,0.708215297450425,0,0,0,2.124645892351275,2.8328611898017,0,1.41643059490085,0,1.41643059490085,0,0.708215297450425,0.708215297450425,0,0,1.41643059490085,0.708215297450425,6.373937677053824,1.41643059490085,2.8328611898017,2.8328611898017,2.124645892351275,2.8328611898017,0.708215297450425,0,16.288951841359772,4.957507082152975,0,0,0,2.8328611898017,3.5410764872521248,0,2.124645892351275,0,0.708215297450425,0,0,0,2.8328611898017,0,0,0.708215297450425,0,0,0,0,0,0,2.124645892351275,0.708215297450425,1.41643059490085,0,0,0.708215297450425,2.124645892351275,0.708215297450425,0,2.8328611898017,0,0.708215297450425,2.124645892351275,0,0,1.41643059490085,1.41643059490085,0,0.708215297450425,0,4.24929178470255,5.6657223796034,2.124645892351275,0,0,0,0,3.5410764872521248,0.708215297450425,0.708215297450425,0.708215297450425,0,0,0,1.41643059490085,0.708215297450425,0,0,0,0.708215297450425,0,0.708215297450425,0.708215297450425,0.708215297450425,0.708215297450425,2.8328611898017,0.708215297450425,0,1.41643059490085,2.8328611898017,0,0,0,0.708215297450425,0,0,0.708215297450425,0.708215297450425,0,1.41643059490085,0.708215297450425,1.41643059490085,0,0.708215297450425,0,0,0,1.41643059490085,0,0.708215297450425,1.41643059490085,0.708215297450425,0,1.41643059490085,0.708215297450425,0,1.41643059490085,1.41643059490085,1.41643059490085,0,8.4985835694051,0,2.8328611898017,0.708215297450425,1.41643059490085,0,0,0,0,0,0.708215297450425,0,0,0,0,2.124645892351275,2.124645892351275,0.708215297450425,0,0,0,0,0,0,0,0.708215297450425,0,0,0,0,0,0,0,0,6.373937677053824,0,2.124645892351275,0,0,0,0,0,0,0,0,0,9.206798866855523,0,0,0,1.41643059490085,0,0,0,lenin
lenin_spb_stachka.txt,4.9937578027465666,0,0,0,0,0,0,3.745318352059925,34.95630461922597,1.2484394506866416,2.4968789013732833,0,0,1.2484394506866416,1.2484394506866416,0,0,4.9937578027465666,1.2484394506866416,0,3.745318352059925,0,1.2484394506866416,0,3.745318352059925,42.44694132334582,6.242197253433208,2.4968789013732833,1.2484394506866416,0,2.4968789013732833,0,1.2484394506866416,1.2484394506866416,16.229712858926344,1.2484394506866416,0,3.745318352059925,11.235955056179774,0,0,0,2.4968789013732833,0,4.9937578027465666,0,1.2484394506866416,3.745318352059925,0,3.745318352059925,2.4968789013732833,2.4968789013732833,0,0,0,0,1.2484394506866416,0,0,8.739076154806492,9.987515605493133,0,3.745318352059925,1.2484394506866416,1.2484394506866416,0,0,0,6.242197253433208,1.2484394506866416,1.2484394506866416,0,0,0,1.2484394506866416,2.4968789013732833,2.4968789013732833,8.739076154806492,0,4.9937578027465666,0,3.745318352059925,4.9937578027465666,1.2484394506866416,0,0,3.745318352059925,0,0,0,0,0,0,0,0,1.2484394506866416,0,9.987515605493133,9.987515605493133,1.2484394506866416,0,0,0,0,0,1.2484394506866416,0,6.242197253433208,0,0,0,1.2484394506866416,0,3.745318352059925,0,0,4.9937578027465666,1.2484394506866416,3.745318352059925,0,0,0,0,1.2484394506866416,0,0,0,0,0,0,0,0,0,0,2.4968789013732833,1.2484394506866416,1.2484394506866416,0,1.2484394506866416,0,1.2484394506866416,0,2.4968789013732833,0,0,0,2.4968789013732833,2.4968789013732833,0,1.2484394506866416,1.2484394506866416,0,2.4968789013732833,0,2.4968789013732833,1.2484394506866416,0,2.4968789013732833,3.745318352059925,2.4968789013732833,6.242197253433208,4.9937578027465666,0,2.4968789013732833,0,1.2484394506866416,0,1.2484394506866416,0,0,1.2484394506866416,0,0,0,0,0,2.4968789013732833,0,1.2484394506866416,0,0,0,0,0,1.2484394506866416,0,1.2484394506866416,0,1.2484394506866416,0,0,2.4968789013732833,0,0,1.2484394506866416,0,0,0,1.2484394506866416,0,4.9937578027465666,1.2484394506866416,1.2484394506866416,0,1.2484394506866416,0,0,1.2484394506866416,2.4968789013732833,0,0,1.2484394506866416,0,0,0,0,1.2484394506866416,0,2.4968789013732833,1.2484394506866416,0,0,0,0,0,0,0,0,0,0,0,0,0,1.2484394506866416,1.2484394506866416,0,1.2484394506866416,0,1.2484394506866416,1.2484394506866416,0,0,0,0,1.2484394506866416,0,0,0,0,0,0,0,1.2484394506866416,0,0,0,0,0,1.2484394506866416,0,0,0,0,0,0,0,0,0,0,0,0,0,0,0,0,0,0,0,0,0,0,0,1.2484394506866416,1.2484394506866416,0,1.2484394506866416,0,1.2484394506866416,0,0,0,0,0,1.2484394506866416,0,0,0,0,1.2484394506866416,0,lenin
lenin_struve_izoblichen_I.txt,7.928118393234672,0,1.5856236786469344,0,0.5285412262156448,0,0.5285412262156448,3.6997885835095135,30.126849894291755,2.6427061310782243,1.5856236786469344,0.5285412262156448,0.5285412262156448,0.5285412262156448,1.5856236786469344,0.5285412262156448,1.5856236786469344,6.871035940803383,1.0570824524312896,0,2.1141649048625792,0,1.0570824524312896,4.7568710359408035,1.0570824524312896,43.868921775898514,2.6427061310782243,2.6427061310782243,5.2854122621564485,4.2283298097251585,0,1.0570824524312896,0,1.5856236786469344,7.399577167019027,0,0,0,21.141649048625794,1.0570824524312896,0,1.0570824524312896,2.1141649048625792,0,0.5285412262156448,3.6997885835095135,0,5.2854122621564485,3.6997885835095135,0,6.871035940803383,1.0570824524312896,0.5285412262156448,2.6427061310782243,0,0,0.5285412262156448,0.5285412262156448,0,0,17.970401691331922,0,0,0.5285412262156448,0,1.0570824524312896,0,2.6427061310782243,0.5285412262156448,1.0570824524312896,0.5285412262156448,0.5285412262156448,2.6427061310782243,1.5856236786469344,5.2854122621564485,1.5856236786469344,2.6427061310782243,15.856236786469344,1.0570824524312896,8.456659619450317,1.5856236786469344,1.5856236786469344,3.171247357293869,2.1141649048625792,2.6427061310782243,2.1141649048625792,0,1.0570824524312896,1.5856236786469344,1.0570824524312896,0,0,1.5856236786469344,0,31.712473572938688,0,0.5285412262156448,0.5285412262156448,0.5285412262156448,0,0,0.5285412262156448,0,0,0,1.0570824524312896,1.5856236786469344,2.6427061310782243,0,0,0,1.0570824524312896,0,3.6997885835095135,1.5856236786469344,0.5285412262156448,5.813953488372093,0,1.0570824524312896,0.5285412262156448,1.0570824524312896,0,2.6427061310782243,0.5285412262156448,0.5285412262156448,0.5285412262156448,0,0.5285412262156448,0,0.5285412262156448,0,0,0,0,1.0570824524312896,0,0.5285412262156448,0,0.5285412262156448,1.0570824524312896,0,0.5285412262156448,10.042283298097251,3.6997885835095135,0.5285412262156448,0,1.0570824524312896,0.5285412262156448,1.0570824524312896,0.5285412262156448,0.5285412262156448,0,0,0.5285412262156448,2.6427061310782243,0,0.5285412262156448,0,0.5285412262156448,2.1141649048625792,0.5285412262156448,0,0,0.5285412262156448,0.5285412262156448,1.0570824524312896,2.1141649048625792,0,0,0.5285412262156448,0,0.5285412262156448,0,0,0.5285412262156448,0.5285412262156448,0.5285412262156448,0,0.5285412262156448,3.171247357293869,0,1.0570824524312896,0,0,0,0.5285412262156448,5.813953488372093,1.5856236786469344,1.0570824524312896,0,1.5856236786469344,0,1.5856236786469344,0.5285412262156448,1.0570824524312896,0,1.5856236786469344,0,1.0570824524312896,0.5285412262156448,0.5285412262156448,1.0570824524312896,0,0.5285412262156448,2.1141649048625792,0,2.1141649048625792,1.5856236786469344,0.5285412262156448,0.5285412262156448,0,1.0570824524312896,0,1.0570824524312896,0,3.6997885835095135,1.0570824524312896,0,0,0.5285412262156448,0,0.5285412262156448,0,1.0570824524312896,0.5285412262156448,1.0570824524312896,0,1.0570824524312896,0,0.5285412262156448,0,1.0570824524312896,1.0570824524312896,2.1141649048625792,0,0,0,0,0.5285412262156448,0,2.1141649048625792,0.5285412262156448,0,0,0.5285412262156448,0,1.5856236786469344,1.5856236786469344,0,0,0,0.5285412262156448,0,2.1141649048625792,2.1141649048625792,0,1.0570824524312896,0,0.5285412262156448,0,0,0,0.5285412262156448,0,0,0,0,0,0.5285412262156448,2.1141649048625792,0,0,0,1.0570824524312896,0,0,0,0,0,0.5285412262156448,0.5285412262156448,0,0,0,0.5285412262156448,0,0,0,0.5285412262156448,0.5285412262156448,1.0570824524312896,0.5285412262156448,8.985200845665961,1.0570824524312896,0,0,0,0,0,0,lenin
lenin_tolstoy_kak_zerkalo_rev.txt,2.2156573116691285,0,1.4771048744460857,0,2.9542097488921715,0.7385524372230429,0.7385524372230429,2.9542097488921715,24.372230428360414,0,3.692762186115214,0.7385524372230429,0.7385524372230429,0.7385524372230429,0.7385524372230429,0,0,1.4771048744460857,1.4771048744460857,0,5.1698670605613,0,0.7385524372230429,1.4771048744460857,2.9542097488921715,54.65288035450517,3.692762186115214,3.692762186115214,7.385524372230428,0,5.1698670605613,1.4771048744460857,0.7385524372230429,0,8.12407680945347,1.4771048744460857,0,0,14.032496307237814,0.7385524372230429,0.7385524372230429,0.7385524372230429,6.646971935007386,0,0.7385524372230429,3.692762186115214,0,4.431314623338257,0.7385524372230429,2.2156573116691285,3.692762186115214,0,0,1.4771048744460857,1.4771048744460857,0,0.7385524372230429,2.2156573116691285,0,0.7385524372230429,16.24815361890694,0,0,1.4771048744460857,0,0.7385524372230429,0,0,1.4771048744460857,0.7385524372230429,0.7385524372230429,0,0.7385524372230429,1.4771048744460857,3.692762186115214,1.4771048744460857,0,5.1698670605613,1.4771048744460857,4.431314623338257,2.9542097488921715,2.9542097488921715,0.7385524372230429,0.7385524372230429,2.2156573116691285,2.2156573116691285,2.9542097488921715,0,0.7385524372230429,0,0.7385524372230429,0.7385524372230429,0.7385524372230429,0,0,0,2.2156573116691285,0.7385524372230429,1.4771048744460857,0,0,0,0.7385524372230429,0,4.431314623338257,2.2156573116691285,2.2156573116691285,0,1.4771048744460857,1.4771048744460857,0,0,1.4771048744460857,0,0,0,6.646971935007386,0.7385524372230429,0,0.7385524372230429,0.7385524372230429,2.2156573116691285,0,0.7385524372230429,0,0,1.4771048744460857,0.7385524372230429,0,0,0,0,0,0,0,0.7385524372230429,0,0.7385524372230429,4.431314623338257,2.9542097488921715,1.4771048744460857,0.7385524372230429,1.4771048744460857,0,0,4.431314623338257,0.7385524372230429,2.2156573116691285,0,0.7385524372230429,1.4771048744460857,3.692762186115214,0,0,0.7385524372230429,0,0,0.7385524372230429,0,2.2156573116691285,1.4771048744460857,0,0,2.2156573116691285,11.078286558345642,0,2.9542097488921715,0.7385524372230429,3.692762186115214,0.7385524372230429,0,0,0,0,0.7385524372230429,0.7385524372230429,0.7385524372230429,0,0,0.7385524372230429,0.7385524372230429,8.12407680945347,0,0,1.4771048744460857,1.4771048744460857,1.4771048744460857,0,0.7385524372230429,0.7385524372230429,0,0,0,1.4771048744460857,0.7385524372230429,0.7385524372230429,0,0.7385524372230429,0,0,0,0,0,0.7385524372230429,0,0.7385524372230429,0,0.7385524372230429,0,1.4771048744460857,2.9542097488921715,1.4771048744460857,0,0,0,0,2.2156573116691285,0.7385524372230429,0,0.7385524372230429,0,0,0,0,0,0.7385524372230429,0,0.7385524372230429,0,0,0,0,0,1.4771048744460857,0,0,3.692762186115214,2.9542097488921715,0,0.7385524372230429,0.7385524372230429,0,2.2156573116691285,0,2.9542097488921715,0,0,0,0,0,0.7385524372230429,0.7385524372230429,0,0,0,0,0,0.7385524372230429,0.7385524372230429,0,0,0.7385524372230429,0,0,0,0,0,1.4771048744460857,0,0.7385524372230429,2.9542097488921715,0,0,0,2.2156573116691285,1.4771048744460857,0,0.7385524372230429,0,0.7385524372230429,0,2.9542097488921715,0,0,0,0.7385524372230429,0,2.2156573116691285,0,0,0,0,2.9542097488921715,0,0,0,0,0.7385524372230429,0,0,lenin
lenin_tostoy_i_ego_epoha.txt,4.269854824935952,0,0.8539709649871904,0,0,0,0,2.5619128949615715,41.844577284372335,0.8539709649871904,5.123825789923143,1.7079419299743808,0,1.7079419299743808,0.8539709649871904,0,0,5.977796754910333,1.7079419299743808,0.8539709649871904,7.685738684884714,0.8539709649871904,0.8539709649871904,0.8539709649871904,5.123825789923143,38.42869342442357,0,0,11.101622544833475,5.977796754910333,2.5619128949615715,0,1.7079419299743808,0,6.831767719897523,0.8539709649871904,0,0,14.517506404782237,0,0,0.8539709649871904,4.269854824935952,1.7079419299743808,0,4.269854824935952,0,3.4158838599487615,0,0,2.5619128949615715,0,1.7079419299743808,0.8539709649871904,0.8539709649871904,0,0,0.8539709649871904,0,0.8539709649871904,7.685738684884714,0,0,0,2.5619128949615715,0,0.8539709649871904,1.7079419299743808,0,4.269854824935952,0,0.8539709649871904,2.5619128949615715,5.123825789923143,6.831767719897523,3.4158838599487615,0,10.247651579846286,2.5619128949615715,5.977796754910333,1.7079419299743808,1.7079419299743808,0,0,3.4158838599487615,1.7079419299743808,0.8539709649871904,0,2.5619128949615715,0.8539709649871904,2.5619128949615715,0,1.7079419299743808,0,0.8539709649871904,2.5619128949615715,0,0,0.8539709649871904,0,0,0.8539709649871904,0,0,0,0.8539709649871904,11.101622544833475,0.8539709649871904,3.4158838599487615,0,0,0.8539709649871904,0.8539709649871904,3.4158838599487615,0,0,7.685738684884714,0,0.8539709649871904,1.7079419299743808,0,0.8539709649871904,0,0.8539709649871904,2.5619128949615715,0.8539709649871904,0,0,0.8539709649871904,0,0.8539709649871904,0,0,0,1.7079419299743808,0,3.4158838599487615,1.7079419299743808,0,1.7079419299743808,0,0,2.5619128949615715,0.8539709649871904,0,0,0.8539709649871904,0.8539709649871904,0,0.8539709649871904,0.8539709649871904,0,0,0,0.8539709649871904,0.8539709649871904,1.7079419299743808,0,0,0,0,0,0,0,0,0,0,4.269854824935952,0.8539709649871904,0.8539709649871904,0,0.8539709649871904,0,0,2.5619128949615715,1.7079419299743808,0.8539709649871904,0.8539709649871904,0.8539709649871904,1.7079419299743808,0,0,0,0,0,0.8539709649871904,5.123825789923143,0,1.7079419299743808,1.7079419299743808,0,0,0,4.269854824935952,3.4158838599487615,0,0.8539709649871904,0,5.123825789923143,0.8539709649871904,0,0,0,0,0.8539709649871904,0,0.8539709649871904,0.8539709649871904,0,0,2.5619128949615715,5.123825789923143,0.8539709649871904,0.8539709649871904,0,0,0,0,0,0,0,0,0,2.5619128949615715,0.8539709649871904,0,0.8539709649871904,2.5619128949615715,0,0,0,0,0,5.123825789923143,0,0,0.8539709649871904,0.8539709649871904,2.5619128949615715,0.8539709649871904,2.5619128949615715,0.8539709649871904,0.8539709649871904,1.7079419299743808,0.8539709649871904,0,0,1.7079419299743808,0,0,0,0,0,0,0,0,0,0.8539709649871904,0,0,0,0.8539709649871904,1.7079419299743808,0,0,0,0.8539709649871904,0,0.8539709649871904,0,0.8539709649871904,0.8539709649871904,0,0,0,0,0,0,0,0,0,0,2.5619128949615715,0,1.7079419299743808,0,0,0,0,0,1.7079419299743808,0,0,1.7079419299743808,0,0,0,0,0,0,lenin
lenin_tsennoe_priznanie_I.txt,6.030150753768844,1.0050251256281408,1.0050251256281408,0.5025125628140704,0.5025125628140704,0,0.5025125628140704,0,34.17085427135679,6.532663316582915,2.0100502512562817,0,0.5025125628140704,1.507537688442211,2.512562814070352,0,0,3.015075376884422,0,1.0050251256281408,3.015075376884422,0.5025125628140704,0.5025125628140704,3.015075376884422,1.0050251256281408,54.77386934673367,3.5175879396984926,3.5175879396984926,4.020100502512563,1.0050251256281408,4.020100502512563,0,1.507537688442211,2.0100502512562817,16.582914572864322,0.5025125628140704,0.5025125628140704,0.5025125628140704,17.587939698492463,0,0.5025125628140704,0.5025125628140704,5.025125628140704,0.5025125628140704,0,2.0100502512562817,4.020100502512563,5.025125628140704,0,2.512562814070352,3.5175879396984926,0,1.0050251256281408,2.0100502512562817,1.0050251256281408,3.5175879396984926,6.030150753768844,2.0100502512562817,0.5025125628140704,13.06532663316583,6.030150753768844,0,1.507537688442211,0.5025125628140704,0,0.5025125628140704,0,0,0.5025125628140704,4.020100502512563,1.0050251256281408,0.5025125628140704,1.0050251256281408,3.5175879396984926,3.5175879396984926,2.0100502512562817,0.5025125628140704,15.07537688442211,4.522613065326633,6.030150753768844,1.0050251256281408,2.0100502512562817,1.0050251256281408,1.0050251256281408,0,2.0100502512562817,1.507537688442211,0,1.0050251256281408,1.507537688442211,1.0050251256281408,1.0050251256281408,1.507537688442211,0.5025125628140704,2.512562814070352,0,0,0.5025125628140704,0,0,0,0,0,0.5025125628140704,0,0.5025125628140704,0.5025125628140704,2.512562814070352,0,0,0.5025125628140704,0,0,2.0100502512562817,0.5025125628140704,0,6.030150753768844,2.512562814070352,0,0.5025125628140704,2.512562814070352,0,0.5025125628140704,2.0100502512562817,0,1.507537688442211,1.0050251256281408,1.507537688442211,0,1.507537688442211,0,0,0,0.5025125628140704,0.5025125628140704,0.5025125628140704,1.0050251256281408,0.5025125628140704,0.5025125628140704,0.5025125628140704,1.507537688442211,1.0050251256281408,10.552763819095476,1.507537688442211,0,0.5025125628140704,0.5025125628140704,1.0050251256281408,0,2.0100502512562817,1.0050251256281408,1.0050251256281408,0,0.5025125628140704,0,0.5025125628140704,0,0,0,1.507537688442211,4.020100502512563,6.030150753768844,1.507537688442211,2.512562814070352,0,0,0,2.0100502512562817,0,0.5025125628140704,1.0050251256281408,1.0050251256281408,0.5025125628140704,0.5025125628140704,2.512562814070352,0.5025125628140704,0,1.0050251256281408,0.5025125628140704,0,0,0,0,0.5025125628140704,0,1.0050251256281408,2.0100502512562817,0.5025125628140704,3.015075376884422,1.507537688442211,0,0.5025125628140704,0.5025125628140704,3.015075376884422,0.5025125628140704,1.0050251256281408,0.5025125628140704,0,1.507537688442211,1.0050251256281408,0,1.0050251256281408,0,0,3.015075376884422,0.5025125628140704,2.512562814070352,2.0100502512562817,1.507537688442211,0.5025125628140704,0,2.0100502512562817,0.5025125628140704,0,0,0.5025125628140704,1.0050251256281408,1.0050251256281408,0,1.0050251256281408,0.5025125628140704,1.0050251256281408,0,1.507537688442211,1.0050251256281408,0.5025125628140704,0,1.507537688442211,0,0.5025125628140704,0,0,0,2.0100502512562817,0.5025125628140704,1.0050251256281408,1.0050251256281408,0,0,0,1.507537688442211,0.5025125628140704,0,0,1.0050251256281408,0.5025125628140704,0,1.507537688442211,1.0050251256281408,0,0,0.5025125628140704,0,0,0,0,1.507537688442211,0,0,0.5025125628140704,0,0.5025125628140704,0,0,0,0,0,0,1.507537688442211,0.5025125628140704,0,0.5025125628140704,0.5025125628140704,0,1.0050251256281408,1.0050251256281408,0,0,0,0,0,0,0.5025125628140704,0,0.5025125628140704,1.0050251256281408,0,1.0050251256281408,0,0,0,0.5025125628140704,0,0,0,0,0,0,0,0,lenin
lenin_zadachi_rev_molodezhy.txt,7.019438444924406,1.3498920086393087,0.5399568034557236,0.8099352051835853,0,0.5399568034557236,0,2.6997840172786174,26.457883369330453,0.8099352051835853,2.429805615550756,0.5399568034557236,1.3498920086393087,1.3498920086393087,0.8099352051835853,0.2699784017278618,2.1598272138228944,4.319654427645789,1.8898488120950325,0.2699784017278618,2.429805615550756,0,2.429805615550756,2.1598272138228944,0.8099352051835853,48.32613390928726,4.049676025917927,2.1598272138228944,5.129589632829373,1.0799136069114472,1.3498920086393087,0.5399568034557236,1.8898488120950325,2.1598272138228944,12.14902807775378,1.3498920086393087,0,0.5399568034557236,16.738660907127432,0.5399568034557236,0.2699784017278618,1.3498920086393087,2.1598272138228944,0.5399568034557236,0.2699784017278618,0.8099352051835853,1.6198704103671706,2.6997840172786174,4.049676025917927,0.5399568034557236,4.319654427645789,1.6198704103671706,0.5399568034557236,0.8099352051835853,1.0799136069114472,0,0,0.2699784017278618,0.5399568034557236,0.2699784017278618,12.688984881209503,0.5399568034557236,0.2699784017278618,0.5399568034557236,0.2699784017278618,0.2699784017278618,0.5399568034557236,1.8898488120950325,5.669546436285097,1.6198704103671706,0.2699784017278618,1.8898488120950325,0,0.8099352051835853,3.239740820734341,1.6198704103671706,3.509719222462203,12.688984881209503,1.0799136069114472,4.589632829373651,1.0799136069114472,2.9697624190064795,1.8898488120950325,3.779697624190065,0.8099352051835853,2.429805615550756,4.589632829373651,1.3498920086393087,1.6198704103671706,0.5399568034557236,0,2.1598272138228944,2.9697624190064795,0.5399568034557236,0.5399568034557236,0.2699784017278618,0.2699784017278618,1.0799136069114472,1.6198704103671706,1.3498920086393087,0.5399568034557236,0.5399568034557236,1.3498920086393087,0.5399568034557236,1.0799136069114472,1.8898488120950325,3.239740820734341,1.6198704103671706,0,0,0.5399568034557236,0,0.5399568034557236,4.859611231101512,0.2699784017278618,0.2699784017278618,7.289416846652268,1.6198704103671706,0.5399568034557236,0.5399568034557236,1.8898488120950325,0.2699784017278618,1.8898488120950325,0,1.3498920086393087,0.2699784017278618,4.049676025917927,0,0.5399568034557236,1.6198704103671706,0,0,1.3498920086393087,0.2699784017278618,0.2699784017278618,0.2699784017278618,1.0799136069114472,0.8099352051835853,0.2699784017278618,1.8898488120950325,1.0799136069114472,0.8099352051835853,5.939524838012959,0.5399568034557236,2.9697624190064795,1.8898488120950325,0.2699784017278618,2.1598272138228944,1.8898488120950325,1.3498920086393087,1.3498920086393087,1.8898488120950325,0.5399568034557236,2.429805615550756,6.749460043196544,0.5399568034557236,0,0.5399568034557236,0.8099352051835853,0.8099352051835853,0.5399568034557236,0,0,0,0.2699784017278618,0.8099352051835853,2.1598272138228944,3.509719222462203,0.5399568034557236,0.2699784017278618,0.2699784017278618,0.8099352051835853,1.6198704103671706,0.2699784017278618,1.0799136069114472,0.5399568034557236,0,0.2699784017278618,0,0.8099352051835853,0.2699784017278618,2.1598272138228944,0,0,0,1.0799136069114472,4.319654427645789,0,2.1598272138228944,0.8099352051835853,1.0799136069114472,0,0,0.5399568034557236,1.6198704103671706,1.0799136069114472,1.3498920086393087,0.5399568034557236,1.0799136069114472,0.2699784017278618,1.6198704103671706,0.2699784017278618,0.5399568034557236,0,0.2699784017278618,0.8099352051835853,0.8099352051835853,0.8099352051835853,0.2699784017278618,1.6198704103671706,2.9697624190064795,3.779697624190065,0.2699784017278618,0,0,3.239740820734341,0.5399568034557236,0.5399568034557236,0,0,0,1.0799136069114472,0.5399568034557236,0.8099352051835853,0.2699784017278618,0,0.5399568034557236,0.8099352051835853,0.5399568034557236,0,0.5399568034557236,0,0.5399568034557236,3.509719222462203,1.0799136069114472,0.2699784017278618,1.8898488120950325,1.8898488120950325,0.2699784017278618,1.0799136069114472,2.6997840172786174,1.8898488120950325,0,1.6198704103671706,0.2699784017278618,0.2699784017278618,0,1.0799136069114472,0.8099352051835853,1.0799136069114472,0.2699784017278618,0.8099352051835853,0,0,1.0799136069114472,0,0,1.0799136069114472,0.5399568034557236,0,0,0.2699784017278618,0.5399568034557236,0.2699784017278618,0,0,1.3498920086393087,0.2699784017278618,0,0,0.2699784017278618,0.8099352051835853,0.8099352051835853,0.8099352051835853,0,0.2699784017278618,0,0.5399568034557236,0,0,0.5399568034557236,0.2699784017278618,0.8099352051835853,0.8099352051835853,0.5399568034557236,0,0.2699784017278618,0.5399568034557236,0,0,0.2699784017278618,0,1.0799136069114472,1.0799136069114472,0,0,0,0.5399568034557236,0,0,lenin
lenin_zemsk_kampania_iskra.txt,5.798151839101286,0.1811922449719152,0.5435767349157457,0.5435767349157457,0.3623844899438304,0.5435767349157457,0.1811922449719152,1.630730204747237,26.09168327595579,1.630730204747237,2.717883674578728,0.1811922449719152,0.3623844899438304,0.7247689798876608,1.811922449719152,0.5435767349157457,0.3623844899438304,7.247689798876608,1.811922449719152,0.3623844899438304,2.717883674578728,0.5435767349157457,3.623844899438304,3.0802681645225585,1.630730204747237,35.694872259467296,2.1743069396629826,1.811922449719152,4.710998369269795,2.717883674578728,1.811922449719152,1.2683457148034065,1.0871534698314913,6.160536329045117,15.220148577640877,0.7247689798876608,0,3.623844899438304,18.11922449719152,0.5435767349157457,0.3623844899438304,1.0871534698314913,4.52980612429788,0.7247689798876608,0,1.811922449719152,0.905961224859576,4.52980612429788,1.9931146946910672,1.811922449719152,4.167421634354049,0.5435767349157457,0.905961224859576,0.3623844899438304,0.5435767349157457,0.5435767349157457,2.1743069396629826,1.2683457148034065,0,3.4426526544663885,12.683457148034064,0,0,0.5435767349157457,1.0871534698314913,0.7247689798876608,0.1811922449719152,0.905961224859576,2.1743069396629826,2.1743069396629826,0.5435767349157457,1.2683457148034065,2.899075919550643,2.1743069396629826,3.623844899438304,2.717883674578728,2.3554991846348976,7.247689798876608,3.8050371444102193,5.073382859213626,0.905961224859576,1.4495379597753215,2.1743069396629826,5.979344084073202,0.3623844899438304,1.630730204747237,0.905961224859576,1.811922449719152,0.7247689798876608,0.1811922449719152,0.3623844899438304,0.5435767349157457,0.7247689798876608,0.3623844899438304,0.905961224859576,0,0.3623844899438304,0.7247689798876608,0.7247689798876608,3.0802681645225585,1.4495379597753215,1.4495379597753215,0.905961224859576,1.2683457148034065,0.5435767349157457,2.536691429606813,0.7247689798876608,3.261460409494474,0,0.3623844899438304,0.1811922449719152,0.1811922449719152,0.7247689798876608,2.536691429606813,0.7247689798876608,1.4495379597753215,7.247689798876608,0,0.3623844899438304,0.1811922449719152,1.2683457148034065,0,0.905961224859576,0,0.7247689798876608,0.1811922449719152,0.905961224859576,0.1811922449719152,0.5435767349157457,1.4495379597753215,0.3623844899438304,1.2683457148034065,0.1811922449719152,0,1.2683457148034065,0.3623844899438304,0.7247689798876608,0.5435767349157457,1.4495379597753215,2.717883674578728,1.2683457148034065,0.3623844899438304,10.690342453342996,1.2683457148034065,0.905961224859576,1.0871534698314913,2.536691429606813,4.167421634354049,0.3623844899438304,1.4495379597753215,0.3623844899438304,1.2683457148034065,0.7247689798876608,0.5435767349157457,1.811922449719152,0.5435767349157457,1.9931146946910672,0.905961224859576,3.8050371444102193,2.1743069396629826,1.2683457148034065,1.4495379597753215,0,0.7247689798876608,0,0.905961224859576,0.3623844899438304,0.7247689798876608,0.3623844899438304,0,0.3623844899438304,1.630730204747237,0.905961224859576,0.1811922449719152,1.0871534698314913,0.3623844899438304,0.7247689798876608,0.7247689798876608,0.3623844899438304,0.1811922449719152,0,1.4495379597753215,0,0.3623844899438304,0.1811922449719152,1.9931146946910672,3.4426526544663885,1.2683457148034065,2.3554991846348976,0.5435767349157457,0.1811922449719152,0,0.5435767349157457,1.4495379597753215,1.9931146946910672,0.905961224859576,0.7247689798876608,0.5435767349157457,1.4495379597753215,0.1811922449719152,0.1811922449719152,1.2683457148034065,0.7247689798876608,0,1.4495379597753215,0.5435767349157457,0.7247689798876608,0.7247689798876608,0.5435767349157457,0.5435767349157457,0.5435767349157457,3.4426526544663885,0.7247689798876608,1.2683457148034065,0.7247689798876608,1.4495379597753215,0.1811922449719152,0.3623844899438304,1.2683457148034065,0,0.3623844899438304,1.0871534698314913,0.1811922449719152,0.1811922449719152,0.1811922449719152,0.3623844899438304,0.7247689798876608,0.5435767349157457,0.3623844899438304,0.5435767349157457,0.5435767349157457,1.4495379597753215,0.5435767349157457,0.7247689798876608,0.5435767349157457,0.7247689798876608,1.0871534698314913,0.3623844899438304,0.1811922449719152,0.5435767349157457,1.9931146946910672,0.5435767349157457,0.5435767349157457,0.5435767349157457,1.2683457148034065,0.5435767349157457,3.261460409494474,1.2683457148034065,1.2683457148034065,0.1811922449719152,0,0.3623844899438304,0,0.1811922449719152,0.3623844899438304,0.3623844899438304,0.1811922449719152,1.2683457148034065,0.905961224859576,0.5435767349157457,0.7247689798876608,0.5435767349157457,0.905961224859576,0.1811922449719152,0.1811922449719152,0.3623844899438304,0.905961224859576,0.3623844899438304,0,0.5435767349157457,0.1811922449719152,0.7247689798876608,0.905961224859576,1.0871534698314913,0,0,0.1811922449719152,0.3623844899438304,0.5435767349157457,0.1811922449719152,0.5435767349157457,0.905961224859576,1.630730204747237,0.3623844899438304,1.4495379597753215,0.3623844899438304,0,0.3623844899438304,0,0.1811922449719152,0,0.1811922449719152,0.3623844899438304,0,0,0.1811922449719152,0.1811922449719152,0,0.3623844899438304,0,lenin
martov_borba_za_svobodu_I.txt,3.1357792411414236,0.31357792411414237,0.31357792411414237,0.6271558482282847,2.508623392913139,0.31357792411414237,0.6271558482282847,1.8814675446848543,31.67137033552838,0.6271558482282847,3.1357792411414236,0.6271558482282847,0.9407337723424272,4.076513013483851,0.9407337723424272,1.2543116964565695,0,7.839448102853559,0.9407337723424272,0.31357792411414237,8.780181875195987,1.2543116964565695,2.8222013170272815,2.8222013170272815,6.898714330511131,38.25650674192537,2.195045468798997,1.8814675446848543,6.271558482282847,3.7629350893697087,1.2543116964565695,0.31357792411414237,1.5678896205707118,3.4493571652555657,12.229539040451552,0.6271558482282847,0,0.6271558482282847,16.619629978049545,0,0.31357792411414237,0.9407337723424272,4.076513013483851,0.9407337723424272,0.31357792411414237,2.8222013170272815,0.31357792411414237,6.58513640639699,0.9407337723424272,1.5678896205707118,0.9407337723424272,0.9407337723424272,1.2543116964565695,0.31357792411414237,0.6271558482282847,0,0,0.9407337723424272,0,0.31357792411414237,10.3480714957667,0.9407337723424272,0.31357792411414237,1.5678896205707118,0.31357792411414237,0.9407337723424272,0.9407337723424272,0.9407337723424272,3.1357792411414236,3.7629350893697087,0.9407337723424272,1.5678896205707118,0.6271558482282847,3.4493571652555657,3.7629350893697087,0.9407337723424272,1.8814675446848543,12.229539040451552,2.8222013170272815,2.508623392913139,1.2543116964565695,0.9407337723424272,2.8222013170272815,5.33082470994042,0,1.2543116964565695,0.9407337723424272,0,2.508623392913139,0.31357792411414237,0.6271558482282847,0,1.2543116964565695,0.31357792411414237,6.898714330511131,0.9407337723424272,0,2.508623392913139,1.2543116964565695,0.9407337723424272,0.9407337723424272,0.6271558482282847,1.2543116964565695,0.31357792411414237,0,0.6271558482282847,0.6271558482282847,0.9407337723424272,1.8814675446848543,0,0.6271558482282847,0.6271558482282847,1.2543116964565695,1.8814675446848543,1.5678896205707118,0.31357792411414237,7.212292254625274,0,0.6271558482282847,0,0,0.31357792411414237,0.9407337723424272,0.6271558482282847,0.6271558482282847,0.31357792411414237,1.5678896205707118,0,0,0.31357792411414237,0.31357792411414237,0.31357792411414237,0,0,1.2543116964565695,0.9407337723424272,0.9407337723424272,0.31357792411414237,0.6271558482282847,1.8814675446848543,0.6271558482282847,0,6.58513640639699,2.8222013170272815,0.6271558482282847,0,1.8814675446848543,3.1357792411414236,0.31357792411414237,0.31357792411414237,0,1.5678896205707118,0.9407337723424272,1.5678896205707118,2.508623392913139,0.6271558482282847,0.6271558482282847,3.1357792411414236,2.195045468798997,3.4493571652555657,0.31357792411414237,0,0,0.6271558482282847,1.2543116964565695,0.6271558482282847,0.31357792411414237,1.2543116964565695,0.6271558482282847,0.31357792411414237,3.1357792411414236,1.5678896205707118,0.9407337723424272,1.5678896205707118,1.2543116964565695,1.2543116964565695,0.31357792411414237,0.31357792411414237,0.6271558482282847,0.6271558482282847,0.6271558482282847,0,0,0,0.6271558482282847,0.6271558482282847,5.644402634054563,0.6271558482282847,1.5678896205707118,0.6271558482282847,0.6271558482282847,0,0,1.8814675446848543,1.5678896205707118,0.31357792411414237,1.5678896205707118,0.31357792411414237,3.4493571652555657,0.6271558482282847,0.6271558482282847,3.1357792411414236,0.31357792411414237,0,1.2543116964565695,0,0,0.9407337723424272,2.195045468798997,0.6271558482282847,0.31357792411414237,2.195045468798997,1.5678896205707118,1.2543116964565695,0,2.8222013170272815,1.2543116964565695,0.31357792411414237,2.195045468798997,0,0.9407337723424272,0.31357792411414237,1.2543116964565695,0.31357792411414237,0.31357792411414237,0.6271558482282847,0.31357792411414237,0.31357792411414237,0.6271558482282847,1.5678896205707118,0.31357792411414237,0,1.2543116964565695,1.2543116964565695,0.31357792411414237,0,2.195045468798997,0.31357792411414237,0.6271558482282847,0.31357792411414237,1.5678896205707118,0.6271558482282847,0,0,0.31357792411414237,0.6271558482282847,0,1.8814675446848543,0.31357792411414237,0.31357792411414237,0,1.5678896205707118,0.31357792411414237,0.31357792411414237,0.31357792411414237,0,0.31357792411414237,0.6271558482282847,0.31357792411414237,0.31357792411414237,0.31357792411414237,0.6271558482282847,0.9407337723424272,0,0.31357792411414237,0,0.9407337723424272,0.6271558482282847,0,0.31357792411414237,0,0,0.9407337723424272,0.31357792411414237,0.9407337723424272,0.31357792411414237,0,0.31357792411414237,0.31357792411414237,0.31357792411414237,0.6271558482282847,0.31357792411414237,0.9407337723424272,0.31357792411414237,1.5678896205707118,0.31357792411414237,0,0.31357792411414237,0.31357792411414237,0,0.6271558482282847,0,0,0.31357792411414237,0,0,0.6271558482282847,0.9407337723424272,0,0,martov
martov_boykot_dumy_i_rev_samoupravlenie_I.txt,6.273525721455458,0.2509410288582183,0,0.2509410288582183,0.5018820577164366,0.752823086574655,0.752823086574655,1.2547051442910915,29.360100376411545,1.50564617314931,2.509410288582183,0.5018820577164366,1.2547051442910915,1.0037641154328731,0.5018820577164366,0.2509410288582183,0.2509410288582183,4.0150564617314926,2.509410288582183,0.2509410288582183,3.262233375156838,0.752823086574655,4.265997490589712,4.265997490589712,2.0075282308657463,27.603513174404014,3.764115432873275,4.0150564617314926,5.520702634880803,1.50564617314931,2.0075282308657463,0.2509410288582183,3.262233375156838,4.265997490589712,12.797992471769133,0.752823086574655,1.0037641154328731,2.7603513174404015,17.063989962358846,0,0,0.2509410288582183,5.771643663739021,0.752823086574655,0.2509410288582183,2.258469259723965,1.50564617314931,8.281053952321205,1.0037641154328731,1.0037641154328731,5.771643663739021,0.2509410288582183,0.752823086574655,1.2547051442910915,0.2509410288582183,0.752823086574655,1.50564617314931,2.258469259723965,0,0,6.273525721455458,0.5018820577164366,0.752823086574655,2.0075282308657463,0.2509410288582183,1.2547051442910915,0.5018820577164366,0.5018820577164366,2.509410288582183,2.7603513174404015,1.50564617314931,2.509410288582183,2.509410288582183,2.509410288582183,4.265997490589712,1.50564617314931,2.258469259723965,14.805520702634881,3.262233375156838,5.771643663739021,1.0037641154328731,3.764115432873275,0.752823086574655,5.269761606022585,0.2509410288582183,2.509410288582183,2.0075282308657463,0,1.50564617314931,1.0037641154328731,0.5018820577164366,0.5018820577164366,1.7565872020075284,0.5018820577164366,1.50564617314931,0.2509410288582183,0.2509410288582183,0.2509410288582183,1.7565872020075284,4.265997490589712,1.50564617314931,0.752823086574655,0.752823086574655,1.50564617314931,0,1.50564617314931,2.509410288582183,2.0075282308657463,1.50564617314931,0.752823086574655,0.752823086574655,0.2509410288582183,0.752823086574655,2.509410288582183,1.50564617314931,0.5018820577164366,11.292346298619824,0.5018820577164366,0,0,1.2547051442910915,1.2547051442910915,0.752823086574655,0,0.752823086574655,0.5018820577164366,2.258469259723965,0,0.5018820577164366,0.5018820577164366,0,0,1.0037641154328731,0,1.7565872020075284,0,1.0037641154328731,0.5018820577164366,1.0037641154328731,1.50564617314931,0.752823086574655,0.2509410288582183,5.520702634880803,0.5018820577164366,0,0.2509410288582183,1.2547051442910915,3.764115432873275,0.752823086574655,0.752823086574655,1.2547051442910915,2.258469259723965,0.5018820577164366,0.752823086574655,1.2547051442910915,0.5018820577164366,0.2509410288582183,1.50564617314931,1.7565872020075284,1.2547051442910915,0,0.2509410288582183,0.5018820577164366,0.752823086574655,1.50564617314931,4.265997490589712,3.262233375156838,0.752823086574655,0,1.2547051442910915,0.2509410288582183,1.0037641154328731,1.0037641154328731,0.2509410288582183,3.01129234629862,0.5018820577164366,1.0037641154328731,0.5018820577164366,0.2509410288582183,0.2509410288582183,0.2509410288582183,1.0037641154328731,0,0.2509410288582183,0.2509410288582183,0.5018820577164366,8.281053952321205,0.752823086574655,1.50564617314931,1.0037641154328731,1.50564617314931,0,0,1.50564617314931,0.2509410288582183,0.5018820577164366,2.258469259723965,0.752823086574655,0.5018820577164366,0.752823086574655,0,3.764115432873275,1.0037641154328731,0.5018820577164366,0,0.752823086574655,0.5018820577164366,0.2509410288582183,1.7565872020075284,1.50564617314931,0.2509410288582183,1.7565872020075284,1.0037641154328731,1.7565872020075284,0.2509410288582183,0.2509410288582183,1.7565872020075284,0.752823086574655,1.0037641154328731,0.2509410288582183,1.0037641154328731,0,0,0.2509410288582183,0.5018820577164366,0.752823086574655,1.0037641154328731,0.2509410288582183,0.2509410288582183,0,0.752823086574655,0.5018820577164366,0.2509410288582183,2.509410288582183,0.2509410288582183,0.752823086574655,1.0037641154328731,0.2509410288582183,0,1.50564617314931,1.0037641154328731,0,0.752823086574655,0.2509410288582183,0.5018820577164366,0.2509410288582183,0.752823086574655,1.0037641154328731,0,0.2509410288582183,0,1.2547051442910915,0.752823086574655,0.2509410288582183,0.5018820577164366,0.752823086574655,0.5018820577164366,0.2509410288582183,1.0037641154328731,0.5018820577164366,0.5018820577164366,0.5018820577164366,0.5018820577164366,0.2509410288582183,0.2509410288582183,1.2547051442910915,1.50564617314931,1.50564617314931,0.2509410288582183,0.2509410288582183,0,1.0037641154328731,0.2509410288582183,1.0037641154328731,0.2509410288582183,0.2509410288582183,0,0,0.2509410288582183,0,0.752823086574655,0,0.2509410288582183,0.752823086574655,1.50564617314931,1.0037641154328731,0.2509410288582183,0,0,0.2509410288582183,0,0.5018820577164366,0.752823086574655,0.5018820577164366,0,0,0.5018820577164366,0.2509410288582183,0,0,martov
martov_demokraty_ponevole_I.txt,2.0463847203274215,0.6821282401091405,0,0.6821282401091405,1.364256480218281,0,0,7.503410641200546,28.649386084583902,2.728512960436562,3.4106412005457027,0,0.6821282401091405,2.0463847203274215,1.364256480218281,0,0.6821282401091405,3.4106412005457027,1.364256480218281,0.6821282401091405,4.092769440654843,2.0463847203274215,6.8212824010914055,2.0463847203274215,8.185538881309686,31.377899045020467,2.728512960436562,0.6821282401091405,8.867667121418828,3.4106412005457027,2.0463847203274215,0.6821282401091405,1.364256480218281,8.185538881309686,13.642564802182811,0,2.728512960436562,2.728512960436562,30.013642564802183,2.0463847203274215,0,0.6821282401091405,6.139154160982264,0.6821282401091405,0.6821282401091405,8.185538881309686,0.6821282401091405,2.0463847203274215,0.6821282401091405,0.6821282401091405,5.457025920873124,0,1.364256480218281,2.728512960436562,0,0,0,1.364256480218281,0,0.6821282401091405,7.503410641200546,0.6821282401091405,0,0.6821282401091405,0,0,1.364256480218281,0,2.728512960436562,2.0463847203274215,1.364256480218281,0.6821282401091405,0.6821282401091405,2.728512960436562,4.774897680763983,1.364256480218281,2.0463847203274215,27.285129604365622,2.728512960436562,15.006821282401091,1.364256480218281,0,0.6821282401091405,5.457025920873124,0,2.728512960436562,0.6821282401091405,0,2.0463847203274215,0.6821282401091405,0,0,0,0,2.728512960436562,0,0,2.0463847203274215,2.0463847203274215,2.0463847203274215,1.364256480218281,0.6821282401091405,0,0.6821282401091405,0,0.6821282401091405,2.0463847203274215,1.364256480218281,0,0.6821282401091405,0,0.6821282401091405,0,0.6821282401091405,0,0,4.774897680763983,0.6821282401091405,0.6821282401091405,1.364256480218281,0,0.6821282401091405,1.364256480218281,0,0,0.6821282401091405,0,0.6821282401091405,0,0,1.364256480218281,2.728512960436562,0,0,0,0,4.092769440654843,0,2.728512960436562,2.0463847203274215,0.6821282401091405,0.6821282401091405,8.185538881309686,0.6821282401091405,0,0,3.4106412005457027,3.4106412005457027,0,0,0.6821282401091405,0.6821282401091405,0,1.364256480218281,0,0,4.774897680763983,0.6821282401091405,1.364256480218281,1.364256480218281,0.6821282401091405,1.364256480218281,0.6821282401091405,0.6821282401091405,0.6821282401091405,0,0,0.6821282401091405,2.0463847203274215,0,0,0,0.6821282401091405,0.6821282401091405,0.6821282401091405,2.0463847203274215,0.6821282401091405,2.0463847203274215,2.0463847203274215,0.6821282401091405,0,0.6821282401091405,0.6821282401091405,0,0.6821282401091405,0.6821282401091405,3.4106412005457027,0.6821282401091405,2.0463847203274215,0.6821282401091405,0.6821282401091405,0,0,0,2.728512960436562,0.6821282401091405,2.0463847203274215,2.728512960436562,2.0463847203274215,1.364256480218281,0,3.4106412005457027,1.364256480218281,0,0.6821282401091405,0,0,0,0,0,0,0,0.6821282401091405,0.6821282401091405,0,2.0463847203274215,0,0,0,0,0,0,0,0,0,1.364256480218281,0.6821282401091405,0,0,0.6821282401091405,0,0,0.6821282401091405,0,0.6821282401091405,0.6821282401091405,1.364256480218281,0,0,1.364256480218281,3.4106412005457027,0.6821282401091405,1.364256480218281,0,4.092769440654843,0.6821282401091405,0,0.6821282401091405,0,0.6821282401091405,0,0.6821282401091405,0,1.364256480218281,0.6821282401091405,0,0,0.6821282401091405,0.6821282401091405,0.6821282401091405,0.6821282401091405,0.6821282401091405,0,2.0463847203274215,1.364256480218281,0,0.6821282401091405,2.0463847203274215,0,4.774897680763983,0,0,0,1.364256480218281,0,0.6821282401091405,1.364256480218281,0,0,0.6821282401091405,2.728512960436562,0,0,0,0.6821282401091405,0,2.0463847203274215,0.6821282401091405,1.364256480218281,2.728512960436562,0,2.0463847203274215,5.457025920873124,0,0.6821282401091405,0,0,0,0,0,martov
martov_gibel_port_artura_I.txt,0.8554319931565441,0,0,1.7108639863130881,0.8554319931565441,0,0,1.7108639863130881,30.795551753635586,0,5.132591958939265,0,0,1.7108639863130881,1.7108639863130881,0,0,8.554319931565441,2.5662959794696323,0,8.554319931565441,0,0.8554319931565441,1.7108639863130881,10.26518391787853,41.91616766467065,2.5662959794696323,0.8554319931565441,11.976047904191617,3.4217279726261762,0.8554319931565441,1.7108639863130881,0.8554319931565441,1.7108639863130881,9.409751924721984,0.8554319931565441,0,1.7108639863130881,5.132591958939265,1.7108639863130881,0,0,2.5662959794696323,0.8554319931565441,1.7108639863130881,1.7108639863130881,0,5.9880239520958085,0,4.277159965782721,5.132591958939265,0.8554319931565441,3.4217279726261762,0,0.8554319931565441,0,0,0.8554319931565441,0,0,18.81950384944397,0.8554319931565441,1.7108639863130881,1.7108639863130881,0.8554319931565441,0.8554319931565441,0,0,0.8554319931565441,0,0.8554319931565441,1.7108639863130881,5.9880239520958085,0.8554319931565441,3.4217279726261762,0.8554319931565441,0,10.26518391787853,0.8554319931565441,6.8434559452523525,4.277159965782721,0,0,1.7108639863130881,0,0,1.7108639863130881,0,3.4217279726261762,0,0,0.8554319931565441,0,0,0,0,0,0,0,0.8554319931565441,0,0,0.8554319931565441,0,0,0,0,0.8554319931565441,0,0,2.5662959794696323,1.7108639863130881,0,4.277159965782721,0.8554319931565441,0,3.4217279726261762,1.7108639863130881,0.8554319931565441,0.8554319931565441,0.8554319931565441,0,0,0.8554319931565441,0,0.8554319931565441,0.8554319931565441,0,0,0.8554319931565441,0,0,0.8554319931565441,0,0,0,0,0,0,2.5662959794696323,0,0,6.8434559452523525,1.7108639863130881,3.4217279726261762,0,2.5662959794696323,2.5662959794696323,0,0,0,0,0.8554319931565441,0.8554319931565441,0,0.8554319931565441,0.8554319931565441,0.8554319931565441,0.8554319931565441,1.7108639863130881,0,0,0,0,0,0,0,3.4217279726261762,0.8554319931565441,0,0,0.8554319931565441,0,0,2.5662959794696323,0.8554319931565441,0,0.8554319931565441,0,0,0,0,0,0,0,0,1.7108639863130881,0,3.4217279726261762,0.8554319931565441,0,0,0,0.8554319931565441,1.7108639863130881,2.5662959794696323,0,0,2.5662959794696323,0,0,0.8554319931565441,0.8554319931565441,0,0,0,0,0,0.8554319931565441,0,0.8554319931565441,0.8554319931565441,0.8554319931565441,0,0,0.8554319931565441,0.8554319931565441,0.8554319931565441,0,0,0,0,0,0,0,0,0,0,0,0,0,0,0,0,0,0,0.8554319931565441,0.8554319931565441,0,0,2.5662959794696323,0,0.8554319931565441,0,0,4.277159965782721,0.8554319931565441,0,0.8554319931565441,0,0,0,0,2.5662959794696323,0,0,0,0,0,0.8554319931565441,0,0,0.8554319931565441,0,0,0.8554319931565441,0,0,0,0,0.8554319931565441,0,0.8554319931565441,0,0,0,0,0,0.8554319931565441,0.8554319931565441,0,0,1.7108639863130881,0,0,0,0.8554319931565441,0.8554319931565441,0,0,0,0,0,0,0.8554319931565441,0,0,0,7.698887938408896,0,martov
martov_golod_idet_I.txt,2.5412960609911055,0,0,1.2706480304955527,1.2706480304955527,0,3.8119440914866582,0,21.601016518424398,2.5412960609911055,2.5412960609911055,0,0,7.6238881829733165,0,0,0,2.5412960609911055,0,0,1.2706480304955527,1.2706480304955527,7.6238881829733165,1.2706480304955527,12.706480304955527,39.39008894536213,0,7.6238881829733165,3.8119440914866582,1.2706480304955527,6.353240152477763,2.5412960609911055,0,0,16.518424396442185,0,3.8119440914866582,0,12.706480304955527,0,0,1.2706480304955527,2.5412960609911055,0,3.8119440914866582,1.2706480304955527,0,2.5412960609911055,0,1.2706480304955527,1.2706480304955527,0,1.2706480304955527,0,0,2.5412960609911055,5.082592121982211,1.2706480304955527,0,2.5412960609911055,7.6238881829733165,0,1.2706480304955527,0,1.2706480304955527,0,1.2706480304955527,0,0,1.2706480304955527,0,1.2706480304955527,0,1.2706480304955527,1.2706480304955527,1.2706480304955527,1.2706480304955527,5.082592121982211,1.2706480304955527,3.8119440914866582,0,1.2706480304955527,5.082592121982211,0,0,0,1.2706480304955527,0,0,0,0,0,3.8119440914866582,0,2.5412960609911055,0,0,0,0,0,2.5412960609911055,0,0,1.2706480304955527,0,1.2706480304955527,0,6.353240152477763,3.8119440914866582,0,0,0,0,2.5412960609911055,0,0,8.89453621346887,0,0,0,0,0,1.2706480304955527,0,0,0,0,0,0,1.2706480304955527,0,0,1.2706480304955527,0,0,0,0,0,1.2706480304955527,0,0,0,6.353240152477763,1.2706480304955527,1.2706480304955527,0,1.2706480304955527,0,2.5412960609911055,0,0,0,0,0,1.2706480304955527,0,1.2706480304955527,1.2706480304955527,2.5412960609911055,12.706480304955527,0,0,0,2.5412960609911055,0,1.2706480304955527,1.2706480304955527,2.5412960609911055,0,0,0,0,1.2706480304955527,1.2706480304955527,0,1.2706480304955527,0,0,0,0,0,0,0,0,1.2706480304955527,0,2.5412960609911055,0,0,0,1.2706480304955527,0,0,0,0,1.2706480304955527,3.8119440914866582,0,3.8119440914866582,0,0,1.2706480304955527,0,0,0,0,0,1.2706480304955527,0,0,0,0,0,0,0,1.2706480304955527,0,0,2.5412960609911055,0,0,0,0,0,0,0,0,0,0,0,1.2706480304955527,0,0,0,0,0,5.082592121982211,0,1.2706480304955527,0,0,0,1.2706480304955527,0,0,0,0,0,0,0,0,1.2706480304955527,0,0,0,0,1.2706480304955527,0,0,0,0,0,0,0,0,0,0,0,0,0,1.2706480304955527,0,0,0,1.2706480304955527,0,0,0,0,0,2.5412960609911055,0,0,1.2706480304955527,0,0,0,2.5412960609911055,0,0,0,0,0,0,0,0,0,0,0,0,martov
martov_itogi_polit_razvitiya.txt,1.190003966679889,0,0,1.190003966679889,2.18167393891313,0.9916699722332407,0,2.380007933359778,40.856802856009516,2.9750099166997224,4.561681872272907,0.3966679888932963,0.3966679888932963,1.388337961126537,0.7933359777865926,0,0.19833399444664815,6.743355811186037,2.18167393891313,0.5950019833399445,4.760015866719556,0.9916699722332407,0.7933359777865926,4.165013883379611,4.36334787782626,49.385164617215395,2.380007933359778,1.7850059500198332,3.5700119000396664,0.5950019833399445,0.7933359777865926,0.3966679888932963,0.19833399444664815,0.3966679888932963,11.90003966679889,0.19833399444664815,0,0,8.925029750099167,1.190003966679889,0.19833399444664815,0,5.553351844506148,0.19833399444664815,0.3966679888932963,2.578341927806426,0.5950019833399445,4.165013883379611,0.5950019833399445,1.7850059500198332,2.18167393891313,1.190003966679889,0,0,1.190003966679889,0.5950019833399445,0.19833399444664815,2.578341927806426,0,0.9916699722332407,13.288377627925426,1.388337961126537,0.5950019833399445,1.388337961126537,0.7933359777865926,1.7850059500198332,0.5950019833399445,0.19833399444664815,0.9916699722332407,0.3966679888932963,0.3966679888932963,2.776675922253074,0.19833399444664815,1.190003966679889,2.18167393891313,0.19833399444664815,3.1733439111463704,0.7933359777865926,0.7933359777865926,3.1733439111463704,1.7850059500198332,4.760015866719556,2.578341927806426,0.5950019833399445,1.9833399444664814,0.7933359777865926,2.18167393891313,0,0,0.3966679888932963,0.7933359777865926,0,0.9916699722332407,0.3966679888932963,0.19833399444664815,0.3966679888932963,0.19833399444664815,2.18167393891313,3.7683458944863153,0.19833399444664815,0.3966679888932963,0.19833399444664815,0.7933359777865926,0.19833399444664815,0.7933359777865926,1.9833399444664814,0,1.9833399444664814,0.7933359777865926,0,1.388337961126537,0.7933359777865926,0.5950019833399445,2.9750099166997224,0.9916699722332407,0,10.115033716779056,0.19833399444664815,1.5866719555731852,2.578341927806426,0.19833399444664815,0.9916699722332407,0,0,3.5700119000396664,0,2.776675922253074,0,0.3966679888932963,0.3966679888932963,0,0,0.3966679888932963,0.3966679888932963,0,0,0,0,0,1.7850059500198332,0.19833399444664815,0,1.9833399444664814,0.19833399444664815,1.5866719555731852,0.19833399444664815,0.9916699722332407,0.7933359777865926,0,0,0,1.388337961126537,0.3966679888932963,0.3966679888932963,0.7933359777865926,0.19833399444664815,0.19833399444664815,2.18167393891313,4.958349861166204,3.7683458944863153,0.7933359777865926,0,0,0,1.190003966679889,0.19833399444664815,0,4.958349861166204,1.190003966679889,0.9916699722332407,0,0.9916699722332407,2.18167393891313,0,0.9916699722332407,1.388337961126537,0.7933359777865926,0.19833399444664815,0,0,0,1.190003966679889,0,0.19833399444664815,0,0.3966679888932963,3.3716779055930184,0.3966679888932963,0.19833399444664815,0,0.3966679888932963,0.5950019833399445,0.3966679888932963,1.7850059500198332,1.388337961126537,0.9916699722332407,0.19833399444664815,0,0.3966679888932963,0.9916699722332407,0,0,1.190003966679889,0.19833399444664815,0,1.190003966679889,0,0.19833399444664815,0.19833399444664815,0,0,0.5950019833399445,0.3966679888932963,1.190003966679889,0,0,1.9833399444664814,1.190003966679889,0.5950019833399445,0,0.7933359777865926,0.7933359777865926,0.3966679888932963,0,1.190003966679889,0,0.7933359777865926,0.19833399444664815,0.7933359777865926,0.3966679888932963,0.9916699722332407,0,0.19833399444664815,0,0,0.5950019833399445,1.5866719555731852,0,0.19833399444664815,0.9916699722332407,1.190003966679889,0.19833399444664815,1.7850059500198332,0.19833399444664815,0,0,0,0.7933359777865926,0.5950019833399445,0,1.5866719555731852,0.19833399444664815,1.190003966679889,0,0.19833399444664815,0.19833399444664815,0.7933359777865926,0.9916699722332407,0.5950019833399445,0.3966679888932963,0,0,0.7933359777865926,0,0,0,0.5950019833399445,0.7933359777865926,0.19833399444664815,0.19833399444664815,0,0,0,0,0.5950019833399445,0.9916699722332407,0,0,0.3966679888932963,0.19833399444664815,0,0.7933359777865926,0,2.9750099166997224,3.7683458944863153,0.19833399444664815,0,1.190003966679889,0,0,0,1.190003966679889,0,0,0,0.5950019833399445,0.7933359777865926,0,0.19833399444664815,0,martov
martov_itogi_zemskogo_parlamenta_I.txt,2.767017155506364,1.1068068622025455,0.5534034311012728,0,0,0,1.1068068622025455,6.087437742114001,26.009961261759823,1.1068068622025455,3.87382401770891,0,0,1.1068068622025455,1.1068068622025455,0,0,4.427227448810182,0,0,9.407858328721638,2.213613724405091,1.6602102933038185,1.1068068622025455,2.767017155506364,29.33038184836746,3.87382401770891,4.980630879911455,4.980630879911455,2.767017155506364,1.1068068622025455,1.1068068622025455,2.213613724405091,3.320420586607637,15.49529607083564,4.427227448810182,0,1.1068068622025455,16.602102933038186,1.6602102933038185,0,0,5.534034311012728,1.6602102933038185,0.5534034311012728,4.980630879911455,0,4.427227448810182,1.1068068622025455,1.1068068622025455,5.534034311012728,1.6602102933038185,0.5534034311012728,0.5534034311012728,0,0.5534034311012728,0.5534034311012728,0,0,0,8.301051466519093,4.427227448810182,1.1068068622025455,1.1068068622025455,1.6602102933038185,0,0.5534034311012728,0,0.5534034311012728,3.320420586607637,0.5534034311012728,0.5534034311012728,0.5534034311012728,4.427227448810182,4.427227448810182,0,0.5534034311012728,7.194244604316547,6.640841173215274,1.6602102933038185,1.6602102933038185,2.767017155506364,0.5534034311012728,3.87382401770891,0.5534034311012728,2.213613724405091,0.5534034311012728,0.5534034311012728,0,0,0,0,1.1068068622025455,0,1.6602102933038185,0,0,0.5534034311012728,2.767017155506364,1.1068068622025455,0.5534034311012728,0.5534034311012728,0,0,0,1.1068068622025455,0,3.320420586607637,1.1068068622025455,0,0,1.6602102933038185,1.1068068622025455,1.1068068622025455,0.5534034311012728,0,8.854454897620364,0,0,0,0.5534034311012728,1.1068068622025455,0,0,0,0.5534034311012728,0.5534034311012728,1.1068068622025455,0,0,0.5534034311012728,0.5534034311012728,1.1068068622025455,1.1068068622025455,2.213613724405091,0,0,0,0,2.767017155506364,0,0.5534034311012728,1.6602102933038185,1.1068068622025455,0,0,1.1068068622025455,3.320420586607637,0.5534034311012728,0,0.5534034311012728,1.6602102933038185,0,0.5534034311012728,2.213613724405091,0.5534034311012728,0,0.5534034311012728,2.213613724405091,3.87382401770891,0,0,0,1.1068068622025455,1.1068068622025455,0.5534034311012728,1.6602102933038185,0.5534034311012728,0.5534034311012728,0.5534034311012728,0,0.5534034311012728,2.767017155506364,1.1068068622025455,1.1068068622025455,1.1068068622025455,0,1.6602102933038185,0,0,0.5534034311012728,0,2.213613724405091,0,0.5534034311012728,0,3.320420586607637,0.5534034311012728,0.5534034311012728,0,1.1068068622025455,0,0,0,0.5534034311012728,0.5534034311012728,0.5534034311012728,0.5534034311012728,1.6602102933038185,0,0,1.6602102933038185,1.1068068622025455,0,0.5534034311012728,1.1068068622025455,0,0.5534034311012728,0.5534034311012728,0,0.5534034311012728,0,0,0.5534034311012728,0.5534034311012728,0,0.5534034311012728,1.6602102933038185,0,0,0.5534034311012728,0,0.5534034311012728,0,0,0.5534034311012728,0,0.5534034311012728,1.1068068622025455,0,0.5534034311012728,1.1068068622025455,0,0,0,0,0.5534034311012728,0,0.5534034311012728,3.320420586607637,2.213613724405091,0,1.1068068622025455,0,0,0,0,0.5534034311012728,0,0,0.5534034311012728,0.5534034311012728,1.1068068622025455,1.1068068622025455,0,0,0,0,0.5534034311012728,1.6602102933038185,0,0,1.1068068622025455,2.767017155506364,0.5534034311012728,0,0,0,1.1068068622025455,1.6602102933038185,0,0.5534034311012728,0.5534034311012728,0,0,0,0,1.6602102933038185,0,1.1068068622025455,0,1.1068068622025455,0,1.1068068622025455,1.1068068622025455,0,0.5534034311012728,0.5534034311012728,0,0.5534034311012728,0,0,0,0,0,0.5534034311012728,0,0,0.5534034311012728,0,martov
martov_klass_protiv_klassa.txt,3.90625,1.6276041666666667,2.6041666666666665,1.953125,1.3020833333333333,3.2552083333333335,0.6510416666666666,0.6510416666666666,26.3671875,0.9765625,5.208333333333333,0.3255208333333333,1.3020833333333333,1.6276041666666667,0.9765625,0.3255208333333333,0,5.533854166666667,1.3020833333333333,0.3255208333333333,11.067708333333334,2.2786458333333335,1.3020833333333333,2.9296875,7.8125,45.8984375,4.231770833333333,4.231770833333333,2.2786458333333335,5.208333333333333,1.6276041666666667,1.3020833333333333,0.9765625,0.9765625,8.463541666666666,0,0.9765625,0,13.997395833333334,1.3020833333333333,0,0.9765625,4.557291666666667,1.3020833333333333,0.9765625,2.6041666666666665,0.6510416666666666,7.161458333333333,0,0.6510416666666666,1.953125,0,0,2.2786458333333335,0,0,0.3255208333333333,0.6510416666666666,1.3020833333333333,3.90625,9.114583333333334,0.9765625,1.6276041666666667,1.6276041666666667,1.6276041666666667,1.953125,0.3255208333333333,0,0.6510416666666666,1.3020833333333333,0.9765625,2.2786458333333335,0.6510416666666666,3.2552083333333335,2.9296875,3.5807291666666665,1.3020833333333333,8.463541666666666,7.161458333333333,2.2786458333333335,1.6276041666666667,1.6276041666666667,3.2552083333333335,1.3020833333333333,0.9765625,0.6510416666666666,2.2786458333333335,0,0,0,0,0.6510416666666666,1.953125,0.6510416666666666,0,0,0,1.3020833333333333,0.3255208333333333,0,0.6510416666666666,0,0,0.6510416666666666,0.9765625,1.6276041666666667,2.6041666666666665,0.9765625,2.2786458333333335,1.6276041666666667,0,0,0,0.3255208333333333,1.3020833333333333,0.6510416666666666,5.859375,0.3255208333333333,3.90625,0.9765625,0,1.3020833333333333,0.9765625,0.3255208333333333,0.3255208333333333,2.9296875,1.953125,0.3255208333333333,0.9765625,0,0.6510416666666666,0.9765625,0.6510416666666666,0,0,0,0.3255208333333333,0,0.3255208333333333,0.9765625,1.6276041666666667,0,0.9765625,0,0,0.9765625,2.9296875,1.6276041666666667,0,0,0,0.6510416666666666,0,0,0,0,0.3255208333333333,1.953125,0.6510416666666666,7.8125,1.953125,0.9765625,0.9765625,0,0,0,0,0.3255208333333333,0,0.3255208333333333,0,2.2786458333333335,1.953125,1.6276041666666667,1.3020833333333333,4.557291666666667,0.9765625,0,0,0,0,0.3255208333333333,0,0,0,0.9765625,4.557291666666667,2.2786458333333335,0.9765625,0.6510416666666666,1.953125,3.90625,0,1.6276041666666667,1.3020833333333333,1.3020833333333333,0.9765625,0.3255208333333333,1.3020833333333333,0.9765625,0,1.953125,0.3255208333333333,1.3020833333333333,0.9765625,2.6041666666666665,0,0,0.6510416666666666,0,0,0,0.6510416666666666,0.3255208333333333,0.3255208333333333,0.3255208333333333,0,0.3255208333333333,0,0,0.9765625,0,0.9765625,0,0.3255208333333333,0.3255208333333333,0.6510416666666666,0.3255208333333333,1.6276041666666667,0.6510416666666666,1.3020833333333333,0.3255208333333333,0.3255208333333333,0,0,0.3255208333333333,0.3255208333333333,0,0,3.2552083333333335,1.3020833333333333,0.6510416666666666,0.6510416666666666,0,0,0.3255208333333333,0,2.6041666666666665,0.9765625,1.6276041666666667,0,0.6510416666666666,0,0.3255208333333333,0.3255208333333333,0.9765625,0.6510416666666666,0,0,0,0,1.6276041666666667,0.3255208333333333,0,0,0,1.6276041666666667,0.9765625,0,0.6510416666666666,0,0.3255208333333333,0,0,1.953125,0.3255208333333333,0,0,0,0.3255208333333333,0.9765625,1.3020833333333333,0.9765625,0.3255208333333333,1.3020833333333333,0,0.6510416666666666,0.3255208333333333,0,0,0,0,0.9765625,0,0,0.3255208333333333,0,0.9765625,0,0,martov
martov_krovavoe_bezumie.txt,5.58659217877095,0,0,0,1.86219739292365,0.931098696461825,1.86219739292365,0.931098696461825,40.03724394785847,0,6.517690875232775,0,1.86219739292365,0.931098696461825,0.931098696461825,0,0.931098696461825,5.58659217877095,1.86219739292365,0.931098696461825,0,0,0.931098696461825,3.7243947858473,6.517690875232775,40.03724394785847,10.242085661080074,1.86219739292365,5.58659217877095,0,0,1.86219739292365,5.58659217877095,2.793296089385475,11.1731843575419,0,0,0,15.828677839851025,0,0,0.931098696461825,4.655493482309125,0,0,0,0,6.517690875232775,3.7243947858473,0,1.86219739292365,0.931098696461825,3.7243947858473,0.931098696461825,0,3.7243947858473,4.655493482309125,0,0,0,11.1731843575419,0,0,0.931098696461825,0,0,0,1.86219739292365,1.86219739292365,0.931098696461825,0,0,0.931098696461825,4.655493482309125,0,0,5.58659217877095,17.690875232774673,3.7243947858473,3.7243947858473,1.86219739292365,0,0.931098696461825,2.793296089385475,0.931098696461825,8.379888268156424,1.86219739292365,0,0,0,0,0,0.931098696461825,0.931098696461825,0.931098696461825,0.931098696461825,0,0,0,0,0,0,1.86219739292365,4.655493482309125,0,0.931098696461825,0.931098696461825,0.931098696461825,1.86219739292365,0.931098696461825,1.86219739292365,0,0.931098696461825,2.793296089385475,0,0.931098696461825,4.655493482309125,0,0,0,0,0,2.793296089385475,0,0.931098696461825,0.931098696461825,1.86219739292365,0.931098696461825,0,1.86219739292365,0,0,0,0,0.931098696461825,0,0,0,0.931098696461825,0,0,5.58659217877095,0.931098696461825,0,0,0,2.793296089385475,3.7243947858473,0,0,0,0,0,0.931098696461825,0,0,0,0.931098696461825,1.86219739292365,2.793296089385475,0,0,0,3.7243947858473,0.931098696461825,0.931098696461825,0,5.58659217877095,0,0,0,0.931098696461825,0,0,0,0.931098696461825,0,0,0,0,0,0,0,1.86219739292365,0.931098696461825,0,1.86219739292365,0.931098696461825,1.86219739292365,0.931098696461825,1.86219739292365,0,0,0,1.86219739292365,0.931098696461825,0.931098696461825,0,4.655493482309125,0,0,3.7243947858473,1.86219739292365,0.931098696461825,0,0,0,0,1.86219739292365,0,0,1.86219739292365,1.86219739292365,2.793296089385475,0,2.793296089385475,0,0,0,0.931098696461825,1.86219739292365,0,0,0,0,0,0,0,0,0.931098696461825,0,0.931098696461825,0,0,0,0,0,0,0,0.931098696461825,0.931098696461825,2.793296089385475,0,0,0,0,0,0,0.931098696461825,0,0,0.931098696461825,0,0,3.7243947858473,0.931098696461825,0,0,0,0.931098696461825,0,0,0,0,0,0,0.931098696461825,0,0,0,0,0,0,0,0.931098696461825,0,0.931098696461825,0,0,0,0,0,0,0,1.86219739292365,0,0,1.86219739292365,0,0,0,0.931098696461825,0,0,0,0,0,0,2.793296089385475,0,martov
martov_liberal_izmeny_I.txt,2.206287920573635,0.5515719801434088,0,1.1031439602868176,0,0,0.5515719801434088,0,34.74903474903475,2.7578599007170435,1.1031439602868176,2.206287920573635,0,1.654715940430226,0.5515719801434088,2.206287920573635,0.5515719801434088,3.309431880860452,1.1031439602868176,0.5515719801434088,2.206287920573635,0.5515719801434088,2.206287920573635,6.067291781577496,3.8610038610038613,24.269167126309984,2.206287920573635,6.067291781577496,6.067291781577496,1.654715940430226,2.206287920573635,1.654715940430226,1.654715940430226,1.654715940430226,9.928295642581356,0,0,0.5515719801434088,10.479867622724766,0.5515719801434088,1.1031439602868176,0.5515719801434088,5.515719801434087,0,0,2.7578599007170435,2.206287920573635,8.27357970215113,0.5515719801434088,0.5515719801434088,6.067291781577496,0.5515719801434088,0.5515719801434088,0,0.5515719801434088,1.1031439602868176,0.5515719801434088,2.206287920573635,0,0,12.134583563154992,0.5515719801434088,1.654715940430226,2.206287920573635,0.5515719801434088,1.654715940430226,1.1031439602868176,0,0.5515719801434088,1.1031439602868176,2.206287920573635,2.206287920573635,3.309431880860452,0,2.206287920573635,0,0.5515719801434088,12.686155543298401,3.8610038610038613,2.206287920573635,1.1031439602868176,0.5515719801434088,1.654715940430226,1.654715940430226,0,1.1031439602868176,0.5515719801434088,0.5515719801434088,0.5515719801434088,0,0,0,1.1031439602868176,0,0.5515719801434088,0,0,0,1.1031439602868176,1.1031439602868176,0,0.5515719801434088,0,1.1031439602868176,0,2.206287920573635,0.5515719801434088,2.7578599007170435,1.1031439602868176,0.5515719801434088,0,0,0,0.5515719801434088,2.7578599007170435,0,10.479867622724766,0,0,0,1.1031439602868176,0.5515719801434088,0.5515719801434088,0,0,0,2.206287920573635,0,0,0,0,0,1.1031439602868176,0,0,0,0,0,0,0.5515719801434088,0,0,7.722007722007723,2.206287920573635,0.5515719801434088,0.5515719801434088,0,9.376723662437948,0.5515719801434088,0,0.5515719801434088,1.1031439602868176,0.5515719801434088,2.7578599007170435,1.654715940430226,0,0.5515719801434088,0,0.5515719801434088,4.964147821290678,0,0,0,0.5515719801434088,0,1.654715940430226,1.654715940430226,0,0,0,0.5515719801434088,3.8610038610038613,1.654715940430226,0,0,1.1031439602868176,0.5515719801434088,0,0.5515719801434088,1.1031439602868176,0,1.654715940430226,0,0,0.5515719801434088,0,4.41257584114727,0,1.654715940430226,1.654715940430226,0,0,0,0.5515719801434088,1.1031439602868176,1.654715940430226,0.5515719801434088,0.5515719801434088,2.206287920573635,0,0,0.5515719801434088,1.1031439602868176,0,0,0,0,1.1031439602868176,2.206287920573635,0,0.5515719801434088,1.1031439602868176,0.5515719801434088,1.1031439602868176,0,0.5515719801434088,0,0.5515719801434088,0,0.5515719801434088,0,0,0,0,2.206287920573635,0,0.5515719801434088,1.654715940430226,0.5515719801434088,1.1031439602868176,0,0,0,0,0,0,0.5515719801434088,0.5515719801434088,0,1.1031439602868176,2.206287920573635,0.5515719801434088,1.1031439602868176,0.5515719801434088,0,1.1031439602868176,0,1.1031439602868176,0,0,0.5515719801434088,0.5515719801434088,0,0,0,0.5515719801434088,1.1031439602868176,0,1.654715940430226,0,1.1031439602868176,0.5515719801434088,0,0,0,0,1.1031439602868176,1.654715940430226,0,0,0,0,0,0,0.5515719801434088,0,0,0,0,0.5515719801434088,0,0,0,0,1.654715940430226,0,0,0,0,0,0,0,0,0,0,0,0,0,2.206287920573635,0,martov
martov_liberal_realizm_I.txt,3.855050115651504,0.7710100231303006,0.3855050115651503,0.3855050115651503,0.7710100231303006,0,2.3130300693909023,0.7710100231303006,26.21434078643022,1.1565150346954511,2.698535080956052,0.3855050115651503,0.3855050115651503,1.1565150346954511,1.5420200462606013,0.3855050115651503,2.698535080956052,6.553585196607555,0.7710100231303006,0.7710100231303006,2.3130300693909023,0.3855050115651503,2.3130300693909023,6.168080185042405,1.927525057825752,35.08095605242868,2.698535080956052,3.0840400925212026,5.397070161912104,2.3130300693909023,0.7710100231303006,3.469545104086353,2.698535080956052,1.5420200462606013,13.878180416345412,1.5420200462606013,1.5420200462606013,4.6260601387818046,21.588280647648418,0.7710100231303006,1.1565150346954511,1.1565150346954511,3.855050115651504,0.3855050115651503,0.3855050115651503,3.469545104086353,0,9.63762528912876,1.1565150346954511,1.1565150346954511,2.3130300693909023,1.1565150346954511,1.5420200462606013,0.7710100231303006,1.5420200462606013,0.3855050115651503,0.7710100231303006,1.927525057825752,0,0,9.252120277563609,0,0.7710100231303006,0.3855050115651503,0.7710100231303006,0.3855050115651503,0.3855050115651503,0,0.7710100231303006,1.5420200462606013,0.3855050115651503,1.5420200462606013,1.1565150346954511,2.3130300693909023,2.698535080956052,0.3855050115651503,3.0840400925212026,14.263685427910563,3.469545104086353,1.1565150346954511,1.5420200462606013,0.3855050115651503,3.0840400925212026,2.3130300693909023,0.7710100231303006,1.5420200462606013,1.1565150346954511,0.3855050115651503,1.927525057825752,0,0,1.927525057825752,1.1565150346954511,1.5420200462606013,6.553585196607555,0.3855050115651503,0,0,0.3855050115651503,2.3130300693909023,1.5420200462606013,0.3855050115651503,0.3855050115651503,0.7710100231303006,0.3855050115651503,1.927525057825752,1.5420200462606013,0.7710100231303006,0.3855050115651503,0,0.7710100231303006,0.3855050115651503,1.5420200462606013,1.927525057825752,1.927525057825752,0,9.252120277563609,0.3855050115651503,0,0,2.698535080956052,1.1565150346954511,4.6260601387818046,0,0.3855050115651503,0,4.240555127216654,0,0,0.3855050115651503,0,0.3855050115651503,1.927525057825752,0,1.1565150346954511,0,0,0.7710100231303006,2.3130300693909023,3.855050115651504,1.1565150346954511,1.1565150346954511,4.6260601387818046,1.927525057825752,0,0.3855050115651503,2.698535080956052,2.3130300693909023,0.3855050115651503,0,0,1.1565150346954511,0,0,3.855050115651504,0.3855050115651503,0.7710100231303006,0,0.7710100231303006,2.698535080956052,0,0.3855050115651503,0,0.3855050115651503,4.240555127216654,0,1.927525057825752,1.5420200462606013,0.7710100231303006,0.3855050115651503,1.5420200462606013,2.3130300693909023,1.1565150346954511,0.3855050115651503,0.7710100231303006,1.1565150346954511,1.927525057825752,0.3855050115651503,0.7710100231303006,1.1565150346954511,0.3855050115651503,0.3855050115651503,0.3855050115651503,0.7710100231303006,0,0.7710100231303006,3.0840400925212026,0.7710100231303006,1.1565150346954511,0,1.927525057825752,0.3855050115651503,0,0,1.5420200462606013,2.3130300693909023,1.927525057825752,0.7710100231303006,1.5420200462606013,0.3855050115651503,0,2.3130300693909023,0.3855050115651503,0,0,0.3855050115651503,0.3855050115651503,0.7710100231303006,0,1.1565150346954511,0.7710100231303006,1.1565150346954511,0.3855050115651503,0,0,2.3130300693909023,0.7710100231303006,1.1565150346954511,0.7710100231303006,0,0,0.3855050115651503,0,0.7710100231303006,0,0,0,0.3855050115651503,0.7710100231303006,0,1.5420200462606013,0.3855050115651503,0.3855050115651503,1.1565150346954511,0,0.3855050115651503,1.1565150346954511,1.1565150346954511,0.3855050115651503,0.7710100231303006,1.5420200462606013,1.5420200462606013,0,0.3855050115651503,0,0.3855050115651503,0,0.7710100231303006,0,0,0.3855050115651503,0.3855050115651503,0,0.7710100231303006,0.7710100231303006,0.3855050115651503,0,0,1.1565150346954511,0.3855050115651503,0.3855050115651503,0.3855050115651503,0,0.3855050115651503,0.3855050115651503,0,1.1565150346954511,0,0.7710100231303006,0.7710100231303006,0,0.7710100231303006,0.3855050115651503,0.3855050115651503,1.5420200462606013,0,0.7710100231303006,0,0.3855050115651503,0,4.6260601387818046,0.7710100231303006,0.3855050115651503,0,0,0.3855050115651503,1.927525057825752,0.3855050115651503,0.3855050115651503,0,0,0,0.3855050115651503,0,0,0,0,0,0,0,martov
martov_mirovoy_bolshevizm_NQ.txt,2.5789813023855577,0.3223726627981947,0,0.19342359767891681,0.6447453255963894,0.2578981302385558,0.06447453255963895,1.22501611863314,40.61895551257253,1.5473887814313345,2.5789813023855577,0.6447453255963894,0.3223726627981947,1.7408123791102514,0.5802707930367504,0.06447453255963895,0.4513217279174726,5.029013539651838,1.6763378465506125,0.6447453255963894,5.867182462927144,0.3223726627981947,1.4829142488716958,3.417150225660864,1.7408123791102514,35.97678916827853,3.739522888459059,3.417150225660864,7.994842037395229,3.0303030303030303,2.385557704706641,1.096067053513862,1.8052869116698904,2.127659574468085,10.831721470019342,0.2578981302385558,0.1289490651192779,0.6447453255963894,11.927788523533204,0.38684719535783363,0.19342359767891681,0.2578981302385558,3.6750483558994196,0.1289490651192779,0.2578981302385558,1.9987105093488073,0.6447453255963894,5.286911669890393,0.7092198581560284,0.9026434558349452,3.481624758220503,0.38684719535783363,0.9671179883945842,0.38684719535783363,0.9671179883945842,0.1289490651192779,0,2.192134107027724,0.3223726627981947,0.7092198581560284,7.7369439071566735,0.9026434558349452,0.2578981302385558,0.7092198581560284,0.4513217279174726,0.4513217279174726,0.7736943907156673,1.4184397163120568,0.7736943907156673,2.0631850419084463,0.9671179883945842,1.2894906511927788,0.38684719535783363,2.3210831721470018,3.094777562862669,0.9671179883945842,1.2894906511927788,9.219858156028367,1.4829142488716958,3.932946486137976,1.6763378465506125,1.4184397163120568,1.0315925209542232,2.127659574468085,0.9026434558349452,1.9342359767891684,1.9987105093488073,0.2578981302385558,0.6447453255963894,0.1289490651192779,0.3223726627981947,0.3223726627981947,0.9671179883945842,0.4513217279174726,1.0315925209542232,2.0631850419084463,0,0.9026434558349452,1.8697614442295294,1.3539651837524178,0.06447453255963895,0.4513217279174726,0.3223726627981947,0.4513217279174726,0.2578981302385558,2.256608639587363,1.7408123791102514,1.9987105093488073,0.5802707930367504,0.2578981302385558,0.4513217279174726,0.19342359767891681,0.2578981302385558,1.9987105093488073,0.7736943907156673,0.19342359767891681,8.059316569954868,0.8381689232753062,1.6118633139909735,0.7736943907156673,0.8381689232753062,1.0315925209542232,0.2578981302385558,0.38684719535783363,1.4829142488716958,0.4513217279174726,1.8697614442295294,0.19342359767891681,0.4513217279174726,0.7092198581560284,0.19342359767891681,0.3223726627981947,1.7408123791102514,0.5157962604771116,0.2578981302385558,0,0.19342359767891681,0.06447453255963895,0.06447453255963895,1.4184397163120568,0.5157962604771116,0.1289490651192779,4.448742746615087,0.5802707930367504,1.8697614442295294,0.3223726627981947,0.9026434558349452,2.514506769825919,1.3539651837524178,0.3223726627981947,0.06447453255963895,1.22501611863314,0.19342359767891681,0.8381689232753062,1.6118633139909735,0.1289490651192779,0.3223726627981947,1.3539651837524178,5.286911669890393,1.096067053513862,1.4184397163120568,0.4513217279174726,0.6447453255963894,0.4513217279174726,3.6750483558994196,1.7408123791102514,0.8381689232753062,0.5157962604771116,0.1289490651192779,0.5802707930367504,0.2578981302385558,0.9671179883945842,1.096067053513862,0.19342359767891681,1.3539651837524178,0.7736943907156673,0.5157962604771116,0.1289490651192779,0.3223726627981947,0.7736943907156673,0.3223726627981947,0.5157962604771116,0.2578981302385558,0.06447453255963895,0.19342359767891681,0.7736943907156673,3.932946486137976,0.7092198581560284,2.0631850419084463,0.6447453255963894,0.6447453255963894,0.6447453255963894,0.1289490651192779,1.0315925209542232,1.4829142488716958,1.2894906511927788,0.8381689232753062,0.06447453255963895,1.4184397163120568,0.5157962604771116,0.1289490651192779,0.38684719535783363,1.22501611863314,1.9342359767891684,0.38684719535783363,0.4513217279174726,0.38684719535783363,0.38684719535783363,0.4513217279174726,0.3223726627981947,0.5157962604771116,2.256608639587363,1.2894906511927788,0.8381689232753062,0.06447453255963895,1.1605415860735009,1.9987105093488073,0.5802707930367504,0.5802707930367504,0,0.4513217279174726,0.6447453255963894,0.19342359767891681,1.096067053513862,0.4513217279174726,0,0.7736943907156673,0.5157962604771116,0.7092198581560284,0.06447453255963895,0.5157962604771116,0.5157962604771116,0.5802707930367504,0.9026434558349452,0.3223726627981947,0.5802707930367504,1.096067053513862,0.38684719535783363,1.0315925209542232,1.0315925209542232,1.5473887814313345,1.4829142488716958,1.096067053513862,0.3223726627981947,0.19342359767891681,0.19342359767891681,0,0.4513217279174726,0.9026434558349452,0.1289490651192779,0.4513217279174726,0.1289490651192779,0.9026434558349452,0.2578981302385558,0.3223726627981947,0.3223726627981947,0.38684719535783363,0.38684719535783363,0.38684719535783363,0.5802707930367504,0,0.7092198581560284,0.7092198581560284,0.1289490651192779,0.3223726627981947,0,0.9026434558349452,0.5802707930367504,0.06447453255963895,0.3223726627981947,0,0.3223726627981947,0.38684719535783363,0.3223726627981947,2.8368794326241136,0.1289490651192779,0.1289490651192779,0.19342359767891681,0.5802707930367504,0.3223726627981947,0.19342359767891681,2.3210831721470018,0.06447453255963895,2.192134107027724,0.9026434558349452,0.38684719535783363,0.2578981302385558,1.2894906511927788,0.06447453255963895,0.1289490651192779,0,0.19342359767891681,0.19342359767891681,0.38684719535783363,0,0,0.3223726627981947,0.38684719535783363,0.9671179883945842,0,martov
martov_nash_cyezd_I.txt,3.0441400304414,1.141552511415525,0.380517503805175,0.76103500761035,0.380517503805175,0.380517503805175,1.5220700152207,3.4246575342465753,27.016742770167426,1.5220700152207,4.946727549467275,1.141552511415525,0.76103500761035,0.76103500761035,0,0.76103500761035,0.380517503805175,6.468797564687975,1.141552511415525,0,4.5662100456621,0.380517503805175,0.380517503805175,3.4246575342465753,3.4246575342465753,35.0076103500761,4.185692541856925,2.28310502283105,3.8051750380517504,1.5220700152207,1.9025875190258752,1.141552511415525,1.5220700152207,4.185692541856925,11.415525114155251,1.9025875190258752,0,0,11.796042617960426,0,0,0.76103500761035,4.946727549467275,0,0,1.5220700152207,0.380517503805175,2.663622526636225,14.079147640791476,0.380517503805175,5.707762557077626,1.9025875190258752,0.76103500761035,0.76103500761035,0,0,0,3.0441400304414,1.141552511415525,0,8.37138508371385,0.380517503805175,0,0.76103500761035,0.380517503805175,1.141552511415525,0,0,6.468797564687975,2.663622526636225,0.76103500761035,4.5662100456621,1.141552511415525,1.9025875190258752,6.8493150684931505,0.380517503805175,1.141552511415525,14.079147640791476,2.28310502283105,2.663622526636225,3.0441400304414,3.8051750380517504,1.5220700152207,1.9025875190258752,2.663622526636225,2.28310502283105,0.380517503805175,0,2.663622526636225,1.141552511415525,0.76103500761035,0,3.0441400304414,0.76103500761035,0,0.380517503805175,0.76103500761035,0.380517503805175,2.28310502283105,3.4246575342465753,0,0.380517503805175,0.76103500761035,3.0441400304414,0.76103500761035,0,0.380517503805175,3.4246575342465753,1.9025875190258752,0.380517503805175,0.380517503805175,0.380517503805175,0.380517503805175,0.76103500761035,1.141552511415525,0,6.468797564687975,0,0.76103500761035,0,0.380517503805175,1.141552511415525,0,1.5220700152207,1.141552511415525,0,3.0441400304414,0.76103500761035,0.380517503805175,0.76103500761035,0,0.76103500761035,1.5220700152207,0.380517503805175,1.9025875190258752,0.380517503805175,0.380517503805175,0.76103500761035,2.663622526636225,1.5220700152207,0.380517503805175,0,5.707762557077626,1.9025875190258752,0,0.76103500761035,0,0.76103500761035,7.610350076103501,0.380517503805175,1.5220700152207,1.141552511415525,0.380517503805175,0.380517503805175,2.28310502283105,0.380517503805175,0,0.76103500761035,2.663622526636225,0.76103500761035,0.380517503805175,0,0,0,0.380517503805175,1.141552511415525,0.76103500761035,0.380517503805175,0.380517503805175,0,0,2.28310502283105,0.76103500761035,0.380517503805175,3.0441400304414,0.76103500761035,0.380517503805175,0.380517503805175,0.380517503805175,1.5220700152207,0.380517503805175,1.9025875190258752,4.185692541856925,0,0.380517503805175,1.9025875190258752,4.946727549467275,1.141552511415525,0.76103500761035,0.380517503805175,1.141552511415525,0,0,3.0441400304414,0.76103500761035,1.9025875190258752,1.141552511415525,0.380517503805175,0.76103500761035,2.28310502283105,0.380517503805175,2.28310502283105,0.76103500761035,0,0.76103500761035,0,0,1.141552511415525,0.76103500761035,0.380517503805175,0.380517503805175,0.380517503805175,0.76103500761035,0,0,1.5220700152207,0,1.141552511415525,0,0,0.76103500761035,0.76103500761035,0.380517503805175,0,0,0.76103500761035,0,0.76103500761035,0.380517503805175,0,0,0,0.380517503805175,0.76103500761035,0.76103500761035,0.76103500761035,1.141552511415525,0.380517503805175,1.9025875190258752,0.76103500761035,2.28310502283105,0,1.9025875190258752,0.76103500761035,0.380517503805175,1.5220700152207,0,1.5220700152207,0,0,0.380517503805175,0.76103500761035,1.141552511415525,0.380517503805175,2.663622526636225,0.76103500761035,2.28310502283105,0.380517503805175,0,2.663622526636225,0.76103500761035,0,0,4.946727549467275,1.141552511415525,0,1.5220700152207,1.5220700152207,0.380517503805175,0.380517503805175,0,0.380517503805175,0.76103500761035,0,0,0,0.76103500761035,0.76103500761035,0,0.380517503805175,0,0,0.76103500761035,0.380517503805175,0,0.380517503805175,0,0.380517503805175,0,0,0,0,0,0.380517503805175,0,0,0,0,0,0,martov
martov_ne_nachalo_li_povorota_I.txt,2.390710382513661,0.34153005464480873,0,0.34153005464480873,2.0491803278688527,1.366120218579235,2.0491803278688527,1.7076502732240437,37.568306010928964,1.0245901639344264,1.0245901639344264,0.6830601092896175,0,0.6830601092896175,1.366120218579235,0,0.34153005464480873,6.4890710382513666,2.0491803278688527,0,5.1229508196721305,0,4.781420765027322,2.390710382513661,3.0737704918032787,23.224043715846996,1.0245901639344264,3.4153005464480874,5.1229508196721305,2.390710382513661,1.7076502732240437,0.6830601092896175,3.756830601092896,3.756830601092896,12.636612021857923,0.34153005464480873,2.73224043715847,3.0737704918032787,14.344262295081968,0.6830601092896175,0.6830601092896175,0.34153005464480873,5.806010928961749,1.366120218579235,0,3.4153005464480874,1.0245901639344264,5.806010928961749,3.0737704918032787,1.7076502732240437,3.756830601092896,0.34153005464480873,0.6830601092896175,0,0.6830601092896175,0.6830601092896175,0.6830601092896175,2.390710382513661,0,0.34153005464480873,14.344262295081968,0.34153005464480873,1.0245901639344264,1.7076502732240437,0,1.7076502732240437,1.0245901639344264,1.0245901639344264,1.366120218579235,1.0245901639344264,0.6830601092896175,2.73224043715847,1.7076502732240437,3.0737704918032787,4.0983606557377055,1.0245901639344264,1.366120218579235,7.855191256830601,3.756830601092896,6.4890710382513666,2.390710382513661,3.0737704918032787,1.7076502732240437,4.0983606557377055,0.34153005464480873,1.7076502732240437,1.366120218579235,0.34153005464480873,2.390710382513661,1.0245901639344264,0,0,1.0245901639344264,0,0,0.6830601092896175,0,0.34153005464480873,1.7076502732240437,1.0245901639344264,0,0.34153005464480873,0.6830601092896175,0.6830601092896175,0.6830601092896175,1.7076502732240437,1.366120218579235,2.390710382513661,0.34153005464480873,0.34153005464480873,0,1.0245901639344264,0.34153005464480873,3.0737704918032787,1.366120218579235,0.6830601092896175,7.855191256830601,0,0.6830601092896175,0.6830601092896175,1.366120218579235,0.6830601092896175,0,0,1.7076502732240437,1.366120218579235,1.7076502732240437,0.34153005464480873,0.6830601092896175,0.6830601092896175,0,0,0.34153005464480873,0.34153005464480873,0.34153005464480873,0,0.6830601092896175,0,0,1.7076502732240437,0.6830601092896175,0.6830601092896175,4.0983606557377055,2.0491803278688527,0,0.34153005464480873,0.34153005464480873,8.196721311475411,2.0491803278688527,0.34153005464480873,1.7076502732240437,0.34153005464480873,0.34153005464480873,0.6830601092896175,2.390710382513661,1.0245901639344264,0.34153005464480873,1.7076502732240437,2.0491803278688527,1.0245901639344264,0.6830601092896175,0.34153005464480873,0,0,2.0491803278688527,0.34153005464480873,0.6830601092896175,2.0491803278688527,0.34153005464480873,0.34153005464480873,0,2.73224043715847,2.0491803278688527,2.0491803278688527,1.366120218579235,2.0491803278688527,0,0.34153005464480873,0.34153005464480873,0.6830601092896175,0,0.6830601092896175,2.390710382513661,0,0,0.6830601092896175,4.439890710382514,1.366120218579235,1.0245901639344264,0.6830601092896175,1.0245901639344264,0,0,1.366120218579235,1.366120218579235,1.366120218579235,3.0737704918032787,0.6830601092896175,1.0245901639344264,1.0245901639344264,0,1.7076502732240437,0.34153005464480873,0,1.0245901639344264,0,0,0.6830601092896175,0.34153005464480873,0,0,0.34153005464480873,1.0245901639344264,0,0.6830601092896175,3.4153005464480874,1.0245901639344264,0.6830601092896175,0.6830601092896175,0.34153005464480873,0.6830601092896175,0.6830601092896175,0,0,0.6830601092896175,0.6830601092896175,1.7076502732240437,0,1.366120218579235,0.34153005464480873,0,1.0245901639344264,0,0,0.34153005464480873,0.34153005464480873,1.366120218579235,0,0.34153005464480873,1.0245901639344264,1.366120218579235,0.6830601092896175,0.6830601092896175,0,0.6830601092896175,0.6830601092896175,0,1.366120218579235,0.34153005464480873,0.6830601092896175,0.34153005464480873,1.366120218579235,0,0.34153005464480873,1.0245901639344264,0.6830601092896175,0.6830601092896175,0.34153005464480873,1.0245901639344264,1.0245901639344264,0.34153005464480873,0,1.366120218579235,3.0737704918032787,2.0491803278688527,0,0,1.366120218579235,0.34153005464480873,0.6830601092896175,0,0,0,0,0.34153005464480873,0.34153005464480873,0.34153005464480873,0,0.34153005464480873,0.34153005464480873,0,1.0245901639344264,0,0.34153005464480873,0.34153005464480873,0.6830601092896175,0,0.34153005464480873,0,0,0,0,0,0,0.34153005464480873,2.0491803278688527,0,0,0,0,martov
martov_o_4_syezde_Bunda_I.txt,2.3228803716608595,0,1.1614401858304297,0,0,0,0,1.1614401858304297,39.48896631823461,3.484320557491289,2.3228803716608595,2.3228803716608595,0,2.3228803716608595,0,0,0,11.614401858304298,6.968641114982578,1.1614401858304297,1.1614401858304297,0,1.1614401858304297,3.484320557491289,0,19.744483159117305,8.130081300813009,0,10.452961672473869,2.3228803716608595,1.1614401858304297,0,5.807200929152149,4.645760743321719,13.937282229965156,1.1614401858304297,0,0,15.098722415795587,0,0,0,4.645760743321719,0,0,3.484320557491289,0,8.130081300813009,8.130081300813009,0,4.645760743321719,0,0,1.1614401858304297,2.3228803716608595,1.1614401858304297,0,1.1614401858304297,0,1.1614401858304297,11.614401858304298,0,1.1614401858304297,0,0,0,2.3228803716608595,2.3228803716608595,4.645760743321719,0,0,0,0,0,4.645760743321719,0,0,16.260162601626018,1.1614401858304297,5.807200929152149,1.1614401858304297,2.3228803716608595,0,3.484320557491289,0,2.3228803716608595,5.807200929152149,0,3.484320557491289,1.1614401858304297,0,0,1.1614401858304297,0,5.807200929152149,1.1614401858304297,1.1614401858304297,1.1614401858304297,0,2.3228803716608595,0,1.1614401858304297,0,0,0,4.645760743321719,0,1.1614401858304297,0,0,0,0,1.1614401858304297,1.1614401858304297,0,0,3.484320557491289,0,0,0,0,1.1614401858304297,0,0,1.1614401858304297,0,2.3228803716608595,1.1614401858304297,0,1.1614401858304297,0,0,1.1614401858304297,0,0,0,1.1614401858304297,0,0,1.1614401858304297,0,0,9.291521486643438,5.807200929152149,0,0,2.3228803716608595,0,0,0,0,0,0,1.1614401858304297,1.1614401858304297,0,0,0,4.645760743321719,1.1614401858304297,1.1614401858304297,1.1614401858304297,0,0,0,0,0,6.968641114982578,1.1614401858304297,0,0,1.1614401858304297,0,0,3.484320557491289,0,0,0,0,1.1614401858304297,1.1614401858304297,2.3228803716608595,8.130081300813009,0,0,0,5.807200929152149,2.3228803716608595,2.3228803716608595,0,0,0,0,1.1614401858304297,0,1.1614401858304297,1.1614401858304297,0,1.1614401858304297,1.1614401858304297,0,1.1614401858304297,0,0,0,0,0,1.1614401858304297,0,2.3228803716608595,1.1614401858304297,1.1614401858304297,0,0,0,3.484320557491289,0,0,0,0,2.3228803716608595,2.3228803716608595,0,0,2.3228803716608595,0,0,0,0,0,0,0,0,4.645760743321719,0,2.3228803716608595,2.3228803716608595,1.1614401858304297,1.1614401858304297,1.1614401858304297,4.645760743321719,2.3228803716608595,1.1614401858304297,0,0,0,0,0,0,0,0,0,1.1614401858304297,1.1614401858304297,2.3228803716608595,4.645760743321719,1.1614401858304297,2.3228803716608595,0,0,2.3228803716608595,1.1614401858304297,1.1614401858304297,6.968641114982578,8.130081300813009,0,0,1.1614401858304297,1.1614401858304297,0,0,0,0,0,0,0,0,0,1.1614401858304297,0,0,0,0,0,0,0,0,0,0,0,0,0,0,4.645760743321719,0,0,1.1614401858304297,0,0,0,martov
martov_o_terrore_I.txt,3.2514450867052025,0.361271676300578,0,2.167630057803468,2.890173410404624,1.445086705202312,0,2.167630057803468,35.76589595375722,1.083815028901734,5.41907514450867,0.361271676300578,1.445086705202312,1.083815028901734,0,2.5289017341040463,0.722543352601156,7.22543352601156,1.083815028901734,0.722543352601156,4.335260115606936,0.361271676300578,2.167630057803468,3.61271676300578,5.41907514450867,28.540462427745663,2.890173410404624,1.083815028901734,6.502890173410405,3.9739884393063583,3.2514450867052025,1.083815028901734,2.167630057803468,3.61271676300578,14.089595375722544,0.361271676300578,0,1.083815028901734,11.560693641618496,0.722543352601156,0,1.445086705202312,5.41907514450867,0.722543352601156,0.361271676300578,0.361271676300578,1.083815028901734,3.2514450867052025,2.5289017341040463,1.083815028901734,3.2514450867052025,1.445086705202312,0,0.361271676300578,1.083815028901734,1.445086705202312,0.722543352601156,1.445086705202312,0,1.80635838150289,10.83815028901734,1.083815028901734,0.722543352601156,0,3.2514450867052025,0,1.083815028901734,1.445086705202312,10.476878612716764,0.722543352601156,2.5289017341040463,1.083815028901734,2.167630057803468,2.5289017341040463,4.696531791907515,0.361271676300578,0.722543352601156,11.199421965317919,3.61271676300578,3.2514450867052025,1.445086705202312,1.445086705202312,6.141618497109827,5.057803468208093,2.167630057803468,2.167630057803468,2.890173410404624,0.722543352601156,4.335260115606936,1.083815028901734,1.083815028901734,0.361271676300578,1.083815028901734,0.361271676300578,1.80635838150289,0,0,4.335260115606936,5.41907514450867,2.890173410404624,2.167630057803468,3.61271676300578,0.722543352601156,1.083815028901734,1.083815028901734,0,0.361271676300578,0.722543352601156,0.361271676300578,0,0.361271676300578,0.361271676300578,0,1.80635838150289,1.445086705202312,0,7.9479768786127165,0.361271676300578,1.445086705202312,0.722543352601156,0,1.80635838150289,0.722543352601156,0.722543352601156,0.361271676300578,0,0,0,0.361271676300578,0.361271676300578,1.80635838150289,0.722543352601156,1.445086705202312,0.361271676300578,0.361271676300578,0.361271676300578,1.445086705202312,0.361271676300578,0.361271676300578,2.5289017341040463,0,0,3.9739884393063583,1.083815028901734,0.722543352601156,0.361271676300578,1.445086705202312,2.167630057803468,1.80635838150289,0.361271676300578,1.445086705202312,2.167630057803468,1.445086705202312,0.722543352601156,3.9739884393063583,2.5289017341040463,0.722543352601156,2.5289017341040463,2.167630057803468,1.083815028901734,2.890173410404624,1.083815028901734,1.445086705202312,0.361271676300578,0.722543352601156,1.80635838150289,3.61271676300578,2.5289017341040463,2.167630057803468,0,0,1.083815028901734,1.083815028901734,0.361271676300578,0.722543352601156,0.722543352601156,2.167630057803468,0,0,0,0.361271676300578,0.722543352601156,0,0.361271676300578,0.722543352601156,1.80635838150289,4.335260115606936,2.5289017341040463,1.445086705202312,0.361271676300578,1.083815028901734,0.722543352601156,0,1.083815028901734,0.722543352601156,0.361271676300578,1.445086705202312,0.722543352601156,3.2514450867052025,1.083815028901734,0,1.083815028901734,1.083815028901734,0,1.445086705202312,0.361271676300578,0.722543352601156,1.083815028901734,3.61271676300578,0,0,1.083815028901734,0.722543352601156,1.083815028901734,0.361271676300578,1.083815028901734,1.083815028901734,0.361271676300578,4.696531791907515,0,0.361271676300578,0.361271676300578,0,0.722543352601156,0,0.361271676300578,0.361271676300578,0.361271676300578,0.361271676300578,0,2.5289017341040463,0.722543352601156,0.722543352601156,0,0,0.722543352601156,0.722543352601156,0,0,0.722543352601156,1.80635838150289,0.361271676300578,1.445086705202312,0.361271676300578,0.361271676300578,0.361271676300578,0,1.80635838150289,0.361271676300578,0.722543352601156,0.722543352601156,0.361271676300578,0.722543352601156,0,1.80635838150289,0.361271676300578,0,2.167630057803468,0,0,0.361271676300578,0,1.083815028901734,0,0,0,1.80635838150289,0.722543352601156,0.722543352601156,0.361271676300578,0,0,0.361271676300578,0,0.722543352601156,0,0,0.361271676300578,0.361271676300578,0.361271676300578,1.083815028901734,1.445086705202312,1.445086705202312,1.80635838150289,0,0,0,0.361271676300578,0,0,0,0,0,0,0,0,0,0,0,0,martov
martov_polit_partii_v_Rosii.txt,6.493506493506494,1.6233766233766236,0.8741258741258742,1.998001998001998,1.2487512487512487,0.8741258741258742,0.7492507492507493,1.8731268731268733,28.596403596403597,1.7482517482517483,4.245754245754246,1.7482517482517483,1.6233766233766236,1.8731268731268733,0.8741258741258742,0.8741258741258742,0.24975024975024976,3.3716283716283715,1.3736263736263736,1.123876123876124,2.247752247752248,0.4995004995004995,1.123876123876124,3.996003996003996,11.363636363636363,42.95704295704296,3.4965034965034967,4.120879120879121,5.994005994005994,2.872127872127872,1.998001998001998,0.24975024975024976,1.3736263736263736,1.6233766233766236,13.486513486513486,0.8741258741258742,1.998001998001998,3.246753246753247,15.734265734265735,0.24975024975024976,0,0.4995004995004995,8.366633366633366,0.24975024975024976,0.12487512487512488,0.6243756243756243,0.6243756243756243,6.368631368631369,9.365634365634365,0.8741258741258742,4.745254745254745,0.12487512487512488,1.4985014985014986,1.3736263736263736,0.8741258741258742,1.2487512487512487,2.997002997002997,1.998001998001998,0,1.3736263736263736,10.114885114885114,1.123876123876124,1.4985014985014986,1.2487512487512487,0.4995004995004995,0.24975024975024976,0.24975024975024976,0.24975024975024976,1.8731268731268733,3.4965034965034967,0.999000999000999,1.4985014985014986,1.4985014985014986,3.246753246753247,3.3716283716283715,1.123876123876124,1.4985014985014986,12.737262737262737,5.619380619380619,2.872127872127872,1.998001998001998,1.7482517482517483,1.7482517482517483,1.7482517482517483,0.12487512487512488,1.2487512487512487,0.7492507492507493,0.24975024975024976,0.24975024975024976,0.12487512487512488,0.24975024975024976,1.2487512487512487,1.2487512487512487,0.4995004995004995,1.2487512487512487,0.24975024975024976,0,0.6243756243756243,0.37462537462537465,0.12487512487512488,0.7492507492507493,1.6233766233766236,0.37462537462537465,2.247752247752248,0.12487512487512488,0.6243756243756243,1.8731268731268733,2.122877122877123,1.3736263736263736,0.6243756243756243,0,0,0,2.6223776223776225,2.6223776223776225,0.37462537462537465,5.869130869130869,0.37462537462537465,0.24975024975024976,1.6233766233766236,0.37462537462537465,0.37462537462537465,0.6243756243756243,0,0.8741258741258742,1.6233766233766236,3.121878121878122,0.8741258741258742,0.7492507492507493,0.8741258741258742,0,0.24975024975024976,1.4985014985014986,0.24975024975024976,0.24975024975024976,0,0.24975024975024976,0,0,1.3736263736263736,0,0,3.7462537462537466,0.6243756243756243,0.6243756243756243,0.24975024975024976,1.998001998001998,7.367632367632368,0.4995004995004995,0.24975024975024976,0.6243756243756243,0.6243756243756243,0.6243756243756243,0.24975024975024976,0.8741258741258742,0.4995004995004995,0.6243756243756243,0.37462537462537465,0.6243756243756243,3.3716283716283715,0.4995004995004995,0.7492507492507493,0.4995004995004995,0.12487512487512488,0.7492507492507493,0,0.24975024975024976,2.247752247752248,0.4995004995004995,0.37462537462537465,3.121878121878122,1.123876123876124,1.7482517482517483,0.6243756243756243,1.8731268731268733,0.6243756243756243,0,0.12487512487512488,0.37462537462537465,0.12487512487512488,0.12487512487512488,0.24975024975024976,0,0.37462537462537465,0.6243756243756243,0.4995004995004995,6.243756243756244,0.8741258741258742,1.7482517482517483,0.6243756243756243,0.6243756243756243,0.4995004995004995,0.6243756243756243,0.7492507492507493,1.8731268731268733,1.2487512487512487,0.4995004995004995,0.12487512487512488,0.12487512487512488,0.4995004995004995,0.4995004995004995,1.2487512487512487,1.3736263736263736,1.7482517482517483,1.123876123876124,0.6243756243756243,0.24975024975024976,0.4995004995004995,0.999000999000999,0.8741258741258742,0.12487512487512488,0.12487512487512488,0.999000999000999,0.4995004995004995,0.24975024975024976,0.24975024975024976,0.37462537462537465,0.7492507492507493,0,0.12487512487512488,1.6233766233766236,0.999000999000999,0.24975024975024976,0.37462537462537465,1.3736263736263736,0.12487512487512488,0.24975024975024976,0.12487512487512488,0.37462537462537465,0.37462537462537465,0.37462537462537465,0.4995004995004995,0,1.2487512487512487,0.4995004995004995,0.7492507492507493,1.3736263736263736,0,0.12487512487512488,1.123876123876124,0.8741258741258742,0.7492507492507493,0.999000999000999,0.24975024975024976,0.12487512487512488,0.7492507492507493,0,1.4985014985014986,0.24975024975024976,1.123876123876124,0,0.24975024975024976,0.12487512487512488,0.24975024975024976,8.616383616383615,0.7492507492507493,0.4995004995004995,0.6243756243756243,0.8741258741258742,0.4995004995004995,0.4995004995004995,0.6243756243756243,0.24975024975024976,0,0.24975024975024976,0,0.4995004995004995,0.7492507492507493,0.6243756243756243,1.123876123876124,0.37462537462537465,0.24975024975024976,0.24975024975024976,0.37462537462537465,1.2487512487512487,2.6223776223776225,0.6243756243756243,0.6243756243756243,0.999000999000999,0.12487512487512488,0,0.12487512487512488,0.12487512487512488,0.12487512487512488,0.4995004995004995,0.4995004995004995,0.12487512487512488,0,0,0,0,0.24975024975024976,0,1.998001998001998,0,2.3726273726273726,0.4995004995004995,0.12487512487512488,0.12487512487512488,0,martov
martov_pravitelstvo_na_skamye_podsudimyh_I.txt,5.096262740656852,1.1325028312570782,0,0.5662514156285391,0,0,0,1.6987542468856172,37.938844847112115,1.6987542468856172,6.795016987542469,0.5662514156285391,1.6987542468856172,1.1325028312570782,1.6987542468856172,1.6987542468856172,0,3.3975084937712343,0,0,3.9637599093997733,0,0,3.3975084937712343,1.6987542468856172,32.276330690826725,5.662514156285391,3.9637599093997733,3.9637599093997733,4.530011325028313,0.5662514156285391,2.2650056625141564,0.5662514156285391,0,19.25254813137033,0.5662514156285391,4.530011325028313,0,10.758776896942242,0,0,0.5662514156285391,5.662514156285391,1.1325028312570782,0,1.6987542468856172,1.1325028312570782,1.6987542468856172,0,5.662514156285391,5.096262740656852,0,1.1325028312570782,1.1325028312570782,0,2.2650056625141564,3.9637599093997733,0.5662514156285391,0,1.6987542468856172,8.493771234428085,1.1325028312570782,0.5662514156285391,0.5662514156285391,0.5662514156285391,0.5662514156285391,0,0,1.6987542468856172,0.5662514156285391,0.5662514156285391,2.8312570781426953,0,2.8312570781426953,1.6987542468856172,1.1325028312570782,1.6987542468856172,12.457531143827861,4.530011325028313,4.530011325028313,5.662514156285391,1.1325028312570782,0,1.1325028312570782,1.1325028312570782,0,3.3975084937712343,0,0,0,0.5662514156285391,0.5662514156285391,2.2650056625141564,1.6987542468856172,1.1325028312570782,0.5662514156285391,0,0,0,0,0,0.5662514156285391,0,0,0,0.5662514156285391,1.1325028312570782,1.6987542468856172,1.6987542468856172,0,0,0,0.5662514156285391,1.1325028312570782,1.1325028312570782,0,3.3975084937712343,0,0,0,0.5662514156285391,0,0.5662514156285391,0,0.5662514156285391,0.5662514156285391,1.1325028312570782,1.6987542468856172,1.1325028312570782,0.5662514156285391,0,0.5662514156285391,2.8312570781426953,0.5662514156285391,0,0.5662514156285391,0,0,0,1.6987542468856172,0,0,5.662514156285391,0.5662514156285391,0,1.1325028312570782,1.1325028312570782,1.6987542468856172,0,0,0,1.6987542468856172,0,0,0.5662514156285391,0,0,0,0,2.2650056625141564,0,0,0,0,1.1325028312570782,0,0,1.1325028312570782,1.6987542468856172,0,0,1.1325028312570782,0,0,0.5662514156285391,0,0,0.5662514156285391,0.5662514156285391,1.1325028312570782,0.5662514156285391,0.5662514156285391,0,0,1.1325028312570782,0,2.2650056625141564,0,2.2650056625141564,0,0,0,0,1.1325028312570782,0.5662514156285391,1.1325028312570782,2.2650056625141564,0.5662514156285391,2.8312570781426953,1.1325028312570782,0,0,2.2650056625141564,0,1.1325028312570782,0,0.5662514156285391,1.1325028312570782,1.6987542468856172,0.5662514156285391,0,1.1325028312570782,0,1.1325028312570782,0,0,0.5662514156285391,0,0.5662514156285391,0,1.6987542468856172,1.1325028312570782,1.6987542468856172,0,0,0.5662514156285391,1.1325028312570782,0,0,0.5662514156285391,0,0,0,0.5662514156285391,0,0,0.5662514156285391,0,0,1.6987542468856172,2.2650056625141564,0,0,0,0.5662514156285391,0.5662514156285391,0.5662514156285391,1.6987542468856172,2.8312570781426953,0.5662514156285391,0.5662514156285391,0,0,0.5662514156285391,0,0,0.5662514156285391,0,1.6987542468856172,0.5662514156285391,0,0.5662514156285391,0.5662514156285391,0,0,0,1.6987542468856172,0.5662514156285391,0,0,0,0.5662514156285391,0.5662514156285391,0,0.5662514156285391,0,0.5662514156285391,0,0,0,0,0,0,0,0,0,0,0,0.5662514156285391,0.5662514156285391,0,0,1.1325028312570782,0,0,0,0,0,0,0,martov
martov_probuzhdenie_demokratii_I.txt,2.079002079002079,1.386001386001386,0,0,2.079002079002079,0.693000693000693,0,0,29.10602910602911,3.118503118503119,2.4255024255024256,0.693000693000693,0,2.079002079002079,0.693000693000693,1.386001386001386,1.0395010395010396,4.158004158004158,1.0395010395010396,0.693000693000693,3.118503118503119,0.693000693000693,3.465003465003465,1.7325017325017324,5.197505197505198,33.95703395703396,3.465003465003465,2.4255024255024256,4.158004158004158,1.0395010395010396,0.693000693000693,0.693000693000693,1.7325017325017324,11.088011088011088,11.434511434511435,0,0,0,12.474012474012476,0,1.386001386001386,0.3465003465003465,3.465003465003465,0,0.3465003465003465,0.693000693000693,1.386001386001386,5.544005544005544,3.118503118503119,1.7325017325017324,6.237006237006238,3.465003465003465,0,0.3465003465003465,0.3465003465003465,0.3465003465003465,0.693000693000693,1.7325017325017324,0.693000693000693,1.386001386001386,12.82051282051282,0.3465003465003465,0.693000693000693,1.386001386001386,0.693000693000693,1.0395010395010396,0.693000693000693,0.3465003465003465,2.772002772002772,0.3465003465003465,0.3465003465003465,1.0395010395010396,0.693000693000693,3.465003465003465,4.504504504504505,0.693000693000693,1.7325017325017324,6.93000693000693,3.465003465003465,3.118503118503119,2.772002772002772,5.197505197505198,2.079002079002079,6.237006237006238,0,0.693000693000693,3.811503811503812,0.3465003465003465,1.0395010395010396,0.3465003465003465,1.386001386001386,1.7325017325017324,1.0395010395010396,0,1.0395010395010396,0.693000693000693,0.3465003465003465,0,1.386001386001386,4.158004158004158,2.079002079002079,0.3465003465003465,0.3465003465003465,2.4255024255024256,0,1.0395010395010396,0,0.3465003465003465,3.118503118503119,0,0,0.3465003465003465,0.3465003465003465,2.079002079002079,2.079002079002079,0,7.623007623007624,1.0395010395010396,1.7325017325017324,1.386001386001386,0.3465003465003465,0,0.3465003465003465,1.386001386001386,1.386001386001386,0,1.7325017325017324,0,0.693000693000693,0.3465003465003465,0.3465003465003465,0,0,0.3465003465003465,1.7325017325017324,1.7325017325017324,1.386001386001386,0.693000693000693,2.772002772002772,0.3465003465003465,1.0395010395010396,0,4.504504504504505,1.7325017325017324,1.0395010395010396,0.693000693000693,2.4255024255024256,1.0395010395010396,1.386001386001386,0.693000693000693,1.0395010395010396,1.0395010395010396,1.0395010395010396,1.386001386001386,6.237006237006238,1.7325017325017324,0.693000693000693,2.079002079002079,7.276507276507277,2.772002772002772,2.4255024255024256,0.3465003465003465,0.3465003465003465,0,0.3465003465003465,0,0.693000693000693,0.693000693000693,0,0.693000693000693,1.386001386001386,3.118503118503119,1.7325017325017324,0,0.693000693000693,0.3465003465003465,1.7325017325017324,0.693000693000693,0.3465003465003465,0,0.693000693000693,0,0.693000693000693,0.693000693000693,0.693000693000693,0.693000693000693,2.4255024255024256,0,1.386001386001386,1.0395010395010396,0,0,0,1.0395010395010396,0.693000693000693,0.3465003465003465,0.3465003465003465,0.3465003465003465,1.386001386001386,1.0395010395010396,0,1.386001386001386,1.0395010395010396,0,0.3465003465003465,0,0.3465003465003465,2.772002772002772,1.386001386001386,0.693000693000693,0.693000693000693,0.3465003465003465,0.3465003465003465,1.386001386001386,0,2.4255024255024256,0.3465003465003465,1.386001386001386,0.3465003465003465,0.3465003465003465,0,0.3465003465003465,0,0.693000693000693,0,0,0.3465003465003465,0.3465003465003465,1.0395010395010396,0,0.693000693000693,0,1.0395010395010396,1.386001386001386,0.3465003465003465,0.3465003465003465,0.3465003465003465,0.693000693000693,0.693000693000693,0.693000693000693,2.4255024255024256,0.3465003465003465,0,0.3465003465003465,0.3465003465003465,1.0395010395010396,0,0.693000693000693,0,0,0,0,1.386001386001386,0,0.693000693000693,0.3465003465003465,0,0.3465003465003465,1.0395010395010396,0.693000693000693,0.3465003465003465,0,1.0395010395010396,2.4255024255024256,1.0395010395010396,0,1.0395010395010396,0.693000693000693,1.0395010395010396,0.3465003465003465,0,0.3465003465003465,0.3465003465003465,0.3465003465003465,0.3465003465003465,0.3465003465003465,1.386001386001386,0.3465003465003465,0.693000693000693,0.693000693000693,0.3465003465003465,0,1.0395010395010396,0,0.3465003465003465,0.3465003465003465,0.3465003465003465,0,0,0,0,0,0,0,0.3465003465003465,0,0.3465003465003465,0,0.3465003465003465,0,martov
martov_razgrom_I.txt,2.849002849002849,2.035002035002035,0.40700040700040696,0,0,0.40700040700040696,0,2.035002035002035,30.93203093203093,0.8140008140008139,4.07000407000407,0.40700040700040696,0.8140008140008139,2.035002035002035,2.442002442002442,0.40700040700040696,0,3.663003663003663,0.40700040700040696,0,5.698005698005698,2.035002035002035,1.221001221001221,1.221001221001221,3.2560032560032557,39.072039072039075,3.2560032560032557,1.221001221001221,5.291005291005291,1.221001221001221,1.6280016280016278,1.221001221001221,4.884004884004884,1.221001221001221,10.175010175010176,1.221001221001221,0,0,21.978021978021978,2.442002442002442,0,1.221001221001221,4.07000407000407,0.8140008140008139,0,4.477004477004478,0.8140008140008139,6.919006919006919,1.221001221001221,3.2560032560032557,2.035002035002035,2.035002035002035,2.442002442002442,1.221001221001221,0,0.8140008140008139,1.221001221001221,0.8140008140008139,0.40700040700040696,0.8140008140008139,10.175010175010176,0.8140008140008139,0.40700040700040696,2.035002035002035,0.8140008140008139,0.8140008140008139,0,0,0,2.035002035002035,0.40700040700040696,1.221001221001221,2.849002849002849,1.221001221001221,2.849002849002849,0.8140008140008139,4.07000407000407,12.617012617012616,3.663003663003663,2.849002849002849,0.8140008140008139,2.035002035002035,0.8140008140008139,1.221001221001221,0.40700040700040696,4.07000407000407,1.6280016280016278,0.40700040700040696,0,0,0,0.8140008140008139,1.221001221001221,0,0,0.40700040700040696,0.40700040700040696,0,0.40700040700040696,0,0,0.8140008140008139,0,0.8140008140008139,0,1.6280016280016278,0,5.291005291005291,1.221001221001221,0,0,1.221001221001221,0,3.2560032560032557,0.8140008140008139,0.40700040700040696,4.884004884004884,0,0.8140008140008139,0.40700040700040696,0,1.221001221001221,0,1.6280016280016278,0.40700040700040696,0.40700040700040696,0.8140008140008139,0.8140008140008139,0.40700040700040696,0.40700040700040696,0,0,0,1.221001221001221,0.40700040700040696,0,0,0.40700040700040696,1.6280016280016278,1.6280016280016278,0,0.40700040700040696,4.477004477004478,0,0.40700040700040696,0.40700040700040696,3.663003663003663,1.6280016280016278,0.40700040700040696,0.40700040700040696,0.8140008140008139,1.6280016280016278,0,0.8140008140008139,4.07000407000407,0.40700040700040696,0,2.035002035002035,0.8140008140008139,2.849002849002849,0.8140008140008139,0,0,1.221001221001221,0,0,0,0.8140008140008139,0.40700040700040696,0.8140008140008139,0,1.6280016280016278,0.8140008140008139,1.6280016280016278,0.8140008140008139,0.8140008140008139,1.6280016280016278,0,0.40700040700040696,0.40700040700040696,0,0,0,0,0,0.40700040700040696,1.6280016280016278,0.8140008140008139,2.849002849002849,0,0,0,0,0.8140008140008139,0.8140008140008139,0,1.221001221001221,0.8140008140008139,1.221001221001221,0.8140008140008139,0,2.442002442002442,0.40700040700040696,0,0.8140008140008139,0,0,0.40700040700040696,1.221001221001221,0.8140008140008139,0.40700040700040696,0.40700040700040696,0,0.40700040700040696,0,1.221001221001221,0.8140008140008139,0,1.221001221001221,0.40700040700040696,0,0,0,0,0,0.40700040700040696,0,0,0.40700040700040696,0.8140008140008139,0.8140008140008139,0,0.8140008140008139,0.8140008140008139,0,0,0.8140008140008139,0.40700040700040696,0,2.035002035002035,4.884004884004884,0.8140008140008139,0,0.8140008140008139,0,0,0,2.442002442002442,0,0,1.221001221001221,0.40700040700040696,0,0.40700040700040696,0.40700040700040696,0.40700040700040696,0.8140008140008139,0.40700040700040696,0.40700040700040696,0.40700040700040696,0,0.40700040700040696,0,0,0,0,2.442002442002442,0.40700040700040696,0,0,0,0,0.40700040700040696,0,0,0,0,0,1.221001221001221,0,0,0.8140008140008139,0,1.6280016280016278,1.6280016280016278,1.221001221001221,0,1.6280016280016278,0,0,0,0,0,0,0,0,0.8140008140008139,0,2.035002035002035,0,martov
martov_slezy_starogo_krokodila_I.txt,4.3478260869565215,0.5434782608695652,0,0,0,0,0.5434782608695652,0.5434782608695652,36.41304347826087,1.6304347826086956,2.717391304347826,0,1.0869565217391304,2.1739130434782608,1.0869565217391304,0,0,4.3478260869565215,0.5434782608695652,0.5434782608695652,5.978260869565218,1.0869565217391304,2.717391304347826,4.3478260869565215,4.891304347826087,34.2391304347826,6.521739130434782,4.3478260869565215,7.608695652173913,2.717391304347826,0.5434782608695652,1.0869565217391304,1.0869565217391304,3.8043478260869565,10.869565217391305,2.1739130434782608,0,1.0869565217391304,13.043478260869565,0,0,2.717391304347826,5.434782608695652,1.6304347826086956,0.5434782608695652,3.260869565217391,0,9.23913043478261,0.5434782608695652,0.5434782608695652,4.3478260869565215,1.0869565217391304,0.5434782608695652,0.5434782608695652,0,0,0.5434782608695652,0.5434782608695652,0,1.0869565217391304,9.23913043478261,0.5434782608695652,1.0869565217391304,1.0869565217391304,0,1.0869565217391304,0,0,1.0869565217391304,2.717391304347826,0,1.6304347826086956,0.5434782608695652,0.5434782608695652,3.8043478260869565,2.1739130434782608,2.1739130434782608,17.934782608695652,2.717391304347826,5.978260869565218,0.5434782608695652,2.1739130434782608,0.5434782608695652,3.260869565217391,0,2.717391304347826,0.5434782608695652,0.5434782608695652,0,0.5434782608695652,0,0,2.1739130434782608,1.0869565217391304,8.152173913043478,0.5434782608695652,1.0869565217391304,1.0869565217391304,0,0,0,0.5434782608695652,0.5434782608695652,0.5434782608695652,0.5434782608695652,1.6304347826086956,1.0869565217391304,0.5434782608695652,1.0869565217391304,0,1.0869565217391304,0,1.6304347826086956,1.0869565217391304,0.5434782608695652,0.5434782608695652,8.152173913043478,0.5434782608695652,0,0,0,0.5434782608695652,0.5434782608695652,0,0.5434782608695652,1.0869565217391304,0,1.0869565217391304,0,0.5434782608695652,0,0.5434782608695652,0.5434782608695652,0,1.6304347826086956,0,0.5434782608695652,1.0869565217391304,0,0.5434782608695652,0.5434782608695652,1.6304347826086956,5.978260869565218,2.717391304347826,0.5434782608695652,1.0869565217391304,0,2.1739130434782608,0,2.1739130434782608,1.0869565217391304,2.717391304347826,0,0,0.5434782608695652,1.0869565217391304,0,0,0,3.260869565217391,0.5434782608695652,0,0,0.5434782608695652,0,0,0,0,0,0,1.0869565217391304,1.6304347826086956,1.0869565217391304,0,1.0869565217391304,1.6304347826086956,0,0,0.5434782608695652,0,0,0.5434782608695652,0,1.0869565217391304,1.0869565217391304,1.0869565217391304,5.434782608695652,0,1.6304347826086956,0,1.0869565217391304,0.5434782608695652,0,1.6304347826086956,0.5434782608695652,2.1739130434782608,0,1.0869565217391304,0.5434782608695652,0,0,0,0,0.5434782608695652,2.1739130434782608,1.6304347826086956,1.6304347826086956,0.5434782608695652,0.5434782608695652,0,0,0,0,1.6304347826086956,0,1.0869565217391304,0,0.5434782608695652,0,0,1.0869565217391304,0.5434782608695652,0.5434782608695652,0,1.0869565217391304,0,0.5434782608695652,0,3.8043478260869565,1.0869565217391304,0,0,0,0.5434782608695652,1.0869565217391304,0,0.5434782608695652,0,0,0,0.5434782608695652,0.5434782608695652,1.0869565217391304,0,0,0,0,0,0,0.5434782608695652,0,0.5434782608695652,0,0.5434782608695652,0,0,1.0869565217391304,1.0869565217391304,0,0,0.5434782608695652,1.6304347826086956,1.0869565217391304,0,0,0,0,0.5434782608695652,0.5434782608695652,0,0,0,0,1.0869565217391304,1.0869565217391304,0,0.5434782608695652,0,0,0,1.0869565217391304,0,0,0,0,0,0,1.0869565217391304,0,0,0,0.5434782608695652,0,0,0,0,0.5434782608695652,0,0,0,martov
martov_soc_dem_1905_1907.txt,2.0066889632107023,0,0,2.0066889632107023,0.6688963210702341,1.3377926421404682,0,2.0066889632107023,44.147157190635454,2.6755852842809364,0,0.6688963210702341,0,2.6755852842809364,0,0,0.6688963210702341,5.351170568561873,2.0066889632107023,0,4.682274247491638,0,1.3377926421404682,4.013377926421405,4.013377926421405,41.47157190635452,2.6755852842809364,3.3444816053511706,9.364548494983277,0,0.6688963210702341,0.6688963210702341,0.6688963210702341,0,12.040133779264213,0.6688963210702341,0,1.3377926421404682,7.357859531772575,0,0,0.6688963210702341,4.013377926421405,0,0,0,0,4.013377926421405,4.013377926421405,0,4.013377926421405,2.0066889632107023,2.6755852842809364,0,1.3377926421404682,0,0,4.682274247491638,0.6688963210702341,1.3377926421404682,15.384615384615385,0,0,0.6688963210702341,0.6688963210702341,0.6688963210702341,0,0.6688963210702341,2.6755852842809364,2.0066889632107023,0,1.3377926421404682,0,2.0066889632107023,2.6755852842809364,2.0066889632107023,0.6688963210702341,2.6755852842809364,2.0066889632107023,1.3377926421404682,0.6688963210702341,1.3377926421404682,1.3377926421404682,1.3377926421404682,0,1.3377926421404682,3.3444816053511706,0,1.3377926421404682,0,0.6688963210702341,0,0,0,0,2.0066889632107023,0.6688963210702341,4.682274247491638,4.682274247491638,6.020066889632107,1.3377926421404682,1.3377926421404682,0.6688963210702341,0,0.6688963210702341,4.682274247491638,0.6688963210702341,0.6688963210702341,1.3377926421404682,0,0,0,0,0.6688963210702341,0.6688963210702341,0,6.020066889632107,0.6688963210702341,0,0,0,0,0,0,2.6755852842809364,0,1.3377926421404682,0,0,0.6688963210702341,0,0,0.6688963210702341,0,0,0,0,0,0,0,0.6688963210702341,0,2.6755852842809364,0.6688963210702341,0,0,2.0066889632107023,0,3.3444816053511706,1.3377926421404682,0,1.3377926421404682,0.6688963210702341,1.3377926421404682,8.695652173913043,2.0066889632107023,0,1.3377926421404682,7.357859531772575,3.3444816053511706,0,0.6688963210702341,0,0,2.6755852842809364,1.3377926421404682,0.6688963210702341,2.0066889632107023,0.6688963210702341,0.6688963210702341,0,2.0066889632107023,1.3377926421404682,0.6688963210702341,0.6688963210702341,0,4.013377926421405,0,0,0,0,1.3377926421404682,0,0.6688963210702341,0.6688963210702341,0,4.682274247491638,0.6688963210702341,0.6688963210702341,0.6688963210702341,0,0,0,0.6688963210702341,1.3377926421404682,2.0066889632107023,0.6688963210702341,1.3377926421404682,1.3377926421404682,0,0,0.6688963210702341,0.6688963210702341,1.3377926421404682,0,0,0,0,0.6688963210702341,0,0.6688963210702341,2.0066889632107023,1.3377926421404682,2.0066889632107023,0.6688963210702341,0,0.6688963210702341,0,0,0,0,1.3377926421404682,0,0,0,0,1.3377926421404682,0,0,0,0,0,0,0,0,0.6688963210702341,0.6688963210702341,0,0.6688963210702341,2.6755852842809364,0,0.6688963210702341,0,0,0,0,0.6688963210702341,0,0.6688963210702341,0,0,0,0.6688963210702341,0,1.3377926421404682,0.6688963210702341,0,1.3377926421404682,0,1.3377926421404682,0.6688963210702341,0,0,0,0,0,1.3377926421404682,0,0,0,0,0,0,0,2.0066889632107023,0,0,0.6688963210702341,0,0,0,4.682274247491638,0,1.3377926421404682,0.6688963210702341,0,0,0,0,0,0,0,0,0.6688963210702341,0,0.6688963210702341,1.3377926421404682,0.6688963210702341,0,0,martov
martov_tak_li_my_gotovimsya_I.txt,2.1156558533145278,0.3526093088857546,2.4682651622002822,0.7052186177715092,1.4104372355430184,0.3526093088857546,0,2.8208744710860367,29.26657263751763,2.4682651622002822,7.404795486600846,1.4104372355430184,0.7052186177715092,3.526093088857546,0.7052186177715092,0.7052186177715092,0.3526093088857546,7.052186177715092,1.0578279266572639,0,7.052186177715092,1.4104372355430184,1.763046544428773,2.1156558533145278,2.1156558533145278,34.2031029619182,2.4682651622002822,2.4682651622002822,4.583921015514809,4.583921015514809,2.4682651622002822,1.0578279266572639,3.526093088857546,4.9365303244005645,13.04654442877292,0.7052186177715092,0.3526093088857546,0,11.988716502115656,2.4682651622002822,0.3526093088857546,0.3526093088857546,2.4682651622002822,0.3526093088857546,0.3526093088857546,0,2.4682651622002822,1.763046544428773,4.2313117066290555,4.2313117066290555,2.4682651622002822,0,0.3526093088857546,0.7052186177715092,0.3526093088857546,1.4104372355430184,3.173483779971791,2.1156558533145278,2.1156558533145278,1.0578279266572639,7.404795486600846,2.1156558533145278,1.0578279266572639,0.7052186177715092,2.1156558533145278,1.763046544428773,0.3526093088857546,0,2.4682651622002822,3.173483779971791,0.3526093088857546,3.8787023977433006,0.7052186177715092,2.1156558533145278,3.526093088857546,1.4104372355430184,2.1156558533145278,7.052186177715092,4.583921015514809,2.4682651622002822,2.1156558533145278,1.763046544428773,2.8208744710860367,8.462623413258111,1.0578279266572639,2.1156558533145278,2.8208744710860367,0.7052186177715092,0.3526093088857546,0,0.7052186177715092,0.3526093088857546,1.763046544428773,0.7052186177715092,0.7052186177715092,1.0578279266572639,0,0.3526093088857546,1.4104372355430184,0.3526093088857546,0.7052186177715092,0.7052186177715092,0.7052186177715092,0.3526093088857546,0,0.3526093088857546,0,1.4104372355430184,0,0.3526093088857546,0,0,1.0578279266572639,2.8208744710860367,1.4104372355430184,0,7.052186177715092,0.7052186177715092,0.3526093088857546,0.3526093088857546,0,1.0578279266572639,0,0,0,0,2.1156558533145278,0.3526093088857546,0.3526093088857546,0.7052186177715092,0,0,0,0.3526093088857546,1.763046544428773,1.0578279266572639,2.1156558533145278,0.7052186177715092,5.994358251057828,1.763046544428773,1.0578279266572639,0.3526093088857546,2.8208744710860367,0.3526093088857546,0.3526093088857546,1.0578279266572639,1.4104372355430184,1.4104372355430184,5.994358251057828,0.3526093088857546,1.0578279266572639,1.763046544428773,1.0578279266572639,1.0578279266572639,4.583921015514809,1.0578279266572639,0,0,2.1156558533145278,0.7052186177715092,0,0.3526093088857546,0,1.0578279266572639,1.0578279266572639,1.0578279266572639,2.8208744710860367,0.3526093088857546,0.7052186177715092,0,0.3526093088857546,1.4104372355430184,0.3526093088857546,0,1.0578279266572639,2.1156558533145278,3.173483779971791,0,0.3526093088857546,1.0578279266572639,0.3526093088857546,0,0,0,0.3526093088857546,2.8208744710860367,3.526093088857546,0.7052186177715092,0.7052186177715092,0.3526093088857546,0.7052186177715092,0,0,4.2313117066290555,0.7052186177715092,0.7052186177715092,0.3526093088857546,0.3526093088857546,1.763046544428773,0.7052186177715092,0,4.9365303244005645,0.7052186177715092,0.3526093088857546,0.3526093088857546,0.3526093088857546,0.3526093088857546,2.1156558533145278,0,0.3526093088857546,0,1.0578279266572639,0,0.3526093088857546,0.3526093088857546,2.1156558533145278,3.173483779971791,0.3526093088857546,4.2313117066290555,0,0,0.3526093088857546,0.3526093088857546,0,0.3526093088857546,0,0,0,1.4104372355430184,0,0.7052186177715092,0,0.3526093088857546,0.3526093088857546,0.3526093088857546,0,0.7052186177715092,0.3526093088857546,0.3526093088857546,1.0578279266572639,1.0578279266572639,0.7052186177715092,0,0.7052186177715092,0.3526093088857546,0.3526093088857546,0,3.8787023977433006,0,0,0,0.7052186177715092,0.3526093088857546,0,0.3526093088857546,0,0.3526093088857546,0.3526093088857546,2.1156558533145278,0.3526093088857546,0,0,0.3526093088857546,0,0,0,2.1156558533145278,0.7052186177715092,1.0578279266572639,0,0,0.7052186177715092,0,0,0.3526093088857546,0,1.0578279266572639,0,0.7052186177715092,0,0.3526093088857546,2.4682651622002822,0.3526093088857546,0.3526093088857546,0,0,0,0.7052186177715092,0,0,0,0.7052186177715092,0,0,0,0,0,0,0.3526093088857546,0,martov
martov_voyna_i_ross_dem.txt,3.2158476974530483,0.9004373552868535,0,2.0581425263699513,2.186776434268073,1.1577051710830975,0.2572678157962439,0.7718034473887316,38.84744018523283,2.186776434268073,2.572678157962439,0.5145356315924878,0.5145356315924878,0.9004373552868535,0.9004373552868535,0,0.7718034473887316,6.688963210702341,1.800874710573707,1.2863390789812195,2.7013120658605607,0.9004373552868535,2.829945973758683,2.572678157962439,6.303061487007975,35.11705685618729,3.2158476974530483,2.572678157962439,5.659891947517366,1.0290712631849757,1.4149729868793415,1.5436068947774633,2.9585798816568047,4.502186776434269,12.992024697710317,0.3859017236943658,0.2572678157962439,0.7718034473887316,16.46514021095961,0.3859017236943658,0,0.6431695394906097,3.7303833290455364,0.12863390789812196,0.3859017236943658,1.0290712631849757,1.0290712631849757,5.2739902238230005,0.12863390789812196,1.4149729868793415,2.186776434268073,1.1577051710830975,0.2572678157962439,0.5145356315924878,0.9004373552868535,0.5145356315924878,0.6431695394906097,2.315410342166195,0.12863390789812196,0.6431695394906097,9.518909184461023,0,1.0290712631849757,0.9004373552868535,1.800874710573707,0.7718034473887316,0.3859017236943658,0.7718034473887316,1.1577051710830975,1.0290712631849757,0.3859017236943658,2.0581425263699513,0.5145356315924878,3.0872137895549265,1.9295086184718293,1.2863390789812195,1.800874710573707,10.290712631849756,2.829945973758683,3.2158476974530483,1.9295086184718293,1.5436068947774633,2.444044250064317,7.203498842294828,1.1577051710830975,1.6722408026755853,5.2739902238230005,0.2572678157962439,1.5436068947774633,0.3859017236943658,0,0.3859017236943658,0.9004373552868535,0.7718034473887316,0.3859017236943658,1.1577051710830975,0.12863390789812196,1.5436068947774633,1.5436068947774633,3.473115513249293,1.6722408026755853,2.572678157962439,0.6431695394906097,0.3859017236943658,0.6431695394906097,4.244918960638024,1.1577051710830975,1.5436068947774633,0.5145356315924878,0,0.12863390789812196,0.2572678157962439,0.6431695394906097,3.8590172369436586,0.3859017236943658,0.2572678157962439,7.846668381785439,0.2572678157962439,0.9004373552868535,1.9295086184718293,1.1577051710830975,0.9004373552868535,0.2572678157962439,0.2572678157962439,0.7718034473887316,0,1.1577051710830975,0.12863390789812196,0.12863390789812196,0.7718034473887316,0.12863390789812196,0.2572678157962439,0.6431695394906097,0,0.6431695394906097,0.2572678157962439,0.5145356315924878,0.6431695394906097,0.12863390789812196,3.8590172369436586,0.12863390789812196,0.2572678157962439,2.315410342166195,0.12863390789812196,0.9004373552868535,0.5145356315924878,2.9585798816568047,0.6431695394906097,1.4149729868793415,0.2572678157962439,0.3859017236943658,1.6722408026755853,0.2572678157962439,0.3859017236943658,0.5145356315924878,0.12863390789812196,0.12863390789812196,2.315410342166195,2.444044250064317,2.315410342166195,0.9004373552868535,0,0.12863390789812196,0,2.829945973758683,0.9004373552868535,0.7718034473887316,6.303061487007975,1.0290712631849757,0.7718034473887316,0,0.3859017236943658,1.2863390789812195,0.3859017236943658,2.315410342166195,2.0581425263699513,1.1577051710830975,0.2572678157962439,0.3859017236943658,0.3859017236943658,0.7718034473887316,0.6431695394906097,0,0.2572678157962439,0,0.3859017236943658,4.373552868536146,0.2572678157962439,2.315410342166195,0.3859017236943658,0.2572678157962439,0.12863390789812196,0,0.12863390789812196,1.0290712631849757,1.0290712631849757,0.3859017236943658,0.5145356315924878,1.9295086184718293,0.3859017236943658,0.5145356315924878,1.6722408026755853,0.2572678157962439,3.601749421147414,0.12863390789812196,0.3859017236943658,0.3859017236943658,1.0290712631849757,0.6431695394906097,0.12863390789812196,0.3859017236943658,0.12863390789812196,1.0290712631849757,1.0290712631849757,0.3859017236943658,1.9295086184718293,1.1577051710830975,0.3859017236943658,1.2863390789812195,0.12863390789812196,0.7718034473887316,0.6431695394906097,0.12863390789812196,0,0.3859017236943658,0.3859017236943658,0.2572678157962439,0.12863390789812196,0.3859017236943658,0,0.2572678157962439,1.0290712631849757,0.3859017236943658,0.3859017236943658,0,0.2572678157962439,1.6722408026755853,0.2572678157962439,1.0290712631849757,1.4149729868793415,1.800874710573707,0.9004373552868535,1.4149729868793415,0.2572678157962439,0.2572678157962439,0.9004373552868535,0,0.5145356315924878,0.3859017236943658,0.2572678157962439,0.6431695394906097,0.5145356315924878,0.5145356315924878,0.12863390789812196,0,0.3859017236943658,0.5145356315924878,0.9004373552868535,0.7718034473887316,1.2863390789812195,0,0,0.12863390789812196,0,0.12863390789812196,0.3859017236943658,0.9004373552868535,1.6722408026755853,0.12863390789812196,0.12863390789812196,0,0.2572678157962439,0,0.2572678157962439,1.4149729868793415,0,0,0.12863390789812196,0.2572678157962439,0.3859017236943658,0.12863390789812196,1.2863390789812195,0.3859017236943658,1.9295086184718293,2.829945973758683,0.6431695394906097,0.2572678157962439,0.7718034473887316,0,0,0,0.3859017236943658,0.5145356315924878,0.12863390789812196,0,0,0.12863390789812196,0.5145356315924878,4.63082068433239,0,martov
ortodox_eshe1_kritik_Marxa.txt,3.489531405782652,0,0.9970089730807576,0,0.4985044865403788,0.9970089730807576,0,3.489531405782652,25.423728813559325,0.4985044865403788,2.4925224327018944,0.4985044865403788,0.9970089730807576,0,0.4985044865403788,0,0,3.489531405782652,0.9970089730807576,0,7.976071784646061,2.991026919242273,1.9940179461615153,5.483549351944167,1.4955134596211366,28.414755732801595,3.9880358923230306,0.4985044865403788,12.46261216350947,0.4985044865403788,1.4955134596211366,1.4955134596211366,0.4985044865403788,2.4925224327018944,7.976071784646061,0.4985044865403788,0,0,17.44765702891326,0.4985044865403788,0.9970089730807576,1.4955134596211366,3.9880358923230306,0.4985044865403788,0,8.474576271186441,0,3.489531405782652,0,0.4985044865403788,3.9880358923230306,0,0,0,0.4985044865403788,0,0,0.4985044865403788,0,0,7.976071784646061,0.4985044865403788,0.4985044865403788,0.4985044865403788,0.4985044865403788,0.9970089730807576,0.4985044865403788,1.4955134596211366,0,4.985044865403789,0,1.4955134596211366,0,1.4955134596211366,0.9970089730807576,0,0.9970089730807576,12.46261216350947,0.9970089730807576,5.483549351944167,2.4925224327018944,0,0,4.48654037886341,4.985044865403789,0.9970089730807576,2.991026919242273,0,1.4955134596211366,0.4985044865403788,0.4985044865403788,0,0.9970089730807576,0.9970089730807576,0.9970089730807576,0,0,0,0,0.4985044865403788,0,0.4985044865403788,0,1.4955134596211366,0.4985044865403788,1.9940179461615153,1.9940179461615153,1.4955134596211366,0.4985044865403788,0,0.4985044865403788,0,0,3.9880358923230306,0.4985044865403788,1.4955134596211366,7.477567298105683,1.4955134596211366,0,1.9940179461615153,0.4985044865403788,0.9970089730807576,0.4985044865403788,0,0,0.4985044865403788,1.9940179461615153,0,0,0.4985044865403788,0.9970089730807576,1.9940179461615153,0.9970089730807576,0.4985044865403788,0.9970089730807576,0,0.9970089730807576,0.4985044865403788,0,1.9940179461615153,0.4985044865403788,0.9970089730807576,4.48654037886341,0,0,0.4985044865403788,0.9970089730807576,0,0,0,1.4955134596211366,0.9970089730807576,0,0,0,0,0,0,0.4985044865403788,2.991026919242273,0,0,0,0.9970089730807576,0.9970089730807576,0.4985044865403788,0.4985044865403788,0,0,0,2.991026919242273,0.9970089730807576,1.9940179461615153,0.4985044865403788,0.4985044865403788,0.4985044865403788,0,0.4985044865403788,0.4985044865403788,0.4985044865403788,0,0.9970089730807576,0,0.4985044865403788,0,0.9970089730807576,3.489531405782652,0.9970089730807576,3.9880358923230306,0,0.9970089730807576,0,0,1.9940179461615153,0.4985044865403788,0.9970089730807576,0,0.4985044865403788,0.9970089730807576,1.4955134596211366,0,0,0.4985044865403788,0,0,0.4985044865403788,0.4985044865403788,0,0.4985044865403788,1.9940179461615153,3.489531405782652,1.4955134596211366,1.9940179461615153,0,0.9970089730807576,2.991026919242273,0,0.4985044865403788,0,0.9970089730807576,0.4985044865403788,1.4955134596211366,0.9970089730807576,0.9970089730807576,0,0.4985044865403788,0.9970089730807576,0,0.4985044865403788,1.4955134596211366,0,0.4985044865403788,0.9970089730807576,2.991026919242273,0.4985044865403788,1.4955134596211366,0.4985044865403788,1.4955134596211366,0,0.9970089730807576,2.4925224327018944,1.4955134596211366,0.4985044865403788,1.4955134596211366,0.4985044865403788,0,0,0.9970089730807576,0,0,0,0.9970089730807576,0,0,0,0.4985044865403788,0,0,0.4985044865403788,1.4955134596211366,0.4985044865403788,1.9940179461615153,0,0,0,0,0.4985044865403788,0,0,0,0.9970089730807576,0.9970089730807576,0.4985044865403788,0,0,0,0,0,0,0,0.4985044865403788,0,0.4985044865403788,0,0.9970089730807576,0,0,0.4985044865403788,0,0,0,0.4985044865403788,0,10.967098703888334,0,0,0.4985044865403788,0,0,0,ortodox
ortodox_pismo_evreya_k_evreyam_I.txt,4.93494840735756,0,0,0,0.44863167339614174,0,0.44863167339614174,0.8972633467922835,21.085688649618664,0.44863167339614174,4.037685060565276,0.8972633467922835,0.8972633467922835,0.44863167339614174,1.3458950201884252,0.44863167339614174,0.8972633467922835,7.178106774338268,0.44863167339614174,1.794526693584567,2.6917900403768504,0,4.486316733961417,4.486316733961417,3.1404217137729926,36.787797218483625,3.589053387169134,2.2431583669807087,12.56168685509197,3.1404217137729926,2.2431583669807087,1.3458950201884252,4.486316733961417,4.037685060565276,17.048003589053387,0,1.3458950201884252,0.44863167339614174,13.01031852848811,0.44863167339614174,0.44863167339614174,0.44863167339614174,6.280843427545985,0,0.8972633467922835,5.383580080753701,0.44863167339614174,3.1404217137729926,0.8972633467922835,0.44863167339614174,2.6917900403768504,0.44863167339614174,0.44863167339614174,0.44863167339614174,1.794526693584567,0,0.44863167339614174,0.8972633467922835,0,0.8972633467922835,10.31852848811126,2.2431583669807087,0,0,0,0.8972633467922835,0,2.2431583669807087,4.486316733961417,2.2431583669807087,1.794526693584567,1.3458950201884252,0,3.589053387169134,5.832211754149843,3.1404217137729926,0,18.842530282637956,2.6917900403768504,3.589053387169134,1.3458950201884252,4.486316733961417,0.8972633467922835,6.7294751009421265,3.1404217137729926,2.6917900403768504,0.8972633467922835,1.3458950201884252,3.1404217137729926,2.2431583669807087,0.44863167339614174,0,0,0.44863167339614174,0,0,0.44863167339614174,1.3458950201884252,0,0,0,0,0.8972633467922835,0,1.794526693584567,1.794526693584567,1.3458950201884252,0.44863167339614174,0.8972633467922835,0,0.44863167339614174,0.44863167339614174,0,2.6917900403768504,1.3458950201884252,0.44863167339614174,8.972633467922835,0.44863167339614174,0.44863167339614174,0.44863167339614174,0.8972633467922835,0.44863167339614174,0,0,0,0.44863167339614174,2.6917900403768504,0,0,1.3458950201884252,0,0.44863167339614174,0,0,0,0,0.8972633467922835,0,1.3458950201884252,2.6917900403768504,0.44863167339614174,0,2.2431583669807087,0.44863167339614174,0,1.794526693584567,1.3458950201884252,0.8972633467922835,3.1404217137729926,0,0.8972633467922835,0.44863167339614174,0,0,0.44863167339614174,0.44863167339614174,0,0.8972633467922835,2.6917900403768504,0.8972633467922835,0.8972633467922835,0,0,0,0,0.44863167339614174,0.44863167339614174,0.44863167339614174,0,0,0,0.8972633467922835,3.1404217137729926,0,1.794526693584567,1.3458950201884252,0.44863167339614174,0,0,0.44863167339614174,1.3458950201884252,0.8972633467922835,0.8972633467922835,0,0.8972633467922835,0.8972633467922835,4.93494840735756,1.3458950201884252,4.486316733961417,1.794526693584567,1.3458950201884252,0,0,1.3458950201884252,0.44863167339614174,0,0,0.8972633467922835,1.3458950201884252,0,0.8972633467922835,2.2431583669807087,1.3458950201884252,0,0,0.44863167339614174,0,0,2.2431583669807087,0.44863167339614174,4.037685060565276,0.8972633467922835,1.3458950201884252,1.3458950201884252,0,0.8972633467922835,1.3458950201884252,0,0,0,0,1.3458950201884252,0.44863167339614174,0.44863167339614174,0,0,0,0,0.8972633467922835,0.8972633467922835,0,1.3458950201884252,0,0.44863167339614174,0,0.8972633467922835,0.44863167339614174,3.1404217137729926,0,0.44863167339614174,2.2431583669807087,1.794526693584567,0,1.794526693584567,0,0,0.44863167339614174,1.3458950201884252,0,0,0.44863167339614174,0.44863167339614174,0.8972633467922835,0,0,0,0,2.2431583669807087,0.8972633467922835,0.8972633467922835,1.3458950201884252,0,0,0,0,0,1.794526693584567,3.1404217137729926,0.44863167339614174,0,0,0.44863167339614174,0.8972633467922835,0,0,0,0,0.44863167339614174,0,0.44863167339614174,0,0.8972633467922835,0,0.8972633467922835,0,0,0.44863167339614174,0,0.8972633467922835,1.3458950201884252,0,0.44863167339614174,1.794526693584567,0.44863167339614174,0,0,1.3458950201884252,0,0,0,ortodox
ortodox_v_otvet_Bovu_I.txt,3.325272067714631,0.6045949214026601,0,0.30229746070133007,0.30229746070133007,0.6045949214026601,0,1.5114873035066505,28.41596130592503,0.30229746070133007,2.1160822249093107,0.6045949214026601,0.6045949214026601,0.30229746070133007,1.5114873035066505,0,0.6045949214026601,3.9298669891172913,0.9068923821039904,0.30229746070133007,2.1160822249093107,0.9068923821039904,4.2321644498186215,4.534461910519952,1.8137847642079807,43.83313180169287,1.8137847642079807,2.4183796856106405,8.464328899637243,3.325272067714631,2.4183796856106405,1.5114873035066505,2.720677146311971,6.348246674727933,15.114873035066505,0,1.2091898428053203,1.8137847642079807,16.021765417170496,0.6045949214026601,0.9068923821039904,0.9068923821039904,6.650544135429262,0,0,3.6275695284159615,1.2091898428053203,2.4183796856106405,0.9068923821039904,0,3.022974607013301,0.6045949214026601,0,0.30229746070133007,2.4183796856106405,0,0,0.9068923821039904,0,0,12.696493349455865,0.9068923821039904,0.6045949214026601,0.6045949214026601,0.30229746070133007,1.2091898428053203,0,2.1160822249093107,6.348246674727933,3.6275695284159615,1.5114873035066505,1.5114873035066505,0.30229746070133007,3.6275695284159615,4.2321644498186215,1.2091898428053203,0.30229746070133007,15.719467956469165,2.720677146311971,3.022974607013301,1.2091898428053203,1.8137847642079807,0.6045949214026601,5.441354292623942,1.2091898428053203,1.2091898428053203,2.720677146311971,0.30229746070133007,1.5114873035066505,0,0.30229746070133007,0,0.30229746070133007,0.30229746070133007,0,0,0.30229746070133007,0.6045949214026601,0,0.30229746070133007,2.720677146311971,0,0.9068923821039904,0.6045949214026601,0.9068923821039904,1.8137847642079807,1.2091898428053203,0.30229746070133007,0.30229746070133007,0,0,0.6045949214026601,0,0.6045949214026601,0.9068923821039904,1.2091898428053203,8.766626360338574,0.30229746070133007,0,0.30229746070133007,0.9068923821039904,0.6045949214026601,0.6045949214026601,0.30229746070133007,0.9068923821039904,0,3.022974607013301,0,0,2.1160822249093107,0,1.5114873035066505,0.9068923821039904,0,1.5114873035066505,1.5114873035066505,0.6045949214026601,0.30229746070133007,1.5114873035066505,2.1160822249093107,0.6045949214026601,0.30229746070133007,4.2321644498186215,1.8137847642079807,1.2091898428053203,1.8137847642079807,2.720677146311971,1.2091898428053203,0.6045949214026601,0.30229746070133007,2.1160822249093107,0.9068923821039904,0,0.30229746070133007,0.9068923821039904,0,0.6045949214026601,1.8137847642079807,2.1160822249093107,2.720677146311971,0,0,0,0.6045949214026601,0,0.30229746070133007,0.30229746070133007,0.30229746070133007,0,0.30229746070133007,0.6045949214026601,1.5114873035066505,3.325272067714631,0.30229746070133007,0.6045949214026601,0.9068923821039904,0.6045949214026601,1.5114873035066505,0,0.30229746070133007,0.30229746070133007,1.2091898428053203,0.30229746070133007,0.6045949214026601,0.30229746070133007,0.30229746070133007,8.162031438935914,1.2091898428053203,3.325272067714631,0.6045949214026601,1.8137847642079807,0,0,2.1160822249093107,1.2091898428053203,0.6045949214026601,2.4183796856106405,0.30229746070133007,1.5114873035066505,0.30229746070133007,0,0.6045949214026601,1.2091898428053203,0,0.9068923821039904,0.9068923821039904,0,0.6045949214026601,0.9068923821039904,0,4.534461910519952,2.1160822249093107,0.6045949214026601,1.5114873035066505,0.30229746070133007,0.6045949214026601,0.30229746070133007,0.9068923821039904,0,0.6045949214026601,0.9068923821039904,3.022974607013301,0,0,0.6045949214026601,0.6045949214026601,0.30229746070133007,0,1.8137847642079807,0.9068923821039904,0,1.5114873035066505,0.6045949214026601,0.30229746070133007,0,0.30229746070133007,2.720677146311971,2.4183796856106405,0.30229746070133007,0.30229746070133007,2.4183796856106405,2.4183796856106405,0.30229746070133007,0.6045949214026601,0.6045949214026601,0.6045949214026601,3.022974607013301,0.30229746070133007,0.30229746070133007,0,0,0.6045949214026601,0,0.30229746070133007,0.6045949214026601,0.6045949214026601,0.30229746070133007,0.6045949214026601,0.9068923821039904,1.5114873035066505,0.6045949214026601,2.1160822249093107,0,0,0,6.045949214026602,0.9068923821039904,1.5114873035066505,0.30229746070133007,1.5114873035066505,0.6045949214026601,1.2091898428053203,0.6045949214026601,0,0,0.30229746070133007,0.30229746070133007,0,0,0,0.30229746070133007,0,0.6045949214026601,0.6045949214026601,0.6045949214026601,0.6045949214026601,0.30229746070133007,0,0,0,0,0.30229746070133007,0,0.30229746070133007,0,0,0.9068923821039904,0,0,0,ortodox
parvus_bez_tsarya_pravitelstvo_rabochee.txt,12.064343163538874,1.3404825737265416,0,0,2.680965147453083,1.3404825737265416,1.3404825737265416,1.3404825737265416,10.723860589812332,0,8.04289544235925,2.680965147453083,0,2.680965147453083,2.680965147453083,0,0,2.680965147453083,0,1.3404825737265416,8.04289544235925,8.04289544235925,5.361930294906166,1.3404825737265416,12.064343163538874,34.852546916890084,4.021447721179625,1.3404825737265416,6.702412868632708,5.361930294906166,1.3404825737265416,0,0,0,6.702412868632708,1.3404825737265416,10.723860589812332,8.04289544235925,22.78820375335121,2.680965147453083,0,1.3404825737265416,8.04289544235925,2.680965147453083,1.3404825737265416,6.702412868632708,1.3404825737265416,9.383378016085791,0,0,2.680965147453083,1.3404825737265416,1.3404825737265416,0,0,1.3404825737265416,12.064343163538874,1.3404825737265416,0,4.021447721179625,12.064343163538874,1.3404825737265416,1.3404825737265416,2.680965147453083,0,0,0,0,0,1.3404825737265416,0,1.3404825737265416,5.361930294906166,0,9.383378016085791,8.04289544235925,1.3404825737265416,9.383378016085791,2.680965147453083,2.680965147453083,1.3404825737265416,0,0,0,1.3404825737265416,0,0,0,0,0,0,1.3404825737265416,1.3404825737265416,0,0,0,0,0,0,0,0,0,0,0,0,1.3404825737265416,0,2.680965147453083,0,0,0,0,0,2.680965147453083,2.680965147453083,0,5.361930294906166,0,4.021447721179625,2.680965147453083,0,0,0,0,0,0,0,0,0,0,0,0,0,0,0,0,1.3404825737265416,0,0,2.680965147453083,0,0,4.021447721179625,0,0,0,0,2.680965147453083,0,0,0,2.680965147453083,4.021447721179625,5.361930294906166,2.680965147453083,0,1.3404825737265416,0,0,4.021447721179625,4.021447721179625,6.702412868632708,10.723860589812332,1.3404825737265416,2.680965147453083,0,1.3404825737265416,1.3404825737265416,0,0,1.3404825737265416,4.021447721179625,2.680965147453083,0,1.3404825737265416,1.3404825737265416,0,0,0,0,0,0,0,0,0,0,5.361930294906166,2.680965147453083,1.3404825737265416,0,0,0,1.3404825737265416,2.680965147453083,0,1.3404825737265416,0,0,0,1.3404825737265416,0,13.404825737265416,0,4.021447721179625,0,0,4.021447721179625,0,0,1.3404825737265416,0,0,1.3404825737265416,0,0,0,0,0,0,0,2.680965147453083,0,0,0,0,0,0,0,0,0,1.3404825737265416,0,0,1.3404825737265416,0,0,0,0,0,0,0,0,0,0,0,0,0,2.680965147453083,0,0,0,2.680965147453083,0,0,0,0,0,0,0,1.3404825737265416,0,0,0,0,0,0,1.3404825737265416,8.04289544235925,1.3404825737265416,6.702412868632708,0,0,0,0,2.680965147453083,0,4.021447721179625,0,0,1.3404825737265416,0,1.3404825737265416,0,0,1.3404825737265416,0,0,0,0,0,0,0,0,0,0,0,0,2.680965147453083,0,0,parvus
parvus_borba_protiv_tsarizma.txt,1.998001998001998,2.997002997002997,0.999000999000999,2.997002997002997,1.998001998001998,0,0,0.999000999000999,35.964035964035965,3.996003996003996,1.998001998001998,0,0,0,1.998001998001998,0,0,5.994005994005994,1.998001998001998,1.998001998001998,0.999000999000999,0.999000999000999,3.996003996003996,3.996003996003996,0.999000999000999,33.96603396603397,2.997002997002997,0.999000999000999,12.987012987012989,0,3.996003996003996,1.998001998001998,5.994005994005994,6.993006993006993,13.986013986013987,0,0,0,9.99000999000999,0.999000999000999,0,0.999000999000999,5.994005994005994,1.998001998001998,0.999000999000999,6.993006993006993,0,2.997002997002997,0.999000999000999,0.999000999000999,1.998001998001998,0.999000999000999,0,0,1.998001998001998,0.999000999000999,1.998001998001998,2.997002997002997,0,1.998001998001998,1.998001998001998,2.997002997002997,0.999000999000999,0,0.999000999000999,2.997002997002997,0,0,0,2.997002997002997,0,4.995004995004995,0.999000999000999,0,4.995004995004995,0.999000999000999,2.997002997002997,4.995004995004995,2.997002997002997,2.997002997002997,5.994005994005994,1.998001998001998,0.999000999000999,5.994005994005994,0,4.995004995004995,0,0,0.999000999000999,0,0,0,2.997002997002997,0,0,0,0,0,0,3.996003996003996,0,0,1.998001998001998,0.999000999000999,0.999000999000999,1.998001998001998,0,4.995004995004995,0.999000999000999,0,0,0,0,3.996003996003996,5.994005994005994,0.999000999000999,8.991008991008991,1.998001998001998,0.999000999000999,0.999000999000999,1.998001998001998,0,0.999000999000999,0.999000999000999,0,0,3.996003996003996,0.999000999000999,0,0.999000999000999,0,0,0,0.999000999000999,0.999000999000999,1.998001998001998,0.999000999000999,0,0.999000999000999,0.999000999000999,0.999000999000999,0,0.999000999000999,0,0,0,4.995004995004995,0.999000999000999,0,0,0,0.999000999000999,0,0,0.999000999000999,0.999000999000999,0.999000999000999,0.999000999000999,1.998001998001998,4.995004995004995,0,0.999000999000999,0,0,0.999000999000999,0,0,4.995004995004995,1.998001998001998,0,0,1.998001998001998,0,0,6.993006993006993,2.997002997002997,0,0.999000999000999,0,0,0,1.998001998001998,0,1.998001998001998,0.999000999000999,0,6.993006993006993,0.999000999000999,0.999000999000999,0,0,0.999000999000999,0.999000999000999,1.998001998001998,0,0,0,0,0.999000999000999,1.998001998001998,0,8.991008991008991,0,0.999000999000999,0.999000999000999,0,0.999000999000999,0,0,0,0,0,0,0.999000999000999,0,0.999000999000999,0,0,0.999000999000999,0.999000999000999,0.999000999000999,1.998001998001998,0,0,0,0.999000999000999,0,0,0,0.999000999000999,0,0.999000999000999,0.999000999000999,0,0,0,0.999000999000999,0,0,0.999000999000999,1.998001998001998,0,0,0,0,0.999000999000999,0,1.998001998001998,0,0,0.999000999000999,0.999000999000999,0,0,0,1.998001998001998,2.997002997002997,0,0,1.998001998001998,0,0,1.998001998001998,0,0,0,0.999000999000999,0.999000999000999,0,0.999000999000999,0,0,0.999000999000999,0,2.997002997002997,0,0.999000999000999,0,0,1.998001998001998,0,2.997002997002997,0,0.999000999000999,0.999000999000999,1.998001998001998,0,0,0,0,0,0,2.997002997002997,0,0,0,0,1.998001998001998,2.997002997002997,0,parvus
parvus_do_9_january_predislovie.txt,4.672897196261682,2.0026702269692924,3.3377837116154874,1.335113484646195,1.6688918558077437,0.6675567423230975,1.335113484646195,2.336448598130841,32.04272363150868,1.6688918558077437,5.0066755674232315,1.335113484646195,0.33377837116154874,2.0026702269692924,1.6688918558077437,0,1.0013351134846462,2.0026702269692924,4.005340453938585,2.67022696929239,3.3377837116154874,0.6675567423230975,2.67022696929239,2.336448598130841,5.0066755674232315,32.37650200267023,3.0040053404539386,5.34045393858478,4.005340453938585,1.335113484646195,1.335113484646195,1.335113484646195,1.6688918558077437,3.6715620827770357,10.013351134846463,0.33377837116154874,1.335113484646195,1.0013351134846462,15.020026702269693,0.6675567423230975,0.33377837116154874,0.33377837116154874,7.009345794392523,0,0.6675567423230975,4.672897196261682,2.336448598130841,3.6715620827770357,2.336448598130841,2.0026702269692924,3.3377837116154874,2.0026702269692924,1.335113484646195,0.33377837116154874,1.0013351134846462,1.6688918558077437,6.341789052069426,4.005340453938585,0.6675567423230975,2.336448598130841,11.014686248331108,0.6675567423230975,1.0013351134846462,1.335113484646195,1.0013351134846462,1.0013351134846462,0.33377837116154874,0.33377837116154874,6.008010680907877,1.335113484646195,0,4.339118825100133,1.0013351134846462,0.6675567423230975,5.0066755674232315,0,4.339118825100133,8.344459279038718,3.3377837116154874,6.341789052069426,1.0013351134846462,3.6715620827770357,2.67022696929239,1.0013351134846462,0,1.0013351134846462,5.0066755674232315,1.0013351134846462,0,0.33377837116154874,0.6675567423230975,1.0013351134846462,1.0013351134846462,0.33377837116154874,0,0.33377837116154874,1.0013351134846462,0.33377837116154874,1.335113484646195,2.67022696929239,2.0026702269692924,1.335113484646195,0.6675567423230975,1.335113484646195,0.33377837116154874,2.0026702269692924,0.6675567423230975,4.005340453938585,0.33377837116154874,0.33377837116154874,0,0.33377837116154874,0,1.335113484646195,0,0,8.344459279038718,0,0,0.33377837116154874,0.6675567423230975,1.335113484646195,0,0,0.33377837116154874,0.6675567423230975,0.6675567423230975,0,0.33377837116154874,0.33377837116154874,0,0.6675567423230975,0,0.6675567423230975,1.0013351134846462,0,0.6675567423230975,0,0.33377837116154874,1.6688918558077437,0,0.6675567423230975,3.6715620827770357,0.33377837116154874,1.6688918558077437,0,2.0026702269692924,4.672897196261682,1.335113484646195,0,1.6688918558077437,1.335113484646195,3.3377837116154874,6.341789052069426,4.339118825100133,4.005340453938585,0.33377837116154874,4.005340453938585,6.341789052069426,2.336448598130841,1.0013351134846462,1.335113484646195,0.33377837116154874,0.33377837116154874,5.0066755674232315,3.3377837116154874,6.675567423230975,8.344459279038718,0.33377837116154874,1.0013351134846462,0.33377837116154874,3.0040053404539386,2.336448598130841,0.6675567423230975,1.0013351134846462,1.0013351134846462,1.335113484646195,0.33377837116154874,0.33377837116154874,0.33377837116154874,0,1.335113484646195,0,0,0.33377837116154874,0,5.34045393858478,0,1.335113484646195,1.0013351134846462,0.33377837116154874,0.33377837116154874,0.33377837116154874,4.005340453938585,1.0013351134846462,0.6675567423230975,2.0026702269692924,0.33377837116154874,1.0013351134846462,1.335113484646195,0.33377837116154874,5.0066755674232315,1.0013351134846462,1.0013351134846462,0,0.33377837116154874,0,0.6675567423230975,0.33377837116154874,0,0,0.6675567423230975,1.0013351134846462,1.0013351134846462,0.33377837116154874,0.33377837116154874,0.33377837116154874,0.33377837116154874,1.335113484646195,0.33377837116154874,0.33377837116154874,1.0013351134846462,0,0,1.0013351134846462,0,0.33377837116154874,1.0013351134846462,0.6675567423230975,1.6688918558077437,2.0026702269692924,1.0013351134846462,0,0,0,1.335113484646195,1.0013351134846462,0,1.6688918558077437,0.6675567423230975,0.33377837116154874,0,1.335113484646195,0,0,0.6675567423230975,0,1.6688918558077437,1.335113484646195,0,0,1.335113484646195,0,0,0,0.6675567423230975,0.33377837116154874,0,0.6675567423230975,2.336448598130841,0,0,0.33377837116154874,0,0,0,0.6675567423230975,0.6675567423230975,0,0,0.33377837116154874,0,0.33377837116154874,0,0.6675567423230975,0,1.6688918558077437,0,0.33377837116154874,2.0026702269692924,0,0,0,3.0040053404539386,2.0026702269692924,1.0013351134846462,0,0,0,0,0,0,0.33377837116154874,0,0,0,0.6675567423230975,2.67022696929239,0,0,parvus
parvus_hod_revolucii.txt,4.1356492969396195,0.8271298593879239,2.4813895781637716,0.8271298593879239,1.6542597187758479,0,0.8271298593879239,0,28.949545078577337,0.8271298593879239,4.962779156327543,2.4813895781637716,0,3.3085194375516958,0.8271298593879239,0,0.8271298593879239,3.3085194375516958,0.8271298593879239,1.6542597187758479,9.925558312655086,3.3085194375516958,2.4813895781637716,6.6170388751033915,4.962779156327543,34.7394540942928,2.4813895781637716,1.6542597187758479,5.789909015715467,2.4813895781637716,0.8271298593879239,0,2.4813895781637716,2.4813895781637716,11.579818031430934,2.4813895781637716,0.8271298593879239,0,19.02398676592225,0.8271298593879239,0.8271298593879239,0.8271298593879239,7.444168734491315,0,0,0.8271298593879239,12.40694789081886,1.6542597187758479,3.3085194375516958,2.4813895781637716,2.4813895781637716,0.8271298593879239,0,1.6542597187758479,0.8271298593879239,6.6170388751033915,10.752688172043012,6.6170388751033915,0,4.1356492969396195,7.444168734491315,1.6542597187758479,0.8271298593879239,1.6542597187758479,4.1356492969396195,0.8271298593879239,2.4813895781637716,0,3.3085194375516958,0.8271298593879239,1.6542597187758479,2.4813895781637716,0.8271298593879239,0.8271298593879239,4.962779156327543,2.4813895781637716,5.789909015715467,8.271298593879239,4.962779156327543,4.1356492969396195,1.6542597187758479,0.8271298593879239,2.4813895781637716,0.8271298593879239,0,3.3085194375516958,4.962779156327543,0.8271298593879239,1.6542597187758479,0,0,0,0.8271298593879239,0,0,0,0.8271298593879239,0,0,0.8271298593879239,0.8271298593879239,0,1.6542597187758479,1.6542597187758479,0,0,0.8271298593879239,0,0,0,0,0,0,5.789909015715467,0,0,2.4813895781637716,0,0.8271298593879239,0.8271298593879239,0,0.8271298593879239,0,0,0.8271298593879239,0,3.3085194375516958,0,0,0,0.8271298593879239,0,0.8271298593879239,0,0.8271298593879239,0.8271298593879239,2.4813895781637716,0,0,2.4813895781637716,0,0,0,0,0.8271298593879239,0,2.4813895781637716,1.6542597187758479,0.8271298593879239,0,0,0.8271298593879239,3.3085194375516958,4.1356492969396195,5.789909015715467,0.8271298593879239,0,4.1356492969396195,4.1356492969396195,0.8271298593879239,0.8271298593879239,1.6542597187758479,0,0.8271298593879239,4.962779156327543,3.3085194375516958,2.4813895781637716,0,0,0,0,1.6542597187758479,2.4813895781637716,0.8271298593879239,1.6542597187758479,0.8271298593879239,0.8271298593879239,0,0,0,0,0.8271298593879239,0,0,0,0.8271298593879239,7.444168734491315,1.6542597187758479,0.8271298593879239,0,0.8271298593879239,0,0,2.4813895781637716,0,0,0.8271298593879239,0,0.8271298593879239,0.8271298593879239,0,6.6170388751033915,0.8271298593879239,3.3085194375516958,0.8271298593879239,0.8271298593879239,0,0,0,0,0,0.8271298593879239,0.8271298593879239,0,0,0.8271298593879239,1.6542597187758479,0.8271298593879239,1.6542597187758479,0,0.8271298593879239,0,0,0,0.8271298593879239,0,0,0.8271298593879239,1.6542597187758479,0,2.4813895781637716,0.8271298593879239,0,0,0,0,0,0,0,2.4813895781637716,2.4813895781637716,0.8271298593879239,0,0.8271298593879239,0,0,0,0.8271298593879239,0.8271298593879239,0,0,0,0.8271298593879239,0,0,0,0,0.8271298593879239,0,0.8271298593879239,0,0,0,0,0,0,0.8271298593879239,0,0,0.8271298593879239,0,0,0.8271298593879239,0,2.4813895781637716,0,0.8271298593879239,0.8271298593879239,0.8271298593879239,0.8271298593879239,0,1.6542597187758479,1.6542597187758479,1.6542597187758479,2.4813895781637716,0.8271298593879239,0.8271298593879239,0.8271298593879239,0,0,0,0,0,0,0,0,0,4.1356492969396195,0,0,parvus
parvus_itogi_i_perspektivy_I.txt,8.442380751371887,0,0.8442380751371886,0.8442380751371886,2.110595187842972,0.4221190375685943,0.4221190375685943,5.90966652596032,24.482904178978472,2.110595187842972,8.020261713803293,2.110595187842972,0.8442380751371886,0,2.110595187842972,0,0,0.4221190375685943,2.110595187842972,0,0.8442380751371886,1.2663571127057829,2.95483326298016,4.221190375685944,7.176023638666104,31.236808780075982,2.5327142254115658,3.3769523005487545,4.221190375685944,0.8442380751371886,0.8442380751371886,1.2663571127057829,0,3.3769523005487545,16.884761502743775,0.8442380751371886,2.5327142254115658,2.110595187842972,19.41747572815534,0.4221190375685943,0,1.6884761502743773,11.81933305192064,1.2663571127057829,0,3.3769523005487545,2.5327142254115658,0.8442380751371886,0,1.2663571127057829,4.6433094132545385,2.110595187842972,0.8442380751371886,0,0.4221190375685943,1.6884761502743773,6.331785563528915,0.8442380751371886,0,5.487547488391726,15.618404390037991,1.6884761502743773,1.2663571127057829,0.4221190375685943,1.2663571127057829,1.6884761502743773,2.110595187842972,0,1.6884761502743773,0.8442380751371886,0.8442380751371886,2.110595187842972,2.110595187842972,2.110595187842972,5.0654284508231315,1.2663571127057829,2.95483326298016,6.753904601097509,3.3769523005487545,5.487547488391726,1.6884761502743773,1.6884761502743773,2.5327142254115658,8.020261713803293,1.6884761502743773,0.4221190375685943,3.3769523005487545,0.8442380751371886,0,0,0.4221190375685943,0,0.8442380751371886,0.8442380751371886,0,0,0.4221190375685943,2.95483326298016,1.2663571127057829,0.8442380751371886,0.4221190375685943,1.6884761502743773,0.8442380751371886,0.4221190375685943,0.4221190375685943,3.799071338117349,0,3.3769523005487545,0,0.4221190375685943,0.4221190375685943,0,0,1.2663571127057829,1.6884761502743773,0,10.975094976783453,0.4221190375685943,0.4221190375685943,0.8442380751371886,0.4221190375685943,0,0,0.4221190375685943,0,0.4221190375685943,0,0.4221190375685943,1.6884761502743773,0.4221190375685943,0,0,0,0,0,0.4221190375685943,0.4221190375685943,0,0,0.4221190375685943,0,0,1.6884761502743773,0,0.8442380751371886,0.8442380751371886,7.176023638666104,5.0654284508231315,2.95483326298016,0,0.8442380751371886,0.8442380751371886,2.95483326298016,2.110595187842972,2.5327142254115658,3.799071338117349,0,0.8442380751371886,0.4221190375685943,1.6884761502743773,0.4221190375685943,5.487547488391726,0.4221190375685943,2.5327142254115658,2.5327142254115658,0.8442380751371886,2.5327142254115658,2.95483326298016,1.2663571127057829,0,0.4221190375685943,2.110595187842972,0.8442380751371886,0,0.8442380751371886,3.3769523005487545,0.4221190375685943,0,0,0,0,1.2663571127057829,0,0.8442380751371886,0,0,5.487547488391726,0,0,0.4221190375685943,0,0,0.4221190375685943,1.2663571127057829,2.110595187842972,0,0.8442380751371886,0.4221190375685943,0.4221190375685943,0.4221190375685943,0,4.221190375685944,2.110595187842972,0.8442380751371886,3.3769523005487545,0.4221190375685943,0,0.4221190375685943,0,0.4221190375685943,0,0.4221190375685943,0.4221190375685943,0.8442380751371886,0,2.110595187842972,7.176023638666104,0,3.3769523005487545,0.8442380751371886,0.4221190375685943,0.8442380751371886,0,0,1.2663571127057829,1.2663571127057829,0.8442380751371886,0.8442380751371886,1.2663571127057829,0.4221190375685943,0.8442380751371886,0.8442380751371886,0,0.4221190375685943,0,0.8442380751371886,0,0,3.799071338117349,2.110595187842972,1.2663571127057829,0,2.110595187842972,0.8442380751371886,0,0,0,1.2663571127057829,1.6884761502743773,0,0.8442380751371886,1.6884761502743773,0,0.8442380751371886,0.8442380751371886,1.2663571127057829,0.4221190375685943,0,1.6884761502743773,0.4221190375685943,0,0,0.4221190375685943,0,0,0,0,0,0.4221190375685943,0.4221190375685943,0,0,0.8442380751371886,0,0,0,0.8442380751371886,0,0.8442380751371886,2.110595187842972,0,2.5327142254115658,0.4221190375685943,0,0,0.8442380751371886,0,0.4221190375685943,0,0,0,0,0,0,0,0,1.2663571127057829,2.110595187842972,0,0,parvus
parvus_ministerstvo_Briana_France.txt,6.240249609984399,0.7800312012480499,1.5600624024960998,1.5600624024960998,0,2.3400936037441498,0,5.46021840873635,41.34165366614664,3.1201248049921997,1.5600624024960998,0,0,0.7800312012480499,1.5600624024960998,0,0,3.9001560062402496,0,1.5600624024960998,4.6801872074882995,0,2.3400936037441498,5.46021840873635,6.240249609984399,32.7613104524181,0.7800312012480499,4.6801872074882995,7.02028081123245,0.7800312012480499,0,0,2.3400936037441498,0.7800312012480499,8.580343213728549,0,0,0,20.2808112324493,0,3.1201248049921997,0.7800312012480499,9.360374414976599,0,0,3.1201248049921997,0.7800312012480499,1.5600624024960998,0.7800312012480499,2.3400936037441498,0.7800312012480499,2.3400936037441498,0,0,1.5600624024960998,0.7800312012480499,0,3.1201248049921997,0.7800312012480499,7.02028081123245,11.700468018720748,0.7800312012480499,1.5600624024960998,0,1.5600624024960998,0,0.7800312012480499,0,0,3.9001560062402496,1.5600624024960998,0.7800312012480499,4.6801872074882995,0.7800312012480499,2.3400936037441498,3.1201248049921997,3.1201248049921997,10.14040561622465,7.02028081123245,4.6801872074882995,0.7800312012480499,4.6801872074882995,1.5600624024960998,0.7800312012480499,1.5600624024960998,1.5600624024960998,9.360374414976599,0.7800312012480499,0,0.7800312012480499,0.7800312012480499,0,2.3400936037441498,0,0,0,0,0.7800312012480499,0.7800312012480499,0.7800312012480499,0,0,0.7800312012480499,0,0,0.7800312012480499,0,3.9001560062402496,0,0,0,0,0,0.7800312012480499,0,0,8.580343213728549,0,0,0,0,0,0,2.3400936037441498,0,0,0.7800312012480499,0,0,0,0,0,0.7800312012480499,0,0.7800312012480499,0.7800312012480499,1.5600624024960998,0,0,0,0,0.7800312012480499,2.3400936037441498,0,0,0,3.9001560062402496,2.3400936037441498,0,0,1.5600624024960998,0.7800312012480499,0.7800312012480499,1.5600624024960998,0.7800312012480499,0,0,1.5600624024960998,6.240249609984399,0.7800312012480499,0.7800312012480499,6.240249609984399,1.5600624024960998,0.7800312012480499,3.1201248049921997,0,0,0,0,0,0,0.7800312012480499,0,0.7800312012480499,0.7800312012480499,0.7800312012480499,0.7800312012480499,0,0,0,0.7800312012480499,0,0,1.5600624024960998,0,0.7800312012480499,6.240249609984399,0,3.1201248049921997,0.7800312012480499,0.7800312012480499,0,0,2.3400936037441498,0,0,1.5600624024960998,0,0.7800312012480499,0,0,0,3.1201248049921997,0,1.5600624024960998,1.5600624024960998,0,0.7800312012480499,0,0.7800312012480499,1.5600624024960998,0,0,0.7800312012480499,0.7800312012480499,0.7800312012480499,4.6801872074882995,0.7800312012480499,0,1.5600624024960998,0.7800312012480499,2.3400936037441498,0,0,1.5600624024960998,0.7800312012480499,0.7800312012480499,0.7800312012480499,3.1201248049921997,0.7800312012480499,0.7800312012480499,0.7800312012480499,0,0.7800312012480499,0,2.3400936037441498,0,1.5600624024960998,0.7800312012480499,0,1.5600624024960998,1.5600624024960998,3.1201248049921997,0,0.7800312012480499,0.7800312012480499,0,0.7800312012480499,0,0,0,0.7800312012480499,0,0.7800312012480499,0,0,0.7800312012480499,0,0,0,0,0,0.7800312012480499,0,0,0,0.7800312012480499,0,0.7800312012480499,0.7800312012480499,0.7800312012480499,0.7800312012480499,0,0.7800312012480499,0.7800312012480499,0,1.5600624024960998,0,0,0,0,1.5600624024960998,0,0.7800312012480499,8.580343213728549,0,1.5600624024960998,0,0,0,0,0.7800312012480499,0,0,0,0,0,0,0.7800312012480499,0,parvus
parvus_nashi_zadachi.txt,4.671078240560529,0.38925652004671074,0.38925652004671074,1.946282600233554,1.946282600233554,1.1677695601401323,0.38925652004671074,0.7785130400934215,38.14713896457766,3.503308680420397,4.671078240560529,1.557026080186843,0.38925652004671074,3.114052160373686,0.7785130400934215,0,1.946282600233554,3.114052160373686,0.7785130400934215,0.7785130400934215,5.838847800700662,0.38925652004671074,1.1677695601401323,3.114052160373686,3.503308680420397,40.87193460490463,1.1677695601401323,3.503308680420397,2.3355391202802647,1.1677695601401323,1.946282600233554,1.946282600233554,0.7785130400934215,4.671078240560529,9.73141300116777,1.557026080186843,0.7785130400934215,0.7785130400934215,12.456208641494744,0,0.38925652004671074,0.38925652004671074,7.785130400934216,0.38925652004671074,0,1.557026080186843,1.557026080186843,5.06033476060724,1.946282600233554,0.7785130400934215,1.946282600233554,1.1677695601401323,0.7785130400934215,1.1677695601401323,1.1677695601401323,0.7785130400934215,1.1677695601401323,3.503308680420397,0,3.892565200467108,9.342156481121059,0,1.1677695601401323,1.1677695601401323,1.1677695601401323,0.7785130400934215,0.38925652004671074,0.38925652004671074,5.06033476060724,1.946282600233554,0.38925652004671074,0,1.557026080186843,1.946282600233554,3.114052160373686,0.38925652004671074,3.114052160373686,4.281821720513818,1.557026080186843,3.503308680420397,0.7785130400934215,3.503308680420397,5.449591280653951,3.114052160373686,0.38925652004671074,0.7785130400934215,4.281821720513818,0,1.1677695601401323,0,1.1677695601401323,0,0.7785130400934215,1.1677695601401323,0,0.7785130400934215,0.38925652004671074,0,0,4.281821720513818,1.557026080186843,0.38925652004671074,0.38925652004671074,0.7785130400934215,0.7785130400934215,0,0.38925652004671074,0.38925652004671074,0.38925652004671074,0.38925652004671074,0,0,0,2.3355391202802647,0,0.38925652004671074,10.12066952121448,0,1.1677695601401323,1.1677695601401323,0,0,0,0.38925652004671074,0,0,2.7247956403269753,0,0,0.38925652004671074,0,0,0,1.1677695601401323,2.7247956403269753,0,0.7785130400934215,0,1.1677695601401323,0.38925652004671074,0,0,0.38925652004671074,0,0.38925652004671074,0,5.838847800700662,1.557026080186843,0.7785130400934215,0.7785130400934215,1.557026080186843,0.7785130400934215,1.1677695601401323,1.1677695601401323,5.06033476060724,2.3355391202802647,0,4.281821720513818,7.785130400934216,2.7247956403269753,0.7785130400934215,0.38925652004671074,1.557026080186843,0,8.174386920980925,1.1677695601401323,1.1677695601401323,9.342156481121059,0.38925652004671074,0.7785130400934215,0.7785130400934215,3.114052160373686,0.7785130400934215,0.38925652004671074,1.557026080186843,1.1677695601401323,0.38925652004671074,0,0.38925652004671074,0,0,1.1677695601401323,0,0.38925652004671074,0,0.38925652004671074,4.281821720513818,0.38925652004671074,0.7785130400934215,1.557026080186843,0.38925652004671074,0,0.38925652004671074,1.557026080186843,1.1677695601401323,0.38925652004671074,0.38925652004671074,0.7785130400934215,0,0.38925652004671074,0,1.1677695601401323,1.557026080186843,2.3355391202802647,0,0,0.7785130400934215,0,0,0,0.38925652004671074,0.7785130400934215,0.7785130400934215,0.38925652004671074,0,0,0.38925652004671074,1.1677695601401323,0.38925652004671074,0,0.38925652004671074,1.557026080186843,0.38925652004671074,0,0.38925652004671074,0,0.7785130400934215,0,1.1677695601401323,0,1.1677695601401323,0,0,0,0,1.1677695601401323,0.38925652004671074,0.38925652004671074,1.1677695601401323,0.38925652004671074,0.38925652004671074,0,2.3355391202802647,0.7785130400934215,0,0,0,1.946282600233554,0.38925652004671074,0,0.38925652004671074,0.38925652004671074,1.1677695601401323,0,0.38925652004671074,0.38925652004671074,0.38925652004671074,1.1677695601401323,0,1.557026080186843,0,0,0.38925652004671074,0,0,0,0.38925652004671074,0.7785130400934215,0,0.38925652004671074,0,0,0,0,1.1677695601401323,0.7785130400934215,0,0.38925652004671074,0.7785130400934215,0,0,0.38925652004671074,0.7785130400934215,1.946282600233554,3.114052160373686,1.1677695601401323,0,0.7785130400934215,0,0,0,0,0,0,0,0.38925652004671074,0.7785130400934215,5.06033476060724,0,0,parvus
parvus_onp1_o_i_socrev_razvitie.txt,1.563721657544957,0.7818608287724785,0.39093041438623927,2.3455824863174355,1.563721657544957,0.7818608287724785,0.7818608287724785,1.1727912431587177,31.27443315089914,2.7365129007036746,5.473025801407349,1.1727912431587177,0,1.1727912431587177,0.39093041438623927,0,0,3.5183737294761532,1.1727912431587177,0.39093041438623927,4.691164972634871,0.7818608287724785,2.3455824863174355,4.300234558248631,4.300234558248631,39.09304143862392,3.9093041438623923,2.3455824863174355,5.863956215793589,3.127443315089914,0.7818608287724785,1.1727912431587177,1.1727912431587177,2.7365129007036746,16.810007818608288,0,0,0,17.200938232994524,0.39093041438623927,0,0.39093041438623927,5.473025801407349,0,0,3.127443315089914,2.3455824863174355,5.473025801407349,2.7365129007036746,0.39093041438623927,2.3455824863174355,1.563721657544957,1.563721657544957,0,0.39093041438623927,1.1727912431587177,0.39093041438623927,1.563721657544957,0,2.7365129007036746,11.727912431587178,0,0.39093041438623927,1.1727912431587177,0.7818608287724785,0.39093041438623927,0,0.39093041438623927,7.0367474589523065,3.5183737294761532,0,3.9093041438623923,2.3455824863174355,1.563721657544957,3.9093041438623923,1.563721657544957,4.300234558248631,7.4276778733385465,1.9546520719311962,5.08209538702111,1.1727912431587177,1.9546520719311962,1.563721657544957,1.563721657544957,0.7818608287724785,0,3.127443315089914,0.7818608287724785,1.1727912431587177,0,0.7818608287724785,1.1727912431587177,1.9546520719311962,0.39093041438623927,1.9546520719311962,1.1727912431587177,0.7818608287724785,0.7818608287724785,1.9546520719311962,3.5183737294761532,1.563721657544957,0.39093041438623927,0.39093041438623927,0,0.7818608287724785,0,0.39093041438623927,2.3455824863174355,0,1.1727912431587177,1.1727912431587177,0.7818608287724785,0,2.7365129007036746,0,0,7.4276778733385465,0.39093041438623927,0.7818608287724785,0,0,0.39093041438623927,1.1727912431587177,0.7818608287724785,0,0,0.7818608287724785,1.563721657544957,0,1.1727912431587177,0.39093041438623927,0,0.39093041438623927,0.39093041438623927,0.39093041438623927,0.39093041438623927,0.39093041438623927,0,1.1727912431587177,2.7365129007036746,0,0.39093041438623927,1.9546520719311962,0,0.39093041438623927,0.7818608287724785,1.563721657544957,1.1727912431587177,0.7818608287724785,0.7818608287724785,0,0,1.1727912431587177,1.563721657544957,1.1727912431587177,0.39093041438623927,0,0.7818608287724785,5.473025801407349,0.39093041438623927,0.7818608287724785,0,0,2.3455824863174355,0.39093041438623927,0,1.563721657544957,0.7818608287724785,0.39093041438623927,0,0.39093041438623927,0.7818608287724785,1.1727912431587177,0.39093041438623927,0.39093041438623927,2.7365129007036746,0,0.39093041438623927,0.39093041438623927,0,0.39093041438623927,1.1727912431587177,0,1.1727912431587177,0.39093041438623927,0.39093041438623927,3.9093041438623923,0.7818608287724785,0,0.39093041438623927,0.7818608287724785,0,0,3.127443315089914,0.7818608287724785,0.39093041438623927,0.7818608287724785,0.7818608287724785,1.1727912431587177,0.39093041438623927,0.39093041438623927,1.563721657544957,0.7818608287724785,0,0,1.563721657544957,0,0,0,0.39093041438623927,0.39093041438623927,0.39093041438623927,0.39093041438623927,0.7818608287724785,0.39093041438623927,1.1727912431587177,0.39093041438623927,0.7818608287724785,0.39093041438623927,0.39093041438623927,0,0.39093041438623927,0,0,0,0,0,0,0,0,0.39093041438623927,0.39093041438623927,0,0.7818608287724785,0.39093041438623927,0.7818608287724785,0.7818608287724785,0.39093041438623927,1.9546520719311962,0.7818608287724785,1.9546520719311962,0.7818608287724785,0.7818608287724785,0.7818608287724785,0,0,0,0.7818608287724785,0,0.39093041438623927,0.7818608287724785,0.7818608287724785,0,1.1727912431587177,0.7818608287724785,1.1727912431587177,0.7818608287724785,0,0.39093041438623927,0.7818608287724785,0.39093041438623927,0,0.7818608287724785,0,0.39093041438623927,0.39093041438623927,0.7818608287724785,0.39093041438623927,0.39093041438623927,0,1.1727912431587177,0,0.7818608287724785,0.39093041438623927,0,0,0,0,0,0.39093041438623927,0,0,0.39093041438623927,2.7365129007036746,0.39093041438623927,0.39093041438623927,1.1727912431587177,0,0.39093041438623927,0,0,0.39093041438623927,1.9546520719311962,0,0,0,0.7818608287724785,0,0,0,parvus
parvus_pismo_tverskomu_komitetu_I.txt,8.928571428571429,0.42517006802721086,1.2755102040816326,1.2755102040816326,0.42517006802721086,1.2755102040816326,0.42517006802721086,0.8503401360544217,31.462585034013607,0.8503401360544217,2.5510204081632653,0.8503401360544217,0.42517006802721086,1.2755102040816326,1.7006802721088434,0.42517006802721086,0.8503401360544217,0.8503401360544217,2.976190476190476,0,0.8503401360544217,0,3.401360544217687,4.251700680272109,2.1258503401360547,32.73809523809524,2.1258503401360547,2.976190476190476,4.251700680272109,1.2755102040816326,1.2755102040816326,0.42517006802721086,1.7006802721088434,0.8503401360544217,12.755102040816327,0.42517006802721086,0,0,13.605442176870747,0.8503401360544217,0.8503401360544217,2.5510204081632653,7.227891156462586,0,0.42517006802721086,5.952380952380952,0.8503401360544217,4.251700680272109,15.306122448979592,2.976190476190476,5.5272108843537415,1.2755102040816326,1.2755102040816326,1.2755102040816326,0.42517006802721086,1.2755102040816326,0,4.251700680272109,1.7006802721088434,2.1258503401360547,11.479591836734695,0,1.7006802721088434,1.2755102040816326,2.1258503401360547,0.8503401360544217,0.42517006802721086,0,6.802721088435374,2.5510204081632653,0,3.401360544217687,0,1.7006802721088434,5.952380952380952,0.8503401360544217,2.5510204081632653,7.653061224489796,2.976190476190476,7.227891156462586,0.42517006802721086,2.5510204081632653,2.1258503401360547,4.6768707482993195,1.7006802721088434,1.7006802721088434,2.976190476190476,0.8503401360544217,1.2755102040816326,0,0.42517006802721086,1.2755102040816326,0.42517006802721086,0.42517006802721086,0,0,0,0,0,3.401360544217687,2.5510204081632653,1.2755102040816326,0.42517006802721086,1.7006802721088434,1.2755102040816326,4.6768707482993195,1.7006802721088434,3.826530612244898,0.8503401360544217,2.1258503401360547,0.42517006802721086,0.8503401360544217,0.42517006802721086,5.5272108843537415,0,1.2755102040816326,6.802721088435374,0.42517006802721086,0.42517006802721086,0.8503401360544217,0,0.42517006802721086,0.42517006802721086,0.42517006802721086,0,0.42517006802721086,0.42517006802721086,0,0.42517006802721086,0.8503401360544217,0.42517006802721086,0.42517006802721086,0,0.8503401360544217,0.42517006802721086,0,0,0,0,2.1258503401360547,0,0.8503401360544217,0.42517006802721086,0.42517006802721086,0,0,5.952380952380952,2.1258503401360547,5.1020408163265305,0.42517006802721086,0.42517006802721086,0.42517006802721086,2.5510204081632653,0.8503401360544217,2.5510204081632653,3.826530612244898,0,0.8503401360544217,2.1258503401360547,2.5510204081632653,0,0,0.42517006802721086,1.2755102040816326,1.2755102040816326,0.8503401360544217,0.8503401360544217,2.976190476190476,0,0.8503401360544217,0,3.826530612244898,2.976190476190476,0.8503401360544217,0.42517006802721086,2.5510204081632653,0.42517006802721086,0,0,0,0,0,6.802721088435374,0.42517006802721086,1.2755102040816326,0,3.401360544217687,1.7006802721088434,0.42517006802721086,0.8503401360544217,0.42517006802721086,0.42517006802721086,0,1.7006802721088434,0.42517006802721086,0.8503401360544217,0.8503401360544217,0,0.8503401360544217,0,0,3.826530612244898,0,0.8503401360544217,0,0,0.42517006802721086,0,0,0.8503401360544217,0.42517006802721086,1.2755102040816326,0,0.42517006802721086,0,1.2755102040816326,0.42517006802721086,0.8503401360544217,0.8503401360544217,0,0.8503401360544217,1.2755102040816326,0,0,0,0,1.2755102040816326,0,0.8503401360544217,0,0.8503401360544217,0,0.42517006802721086,1.2755102040816326,0,0.8503401360544217,0,0,0.42517006802721086,0,1.2755102040816326,0,1.7006802721088434,0.42517006802721086,0.8503401360544217,1.2755102040816326,0.8503401360544217,2.1258503401360547,2.1258503401360547,0.42517006802721086,0,0.42517006802721086,0.8503401360544217,0.8503401360544217,2.976190476190476,0.8503401360544217,0.8503401360544217,1.2755102040816326,0,1.7006802721088434,0,0,0,5.952380952380952,2.1258503401360547,0,1.2755102040816326,2.5510204081632653,0,0.42517006802721086,0,0,0,0.42517006802721086,0.42517006802721086,0,2.5510204081632653,0.8503401360544217,0.42517006802721086,1.2755102040816326,0.8503401360544217,1.2755102040816326,0.42517006802721086,1.7006802721088434,1.2755102040816326,0,0,0,0,0.42517006802721086,0,0,1.7006802721088434,0.42517006802721086,0,0,0,2.1258503401360547,0,0,parvus
parvus_poTurmam.txt,4.086015091413403,0.8947478302365117,1.0140475409347132,0.3877240597691551,0.17894956604730233,0.20877449372185272,0.2982492767455039,6.82990843747204,30.928449998508754,2.8035432014077366,5.457961764442721,0.32807420442005425,0.6859733365146589,0.8947478302365117,1.2824718900056666,0.14912463837275194,0.02982492767455039,4.533389006531659,2.624593635360434,0.2385994213964031,3.847415670017,0.9543976855856124,2.8035432014077366,4.801813355602612,3.0123176951295894,31.19687434757971,5.935160607235527,3.1912672611768915,9.633451638879775,3.1614423335023414,2.057920009543977,1.461421456052969,1.7894956604730234,7.873780906081302,13.68964180261863,0.7754481195383102,0.2684243490709535,0.17894956604730233,16.821259208446417,0.7456231918637597,0.4771988427928062,1.222822034656566,8.052730472128605,1.2526469623311163,0.44737391511825586,4.682513644904411,0.9245727579110621,3.996540308389752,0.05964985534910078,0.9245727579110621,5.6965611858391245,0.11929971069820156,1.1035223239583645,0.35789913209460467,0.8649229025619614,0.2982492767455039,0.8052730472128605,2.7140684183840853,0.17894956604730233,0.5964985534910078,8.828178591666916,0.4771988427928062,1.0140475409347132,0.7754481195383102,0.11929971069820156,1.3421217453547674,0.9842226132601628,0.44737391511825586,0.11929971069820156,4.950937993975365,0.41754898744370544,1.1333472516329148,2.057920009543977,1.9386202988457752,3.4000417548987447,3.9070655253661006,2.8631930567568373,12.496644695636613,3.6386411762951476,8.977303230039666,0.9245727579110621,0.6561484088401085,0.32807420442005425,5.726386113513675,3.578991320946047,1.998270154194876,2.2666945032658297,0.44737391511825586,0.5070237704673566,0.08947478302365117,1.0438724686092635,0.2982492767455039,1.3421217453547674,0.3877240597691551,0.2684243490709535,0.3877240597691551,0.2684243490709535,0.3877240597691551,0.32807420442005425,0.05964985534910078,0,0.2982492767455039,0.3877240597691551,0.8947478302365117,0.6561484088401085,1.0140475409347132,0.35789913209460467,3.5491663932714963,0.6561484088401085,0.9543976855856124,2.2368695755912795,0.14912463837275194,0.5070237704673566,2.4754689969876824,0.6263234811655581,0.2982492767455039,5.845685824211876,0.7157982641892093,0.08947478302365117,0.02982492767455039,0.9842226132601628,0.536848698141907,0.8649229025619614,0.14912463837275194,0.9543976855856124,0.5070237704673566,1.222822034656566,0.6263234811655581,0.7157982641892093,1.610546094425721,0.7157982641892093,0.5070237704673566,0.8052730472128605,0.5964985534910078,2.3263443586149304,0.9543976855856124,3.1912672611768915,0.32807420442005425,0.2982492767455039,1.7894956604730234,0.9245727579110621,1.1333472516329148,2.893017984431388,0.3877240597691551,0.02982492767455039,0.35789913209460467,1.8789704434966745,3.8175907423424498,0,0.5964985534910078,1.5807211667511707,1.0140475409347132,0.17894956604730233,0.20877449372185272,0.3877240597691551,0.11929971069820156,0.14912463837275194,0,0.02982492767455039,0.5666736258164574,0.35789913209460467,0.20877449372185272,0.2684243490709535,1.461421456052969,0.2982492767455039,0.05964985534910078,0.05964985534910078,0.35789913209460467,0.11929971069820156,0.17894956604730233,0.02982492767455039,1.461421456052969,0.9543976855856124,0.5070237704673566,1.998270154194876,1.759670732798473,0.2684243490709535,0.2684243490709535,0.2684243490709535,0.08947478302365117,0.32807420442005425,0.5666736258164574,0,1.073697396283814,0.41754898744370544,0.2385994213964031,6.472009305377434,0.9842226132601628,1.2526469623311163,0.5070237704673566,0.5964985534910078,0.2684243490709535,0.9543976855856124,1.6403710221002714,1.2526469623311163,0.6561484088401085,1.073697396283814,0.3877240597691551,1.4017716007038683,0.2684243490709535,0.05964985534910078,1.7000208774493724,3.221092188851442,0.2385994213964031,1.0140475409347132,1.0140475409347132,0.6263234811655581,0.08947478302365117,0.9842226132601628,0,0.08947478302365117,0.2684243490709535,0.6859733365146589,0.32807420442005425,0.7157982641892093,2.177219720242179,0.2982492767455039,0.2982492767455039,0.5964985534910078,2.0280950818694263,1.5210713114020697,1.312296817680217,0.536848698141907,0.08947478302365117,0.32807420442005425,0.7456231918637597,0.2385994213964031,0.20877449372185272,0.7456231918637597,0.3877240597691551,0.20877449372185272,0.5070237704673566,0.14912463837275194,0.14912463837275194,0.11929971069820156,1.0140475409347132,0.2982492767455039,0.05964985534910078,0.08947478302365117,0.32807420442005425,1.610546094425721,0.3877240597691551,2.147394792567628,0.14912463837275194,0.5666736258164574,0.11929971069820156,0.02982492767455039,0.9543976855856124,0.32807420442005425,0.3877240597691551,1.5210713114020697,0.20877449372185272,0.05964985534910078,0.8350979748874109,0.05964985534910078,0.20877449372185272,0.8052730472128605,0.35789913209460467,0.6561484088401085,0.7754481195383102,0.02982492767455039,0.05964985534910078,0.3877240597691551,0,0,0.02982492767455039,0.2385994213964031,1.073697396283814,0.20877449372185272,0.14912463837275194,0.536848698141907,0.2982492767455039,0.4771988427928062,0.8947478302365117,0.41754898744370544,0.2385994213964031,0.20877449372185272,0.4771988427928062,0.32807420442005425,0.8052730472128605,1.8193205881475738,0.14912463837275194,0.5070237704673566,0.08947478302365117,0.02982492767455039,0.8649229025619614,0.6263234811655581,1.3421217453547674,7.486056846312148,6.561484088401086,0,0.44737391511825586,21.294998359628977,0.14912463837275194,0,0.05964985534910078,0.6561484088401085,0.14912463837275194,0,0,parvus
parvus_rus_and_rev_predislovie.txt,2.4752475247524752,2.4752475247524752,0,0,0,0,0,2.4752475247524752,42.07920792079208,2.4752475247524752,2.4752475247524752,0,0,0,7.425742574257425,0,0,4.9504950495049505,0,0,7.425742574257425,0,0,0,2.4752475247524752,29.7029702970297,7.425742574257425,0,4.9504950495049505,7.425742574257425,0,0,0,2.4752475247524752,14.85148514851485,0,0,0,17.32673267326733,0,0,0,4.9504950495049505,0,0,0,0,7.425742574257425,0,0,4.9504950495049505,0,0,2.4752475247524752,0,0,0,2.4752475247524752,0,0,4.9504950495049505,0,0,0,0,0,0,0,0,2.4752475247524752,2.4752475247524752,0,0,2.4752475247524752,7.425742574257425,0,4.9504950495049505,2.4752475247524752,0,0,2.4752475247524752,0,0,0,2.4752475247524752,0,0,0,0,0,2.4752475247524752,0,0,0,2.4752475247524752,0,2.4752475247524752,0,0,0,0,0,0,0,0,7.425742574257425,0,2.4752475247524752,0,0,2.4752475247524752,0,0,0,0,0,12.376237623762377,0,0,0,2.4752475247524752,0,0,0,0,0,0,0,0,0,0,0,2.4752475247524752,0,0,0,0,0,0,0,0,0,4.9504950495049505,0,0,0,0,0,0,0,0,0,4.9504950495049505,0,0,2.4752475247524752,0,0,0,0,0,0,0,0,0,0,0,7.425742574257425,0,0,0,0,0,0,0,0,0,0,0,0,0,0,0,4.9504950495049505,0,0,2.4752475247524752,0,0,4.9504950495049505,2.4752475247524752,0,0,2.4752475247524752,0,0,2.4752475247524752,0,0,2.4752475247524752,0,2.4752475247524752,2.4752475247524752,0,0,0,0,0,0,0,2.4752475247524752,0,0,0,2.4752475247524752,4.9504950495049505,0,0,2.4752475247524752,0,2.4752475247524752,2.4752475247524752,0,0,2.4752475247524752,0,0,0,2.4752475247524752,0,0,0,0,0,0,0,2.4752475247524752,2.4752475247524752,2.4752475247524752,0,2.4752475247524752,0,0,0,0,0,0,2.4752475247524752,0,0,0,0,0,0,0,2.4752475247524752,0,0,2.4752475247524752,0,0,0,0,0,0,0,0,0,0,0,0,0,2.4752475247524752,0,0,0,0,2.4752475247524752,0,2.4752475247524752,0,0,0,0,0,2.4752475247524752,0,0,0,2.4752475247524752,0,0,7.425742574257425,0,0,0,2.4752475247524752,0,0,0,parvus
parvus_samoderzh_i_fin_I.txt,14.9812734082397,1.2484394506866416,3.745318352059925,0,0.6242197253433208,0,0,6.242197253433208,32.45942571785269,2.4968789013732833,4.369538077403246,0,0,0.6242197253433208,2.4968789013732833,0,0,0.6242197253433208,3.745318352059925,1.2484394506866416,2.4968789013732833,0.6242197253433208,3.745318352059925,8.739076154806492,3.745318352059925,21.847690387016232,7.49063670411985,0.6242197253433208,8.114856429463172,1.8726591760299625,0,0,1.8726591760299625,0,21.847690387016232,0,0,1.2484394506866416,13.732833957553058,0.6242197253433208,0,1.2484394506866416,6.242197253433208,0,0,4.369538077403246,1.8726591760299625,9.363295880149813,0,3.745318352059925,8.739076154806492,0,1.8726591760299625,1.8726591760299625,1.2484394506866416,1.8726591760299625,2.4968789013732833,0,0,0,9.987515605493133,0,0,0,0.6242197253433208,0.6242197253433208,0,1.2484394506866416,0,5.617977528089887,0,4.369538077403246,1.8726591760299625,1.8726591760299625,4.9937578027465666,1.2484394506866416,4.9937578027465666,11.235955056179774,3.121098626716604,3.745318352059925,1.2484394506866416,3.121098626716604,0,1.8726591760299625,3.745318352059925,0.6242197253433208,0.6242197253433208,1.8726591760299625,0,0,0,0,1.8726591760299625,0,8.114856429463172,3.121098626716604,0.6242197253433208,0,0,0,0,0,0,0,0.6242197253433208,0,0,3.745318352059925,0,0,0,0,0,1.8726591760299625,0,0.6242197253433208,5.617977528089887,0.6242197253433208,0,0,0.6242197253433208,0,0,2.4968789013732833,0,0,3.745318352059925,1.2484394506866416,0,0,0,0,0.6242197253433208,0.6242197253433208,0,0,1.2484394506866416,0,0,1.2484394506866416,0.6242197253433208,0,2.4968789013732833,0.6242197253433208,0.6242197253433208,0,1.2484394506866416,1.8726591760299625,0,0,0.6242197253433208,0.6242197253433208,0,0,0.6242197253433208,0,0,0,0,3.121098626716604,0,0,0,3.121098626716604,0,0,0,2.4968789013732833,0,0,0,0,0,0.6242197253433208,0,1.2484394506866416,0,0,0,0,0,0,0,0,0,0,8.739076154806492,0.6242197253433208,1.2484394506866416,0.6242197253433208,0,0,0.6242197253433208,1.8726591760299625,0,0,0.6242197253433208,0,1.2484394506866416,0.6242197253433208,4.369538077403246,0.6242197253433208,0.6242197253433208,0,1.8726591760299625,1.2484394506866416,3.121098626716604,0,0,0,0,0.6242197253433208,0,0.6242197253433208,0,0.6242197253433208,0,0.6242197253433208,0.6242197253433208,0,0.6242197253433208,0,0,0,2.4968789013732833,0.6242197253433208,0,0,0,0,0,0,0,0,0,0,0,0,0,0,1.8726591760299625,0,0.6242197253433208,0.6242197253433208,0,1.8726591760299625,0,0,0,0,0,0,0,0.6242197253433208,0,0,0,0,1.2484394506866416,1.2484394506866416,0,0,0,0,0,0,0,0,0.6242197253433208,0,0.6242197253433208,0.6242197253433208,0,1.2484394506866416,0,0,0,1.2484394506866416,1.2484394506866416,0.6242197253433208,0,0,0,0,0,0,1.2484394506866416,0,0,0,0,0,0,0,0,0,1.2484394506866416,0,0,0,parvus
parvus_soldatskie_mitingy.txt,6.7114093959731544,0,6.7114093959731544,0,0,0,0,2.237136465324385,17.89709172259508,0,2.237136465324385,0,2.237136465324385,0,0,2.237136465324385,0,2.237136465324385,0,2.237136465324385,4.47427293064877,0,4.47427293064877,13.422818791946309,4.47427293064877,33.557046979865774,2.237136465324385,6.7114093959731544,11.185682326621924,4.47427293064877,6.7114093959731544,0,0,0,15.659955257270694,8.94854586129754,2.237136465324385,0,22.371364653243848,0,2.237136465324385,2.237136465324385,2.237136465324385,0,0,2.237136465324385,0,4.47427293064877,0,2.237136465324385,2.237136465324385,0,0,0,0,2.237136465324385,2.237136465324385,0,0,2.237136465324385,11.185682326621924,2.237136465324385,2.237136465324385,0,0,0,0,0,0,2.237136465324385,2.237136465324385,0,0,2.237136465324385,4.47427293064877,6.7114093959731544,0,4.47427293064877,17.89709172259508,4.47427293064877,0,0,0,2.237136465324385,2.237136465324385,2.237136465324385,0,0,2.237136465324385,0,0,0,2.237136465324385,0,0,0,0,0,0,0,0,0,0,2.237136465324385,0,0,0,0,2.237136465324385,0,0,0,0,4.47427293064877,0,0,2.237136465324385,0,0,0,0,0,2.237136465324385,0,0,2.237136465324385,0,0,0,0,0,0,4.47427293064877,0,2.237136465324385,0,0,0,0,0,0,0,2.237136465324385,0,0,0,0,2.237136465324385,0,0,0,2.237136465324385,2.237136465324385,2.237136465324385,2.237136465324385,0,4.47427293064877,0,0,0,0,8.94854586129754,2.237136465324385,0,0,0,0,2.237136465324385,0,0,2.237136465324385,2.237136465324385,0,0,2.237136465324385,2.237136465324385,0,0,2.237136465324385,0,0,0,0,11.185682326621924,0,0,2.237136465324385,2.237136465324385,2.237136465324385,0,2.237136465324385,0,0,2.237136465324385,2.237136465324385,0,2.237136465324385,0,0,0,0,0,0,0,0,0,0,0,0,0,0,0,0,2.237136465324385,0,0,0,0,0,0,2.237136465324385,0,2.237136465324385,0,0,0,0,0,0,0,0,0,2.237136465324385,0,0,0,0,0,0,0,2.237136465324385,0,0,0,0,0,0,0,0,0,0,0,0,4.47427293064877,0,0,0,0,0,4.47427293064877,0,0,0,0,0,0,0,0,0,0,0,0,0,0,0,2.237136465324385,6.7114093959731544,0,0,0,0,0,0,0,0,0,0,0,0,0,0,0,0,0,0,0,2.237136465324385,0,0,0,parvus
parvus_tua_res_agitur_I.txt,0.573394495412844,1.146788990825688,0.573394495412844,1.146788990825688,1.146788990825688,0.573394495412844,0,2.86697247706422,32.11009174311927,1.146788990825688,1.7201834862385321,1.146788990825688,1.7201834862385321,2.86697247706422,0.573394495412844,0.573394495412844,0.573394495412844,1.7201834862385321,1.7201834862385321,0.573394495412844,2.86697247706422,1.7201834862385321,2.86697247706422,1.146788990825688,7.454128440366973,30.96330275229358,6.8807339449541285,3.4403669724770642,8.600917431192661,2.293577981651376,1.7201834862385321,0,2.86697247706422,2.293577981651376,9.174311926605505,0,0,0,16.055045871559635,0,0,0,11.46788990825688,0,0,5.73394495412844,1.146788990825688,2.293577981651376,1.146788990825688,1.146788990825688,3.4403669724770642,0.573394495412844,2.86697247706422,1.7201834862385321,1.7201834862385321,1.7201834862385321,1.7201834862385321,2.293577981651376,0,0.573394495412844,8.600917431192661,1.146788990825688,1.146788990825688,0.573394495412844,2.86697247706422,1.146788990825688,1.146788990825688,0.573394495412844,5.73394495412844,4.013761467889909,0.573394495412844,1.146788990825688,1.146788990825688,2.293577981651376,5.160550458715597,0.573394495412844,1.7201834862385321,13.761467889908257,2.86697247706422,6.8807339449541285,0.573394495412844,1.146788990825688,0.573394495412844,8.600917431192661,2.293577981651376,2.293577981651376,1.7201834862385321,1.7201834862385321,0,0,1.146788990825688,0.573394495412844,0.573394495412844,0,0.573394495412844,0,0,0,0.573394495412844,2.293577981651376,0,1.7201834862385321,1.146788990825688,1.146788990825688,0,0.573394495412844,0,3.4403669724770642,1.146788990825688,0.573394495412844,0.573394495412844,0,0.573394495412844,0,1.7201834862385321,0,5.160550458715597,0,0.573394495412844,0,1.146788990825688,0,1.7201834862385321,2.293577981651376,0,1.146788990825688,0,0,0.573394495412844,0,1.146788990825688,0,2.293577981651376,0.573394495412844,0.573394495412844,0.573394495412844,1.7201834862385321,0,0,2.293577981651376,0,0,6.8807339449541285,1.146788990825688,0,0,5.73394495412844,8.027522935779817,0,0,0.573394495412844,1.7201834862385321,2.293577981651376,0.573394495412844,1.7201834862385321,0.573394495412844,0,0.573394495412844,0.573394495412844,2.293577981651376,0.573394495412844,0.573394495412844,0,1.7201834862385321,0,1.146788990825688,0,1.146788990825688,1.146788990825688,0,0,3.4403669724770642,2.293577981651376,0.573394495412844,1.146788990825688,0.573394495412844,0,0,1.7201834862385321,0,0.573394495412844,0.573394495412844,0,0,0,0,4.013761467889909,0,1.146788990825688,0.573394495412844,1.146788990825688,0,0,2.86697247706422,3.4403669724770642,0.573394495412844,2.293577981651376,0.573394495412844,0.573394495412844,0,0,0,1.146788990825688,0.573394495412844,1.7201834862385321,1.146788990825688,0.573394495412844,0.573394495412844,2.86697247706422,0,1.146788990825688,0,0,0,0,2.86697247706422,0.573394495412844,0,0,0,0,0,0,0,0,0,0.573394495412844,0,0.573394495412844,1.7201834862385321,0.573394495412844,1.146788990825688,0,0,1.146788990825688,0,0.573394495412844,1.146788990825688,0,0,4.013761467889909,1.7201834862385321,0.573394495412844,0,0,0.573394495412844,0,1.146788990825688,1.146788990825688,1.146788990825688,0.573394495412844,1.7201834862385321,0,0,0.573394495412844,0.573394495412844,0,0,1.7201834862385321,0.573394495412844,0,0,0.573394495412844,0,0,0,0.573394495412844,0.573394495412844,0,0.573394495412844,0.573394495412844,0,1.146788990825688,0,0.573394495412844,0,0.573394495412844,0,1.146788990825688,0,0.573394495412844,0,0,0.573394495412844,2.86697247706422,0,0.573394495412844,0.573394495412844,0,0,0,0.573394495412844,0,0,0,0,0,0,0,0,parvus
parvus_v_chem_my_rashodimsya_otvet_leninu.txt,7.470175047385438,0.2229902999219534,0.7804660497268369,1.3379417995317204,1.3379417995317204,2.5643884491024638,1.1149514996097671,3.1218641989073475,30.10369048946371,1.5609320994536737,5.240272048165905,0.5574757498048836,0.8919611996878136,1.5609320994536737,2.2299029992195343,0.1114951499609767,0.2229902999219534,4.348310848478091,1.1149514996097671,0.4459805998439068,6.466718697736648,1.2264466495707438,4.013825398595161,4.013825398595161,3.233359348868324,34.67499163786375,3.679339948712231,4.4598059984390686,6.466718697736648,2.675883599063441,0.7804660497268369,0.5574757498048836,1.6724272494146504,7.9161556472293455,14.494369494926971,0.5574757498048836,0.5574757498048836,0.5574757498048836,20.069126992975804,1.3379417995317204,0.3344854498829301,1.7839223993756272,8.362136247073252,0.1114951499609767,0.6689708997658602,8.139145947151299,1.0034563496487903,4.4598059984390686,1.895417549336604,2.2299029992195343,5.1287768982049275,0.6689708997658602,0.8919611996878136,1.7839223993756272,0.6689708997658602,1.1149514996097671,0.3344854498829301,1.895417549336604,0.1114951499609767,3.9023302486341844,9.588582896643995,1.449436949492697,0.3344854498829301,1.0034563496487903,0.3344854498829301,1.2264466495707438,0.1114951499609767,0.5574757498048836,3.3448544988293007,2.118407849258557,0.1114951499609767,2.0069126992975805,2.4528932991414876,2.3413981491805105,4.571301148400044,1.5609320994536737,3.3448544988293007,15.609320994536738,4.682796298361021,7.358679897424462,0.8919611996878136,1.1149514996097671,3.790835098673208,4.571301148400044,0.7804660497268369,1.2264466495707438,2.118407849258557,0.1114951499609767,0.6689708997658602,0.2229902999219534,0.4459805998439068,0.7804660497268369,1.5609320994536737,0.5574757498048836,0,0.6689708997658602,0.2229902999219534,0.4459805998439068,0.8919611996878136,1.449436949492697,0.7804660497268369,0.6689708997658602,0.3344854498829301,2.0069126992975805,1.0034563496487903,1.449436949492697,0.6689708997658602,3.1218641989073475,1.1149514996097671,0.8919611996878136,0,0.3344854498829301,0.6689708997658602,3.010369048946371,1.449436949492697,0.3344854498829301,6.243728397814695,0.1114951499609767,0.3344854498829301,0.5574757498048836,0.7804660497268369,0.1114951499609767,1.0034563496487903,0.4459805998439068,0.4459805998439068,0,0.8919611996878136,0.1114951499609767,0.3344854498829301,0.8919611996878136,0,0.2229902999219534,0.4459805998439068,0.5574757498048836,3.5678447987512545,0.4459805998439068,1.895417549336604,0.4459805998439068,0.6689708997658602,1.7839223993756272,0.3344854498829301,0.4459805998439068,1.3379417995317204,0.5574757498048836,0.2229902999219534,0.4459805998439068,1.5609320994536737,5.351767198126882,2.2299029992195343,0,0.4459805998439068,1.0034563496487903,1.0034563496487903,1.3379417995317204,4.794291448321998,2.4528932991414876,0.8919611996878136,1.0034563496487903,2.118407849258557,4.794291448321998,0.5574757498048836,1.0034563496487903,0.1114951499609767,1.3379417995317204,3.456349648790278,1.6724272494146504,1.5609320994536737,1.3379417995317204,0.7804660497268369,0.5574757498048836,0,2.118407849258557,1.449436949492697,0.6689708997658602,1.0034563496487903,1.5609320994536737,0.2229902999219534,0.4459805998439068,0.2229902999219534,0.2229902999219534,0.1114951499609767,0.7804660497268369,0.3344854498829301,1.1149514996097671,0.1114951499609767,0.4459805998439068,6.020738097892742,1.0034563496487903,2.5643884491024638,1.3379417995317204,0.7804660497268369,0,0.4459805998439068,2.3413981491805105,0.5574757498048836,0.5574757498048836,1.1149514996097671,0.3344854498829301,0.7804660497268369,0.1114951499609767,0,2.5643884491024638,1.2264466495707438,0.3344854498829301,1.5609320994536737,0.8919611996878136,0.8919611996878136,1.5609320994536737,0.4459805998439068,0.3344854498829301,0.3344854498829301,0.5574757498048836,0.6689708997658602,0.2229902999219534,0.2229902999219534,1.2264466495707438,1.3379417995317204,0.2229902999219534,0.3344854498829301,0.3344854498829301,1.1149514996097671,0.5574757498048836,0.2229902999219534,0.2229902999219534,0.2229902999219534,1.3379417995317204,0.3344854498829301,0.8919611996878136,0.3344854498829301,1.2264466495707438,0.6689708997658602,0.2229902999219534,0.5574757498048836,0.5574757498048836,0,0.2229902999219534,0.4459805998439068,0.2229902999219534,0.6689708997658602,0.6689708997658602,2.0069126992975805,0.3344854498829301,1.0034563496487903,0.2229902999219534,0.2229902999219534,0.6689708997658602,0.6689708997658602,1.1149514996097671,0.1114951499609767,0,0.4459805998439068,0.2229902999219534,0,0.4459805998439068,0.8919611996878136,0.4459805998439068,1.0034563496487903,0.1114951499609767,0.2229902999219534,1.5609320994536737,0.3344854498829301,0.5574757498048836,0.2229902999219534,0.2229902999219534,0.2229902999219534,0,0.6689708997658602,0.4459805998439068,0.4459805998439068,0.4459805998439068,0,0.4459805998439068,0.3344854498829301,0.3344854498829301,0.1114951499609767,0,1.3379417995317204,0.1114951499609767,0.3344854498829301,0.5574757498048836,1.5609320994536737,1.0034563496487903,0.2229902999219534,0.8919611996878136,0.4459805998439068,0.5574757498048836,0.7804660497268369,0.2229902999219534,1.449436949492697,1.449436949492697,0,0.5574757498048836,7.247184747463486,0.2229902999219534,0,0,1.0034563496487903,0.6689708997658602,0,0,parvus
parvus_virIII_9_mes_voyny_I.txt,4.077471967380225,1.0193679918450562,1.2742099898063202,0,0,0.5096839959225281,1.529051987767584,1.529051987767584,25.739041794087665,1.2742099898063202,4.077471967380225,0,1.2742099898063202,1.0193679918450562,2.5484199796126403,0.25484199796126406,0,2.803261977573904,3.8226299694189603,0.5096839959225281,2.293577981651376,1.0193679918450562,3.058103975535168,4.587155963302752,3.8226299694189603,27.013251783893985,3.058103975535168,2.5484199796126403,4.587155963302752,1.783893985728848,1.783893985728848,0.5096839959225281,2.0387359836901124,0.25484199796126406,16.819571865443425,0,0,0.25484199796126406,10.703363914373089,0.5096839959225281,0,0.5096839959225281,6.8807339449541285,0.25484199796126406,0.5096839959225281,2.293577981651376,1.783893985728848,5.861365953109072,0.25484199796126406,1.529051987767584,4.077471967380225,1.783893985728848,1.2742099898063202,0.25484199796126406,1.2742099898063202,3.3129459734964324,2.293577981651376,6.3710499490316,0.25484199796126406,0.25484199796126406,9.938837920489297,1.0193679918450562,0.764525993883792,1.0193679918450562,1.2742099898063202,2.5484199796126403,0.25484199796126406,0.764525993883792,0,1.783893985728848,0,3.567787971457696,3.8226299694189603,1.0193679918450562,5.606523955147808,2.0387359836901124,3.8226299694189603,10.448521916411826,4.332313965341488,8.15494393476045,0.25484199796126406,2.803261977573904,0,4.587155963302752,1.0193679918450562,0.5096839959225281,2.0387359836901124,0.25484199796126406,0.5096839959225281,0,1.0193679918450562,0,1.529051987767584,0.25484199796126406,0,0.764525993883792,1.0193679918450562,0.5096839959225281,0,0,0,1.0193679918450562,0.25484199796126406,0.25484199796126406,0.5096839959225281,6.116207951070336,0.25484199796126406,4.841997961264016,0,0,0.25484199796126406,0.764525993883792,0.25484199796126406,1.2742099898063202,1.529051987767584,0.25484199796126406,10.193679918450561,0.25484199796126406,0,0,2.0387359836901124,0.25484199796126406,0,0,0,0,0.5096839959225281,0,0,2.5484199796126403,0.25484199796126406,0,0,0.5096839959225281,0,0,0,0,0,0.25484199796126406,0.764525993883792,0.25484199796126406,2.293577981651376,0.5096839959225281,0,0.25484199796126406,4.841997961264016,2.293577981651376,0,0,2.293577981651376,1.2742099898063202,0.764525993883792,1.2742099898063202,0.5096839959225281,0.5096839959225281,0,0,0,1.783893985728848,0,0,0,1.0193679918450562,0,0,0,10.448521916411826,2.5484199796126403,0,0,1.529051987767584,1.0193679918450562,0.25484199796126406,0.5096839959225281,0.5096839959225281,1.0193679918450562,0.25484199796126406,0.25484199796126406,0,0.25484199796126406,2.5484199796126403,0,0.25484199796126406,0.5096839959225281,0,5.351681957186544,1.2742099898063202,1.2742099898063202,1.2742099898063202,0,0,0.764525993883792,2.293577981651376,0.764525993883792,0,1.0193679918450562,0.25484199796126406,1.2742099898063202,1.2742099898063202,0,4.841997961264016,0.25484199796126406,0,1.0193679918450562,0.25484199796126406,0.5096839959225281,0,1.2742099898063202,0.25484199796126406,0.25484199796126406,0.764525993883792,1.0193679918450562,0.25484199796126406,0.5096839959225281,1.2742099898063202,0,0.5096839959225281,2.0387359836901124,0.764525993883792,1.0193679918450562,0.5096839959225281,0,0.5096839959225281,1.783893985728848,0,0.25484199796126406,0.25484199796126406,1.0193679918450562,0.25484199796126406,1.529051987767584,2.293577981651376,0.25484199796126406,1.0193679918450562,0,0.25484199796126406,0.764525993883792,0,0.5096839959225281,1.0193679918450562,1.2742099898063202,0.764525993883792,2.5484199796126403,0.5096839959225281,0,0,0,0.25484199796126406,0.25484199796126406,0,0.5096839959225281,0.5096839959225281,0,0.25484199796126406,0,1.783893985728848,0.25484199796126406,0,0.5096839959225281,1.2742099898063202,0,0.25484199796126406,0.764525993883792,0,0,0,0,0.25484199796126406,0.25484199796126406,0,0,0.764525993883792,0.764525993883792,0,0.25484199796126406,0,0.5096839959225281,0.5096839959225281,0.764525993883792,1.783893985728848,0,0,0,0,1.0193679918450562,1.2742099898063202,0.25484199796126406,0,0,0,0,0,0.25484199796126406,0,0,0,1.0193679918450562,0,4.841997961264016,0,parvus
parvus_virII_padenie_samoderzhaviya_I.txt,5.772561092938234,1.539349624783529,0.38483740619588225,0.19241870309794112,0.38483740619588225,0.19241870309794112,0,3.6559553588608815,35.59746007311911,2.501443140273235,3.6559553588608815,1.3469309216855878,1.1545122185876469,0.9620935154897057,3.271117952664999,0.5772561092938234,0,4.425630171252646,1.539349624783529,0.38483740619588225,4.040792765056763,1.3469309216855878,1.7317683278814702,3.8483740619588227,3.6559553588608815,33.480854339041755,2.6938618433711756,1.1545122185876469,4.810467577448528,1.7317683278814702,1.539349624783529,0.38483740619588225,3.078699249567058,0.19241870309794112,14.816240138541467,0.19241870309794112,0.5772561092938234,0.19241870309794112,15.585914950933232,0.9620935154897057,0.19241870309794112,0.38483740619588225,7.696748123917645,0,0.19241870309794112,1.3469309216855878,3.4635366557629403,4.233211468154705,0,1.539349624783529,4.233211468154705,0.9620935154897057,0.7696748123917645,0.9620935154897057,0.9620935154897057,2.1166057340773525,2.6938618433711756,3.4635366557629403,0.38483740619588225,0.19241870309794112,10.00577256109294,1.3469309216855878,0.5772561092938234,1.3469309216855878,1.539349624783529,1.3469309216855878,2.501443140273235,1.7317683278814702,0,2.886280546469117,0.19241870309794112,0.7696748123917645,1.9241870309794114,2.501443140273235,6.349817202232058,1.539349624783529,3.8483740619588227,9.813353857994997,3.271117952664999,4.425630171252646,1.1545122185876469,0.9620935154897057,0.19241870309794112,4.618048874350587,0.7696748123917645,1.7317683278814702,1.7317683278814702,0.5772561092938234,0.7696748123917645,0,0.38483740619588225,0.38483740619588225,0.9620935154897057,0.19241870309794112,0.19241870309794112,0,0.38483740619588225,0.19241870309794112,0,0,0,0.19241870309794112,0.19241870309794112,0.19241870309794112,0.5772561092938234,2.886280546469117,0,4.618048874350587,0,0.38483740619588225,0,0.19241870309794112,0,0.9620935154897057,0.38483740619588225,0.5772561092938234,6.157398499134116,0.19241870309794112,0.19241870309794112,0.19241870309794112,0.9620935154897057,0.7696748123917645,0,0.5772561092938234,0,0,3.4635366557629403,0.5772561092938234,0.7696748123917645,0.7696748123917645,0.19241870309794112,0,0.7696748123917645,0.7696748123917645,0,0,0.5772561092938234,0,0.38483740619588225,0.19241870309794112,0,0,3.078699249567058,0.19241870309794112,0.38483740619588225,0.38483740619588225,3.6559553588608815,1.3469309216855878,0.19241870309794112,0,1.1545122185876469,0.9620935154897057,0.5772561092938234,1.9241870309794114,0.19241870309794112,0.38483740619588225,0.19241870309794112,0,0,1.7317683278814702,0,0,0,0.38483740619588225,0.5772561092938234,0.19241870309794112,0.19241870309794112,6.542235905329998,1.3469309216855878,0.19241870309794112,0,0.7696748123917645,0.7696748123917645,0.19241870309794112,1.9241870309794114,1.539349624783529,1.9241870309794114,0,0,0.19241870309794112,0,0.7696748123917645,0,1.1545122185876469,0,0.38483740619588225,3.4635366557629403,0.9620935154897057,1.3469309216855878,1.1545122185876469,0.19241870309794112,0,0.5772561092938234,1.3469309216855878,0.38483740619588225,0.5772561092938234,0.9620935154897057,0,0.7696748123917645,0.38483740619588225,0,1.3469309216855878,1.3469309216855878,0.38483740619588225,1.539349624783529,0.38483740619588225,0.19241870309794112,0.5772561092938234,0.7696748123917645,0.38483740619588225,0.19241870309794112,0.19241870309794112,0.38483740619588225,0.38483740619588225,0.7696748123917645,0.5772561092938234,0.5772561092938234,0.38483740619588225,0.5772561092938234,1.1545122185876469,0.38483740619588225,0,0.19241870309794112,0.19241870309794112,0.7696748123917645,0.38483740619588225,0.38483740619588225,0.38483740619588225,0.19241870309794112,0.19241870309794112,0.5772561092938234,0.38483740619588225,0.38483740619588225,0.5772561092938234,0,0,0.7696748123917645,0.19241870309794112,0.19241870309794112,0.5772561092938234,0.7696748123917645,0.9620935154897057,0.5772561092938234,0,0.19241870309794112,0.19241870309794112,0,0.9620935154897057,0.19241870309794112,0,0.19241870309794112,0.19241870309794112,0.19241870309794112,0.38483740619588225,0,0.5772561092938234,0.5772561092938234,0.5772561092938234,0.5772561092938234,0.9620935154897057,0,0,0.19241870309794112,0,0,0,0,0.38483740619588225,0.19241870309794112,0,0,0,0.19241870309794112,1.1545122185876469,0.19241870309794112,0.19241870309794112,0.19241870309794112,1.3469309216855878,0.19241870309794112,0.38483740619588225,0,0.38483740619588225,0,1.9241870309794114,0.38483740619588225,0,0,0.19241870309794112,0,0,0,0,0.5772561092938234,0,0,0,0.9620935154897057,0.38483740619588225,3.271117952664999,0,parvus
parvus_virIV_samoderzh_i_reformy_I.txt,7.87143325680551,0.9839291571006887,2.295834699901607,0.3279763857002296,0.9839291571006887,0.9839291571006887,0.9839291571006887,3.279763857002296,23.61429977041653,0.3279763857002296,5.903574942604132,0.9839291571006887,1.639881928501148,0,1.3119055428009183,0,0,3.6077402427025254,2.951787471302066,0,4.591669399803214,2.951787471302066,4.2636930141029845,2.951787471302066,3.935716628402755,30.50180387012135,1.639881928501148,3.935716628402755,2.6238110856018366,1.639881928501148,2.295834699901607,1.639881928501148,4.2636930141029845,1.3119055428009183,16.398819285011477,0,0,0,17.054772056411938,0.6559527714004592,0,0.6559527714004592,8.527386028205969,0.3279763857002296,0.6559527714004592,2.6238110856018366,14.430960970810101,2.6238110856018366,0.3279763857002296,1.9678583142013775,5.575598556903903,2.295834699901607,0.9839291571006887,1.9678583142013775,1.639881928501148,3.6077402427025254,10.495244342407346,3.6077402427025254,0,0.9839291571006887,6.887504099704822,0.3279763857002296,1.3119055428009183,0.6559527714004592,2.951787471302066,1.9678583142013775,0.6559527714004592,0.9839291571006887,0.3279763857002296,1.9678583142013775,0.6559527714004592,4.2636930141029845,0.6559527714004592,1.3119055428009183,4.919645785503444,0.6559527714004592,2.295834699901607,10.823220728107575,3.935716628402755,4.591669399803214,0.9839291571006887,2.295834699901607,0.3279763857002296,12.791079042308954,1.639881928501148,0.9839291571006887,0.9839291571006887,0.3279763857002296,0.3279763857002296,0,0.3279763857002296,0,1.3119055428009183,0.3279763857002296,0,0,1.3119055428009183,0,0,0.3279763857002296,0,0.6559527714004592,1.639881928501148,0.6559527714004592,0,2.6238110856018366,0.3279763857002296,3.935716628402755,0.9839291571006887,0,0,1.9678583142013775,1.3119055428009183,0.6559527714004592,0.9839291571006887,0.6559527714004592,6.559527714004592,0.3279763857002296,0.6559527714004592,0.6559527714004592,0.3279763857002296,0.3279763857002296,0.3279763857002296,0.3279763857002296,0,0.3279763857002296,0.6559527714004592,0,0,1.3119055428009183,0,0.6559527714004592,0.6559527714004592,0,0.6559527714004592,0,0.3279763857002296,0,0,0.9839291571006887,0.6559527714004592,0.3279763857002296,1.3119055428009183,0.6559527714004592,0.3279763857002296,0,2.6238110856018366,2.6238110856018366,0.6559527714004592,0,0.3279763857002296,3.279763857002296,1.639881928501148,2.6238110856018366,6.887504099704822,0.9839291571006887,0.3279763857002296,0.3279763857002296,0.9839291571006887,2.951787471302066,0.3279763857002296,0,0,0,0.9839291571006887,0,1.3119055428009183,5.575598556903903,0.3279763857002296,0,2.6238110856018366,2.295834699901607,0.9839291571006887,0.9839291571006887,1.9678583142013775,1.3119055428009183,1.9678583142013775,0,0,0.3279763857002296,0,0.9839291571006887,0.3279763857002296,0.6559527714004592,0.3279763857002296,0,3.279763857002296,0.9839291571006887,1.3119055428009183,0.6559527714004592,0.6559527714004592,0,1.3119055428009183,1.9678583142013775,0.9839291571006887,0.3279763857002296,0.9839291571006887,0,1.9678583142013775,0,0,2.951787471302066,1.3119055428009183,0.6559527714004592,1.3119055428009183,0.3279763857002296,0,0.9839291571006887,0,0.3279763857002296,0.3279763857002296,1.639881928501148,0.6559527714004592,0,0,0.9839291571006887,0.9839291571006887,0,0.9839291571006887,0.6559527714004592,0.9839291571006887,2.295834699901607,0.3279763857002296,0.3279763857002296,0.9839291571006887,0.9839291571006887,0.3279763857002296,0.9839291571006887,0.6559527714004592,0.3279763857002296,0.6559527714004592,0.3279763857002296,0,0.6559527714004592,0,1.9678583142013775,1.639881928501148,0.3279763857002296,0.3279763857002296,1.3119055428009183,3.6077402427025254,0.9839291571006887,0.3279763857002296,0.3279763857002296,0,0,0,1.3119055428009183,0,0.3279763857002296,0.3279763857002296,0.3279763857002296,0.3279763857002296,1.639881928501148,0,0.6559527714004592,0.3279763857002296,0.3279763857002296,0.9839291571006887,0.9839291571006887,0,0,0.3279763857002296,0,0,0,0.6559527714004592,1.9678583142013775,0,0.9839291571006887,0,0.6559527714004592,0.3279763857002296,0.3279763857002296,0.3279763857002296,0.6559527714004592,1.639881928501148,0,0,1.639881928501148,0,0.3279763857002296,0.3279763857002296,3.6077402427025254,0,0.6559527714004592,0,0,0,0,0,0,0.3279763857002296,0,0,0,0.3279763857002296,0.3279763857002296,2.951787471302066,0,parvus
parvus_virI_kapitalizm_i_voyna_I.txt,4.906542056074766,1.6355140186915889,1.4018691588785046,0.7009345794392523,0,0.4672897196261682,0,2.336448598130841,33.41121495327103,3.5046728971962615,5.841121495327102,0,0.7009345794392523,0.2336448598130841,1.6355140186915889,0.7009345794392523,0.4672897196261682,3.2710280373831777,3.5046728971962615,0.9345794392523364,1.6355140186915889,0.4672897196261682,0.7009345794392523,5.140186915887851,4.205607476635514,38.08411214953271,2.102803738317757,2.102803738317757,6.775700934579439,0.7009345794392523,1.1682242990654206,0.7009345794392523,1.4018691588785046,0.7009345794392523,15.654205607476635,0,0.2336448598130841,0.7009345794392523,7.710280373831775,0.7009345794392523,0,0.4672897196261682,6.542056074766355,0.2336448598130841,0.4672897196261682,3.5046728971962615,0.4672897196261682,2.336448598130841,0,0.7009345794392523,3.97196261682243,0.2336448598130841,0.7009345794392523,2.102803738317757,0.2336448598130841,1.1682242990654206,0.7009345794392523,1.6355140186915889,0,0.2336448598130841,10.74766355140187,0.4672897196261682,3.2710280373831777,0.2336448598130841,1.8691588785046729,1.4018691588785046,0.4672897196261682,0.4672897196261682,0.9345794392523364,3.7383177570093458,0.4672897196261682,1.8691588785046729,1.4018691588785046,1.4018691588785046,2.803738317757009,1.1682242990654206,3.2710280373831777,8.177570093457943,3.0373831775700935,4.4392523364485985,0.4672897196261682,2.336448598130841,0,1.6355140186915889,2.102803738317757,0.9345794392523364,1.8691588785046729,0.2336448598130841,1.1682242990654206,0,1.1682242990654206,0.4672897196261682,1.4018691588785046,0.2336448598130841,0,0.9345794392523364,0.7009345794392523,0,0,0.7009345794392523,0,0.2336448598130841,0.2336448598130841,0.4672897196261682,0.4672897196261682,8.878504672897197,0,3.7383177570093458,0.2336448598130841,0.4672897196261682,0.9345794392523364,0.7009345794392523,0,0.9345794392523364,0,0.4672897196261682,9.813084112149532,0.4672897196261682,0,0,0.2336448598130841,0.2336448598130841,0.4672897196261682,0.7009345794392523,0,0.4672897196261682,3.0373831775700935,0,0,0.2336448598130841,0.2336448598130841,0.2336448598130841,0.7009345794392523,0.9345794392523364,0,0,0,0,0,0.4672897196261682,0.4672897196261682,0,3.2710280373831777,0.9345794392523364,0,0,5.607476635514018,1.8691588785046729,0,0.2336448598130841,0.9345794392523364,0.7009345794392523,0.4672897196261682,0.4672897196261682,0.4672897196261682,0.7009345794392523,0,0.2336448598130841,0,1.1682242990654206,0,0,0,0,0.4672897196261682,0,0,4.672897196261682,0.2336448598130841,0.2336448598130841,0,2.803738317757009,1.8691588785046729,0,3.5046728971962615,2.102803738317757,0.4672897196261682,0.2336448598130841,0,0,0,0.7009345794392523,0,2.102803738317757,0.2336448598130841,0.2336448598130841,5.607476635514018,0.7009345794392523,0.4672897196261682,1.6355140186915889,0,0.2336448598130841,0.4672897196261682,2.336448598130841,0.9345794392523364,0,1.1682242990654206,0.2336448598130841,0.9345794392523364,0.2336448598130841,0,0.4672897196261682,0.7009345794392523,0.2336448598130841,1.1682242990654206,0.4672897196261682,0,0,0.2336448598130841,0.2336448598130841,0,0.2336448598130841,0,0.7009345794392523,0.4672897196261682,0.9345794392523364,0,0.4672897196261682,0.2336448598130841,0,0.2336448598130841,1.6355140186915889,0.2336448598130841,0,0.7009345794392523,0.7009345794392523,0.7009345794392523,0.2336448598130841,0.9345794392523364,0.2336448598130841,0.7009345794392523,0.2336448598130841,0.7009345794392523,0.2336448598130841,0,1.4018691588785046,1.1682242990654206,0,0.2336448598130841,0.7009345794392523,0.7009345794392523,0,3.2710280373831777,0.4672897196261682,0,0,0,1.4018691588785046,0.4672897196261682,0,0.2336448598130841,0,0.2336448598130841,0,0,2.102803738317757,0,0,0,0.9345794392523364,0,0,0.2336448598130841,0,0,0,0.2336448598130841,0.7009345794392523,0.4672897196261682,0.2336448598130841,0,0,0.7009345794392523,0,0.7009345794392523,0,0.2336448598130841,0.4672897196261682,0,0.7009345794392523,0,0.2336448598130841,0,1.6355140186915889,1.1682242990654206,0,0.2336448598130841,0,0,0,0,0.4672897196261682,0.7009345794392523,0.2336448598130841,0,0.7009345794392523,0.9345794392523364,0.2336448598130841,2.336448598130841,0,parvus
parvus_vnesh_politika_germanii.txt,5.9171597633136095,1.4792899408284024,0,0,0,0,0,1.4792899408284024,28.106508875739646,1.4792899408284024,4.437869822485207,1.4792899408284024,0,0,0,0,0,8.875739644970414,0,0,1.4792899408284024,0,1.4792899408284024,1.4792899408284024,5.9171597633136095,39.94082840236687,5.9171597633136095,0,5.9171597633136095,4.437869822485207,1.4792899408284024,4.437869822485207,0,1.4792899408284024,11.834319526627219,0,0,1.4792899408284024,20.710059171597635,0,0,1.4792899408284024,8.875739644970414,0,0,2.9585798816568047,1.4792899408284024,4.437869822485207,0,0,1.4792899408284024,0,0,1.4792899408284024,0,4.437869822485207,5.9171597633136095,4.437869822485207,0,0,13.313609467455622,0,5.9171597633136095,0,1.4792899408284024,1.4792899408284024,0,0,0,1.4792899408284024,0,2.9585798816568047,4.437869822485207,1.4792899408284024,5.9171597633136095,2.9585798816568047,8.875739644970414,10.355029585798817,2.9585798816568047,4.437869822485207,0,2.9585798816568047,0,4.437869822485207,2.9585798816568047,0,0,0,0,1.4792899408284024,1.4792899408284024,0,0,0,0,1.4792899408284024,2.9585798816568047,0,0,0,0,1.4792899408284024,0,0,0,2.9585798816568047,0,0,0,0,1.4792899408284024,1.4792899408284024,0,0,0,0,7.396449704142012,0,0,0,0,1.4792899408284024,0,1.4792899408284024,0,0,4.437869822485207,0,0,0,0,0,1.4792899408284024,0,0,0,1.4792899408284024,0,0,1.4792899408284024,0,0,7.396449704142012,1.4792899408284024,0,0,4.437869822485207,1.4792899408284024,0,1.4792899408284024,0,0,0,0,1.4792899408284024,2.9585798816568047,0,0,0,0,0,0,0,0,0,0,0,8.875739644970414,0,0,0,1.4792899408284024,1.4792899408284024,0,2.9585798816568047,0,2.9585798816568047,0,1.4792899408284024,0,1.4792899408284024,0,0,1.4792899408284024,1.4792899408284024,0,4.437869822485207,1.4792899408284024,1.4792899408284024,0,1.4792899408284024,0,0,0,0,0,2.9585798816568047,1.4792899408284024,0,0,0,0,1.4792899408284024,0,0,0,0,0,0,0,0,1.4792899408284024,0,1.4792899408284024,0,1.4792899408284024,0,1.4792899408284024,0,1.4792899408284024,1.4792899408284024,2.9585798816568047,0,0,7.396449704142012,0,0,0,0,1.4792899408284024,0,0,0,0,0,0,0,0,1.4792899408284024,1.4792899408284024,0,0,2.9585798816568047,0,0,0,0,2.9585798816568047,0,0,0,0,1.4792899408284024,0,0,0,0,1.4792899408284024,1.4792899408284024,2.9585798816568047,0,0,4.437869822485207,0,0,0,0,0,0,0,0,0,0,0,0,0,0,0,1.4792899408284024,2.9585798816568047,0,0,0,0,4.437869822485207,0,0,0,0,0,0,0,0,0,0,0,1.4792899408284024,0,4.437869822485207,0,parvus
plehanov_beliy_terror_I.txt,3.5492457852706303,0.4436557231588288,0.8873114463176576,0.8873114463176576,0,0.4436557231588288,0.8873114463176576,1.7746228926353151,27.50665483584738,2.6619343389529724,3.105590062111801,0,0.4436557231588288,0.8873114463176576,1.3309671694764862,0.4436557231588288,0,4.880212954747116,1.7746228926353151,0,8.873114463176575,1.3309671694764862,2.218278615794144,1.7746228926353151,3.105590062111801,37.71073646850044,2.6619343389529724,1.7746228926353151,5.767524401064774,2.218278615794144,0.4436557231588288,0.8873114463176576,2.6619343389529724,8.873114463176575,15.971606033717833,0,0,1.3309671694764862,11.535048802129548,2.218278615794144,0,0.4436557231588288,5.767524401064774,0.4436557231588288,1.3309671694764862,4.880212954747116,6.654835847382431,1.7746228926353151,0.4436557231588288,1.3309671694764862,6.211180124223602,0.4436557231588288,0.8873114463176576,2.218278615794144,0.4436557231588288,1.7746228926353151,1.7746228926353151,0.8873114463176576,0.4436557231588288,2.218278615794144,7.542147293700088,0.4436557231588288,0.8873114463176576,0.8873114463176576,1.3309671694764862,0.4436557231588288,0.4436557231588288,1.3309671694764862,0.4436557231588288,2.218278615794144,0.4436557231588288,0.4436557231588288,7.985803016858917,1.3309671694764862,5.323868677905945,2.218278615794144,2.218278615794144,19.964507542147295,2.6619343389529724,4.880212954747116,0.4436557231588288,5.323868677905945,1.7746228926353151,3.5492457852706303,2.218278615794144,3.105590062111801,0.8873114463176576,0,1.7746228926353151,0,0.4436557231588288,0,1.7746228926353151,0.4436557231588288,0,0.8873114463176576,0,2.6619343389529724,1.3309671694764862,0.4436557231588288,0,0.4436557231588288,1.3309671694764862,2.6619343389529724,0.4436557231588288,0.8873114463176576,0.4436557231588288,3.9929015084294583,0.8873114463176576,1.3309671694764862,0,0.4436557231588288,0,3.9929015084294583,0.4436557231588288,0.4436557231588288,7.098491570541261,0.8873114463176576,1.7746228926353151,0,0.4436557231588288,1.7746228926353151,1.3309671694764862,0,0.8873114463176576,0,0,0.8873114463176576,0,0.8873114463176576,0,0.8873114463176576,1.3309671694764862,0,2.6619343389529724,1.3309671694764862,2.6619343389529724,0,1.3309671694764862,2.218278615794144,0,0,2.6619343389529724,0,0,0.4436557231588288,0.8873114463176576,0.4436557231588288,0.4436557231588288,0,0.8873114463176576,3.5492457852706303,0,0.4436557231588288,0,0.4436557231588288,0,0.4436557231588288,1.7746228926353151,0.8873114463176576,1.7746228926353151,1.3309671694764862,1.7746228926353151,0.4436557231588288,0.4436557231588288,2.218278615794144,1.3309671694764862,1.3309671694764862,0.4436557231588288,0.4436557231588288,0.4436557231588288,0.4436557231588288,0.4436557231588288,0,0.4436557231588288,2.218278615794144,0,0,0.8873114463176576,0,0,0.4436557231588288,0,0.4436557231588288,0,0.4436557231588288,3.5492457852706303,0.4436557231588288,1.7746228926353151,0.8873114463176576,1.7746228926353151,0.4436557231588288,1.3309671694764862,4.436557231588288,0.8873114463176576,0.8873114463176576,0.8873114463176576,1.3309671694764862,2.218278615794144,0.8873114463176576,0.4436557231588288,0,1.7746228926353151,0,1.7746228926353151,0,0.8873114463176576,1.3309671694764862,0.4436557231588288,0.4436557231588288,0.8873114463176576,1.3309671694764862,0.4436557231588288,0,0,0,1.3309671694764862,1.3309671694764862,0,0,1.3309671694764862,0.4436557231588288,0.4436557231588288,0,0,0.8873114463176576,0,1.3309671694764862,0.8873114463176576,0,1.3309671694764862,0,0.4436557231588288,0.4436557231588288,0.8873114463176576,0.4436557231588288,0.4436557231588288,0.8873114463176576,0,0.4436557231588288,2.6619343389529724,0.8873114463176576,0.8873114463176576,1.3309671694764862,0,0,0.4436557231588288,0.8873114463176576,0,0.8873114463176576,0,1.3309671694764862,0.4436557231588288,0.8873114463176576,0,0.8873114463176576,0.8873114463176576,0,0.8873114463176576,0,0,0.8873114463176576,0,0,0,0,0.4436557231588288,0,0,0,0,0.8873114463176576,1.3309671694764862,0.8873114463176576,1.3309671694764862,0,0.4436557231588288,0,0.8873114463176576,0,0.4436557231588288,0,0.4436557231588288,0.4436557231588288,0,0.4436557231588288,0.4436557231588288,0.4436557231588288,0.4436557231588288,1.3309671694764862,0,0,3.9929015084294583,0,0,0,0,0,0,0,plehanov
plehanov_cant_vs_kant.txt,4.9052396878483835,0.5574136008918618,0.2229654403567447,0.11148272017837235,0.2229654403567447,0.2229654403567447,0.11148272017837235,1.0033444816053512,31.549609810479378,1.6722408026755853,2.898550724637681,0.4459308807134894,0.33444816053511706,0.8918617614269788,1.89520624303233,0.2229654403567447,0.11148272017837235,3.6789297658862874,2.0066889632107023,0.33444816053511706,9.141583054626533,1.2263099219620959,4.23634336677815,4.682274247491638,1.2263099219620959,30.657748049052397,5.128205128205129,3.6789297658862874,7.6923076923076925,1.560758082497213,1.6722408026755853,0.8918617614269788,2.229654403567447,6.465997770345597,9.810479375696767,0.8918617614269788,0,0.2229654403567447,18.61761426978818,1.4492753623188406,0.4459308807134894,3.6789297658862874,9.03010033444816,0.7803790412486065,0.2229654403567447,8.695652173913043,1.3377926421404682,3.2329988851727984,0.6688963210702341,0.33444816053511706,4.124860646599777,0,0.4459308807134894,1.3377926421404682,0.5574136008918618,0,0,0.8918617614269788,0,0.11148272017837235,8.249721293199554,0.4459308807134894,0.33444816053511706,1.0033444816053512,0.33444816053511706,0.7803790412486065,0.11148272017837235,1.3377926421404682,2.4526198439241917,4.23634336677815,0.7803790412486065,2.341137123745819,2.4526198439241917,1.89520624303233,3.5674470457079153,2.341137123745819,1.2263099219620959,19.39799331103679,2.118171683389075,6.465997770345597,1.2263099219620959,1.560758082497213,0.5574136008918618,5.351170568561873,2.229654403567447,1.560758082497213,1.1148272017837235,0.8918617614269788,1.7837235228539576,0.11148272017837235,1.0033444816053512,1.1148272017837235,0.7803790412486065,0.11148272017837235,17.279821627647717,0.11148272017837235,0.5574136008918618,0.2229654403567447,0,1.1148272017837235,0.4459308807134894,0.2229654403567447,0.11148272017837235,0.6688963210702341,0.6688963210702341,2.118171683389075,1.89520624303233,1.3377926421404682,1.0033444816053512,0.2229654403567447,1.2263099219620959,0.2229654403567447,0,6.131549609810479,1.2263099219620959,0.33444816053511706,8.58416945373467,0.8918617614269788,0.2229654403567447,0.33444816053511706,1.0033444816053512,0.6688963210702341,1.6722408026755853,0.5574136008918618,1.4492753623188406,0.5574136008918618,1.560758082497213,0.5574136008918618,0.4459308807134894,1.0033444816053512,0.33444816053511706,0.7803790412486065,0.5574136008918618,0.2229654403567447,0.8918617614269788,0.5574136008918618,0.7803790412486065,0.4459308807134894,0.4459308807134894,3.2329988851727984,1.4492753623188406,1.1148272017837235,5.908584169453735,1.4492753623188406,0.33444816053511706,0.8918617614269788,2.5641025641025643,2.5641025641025643,0,0.11148272017837235,3.0100334448160533,0.2229654403567447,0.11148272017837235,0.11148272017837235,0,0,0,0.2229654403567447,0.33444816053511706,2.4526198439241917,0.11148272017837235,0.11148272017837235,0,0.5574136008918618,1.0033444816053512,0.11148272017837235,0.2229654403567447,0.4459308807134894,0.2229654403567447,0.2229654403567447,0.2229654403567447,1.7837235228539576,0.6688963210702341,0.4459308807134894,0.8918617614269788,0.33444816053511706,0.2229654403567447,0.33444816053511706,0.6688963210702341,0.6688963210702341,0.8918617614269788,0.33444816053511706,0,1.2263099219620959,0.2229654403567447,1.2263099219620959,6.800445930880713,0.8918617614269788,2.341137123745819,0.5574136008918618,1.1148272017837235,0.2229654403567447,0.33444816053511706,1.89520624303233,1.4492753623188406,0.6688963210702341,2.341137123745819,0.33444816053511706,1.4492753623188406,0.5574136008918618,0.11148272017837235,0.11148272017837235,0.6688963210702341,0.11148272017837235,0.7803790412486065,0.4459308807134894,2.898550724637681,0.7803790412486065,0.7803790412486065,1.6722408026755853,1.4492753623188406,1.6722408026755853,0.33444816053511706,1.0033444816053512,0.6688963210702341,1.6722408026755853,0,0.8918617614269788,0,0.4459308807134894,0.8918617614269788,0.7803790412486065,0.6688963210702341,0.5574136008918618,0.7803790412486065,0.7803790412486065,0.2229654403567447,0.4459308807134894,0.7803790412486065,0.11148272017837235,0.11148272017837235,0.8918617614269788,0.4459308807134894,2.0066889632107023,0.11148272017837235,0.33444816053511706,0.7803790412486065,0.7803790412486065,0.4459308807134894,1.0033444816053512,2.341137123745819,1.2263099219620959,0.2229654403567447,0.7803790412486065,0.5574136008918618,0.5574136008918618,0,0.2229654403567447,0,0.6688963210702341,0.6688963210702341,0.5574136008918618,0.2229654403567447,0.6688963210702341,0,0.4459308807134894,0.5574136008918618,0.11148272017837235,0.4459308807134894,0.7803790412486065,0.11148272017837235,2.4526198439241917,0.5574136008918618,0,0,0,0.8918617614269788,0.4459308807134894,0.6688963210702341,0.11148272017837235,0.33444816053511706,0.4459308807134894,0.5574136008918618,0.33444816053511706,0,0,0.11148272017837235,0.7803790412486065,0.4459308807134894,0.33444816053511706,0.6688963210702341,0,0.2229654403567447,0.4459308807134894,1.2263099219620959,0.4459308807134894,1.2263099219620959,0.11148272017837235,0.33444816053511706,0,0,0.5574136008918618,1.3377926421404682,0.11148272017837235,0,0,0.33444816053511706,0.33444816053511706,0,0,plehanov
plehanov_grustnoe_nedorazumenie_I.txt,8.016627078384799,0,0,0,0.29691211401425177,0,0,4.453681710213777,27.315914489311165,1.484560570071259,2.375296912114014,0.29691211401425177,1.187648456057007,0.29691211401425177,1.484560570071259,1.187648456057007,0.29691211401425177,2.375296912114014,2.375296912114014,0,4.156769596199525,1.187648456057007,3.859857482185273,4.453681710213777,1.187648456057007,26.128266033254157,4.750593824228028,5.0475059382422804,7.422802850356294,3.5629453681710217,2.672209026128266,1.187648456057007,1.187648456057007,3.5629453681710217,8.016627078384799,0.5938242280285035,0,0,25.237529691211403,1.7814726840855108,1.7814726840855108,2.0783847980997625,9.501187648456057,2.672209026128266,0,9.501187648456057,0.5938242280285035,4.156769596199525,4.453681710213777,0.29691211401425177,7.422802850356294,0,0.8907363420427554,0.8907363420427554,0.29691211401425177,0,0,0.8907363420427554,0,0.8907363420427554,10.985748218527316,0.5938242280285035,0,0.5938242280285035,0,0,0,1.187648456057007,1.187648456057007,3.2660332541567696,1.484560570071259,2.672209026128266,2.375296912114014,2.969121140142518,4.156769596199525,3.5629453681710217,1.7814726840855108,23.15914489311164,1.187648456057007,10.095011876484561,0.29691211401425177,1.187648456057007,0.29691211401425177,8.907363420427554,0.5938242280285035,3.2660332541567696,4.453681710213777,0,2.969121140142518,0.5938242280285035,0,0.29691211401425177,1.187648456057007,0.5938242280285035,0.8907363420427554,0,0,0.29691211401425177,0.29691211401425177,0,0,0,0,2.0783847980997625,0.8907363420427554,0.8907363420427554,0.8907363420427554,3.2660332541567696,0.5938242280285035,0.29691211401425177,0.5938242280285035,0.29691211401425177,0,4.156769596199525,1.484560570071259,0.29691211401425177,7.719714964370546,0.29691211401425177,0,0,0.8907363420427554,1.187648456057007,0.29691211401425177,0,0.5938242280285035,0.8907363420427554,1.187648456057007,1.187648456057007,0,1.484560570071259,2.375296912114014,0.5938242280285035,1.187648456057007,0,1.484560570071259,0.8907363420427554,2.672209026128266,0.8907363420427554,2.672209026128266,2.672209026128266,1.187648456057007,0.8907363420427554,5.938242280285036,0.5938242280285035,0.29691211401425177,1.187648456057007,0.8907363420427554,3.5629453681710217,0.29691211401425177,0.29691211401425177,3.5629453681710217,0.8907363420427554,0,0,0.5938242280285035,0,0.29691211401425177,0.29691211401425177,1.484560570071259,0.8907363420427554,0.29691211401425177,0,0,2.0783847980997625,0,0,0,0.29691211401425177,0,0,0,0.29691211401425177,0.29691211401425177,0.5938242280285035,1.484560570071259,1.7814726840855108,0.29691211401425177,1.484560570071259,1.187648456057007,0.8907363420427554,0.5938242280285035,0,0.29691211401425177,0.29691211401425177,1.7814726840855108,0.8907363420427554,7.125890736342043,1.7814726840855108,1.187648456057007,0.8907363420427554,0.5938242280285035,0,0.8907363420427554,2.0783847980997625,2.0783847980997625,1.484560570071259,1.484560570071259,0.8907363420427554,1.484560570071259,0,0,0.8907363420427554,1.7814726840855108,0,0.8907363420427554,0.8907363420427554,2.0783847980997625,0.8907363420427554,0.5938242280285035,0.8907363420427554,1.484560570071259,0.29691211401425177,0.5938242280285035,1.484560570071259,0.5938242280285035,3.2660332541567696,0.29691211401425177,0.29691211401425177,0,0.5938242280285035,1.7814726840855108,1.187648456057007,0,0.29691211401425177,0.29691211401425177,1.7814726840855108,0.29691211401425177,0.5938242280285035,0,0.5938242280285035,0,1.187648456057007,0,5.0475059382422804,1.484560570071259,1.187648456057007,0.5938242280285035,1.484560570071259,0,0.29691211401425177,3.5629453681710217,0.29691211401425177,0.29691211401425177,1.187648456057007,0,0.5938242280285035,2.0783847980997625,0.29691211401425177,0,2.969121140142518,0.5938242280285035,0.8907363420427554,0,0.29691211401425177,0,0.8907363420427554,0.8907363420427554,0,0.8907363420427554,0.29691211401425177,0,1.187648456057007,0.29691211401425177,0.29691211401425177,0.29691211401425177,0.5938242280285035,1.187648456057007,2.0783847980997625,0,0,1.484560570071259,0.8907363420427554,0.29691211401425177,0.8907363420427554,0,0,0.5938242280285035,0.5938242280285035,0,0,1.484560570071259,0,1.187648456057007,0,0,0.29691211401425177,0.5938242280285035,0,5.344418052256532,5.0475059382422804,0,0.8907363420427554,13.657957244655583,0.8907363420427554,0,0,0,0,0,0.29691211401425177,plehanov
plehanov_gzha_breshkovskaya_I.txt,2.577319587628866,1.0309278350515465,0.5154639175257733,0.5154639175257733,0,0,0,3.6082474226804124,28.350515463917525,0.5154639175257733,1.0309278350515465,0.5154639175257733,0,2.061855670103093,2.061855670103093,1.0309278350515465,0,3.092783505154639,2.577319587628866,0,6.185567010309278,1.0309278350515465,4.123711340206186,6.701030927835051,3.092783505154639,37.628865979381445,4.639175257731959,2.061855670103093,5.6701030927835046,2.061855670103093,1.5463917525773194,1.0309278350515465,0.5154639175257733,5.154639175257732,11.340206185567009,1.0309278350515465,0.5154639175257733,1.0309278350515465,19.587628865979383,0.5154639175257733,0.5154639175257733,0,6.701030927835051,1.0309278350515465,0,2.577319587628866,1.0309278350515465,2.577319587628866,2.061855670103093,0,6.701030927835051,0,0,1.5463917525773194,2.061855670103093,0,0,2.061855670103093,0,0,9.793814432989691,0.5154639175257733,0,1.0309278350515465,0,1.0309278350515465,0,0.5154639175257733,1.0309278350515465,2.577319587628866,0.5154639175257733,2.577319587628866,0,1.0309278350515465,4.123711340206186,4.639175257731959,0,19.587628865979383,1.5463917525773194,7.216494845360825,3.092783505154639,1.0309278350515465,0,5.6701030927835046,0.5154639175257733,1.5463917525773194,1.5463917525773194,0.5154639175257733,1.0309278350515465,0.5154639175257733,1.0309278350515465,0.5154639175257733,0.5154639175257733,0,13.917525773195877,0.5154639175257733,0,1.0309278350515465,0.5154639175257733,0,0,1.0309278350515465,0.5154639175257733,0.5154639175257733,0,2.577319587628866,1.0309278350515465,1.5463917525773194,0,0,0.5154639175257733,0,0,3.6082474226804124,0,1.0309278350515465,12.371134020618555,0,1.0309278350515465,0,0.5154639175257733,0,1.5463917525773194,0,1.0309278350515465,1.0309278350515465,2.061855670103093,1.0309278350515465,0,0.5154639175257733,0.5154639175257733,0.5154639175257733,0,0,1.0309278350515465,0,2.577319587628866,1.0309278350515465,0.5154639175257733,0.5154639175257733,1.0309278350515465,1.0309278350515465,7.731958762886598,1.5463917525773194,0.5154639175257733,0,9.278350515463918,0.5154639175257733,0.5154639175257733,1.0309278350515465,4.123711340206186,0.5154639175257733,0,0,0,0,0,0,0,2.061855670103093,1.0309278350515465,0,0,0.5154639175257733,0,0.5154639175257733,1.0309278350515465,1.5463917525773194,1.0309278350515465,0,0,1.5463917525773194,1.5463917525773194,0,0.5154639175257733,1.0309278350515465,0,1.0309278350515465,0,0,0,0,0,1.5463917525773194,0,1.0309278350515465,7.216494845360825,0.5154639175257733,4.639175257731959,0.5154639175257733,1.0309278350515465,1.5463917525773194,0.5154639175257733,2.061855670103093,1.5463917525773194,0,2.577319587628866,1.5463917525773194,0.5154639175257733,0.5154639175257733,0.5154639175257733,0,2.061855670103093,0,0.5154639175257733,0,1.0309278350515465,1.5463917525773194,1.0309278350515465,2.577319587628866,0,2.577319587628866,0,0,1.0309278350515465,1.0309278350515465,0.5154639175257733,0,0,0.5154639175257733,1.5463917525773194,0,0,2.061855670103093,0,1.5463917525773194,0.5154639175257733,0,0.5154639175257733,1.0309278350515465,0,1.0309278350515465,0.5154639175257733,4.123711340206186,1.0309278350515465,0,0.5154639175257733,0,1.0309278350515465,2.061855670103093,1.0309278350515465,0,2.061855670103093,1.0309278350515465,0,0.5154639175257733,1.0309278350515465,0,0,0.5154639175257733,0,0.5154639175257733,1.0309278350515465,1.0309278350515465,0.5154639175257733,0.5154639175257733,1.5463917525773194,0.5154639175257733,1.5463917525773194,0.5154639175257733,0,4.123711340206186,1.0309278350515465,0,0,4.123711340206186,0.5154639175257733,0.5154639175257733,0,0,0,0,0,0.5154639175257733,0,0,0.5154639175257733,0,0,0.5154639175257733,0.5154639175257733,0,0.5154639175257733,0,0,0.5154639175257733,1.0309278350515465,0,0,4.123711340206186,0.5154639175257733,0,10.824742268041236,1.0309278350515465,0,0,0.5154639175257733,0.5154639175257733,0,0,plehanov
plehanov_k_agrarnomu_voprosu_v_Rossii_NQ.txt,7.6464291176020796,0.9175714941122496,0.4587857470561248,0.1529285823520416,0.4587857470561248,0,0.4587857470561248,3.2115002293928736,29.974002141000152,1.2234286588163328,2.9056430646887903,0.1529285823520416,0.4587857470561248,0.6117143294081664,1.2234286588163328,0.1529285823520416,0,4.129071723505123,0.9175714941122496,0.7646429117602079,5.352500382321456,1.6822144058724575,5.0466432176173726,5.505428964673497,2.5997858999847074,22.480501605750113,3.976143141153081,3.2115002293928736,7.952286282306162,2.7527144823367484,2.1410001529285823,0.6117143294081664,2.4468573176326656,3.976143141153081,11.928429423459244,1.3763572411683742,0,0,23.245144517510322,0.7646429117602079,0.6117143294081664,0.9175714941122496,9.175714941122497,0.3058571647040832,0,6.881786205841872,0.9175714941122496,2.5997858999847074,1.3763572411683742,0.3058571647040832,3.976143141153081,0.1529285823520416,0.6117143294081664,2.293928735280624,0.6117143294081664,0.1529285823520416,0,1.9880715705765406,0,0.4587857470561248,7.034714788193914,0.4587857470561248,0.6117143294081664,1.2234286588163328,0.1529285823520416,1.3763572411683742,1.2234286588163328,0.7646429117602079,3.8232145588010398,3.6702859764489983,0.7646429117602079,2.4468573176326656,1.9880715705765406,2.5997858999847074,4.129071723505123,3.0585716470408317,2.293928735280624,21.257072946933782,2.1410001529285823,10.705000764642913,1.8351429882244992,1.8351429882244992,0.1529285823520416,6.423000458785747,0.9175714941122496,2.293928735280624,2.293928735280624,0.9175714941122496,2.4468573176326656,0.9175714941122496,0.7646429117602079,0.3058571647040832,0.9175714941122496,0.1529285823520416,1.0705000764642911,0.1529285823520416,0.6117143294081664,0.6117143294081664,0.7646429117602079,0.4587857470561248,0.1529285823520416,0.9175714941122496,0.7646429117602079,1.9880715705765406,0.9175714941122496,1.9880715705765406,0.7646429117602079,1.0705000764642911,0.6117143294081664,0.3058571647040832,0.4587857470561248,1.0705000764642911,0.1529285823520416,5.199571799969415,1.6822144058724575,0.4587857470561248,7.799357699954121,0.7646429117602079,1.2234286588163328,0.1529285823520416,0.1529285823520416,1.0705000764642911,0.4587857470561248,0.4587857470561248,0.4587857470561248,0.1529285823520416,1.8351429882244992,0.6117143294081664,0.1529285823520416,1.0705000764642911,0.6117143294081664,0.7646429117602079,0.7646429117602079,0.6117143294081664,2.4468573176326656,0.3058571647040832,1.9880715705765406,1.2234286588163328,1.5292858235204159,1.5292858235204159,1.2234286588163328,1.0705000764642911,5.352500382321456,0.7646429117602079,0.1529285823520416,0.3058571647040832,1.6822144058724575,2.293928735280624,0,0,1.2234286588163328,0.6117143294081664,0,0,0,0,0.3058571647040832,0.1529285823520416,0.3058571647040832,1.2234286588163328,0.6117143294081664,0,0.1529285823520416,0.9175714941122496,0.3058571647040832,0.1529285823520416,0.3058571647040832,1.6822144058724575,0.3058571647040832,0.4587857470561248,0,2.4468573176326656,0.7646429117602079,0.3058571647040832,1.6822144058724575,1.2234286588163328,0.6117143294081664,1.2234286588163328,0.1529285823520416,0.6117143294081664,0.6117143294081664,1.2234286588163328,0.4587857470561248,0.9175714941122496,0.4587857470561248,0.7646429117602079,7.340571952897997,1.3763572411683742,3.8232145588010398,1.5292858235204159,0.7646429117602079,0.6117143294081664,0.3058571647040832,1.2234286588163328,1.3763572411683742,0.3058571647040832,1.3763572411683742,0.1529285823520416,2.4468573176326656,0.6117143294081664,0,2.293928735280624,1.5292858235204159,0,0.9175714941122496,0.9175714941122496,0.7646429117602079,0.9175714941122496,0.1529285823520416,1.3763572411683742,1.2234286588163328,1.6822144058724575,0,0.4587857470561248,0.3058571647040832,2.1410001529285823,0.1529285823520416,0.3058571647040832,0,0.3058571647040832,1.2234286588163328,0.4587857470561248,0.3058571647040832,0.3058571647040832,0.3058571647040832,0.7646429117602079,0.1529285823520416,0.6117143294081664,0.3058571647040832,0,0.3058571647040832,1.2234286588163328,0.3058571647040832,1.6822144058724575,0.3058571647040832,0.3058571647040832,1.2234286588163328,1.8351429882244992,0.3058571647040832,1.5292858235204159,2.1410001529285823,0.1529285823520416,1.2234286588163328,0.4587857470561248,0.3058571647040832,1.0705000764642911,0,0.3058571647040832,0.1529285823520416,0.4587857470561248,0.6117143294081664,0,0.4587857470561248,0.1529285823520416,0.7646429117602079,0.4587857470561248,0.7646429117602079,0,0.4587857470561248,0.6117143294081664,0.6117143294081664,1.3763572411683742,0.3058571647040832,0.1529285823520416,0.4587857470561248,8.71692919406637,1.3763572411683742,1.5292858235204159,0.9175714941122496,0.1529285823520416,1.5292858235204159,0.4587857470561248,0.4587857470561248,1.5292858235204159,0,1.2234286588163328,1.9880715705765406,0.3058571647040832,0.1529285823520416,0,0.3058571647040832,0,1.0705000764642911,1.0705000764642911,0.1529285823520416,0.1529285823520416,1.3763572411683742,0.4587857470561248,1.0705000764642911,0.6117143294081664,0,0.7646429117602079,6.881786205841872,0.1529285823520416,0,3.2115002293928736,0.6117143294081664,0.6117143294081664,0,0,plehanov
plehanov_k_voposu_o_zahvate_vlasti_I.txt,5.72655690765927,0.7158196134574087,0.35790980672870437,0,0,0,1.7895490336435218,2.5053686471009304,32.5697924123121,2.5053686471009304,2.5053686471009304,0.35790980672870437,1.0737294201861132,0.35790980672870437,1.0737294201861132,0.35790980672870437,0.35790980672870437,3.937007874015748,1.0737294201861132,0,3.937007874015748,2.5053686471009304,2.863278453829635,4.294917680744453,2.1474588403722263,34.71725125268432,2.5053686471009304,2.1474588403722263,7.516105941302791,1.7895490336435218,1.7895490336435218,1.0737294201861132,1.0737294201861132,3.937007874015748,9.663564781675017,2.5053686471009304,0,0,16.105941302791695,0.7158196134574087,1.0737294201861132,2.1474588403722263,9.663564781675017,0,0.35790980672870437,3.937007874015748,0.35790980672870437,0.7158196134574087,1.4316392269148175,0.7158196134574087,5.368647100930565,0,3.2211882605583395,0.7158196134574087,0.7158196134574087,1.0737294201861132,0.7158196134574087,1.4316392269148175,0,1.0737294201861132,9.305654974946313,1.0737294201861132,0.7158196134574087,0.35790980672870437,0,1.0737294201861132,0,1.0737294201861132,0.35790980672870437,2.863278453829635,0.35790980672870437,1.7895490336435218,2.5053686471009304,2.1474588403722263,4.294917680744453,1.4316392269148175,2.5053686471009304,13.600572655690765,2.863278453829635,3.2211882605583395,1.7895490336435218,1.4316392269148175,0.7158196134574087,10.73729420186113,1.7895490336435218,2.5053686471009304,2.1474588403722263,0,2.5053686471009304,0.35790980672870437,0.35790980672870437,0,1.0737294201861132,0,2.1474588403722263,0.35790980672870437,0.35790980672870437,0.35790980672870437,0,2.1474588403722263,0.35790980672870437,1.0737294201861132,0.35790980672870437,3.2211882605583395,0,1.4316392269148175,0.35790980672870437,2.1474588403722263,0.35790980672870437,0,1.0737294201861132,0,0,1.0737294201861132,4.294917680744453,0,8.589835361488905,0.35790980672870437,0.7158196134574087,0,1.0737294201861132,1.7895490336435218,1.7895490336435218,0,1.0737294201861132,0.7158196134574087,0,0,0,0.35790980672870437,0.35790980672870437,0,1.0737294201861132,0.35790980672870437,1.7895490336435218,1.4316392269148175,1.7895490336435218,0.7158196134574087,0.35790980672870437,0.35790980672870437,0.35790980672870437,0,2.863278453829635,2.1474588403722263,0.35790980672870437,0,0.7158196134574087,6.0844667143879745,0.35790980672870437,0,2.5053686471009304,0,0.7158196134574087,0,1.0737294201861132,0.7158196134574087,0.35790980672870437,2.1474588403722263,3.5790980672870436,2.1474588403722263,0,2.1474588403722263,0,0.7158196134574087,4.652827487473156,1.0737294201861132,0.35790980672870437,0,0,0,0,1.7895490336435218,0.7158196134574087,0.7158196134574087,1.4316392269148175,2.1474588403722263,0.35790980672870437,0.35790980672870437,0,0,1.4316392269148175,1.0737294201861132,0,1.0737294201861132,0.35790980672870437,0.35790980672870437,4.294917680744453,1.0737294201861132,2.5053686471009304,0,1.7895490336435218,0,0.7158196134574087,0.35790980672870437,1.0737294201861132,1.0737294201861132,2.1474588403722263,0.35790980672870437,0.7158196134574087,0.35790980672870437,0.7158196134574087,2.1474588403722263,1.4316392269148175,0.35790980672870437,0.7158196134574087,0,0.35790980672870437,1.0737294201861132,1.0737294201861132,1.4316392269148175,1.0737294201861132,2.1474588403722263,0,0.35790980672870437,0.35790980672870437,0.35790980672870437,0,1.0737294201861132,0,0,0,0.35790980672870437,0.35790980672870437,0.35790980672870437,0.7158196134574087,0.35790980672870437,0.7158196134574087,1.4316392269148175,0.35790980672870437,0.35790980672870437,0.35790980672870437,0.35790980672870437,0.35790980672870437,1.7895490336435218,0.35790980672870437,0.7158196134574087,0.35790980672870437,0.7158196134574087,0,1.7895490336435218,4.294917680744453,0,1.0737294201861132,0.7158196134574087,0.35790980672870437,0.35790980672870437,0.7158196134574087,2.5053686471009304,0,0.35790980672870437,0.35790980672870437,3.2211882605583395,0,0,0.7158196134574087,0,1.4316392269148175,0,0.7158196134574087,0.7158196134574087,0.35790980672870437,1.7895490336435218,0,0,0,0,2.1474588403722263,2.863278453829635,0,0,0.7158196134574087,1.4316392269148175,0.35790980672870437,0,2.5053686471009304,0,1.0737294201861132,0.35790980672870437,0.7158196134574087,2.1474588403722263,2.1474588403722263,0.35790980672870437,0.7158196134574087,0.35790980672870437,0.7158196134574087,0,0,0,0.35790980672870437,0.35790980672870437,0,0.7158196134574087,2.1474588403722263,0,0,0,0,2.1474588403722263,0,0,plehanov
plehanov_krasniy_cyezd_I.txt,4.276550249465432,2.138275124732716,0.3563791874554526,0.3563791874554526,0.3563791874554526,0.3563791874554526,0.3563791874554526,2.851033499643621,28.51033499643621,1.069137562366358,2.138275124732716,1.4255167498218104,1.069137562366358,1.069137562366358,1.4255167498218104,1.069137562366358,0.3563791874554526,6.058446186742694,1.7818959372772631,0,5.702066999287242,0.7127583749109052,3.5637918745545263,2.138275124732716,1.7818959372772631,25.302922309337134,4.989308624376337,3.207412687099074,6.7712045616536,2.4946543121881684,2.138275124732716,0.7127583749109052,2.138275124732716,4.989308624376337,11.404133998574483,0.7127583749109052,0,0,15.680684248039915,0.7127583749109052,0.3563791874554526,0.7127583749109052,7.840342124019958,0.3563791874554526,0,2.138275124732716,0.7127583749109052,3.207412687099074,5.345687811831789,0.7127583749109052,4.989308624376337,0,0.7127583749109052,1.069137562366358,1.7818959372772631,0,0,0.3563791874554526,0,0,9.265858873841768,0,0.7127583749109052,1.4255167498218104,0,2.138275124732716,0,1.069137562366358,9.978617248752673,4.276550249465432,1.069137562366358,3.920171062009979,2.4946543121881684,0.7127583749109052,5.702066999287242,2.4946543121881684,1.4255167498218104,17.462580185317176,1.069137562366358,6.058446186742694,0.7127583749109052,2.138275124732716,0,9.265858873841768,1.7818959372772631,3.5637918745545263,2.138275124732716,0.7127583749109052,1.069137562366358,0,0,0.7127583749109052,0.7127583749109052,0.3563791874554526,4.276550249465432,1.069137562366358,1.069137562366358,0,0.3563791874554526,2.4946543121881684,3.207412687099074,2.4946543121881684,0,1.4255167498218104,0.7127583749109052,4.632929436920884,0.3563791874554526,1.7818959372772631,0,0,0,1.4255167498218104,0,2.138275124732716,1.4255167498218104,1.069137562366358,4.632929436920884,0,0.7127583749109052,0,0.7127583749109052,0,0.7127583749109052,0.7127583749109052,0.7127583749109052,0.7127583749109052,1.069137562366358,0,0.7127583749109052,0.7127583749109052,1.4255167498218104,1.069137562366358,0.7127583749109052,0,0.7127583749109052,0,0.7127583749109052,0,0.3563791874554526,2.138275124732716,0.7127583749109052,0.3563791874554526,6.414825374198148,0.3563791874554526,0,0.3563791874554526,2.138275124732716,3.920171062009979,1.069137562366358,0,5.702066999287242,0.7127583749109052,0,0,0.3563791874554526,0,1.069137562366358,0.7127583749109052,3.920171062009979,2.138275124732716,0.3563791874554526,0.3563791874554526,0.3563791874554526,1.069137562366358,0.3563791874554526,1.069137562366358,0,0.3563791874554526,0,0,0.7127583749109052,2.851033499643621,0.7127583749109052,0.7127583749109052,0.7127583749109052,2.4946543121881684,0,1.069137562366358,1.069137562366358,0.3563791874554526,1.069137562366358,0.7127583749109052,4.632929436920884,0.3563791874554526,0.3563791874554526,0,7.127583749109053,1.069137562366358,2.138275124732716,0.7127583749109052,1.069137562366358,0.3563791874554526,0,3.207412687099074,1.4255167498218104,0.7127583749109052,1.069137562366358,0.3563791874554526,2.138275124732716,0.7127583749109052,0.3563791874554526,0.3563791874554526,1.7818959372772631,0,0.3563791874554526,0.7127583749109052,0.7127583749109052,1.069137562366358,0.7127583749109052,1.069137562366358,0.3563791874554526,1.069137562366358,0.3563791874554526,0.7127583749109052,0,1.069137562366358,0.3563791874554526,1.4255167498218104,0,0.3563791874554526,0.7127583749109052,1.4255167498218104,0.3563791874554526,0.3563791874554526,0.7127583749109052,0.3563791874554526,0.3563791874554526,1.069137562366358,0.3563791874554526,1.069137562366358,0,0.7127583749109052,0.3563791874554526,1.4255167498218104,0.3563791874554526,0,1.069137562366358,0.3563791874554526,0.3563791874554526,1.069137562366358,1.7818959372772631,0.7127583749109052,2.138275124732716,0.7127583749109052,0,1.069137562366358,0,1.4255167498218104,0,1.4255167498218104,0.7127583749109052,1.069137562366358,0,0.7127583749109052,1.4255167498218104,1.069137562366358,0.3563791874554526,0,0.7127583749109052,1.069137562366358,0.3563791874554526,0.7127583749109052,0.3563791874554526,2.138275124732716,0.7127583749109052,1.069137562366358,2.138275124732716,0,0,0.7127583749109052,0.3563791874554526,0.3563791874554526,0,0,0,0.7127583749109052,0.7127583749109052,0.3563791874554526,1.069137562366358,0,0.3563791874554526,0,0.7127583749109052,0,0.3563791874554526,1.4255167498218104,0,0,1.069137562366358,0.3563791874554526,0,0.7127583749109052,2.138275124732716,0,0,0,0,0,0.3563791874554526,0,plehanov
plehanov_logika_rus_terrorizma_I.txt,5.553498704183635,0.7404664938911515,0,2.2213994816734544,1.480932987782303,1.480932987782303,1.1106997408367272,0.37023324694557574,24.435394298407996,2.59163272861903,7.034431691965938,0.37023324694557574,0,0,1.1106997408367272,0.7404664938911515,0,5.553498704183635,0.37023324694557574,0,2.2213994816734544,0.7404664938911515,4.442798963346909,7.034431691965938,3.3320992225101818,28.137726767863754,2.59163272861903,5.18326545723806,8.885597926693817,2.961865975564606,0.37023324694557574,0.7404664938911515,2.961865975564606,4.442798963346909,11.10699740836727,0.37023324694557574,0.37023324694557574,0.7404664938911515,22.21399481673454,0,0,1.1106997408367272,8.145131432802666,0,1.1106997408367272,1.480932987782303,1.1106997408367272,0.37023324694557574,0.37023324694557574,0.7404664938911515,6.6641984450203635,0,0.7404664938911515,0.7404664938911515,0.7404664938911515,2.2213994816734544,1.1106997408367272,3.3320992225101818,0.37023324694557574,1.480932987782303,5.18326545723806,0,0.37023324694557574,0.37023324694557574,1.480932987782303,0.7404664938911515,0,1.1106997408367272,0,2.961865975564606,0,1.1106997408367272,2.961865975564606,3.702332469455757,3.3320992225101818,2.59163272861903,3.3320992225101818,21.103295075897815,1.480932987782303,8.885597926693817,1.8511662347278786,1.480932987782303,4.813032210292484,6.293965198074787,1.480932987782303,2.2213994816734544,2.2213994816734544,1.1106997408367272,0,0,0.7404664938911515,0.37023324694557574,0,0.37023324694557574,0.7404664938911515,0.7404664938911515,0,0.7404664938911515,1.8511662347278786,0,0,1.1106997408367272,0.7404664938911515,1.480932987782303,2.2213994816734544,2.2213994816734544,1.8511662347278786,3.702332469455757,0.37023324694557574,1.480932987782303,0,2.2213994816734544,0.7404664938911515,3.3320992225101818,0.7404664938911515,0.7404664938911515,6.293965198074787,1.1106997408367272,0.7404664938911515,0,0,1.1106997408367272,1.480932987782303,0,1.8511662347278786,1.8511662347278786,0.7404664938911515,0,0.37023324694557574,1.1106997408367272,1.480932987782303,1.480932987782303,1.480932987782303,0,2.59163272861903,0.37023324694557574,2.59163272861903,0,0.37023324694557574,3.3320992225101818,0.7404664938911515,0,3.3320992225101818,1.1106997408367272,0,0,7.034431691965938,2.59163272861903,0.7404664938911515,0.37023324694557574,3.3320992225101818,0.37023324694557574,0,0,0.37023324694557574,1.1106997408367272,0.7404664938911515,1.1106997408367272,0.7404664938911515,1.1106997408367272,0.7404664938911515,0.7404664938911515,0,1.8511662347278786,0,0.37023324694557574,0.37023324694557574,1.480932987782303,0,0.7404664938911515,1.8511662347278786,0.37023324694557574,0.7404664938911515,0,1.1106997408367272,0,0.37023324694557574,1.1106997408367272,0.7404664938911515,0.37023324694557574,0.37023324694557574,0,0,0,1.1106997408367272,0.7404664938911515,8.145131432802666,2.2213994816734544,4.072565716401333,1.480932987782303,1.1106997408367272,0,0.7404664938911515,2.59163272861903,0,0.7404664938911515,1.1106997408367272,0,2.2213994816734544,0.37023324694557574,0.37023324694557574,3.3320992225101818,0.7404664938911515,0,0.7404664938911515,0,0,0.37023324694557574,1.480932987782303,1.1106997408367272,0,1.480932987782303,0.37023324694557574,0.37023324694557574,0.7404664938911515,2.2213994816734544,0.37023324694557574,0.37023324694557574,0,0,0.37023324694557574,0,0,0.37023324694557574,0.37023324694557574,1.1106997408367272,0.37023324694557574,0.37023324694557574,0,1.1106997408367272,0,0.37023324694557574,1.480932987782303,1.480932987782303,0.37023324694557574,1.1106997408367272,1.480932987782303,0,0,0.7404664938911515,3.3320992225101818,0.37023324694557574,1.480932987782303,0,0.37023324694557574,1.1106997408367272,0,0.7404664938911515,0.37023324694557574,1.1106997408367272,0,0.7404664938911515,0,0.37023324694557574,0.37023324694557574,0,1.1106997408367272,0.37023324694557574,2.2213994816734544,0,0,1.1106997408367272,0.7404664938911515,0,0,0,1.8511662347278786,0.37023324694557574,1.1106997408367272,0.37023324694557574,1.1106997408367272,0.7404664938911515,0.37023324694557574,0.37023324694557574,0.37023324694557574,0,0,0,0.37023324694557574,0,0,0.37023324694557574,0,0.37023324694557574,0,1.1106997408367272,0,0,0,0,0,0.37023324694557574,0.37023324694557574,0.37023324694557574,0,0.37023324694557574,0.37023324694557574,0,0,0,plehanov
plehanov_martovskie_idy_I.txt,2.346316283435007,0.9385265133740027,1.4077897700610043,1.4077897700610043,1.4077897700610043,0,0,8.446738620366025,32.8484279680901,2.346316283435007,2.8155795401220085,0.9385265133740027,0,0.9385265133740027,0.46926325668700136,0,0,3.754106053496011,0.9385265133740027,0,7.508212106992022,0.9385265133740027,2.346316283435007,3.754106053496011,1.4077897700610043,36.13327076489911,6.100422336931018,2.8155795401220085,7.0389488503050215,1.8770530267480054,2.346316283435007,0.46926325668700136,0.46926325668700136,1.4077897700610043,8.916001877053027,0,0,0,15.954950727358048,0.46926325668700136,0,0.46926325668700136,7.0389488503050215,0,0,1.4077897700610043,0.46926325668700136,0.46926325668700136,0.46926325668700136,0.46926325668700136,2.346316283435007,0,1.4077897700610043,0.9385265133740027,0,0,0,0.46926325668700136,0,4.2233693101830125,8.916001877053027,1.4077897700610043,0.46926325668700136,1.4077897700610043,1.4077897700610043,0.46926325668700136,0,0,0,2.346316283435007,0,2.346316283435007,0.9385265133740027,2.8155795401220085,4.692632566870014,0.9385265133740027,3.2848427968090097,10.323791647114032,1.4077897700610043,3.2848427968090097,1.8770530267480054,3.2848427968090097,0.9385265133740027,7.0389488503050215,0.46926325668700136,0.9385265133740027,1.8770530267480054,0.9385265133740027,0.46926325668700136,0,2.346316283435007,0,0.46926325668700136,0.46926325668700136,3.754106053496011,1.4077897700610043,0.9385265133740027,3.754106053496011,3.2848427968090097,0,0,0,0.46926325668700136,0.9385265133740027,0.46926325668700136,1.4077897700610043,0,1.8770530267480054,0.9385265133740027,0.46926325668700136,0,1.4077897700610043,0,1.8770530267480054,1.8770530267480054,0,2.346316283435007,1.8770530267480054,2.346316283435007,0.9385265133740027,0,0.46926325668700136,1.4077897700610043,0.46926325668700136,0.9385265133740027,0.9385265133740027,4.2233693101830125,1.8770530267480054,0.46926325668700136,1.8770530267480054,0,1.4077897700610043,1.4077897700610043,0.46926325668700136,0.9385265133740027,0,0.46926325668700136,0,0,3.754106053496011,1.4077897700610043,0,4.2233693101830125,0.46926325668700136,0.46926325668700136,0,0.46926325668700136,3.754106053496011,0.46926325668700136,0,1.4077897700610043,2.346316283435007,0,0.46926325668700136,0,0,0,1.4077897700610043,2.8155795401220085,0.46926325668700136,2.346316283435007,0,0.9385265133740027,0.46926325668700136,1.8770530267480054,1.8770530267480054,0.46926325668700136,0,0.46926325668700136,1.4077897700610043,0,1.8770530267480054,1.4077897700610043,0.46926325668700136,3.2848427968090097,0,0.46926325668700136,0,0,0,3.2848427968090097,0.46926325668700136,0,0.9385265133740027,0.9385265133740027,0.9385265133740027,2.8155795401220085,1.8770530267480054,1.4077897700610043,1.4077897700610043,2.346316283435007,0.9385265133740027,0.46926325668700136,2.346316283435007,1.8770530267480054,0.9385265133740027,1.8770530267480054,0,0.46926325668700136,0,0,0.46926325668700136,4.692632566870014,0,0.9385265133740027,0,0.46926325668700136,0.9385265133740027,1.8770530267480054,0.46926325668700136,0.46926325668700136,1.4077897700610043,0.9385265133740027,0,0.46926325668700136,1.4077897700610043,0,0.9385265133740027,0,0,1.8770530267480054,0.46926325668700136,0.9385265133740027,0,0,1.4077897700610043,0,0.9385265133740027,0,0,1.8770530267480054,0.9385265133740027,0.9385265133740027,0,0,0.9385265133740027,1.4077897700610043,0.46926325668700136,0.46926325668700136,1.8770530267480054,1.8770530267480054,0.9385265133740027,1.4077897700610043,0,0,0,0,2.346316283435007,0,0.46926325668700136,0.46926325668700136,0,0,0.9385265133740027,0.46926325668700136,0.9385265133740027,0,0,1.4077897700610043,1.8770530267480054,0,0.46926325668700136,0.9385265133740027,0,0,0,1.8770530267480054,0,3.754106053496011,0,0,0.46926325668700136,0,0,0.46926325668700136,0,0,0.9385265133740027,0,0,0,0,0,0.9385265133740027,0.46926325668700136,0.46926325668700136,0.46926325668700136,0,0,0,0,0.46926325668700136,0,0,0,0,0.9385265133740027,0.9385265133740027,0.46926325668700136,0,plehanov
plehanov_na_poroge_20v_I.txt,3.257328990228013,0.8143322475570033,0,1.6286644951140066,0.8143322475570033,0.8143322475570033,0,0.8143322475570033,28.50162866449511,1.6286644951140066,1.6286644951140066,1.6286644951140066,0,3.257328990228013,0.8143322475570033,0,1.6286644951140066,8.143322475570033,0.8143322475570033,0.8143322475570033,8.957654723127037,0.8143322475570033,2.4429967426710095,1.6286644951140066,5.700325732899023,40.71661237785016,2.4429967426710095,7.328990228013029,4.885993485342019,0.8143322475570033,2.4429967426710095,0,4.885993485342019,4.071661237785016,8.143322475570033,0,0,0,10.586319218241043,0.8143322475570033,0.8143322475570033,0.8143322475570033,7.328990228013029,0,0.8143322475570033,4.071661237785016,0.8143322475570033,1.6286644951140066,1.6286644951140066,2.4429967426710095,1.6286644951140066,0,0,0.8143322475570033,0,0,0,0.8143322475570033,0,2.4429967426710095,4.885993485342019,0,0,0.8143322475570033,4.071661237785016,0,0.8143322475570033,0,3.257328990228013,3.257328990228013,0,2.4429967426710095,1.6286644951140066,0,0.8143322475570033,2.4429967426710095,3.257328990228013,12.21498371335505,0,4.071661237785016,0.8143322475570033,4.071661237785016,1.6286644951140066,5.700325732899023,2.4429967426710095,1.6286644951140066,1.6286644951140066,0,0,0,0,0,0.8143322475570033,0,0,0,0.8143322475570033,1.6286644951140066,1.6286644951140066,0,0,1.6286644951140066,0.8143322475570033,0,0,3.257328990228013,0.8143322475570033,1.6286644951140066,0.8143322475570033,3.257328990228013,0,0,0,4.885993485342019,1.6286644951140066,0.8143322475570033,2.4429967426710095,0,1.6286644951140066,1.6286644951140066,0,0,0,0,3.257328990228013,1.6286644951140066,4.071661237785016,0.8143322475570033,0.8143322475570033,0.8143322475570033,0,0.8143322475570033,0,0,2.4429967426710095,2.4429967426710095,2.4429967426710095,0,1.6286644951140066,4.885993485342019,0,0.8143322475570033,2.4429967426710095,0.8143322475570033,0,0,1.6286644951140066,0,0,0,2.4429967426710095,0,0,0,0.8143322475570033,0.8143322475570033,0,1.6286644951140066,1.6286644951140066,0.8143322475570033,3.257328990228013,0.8143322475570033,0.8143322475570033,0,0,0,0,0.8143322475570033,0,0,0,0.8143322475570033,0,0,0,2.4429967426710095,3.257328990228013,0.8143322475570033,0,0,0.8143322475570033,0,0,0.8143322475570033,0,0.8143322475570033,5.700325732899023,4.071661237785016,2.4429967426710095,1.6286644951140066,0,0,0,3.257328990228013,0.8143322475570033,1.6286644951140066,1.6286644951140066,0.8143322475570033,0.8143322475570033,0,0,4.885993485342019,0.8143322475570033,0,0.8143322475570033,1.6286644951140066,0.8143322475570033,0,0.8143322475570033,1.6286644951140066,0,0,0,0.8143322475570033,0.8143322475570033,0,0,0.8143322475570033,0,0,4.071661237785016,1.6286644951140066,0,0,0,0.8143322475570033,1.6286644951140066,0,0.8143322475570033,0,0,0.8143322475570033,0,1.6286644951140066,0,0.8143322475570033,2.4429967426710095,0,0,0,4.885993485342019,0,0,0,0,0.8143322475570033,0,0.8143322475570033,0,0.8143322475570033,1.6286644951140066,0,0.8143322475570033,0,0.8143322475570033,0,1.6286644951140066,0,0,0.8143322475570033,0,0,0,0,0,0,0.8143322475570033,0,0.8143322475570033,0,0,0,0.8143322475570033,0,0.8143322475570033,0,0,0,0,0,0,0,0,2.4429967426710095,3.257328990228013,0.8143322475570033,0,0,0,0,0,1.6286644951140066,0,0,0,0,0,0,0,0,plehanov
plehanov_neosnovat_opaseniya.txt,5.167958656330749,0,3.875968992248062,0,1.2919896640826873,1.2919896640826873,0,5.167958656330749,19.37984496124031,1.2919896640826873,2.5839793281653747,0,0,1.2919896640826873,5.167958656330749,0,1.2919896640826873,6.459948320413436,0,0,0,1.2919896640826873,3.875968992248062,1.2919896640826873,0,25.839793281653744,1.2919896640826873,5.167958656330749,3.875968992248062,6.459948320413436,0,3.875968992248062,2.5839793281653747,0,9.04392764857881,0,0,0,31.007751937984494,1.2919896640826873,0,1.2919896640826873,6.459948320413436,0,0,5.167958656330749,1.2919896640826873,2.5839793281653747,5.167958656330749,2.5839793281653747,3.875968992248062,0,0,0,0,0,0,0,0,5.167958656330749,7.751937984496124,0,0,0,0,1.2919896640826873,0,0,2.5839793281653747,2.5839793281653747,0,0,2.5839793281653747,2.5839793281653747,3.875968992248062,6.459948320413436,2.5839793281653747,28.42377260981912,0,7.751937984496124,2.5839793281653747,5.167958656330749,0,10.335917312661499,1.2919896640826873,1.2919896640826873,1.2919896640826873,1.2919896640826873,0,0,0,0,0,0,9.04392764857881,0,1.2919896640826873,0,0,0,0,1.2919896640826873,0,1.2919896640826873,0,2.5839793281653747,3.875968992248062,3.875968992248062,0,0,0,0,0,5.167958656330749,5.167958656330749,0,1.2919896640826873,0,1.2919896640826873,0,2.5839793281653747,0,2.5839793281653747,1.2919896640826873,0,2.5839793281653747,0,1.2919896640826873,0,0,1.2919896640826873,0,2.5839793281653747,0,0,0,7.751937984496124,2.5839793281653747,6.459948320413436,3.875968992248062,0,0,1.2919896640826873,0,0,0,9.04392764857881,5.167958656330749,0,1.2919896640826873,0,0,0,0,0,1.2919896640826873,0,0,6.459948320413436,2.5839793281653747,1.2919896640826873,5.167958656330749,0,1.2919896640826873,0,0,0,1.2919896640826873,0,0,0,5.167958656330749,0,2.5839793281653747,2.5839793281653747,3.875968992248062,0,1.2919896640826873,0,0,2.5839793281653747,0,0,0,1.2919896640826873,0,10.335917312661499,1.2919896640826873,3.875968992248062,2.5839793281653747,0,0,0,2.5839793281653747,2.5839793281653747,2.5839793281653747,0,0,2.5839793281653747,1.2919896640826873,0,5.167958656330749,1.2919896640826873,0,1.2919896640826873,0,0,0,5.167958656330749,1.2919896640826873,0,0,0,0,0,5.167958656330749,0,0,0,0,2.5839793281653747,0,0,0,1.2919896640826873,1.2919896640826873,0,0,1.2919896640826873,1.2919896640826873,0,0,1.2919896640826873,1.2919896640826873,1.2919896640826873,0,0,0,0,0,1.2919896640826873,0,0,0,0,0,0,1.2919896640826873,0,1.2919896640826873,1.2919896640826873,0,0,2.5839793281653747,1.2919896640826873,0,0,0,0,0,0,0,0,0,0,0,1.2919896640826873,1.2919896640826873,0,0,0,0,0,0,0,0,0,1.2919896640826873,0,0,0,0,0,0,3.875968992248062,0,0,0,0,2.5839793281653747,0,0,10.335917312661499,0,0,0,1.2919896640826873,0,0,0,plehanov
plehanov_o_chernoy_sotne.txt,8.595988538681949,0.9551098376313276,0.4775549188156638,0.9551098376313276,0,0,0.9551098376313276,2.3877745940783193,21.012416427889207,0.4775549188156638,5.253104106972302,0,0.9551098376313276,0,1.9102196752626552,0.4775549188156638,0,3.342884431709647,2.865329512893983,0,8.595988538681949,2.3877745940783193,2.3877745940783193,6.685768863419294,1.9102196752626552,32.9512893982808,3.342884431709647,6.685768863419294,7.163323782234958,4.2979942693409745,3.8204393505253105,0.9551098376313276,1.9102196752626552,3.342884431709647,9.073543457497612,4.2979942693409745,1.4326647564469914,0.4775549188156638,20.53486150907354,0.9551098376313276,0.4775549188156638,1.9102196752626552,4.2979942693409745,0.4775549188156638,0.4775549188156638,6.685768863419294,2.3877745940783193,7.640878701050621,0,0.4775549188156638,5.730659025787966,0,0.4775549188156638,0.9551098376313276,0,0,0,1.9102196752626552,0,0.4775549188156638,8.118433619866284,0,0.4775549188156638,1.9102196752626552,0.4775549188156638,0.9551098376313276,0.4775549188156638,2.3877745940783193,0.4775549188156638,2.865329512893983,0.9551098376313276,1.9102196752626552,1.4326647564469914,2.3877745940783193,5.730659025787966,2.865329512893983,3.342884431709647,17.191977077363898,2.3877745940783193,10.506208213944603,0.4775549188156638,1.4326647564469914,0,5.253104106972302,0.4775549188156638,1.4326647564469914,0.9551098376313276,0,1.4326647564469914,0,0.4775549188156638,1.4326647564469914,0,0,0,0.4775549188156638,0,1.9102196752626552,0.4775549188156638,0,1.9102196752626552,0.4775549188156638,0.9551098376313276,0,0,1.4326647564469914,0.9551098376313276,2.3877745940783193,0.4775549188156638,0,0.4775549188156638,0,0,2.865329512893983,0.9551098376313276,0,11.461318051575931,0,0,0,0.9551098376313276,0,1.4326647564469914,0,0,0.4775549188156638,0.4775549188156638,1.4326647564469914,0,1.9102196752626552,0.9551098376313276,0.9551098376313276,0,0.4775549188156638,0.9551098376313276,0,1.9102196752626552,1.4326647564469914,0.4775549188156638,0.9551098376313276,0,0.9551098376313276,3.8204393505253105,0,0,0,2.3877745940783193,6.20821394460363,0,0.4775549188156638,2.865329512893983,0.4775549188156638,0,0,0.9551098376313276,0,0,0.4775549188156638,0.9551098376313276,3.342884431709647,0,0,0,0,0,0,0,0.4775549188156638,0,0,1.4326647564469914,0.9551098376313276,0.4775549188156638,0.4775549188156638,0,0.9551098376313276,0,1.9102196752626552,0.4775549188156638,1.4326647564469914,0,0.4775549188156638,0,0.9551098376313276,0.4775549188156638,0,6.685768863419294,0,1.4326647564469914,0.4775549188156638,3.342884431709647,0,1.4326647564469914,1.9102196752626552,1.9102196752626552,0.9551098376313276,2.3877745940783193,0.9551098376313276,2.3877745940783193,0,0,0.4775549188156638,0.4775549188156638,0,0.9551098376313276,0,1.4326647564469914,0.4775549188156638,1.4326647564469914,0,0,1.4326647564469914,0.4775549188156638,1.4326647564469914,0.4775549188156638,0,0.9551098376313276,0.4775549188156638,0,0.9551098376313276,3.342884431709647,0,1.4326647564469914,0,0.9551098376313276,1.4326647564469914,0,0.4775549188156638,2.3877745940783193,0.4775549188156638,0,0.4775549188156638,0.9551098376313276,0.4775549188156638,0,0.4775549188156638,2.3877745940783193,0,0,0.4775549188156638,2.3877745940783193,0,2.3877745940783193,0.4775549188156638,0.4775549188156638,0,0,0.9551098376313276,0,2.3877745940783193,0.4775549188156638,0,0,0.4775549188156638,0.4775549188156638,0.9551098376313276,0,0.4775549188156638,0.9551098376313276,2.3877745940783193,0,3.8204393505253105,1.4326647564469914,0,0,0.4775549188156638,0,0,0,0,0.4775549188156638,0.4775549188156638,0,0.9551098376313276,0,1.4326647564469914,0,0.9551098376313276,0,0,0,0.4775549188156638,1.4326647564469914,0.4775549188156638,0,0.4775549188156638,0.4775549188156638,0,0,1.4326647564469914,0,0,5.730659025787966,0.4775549188156638,0,0,0.4775549188156638,0,0,0,plehanov
plehanov_otvet_sionistam_I.txt,6.910167818361304,0.9871668311944718,0,0,0,0,0,8.884501480750247,28.627838104639686,0,3.948667324777887,0,0,0,0.9871668311944718,0,1.9743336623889436,4.935834155972359,0,0,6.910167818361304,0.9871668311944718,3.948667324777887,4.935834155972359,0.9871668311944718,25.666337611056267,4.935834155972359,1.9743336623889436,7.897334649555774,0.9871668311944718,0,0.9871668311944718,3.948667324777887,0,16.781836130306022,0.9871668311944718,0,0,30.60217176702863,1.9743336623889436,0,0,11.846001974333662,0,0.9871668311944718,7.897334649555774,3.948667324777887,3.948667324777887,1.9743336623889436,0,3.948667324777887,0,1.9743336623889436,2.9615004935834155,0.9871668311944718,0,0,0.9871668311944718,0,0,10.85883514313919,0,0,1.9743336623889436,0,0,0,1.9743336623889436,3.948667324777887,2.9615004935834155,0,2.9615004935834155,0.9871668311944718,3.948667324777887,3.948667324777887,0.9871668311944718,0.9871668311944718,33.563672260612044,3.948667324777887,13.820335636722607,1.9743336623889436,3.948667324777887,0,8.884501480750247,3.948667324777887,2.9615004935834155,0,0.9871668311944718,1.9743336623889436,0,0,0,0,0.9871668311944718,0,0,1.9743336623889436,0.9871668311944718,0,0.9871668311944718,0,0,0,0.9871668311944718,0,1.9743336623889436,0,0,0,0,0.9871668311944718,0,0,2.9615004935834155,0.9871668311944718,0,4.935834155972359,0,0,0,0.9871668311944718,2.9615004935834155,0.9871668311944718,0,0,0.9871668311944718,0,0,0.9871668311944718,0,0,0,0,0,0,0,0.9871668311944718,0,1.9743336623889436,3.948667324777887,0,1.9743336623889436,10.85883514313919,2.9615004935834155,0,0,0,7.897334649555774,0.9871668311944718,0,2.9615004935834155,0,0,0,0,0,0,0,0.9871668311944718,1.9743336623889436,0,1.9743336623889436,0,0,0,0,0,5.923000987166831,0.9871668311944718,0,0,1.9743336623889436,0.9871668311944718,0.9871668311944718,0.9871668311944718,1.9743336623889436,0,1.9743336623889436,1.9743336623889436,1.9743336623889436,0,0.9871668311944718,0,0,0,0,11.846001974333662,0,3.948667324777887,0.9871668311944718,0,0,1.9743336623889436,4.935834155972359,0.9871668311944718,0.9871668311944718,1.9743336623889436,0.9871668311944718,0.9871668311944718,0,0,0,1.9743336623889436,0,1.9743336623889436,1.9743336623889436,0.9871668311944718,3.948667324777887,2.9615004935834155,0,0.9871668311944718,1.9743336623889436,0.9871668311944718,0,0,0,0,2.9615004935834155,0,0,1.9743336623889436,0,1.9743336623889436,0.9871668311944718,0,0.9871668311944718,0,2.9615004935834155,0.9871668311944718,0.9871668311944718,0,0,0,2.9615004935834155,0,0,0,0,0,1.9743336623889436,6.910167818361304,0,0,0.9871668311944718,0.9871668311944718,2.9615004935834155,0,0,0,0.9871668311944718,0,0,0,0,0,0,0.9871668311944718,0,1.9743336623889436,0,1.9743336623889436,2.9615004935834155,0,0,0,0.9871668311944718,0.9871668311944718,0,0,0.9871668311944718,0.9871668311944718,0,0,0.9871668311944718,0,0,1.9743336623889436,0,1.9743336623889436,0,0,0,0.9871668311944718,0,0,0,1.9743336623889436,0,5.923000987166831,2.9615004935834155,0,0.9871668311944718,10.85883514313919,0.9871668311944718,0,0,0.9871668311944718,0,0,0,plehanov
plehanov_pervie_frazy_uchenia.txt,4.931939238508582,0.9863878477017164,0.3945551390806865,2.4988492141776812,1.7754981258630893,1.7097389360163082,0.26303675938712434,3.0906819227987112,30.578023278753207,2.4988492141776812,2.827645163411587,0.26303675938712434,0.5260735187742487,1.3151837969356217,1.1836654172420598,0.3287959492339054,0.13151837969356217,3.3537186821858356,2.235812454790557,0.789110278161373,7.299270072992701,1.0521470375484974,3.0906819227987112,3.61675544157296,2.4988492141776812,36.825146314197404,3.2879594923390547,4.734661668968239,6.707437364371671,2.6303675938712434,2.170053264943776,0.7233510883145919,1.512461366475965,4.471624909581114,11.047543894259222,0.6575918984678109,0.5918327086210299,0.8548694680081541,16.30827908200171,0.5260735187742487,0.13151837969356217,0.9206286578549352,7.628066022226606,0.3945551390806865,0.4603143289274676,4.471624909581114,0.789110278161373,3.8797922009600843,1.1179062273952785,0.5260735187742487,3.748273821266522,0.13151837969356217,0.5260735187742487,1.9727756954034328,0.6575918984678109,0.19727756954034326,0.06575918984678109,0.9206286578549352,0.06575918984678109,0.8548694680081541,9.140527388702571,0.6575918984678109,0.4603143289274676,1.8412573157098704,0.9863878477017164,0.6575918984678109,0.3287959492339054,1.3809429867824028,0.8548694680081541,3.222200302492273,1.3151837969356217,2.3673308344841195,1.6439797461695274,2.1042940750969947,3.61675544157296,1.9070165055566515,2.3673308344841195,17.68922206878411,1.7754981258630893,6.115604655750642,1.9070165055566515,2.170053264943776,2.8934043532583678,4.340106529887552,0.8548694680081541,1.3151837969356217,3.156441112645492,0.7233510883145919,0.4603143289274676,0,1.2494246070888406,0.9206286578549352,1.2494246070888406,0.3945551390806865,4.668902479121457,0.4603143289274676,0.4603143289274676,0.5260735187742487,0.26303675938712434,0.3945551390806865,0.3287959492339054,0.3287959492339054,0.19727756954034326,0.8548694680081541,0.9206286578549352,2.827645163411587,1.578220556322746,2.827645163411587,0.9206286578549352,0.26303675938712434,1.3809429867824028,1.1836654172420598,0.19727756954034326,2.6961267837180247,1.8412573157098704,0.4603143289274676,7.167751693299139,0.5918327086210299,2.827645163411587,2.8934043532583678,0.3287959492339054,0.789110278161373,0.5918327086210299,0.3945551390806865,1.578220556322746,1.7754981258630893,2.3673308344841195,0.5260735187742487,0.4603143289274676,1.6439797461695274,0.789110278161373,0.9863878477017164,0.6575918984678109,0.3287959492339054,0.7233510883145919,0.26303675938712434,0.7233510883145919,0.3287959492339054,0.13151837969356217,1.6439797461695274,0.6575918984678109,0.5260735187742487,5.326494377589269,1.3809429867824028,2.3673308344841195,0.4603143289274676,2.170053264943776,4.142828960347209,0.13151837969356217,0.19727756954034326,1.578220556322746,0.9863878477017164,0.19727756954034326,0.3287959492339054,0.5918327086210299,0,0.19727756954034326,0.5260735187742487,1.3809429867824028,2.3015716446373378,0.5260735187742487,0.13151837969356217,0.26303675938712434,0.3945551390806865,0.789110278161373,0.13151837969356217,0.19727756954034326,0,0,0.26303675938712434,0.06575918984678109,1.7097389360163082,0.3945551390806865,0.06575918984678109,0.8548694680081541,0.26303675938712434,1.1179062273952785,0.8548694680081541,0.3287959492339054,0.4603143289274676,1.7097389360163082,1.1179062273952785,0,0.6575918984678109,0.5260735187742487,0.26303675938712434,5.852567896363516,1.2494246070888406,2.1042940750969947,0.9206286578549352,0.9863878477017164,0.4603143289274676,0,1.512461366475965,1.578220556322746,1.2494246070888406,1.1836654172420598,0.789110278161373,1.0521470375484974,0.19727756954034326,0.26303675938712434,0.26303675938712434,1.7754981258630893,0.4603143289274676,0.4603143289274676,1.0521470375484974,0.13151837969356217,0.5260735187742487,0.9863878477017164,0.4603143289274676,1.1179062273952785,0.8548694680081541,0.6575918984678109,0.6575918984678109,0.3287959492339054,1.1179062273952785,0.13151837969356217,0.5260735187742487,0,0.06575918984678109,1.512461366475965,0.7233510883145919,0.26303675938712434,0,0.19727756954034326,0.3945551390806865,0.3287959492339054,0.5918327086210299,0.5260735187742487,0.5918327086210299,0.13151837969356217,0.26303675938712434,0.5260735187742487,0.7233510883145919,0.7233510883145919,0.5260735187742487,1.0521470375484974,0.4603143289274676,0.3287959492339054,1.1836654172420598,1.7097389360163082,0.3945551390806865,1.8412573157098704,0.19727756954034326,0.19727756954034326,0.4603143289274676,0,0.6575918984678109,0.13151837969356217,0.8548694680081541,0.13151837969356217,0.4603143289274676,0.3287959492339054,0.3945551390806865,0.13151837969356217,0.9863878477017164,0.5918327086210299,0.06575918984678109,0.3945551390806865,0.4603143289274676,0,1.4467021766291839,0.3945551390806865,0,0,0,0.5260735187742487,0.26303675938712434,0.3287959492339054,0.5260735187742487,0.8548694680081541,0.6575918984678109,0.3945551390806865,0.19727756954034326,0.5260735187742487,0.06575918984678109,1.1179062273952785,0.4603143289274676,0.4603143289274676,0.3945551390806865,0.3287959492339054,0.13151837969356217,0.3945551390806865,1.7097389360163082,2.1042940750969947,0.3287959492339054,0.5260735187742487,0.3945551390806865,0.26303675938712434,0.13151837969356217,0,1.1179062273952785,0.9206286578549352,0.4603143289274676,0,0,0.3287959492339054,0.3287959492339054,0.19727756954034326,0,plehanov
plehanov_pessimizm_kak_otrazhenie.txt,6.378751437833316,0.8365575656174841,0.41827878280874203,0,0.20913939140437102,0.10456969570218551,0.10456969570218551,5.437624176513646,27.815539056781343,1.1502666527240406,4.2873575237896056,0.31370908710655654,0.6274181742131131,0.9411272613196695,1.3594060441284115,0.20913939140437102,0,4.18278782808742,2.927951479661194,0.20913939140437102,7.633587786259541,2.09139391404371,2.4051030011502665,2.5096726968524523,2.718812088256823,39.422775279723936,2.927951479661194,2.718812088256823,7.529018090557356,2.5096726968524523,1.2548363484262262,0.6274181742131131,1.045696957021855,6.797030220642059,10.352399874516365,0.41827878280874203,0.5228484785109275,1.3594060441284115,21.959636097458954,1.3594060441284115,0,1.9868242183415243,9.202133221792325,1.1502666527240406,0.31370908710655654,7.110739307748615,1.463975739830597,4.810206002300533,0,0.41827878280874203,5.12391508940709,0,0.10456969570218551,2.300533305448081,0.7319878699152985,0.10456969570218551,0.10456969570218551,1.5685454355327826,0,0.10456969570218551,8.888424134685769,0.9411272613196695,0.20913939140437102,1.3594060441284115,0.5228484785109275,1.6731151312349681,0.41827878280874203,1.882254522639339,0,3.6599393495764927,0.5228484785109275,2.718812088256823,2.4051030011502665,2.195963609745896,3.3462302624699363,5.228484785109275,2.300533305448081,16.417442225243125,1.2548363484262262,5.3330544808114615,1.5685454355327826,1.1502666527240406,0,5.6467635679180175,1.9868242183415243,1.2548363484262262,2.8233817839590087,0.31370908710655654,0.6274181742131131,0,1.045696957021855,0.31370908710655654,0.5228484785109275,0.10456969570218551,3.03252117536338,0.6274181742131131,0.41827878280874203,0.41827878280874203,0,0,0,0,0,0.31370908710655654,0.31370908710655654,2.195963609745896,1.045696957021855,2.5096726968524523,1.5685454355327826,1.045696957021855,0.20913939140437102,0,0,1.882254522639339,1.882254522639339,0.10456969570218551,7.110739307748615,0.7319878699152985,0.41827878280874203,0.10456969570218551,0.5228484785109275,0.41827878280874203,0.8365575656174841,0.31370908710655654,1.882254522639339,1.3594060441284115,1.5685454355327826,1.1502666527240406,0.41827878280874203,1.2548363484262262,0.9411272613196695,0.20913939140437102,0.41827878280874203,0.20913939140437102,1.7776848269371537,0.7319878699152985,4.18278782808742,1.6731151312349681,1.7776848269371537,3.241660566767751,2.195963609745896,1.6731151312349681,4.705636306598348,0.6274181742131131,0.20913939140437102,0.5228484785109275,1.463975739830597,3.4507999581721216,0,0.10456969570218551,1.5685454355327826,0.8365575656174841,0,0,0,0,0.10456969570218551,0.10456969570218551,0,0.8365575656174841,0.41827878280874203,0.10456969570218551,0.10456969570218551,0.6274181742131131,0,0,0,1.3594060441284115,0.9411272613196695,0.20913939140437102,0,1.3594060441284115,0.41827878280874203,0.31370908710655654,1.7776848269371537,1.882254522639339,0.31370908710655654,1.1502666527240406,0.31370908710655654,0.6274181742131131,0.9411272613196695,0.6274181742131131,0,0.41827878280874203,0,0.31370908710655654,6.169612046428944,0.7319878699152985,1.882254522639339,0.31370908710655654,0.31370908710655654,0.9411272613196695,0.41827878280874203,1.6731151312349681,1.9868242183415243,0.8365575656174841,1.045696957021855,0.20913939140437102,1.1502666527240406,0,0.10456969570218551,1.045696957021855,2.927951479661194,0.10456969570218551,0.6274181742131131,1.045696957021855,1.2548363484262262,0.31370908710655654,1.2548363484262262,1.463975739830597,0.9411272613196695,2.195963609745896,0.5228484785109275,1.045696957021855,0.5228484785109275,2.927951479661194,0.20913939140437102,0.5228484785109275,0,0.10456969570218551,1.1502666527240406,0.5228484785109275,0.8365575656174841,0.5228484785109275,0.7319878699152985,0.6274181742131131,0.41827878280874203,0.41827878280874203,1.045696957021855,0.5228484785109275,0.10456969570218551,0.8365575656174841,1.045696957021855,1.5685454355327826,0.31370908710655654,0.7319878699152985,0.5228484785109275,0.9411272613196695,0,0.6274181742131131,1.882254522639339,0.41827878280874203,1.045696957021855,0.5228484785109275,0.31370908710655654,0.5228484785109275,0,0.41827878280874203,0.31370908710655654,1.045696957021855,0.9411272613196695,0,0,1.1502666527240406,0,0.20913939140437102,0.6274181742131131,0.10456969570218551,0.5228484785109275,0.5228484785109275,0,1.045696957021855,0.20913939140437102,0,0,0,0.31370908710655654,0.20913939140437102,1.1502666527240406,0.31370908710655654,0.5228484785109275,0.5228484785109275,0.10456969570218551,0.41827878280874203,0.20913939140437102,0.20913939140437102,0.31370908710655654,0.41827878280874203,0.6274181742131131,0.10456969570218551,1.7776848269371537,0,0.8365575656174841,1.2548363484262262,0,0.5228484785109275,0.31370908710655654,0.20913939140437102,0.6274181742131131,0.6274181742131131,0,0.7319878699152985,2.5096726968524523,0.20913939140437102,0,0.20913939140437102,0.20913939140437102,0,0,0,plehanov
plehanov_pismo_k_rabochim.txt,9.345794392523365,0,1.8691588785046729,0,0,0,0,3.7383177570093458,22.429906542056074,1.8691588785046729,7.4766355140186915,3.7383177570093458,1.8691588785046729,1.8691588785046729,0,1.8691588785046729,0,5.607476635514018,1.8691588785046729,0,5.607476635514018,0,3.7383177570093458,5.607476635514018,7.4766355140186915,20.560747663551403,1.8691588785046729,0,5.607476635514018,5.607476635514018,1.8691588785046729,1.8691588785046729,1.8691588785046729,11.214953271028037,13.08411214953271,0,5.607476635514018,5.607476635514018,31.77570093457944,1.8691588785046729,1.8691588785046729,0,3.7383177570093458,0,0,5.607476635514018,9.345794392523365,3.7383177570093458,3.7383177570093458,0,0,0,0,7.4766355140186915,0,1.8691588785046729,5.607476635514018,0,0,1.8691588785046729,13.08411214953271,0,0,0,0,1.8691588785046729,0,0,0,1.8691588785046729,0,7.4766355140186915,13.08411214953271,0,0,3.7383177570093458,3.7383177570093458,22.429906542056074,1.8691588785046729,5.607476635514018,0,0,1.8691588785046729,5.607476635514018,0,1.8691588785046729,1.8691588785046729,0,1.8691588785046729,0,1.8691588785046729,0,3.7383177570093458,0,9.345794392523365,0,0,5.607476635514018,0,0,0,0,0,3.7383177570093458,0,3.7383177570093458,0,3.7383177570093458,1.8691588785046729,0,0,0,0,1.8691588785046729,1.8691588785046729,0,9.345794392523365,0,1.8691588785046729,0,0,0,0,0,0,1.8691588785046729,1.8691588785046729,0,0,0,1.8691588785046729,0,0,0,1.8691588785046729,1.8691588785046729,3.7383177570093458,1.8691588785046729,5.607476635514018,1.8691588785046729,0,1.8691588785046729,0,1.8691588785046729,0,0,0,1.8691588785046729,0,0,1.8691588785046729,0,0,0,0,0,0,0,0,3.7383177570093458,1.8691588785046729,3.7383177570093458,0,0,0,0,0,0,0,1.8691588785046729,3.7383177570093458,0,0,1.8691588785046729,1.8691588785046729,1.8691588785046729,0,0,0,0,0,0,0,0,0,1.8691588785046729,5.607476635514018,0,0,3.7383177570093458,0,0,0,3.7383177570093458,0,0,5.607476635514018,0,1.8691588785046729,0,0,5.607476635514018,0,0,1.8691588785046729,0,0,0,0,0,0,0,1.8691588785046729,1.8691588785046729,1.8691588785046729,0,0,0,1.8691588785046729,0,0,0,0,0,0,1.8691588785046729,1.8691588785046729,0,0,0,0,1.8691588785046729,0,0,0,0,0,0,0,0,0,0,1.8691588785046729,0,0,1.8691588785046729,0,0,0,0,0,0,0,0,0,0,0,0,0,1.8691588785046729,0,1.8691588785046729,1.8691588785046729,0,0,0,0,3.7383177570093458,0,0,1.8691588785046729,0,0,0,0,0,0,0,0,0,9.345794392523365,0,1.8691588785046729,0,1.8691588785046729,1.8691588785046729,0,0,0,0,0,0,1.8691588785046729,0,0,3.7383177570093458,0,0,0,0,plehanov
plehanov_police_anisemitizm_I.txt,4.829123328380387,1.8573551263001484,0,0,0,0.3714710252600297,0.3714710252600297,6.686478454680534,24.14561664190193,0.7429420505200593,5.943536404160475,0,1.4858841010401187,1.1144130757800892,0,0,0.3714710252600297,2.2288261515601784,1.1144130757800892,0.3714710252600297,5.200594353640416,0.7429420505200593,4.457652303120357,4.0861812778603275,2.600297176820208,34.54680534918277,5.5720653789004455,3.343239227340267,5.943536404160475,2.9717682020802374,0.3714710252600297,1.1144130757800892,0,6.686478454680534,11.88707280832095,1.8573551263001484,0,0,30.460624071322435,0.3714710252600297,0.7429420505200593,0,9.286775631500744,0.7429420505200593,1.1144130757800892,1.8573551263001484,1.1144130757800892,2.9717682020802374,0.7429420505200593,1.1144130757800892,2.600297176820208,0.3714710252600297,0.3714710252600297,2.2288261515601784,0.7429420505200593,0.3714710252600297,0.7429420505200593,1.4858841010401187,0,1.1144130757800892,8.915304606240714,0.3714710252600297,0.3714710252600297,0,0.3714710252600297,0.7429420505200593,0,1.8573551263001484,2.9717682020802374,2.600297176820208,0,1.4858841010401187,3.714710252600297,1.8573551263001484,2.600297176820208,1.8573551263001484,3.714710252600297,20.802377414561665,2.600297176820208,7.800891530460624,1.4858841010401187,0.7429420505200593,1.4858841010401187,8.172362555720655,0.7429420505200593,2.2288261515601784,1.8573551263001484,0.7429420505200593,0.7429420505200593,0,0.3714710252600297,0.3714710252600297,1.1144130757800892,0.7429420505200593,7.429420505200594,0.3714710252600297,0,0.7429420505200593,0.7429420505200593,0.3714710252600297,1.1144130757800892,0,0.3714710252600297,0.3714710252600297,0.7429420505200593,3.343239227340267,1.8573551263001484,2.600297176820208,0,0,1.4858841010401187,0,0.3714710252600297,1.4858841010401187,1.8573551263001484,0.7429420505200593,5.200594353640416,0.3714710252600297,0,0,0.7429420505200593,1.1144130757800892,1.1144130757800892,1.4858841010401187,1.8573551263001484,0.3714710252600297,1.4858841010401187,1.1144130757800892,0.7429420505200593,0.3714710252600297,0,0.7429420505200593,0,0,1.4858841010401187,1.4858841010401187,2.2288261515601784,0,0.7429420505200593,4.0861812778603275,0.7429420505200593,1.8573551263001484,2.600297176820208,0,0.3714710252600297,0,0.3714710252600297,2.600297176820208,0.3714710252600297,0,2.600297176820208,1.4858841010401187,0,0.7429420505200593,0.3714710252600297,1.1144130757800892,0,0.7429420505200593,1.8573551263001484,1.1144130757800892,0.3714710252600297,1.4858841010401187,0,0,0,0,0,0.3714710252600297,0,0.3714710252600297,0,0,1.1144130757800892,0.7429420505200593,0.3714710252600297,1.8573551263001484,0.3714710252600297,1.1144130757800892,0.3714710252600297,1.1144130757800892,0.3714710252600297,0.7429420505200593,0,0,0.7429420505200593,0.3714710252600297,7.429420505200594,2.600297176820208,2.2288261515601784,0.7429420505200593,0.3714710252600297,0,0.3714710252600297,0.7429420505200593,0.3714710252600297,1.8573551263001484,2.600297176820208,0.3714710252600297,2.600297176820208,0,0,0.7429420505200593,2.9717682020802374,0,2.2288261515601784,0.7429420505200593,0.7429420505200593,1.1144130757800892,1.4858841010401187,1.4858841010401187,0,1.1144130757800892,0.7429420505200593,0,0,0.7429420505200593,0.3714710252600297,0.3714710252600297,0,0.3714710252600297,2.600297176820208,0.3714710252600297,0,0,0,1.8573551263001484,0.3714710252600297,1.1144130757800892,0.3714710252600297,0.3714710252600297,0,0.3714710252600297,0.7429420505200593,1.4858841010401187,0.3714710252600297,0.3714710252600297,0,0,0.3714710252600297,0.7429420505200593,2.2288261515601784,0.7429420505200593,1.8573551263001484,0,0,0,0.3714710252600297,0.3714710252600297,0,0.3714710252600297,0.3714710252600297,0.3714710252600297,0,0.3714710252600297,0,0.3714710252600297,0.3714710252600297,0,0.7429420505200593,0.7429420505200593,0,0.7429420505200593,0.3714710252600297,0,0,0.3714710252600297,0,0.7429420505200593,0.3714710252600297,0,0.7429420505200593,0.7429420505200593,0.7429420505200593,0.3714710252600297,0.3714710252600297,0,0,0.3714710252600297,0.3714710252600297,0.7429420505200593,1.1144130757800892,0,0.3714710252600297,0,0,0,1.1144130757800892,0,0,0.3714710252600297,0.3714710252600297,2.2288261515601784,1.8573551263001484,0,0,0,0.3714710252600297,0,0,0,plehanov
plehanov_pora_obyasnitsya.txt,5.970149253731344,0.746268656716418,0,0,0,0.746268656716418,1.492537313432836,1.492537313432836,18.656716417910445,2.238805970149254,1.492537313432836,1.492537313432836,0.746268656716418,0.746268656716418,1.492537313432836,0,0,1.492537313432836,5.970149253731344,0,2.238805970149254,1.492537313432836,3.7313432835820897,5.970149253731344,2.238805970149254,24.62686567164179,4.477611940298508,2.238805970149254,10.447761194029852,2.238805970149254,2.238805970149254,2.238805970149254,2.985074626865672,2.985074626865672,12.686567164179104,0.746268656716418,0,0.746268656716418,26.119402985074625,0.746268656716418,0,2.238805970149254,11.940298507462687,2.238805970149254,2.985074626865672,3.7313432835820897,0,5.970149253731344,2.985074626865672,0.746268656716418,8.955223880597016,0,0,0.746268656716418,0.746268656716418,0,0.746268656716418,1.492537313432836,0,0,10.447761194029852,0,0,0,0,0.746268656716418,0.746268656716418,1.492537313432836,0.746268656716418,2.985074626865672,0.746268656716418,0.746268656716418,0.746268656716418,2.238805970149254,8.208955223880597,2.238805970149254,0.746268656716418,21.64179104477612,0,13.432835820895523,1.492537313432836,0.746268656716418,0.746268656716418,5.970149253731344,2.985074626865672,3.7313432835820897,2.238805970149254,0.746268656716418,0,1.492537313432836,0,0.746268656716418,1.492537313432836,0,0.746268656716418,0,0.746268656716418,0,0,0,0.746268656716418,2.238805970149254,1.492537313432836,0.746268656716418,0.746268656716418,5.223880597014926,2.238805970149254,0.746268656716418,0,0,0,0,0,2.238805970149254,0.746268656716418,0,6.7164179104477615,1.492537313432836,0,0,0,0,1.492537313432836,0,0.746268656716418,0.746268656716418,0.746268656716418,0,0,1.492537313432836,0,0.746268656716418,0,0,0,1.492537313432836,0.746268656716418,0,0,0.746268656716418,0.746268656716418,1.492537313432836,1.492537313432836,2.238805970149254,0,0.746268656716418,5.970149253731344,0.746268656716418,0,0,2.985074626865672,0,0.746268656716418,0.746268656716418,0,0,0,0,0,2.238805970149254,0,0.746268656716418,0.746268656716418,0.746268656716418,0,0,0,0,0,0,5.223880597014926,1.492537313432836,0.746268656716418,0,1.492537313432836,2.238805970149254,0,0,0,0,1.492537313432836,0.746268656716418,0,0,0,0.746268656716418,8.208955223880597,0.746268656716418,0,0.746268656716418,2.238805970149254,0,0.746268656716418,1.492537313432836,0,0,3.7313432835820897,0.746268656716418,1.492537313432836,0.746268656716418,0,1.492537313432836,0,0.746268656716418,2.985074626865672,2.238805970149254,0.746268656716418,0,0.746268656716418,0,1.492537313432836,1.492537313432836,0,0,0.746268656716418,0.746268656716418,0,0.746268656716418,0,0,0.746268656716418,2.238805970149254,0.746268656716418,0,0.746268656716418,1.492537313432836,1.492537313432836,0,0.746268656716418,0.746268656716418,0.746268656716418,0.746268656716418,0,0.746268656716418,2.985074626865672,0.746268656716418,0.746268656716418,2.238805970149254,0.746268656716418,0.746268656716418,4.477611940298508,0,3.7313432835820897,0,0.746268656716418,1.492537313432836,0,0.746268656716418,0.746268656716418,1.492537313432836,0,1.492537313432836,0,2.238805970149254,5.970149253731344,0.746268656716418,0,0,1.492537313432836,0,0,1.492537313432836,0.746268656716418,0,0,0,0.746268656716418,0,0.746268656716418,0,0.746268656716418,0,1.492537313432836,2.985074626865672,2.238805970149254,0,2.238805970149254,0,0,0.746268656716418,2.238805970149254,0,0,0,0,1.492537313432836,0,0,0,4.477611940298508,0,2.238805970149254,9.701492537313433,0.746268656716418,0,0,0.746268656716418,0,0,0,plehanov
plehanov_simptomat_mistake.txt,6.662628709872804,0.6056935190793459,1.2113870381586918,1.2113870381586918,0,0,0,5.451241671714113,21.199273167777108,0.6056935190793459,3.0284675953967293,0,0.6056935190793459,0,0.6056935190793459,0.6056935190793459,0,3.634161114476075,1.2113870381586918,0,11.50817686250757,1.2113870381586918,3.634161114476075,6.0569351907934585,1.2113870381586918,36.94730466384009,4.845548152634767,3.634161114476075,7.26832222895215,0,2.4227740763173835,0.6056935190793459,3.0284675953967293,0.6056935190793459,11.50817686250757,0.6056935190793459,0,0,27.256208358570564,1.2113870381586918,0,1.2113870381586918,9.691096305269534,0.6056935190793459,0.6056935190793459,4.845548152634767,1.2113870381586918,3.0284675953967293,0,1.8170805572380375,6.0569351907934585,0.6056935190793459,0,1.2113870381586918,0,0,0,0.6056935190793459,0,0,7.26832222895215,0.6056935190793459,0.6056935190793459,1.2113870381586918,0,0.6056935190793459,0.6056935190793459,3.0284675953967293,0,3.634161114476075,1.8170805572380375,4.239854633555421,3.634161114476075,1.8170805572380375,6.0569351907934585,2.4227740763173835,1.8170805572380375,19.987886129618413,3.0284675953967293,7.874015748031496,2.4227740763173835,0.6056935190793459,0,7.874015748031496,1.2113870381586918,6.0569351907934585,1.2113870381586918,0,1.8170805572380375,0,0.6056935190793459,0,0.6056935190793459,0,0,0,0,1.8170805572380375,3.634161114476075,0,0,1.2113870381586918,0.6056935190793459,0,0,3.634161114476075,1.2113870381586918,1.8170805572380375,0,0.6056935190793459,0.6056935190793459,0,0,0.6056935190793459,3.0284675953967293,2.4227740763173835,7.26832222895215,0.6056935190793459,0,0,1.8170805572380375,0,2.4227740763173835,0,0.6056935190793459,1.2113870381586918,1.8170805572380375,0,0,3.0284675953967293,0,2.4227740763173835,0,0,0.6056935190793459,0,3.0284675953967293,2.4227740763173835,1.8170805572380375,0.6056935190793459,0.6056935190793459,1.2113870381586918,3.0284675953967293,1.2113870381586918,1.2113870381586918,0.6056935190793459,5.451241671714113,4.845548152634767,0,1.2113870381586918,4.239854633555421,2.4227740763173835,0,0,0,0,1.2113870381586918,0,0,0.6056935190793459,0,0,0,1.2113870381586918,0,0,0,2.4227740763173835,1.8170805572380375,0,0.6056935190793459,0,1.2113870381586918,0,3.0284675953967293,0,0,0,0,0,0.6056935190793459,0.6056935190793459,0,0,0.6056935190793459,2.4227740763173835,3.0284675953967293,0.6056935190793459,3.634161114476075,1.8170805572380375,1.2113870381586918,0,0.6056935190793459,2.4227740763173835,2.4227740763173835,1.8170805572380375,1.2113870381586918,0.6056935190793459,1.2113870381586918,0.6056935190793459,0,0,1.8170805572380375,1.2113870381586918,1.2113870381586918,0.6056935190793459,0,0.6056935190793459,0,1.2113870381586918,1.2113870381586918,0.6056935190793459,0.6056935190793459,1.2113870381586918,0.6056935190793459,2.4227740763173835,0,0.6056935190793459,0,1.2113870381586918,0,0,0,0,0,1.8170805572380375,0.6056935190793459,0.6056935190793459,3.0284675953967293,0.6056935190793459,0,1.8170805572380375,0.6056935190793459,1.2113870381586918,0.6056935190793459,0,0,0.6056935190793459,0,2.4227740763173835,4.845548152634767,0.6056935190793459,3.0284675953967293,1.8170805572380375,0.6056935190793459,0.6056935190793459,0,0.6056935190793459,0,1.2113870381586918,0.6056935190793459,0.6056935190793459,0,0,0,0.6056935190793459,0,0,1.8170805572380375,0.6056935190793459,0,1.2113870381586918,0,0,0,0,0.6056935190793459,0.6056935190793459,0,0,3.0284675953967293,0.6056935190793459,0.6056935190793459,1.8170805572380375,0,0,3.0284675953967293,0.6056935190793459,1.8170805572380375,0.6056935190793459,0,0,1.2113870381586918,0,0,0,0.6056935190793459,0,1.2113870381586918,2.4227740763173835,0,0,7.874015748031496,0,0,1.8170805572380375,0.6056935190793459,0,0.6056935190793459,0,plehanov
plehanov_slovo_prinadlezhit_menshevikam.txt,11.162790697674419,0,0,0,0,0,0,2.7906976744186047,26.976744186046513,0.930232558139535,2.7906976744186047,0,0,0.930232558139535,0,0,0,5.5813953488372094,1.86046511627907,0,4.651162790697675,0,8.372093023255815,3.72093023255814,1.86046511627907,28.83720930232558,3.72093023255814,2.7906976744186047,4.651162790697675,0,1.86046511627907,1.86046511627907,4.651162790697675,1.86046511627907,11.162790697674419,0.930232558139535,0,0,30.697674418604652,0.930232558139535,0.930232558139535,1.86046511627907,9.30232558139535,0,0,0.930232558139535,4.651162790697675,2.7906976744186047,6.511627906976744,0.930232558139535,7.44186046511628,0,0.930232558139535,0,0.930232558139535,0,0,3.72093023255814,0,0,13.023255813953488,1.86046511627907,0,0.930232558139535,0,0.930232558139535,0,0,0,3.72093023255814,0.930232558139535,0.930232558139535,0,0.930232558139535,10.232558139534882,2.7906976744186047,0.930232558139535,17.674418604651162,0.930232558139535,4.651162790697675,1.86046511627907,0,0.930232558139535,16.74418604651163,0,5.5813953488372094,2.7906976744186047,0.930232558139535,2.7906976744186047,0,0.930232558139535,0.930232558139535,0.930232558139535,0,0.930232558139535,0,0,0,0.930232558139535,0,0,0.930232558139535,1.86046511627907,0,1.86046511627907,1.86046511627907,0.930232558139535,4.651162790697675,0,0,0,0,0,1.86046511627907,0,0.930232558139535,10.232558139534882,0.930232558139535,0,0,2.7906976744186047,0.930232558139535,0,0,0.930232558139535,0,2.7906976744186047,0,0,0.930232558139535,1.86046511627907,0,0,0.930232558139535,0,0.930232558139535,2.7906976744186047,2.7906976744186047,7.44186046511628,0.930232558139535,0,0,10.232558139534882,0.930232558139535,0,0,3.72093023255814,0.930232558139535,0,0,1.86046511627907,0,0.930232558139535,0,0,0.930232558139535,0.930232558139535,0,0,0,0.930232558139535,0,0,0,0,0,0,0.930232558139535,0,0.930232558139535,0,3.72093023255814,0.930232558139535,0,1.86046511627907,0.930232558139535,0,0.930232558139535,0,1.86046511627907,0.930232558139535,0.930232558139535,0,0.930232558139535,0.930232558139535,0,5.5813953488372094,0.930232558139535,4.651162790697675,2.7906976744186047,1.86046511627907,0,0,0,0.930232558139535,0.930232558139535,3.72093023255814,0,0.930232558139535,0,0,0.930232558139535,0.930232558139535,0,0.930232558139535,0,1.86046511627907,3.72093023255814,0.930232558139535,0,3.72093023255814,1.86046511627907,0,1.86046511627907,0.930232558139535,0.930232558139535,0,0,0,0,0.930232558139535,0,0,0,1.86046511627907,0,0,2.7906976744186047,0,0,0,1.86046511627907,0,0,0,0,0.930232558139535,3.72093023255814,0,0.930232558139535,0.930232558139535,0.930232558139535,4.651162790697675,0,0.930232558139535,0,0,0,0,0.930232558139535,1.86046511627907,0.930232558139535,0,1.86046511627907,2.7906976744186047,0,0,0,2.7906976744186047,0.930232558139535,0,0,0.930232558139535,0,0,0,0.930232558139535,0,0,0,1.86046511627907,0.930232558139535,0,0,0,0,1.86046511627907,0,0.930232558139535,0,11.162790697674419,0,0.930232558139535,0,0,0,0,0,5.5813953488372094,6.511627906976744,0,0,14.88372093023256,0,0.930232558139535,0,0.930232558139535,0,0,0.930232558139535,plehanov
plehanov_torzhestvo_sr_I.txt,2.5684931506849313,0,0.8561643835616438,0,0,0.8561643835616438,0,2.5684931506849313,22.26027397260274,0,7.705479452054794,0,0,0,0.8561643835616438,0,0.8561643835616438,3.4246575342465753,6.8493150684931505,0,2.5684931506849313,0,0.8561643835616438,2.5684931506849313,1.7123287671232876,29.109589041095887,1.7123287671232876,3.4246575342465753,4.280821917808219,2.5684931506849313,0.8561643835616438,1.7123287671232876,3.4246575342465753,8.561643835616438,10.273972602739725,0,0,0,21.404109589041095,0,0,0.8561643835616438,6.8493150684931505,0.8561643835616438,0,0,0,3.4246575342465753,4.280821917808219,5.993150684931506,15.410958904109588,0.8561643835616438,4.280821917808219,1.7123287671232876,0,0,0,0,0,0,5.993150684931506,0,1.7123287671232876,2.5684931506849313,0,2.5684931506849313,0,0,5.136986301369863,5.136986301369863,0,0.8561643835616438,0.8561643835616438,0.8561643835616438,5.136986301369863,0.8561643835616438,0.8561643835616438,19.691780821917806,2.5684931506849313,5.993150684931506,0.8561643835616438,0,0.8561643835616438,2.5684931506849313,0.8561643835616438,0,1.7123287671232876,2.5684931506849313,0,0,0.8561643835616438,1.7123287671232876,0.8561643835616438,0.8561643835616438,2.5684931506849313,0,0.8561643835616438,0,0.8561643835616438,1.7123287671232876,0,0,0,0,0,0.8561643835616438,1.7123287671232876,3.4246575342465753,0,0,0.8561643835616438,0,2.5684931506849313,3.4246575342465753,0.8561643835616438,0,4.280821917808219,0.8561643835616438,0,0,2.5684931506849313,0.8561643835616438,0,0,1.7123287671232876,0,0,0,0,0,0,0.8561643835616438,0,0.8561643835616438,3.4246575342465753,0,1.7123287671232876,0,5.993150684931506,9.417808219178081,0.8561643835616438,0.8561643835616438,8.561643835616438,2.5684931506849313,0,0,1.7123287671232876,2.5684931506849313,0.8561643835616438,0.8561643835616438,0,0,0,0,0,0,0,0,0.8561643835616438,2.5684931506849313,0,0,0,0,0,0.8561643835616438,4.280821917808219,4.280821917808219,0,0.8561643835616438,0,1.7123287671232876,0,0,3.4246575342465753,0.8561643835616438,0,0.8561643835616438,1.7123287671232876,0,0,1.7123287671232876,0,0,0,0,5.993150684931506,0.8561643835616438,0.8561643835616438,0.8561643835616438,0.8561643835616438,0,0,0.8561643835616438,0.8561643835616438,0,2.5684931506849313,0.8561643835616438,0,0,0,0,3.4246575342465753,0,0.8561643835616438,0,2.5684931506849313,0.8561643835616438,0.8561643835616438,0.8561643835616438,0,1.7123287671232876,0.8561643835616438,1.7123287671232876,0,1.7123287671232876,0,0,0,1.7123287671232876,0,0,0,0,0,0,0,0,1.7123287671232876,0,0,1.7123287671232876,0,1.7123287671232876,0.8561643835616438,0,2.5684931506849313,0,0,0,0,0,0,0,0,0,0.8561643835616438,0,0,0,0.8561643835616438,1.7123287671232876,0,0,4.280821917808219,0,0,0.8561643835616438,0.8561643835616438,0,2.5684931506849313,0,0,0,0.8561643835616438,0.8561643835616438,0.8561643835616438,0,0.8561643835616438,0,0.8561643835616438,0,0.8561643835616438,0.8561643835616438,0,0,1.7123287671232876,0.8561643835616438,0,0,0.8561643835616438,0,2.5684931506849313,0,0,0,0,0,0,0,0.8561643835616438,0,0,0,0,0,0.8561643835616438,0,0,0,plehanov
plehanov_uspenskiy.txt,6.642903434867142,1.080146899978397,1.080146899978397,0.054007344998919855,0.10801468999783971,0.054007344998919855,0.16202203499675957,2.6463599049470727,26.67962842946641,1.134154244977317,4.5906243249081875,0.5400734499891985,0.8101101749837978,1.134154244977317,2.214301144955714,0.43205875999135884,0,3.5104774249297903,1.6742276949665154,0.5400734499891985,9.775329444804493,2.7543745949449123,1.6202203499675956,5.724778569885504,3.0784186649384315,36.07690645927846,3.9425361849211495,2.3763231799524736,9.505292719809894,1.6202203499675956,1.134154244977317,0.8101101749837978,2.3763231799524736,4.4826096349103475,10.423417584791531,0.8641175199827177,0.9721322099805574,0.7020954849859581,19.820695614603586,2.160293799956794,0.27003672499459924,2.0522791099589544,7.777057679844459,1.134154244977317,0.8101101749837978,12.961762799740765,0.8101101749837978,2.8083819399438323,0,0.5400734499891985,4.752646359904947,0,0.16202203499675957,1.080146899978397,0.9181248649816375,0.054007344998919855,0.21602937999567942,1.3501836249729964,0.054007344998919855,0.21602937999567942,10.045366169799093,0.4860661049902787,0.27003672499459924,1.080146899978397,0.43205875999135884,0.756102829984878,0.5400734499891985,1.4041909699719162,0.16202203499675957,3.4024627349319507,0.7020954849859581,1.6202203499675956,1.4041909699719162,1.9442644199611148,4.374594944912508,3.67249945992655,2.160293799956794,17.336357744653274,1.836249729963275,4.374594944912508,0.6480881399870383,1.3501836249729964,0.43205875999135884,4.752646359904947,1.1881615899762368,1.134154244977317,1.6202203499675956,0.9181248649816375,0.4860661049902787,0,0.43205875999135884,0.378051414992439,0.9181248649816375,0.4860661049902787,0.8641175199827177,0.054007344998919855,0.5400734499891985,0.054007344998919855,0.16202203499675957,0,0,0.4860661049902787,0.21602937999567942,0.27003672499459924,0.5940807949881184,1.9442644199611148,1.7282350399654354,1.5662130049686758,1.7822423849643552,1.134154244977317,0.43205875999135884,0.21602937999567942,0,2.8083819399438323,1.3501836249729964,0.378051414992439,8.047094404839058,1.2421689349751566,0.10801468999783971,0.10801468999783971,0.7020954849859581,0.4860661049902787,0.9721322099805574,0.5940807949881184,0.756102829984878,0.6480881399870383,1.134154244977317,1.5662130049686758,0.43205875999135884,1.9442644199611148,0.6480881399870383,0.378051414992439,0.9721322099805574,0.4860661049902787,1.458198314970836,0.054007344998919855,0.8641175199827177,0.9181248649816375,0.756102829984878,3.5644847699287103,1.2421689349751566,1.2961762799740766,3.78051414992439,1.134154244977317,0.16202203499675957,0.32404406999351915,1.6742276949665154,1.890257074962195,0.32404406999351915,0.054007344998919855,1.2961762799740766,0.6480881399870383,0.054007344998919855,0.054007344998919855,0.054007344998919855,0.054007344998919855,0.21602937999567942,0.10801468999783971,0.27003672499459924,0.4860661049902787,0.32404406999351915,0.054007344998919855,0.054007344998919855,0.9181248649816375,0.054007344998919855,0,0.10801468999783971,0.8641175199827177,0.5400734499891985,0.4860661049902787,0.054007344998919855,1.4041909699719162,0.8101101749837978,0.4860661049902787,1.7282350399654354,1.134154244977317,0.5940807949881184,0.8641175199827177,0.21602937999567942,0.378051414992439,0.4860661049902787,1.080146899978397,0,0.6480881399870383,0.5400734499891985,0.6480881399870383,7.507020954849859,0.9181248649816375,1.7822423849643552,0.8641175199827177,0.756102829984878,3.4024627349319507,0.756102829984878,1.9982717649600343,0.9181248649816375,0.5940807949881184,1.458198314970836,0.9181248649816375,1.4041909699719162,0.5400734499891985,0,1.4041909699719162,0.5400734499891985,0.5940807949881184,1.4041909699719162,1.3501836249729964,1.512205659969756,0.43205875999135884,1.134154244977317,0.8101101749837978,0.5400734499891985,0.8101101749837978,0.32404406999351915,0.32404406999351915,0.5940807949881184,1.7822423849643552,0.21602937999567942,0.4860661049902787,0,0.4860661049902787,0.9181248649816375,0.7020954849859581,0.5940807949881184,0.27003672499459924,0.27003672499459924,0.21602937999567942,0.7020954849859581,0.6480881399870383,1.3501836249729964,0.8101101749837978,0.378051414992439,0.8641175199827177,0.5400734499891985,1.5662130049686758,0.43205875999135884,0.6480881399870383,0.5400734499891985,0.16202203499675957,0.5940807949881184,0.27003672499459924,2.3223158349535535,0.4860661049902787,0.27003672499459924,0.4860661049902787,0.32404406999351915,0.32404406999351915,0,0.6480881399870383,0.27003672499459924,0.756102829984878,0.7020954849859581,0.6480881399870383,0.054007344998919855,1.0261395549794772,0,0.32404406999351915,0.5940807949881184,0.10801468999783971,0.43205875999135884,0.7020954849859581,0.16202203499675957,1.458198314970836,0.5400734499891985,0,0,0,0.32404406999351915,0.9181248649816375,0.756102829984878,0.378051414992439,0.8101101749837978,0.8641175199827177,0.16202203499675957,1.080146899978397,0.4860661049902787,0.5940807949881184,1.2421689349751566,0.5940807949881184,0.43205875999135884,0.378051414992439,1.3501836249729964,0,0.5940807949881184,0.6480881399870383,0.16202203499675957,0.378051414992439,1.6202203499675956,0.5940807949881184,0.8101101749837978,0.756102829984878,0.054007344998919855,1.0261395549794772,1.9982717649600343,0.43205875999135884,0,0.8101101749837978,0.32404406999351915,0,0.054007344998919855,0,plehanov
plehanov_vremena_menyayutsya_I.txt,0,1.8867924528301887,0.9433962264150944,0,0.9433962264150944,0,0,2.830188679245283,30.18867924528302,4.716981132075471,2.830188679245283,0.9433962264150944,0.9433962264150944,0.9433962264150944,1.8867924528301887,0,0,3.7735849056603774,0.9433962264150944,1.8867924528301887,2.830188679245283,0,0.9433962264150944,0.9433962264150944,2.830188679245283,28.30188679245283,3.7735849056603774,5.660377358490566,2.830188679245283,3.7735849056603774,0.9433962264150944,0.9433962264150944,0,9.433962264150942,16.037735849056602,0,1.8867924528301887,1.8867924528301887,23.58490566037736,1.8867924528301887,0,0,7.547169811320755,0.9433962264150944,0,1.8867924528301887,1.8867924528301887,4.716981132075471,0.9433962264150944,0.9433962264150944,2.830188679245283,0,0,0,0.9433962264150944,0,1.8867924528301887,2.830188679245283,0,0,6.60377358490566,0,0,1.8867924528301887,0.9433962264150944,0.9433962264150944,0,1.8867924528301887,0,0.9433962264150944,0.9433962264150944,0,5.660377358490566,0.9433962264150944,6.60377358490566,2.830188679245283,6.60377358490566,12.264150943396228,2.830188679245283,4.716981132075471,0.9433962264150944,2.830188679245283,0.9433962264150944,3.7735849056603774,3.7735849056603774,0.9433962264150944,7.547169811320755,0,0.9433962264150944,0,0.9433962264150944,0,0.9433962264150944,0,6.60377358490566,0.9433962264150944,0.9433962264150944,0,0.9433962264150944,0,0,0,0,3.7735849056603774,0,1.8867924528301887,1.8867924528301887,1.8867924528301887,0.9433962264150944,0,1.8867924528301887,0,0,1.8867924528301887,0,0,4.716981132075471,0.9433962264150944,0.9433962264150944,0,0.9433962264150944,0.9433962264150944,0,0.9433962264150944,0.9433962264150944,0,0,2.830188679245283,0,0.9433962264150944,0,0,0,0,0.9433962264150944,1.8867924528301887,0,0.9433962264150944,0,0,0.9433962264150944,0,1.8867924528301887,0,0,0,1.8867924528301887,1.8867924528301887,0,0,1.8867924528301887,0,0,0,0,0,0,1.8867924528301887,0,2.830188679245283,0,0,0,0,1.8867924528301887,0.9433962264150944,0,3.7735849056603774,0,0,0,2.830188679245283,0,0.9433962264150944,0.9433962264150944,0.9433962264150944,0.9433962264150944,1.8867924528301887,0,0,1.8867924528301887,0,0,0,0.9433962264150944,1.8867924528301887,3.7735849056603774,0.9433962264150944,0.9433962264150944,0.9433962264150944,3.7735849056603774,0,0,4.716981132075471,3.7735849056603774,0.9433962264150944,0.9433962264150944,0,0.9433962264150944,0.9433962264150944,0.9433962264150944,0,2.830188679245283,0,0,0,1.8867924528301887,0.9433962264150944,0,0,0.9433962264150944,0,0.9433962264150944,0,0,0.9433962264150944,0.9433962264150944,0.9433962264150944,0,1.8867924528301887,0,0,0.9433962264150944,0,0.9433962264150944,0,0,0,0,0,0.9433962264150944,0,0.9433962264150944,0,0,0,0.9433962264150944,0,0,0,1.8867924528301887,1.8867924528301887,0,0,0,0,0,1.8867924528301887,0,0,0,0,0,0,0.9433962264150944,0.9433962264150944,1.8867924528301887,0,0,0.9433962264150944,0,0.9433962264150944,0.9433962264150944,0,0,0,0,0,0,0,1.8867924528301887,0,0.9433962264150944,0,0,0,0,0.9433962264150944,0,0,0,0,1.8867924528301887,0,0.9433962264150944,0.9433962264150944,0.9433962264150944,0,0,0,0.9433962264150944,0,0,0,0,0,0,0,0,0,plehanov
plehanov_vroz_idti_vmeste_bit_I.txt,5.084207181442644,2.542103590721322,0.31776294884016526,0.31776294884016526,1.5888147442008262,0.9532888465204957,0.6355258976803305,2.542103590721322,30.82300603749603,4.130918334922148,3.4953924372418177,0.9532888465204957,0.6355258976803305,2.859866539561487,2.542103590721322,0.31776294884016526,0.31776294884016526,4.448681283762314,2.224340641881157,0.9532888465204957,6.355258976803305,1.271051795360661,2.542103590721322,2.542103590721322,2.224340641881157,30.505243088655863,2.542103590721322,1.5888147442008262,6.673021925643471,1.9065776930409915,3.1776294884016525,1.271051795360661,2.224340641881157,7.944073721004131,14.299332697807436,0.9532888465204957,1.271051795360661,0.9532888465204957,18.430251032729586,1.5888147442008262,0.9532888465204957,1.271051795360661,3.813155386081983,0.31776294884016526,0.31776294884016526,1.271051795360661,0.31776294884016526,4.7664442326024785,1.271051795360661,0.6355258976803305,4.448681283762314,0,0.31776294884016526,1.5888147442008262,1.9065776930409915,0.9532888465204957,1.271051795360661,4.7664442326024785,0,0.31776294884016526,8.897362567524628,0.9532888465204957,0,0.6355258976803305,0.31776294884016526,3.4953924372418177,0.6355258976803305,1.9065776930409915,2.542103590721322,2.224340641881157,1.9065776930409915,3.813155386081983,6.037496027963139,2.224340641881157,3.813155386081983,3.813155386081983,1.5888147442008262,13.028280902446776,2.224340641881157,6.037496027963139,0.31776294884016526,4.130918334922148,1.5888147442008262,3.813155386081983,0.9532888465204957,1.5888147442008262,1.271051795360661,0,0.6355258976803305,0,1.5888147442008262,0.6355258976803305,0.6355258976803305,0,0.31776294884016526,1.271051795360661,0,0.31776294884016526,0.6355258976803305,0.9532888465204957,0.31776294884016526,0.31776294884016526,0,2.224340641881157,0.6355258976803305,2.542103590721322,0.31776294884016526,2.542103590721322,0.31776294884016526,0.6355258976803305,0.31776294884016526,0.6355258976803305,0.6355258976803305,2.542103590721322,0.31776294884016526,1.5888147442008262,8.579599618684462,0.9532888465204957,0.31776294884016526,0.31776294884016526,0.6355258976803305,0,2.224340641881157,0.31776294884016526,0.6355258976803305,1.5888147442008262,1.5888147442008262,0.31776294884016526,0,0,1.271051795360661,0.6355258976803305,0.31776294884016526,0.31776294884016526,3.813155386081983,1.271051795360661,6.355258976803305,2.224340641881157,2.859866539561487,4.7664442326024785,0.9532888465204957,0.31776294884016526,6.673021925643471,1.271051795360661,3.1776294884016525,0.31776294884016526,2.859866539561487,1.271051795360661,0.31776294884016526,0,1.5888147442008262,0.31776294884016526,0.31776294884016526,0.31776294884016526,0.6355258976803305,1.271051795360661,0,1.9065776930409915,2.224340641881157,1.271051795360661,0.31776294884016526,0,0,0.31776294884016526,0.31776294884016526,0.9532888465204957,1.271051795360661,1.9065776930409915,0,0.6355258976803305,0.31776294884016526,1.5888147442008262,0.6355258976803305,1.271051795360661,1.271051795360661,1.271051795360661,0.9532888465204957,0.31776294884016526,0,0.31776294884016526,1.5888147442008262,3.4953924372418177,0,1.271051795360661,0.9532888465204957,0,6.990784874483635,0.9532888465204957,2.859866539561487,0.31776294884016526,2.224340641881157,0.6355258976803305,0.9532888465204957,3.1776294884016525,0.31776294884016526,1.271051795360661,1.9065776930409915,0.9532888465204957,0.6355258976803305,0.6355258976803305,0,3.1776294884016525,0,0.31776294884016526,1.271051795360661,1.271051795360661,0,0.9532888465204957,1.9065776930409915,0.9532888465204957,0.6355258976803305,1.9065776930409915,0.31776294884016526,1.271051795360661,0.6355258976803305,1.271051795360661,1.5888147442008262,0.6355258976803305,0.31776294884016526,0,0.6355258976803305,0.6355258976803305,0.6355258976803305,0,1.9065776930409915,0.31776294884016526,1.271051795360661,0.9532888465204957,0,1.271051795360661,0,0.6355258976803305,1.271051795360661,1.271051795360661,0.31776294884016526,0,1.5888147442008262,0.31776294884016526,0,0.9532888465204957,1.9065776930409915,0.31776294884016526,0.31776294884016526,0,0.31776294884016526,0.31776294884016526,1.9065776930409915,0.9532888465204957,0,0.6355258976803305,0,0.9532888465204957,0.9532888465204957,0.31776294884016526,0.9532888465204957,0,0.31776294884016526,0,0.31776294884016526,0.6355258976803305,0,0,0.31776294884016526,0,0,0,0.9532888465204957,1.271051795360661,0.31776294884016526,0.31776294884016526,0.6355258976803305,0.31776294884016526,0.9532888465204957,0.31776294884016526,1.271051795360661,0,0.6355258976803305,0.31776294884016526,0.9532888465204957,1.5888147442008262,0,0,0.31776294884016526,0,0,0.9532888465204957,0.31776294884016526,0,0,0,0,1.9065776930409915,0.9532888465204957,0.31776294884016526,0,0,0.6355258976803305,0,0,0,plehanov
trotsky_chto_dalshe.txt,3.531489111241907,2.3543260741612713,0,0.2942907592701589,0.5885815185403178,0,0.5885815185403178,3.237198351971748,26.486168334314304,2.942907592701589,2.3543260741612713,1.4714537963507945,0.2942907592701589,1.4714537963507945,0.2942907592701589,0.5885815185403178,0.2942907592701589,6.768687463213655,2.3543260741612713,0.8828722778104767,2.64861683343143,0,2.3543260741612713,3.825779870512066,3.237198351971748,30.900529723366684,3.531489111241907,3.825779870512066,5.885815185403178,0.5885815185403178,0.8828722778104767,2.64861683343143,2.0600353148911124,3.237198351971748,12.654502648616834,0,1.4714537963507945,4.7086521483225425,16.4802825191289,0.2942907592701589,0.5885815185403178,2.0600353148911124,10.005885815185403,0.8828722778104767,0,2.942907592701589,0.5885815185403178,3.531489111241907,2.3543260741612713,0.8828722778104767,6.180105944673337,1.1771630370806356,0.2942907592701589,0.5885815185403178,0,0.5885815185403178,0.5885815185403178,0.5885815185403178,0.2942907592701589,2.64861683343143,10.88875809299588,0.8828722778104767,0.5885815185403178,0.5885815185403178,0.2942907592701589,0.8828722778104767,0,0.2942907592701589,2.64861683343143,2.3543260741612713,0.5885815185403178,1.7657445556209534,2.0600353148911124,2.0600353148911124,4.120070629782225,1.1771630370806356,2.942907592701589,7.357268981753973,3.825779870512066,4.7086521483225425,1.1771630370806356,0.5885815185403178,0.8828722778104767,4.120070629782225,0.8828722778104767,1.4714537963507945,3.531489111241907,0.2942907592701589,1.7657445556209534,0,0.2942907592701589,1.4714537963507945,1.1771630370806356,1.1771630370806356,1.4714537963507945,0.5885815185403178,0.2942907592701589,0.8828722778104767,0.2942907592701589,0.8828722778104767,1.7657445556209534,0.2942907592701589,0.8828722778104767,1.4714537963507945,0.2942907592701589,2.942907592701589,0.5885815185403178,3.825779870512066,0,0,0.5885815185403178,1.1771630370806356,1.1771630370806356,4.120070629782225,0.2942907592701589,0.5885815185403178,5.591524426133019,0.5885815185403178,0,0,0.8828722778104767,1.7657445556209534,0.2942907592701589,0.5885815185403178,1.1771630370806356,0.2942907592701589,0,0.8828722778104767,0.5885815185403178,0.8828722778104767,0.2942907592701589,0.8828722778104767,1.1771630370806356,0,0.2942907592701589,0,1.7657445556209534,0.5885815185403178,2.0600353148911124,1.7657445556209534,0,0.8828722778104767,2.942907592701589,0.2942907592701589,0,0.5885815185403178,4.7086521483225425,4.120070629782225,1.4714537963507945,0.2942907592701589,0.5885815185403178,1.4714537963507945,0.8828722778104767,0.8828722778104767,1.4714537963507945,0.2942907592701589,0.2942907592701589,2.3543260741612713,2.0600353148911124,1.1771630370806356,0,0.2942907592701589,0.2942907592701589,0.5885815185403178,6.474396703943496,2.3543260741612713,2.64861683343143,1.4714537963507945,0.8828722778104767,1.1771630370806356,0,1.7657445556209534,0.8828722778104767,0,2.0600353148911124,1.4714537963507945,0,0.2942907592701589,0.8828722778104767,0,0.2942907592701589,0.5885815185403178,0,0.2942907592701589,0.2942907592701589,0.5885815185403178,3.237198351971748,0,0.2942907592701589,0.2942907592701589,0.5885815185403178,0,0.2942907592701589,0.8828722778104767,1.1771630370806356,0.2942907592701589,0.8828722778104767,0.2942907592701589,1.1771630370806356,0.2942907592701589,0.2942907592701589,3.531489111241907,0.2942907592701589,0,0.5885815185403178,0.2942907592701589,0.2942907592701589,0,1.4714537963507945,0.5885815185403178,0,0.8828722778104767,0.2942907592701589,0,2.3543260741612713,0.5885815185403178,1.1771630370806356,0,0,1.4714537963507945,0.2942907592701589,0.2942907592701589,1.4714537963507945,0,0.2942907592701589,0,0.2942907592701589,0.2942907592701589,0.2942907592701589,0.2942907592701589,0.5885815185403178,0.5885815185403178,0.2942907592701589,0.5885815185403178,0,0,0.5885815185403178,0,0,1.4714537963507945,2.942907592701589,0.2942907592701589,1.4714537963507945,0,0,0.8828722778104767,0,0.2942907592701589,0,0.8828722778104767,0.8828722778104767,0.5885815185403178,0.2942907592701589,0.2942907592701589,0.5885815185403178,0,0.5885815185403178,0,1.4714537963507945,0.5885815185403178,0,0,1.4714537963507945,0,0,0,0.2942907592701589,0,0.2942907592701589,0,0,0,0,0.5885815185403178,0,0,1.7657445556209534,0.8828722778104767,0.2942907592701589,0.5885815185403178,0,2.3543260741612713,0.5885815185403178,0.2942907592701589,0,0,0,0.2942907592701589,0,0,0,0.2942907592701589,0.2942907592701589,0,0,0,0.5885815185403178,2.0600353148911124,0,0,trotsky
trotsky_dem_i_rev.txt,4.029163468917882,1.7267843438219492,0.19186492709132771,0,1.1511895625479662,0,0.9593246354566385,1.5349194167306217,24.558710667689947,1.1511895625479662,3.0698388334612434,0.9593246354566385,0.5755947812739831,0.38372985418265543,1.1511895625479662,0.9593246354566385,1.7267843438219492,6.331542594013815,1.7267843438219492,0.38372985418265543,4.029163468917882,0.38372985418265543,3.6454336147352264,2.8779739063699155,3.6454336147352264,36.83806600153492,3.4535686876438985,3.6454336147352264,6.331542594013815,1.918649270913277,1.5349194167306217,0.7674597083653109,4.604758250191865,5.755947812739831,15.541059094397545,0,2.8779739063699155,3.6454336147352264,22.064466615502685,0.7674597083653109,0.19186492709132771,2.4942440521872604,6.907137375287797,0.5755947812739831,0.19186492709132771,2.110514198004605,1.1511895625479662,7.099002302379125,1.5349194167306217,0.19186492709132771,1.7267843438219492,1.1511895625479662,0.9593246354566385,0.7674597083653109,0.19186492709132771,0.7674597083653109,0.9593246354566385,1.1511895625479662,0.38372985418265543,0.7674597083653109,9.785111281657713,1.1511895625479662,1.5349194167306217,1.7267843438219492,0.7674597083653109,1.343054489639294,0.38372985418265543,0,1.5349194167306217,5.372217958557176,0.5755947812739831,1.343054489639294,0.38372985418265543,2.110514198004605,5.564082885648503,1.918649270913277,0,15.732924021488872,3.0698388334612434,4.988488104374521,0.7674597083653109,1.1511895625479662,0.7674597083653109,4.22102839600921,0,2.4942440521872604,1.7267843438219492,0,2.3023791250959325,0.38372985418265543,0.19186492709132771,0.19186492709132771,0.5755947812739831,0.38372985418265543,1.343054489639294,0.38372985418265543,0,0.38372985418265543,0,2.686108979278588,5.564082885648503,1.918649270913277,0.7674597083653109,1.1511895625479662,0.38372985418265543,3.0698388334612434,2.3023791250959325,3.0698388334612434,0.38372985418265543,0.7674597083653109,0.38372985418265543,0,0.5755947812739831,2.4942440521872604,0.38372985418265543,0.19186492709132771,8.44205679201842,0.9593246354566385,0.19186492709132771,0.38372985418265543,0.19186492709132771,0.7674597083653109,0.38372985418265543,0,0.9593246354566385,0,0.7674597083653109,0.19186492709132771,0.19186492709132771,0.7674597083653109,0,0.5755947812739831,0.19186492709132771,0.38372985418265543,0.7674597083653109,0.5755947812739831,1.1511895625479662,0.38372985418265543,1.1511895625479662,2.8779739063699155,0,0.7674597083653109,2.110514198004605,0.7674597083653109,0.7674597083653109,0.19186492709132771,5.947812739831159,10.744435917114352,0.19186492709132771,0,0,1.1511895625479662,0.19186492709132771,0.7674597083653109,1.343054489639294,0.38372985418265543,1.5349194167306217,0.7674597083653109,0.5755947812739831,0.38372985418265543,0.38372985418265543,0.7674597083653109,0.19186492709132771,0.5755947812739831,2.3023791250959325,0.38372985418265543,1.7267843438219492,1.343054489639294,1.343054489639294,0.19186492709132771,1.918649270913277,1.343054489639294,2.3023791250959325,0.7674597083653109,1.343054489639294,1.7267843438219492,0,0.5755947812739831,0.19186492709132771,0,0.38372985418265543,1.1511895625479662,0.19186492709132771,0.19186492709132771,0.38372985418265543,0.38372985418265543,4.796623177283192,1.343054489639294,1.7267843438219492,0.19186492709132771,0.19186492709132771,0.38372985418265543,0,0.5755947812739831,0.9593246354566385,0.9593246354566385,0.38372985418265543,0.38372985418265543,1.7267843438219492,0.5755947812739831,0,3.837298541826554,0.9593246354566385,0.19186492709132771,0.7674597083653109,0.5755947812739831,1.1511895625479662,0.38372985418265543,0.9593246354566385,0.7674597083653109,0.19186492709132771,0.5755947812739831,0.5755947812739831,0.7674597083653109,0.38372985418265543,1.5349194167306217,1.1511895625479662,0.5755947812739831,0,0,1.343054489639294,0.19186492709132771,0.19186492709132771,0,0,0,0.7674597083653109,0.19186492709132771,1.7267843438219492,0.5755947812739831,0.5755947812739831,0.38372985418265543,0,0.7674597083653109,0.38372985418265543,0.19186492709132771,0.7674597083653109,0,0,0.7674597083653109,1.5349194167306217,0.7674597083653109,0.5755947812739831,0.19186492709132771,0.38372985418265543,3.0698388334612434,0,2.110514198004605,0.5755947812739831,0.7674597083653109,0,0.7674597083653109,0,0.19186492709132771,0.9593246354566385,0.38372985418265543,0.19186492709132771,0,0.19186492709132771,1.1511895625479662,0,0.38372985418265543,0.38372985418265543,0,0,0,1.1511895625479662,0.5755947812739831,0,0.5755947812739831,0.19186492709132771,0.7674597083653109,0.5755947812739831,0.38372985418265543,0.38372985418265543,0,1.5349194167306217,0,0.19186492709132771,1.1511895625479662,3.837298541826554,0,0.38372985418265543,0.38372985418265543,0,0.19186492709132771,0.38372985418265543,0.7674597083653109,0,0,0.19186492709132771,0.19186492709132771,0.9593246354566385,0,0,0,0.19186492709132771,0.9593246354566385,0,0,trotsky
trotsky_demokratia.txt,3.843689942344651,1.9218449711723256,0,0,0.6406149903907751,0,0,1.2812299807815501,21.14029468289558,0.6406149903907751,1.2812299807815501,0.6406149903907751,0,1.2812299807815501,0,0.6406149903907751,3.2030749519538757,3.2030749519538757,0.6406149903907751,0,0.6406149903907751,1.2812299807815501,5.7655349135169764,6.406149903907751,2.5624599615631003,32.67136450992953,1.9218449711723256,5.7655349135169764,5.7655349135169764,1.2812299807815501,2.5624599615631003,1.2812299807815501,1.9218449711723256,8.327994875080076,19.85906470211403,0,1.2812299807815501,1.9218449711723256,20.499679692504802,0,0,3.2030749519538757,3.843689942344651,0.6406149903907751,0,0.6406149903907751,1.9218449711723256,6.406149903907751,0,0,1.2812299807815501,0,0.6406149903907751,0,0.6406149903907751,0,1.9218449711723256,1.2812299807815501,0,0,7.687379884689302,1.9218449711723256,0,0.6406149903907751,1.2812299807815501,1.9218449711723256,1.2812299807815501,0,0,3.843689942344651,0,0.6406149903907751,1.2812299807815501,1.9218449711723256,5.7655349135169764,1.9218449711723256,1.2812299807815501,14.734144778987828,1.2812299807815501,5.124919923126201,0,0.6406149903907751,0,2.5624599615631003,0.6406149903907751,1.9218449711723256,0,0,1.2812299807815501,0,0,0.6406149903907751,0.6406149903907751,0,3.2030749519538757,0.6406149903907751,0,0,0,4.484304932735426,5.124919923126201,0,1.9218449711723256,0.6406149903907751,0,0,0.6406149903907751,2.5624599615631003,1.2812299807815501,1.2812299807815501,0,0.6406149903907751,0,2.5624599615631003,1.9218449711723256,0.6406149903907751,4.484304932735426,0.6406149903907751,0,0,0.6406149903907751,0.6406149903907751,0,0,1.2812299807815501,0,0,0.6406149903907751,0.6406149903907751,1.2812299807815501,0,0.6406149903907751,1.2812299807815501,0,1.2812299807815501,0.6406149903907751,0.6406149903907751,0,1.2812299807815501,3.2030749519538757,0,0.6406149903907751,2.5624599615631003,0.6406149903907751,0,0.6406149903907751,7.687379884689302,0.6406149903907751,0.6406149903907751,1.2812299807815501,0.6406149903907751,0.6406149903907751,0.6406149903907751,3.2030749519538757,1.2812299807815501,0.6406149903907751,1.9218449711723256,0,0,1.9218449711723256,0,0,0,0,0.6406149903907751,0,1.2812299807815501,0.6406149903907751,0.6406149903907751,0,3.2030749519538757,1.2812299807815501,4.484304932735426,0,0,1.9218449711723256,0,0,1.2812299807815501,0,0.6406149903907751,1.9218449711723256,3.2030749519538757,0,0.6406149903907751,0.6406149903907751,3.2030749519538757,0,0.6406149903907751,0,1.2812299807815501,0,0,0,0,0,1.2812299807815501,0,1.9218449711723256,0,0.6406149903907751,1.9218449711723256,1.2812299807815501,0,0,0.6406149903907751,1.9218449711723256,0,0,0,0,0,0.6406149903907751,1.2812299807815501,0,3.2030749519538757,0.6406149903907751,0,0.6406149903907751,0,0,0.6406149903907751,0.6406149903907751,0,1.2812299807815501,0,0.6406149903907751,0,0,0.6406149903907751,1.2812299807815501,1.2812299807815501,0,0,0.6406149903907751,1.2812299807815501,1.2812299807815501,0,0,1.9218449711723256,0.6406149903907751,1.2812299807815501,0.6406149903907751,0,0,3.2030749519538757,0,1.2812299807815501,4.484304932735426,0.6406149903907751,0,0.6406149903907751,0.6406149903907751,0,0,0.6406149903907751,0.6406149903907751,0,0.6406149903907751,0,0,1.2812299807815501,0,1.9218449711723256,0,0,0.6406149903907751,1.9218449711723256,0.6406149903907751,3.2030749519538757,0,0,2.5624599615631003,0,0,0,2.5624599615631003,0,0,0,0,0.6406149903907751,0,0,0,0.6406149903907751,0,0,0,0,0.6406149903907751,0,0.6406149903907751,0,0,0.6406149903907751,0.6406149903907751,0.6406149903907751,1.2812299807815501,0,trotsky
trotsky_dve_tolpy_I.txt,0.7209805335255948,0.7209805335255948,0.7209805335255948,0,0,0,0,6.4888248017303525,27.397260273972602,1.4419610670511895,5.046863734679164,0,2.1629416005767843,1.4419610670511895,0,0,0,0.7209805335255948,1.4419610670511895,0,1.4419610670511895,0,1.4419610670511895,1.4419610670511895,5.046863734679164,48.30569574621485,7.930785868781543,2.1629416005767843,5.046863734679164,2.883922134102379,1.4419610670511895,1.4419610670511895,0.7209805335255948,4.325883201153569,12.977649603460705,0,0,0,22.35039653929344,0,0,0.7209805335255948,1.4419610670511895,0.7209805335255948,0,2.883922134102379,1.4419610670511895,2.1629416005767843,0,0,6.4888248017303525,0,1.4419610670511895,2.1629416005767843,0,0,0,0.7209805335255948,0,0.7209805335255948,10.814708002883922,0,0.7209805335255948,2.1629416005767843,0,2.1629416005767843,2.1629416005767843,0,0,4.325883201153569,0.7209805335255948,2.1629416005767843,0.7209805335255948,0,2.883922134102379,0,0.7209805335255948,9.372746935832732,0,5.767844268204758,1.4419610670511895,0.7209805335255948,0,3.604902667627974,0.7209805335255948,2.1629416005767843,2.1629416005767843,0,1.4419610670511895,0,1.4419610670511895,0.7209805335255948,0,0,1.4419610670511895,2.1629416005767843,0,0,0,0,0,0,0.7209805335255948,0,2.1629416005767843,0,0,0,0.7209805335255948,1.4419610670511895,0,0,0,2.1629416005767843,0.7209805335255948,0,5.046863734679164,0,0,0,0,0.7209805335255948,0,0.7209805335255948,0,0,0.7209805335255948,0,1.4419610670511895,0,0,1.4419610670511895,0.7209805335255948,0,0,0,0.7209805335255948,0.7209805335255948,0,5.767844268204758,0,0,2.1629416005767843,2.1629416005767843,0,0.7209805335255948,1.4419610670511895,6.4888248017303525,0,0,0,0.7209805335255948,0,0,0.7209805335255948,0.7209805335255948,0,0,0,2.1629416005767843,0,0.7209805335255948,0,2.883922134102379,4.325883201153569,0.7209805335255948,1.4419610670511895,0,0,0.7209805335255948,1.4419610670511895,0,2.883922134102379,0,2.1629416005767843,2.883922134102379,0,0.7209805335255948,0,0,0.7209805335255948,0,0,0,0,0,1.4419610670511895,0.7209805335255948,0.7209805335255948,1.4419610670511895,0,0,0,1.4419610670511895,2.1629416005767843,0.7209805335255948,1.4419610670511895,0,0.7209805335255948,0.7209805335255948,0,0,0.7209805335255948,0,0,0.7209805335255948,1.4419610670511895,0,0,0,0,0,1.4419610670511895,0,0,0,0.7209805335255948,0,0,0.7209805335255948,2.883922134102379,0,1.4419610670511895,0,0,0,0,0,0.7209805335255948,0.7209805335255948,3.604902667627974,0,0.7209805335255948,1.4419610670511895,2.1629416005767843,0,0,0,0.7209805335255948,2.883922134102379,0,0,0,0,0,0,0,1.4419610670511895,0,0.7209805335255948,0,0.7209805335255948,0.7209805335255948,0.7209805335255948,0,0,0,0.7209805335255948,0.7209805335255948,0,0,0.7209805335255948,0.7209805335255948,0,0,0,0,0,0,0,1.4419610670511895,0.7209805335255948,0,0,0,0,0,0.7209805335255948,0.7209805335255948,2.1629416005767843,0,0,0,0,0,0.7209805335255948,0.7209805335255948,0.7209805335255948,0,0,0,0,0,0,0,0.7209805335255948,0,1.4419610670511895,0,0,trotsky
trotsky_idealisticheskaya_gamma_I.txt,8.756567425569177,0,0,0,0,0,0,3.502626970227671,24.518388791593697,0,7.005253940455342,0,0,0,0,0,0,3.502626970227671,0,1.7513134851138354,3.502626970227671,3.502626970227671,3.502626970227671,0,5.253940455341506,33.274956217162874,3.502626970227671,1.7513134851138354,5.253940455341506,0,0,5.253940455341506,0,3.502626970227671,12.259194395796849,0,1.7513134851138354,0,12.259194395796849,0,0,5.253940455341506,0,0,0,0,0,3.502626970227671,0,5.253940455341506,3.502626970227671,0,1.7513134851138354,0,0,0,0,0,0,0,8.756567425569177,0,0,0,0,0,0,0,0,0,0,0,0,1.7513134851138354,3.502626970227671,5.253940455341506,0,15.761821366024519,1.7513134851138354,8.756567425569177,1.7513134851138354,1.7513134851138354,0,3.502626970227671,0,0,0,0,0,0,0,0,0,0,29.7723292469352,0,0,0,0,0,0,0,0,0,0,1.7513134851138354,7.005253940455342,0,5.253940455341506,0,1.7513134851138354,0,1.7513134851138354,5.253940455341506,0,0,7.005253940455342,0,0,0,0,0,1.7513134851138354,0,1.7513134851138354,0,0,1.7513134851138354,0,0,1.7513134851138354,0,0,0,0,0,0,0,0,5.253940455341506,0,1.7513134851138354,1.7513134851138354,0,1.7513134851138354,0,1.7513134851138354,0,0,0,0,0,0,0,0,0,0,0,0,0,0,0,0,1.7513134851138354,0,0,0,0,0,0,0,0,1.7513134851138354,1.7513134851138354,0,0,0,1.7513134851138354,0,0,0,0,0,0,0,0,3.502626970227671,0,0,0,0,0,1.7513134851138354,1.7513134851138354,0,1.7513134851138354,0,0,0,0,1.7513134851138354,3.502626970227671,0,1.7513134851138354,1.7513134851138354,0,0,3.502626970227671,1.7513134851138354,0,0,0,0,0,0,0,0,1.7513134851138354,0,0,1.7513134851138354,0,0,0,0,0,1.7513134851138354,3.502626970227671,1.7513134851138354,0,0,0,1.7513134851138354,0,0,0,0,0,0,1.7513134851138354,0,0,0,1.7513134851138354,0,0,0,0,0,0,0,0,0,0,0,0,0,0,0,1.7513134851138354,0,0,0,0,0,0,0,0,0,0,0,1.7513134851138354,3.502626970227671,1.7513134851138354,0,0,0,0,0,0,0,1.7513134851138354,0,0,0,0,0,3.502626970227671,0,0,0,0,0,0,0,0,0,0,0,0,trotsky
trotsky_intellig_dem.txt,3.4615821132675064,1.1349449551696742,0.7944614686187721,0.34048348655090227,0.34048348655090227,0.22698899103393486,0.4539779820678697,2.950856883441153,27.06843718079673,1.0781977074111906,4.7100215639541485,0.6242197253433208,0.6242197253433208,2.042900919305414,1.021450459652707,0.28373623879241855,0.6809669731018045,3.6885711043014413,1.191692202928158,0.5107252298263535,1.5889229372375442,0.34048348655090227,2.837362387924186,3.4615821132675064,4.142549086369311,38.81511746680286,3.9723073430938602,2.950856883441153,8.228350924980138,1.5889229372375442,2.0996481670638976,0.34048348655090227,1.8159119282714788,5.2774940415389855,11.689933038247645,0.11349449551696743,0.4539779820678697,1.4754284417205765,14.754284417205765,0.39723073430938605,0.28373623879241855,0.7944614686187721,6.298944501191692,0.28373623879241855,0.34048348655090227,1.4754284417205765,0.9647032118942231,4.199296334127795,0.17024174327545114,0.9647032118942231,4.880263307229599,0.6242197253433208,1.191692202928158,0.5674724775848371,0.056747247758483714,0.28373623879241855,0.6242197253433208,2.042900919305414,0.39723073430938605,0.9647032118942231,7.6608784473953015,0.5674724775848371,0.7944614686187721,0.7944614686187721,1.1349449551696742,0.4539779820678697,0.34048348655090227,0.8512087163772557,0.34048348655090227,3.121098626716604,0.7944614686187721,1.7024174327545114,0.6809669731018045,2.2698899103393484,2.610373396890251,1.5321756894790601,2.383384405856316,11.00896606514584,2.837362387924186,4.256043581886279,0.9079559641357394,1.9861536715469301,0.9079559641357394,4.483032572920213,1.0781977074111906,2.4401316536147997,1.361933946203609,0.5107252298263535,1.4754284417205765,0.6242197253433208,0.39723073430938605,0.34048348655090227,0.9079559641357394,0.17024174327545114,2.156395414822381,0.34048348655090227,0.22698899103393486,0.22698899103393486,0.34048348655090227,1.5889229372375442,0.34048348655090227,0.6809669731018045,0.5107252298263535,0.9647032118942231,0.39723073430938605,3.0076041311996367,0.39723073430938605,2.3266371580978324,0.7944614686187721,0.7377142208602883,0.6242197253433208,0.4539779820678697,0.22698899103393486,2.213142662580865,0.8512087163772557,0.22698899103393486,8.625581659289525,0.4539779820678697,0.056747247758483714,0.22698899103393486,0.6242197253433208,0.4539779820678697,0.7377142208602883,0.11349449551696743,1.8159119282714788,0.17024174327545114,0.9647032118942231,0.28373623879241855,0.17024174327545114,0.6809669731018045,0.4539779820678697,0.6809669731018045,0.5107252298263535,0.9647032118942231,0.34048348655090227,0.28373623879241855,0.6242197253433208,0.17024174327545114,0.6242197253433208,1.4754284417205765,0.5674724775848371,0.6809669731018045,3.4615821132675064,1.2484394506866416,1.5889229372375442,0.7377142208602883,3.2913403699920556,3.802065599818409,0.8512087163772557,0.17024174327545114,0.5107252298263535,1.2484394506866416,0.6242197253433208,0.6242197253433208,1.8159119282714788,0.17024174327545114,1.418681193962093,0.39723073430938605,0.8512087163772557,1.1349449551696742,0.5107252298263535,0.22698899103393486,0.17024174327545114,0.17024174327545114,0.39723073430938605,0.11349449551696743,0.11349449551696743,0.6809669731018045,0.8512087163772557,0.22698899103393486,0.5674724775848371,1.7024174327545114,0.5107252298263535,0.5674724775848371,0.6809669731018045,0.7944614686187721,0.9647032118942231,0.5674724775848371,0.9647032118942231,0.17024174327545114,0.4539779820678697,0.5674724775848371,1.8159119282714788,0.28373623879241855,0.22698899103393486,0.5674724775848371,3.9723073430938602,0.6242197253433208,1.0781977074111906,0.11349449551696743,0.22698899103393486,0.4539779820678697,0.22698899103393486,1.2484394506866416,1.418681193962093,0.7377142208602883,0.9647032118942231,0.4539779820678697,1.418681193962093,0.39723073430938605,0.39723073430938605,1.021450459652707,1.759164680512995,0.22698899103393486,0.8512087163772557,0.5107252298263535,0.28373623879241855,0.28373623879241855,0.5674724775848371,0.7377142208602883,0.22698899103393486,0.4539779820678697,0.4539779820678697,0.9647032118942231,0.22698899103393486,1.191692202928158,0.39723073430938605,0.6242197253433208,0.5107252298263535,0.5107252298263535,0.7377142208602883,1.2484394506866416,0.34048348655090227,0.056747247758483714,0.22698899103393486,0.28373623879241855,0.39723073430938605,0.28373623879241855,0.6242197253433208,0.39723073430938605,0.28373623879241855,0.6242197253433208,0.11349449551696743,0.9079559641357394,0.056747247758483714,0.8512087163772557,0.8512087163772557,0.056747247758483714,0.5674724775848371,1.021450459652707,1.7024174327545114,0.4539779820678697,1.361933946203609,0.11349449551696743,0.28373623879241855,0.28373623879241855,0,0.9079559641357394,0.22698899103393486,0.28373623879241855,0.11349449551696743,0.7944614686187721,0.39723073430938605,0.17024174327545114,0.056747247758483714,0.11349449551696743,0.28373623879241855,0.28373623879241855,0.9079559641357394,0.8512087163772557,0.28373623879241855,0.6242197253433208,0.17024174327545114,1.361933946203609,0.28373623879241855,0,0.5107252298263535,0.22698899103393486,0.056747247758483714,1.6456701849960278,0.056747247758483714,0.39723073430938605,0.22698899103393486,0.17024174327545114,1.2484394506866416,0.17024174327545114,0.6809669731018045,0.34048348655090227,0.5107252298263535,0.4539779820678697,0.39723073430938605,0.6242197253433208,0.5674724775848371,0.22698899103393486,0,0.17024174327545114,0.17024174327545114,0.7944614686187721,0,0.056747247758483714,0,0.22698899103393486,0.22698899103393486,0.39723073430938605,0,0.056747247758483714,0.4539779820678697,0.056747247758483714,0.17024174327545114,0,trotsky
trotsky_k_smerty_parvusa.txt,3.902439024390244,0,0.975609756097561,0,0,0,0,2.926829268292683,32.19512195121951,0.975609756097561,1.951219512195122,0,0.975609756097561,1.951219512195122,2.926829268292683,0,0,5.853658536585366,0,0,14.634146341463415,1.951219512195122,0.975609756097561,2.926829268292683,4.878048780487805,28.29268292682927,1.951219512195122,1.951219512195122,5.853658536585366,1.951219512195122,0.975609756097561,0.975609756097561,0.975609756097561,1.951219512195122,15.609756097560975,2.926829268292683,0,0,13.658536585365853,2.926829268292683,0,0,8.78048780487805,0,0,16.585365853658537,0,4.878048780487805,0,0,5.853658536585366,0,3.902439024390244,2.926829268292683,0,0,0,0.975609756097561,0.975609756097561,0,13.658536585365853,0,0,0,0,1.951219512195122,0.975609756097561,3.902439024390244,0.975609756097561,1.951219512195122,0.975609756097561,1.951219512195122,0,1.951219512195122,0.975609756097561,2.926829268292683,1.951219512195122,14.634146341463415,0.975609756097561,3.902439024390244,3.902439024390244,1.951219512195122,0.975609756097561,2.926829268292683,5.853658536585366,1.951219512195122,0.975609756097561,0.975609756097561,1.951219512195122,0,1.951219512195122,0.975609756097561,0,0,0,2.926829268292683,0.975609756097561,0,0,0.975609756097561,0,0,0,0,0,1.951219512195122,0.975609756097561,3.902439024390244,0.975609756097561,0,0,0,0,0.975609756097561,2.926829268292683,0,8.78048780487805,0,0,0,0.975609756097561,0,0,1.951219512195122,0,0,0,1.951219512195122,0,0,3.902439024390244,0,0,0,0.975609756097561,0.975609756097561,0.975609756097561,0.975609756097561,0,1.951219512195122,0,1.951219512195122,10.731707317073171,0,0,0,3.902439024390244,2.926829268292683,0,0,0.975609756097561,3.902439024390244,0,0,0,0,0,0,0,2.926829268292683,0.975609756097561,0,0,0.975609756097561,6.829268292682927,0.975609756097561,2.926829268292683,0,0,0,0,1.951219512195122,0.975609756097561,0,0,0.975609756097561,0,0,0.975609756097561,0,0,0,0,0,0,0,9.75609756097561,0.975609756097561,1.951219512195122,0,0.975609756097561,0,0,1.951219512195122,1.951219512195122,0,0,0,0,1.951219512195122,0,0,0,0,0,1.951219512195122,0.975609756097561,0,0,0.975609756097561,0,0,0,0.975609756097561,0,0,0,0.975609756097561,0,0,0.975609756097561,0,0,0,0,0.975609756097561,0.975609756097561,0,0,0,0,0,0,1.951219512195122,0,0,0,0,0.975609756097561,0,3.902439024390244,0,0,0,0,0,1.951219512195122,2.926829268292683,0,0,0.975609756097561,0.975609756097561,0.975609756097561,0.975609756097561,0,0,0,0,0.975609756097561,0.975609756097561,0,0.975609756097561,0,0,0,0,0,0,0,0,0,0.975609756097561,0,0,0.975609756097561,0,0.975609756097561,0,0,0,0,0,0,0,0,0,0.975609756097561,1.951219512195122,1.951219512195122,0.975609756097561,0,1.951219512195122,3.902439024390244,0,0,0,0.975609756097561,1.951219512195122,0,0,trotsky
trotsky_kapital_v_opozicii.txt,3.202966958867161,1.6857720836142953,0,1.0114632501685772,0.16857720836142953,0,0.16857720836142953,2.0229265003371544,23.263654753877276,0.8428860418071477,2.8658125421443024,1.0114632501685772,0.33715441672285906,1.6857720836142953,2.191503708698584,0.33715441672285906,0.33715441672285906,6.743088334457181,1.5171948752528657,0.6743088334457181,2.3600809170600137,0.6743088334457181,1.1800404585300068,3.8772757923128793,3.3715441672285906,40.45853000674309,2.0229265003371544,1.8543492919757247,6.911665542818612,0.5057316250842886,1.1800404585300068,0.5057316250842886,1.8543492919757247,2.191503708698584,12.980445043830073,0.16857720836142953,0.16857720836142953,0.33715441672285906,14.497639919082939,0.16857720836142953,0.5057316250842886,1.0114632501685772,6.068779501011463,0.33715441672285906,0,2.0229265003371544,0.5057316250842886,4.383007417397168,0,0.6743088334457181,3.3715441672285906,0.6743088334457181,1.6857720836142953,0.16857720836142953,0.16857720836142953,0.33715441672285906,0.16857720836142953,4.551584625758598,0.16857720836142953,4.045853000674309,8.597437626432907,0.5057316250842886,0.6743088334457181,1.6857720836142953,0.8428860418071477,0.8428860418071477,0.6743088334457181,0.8428860418071477,0,2.3600809170600137,0.6743088334457181,1.1800404585300068,0.5057316250842886,1.5171948752528657,3.8772757923128793,1.1800404585300068,1.5171948752528657,9.608900876601485,1.0114632501685772,2.6972353337828725,0.16857720836142953,2.3600809170600137,1.1800404585300068,3.7086985839514495,0.5057316250842886,2.3600809170600137,1.6857720836142953,0.5057316250842886,0.33715441672285906,0.5057316250842886,0.8428860418071477,0.16857720836142953,1.0114632501685772,0,0.6743088334457181,0.16857720836142953,0.5057316250842886,1.1800404585300068,0.8428860418071477,0,0.8428860418071477,0.5057316250842886,0.5057316250842886,0.5057316250842886,0.33715441672285906,2.191503708698584,0.6743088334457181,1.3486176668914363,1.6857720836142953,0.6743088334457181,0.16857720836142953,0,0.5057316250842886,1.3486176668914363,1.0114632501685772,0.16857720836142953,7.08024275118004,0.33715441672285906,0.8428860418071477,0.5057316250842886,0,0.33715441672285906,0.33715441672285906,1.0114632501685772,0.6743088334457181,0,1.6857720836142953,0.16857720836142953,0.33715441672285906,0.8428860418071477,0.16857720836142953,0.33715441672285906,0.6743088334457181,1.5171948752528657,0.33715441672285906,0.16857720836142953,0.5057316250842886,0.5057316250842886,1.0114632501685772,2.6972353337828725,0.16857720836142953,0.5057316250842886,2.6972353337828725,0.6743088334457181,1.1800404585300068,0.33715441672285906,2.191503708698584,1.3486176668914363,0.33715441672285906,0.5057316250842886,0.5057316250842886,2.6972353337828725,0.6743088334457181,0.8428860418071477,1.5171948752528657,0,0.6743088334457181,1.3486176668914363,1.1800404585300068,0.5057316250842886,3.0343897505057313,1.1800404585300068,0.8428860418071477,0.16857720836142953,0.16857720836142953,0,0,1.3486176668914363,1.0114632501685772,0.16857720836142953,1.5171948752528657,1.1800404585300068,0.5057316250842886,0,0.5057316250842886,0.33715441672285906,0.6743088334457181,0.16857720836142953,0.16857720836142953,0.16857720836142953,0.6743088334457181,0.33715441672285906,0.33715441672285906,0.6743088334457181,0.33715441672285906,0.6743088334457181,1.6857720836142953,0.8428860418071477,1.0114632501685772,0.8428860418071477,0.5057316250842886,1.8543492919757247,0.33715441672285906,1.5171948752528657,1.3486176668914363,0.6743088334457181,1.3486176668914363,0.16857720836142953,1.1800404585300068,0.16857720836142953,0.33715441672285906,0.5057316250842886,0,0,0.8428860418071477,0.8428860418071477,0,0.6743088334457181,0.33715441672285906,1.0114632501685772,0.16857720836142953,0.5057316250842886,0.8428860418071477,1.3486176668914363,0,0.16857720836142953,0.33715441672285906,0.33715441672285906,0,0.16857720836142953,0.6743088334457181,0.6743088334457181,0.33715441672285906,0,1.5171948752528657,0.5057316250842886,0,0.33715441672285906,0.6743088334457181,0.6743088334457181,0,0.33715441672285906,0.16857720836142953,1.1800404585300068,0.16857720836142953,0.33715441672285906,1.3486176668914363,0,0.5057316250842886,1.0114632501685772,1.3486176668914363,1.0114632501685772,0.6743088334457181,0.33715441672285906,0.16857720836142953,0.16857720836142953,0,0.6743088334457181,0.16857720836142953,0,0.16857720836142953,0.33715441672285906,0.8428860418071477,0.6743088334457181,0,0.33715441672285906,1.1800404585300068,0.5057316250842886,0.6743088334457181,0.6743088334457181,0.8428860418071477,2.191503708698584,1.0114632501685772,0.16857720836142953,0,0,0.33715441672285906,0.33715441672285906,0.33715441672285906,0.33715441672285906,0.33715441672285906,0.5057316250842886,0.33715441672285906,0,0.16857720836142953,0.16857720836142953,0,0.5057316250842886,0.5057316250842886,0.33715441672285906,0,0.6743088334457181,0.16857720836142953,2.191503708698584,1.1800404585300068,0.16857720836142953,0.33715441672285906,0.33715441672285906,0,0,0,0.5057316250842886,0,0,0,0.16857720836142953,0.6743088334457181,0,0,0,trotsky
trotsky_opekaemoe_studenchestvo_I.txt,8.008008008008009,0,0,2.002002002002002,1.001001001001001,2.002002002002002,0,2.002002002002002,32.032032032032035,1.001001001001001,2.002002002002002,0,0,0,1.001001001001001,3.003003003003003,1.001001001001001,4.004004004004004,2.002002002002002,1.001001001001001,4.004004004004004,0,2.002002002002002,3.003003003003003,0,33.03303303303303,4.004004004004004,0,14.014014014014014,1.001001001001001,1.001001001001001,0,5.005005005005005,6.006006006006006,11.01101101101101,0,0,0,22.02202202202202,1.001001001001001,0,0,6.006006006006006,0,0,3.003003003003003,5.005005005005005,8.008008008008009,4.004004004004004,3.003003003003003,1.001001001001001,0,1.001001001001001,0,0,0,0,0,1.001001001001001,0,15.015015015015015,1.001001001001001,1.001001001001001,1.001001001001001,0,0,0,0,0,5.005005005005005,0,0,1.001001001001001,2.002002002002002,4.004004004004004,0,2.002002002002002,9.00900900900901,4.004004004004004,3.003003003003003,0,2.002002002002002,3.003003003003003,3.003003003003003,0,0,1.001001001001001,0,2.002002002002002,0,0,2.002002002002002,0,1.001001001001001,5.005005005005005,1.001001001001001,1.001001001001001,0,0,3.003003003003003,1.001001001001001,0,2.002002002002002,0,1.001001001001001,0,0,1.001001001001001,0,0,0,0,1.001001001001001,5.005005005005005,1.001001001001001,1.001001001001001,5.005005005005005,0,0,0,2.002002002002002,1.001001001001001,0,0,3.003003003003003,0,3.003003003003003,0,0,1.001001001001001,1.001001001001001,1.001001001001001,0,0,0,0,0,0,0,2.002002002002002,1.001001001001001,0,3.003003003003003,1.001001001001001,0,0,0,1.001001001001001,1.001001001001001,0,0,2.002002002002002,1.001001001001001,1.001001001001001,2.002002002002002,0,0,1.001001001001001,2.002002002002002,2.002002002002002,0,0,0,1.001001001001001,0,2.002002002002002,3.003003003003003,0,0,0,0,0,1.001001001001001,0,2.002002002002002,2.002002002002002,0,2.002002002002002,0,0,1.001001001001001,0,3.003003003003003,0,0,0,2.002002002002002,1.001001001001001,1.001001001001001,0,1.001001001001001,0,0,0,0,0,1.001001001001001,1.001001001001001,3.003003003003003,2.002002002002002,0,0,0,0,0,0,1.001001001001001,0,0,2.002002002002002,0,0,0,1.001001001001001,0,2.002002002002002,0,0,0,0,0,0,1.001001001001001,0,0,2.002002002002002,0,0,0,2.002002002002002,1.001001001001001,1.001001001001001,0,2.002002002002002,0,0,1.001001001001001,0,0,1.001001001001001,3.003003003003003,1.001001001001001,0,1.001001001001001,0,1.001001001001001,0,1.001001001001001,0,0,1.001001001001001,1.001001001001001,0,1.001001001001001,0,0,0,0,1.001001001001001,0,0,1.001001001001001,1.001001001001001,6.006006006006006,0,0,2.002002002002002,0,0,0,0,0,0,1.001001001001001,0,0,0,0,1.001001001001001,0,0,0,0,2.002002002002002,0,0,0,1.001001001001001,0,0,0,1.001001001001001,0,1.001001001001001,0,0,1.001001001001001,0,0,0,trotsky
trotsky_perm_rev.txt,5.069149815416827,1.1295388175657062,0.27549727257700146,0.6060939996694032,0.743842635957904,0.24794754531930133,0.3305967270924018,2.231527907873712,37.715576615791505,1.1295388175657062,3.113119180120117,0.5509945451540029,0.5509945451540029,0.9642404540195053,1.2672874538542067,0.24794754531930133,2.947820816573916,4.049809906881921,2.176428453358312,0.46834536338090255,2.3417268169045125,0.38569618160780206,2.727422998512315,4.683453633809025,2.865171634800815,33.720866163424986,4.270207724943523,1.8733814535236102,7.961871177475342,1.3499366356273073,1.1019890903080058,1.0193399085349055,2.3417268169045125,2.4519257259353133,11.984131357099566,0.44079563612320233,0.05509945451540029,0.11019890903080058,20.800044079563612,0.5509945451540029,0.27549727257700146,1.460135544658108,6.474185905559535,0.38569618160780206,0.13774863628850073,3.6090142707587196,0.6060939996694032,4.104909361397322,1.9009311807813103,0.6887431814425037,4.518155270262825,0.3030469998347016,1.8458317262659099,0.5234448178963028,0.44079563612320233,0.19284809080390103,0.743842635957904,1.680533362719709,0.5234448178963028,1.1846382720811064,9.780153176483553,0.3305967270924018,0.5234448178963028,0.7713923632156041,0.19284809080390103,0.7162929087002038,0.24794754531930133,1.1019890903080058,0.5234448178963028,2.0937792715852113,0.5234448178963028,1.8182819990082097,0.7989420904733042,1.7356328172351094,4.600804452035925,3.223318089150917,1.8458317262659099,12.480026447738167,1.3223869083696072,6.171138905724833,1.9560306352967107,1.460135544658108,1.0193399085349055,3.223318089150917,1.0193399085349055,1.4325858174004076,2.176428453358312,0.8264918177310044,2.038679817069811,1.0744393630503057,0.3305967270924018,0.24794754531930133,1.3774863628850074,0.1652983635462009,3.1682186346355174,2.589674362223814,0.27549727257700146,0.3305967270924018,0.19284809080390103,1.3774863628850074,0.49589509063860265,0.5234448178963028,0.27549727257700146,0.27549727257700146,0.3581464543501019,2.5621246349661138,1.4325858174004076,2.2866273623891127,0.22039781806160116,0.3030469998347016,0.9091409995041049,0.3581464543501019,0.6611934541848036,2.8927213620585155,0.49589509063860265,0.27549727257700146,7.135379359744339,0.3305967270924018,0.38569618160780206,0.3581464543501019,0.3305967270924018,0.5234448178963028,0.3030469998347016,0.5785442724117031,1.2397377265965068,0.027549727257700145,1.5427847264312082,0.19284809080390103,0.08264918177310045,0.9366907267618051,0.49589509063860265,0.4132459088655022,0.46834536338090255,0.49589509063860265,0.6060939996694032,0.19284809080390103,1.7356328172351094,0.08264918177310045,0.3305967270924018,2.038679817069811,0.1652983635462009,0.46834536338090255,5.372196815251529,1.0468896357926056,0.5234448178963028,0.5785442724117031,1.4325858174004076,1.5978841809466084,0.1652983635462009,0.5509945451540029,0.9642404540195053,1.3499366356273073,0.3030469998347016,0.3030469998347016,0.743842635957904,0.19284809080390103,0.24794754531930133,2.2039781806160117,5.427296269766929,2.5621246349661138,0.44079563612320233,0.27549727257700146,0.22039781806160116,1.0468896357926056,10.716843903245357,0.6611934541848036,0.9642404540195053,1.5703344536889086,0.44079563612320233,0.46834536338090255,0,0.6611934541848036,0.9091409995041049,0.13774863628850073,0.8815912722464047,0.7989420904733042,0.5509945451540029,0.743842635957904,0.5234448178963028,0.6060939996694032,0.3305967270924018,0.7989420904733042,0.05509945451540029,0.13774863628850073,0.19284809080390103,0.5785442724117031,3.6916634525318197,1.1295388175657062,2.2590776351314124,0.44079563612320233,0.6336437269271034,0.19284809080390103,0.49589509063860265,1.9009311807813103,1.1295388175657062,0.9366907267618051,1.487685271915808,1.0193399085349055,1.2121879993388065,0.49589509063860265,0.7989420904733042,1.5152349991735081,0.8540415449887045,1.1570885448234063,0.9091409995041049,0.6887431814425037,0.5785442724117031,0.6887431814425037,1.2397377265965068,2.1488787261006115,0.3030469998347016,1.5978841809466084,0.44079563612320233,0.38569618160780206,0.27549727257700146,1.7907322717505096,0.46834536338090255,0.49589509063860265,0.3581464543501019,0.24794754531930133,0.44079563612320233,0.6611934541848036,0.24794754531930133,0,0.13774863628850073,0.5785442724117031,0.3305967270924018,0.4132459088655022,0.3030469998347016,0.19284809080390103,0.3305967270924018,1.0468896357926056,0.3305967270924018,3.361066725439418,0.1652983635462009,0.5785442724117031,0.38569618160780206,0.08264918177310045,0.6887431814425037,1.2672874538542067,1.6254339082043088,0.5509945451540029,1.5703344536889086,0.19284809080390103,0.3305967270924018,0.5509945451540029,0,1.1846382720811064,0.8815912722464047,0.1652983635462009,0.4132459088655022,0.5234448178963028,0.5234448178963028,0.6611934541848036,0.5234448178963028,0.19284809080390103,0.6887431814425037,0.08264918177310045,0.6336437269271034,0.6611934541848036,0.6611934541848036,0.3581464543501019,0.19284809080390103,0.19284809080390103,0.11019890903080058,0.19284809080390103,0.6336437269271034,0.4132459088655022,0.1652983635462009,0.05509945451540029,0.6060939996694032,0.24794754531930133,0.27549727257700146,0.6336437269271034,1.5152349991735081,0.9917901812772053,0.5509945451540029,0.3030469998347016,0.24794754531930133,0.6887431814425037,0.46834536338090255,0.4132459088655022,0.05509945451540029,1.2672874538542067,2.176428453358312,0.24794754531930133,0.5509945451540029,1.9009311807813103,1.2121879993388065,0.8815912722464047,1.487685271915808,0.3030469998347016,4.9314011791283265,0.13774863628850073,0.027549727257700145,0.027549727257700145,0.8540415449887045,2.6998732712546145,0.6336437269271034,0.08264918177310045,trotsky
trotsky_predisl_nasha_rev.txt,2.053388090349076,4.106776180698152,0,0,0,0,0,2.053388090349076,20.533880903490758,0,2.053388090349076,0,0,0,0,0,4.106776180698152,4.106776180698152,2.053388090349076,0,12.320328542094456,0,6.160164271047228,10.266940451745379,2.053388090349076,22.58726899383984,10.266940451745379,0,4.106776180698152,2.053388090349076,0,6.160164271047228,4.106776180698152,14.373716632443532,10.266940451745379,0,0,0,12.320328542094456,0,0,2.053388090349076,4.106776180698152,0,0,6.160164271047228,0,2.053388090349076,2.053388090349076,4.106776180698152,10.266940451745379,2.053388090349076,2.053388090349076,0,0,0,0,4.106776180698152,0,2.053388090349076,14.373716632443532,0,4.106776180698152,0,0,0,0,2.053388090349076,4.106776180698152,6.160164271047228,0,2.053388090349076,4.106776180698152,2.053388090349076,2.053388090349076,0,0,12.320328542094456,0,6.160164271047228,0,0,2.053388090349076,6.160164271047228,0,0,0,0,0,0,0,0,0,0,2.053388090349076,0,0,0,0,4.106776180698152,0,0,0,0,0,0,4.106776180698152,0,0,0,4.106776180698152,0,2.053388090349076,0,2.053388090349076,0,4.106776180698152,0,0,0,0,0,0,2.053388090349076,2.053388090349076,0,0,0,0,0,0,0,0,0,4.106776180698152,2.053388090349076,0,0,0,0,0,0,8.213552361396305,2.053388090349076,0,2.053388090349076,2.053388090349076,0,0,0,0,0,0,0,2.053388090349076,0,0,2.053388090349076,2.053388090349076,0,0,0,0,0,2.053388090349076,0,2.053388090349076,0,2.053388090349076,0,0,0,0,0,0,0,0,2.053388090349076,2.053388090349076,0,2.053388090349076,0,0,0,0,2.053388090349076,8.213552361396305,0,0,2.053388090349076,0,0,0,2.053388090349076,0,2.053388090349076,0,2.053388090349076,4.106776180698152,0,0,0,0,0,0,0,0,0,0,0,0,0,0,2.053388090349076,0,0,0,0,0,2.053388090349076,0,0,0,0,0,0,0,0,0,0,0,0,0,0,0,0,2.053388090349076,0,0,0,4.106776180698152,0,0,0,0,0,0,2.053388090349076,0,4.106776180698152,0,0,0,0,0,0,0,0,0,0,0,0,0,2.053388090349076,0,0,2.053388090349076,0,0,0,0,0,0,0,0,0,2.053388090349076,2.053388090349076,0,0,0,0,0,0,0,0,2.053388090349076,0,0,0,4.106776180698152,0,0,0,0,0,0,2.053388090349076,0,0,trotsky
trotsky_prolet_i_rev.txt,2.6720106880427523,1.3360053440213762,1.6700066800267201,0,0.33400133600534404,0,0.6680026720106881,2.6720106880427523,29.72611890447562,3.006012024048096,6.680026720106881,1.6700066800267201,1.6700066800267201,2.004008016032064,0.6680026720106881,0,0.33400133600534404,5.344021376085505,1.002004008016032,0,2.338009352037408,0.6680026720106881,1.6700066800267201,1.6700066800267201,3.006012024048096,34.40213760855043,3.006012024048096,3.674014696058784,3.674014696058784,0.6680026720106881,0.6680026720106881,1.6700066800267201,3.3400133600534403,0,14.02805611222445,0,1.3360053440213762,1.3360053440213762,21.37608550434202,0.33400133600534404,2.6720106880427523,1.002004008016032,6.680026720106881,1.002004008016032,1.002004008016032,1.002004008016032,0.33400133600534404,5.678022712090849,0.33400133600534404,0.33400133600534404,3.3400133600534403,1.002004008016032,0.33400133600534404,0,0,0,0.6680026720106881,3.006012024048096,0.33400133600534404,2.004008016032064,5.344021376085505,0.33400133600534404,1.3360053440213762,1.3360053440213762,1.002004008016032,0.6680026720106881,0.33400133600534404,0.33400133600534404,0,3.006012024048096,0.6680026720106881,3.006012024048096,0.6680026720106881,1.3360053440213762,4.676018704074816,1.002004008016032,2.6720106880427523,9.686038744154976,4.342017368069473,7.682030728122912,1.3360053440213762,1.3360053440213762,0.6680026720106881,3.674014696058784,0.6680026720106881,3.674014696058784,4.008016032064128,0,0.33400133600534404,0,0.6680026720106881,0.33400133600534404,3.006012024048096,0,0.33400133600534404,1.3360053440213762,0.33400133600534404,0.33400133600534404,0.33400133600534404,0.33400133600534404,0,1.002004008016032,2.004008016032064,3.674014696058784,0,1.3360053440213762,1.6700066800267201,3.006012024048096,0.33400133600534404,0.33400133600534404,0.33400133600534404,0,0,1.002004008016032,0.33400133600534404,0.6680026720106881,9.686038744154976,0.6680026720106881,0,0,0.33400133600534404,0.6680026720106881,0,0,1.002004008016032,0,0.33400133600534404,0.33400133600534404,0.33400133600534404,1.3360053440213762,0,1.3360053440213762,0.33400133600534404,0.33400133600534404,1.3360053440213762,0,0.33400133600534404,0,0.6680026720106881,3.006012024048096,0.33400133600534404,0.33400133600534404,1.3360053440213762,0.6680026720106881,2.004008016032064,0.6680026720106881,3.674014696058784,1.002004008016032,0.33400133600534404,0.33400133600534404,0,1.002004008016032,0.33400133600534404,0,1.3360053440213762,0.6680026720106881,0,2.338009352037408,2.6720106880427523,1.002004008016032,0,1.002004008016032,0,0.33400133600534404,2.338009352037408,1.002004008016032,2.6720106880427523,1.002004008016032,0.33400133600534404,0.33400133600534404,0,1.002004008016032,1.002004008016032,1.002004008016032,0.6680026720106881,1.3360053440213762,0.6680026720106881,0.6680026720106881,0.33400133600534404,0.33400133600534404,1.3360053440213762,0,0,0,0.33400133600534404,0.6680026720106881,2.338009352037408,0.33400133600534404,0.6680026720106881,0.33400133600534404,1.002004008016032,0,0,3.3400133600534403,1.002004008016032,0.33400133600534404,1.3360053440213762,0.6680026720106881,0.6680026720106881,1.002004008016032,0,3.006012024048096,0.6680026720106881,0,0.6680026720106881,0,0.33400133600534404,0,0.33400133600534404,0.33400133600534404,0,0.6680026720106881,0.33400133600534404,0.33400133600534404,0,0,4.342017368069473,0,0.6680026720106881,0,2.338009352037408,1.3360053440213762,1.3360053440213762,0,0,0,0,0,0,0.6680026720106881,0,0.6680026720106881,0,0.33400133600534404,0.33400133600534404,1.3360053440213762,0.33400133600534404,0,0.33400133600534404,1.6700066800267201,1.3360053440213762,0.33400133600534404,0.6680026720106881,0,0,2.004008016032064,0,1.6700066800267201,0,0,0,1.3360053440213762,0.6680026720106881,0.6680026720106881,0.33400133600534404,0,1.3360053440213762,0,0.33400133600534404,0.33400133600534404,0,0,0.33400133600534404,0,0,0,0.6680026720106881,1.3360053440213762,0,0.33400133600534404,0,0.6680026720106881,0,0,0,0,5.01002004008016,0.6680026720106881,0.33400133600534404,0,0,2.338009352037408,1.6700066800267201,0,0,0,0.33400133600534404,0.33400133600534404,0,0,0,1.002004008016032,0,0,0,0,0,0.6680026720106881,2.004008016032064,0,trotsky
trotsky_treb_zemtsy.txt,6.698920729438035,0.744324525493115,0,0,0,0,0.3721622627465575,1.48864905098623,30.145143282471157,1.1164867882396725,1.8608113137327875,0.3721622627465575,0.3721622627465575,1.8608113137327875,1.8608113137327875,0.744324525493115,1.1164867882396725,5.95459620394492,0.3721622627465575,0,3.3494603647190173,0,2.232973576479345,3.3494603647190173,4.838109415705247,32.75027912169706,4.093784890212133,2.232973576479345,5.582433941198363,0.3721622627465575,0.744324525493115,1.48864905098623,2.232973576479345,1.8608113137327875,8.187569780424266,0,2.232973576479345,8.187569780424266,26.051358392259026,0.3721622627465575,0,1.8608113137327875,8.559732043170824,0.744324525493115,0.3721622627465575,3.3494603647190173,0,3.3494603647190173,0.3721622627465575,0.744324525493115,4.093784890212133,1.8608113137327875,0,1.48864905098623,0,0,0.3721622627465575,3.721622627465575,0,0,7.44324525493115,0,1.48864905098623,2.97729810197246,0.744324525493115,0.3721622627465575,0,1.48864905098623,1.1164867882396725,1.48864905098623,0.744324525493115,1.8608113137327875,0.3721622627465575,0.744324525493115,7.815407517677708,0.3721622627465575,0.3721622627465575,12.281354670636397,4.093784890212133,4.838109415705247,0.3721622627465575,0.3721622627465575,0,4.093784890212133,0.3721622627465575,2.6051358392259023,0.744324525493115,0.744324525493115,1.1164867882396725,0.3721622627465575,0,0.744324525493115,1.1164867882396725,0.744324525493115,3.721622627465575,0,0,0,0,1.1164867882396725,0.744324525493115,1.1164867882396725,0,1.8608113137327875,1.48864905098623,1.48864905098623,1.1164867882396725,1.8608113137327875,1.48864905098623,1.1164867882396725,1.1164867882396725,0.744324525493115,0,2.97729810197246,0.744324525493115,0.3721622627465575,5.95459620394492,0.3721622627465575,0,0,0.744324525493115,1.48864905098623,1.8608113137327875,0,2.6051358392259023,0,1.48864905098623,0,0.744324525493115,0.3721622627465575,0,0.3721622627465575,0.3721622627465575,0,0.3721622627465575,0,0.744324525493115,0.3721622627465575,0.3721622627465575,4.093784890212133,0,1.1164867882396725,6.698920729438035,0.744324525493115,0.744324525493115,0,4.093784890212133,8.93189430591738,0.3721622627465575,0.3721622627465575,0.3721622627465575,0.3721622627465575,1.1164867882396725,2.6051358392259023,2.232973576479345,0,5.210271678451805,0,0.3721622627465575,1.1164867882396725,0.3721622627465575,0,0,0,0,0,0.3721622627465575,1.48864905098623,1.8608113137327875,0,0,2.97729810197246,0.744324525493115,0,1.1164867882396725,1.1164867882396725,0,0,1.1164867882396725,0.744324525493115,0,1.1164867882396725,1.8608113137327875,0.3721622627465575,0.744324525493115,1.48864905098623,1.8608113137327875,0.3721622627465575,2.6051358392259023,0.744324525493115,1.48864905098623,0,0,1.48864905098623,1.1164867882396725,0.3721622627465575,1.48864905098623,0.744324525493115,1.8608113137327875,0.3721622627465575,0.744324525493115,2.232973576479345,1.48864905098623,2.6051358392259023,0.744324525493115,0.3721622627465575,0.3721622627465575,0.3721622627465575,0.3721622627465575,0.3721622627465575,0.3721622627465575,1.1164867882396725,0.744324525493115,0,0.3721622627465575,2.6051358392259023,0.3721622627465575,0,0,0.3721622627465575,0.3721622627465575,1.48864905098623,0,0.744324525493115,0,1.1164867882396725,0,0,0,0,0,1.48864905098623,0.744324525493115,0.3721622627465575,0,1.48864905098623,0,0,0,1.48864905098623,1.8608113137327875,0.744324525493115,0.744324525493115,0,0.744324525493115,1.1164867882396725,0,0.3721622627465575,2.6051358392259023,0,0,0.744324525493115,0.3721622627465575,0,0,0,0.744324525493115,0,0,1.8608113137327875,0,2.97729810197246,0,2.232973576479345,0,0,0.3721622627465575,0.744324525493115,0,7.815407517677708,0,0.744324525493115,1.48864905098623,0.744324525493115,3.3494603647190173,0,0.744324525493115,0,1.1164867882396725,0,0.744324525493115,0,0,0.3721622627465575,0,0.3721622627465575,0.3721622627465575,1.8608113137327875,0,0,0,0,0.3721622627465575,0,0,1.1164867882396725,0,0,0,0,trotsky
trotsky_voyna_i_oppoz.txt,2.7535566773749425,0.9178522257916476,0,0,0,0,0,1.8357044515832952,26.61771454795778,1.8357044515832952,6.424965580541532,0,0.4589261128958238,1.3767783386874712,0.9178522257916476,0.9178522257916476,0,3.212482790270766,0.9178522257916476,0.4589261128958238,4.130335016062414,1.8357044515832952,0.4589261128958238,2.7535566773749425,5.507113354749885,48.646167966957314,0.9178522257916476,1.3767783386874712,5.048187241854061,3.6714089031665904,0.4589261128958238,0.9178522257916476,0.4589261128958238,0.4589261128958238,17.898118402937126,0,2.294630564479119,1.8357044515832952,19.733822854520422,0.9178522257916476,0,1.3767783386874712,4.589261128958238,0.4589261128958238,0.9178522257916476,1.3767783386874712,1.3767783386874712,5.507113354749885,0,0,2.294630564479119,1.3767783386874712,0.4589261128958238,0,0,0.9178522257916476,2.294630564479119,0.4589261128958238,0,0,13.767783386874713,0.4589261128958238,0.9178522257916476,1.8357044515832952,0,0.9178522257916476,0,0,0,1.3767783386874712,0.4589261128958238,2.7535566773749425,1.3767783386874712,2.7535566773749425,3.6714089031665904,1.3767783386874712,0.9178522257916476,9.178522257916477,1.3767783386874712,3.6714089031665904,0.9178522257916476,0.4589261128958238,0.9178522257916476,1.3767783386874712,0,1.3767783386874712,1.8357044515832952,0.4589261128958238,0.4589261128958238,0,0,0,0.4589261128958238,0.4589261128958238,0.9178522257916476,0,0,0,0,0,0,1.8357044515832952,0.4589261128958238,0,0.9178522257916476,1.3767783386874712,1.3767783386874712,2.294630564479119,0.4589261128958238,0,0,0,0.4589261128958238,0.4589261128958238,0.4589261128958238,0,4.589261128958238,0,0,0,0,1.3767783386874712,0,0.4589261128958238,0.9178522257916476,0.4589261128958238,0.4589261128958238,0.4589261128958238,0,0,0,0,0.9178522257916476,0.4589261128958238,0.4589261128958238,0.4589261128958238,0,1.3767783386874712,1.8357044515832952,2.7535566773749425,0,0,4.130335016062414,0,0,0,5.966039467645709,3.6714089031665904,0,0,0,0,0.4589261128958238,0.9178522257916476,0.9178522257916476,0,0.4589261128958238,0,0,1.8357044515832952,0,0,0,1.3767783386874712,0,0,0,1.8357044515832952,0.4589261128958238,0,0,1.8357044515832952,1.3767783386874712,1.3767783386874712,0.4589261128958238,5.507113354749885,0,0,0,0,0,1.8357044515832952,0.9178522257916476,0,0,0,2.7535566773749425,0.4589261128958238,1.3767783386874712,0,1.8357044515832952,0,1.3767783386874712,0.4589261128958238,0,0.9178522257916476,0.4589261128958238,0,0.4589261128958238,1.3767783386874712,0.4589261128958238,0.4589261128958238,0.4589261128958238,0.4589261128958238,0,0.9178522257916476,0.4589261128958238,0.9178522257916476,0.9178522257916476,0.9178522257916476,1.3767783386874712,0,0.9178522257916476,1.3767783386874712,0.4589261128958238,1.8357044515832952,0,0,0.9178522257916476,0.9178522257916476,0.4589261128958238,1.8357044515832952,0.9178522257916476,0,1.3767783386874712,0,0.4589261128958238,0,2.294630564479119,0.9178522257916476,0,0,0,0.9178522257916476,0.4589261128958238,1.8357044515832952,0.4589261128958238,1.3767783386874712,0,1.3767783386874712,1.8357044515832952,0.4589261128958238,2.7535566773749425,0.4589261128958238,0,0.4589261128958238,0,1.3767783386874712,0.9178522257916476,0,0,0,0.9178522257916476,0,0.9178522257916476,0.4589261128958238,0,0,0.4589261128958238,0.9178522257916476,0,0,0.4589261128958238,0.4589261128958238,0,0,0.4589261128958238,0.4589261128958238,0,1.8357044515832952,0,0,0.4589261128958238,0.4589261128958238,0,0,0.4589261128958238,0,0.9178522257916476,0.4589261128958238,0,0,0.4589261128958238,0.9178522257916476,0,0.4589261128958238,0,0,0,0,0,0.9178522257916476,0,0,0,0,0.4589261128958238,0.4589261128958238,3.6714089031665904,0,trotsky
zasulich_dobrolubov_I.txt,5.77408877661494,1.0826416456153014,0.36088054853843377,0,0,0.7217610970768675,0.36088054853843377,2.165283291230603,32.840129916997476,1.443522194153735,5.413208228076506,0,0.36088054853843377,1.0826416456153014,1.804402742692169,0.7217610970768675,0,4.691447130999639,1.443522194153735,0.7217610970768675,8.661133164922411,2.165283291230603,2.88704438830747,5.77408877661494,3.608805485384338,36.809815950920246,2.88704438830747,4.330566582461206,5.413208228076506,2.5261638397690365,0.7217610970768675,0,1.804402742692169,2.5261638397690365,11.54817755322988,0.7217610970768675,0.7217610970768675,0.36088054853843377,24.900757849151933,1.0826416456153014,0.7217610970768675,1.0826416456153014,11.909058101768315,0.36088054853843377,0.7217610970768675,12.269938650306749,1.804402742692169,10.465535907614578,0,1.0826416456153014,1.804402742692169,0,0.7217610970768675,0.36088054853843377,0.36088054853843377,0.36088054853843377,1.804402742692169,1.804402742692169,0,0,8.300252616383975,1.0826416456153014,0.7217610970768675,0.7217610970768675,0.7217610970768675,1.0826416456153014,0,0,0,1.804402742692169,1.0826416456153014,2.165283291230603,3.969686033922772,2.165283291230603,4.330566582461206,3.969686033922772,2.165283291230603,12.269938650306749,4.330566582461206,3.608805485384338,1.0826416456153014,0,0,7.939372067845544,1.804402742692169,0.7217610970768675,1.804402742692169,0.7217610970768675,0,0,0.36088054853843377,1.804402742692169,1.443522194153735,0,0.36088054853843377,0.36088054853843377,0,0.36088054853843377,0,0,0,0,0,0.7217610970768675,0.36088054853843377,0.36088054853843377,1.0826416456153014,2.88704438830747,1.443522194153735,1.804402742692169,0.7217610970768675,0,0,1.443522194153735,1.0826416456153014,0.36088054853843377,7.217610970768676,0.36088054853843377,0,0.36088054853843377,0.36088054853843377,1.443522194153735,0.7217610970768675,0.7217610970768675,1.443522194153735,2.5261638397690365,0,0.36088054853843377,0.36088054853843377,1.0826416456153014,1.443522194153735,1.804402742692169,0.36088054853843377,1.804402742692169,0.36088054853843377,0,2.165283291230603,0,0.7217610970768675,0.7217610970768675,2.165283291230603,1.804402742692169,3.608805485384338,1.0826416456153014,0.7217610970768675,0.36088054853843377,1.804402742692169,3.969686033922772,0.36088054853843377,0,0.36088054853843377,0.36088054853843377,0,0.36088054853843377,0,0,0,0,0,0.36088054853843377,0,0.36088054853843377,0,0,0.36088054853843377,0,0,0.7217610970768675,0.36088054853843377,0.7217610970768675,0.36088054853843377,1.804402742692169,2.165283291230603,0,1.804402742692169,0.7217610970768675,0,0,0,0,0.36088054853843377,0,0,0,0.36088054853843377,1.443522194153735,5.413208228076506,0.36088054853843377,0.36088054853843377,1.443522194153735,0.7217610970768675,0,0,2.165283291230603,2.165283291230603,0.7217610970768675,0.7217610970768675,0.7217610970768675,1.443522194153735,0,0,1.0826416456153014,0.36088054853843377,0,0,2.165283291230603,1.0826416456153014,0,0.36088054853843377,0.36088054853843377,0,1.0826416456153014,0,2.5261638397690365,0.7217610970768675,0.7217610970768675,0.7217610970768675,0.36088054853843377,0,0,0.7217610970768675,0.7217610970768675,0,0,0,0,0,0,1.0826416456153014,1.0826416456153014,0,0.7217610970768675,0,1.0826416456153014,0,1.443522194153735,0.7217610970768675,0,0,0.7217610970768675,1.0826416456153014,0,2.5261638397690365,0.36088054853843377,0.36088054853843377,0,0,0.7217610970768675,0.36088054853843377,1.804402742692169,0.36088054853843377,0.36088054853843377,0,0,0,0,0,0.7217610970768675,0.36088054853843377,0.7217610970768675,0,0.7217610970768675,0.7217610970768675,0,0,0,0.7217610970768675,0.7217610970768675,0.36088054853843377,0,0.36088054853843377,0,0.36088054853843377,0.36088054853843377,0,0.36088054853843377,3.2479249368459038,0.7217610970768675,0.7217610970768675,0.36088054853843377,0,0,0.36088054853843377,0,0,1.443522194153735,0.36088054853843377,1.0826416456153014,0,0,0,1.443522194153735,1.804402742692169,0.7217610970768675,0,0,0.36088054853843377,0,0,0,zasulich
zasulich_mihailovskiy_I.txt,4.205214465937763,3.36417157275021,0,0,1.682085786375105,1.682085786375105,0,1.682085786375105,35.32380151387721,4.205214465937763,2.523128679562658,0.8410428931875525,0,2.523128679562658,0.8410428931875525,0,0,6.72834314550042,0,0,10.933557611438182,4.205214465937763,0,1.682085786375105,5.046257359125316,35.32380151387721,8.410428931875526,1.682085786375105,9.251471825063078,4.205214465937763,2.523128679562658,0.8410428931875525,0,1.682085786375105,11.774600504625736,0,0,1.682085786375105,28.59545836837679,1.682085786375105,0,0,7.5693860386879726,1.682085786375105,0,6.72834314550042,0.8410428931875525,4.205214465937763,0,0,7.5693860386879726,0,0.8410428931875525,0.8410428931875525,0,0,0,0,0,0,13.45668629100084,0.8410428931875525,1.682085786375105,1.682085786375105,0,0.8410428931875525,0,0,0.8410428931875525,5.046257359125316,1.682085786375105,1.682085786375105,1.682085786375105,1.682085786375105,3.36417157275021,0.8410428931875525,5.887300252312868,5.887300252312868,3.36417157275021,5.887300252312868,5.887300252312868,0.8410428931875525,1.682085786375105,2.523128679562658,5.887300252312868,1.682085786375105,0,0.8410428931875525,0,0,0.8410428931875525,0.8410428931875525,1.682085786375105,0.8410428931875525,0,0.8410428931875525,0,0,0.8410428931875525,2.523128679562658,0.8410428931875525,0,0,0,0,0,1.682085786375105,4.205214465937763,2.523128679562658,0.8410428931875525,0.8410428931875525,0.8410428931875525,0,3.36417157275021,1.682085786375105,0,7.5693860386879726,0,0.8410428931875525,0,0,0,0,0,2.523128679562658,0.8410428931875525,0,0,0,1.682085786375105,0.8410428931875525,0,0.8410428931875525,0,0,0,0,0.8410428931875525,0,2.523128679562658,0,0,0,1.682085786375105,1.682085786375105,0.8410428931875525,0.8410428931875525,0.8410428931875525,0,0.8410428931875525,0,0.8410428931875525,0,0,0,0,0,0,0.8410428931875525,0.8410428931875525,0,0,0,0,0,2.523128679562658,0.8410428931875525,3.36417157275021,4.205214465937763,0.8410428931875525,0,2.523128679562658,0.8410428931875525,0,0,0.8410428931875525,0,1.682085786375105,0.8410428931875525,0.8410428931875525,0,0.8410428931875525,0,0,0,0.8410428931875525,4.205214465937763,0.8410428931875525,0,0,0,1.682085786375105,0,0.8410428931875525,0,1.682085786375105,0,0,0.8410428931875525,0,0,1.682085786375105,3.36417157275021,0,0,0.8410428931875525,0,0,0,0,0.8410428931875525,2.523128679562658,0,1.682085786375105,0,0.8410428931875525,0,1.682085786375105,1.682085786375105,0,3.36417157275021,0.8410428931875525,0,0,1.682085786375105,0,0.8410428931875525,0,2.523128679562658,0,0.8410428931875525,0.8410428931875525,0.8410428931875525,0,0,0,0.8410428931875525,0.8410428931875525,0,0,1.682085786375105,0,1.682085786375105,0,0.8410428931875525,0,0,0.8410428931875525,0,0.8410428931875525,3.36417157275021,0,0.8410428931875525,0.8410428931875525,0,0,0.8410428931875525,0,0,0.8410428931875525,0,0,1.682085786375105,0,0,0,0,1.682085786375105,0,0,0,0,0,0,0,0,0,0.8410428931875525,0,0,0,0.8410428931875525,0,2.523128679562658,0,0.8410428931875525,0.8410428931875525,0,0,0,0,0,0,0,0,0,0.8410428931875525,0,0,0,zasulich
zasulich_o_chem_govoryat_nam_I.txt,6.313131313131313,1.2626262626262628,1.7676767676767677,0.25252525252525254,0.25252525252525254,0,1.0101010101010102,4.797979797979798,37.87878787878788,1.5151515151515151,6.565656565656566,0.25252525252525254,0,3.0303030303030303,1.7676767676767677,0.25252525252525254,0,3.0303030303030303,3.282828282828283,0.25252525252525254,3.282828282828283,1.0101010101010102,4.040404040404041,4.040404040404041,2.0202020202020203,30.555555555555554,3.5353535353535355,3.282828282828283,7.3232323232323235,3.0303030303030303,0.25252525252525254,0.7575757575757576,5.050505050505051,1.2626262626262628,15.909090909090908,0.7575757575757576,0.5050505050505051,0.7575757575757576,21.71717171717172,1.0101010101010102,0.25252525252525254,1.5151515151515151,9.343434343434343,0.25252525252525254,0.25252525252525254,1.7676767676767677,1.7676767676767677,2.7777777777777777,0.25252525252525254,0.7575757575757576,4.040404040404041,0.7575757575757576,0.7575757575757576,0.25252525252525254,0.7575757575757576,0.5050505050505051,1.0101010101010102,2.2727272727272725,0.5050505050505051,3.282828282828283,10.101010101010102,0.25252525252525254,0.7575757575757576,1.5151515151515151,0.7575757575757576,2.7777777777777777,0,1.5151515151515151,4.292929292929292,1.0101010101010102,0.25252525252525254,1.5151515151515151,1.5151515151515151,1.2626262626262628,4.545454545454545,4.040404040404041,5.303030303030304,11.616161616161616,2.7777777777777777,5.050505050505051,0.7575757575757576,1.5151515151515151,0.5050505050505051,8.585858585858585,0.25252525252525254,2.5252525252525255,2.2727272727272725,0.25252525252525254,0,0,0.25252525252525254,1.2626262626262628,1.2626262626262628,0,0,0.25252525252525254,0.7575757575757576,2.5252525252525255,3.5353535353535355,2.2727272727272725,0.25252525252525254,2.0202020202020203,1.7676767676767677,0,1.2626262626262628,0.5050505050505051,0.25252525252525254,4.292929292929292,0.5050505050505051,0.5050505050505051,1.0101010101010102,0,0,3.5353535353535355,0.25252525252525254,0.25252525252525254,5.808080808080808,0.25252525252525254,1.0101010101010102,0,2.5252525252525255,1.2626262626262628,0.5050505050505051,0.5050505050505051,3.282828282828283,0.25252525252525254,0.25252525252525254,0.5050505050505051,0.7575757575757576,2.0202020202020203,0.7575757575757576,0.7575757575757576,0,0.5050505050505051,1.7676767676767677,0.25252525252525254,0.5050505050505051,0.25252525252525254,0.25252525252525254,3.0303030303030303,1.7676767676767677,1.2626262626262628,6.0606060606060606,0.7575757575757576,0.25252525252525254,0.5050505050505051,3.0303030303030303,2.0202020202020203,0.25252525252525254,0.5050505050505051,1.7676767676767677,1.7676767676767677,0.25252525252525254,0,0,0.25252525252525254,0,0.25252525252525254,0.5050505050505051,2.5252525252525255,1.0101010101010102,1.7676767676767677,0.7575757575757576,2.2727272727272725,4.040404040404041,1.2626262626262628,0.5050505050505051,1.2626262626262628,1.0101010101010102,1.2626262626262628,0,1.0101010101010102,0,0,1.0101010101010102,1.0101010101010102,1.2626262626262628,0.25252525252525254,1.0101010101010102,0.25252525252525254,0.7575757575757576,2.0202020202020203,0,0,1.5151515151515151,1.5151515151515151,4.545454545454545,0.7575757575757576,2.2727272727272725,1.2626262626262628,1.0101010101010102,0,0.7575757575757576,3.5353535353535355,2.0202020202020203,0.5050505050505051,0.7575757575757576,0.25252525252525254,1.0101010101010102,0,0,2.7777777777777777,2.5252525252525255,0,0,1.5151515151515151,0.7575757575757576,0.25252525252525254,1.5151515151515151,0,0,2.0202020202020203,0.5050505050505051,0.5050505050505051,0.25252525252525254,1.2626262626262628,1.7676767676767677,0.25252525252525254,0.7575757575757576,0.25252525252525254,1.0101010101010102,0,1.2626262626262628,0,0.25252525252525254,0,0,0.5050505050505051,0.5050505050505051,0.5050505050505051,0.5050505050505051,1.2626262626262628,1.2626262626262628,0,0.25252525252525254,0,0.25252525252525254,0,1.0101010101010102,1.0101010101010102,1.7676767676767677,0,1.2626262626262628,0,0.25252525252525254,0,0,0.7575757575757576,0.7575757575757576,0,0.25252525252525254,1.2626262626262628,0.25252525252525254,0.7575757575757576,0.25252525252525254,1.0101010101010102,0,0.7575757575757576,1.7676767676767677,0.5050505050505051,0,0.5050505050505051,0.5050505050505051,0,0,0,0.7575757575757576,0,0,0,0.7575757575757576,0.25252525252525254,0.25252525252525254,0.7575757575757576,0.5050505050505051,0,1.0101010101010102,0.5050505050505051,0.5050505050505051,0.5050505050505051,0,2.2727272727272725,1.0101010101010102,0,0,2.0202020202020203,0.5050505050505051,0.25252525252525254,0,1.2626262626262628,0,0.7575757575757576,0,0,0,0,0.25252525252525254,1.2626262626262628,0,0,zasulich
zasulich_ocherk_istorii_1internacionala.txt,2.815035601920848,1.7662968482640613,0.38637743555776344,0.27598388254125955,0.662361318099023,0.38637743555776344,0.5519677650825191,3.0358227079538556,31.351769056687086,2.097477507313573,4.581332450184909,0.27598388254125955,0.6071645415907712,2.539051719379588,1.324722636198046,0.6071645415907712,0,5.243693768283932,1.9318871777888171,0.7175580946072749,5.6852679803499475,0.4415742120660153,0.7727548711155269,4.581332450184909,4.360545344151902,36.04349505988851,5.906055086382955,4.6365292266931615,4.581332450184909,0.662361318099023,1.1591323066732904,0.8831484241320307,1.4903129657228018,1.6007065187393055,14.13037478611249,0.16559032952475575,0.055196776508251916,0.055196776508251916,13.743997350554729,0.662361318099023,0.22078710603300766,0.3311806590495115,6.126842192415963,0.38637743555776344,0.22078710603300766,2.9806259314456036,0.8831484241320307,4.415742120660153,0.3311806590495115,0.4415742120660153,7.893139040680024,0.27598388254125955,0.49677098857426727,0.3311806590495115,0.6071645415907712,0.38637743555776344,0.27598388254125955,2.649445272396092,0.5519677650825191,6.6236131809902306,9.990616547993598,0.49677098857426727,0.9383452006402826,0.9383452006402826,0.49677098857426727,1.7662968482640613,0.38637743555776344,0.6071645415907712,0,2.8702323784290997,0.8279516476237788,1.6007065187393055,1.2143290831815423,0.8279516476237788,2.5942484958878405,0.7175580946072749,2.815035601920848,8.721090688303804,1.9318871777888171,2.3734613898548322,1.379919412706298,1.379919412706298,0.7727548711155269,2.815035601920848,1.7111000717558096,1.6559032952475576,2.649445272396092,0.22078710603300766,1.269525859689794,0.5519677650825191,0.662361318099023,0.6071645415907712,0.7175580946072749,0.27598388254125955,0.7175580946072749,1.2143290831815423,0.16559032952475575,0.7727548711155269,0.8279516476237788,0.055196776508251916,0,0.5519677650825191,0.6071645415907712,1.4903129657228018,0.7727548711155269,0.7175580946072749,0.6071645415907712,1.8214936247723132,0.4415742120660153,0.16559032952475575,0.38637743555776344,0.7175580946072749,0.055196776508251916,2.152674283821825,1.1591323066732904,0.4415742120660153,7.065187393056245,0.3311806590495115,2.042280730805321,0.16559032952475575,0.4415742120660153,0.8279516476237788,0.16559032952475575,0.4415742120660153,3.201413037478611,0.3311806590495115,2.2078710603300764,0.38637743555776344,0.7727548711155269,0.8831484241320307,0.16559032952475575,0.22078710603300766,0.38637743555776344,0.38637743555776344,0.4415742120660153,0.16559032952475575,0.27598388254125955,0.11039355301650383,0.055196776508251916,2.815035601920848,0.3311806590495115,0.5519677650825191,5.022906662250925,1.4903129657228018,3.7533808025611304,0.7727548711155269,0.8279516476237788,3.8637743555776343,1.4351161892145499,0.16559032952475575,0.7727548711155269,1.0487387536567865,0.16559032952475575,0.16559032952475575,0.7175580946072749,0.22078710603300766,0.49677098857426727,0.055196776508251916,0.6071645415907712,2.815035601920848,2.815035601920848,2.042280730805321,1.1591323066732904,1.0487387536567865,0.11039355301650383,0.055196776508251916,0.11039355301650383,0.16559032952475575,0,0.4415742120660153,0.6071645415907712,1.324722636198046,1.0487387536567865,0.22078710603300766,0.38637743555776344,0.7727548711155269,0.16559032952475575,0.16559032952475575,0.27598388254125955,0.11039355301650383,0.16559032952475575,1.6559032952475576,0,1.9318871777888171,0.49677098857426727,0.662361318099023,2.263067836838329,0.38637743555776344,0.8831484241320307,0.16559032952475575,0.16559032952475575,2.4286581663630846,0.11039355301650383,1.0487387536567865,0.8279516476237788,0.9383452006402826,1.269525859689794,0.7727548711155269,0.9935419771485345,0.5519677650825191,0.16559032952475575,0.9383452006402826,2.042280730805321,0.055196776508251916,0.055196776508251916,1.269525859689794,0.16559032952475575,0.3311806590495115,0.662361318099023,0.38637743555776344,0.27598388254125955,0.662361318099023,0.22078710603300766,0.7727548711155269,0.8279516476237788,0.38637743555776344,0.49677098857426727,0.7175580946072749,0.27598388254125955,0.7175580946072749,1.0487387536567865,1.379919412706298,0.49677098857426727,0.3311806590495115,0.3311806590495115,0.22078710603300766,0.27598388254125955,0.16559032952475575,0.7175580946072749,0.4415742120660153,0.27598388254125955,1.1591323066732904,0.22078710603300766,0.8831484241320307,0.6071645415907712,0.49677098857426727,0.5519677650825191,0.27598388254125955,0.4415742120660153,0.49677098857426727,1.4903129657228018,0.6071645415907712,0.9383452006402826,0.49677098857426727,0.3311806590495115,0.055196776508251916,0,0.4415742120660153,0.16559032952475575,0.27598388254125955,0.27598388254125955,0.8831484241320307,0.27598388254125955,0.16559032952475575,0,0.3311806590495115,0.38637743555776344,0.6071645415907712,0.8831484241320307,0.4415742120660153,0.8831484241320307,0.5519677650825191,0.7175580946072749,0,0,0,0.7175580946072749,0.6071645415907712,0.5519677650825191,0.49677098857426727,0.16559032952475575,0.22078710603300766,0.11039355301650383,0.055196776508251916,0.49677098857426727,0,0.4415742120660153,0.9935419771485345,0.38637743555776344,0.7727548711155269,0.22078710603300766,0.38637743555776344,0.11039355301650383,0.6071645415907712,0.9383452006402826,0.662361318099023,0.055196776508251916,0.3311806590495115,0.055196776508251916,0.16559032952475575,0,0.49677098857426727,0.7727548711155269,0.27598388254125955,0,0.4415742120660153,0.49677098857426727,0,0.4415742120660153,0,zasulich
zasulich_po_povodu_uprazdneniya_Marx'a.txt,6.993822123790651,1.6318918288844855,1.515328126821308,0.11656370206317752,0.11656370206317752,0,0.23312740412635505,0.9325096165054202,27.27590628278354,0.6993822123790652,4.429420678400746,0.4662548082527101,0.6993822123790652,1.0490733185685976,0.9325096165054202,0.3496911061895326,0,4.545984380463923,1.7484555309476628,0.4662548082527101,7.4600769320433615,1.0490733185685976,3.030656253642616,7.926331740296071,2.214710339200373,30.65625364261569,5.245366592842989,2.447837743326728,8.392586548548781,0.8159459144422427,0.3496911061895326,0.6993822123790652,3.1472199557057934,1.515328126821308,11.423242802191396,0,0,0,19.699265648677002,1.0490733185685976,0,0.9325096165054202,9.325096165054203,0.11656370206317752,0.3496911061895326,4.079729572211213,1.515328126821308,4.662548082527102,0,0.11656370206317752,6.294439911411587,0,0.3496911061895326,0.4662548082527101,0.6993822123790652,0,0,3.4969110618953256,0.5828185103158877,3.030656253642616,6.177876209348409,0.8159459144422427,0.5828185103158877,0.4662548082527101,0.4662548082527101,0.3496911061895326,0,1.3987644247581303,0,4.079729572211213,0.4662548082527101,1.1656370206317754,0.4662548082527101,2.0981466371371953,3.4969110618953256,1.8650192330108404,1.6318918288844855,15.269844970276257,1.1656370206317754,5.711621401095698,1.3987644247581303,0.6993822123790652,0,6.177876209348409,0.5828185103158877,1.1656370206317754,1.0490733185685976,0,0,0.11656370206317752,0.6993822123790652,0.6993822123790652,1.515328126821308,0.11656370206317752,4.545984380463923,0.23312740412635505,0.5828185103158877,0.11656370206317752,0.11656370206317752,0,0,0.4662548082527101,0.5828185103158877,0.4662548082527101,0.4662548082527101,0.4662548082527101,2.214710339200373,1.2822007226949528,0.11656370206317752,0,0.8159459144422427,0.5828185103158877,0.11656370206317752,2.914092551579438,0.4662548082527101,0.9325096165054202,5.128802890779811,0.9325096165054202,0.5828185103158877,0.5828185103158877,0.6993822123790652,0.5828185103158877,0,0.11656370206317752,4.312856976337568,0.11656370206317752,2.0981466371371953,0.23312740412635505,0.23312740412635505,1.2822007226949528,0.11656370206317752,0.4662548082527101,0.6993822123790652,0,1.2822007226949528,0.4662548082527101,0.4662548082527101,0.23312740412635505,0.11656370206317752,3.6134747639585036,0.4662548082527101,0.3496911061895326,3.6134747639585036,1.6318918288844855,1.6318918288844855,0.4662548082527101,0.8159459144422427,1.515328126821308,0,0,0.5828185103158877,0.23312740412635505,0,0,0.3496911061895326,0,0.4662548082527101,0,0,0.3496911061895326,1.1656370206317754,0.4662548082527101,0.23312740412635505,1.0490733185685976,0,0,0,0,0.11656370206317752,0.3496911061895326,0.11656370206317752,1.2822007226949528,0.5828185103158877,0.11656370206317752,2.0981466371371953,0.4662548082527101,0.23312740412635505,0.3496911061895326,0.11656370206317752,1.6318918288844855,0.5828185103158877,0.5828185103158877,0,1.0490733185685976,0.5828185103158877,0.4662548082527101,5.0122391887166335,0.3496911061895326,1.7484555309476628,0.3496911061895326,0.5828185103158877,10.024478377433267,0.11656370206317752,2.214710339200373,0.9325096165054202,0.5828185103158877,0.8159459144422427,0,1.1656370206317754,0.3496911061895326,2.331274041263551,0.11656370206317752,0.4662548082527101,0,0.11656370206317752,0.9325096165054202,0.6993822123790652,0.4662548082527101,0.5828185103158877,2.214710339200373,0.5828185103158877,1.1656370206317754,0.6993822123790652,1.1656370206317754,0.5828185103158877,0.9325096165054202,0.8159459144422427,0.23312740412635505,0.11656370206317752,0.3496911061895326,0.3496911061895326,0.8159459144422427,0.23312740412635505,0.11656370206317752,0.11656370206317752,0.4662548082527101,1.3987644247581303,0.4662548082527101,0.3496911061895326,0.3496911061895326,0.11656370206317752,0.3496911061895326,0.11656370206317752,2.680965147453083,0.23312740412635505,1.2822007226949528,0.3496911061895326,0.4662548082527101,0,0.8159459144422427,2.680965147453083,0.9325096165054202,0.3496911061895326,0.6993822123790652,0.4662548082527101,0.5828185103158877,0,0.4662548082527101,0.23312740412635505,0.9325096165054202,0.6993822123790652,0.9325096165054202,0.11656370206317752,0.11656370206317752,0,0,0.4662548082527101,0,1.2822007226949528,0.4662548082527101,0,0.6993822123790652,0.9325096165054202,0,0,0,1.0490733185685976,0.4662548082527101,0.3496911061895326,0,0.23312740412635505,0.6993822123790652,0.3496911061895326,0.5828185103158877,0.11656370206317752,0,0.8159459144422427,0.11656370206317752,0.11656370206317752,0.9325096165054202,0,0,0.23312740412635505,0.5828185103158877,0,0.4662548082527101,1.2822007226949528,0.11656370206317752,0.11656370206317752,0.4662548082527101,0,0.4662548082527101,2.447837743326728,0.23312740412635505,0,0,0.6993822123790652,0,0,0,zasulich
zasulich_rev_studenchestvo1_I.txt,4.643962848297213,0,0,0,1.5479876160990713,1.5479876160990713,0,0,43.343653250774,0,4.643962848297213,0,0,3.0959752321981426,0,0,0,3.0959752321981426,1.5479876160990713,0,3.0959752321981426,0,0,1.5479876160990713,0,32.5077399380805,7.739938080495356,4.643962848297213,10.8359133126935,0,1.5479876160990713,1.5479876160990713,3.0959752321981426,3.0959752321981426,9.287925696594426,0,0,0,17.02786377708978,0,0,0,6.191950464396285,0,0,0,0,3.0959752321981426,3.0959752321981426,0,9.287925696594426,1.5479876160990713,1.5479876160990713,0,1.5479876160990713,0,0,4.643962848297213,0,0,13.93188854489164,1.5479876160990713,0,0,3.0959752321981426,0,0,0,3.0959752321981426,1.5479876160990713,0,1.5479876160990713,0,0,0,1.5479876160990713,3.0959752321981426,9.287925696594426,0,0,1.5479876160990713,3.0959752321981426,4.643962848297213,1.5479876160990713,0,0,0,0,0,0,0,0,0,1.5479876160990713,1.5479876160990713,0,0,0,1.5479876160990713,0,0,0,0,0,1.5479876160990713,0,1.5479876160990713,0,0,0,0,0,0,1.5479876160990713,0,0,3.0959752321981426,0,0,0,1.5479876160990713,3.0959752321981426,0,0,3.0959752321981426,1.5479876160990713,3.0959752321981426,0,4.643962848297213,1.5479876160990713,0,0,0,0,3.0959752321981426,1.5479876160990713,0,0,0,0,0,0,3.0959752321981426,1.5479876160990713,1.5479876160990713,1.5479876160990713,0,1.5479876160990713,4.643962848297213,0,0,0,1.5479876160990713,3.0959752321981426,1.5479876160990713,0,0,0,0,0,0,0,0,1.5479876160990713,0,1.5479876160990713,0,3.0959752321981426,0,0,0,1.5479876160990713,0,0,1.5479876160990713,0,0,0,0,0,0,3.0959752321981426,7.739938080495356,0,3.0959752321981426,1.5479876160990713,1.5479876160990713,0,0,1.5479876160990713,1.5479876160990713,0,0,1.5479876160990713,0,3.0959752321981426,3.0959752321981426,1.5479876160990713,1.5479876160990713,1.5479876160990713,1.5479876160990713,0,1.5479876160990713,0,0,0,0,0,0,0,0,1.5479876160990713,0,1.5479876160990713,0,0,0,1.5479876160990713,1.5479876160990713,0,0,3.0959752321981426,0,0,1.5479876160990713,0,0,0,0,0,0,0,1.5479876160990713,1.5479876160990713,0,3.0959752321981426,0,0,0,0,3.0959752321981426,1.5479876160990713,0,0,1.5479876160990713,0,0,0,0,0,0,0,1.5479876160990713,0,0,0,1.5479876160990713,0,1.5479876160990713,0,0,1.5479876160990713,0,3.0959752321981426,1.5479876160990713,0,0,0,0,0,0,1.5479876160990713,0,0,0,0,0,0,0,1.5479876160990713,0,1.5479876160990713,0,1.5479876160990713,0,0,0,0,0,0,0,0,0,1.5479876160990713,0,0,0,0,0,0,zasulich
zasulich_rev_studenchestvo2_I.txt,7.480314960629921,0,0.39370078740157477,0,0.7874015748031495,0.39370078740157477,0.7874015748031495,1.574803149606299,33.07086614173228,2.7559055118110236,6.692913385826771,1.1811023622047243,0.7874015748031495,1.968503937007874,0,0,0.39370078740157477,2.7559055118110236,0.7874015748031495,0.7874015748031495,5.905511811023622,2.3622047244094486,1.968503937007874,8.661417322834646,3.543307086614173,34.645669291338585,5.118110236220472,4.724409448818897,5.118110236220472,5.118110236220472,1.1811023622047243,1.968503937007874,1.574803149606299,3.543307086614173,7.480314960629921,0,1.1811023622047243,0.7874015748031495,16.141732283464567,0.39370078740157477,0.39370078740157477,0.7874015748031495,7.874015748031496,0,0.7874015748031495,2.3622047244094486,0,3.149606299212598,1.574803149606299,0,3.149606299212598,0,0.39370078740157477,0.7874015748031495,0,0,0,2.3622047244094486,0,2.3622047244094486,7.480314960629921,0.39370078740157477,1.1811023622047243,1.574803149606299,0,0.39370078740157477,0,0.39370078740157477,6.299212598425196,3.149606299212598,0.39370078740157477,2.3622047244094486,1.574803149606299,1.1811023622047243,5.511811023622047,1.574803149606299,3.543307086614173,14.960629921259843,3.149606299212598,4.330708661417323,0.39370078740157477,0.7874015748031495,0.39370078740157477,7.480314960629921,0.39370078740157477,2.7559055118110236,5.511811023622047,0.39370078740157477,0,0,0.39370078740157477,0.39370078740157477,1.574803149606299,0.39370078740157477,3.149606299212598,0,0.7874015748031495,0,0.7874015748031495,0,0,0.39370078740157477,0,1.574803149606299,0.7874015748031495,0.7874015748031495,0,0.7874015748031495,0.7874015748031495,0,0,0,0,3.543307086614173,2.3622047244094486,0,6.299212598425196,0.39370078740157477,0,0,4.330708661417323,0.7874015748031495,0,0,2.7559055118110236,1.1811023622047243,0,1.574803149606299,0,0.39370078740157477,0.7874015748031495,0,1.1811023622047243,0.7874015748031495,1.574803149606299,0.39370078740157477,2.7559055118110236,0,0.7874015748031495,0.7874015748031495,0.39370078740157477,0.7874015748031495,4.330708661417323,2.3622047244094486,0.7874015748031495,0.39370078740157477,1.574803149606299,7.480314960629921,0,0.39370078740157477,1.1811023622047243,1.1811023622047243,0.39370078740157477,0.39370078740157477,1.968503937007874,0.39370078740157477,0,0.7874015748031495,3.937007874015748,1.574803149606299,0.39370078740157477,0.39370078740157477,0,0.7874015748031495,2.7559055118110236,0,2.3622047244094486,1.1811023622047243,0.7874015748031495,0.39370078740157477,1.1811023622047243,2.3622047244094486,0.39370078740157477,0,1.968503937007874,1.574803149606299,0,0.39370078740157477,1.1811023622047243,1.1811023622047243,0.7874015748031495,0.39370078740157477,0,0.39370078740157477,0.39370078740157477,0.39370078740157477,7.874015748031496,0,1.968503937007874,1.574803149606299,1.574803149606299,0,0.39370078740157477,1.574803149606299,2.3622047244094486,1.574803149606299,2.3622047244094486,0,0.7874015748031495,0.39370078740157477,0,0.39370078740157477,0.7874015748031495,0,0.39370078740157477,0.7874015748031495,0.39370078740157477,0.7874015748031495,1.968503937007874,0.39370078740157477,0.39370078740157477,2.3622047244094486,1.1811023622047243,0,1.574803149606299,0.7874015748031495,0.39370078740157477,0.7874015748031495,0.39370078740157477,0.39370078740157477,2.3622047244094486,0.7874015748031495,0,0,0,1.1811023622047243,0.39370078740157477,0.7874015748031495,0.7874015748031495,0.39370078740157477,1.1811023622047243,0.39370078740157477,0,0.39370078740157477,0.39370078740157477,0.39370078740157477,1.1811023622047243,0,0,0.39370078740157477,1.1811023622047243,0.39370078740157477,0.7874015748031495,0,1.574803149606299,0,0,1.1811023622047243,0,0.7874015748031495,0,1.574803149606299,0,0.7874015748031495,0,0,0.39370078740157477,2.7559055118110236,0.7874015748031495,0.39370078740157477,0,0.39370078740157477,0,0,0.39370078740157477,0,2.3622047244094486,0.39370078740157477,0.7874015748031495,0,0,0,0.39370078740157477,0.7874015748031495,0,0,0.39370078740157477,0,0.39370078740157477,0.39370078740157477,0.39370078740157477,0.39370078740157477,1.968503937007874,0.39370078740157477,8.661417322834646,0.39370078740157477,0.39370078740157477,0,0,0,0,0,0,0,0,0.39370078740157477,0.39370078740157477,0.39370078740157477,0,0,zasulich
zasulich_vystrel_Karpovicha_I.txt,10.390689941812138,2.0781379883624274,0,0.8312551953449709,0.41562759767248547,0.8312551953449709,2.0781379883624274,3.3250207813798838,22.8595178719867,1.2468827930174564,10.80631753948462,0,1.2468827930174564,0.41562759767248547,1.2468827930174564,1.2468827930174564,0,4.57190357439734,1.2468827930174564,0,5.818786367414797,1.2468827930174564,5.818786367414797,3.3250207813798838,4.987531172069826,34.08146300914381,2.9093931837073983,4.156275976724855,2.9093931837073983,1.2468827930174564,1.2468827930174564,0.41562759767248547,2.493765586034913,2.9093931837073983,12.053200332502078,1.2468827930174564,0,0,24.93765586034913,1.2468827930174564,1.2468827930174564,1.6625103906899419,7.896924355777223,0.41562759767248547,0.8312551953449709,2.493765586034913,2.493765586034913,2.9093931837073983,0,1.2468827930174564,7.481296758104738,0.41562759767248547,0,0.41562759767248547,0,1.2468827930174564,1.6625103906899419,2.0781379883624274,0.41562759767248547,1.2468827930174564,9.559434746467167,0.8312551953449709,0.41562759767248547,0.41562759767248547,1.2468827930174564,1.2468827930174564,0,0.8312551953449709,0,2.9093931837073983,1.6625103906899419,0.8312551953449709,2.9093931837073983,0.8312551953449709,5.818786367414797,4.156275976724855,1.6625103906899419,13.300083125519535,2.9093931837073983,6.6500415627597675,2.9093931837073983,0.41562759767248547,2.9093931837073983,7.065669160432253,0.41562759767248547,2.493765586034913,2.0781379883624274,0,1.6625103906899419,0,0,0.41562759767248547,1.6625103906899419,0,0.41562759767248547,0,0.41562759767248547,0.41562759767248547,0.8312551953449709,0,0,0,0.41562759767248547,0,2.0781379883624274,0,0,1.6625103906899419,1.2468827930174564,0.8312551953449709,0.41562759767248547,0,0,3.740648379052369,1.2468827930174564,0,7.481296758104738,1.6625103906899419,1.2468827930174564,0,1.6625103906899419,0.8312551953449709,1.2468827930174564,2.493765586034913,3.740648379052369,0,1.6625103906899419,1.6625103906899419,0.8312551953449709,0.8312551953449709,0.41562759767248547,0,0.8312551953449709,0.8312551953449709,2.0781379883624274,0.41562759767248547,0.41562759767248547,0.41562759767248547,0.41562759767248547,4.156275976724855,0.8312551953449709,0,2.493765586034913,1.2468827930174564,1.6625103906899419,0.8312551953449709,1.6625103906899419,4.987531172069826,0,0.41562759767248547,1.6625103906899419,1.2468827930174564,0.8312551953449709,0,0,0,0,0,0,2.493765586034913,1.2468827930174564,0,0,3.740648379052369,0,0.41562759767248547,0.41562759767248547,0.41562759767248547,1.2468827930174564,0.41562759767248547,2.493765586034913,0.41562759767248547,0.41562759767248547,0.41562759767248547,2.9093931837073983,1.6625103906899419,0,0.8312551953449709,0.8312551953449709,0,2.0781379883624274,2.9093931837073983,0,0.41562759767248547,0.41562759767248547,0.8312551953449709,6.234413965087282,0,2.0781379883624274,2.0781379883624274,0.41562759767248547,0,0,2.9093931837073983,1.2468827930174564,0.41562759767248547,1.2468827930174564,0.41562759767248547,0.8312551953449709,0.41562759767248547,0,1.2468827930174564,2.0781379883624274,0,0.41562759767248547,2.493765586034913,0.8312551953449709,0.8312551953449709,0.41562759767248547,0,0.41562759767248547,0,0,0.41562759767248547,0.8312551953449709,1.6625103906899419,0,0.41562759767248547,1.6625103906899419,0.8312551953449709,1.6625103906899419,0,2.0781379883624274,0,0,0.41562759767248547,0.8312551953449709,0.8312551953449709,0.8312551953449709,1.2468827930174564,0,1.6625103906899419,0.41562759767248547,0,1.2468827930174564,0.8312551953449709,0.41562759767248547,0.41562759767248547,0,1.2468827930174564,1.2468827930174564,0.41562759767248547,0.8312551953449709,0,0,0,0,0.8312551953449709,0.41562759767248547,1.2468827930174564,1.2468827930174564,2.493765586034913,0,2.0781379883624274,0,0.41562759767248547,0.8312551953449709,0.41562759767248547,0,0.41562759767248547,0,0.41562759767248547,0.8312551953449709,0,0,0,0.8312551953449709,0.41562759767248547,0.41562759767248547,0,0,0.8312551953449709,0,0.41562759767248547,0,1.2468827930174564,2.0781379883624274,0.41562759767248547,0,0,0,0,0.41562759767248547,0.41562759767248547,0,0,0.41562759767248547,0.41562759767248547,0,0.41562759767248547,0,0.8312551953449709,0,0,0,0,0,0,0,0,zasulich
