file_name,pos2_ADP_PROPN,pos2_PROPN_ADP,pos2_PROPN_PROPN,pos2_PROPN_PUNCT,pos2_PUNCT_SPACE,pos2_SPACE_NOUN,pos2_NOUN_ADP,pos2_ADP_ADJ,pos2_ADJ_NOUN,pos2_NOUN_VERB,pos2_VERB_ADV,pos2_ADV_ADV,pos2_ADV_PUNCT,pos2_PUNCT_ADP,pos2_ADP_PRON,pos2_PRON_ADV,pos2_ADV_VERB,pos2_VERB_CCONJ,pos2_CCONJ_VERB,pos2_VERB_PUNCT,pos2_PUNCT_CCONJ,pos2_ADV_ADP,pos2_PRON_PUNCT,pos2_PUNCT_PRON,pos2_PRON_CCONJ,pos2_CCONJ_ADV,pos2_VERB_ADP,pos2_ADP_DET,pos2_DET_NOUN,pos2_NOUN_PUNCT,pos2_ADV_NUM,pos2_NUM_ADP,pos2_PUNCT_ADV,pos2_VERB_DET,pos2_CCONJ_ADP,pos2_PRON_NOUN,pos2_NOUN_DET,pos2_DET_ADJ,pos2_NOUN_ADV,pos2_ADV_PRON,pos2_PRON_VERB,pos2_PUNCT_NOUN,pos2_NOUN_ADJ,pos2_ADJ_ADV,pos2_NUM_ADJ,pos2_ADJ_PUNCT,pos2_PUNCT_SCONJ,pos2_SCONJ_ADJ,pos2_PRON_ADJ,pos2_ADJ_VERB,pos2_VERB_VERB,pos2_VERB_ADJ,pos2_NOUN_NOUN,pos2_PUNCT_VERB,pos2_VERB_NOUN,pos2_NOUN_NUM,pos2_NUM_VERB,pos2_PUNCT_PUNCT,pos2_ADV_NOUN,pos2_ADP_NOUN,pos2_PRON_SCONJ,pos2_SCONJ_VERB,pos2_NOUN_AUX,pos2_AUX_VERB,pos2_SCONJ_PRON,pos2_PRON_PRON,pos2_CCONJ_PRON,pos2_SPACE_ADV,pos2_NOUN_PART,pos2_PART_ADV,pos2_PUNCT_NUM,pos2_NUM_NOUN,pos2_PRON_PART,pos2_PART_VERB,pos2_SCONJ_DET,pos2_ADV_PART,pos2_PART_ADP,pos2_SPACE_ADP,pos2_NOUN_PRON,pos2_VERB_PART,pos2_PART_DET,pos2_SPACE_ADJ,pos2_PART_ADJ,pos2_PUNCT_PART,pos2_PART_NOUN,pos2_DET_CCONJ,pos2_CCONJ_ADJ,pos2_PUNCT_ADJ,pos2_CCONJ_SCONJ,pos2_SCONJ_ADP,pos2_ADJ_ADJ,pos2_PUNCT_DET,pos2_ADP_VERB,pos2_PART_PART,pos2_VERB_PRON,pos2_ADJ_ADP,pos2_PUNCT_PROPN,pos2_PROPN_VERB,pos2_SCONJ_ADV,pos2_PRON_AUX,pos2_AUX_ADP,pos2_ADJ_CCONJ,pos2_SPACE_PRON,pos2_SCONJ_NOUN,pos2_CCONJ_PUNCT,pos2_PUNCT_X,pos2_X_X,pos2_X_PUNCT,pos2_NOUN_CCONJ,pos2_SPACE_SCONJ,pos2_PRON_ADP,pos2_ADV_ADJ,pos2_CCONJ_NOUN,pos2_ADV_AUX,pos2_DET_PUNCT,pos2_VERB_AUX,pos2_AUX_PRON,pos2_AUX_AUX,pos2_AUX_PART,pos2_PART_AUX,pos2_DET_PART,pos2_AUX_ADJ,pos2_SPACE_PART,pos2_ADP_NUM,pos2_VERB_NUM,pos2_AUX_NUM,pos2_SPACE_CCONJ,pos2_CCONJ_DET,pos2_DET_NUM,pos2_NUM_ADV,pos2_SPACE_DET,pos2_AUX_ADV,pos2_PART_SCONJ,pos2_VERB_PROPN,pos2_PROPN_PART,pos2_DET_ADV,pos2_DET_ADP,pos2_PROPN_NUM,pos2_NUM_PUNCT,pos2_DET_DET,pos2_ADP_PART,pos2_ADJ_PRON,pos2_ADV_CCONJ,pos2_SCONJ_CCONJ,pos2_ADV_DET,pos2_CCONJ_PART,pos2_ADJ_DET,pos2_DET_PRON,pos2_SPACE_VERB,pos2_SCONJ_PART,pos2_VERB_SPACE,pos2_ADJ_AUX,pos2_AUX_NOUN,pos2_PRON_DET,pos2_CCONJ_AUX,pos2_ADP_ADV,pos2_ADJ_PART,pos2_VERB_SCONJ,pos2_PUNCT_AUX,pos2_SPACE_PUNCT,pos2_NOUN_PROPN,pos2_SCONJ_PROPN,pos2_CCONJ_CCONJ,pos2_ADJ_PROPN,pos2_AUX_DET,pos2_ADP_PUNCT,pos2_ADJ_NUM,pos2_PROPN_NOUN,pos2_SPACE_PROPN,pos2_PROPN_ADJ,pos2_ADV_PROPN,pos2_PROPN_CCONJ,pos2_CCONJ_PROPN,pos2_ADV_SCONJ,pos2_AUX_PUNCT,pos2_PROPN_ADV,pos2_NOUN_SCONJ,pos2_SCONJ_AUX,pos2_PROPN_X,pos2_X_PROPN,pos2_NOUN_SPACE,pos2_NUM_SYM,pos2_SPACE_NUM,pos2_PART_NUM,pos2_SCONJ_PUNCT,pos2_PART_PUNCT,pos2_DET_VERB,pos2_PART_PRON,pos2_PART_PROPN,pos2_PROPN_DET,pos2_DET_AUX,pos2_NUM_PRON,pos2_DET_PROPN,pos2_SPACE_AUX,pos2_PROPN_SPACE,pos2_PART_SPACE,pos2_ADP_ADP,pos2_PART_CCONJ,pos2_DET_X,pos2_CCONJ_NUM,pos2_NOUN_X,pos2_SCONJ_SCONJ,pos2_NUM_PART,pos2_SCONJ_NUM,pos2_NUM_CCONJ,pos2_PRON_NUM,pos2_PUNCT_INTJ,pos2_INTJ_PUNCT,pos2_NUM_NUM,pos2_ADP_SCONJ,pos2_PROPN_AUX,pos2_AUX_CCONJ,pos2_PRON_SPACE,pos2_ADP_CCONJ,pos2_NUM_PROPN,pos2_PRON_PROPN,pos2_NUM_SPACE,pos2_NUM_DET,pos2_PUNCT_SYM,pos2_SYM_NUM,pos2_ADP_SYM,pos2_VERB_X,pos2_ADP_SPACE,pos2_DET_SPACE,pos2_ADV_SPACE,pos2_ADJ_SPACE,pos2_CCONJ_SPACE,pos2_PROPN_SCONJ,pos2_SCONJ_SPACE,pos2_AUX_SPACE,pos2_ADJ_SCONJ,pos2_AUX_PROPN,pos2_PROPN_PRON,pos2_X_ADP,pos2_NUM_AUX,pos2_SCONJ_X,pos2_SYM_SYM,pos2_X_SPACE,pos2_ADJ_X,pos2_NOUN_SYM,pos2_SYM_PUNCT,pos2_SPACE_X,pos2_X_VERB,author_folder
krupskaya_k_voposu_o_shkole.txt,0.0008802816901408451,0.00044014084507042255,0.00044014084507042255,0.00044014084507042255,0.01232394366197183,0.0017605633802816902,0.02068661971830986,0.01232394366197183,0.05457746478873239,0.016285211267605633,0.005721830985915493,0.014524647887323943,0.01232394366197183,0.01232394366197183,0.018926056338028168,0.007922535211267605,0.023767605633802816,0.0048415492957746475,0.007042253521126761,0.02464788732394366,0.013644366197183098,0.0022007042253521128,0.011883802816901408,0.01936619718309859,0.0013204225352112676,0.003961267605633803,0.023767605633802816,0.014964788732394365,0.02992957746478873,0.08670774647887323,0.0008802816901408451,0.00044014084507042255,0.01936619718309859,0.008362676056338027,0.002640845070422535,0.009242957746478873,0.006602112676056338,0.0044014084507042256,0.011883802816901408,0.0022007042253521128,0.02068661971830986,0.017605633802816902,0.015404929577464789,0.0017605633802816902,0.0022007042253521128,0.01232394366197183,0.018045774647887324,0.0022007042253521128,0.006161971830985915,0.007482394366197183,0.011003521126760563,0.010123239436619719,0.035211267605633804,0.021566901408450703,0.018045774647887324,0.0013204225352112676,0.0008802816901408451,0.014084507042253521,0.0035211267605633804,0.029049295774647887,0.00044014084507042255,0.0035211267605633804,0.0048415492957746475,0.0044014084507042256,0.006602112676056338,0.007482394366197183,0.0017605633802816902,0.002640845070422535,0.0044014084507042256,0.0013204225352112676,0.0013204225352112676,0.0017605633802816902,0.006602112676056338,0.009242957746478873,0.0008802816901408451,0.0030809859154929575,0.0030809859154929575,0.0022007042253521128,0.0030809859154929575,0.002640845070422535,0.0022007042253521128,0.0022007042253521128,0.0022007042253521128,0.0013204225352112676,0.0048415492957746475,0.0013204225352112676,0.005721830985915493,0.007922535211267605,0.0013204225352112676,0.0030809859154929575,0.007922535211267605,0.006602112676056338,0.0013204225352112676,0.0017605633802816902,0.014964788732394365,0.0017605633802816902,0.0013204225352112676,0.00044014084507042255,0.00044014084507042255,0.0017605633802816902,0.0008802816901408451,0.0008802816901408451,0.0008802816901408451,0.0030809859154929575,0.0013204225352112676,0.00044014084507042255,0.0017605633802816902,0.00044014084507042255,0.009242957746478873,0.00044014084507042255,0.0044014084507042256,0.007482394366197183,0.006161971830985915,0.0022007042253521128,0.002640845070422535,0.0017605633802816902,0.0008802816901408451,0.00044014084507042255,0.0008802816901408451,0.0017605633802816902,0.0017605633802816902,0.002640845070422535,0.00044014084507042255,0.0008802816901408451,0.0008802816901408451,0.00044014084507042255,0.0013204225352112676,0.0017605633802816902,0.00044014084507042255,0.00044014084507042255,0.00044014084507042255,0.002640845070422535,0.00044014084507042255,0.00044014084507042255,0.00044014084507042255,0.0008802816901408451,0.0008802816901408451,0.0008802816901408451,0.0013204225352112676,0.0035211267605633804,0.00044014084507042255,0.0008802816901408451,0.0008802816901408451,0.00044014084507042255,0.0008802816901408451,0.0017605633802816902,0.00044014084507042255,0.0013204225352112676,0.00044014084507042255,0.0008802816901408451,0.00044014084507042255,0.00044014084507042255,0.0008802816901408451,0.00044014084507042255,0.00044014084507042255,0.00044014084507042255,0.00044014084507042255,0.00044014084507042255,0.00044014084507042255,0.0,0.0,0.0,0.0,0.0,0.0,0.0,0.0,0.0,0.0,0.0,0.0,0.0,0.0,0.0,0.0,0.0,0.0,0.0,0.0,0.0,0.0,0.0,0.0,0.0,0.0,0.0,0.0,0.0,0.0,0.0,0.0,0.0,0.0,0.0,0.0,0.0,0.0,0.0,0.0,0.0,0.0,0.0,0.0,0.0,0.0,0.0,0.0,0.0,0.0,0.0,0.0,0.0,0.0,0.0,0.0,0.0,0.0,0.0,0.0,0.0,0.0,0.0,0.0,0.0,0.0,0.0,0.0,0.0,0.0,0.0,0.0,0.0,0.0,0.0,0.0,0.0,0.0,0.0,0.0,0.0,0.0,0.0,0.0,krupskaya
krupskaya_o_staroy_iskre.txt,0.01029678982434888,0.004239854633555421,0.0072683222289521504,0.03573591762568141,0.019382192610539067,0.0018170805572380376,0.030890369473046637,0.013930950938824955,0.061780738946093275,0.01756511205330103,0.0072683222289521504,0.0036341611144760752,0.0030284675953967293,0.009691096305269533,0.006662628709872804,0.0012113870381586917,0.01029678982434888,0.0006056935190793458,0.0018170805572380376,0.01635372501514234,0.007874015748031496,0.0024227740763173833,0.008479709267110842,0.012719563900666263,0.0,0.0006056935190793458,0.02483343428225318,0.009085402786190187,0.021199273167777106,0.0950938824954573,0.0006056935190793458,0.0,0.014536644457904301,0.0036341611144760752,0.004239854633555421,0.0024227740763173833,0.004845548152634767,0.004845548152634767,0.004239854633555421,0.0012113870381586917,0.014536644457904301,0.028467595396729255,0.022410660205935795,0.0006056935190793458,0.0,0.01029678982434888,0.01029678982434888,0.0024227740763173833,0.0036341611144760752,0.004845548152634767,0.004845548152634767,0.01150817686250757,0.04663840096910963,0.034524530587522716,0.019987886129618413,0.0,0.0,0.02059357964869776,0.0036341611144760752,0.044215626892792244,0.0006056935190793458,0.0006056935190793458,0.0018170805572380376,0.004239854633555421,0.0024227740763173833,0.0,0.0006056935190793458,0.0,0.0018170805572380376,0.0006056935190793458,0.0,0.0024227740763173833,0.0024227740763173833,0.009691096305269533,0.0,0.0024227740763173833,0.0024227740763173833,0.005451241671714113,0.0024227740763173833,0.0030284675953967293,0.0,0.0006056935190793458,0.0036341611144760752,0.0024227740763173833,0.0,0.0,0.0012113870381586917,0.014536644457904301,0.0006056935190793458,0.0024227740763173833,0.012719563900666263,0.005451241671714113,0.0006056935190793458,0.0006056935190793458,0.006662628709872804,0.0006056935190793458,0.021804966686856452,0.005451241671714113,0.0006056935190793458,0.0006056935190793458,0.0024227740763173833,0.0012113870381586917,0.0018170805572380376,0.0030284675953967293,0.0030284675953967293,0.0,0.0,0.0,0.006662628709872804,0.0,0.0018170805572380376,0.004845548152634767,0.005451241671714113,0.0006056935190793458,0.0,0.006662628709872804,0.0006056935190793458,0.0012113870381586917,0.0006056935190793458,0.0012113870381586917,0.0006056935190793458,0.0024227740763173833,0.0006056935190793458,0.0006056935190793458,0.0006056935190793458,0.0,0.0012113870381586917,0.0,0.0,0.0,0.0006056935190793458,0.0006056935190793458,0.0,0.0036341611144760752,0.0024227740763173833,0.0,0.0,0.0,0.0,0.0006056935190793458,0.0,0.0,0.0,0.0,0.0012113870381586917,0.0006056935190793458,0.0018170805572380376,0.0012113870381586917,0.0012113870381586917,0.0,0.0,0.0018170805572380376,0.0024227740763173833,0.0006056935190793458,0.0,0.0,0.0006056935190793458,0.0006056935190793458,0.0012113870381586917,0.004239854633555421,0.01029678982434888,0.0012113870381586917,0.0006056935190793458,0.0030284675953967293,0.0006056935190793458,0.006662628709872804,0.0006056935190793458,0.0018170805572380376,0.0018170805572380376,0.0012113870381586917,0.0006056935190793458,0.0012113870381586917,0.0006056935190793458,0.0006056935190793458,0.0006056935190793458,0.0012113870381586917,0.0006056935190793458,0.0006056935190793458,0.0,0.0,0.0,0.0,0.0,0.0,0.0,0.0,0.0,0.0,0.0,0.0,0.0,0.0,0.0,0.0,0.0,0.0,0.0,0.0,0.0,0.0,0.0,0.0,0.0,0.0,0.0,0.0,0.0,0.0,0.0,0.0,0.0,0.0,0.0,0.0,0.0,0.0,0.0,0.0,0.0,0.0,0.0,0.0,0.0,0.0,0.0,0.0,0.0,0.0,0.0,0.0,0.0,0.0,0.0,0.0,0.0,0.0,0.0,0.0,0.0,0.0,0.0,0.0,0.0,krupskaya
krupskaya_samoubiystva_uchashihsya.txt,0.0,0.00034818941504178273,0.00034818941504178273,0.0017409470752089136,0.01149025069637883,0.001392757660167131,0.023328690807799445,0.011838440111420613,0.05153203342618384,0.026462395543175487,0.008008356545961003,0.00766016713091922,0.009749303621169917,0.018105849582172703,0.013579387186629526,0.004874651810584958,0.017409470752089137,0.001392757660167131,0.004526462395543176,0.019498607242339833,0.017757660167130918,0.00383008356545961,0.010445682451253482,0.011838440111420613,0.0006963788300835655,0.007311977715877437,0.02681058495821727,0.012534818941504178,0.019846796657381614,0.10271587743732591,0.0010445682451253482,0.00034818941504178273,0.016016713091922007,0.006963788300835654,0.00383008356545961,0.006267409470752089,0.003481894150417827,0.0100974930362117,0.005222841225626741,0.0017409470752089136,0.014623955431754874,0.02158774373259053,0.015668523676880222,0.00034818941504178273,0.0010445682451253482,0.014972144846796657,0.019498607242339833,0.0020891364902506965,0.005571030640668524,0.005919220055710306,0.010445682451253482,0.006963788300835654,0.03690807799442897,0.022284122562674095,0.026114206128133706,0.00034818941504178273,0.00034818941504178273,0.009749303621169917,0.0020891364902506965,0.047701949860724235,0.0,0.0031337047353760445,0.0031337047353760445,0.002785515320334262,0.003481894150417827,0.005919220055710306,0.0020891364902506965,0.001392757660167131,0.005222841225626741,0.0020891364902506965,0.0031337047353760445,0.00383008356545961,0.005222841225626741,0.011142061281337047,0.0006963788300835655,0.00383008356545961,0.004526462395543176,0.0020891364902506965,0.002437325905292479,0.00383008356545961,0.0006963788300835655,0.0,0.003481894150417827,0.003481894150417827,0.001392757660167131,0.00034818941504178273,0.00383008356545961,0.013579387186629526,0.0,0.0020891364902506965,0.00766016713091922,0.006615598885793872,0.001392757660167131,0.004178272980501393,0.010445682451253482,0.002437325905292479,0.00034818941504178273,0.00034818941504178273,0.0017409470752089136,0.0010445682451253482,0.001392757660167131,0.0010445682451253482,0.001392757660167131,0.007311977715877437,0.00034818941504178273,0.0,0.0,0.0,0.011838440111420613,0.0006963788300835655,0.0020891364902506965,0.004874651810584958,0.01149025069637883,0.0006963788300835655,0.0006963788300835655,0.0010445682451253482,0.0006963788300835655,0.00034818941504178273,0.00034818941504178273,0.00034818941504178273,0.00034818941504178273,0.002785515320334262,0.0,0.003481894150417827,0.0006963788300835655,0.00034818941504178273,0.0031337047353760445,0.00034818941504178273,0.00034818941504178273,0.0,0.00034818941504178273,0.00034818941504178273,0.00034818941504178273,0.0,0.0,0.0,0.0,0.0,0.004874651810584958,0.002785515320334262,0.0,0.0010445682451253482,0.0010445682451253482,0.0,0.0010445682451253482,0.002785515320334262,0.0006963788300835655,0.001392757660167131,0.0006963788300835655,0.0010445682451253482,0.00034818941504178273,0.002785515320334262,0.0010445682451253482,0.00034818941504178273,0.0,0.0006963788300835655,0.00034818941504178273,0.0,0.0010445682451253482,0.0,0.0010445682451253482,0.0,0.0010445682451253482,0.0,0.0,0.0,0.0006963788300835655,0.0,0.0006963788300835655,0.0,0.0,0.00034818941504178273,0.0010445682451253482,0.0010445682451253482,0.0006963788300835655,0.00034818941504178273,0.00034818941504178273,0.0,0.00034818941504178273,0.00034818941504178273,0.0006963788300835655,0.00034818941504178273,0.0006963788300835655,0.0006963788300835655,0.00034818941504178273,0.0010445682451253482,0.0010445682451253482,0.00034818941504178273,0.00034818941504178273,0.00034818941504178273,0.00034818941504178273,0.0006963788300835655,0.0,0.0,0.0,0.0,0.0,0.0,0.0,0.0,0.0,0.0,0.0,0.0,0.0,0.0,0.0,0.0,0.0,0.0,0.0,0.0,0.0,0.0,0.0,0.0,0.0,0.0,0.0,0.0,0.0,0.0,0.0,0.0,0.0,0.0,0.0,0.0,0.0,0.0,0.0,0.0,0.0,0.0,0.0,0.0,0.0,0.0,0.0,0.0,0.0,0.0,0.0,krupskaya
krupskaya_shkolnie_kolonii.txt,0.0064034151547491995,0.0010672358591248667,0.0032017075773745998,0.012806830309498399,0.012806830309498399,0.0010672358591248667,0.0288153681963714,0.02454642475987193,0.08751334044823907,0.01814300960512273,0.004268943436499467,0.005336179295624333,0.008537886872998933,0.022411953041622197,0.014941302027748132,0.005336179295624333,0.012806830309498399,0.0021344717182497333,0.0032017075773745998,0.011739594450373533,0.021344717182497332,0.0032017075773745998,0.004268943436499467,0.007470651013874066,0.0,0.005336179295624333,0.012806830309498399,0.008537886872998933,0.022411953041622197,0.1056563500533618,0.0,0.0,0.014941302027748132,0.0032017075773745998,0.005336179295624333,0.0064034151547491995,0.0064034151547491995,0.004268943436499467,0.004268943436499467,0.0021344717182497333,0.010672358591248666,0.011739594450373533,0.02454642475987193,0.0,0.0010672358591248667,0.0096051227321238,0.008537886872998933,0.0,0.0021344717182497333,0.0032017075773745998,0.0021344717182497333,0.013874066168623266,0.030949839914621132,0.016008537886873,0.023479188900747065,0.0010672358591248667,0.0,0.0021344717182497333,0.0010672358591248667,0.0384204909284952,0.0,0.0010672358591248667,0.0,0.005336179295624333,0.0,0.0032017075773745998,0.0021344717182497333,0.0,0.007470651013874066,0.0032017075773745998,0.0021344717182497333,0.005336179295624333,0.0064034151547491995,0.010672358591248666,0.0,0.0021344717182497333,0.0064034151547491995,0.004268943436499467,0.005336179295624333,0.005336179295624333,0.0,0.0021344717182497333,0.004268943436499467,0.005336179295624333,0.0064034151547491995,0.0,0.0064034151547491995,0.02454642475987193,0.0,0.0021344717182497333,0.013874066168623266,0.0021344717182497333,0.0,0.007470651013874066,0.0021344717182497333,0.0021344717182497333,0.005336179295624333,0.004268943436499467,0.0,0.0,0.0032017075773745998,0.0021344717182497333,0.0,0.0010672358591248667,0.0,0.0,0.0,0.0,0.021344717182497332,0.0,0.0021344717182497333,0.004268943436499467,0.01814300960512273,0.0021344717182497333,0.0,0.0064034151547491995,0.0,0.0,0.0,0.0010672358591248667,0.0,0.0,0.0021344717182497333,0.0010672358591248667,0.0010672358591248667,0.0,0.0,0.0021344717182497333,0.0010672358591248667,0.0,0.0010672358591248667,0.0021344717182497333,0.0,0.0,0.0,0.0,0.0,0.0,0.0,0.0010672358591248667,0.0,0.0,0.0,0.0,0.0032017075773745998,0.004268943436499467,0.0010672358591248667,0.0,0.0010672358591248667,0.0010672358591248667,0.0,0.0032017075773745998,0.0021344717182497333,0.0,0.0,0.0,0.0032017075773745998,0.0,0.0,0.0,0.0032017075773745998,0.0021344717182497333,0.0021344717182497333,0.0010672358591248667,0.0010672358591248667,0.0,0.0,0.0,0.0,0.0010672358591248667,0.0,0.0010672358591248667,0.0010672358591248667,0.0,0.0010672358591248667,0.0,0.0,0.0010672358591248667,0.0,0.0,0.0,0.0,0.0,0.0,0.0,0.0021344717182497333,0.0,0.0032017075773745998,0.0,0.0,0.0,0.0,0.0010672358591248667,0.0010672358591248667,0.0,0.0,0.0,0.0,0.0,0.0,0.0,0.0,0.0,0.0,0.0,0.0,0.0,0.0,0.0,0.0,0.0,0.0,0.0,0.0,0.0,0.0,0.0,0.0,0.0,0.0,0.0,0.0,0.0,0.0,0.0,0.0,0.0,0.0,0.0,0.0,0.0,0.0,0.0,0.0,0.0,0.0,0.0,0.0,0.0,0.0,0.0,0.0,0.0,krupskaya
krupskaya_sovmestnoe_obuchenie.txt,0.0007989347536617843,0.0007989347536617843,0.0010652463382157123,0.004793608521970706,0.011451398135818908,0.0015978695073235686,0.027163781624500664,0.023169107856191744,0.07696404793608522,0.019174434087882823,0.00825565912117177,0.007190412782956059,0.010918774966711052,0.01544607190412783,0.011984021304926764,0.005326231691078562,0.0151797603195739,0.0021304926764314247,0.006125166444740347,0.017043941411451397,0.017310252996005325,0.002929427430093209,0.0074567243675099865,0.010918774966711052,0.0005326231691078562,0.006125166444740347,0.020505992010652462,0.011451398135818908,0.020239680426098534,0.09533954727030626,0.0002663115845539281,0.0,0.017043941411451397,0.006125166444740347,0.0034620505992010654,0.00559254327563249,0.008788282290279626,0.008788282290279626,0.009320905459387484,0.002396804260985353,0.017310252996005325,0.017043941411451397,0.017842876165113184,0.0005326231691078562,0.0007989347536617843,0.010119840213049267,0.02130492676431425,0.004527296937416778,0.0037283621837549932,0.003195739014647137,0.00985352862849534,0.009054593874833556,0.03462050599201065,0.019174434087882823,0.022902796271637816,0.0007989347536617843,0.0,0.013049267643142477,0.004793608521970706,0.034354194407456726,0.0002663115845539281,0.0037283621837549932,0.0007989347536617843,0.003195739014647137,0.003195739014647137,0.004793608521970706,0.0013315579227696406,0.0010652463382157123,0.005326231691078562,0.0010652463382157123,0.0013315579227696406,0.0010652463382157123,0.0018641810918774966,0.010918774966711052,0.0010652463382157123,0.0034620505992010654,0.0039946737683089215,0.0013315579227696406,0.003195739014647137,0.0037283621837549932,0.0,0.0005326231691078562,0.004260985352862849,0.005059920106524634,0.004260985352862849,0.0005326231691078562,0.004260985352862849,0.011717709720372836,0.0002663115845539281,0.0037283621837549932,0.010652463382157125,0.004260985352862849,0.0010652463382157123,0.0010652463382157123,0.00825565912117177,0.0021304926764314247,0.0018641810918774966,0.0013315579227696406,0.0013315579227696406,0.0002663115845539281,0.0005326231691078562,0.002396804260985353,0.0005326231691078562,0.004527296937416778,0.0015978695073235686,0.0002663115845539281,0.0013315579227696406,0.0007989347536617843,0.013848202396804262,0.0007989347536617843,0.0021304926764314247,0.00985352862849534,0.013049267643142477,0.0010652463382157123,0.0013315579227696406,0.002929427430093209,0.0002663115845539281,0.0005326231691078562,0.0013315579227696406,0.0002663115845539281,0.0005326231691078562,0.0007989347536617843,0.0013315579227696406,0.0002663115845539281,0.0002663115845539281,0.0,0.0015978695073235686,0.0005326231691078562,0.0,0.0002663115845539281,0.0002663115845539281,0.0002663115845539281,0.0005326231691078562,0.0010652463382157123,0.0,0.0007989347536617843,0.0,0.0,0.0010652463382157123,0.005858854860186418,0.0,0.0010652463382157123,0.0002663115845539281,0.0,0.0007989347536617843,0.0018641810918774966,0.0005326231691078562,0.0010652463382157123,0.0010652463382157123,0.0021304926764314247,0.0,0.0010652463382157123,0.0005326231691078562,0.0007989347536617843,0.0,0.0010652463382157123,0.0013315579227696406,0.0,0.0005326231691078562,0.002396804260985353,0.005059920106524634,0.0,0.0007989347536617843,0.0002663115845539281,0.0,0.0,0.0002663115845539281,0.0007989347536617843,0.0,0.0002663115845539281,0.0002663115845539281,0.0,0.0002663115845539281,0.0015978695073235686,0.0002663115845539281,0.0013315579227696406,0.0002663115845539281,0.0,0.0,0.0,0.0005326231691078562,0.0,0.0,0.0,0.0007989347536617843,0.0010652463382157123,0.0007989347536617843,0.0010652463382157123,0.0,0.0,0.0002663115845539281,0.0,0.0,0.0,0.0002663115845539281,0.0002663115845539281,0.0005326231691078562,0.0005326231691078562,0.0002663115845539281,0.0002663115845539281,0.0002663115845539281,0.0002663115845539281,0.0002663115845539281,0.0,0.0,0.0,0.0,0.0,0.0,0.0,0.0,0.0,0.0,0.0,0.0,0.0,0.0,0.0,0.0,0.0,0.0,0.0,0.0,0.0,0.0,0.0,0.0,0.0,0.0,0.0,0.0,0.0,0.0,0.0,0.0,0.0,0.0,0.0,0.0,0.0,0.0,0.0,0.0,krupskaya
krupskaya_zhenshina_rabotnitsa.txt,0.002761922297919352,0.0005523844595838704,0.0007365126127784938,0.002301601914932793,0.00478733198306021,0.0008285766893758056,0.023752531762106427,0.015650893021542996,0.050174921745534895,0.029920824894126313,0.009114343583133861,0.00745719020438225,0.011139753268274719,0.01712391824709998,0.012612778493831706,0.0032222426809059104,0.0133492911066102,0.0022095378383354815,0.004142883446879028,0.021358865770576323,0.01657153378751611,0.0039587552936844045,0.01169213772785859,0.01546676486834837,0.0007365126127784938,0.00478733198306021,0.02559381329405266,0.009758792119315043,0.02338427545571718,0.09685140858037194,0.0003682563063892469,0.0003682563063892469,0.01592708525133493,0.00745719020438225,0.003774627140489781,0.004142883446879028,0.004419075676670963,0.004695267906462898,0.009298471736328485,0.0011968329957650525,0.01638740563432149,0.023660467685509116,0.012981034800220954,0.0009206407659731173,0.00046032038298655866,0.01611121340452955,0.023292211379119868,0.002025409685140858,0.00423494752347634,0.0036825630638924692,0.008746087276744615,0.00800957466396612,0.038022463634689745,0.022647762842938686,0.022555698766341375,0.0007365126127784938,0.0002761922297919352,0.00902227950653655,0.00423494752347634,0.04465107714969619,0.0,0.00423494752347634,0.002393665991530105,0.004511139753268275,0.004050819370281716,0.003038114527711287,0.002025409685140858,0.0006444485361811821,0.006628613515006445,0.0032222426809059104,0.0012888970723623642,0.0062603572086171975,0.0039587552936844045,0.013717547412999447,0.0017492174553489228,0.005155588289449457,0.003590498987295157,0.001012704842570429,0.002761922297919352,0.0061682931320198855,0.0011968329957650525,0.0005523844595838704,0.0033143067575032224,0.005339716442644081,0.004695267906462898,0.0003682563063892469,0.00478733198306021,0.01325722703001289,0.0014730252255569876,0.0032222426809059104,0.005615908672436015,0.005155588289449457,0.0003682563063892469,0.0015650893021542994,0.008654023200147302,0.00211747376173817,0.0007365126127784938,0.0008285766893758056,0.0008285766893758056,0.0014730252255569876,0.0009206407659731173,0.0025777941447247283,0.0003682563063892469,0.0073651261277849385,0.00046032038298655866,0.0,0.0,0.0,0.012888970723623642,0.00018412815319462345,0.0038666912170870925,0.007088933897993003,0.01123181734487203,0.0006444485361811821,0.0012888970723623642,0.002393665991530105,0.0005523844595838704,0.00046032038298655866,0.00018412815319462345,0.0011968329957650525,0.0019333456085435462,0.0018412815319462346,0.00018412815319462345,0.002946050451113975,0.0012888970723623642,0.0,0.00018412815319462345,0.0017492174553489228,0.0,0.0,9.206407659731172e-05,0.001380961148959676,0.0005523844595838704,9.206407659731172e-05,9.206407659731172e-05,0.00018412815319462345,0.00018412815319462345,0.0,0.0011968329957650525,0.0022095378383354815,9.206407659731172e-05,0.0011047689191677407,0.0011968329957650525,0.00018412815319462345,0.0005523844595838704,0.00211747376173817,0.00046032038298655866,0.0008285766893758056,0.0003682563063892469,0.0024857300681274167,0.0,0.0005523844595838704,0.0005523844595838704,0.001012704842570429,0.0003682563063892469,0.0005523844595838704,0.0009206407659731173,0.0002761922297919352,0.00046032038298655866,0.00018412815319462345,0.001012704842570429,0.0,0.001380961148959676,0.0003682563063892469,0.0002761922297919352,0.0002761922297919352,0.00018412815319462345,0.00046032038298655866,9.206407659731172e-05,0.0002761922297919352,9.206407659731172e-05,0.0002761922297919352,0.0002761922297919352,0.001380961148959676,0.0002761922297919352,0.0002761922297919352,0.0005523844595838704,0.0007365126127784938,0.0,0.0,9.206407659731172e-05,0.0,0.0005523844595838704,0.0009206407659731173,0.001012704842570429,0.0016571533787516112,0.0007365126127784938,0.0012888970723623642,0.0,0.0,0.0002761922297919352,9.206407659731172e-05,0.0,0.0,0.0002761922297919352,0.0,0.00018412815319462345,9.206407659731172e-05,0.0,0.0003682563063892469,0.0,0.0,0.00018412815319462345,9.206407659731172e-05,9.206407659731172e-05,0.00018412815319462345,0.00018412815319462345,0.00018412815319462345,0.0003682563063892469,0.0002761922297919352,9.206407659731172e-05,9.206407659731172e-05,9.206407659731172e-05,9.206407659731172e-05,0.0,0.0,0.0,0.0,0.0,0.0,0.0,0.0,0.0,0.0,0.0,0.0,0.0,0.0,0.0,0.0,0.0,0.0,0.0,0.0,0.0,0.0,0.0,0.0,0.0,0.0,0.0,0.0,0.0,krupskaya
lenin_183_students_I.txt,0.002365464222353637,0.0005913660555884093,0.0,0.0035481963335304554,0.004730928444707274,0.0005913660555884093,0.03252513305736251,0.012418687167356593,0.07746895328208162,0.026020106445890007,0.006505026611472502,0.004730928444707274,0.006505026611472502,0.010644589000591367,0.008870490833826138,0.004730928444707274,0.01596688350088705,0.0059136605558840925,0.010644589000591367,0.01537551744529864,0.014192785334121822,0.002365464222353637,0.007096392667060911,0.012418687167356593,0.0,0.0029568302779420462,0.024837374334713187,0.012418687167356593,0.023063276167947958,0.1028976936723832,0.0,0.0,0.008870490833826138,0.00768775872264932,0.0017740981667652277,0.0011827321111768185,0.007096392667060911,0.011235955056179775,0.007096392667060911,0.0011827321111768185,0.01478415138971023,0.033707865168539325,0.0254287403903016,0.0017740981667652277,0.0005913660555884093,0.010644589000591367,0.018923713778829097,0.002365464222353637,0.004139562389118865,0.0035481963335304554,0.005322294500295683,0.01596688350088705,0.03784742755765819,0.02188054405677114,0.02365464222353637,0.0029568302779420462,0.0005913660555884093,0.012418687167356593,0.0035481963335304554,0.041986989946777055,0.0,0.002365464222353637,0.002365464222353637,0.0017740981667652277,0.004730928444707274,0.0005913660555884093,0.0005913660555884093,0.0005913660555884093,0.0035481963335304554,0.002365464222353637,0.0,0.004139562389118865,0.004139562389118865,0.010053222945002957,0.002365464222353637,0.0011827321111768185,0.0011827321111768185,0.0005913660555884093,0.0029568302779420462,0.0029568302779420462,0.0017740981667652277,0.0011827321111768185,0.0005913660555884093,0.005322294500295683,0.0017740981667652277,0.0,0.004730928444707274,0.01478415138971023,0.0017740981667652277,0.002365464222353637,0.014192785334121822,0.004139562389118865,0.0005913660555884093,0.0005913660555884093,0.00827912477823773,0.0017740981667652277,0.0005913660555884093,0.0011827321111768185,0.0017740981667652277,0.0011827321111768185,0.0,0.0035481963335304554,0.0,0.0035481963335304554,0.0011827321111768185,0.0,0.0,0.0,0.019515079834417505,0.0,0.0029568302779420462,0.006505026611472502,0.01596688350088705,0.0,0.0017740981667652277,0.0011827321111768185,0.0005913660555884093,0.0017740981667652277,0.0,0.0,0.0,0.0011827321111768185,0.0,0.0017740981667652277,0.0,0.0,0.0011827321111768185,0.0017740981667652277,0.0,0.0005913660555884093,0.0,0.0017740981667652277,0.0,0.0005913660555884093,0.0,0.0,0.0,0.0005913660555884093,0.0,0.0017740981667652277,0.0,0.0005913660555884093,0.0005913660555884093,0.0,0.0005913660555884093,0.0029568302779420462,0.0011827321111768185,0.0,0.0005913660555884093,0.0017740981667652277,0.0,0.0,0.0017740981667652277,0.0011827321111768185,0.0005913660555884093,0.0,0.0,0.0,0.0005913660555884093,0.0,0.0017740981667652277,0.0,0.0011827321111768185,0.0011827321111768185,0.0,0.0011827321111768185,0.0,0.0017740981667652277,0.0,0.0005913660555884093,0.0,0.0,0.0,0.0005913660555884093,0.0,0.0,0.0005913660555884093,0.0005913660555884093,0.0,0.0,0.0,0.0,0.0,0.0017740981667652277,0.0,0.0011827321111768185,0.0029568302779420462,0.0011827321111768185,0.0,0.0,0.0,0.0005913660555884093,0.0011827321111768185,0.0,0.0,0.0,0.0,0.0,0.0,0.0,0.0,0.0,0.0,0.0,0.0,0.0,0.0,0.0,0.0,0.0,0.0005913660555884093,0.0,0.0,0.0,0.0005913660555884093,0.0005913660555884093,0.0,0.0,0.0,0.0,0.0,0.0,0.0,0.0,0.0,0.0,0.0,0.0,0.0,0.0,0.0,0.0,0.0,0.0,0.0,0.0,0.0,0.0,0.0,0.0,0.0,0.0,0.0,lenin
lenin_1st_of_may.txt,0.0008496176720475786,0.0,0.0,0.00594732370433305,0.011045029736618521,0.0016992353440951572,0.03908241291418862,0.028037383177570093,0.08496176720475786,0.045029736618521665,0.004248088360237893,0.004248088360237893,0.002548853016142736,0.009345794392523364,0.005097706032285472,0.0016992353440951572,0.00594732370433305,0.002548853016142736,0.004248088360237893,0.008496176720475786,0.010195412064570943,0.0,0.0033984706881903144,0.015293118096856415,0.0,0.0016992353440951572,0.026338147833474938,0.012744265080713678,0.04248088360237893,0.10535259133389975,0.0,0.0,0.005097706032285472,0.014443500424808835,0.004248088360237893,0.005097706032285472,0.012744265080713678,0.010195412064570943,0.0033984706881903144,0.0016992353440951572,0.01784197111299915,0.026338147833474938,0.022939677145284623,0.0,0.0,0.00594732370433305,0.010195412064570943,0.0,0.0016992353440951572,0.002548853016142736,0.0008496176720475786,0.011045029736618521,0.05692438402718777,0.018691588785046728,0.026338147833474938,0.0,0.0,0.004248088360237893,0.0016992353440951572,0.038232795242141036,0.0,0.0,0.0008496176720475786,0.0008496176720475786,0.002548853016142736,0.0,0.0008496176720475786,0.0,0.0016992353440951572,0.005097706032285472,0.0008496176720475786,0.002548853016142736,0.0,0.0076465590484282074,0.0033984706881903144,0.0,0.0008496176720475786,0.0016992353440951572,0.0016992353440951572,0.004248088360237893,0.0008496176720475786,0.0016992353440951572,0.005097706032285472,0.011045029736618521,0.002548853016142736,0.0008496176720475786,0.012744265080713678,0.004248088360237893,0.0,0.0008496176720475786,0.006796941376380629,0.006796941376380629,0.0,0.0008496176720475786,0.00594732370433305,0.0,0.002548853016142736,0.002548853016142736,0.0,0.0,0.0008496176720475786,0.010195412064570943,0.0,0.0033984706881903144,0.0,0.0,0.0,0.0,0.022090059473237042,0.0,0.004248088360237893,0.00594732370433305,0.01954120645709431,0.0,0.0016992353440951572,0.002548853016142736,0.0008496176720475786,0.0,0.0,0.0,0.0,0.0008496176720475786,0.0016992353440951572,0.0008496176720475786,0.0,0.0,0.002548853016142736,0.0033984706881903144,0.0,0.0,0.0,0.0,0.0,0.0008496176720475786,0.0,0.0008496176720475786,0.0,0.0,0.0,0.0008496176720475786,0.0,0.0,0.0016992353440951572,0.0,0.0033984706881903144,0.0033984706881903144,0.0,0.0,0.0008496176720475786,0.0008496176720475786,0.0,0.0,0.0008496176720475786,0.0,0.0,0.0016992353440951572,0.0,0.0,0.0008496176720475786,0.0,0.0016992353440951572,0.0,0.0,0.0033984706881903144,0.0,0.0,0.0,0.0,0.0008496176720475786,0.002548853016142736,0.0,0.0008496176720475786,0.0008496176720475786,0.0008496176720475786,0.0,0.0,0.0,0.0,0.0,0.0,0.0,0.0,0.0,0.0,0.0,0.0,0.0008496176720475786,0.0008496176720475786,0.0,0.0,0.0,0.0,0.0008496176720475786,0.0,0.0,0.0,0.0033984706881903144,0.0,0.0,0.0,0.0,0.0,0.0,0.0,0.0,0.0008496176720475786,0.0,0.0,0.0,0.0,0.0,0.0,0.0,0.0,0.0,0.0,0.0,0.0,0.0,0.0,0.0,0.0,0.0,0.0,0.0,0.0,0.0,0.0,0.0,0.0,0.0,0.0,0.0,0.0,0.0,0.0,0.0,0.0,0.0,0.0,0.0,0.0,0.0,lenin
lenin_anarhizm_i_socializm.txt,0.0033259423503325942,0.0022172949002217295,0.0,0.0033259423503325942,0.004434589800443459,0.0,0.03436807095343681,0.015521064301552107,0.09866962305986696,0.018847006651884702,0.005543237250554324,0.0033259423503325942,0.015521064301552107,0.011086474501108648,0.0011086474501108647,0.004434589800443459,0.012195121951219513,0.0011086474501108647,0.0033259423503325942,0.008869179600886918,0.01662971175166297,0.0,0.0011086474501108647,0.009977827050997782,0.0,0.0022172949002217295,0.013303769401330377,0.012195121951219513,0.02993348115299335,0.0975609756097561,0.0,0.0,0.018847006651884702,0.0033259423503325942,0.0011086474501108647,0.0066518847006651885,0.013303769401330377,0.009977827050997782,0.005543237250554324,0.0011086474501108647,0.007760532150776054,0.02771618625277162,0.03991130820399113,0.0011086474501108647,0.0,0.015521064301552107,0.014412416851441241,0.0033259423503325942,0.0,0.004434589800443459,0.0022172949002217295,0.015521064301552107,0.04767184035476718,0.017738359201773836,0.013303769401330377,0.0,0.0,0.012195121951219513,0.0011086474501108647,0.037694013303769404,0.0,0.0,0.0022172949002217295,0.0033259423503325942,0.0,0.0011086474501108647,0.0011086474501108647,0.0,0.004434589800443459,0.0033259423503325942,0.0022172949002217295,0.0,0.0,0.004434589800443459,0.0022172949002217295,0.004434589800443459,0.0011086474501108647,0.0033259423503325942,0.0022172949002217295,0.004434589800443459,0.0022172949002217295,0.0022172949002217295,0.0033259423503325942,0.004434589800443459,0.008869179600886918,0.0022172949002217295,0.013303769401330377,0.013303769401330377,0.0022172949002217295,0.0,0.01662971175166297,0.008869179600886918,0.0011086474501108647,0.0011086474501108647,0.005543237250554324,0.0022172949002217295,0.0011086474501108647,0.0,0.0033259423503325942,0.0011086474501108647,0.0011086474501108647,0.005543237250554324,0.0,0.004434589800443459,0.0033259423503325942,0.0,0.0,0.0,0.019955654101995565,0.0,0.0022172949002217295,0.008869179600886918,0.014412416851441241,0.0,0.0022172949002217295,0.0011086474501108647,0.0,0.0011086474501108647,0.0033259423503325942,0.0022172949002217295,0.0,0.0,0.0,0.0,0.0,0.0,0.0,0.0,0.0,0.0,0.0,0.0,0.0,0.0011086474501108647,0.0,0.0,0.0,0.0,0.0022172949002217295,0.0,0.0,0.0,0.0,0.0,0.0022172949002217295,0.0033259423503325942,0.0011086474501108647,0.0011086474501108647,0.0,0.0022172949002217295,0.0,0.0011086474501108647,0.0011086474501108647,0.0,0.0,0.0,0.0,0.0,0.0,0.0,0.004434589800443459,0.0,0.0,0.004434589800443459,0.0,0.0011086474501108647,0.0,0.0,0.0,0.008869179600886918,0.0,0.0,0.0011086474501108647,0.0,0.0011086474501108647,0.0011086474501108647,0.0011086474501108647,0.0022172949002217295,0.0,0.0,0.0011086474501108647,0.0,0.0,0.0,0.0,0.0,0.0,0.0011086474501108647,0.0,0.0,0.0,0.0,0.0,0.0,0.0,0.0,0.0022172949002217295,0.0,0.0,0.0,0.0,0.0,0.0,0.0,0.0,0.0,0.0,0.0,0.0,0.0,0.0,0.0,0.0,0.0,0.0,0.0,0.0,0.0,0.0,0.0,0.0,0.0,0.0,0.0,0.0,0.0,0.0,0.0,0.0,0.0,0.0,0.0,0.0,0.0,0.0,0.0,0.0,0.0,0.0,0.0,0.0,0.0,0.0,lenin
lenin_chego_dobivaemsya.txt,0.0007158196134574087,0.0010737294201861132,0.00035790980672870435,0.0071581961345740875,0.008589835361488905,0.0021474588403722263,0.029706513958482464,0.02040085898353615,0.07909806728704366,0.01789549033643522,0.0071581961345740875,0.0032211882605583395,0.005010737294201861,0.01467430207587688,0.007874015748031496,0.0025053686471009306,0.00894774516821761,0.005010737294201861,0.006800286327845383,0.011095204008589835,0.010379384395132427,0.0025053686471009306,0.005368647100930566,0.019327129563350035,0.00035790980672870435,0.0014316392269148174,0.02040085898353615,0.010737294201861132,0.03042233357193987,0.0901932712956335,0.0007158196134574087,0.0,0.007874015748031496,0.006800286327845383,0.0032211882605583395,0.0035790980672870437,0.012884753042233358,0.010737294201861132,0.006442376521116679,0.00035790980672870435,0.023264137437365783,0.01825340014316392,0.026485325697924122,0.00035790980672870435,0.0010737294201861132,0.014316392269148175,0.015032211882605583,0.002863278453829635,0.003937007874015748,0.0046528274874731565,0.005010737294201861,0.012884753042233358,0.046886184681460275,0.015390121689334287,0.023264137437365783,0.0010737294201861132,0.00035790980672870435,0.00572655690765927,0.0017895490336435219,0.03937007874015748,0.0,0.0032211882605583395,0.0010737294201861132,0.0021474588403722263,0.0010737294201861132,0.0046528274874731565,0.002863278453829635,0.00035790980672870435,0.005368647100930566,0.002863278453829635,0.0007158196134574087,0.0025053686471009306,0.0035790980672870437,0.012168933428775949,0.0017895490336435219,0.0025053686471009306,0.003937007874015748,0.0014316392269148174,0.005010737294201861,0.003937007874015748,0.0010737294201861132,0.0017895490336435219,0.0025053686471009306,0.006442376521116679,0.0046528274874731565,0.00035790980672870435,0.010379384395132427,0.010021474588403722,0.0010737294201861132,0.0014316392269148174,0.016105941302791697,0.005368647100930566,0.0025053686471009306,0.0007158196134574087,0.0071581961345740875,0.0021474588403722263,0.0046528274874731565,0.0007158196134574087,0.00035790980672870435,0.0014316392269148174,0.00035790980672870435,0.00572655690765927,0.0007158196134574087,0.0035790980672870437,0.0,0.00035790980672870435,0.0007158196134574087,0.0007158196134574087,0.021832498210450968,0.0,0.0025053686471009306,0.0046528274874731565,0.012526843235504653,0.00035790980672870435,0.0014316392269148174,0.0017895490336435219,0.0007158196134574087,0.0014316392269148174,0.0007158196134574087,0.0,0.0014316392269148174,0.0017895490336435219,0.00035790980672870435,0.00035790980672870435,0.00035790980672870435,0.0,0.0007158196134574087,0.005010737294201861,0.00035790980672870435,0.0,0.00035790980672870435,0.0007158196134574087,0.00035790980672870435,0.00035790980672870435,0.0,0.0007158196134574087,0.0,0.0,0.0017895490336435219,0.0014316392269148174,0.0,0.00035790980672870435,0.0021474588403722263,0.0,0.0017895490336435219,0.0035790980672870437,0.0007158196134574087,0.0,0.0007158196134574087,0.0017895490336435219,0.0,0.00035790980672870435,0.00035790980672870435,0.0,0.00035790980672870435,0.0010737294201861132,0.0007158196134574087,0.0,0.0007158196134574087,0.0,0.0032211882605583395,0.00035790980672870435,0.0007158196134574087,0.0017895490336435219,0.0,0.0,0.0,0.0010737294201861132,0.0,0.0007158196134574087,0.00035790980672870435,0.0010737294201861132,0.0,0.0007158196134574087,0.00035790980672870435,0.0,0.0,0.0010737294201861132,0.0,0.0,0.0014316392269148174,0.0,0.0017895490336435219,0.0007158196134574087,0.0,0.0007158196134574087,0.0014316392269148174,0.0014316392269148174,0.0,0.0,0.0,0.0,0.0,0.0,0.0,0.0,0.0007158196134574087,0.0,0.0,0.00035790980672870435,0.00035790980672870435,0.0,0.0,0.0,0.0,0.0,0.0,0.0,0.0,0.00035790980672870435,0.0,0.0,0.0,0.0,0.0,0.00035790980672870435,0.00035790980672870435,0.00035790980672870435,0.0,0.0,0.0,0.0,0.0,0.0,0.0,0.0,0.0,0.0,0.0,0.0,0.0,0.0,0.0,0.0,0.0,0.0,0.0,0.0,0.0,0.0,0.0,0.0,0.0,lenin
lenin_china_war_I.txt,0.012856344326439352,0.002794857462269424,0.002794857462269424,0.015651201788708775,0.005589714924538848,0.0011179429849077697,0.0368921185019564,0.019005030743432086,0.08496366685299049,0.019005030743432086,0.006707657909446618,0.009502515371716043,0.003912800447177194,0.012297372833985467,0.012856344326439352,0.005030743432084964,0.014533258803801007,0.003353828954723309,0.007825600894354388,0.011179429849077696,0.01509223029625489,0.002794857462269424,0.0072666294019005035,0.02068194522079374,0.0005589714924538849,0.004471771939631079,0.026830631637786474,0.009502515371716043,0.02068194522079374,0.10173281162660704,0.0,0.0011179429849077697,0.012297372833985467,0.004471771939631079,0.0022358859698155395,0.0011179429849077697,0.004471771939631079,0.006707657909446618,0.003353828954723309,0.0011179429849077697,0.01956400223588597,0.02068194522079374,0.022358859698155393,0.0005589714924538849,0.0005589714924538849,0.003353828954723309,0.011738401341531582,0.0022358859698155395,0.003353828954723309,0.0022358859698155395,0.008384572386808273,0.013974287311347122,0.040804918949133594,0.02850754611514813,0.03242034656232532,0.0005589714924538849,0.0,0.015651201788708775,0.0011179429849077697,0.03130240357741755,0.0,0.002794857462269424,0.0,0.0,0.0016769144773616546,0.0011179429849077697,0.002794857462269424,0.0,0.004471771939631079,0.003353828954723309,0.0011179429849077697,0.004471771939631079,0.007825600894354388,0.012856344326439352,0.0016769144773616546,0.003353828954723309,0.0022358859698155395,0.0,0.0022358859698155395,0.004471771939631079,0.0005589714924538849,0.0011179429849077697,0.005589714924538848,0.005030743432084964,0.002794857462269424,0.0005589714924538849,0.006148686416992733,0.006148686416992733,0.0011179429849077697,0.0011179429849077697,0.0072666294019005035,0.005589714924538848,0.0011179429849077697,0.005030743432084964,0.003912800447177194,0.0011179429849077697,0.0005589714924538849,0.0022358859698155395,0.0005589714924538849,0.0005589714924538849,0.0005589714924538849,0.0005589714924538849,0.0,0.002794857462269424,0.0005589714924538849,0.0,0.0,0.0,0.01509223029625489,0.0,0.0005589714924538849,0.006707657909446618,0.011179429849077696,0.0,0.0011179429849077697,0.0005589714924538849,0.0,0.0,0.0,0.0,0.0005589714924538849,0.0,0.0005589714924538849,0.002794857462269424,0.0005589714924538849,0.0,0.0016769144773616546,0.0022358859698155395,0.0005589714924538849,0.0,0.0005589714924538849,0.0,0.0,0.002794857462269424,0.0005589714924538849,0.0,0.0,0.0,0.0,0.0022358859698155395,0.0,0.0,0.0011179429849077697,0.0,0.0011179429849077697,0.0011179429849077697,0.0005589714924538849,0.0,0.0,0.0011179429849077697,0.0,0.0,0.0005589714924538849,0.0,0.0,0.0011179429849077697,0.0005589714924538849,0.0,0.0,0.0,0.008384572386808273,0.0,0.0005589714924538849,0.0016769144773616546,0.0,0.0,0.0,0.002794857462269424,0.0005589714924538849,0.0016769144773616546,0.0005589714924538849,0.002794857462269424,0.0011179429849077697,0.0011179429849077697,0.0,0.0,0.0,0.0,0.0,0.0,0.0,0.0,0.0,0.0011179429849077697,0.0,0.0011179429849077697,0.0005589714924538849,0.0005589714924538849,0.0,0.0,0.0,0.0,0.0,0.0,0.0,0.0,0.0022358859698155395,0.0,0.0,0.0005589714924538849,0.0,0.0,0.0005589714924538849,0.0,0.0005589714924538849,0.0,0.0005589714924538849,0.0005589714924538849,0.0,0.0,0.0,0.0,0.0,0.0,0.0,0.0,0.0,0.0,0.0,0.0,0.0,0.0,0.0,0.0,0.0,0.0,0.0,0.0,0.0,0.0,0.0,0.0,0.0,0.0,0.0,0.0,0.0,0.0,0.0,0.0,0.0,0.0,0.0,lenin
lenin_chto_delat'.txt,0.0012845432265697625,0.0006929772669652666,0.0020620299163356713,0.006202991633567143,0.00909321389334911,0.005155074790839179,0.02307107242457534,0.016039888447561903,0.06485253105721288,0.015144088565875095,0.0077917687822192175,0.007605848052057804,0.008805881855826925,0.014349699991549057,0.010462266542719513,0.004833938984196738,0.011814417307529789,0.002602890222259782,0.005645229443082904,0.016580748753486012,0.018101918363897573,0.00305924110538325,0.009228428969830137,0.011679202231048761,0.0004901546522437252,0.004529705062114426,0.016546944984365757,0.0101580326206372,0.02207386123552776,0.09152370489309558,0.0009127017662469365,0.0006591734978450097,0.014197583030507901,0.005628327558522776,0.004191667370911856,0.002264852531057213,0.007555142398377419,0.006879067015972281,0.0052226823290796925,0.0017577959942533593,0.01203414180681146,0.02733034733372771,0.018625876785261557,0.0012338375728893772,0.000557762190484239,0.013538409532662892,0.01913293332206541,0.0023662638384179834,0.004276176793712499,0.0026873996450604244,0.005307191751880335,0.00841713851094397,0.03593340657483309,0.01911603143750528,0.014129975492267388,0.000929603650807065,6.760753824051382e-05,0.030254373362629934,0.002264852531057213,0.02951069044198428,8.450942280064228e-05,0.00283951660610158,0.0007774866897659089,0.002383165722978112,0.004394489985633398,0.002349361953857855,0.0022817544156173413,0.002315558184737598,0.0037691202569086453,0.0028057128369813234,0.001487365841291304,0.0029071241443420943,0.00425927490915237,0.010800304233922082,0.0013521507648102764,0.004462097523873912,0.003870531564269416,0.002197244992816699,0.002231048761936956,0.004445195639313783,0.001487365841291304,0.004326882447392885,0.003532493873066847,0.006270599171807657,0.003802924026028902,0.000709879151525395,0.007183300938054593,0.014315896222428801,0.0007774866897659089,0.0017746978788134877,0.012405983267134286,0.004124059832671343,0.0008788979971266796,0.0032113580664244064,0.00535789740556072,0.0025521845685793965,0.004090256063551086,0.000709879151525395,0.0013521507648102764,0.0008281923434462942,0.0005070565368038536,0.0041578636017915995,0.0014366601876109185,0.0033803769120256907,0.0026366939913800387,0.0002704301529620553,0.000371841460322826,0.0003042339220823122,0.012879236034817882,0.0005915659596044959,0.0027381052987408097,0.008045297050621144,0.008890391278627566,0.0009803093044874504,0.0027212034141806812,0.0023324600692977266,0.0005408603059241106,0.0006760753824051382,0.0005915659596044959,0.000523958421363982,0.0013690526493704048,0.0008957998816868081,0.0012845432265697625,0.0015887771486520748,0.00042254711400321134,3.380376912025691e-05,0.0015549733795318177,0.0017239922251331024,0.00013521507648102765,0.000185920730161413,0.002095833685455928,0.000929603650807065,0.00013521507648102765,0.0006084678441646244,0.00023662638384179836,0.00045635088312346824,0.0002197244992816699,0.0003549395757626975,0.003160652412744021,0.002129637454576185,0.00011831319192089918,0.000523958421363982,0.0012507394574495056,0.0,0.0013690526493704048,0.0030254373362629933,0.0008112904588861658,0.0004056452294430829,0.0036339051804276175,0.0016225809177723316,0.0033634750274655623,0.0010817206118482212,0.0007605848052057804,0.0007943885743260374,0.00010141130736077073,0.0007605848052057804,0.0009972111890475788,0.00010141130736077073,0.00045635088312346824,0.0018423054170540016,0.0020789318008957998,0.0002704301529620553,0.0008788979971266796,0.0006253697287247528,0.0002704301529620553,0.0037860221414687738,6.760753824051382e-05,0.0006591734978450097,0.00042254711400321134,0.0002535282684019268,0.0001521169610411561,0.0008788979971266796,0.0008281923434462942,0.0010310149581678357,0.0006422716132848812,0.0003549395757626975,0.00011831319192089918,0.0005408603059241106,8.450942280064228e-05,0.00010141130736077073,0.004090256063551086,0.0,0.0003042339220823122,0.0005746640750443674,0.0014535620721710472,0.0023662638384179834,0.0006422716132848812,0.001825403532493873,0.0002535282684019268,6.760753824051382e-05,6.760753824051382e-05,0.0001521169610411561,0.0003042339220823122,3.380376912025691e-05,0.000523958421363982,0.0005408603059241106,0.00020282261472154146,8.450942280064228e-05,1.6901884560128456e-05,0.0002535282684019268,3.380376912025691e-05,0.00013521507648102765,0.00013521507648102765,0.00010141130736077073,0.00016901884560128455,0.00013521507648102765,0.00020282261472154146,0.00016901884560128455,0.0006929772669652666,0.0,5.0705653680385364e-05,5.0705653680385364e-05,0.0010986224964083496,1.6901884560128456e-05,1.6901884560128456e-05,8.450942280064228e-05,0.00023662638384179836,0.0001521169610411561,0.000743682920645652,0.0011662300346488633,0.0004056452294430829,6.760753824051382e-05,0.0014535620721710472,0.0015887771486520748,0.0010817206118482212,0.0025014789148990113,0.0008281923434462942,1.6901884560128456e-05,0.000557762190484239,0.00020282261472154146,3.380376912025691e-05,3.380376912025691e-05,8.450942280064228e-05,3.380376912025691e-05,6.760753824051382e-05,1.6901884560128456e-05,3.380376912025691e-05,5.0705653680385364e-05,3.380376912025691e-05,3.380376912025691e-05,1.6901884560128456e-05,1.6901884560128456e-05,0.0,lenin
lenin_era_reform_I.txt,0.0008153281695882593,0.0,0.0,0.0016306563391765185,0.005707297187117815,0.0012229922543823889,0.028128821850794947,0.015083571137382797,0.06726457399103139,0.029351814105177332,0.006930289441500204,0.007337953526294333,0.008968609865470852,0.017529555646147575,0.006930289441500204,0.0020383204239706482,0.006930289441500204,0.0016306563391765185,0.0040766408479412965,0.017529555646147575,0.014268242967794538,0.003261312678353037,0.006114961271911945,0.0077456176110884635,0.00040766408479412964,0.003261312678353037,0.018752547900529964,0.015491235222176927,0.026090501426824297,0.0990623726049735,0.0016306563391765185,0.0016306563391765185,0.019975540154912354,0.0028536485935589076,0.006114961271911945,0.003261312678353037,0.008560945780676722,0.0077456176110884635,0.006114961271911945,0.0016306563391765185,0.007337953526294333,0.025275173257236036,0.02079086832450061,0.00040766408479412964,0.0,0.01141459437423563,0.016306563391765186,0.0020383204239706482,0.0024459845087647777,0.0016306563391765185,0.01059926620464737,0.01141459437423563,0.048512026090501426,0.02242152466367713,0.02242152466367713,0.00040766408479412964,0.00040766408479412964,0.01141459437423563,0.0036689767631471666,0.04443538524256013,0.0,0.0036689767631471666,0.0028536485935589076,0.006930289441500204,0.00040766408479412964,0.0008153281695882593,0.0016306563391765185,0.0012229922543823889,0.006522625356706074,0.003261312678353037,0.0,0.006522625356706074,0.0024459845087647777,0.013045250713412148,0.0012229922543823889,0.005299633102323685,0.006930289441500204,0.0008153281695882593,0.0020383204239706482,0.006930289441500204,0.0012229922543823889,0.00040766408479412964,0.004891969017529555,0.006522625356706074,0.006114961271911945,0.0,0.004484304932735426,0.01141459437423563,0.0008153281695882593,0.0012229922543823889,0.02079086832450061,0.0028536485935589076,0.0012229922543823889,0.0040766408479412965,0.005299633102323685,0.0024459845087647777,0.00040766408479412964,0.0,0.0020383204239706482,0.0008153281695882593,0.0,0.0028536485935589076,0.0,0.0028536485935589076,0.0024459845087647777,0.0,0.0,0.0,0.017121891561353443,0.0,0.0024459845087647777,0.00978393803505911,0.01222992254382389,0.0008153281695882593,0.0008153281695882593,0.0016306563391765185,0.0,0.0012229922543823889,0.0012229922543823889,0.0012229922543823889,0.0008153281695882593,0.0012229922543823889,0.0012229922543823889,0.0040766408479412965,0.0016306563391765185,0.00040766408479412964,0.00040766408479412964,0.00040766408479412964,0.0,0.0,0.00040766408479412964,0.0008153281695882593,0.0,0.0,0.00040766408479412964,0.00040766408479412964,0.0,0.0,0.0012229922543823889,0.0028536485935589076,0.0,0.0008153281695882593,0.0016306563391765185,0.0,0.0020383204239706482,0.0028536485935589076,0.0008153281695882593,0.0,0.0,0.0040766408479412965,0.0,0.0020383204239706482,0.0,0.0,0.0,0.00040766408479412964,0.0012229922543823889,0.0,0.0016306563391765185,0.0,0.00040766408479412964,0.0,0.0008153281695882593,0.00040766408479412964,0.0,0.0008153281695882593,0.00040766408479412964,0.0,0.0,0.0,0.0,0.0,0.0,0.0012229922543823889,0.0012229922543823889,0.0,0.0,0.0008153281695882593,0.0,0.0,0.00040766408479412964,0.0,0.00040766408479412964,0.00040766408479412964,0.0,0.0012229922543823889,0.0,0.0008153281695882593,0.0,0.0,0.0,0.0,0.0,0.0,0.0,0.0,0.0,0.00040766408479412964,0.0,0.0012229922543823889,0.0,0.0,0.0,0.0,0.0008153281695882593,0.0,0.0008153281695882593,0.0008153281695882593,0.0,0.0,0.0,0.0,0.0,0.0,0.0,0.0,0.0,0.0,0.0,0.0,0.0,0.0,0.0,0.0,0.0,0.0,0.0,0.0,0.0,0.0,0.0,0.0,0.0,0.0,0.0,0.0,0.0,0.0,0.0,0.0,0.0,0.0,0.0,lenin
lenin_k_der_bednote_cdprogramma.txt,0.0028194384618396837,0.0006265418804088185,0.0015663547010220465,0.0038767278850295648,0.007479343697380272,0.0009398128206132279,0.024161021263265067,0.015389434937541606,0.06292830011356071,0.027841954810666876,0.00912401613345342,0.009280651603555625,0.009593922543760035,0.015976817950424875,0.009163175000978971,0.005756353526256021,0.015781023612797117,0.0033676626071974,0.007244390492226965,0.026197282374593726,0.0202842933782355,0.004072522222657321,0.006030465598934879,0.012609155343227475,0.0007048596154599209,0.005012335043270548,0.018013079061753534,0.014410463249402827,0.031170458550338724,0.08744175118455574,0.0016838313035987,0.00046990641030661396,0.017073266241140306,0.008693268590672357,0.006813642949445902,0.0032110271370951954,0.005991306731409327,0.009006539530876767,0.009515604808708932,0.003445980342248502,0.013862239104045111,0.015781023612797117,0.015781023612797117,0.0007831773505110232,0.0008223362180365744,0.0117868191251909,0.01722990171124251,0.0030152327994674394,0.0032893448721462975,0.004542428632963935,0.006030465598934879,0.01045541762932216,0.034968868700317186,0.01582018248032267,0.0202842933782355,0.0013314014958687394,0.0002741120726788581,0.007479343697380272,0.005168970513372753,0.03633942906371148,7.831773505110232e-05,0.0029760739319418883,0.002467008654109723,0.003445980342248502,0.0026628029917374787,0.0016838313035987,0.0023103731840075185,0.0011356071582409838,0.0076751380350080275,0.0034851392097740535,0.0016838313035987,0.008301679915416846,0.0035634569448251556,0.012060931197869757,0.0015271958334964952,0.0055605591886282646,0.004699064103066139,0.0005482241453577162,0.0023886909190586206,0.003680933547401809,0.0017621490386498023,0.0009398128206132279,0.004072522222657321,0.006931119552022556,0.003093550534518542,0.0002741120726788581,0.007792614637584681,0.011904295727767553,0.000978971688138779,0.0026628029917374787,0.009868034616438892,0.00708775502212476,0.0005482241453577162,0.0023103731840075185,0.005364764851000509,0.001253083760817637,0.001448878098445393,0.0009398128206132279,0.0020362611113286604,0.0008223362180365744,0.0003915886752555116,0.00372009241492736,0.0006657007479343697,0.0034851392097740535,0.0008223362180365744,0.0,0.0,0.0,0.019344480557622272,0.0002741120726788581,0.0025453263891608256,0.004894858440693895,0.01319653835611074,0.001253083760817637,0.0016838313035987,0.0008223362180365744,0.00011747660257665349,0.0002741120726788581,0.00043074754278106276,0.0005482241453577162,0.0006657007479343697,0.0008614950855621255,0.0006657007479343697,0.003132709402044093,0.0007048596154599209,3.915886752555116e-05,0.00046990641030661396,0.0027411207267885812,0.00031327094020440927,0.00011747660257665349,0.00043074754278106276,0.0009398128206132279,7.831773505110232e-05,0.00031327094020440927,0.00015663547010220463,0.00043074754278106276,0.00015663547010220463,0.00011747660257665349,0.0015663547010220465,0.0016838313035987,7.831773505110232e-05,0.0007048596154599209,0.0012922426283431883,0.0,0.0019187845087520069,0.0029369150644163373,0.0005873830128832674,0.0003915886752555116,0.00046990641030661396,0.0009398128206132279,7.831773505110232e-05,0.0009006539530876767,0.0007048596154599209,0.0010181305556643302,0.00011747660257665349,0.00023495320515330698,0.0006657007479343697,0.0001957943376277558,0.0003915886752555116,0.0006265418804088185,0.0010181305556643302,0.0001957943376277558,0.0007440184829854721,0.0005482241453577162,0.00023495320515330698,0.00023495320515330698,0.00015663547010220463,0.00043074754278106276,0.0002741120726788581,0.00035242980772996047,0.0,0.0009006539530876767,0.0003915886752555116,0.0013705603633942906,0.0005873830128832674,0.0003915886752555116,7.831773505110232e-05,0.0001957943376277558,0.0,0.0,0.0,0.0,0.0005482241453577162,0.0015271958334964952,3.915886752555116e-05,0.0012922426283431883,0.0014880369659709442,0.0012922426283431883,0.00011747660257665349,0.0002741120726788581,0.00015663547010220463,0.00031327094020440927,0.0010964482907154325,0.0,0.00011747660257665349,0.0,0.0010964482907154325,0.00015663547010220463,0.0,0.00043074754278106276,0.0,3.915886752555116e-05,0.00023495320515330698,0.0006265418804088185,0.00031327094020440927,0.0005873830128832674,0.0002741120726788581,0.0002741120726788581,0.0006657007479343697,7.831773505110232e-05,3.915886752555116e-05,0.0,0.0,0.0,3.915886752555116e-05,0.0,0.0002741120726788581,0.00015663547010220463,3.915886752555116e-05,3.915886752555116e-05,0.0,0.0,0.0,0.0,0.0,0.0,3.915886752555116e-05,0.0,0.0,0.0,0.0,0.0,3.915886752555116e-05,0.0,3.915886752555116e-05,0.0,0.0,0.0,0.0,0.0,0.0,0.0,0.0,lenin
lenin_k_partii.txt,0.0012274959083469722,0.0012274959083469722,0.0,0.004909983633387889,0.011456628477905073,0.0024549918166939444,0.029459901800327332,0.019230769230769232,0.08469721767594109,0.023322422258592473,0.008592471358428805,0.006546644844517185,0.00900163666121113,0.015548281505728314,0.009819967266775777,0.004909983633387889,0.016775777414075287,0.0028641571194762683,0.004500818330605565,0.009410801963993453,0.010229132569558102,0.0016366612111292963,0.004909983633387889,0.012274959083469721,0.0012274959083469722,0.0036824877250409165,0.02127659574468085,0.012684124386252046,0.031096563011456628,0.09656301145662848,0.0008183306055646482,0.0,0.014729950900163666,0.007364975450081833,0.0024549918166939444,0.0032733224222585926,0.010229132569558102,0.01104746317512275,0.006546644844517185,0.0012274959083469722,0.014729950900163666,0.016775777414075287,0.02618657937806874,0.0024549918166939444,0.0004091653027823241,0.011456628477905073,0.009410801963993453,0.0016366612111292963,0.0032733224222585926,0.0020458265139116204,0.007774140752864157,0.01309328968903437,0.05032733224222586,0.018821603927986905,0.023322422258592473,0.0008183306055646482,0.0004091653027823241,0.008592471358428805,0.0028641571194762683,0.03764320785597381,0.0004091653027823241,0.0024549918166939444,0.0008183306055646482,0.0024549918166939444,0.0016366612111292963,0.0020458265139116204,0.0016366612111292963,0.0004091653027823241,0.0061374795417348605,0.004909983633387889,0.0004091653027823241,0.0028641571194762683,0.004909983633387889,0.011865793780687398,0.0012274959083469722,0.0028641571194762683,0.0028641571194762683,0.0008183306055646482,0.005319148936170213,0.0036824877250409165,0.0004091653027823241,0.0020458265139116204,0.0028641571194762683,0.007364975450081833,0.004091653027823241,0.0,0.0061374795417348605,0.015139116202945991,0.0,0.0,0.009410801963993453,0.005319148936170213,0.0012274959083469722,0.0028641571194762683,0.007364975450081833,0.0032733224222585926,0.0028641571194762683,0.0008183306055646482,0.0016366612111292963,0.0008183306055646482,0.0004091653027823241,0.004500818330605565,0.0016366612111292963,0.0020458265139116204,0.0012274959083469722,0.0,0.0,0.0,0.015139116202945991,0.0,0.004500818330605565,0.00900163666121113,0.01104746317512275,0.0,0.0,0.0024549918166939444,0.0,0.0008183306055646482,0.0004091653027823241,0.0,0.0004091653027823241,0.0008183306055646482,0.0004091653027823241,0.0008183306055646482,0.0,0.0,0.0008183306055646482,0.0024549918166939444,0.0,0.0,0.0012274959083469722,0.0,0.0,0.0012274959083469722,0.0,0.0,0.0004091653027823241,0.0,0.0004091653027823241,0.0012274959083469722,0.0,0.0004091653027823241,0.0012274959083469722,0.0,0.0020458265139116204,0.0036824877250409165,0.0004091653027823241,0.0008183306055646482,0.0008183306055646482,0.0004091653027823241,0.0,0.0012274959083469722,0.0008183306055646482,0.0004091653027823241,0.0,0.0008183306055646482,0.0004091653027823241,0.0,0.0004091653027823241,0.0012274959083469722,0.0036824877250409165,0.0,0.0004091653027823241,0.0,0.0004091653027823241,0.0008183306055646482,0.0,0.0016366612111292963,0.0,0.0,0.0,0.0008183306055646482,0.0004091653027823241,0.0016366612111292963,0.0004091653027823241,0.0004091653027823241,0.0,0.0004091653027823241,0.0,0.0,0.0004091653027823241,0.0,0.0,0.0008183306055646482,0.0,0.0008183306055646482,0.0004091653027823241,0.0020458265139116204,0.0,0.0,0.0,0.0,0.0,0.0,0.0,0.0,0.0,0.0,0.0,0.0,0.0,0.0,0.0,0.0,0.0,0.0004091653027823241,0.0,0.0,0.0,0.0,0.0,0.0004091653027823241,0.0,0.0,0.0,0.0004091653027823241,0.0,0.0,0.0,0.0,0.0,0.0,0.0,0.0,0.0,0.0,0.0,0.0,0.0,0.0,0.0,0.0,0.0,0.0,0.0,0.0,0.0,0.0,0.0,0.0,0.0,0.0,0.0,lenin
lenin_l_n_tolstoy.txt,0.003207184092366902,0.001924310455420141,0.005131494547787043,0.010904425914047467,0.008338678640153944,0.001924310455420141,0.026940346375881975,0.01860166773572803,0.09685695958948044,0.01667735728030789,0.004490057729313663,0.004490057729313663,0.004490057729313663,0.013470173187940988,0.008980115458627326,0.001924310455420141,0.003848620910840282,0.001924310455420141,0.003207184092366902,0.007697241821680564,0.01603592046183451,0.004490057729313663,0.006414368184733804,0.015394483643361129,0.0,0.004490057729313663,0.021167415009621552,0.009621552277100705,0.023733162283515075,0.09813983322642719,0.0,0.001924310455420141,0.005772931366260423,0.007055805003207184,0.007055805003207184,0.0012828736369467607,0.009621552277100705,0.014111610006414367,0.003848620910840282,0.0006414368184733803,0.013470173187940988,0.01924310455420141,0.024374599101988453,0.0,0.0006414368184733803,0.01796023091725465,0.014753046824887749,0.0025657472738935213,0.004490057729313663,0.0012828736369467607,0.003207184092366902,0.007055805003207184,0.039769082745349585,0.021167415009621552,0.01603592046183451,0.0006414368184733803,0.0,0.011545862732520847,0.0006414368184733803,0.0359204618345093,0.0,0.003848620910840282,0.001924310455420141,0.0006414368184733803,0.0025657472738935213,0.0012828736369467607,0.001924310455420141,0.0,0.004490057729313663,0.0012828736369467607,0.0,0.0012828736369467607,0.003848620910840282,0.003848620910840282,0.001924310455420141,0.0,0.003848620910840282,0.0006414368184733803,0.001924310455420141,0.0012828736369467607,0.0012828736369467607,0.0012828736369467607,0.004490057729313663,0.003207184092366902,0.003848620910840282,0.0,0.007697241821680564,0.025016035920461834,0.0006414368184733803,0.0,0.029506093649775498,0.006414368184733804,0.001924310455420141,0.0006414368184733803,0.003207184092366902,0.0006414368184733803,0.003207184092366902,0.003207184092366902,0.0,0.001924310455420141,0.0,0.003207184092366902,0.0,0.004490057729313663,0.001924310455420141,0.0,0.0,0.0,0.026298909557408594,0.0,0.003207184092366902,0.007055805003207184,0.01603592046183451,0.0006414368184733803,0.0006414368184733803,0.0,0.0,0.0,0.0006414368184733803,0.0,0.0012828736369467607,0.0025657472738935213,0.0,0.001924310455420141,0.0006414368184733803,0.0,0.001924310455420141,0.004490057729313663,0.0,0.0006414368184733803,0.0,0.0,0.0006414368184733803,0.005131494547787043,0.0006414368184733803,0.0006414368184733803,0.0006414368184733803,0.0,0.0,0.0,0.0,0.0,0.0012828736369467607,0.0,0.0006414368184733803,0.003207184092366902,0.0,0.0006414368184733803,0.003207184092366902,0.0,0.0006414368184733803,0.0,0.0006414368184733803,0.0006414368184733803,0.0,0.0012828736369467607,0.0025657472738935213,0.0,0.0,0.0,0.007055805003207184,0.0012828736369467607,0.0,0.0006414368184733803,0.0,0.004490057729313663,0.0,0.0025657472738935213,0.001924310455420141,0.003848620910840282,0.0006414368184733803,0.0006414368184733803,0.0006414368184733803,0.0006414368184733803,0.0,0.0006414368184733803,0.0006414368184733803,0.0,0.0,0.0,0.001924310455420141,0.0,0.0006414368184733803,0.0,0.0,0.0,0.0,0.001924310455420141,0.0,0.0,0.0,0.0,0.0,0.0,0.0,0.0,0.001924310455420141,0.0,0.0,0.0,0.0,0.0,0.0,0.0006414368184733803,0.0,0.0,0.0006414368184733803,0.0006414368184733803,0.0,0.0,0.0,0.0,0.0,0.0,0.0,0.0,0.0,0.0,0.0,0.0,0.0,0.0,0.0,0.0,0.0,0.0006414368184733803,0.0,0.0,0.0,0.0,0.0,0.0,0.0,0.0,0.0,0.0,0.0,0.0,0.0,0.0,0.0,0.0,0.0,lenin
lenin_les_beaux_esprits_I.txt,0.006559766763848397,0.0007288629737609329,0.0014577259475218659,0.01749271137026239,0.007288629737609329,0.0014577259475218659,0.02259475218658892,0.01239067055393586,0.06924198250728864,0.009475218658892129,0.00510204081632653,0.011661807580174927,0.013119533527696793,0.011661807580174927,0.007288629737609329,0.0058309037900874635,0.01239067055393586,0.002186588921282799,0.00510204081632653,0.018221574344023325,0.01967930029154519,0.004373177842565598,0.006559766763848397,0.010932944606413994,0.0,0.0058309037900874635,0.01749271137026239,0.006559766763848397,0.016763848396501458,0.09693877551020408,0.0,0.0007288629737609329,0.02478134110787172,0.0036443148688046646,0.00510204081632653,0.004373177842565598,0.008746355685131196,0.007288629737609329,0.0014577259475218659,0.002186588921282799,0.008017492711370262,0.029154518950437316,0.02259475218658892,0.0,0.002186588921282799,0.02040816326530612,0.014577259475218658,0.0014577259475218659,0.0036443148688046646,0.0029154518950437317,0.002186588921282799,0.006559766763848397,0.033527696793002916,0.026239067055393587,0.018950437317784258,0.0,0.0,0.033527696793002916,0.0029154518950437317,0.03206997084548105,0.0,0.002186588921282799,0.0,0.0007288629737609329,0.0036443148688046646,0.0014577259475218659,0.0014577259475218659,0.0014577259475218659,0.002186588921282799,0.0036443148688046646,0.0014577259475218659,0.0,0.002186588921282799,0.014577259475218658,0.0014577259475218659,0.004373177842565598,0.0014577259475218659,0.0007288629737609329,0.002186588921282799,0.004373177842565598,0.0029154518950437317,0.0007288629737609329,0.0007288629737609329,0.008017492711370262,0.0029154518950437317,0.0,0.008017492711370262,0.021865889212827987,0.0,0.0007288629737609329,0.016034985422740525,0.004373177842565598,0.0007288629737609329,0.0007288629737609329,0.004373177842565598,0.0,0.00510204081632653,0.0029154518950437317,0.0014577259475218659,0.0,0.0,0.0029154518950437317,0.0014577259475218659,0.0,0.002186588921282799,0.0014577259475218659,0.006559766763848397,0.002186588921282799,0.02259475218658892,0.0,0.002186588921282799,0.008017492711370262,0.016034985422740525,0.0007288629737609329,0.0029154518950437317,0.0029154518950437317,0.0007288629737609329,0.0,0.0,0.0,0.0,0.0029154518950437317,0.0014577259475218659,0.0,0.0,0.0,0.0,0.0,0.0,0.0,0.0,0.0,0.0,0.002186588921282799,0.0,0.0,0.0,0.0,0.0007288629737609329,0.0,0.0007288629737609329,0.0007288629737609329,0.0014577259475218659,0.0,0.0,0.004373177842565598,0.0,0.0,0.0,0.002186588921282799,0.0,0.0,0.0014577259475218659,0.0007288629737609329,0.0,0.0,0.0007288629737609329,0.0,0.0014577259475218659,0.0007288629737609329,0.0058309037900874635,0.0014577259475218659,0.0,0.0014577259475218659,0.0,0.0014577259475218659,0.0,0.0,0.0,0.0,0.0,0.0014577259475218659,0.002186588921282799,0.0014577259475218659,0.0,0.0014577259475218659,0.0,0.0,0.0,0.0,0.0007288629737609329,0.0,0.0,0.0,0.0014577259475218659,0.004373177842565598,0.0014577259475218659,0.0,0.0,0.0,0.0,0.0,0.0,0.0,0.0,0.0,0.0,0.0,0.0,0.0,0.0,0.0,0.0,0.0,0.0,0.0014577259475218659,0.0,0.0,0.0,0.0,0.0007288629737609329,0.0,0.0,0.0,0.0,0.0,0.0,0.0,0.0,0.0007288629737609329,0.0,0.0,0.0,0.0,0.0,0.0,0.0,0.0,0.0,0.0,0.0,0.0,0.0,0.0,0.0,0.0,0.0,0.0,0.0,0.0,0.0,0.0,0.0,lenin
lenin_lntolstoy_i_rab_dvizhenie.txt,0.006528835690968444,0.002176278563656148,0.007616974972796518,0.008705114254624592,0.009793253536452665,0.003264417845484222,0.026115342763873776,0.02176278563656148,0.0794341675734494,0.011969532100108813,0.002176278563656148,0.004352557127312296,0.004352557127312296,0.01958650707290533,0.007616974972796518,0.006528835690968444,0.01088139281828074,0.001088139281828074,0.006528835690968444,0.011969532100108813,0.011969532100108813,0.003264417845484222,0.009793253536452665,0.020674646354733407,0.0,0.002176278563656148,0.028291621327529923,0.017410228509249184,0.03373231773667029,0.09466811751904244,0.0,0.0,0.003264417845484222,0.008705114254624592,0.004352557127312296,0.001088139281828074,0.011969532100108813,0.015233949945593036,0.007616974972796518,0.0,0.011969532100108813,0.02176278563656148,0.01958650707290533,0.0,0.001088139281828074,0.015233949945593036,0.01088139281828074,0.001088139281828074,0.001088139281828074,0.001088139281828074,0.0,0.009793253536452665,0.041349292709466814,0.017410228509249184,0.013057671381936888,0.0,0.0,0.009793253536452665,0.0,0.04352557127312296,0.0,0.002176278563656148,0.004352557127312296,0.0,0.002176278563656148,0.0,0.001088139281828074,0.0,0.00544069640914037,0.0,0.001088139281828074,0.0,0.00544069640914037,0.004352557127312296,0.002176278563656148,0.001088139281828074,0.004352557127312296,0.001088139281828074,0.006528835690968444,0.002176278563656148,0.002176278563656148,0.001088139281828074,0.00544069640914037,0.002176278563656148,0.002176278563656148,0.0,0.004352557127312296,0.028291621327529923,0.0,0.001088139281828074,0.017410228509249184,0.004352557127312296,0.002176278563656148,0.0,0.004352557127312296,0.002176278563656148,0.002176278563656148,0.013057671381936888,0.001088139281828074,0.001088139281828074,0.003264417845484222,0.004352557127312296,0.0,0.001088139281828074,0.003264417845484222,0.0,0.0,0.0,0.013057671381936888,0.0,0.006528835690968444,0.004352557127312296,0.011969532100108813,0.001088139281828074,0.004352557127312296,0.0,0.0,0.001088139281828074,0.0,0.001088139281828074,0.002176278563656148,0.001088139281828074,0.001088139281828074,0.001088139281828074,0.0,0.0,0.0,0.002176278563656148,0.0,0.0,0.001088139281828074,0.002176278563656148,0.001088139281828074,0.0,0.001088139281828074,0.0,0.0,0.0,0.0,0.0,0.0,0.001088139281828074,0.002176278563656148,0.0,0.0,0.001088139281828074,0.002176278563656148,0.0,0.0,0.0,0.0,0.0,0.001088139281828074,0.003264417845484222,0.0,0.0,0.001088139281828074,0.0,0.0,0.0,0.011969532100108813,0.001088139281828074,0.0,0.007616974972796518,0.0,0.002176278563656148,0.0,0.001088139281828074,0.002176278563656148,0.0,0.0,0.004352557127312296,0.0,0.0,0.0,0.002176278563656148,0.0,0.0,0.0,0.0,0.0,0.0,0.0,0.0,0.0,0.0,0.0,0.002176278563656148,0.0,0.0,0.0,0.001088139281828074,0.0,0.0,0.0,0.0,0.0,0.0,0.0,0.0,0.0,0.0,0.0,0.0,0.0,0.0,0.0,0.0,0.0,0.0,0.0,0.0,0.0,0.0,0.0,0.0,0.0,0.0,0.0,0.0,0.0,0.0,0.0,0.0,0.0,0.0,0.0,0.0,0.0,0.0,0.0,0.0,0.0,0.0,0.0,0.0,0.0,0.0,0.0,0.0,0.0,0.0,0.0,lenin
lenin_max_min_I.txt,0.0022502250225022503,0.004050405040504051,0.0013501350135013501,0.009450945094509451,0.009450945094509451,0.00045004500450045,0.018901890189018902,0.012601260126012601,0.04095409540954095,0.016201620162016202,0.0063006300630063005,0.0072007200720072,0.01665166516651665,0.013501350135013501,0.008550855085508551,0.0072007200720072,0.011251125112511251,0.0009000900090009,0.0049504950495049506,0.025652565256525654,0.020702070207020702,0.004050405040504051,0.009450945094509451,0.013501350135013501,0.0,0.0058505850585058505,0.018001800180018002,0.009450945094509451,0.021602160216021602,0.08280828082808281,0.0009000900090009,0.0,0.019801980198019802,0.004050405040504051,0.008100810081008101,0.0049504950495049506,0.00765076507650765,0.004500450045004501,0.0067506750675067504,0.004500450045004501,0.012601260126012601,0.022952295229522954,0.011251125112511251,0.0009000900090009,0.0,0.013501350135013501,0.025202520252025202,0.0009000900090009,0.004050405040504051,0.0018001800180018,0.0067506750675067504,0.0049504950495049506,0.030153015301530153,0.01935193519351935,0.016201620162016202,0.00045004500450045,0.0,0.026552655265526554,0.0027002700270027003,0.03915391539153915,0.0,0.0049504950495049506,0.00045004500450045,0.0036003600360036,0.0054005400540054005,0.00045004500450045,0.0013501350135013501,0.0022502250225022503,0.004500450045004501,0.004500450045004501,0.0013501350135013501,0.0049504950495049506,0.0067506750675067504,0.01485148514851485,0.0022502250225022503,0.0054005400540054005,0.0067506750675067504,0.0009000900090009,0.0036003600360036,0.00765076507650765,0.0009000900090009,0.00045004500450045,0.0036003600360036,0.010801080108010801,0.0049504950495049506,0.0,0.0049504950495049506,0.01485148514851485,0.0009000900090009,0.0013501350135013501,0.009000900090009001,0.0027002700270027003,0.0009000900090009,0.004050405040504051,0.0072007200720072,0.0013501350135013501,0.0022502250225022503,0.0031503150315031502,0.0009000900090009,0.0027002700270027003,0.00045004500450045,0.0027002700270027003,0.0022502250225022503,0.0058505850585058505,0.0018001800180018,0.0013501350135013501,0.0018001800180018,0.0013501350135013501,0.012151215121512151,0.00045004500450045,0.0031503150315031502,0.0058505850585058505,0.008100810081008101,0.00045004500450045,0.0022502250225022503,0.0009000900090009,0.0013501350135013501,0.0013501350135013501,0.0,0.0009000900090009,0.0009000900090009,0.00045004500450045,0.0013501350135013501,0.0036003600360036,0.0009000900090009,0.0,0.00045004500450045,0.0013501350135013501,0.0,0.00045004500450045,0.0,0.0,0.0,0.0013501350135013501,0.0,0.0009000900090009,0.00045004500450045,0.0009000900090009,0.0049504950495049506,0.0022502250225022503,0.0,0.00045004500450045,0.0022502250225022503,0.0,0.0018001800180018,0.0027002700270027003,0.0013501350135013501,0.00045004500450045,0.00045004500450045,0.0009000900090009,0.0,0.0013501350135013501,0.0009000900090009,0.0,0.0,0.00045004500450045,0.0018001800180018,0.0,0.00045004500450045,0.0013501350135013501,0.008550855085508551,0.0031503150315031502,0.0009000900090009,0.0018001800180018,0.0,0.0027002700270027003,0.0,0.0013501350135013501,0.0,0.0,0.00045004500450045,0.0013501350135013501,0.0009000900090009,0.0,0.0018001800180018,0.0,0.0009000900090009,0.00045004500450045,0.0,0.0,0.00045004500450045,0.00045004500450045,0.00045004500450045,0.00045004500450045,0.0013501350135013501,0.004050405040504051,0.0,0.0018001800180018,0.0,0.0,0.0,0.00045004500450045,0.00045004500450045,0.0,0.0,0.0,0.0009000900090009,0.0,0.0,0.0,0.0,0.00045004500450045,0.0,0.0,0.0,0.0,0.0013501350135013501,0.0013501350135013501,0.0,0.0,0.0009000900090009,0.0,0.0,0.0,0.0,0.0,0.00045004500450045,0.0,0.00045004500450045,0.0027002700270027003,0.0013501350135013501,0.0,0.0,0.0,0.0,0.00045004500450045,0.0,0.0,0.0,0.0,0.0,0.0,0.0,0.0,0.0,0.0,0.0,0.0,0.0,0.0009000900090009,0.0,0.0,0.0,lenin
lenin_nacionalniy_vopros_I.txt,0.004665111629456847,0.003998667110963012,0.0006664445184938354,0.014661779406864379,0.003998667110963012,0.0,0.026324558480506497,0.022659113628790403,0.08530489836721093,0.01599466844385205,0.009663445518160613,0.003998667110963012,0.009330223258913695,0.009996667777407531,0.005664778407197601,0.003332222592469177,0.01299566811062979,0.001999333555481506,0.0026657780739753416,0.008330556481172943,0.012662445851382872,0.003332222592469177,0.006664445184938354,0.012329223592135955,0.000999666777740753,0.004665111629456847,0.02032655781406198,0.013995334888370544,0.028323892035988004,0.07764078640453183,0.0,0.0006664445184938354,0.01299566811062979,0.008997000999666778,0.005331556147950683,0.0026657780739753416,0.00866377874041986,0.007330889703432189,0.007664111962679107,0.000999666777740753,0.011996001332889037,0.01732755748083972,0.030989670109963344,0.0016661112962345886,0.0003332222592469177,0.010996334555148283,0.020659780073308896,0.004998333888703766,0.0026657780739753416,0.004998333888703766,0.00433188937020993,0.010663112295901367,0.04565144951682772,0.018327224258580473,0.015328223925358214,0.0003332222592469177,0.0,0.020659780073308896,0.0016661112962345886,0.030656447850716428,0.0,0.002999000333222259,0.0013328890369876708,0.0026657780739753416,0.0026657780739753416,0.000999666777740753,0.001999333555481506,0.0003332222592469177,0.004998333888703766,0.003998667110963012,0.0,0.000999666777740753,0.005998000666444518,0.01166277907364212,0.0006664445184938354,0.00433188937020993,0.00433188937020993,0.0003332222592469177,0.0036654448517160947,0.004665111629456847,0.0013328890369876708,0.0003332222592469177,0.004665111629456847,0.007997334221926024,0.003998667110963012,0.0003332222592469177,0.007664111962679107,0.010996334555148283,0.0003332222592469177,0.000999666777740753,0.021326224591802733,0.0026657780739753416,0.0016661112962345886,0.002999000333222259,0.005331556147950683,0.001999333555481506,0.006664445184938354,0.00433188937020993,0.000999666777740753,0.000999666777740753,0.0003332222592469177,0.005331556147950683,0.000999666777740753,0.0036654448517160947,0.001999333555481506,0.0006664445184938354,0.0006664445184938354,0.0006664445184938354,0.011996001332889037,0.0003332222592469177,0.0026657780739753416,0.010663112295901367,0.007664111962679107,0.0006664445184938354,0.0013328890369876708,0.0013328890369876708,0.0003332222592469177,0.0,0.0006664445184938354,0.0,0.0016661112962345886,0.0013328890369876708,0.0,0.0003332222592469177,0.0006664445184938354,0.0,0.0003332222592469177,0.0013328890369876708,0.0003332222592469177,0.0,0.000999666777740753,0.001999333555481506,0.0,0.002999000333222259,0.0003332222592469177,0.0006664445184938354,0.0006664445184938354,0.0003332222592469177,0.0013328890369876708,0.000999666777740753,0.0,0.0016661112962345886,0.0016661112962345886,0.0,0.0013328890369876708,0.0026657780739753416,0.0,0.0,0.0003332222592469177,0.0016661112962345886,0.0003332222592469177,0.0006664445184938354,0.0,0.0003332222592469177,0.0003332222592469177,0.0,0.0006664445184938354,0.0,0.0003332222592469177,0.0003332222592469177,0.008997000999666778,0.0013328890369876708,0.0013328890369876708,0.0026657780739753416,0.0,0.0013328890369876708,0.0003332222592469177,0.0006664445184938354,0.0,0.000999666777740753,0.0006664445184938354,0.0023325558147284237,0.0013328890369876708,0.0013328890369876708,0.0,0.000999666777740753,0.0,0.0003332222592469177,0.0,0.0,0.0,0.0,0.0,0.0,0.0016661112962345886,0.001999333555481506,0.0,0.0026657780739753416,0.000999666777740753,0.0003332222592469177,0.0,0.0,0.0,0.0,0.0,0.0,0.0,0.0,0.0,0.0,0.0,0.0,0.0,0.0006664445184938354,0.0003332222592469177,0.0,0.0,0.0,0.0003332222592469177,0.0,0.0013328890369876708,0.0,0.0,0.0,0.0,0.0,0.0,0.0,0.0003332222592469177,0.0006664445184938354,0.0003332222592469177,0.0,0.0,0.0,0.0,0.0,0.0,0.0,0.0,0.0,0.0,0.0,0.0,0.0,0.0,0.0,0.0,0.0,0.0,0.0,0.0,0.0,0.0,lenin
lenin_narodnichestvo_I.txt,0.000715307582260372,0.001430615164520744,0.002861230329041488,0.013233190271816882,0.004291845493562232,0.000357653791130186,0.023247496423462088,0.02575107296137339,0.0844062947067239,0.016452074391988557,0.006437768240343348,0.010371959942775394,0.01430615164520744,0.015736766809728183,0.00715307582260372,0.002503576537911302,0.00894134477825465,0.00357653791130186,0.00357653791130186,0.009656652360515022,0.013948497854077254,0.004291845493562232,0.006795422031473534,0.009656652360515022,0.00178826895565093,0.004291845493562232,0.018240343347639486,0.008583690987124463,0.012875536480686695,0.09084406294706723,0.0,0.000357653791130186,0.019313304721030045,0.002861230329041488,0.004649499284692418,0.001430615164520744,0.0075107296137339056,0.01072961373390558,0.005007153075822604,0.000715307582260372,0.008226037195994278,0.033261802575107295,0.02396280400572246,0.000357653791130186,0.001072961373390558,0.019313304721030045,0.015736766809728183,0.00357653791130186,0.00357653791130186,0.002145922746781116,0.004649499284692418,0.00894134477825465,0.03969957081545064,0.01967095851216023,0.015379113018597998,0.000357653791130186,0.0,0.029685264663805437,0.002145922746781116,0.031473533619456366,0.000357653791130186,0.003934191702432046,0.000715307582260372,0.001072961373390558,0.002861230329041488,0.000357653791130186,0.00178826895565093,0.000357653791130186,0.005722460658082976,0.002861230329041488,0.000715307582260372,0.001430615164520744,0.002503576537911302,0.010371959942775394,0.001072961373390558,0.002861230329041488,0.004291845493562232,0.000715307582260372,0.002145922746781116,0.005722460658082976,0.000715307582260372,0.001430615164520744,0.001072961373390558,0.004649499284692418,0.002503576537911302,0.000357653791130186,0.009298998569384835,0.019313304721030045,0.000357653791130186,0.001430615164520744,0.030042918454935622,0.003934191702432046,0.002503576537911302,0.001072961373390558,0.005722460658082976,0.002145922746781116,0.00715307582260372,0.001430615164520744,0.001430615164520744,0.001430615164520744,0.0,0.006080114449213162,0.000357653791130186,0.00357653791130186,0.00357653791130186,0.000357653791130186,0.001072961373390558,0.000715307582260372,0.014663805436337626,0.000357653791130186,0.003934191702432046,0.00715307582260372,0.010014306151645207,0.000357653791130186,0.001430615164520744,0.001430615164520744,0.000357653791130186,0.0,0.0,0.0,0.001072961373390558,0.001430615164520744,0.0,0.000715307582260372,0.000715307582260372,0.0,0.0,0.001072961373390558,0.000357653791130186,0.0,0.0,0.001072961373390558,0.0,0.0,0.000357653791130186,0.000357653791130186,0.0,0.0,0.001072961373390558,0.000715307582260372,0.0,0.0,0.001072961373390558,0.0,0.001072961373390558,0.00357653791130186,0.000357653791130186,0.000357653791130186,0.000357653791130186,0.000357653791130186,0.000357653791130186,0.001072961373390558,0.000357653791130186,0.000715307582260372,0.0,0.000357653791130186,0.000357653791130186,0.0,0.0,0.0,0.008583690987124463,0.0,0.000715307582260372,0.001430615164520744,0.000357653791130186,0.002861230329041488,0.0,0.000357653791130186,0.000357653791130186,0.000357653791130186,0.0,0.001430615164520744,0.000357653791130186,0.001430615164520744,0.000715307582260372,0.0,0.000357653791130186,0.000357653791130186,0.0,0.0,0.0,0.0,0.000357653791130186,0.0,0.000357653791130186,0.003218884120171674,0.000357653791130186,0.00178826895565093,0.000357653791130186,0.000357653791130186,0.0,0.0,0.000715307582260372,0.0,0.0,0.0,0.000357653791130186,0.0,0.0,0.000357653791130186,0.0,0.0,0.0,0.0,0.000357653791130186,0.0,0.000715307582260372,0.000715307582260372,0.0,0.0,0.0,0.0,0.0,0.0,0.0,0.0,0.0,0.0,0.0,0.000715307582260372,0.000357653791130186,0.0,0.0,0.0,0.0,0.0,0.0,0.000357653791130186,0.0,0.0,0.0,0.0,0.000357653791130186,0.0,0.0,0.0,0.000357653791130186,0.0,0.0,0.000357653791130186,0.0,0.0,0.0,lenin
lenin_ne_potuhla_iskra.txt,0.009841269841269842,0.002380952380952381,0.014603174603174604,0.0173015873015873,0.0038095238095238095,0.0004761904761904762,0.016666666666666666,0.010634920634920634,0.028888888888888888,0.010793650793650795,0.010476190476190476,0.00873015873015873,0.014444444444444444,0.012857142857142857,0.016031746031746032,0.010317460317460317,0.016825396825396827,0.003492063492063492,0.009206349206349206,0.03873015873015873,0.016825396825396827,0.004603174603174603,0.016666666666666666,0.022698412698412697,0.001746031746031746,0.004920634920634921,0.019206349206349206,0.009523809523809525,0.01904761904761905,0.06587301587301587,0.00015873015873015873,0.0007936507936507937,0.01650793650793651,0.005079365079365079,0.003015873015873016,0.003968253968253968,0.004603174603174603,0.0025396825396825397,0.005079365079365079,0.002857142857142857,0.023174603174603174,0.019523809523809523,0.005873015873015873,0.00031746031746031746,0.0004761904761904762,0.013492063492063493,0.029047619047619048,0.0012698412698412698,0.004126984126984127,0.0014285714285714286,0.006825396825396826,0.004920634920634921,0.011904761904761904,0.024285714285714285,0.016031746031746032,0.00015873015873015873,0.00015873015873015873,0.025238095238095237,0.002380952380952381,0.02396825396825397,0.00031746031746031746,0.0033333333333333335,0.002380952380952381,0.0020634920634920637,0.011428571428571429,0.004603174603174603,0.003968253968253968,0.00031746031746031746,0.0031746031746031746,0.003968253968253968,0.0012698412698412698,0.0031746031746031746,0.008095238095238095,0.02,0.0012698412698412698,0.006507936507936508,0.002857142857142857,0.0009523809523809524,0.003650793650793651,0.004285714285714286,0.0007936507936507937,0.00015873015873015873,0.0019047619047619048,0.010317460317460317,0.004285714285714286,0.00015873015873015873,0.002380952380952381,0.009841269841269842,0.0009523809523809524,0.0026984126984126986,0.003968253968253968,0.004126984126984127,0.0007936507936507937,0.0019047619047619048,0.013174603174603174,0.0020634920634920637,0.010317460317460317,0.009365079365079364,0.002857142857142857,0.004126984126984127,0.0014285714285714286,0.0025396825396825397,0.0006349206349206349,0.0026984126984126986,0.0011111111111111111,0.0004761904761904762,0.0020634920634920637,0.0011111111111111111,0.006984126984126984,0.0,0.004603174603174603,0.006507936507936508,0.004920634920634921,0.0012698412698412698,0.003968253968253968,0.0019047619047619048,0.0009523809523809524,0.00031746031746031746,0.0011111111111111111,0.0011111111111111111,0.0007936507936507937,0.002380952380952381,0.0,0.0014285714285714286,0.0009523809523809524,0.0,0.0004761904761904762,0.0006349206349206349,0.0004761904761904762,0.00015873015873015873,0.00015873015873015873,0.0014285714285714286,0.00015873015873015873,0.004603174603174603,0.0007936507936507937,0.0009523809523809524,0.0004761904761904762,0.00015873015873015873,0.0007936507936507937,0.0020634920634920637,0.0,0.0009523809523809524,0.0020634920634920637,0.0,0.0006349206349206349,0.003492063492063492,0.00031746031746031746,0.0006349206349206349,0.0007936507936507937,0.003015873015873016,0.0,0.0014285714285714286,0.0007936507936507937,0.0019047619047619048,0.00015873015873015873,0.0006349206349206349,0.0012698412698412698,0.0,0.00015873015873015873,0.0,0.004920634920634921,0.0020634920634920637,0.00031746031746031746,0.0007936507936507937,0.0007936507936507937,0.001746031746031746,0.00015873015873015873,0.0006349206349206349,0.00015873015873015873,0.0006349206349206349,0.0012698412698412698,0.0044444444444444444,0.003492063492063492,0.0012698412698412698,0.0020634920634920637,0.0026984126984126986,0.00015873015873015873,0.00031746031746031746,0.0,0.0,0.00015873015873015873,0.0,0.0,0.00031746031746031746,0.0011111111111111111,0.0038095238095238095,0.0006349206349206349,0.0026984126984126986,0.0007936507936507937,0.00031746031746031746,0.00015873015873015873,0.00031746031746031746,0.0006349206349206349,0.0,0.00015873015873015873,0.0,0.00031746031746031746,0.0,0.0,0.0006349206349206349,0.00031746031746031746,0.0006349206349206349,0.0,0.0,0.00015873015873015873,0.0009523809523809524,0.00031746031746031746,0.00031746031746031746,0.00015873015873015873,0.0,0.00031746031746031746,0.0,0.0,0.0,0.0,0.0006349206349206349,0.0,0.00031746031746031746,0.0,0.0,0.0,0.0,0.0,0.0,0.0,0.0,0.0,0.0,0.0,0.0,0.0,0.0004761904761904762,0.0007936507936507937,0.0,0.00031746031746031746,0.00015873015873015873,0.0,0.0,0.0,0.0,0.0,0.0,0.0,lenin
lenin_nepodan_zayzvlenie.txt,0.0021645021645021645,0.0007215007215007215,0.002886002886002886,0.011544011544011544,0.023809523809523808,0.015151515151515152,0.025252525252525252,0.013708513708513708,0.05194805194805195,0.01875901875901876,0.008658008658008658,0.001443001443001443,0.012987012987012988,0.013708513708513708,0.007936507936507936,0.0036075036075036075,0.010101010101010102,0.0007215007215007215,0.0036075036075036075,0.015873015873015872,0.010822510822510822,0.006493506493506494,0.008658008658008658,0.015873015873015872,0.001443001443001443,0.0007215007215007215,0.017316017316017316,0.00937950937950938,0.02958152958152958,0.0735930735930736,0.001443001443001443,0.001443001443001443,0.015151515151515152,0.005050505050505051,0.001443001443001443,0.0007215007215007215,0.008658008658008658,0.004329004329004329,0.004329004329004329,0.0007215007215007215,0.016594516594516596,0.01443001443001443,0.01875901875901876,0.001443001443001443,0.0007215007215007215,0.010822510822510822,0.020923520923520924,0.005050505050505051,0.002886002886002886,0.001443001443001443,0.005050505050505051,0.006493506493506494,0.031024531024531024,0.00937950937950938,0.012987012987012988,0.0036075036075036075,0.0007215007215007215,0.008658008658008658,0.0021645021645021645,0.04256854256854257,0.0,0.001443001443001443,0.002886002886002886,0.007936507936507936,0.0036075036075036075,0.0021645021645021645,0.004329004329004329,0.006493506493506494,0.004329004329004329,0.001443001443001443,0.001443001443001443,0.005772005772005772,0.001443001443001443,0.005772005772005772,0.0021645021645021645,0.0007215007215007215,0.0036075036075036075,0.005050505050505051,0.001443001443001443,0.001443001443001443,0.0007215007215007215,0.004329004329004329,0.002886002886002886,0.0036075036075036075,0.0007215007215007215,0.001443001443001443,0.006493506493506494,0.007215007215007215,0.0007215007215007215,0.002886002886002886,0.007936507936507936,0.005050505050505051,0.001443001443001443,0.0,0.005050505050505051,0.0021645021645021645,0.0036075036075036075,0.002886002886002886,0.002886002886002886,0.001443001443001443,0.0,0.0021645021645021645,0.0036075036075036075,0.0021645021645021645,0.0021645021645021645,0.0,0.0007215007215007215,0.0,0.010101010101010102,0.001443001443001443,0.002886002886002886,0.007936507936507936,0.010101010101010102,0.0,0.0007215007215007215,0.0036075036075036075,0.0,0.002886002886002886,0.0,0.001443001443001443,0.001443001443001443,0.0,0.0021645021645021645,0.0036075036075036075,0.0,0.0,0.004329004329004329,0.001443001443001443,0.0007215007215007215,0.0007215007215007215,0.006493506493506494,0.0021645021645021645,0.0,0.0021645021645021645,0.0,0.0,0.001443001443001443,0.0,0.004329004329004329,0.0036075036075036075,0.0,0.0007215007215007215,0.0007215007215007215,0.0007215007215007215,0.0007215007215007215,0.001443001443001443,0.001443001443001443,0.0007215007215007215,0.007215007215007215,0.0021645021645021645,0.007936507936507936,0.0036075036075036075,0.0,0.0007215007215007215,0.0,0.0007215007215007215,0.001443001443001443,0.0,0.0,0.0021645021645021645,0.00937950937950938,0.0,0.0,0.001443001443001443,0.0007215007215007215,0.0,0.0,0.0021645021645021645,0.001443001443001443,0.0007215007215007215,0.0,0.004329004329004329,0.0036075036075036075,0.002886002886002886,0.0021645021645021645,0.001443001443001443,0.0,0.0007215007215007215,0.0,0.0,0.008658008658008658,0.0,0.004329004329004329,0.0007215007215007215,0.0007215007215007215,0.0,0.0,0.0,0.0007215007215007215,0.0,0.0,0.0,0.0,0.0,0.0021645021645021645,0.001443001443001443,0.0,0.0007215007215007215,0.0,0.0007215007215007215,0.0007215007215007215,0.0,0.0,0.0007215007215007215,0.0,0.0,0.0,0.0,0.001443001443001443,0.0,0.0,0.0,0.0021645021645021645,0.0,0.0,0.001443001443001443,0.002886002886002886,0.0007215007215007215,0.0,0.0,0.0,0.0,0.002886002886002886,0.002886002886002886,0.002886002886002886,0.0036075036075036075,0.0007215007215007215,0.0,0.0007215007215007215,0.0007215007215007215,0.0,0.0,0.0,0.0,0.0,0.0,0.0,0.0007215007215007215,0.0,0.0,0.0,0.0,0.0,lenin
lenin_nuzhna_li_partiya_I.txt,0.006134969325153374,0.0039040713887339654,0.0033463469046291134,0.018404907975460124,0.007808142777467931,0.0,0.029001673173452314,0.019520356943669825,0.0780814277746793,0.014500836586726157,0.007808142777467931,0.0050195203569436695,0.010039040713887339,0.015616285554935862,0.004461795872838818,0.005577244841048522,0.012269938650306749,0.0005577244841048522,0.0039040713887339654,0.016731734523145567,0.011712214166201896,0.005577244841048522,0.007250418293363078,0.013385387618516454,0.0,0.006692693809258227,0.018404907975460124,0.013385387618516454,0.02286670384829894,0.0758505298382599,0.0,0.0,0.014500836586726157,0.0033463469046291134,0.0016731734523145567,0.002230897936419409,0.008365867261572783,0.007250418293363078,0.004461795872838818,0.0005577244841048522,0.008923591745677636,0.021751254880089235,0.019520356943669825,0.0005577244841048522,0.002230897936419409,0.016731734523145567,0.01728945900725042,0.0033463469046291134,0.0039040713887339654,0.0016731734523145567,0.002230897936419409,0.006692693809258227,0.02844394868934746,0.016174010039040714,0.008923591745677636,0.002230897936419409,0.0,0.03234802007808143,0.002788622420524261,0.03513664249860569,0.0,0.0011154489682097045,0.0,0.0016731734523145567,0.0039040713887339654,0.0005577244841048522,0.0011154489682097045,0.0011154489682097045,0.006134969325153374,0.0050195203569436695,0.0011154489682097045,0.002230897936419409,0.0033463469046291134,0.011154489682097044,0.0005577244841048522,0.004461795872838818,0.0039040713887339654,0.0016731734523145567,0.002230897936419409,0.0039040713887339654,0.0033463469046291134,0.0005577244841048522,0.0039040713887339654,0.009481316229782488,0.0039040713887339654,0.0016731734523145567,0.008365867261572783,0.018404907975460124,0.0,0.0016731734523145567,0.0384829894032348,0.002788622420524261,0.0005577244841048522,0.0039040713887339654,0.004461795872838818,0.0005577244841048522,0.007808142777467931,0.0039040713887339654,0.0011154489682097045,0.0011154489682097045,0.0011154489682097045,0.0050195203569436695,0.0005577244841048522,0.002230897936419409,0.0033463469046291134,0.0,0.0,0.0,0.013385387618516454,0.0,0.0005577244841048522,0.007250418293363078,0.008365867261572783,0.0,0.0016731734523145567,0.002788622420524261,0.0011154489682097045,0.0011154489682097045,0.0,0.0005577244841048522,0.0005577244841048522,0.0016731734523145567,0.0,0.0016731734523145567,0.0016731734523145567,0.0,0.002788622420524261,0.0005577244841048522,0.0,0.0,0.0005577244841048522,0.0005577244841048522,0.0,0.0011154489682097045,0.0016731734523145567,0.0005577244841048522,0.0,0.0,0.0033463469046291134,0.0005577244841048522,0.0,0.0,0.002230897936419409,0.0,0.002230897936419409,0.0033463469046291134,0.0,0.0,0.0005577244841048522,0.0005577244841048522,0.0,0.0005577244841048522,0.0005577244841048522,0.0005577244841048522,0.0,0.0,0.0011154489682097045,0.0005577244841048522,0.0,0.0005577244841048522,0.013385387618516454,0.0,0.0016731734523145567,0.0,0.0,0.0016731734523145567,0.0005577244841048522,0.0,0.0,0.002230897936419409,0.0011154489682097045,0.0005577244841048522,0.0005577244841048522,0.0,0.0,0.0005577244841048522,0.0,0.0011154489682097045,0.0,0.0,0.0005577244841048522,0.0,0.0005577244841048522,0.0,0.002230897936419409,0.0005577244841048522,0.0005577244841048522,0.0011154489682097045,0.0005577244841048522,0.0005577244841048522,0.0,0.0,0.0011154489682097045,0.0,0.0,0.0,0.0,0.0005577244841048522,0.0,0.0011154489682097045,0.0,0.0,0.0,0.0,0.0005577244841048522,0.0,0.0,0.0,0.0,0.0,0.0005577244841048522,0.0,0.0,0.0,0.0011154489682097045,0.0,0.0005577244841048522,0.0,0.0,0.0011154489682097045,0.0011154489682097045,0.0,0.0,0.0,0.0,0.0,0.0,0.0,0.0,0.0,0.0,0.0,0.0005577244841048522,0.0,0.0,0.0,0.0,0.0,0.0,0.0,0.0,0.0,0.0,lenin
lenin_o_manifeste_armyan_I.txt,0.005937234944868533,0.0016963528413910093,0.002544529262086514,0.009329940627650551,0.005937234944868533,0.0,0.027989821882951654,0.02544529262086514,0.09245122985581,0.01272264631043257,0.011874469889737066,0.008481764206955046,0.009329940627650551,0.009329940627650551,0.005937234944868533,0.0008481764206955047,0.006785411365564037,0.0008481764206955047,0.007633587786259542,0.008481764206955046,0.01272264631043257,0.004240882103477523,0.004240882103477523,0.015267175572519083,0.0,0.004240882103477523,0.02544529262086514,0.016115351993214587,0.029686174724342665,0.09245122985581,0.0,0.0008481764206955047,0.013570822731128074,0.007633587786259542,0.004240882103477523,0.0008481764206955047,0.007633587786259542,0.007633587786259542,0.006785411365564037,0.0008481764206955047,0.01441899915182358,0.02883799830364716,0.0364715860899067,0.0,0.0008481764206955047,0.01272264631043257,0.010178117048346057,0.0016963528413910093,0.007633587786259542,0.005089058524173028,0.002544529262086514,0.011874469889737066,0.04071246819338423,0.019508057675996608,0.009329940627650551,0.0,0.0,0.016963528413910092,0.0033927056827820186,0.03477523324851569,0.0,0.0016963528413910093,0.0008481764206955047,0.004240882103477523,0.004240882103477523,0.0,0.0,0.0008481764206955047,0.0033927056827820186,0.0008481764206955047,0.0008481764206955047,0.0,0.0033927056827820186,0.005937234944868533,0.0016963528413910093,0.002544529262086514,0.004240882103477523,0.0016963528413910093,0.0033927056827820186,0.002544529262086514,0.0,0.0,0.002544529262086514,0.002544529262086514,0.0033927056827820186,0.0008481764206955047,0.008481764206955046,0.009329940627650551,0.0008481764206955047,0.0016963528413910093,0.027989821882951654,0.002544529262086514,0.0008481764206955047,0.0,0.0008481764206955047,0.005937234944868533,0.007633587786259542,0.004240882103477523,0.0,0.0016963528413910093,0.0,0.004240882103477523,0.0016963528413910093,0.0,0.0,0.0,0.0,0.0,0.017811704834605598,0.0,0.0016963528413910093,0.01272264631043257,0.01102629346904156,0.0,0.0016963528413910093,0.0008481764206955047,0.0,0.0008481764206955047,0.0,0.0,0.0,0.0,0.0,0.0,0.0,0.0,0.0008481764206955047,0.0016963528413910093,0.0,0.0,0.0,0.0016963528413910093,0.0,0.0033927056827820186,0.0008481764206955047,0.0008481764206955047,0.0008481764206955047,0.0,0.0008481764206955047,0.0008481764206955047,0.0,0.0008481764206955047,0.0016963528413910093,0.0,0.002544529262086514,0.0,0.0008481764206955047,0.0,0.0,0.0008481764206955047,0.0,0.0016963528413910093,0.0008481764206955047,0.0,0.0008481764206955047,0.0016963528413910093,0.002544529262086514,0.0,0.0008481764206955047,0.0,0.005089058524173028,0.0,0.0,0.0016963528413910093,0.0,0.0,0.0,0.0008481764206955047,0.0,0.0033927056827820186,0.0,0.002544529262086514,0.0016963528413910093,0.0008481764206955047,0.0,0.0016963528413910093,0.0008481764206955047,0.0,0.0,0.0,0.0,0.0,0.0016963528413910093,0.0008481764206955047,0.0008481764206955047,0.0,0.0008481764206955047,0.0008481764206955047,0.0,0.0,0.0,0.0,0.0,0.0,0.0,0.0,0.0,0.0,0.0,0.0008481764206955047,0.0,0.0,0.0,0.0,0.0,0.0,0.0008481764206955047,0.0008481764206955047,0.0,0.0,0.0,0.0,0.0,0.0,0.0,0.0,0.0008481764206955047,0.0016963528413910093,0.0,0.0008481764206955047,0.0,0.0,0.0,0.0,0.0,0.0,0.0,0.0,0.0,0.0,0.0,0.0,0.0008481764206955047,0.0,0.0,0.0,0.0,0.0,0.0,0.0,0.0,0.0,0.0,lenin
lenin_ob_obstoyatelstvah.txt,0.0061318344404701075,0.0035769034236075624,0.0035769034236075624,0.025038323965252938,0.009708737864077669,0.001021972406745018,0.030148185998978026,0.015329586101175269,0.04343382728666326,0.009708737864077669,0.008686765457332652,0.010730710270822688,0.012263668880940215,0.009197751660705161,0.012263668880940215,0.007664793050587634,0.015329586101175269,0.0035769034236075624,0.0035769034236075624,0.021972406745017884,0.010730710270822688,0.0035769034236075624,0.008686765457332652,0.01481859989780276,0.001021972406745018,0.004598875830352581,0.021972406745017884,0.010219724067450179,0.016862544711292796,0.06796116504854369,0.0,0.000510986203372509,0.017373530914665303,0.005620848237097598,0.005109862033725089,0.0035769034236075624,0.005109862033725089,0.004087889626980072,0.0030659172202350538,0.0030659172202350538,0.017373530914665303,0.012263668880940215,0.012263668880940215,0.000510986203372509,0.000510986203372509,0.008686765457332652,0.026060296371997957,0.0015329586101175269,0.0025549310168625446,0.0015329586101175269,0.010730710270822688,0.007664793050587634,0.01992846193152785,0.022994379151762903,0.015329586101175269,0.0015329586101175269,0.0,0.02963719979560552,0.0015329586101175269,0.04241185487991824,0.0,0.004598875830352581,0.0015329586101175269,0.0025549310168625446,0.0061318344404701075,0.0025549310168625446,0.000510986203372509,0.001021972406745018,0.004087889626980072,0.0015329586101175269,0.000510986203372509,0.0035769034236075624,0.008686765457332652,0.015840572304547777,0.000510986203372509,0.004087889626980072,0.005109862033725089,0.0015329586101175269,0.004598875830352581,0.008686765457332652,0.001021972406745018,0.0015329586101175269,0.0035769034236075624,0.009708737864077669,0.005620848237097598,0.0,0.0030659172202350538,0.007664793050587634,0.0025549310168625446,0.002043944813490036,0.008175779253960144,0.0030659172202350538,0.002043944813490036,0.000510986203372509,0.010730710270822688,0.0035769034236075624,0.015840572304547777,0.010730710270822688,0.0015329586101175269,0.001021972406745018,0.001021972406745018,0.0035769034236075624,0.001021972406745018,0.004598875830352581,0.0,0.000510986203372509,0.000510986203372509,0.000510986203372509,0.005620848237097598,0.0,0.005620848237097598,0.004598875830352581,0.005620848237097598,0.0015329586101175269,0.0030659172202350538,0.000510986203372509,0.001021972406745018,0.000510986203372509,0.0015329586101175269,0.0015329586101175269,0.001021972406745018,0.000510986203372509,0.0,0.0015329586101175269,0.0015329586101175269,0.0,0.000510986203372509,0.0,0.0,0.0,0.0,0.001021972406745018,0.0,0.0025549310168625446,0.000510986203372509,0.000510986203372509,0.001021972406745018,0.000510986203372509,0.002043944813490036,0.001021972406745018,0.0,0.001021972406745018,0.000510986203372509,0.0,0.0015329586101175269,0.0025549310168625446,0.0,0.0,0.001021972406745018,0.0025549310168625446,0.0,0.000510986203372509,0.001021972406745018,0.0015329586101175269,0.0,0.0,0.001021972406745018,0.0,0.000510986203372509,0.001021972406745018,0.011241696474195196,0.0035769034236075624,0.0,0.0015329586101175269,0.0,0.004087889626980072,0.0,0.001021972406745018,0.0015329586101175269,0.001021972406745018,0.000510986203372509,0.0025549310168625446,0.0015329586101175269,0.001021972406745018,0.000510986203372509,0.002043944813490036,0.0,0.001021972406745018,0.0,0.0,0.001021972406745018,0.0,0.000510986203372509,0.0,0.002043944813490036,0.0035769034236075624,0.0015329586101175269,0.0035769034236075624,0.002043944813490036,0.0,0.000510986203372509,0.000510986203372509,0.0,0.0,0.0,0.0,0.0,0.001021972406745018,0.0,0.000510986203372509,0.0,0.0,0.0,0.0,0.000510986203372509,0.000510986203372509,0.0,0.0,0.0061318344404701075,0.0,0.000510986203372509,0.0,0.0,0.0,0.0,0.001021972406745018,0.0,0.0,0.0,0.000510986203372509,0.0,0.0,0.0,0.0,0.0,0.0,0.0,0.0,0.0,0.0,0.000510986203372509,0.0,0.0,0.0,0.0,0.0,0.0,0.0,0.0,0.000510986203372509,0.0,0.0,0.0,lenin
lenin_ot_narodnichestva_marx.txt,0.002277904328018223,0.00045558086560364467,0.0009111617312072893,0.002277904328018223,0.01685649202733485,0.006378132118451025,0.03234624145785877,0.017312072892938495,0.07152619589977222,0.0214123006833713,0.008656036446469248,0.007289293849658315,0.007744874715261959,0.010478359908883827,0.007289293849658315,0.0031890660592255125,0.008200455580865604,0.0009111617312072893,0.004555808656036446,0.012300683371298405,0.011389521640091117,0.006378132118451025,0.0031890660592255125,0.01275626423690205,0.0009111617312072893,0.0031890660592255125,0.018223234624145785,0.014123006833712985,0.023234624145785875,0.09066059225512528,0.00045558086560364467,0.00045558086560364467,0.012300683371298405,0.004100227790432802,0.00592255125284738,0.001366742596810934,0.006378132118451025,0.009111617312072893,0.004555808656036446,0.0009111617312072893,0.008656036446469248,0.024145785876993165,0.023234624145785875,0.0009111617312072893,0.001366742596810934,0.020045558086560365,0.01685649202733485,0.0031890660592255125,0.007744874715261959,0.0036446469248291574,0.004555808656036446,0.009111617312072893,0.05785876993166287,0.01275626423690205,0.012300683371298405,0.00045558086560364467,0.0,0.013211845102505695,0.002277904328018223,0.04373576309794989,0.0,0.001366742596810934,0.0009111617312072893,0.001366742596810934,0.0031890660592255125,0.0009111617312072893,0.0,0.0009111617312072893,0.007289293849658315,0.00683371298405467,0.00045558086560364467,0.002277904328018223,0.004100227790432802,0.010022779043280182,0.0009111617312072893,0.005466970387243736,0.004555808656036446,0.0018223234624145787,0.002277904328018223,0.0018223234624145787,0.0018223234624145787,0.002277904328018223,0.005011389521640091,0.008200455580865604,0.006378132118451025,0.00045558086560364467,0.008656036446469248,0.01640091116173121,0.00045558086560364467,0.002733485193621868,0.01867881548974943,0.004100227790432802,0.00045558086560364467,0.004100227790432802,0.0036446469248291574,0.0036446469248291574,0.0009111617312072893,0.0009111617312072893,0.0018223234624145787,0.001366742596810934,0.00045558086560364467,0.00683371298405467,0.002733485193621868,0.002733485193621868,0.00045558086560364467,0.0,0.0,0.0,0.01457858769931663,0.00045558086560364467,0.0018223234624145787,0.008656036446469248,0.011389521640091117,0.0009111617312072893,0.001366742596810934,0.001366742596810934,0.00045558086560364467,0.0,0.0009111617312072893,0.0,0.0018223234624145787,0.0,0.0018223234624145787,0.002277904328018223,0.00045558086560364467,0.0,0.001366742596810934,0.0009111617312072893,0.0,0.0,0.0018223234624145787,0.0,0.0009111617312072893,0.0,0.0009111617312072893,0.0,0.0,0.0,0.0009111617312072893,0.0009111617312072893,0.0,0.0,0.0018223234624145787,0.0,0.0,0.0018223234624145787,0.00045558086560364467,0.0,0.0009111617312072893,0.002277904328018223,0.001366742596810934,0.0,0.0018223234624145787,0.001366742596810934,0.0,0.0,0.002733485193621868,0.0,0.00045558086560364467,0.005466970387243736,0.0009111617312072893,0.0,0.0009111617312072893,0.0009111617312072893,0.0,0.001366742596810934,0.0,0.0009111617312072893,0.0009111617312072893,0.0,0.0,0.00045558086560364467,0.00045558086560364467,0.0,0.00045558086560364467,0.00045558086560364467,0.0009111617312072893,0.00045558086560364467,0.0,0.0,0.004555808656036446,0.0,0.00045558086560364467,0.0,0.0009111617312072893,0.001366742596810934,0.0,0.001366742596810934,0.00045558086560364467,0.0,0.0,0.0,0.0,0.0,0.00045558086560364467,0.00045558086560364467,0.0,0.0,0.0,0.0,0.0,0.0,0.0,0.0,0.0,0.0,0.0,0.0,0.0,0.0,0.0,0.0,0.0009111617312072893,0.0,0.0,0.0,0.0,0.0,0.0,0.00045558086560364467,0.00045558086560364467,0.0,0.00045558086560364467,0.0,0.0,0.001366742596810934,0.0009111617312072893,0.0,0.0,0.0,0.0,0.0,0.0,0.0,0.0,0.0,0.0,0.0,0.0,0.0,0.0,0.0,0.0,lenin
lenin_otvet_na_kritiku.txt,0.0005927682276229994,0.00039517881841533294,0.0007903576368306659,0.00335901995653033,0.005532503457814661,0.0009879470460383323,0.02983600079035764,0.019956530329974312,0.07212013436079825,0.02133965619442798,0.00889152341434499,0.006520450503852994,0.009879470460383323,0.014226437462951986,0.005334914048606995,0.0027662517289073307,0.008496344595929657,0.0021734835012843312,0.004544556411776329,0.015411973918197985,0.018375815056312982,0.0043469670025686625,0.0061252716854376605,0.011657775143252322,0.00039517881841533294,0.002963841138114997,0.015016795099782652,0.014819205690574985,0.02845287492590397,0.0912863070539419,0.00019758940920766647,0.0011855364552459987,0.013831258644536652,0.005730092867022327,0.004742145820983995,0.0023710729104919974,0.007508397549891326,0.008298755186721992,0.00671803991306066,0.0015807152736613318,0.010472238688006322,0.01956135151155898,0.022130013831258646,0.0011855364552459987,0.0011855364552459987,0.018178225647105316,0.022525192649673977,0.00335901995653033,0.004742145820983995,0.0027662517289073307,0.0035566093657379964,0.009879470460383323,0.05058288875716262,0.017585457419482316,0.013831258644536652,0.0011855364552459987,0.00019758940920766647,0.020549298557597313,0.003951788184153329,0.03556609365737996,0.00039517881841533294,0.0023710729104919974,0.0015807152736613318,0.0035566093657379964,0.0043469670025686625,0.0009879470460383323,0.0017783046828689982,0.00019758940920766647,0.005532503457814661,0.0035566093657379964,0.0031614305473226635,0.006322861094645327,0.005532503457814661,0.012645722189290654,0.0015807152736613318,0.004149377593360996,0.003951788184153329,0.0007903576368306659,0.002568662319699664,0.0049397352301916615,0.0015807152736613318,0.00019758940920766647,0.0031614305473226635,0.006915629322268326,0.006322861094645327,0.00019758940920766647,0.00889152341434499,0.016004742145820983,0.0009879470460383323,0.0031614305473226635,0.01007705986959099,0.004149377593360996,0.0011855364552459987,0.0013831258644536654,0.005927682276229994,0.0021734835012843312,0.003951788184153329,0.0023710729104919974,0.0013831258644536654,0.0013831258644536654,0.0005927682276229994,0.006520450503852994,0.00039517881841533294,0.0049397352301916615,0.0027662517289073307,0.0,0.0,0.00019758940920766647,0.010472238688006322,0.00039517881841533294,0.0019758940920766646,0.007705986959098993,0.00671803991306066,0.0005927682276229994,0.0011855364552459987,0.003951788184153329,0.0011855364552459987,0.0013831258644536654,0.0011855364552459987,0.0,0.0011855364552459987,0.0011855364552459987,0.00039517881841533294,0.003754198774945663,0.0021734835012843312,0.0,0.00019758940920766647,0.0019758940920766646,0.00019758940920766647,0.00019758940920766647,0.00019758940920766647,0.0005927682276229994,0.00019758940920766647,0.00039517881841533294,0.0,0.00039517881841533294,0.00019758940920766647,0.00019758940920766647,0.0009879470460383323,0.0013831258644536654,0.0,0.0005927682276229994,0.0009879470460383323,0.0,0.0007903576368306659,0.003754198774945663,0.0013831258644536654,0.0,0.0007903576368306659,0.0015807152736613318,0.0,0.0005927682276229994,0.0007903576368306659,0.00019758940920766647,0.00019758940920766647,0.00019758940920766647,0.0007903576368306659,0.00019758940920766647,0.00019758940920766647,0.0011855364552459987,0.0023710729104919974,0.0,0.00019758940920766647,0.0,0.00019758940920766647,0.0011855364552459987,0.00019758940920766647,0.0,0.0,0.00019758940920766647,0.0,0.00039517881841533294,0.00019758940920766647,0.0007903576368306659,0.00039517881841533294,0.0005927682276229994,0.0,0.0013831258644536654,0.0,0.0,0.0,0.0023710729104919974,0.0,0.0005927682276229994,0.0011855364552459987,0.002568662319699664,0.00019758940920766647,0.0011855364552459987,0.0,0.0,0.0,0.0,0.0,0.0,0.0,0.0,0.0,0.00039517881841533294,0.0,0.0009879470460383323,0.0,0.00039517881841533294,0.00019758940920766647,0.00019758940920766647,0.00019758940920766647,0.00019758940920766647,0.0011855364552459987,0.0011855364552459987,0.00039517881841533294,0.0,0.0,0.00019758940920766647,0.0,0.0,0.0,0.0,0.0,0.00019758940920766647,0.0,0.0,0.0,0.0,0.0,0.0,0.0,0.00019758940920766647,0.0,0.0,0.0,0.0,0.0,0.0,0.0,0.0,0.0,0.0,0.0,0.0,0.00019758940920766647,0.0,0.0019758940920766646,0.0,0.0,lenin
lenin_padenie_port_artura.txt,0.00744047619047619,0.002232142857142857,0.00818452380952381,0.010416666666666666,0.009300595238095238,0.001488095238095238,0.027529761904761904,0.01525297619047619,0.09077380952380952,0.026413690476190476,0.011160714285714286,0.007068452380952381,0.00855654761904762,0.012648809523809524,0.00855654761904762,0.002976190476190476,0.013020833333333334,0.0018601190476190475,0.0033482142857142855,0.01525297619047619,0.01488095238095238,0.002976190476190476,0.004836309523809524,0.012648809523809524,0.0003720238095238095,0.004836309523809524,0.015625,0.005580357142857143,0.020833333333333332,0.08705357142857142,0.0003720238095238095,0.0018601190476190475,0.011904761904761904,0.006696428571428571,0.003720238095238095,0.002232142857142857,0.0078125,0.009300595238095238,0.008928571428571428,0.0011160714285714285,0.010416666666666666,0.021577380952380952,0.03236607142857143,0.0011160714285714285,0.0018601190476190475,0.01711309523809524,0.013392857142857142,0.0011160714285714285,0.002232142857142857,0.002976190476190476,0.0078125,0.013764880952380952,0.02976190476190476,0.020461309523809524,0.019717261904761904,0.002232142857142857,0.0,0.010788690476190476,0.0033482142857142855,0.03459821428571429,0.0003720238095238095,0.001488095238095238,0.0011160714285714285,0.0011160714285714285,0.0,0.001488095238095238,0.000744047619047619,0.0011160714285714285,0.0011160714285714285,0.002232142857142857,0.0011160714285714285,0.004464285714285714,0.003720238095238095,0.010788690476190476,0.0011160714285714285,0.004464285714285714,0.002976190476190476,0.0,0.001488095238095238,0.004836309523809524,0.0011160714285714285,0.002232142857142857,0.0033482142857142855,0.004464285714285714,0.002976190476190476,0.0003720238095238095,0.012648809523809524,0.018229166666666668,0.000744047619047619,0.000744047619047619,0.01488095238095238,0.005580357142857143,0.000744047619047619,0.002232142857142857,0.004092261904761905,0.001488095238095238,0.002232142857142857,0.005208333333333333,0.0011160714285714285,0.0003720238095238095,0.0003720238095238095,0.006696428571428571,0.0003720238095238095,0.005952380952380952,0.0011160714285714285,0.0003720238095238095,0.0,0.0003720238095238095,0.013392857142857142,0.0003720238095238095,0.0026041666666666665,0.011160714285714286,0.0078125,0.0,0.0011160714285714285,0.0011160714285714285,0.0,0.0,0.000744047619047619,0.0003720238095238095,0.000744047619047619,0.000744047619047619,0.001488095238095238,0.002232142857142857,0.001488095238095238,0.0,0.001488095238095238,0.002976190476190476,0.0003720238095238095,0.0,0.0003720238095238095,0.0011160714285714285,0.0,0.000744047619047619,0.0011160714285714285,0.000744047619047619,0.0,0.0003720238095238095,0.0003720238095238095,0.001488095238095238,0.0,0.0003720238095238095,0.0003720238095238095,0.0,0.002232142857142857,0.0018601190476190475,0.0,0.0,0.0011160714285714285,0.0018601190476190475,0.000744047619047619,0.0003720238095238095,0.0,0.000744047619047619,0.0,0.0,0.000744047619047619,0.0,0.0003720238095238095,0.001488095238095238,0.006324404761904762,0.0011160714285714285,0.0003720238095238095,0.004464285714285714,0.0,0.0003720238095238095,0.0,0.0003720238095238095,0.0,0.0018601190476190475,0.0,0.002976190476190476,0.0018601190476190475,0.000744047619047619,0.0,0.0011160714285714285,0.0,0.0003720238095238095,0.0,0.0003720238095238095,0.000744047619047619,0.0,0.0003720238095238095,0.0,0.0,0.001488095238095238,0.0,0.0018601190476190475,0.0003720238095238095,0.0,0.0,0.0,0.0003720238095238095,0.0,0.0,0.0,0.0,0.0,0.0,0.0003720238095238095,0.0,0.0003720238095238095,0.0003720238095238095,0.0003720238095238095,0.0,0.0,0.0,0.0,0.000744047619047619,0.0,0.0,0.0,0.0003720238095238095,0.0,0.0003720238095238095,0.0,0.0,0.0,0.0,0.0,0.0,0.0,0.0,0.0003720238095238095,0.0,0.0,0.0,0.0,0.0003720238095238095,0.0,0.0,0.0,0.0,0.0,0.0,0.0,0.0,0.0,0.0,0.0,0.0,0.0,0.0,lenin
lenin_partiynaya_organizaciya_i_literatura.txt,0.0010482180293501049,0.0010482180293501049,0.0005241090146750524,0.0031446540880503146,0.012578616352201259,0.003668763102725367,0.020964360587002098,0.01729559748427673,0.08018867924528301,0.015723270440251572,0.006289308176100629,0.0047169811320754715,0.007861635220125786,0.016247379454926623,0.007861635220125786,0.0031446540880503146,0.006289308176100629,0.003668763102725367,0.0041928721174004195,0.013626834381551363,0.0110062893081761,0.003668763102725367,0.008385744234800839,0.01519916142557652,0.0005241090146750524,0.0041928721174004195,0.0110062893081761,0.009433962264150943,0.018343815513626835,0.10482180293501048,0.0,0.0,0.010482180293501049,0.005765199161425576,0.0020964360587002098,0.0015723270440251573,0.0047169811320754715,0.0110062893081761,0.003668763102725367,0.0031446540880503146,0.013626834381551363,0.029350104821802937,0.024633123689727462,0.0015723270440251573,0.0010482180293501049,0.026729559748427674,0.0110062893081761,0.0020964360587002098,0.006289308176100629,0.006813417190775681,0.006289308176100629,0.016247379454926623,0.03563941299790356,0.020440251572327043,0.01310272536687631,0.0010482180293501049,0.0,0.011530398322851153,0.0010482180293501049,0.03249475890985325,0.0,0.0005241090146750524,0.0020964360587002098,0.0015723270440251573,0.0015723270440251573,0.0005241090146750524,0.002620545073375262,0.002620545073375262,0.0041928721174004195,0.0041928721174004195,0.0010482180293501049,0.0015723270440251573,0.0047169811320754715,0.009433962264150943,0.0015723270440251573,0.005765199161425576,0.005241090146750524,0.0031446540880503146,0.0005241090146750524,0.0041928721174004195,0.0020964360587002098,0.002620545073375262,0.002620545073375262,0.00890985324947589,0.003668763102725367,0.0015723270440251573,0.011530398322851153,0.025157232704402517,0.0,0.0005241090146750524,0.0319706498951782,0.00890985324947589,0.0,0.0020964360587002098,0.0041928721174004195,0.003668763102725367,0.0005241090146750524,0.0005241090146750524,0.0005241090146750524,0.002620545073375262,0.0010482180293501049,0.007337526205450734,0.0010482180293501049,0.002620545073375262,0.0005241090146750524,0.0,0.0,0.0,0.016247379454926623,0.0,0.0015723270440251573,0.006289308176100629,0.013626834381551363,0.0005241090146750524,0.0005241090146750524,0.0020964360587002098,0.0005241090146750524,0.0005241090146750524,0.0015723270440251573,0.0005241090146750524,0.0,0.0047169811320754715,0.0,0.0005241090146750524,0.0,0.0,0.0005241090146750524,0.0015723270440251573,0.0,0.0,0.0010482180293501049,0.0010482180293501049,0.0,0.0,0.0,0.0,0.0,0.0,0.0,0.003668763102725367,0.0,0.0010482180293501049,0.0020964360587002098,0.0,0.0,0.0015723270440251573,0.0,0.0031446540880503146,0.0020964360587002098,0.0005241090146750524,0.0010482180293501049,0.0015723270440251573,0.0005241090146750524,0.0,0.0005241090146750524,0.0005241090146750524,0.0015723270440251573,0.0,0.0005241090146750524,0.0010482180293501049,0.0005241090146750524,0.0,0.0,0.0020964360587002098,0.0,0.0005241090146750524,0.0005241090146750524,0.0,0.0005241090146750524,0.0010482180293501049,0.0,0.0,0.0005241090146750524,0.0015723270440251573,0.0005241090146750524,0.0,0.0,0.0005241090146750524,0.0,0.0,0.002620545073375262,0.0,0.0,0.0,0.0020964360587002098,0.0020964360587002098,0.0,0.0015723270440251573,0.0,0.0,0.0,0.0005241090146750524,0.0005241090146750524,0.0,0.0,0.0010482180293501049,0.0,0.0005241090146750524,0.0,0.0,0.0,0.0,0.0,0.0,0.0,0.0005241090146750524,0.0,0.0,0.0,0.0,0.0,0.0,0.0,0.0,0.0,0.0,0.0,0.0,0.0,0.0,0.0,0.0,0.0005241090146750524,0.0,0.0,0.0,0.0005241090146750524,0.0,0.0,0.0,0.0,0.0,0.0,0.0,0.0005241090146750524,0.0,0.0,0.0,0.0,0.0,0.0,0.0,0.0,lenin
lenin_pervaya_pobeda_revolucii.txt,0.005520169851380042,0.0016985138004246285,0.0008492569002123143,0.012738853503184714,0.012738853503184714,0.003397027600849257,0.030148619957537155,0.020806794055201697,0.08619957537154989,0.03354564755838641,0.015286624203821656,0.0059447983014862,0.008067940552016985,0.009766454352441613,0.004246284501061571,0.0029723991507431,0.01019108280254777,0.0021231422505307855,0.0059447983014862,0.017834394904458598,0.011040339702760084,0.0021231422505307855,0.004246284501061571,0.013588110403397028,0.0008492569002123143,0.0029723991507431,0.021231422505307854,0.0059447983014862,0.022505307855626325,0.09596602972399151,0.0008492569002123143,0.0004246284501061571,0.006369426751592357,0.0059447983014862,0.003821656050955414,0.0008492569002123143,0.007218683651804671,0.005520169851380042,0.008067940552016985,0.0008492569002123143,0.008917197452229299,0.024628450106157114,0.026326963906581742,0.0021231422505307855,0.0008492569002123143,0.009341825902335456,0.017834394904458598,0.0016985138004246285,0.003821656050955414,0.0029723991507431,0.008067940552016985,0.015286624203821656,0.04331210191082802,0.02208067940552017,0.020806794055201697,0.0,0.0,0.012738853503184714,0.005520169851380042,0.03991507430997877,0.0,0.0029723991507431,0.0021231422505307855,0.0029723991507431,0.0016985138004246285,0.0021231422505307855,0.0012738853503184713,0.0,0.006369426751592357,0.0025477707006369425,0.0004246284501061571,0.003821656050955414,0.0029723991507431,0.015286624203821656,0.0012738853503184713,0.005520169851380042,0.003397027600849257,0.0008492569002123143,0.0021231422505307855,0.003397027600849257,0.0012738853503184713,0.0025477707006369425,0.0021231422505307855,0.007218683651804671,0.003821656050955414,0.0,0.006794055201698514,0.014861995753715499,0.0004246284501061571,0.0008492569002123143,0.012738853503184714,0.004670912951167728,0.0,0.0016985138004246285,0.004246284501061571,0.0012738853503184713,0.006794055201698514,0.0029723991507431,0.0012738853503184713,0.0016985138004246285,0.0004246284501061571,0.004246284501061571,0.0012738853503184713,0.006794055201698514,0.0012738853503184713,0.0,0.0,0.0,0.013163481953290871,0.0,0.0029723991507431,0.006794055201698514,0.009341825902335456,0.0004246284501061571,0.0,0.0008492569002123143,0.0,0.0004246284501061571,0.0004246284501061571,0.0008492569002123143,0.0012738853503184713,0.0008492569002123143,0.0008492569002123143,0.0012738853503184713,0.0008492569002123143,0.0,0.0012738853503184713,0.0008492569002123143,0.0,0.0,0.0004246284501061571,0.0004246284501061571,0.0,0.0008492569002123143,0.0008492569002123143,0.0004246284501061571,0.0,0.0,0.0004246284501061571,0.0008492569002123143,0.0,0.0004246284501061571,0.0012738853503184713,0.0,0.0021231422505307855,0.0004246284501061571,0.0,0.0,0.0008492569002123143,0.0008492569002123143,0.0,0.0004246284501061571,0.0008492569002123143,0.0004246284501061571,0.0,0.0008492569002123143,0.0008492569002123143,0.0,0.0,0.0004246284501061571,0.003821656050955414,0.0,0.0004246284501061571,0.0012738853503184713,0.0,0.0004246284501061571,0.0,0.0008492569002123143,0.0008492569002123143,0.0004246284501061571,0.0,0.0,0.0,0.0,0.0,0.0004246284501061571,0.0004246284501061571,0.0,0.0,0.0,0.0,0.0,0.0,0.0004246284501061571,0.0004246284501061571,0.0012738853503184713,0.0,0.0,0.0,0.0,0.0,0.0004246284501061571,0.0004246284501061571,0.0,0.0,0.0,0.0,0.0,0.0,0.0008492569002123143,0.0,0.0,0.0,0.0008492569002123143,0.0,0.0004246284501061571,0.0,0.0,0.0,0.0,0.0,0.0,0.0,0.0,0.0,0.0,0.0,0.0,0.0,0.0,0.0,0.0,0.0,0.0,0.0,0.0,0.0,0.0,0.0,0.0,0.0,0.0004246284501061571,0.0,0.0,0.0,0.0,0.0,0.0,0.0,0.0,0.0,0.0,0.0,lenin
lenin_pismo_v_iskru_I.txt,0.0014461315979754157,0.0,0.0,0.0014461315979754157,0.0072306579898770785,0.0028922631959508315,0.03036876355748373,0.015907447577729574,0.05784526391901663,0.015184381778741865,0.006507592190889371,0.0021691973969631237,0.005061460592913955,0.019522776572668113,0.009399855386840203,0.0036153289949385392,0.011569052783803326,0.0021691973969631237,0.006507592190889371,0.01012292118582791,0.008676789587852495,0.0021691973969631237,0.014461315979754157,0.016630513376717282,0.0028922631959508315,0.004338394793926247,0.02096890817064353,0.02096890817064353,0.03398409255242227,0.09327548806941431,0.0,0.0,0.011569052783803326,0.013015184381778741,0.0028922631959508315,0.0014461315979754157,0.012292118582791034,0.013015184381778741,0.0072306579898770785,0.0021691973969631237,0.016630513376717282,0.015907447577729574,0.009399855386840203,0.0007230657989877079,0.0007230657989877079,0.015907447577729574,0.023138105567606652,0.0014461315979754157,0.0072306579898770785,0.0036153289949385392,0.007953723788864787,0.008676789587852495,0.03181489515545915,0.015907447577729574,0.015907447577729574,0.0,0.0007230657989877079,0.015907447577729574,0.0036153289949385392,0.04772234273318872,0.0,0.0028922631959508315,0.0014461315979754157,0.004338394793926247,0.007953723788864787,0.0007230657989877079,0.0028922631959508315,0.0,0.004338394793926247,0.005061460592913955,0.0014461315979754157,0.0021691973969631237,0.005784526391901663,0.01373825018076645,0.0036153289949385392,0.0036153289949385392,0.007953723788864787,0.0021691973969631237,0.0036153289949385392,0.0036153289949385392,0.0,0.0,0.005061460592913955,0.012292118582791034,0.0021691973969631237,0.0036153289949385392,0.009399855386840203,0.012292118582791034,0.0007230657989877079,0.0014461315979754157,0.007953723788864787,0.0036153289949385392,0.0014461315979754157,0.006507592190889371,0.009399855386840203,0.005061460592913955,0.0007230657989877079,0.0,0.0007230657989877079,0.0,0.0,0.006507592190889371,0.0007230657989877079,0.0028922631959508315,0.0036153289949385392,0.0,0.0,0.0,0.018076644974692697,0.0,0.0036153289949385392,0.009399855386840203,0.0072306579898770785,0.0007230657989877079,0.005061460592913955,0.0021691973969631237,0.0007230657989877079,0.0007230657989877079,0.0,0.0014461315979754157,0.0021691973969631237,0.0,0.0,0.0,0.0007230657989877079,0.0,0.0007230657989877079,0.0021691973969631237,0.0,0.0,0.0,0.0021691973969631237,0.0,0.0,0.0,0.0,0.0014461315979754157,0.0,0.0,0.0014461315979754157,0.0,0.0,0.0014461315979754157,0.0,0.0021691973969631237,0.004338394793926247,0.0014461315979754157,0.0,0.0007230657989877079,0.0021691973969631237,0.0,0.0,0.0,0.0007230657989877079,0.0,0.0,0.0014461315979754157,0.0,0.0014461315979754157,0.0,0.0,0.0,0.0021691973969631237,0.0007230657989877079,0.0,0.0007230657989877079,0.0,0.0007230657989877079,0.0007230657989877079,0.0007230657989877079,0.0,0.0,0.0,0.0,0.0,0.0,0.0,0.0,0.0,0.0,0.0,0.0,0.0,0.0007230657989877079,0.0,0.0007230657989877079,0.0,0.0028922631959508315,0.0,0.0,0.0,0.0,0.0007230657989877079,0.0,0.0007230657989877079,0.0,0.004338394793926247,0.0,0.0,0.0,0.0,0.0,0.0,0.0007230657989877079,0.0,0.0,0.0,0.0,0.0,0.0,0.0,0.0,0.0,0.0,0.0,0.0,0.0,0.0,0.0,0.0,0.0,0.0,0.0,0.0,0.0,0.0,0.0,0.0,0.0,0.0,0.0,0.0,0.0,0.0,0.0,0.0,0.0,0.0,0.0,0.0,0.0,0.0,0.0,lenin
lenin_po_povodu_bunda_I.txt,0.0032139577594123047,0.0036730945821854912,0.0036730945821854912,0.01790633608815427,0.007805325987144169,0.0009182736455463728,0.024793388429752067,0.018824609733700644,0.04591368227731864,0.01147842056932966,0.012855831037649219,0.006887052341597796,0.016988062442607896,0.01147842056932966,0.008264462809917356,0.004591368227731864,0.009182736455463728,0.0004591368227731864,0.005509641873278237,0.02203856749311295,0.021120293847566574,0.005509641873278237,0.0073461891643709825,0.015610651974288337,0.0009182736455463728,0.005509641873278237,0.01652892561983471,0.010101010101010102,0.025711662075298437,0.08034894398530762,0.0009182736455463728,0.0013774104683195593,0.01790633608815427,0.011019283746556474,0.005509641873278237,0.0027548209366391185,0.0036730945821854912,0.005968778696051423,0.004132231404958678,0.0018365472910927456,0.012855831037649219,0.017447199265381085,0.011019283746556474,0.0013774104683195593,0.0004591368227731864,0.012855831037649219,0.028466483011937556,0.0027548209366391185,0.005968778696051423,0.0032139577594123047,0.011019283746556474,0.005968778696051423,0.02157943067033976,0.01928374655647383,0.021120293847566574,0.0009182736455463728,0.0,0.02066115702479339,0.002295684113865932,0.03168044077134986,0.0,0.005509641873278237,0.0009182736455463728,0.0032139577594123047,0.005509641873278237,0.0018365472910927456,0.0027548209366391185,0.0004591368227731864,0.005509641873278237,0.0018365472910927456,0.0013774104683195593,0.004132231404958678,0.005968778696051423,0.02157943067033976,0.0013774104683195593,0.005050505050505051,0.004132231404958678,0.0,0.0004591368227731864,0.004591368227731864,0.0004591368227731864,0.0004591368227731864,0.0013774104683195593,0.008723599632690543,0.0018365472910927456,0.0009182736455463728,0.004132231404958678,0.008264462809917356,0.0013774104683195593,0.0009182736455463728,0.017447199265381085,0.004132231404958678,0.0004591368227731864,0.0004591368227731864,0.004591368227731864,0.0018365472910927456,0.009641873278236915,0.010101010101010102,0.0013774104683195593,0.0009182736455463728,0.0018365472910927456,0.0032139577594123047,0.0009182736455463728,0.005968778696051423,0.0013774104683195593,0.0,0.0,0.0,0.006427915518824609,0.0,0.0009182736455463728,0.007805325987144169,0.0036730945821854912,0.0004591368227731864,0.002295684113865932,0.0018365472910927456,0.0004591368227731864,0.0013774104683195593,0.0009182736455463728,0.0018365472910927456,0.0,0.0013774104683195593,0.0,0.002295684113865932,0.0004591368227731864,0.0,0.0004591368227731864,0.0013774104683195593,0.0,0.0,0.0,0.0013774104683195593,0.0013774104683195593,0.002295684113865932,0.0032139577594123047,0.0,0.0,0.0,0.0027548209366391185,0.0004591368227731864,0.0,0.0013774104683195593,0.002295684113865932,0.0,0.0009182736455463728,0.0027548209366391185,0.0009182736455463728,0.0,0.0013774104683195593,0.0009182736455463728,0.0,0.0009182736455463728,0.0004591368227731864,0.0004591368227731864,0.0004591368227731864,0.0004591368227731864,0.0013774104683195593,0.0,0.0013774104683195593,0.0013774104683195593,0.012855831037649219,0.005050505050505051,0.0004591368227731864,0.0027548209366391185,0.0004591368227731864,0.0036730945821854912,0.0,0.0,0.0013774104683195593,0.0013774104683195593,0.0004591368227731864,0.0004591368227731864,0.0018365472910927456,0.0009182736455463728,0.0009182736455463728,0.0027548209366391185,0.0004591368227731864,0.0009182736455463728,0.0,0.0,0.0009182736455463728,0.0,0.002295684113865932,0.0004591368227731864,0.0018365472910927456,0.0013774104683195593,0.0004591368227731864,0.0004591368227731864,0.0018365472910927456,0.0004591368227731864,0.0004591368227731864,0.0,0.0,0.0,0.0004591368227731864,0.0,0.0013774104683195593,0.0004591368227731864,0.0,0.0004591368227731864,0.0,0.0009182736455463728,0.0,0.0004591368227731864,0.0,0.0,0.0,0.0,0.0,0.0,0.0018365472910927456,0.0,0.0,0.0,0.0004591368227731864,0.0,0.0004591368227731864,0.0004591368227731864,0.0,0.0004591368227731864,0.0,0.0,0.0,0.0,0.0,0.0,0.0,0.0,0.0,0.0,0.0,0.0009182736455463728,0.0004591368227731864,0.0,0.0,0.0,0.0,0.0,0.0,0.0,0.0,0.0,0.0,lenin
lenin_pochemu_quit.txt,0.005509641873278237,0.0032139577594123047,0.0,0.012396694214876033,0.008723599632690543,0.002295684113865932,0.03994490358126722,0.01147842056932966,0.05188246097337006,0.02066115702479339,0.0073461891643709825,0.011937557392102846,0.008723599632690543,0.018824609733700644,0.009641873278236915,0.0036730945821854912,0.008264462809917356,0.002295684113865932,0.0032139577594123047,0.009641873278236915,0.011019283746556474,0.005050505050505051,0.0073461891643709825,0.01147842056932966,0.0009182736455463728,0.004132231404958678,0.018365472910927456,0.008723599632690543,0.02203856749311295,0.08080808080808081,0.0009182736455463728,0.0032139577594123047,0.009182736455463728,0.004591368227731864,0.0027548209366391185,0.004591368227731864,0.008723599632690543,0.002295684113865932,0.005509641873278237,0.0018365472910927456,0.010101010101010102,0.025711662075298437,0.02066115702479339,0.0004591368227731864,0.0013774104683195593,0.01147842056932966,0.014692378328741965,0.0013774104683195593,0.005050505050505051,0.0032139577594123047,0.0036730945821854912,0.007805325987144169,0.046372819100091826,0.01928374655647383,0.019742883379247015,0.004132231404958678,0.0009182736455463728,0.026170798898071626,0.0018365472910927456,0.05647382920110193,0.0,0.0036730945821854912,0.0018365472910927456,0.0018365472910927456,0.0018365472910927456,0.0009182736455463728,0.0032139577594123047,0.0009182736455463728,0.0036730945821854912,0.004132231404958678,0.0009182736455463728,0.007805325987144169,0.004132231404958678,0.008723599632690543,0.0004591368227731864,0.0036730945821854912,0.0036730945821854912,0.0013774104683195593,0.004591368227731864,0.004591368227731864,0.0004591368227731864,0.0,0.0013774104683195593,0.0032139577594123047,0.005509641873278237,0.0,0.004591368227731864,0.013774104683195593,0.0,0.0004591368227731864,0.0032139577594123047,0.0036730945821854912,0.0009182736455463728,0.0027548209366391185,0.0073461891643709825,0.0018365472910927456,0.005968778696051423,0.0027548209366391185,0.0009182736455463728,0.0,0.0,0.004132231404958678,0.0013774104683195593,0.004132231404958678,0.0013774104683195593,0.0009182736455463728,0.0013774104683195593,0.0009182736455463728,0.013314967860422406,0.0004591368227731864,0.0036730945821854912,0.006427915518824609,0.009641873278236915,0.0004591368227731864,0.0032139577594123047,0.0004591368227731864,0.0,0.0,0.0009182736455463728,0.0004591368227731864,0.0013774104683195593,0.0013774104683195593,0.0004591368227731864,0.0036730945821854912,0.002295684113865932,0.0,0.0004591368227731864,0.0009182736455463728,0.0004591368227731864,0.0009182736455463728,0.0,0.0,0.0009182736455463728,0.0009182736455463728,0.0,0.0,0.0,0.0,0.005968778696051423,0.0013774104683195593,0.0,0.0,0.0009182736455463728,0.0,0.0004591368227731864,0.004132231404958678,0.0013774104683195593,0.0,0.0004591368227731864,0.0013774104683195593,0.0,0.0004591368227731864,0.0004591368227731864,0.0018365472910927456,0.0,0.0,0.0009182736455463728,0.0,0.0009182736455463728,0.0013774104683195593,0.010101010101010102,0.0004591368227731864,0.0004591368227731864,0.0027548209366391185,0.0004591368227731864,0.0032139577594123047,0.0004591368227731864,0.0036730945821854912,0.0004591368227731864,0.0009182736455463728,0.0,0.005050505050505051,0.002295684113865932,0.0,0.0,0.0009182736455463728,0.0,0.0,0.0,0.0,0.0004591368227731864,0.0,0.0018365472910927456,0.0013774104683195593,0.0018365472910927456,0.0009182736455463728,0.0013774104683195593,0.0009182736455463728,0.0,0.0,0.0,0.0,0.0009182736455463728,0.0,0.0,0.0,0.0013774104683195593,0.0,0.0,0.0018365472910927456,0.0,0.0,0.0,0.0,0.0,0.0004591368227731864,0.0004591368227731864,0.0004591368227731864,0.0009182736455463728,0.0,0.0004591368227731864,0.0,0.0,0.0,0.0,0.0004591368227731864,0.0009182736455463728,0.0,0.0004591368227731864,0.0027548209366391185,0.0013774104683195593,0.0,0.0013774104683195593,0.0,0.0,0.0,0.0,0.0004591368227731864,0.0,0.0,0.0,0.0,0.0,0.0,0.0,0.0,0.0,0.0,0.0,0.0013774104683195593,0.0,0.0,0.0,lenin
lenin_polozhenie_bunda_I.txt,0.003666841278156103,0.002357255107386066,0.0018334206390780514,0.011262441068622316,0.004714510214772132,0.00026191723415400735,0.026977475117862755,0.023834468308014667,0.0785751702462022,0.01990570979570456,0.005500261917234154,0.004452592980618125,0.007071765322158198,0.01571503404924044,0.007595599790466213,0.003666841278156103,0.009167103195390257,0.0005238344683080147,0.004452592980618125,0.013095861707700367,0.017286537454164485,0.00392875851231011,0.007071765322158198,0.012310110005238345,0.0,0.003666841278156103,0.01859612362493452,0.010476689366160294,0.02435830277632268,0.09429020429544265,0.0010476689366160294,0.00026191723415400735,0.012572027239392353,0.008119434258774228,0.0041906757464641176,0.004452592980618125,0.009690937663698272,0.005500261917234154,0.007333682556312206,0.0013095861707700367,0.013095861707700367,0.02566788894709272,0.027239392352016764,0.0005238344683080147,0.001571503404924044,0.012572027239392353,0.01964379256155055,0.0041906757464641176,0.001571503404924044,0.003666841278156103,0.005500261917234154,0.00890518596123625,0.04688318491356731,0.020953378732320588,0.01754845468831849,0.0005238344683080147,0.0,0.024882137244630696,0.0026191723415400735,0.03273965426925092,0.0,0.0013095861707700367,0.0005238344683080147,0.0018334206390780514,0.003143006809848088,0.0013095861707700367,0.0020953378732320588,0.000785751702462022,0.003143006809848088,0.0020953378732320588,0.0005238344683080147,0.0026191723415400735,0.00392875851231011,0.009167103195390257,0.0005238344683080147,0.002881089575694081,0.002357255107386066,0.0005238344683080147,0.004714510214772132,0.004452592980618125,0.0005238344683080147,0.0010476689366160294,0.0041906757464641176,0.006024096385542169,0.006024096385542169,0.0010476689366160294,0.004452592980618125,0.01388161341016239,0.00026191723415400735,0.0018334206390780514,0.008643268727082242,0.00497642744892614,0.000785751702462022,0.0026191723415400735,0.005238344683080147,0.003143006809848088,0.0034049240440020955,0.0034049240440020955,0.000785751702462022,0.0010476689366160294,0.00026191723415400735,0.00392875851231011,0.0005238344683080147,0.003666841278156103,0.001571503404924044,0.0018334206390780514,0.0034049240440020955,0.0020953378732320588,0.009167103195390257,0.0,0.003143006809848088,0.007071765322158198,0.009690937663698272,0.000785751702462022,0.003666841278156103,0.0018334206390780514,0.0005238344683080147,0.0005238344683080147,0.0005238344683080147,0.000785751702462022,0.0026191723415400735,0.001571503404924044,0.0,0.002357255107386066,0.0010476689366160294,0.0,0.0,0.0018334206390780514,0.00026191723415400735,0.00026191723415400735,0.00026191723415400735,0.0013095861707700367,0.0,0.003143006809848088,0.000785751702462022,0.000785751702462022,0.00026191723415400735,0.0,0.0018334206390780514,0.00026191723415400735,0.00026191723415400735,0.00026191723415400735,0.0018334206390780514,0.00026191723415400735,0.0010476689366160294,0.0020953378732320588,0.000785751702462022,0.0005238344683080147,0.000785751702462022,0.0020953378732320588,0.0,0.0013095861707700367,0.0010476689366160294,0.000785751702462022,0.0,0.0005238344683080147,0.0005238344683080147,0.0005238344683080147,0.00026191723415400735,0.000785751702462022,0.006547930853850184,0.0020953378732320588,0.0010476689366160294,0.0005238344683080147,0.0,0.0010476689366160294,0.0,0.0010476689366160294,0.0,0.000785751702462022,0.00026191723415400735,0.0005238344683080147,0.0005238344683080147,0.000785751702462022,0.0005238344683080147,0.0,0.0,0.000785751702462022,0.0,0.0,0.00026191723415400735,0.0,0.0,0.0,0.0010476689366160294,0.002357255107386066,0.0,0.0013095861707700367,0.00026191723415400735,0.0005238344683080147,0.0,0.0,0.0005238344683080147,0.0,0.0,0.0,0.0,0.00026191723415400735,0.0,0.00026191723415400735,0.0,0.0,0.0,0.00026191723415400735,0.00026191723415400735,0.0,0.0,0.0,0.0005238344683080147,0.0,0.00026191723415400735,0.0,0.0,0.0,0.0,0.000785751702462022,0.0,0.0,0.00026191723415400735,0.000785751702462022,0.00026191723415400735,0.0,0.0,0.0,0.0,0.0,0.0,0.000785751702462022,0.0,0.0,0.0,0.0,0.0,0.0,0.0,0.0,0.0,0.0,0.0,0.00026191723415400735,0.0,0.0,0.0,lenin
lenin_pril_k_chto_delat'_I.txt,0.00037979491074819596,0.00037979491074819596,0.0030383592859855677,0.014812001519179644,0.009874667679453095,0.0060767185719711354,0.0284846183061147,0.01595138625142423,0.04937333839726547,0.015191796429927839,0.0037979491074819596,0.0060767185719711354,0.006456513482719331,0.01974933535890619,0.007975693125712115,0.003418154196733764,0.013292821876186859,0.0007595898214963919,0.004557538928978352,0.0186099506266616,0.012533232054690467,0.0018989745537409798,0.008735282947208508,0.011773642233194076,0.0015191796429927839,0.004557538928978352,0.01974933535890619,0.0072161033042157235,0.01974933535890619,0.1036840106342575,0.001139384732244588,0.0007595898214963919,0.012153437143942271,0.005317128750474744,0.001139384732244588,0.001139384732244588,0.0060767185719711354,0.002278769464489176,0.005317128750474744,0.0007595898214963919,0.011773642233194076,0.04557538928978352,0.01405241169768325,0.001139384732244588,0.0007595898214963919,0.010634257500949488,0.01785036080516521,0.0015191796429927839,0.0018989745537409798,0.001139384732244588,0.003418154196733764,0.006836308393467528,0.04253703000379795,0.021268515001898976,0.011773642233194076,0.0018989745537409798,0.00037979491074819596,0.05431067223699203,0.002658564375237372,0.038359285985567794,0.0,0.0018989745537409798,0.0015191796429927839,0.002278769464489176,0.002278769464489176,0.002278769464489176,0.0018989745537409798,0.002278769464489176,0.005317128750474744,0.0015191796429927839,0.004937333839726547,0.006836308393467528,0.003418154196733764,0.0072161033042157235,0.001139384732244588,0.0015191796429927839,0.0037979491074819596,0.0007595898214963919,0.001139384732244588,0.004557538928978352,0.0015191796429927839,0.002658564375237372,0.002658564375237372,0.00569692366122294,0.0030383592859855677,0.00037979491074819596,0.003418154196733764,0.01405241169768325,0.0,0.004177744018230156,0.0060767185719711354,0.002658564375237372,0.001139384732244588,0.0018989745537409798,0.005317128750474744,0.002658564375237372,0.01405241169768325,0.0007595898214963919,0.001139384732244588,0.0007595898214963919,0.00037979491074819596,0.0007595898214963919,0.002658564375237372,0.0037979491074819596,0.0037979491074819596,0.00037979491074819596,0.0007595898214963919,0.001139384732244588,0.009115077857956703,0.0007595898214963919,0.0018989745537409798,0.004557538928978352,0.005317128750474744,0.00037979491074819596,0.001139384732244588,0.0007595898214963919,0.0,0.0,0.00037979491074819596,0.00037979491074819596,0.0015191796429927839,0.00037979491074819596,0.00037979491074819596,0.002278769464489176,0.0007595898214963919,0.0,0.001139384732244588,0.001139384732244588,0.00037979491074819596,0.0,0.002658564375237372,0.0,0.0,0.0007595898214963919,0.0,0.0,0.00037979491074819596,0.0007595898214963919,0.009115077857956703,0.001139384732244588,0.0,0.00037979491074819596,0.0007595898214963919,0.0,0.00037979491074819596,0.001139384732244588,0.0,0.0,0.0018989745537409798,0.0007595898214963919,0.004177744018230156,0.0007595898214963919,0.0007595898214963919,0.0007595898214963919,0.0,0.0007595898214963919,0.001139384732244588,0.00037979491074819596,0.0007595898214963919,0.002278769464489176,0.002278769464489176,0.00037979491074819596,0.0,0.00037979491074819596,0.00037979491074819596,0.009115077857956703,0.00037979491074819596,0.00037979491074819596,0.00037979491074819596,0.0,0.0,0.00037979491074819596,0.00037979491074819596,0.0007595898214963919,0.0,0.0,0.0,0.0,0.001139384732244588,0.0,0.001139384732244588,0.0,0.00037979491074819596,0.001139384732244588,0.0018989745537409798,0.0030383592859855677,0.0007595898214963919,0.001139384732244588,0.0,0.0,0.0,0.0,0.0,0.0,0.0,0.0,0.0,0.00037979491074819596,0.0,0.0007595898214963919,0.00037979491074819596,0.0,0.0,0.00037979491074819596,0.00037979491074819596,0.0,0.0,0.0,0.0,0.0,0.0,0.0,0.0,0.0,0.0,0.0,0.00037979491074819596,0.0,0.001139384732244588,0.003418154196733764,0.0018989745537409798,0.0,0.001139384732244588,0.002658564375237372,0.0015191796429927839,0.002278769464489176,0.0,0.0,0.00037979491074819596,0.0007595898214963919,0.0,0.0,0.0,0.0,0.0,0.0,0.0,0.0,0.0,0.00037979491074819596,0.0,0.0,0.0,lenin
lenin_proekt_ustava_rsdrp.txt,0.003669724770642202,0.005504587155963303,0.001834862385321101,0.014678899082568808,0.023853211009174313,0.005504587155963303,0.03302752293577982,0.01651376146788991,0.062385321100917435,0.027522935779816515,0.005504587155963303,0.0,0.005504587155963303,0.011009174311926606,0.003669724770642202,0.0,0.005504587155963303,0.001834862385321101,0.009174311926605505,0.005504587155963303,0.011009174311926606,0.001834862385321101,0.001834862385321101,0.003669724770642202,0.0,0.005504587155963303,0.005504587155963303,0.001834862385321101,0.023853211009174313,0.09357798165137615,0.001834862385321101,0.001834862385321101,0.011009174311926606,0.011009174311926606,0.003669724770642202,0.0,0.0,0.011009174311926606,0.001834862385321101,0.001834862385321101,0.011009174311926606,0.027522935779816515,0.014678899082568808,0.0,0.0,0.005504587155963303,0.009174311926605505,0.001834862385321101,0.0,0.001834862385321101,0.001834862385321101,0.009174311926605505,0.045871559633027525,0.022018348623853212,0.03486238532110092,0.001834862385321101,0.001834862385321101,0.003669724770642202,0.001834862385321101,0.03486238532110092,0.0,0.0,0.001834862385321101,0.001834862385321101,0.003669724770642202,0.0,0.0,0.0,0.003669724770642202,0.005504587155963303,0.0,0.005504587155963303,0.003669724770642202,0.001834862385321101,0.001834862385321101,0.003669724770642202,0.001834862385321101,0.0,0.003669724770642202,0.003669724770642202,0.0,0.001834862385321101,0.001834862385321101,0.001834862385321101,0.001834862385321101,0.0,0.005504587155963303,0.01651376146788991,0.001834862385321101,0.007339449541284404,0.011009174311926606,0.011009174311926606,0.003669724770642202,0.0,0.0,0.0,0.003669724770642202,0.003669724770642202,0.0,0.0,0.0,0.001834862385321101,0.0,0.001834862385321101,0.001834862385321101,0.0,0.0,0.0,0.029357798165137616,0.0,0.0,0.0,0.02018348623853211,0.0,0.001834862385321101,0.0,0.0,0.0,0.0,0.0,0.0,0.0,0.0,0.005504587155963303,0.0,0.0,0.0,0.005504587155963303,0.0,0.0,0.001834862385321101,0.0,0.0,0.011009174311926606,0.0,0.0,0.001834862385321101,0.0,0.022018348623853212,0.007339449541284404,0.0,0.0,0.001834862385321101,0.0,0.001834862385321101,0.0,0.001834862385321101,0.0,0.0,0.0,0.001834862385321101,0.0,0.0,0.0,0.0,0.0,0.0,0.0,0.0,0.0,0.014678899082568808,0.0,0.0,0.003669724770642202,0.0,0.001834862385321101,0.0,0.007339449541284404,0.001834862385321101,0.0,0.0,0.014678899082568808,0.007339449541284404,0.0,0.0,0.0,0.003669724770642202,0.0,0.0,0.0,0.0,0.0,0.027522935779816515,0.001834862385321101,0.0,0.0,0.0,0.0,0.001834862385321101,0.001834862385321101,0.0,0.0,0.0,0.0,0.0,0.0,0.0,0.0,0.0,0.0,0.0,0.0,0.0,0.0,0.0,0.0,0.0,0.0,0.0,0.0,0.0,0.0,0.0,0.0,0.0,0.0,0.005504587155963303,0.0,0.0,0.0,0.0,0.0,0.001834862385321101,0.0,0.003669724770642202,0.001834862385321101,0.0,0.0,0.0,0.0,0.0,0.0,0.0,0.0,0.0,0.0,0.0,0.0,0.0,0.0,0.0,0.0,0.0,lenin
lenin_rab_i_burzh_dem.txt,0.0012338062924120913,0.00030845157310302283,0.0006169031462060457,0.012954966070326958,0.012338062924120914,0.006169031462060457,0.02652683528685996,0.019123997532387416,0.0798889574336829,0.019432449105490437,0.005243676742751388,0.005552128315854411,0.007402837754472548,0.014805675508945095,0.006169031462060457,0.00215916101172116,0.008019740900678593,0.00030845157310302283,0.004935225169648365,0.016656384947563233,0.01326341764342998,0.003701418877236274,0.00431832202344232,0.0077112893275755705,0.0,0.0027760641579272056,0.01634793337446021,0.005860579888957434,0.018198642813078345,0.09130166563849476,0.0006169031462060457,0.0006169031462060457,0.011104256631708822,0.005552128315854411,0.0027760641579272056,0.0015422578655151142,0.006477483035163479,0.0077112893275755705,0.005243676742751388,0.0006169031462060457,0.010178901912399754,0.024059222702035782,0.02498457742134485,0.0009253547193090684,0.0006169031462060457,0.020974706971005553,0.018198642813078345,0.003701418877236274,0.00431832202344232,0.0027760641579272056,0.00431832202344232,0.010487353485502776,0.05120296113510179,0.019123997532387416,0.017890191239975324,0.00030845157310302283,0.0,0.025909932140653916,0.00215916101172116,0.038556446637877856,0.0,0.0027760641579272056,0.0015422578655151142,0.00215916101172116,0.0030845157310302285,0.001850709438618137,0.00030845157310302283,0.0012338062924120913,0.00431832202344232,0.001850709438618137,0.0009253547193090684,0.00215916101172116,0.001850709438618137,0.008019740900678593,0.001850709438618137,0.0030845157310302285,0.003392967304133251,0.0012338062924120913,0.003392967304133251,0.0030845157310302285,0.0009253547193090684,0.003701418877236274,0.003392967304133251,0.00431832202344232,0.0024676125848241827,0.00030845157310302283,0.00863664404688464,0.024367674275138803,0.00030845157310302283,0.0015422578655151142,0.016964836520666254,0.006785934608266502,0.0006169031462060457,0.0012338062924120913,0.00431832202344232,0.0027760641579272056,0.008328192473781616,0.001850709438618137,0.0006169031462060457,0.00030845157310302283,0.00030845157310302283,0.006477483035163479,0.0015422578655151142,0.0027760641579272056,0.001850709438618137,0.0,0.0,0.0,0.010487353485502776,0.0006169031462060457,0.003392967304133251,0.006785934608266502,0.007094386181369525,0.0,0.00215916101172116,0.00030845157310302283,0.00030845157310302283,0.0,0.00030845157310302283,0.0015422578655151142,0.0012338062924120913,0.00030845157310302283,0.0012338062924120913,0.0012338062924120913,0.00030845157310302283,0.0,0.0024676125848241827,0.0015422578655151142,0.0,0.0,0.00215916101172116,0.0009253547193090684,0.0,0.00030845157310302283,0.0006169031462060457,0.0012338062924120913,0.0,0.00030845157310302283,0.00431832202344232,0.0030845157310302285,0.00030845157310302283,0.00030845157310302283,0.0009253547193090684,0.00030845157310302283,0.00030845157310302283,0.0024676125848241827,0.00030845157310302283,0.0,0.0024676125848241827,0.0009253547193090684,0.00215916101172116,0.0006169031462060457,0.0006169031462060457,0.00030845157310302283,0.0,0.0,0.0012338062924120913,0.00030845157310302283,0.00030845157310302283,0.0012338062924120913,0.004935225169648365,0.00030845157310302283,0.00030845157310302283,0.0012338062924120913,0.00030845157310302283,0.0027760641579272056,0.0,0.00030845157310302283,0.00030845157310302283,0.0,0.00030845157310302283,0.0006169031462060457,0.0006169031462060457,0.0,0.0,0.0009253547193090684,0.0,0.00030845157310302283,0.0,0.0,0.00431832202344232,0.0,0.00030845157310302283,0.0,0.0009253547193090684,0.0015422578655151142,0.0009253547193090684,0.0009253547193090684,0.0006169031462060457,0.00030845157310302283,0.0,0.0,0.00030845157310302283,0.00030845157310302283,0.00030845157310302283,0.0,0.0,0.00030845157310302283,0.0,0.00030845157310302283,0.0,0.00030845157310302283,0.0,0.0,0.0,0.0,0.00030845157310302283,0.00030845157310302283,0.0,0.0,0.0,0.0,0.00030845157310302283,0.0,0.0,0.0,0.00030845157310302283,0.0,0.0024676125848241827,0.003701418877236274,0.0,0.0,0.001850709438618137,0.0006169031462060457,0.0,0.0009253547193090684,0.0015422578655151142,0.0,0.00030845157310302283,0.0,0.0,0.0,0.0,0.0,0.0,0.0,0.0,0.0,0.0,0.0009253547193090684,0.0,0.0,0.0,lenin
lenin_rab_partya_krestvo_I.txt,0.0007496251874062968,0.0011244377811094452,0.0003748125937031484,0.003373313343328336,0.003373313343328336,0.0003748125937031484,0.027736131934032984,0.015742128935532233,0.07571214392803598,0.022113943028485756,0.0074962518740629685,0.005997001499250375,0.006371814092953523,0.01199400299850075,0.01199400299850075,0.0022488755622188904,0.010869565217391304,0.004497751124437781,0.005622188905547227,0.010869565217391304,0.015742128935532233,0.003373313343328336,0.0074962518740629685,0.01424287856071964,0.0003748125937031484,0.00712143928035982,0.02586206896551724,0.015742128935532233,0.03073463268365817,0.095952023988006,0.0,0.0,0.008995502248875561,0.005997001499250375,0.006371814092953523,0.005622188905547227,0.011244377811094454,0.007871064467766116,0.004497751124437781,0.0014992503748125937,0.014992503748125937,0.018740629685157422,0.027736131934032984,0.0007496251874062968,0.0003748125937031484,0.01424287856071964,0.019865067466266866,0.0018740629685157421,0.002623688155922039,0.006371814092953523,0.007871064467766116,0.01199400299850075,0.050974512743628186,0.022488755622188907,0.0239880059970015,0.0007496251874062968,0.0,0.0074962518740629685,0.0022488755622188904,0.04235382308845577,0.0,0.0022488755622188904,0.003373313343328336,0.005622188905547227,0.0037481259370314842,0.0007496251874062968,0.0007496251874062968,0.0003748125937031484,0.002623688155922039,0.0018740629685157421,0.0,0.0014992503748125937,0.003373313343328336,0.009370314842578711,0.0029985007496251873,0.0014992503748125937,0.002623688155922039,0.0,0.0018740629685157421,0.0037481259370314842,0.0007496251874062968,0.0,0.006371814092953523,0.008995502248875561,0.0011244377811094452,0.0007496251874062968,0.011619190404797601,0.013493253373313344,0.0,0.002623688155922039,0.009370314842578711,0.0029985007496251873,0.0011244377811094452,0.004872563718140929,0.004497751124437781,0.002623688155922039,0.0011244377811094452,0.0003748125937031484,0.0003748125937031484,0.0014992503748125937,0.0007496251874062968,0.004497751124437781,0.0003748125937031484,0.002623688155922039,0.0011244377811094452,0.0,0.0,0.0,0.020614692653673165,0.0,0.0037481259370314842,0.005997001499250375,0.012743628185907047,0.0007496251874062968,0.0011244377811094452,0.0022488755622188904,0.0003748125937031484,0.0003748125937031484,0.0007496251874062968,0.0003748125937031484,0.0007496251874062968,0.0011244377811094452,0.0,0.0003748125937031484,0.0007496251874062968,0.0,0.0011244377811094452,0.002623688155922039,0.0,0.0,0.0003748125937031484,0.0007496251874062968,0.0,0.0007496251874062968,0.0,0.0007496251874062968,0.0,0.0,0.0,0.0014992503748125937,0.0,0.0007496251874062968,0.0022488755622188904,0.0,0.0,0.0018740629685157421,0.0003748125937031484,0.0,0.0003748125937031484,0.0029985007496251873,0.0,0.0011244377811094452,0.0014992503748125937,0.0003748125937031484,0.0,0.0003748125937031484,0.0,0.0003748125937031484,0.0007496251874062968,0.0003748125937031484,0.0018740629685157421,0.0003748125937031484,0.0014992503748125937,0.0007496251874062968,0.0003748125937031484,0.0003748125937031484,0.0,0.0014992503748125937,0.0,0.0003748125937031484,0.0,0.0003748125937031484,0.0007496251874062968,0.0007496251874062968,0.0,0.0,0.0003748125937031484,0.0011244377811094452,0.0,0.0,0.0,0.0,0.0,0.0,0.0003748125937031484,0.0014992503748125937,0.0014992503748125937,0.0022488755622188904,0.0,0.0,0.0,0.0,0.0003748125937031484,0.0,0.0,0.0,0.0003748125937031484,0.0003748125937031484,0.0,0.0,0.0,0.0003748125937031484,0.0,0.0,0.0,0.0,0.0007496251874062968,0.0007496251874062968,0.0,0.0,0.0,0.0,0.0,0.0,0.0,0.0,0.0,0.0,0.0,0.0,0.0,0.0,0.0,0.0,0.0,0.0,0.0,0.0,0.0,0.0,0.0,0.0,0.0,0.0,0.0,0.0,0.0,0.0,0.0,0.0,0.0,0.0,0.0,lenin
lenin_rasskaz_o_II_cyezde.txt,0.00673952641165756,0.0014571948998178506,0.0009107468123861566,0.021311475409836064,0.013114754098360656,0.0029143897996357013,0.02896174863387978,0.010746812386156648,0.04262295081967213,0.01785063752276867,0.011657559198542805,0.004553734061930784,0.012021857923497269,0.02185792349726776,0.007285974499089253,0.0025500910746812386,0.008014571948998178,0.0018214936247723133,0.00546448087431694,0.018397085610200363,0.016029143897996357,0.005282331511839709,0.006557377049180328,0.007468123861566485,0.0012750455373406193,0.0030965391621129326,0.017486338797814208,0.010018214936247723,0.021675774134790528,0.09034608378870675,0.0020036429872495446,0.00273224043715847,0.014389799635701275,0.004735883424408015,0.004918032786885246,0.0014571948998178506,0.005100182149362477,0.0030965391621129326,0.005646630236794172,0.0009107468123861566,0.008378870673952642,0.02750455373406193,0.011839708561020037,0.0,0.0014571948998178506,0.012750455373406194,0.017486338797814208,0.0012750455373406193,0.0020036429872495446,0.002185792349726776,0.003825136612021858,0.005646630236794172,0.036247723132969034,0.021129326047358836,0.01493624772313297,0.004735883424408015,0.00036429872495446266,0.03442622950819672,0.004735883424408015,0.05045537340619308,0.0,0.0023679417122040073,0.003825136612021858,0.004189435336976321,0.0025500910746812386,0.001092896174863388,0.0023679417122040073,0.0014571948998178506,0.004553734061930784,0.00273224043715847,0.005100182149362477,0.009653916211293261,0.003825136612021858,0.011111111111111112,0.00036429872495446266,0.0030965391621129326,0.003278688524590164,0.002185792349726776,0.0025500910746812386,0.0030965391621129326,0.0007285974499089253,0.0012750455373406193,0.00036429872495446266,0.004553734061930784,0.003278688524590164,0.00018214936247723133,0.005100182149362477,0.014025500910746813,0.00018214936247723133,0.0020036429872495446,0.006010928961748634,0.005100182149362477,0.0007285974499089253,0.0020036429872495446,0.005100182149362477,0.000546448087431694,0.013114754098360656,0.00546448087431694,0.0007285974499089253,0.0018214936247723133,0.0009107468123861566,0.0025500910746812386,0.0007285974499089253,0.004189435336976321,0.0012750455373406193,0.00018214936247723133,0.000546448087431694,0.000546448087431694,0.009289617486338797,0.00018214936247723133,0.0023679417122040073,0.003825136612021858,0.008014571948998178,0.0007285974499089253,0.0020036429872495446,0.0020036429872495446,0.0,0.00036429872495446266,0.00018214936247723133,0.00036429872495446266,0.0009107468123861566,0.002185792349726776,0.00036429872495446266,0.004371584699453552,0.0025500910746812386,0.00036429872495446266,0.0012750455373406193,0.0020036429872495446,0.0007285974499089253,0.0,0.000546448087431694,0.0012750455373406193,0.0,0.0014571948998178506,0.0007285974499089253,0.00018214936247723133,0.00036429872495446266,0.0,0.008743169398907104,0.00018214936247723133,0.00018214936247723133,0.00036429872495446266,0.0025500910746812386,0.0,0.0009107468123861566,0.0018214936247723133,0.0007285974499089253,0.00018214936247723133,0.0009107468123861566,0.0014571948998178506,0.0,0.0007285974499089253,0.001639344262295082,0.00018214936247723133,0.00036429872495446266,0.00018214936247723133,0.00018214936247723133,0.00036429872495446266,0.0009107468123861566,0.0007285974499089253,0.009107468123861567,0.002185792349726776,0.00018214936247723133,0.000546448087431694,0.00036429872495446266,0.003825136612021858,0.0,0.0014571948998178506,0.00018214936247723133,0.0007285974499089253,0.00036429872495446266,0.0023679417122040073,0.001639344262295082,0.000546448087431694,0.001092896174863388,0.001092896174863388,0.00018214936247723133,0.00018214936247723133,0.00018214936247723133,0.00018214936247723133,0.000546448087431694,0.00018214936247723133,0.0023679417122040073,0.0012750455373406193,0.001092896174863388,0.0007285974499089253,0.0009107468123861566,0.00036429872495446266,0.000546448087431694,0.0,0.000546448087431694,0.000546448087431694,0.0,0.00018214936247723133,0.0007285974499089253,0.00018214936247723133,0.0018214936247723133,0.0,0.0,0.0012750455373406193,0.0,0.0,0.00018214936247723133,0.0007285974499089253,0.000546448087431694,0.0,0.00018214936247723133,0.00018214936247723133,0.001639344262295082,0.0,0.000546448087431694,0.0,0.0,0.0,0.000546448087431694,0.00036429872495446266,0.000546448087431694,0.0,0.0,0.0,0.0,0.0,0.0,0.0,0.0,0.0,0.00036429872495446266,0.0,0.0,0.0,0.00018214936247723133,0.0,0.00036429872495446266,0.00018214936247723133,0.0,0.0,0.00018214936247723133,0.0,0.00018214936247723133,0.00018214936247723133,0.0007285974499089253,0.00018214936247723133,0.00018214936247723133,lenin
lenin_rec_parvus.txt,0.0076045627376425855,0.0038022813688212928,0.0076045627376425855,0.030418250950570342,0.005703422053231939,0.0038022813688212928,0.039923954372623575,0.039923954372623575,0.12357414448669202,0.02091254752851711,0.011406844106463879,0.0,0.0,0.02091254752851711,0.0076045627376425855,0.0038022813688212928,0.0038022813688212928,0.0,0.005703422053231939,0.0076045627376425855,0.0076045627376425855,0.0038022813688212928,0.0076045627376425855,0.0076045627376425855,0.0,0.0,0.022813688212927757,0.0019011406844106464,0.017110266159695818,0.09505703422053231,0.0,0.0,0.0019011406844106464,0.009505703422053232,0.0019011406844106464,0.0019011406844106464,0.005703422053231939,0.0038022813688212928,0.0,0.0038022813688212928,0.009505703422053232,0.030418250950570342,0.03802281368821293,0.0,0.0019011406844106464,0.009505703422053232,0.009505703422053232,0.0019011406844106464,0.0019011406844106464,0.0019011406844106464,0.0,0.019011406844106463,0.022813688212927757,0.034220532319391636,0.005703422053231939,0.0019011406844106464,0.0,0.022813688212927757,0.0019011406844106464,0.039923954372623575,0.0,0.0019011406844106464,0.0019011406844106464,0.0,0.0,0.0,0.0019011406844106464,0.0,0.0,0.0,0.0038022813688212928,0.0019011406844106464,0.0,0.0038022813688212928,0.0,0.0,0.0038022813688212928,0.0,0.0038022813688212928,0.0038022813688212928,0.0,0.0019011406844106464,0.0,0.0019011406844106464,0.0,0.0,0.017110266159695818,0.015209125475285171,0.0,0.0019011406844106464,0.03231939163498099,0.0038022813688212928,0.0,0.0,0.0019011406844106464,0.0,0.011406844106463879,0.005703422053231939,0.0,0.0,0.0,0.011406844106463879,0.0,0.0,0.0,0.0,0.0,0.0,0.013307984790874524,0.0,0.0019011406844106464,0.009505703422053232,0.005703422053231939,0.0,0.0,0.0,0.0,0.0,0.0,0.0,0.0,0.0,0.0,0.0019011406844106464,0.0,0.0,0.0,0.0,0.0,0.0,0.0,0.0019011406844106464,0.0,0.0076045627376425855,0.0,0.0,0.0,0.0,0.005703422053231939,0.0,0.0,0.0019011406844106464,0.0,0.0,0.0,0.0,0.0,0.0,0.0,0.0019011406844106464,0.0,0.0,0.0,0.0019011406844106464,0.0,0.0019011406844106464,0.0,0.0,0.0,0.0,0.013307984790874524,0.0,0.0,0.0019011406844106464,0.0,0.0,0.0,0.0,0.0,0.0,0.0,0.0,0.0,0.0,0.0,0.0019011406844106464,0.0,0.0,0.0,0.0,0.0,0.0,0.0,0.0,0.0019011406844106464,0.0,0.0019011406844106464,0.0,0.0,0.0,0.0,0.0,0.0,0.0,0.0,0.0,0.0,0.0,0.0,0.0,0.0,0.0,0.0,0.0,0.0,0.0,0.0,0.0,0.0,0.0,0.0,0.0,0.0,0.0,0.0,0.0,0.0,0.0,0.0019011406844106464,0.0019011406844106464,0.0,0.0,0.0,0.0,0.0,0.0,0.0,0.0,0.0,0.0,0.0,0.0,0.0,0.0,0.0,0.0,0.0,0.0,0.0,0.0,0.0,0.0,0.0,lenin
lenin_s_chego_nachat'_I.txt,0.0,0.0,0.0,0.002253944402704733,0.0033809166040570998,0.0033809166040570998,0.02404207362885049,0.0236664162283997,0.08489857250187828,0.009767092411720512,0.007513148009015778,0.007888805409466567,0.009015777610818933,0.01652892561983471,0.009015777610818933,0.005634861006761833,0.011645379413974455,0.0033809166040570998,0.004883546205860256,0.009767092411720512,0.017655897821187077,0.002253944402704733,0.006386175807663411,0.010894064613072877,0.0,0.005259203606311044,0.0202854996243426,0.01652892561983471,0.02779864763335838,0.10368144252441773,0.0,0.0015026296018031556,0.01652892561983471,0.007137490608564989,0.004507888805409466,0.0015026296018031556,0.008264462809917356,0.008264462809917356,0.008264462809917356,0.0033809166040570998,0.010894064613072877,0.0169045830202855,0.021412471825694966,0.0007513148009015778,0.0015026296018031556,0.014650638617580767,0.014650638617580767,0.0018782870022539444,0.007137490608564989,0.006386175807663411,0.007137490608564989,0.010518407212622089,0.032306536438767845,0.025544703230653644,0.015777610818933134,0.0011269722013523666,0.0,0.017655897821187077,0.0011269722013523666,0.029676934635612322,0.0,0.0033809166040570998,0.0007513148009015778,0.0011269722013523666,0.002629601803155522,0.0011269722013523666,0.0015026296018031556,0.0003756574004507889,0.006010518407212622,0.004132231404958678,0.0015026296018031556,0.004132231404958678,0.003005259203606311,0.011269722013523666,0.0007513148009015778,0.006010518407212622,0.0067618332081141996,0.0015026296018031556,0.003005259203606311,0.005259203606311044,0.0003756574004507889,0.0,0.004883546205860256,0.007137490608564989,0.002629601803155522,0.0007513148009015778,0.010518407212622089,0.016153268219383923,0.0015026296018031556,0.0015026296018031556,0.009015777610818933,0.004507888805409466,0.0015026296018031556,0.004883546205860256,0.004132231404958678,0.004132231404958678,0.0011269722013523666,0.0,0.0018782870022539444,0.0015026296018031556,0.0007513148009015778,0.006386175807663411,0.0003756574004507889,0.002629601803155522,0.0003756574004507889,0.0,0.0,0.0,0.0169045830202855,0.0,0.002253944402704733,0.01728024042073629,0.011645379413974455,0.0,0.002253944402704733,0.002629601803155522,0.0011269722013523666,0.0003756574004507889,0.0,0.0003756574004507889,0.0011269722013523666,0.0011269722013523666,0.0,0.0033809166040570998,0.0,0.0,0.0,0.003005259203606311,0.0003756574004507889,0.0007513148009015778,0.0,0.0011269722013523666,0.0011269722013523666,0.0,0.0,0.0007513148009015778,0.0003756574004507889,0.0,0.0003756574004507889,0.0018782870022539444,0.0,0.0011269722013523666,0.0011269722013523666,0.0,0.0015026296018031556,0.003005259203606311,0.0003756574004507889,0.0003756574004507889,0.0,0.0007513148009015778,0.0003756574004507889,0.0015026296018031556,0.002253944402704733,0.0003756574004507889,0.0,0.0003756574004507889,0.0018782870022539444,0.0,0.0011269722013523666,0.0,0.0007513148009015778,0.0,0.0033809166040570998,0.0007513148009015778,0.0,0.002629601803155522,0.0,0.0003756574004507889,0.0,0.0,0.0,0.0,0.0,0.0,0.0007513148009015778,0.0,0.0,0.0,0.0,0.0,0.0007513148009015778,0.0,0.0,0.0007513148009015778,0.0007513148009015778,0.0007513148009015778,0.0003756574004507889,0.0011269722013523666,0.0,0.0,0.0,0.0,0.0,0.0,0.0,0.0,0.0,0.0,0.0,0.0,0.0,0.0,0.0,0.0015026296018031556,0.0,0.0,0.0,0.0,0.0,0.0,0.0,0.0,0.0,0.0,0.0,0.0,0.0,0.0,0.0,0.0,0.0,0.0,0.0,0.0003756574004507889,0.0,0.0011269722013523666,0.0,0.0,0.0,0.0,0.0003756574004507889,0.0,0.0,0.0,0.0003756574004507889,0.0,0.0,0.0,0.0,0.0,0.0,0.0,0.0,lenin
lenin_samoderzh_kolebletsya_I.txt,0.002229654403567447,0.0011148272017837235,0.0,0.002229654403567447,0.011705685618729096,0.002787068004459309,0.03511705685618729,0.021181716833890748,0.08138238573021182,0.021181716833890748,0.00947603121516165,0.0189520624303233,0.011148272017837236,0.01839464882943144,0.006688963210702341,0.005574136008918618,0.015050167224080268,0.005574136008918618,0.006131549609810479,0.013935340022296544,0.010590858416945374,0.0039018952062430325,0.008918617614269788,0.010033444816053512,0.0,0.0033444816053511705,0.013377926421404682,0.013935340022296544,0.030657748049052396,0.09754738015607581,0.0,0.0,0.017279821627647716,0.010590858416945374,0.002787068004459309,0.0,0.005016722408026756,0.006688963210702341,0.005016722408026756,0.0033444816053511705,0.011705685618729096,0.023968784838350056,0.02564102564102564,0.0016722408026755853,0.0011148272017837235,0.010590858416945374,0.016164994425863992,0.0039018952062430325,0.004459308807134894,0.006688963210702341,0.006688963210702341,0.014492753623188406,0.044593088071348944,0.020066889632107024,0.016164994425863992,0.0,0.0,0.01282051282051282,0.0033444816053511705,0.036231884057971016,0.0,0.0005574136008918618,0.0016722408026755853,0.002787068004459309,0.0039018952062430325,0.002229654403567447,0.002229654403567447,0.0039018952062430325,0.002787068004459309,0.0016722408026755853,0.0,0.0033444816053511705,0.0033444816053511705,0.00947603121516165,0.0016722408026755853,0.0039018952062430325,0.002229654403567447,0.0005574136008918618,0.0016722408026755853,0.0033444816053511705,0.0011148272017837235,0.0011148272017837235,0.004459308807134894,0.006131549609810479,0.004459308807134894,0.0011148272017837235,0.010590858416945374,0.011705685618729096,0.0005574136008918618,0.0005574136008918618,0.007246376811594203,0.0033444816053511705,0.0,0.0005574136008918618,0.0039018952062430325,0.002787068004459309,0.0005574136008918618,0.0005574136008918618,0.0016722408026755853,0.0005574136008918618,0.0,0.005574136008918618,0.002229654403567447,0.0016722408026755853,0.0016722408026755853,0.0,0.0,0.0,0.01950947603121516,0.0,0.0011148272017837235,0.002787068004459309,0.011705685618729096,0.0,0.002229654403567447,0.0011148272017837235,0.0,0.0,0.0005574136008918618,0.0005574136008918618,0.002229654403567447,0.0005574136008918618,0.0,0.0011148272017837235,0.002229654403567447,0.0,0.0005574136008918618,0.0039018952062430325,0.0,0.0,0.0,0.0,0.0,0.0,0.0,0.0,0.0,0.0,0.0,0.0005574136008918618,0.0,0.0005574136008918618,0.002787068004459309,0.0,0.002229654403567447,0.002787068004459309,0.0005574136008918618,0.0,0.0,0.002787068004459309,0.0,0.0011148272017837235,0.0005574136008918618,0.0005574136008918618,0.0,0.0,0.0005574136008918618,0.0,0.0005574136008918618,0.0005574136008918618,0.002229654403567447,0.0,0.0,0.0,0.0005574136008918618,0.0005574136008918618,0.0,0.0005574136008918618,0.0,0.002787068004459309,0.0005574136008918618,0.0,0.0005574136008918618,0.0005574136008918618,0.0,0.0,0.0,0.0,0.0,0.0,0.0,0.0,0.0,0.0011148272017837235,0.0005574136008918618,0.0011148272017837235,0.0,0.0016722408026755853,0.0,0.0,0.0,0.0,0.0005574136008918618,0.0,0.0,0.0,0.0005574136008918618,0.0005574136008918618,0.0,0.0,0.0,0.0,0.0,0.0,0.0,0.0,0.0,0.0,0.0,0.0,0.0,0.0,0.0,0.0,0.0,0.0,0.0,0.0,0.0,0.0,0.0,0.0,0.0,0.0,0.0,0.0,0.0,0.0,0.0,0.0,0.0,0.0005574136008918618,0.0,0.0,0.0,0.0,0.0,0.0,0.0,0.0,0.0,0.0,0.0,lenin
lenin_shag_vpered_2nazad.txt,0.004245364754808525,0.0026982201648637276,0.0012500928286753967,0.019110329974998144,0.0059534123821075825,0.0009530410674059955,0.02885115231329059,0.014010941406540089,0.05479367279748496,0.014332747481248607,0.008069906181152066,0.0064980072777681515,0.009022947248558061,0.016189320989182365,0.008540238136495284,0.004146347501052058,0.011188949674480779,0.0018194420377750822,0.004703319553432186,0.015954155011510755,0.014963982473946084,0.003886427209941332,0.009307621853107904,0.013367329257123054,0.0005941035225388024,0.0037379013293066315,0.01805827165383568,0.010545337525063743,0.02288536277446345,0.08891749387330743,0.0011139441047602545,0.0011139441047602545,0.014221353070772581,0.005842017971631557,0.004084461717454266,0.0029457632992548953,0.007760477263163106,0.006473252964329035,0.004888976904225561,0.0016214075302621483,0.01179543035373914,0.024766690595836326,0.014605044929078891,0.0010396811644429042,0.0007921380300517366,0.013837661212466273,0.018788523900289626,0.001943213604970666,0.003354209471000322,0.0027353516350224027,0.006040052479144491,0.00757481991236973,0.035398668217936975,0.021016412109810135,0.015570463153204445,0.002487808500631235,0.00033418323142807635,0.03172265267222814,0.002970517612694012,0.04188429833898557,1.2377156719558384e-05,0.0028838775156571034,0.0015595217466643563,0.0028219917320593114,0.003725524172587073,0.0021412481124836002,0.0020793623288858083,0.0006559893061365943,0.003589375448671931,0.0026610886947050524,0.002933386142535337,0.004678565239993069,0.004072084560734708,0.009852216748768473,0.0011386984181993712,0.003589375448671931,0.0037997871129044234,0.0007054979330148279,0.0029457632992548953,0.004158724657771617,0.0012748471421145135,0.0006931207762952695,0.0029581404559744537,0.0059534123821075825,0.0038616728965022154,0.0008292695002104117,0.006225709829937867,0.015322920018813278,0.0005445948956605688,0.0017699334108968487,0.007661460009406639,0.004418644948882343,0.0009530410674059955,0.0020917394856053667,0.0061266925761814,0.0020917394856053667,0.017625071168651137,0.003564621135232814,0.0009406639106864371,0.001262469985394955,0.0009777953808451122,0.0036017526053914893,0.00034656038814763474,0.0035522439785132557,0.002166002425922717,0.0002970517612694012,0.0009035324405277619,0.0003960690150258683,0.011040423793846078,0.00019803450751293414,0.002970517612694012,0.006460875807609476,0.007463425501893705,0.0006436121494170359,0.002648711537985494,0.0019555907616902245,0.00040844617174542666,0.0006931207762952695,0.0007550065598930614,0.0006436121494170359,0.0013491100824318638,0.0011510755749189296,0.0002846746045498428,0.002289773993118301,0.001002549694284229,1.2377156719558384e-05,0.0002970517612694012,0.0016337846869817067,0.0003094289179889596,0.0003094289179889596,0.0003713147015867515,0.0008664009703690869,8.664009703690868e-05,0.0010273040077233458,0.000742629403173503,0.0002846746045498428,0.00024754313439116765,0.0017575562541772903,0.006250464143376984,0.0018318191944946406,0.00012377156719558383,0.0004827091120627769,0.00122533851523628,1.2377156719558384e-05,0.001163452731638488,0.002487808500631235,0.000581726365819244,0.0003094289179889596,0.0005198405822214521,0.0017204247840186153,7.42629403173503e-05,0.0011386984181993712,0.0010396811644429042,0.0008540238136495285,0.0001361487239151422,0.0007797608733321782,0.0008168923434908533,9.901725375646707e-05,0.0007550065598930614,0.0011386984181993712,0.00689407629279402,0.000581726365819244,0.0003589375448671931,0.0006559893061365943,0.00025992029111072604,0.0037997871129044234,0.00018565735079337575,0.0008787781270886451,0.0003589375448671931,0.00045795479862366015,0.00018565735079337575,0.0035151125083545806,0.002611580067826819,0.000581726365819244,0.0006931207762952695,0.0010768126346015793,6.188578359779191e-05,0.0005198405822214521,4.9508626878233535e-05,6.188578359779191e-05,0.00022278882095205088,2.4754313439116767e-05,0.0004827091120627769,0.0005074634255018937,0.0014728816496274476,0.002227888209520509,0.0006807436195757111,0.0014109958660296557,0.0003589375448671931,0.00021041166423249252,7.42629403173503e-05,4.9508626878233535e-05,6.188578359779191e-05,1.2377156719558384e-05,0.00024754313439116765,1.2377156719558384e-05,0.0012872242988340719,0.0001361487239151422,1.2377156719558384e-05,0.0006312349926974775,6.188578359779191e-05,0.0001361487239151422,0.00016090303735425898,0.0001361487239151422,0.00044557764190410176,0.00017328019407381737,0.00045795479862366015,0.0004950862687823353,0.0018318191944946406,1.2377156719558384e-05,0.0003094289179889596,4.9508626878233535e-05,0.0,1.2377156719558384e-05,1.2377156719558384e-05,0.00011139441047602544,0.00017328019407381737,0.0001361487239151422,0.0003960690150258683,0.0005445948956605688,9.901725375646707e-05,4.9508626878233535e-05,0.00016090303735425898,2.4754313439116767e-05,3.713147015867515e-05,7.42629403173503e-05,2.4754313439116767e-05,2.4754313439116767e-05,1.2377156719558384e-05,1.2377156719558384e-05,1.2377156719558384e-05,3.713147015867515e-05,0.00021041166423249252,1.2377156719558384e-05,7.42629403173503e-05,0.0,2.4754313439116767e-05,0.0,1.2377156719558384e-05,4.9508626878233535e-05,0.0,0.0,0.0,lenin
lenin_sorvalos_I.txt,0.0010559662090813093,0.0015839493136219642,0.0010559662090813093,0.018479408658922915,0.014255543822597676,0.0,0.016367476240760296,0.012671594508975714,0.05332629355860612,0.012671594508975714,0.007391763463569166,0.005279831045406547,0.009503695881731784,0.02587117212249208,0.014783526927138331,0.005279831045406547,0.010559662090813094,0.0026399155227032735,0.005279831045406547,0.030623020063357972,0.012143611404435059,0.0031678986272439284,0.012671594508975714,0.019535374868004225,0.0010559662090813093,0.003695881731784583,0.018479408658922915,0.011087645195353749,0.022175290390707498,0.08553326293558607,0.0,0.0,0.01795142555438226,0.005807814149947202,0.0031678986272439284,0.0015839493136219642,0.007391763463569166,0.010559662090813094,0.0015839493136219642,0.004223864836325237,0.02587117212249208,0.028511087645195353,0.010559662090813094,0.0,0.0,0.00791974656810982,0.022175290390707498,0.004223864836325237,0.0021119324181626186,0.004223864836325237,0.006335797254487857,0.007391763463569166,0.028511087645195353,0.02006335797254488,0.013199577613516367,0.0010559662090813093,0.0,0.04382259767687434,0.0021119324181626186,0.0279831045406547,0.0,0.0015839493136219642,0.0015839493136219642,0.0031678986272439284,0.007391763463569166,0.0010559662090813093,0.0015839493136219642,0.0005279831045406547,0.004751847940865892,0.0010559662090813093,0.0005279831045406547,0.0021119324181626186,0.005279831045406547,0.013727560718057022,0.0031678986272439284,0.0021119324181626186,0.005279831045406547,0.0,0.0031678986272439284,0.006335797254487857,0.0031678986272439284,0.0015839493136219642,0.0031678986272439284,0.008447729672650475,0.0026399155227032735,0.0,0.003695881731784583,0.013199577613516367,0.0021119324181626186,0.0021119324181626186,0.0015839493136219642,0.0026399155227032735,0.0015839493136219642,0.0021119324181626186,0.005279831045406547,0.0005279831045406547,0.008447729672650475,0.0,0.0005279831045406547,0.0015839493136219642,0.0,0.0026399155227032735,0.0,0.0021119324181626186,0.0015839493136219642,0.0,0.0010559662090813093,0.0005279831045406547,0.010559662090813094,0.0,0.0031678986272439284,0.007391763463569166,0.004751847940865892,0.0005279831045406547,0.0031678986272439284,0.0021119324181626186,0.0005279831045406547,0.0,0.0005279831045406547,0.0,0.0010559662090813093,0.0005279831045406547,0.0,0.0005279831045406547,0.0005279831045406547,0.0,0.0,0.0010559662090813093,0.0,0.0,0.0,0.0005279831045406547,0.0,0.0,0.0,0.0010559662090813093,0.0005279831045406547,0.0,0.004223864836325237,0.007391763463569166,0.0,0.0005279831045406547,0.0010559662090813093,0.0,0.0,0.0031678986272439284,0.0021119324181626186,0.0,0.0015839493136219642,0.0021119324181626186,0.0,0.0010559662090813093,0.0005279831045406547,0.0015839493136219642,0.0,0.003695881731784583,0.0005279831045406547,0.0,0.0,0.010559662090813094,0.005807814149947202,0.0,0.0,0.004223864836325237,0.0005279831045406547,0.004751847940865892,0.0,0.0,0.0,0.0,0.0010559662090813093,0.0,0.0,0.0015839493136219642,0.0005279831045406547,0.0,0.0,0.0,0.0,0.0,0.0,0.0,0.0,0.0005279831045406547,0.0026399155227032735,0.0026399155227032735,0.0,0.0026399155227032735,0.0,0.0,0.0,0.0,0.0,0.0,0.0,0.0,0.0,0.0,0.0,0.0,0.0,0.0,0.0005279831045406547,0.0,0.0,0.0,0.0010559662090813093,0.0010559662090813093,0.0,0.0,0.0,0.0,0.0,0.0,0.0,0.0,0.0,0.0,0.0010559662090813093,0.003695881731784583,0.0021119324181626186,0.0005279831045406547,0.0,0.0,0.0,0.0,0.0,0.0,0.0,0.0,0.0,0.0,0.0005279831045406547,0.0,0.0,0.0,0.0,0.0,0.0,0.0005279831045406547,0.0,0.0,0.0,lenin
lenin_spb_stachka.txt,0.004020100502512563,0.0,0.0,0.005025125628140704,0.011055276381909548,0.006030150753768844,0.03819095477386935,0.018090452261306532,0.09246231155778895,0.022110552763819097,0.007035175879396985,0.004020100502512563,0.005025125628140704,0.009045226130653266,0.004020100502512563,0.0020100502512562816,0.006030150753768844,0.0010050251256281408,0.0020100502512562816,0.011055276381909548,0.012060301507537688,0.0010050251256281408,0.004020100502512563,0.007035175879396985,0.0,0.003015075376884422,0.018090452261306532,0.008040201005025126,0.016080402010050253,0.09849246231155778,0.0,0.004020100502512563,0.005025125628140704,0.006030150753768844,0.0010050251256281408,0.0,0.004020100502512563,0.007035175879396985,0.006030150753768844,0.0,0.010050251256281407,0.04321608040201005,0.034170854271356785,0.0010050251256281408,0.0,0.01507537688442211,0.010050251256281407,0.0,0.0,0.003015075376884422,0.007035175879396985,0.007035175879396985,0.06331658291457286,0.018090452261306532,0.019095477386934675,0.005025125628140704,0.0,0.010050251256281407,0.003015075376884422,0.035175879396984924,0.0,0.0020100502512562816,0.003015075376884422,0.0010050251256281408,0.0010050251256281408,0.0010050251256281408,0.0010050251256281408,0.0,0.004020100502512563,0.0020100502512562816,0.012060301507537688,0.01306532663316583,0.0010050251256281408,0.006030150753768844,0.0010050251256281408,0.0020100502512562816,0.003015075376884422,0.0010050251256281408,0.004020100502512563,0.0,0.0010050251256281408,0.004020100502512563,0.0010050251256281408,0.0010050251256281408,0.0,0.0,0.012060301507537688,0.023115577889447236,0.0010050251256281408,0.0010050251256281408,0.017085427135678392,0.0020100502512562816,0.0020100502512562816,0.0,0.003015075376884422,0.0020100502512562816,0.004020100502512563,0.0020100502512562816,0.0010050251256281408,0.0,0.0,0.005025125628140704,0.0,0.0020100502512562816,0.0010050251256281408,0.0010050251256281408,0.0010050251256281408,0.0010050251256281408,0.021105527638190954,0.0,0.003015075376884422,0.01407035175879397,0.011055276381909548,0.0,0.003015075376884422,0.0010050251256281408,0.0,0.0,0.0010050251256281408,0.0,0.0,0.0,0.0,0.006030150753768844,0.0020100502512562816,0.0,0.0010050251256281408,0.004020100502512563,0.0,0.0,0.0010050251256281408,0.0010050251256281408,0.0,0.0,0.0010050251256281408,0.0,0.0,0.0,0.01306532663316583,0.0020100502512562816,0.0,0.0,0.0,0.0,0.0,0.003015075376884422,0.0010050251256281408,0.0010050251256281408,0.0010050251256281408,0.0020100502512562816,0.0,0.0010050251256281408,0.0020100502512562816,0.0,0.0,0.003015075376884422,0.0,0.0,0.0,0.0010050251256281408,0.0,0.0,0.0,0.0,0.0,0.0,0.0010050251256281408,0.0,0.0,0.0,0.0,0.0010050251256281408,0.0010050251256281408,0.0,0.0,0.0,0.0,0.0,0.0,0.0,0.003015075376884422,0.0,0.0010050251256281408,0.0010050251256281408,0.0010050251256281408,0.0010050251256281408,0.0,0.0,0.0,0.0,0.0,0.0,0.0,0.0,0.0,0.0,0.004020100502512563,0.0,0.0,0.0010050251256281408,0.0,0.0,0.0,0.0,0.0,0.0010050251256281408,0.0,0.0,0.0010050251256281408,0.0,0.0,0.0,0.0,0.0,0.0,0.0,0.0,0.0,0.0,0.0,0.0,0.0,0.0010050251256281408,0.0010050251256281408,0.0,0.0,0.0,0.0,0.0,0.0,0.0,0.0,0.0,0.0,0.0,0.0,0.0,0.0,0.0,0.0,0.0,0.0,0.0,lenin
lenin_struve_izoblichen_I.txt,0.0016611295681063123,0.0012458471760797341,0.009551495016611296,0.014950166112956811,0.005813953488372093,0.0,0.022425249169435217,0.014534883720930232,0.071843853820598,0.00872093023255814,0.007475083056478406,0.009966777408637873,0.011627906976744186,0.01744186046511628,0.0070598006644518275,0.006229235880398671,0.0070598006644518275,0.0016611295681063123,0.0008305647840531562,0.015780730897009966,0.017857142857142856,0.0029069767441860465,0.005398671096345515,0.014119601328903655,0.0008305647840531562,0.005813953488372093,0.017857142857142856,0.005398671096345515,0.01287375415282392,0.08637873754152824,0.0,0.0012458471760797341,0.009136212624584718,0.005398671096345515,0.0033222591362126247,0.0029069767441860465,0.004568106312292359,0.004152823920265781,0.006229235880398671,0.0020764119601328905,0.013289036544850499,0.02574750830564784,0.02117940199335548,0.0,0.0004152823920265781,0.013289036544850499,0.018272425249169437,0.0016611295681063123,0.004152823920265781,0.0024916943521594683,0.004152823920265781,0.009966777408637873,0.03986710963455149,0.022840531561461794,0.016611295681063124,0.0,0.0,0.02616279069767442,0.004568106312292359,0.038621262458471764,0.0004152823920265781,0.0033222591362126247,0.0012458471760797341,0.0029069767441860465,0.005398671096345515,0.0,0.0016611295681063123,0.0004152823920265781,0.0049833887043189366,0.003737541528239203,0.0004152823920265781,0.0004152823920265781,0.004152823920265781,0.01079734219269103,0.0004152823920265781,0.006644518272425249,0.003737541528239203,0.0008305647840531562,0.0029069767441860465,0.0049833887043189366,0.0004152823920265781,0.0008305647840531562,0.004152823920265781,0.0070598006644518275,0.0070598006644518275,0.0,0.01079734219269103,0.020348837209302327,0.0012458471760797341,0.0004152823920265781,0.013289036544850499,0.0033222591362126247,0.0016611295681063123,0.0033222591362126247,0.0049833887043189366,0.0012458471760797341,0.003737541528239203,0.009966777408637873,0.0008305647840531562,0.0012458471760797341,0.0008305647840531562,0.006229235880398671,0.0008305647840531562,0.006644518272425249,0.0029069767441860465,0.0004152823920265781,0.0008305647840531562,0.0004152823920265781,0.014119601328903655,0.0,0.0016611295681063123,0.005398671096345515,0.006644518272425249,0.0008305647840531562,0.0033222591362126247,0.0004152823920265781,0.0,0.0008305647840531562,0.0,0.0004152823920265781,0.0020764119601328905,0.0008305647840531562,0.0008305647840531562,0.0004152823920265781,0.0,0.0,0.0,0.0020764119601328905,0.0,0.0,0.0,0.0012458471760797341,0.0008305647840531562,0.0,0.0008305647840531562,0.0004152823920265781,0.0,0.0004152823920265781,0.003737541528239203,0.0008305647840531562,0.0,0.0,0.0012458471760797341,0.0,0.0012458471760797341,0.004152823920265781,0.0,0.0,0.0012458471760797341,0.0008305647840531562,0.0,0.0012458471760797341,0.0008305647840531562,0.0,0.0012458471760797341,0.0012458471760797341,0.0012458471760797341,0.0004152823920265781,0.0008305647840531562,0.0,0.023255813953488372,0.0,0.0012458471760797341,0.0012458471760797341,0.0,0.0024916943521594683,0.0,0.0012458471760797341,0.0,0.0004152823920265781,0.0,0.0,0.0008305647840531562,0.0004152823920265781,0.0012458471760797341,0.0016611295681063123,0.0004152823920265781,0.0004152823920265781,0.0,0.0,0.0004152823920265781,0.0,0.0008305647840531562,0.0008305647840531562,0.0020764119601328905,0.004152823920265781,0.0004152823920265781,0.0012458471760797341,0.0004152823920265781,0.0004152823920265781,0.0,0.0,0.0,0.0,0.0,0.0,0.0,0.0,0.0,0.0004152823920265781,0.0,0.0,0.0,0.0,0.0,0.0,0.0004152823920265781,0.0004152823920265781,0.0012458471760797341,0.0,0.0,0.0,0.0,0.0,0.0,0.0,0.0,0.0,0.0,0.0024916943521594683,0.0020764119601328905,0.0,0.0,0.0,0.0,0.0,0.0,0.0,0.0,0.0,0.0,0.0,0.0,0.0,0.0,0.0,0.0,0.0,0.0,0.0,0.0,0.0,0.0,lenin
lenin_tolstoy_kak_zerkalo_rev.txt,0.0018072289156626507,0.0,0.004216867469879518,0.006626506024096385,0.010843373493975903,0.0024096385542168677,0.025903614457831327,0.015060240963855422,0.09698795180722891,0.014457831325301205,0.004819277108433735,0.00963855421686747,0.006024096385542169,0.012650602409638554,0.006626506024096385,0.0036144578313253013,0.012650602409638554,0.0030120481927710845,0.0036144578313253013,0.013855421686746987,0.01325301204819277,0.0036144578313253013,0.004216867469879518,0.01325301204819277,0.0024096385542168677,0.0030120481927710845,0.01927710843373494,0.00783132530120482,0.022289156626506025,0.10361445783132531,0.0,0.0006024096385542169,0.014457831325301205,0.0036144578313253013,0.0012048192771084338,0.0036144578313253013,0.012048192771084338,0.008433734939759036,0.006024096385542169,0.0006024096385542169,0.00783132530120482,0.024096385542168676,0.028313253012048192,0.0,0.0006024096385542169,0.015060240963855422,0.01144578313253012,0.0036144578313253013,0.004819277108433735,0.0024096385542168677,0.005421686746987952,0.00963855421686747,0.04759036144578313,0.02108433734939759,0.013855421686746987,0.0006024096385542169,0.0,0.012048192771084338,0.0036144578313253013,0.03855421686746988,0.0,0.0024096385542168677,0.0018072289156626507,0.0018072289156626507,0.0,0.0018072289156626507,0.0018072289156626507,0.0,0.0036144578313253013,0.0030120481927710845,0.0006024096385542169,0.005421686746987952,0.0024096385542168677,0.009036144578313253,0.0006024096385542169,0.004216867469879518,0.0036144578313253013,0.0030120481927710845,0.005421686746987952,0.004216867469879518,0.0,0.0018072289156626507,0.0024096385542168677,0.005421686746987952,0.0030120481927710845,0.0006024096385542169,0.01927710843373494,0.020481927710843374,0.0006024096385542169,0.0024096385542168677,0.018072289156626505,0.005421686746987952,0.0006024096385542169,0.0018072289156626507,0.0030120481927710845,0.0012048192771084338,0.0,0.0006024096385542169,0.0018072289156626507,0.0,0.0006024096385542169,0.006024096385542169,0.0012048192771084338,0.0030120481927710845,0.0012048192771084338,0.0,0.0,0.0,0.023493975903614458,0.0006024096385542169,0.0024096385542168677,0.00783132530120482,0.015060240963855422,0.0006024096385542169,0.0,0.0012048192771084338,0.0,0.0006024096385542169,0.0,0.0006024096385542169,0.0012048192771084338,0.0006024096385542169,0.0,0.004216867469879518,0.0006024096385542169,0.0,0.0,0.0018072289156626507,0.0,0.0,0.0006024096385542169,0.0012048192771084338,0.0,0.0006024096385542169,0.0012048192771084338,0.0,0.0,0.0,0.0,0.0024096385542168677,0.0,0.0,0.0006024096385542169,0.0,0.0006024096385542169,0.0012048192771084338,0.0,0.0,0.0018072289156626507,0.0,0.0,0.0012048192771084338,0.0012048192771084338,0.0,0.0,0.0006024096385542169,0.0,0.0006024096385542169,0.0,0.0,0.006626506024096385,0.0,0.0012048192771084338,0.0006024096385542169,0.0,0.0012048192771084338,0.0,0.0,0.0006024096385542169,0.0006024096385542169,0.0,0.0006024096385542169,0.0006024096385542169,0.0,0.0,0.0018072289156626507,0.0,0.0,0.0,0.0,0.0012048192771084338,0.0,0.0,0.0,0.0,0.0018072289156626507,0.0,0.0,0.0,0.0,0.0,0.0,0.0,0.0,0.0,0.0,0.0012048192771084338,0.0,0.0,0.0006024096385542169,0.0,0.0,0.0,0.0,0.0,0.0,0.0006024096385542169,0.0006024096385542169,0.0,0.0,0.0,0.0,0.0,0.0,0.0,0.0006024096385542169,0.0,0.0,0.0,0.0,0.0,0.0,0.0,0.0,0.0,0.0,0.0,0.0006024096385542169,0.0,0.0,0.0,0.0,0.0,0.0,0.0,0.0,0.0,0.0,0.0,0.0,0.0,0.0,0.0,lenin
lenin_tostoy_i_ego_epoha.txt,0.005562422744128554,0.001854140914709518,0.006180469715698393,0.014833127317676144,0.0315203955500618,0.004944375772558714,0.022867737948084055,0.0173053152039555,0.06551297898640297,0.014833127317676144,0.004944375772558714,0.003708281829419036,0.006798516687268232,0.014833127317676144,0.009270704573547589,0.003708281829419036,0.006798516687268232,0.003708281829419036,0.0030902348578491965,0.023485784919653894,0.012978986402966625,0.003708281829419036,0.012360939431396786,0.008034610630407911,0.0,0.0012360939431396785,0.009888751545117428,0.009270704573547589,0.022867737948084055,0.09023485784919653,0.0012360939431396785,0.0,0.015451174289245983,0.0030902348578491965,0.005562422744128554,0.0012360939431396785,0.008034610630407911,0.010506798516687269,0.003708281829419036,0.0006180469715698393,0.010506798516687269,0.02595797280593325,0.014833127317676144,0.0,0.0006180469715698393,0.019159456118665017,0.016069221260815822,0.002472187886279357,0.0030902348578491965,0.001854140914709518,0.001854140914709518,0.006180469715698393,0.027194066749072928,0.022867737948084055,0.012978986402966625,0.0,0.0006180469715698393,0.04388133498145859,0.001854140914709518,0.018541409147095178,0.0,0.002472187886279357,0.0012360939431396785,0.0006180469715698393,0.001854140914709518,0.0030902348578491965,0.001854140914709518,0.002472187886279357,0.002472187886279357,0.001854140914709518,0.0012360939431396785,0.0012360939431396785,0.001854140914709518,0.008034610630407911,0.002472187886279357,0.003708281829419036,0.0030902348578491965,0.0030902348578491965,0.0012360939431396785,0.003708281829419036,0.0006180469715698393,0.0030902348578491965,0.0012360939431396785,0.007416563658838072,0.002472187886279357,0.0,0.004944375772558714,0.022249690976514216,0.001854140914709518,0.0012360939431396785,0.021631644004944377,0.004944375772558714,0.0,0.0006180469715698393,0.004326328800988875,0.0012360939431396785,0.011124845488257108,0.004944375772558714,0.001854140914709518,0.0,0.0006180469715698393,0.001854140914709518,0.002472187886279357,0.006180469715698393,0.002472187886279357,0.0,0.0,0.0,0.010506798516687269,0.0012360939431396785,0.0012360939431396785,0.009888751545117428,0.010506798516687269,0.0,0.004326328800988875,0.0012360939431396785,0.0,0.0,0.0006180469715698393,0.0006180469715698393,0.0,0.0006180469715698393,0.0006180469715698393,0.001854140914709518,0.0,0.0,0.002472187886279357,0.001854140914709518,0.0,0.0,0.002472187886279357,0.0006180469715698393,0.0012360939431396785,0.004326328800988875,0.0006180469715698393,0.0006180469715698393,0.0,0.0,0.0030902348578491965,0.0006180469715698393,0.0,0.001854140914709518,0.0012360939431396785,0.0,0.0030902348578491965,0.0030902348578491965,0.0012360939431396785,0.0012360939431396785,0.001854140914709518,0.0006180469715698393,0.0,0.0012360939431396785,0.0006180469715698393,0.0,0.0,0.0,0.0006180469715698393,0.0006180469715698393,0.0,0.004944375772558714,0.005562422744128554,0.0,0.0,0.001854140914709518,0.0,0.007416563658838072,0.0012360939431396785,0.0006180469715698393,0.001854140914709518,0.0006180469715698393,0.0,0.0030902348578491965,0.0006180469715698393,0.0006180469715698393,0.0,0.0030902348578491965,0.0,0.0,0.0,0.0,0.0,0.0,0.0,0.0006180469715698393,0.002472187886279357,0.003708281829419036,0.0,0.0012360939431396785,0.0,0.002472187886279357,0.0,0.0,0.0,0.0,0.0,0.0,0.0,0.0006180469715698393,0.0,0.0,0.0,0.0006180469715698393,0.0,0.0,0.0006180469715698393,0.0,0.0,0.0,0.001854140914709518,0.0,0.0,0.0,0.0,0.0,0.0,0.0,0.0,0.0,0.0,0.0,0.0,0.0,0.0,0.0,0.0006180469715698393,0.0,0.0,0.0,0.0,0.0,0.0,0.0006180469715698393,0.0,0.0,0.0,0.0,0.0,0.0,0.0,0.0,0.0,0.0,0.0,lenin
lenin_tsennoe_priznanie_I.txt,0.0047430830039525695,0.0003952569169960474,0.0,0.005533596837944664,0.0071146245059288534,0.0003952569169960474,0.02727272727272727,0.014229249011857707,0.07312252964426877,0.024110671936758893,0.005138339920948616,0.005533596837944664,0.010276679841897233,0.015810276679841896,0.009486166007905139,0.005533596837944664,0.011857707509881422,0.002766798418972332,0.006324110671936759,0.018972332015810278,0.020553359683794466,0.0015810276679841897,0.009881422924901186,0.009881422924901186,0.0003952569169960474,0.005533596837944664,0.020948616600790514,0.010671936758893281,0.01857707509881423,0.10039525691699605,0.0,0.0003952569169960474,0.011857707509881422,0.0047430830039525695,0.005928853754940711,0.0031620553359683794,0.0067193675889328066,0.005928853754940711,0.004347826086956522,0.0015810276679841897,0.0071146245059288534,0.020553359683794466,0.01699604743083004,0.002766798418972332,0.0007905138339920949,0.014229249011857707,0.02015810276679842,0.001976284584980237,0.001976284584980237,0.004347826086956522,0.0047430830039525695,0.013043478260869565,0.030039525691699605,0.02727272727272727,0.019762845849802372,0.0007905138339920949,0.0,0.032015810276679844,0.0047430830039525695,0.03992094861660079,0.0003952569169960474,0.003952569169960474,0.0,0.0007905138339920949,0.0023715415019762848,0.0003952569169960474,0.0035573122529644267,0.0007905138339920949,0.005138339920948616,0.0035573122529644267,0.0003952569169960474,0.0035573122529644267,0.0035573122529644267,0.009881422924901186,0.0011857707509881424,0.001976284584980237,0.0031620553359683794,0.0003952569169960474,0.001976284584980237,0.0047430830039525695,0.0011857707509881424,0.0007905138339920949,0.002766798418972332,0.006324110671936759,0.003952569169960474,0.0,0.010276679841897233,0.025296442687747035,0.0,0.001976284584980237,0.01225296442687747,0.0031620553359683794,0.0,0.003952569169960474,0.0071146245059288534,0.002766798418972332,0.0031620553359683794,0.0015810276679841897,0.0015810276679841897,0.0003952569169960474,0.0007905138339920949,0.0067193675889328066,0.0,0.004347826086956522,0.0015810276679841897,0.0,0.0,0.0,0.015810276679841896,0.0,0.004347826086956522,0.007905138339920948,0.011067193675889328,0.0003952569169960474,0.002766798418972332,0.0007905138339920949,0.0,0.0,0.0,0.0003952569169960474,0.0011857707509881424,0.0011857707509881424,0.0011857707509881424,0.001976284584980237,0.0007905138339920949,0.0,0.0015810276679841897,0.0003952569169960474,0.0,0.0,0.0003952569169960474,0.0,0.0,0.0,0.0,0.0007905138339920949,0.0,0.0,0.0,0.004347826086956522,0.0,0.0,0.0015810276679841897,0.0003952569169960474,0.0007905138339920949,0.004347826086956522,0.0,0.0,0.0011857707509881424,0.0011857707509881424,0.0,0.0,0.0003952569169960474,0.0007905138339920949,0.0007905138339920949,0.0015810276679841897,0.0003952569169960474,0.0,0.0,0.0003952569169960474,0.0003952569169960474,0.0,0.0011857707509881424,0.0,0.0,0.0031620553359683794,0.0003952569169960474,0.0,0.0,0.0015810276679841897,0.0,0.0003952569169960474,0.0003952569169960474,0.0007905138339920949,0.0,0.0,0.0,0.0003952569169960474,0.0,0.0,0.0,0.0,0.0,0.0011857707509881424,0.001976284584980237,0.002766798418972332,0.0003952569169960474,0.0011857707509881424,0.0003952569169960474,0.0,0.0,0.0003952569169960474,0.0003952569169960474,0.0,0.0,0.0,0.0,0.0,0.0,0.0,0.0,0.0,0.0003952569169960474,0.0,0.0,0.0,0.0007905138339920949,0.0007905138339920949,0.0007905138339920949,0.0,0.0,0.0,0.0,0.0,0.0,0.0,0.0,0.0,0.0,0.0,0.0,0.0,0.0,0.0,0.0,0.0,0.0,0.0,0.0,0.0,0.0,0.0,0.0,0.0,0.0,0.0,0.0,0.0,0.0,0.0,0.0,0.0,0.0,lenin
lenin_zadachi_rev_molodezhy.txt,0.0018963337547408343,0.00021070375052675939,0.00021070375052675939,0.006110408765276022,0.005689001264222503,0.001053518752633797,0.023177412557943533,0.022123893805309734,0.07964601769911504,0.012852928782132322,0.0067425200168563,0.011167298777918246,0.013063632532659082,0.018120522545301308,0.005689001264222503,0.004635482511588706,0.012431521281078804,0.001685630004214075,0.004003371260008428,0.013695743784239359,0.014959966287399916,0.002317741255794353,0.005689001264222503,0.00990307627475769,0.00042140750105351877,0.0058997050147492625,0.018120522545301308,0.012431521281078804,0.021913190054782976,0.09081331647703329,0.00021070375052675939,0.0008428150021070375,0.014959966287399916,0.0037926675094816687,0.005267593763168985,0.0014749262536873156,0.011167298777918246,0.009060261272650654,0.00969237252423093,0.0008428150021070375,0.007796038769490097,0.03013063632532659,0.022123893805309734,0.0014749262536873156,0.0014749262536873156,0.017909818794774546,0.01706700379266751,0.002739148756847872,0.0037926675094816687,0.0018963337547408343,0.006110408765276022,0.00969237252423093,0.044669195111672985,0.020227560050568902,0.01032448377581121,0.0012642225031605564,0.0,0.02423093131057733,0.0018963337547408343,0.029498525073746312,0.00021070375052675939,0.002107037505267594,0.00042140750105351877,0.002107037505267594,0.001685630004214075,0.0008428150021070375,0.0006321112515802782,0.00042140750105351877,0.004424778761061947,0.002317741255794353,0.0014749262536873156,0.0025284450063211127,0.0025284450063211127,0.011378002528445006,0.00042140750105351877,0.004003371260008428,0.0037926675094816687,0.00042140750105351877,0.002317741255794353,0.00695322376738306,0.0025284450063211127,0.001053518752633797,0.004424778761061947,0.00695322376738306,0.002739148756847872,0.002107037505267594,0.014117151285292878,0.016224188790560472,0.00021070375052675939,0.0031605562579013905,0.01980615254951538,0.004635482511588706,0.0006321112515802782,0.0018963337547408343,0.004424778761061947,0.0029498525073746312,0.001685630004214075,0.00042140750105351877,0.0006321112515802782,0.0008428150021070375,0.00042140750105351877,0.00969237252423093,0.00042140750105351877,0.004635482511588706,0.0029498525073746312,0.0,0.00021070375052675939,0.0,0.015592077538980193,0.0,0.001053518752633797,0.011799410029498525,0.009481668773704172,0.0008428150021070375,0.0037926675094816687,0.001053518752633797,0.00042140750105351877,0.001053518752633797,0.00021070375052675939,0.0006321112515802782,0.00042140750105351877,0.0006321112515802782,0.00021070375052675939,0.002317741255794353,0.0006321112515802782,0.0,0.00042140750105351877,0.0018963337547408343,0.00042140750105351877,0.00021070375052675939,0.00021070375052675939,0.0008428150021070375,0.00021070375052675939,0.0,0.00042140750105351877,0.00042140750105351877,0.00021070375052675939,0.0,0.0037926675094816687,0.0025284450063211127,0.00021070375052675939,0.00042140750105351877,0.001685630004214075,0.0,0.00021070375052675939,0.002317741255794353,0.001053518752633797,0.00042140750105351877,0.0008428150021070375,0.001053518752633797,0.0,0.001053518752633797,0.0006321112515802782,0.00042140750105351877,0.0,0.0012642225031605564,0.0014749262536873156,0.0,0.00021070375052675939,0.00042140750105351877,0.002317741255794353,0.0,0.00021070375052675939,0.0018963337547408343,0.00021070375052675939,0.0029498525073746312,0.0,0.0006321112515802782,0.0,0.0,0.0,0.00021070375052675939,0.00021070375052675939,0.00021070375052675939,0.0,0.0,0.0,0.00042140750105351877,0.0,0.0,0.00021070375052675939,0.0,0.00021070375052675939,0.0006321112515802782,0.001053518752633797,0.001053518752633797,0.00042140750105351877,0.0018963337547408343,0.0,0.0,0.00021070375052675939,0.00021070375052675939,0.0,0.0,0.0,0.0,0.00021070375052675939,0.0,0.0,0.00042140750105351877,0.0,0.00021070375052675939,0.00042140750105351877,0.0,0.00042140750105351877,0.00042140750105351877,0.0008428150021070375,0.0008428150021070375,0.0,0.0,0.0,0.00021070375052675939,0.0,0.0,0.0,0.0,0.0,0.00042140750105351877,0.0008428150021070375,0.002317741255794353,0.0012642225031605564,0.0,0.0,0.0,0.0,0.0,0.0,0.0,0.0,0.0,0.0,0.0,0.0,0.00021070375052675939,0.0,0.0,0.00042140750105351877,0.0,0.0,0.00042140750105351877,0.0,0.00021070375052675939,0.0,lenin
lenin_zemsk_kampania_iskra.txt,0.0011605977078195271,0.0005802988539097636,0.0007253735673872045,0.006528362106484839,0.008414333381691572,0.0031916436965036994,0.033947482953721166,0.018569563325112434,0.07645437400261135,0.01653851733642826,0.008704482808646453,0.005367764398665312,0.006963586246917162,0.016828666763383144,0.007834034527781808,0.005948063252575076,0.013491948353402002,0.0015958218482518497,0.005077614971710431,0.013056724212969679,0.013637023066879443,0.002756419556071377,0.007979109241259249,0.012331350645582474,0.0004352241404323226,0.002611344842593936,0.01784418975772523,0.011460902364717829,0.023937327723777744,0.09473378790076889,0.0001450747134774409,0.0005802988539097636,0.012476425359059917,0.006673436819962281,0.004497316117800667,0.0031916436965036994,0.006963586246917162,0.007398810387349485,0.006818511533439721,0.0010155229943420861,0.010445379370375743,0.020745684027274044,0.02654867256637168,0.0008704482808646452,0.0010155229943420861,0.013782097780356883,0.018424488611634992,0.0021761207021616133,0.0043522414043232266,0.004787465544755549,0.005657913825620194,0.008704482808646453,0.038734948498476716,0.018714638038589873,0.01929493689249964,0.0004352241404323226,0.0,0.026693747279849123,0.002901494269548818,0.043087189902799944,0.0,0.0031916436965036994,0.0004352241404323226,0.0021761207021616133,0.003917017263890904,0.002611344842593936,0.001305672421296968,0.0010155229943420861,0.003771942550413463,0.0023211954156390543,0.0005802988539097636,0.001305672421296968,0.002756419556071377,0.009720005802988539,0.001305672421296968,0.004497316117800667,0.00493254025823299,0.0011605977078195271,0.0040620919773683446,0.0031916436965036994,0.0005802988539097636,0.003626867836936022,0.003917017263890904,0.008414333381691572,0.005512839112142754,0.0004352241404323226,0.007543885100826926,0.015232844915131293,0.0010155229943420861,0.0017408965617292905,0.007543885100826926,0.0046423908312781086,0.0020310459886841723,0.002611344842593936,0.006238212679529958,0.0015958218482518497,0.004497316117800667,0.0004352241404323226,0.001305672421296968,0.0015958218482518497,0.0005802988539097636,0.0046423908312781086,0.0007253735673872045,0.002611344842593936,0.0011605977078195271,0.0,0.0,0.0,0.013637023066879443,0.0005802988539097636,0.002466270129116495,0.007834034527781808,0.009284781662556217,0.0008704482808646452,0.001450747134774409,0.0017408965617292905,0.0002901494269548818,0.0015958218482518497,0.0004352241404323226,0.0001450747134774409,0.001305672421296968,0.0,0.0007253735673872045,0.0011605977078195271,0.0001450747134774409,0.0,0.0005802988539097636,0.001305672421296968,0.0,0.0001450747134774409,0.0008704482808646452,0.0015958218482518497,0.0001450747134774409,0.0001450747134774409,0.0001450747134774409,0.0005802988539097636,0.0,0.0,0.0007253735673872045,0.002466270129116495,0.0005802988539097636,0.0007253735673872045,0.0020310459886841723,0.0002901494269548818,0.0017408965617292905,0.0031916436965036994,0.0005802988539097636,0.0002901494269548818,0.0020310459886841723,0.0018859712752067315,0.001305672421296968,0.001450747134774409,0.0005802988539097636,0.0002901494269548818,0.0,0.0004352241404323226,0.0008704482808646452,0.0004352241404323226,0.0001450747134774409,0.0020310459886841723,0.0020310459886841723,0.0,0.0002901494269548818,0.0002901494269548818,0.0002901494269548818,0.0021761207021616133,0.0001450747134774409,0.0008704482808646452,0.0002901494269548818,0.0001450747134774409,0.0001450747134774409,0.0004352241404323226,0.0005802988539097636,0.0002901494269548818,0.001305672421296968,0.0001450747134774409,0.0,0.0008704482808646452,0.0,0.0,0.002901494269548818,0.0,0.0,0.0007253735673872045,0.001305672421296968,0.0021761207021616133,0.0004352241404323226,0.001450747134774409,0.0001450747134774409,0.0,0.0,0.0,0.0001450747134774409,0.0,0.0001450747134774409,0.0002901494269548818,0.0004352241404323226,0.0001450747134774409,0.0,0.0001450747134774409,0.0,0.0,0.0004352241404323226,0.0002901494269548818,0.0,0.0002901494269548818,0.0001450747134774409,0.0001450747134774409,0.0,0.0,0.0,0.0,0.0004352241404323226,0.0,0.0,0.0,0.0001450747134774409,0.0,0.0002901494269548818,0.0002901494269548818,0.0,0.0,0.0010155229943420861,0.0007253735673872045,0.0002901494269548818,0.0010155229943420861,0.0001450747134774409,0.0,0.0,0.0,0.0,0.0,0.0,0.0,0.0,0.0,0.0,0.0,0.0,0.0,0.0,0.0,0.0,lenin
martov_borba_za_svobodu_I.txt,0.0002457002457002457,0.0002457002457002457,0.0002457002457002457,0.0031941031941031942,0.006142506142506142,0.0009828009828009828,0.03022113022113022,0.01891891891891892,0.08353808353808354,0.0171990171990172,0.0036855036855036856,0.0036855036855036856,0.004176904176904177,0.019901719901719902,0.011302211302211302,0.0022113022113022115,0.007616707616707617,0.0004914004914004914,0.002702702702702703,0.014496314496314496,0.013267813267813268,0.0019656019656019656,0.010565110565110565,0.011056511056511056,0.0012285012285012285,0.0017199017199017199,0.016707616707616706,0.011547911547911549,0.022113022113022112,0.10245700245700246,0.0,0.0,0.01203931203931204,0.007371007371007371,0.004668304668304668,0.005159705159705159,0.010319410319410319,0.012776412776412777,0.0029484029484029483,0.0002457002457002457,0.012285012285012284,0.0285012285012285,0.02506142506142506,0.0002457002457002457,0.0004914004914004914,0.015724815724815724,0.020884520884520884,0.0022113022113022115,0.005159705159705159,0.0029484029484029483,0.005896805896805897,0.00909090909090909,0.033169533169533166,0.020884520884520884,0.01818181818181818,0.0002457002457002457,0.0,0.031203931203931203,0.0029484029484029483,0.03415233415233415,0.0,0.0031941031941031942,0.0012285012285012285,0.0022113022113022115,0.0031941031941031942,0.0012285012285012285,0.0022113022113022115,0.0012285012285012285,0.004668304668304668,0.0012285012285012285,0.0002457002457002457,0.0014742014742014742,0.0022113022113022115,0.011302211302211302,0.0009828009828009828,0.0031941031941031942,0.0034398034398034397,0.0004914004914004914,0.003931203931203931,0.0034398034398034397,0.0014742014742014742,0.0007371007371007371,0.002457002457002457,0.006633906633906634,0.002702702702702703,0.0002457002457002457,0.007862407862407862,0.022604422604422605,0.0007371007371007371,0.0014742014742014742,0.013513513513513514,0.007371007371007371,0.0019656019656019656,0.0029484029484029483,0.0085995085995086,0.0029484029484029483,0.0017199017199017199,0.0004914004914004914,0.0014742014742014742,0.0004914004914004914,0.0002457002457002457,0.004422604422604423,0.0004914004914004914,0.004176904176904177,0.0029484029484029483,0.0002457002457002457,0.0017199017199017199,0.0002457002457002457,0.012285012285012284,0.0007371007371007371,0.0036855036855036856,0.004914004914004914,0.0068796068796068794,0.0017199017199017199,0.006142506142506142,0.0009828009828009828,0.0002457002457002457,0.0009828009828009828,0.0009828009828009828,0.0002457002457002457,0.0009828009828009828,0.0019656019656019656,0.0,0.0019656019656019656,0.0,0.0,0.0007371007371007371,0.0029484029484029483,0.0002457002457002457,0.0002457002457002457,0.0,0.0004914004914004914,0.0007371007371007371,0.0004914004914004914,0.0002457002457002457,0.0002457002457002457,0.0002457002457002457,0.0002457002457002457,0.0017199017199017199,0.0004914004914004914,0.0,0.0014742014742014742,0.0009828009828009828,0.0,0.0002457002457002457,0.0014742014742014742,0.0002457002457002457,0.0004914004914004914,0.0002457002457002457,0.002457002457002457,0.0,0.0012285012285012285,0.0014742014742014742,0.0022113022113022115,0.0002457002457002457,0.0009828009828009828,0.0012285012285012285,0.0,0.0012285012285012285,0.0004914004914004914,0.0019656019656019656,0.0002457002457002457,0.0009828009828009828,0.0002457002457002457,0.0002457002457002457,0.005159705159705159,0.0,0.0007371007371007371,0.0,0.0,0.0,0.0007371007371007371,0.0,0.0007371007371007371,0.0004914004914004914,0.0,0.0004914004914004914,0.0004914004914004914,0.0,0.0,0.0,0.0,0.0002457002457002457,0.0012285012285012285,0.003931203931203931,0.0012285012285012285,0.0004914004914004914,0.0014742014742014742,0.0,0.0,0.0,0.0004914004914004914,0.0009828009828009828,0.0002457002457002457,0.0,0.0,0.0,0.0,0.0,0.0002457002457002457,0.0002457002457002457,0.0,0.0,0.0002457002457002457,0.0002457002457002457,0.0,0.0007371007371007371,0.0007371007371007371,0.0,0.0,0.0,0.0,0.0,0.0,0.0,0.0,0.0004914004914004914,0.0,0.0,0.0,0.0,0.0,0.0,0.0,0.0,0.0,0.0,0.0,0.0,0.0,0.0,0.0,0.0,0.0,0.0002457002457002457,0.0002457002457002457,0.0,0.0,0.0,0.0,0.0,0.0,0.0,martov
martov_boykot_dumy_i_rev_samoupravlenie_I.txt,0.001941747572815534,0.000970873786407767,0.000970873786407767,0.005242718446601942,0.006990291262135922,0.000970873786407767,0.026601941747572817,0.01825242718446602,0.062135922330097085,0.017475728155339806,0.005242718446601942,0.005048543689320388,0.013398058252427184,0.01825242718446602,0.00912621359223301,0.003883495145631068,0.013980582524271845,0.0011650485436893205,0.0033009708737864077,0.021941747572815536,0.014757281553398059,0.002330097087378641,0.009708737864077669,0.01262135922330097,0.0005825242718446602,0.004466019417475728,0.020388349514563107,0.012815533980582524,0.02330097087378641,0.09883495145631067,0.0005825242718446602,0.0001941747572815534,0.016116504854368933,0.006407766990291262,0.0017475728155339806,0.004077669902912621,0.006990291262135922,0.006213592233009709,0.007378640776699029,0.0021359223300970874,0.014368932038834952,0.03514563106796117,0.017475728155339806,0.0007766990291262136,0.000970873786407767,0.01650485436893204,0.024854368932038837,0.002524271844660194,0.004466019417475728,0.0031067961165048546,0.00854368932038835,0.00854368932038835,0.029320388349514562,0.025631067961165047,0.01825242718446602,0.0005825242718446602,0.0003883495145631068,0.027766990291262134,0.0017475728155339806,0.0341747572815534,0.0001941747572815534,0.0017475728155339806,0.0011650485436893205,0.0031067961165048546,0.005825242718446602,0.0027184466019417475,0.002330097087378641,0.0007766990291262136,0.005436893203883495,0.003495145631067961,0.0001941747572815534,0.0021359223300970874,0.0027184466019417475,0.011262135922330097,0.0013592233009708738,0.0031067961165048546,0.0027184466019417475,0.0003883495145631068,0.0036893203883495147,0.002912621359223301,0.0013592233009708738,0.000970873786407767,0.001941747572815534,0.005631067961165049,0.002912621359223301,0.0003883495145631068,0.0048543689320388345,0.018446601941747572,0.0005825242718446602,0.004077669902912621,0.012038834951456311,0.003883495145631068,0.0007766990291262136,0.0021359223300970874,0.008932038834951457,0.0031067961165048546,0.0033009708737864077,0.0007766990291262136,0.0017475728155339806,0.0017475728155339806,0.0001941747572815534,0.0011650485436893205,0.0003883495145631068,0.003495145631067961,0.003495145631067961,0.0,0.0,0.0,0.00912621359223301,0.0003883495145631068,0.003495145631067961,0.006019417475728156,0.007572815533980583,0.0011650485436893205,0.004660194174757282,0.0021359223300970874,0.0005825242718446602,0.0007766990291262136,0.000970873786407767,0.0,0.0015533980582524273,0.000970873786407767,0.0001941747572815534,0.0015533980582524273,0.000970873786407767,0.0,0.000970873786407767,0.0007766990291262136,0.0,0.0,0.0,0.0017475728155339806,0.0,0.0,0.0003883495145631068,0.0001941747572815534,0.0001941747572815534,0.0,0.0005825242718446602,0.000970873786407767,0.0001941747572815534,0.0003883495145631068,0.0021359223300970874,0.0,0.0005825242718446602,0.001941747572815534,0.0013592233009708738,0.0001941747572815534,0.0003883495145631068,0.0011650485436893205,0.0,0.0015533980582524273,0.0011650485436893205,0.000970873786407767,0.0,0.0013592233009708738,0.0005825242718446602,0.0,0.0003883495145631068,0.0011650485436893205,0.002524271844660194,0.0,0.0005825242718446602,0.0011650485436893205,0.0005825242718446602,0.004660194174757282,0.0,0.0003883495145631068,0.0003883495145631068,0.0003883495145631068,0.0001941747572815534,0.000970873786407767,0.0001941747572815534,0.0003883495145631068,0.0003883495145631068,0.0005825242718446602,0.0,0.000970873786407767,0.0,0.0,0.0001941747572815534,0.0,0.0,0.0005825242718446602,0.003495145631067961,0.002330097087378641,0.0005825242718446602,0.0003883495145631068,0.0,0.0,0.0,0.0,0.0,0.0003883495145631068,0.0,0.0,0.0,0.0,0.0,0.0,0.0,0.0003883495145631068,0.0001941747572815534,0.0001941747572815534,0.0,0.0,0.0011650485436893205,0.0011650485436893205,0.0,0.0,0.0001941747572815534,0.0,0.0,0.0,0.0,0.0003883495145631068,0.0,0.0003883495145631068,0.0,0.0001941747572815534,0.0,0.0,0.0,0.0,0.0,0.0001941747572815534,0.0,0.0,0.0,0.0,0.0,0.0,0.0,0.0,0.0,0.0,0.0,0.0,0.0,0.0,0.0,0.0,0.0,martov
martov_demokraty_ponevole_I.txt,0.0015822784810126582,0.0015822784810126582,0.0031645569620253164,0.011603375527426161,0.008438818565400843,0.0010548523206751054,0.017932489451476793,0.013713080168776372,0.0580168776371308,0.021624472573839662,0.0031645569620253164,0.0010548523206751054,0.00949367088607595,0.012130801687763712,0.014240506329113924,0.002109704641350211,0.006856540084388186,0.0015822784810126582,0.0031645569620253164,0.027953586497890294,0.014240506329113924,0.0010548523206751054,0.012130801687763712,0.020042194092827006,0.0005274261603375527,0.0015822784810126582,0.022151898734177215,0.012658227848101266,0.0290084388185654,0.08333333333333333,0.0005274261603375527,0.0005274261603375527,0.011603375527426161,0.004219409282700422,0.0015822784810126582,0.003691983122362869,0.006856540084388186,0.006329113924050633,0.0058016877637130804,0.0031645569620253164,0.02267932489451477,0.024789029535864978,0.014767932489451477,0.0005274261603375527,0.0,0.012130801687763712,0.029535864978902954,0.003691983122362869,0.0015822784810126582,0.0026371308016877636,0.008966244725738396,0.00949367088607595,0.035864978902953586,0.019514767932489453,0.0189873417721519,0.0,0.0,0.030063291139240507,0.002109704641350211,0.024261603375527425,0.0005274261603375527,0.002109704641350211,0.003691983122362869,0.003691983122362869,0.007911392405063292,0.0031645569620253164,0.003691983122362869,0.0015822784810126582,0.004746835443037975,0.0005274261603375527,0.0005274261603375527,0.0010548523206751054,0.010548523206751054,0.015822784810126583,0.002109704641350211,0.0010548523206751054,0.0010548523206751054,0.0005274261603375527,0.0031645569620253164,0.006329113924050633,0.005274261603375527,0.0010548523206751054,0.0058016877637130804,0.006329113924050633,0.002109704641350211,0.0,0.004219409282700422,0.018459915611814346,0.0026371308016877636,0.004746835443037975,0.010548523206751054,0.003691983122362869,0.002109704641350211,0.0015822784810126582,0.007911392405063292,0.002109704641350211,0.006329113924050633,0.003691983122362869,0.0005274261603375527,0.002109704641350211,0.0010548523206751054,0.0026371308016877636,0.0,0.004219409282700422,0.003691983122362869,0.0,0.0010548523206751054,0.0,0.0058016877637130804,0.0,0.006329113924050633,0.0031645569620253164,0.004219409282700422,0.0005274261603375527,0.0026371308016877636,0.0005274261603375527,0.0,0.002109704641350211,0.0,0.0005274261603375527,0.0015822784810126582,0.0026371308016877636,0.0,0.0005274261603375527,0.0005274261603375527,0.0,0.0010548523206751054,0.0,0.0,0.0,0.0,0.0015822784810126582,0.0005274261603375527,0.0010548523206751054,0.0,0.0,0.0,0.0,0.0005274261603375527,0.0031645569620253164,0.0,0.002109704641350211,0.0005274261603375527,0.0,0.0010548523206751054,0.0026371308016877636,0.0,0.0005274261603375527,0.0,0.0026371308016877636,0.0,0.0010548523206751054,0.0015822784810126582,0.003691983122362869,0.0005274261603375527,0.0005274261603375527,0.0010548523206751054,0.0,0.0,0.0026371308016877636,0.006856540084388186,0.0,0.0005274261603375527,0.0031645569620253164,0.0010548523206751054,0.0031645569620253164,0.0,0.0005274261603375527,0.0005274261603375527,0.0005274261603375527,0.0,0.0026371308016877636,0.0010548523206751054,0.0005274261603375527,0.0010548523206751054,0.0005274261603375527,0.0,0.0031645569620253164,0.0,0.0010548523206751054,0.0,0.0,0.0,0.0,0.0026371308016877636,0.0031645569620253164,0.0,0.002109704641350211,0.0,0.0,0.0005274261603375527,0.0005274261603375527,0.0,0.0,0.0,0.0,0.0010548523206751054,0.0,0.0,0.0,0.0010548523206751054,0.0005274261603375527,0.0,0.0,0.0,0.0,0.0,0.0,0.0,0.0,0.0,0.0,0.0,0.0,0.0,0.0,0.0,0.0,0.0,0.0005274261603375527,0.0,0.0,0.0,0.0,0.0,0.0,0.0,0.0,0.0,0.0,0.0,0.0,0.0005274261603375527,0.0,0.0,0.0,0.0,0.0,0.0,0.0005274261603375527,0.0,0.0,0.0,martov
martov_gibel_port_artura_I.txt,0.004029550033579583,0.0020147750167897917,0.01544660846205507,0.010073875083948958,0.011417058428475487,0.0033579583613163196,0.03223640026863667,0.02552048354600403,0.09200805910006717,0.019476158495634655,0.002686366689053056,0.000671591672263264,0.012760241773002015,0.0241773002014775,0.009402283411685695,0.004029550033579583,0.012760241773002015,0.000671591672263264,0.0033579583613163196,0.016118200134318333,0.010745466756212223,0.0020147750167897917,0.008730691739422432,0.010745466756212223,0.000671591672263264,0.006044325050369375,0.022834116856950974,0.012760241773002015,0.020147750167897917,0.09603760913364674,0.0,0.000671591672263264,0.012760241773002015,0.008059100067159167,0.0033579583613163196,0.005372733378106112,0.006715916722632639,0.008730691739422432,0.006715916722632639,0.0020147750167897917,0.011417058428475487,0.028206850235057087,0.029550033579583614,0.000671591672263264,0.002686366689053056,0.013431833445265278,0.017461383478844864,0.0047011417058428475,0.0020147750167897917,0.002686366689053056,0.002686366689053056,0.006715916722632639,0.03223640026863667,0.019476158495634655,0.0167897918065816,0.000671591672263264,0.0,0.008059100067159167,0.001343183344526528,0.039623908663532575,0.0,0.004029550033579583,0.000671591672263264,0.0,0.002686366689053056,0.002686366689053056,0.001343183344526528,0.001343183344526528,0.001343183344526528,0.001343183344526528,0.001343183344526528,0.001343183344526528,0.002686366689053056,0.006044325050369375,0.0,0.001343183344526528,0.002686366689053056,0.000671591672263264,0.004029550033579583,0.0020147750167897917,0.0,0.000671591672263264,0.001343183344526528,0.000671591672263264,0.0,0.0,0.006715916722632639,0.02552048354600403,0.0,0.0033579583613163196,0.012760241773002015,0.0033579583613163196,0.0,0.000671591672263264,0.006715916722632639,0.001343183344526528,0.001343183344526528,0.0047011417058428475,0.0,0.000671591672263264,0.0,0.006044325050369375,0.000671591672263264,0.0020147750167897917,0.0033579583613163196,0.0,0.000671591672263264,0.000671591672263264,0.014103425117528543,0.000671591672263264,0.0020147750167897917,0.0033579583613163196,0.011417058428475487,0.000671591672263264,0.0020147750167897917,0.0,0.0,0.0,0.000671591672263264,0.0,0.000671591672263264,0.000671591672263264,0.0,0.000671591672263264,0.000671591672263264,0.0,0.000671591672263264,0.001343183344526528,0.001343183344526528,0.000671591672263264,0.000671591672263264,0.000671591672263264,0.001343183344526528,0.0020147750167897917,0.0,0.0,0.000671591672263264,0.0,0.000671591672263264,0.000671591672263264,0.000671591672263264,0.000671591672263264,0.0033579583613163196,0.0,0.0,0.000671591672263264,0.000671591672263264,0.0,0.000671591672263264,0.0020147750167897917,0.0,0.0,0.000671591672263264,0.000671591672263264,0.0,0.000671591672263264,0.000671591672263264,0.0,0.000671591672263264,0.000671591672263264,0.011417058428475487,0.000671591672263264,0.000671591672263264,0.001343183344526528,0.0,0.004029550033579583,0.0,0.0,0.000671591672263264,0.001343183344526528,0.0,0.0020147750167897917,0.000671591672263264,0.0,0.0,0.0020147750167897917,0.0,0.0,0.0,0.0,0.0,0.0,0.000671591672263264,0.0,0.0,0.0,0.000671591672263264,0.000671591672263264,0.0,0.0,0.0,0.0,0.0,0.0,0.0,0.0,0.0,0.0,0.0,0.0,0.0,0.0,0.0,0.0,0.0,0.0,0.000671591672263264,0.000671591672263264,0.0,0.0,0.0,0.0,0.0,0.0,0.0,0.0,0.0,0.0,0.0,0.000671591672263264,0.000671591672263264,0.0,0.0,0.0,0.0,0.0,0.0,0.0,0.0,0.0,0.0,0.0,0.0,0.0,0.0,0.0,0.0,0.0,0.0,0.0,0.0,0.0,0.0,martov
martov_golod_idet_I.txt,0.0,0.0,0.0,0.0041109969167523125,0.009249743062692703,0.0,0.0421377183967112,0.01644398766700925,0.09558067831449127,0.02877697841726619,0.0051387461459403904,0.0020554984583761563,0.0020554984583761563,0.008221993833504625,0.006166495375128468,0.0041109969167523125,0.0051387461459403904,0.0041109969167523125,0.0051387461459403904,0.013360739979445015,0.011305241521068859,0.0020554984583761563,0.006166495375128468,0.013360739979445015,0.0010277492291880781,0.0010277492291880781,0.017471736896197326,0.006166495375128468,0.020554984583761562,0.09969167523124357,0.0,0.0,0.006166495375128468,0.011305241521068859,0.0041109969167523125,0.0020554984583761563,0.009249743062692703,0.009249743062692703,0.003083247687564234,0.0010277492291880781,0.010277492291880781,0.024665981500513873,0.03699897225077081,0.0,0.0,0.023638232271325797,0.013360739979445015,0.0020554984583761563,0.0051387461459403904,0.0020554984583761563,0.010277492291880781,0.018499486125385406,0.0328879753340185,0.03494347379239465,0.025693730729701953,0.0010277492291880781,0.0,0.023638232271325797,0.003083247687564234,0.052415210688591986,0.0,0.0010277492291880781,0.0,0.0041109969167523125,0.0041109969167523125,0.0,0.0010277492291880781,0.0,0.0010277492291880781,0.0,0.0,0.0051387461459403904,0.0020554984583761563,0.008221993833504625,0.0,0.003083247687564234,0.0,0.0041109969167523125,0.0020554984583761563,0.0010277492291880781,0.0020554984583761563,0.0,0.0020554984583761563,0.006166495375128468,0.0,0.0010277492291880781,0.009249743062692703,0.02672147995889003,0.0020554984583761563,0.0041109969167523125,0.017471736896197326,0.0010277492291880781,0.003083247687564234,0.0020554984583761563,0.009249743062692703,0.0020554984583761563,0.0020554984583761563,0.0020554984583761563,0.0010277492291880781,0.0051387461459403904,0.0,0.003083247687564234,0.0,0.0020554984583761563,0.003083247687564234,0.0,0.0,0.0,0.010277492291880781,0.0,0.0020554984583761563,0.0041109969167523125,0.0051387461459403904,0.0,0.0010277492291880781,0.0,0.0,0.0,0.0,0.0,0.0010277492291880781,0.0,0.0,0.0010277492291880781,0.0,0.0,0.003083247687564234,0.0020554984583761563,0.0,0.0,0.0,0.0010277492291880781,0.0,0.0,0.0,0.0,0.0,0.0,0.0,0.0010277492291880781,0.0,0.0010277492291880781,0.0,0.0,0.0,0.003083247687564234,0.0,0.0,0.0,0.0,0.0,0.0,0.0,0.0010277492291880781,0.0,0.0,0.0,0.0,0.0,0.0020554984583761563,0.003083247687564234,0.0010277492291880781,0.0,0.0020554984583761563,0.0,0.0010277492291880781,0.0010277492291880781,0.0,0.0,0.0,0.0,0.0020554984583761563,0.0,0.0010277492291880781,0.0,0.0,0.0,0.0,0.0,0.0,0.0,0.0,0.0,0.003083247687564234,0.0010277492291880781,0.0010277492291880781,0.0010277492291880781,0.0010277492291880781,0.0,0.0,0.0,0.0,0.0,0.0,0.0,0.0,0.0,0.0,0.0,0.0,0.0,0.0,0.0,0.0,0.0,0.0,0.0,0.0,0.0,0.0,0.0,0.0,0.0,0.0,0.0,0.0,0.0,0.0010277492291880781,0.0,0.0,0.0,0.0,0.0,0.0,0.0,0.0,0.0,0.0,0.0,0.0,0.0,0.0,0.0,0.0,0.0,0.0,0.0,0.0,0.0,0.0,0.0,0.0,0.0,martov
martov_itogi_polit_razvitiya.txt,0.005359612724757953,0.0008644536652835408,0.0006915629322268327,0.004495159059474412,0.005878284923928077,0.0005186721991701245,0.04062932226832642,0.03803596127247579,0.12828492392807744,0.023340248962655602,0.006051175656984786,0.0031120331950207467,0.0070885200553250345,0.015214384508990318,0.0074343015214384505,0.0017289073305670815,0.013658367911479945,0.0017289073305670815,0.004840940525587829,0.0036307053941908715,0.010546334716459198,0.003457814661134163,0.004149377593360996,0.004840940525587829,0.0008644536652835408,0.004149377593360996,0.028354080221300138,0.013312586445366528,0.021092669432918397,0.08592669432918396,0.0,0.00017289073305670817,0.014177040110650069,0.006051175656984786,0.00656984785615491,0.0019017980636237897,0.007607192254495159,0.009854771784232365,0.00466804979253112,0.0013831258644536654,0.00656984785615491,0.014695712309820193,0.04581604426002766,0.001037344398340249,0.0005186721991701245,0.0070885200553250345,0.009508990318118948,0.0015560165975103733,0.004322268326417704,0.002074688796680498,0.005186721991701245,0.015387275242047027,0.03699861687413555,0.020401106500691563,0.01677040110650069,0.0005186721991701245,0.0,0.004322268326417704,0.002247579529737206,0.038381742738589214,0.0,0.0012102351313969572,0.0008644536652835408,0.0024204702627939143,0.0012102351313969572,0.0005186721991701245,0.0006915629322268327,0.001037344398340249,0.005532503457814661,0.0039764868603042874,0.0,0.002074688796680498,0.0017289073305670815,0.007261410788381743,0.0005186721991701245,0.001037344398340249,0.002247579529737206,0.0013831258644536654,0.0036307053941908715,0.0027662517289073307,0.00017289073305670817,0.0006915629322268327,0.0015560165975103733,0.0031120331950207467,0.0039764868603042874,0.00034578146611341634,0.017289073305670817,0.012448132780082987,0.00017289073305670817,0.002074688796680498,0.022302904564315353,0.0027662517289073307,0.0013831258644536654,0.001037344398340249,0.004149377593360996,0.003457814661134163,0.0008644536652835408,0.001037344398340249,0.0012102351313969572,0.0006915629322268327,0.0005186721991701245,0.01037344398340249,0.0,0.0017289073305670815,0.0008644536652835408,0.0,0.0,0.0,0.024031811894882436,0.0,0.0024204702627939143,0.009854771784232365,0.01123789764868603,0.0006915629322268327,0.0006915629322268327,0.0005186721991701245,0.00017289073305670817,0.00017289073305670817,0.0,0.0005186721991701245,0.0025933609958506223,0.00034578146611341634,0.00017289073305670817,0.0013831258644536654,0.00017289073305670817,0.0,0.0006915629322268327,0.002074688796680498,0.0005186721991701245,0.00017289073305670817,0.00034578146611341634,0.0015560165975103733,0.00017289073305670817,0.0,0.0006915629322268327,0.00034578146611341634,0.00017289073305670817,0.0,0.0,0.001037344398340249,0.00017289073305670817,0.00017289073305670817,0.0006915629322268327,0.0,0.001037344398340249,0.002074688796680498,0.0019017980636237897,0.00017289073305670817,0.0008644536652835408,0.001037344398340249,0.0,0.0019017980636237897,0.0005186721991701245,0.0005186721991701245,0.0,0.0012102351313969572,0.0005186721991701245,0.0,0.0008644536652835408,0.0,0.0017289073305670815,0.00017289073305670817,0.0006915629322268327,0.002074688796680498,0.0,0.0008644536652835408,0.0,0.001037344398340249,0.00017289073305670817,0.0012102351313969572,0.0,0.0008644536652835408,0.00017289073305670817,0.0006915629322268327,0.00034578146611341634,0.0005186721991701245,0.00034578146611341634,0.0,0.0,0.0,0.0,0.0,0.0,0.00017289073305670817,0.00017289073305670817,0.00017289073305670817,0.0005186721991701245,0.001037344398340249,0.00017289073305670817,0.00017289073305670817,0.0,0.0,0.00017289073305670817,0.0,0.0,0.0,0.0,0.0,0.0,0.00017289073305670817,0.0,0.0,0.0,0.0,0.0,0.0,0.0,0.0,0.0,0.0,0.0,0.00017289073305670817,0.0,0.0,0.0,0.00017289073305670817,0.0,0.0,0.0,0.0,0.0,0.0,0.0,0.0,0.0,0.0,0.0,0.0,0.0,0.0,0.0,0.0,0.00017289073305670817,0.0,0.0,0.0,0.0,0.0,0.0,0.0,0.0,0.0,0.0,martov
martov_itogi_zemskogo_parlamenta_I.txt,0.0017857142857142857,0.0,0.0,0.0040178571428571425,0.007142857142857143,0.0008928571428571428,0.02142857142857143,0.01875,0.10178571428571428,0.02142857142857143,0.005803571428571429,0.004464285714285714,0.009375,0.021875,0.009821428571428571,0.00625,0.016964285714285713,0.002232142857142857,0.005357142857142857,0.019196428571428573,0.013392857142857142,0.0035714285714285713,0.008928571428571428,0.011160714285714286,0.0004464285714285714,0.0026785714285714286,0.020535714285714286,0.008035714285714285,0.02142857142857143,0.09821428571428571,0.0004464285714285714,0.0004464285714285714,0.016964285714285713,0.008928571428571428,0.0026785714285714286,0.0026785714285714286,0.011607142857142858,0.015178571428571428,0.005357142857142857,0.002232142857142857,0.008482142857142856,0.021875,0.033928571428571426,0.0008928571428571428,0.0004464285714285714,0.014732142857142857,0.017410714285714286,0.0035714285714285713,0.005803571428571429,0.0017857142857142857,0.007589285714285714,0.017410714285714286,0.026785714285714284,0.022321428571428572,0.014285714285714285,0.0004464285714285714,0.0,0.01607142857142857,0.0008928571428571428,0.033482142857142856,0.0,0.0035714285714285713,0.0013392857142857143,0.005803571428571429,0.0035714285714285713,0.0008928571428571428,0.0013392857142857143,0.002232142857142857,0.0013392857142857143,0.0013392857142857143,0.0,0.0017857142857142857,0.0040178571428571425,0.0125,0.002232142857142857,0.0017857142857142857,0.002232142857142857,0.0004464285714285714,0.0035714285714285713,0.0017857142857142857,0.0004464285714285714,0.0008928571428571428,0.002232142857142857,0.005357142857142857,0.0008928571428571428,0.0,0.0035714285714285713,0.019196428571428573,0.0008928571428571428,0.0004464285714285714,0.02544642857142857,0.004910714285714286,0.0017857142857142857,0.0017857142857142857,0.007142857142857143,0.0017857142857142857,0.0013392857142857143,0.0013392857142857143,0.0013392857142857143,0.0013392857142857143,0.0004464285714285714,0.003125,0.0,0.002232142857142857,0.0035714285714285713,0.0004464285714285714,0.0013392857142857143,0.0004464285714285714,0.008482142857142856,0.0,0.0008928571428571428,0.005357142857142857,0.00625,0.003125,0.0017857142857142857,0.0040178571428571425,0.0004464285714285714,0.0004464285714285714,0.0008928571428571428,0.0004464285714285714,0.0004464285714285714,0.0017857142857142857,0.0004464285714285714,0.0008928571428571428,0.0004464285714285714,0.0,0.0017857142857142857,0.0026785714285714286,0.0,0.0,0.0004464285714285714,0.0008928571428571428,0.0008928571428571428,0.0,0.0,0.0017857142857142857,0.0,0.0,0.0008928571428571428,0.0013392857142857143,0.0,0.0004464285714285714,0.0013392857142857143,0.0,0.0008928571428571428,0.002232142857142857,0.0008928571428571428,0.0,0.0,0.002232142857142857,0.0,0.0004464285714285714,0.0004464285714285714,0.0004464285714285714,0.0004464285714285714,0.0008928571428571428,0.0008928571428571428,0.0,0.0008928571428571428,0.0,0.002232142857142857,0.0,0.0004464285714285714,0.0013392857142857143,0.0004464285714285714,0.0013392857142857143,0.0,0.0,0.0,0.0,0.0,0.0008928571428571428,0.0,0.0004464285714285714,0.0017857142857142857,0.0,0.0,0.0,0.0,0.0,0.0,0.0,0.0,0.0004464285714285714,0.0004464285714285714,0.0,0.0004464285714285714,0.0,0.0,0.0,0.0004464285714285714,0.0,0.0,0.0,0.0,0.0,0.0,0.0,0.0004464285714285714,0.0,0.0,0.0,0.0,0.0,0.0,0.0004464285714285714,0.0,0.0,0.0,0.0,0.0004464285714285714,0.0,0.0,0.0,0.0,0.0,0.0,0.0,0.0,0.0004464285714285714,0.0004464285714285714,0.0,0.0,0.0,0.0,0.0,0.0,0.0,0.0,0.0,0.0,0.0,0.0,0.0004464285714285714,0.0,0.0,0.0,0.0,0.0,0.0,0.0,0.0,0.0,martov
martov_klass_protiv_klassa.txt,0.0016085790884718498,0.00026809651474530834,0.0,0.002412868632707775,0.00938337801608579,0.002680965147453083,0.02037533512064343,0.012332439678284183,0.058981233243967826,0.027882037533512063,0.004021447721179625,0.0037533512064343165,0.00482573726541555,0.015281501340482574,0.012064343163538873,0.002412868632707775,0.007774798927613941,0.0032171581769436996,0.00938337801608579,0.01099195710455764,0.013941018766756031,0.0013404825737265416,0.008310991957104557,0.012868632707774798,0.0008042895442359249,0.0021447721179624667,0.02868632707774799,0.01260053619302949,0.045576407506702415,0.12332439678284182,0.0,0.00026809651474530834,0.011260053619302948,0.015281501340482574,0.0032171581769436996,0.005361930294906166,0.013672922252010724,0.008579088471849867,0.0016085790884718498,0.0008042895442359249,0.014745308310991957,0.028954423592493297,0.018230563002680965,0.0,0.0021447721179624667,0.007774798927613941,0.017962466487935657,0.002680965147453083,0.0037533512064343165,0.002680965147453083,0.005361930294906166,0.011796246648793566,0.04423592493297587,0.02868632707774799,0.023324396782841823,0.0016085790884718498,0.00026809651474530834,0.008579088471849867,0.0037533512064343165,0.03941018766756032,0.00026809651474530834,0.007238605898123324,0.0016085790884718498,0.0029490616621983914,0.002680965147453083,0.003485254691689008,0.0021447721179624667,0.00026809651474530834,0.004289544235924933,0.0016085790884718498,0.0008042895442359249,0.00482573726541555,0.002680965147453083,0.009919571045576408,0.00026809651474530834,0.0010723860589812334,0.0013404825737265416,0.0005361930294906167,0.0016085790884718498,0.0021447721179624667,0.0008042895442359249,0.0,0.0013404825737265416,0.005093833780160858,0.0032171581769436996,0.00026809651474530834,0.004557640750670241,0.008310991957104557,0.0008042895442359249,0.0013404825737265416,0.005361930294906166,0.006702412868632708,0.0005361930294906167,0.0008042895442359249,0.013136729222520108,0.002680965147453083,0.0018766756032171583,0.0008042895442359249,0.0013404825737265416,0.0008042895442359249,0.0008042895442359249,0.0018766756032171583,0.0008042895442359249,0.003485254691689008,0.0010723860589812334,0.0,0.0,0.0,0.02091152815013405,0.00026809651474530834,0.005093833780160858,0.0029490616621983914,0.014745308310991957,0.00026809651474530834,0.0008042895442359249,0.0010723860589812334,0.00026809651474530834,0.0,0.0,0.0008042895442359249,0.0016085790884718498,0.0005361930294906167,0.0005361930294906167,0.0013404825737265416,0.0018766756032171583,0.0,0.002412868632707775,0.004021447721179625,0.00026809651474530834,0.0,0.0005361930294906167,0.0005361930294906167,0.0,0.00026809651474530834,0.0,0.00026809651474530834,0.00026809651474530834,0.0,0.0,0.004289544235924933,0.0,0.0010723860589812334,0.00026809651474530834,0.0,0.0018766756032171583,0.0016085790884718498,0.0016085790884718498,0.0005361930294906167,0.0005361930294906167,0.0010723860589812334,0.0,0.00026809651474530834,0.00026809651474530834,0.0032171581769436996,0.0,0.0008042895442359249,0.0005361930294906167,0.0,0.00026809651474530834,0.00026809651474530834,0.0008042895442359249,0.0,0.0005361930294906167,0.0,0.0,0.0008042895442359249,0.0,0.0013404825737265416,0.00026809651474530834,0.00026809651474530834,0.0,0.00026809651474530834,0.00026809651474530834,0.0016085790884718498,0.0,0.00026809651474530834,0.00026809651474530834,0.00026809651474530834,0.0,0.0,0.0,0.0,0.0,0.0008042895442359249,0.00026809651474530834,0.0005361930294906167,0.002412868632707775,0.0005361930294906167,0.0,0.0,0.0,0.0,0.00026809651474530834,0.0,0.0,0.0,0.0005361930294906167,0.0,0.0,0.00026809651474530834,0.0,0.0,0.00026809651474530834,0.0005361930294906167,0.00026809651474530834,0.0008042895442359249,0.0,0.0,0.0,0.0,0.0,0.0,0.0,0.0,0.0,0.00026809651474530834,0.0,0.00026809651474530834,0.0,0.0,0.0,0.0,0.0,0.0,0.0,0.0,0.0,0.0,0.0,0.0,0.0,0.0,0.0,0.0,0.0,0.0,0.0,0.0,0.0,0.0,0.0,0.0,0.0,martov
martov_krovavoe_bezumie.txt,0.017054263565891473,0.0007751937984496124,0.003875968992248062,0.018604651162790697,0.017829457364341085,0.0007751937984496124,0.02945736434108527,0.020930232558139535,0.08837209302325581,0.023255813953488372,0.005426356589147287,0.0031007751937984496,0.0031007751937984496,0.01937984496124031,0.008527131782945736,0.0031007751937984496,0.015503875968992248,0.0,0.0015503875968992248,0.01627906976744186,0.006201550387596899,0.0,0.0069767441860465115,0.010852713178294573,0.0,0.004651162790697674,0.020155038759689922,0.01317829457364341,0.02558139534883721,0.06511627906976744,0.0,0.0,0.006201550387596899,0.006201550387596899,0.005426356589147287,0.0015503875968992248,0.007751937984496124,0.007751937984496124,0.006201550387596899,0.0,0.006201550387596899,0.01627906976744186,0.030232558139534883,0.0007751937984496124,0.0015503875968992248,0.003875968992248062,0.01937984496124031,0.0031007751937984496,0.007751937984496124,0.0015503875968992248,0.006201550387596899,0.009302325581395349,0.03953488372093023,0.004651162790697674,0.01627906976744186,0.0,0.0,0.010852713178294573,0.002325581395348837,0.031007751937984496,0.0,0.0015503875968992248,0.0007751937984496124,0.011627906976744186,0.0031007751937984496,0.0007751937984496124,0.0,0.003875968992248062,0.006201550387596899,0.0,0.0007751937984496124,0.003875968992248062,0.005426356589147287,0.013953488372093023,0.004651162790697674,0.004651162790697674,0.0031007751937984496,0.003875968992248062,0.004651162790697674,0.002325581395348837,0.002325581395348837,0.0015503875968992248,0.003875968992248062,0.0031007751937984496,0.0007751937984496124,0.0,0.008527131782945736,0.010852713178294573,0.0007751937984496124,0.004651162790697674,0.017829457364341085,0.0015503875968992248,0.002325581395348837,0.0015503875968992248,0.0031007751937984496,0.004651162790697674,0.004651162790697674,0.002325581395348837,0.0015503875968992248,0.0015503875968992248,0.0,0.005426356589147287,0.0,0.0015503875968992248,0.0007751937984496124,0.0,0.0,0.0,0.017054263565891473,0.0007751937984496124,0.0031007751937984496,0.005426356589147287,0.010852713178294573,0.002325581395348837,0.0015503875968992248,0.002325581395348837,0.0,0.0,0.0007751937984496124,0.0015503875968992248,0.002325581395348837,0.0,0.0007751937984496124,0.0,0.0031007751937984496,0.0,0.004651162790697674,0.0007751937984496124,0.0,0.0,0.0007751937984496124,0.002325581395348837,0.0007751937984496124,0.0007751937984496124,0.0007751937984496124,0.0,0.0,0.005426356589147287,0.005426356589147287,0.004651162790697674,0.0,0.0,0.0007751937984496124,0.0,0.0007751937984496124,0.002325581395348837,0.0007751937984496124,0.0031007751937984496,0.0007751937984496124,0.0015503875968992248,0.0,0.002325581395348837,0.0007751937984496124,0.0007751937984496124,0.0,0.0007751937984496124,0.0007751937984496124,0.0,0.002325581395348837,0.0,0.008527131782945736,0.0,0.0,0.003875968992248062,0.0,0.0007751937984496124,0.0,0.0007751937984496124,0.0,0.0007751937984496124,0.0,0.005426356589147287,0.0031007751937984496,0.0015503875968992248,0.0,0.0015503875968992248,0.0007751937984496124,0.0007751937984496124,0.0,0.0,0.0007751937984496124,0.0,0.0,0.0007751937984496124,0.0007751937984496124,0.0007751937984496124,0.0,0.0031007751937984496,0.0,0.0007751937984496124,0.0,0.0,0.0,0.0,0.0,0.0,0.0031007751937984496,0.0,0.0,0.0007751937984496124,0.0,0.0,0.0,0.0007751937984496124,0.0,0.0,0.0,0.0,0.0,0.0,0.0015503875968992248,0.0,0.0,0.0,0.0007751937984496124,0.0,0.0,0.0,0.0,0.0,0.0,0.0,0.0,0.0,0.0,0.0,0.0,0.0,0.0,0.0,0.0,0.0,0.0,0.0,0.0,0.0,0.0,0.0,0.0,0.0,0.0,0.0,0.0,martov
martov_liberal_izmeny_I.txt,0.003527336860670194,0.0008818342151675485,0.0008818342151675485,0.008818342151675485,0.010141093474426807,0.0030864197530864196,0.031746031746031744,0.02292768959435626,0.0873015873015873,0.026895943562610228,0.004409171075837742,0.0030864197530864196,0.005291005291005291,0.01895943562610229,0.005731922398589065,0.0013227513227513227,0.009259259259259259,0.0008818342151675485,0.002204585537918871,0.015873015873015872,0.007495590828924162,0.0030864197530864196,0.007495590828924162,0.011022927689594356,0.0004409171075837742,0.0013227513227513227,0.024691358024691357,0.012345679012345678,0.026455026455026454,0.10890652557319223,0.0,0.0008818342151675485,0.014109347442680775,0.00837742504409171,0.003527336860670194,0.0048500881834215165,0.007936507936507936,0.009259259259259259,0.006172839506172839,0.003527336860670194,0.013668430335097001,0.0291005291005291,0.03306878306878307,0.0004409171075837742,0.0,0.011904761904761904,0.02204585537918871,0.003527336860670194,0.002204585537918871,0.004409171075837742,0.007936507936507936,0.01146384479717813,0.03747795414462081,0.02601410934744268,0.018077601410934743,0.0004409171075837742,0.0,0.013668430335097001,0.002204585537918871,0.0445326278659612,0.0,0.002204585537918871,0.0013227513227513227,0.0008818342151675485,0.004409171075837742,0.0013227513227513227,0.0008818342151675485,0.0013227513227513227,0.0026455026455026454,0.0008818342151675485,0.0004409171075837742,0.002204585537918871,0.001763668430335097,0.007054673721340388,0.0013227513227513227,0.0026455026455026454,0.0013227513227513227,0.0008818342151675485,0.003527336860670194,0.0008818342151675485,0.0013227513227513227,0.0026455026455026454,0.004409171075837742,0.003527336860670194,0.003968253968253968,0.0,0.003527336860670194,0.01763668430335097,0.0,0.0008818342151675485,0.011022927689594356,0.004409171075837742,0.0008818342151675485,0.0004409171075837742,0.007936507936507936,0.002204585537918871,0.0026455026455026454,0.0008818342151675485,0.0,0.0004409171075837742,0.0,0.0013227513227513227,0.0,0.006613756613756613,0.0026455026455026454,0.0,0.0008818342151675485,0.0,0.011022927689594356,0.0,0.003968253968253968,0.003527336860670194,0.007054673721340388,0.0004409171075837742,0.002204585537918871,0.0,0.0,0.0,0.0004409171075837742,0.0,0.0026455026455026454,0.0004409171075837742,0.0,0.0,0.001763668430335097,0.0,0.0013227513227513227,0.0013227513227513227,0.0,0.0,0.0,0.0004409171075837742,0.0,0.0004409171075837742,0.0004409171075837742,0.0,0.0,0.0,0.0004409171075837742,0.0013227513227513227,0.0,0.0004409171075837742,0.0004409171075837742,0.0,0.0008818342151675485,0.0008818342151675485,0.0013227513227513227,0.0004409171075837742,0.0004409171075837742,0.0030864197530864196,0.0,0.0008818342151675485,0.0013227513227513227,0.001763668430335097,0.0,0.0004409171075837742,0.001763668430335097,0.0,0.0004409171075837742,0.0004409171075837742,0.0030864197530864196,0.0,0.0,0.0030864197530864196,0.0,0.0030864197530864196,0.0,0.0004409171075837742,0.0,0.0,0.0,0.0013227513227513227,0.0008818342151675485,0.0004409171075837742,0.0,0.0008818342151675485,0.0,0.0,0.0,0.0,0.0,0.0,0.0,0.0,0.0004409171075837742,0.0013227513227513227,0.0,0.0,0.0004409171075837742,0.0,0.0,0.0,0.0,0.0,0.0,0.0,0.0,0.0,0.0,0.0,0.0004409171075837742,0.0004409171075837742,0.0,0.0,0.0,0.0004409171075837742,0.0004409171075837742,0.0004409171075837742,0.0,0.0,0.0,0.0,0.0,0.0,0.0,0.0,0.0,0.0,0.0004409171075837742,0.0004409171075837742,0.0004409171075837742,0.0,0.0,0.0,0.0,0.0,0.0,0.0,0.0,0.0,0.0,0.0,0.0004409171075837742,0.0004409171075837742,0.0,0.0,0.0,0.0,0.0,0.0,0.0,0.0,0.0,martov
martov_liberal_realizm_I.txt,0.0003002101471029721,0.0003002101471029721,0.003602521765235665,0.006004202942059442,0.006004202942059442,0.0006004202942059442,0.024917442209546684,0.023416391474031822,0.07565295706994897,0.012008405884118884,0.003902731912338637,0.002701891323926749,0.006904833383368358,0.015610927649354548,0.006904833383368358,0.004202942059441609,0.010507355148604023,0.0018012608826178324,0.005403782647853498,0.019513659561693184,0.013809666766736716,0.0015010507355148605,0.00870609426598619,0.01591113779645752,0.0006004202942059442,0.003002101471029721,0.023716601621134793,0.01020714500150105,0.021014710297208045,0.10447313119183428,0.0,0.0,0.012008405884118884,0.007505253677574302,0.0024016811768237767,0.003002101471029721,0.00990693485439808,0.007505253677574302,0.003902731912338637,0.0003002101471029721,0.012008405884118884,0.026418492945061545,0.019213449414590213,0.0003002101471029721,0.0003002101471029721,0.015010507355148604,0.020714500150105074,0.003002101471029721,0.004803362353647553,0.003302311618132693,0.008405884118883218,0.011107775442809968,0.0333233263284299,0.027018913239267486,0.02191534073851696,0.0003002101471029721,0.0,0.034223956769738814,0.0018012608826178324,0.030621435004503154,0.0,0.003602521765235665,0.0003002101471029721,0.002701891323926749,0.002701891323926749,0.0024016811768237767,0.0024016811768237767,0.0006004202942059442,0.003602521765235665,0.0024016811768237767,0.0,0.0009006304413089162,0.003902731912338637,0.016811768237766436,0.0009006304413089162,0.003602521765235665,0.003602521765235665,0.0006004202942059442,0.003602521765235665,0.002701891323926749,0.0009006304413089162,0.0003002101471029721,0.0018012608826178324,0.01020714500150105,0.003902731912338637,0.0,0.007505253677574302,0.02161513059141399,0.0012008405884118883,0.0018012608826178324,0.01020714500150105,0.004202942059441609,0.0015010507355148605,0.003602521765235665,0.006604623236265386,0.0018012608826178324,0.0024016811768237767,0.002701891323926749,0.0009006304413089162,0.0018012608826178324,0.0006004202942059442,0.003902731912338637,0.0009006304413089162,0.005103572500750525,0.003002101471029721,0.0,0.0,0.0,0.012008405884118884,0.0006004202942059442,0.004503152206544582,0.004803362353647553,0.007805463824677274,0.0009006304413089162,0.004202942059441609,0.0006004202942059442,0.0003002101471029721,0.0,0.0012008405884118883,0.0006004202942059442,0.002701891323926749,0.0009006304413089162,0.0,0.0009006304413089162,0.0,0.0,0.0,0.0006004202942059442,0.0,0.0,0.0003002101471029721,0.0003002101471029721,0.0003002101471029721,0.0,0.0,0.0,0.0,0.0,0.0006004202942059442,0.0018012608826178324,0.0003002101471029721,0.0015010507355148605,0.0021014710297208045,0.0,0.0009006304413089162,0.0021014710297208045,0.0009006304413089162,0.0,0.0009006304413089162,0.002701891323926749,0.0,0.0009006304413089162,0.0006004202942059442,0.0003002101471029721,0.0,0.0018012608826178324,0.0018012608826178324,0.0,0.0006004202942059442,0.0012008405884118883,0.005103572500750525,0.0,0.0003002101471029721,0.0015010507355148605,0.0,0.004202942059441609,0.0003002101471029721,0.0,0.0,0.0003002101471029721,0.0,0.0006004202942059442,0.0,0.0003002101471029721,0.0,0.0003002101471029721,0.0,0.0006004202942059442,0.0,0.0,0.0,0.0,0.0,0.0,0.0018012608826178324,0.0012008405884118883,0.0009006304413089162,0.002701891323926749,0.0003002101471029721,0.0,0.0003002101471029721,0.0003002101471029721,0.0,0.0,0.0,0.0,0.0,0.0003002101471029721,0.0,0.0,0.0,0.0003002101471029721,0.0,0.0,0.0,0.0,0.0006004202942059442,0.0006004202942059442,0.0,0.0,0.0,0.0,0.0,0.0003002101471029721,0.0003002101471029721,0.0006004202942059442,0.0,0.0,0.0,0.0009006304413089162,0.0009006304413089162,0.0,0.0,0.0,0.0,0.0,0.0,0.0,0.0,0.0,0.0,0.0,0.0003002101471029721,0.0,0.0,0.0,0.0,0.0,0.0,0.0,0.0,0.0,0.0,martov
martov_mirovoy_bolshevizm_NQ.txt,0.005082196753617175,0.003007830731732614,0.003993154592127781,0.012290618679666026,0.01244619613130737,0.0018150702691489913,0.026707462531763728,0.022558730487994606,0.09557641445833118,0.0180988435409428,0.004459886947051807,0.0037338588393922107,0.007882590883161334,0.01747653373437743,0.008660478141368045,0.003163408183373956,0.008919773894103615,0.0007778872582067106,0.0036301405382979826,0.012498055281854483,0.010682985012705492,0.0033708447855624124,0.007675154280972878,0.010060675206140124,0.00015557745164134211,0.002644816677902816,0.019447181455167765,0.010838562464346835,0.024062645853860913,0.09459109059793601,0.0,0.0006223098065653685,0.013068505937872737,0.006378675517295027,0.0034745630866566406,0.003007830731732614,0.009593942851216097,0.008401182388632474,0.004563605248146035,0.0011409013120365088,0.00974952030285744,0.021365970025410984,0.03401960275890681,0.0008816055593009386,0.00020743660218845616,0.011927604625836228,0.018046984390395687,0.0034227039361095267,0.004200591194316237,0.002333661774620132,0.00513405590416429,0.013068505937872737,0.041902193642068146,0.02338847689674843,0.01695794222890629,0.0009334647098480527,5.185915054711404e-05,0.01566146346522844,0.0020225068713374474,0.03464191256547218,5.185915054711404e-05,0.002333661774620132,0.0010371830109422808,0.00217808432297879,0.0018669294196961054,0.0018669294196961054,0.0016076336669605352,0.001244619613130737,0.0035264222372037544,0.0019187885702432194,0.00020743660218845616,0.001452056215319193,0.0016594928175076493,0.0076232951304257635,0.0010371830109422808,0.0028003941295441583,0.0033189856350152986,0.0017113519680547634,0.0032152673339210704,0.0029559715811855003,0.0011409013120365088,0.0017632111186018772,0.0023855209251672457,0.00435616864595758,0.0036301405382979826,0.0002592957527355702,0.0060675206140123426,0.017528392884924544,0.0007778872582067106,0.0028003941295441583,0.0206918010682985,0.004304309495410465,0.0018150702691489913,0.0018150702691489913,0.004459886947051807,0.0031115490328268423,0.004045013742674895,0.0032671264844681843,0.0009853238603951668,0.0006223098065653685,0.00036301405382979825,0.0031115490328268423,0.00046673235492402634,0.0034227039361095267,0.0019706477207903335,5.185915054711404e-05,0.00010371830109422808,5.185915054711404e-05,0.013172224238966966,0.0004148732043769123,0.00243738007571436,0.006949126173313281,0.007519576829331536,0.00036301405382979825,0.001244619613130737,0.001348337914224965,0.00036301405382979825,0.00020743660218845616,0.00036301405382979825,0.00046673235492402634,0.0018669294196961054,0.0011409013120365088,0.00036301405382979825,0.0007778872582067106,0.00036301405382979825,0.00010371830109422808,0.0014001970647720791,0.001244619613130737,5.185915054711404e-05,0.00010371830109422808,0.0005185915054711404,0.0005704506560182544,0.00015557745164134211,0.0021262251724316755,0.0005704506560182544,0.0002592957527355702,0.00015557745164134211,0.0,0.0009334647098480527,0.0014001970647720791,0.0,0.0005185915054711404,0.0010371830109422808,0.0,0.00046673235492402634,0.0020225068713374474,0.0008297464087538246,0.0004148732043769123,0.0009334647098480527,0.0017632111186018772,0.0,0.001296478763677851,0.00046673235492402634,0.0007778872582067106,5.185915054711404e-05,0.001089042161489395,0.0009853238603951668,0.00015557745164134211,0.0007778872582067106,0.0005185915054711404,0.0074677176787844215,0.0007778872582067106,0.00036301405382979825,0.0022299434735259037,0.00031115490328268423,0.00243738007571436,0.00010371830109422808,0.001089042161489395,0.0006223098065653685,0.0011927604625836228,0.00036301405382979825,0.002489239226261474,0.0018669294196961054,0.0002592957527355702,0.0004148732043769123,0.0006223098065653685,0.00015557745164134211,0.00010371830109422808,0.0,0.0,0.0,0.0,0.0006741689571124825,0.00031115490328268423,0.001503915365866307,0.0019187885702432194,0.0006741689571124825,0.0005704506560182544,5.185915054711404e-05,5.185915054711404e-05,5.185915054711404e-05,0.00015557745164134211,0.00020743660218845616,0.0,0.0,0.0,0.00020743660218845616,0.0,0.0,0.00020743660218845616,0.0,0.0,0.0002592957527355702,0.0,0.0,5.185915054711404e-05,0.00015557745164134211,0.00015557745164134211,0.00010371830109422808,0.0,0.00020743660218845616,0.0,0.0,0.0,0.0,0.00020743660218845616,0.0,0.00010371830109422808,0.0,0.00010371830109422808,0.00010371830109422808,0.0,0.0,0.0,0.0,0.0,0.0,0.0,0.0,0.0,0.0,5.185915054711404e-05,0.00031115490328268423,0.0,0.0,0.0,0.0,0.0,0.0,0.0,0.0,0.0,5.185915054711404e-05,martov
martov_nash_cyezd_I.txt,0.0028698979591836736,0.001913265306122449,0.0006377551020408163,0.008928571428571428,0.005739795918367347,0.0012755102040816326,0.03093112244897959,0.021045918367346938,0.09247448979591837,0.025191326530612245,0.007971938775510204,0.003826530612244898,0.0047831632653061226,0.014349489795918368,0.008928571428571428,0.0047831632653061226,0.010841836734693877,0.002232142857142857,0.005420918367346939,0.012436224489795918,0.013073979591836735,0.0015943877551020409,0.00860969387755102,0.013073979591836735,0.00031887755102040814,0.00350765306122449,0.019770408163265307,0.013392857142857142,0.029017857142857144,0.07971938775510204,0.0009566326530612245,0.0,0.010522959183673469,0.006696428571428571,0.0031887755102040817,0.0028698979591836736,0.014987244897959183,0.011479591836734694,0.0047831632653061226,0.002232142857142857,0.010522959183673469,0.025191326530612245,0.031568877551020405,0.0006377551020408163,0.0012755102040816326,0.01594387755102041,0.01721938775510204,0.0028698979591836736,0.006377551020408163,0.004145408163265306,0.008290816326530613,0.010841836734693877,0.04049744897959184,0.016581632653061226,0.022002551020408163,0.001913265306122449,0.0,0.00860969387755102,0.0028698979591836736,0.03284438775510204,0.0,0.001913265306122449,0.003826530612244898,0.00701530612244898,0.001913265306122449,0.00031887755102040814,0.0015943877551020409,0.0006377551020408163,0.005420918367346939,0.003826530612244898,0.0009566326530612245,0.0028698979591836736,0.0012755102040816326,0.006696428571428571,0.0009566326530612245,0.003826530612244898,0.0012755102040816326,0.0009566326530612245,0.004145408163265306,0.004145408163265306,0.0009566326530612245,0.0006377551020408163,0.004145408163265306,0.004145408163265306,0.001913265306122449,0.0006377551020408163,0.008928571428571428,0.01403061224489796,0.0006377551020408163,0.004464285714285714,0.016581632653061226,0.0028698979591836736,0.0012755102040816326,0.0012755102040816326,0.004464285714285714,0.0012755102040816326,0.0012755102040816326,0.0028698979591836736,0.0015943877551020409,0.0009566326530612245,0.00031887755102040814,0.00510204081632653,0.00031887755102040814,0.003826530612244898,0.001913265306122449,0.0,0.0,0.0,0.009885204081632654,0.0,0.002232142857142857,0.009566326530612245,0.004464285714285714,0.0009566326530612245,0.002232142857142857,0.001913265306122449,0.0006377551020408163,0.00031887755102040814,0.0,0.0009566326530612245,0.0009566326530612245,0.0015943877551020409,0.0006377551020408163,0.0009566326530612245,0.0,0.0,0.00031887755102040814,0.0028698979591836736,0.0,0.00031887755102040814,0.0006377551020408163,0.0012755102040816326,0.00031887755102040814,0.00031887755102040814,0.0006377551020408163,0.0009566326530612245,0.0006377551020408163,0.0,0.0,0.001913265306122449,0.0,0.0015943877551020409,0.0015943877551020409,0.0,0.0015943877551020409,0.002232142857142857,0.0015943877551020409,0.0,0.00031887755102040814,0.00031887755102040814,0.0,0.002232142857142857,0.0015943877551020409,0.0012755102040816326,0.0,0.0,0.00031887755102040814,0.0006377551020408163,0.0012755102040816326,0.0,0.01020408163265306,0.0,0.0015943877551020409,0.0012755102040816326,0.0,0.0015943877551020409,0.0,0.0,0.0,0.002232142857142857,0.0,0.0015943877551020409,0.0,0.0,0.0,0.0,0.0006377551020408163,0.00031887755102040814,0.0,0.0,0.0,0.0,0.0,0.00031887755102040814,0.0009566326530612245,0.00350765306122449,0.0006377551020408163,0.0006377551020408163,0.0,0.0,0.0,0.0,0.001913265306122449,0.0,0.0,0.0,0.00031887755102040814,0.0,0.0,0.0,0.0,0.0,0.0006377551020408163,0.00031887755102040814,0.0,0.0,0.0,0.0,0.0,0.0,0.0,0.0,0.0,0.0,0.0,0.00031887755102040814,0.0,0.00031887755102040814,0.0,0.0,0.0,0.0,0.0,0.0,0.0,0.0,0.0,0.0,0.0,0.0,0.0,0.0,0.0,0.0,0.0,0.0,0.0,0.0,0.0,0.0,0.0,0.0,0.0,martov
martov_ne_nachalo_li_povorota_I.txt,0.0016755096341803965,0.00027925160569673273,0.00027925160569673273,0.004188774085450991,0.010611561016475845,0.002513264451270595,0.03127617983803407,0.01815135437028763,0.08880201061156101,0.024574141301312483,0.006702038536721586,0.0036302708740575257,0.009215302987992181,0.014241831890533371,0.010332309410779112,0.006422786931024853,0.011449315833566042,0.0008377548170901983,0.005305780508237923,0.014800335101926836,0.01312482546774644,0.0036302708740575257,0.007819044959508517,0.014521083496230103,0.0,0.002513264451270595,0.027925160569673275,0.013404077073443172,0.022060876850041888,0.09745881038815973,0.00027925160569673273,0.00027925160569673273,0.011449315833566042,0.005585032113934655,0.0027925160569673277,0.004188774085450991,0.00809829656520525,0.009494554593688915,0.006422786931024853,0.0027925160569673277,0.013962580284836637,0.01926836079307456,0.02624965093549288,0.0,0.0005585032113934655,0.010890812622172577,0.017872102764590895,0.003909522479754258,0.00502652890254119,0.0027925160569673277,0.010611561016475845,0.01312482546774644,0.039095224797542585,0.02317788327282882,0.020664618821558223,0.00027925160569673273,0.0,0.011728567439262776,0.0008377548170901983,0.04523876012287071,0.0,0.001954761239877129,0.0013962580284836638,0.003909522479754258,0.0030717676626640603,0.002234012845573862,0.001954761239877129,0.0013962580284836638,0.004468025691147724,0.001954761239877129,0.0005585032113934655,0.0013962580284836638,0.004188774085450991,0.014241831890533371,0.0005585032113934655,0.003351019268360793,0.002513264451270595,0.0016755096341803965,0.004468025691147724,0.0036302708740575257,0.00027925160569673273,0.001954761239877129,0.0016755096341803965,0.005305780508237923,0.0036302708740575257,0.0005585032113934655,0.00502652890254119,0.02010611561016476,0.0013962580284836638,0.001954761239877129,0.015917341524713767,0.004188774085450991,0.0005585032113934655,0.0016755096341803965,0.007539793353811784,0.0036302708740575257,0.00027925160569673273,0.001117006422786931,0.001117006422786931,0.0005585032113934655,0.00027925160569673273,0.001954761239877129,0.001117006422786931,0.0027925160569673277,0.002234012845573862,0.0,0.0,0.0,0.00809829656520525,0.0,0.003909522479754258,0.006422786931024853,0.004188774085450991,0.00027925160569673273,0.001954761239877129,0.001954761239877129,0.00027925160569673273,0.0008377548170901983,0.00027925160569673273,0.0005585032113934655,0.0016755096341803965,0.001117006422786931,0.0,0.0008377548170901983,0.001117006422786931,0.0,0.0008377548170901983,0.0005585032113934655,0.0,0.00027925160569673273,0.0,0.0008377548170901983,0.00027925160569673273,0.00027925160569673273,0.00027925160569673273,0.00027925160569673273,0.0,0.0,0.00027925160569673273,0.001117006422786931,0.00027925160569673273,0.0008377548170901983,0.0005585032113934655,0.0,0.0013962580284836638,0.00027925160569673273,0.0005585032113934655,0.00027925160569673273,0.0008377548170901983,0.001954761239877129,0.0,0.0013962580284836638,0.0,0.0016755096341803965,0.00027925160569673273,0.0005585032113934655,0.0008377548170901983,0.0,0.0008377548170901983,0.00027925160569673273,0.0036302708740575257,0.00027925160569673273,0.0005585032113934655,0.0016755096341803965,0.0,0.0030717676626640603,0.0,0.001117006422786931,0.00027925160569673273,0.0005585032113934655,0.0,0.00027925160569673273,0.0,0.0,0.0008377548170901983,0.00027925160569673273,0.0,0.00027925160569673273,0.0,0.0,0.00027925160569673273,0.0,0.0,0.0,0.0016755096341803965,0.001117006422786931,0.00027925160569673273,0.0005585032113934655,0.0,0.0,0.00027925160569673273,0.0,0.0,0.0,0.0,0.0,0.0,0.0,0.0,0.0,0.0,0.0,0.0,0.00027925160569673273,0.0,0.0,0.0,0.0,0.0,0.00027925160569673273,0.0,0.00027925160569673273,0.0,0.0,0.0,0.0,0.0,0.0005585032113934655,0.0,0.0,0.0,0.0,0.0,0.0,0.0,0.0,0.0,0.0,0.0,0.0,0.0,0.0,0.0,0.0,0.0,0.0,0.0,0.0,0.0,0.0,0.0,0.0,0.0,martov
martov_o_4_syezde_Bunda_I.txt,0.005504587155963303,0.0045871559633027525,0.0009174311926605505,0.026605504587155965,0.009174311926605505,0.0009174311926605505,0.04220183486238532,0.024770642201834864,0.06972477064220184,0.01926605504587156,0.009174311926605505,0.011009174311926606,0.008256880733944955,0.01651376146788991,0.011926605504587157,0.003669724770642202,0.003669724770642202,0.0,0.0009174311926605505,0.01651376146788991,0.010091743119266056,0.0027522935779816515,0.007339449541284404,0.007339449541284404,0.0,0.0027522935779816515,0.015596330275229359,0.011926605504587157,0.024770642201834864,0.08807339449541285,0.0009174311926605505,0.001834862385321101,0.011926605504587157,0.0045871559633027525,0.003669724770642202,0.0027522935779816515,0.006422018348623854,0.0045871559633027525,0.0045871559633027525,0.001834862385321101,0.013761467889908258,0.025688073394495414,0.01743119266055046,0.0,0.0027522935779816515,0.008256880733944955,0.02018348623853211,0.006422018348623854,0.0027522935779816515,0.003669724770642202,0.006422018348623854,0.008256880733944955,0.027522935779816515,0.029357798165137616,0.02110091743119266,0.0027522935779816515,0.0,0.022935779816513763,0.0045871559633027525,0.03944954128440367,0.001834862385321101,0.0009174311926605505,0.0,0.001834862385321101,0.001834862385321101,0.001834862385321101,0.001834862385321101,0.003669724770642202,0.0027522935779816515,0.0,0.001834862385321101,0.006422018348623854,0.001834862385321101,0.014678899082568808,0.0009174311926605505,0.003669724770642202,0.001834862385321101,0.0009174311926605505,0.001834862385321101,0.007339449541284404,0.0,0.0,0.001834862385321101,0.006422018348623854,0.0045871559633027525,0.0,0.0027522935779816515,0.013761467889908258,0.0,0.003669724770642202,0.013761467889908258,0.003669724770642202,0.003669724770642202,0.0,0.005504587155963303,0.0027522935779816515,0.010091743119266056,0.005504587155963303,0.0,0.0,0.0009174311926605505,0.0009174311926605505,0.0009174311926605505,0.0045871559633027525,0.001834862385321101,0.0,0.0,0.0,0.006422018348623854,0.0,0.0009174311926605505,0.007339449541284404,0.0027522935779816515,0.0009174311926605505,0.0009174311926605505,0.0027522935779816515,0.0,0.0,0.0009174311926605505,0.0009174311926605505,0.0,0.0,0.0,0.0,0.0045871559633027525,0.0,0.0009174311926605505,0.0009174311926605505,0.0,0.0,0.001834862385321101,0.0,0.0,0.0027522935779816515,0.0027522935779816515,0.0009174311926605505,0.0009174311926605505,0.0009174311926605505,0.0009174311926605505,0.0,0.0,0.0009174311926605505,0.0,0.0,0.003669724770642202,0.0,0.0,0.0009174311926605505,0.0,0.0009174311926605505,0.0,0.0,0.0,0.0,0.0,0.0,0.0027522935779816515,0.0,0.0,0.0,0.014678899082568808,0.001834862385321101,0.0,0.0045871559633027525,0.0,0.001834862385321101,0.0,0.0,0.0,0.0009174311926605505,0.0,0.001834862385321101,0.001834862385321101,0.0,0.0009174311926605505,0.0009174311926605505,0.0009174311926605505,0.0,0.0,0.0,0.0,0.0,0.0,0.0,0.0027522935779816515,0.0027522935779816515,0.0,0.0009174311926605505,0.001834862385321101,0.0,0.0,0.0,0.0009174311926605505,0.0,0.0,0.0,0.0,0.0,0.0,0.0009174311926605505,0.0,0.0,0.0,0.0,0.0,0.0,0.0,0.0,0.0,0.0,0.0,0.0,0.0,0.0,0.0,0.0009174311926605505,0.0,0.0,0.0,0.0,0.0,0.0,0.0,0.0,0.0,0.0,0.0,0.0009174311926605505,0.0,0.0,0.0,0.0,0.0,0.0,0.0,0.0,0.0,0.0,0.0,0.0,0.0,0.0,0.0,martov
martov_o_terrore_I.txt,0.0017462165308498253,0.0005820721769499418,0.0014551804423748546,0.0034924330616996507,0.004365541327124563,0.0,0.033469150174621654,0.01949941792782305,0.0919674039580908,0.02357392316647264,0.005238649592549476,0.0032013969732246797,0.007566938300349243,0.01571594877764843,0.011932479627473807,0.002328288707799767,0.008731082654249126,0.0014551804423748546,0.004656577415599534,0.01338766006984866,0.011641443538998836,0.002619324796274738,0.004947613504074505,0.01018626309662398,0.0002910360884749709,0.002037252619324796,0.020081490104772993,0.012223515715948778,0.02677532013969732,0.09953434225844005,0.0002910360884749709,0.0002910360884749709,0.013678696158323633,0.008149010477299184,0.004074505238649592,0.004074505238649592,0.009313154831199068,0.011641443538998836,0.0037834691501746217,0.0017462165308498253,0.011641443538998836,0.028230500582072177,0.03434225844004657,0.0008731082654249127,0.0002910360884749709,0.011059371362048894,0.017462165308498253,0.0032013969732246797,0.002910360884749709,0.004656577415599534,0.006984866123399301,0.01338766006984866,0.043946449359720606,0.020663562281722933,0.01979045401629802,0.0011641443538998836,0.0,0.01920838183934808,0.002328288707799767,0.03841676367869616,0.0,0.0034924330616996507,0.002328288707799767,0.004656577415599534,0.0011641443538998836,0.0032013969732246797,0.0014551804423748546,0.0002910360884749709,0.0032013969732246797,0.002037252619324796,0.0,0.002910360884749709,0.004947613504074505,0.009022118742724098,0.002328288707799767,0.002910360884749709,0.0017462165308498253,0.0014551804423748546,0.002037252619324796,0.004656577415599534,0.002037252619324796,0.0002910360884749709,0.002619324796274738,0.0034924330616996507,0.002910360884749709,0.0,0.004656577415599534,0.017753201396973225,0.0014551804423748546,0.002619324796274738,0.021827706635622817,0.004074505238649592,0.002328288707799767,0.0002910360884749709,0.006402793946449359,0.0011641443538998836,0.0014551804423748546,0.0008731082654249127,0.0011641443538998836,0.0005820721769499418,0.0011641443538998836,0.002328288707799767,0.0005820721769499418,0.002328288707799767,0.002328288707799767,0.0,0.0,0.0,0.010768335273573923,0.0002910360884749709,0.004947613504074505,0.004365541327124563,0.004365541327124563,0.0002910360884749709,0.0014551804423748546,0.002037252619324796,0.0002910360884749709,0.0008731082654249127,0.0,0.0005820721769499418,0.0011641443538998836,0.0011641443538998836,0.0,0.0014551804423748546,0.0,0.0,0.0005820721769499418,0.0014551804423748546,0.0,0.0,0.0005820721769499418,0.0005820721769499418,0.0005820721769499418,0.0002910360884749709,0.0002910360884749709,0.0002910360884749709,0.0002910360884749709,0.0,0.0,0.002910360884749709,0.0,0.0005820721769499418,0.0008731082654249127,0.0,0.0008731082654249127,0.002619324796274738,0.0002910360884749709,0.0008731082654249127,0.0,0.0008731082654249127,0.0,0.0014551804423748546,0.0011641443538998836,0.002037252619324796,0.0,0.0005820721769499418,0.0017462165308498253,0.0,0.0014551804423748546,0.0002910360884749709,0.002328288707799767,0.0002910360884749709,0.0002910360884749709,0.0014551804423748546,0.0,0.002037252619324796,0.0,0.0002910360884749709,0.0,0.0014551804423748546,0.0,0.0011641443538998836,0.0002910360884749709,0.0002910360884749709,0.0011641443538998836,0.0,0.0,0.0011641443538998836,0.0,0.0,0.0,0.0,0.0,0.0008731082654249127,0.0014551804423748546,0.0017462165308498253,0.0005820721769499418,0.0014551804423748546,0.0002910360884749709,0.0,0.0002910360884749709,0.0,0.0,0.0,0.0,0.0,0.0002910360884749709,0.0,0.0,0.0,0.0,0.0,0.0,0.0,0.0002910360884749709,0.0,0.0,0.0,0.0,0.0,0.0,0.0,0.0,0.0,0.0,0.0,0.0,0.0,0.0,0.0,0.0,0.0,0.0,0.0,0.0,0.0,0.0,0.0,0.0,0.0,0.0,0.0,0.0,0.0,0.0,0.0,0.0,0.0,0.0,0.0,0.0,0.0,0.0,martov
martov_polit_partii_v_Rosii.txt,0.00492174426616793,0.0006890441972635102,0.000984348853233586,0.008563835023132198,0.0077763559405453295,0.0011812186238803033,0.025789939954719954,0.017816714243527907,0.06526232896938675,0.023821242248252782,0.005217048922138006,0.004134265183581061,0.006102962890048233,0.015552711881090659,0.008268530367162122,0.003740525642287627,0.011024707156216163,0.0008859139679102273,0.00492174426616793,0.015158972339797225,0.01752140958755783,0.002756176789054041,0.007874790825868687,0.010729402500246087,9.84348853233586e-05,0.0035436558716409093,0.02323063293631263,0.013879318830593563,0.029235160941037504,0.10778619942907766,0.0002953046559700758,0.0003937395412934344,0.012402795550743183,0.007284181513928537,0.0038389605276109855,0.002953046559700758,0.0077763559405453295,0.00561078846343144,0.003937395412934344,0.0017718279358204547,0.011320011812186238,0.03140072841815139,0.0211635003445221,0.0005906093119401516,0.000492174426616793,0.013387144403976769,0.021261935229845458,0.0023624372477606065,0.0034452209863175508,0.005118614036814647,0.009449748991042426,0.010827837385569446,0.03770056107884635,0.02106506545919874,0.02470715621616301,0.0013780883945270204,0.0001968697706467172,0.014469928142533714,0.003149916330347475,0.03573186337237917,9.84348853233586e-05,0.0034452209863175508,0.001673393050497096,0.0030514814450241165,0.0015749581651737375,0.0010827837385569445,0.002264002362437248,0.0006890441972635102,0.004331134954227778,0.0020671325917905304,0.0017718279358204547,0.0032483512156708336,0.002264002362437248,0.009548183876365784,0.0006890441972635102,0.0036420907569642683,0.002756176789054041,0.001673393050497096,0.002460872133083965,0.0032483512156708336,0.0006890441972635102,0.0015749581651737375,0.0032483512156708336,0.005118614036814647,0.004035830298257702,0.0003937395412934344,0.007874790825868687,0.01771827935820455,0.000492174426616793,0.0030514814450241165,0.010434097844276012,0.00492174426616793,0.0013780883945270204,0.0015749581651737375,0.00561078846343144,0.0025593070184073237,0.002264002362437248,0.0020671325917905304,0.0020671325917905304,0.0007874790825868688,0.000492174426616793,0.003937395412934344,0.0001968697706467172,0.00561078846343144,0.0026577419037306822,0.0,0.0,0.0,0.0183088886701447,0.000492174426616793,0.001673393050497096,0.004331134954227778,0.013091839748006694,0.0005906093119401516,0.0010827837385569445,0.0010827837385569445,0.0001968697706467172,0.0,0.0001968697706467172,0.0002953046559700758,0.0015749581651737375,0.0002953046559700758,0.0001968697706467172,0.000984348853233586,0.0003937395412934344,0.0,0.0001968697706467172,0.0018702628211438135,0.0,0.0,0.0010827837385569445,0.0007874790825868688,9.84348853233586e-05,0.0007874790825868688,0.000984348853233586,0.0001968697706467172,0.0006890441972635102,9.84348853233586e-05,0.0013780883945270204,0.0017718279358204547,0.0,0.0002953046559700758,0.0006890441972635102,9.84348853233586e-05,0.0006890441972635102,0.0020671325917905304,0.0005906093119401516,0.0010827837385569445,0.0003937395412934344,0.0011812186238803033,0.0,0.0012796535092036618,0.0005906093119401516,0.0011812186238803033,0.0,0.0005906093119401516,0.0003937395412934344,9.84348853233586e-05,9.84348853233586e-05,0.0003937395412934344,0.0030514814450241165,0.0011812186238803033,0.0005906093119401516,0.0036420907569642683,0.0001968697706467172,0.001673393050497096,9.84348853233586e-05,0.001476523279850379,9.84348853233586e-05,0.0007874790825868688,0.0,0.001673393050497096,0.0011812186238803033,0.0010827837385569445,0.0005906093119401516,0.0002953046559700758,9.84348853233586e-05,0.0002953046559700758,0.0,0.0,0.0001968697706467172,0.0,0.0001968697706467172,0.0003937395412934344,0.0018702628211438135,0.0011812186238803033,0.0011812186238803033,0.0007874790825868688,9.84348853233586e-05,0.0002953046559700758,0.0,0.0002953046559700758,9.84348853233586e-05,0.0,9.84348853233586e-05,0.0,0.000492174426616793,0.0,0.0,9.84348853233586e-05,0.0,0.0001968697706467172,0.0,0.0002953046559700758,9.84348853233586e-05,9.84348853233586e-05,9.84348853233586e-05,9.84348853233586e-05,9.84348853233586e-05,0.0,0.0002953046559700758,0.0,0.0,0.0,0.0,9.84348853233586e-05,0.0,0.0,0.0,0.0,0.0,0.0,0.0,0.0,0.0,0.0002953046559700758,0.0,0.0,0.0,0.0,0.0,0.0,9.84348853233586e-05,9.84348853233586e-05,0.0,0.0,0.0,0.0,9.84348853233586e-05,0.0,0.0,0.0,0.0,martov
martov_pravitelstvo_na_skamye_podsudimyh_I.txt,0.002297794117647059,0.00045955882352941176,0.002297794117647059,0.011948529411764705,0.006433823529411764,0.0009191176470588235,0.029871323529411766,0.011948529411764705,0.06525735294117647,0.025275735294117647,0.0055147058823529415,0.0009191176470588235,0.006433823529411764,0.016544117647058824,0.008272058823529412,0.003676470588235294,0.006893382352941176,0.0013786764705882354,0.0078125,0.015165441176470588,0.014246323529411764,0.003216911764705882,0.0078125,0.012408088235294117,0.0009191176470588235,0.003676470588235294,0.027113970588235295,0.012408088235294117,0.025275735294117647,0.10386029411764706,0.00045955882352941176,0.001838235294117647,0.009650735294117647,0.004136029411764706,0.0027573529411764708,0.0027573529411764708,0.009650735294117647,0.006433823529411764,0.0013786764705882354,0.001838235294117647,0.011029411764705883,0.02849264705882353,0.02389705882352941,0.00045955882352941176,0.0009191176470588235,0.009650735294117647,0.017922794117647058,0.0013786764705882354,0.004595588235294118,0.003676470588235294,0.006433823529411764,0.008272058823529412,0.05422794117647059,0.027573529411764705,0.034926470588235295,0.004136029411764706,0.0,0.012408088235294117,0.002297794117647059,0.05193014705882353,0.0,0.004595588235294118,0.00045955882352941176,0.0027573529411764708,0.0009191176470588235,0.0,0.003216911764705882,0.00045955882352941176,0.003676470588235294,0.00045955882352941176,0.00045955882352941176,0.0027573529411764708,0.003676470588235294,0.011029411764705883,0.001838235294117647,0.002297794117647059,0.002297794117647059,0.0013786764705882354,0.004595588235294118,0.0009191176470588235,0.00045955882352941176,0.0009191176470588235,0.0009191176470588235,0.004595588235294118,0.003216911764705882,0.00045955882352941176,0.003676470588235294,0.021139705882352942,0.0,0.001838235294117647,0.0055147058823529415,0.006893382352941176,0.002297794117647059,0.001838235294117647,0.0055147058823529415,0.0027573529411764708,0.0013786764705882354,0.001838235294117647,0.00045955882352941176,0.0,0.00045955882352941176,0.004595588235294118,0.00045955882352941176,0.00505514705882353,0.0027573529411764708,0.0,0.0,0.0,0.011948529411764705,0.00045955882352941176,0.003676470588235294,0.0027573529411764708,0.008272058823529412,0.0009191176470588235,0.004595588235294118,0.00045955882352941176,0.0,0.0,0.0,0.0,0.0013786764705882354,0.0009191176470588235,0.0,0.0009191176470588235,0.00045955882352941176,0.0,0.0009191176470588235,0.0027573529411764708,0.0,0.0,0.0,0.0,0.00045955882352941176,0.0013786764705882354,0.0,0.0,0.0009191176470588235,0.0,0.0009191176470588235,0.0009191176470588235,0.00045955882352941176,0.0,0.0,0.0,0.00045955882352941176,0.0009191176470588235,0.0009191176470588235,0.0009191176470588235,0.0,0.002297794117647059,0.0,0.0,0.0,0.0009191176470588235,0.0,0.0013786764705882354,0.0009191176470588235,0.0,0.001838235294117647,0.00045955882352941176,0.012867647058823529,0.00045955882352941176,0.0,0.0009191176470588235,0.0,0.003216911764705882,0.0,0.00045955882352941176,0.0,0.0013786764705882354,0.0,0.0013786764705882354,0.0,0.00045955882352941176,0.0,0.0009191176470588235,0.00045955882352941176,0.0,0.0,0.0,0.0,0.0,0.0,0.0,0.0009191176470588235,0.001838235294117647,0.00045955882352941176,0.00045955882352941176,0.0,0.0,0.0,0.0,0.0,0.0,0.0,0.0,0.0,0.0,0.0,0.00045955882352941176,0.0,0.00045955882352941176,0.0,0.0,0.00045955882352941176,0.0,0.0009191176470588235,0.0009191176470588235,0.0009191176470588235,0.0,0.00045955882352941176,0.0,0.0,0.0,0.0,0.0,0.0,0.0,0.0,0.0,0.0,0.0,0.0,0.0,0.0,0.0,0.0,0.0,0.0,0.0,0.0,0.0,0.00045955882352941176,0.0,0.0,0.0,0.0,0.0,0.0,0.0,0.0,0.0,0.0,martov
martov_probuzhdenie_demokratii_I.txt,0.0014240956992309882,0.0005696382796923954,0.0005696382796923954,0.0031330105383081744,0.009114212475078326,0.000854457419538593,0.03218456280262034,0.02335516946738821,0.10566790088293933,0.02307035032754201,0.00484192537738536,0.0028481913984619764,0.007690116775847337,0.01708914839077186,0.006835659356308744,0.003417829678154372,0.007120478496154941,0.000854457419538593,0.0011392765593847907,0.009399031614924523,0.0122472230133865,0.0028481913984619764,0.01082312731415551,0.011392765593847906,0.0002848191398461977,0.005126744517231558,0.02193107376815722,0.015095414411848477,0.02335516946738821,0.09512959270863001,0.0,0.0002848191398461977,0.009399031614924523,0.006835659356308744,0.0028481913984619764,0.0019937339789233835,0.00854457419538593,0.011107946454001708,0.00484192537738536,0.0011392765593847907,0.0122472230133865,0.02164625462831102,0.03788094559954429,0.0005696382796923954,0.0011392765593847907,0.014240956992309883,0.016234690971233267,0.002563372258615779,0.003987467957846767,0.002563372258615779,0.00854457419538593,0.012532042153232698,0.03902022215892908,0.024494446026773,0.01708914839077186,0.0011392765593847907,0.0,0.00854457419538593,0.0002848191398461977,0.03560239248077471,0.0002848191398461977,0.0028481913984619764,0.0002848191398461977,0.0014240956992309882,0.001708914839077186,0.000854457419538593,0.0022785531187695814,0.0002848191398461977,0.003987467957846767,0.0028481913984619764,0.0014240956992309882,0.0005696382796923954,0.003417829678154372,0.008259755055539733,0.000854457419538593,0.0028481913984619764,0.0019937339789233835,0.0002848191398461977,0.003987467957846767,0.0022785531187695814,0.0005696382796923954,0.0028481913984619764,0.0028481913984619764,0.003417829678154372,0.0028481913984619764,0.000854457419538593,0.009968669894616918,0.018513244090002847,0.0005696382796923954,0.0022785531187695814,0.02534890344631159,0.005411563657077755,0.0022785531187695814,0.0011392765593847907,0.00968385075477072,0.0031330105383081744,0.0011392765593847907,0.0002848191398461977,0.000854457419538593,0.000854457419538593,0.000854457419538593,0.007120478496154941,0.0014240956992309882,0.0028481913984619764,0.0028481913984619764,0.0,0.0,0.0,0.009114212475078326,0.000854457419538593,0.00370264881800057,0.00968385075477072,0.005981201936770151,0.0,0.0028481913984619764,0.0022785531187695814,0.0005696382796923954,0.0002848191398461977,0.0,0.0,0.001708914839077186,0.0005696382796923954,0.0002848191398461977,0.0005696382796923954,0.0002848191398461977,0.0,0.0002848191398461977,0.0005696382796923954,0.0002848191398461977,0.000854457419538593,0.000854457419538593,0.0005696382796923954,0.0002848191398461977,0.0002848191398461977,0.0,0.0002848191398461977,0.0,0.0,0.0,0.0005696382796923954,0.0005696382796923954,0.000854457419538593,0.001708914839077186,0.0,0.001708914839077186,0.000854457419538593,0.0011392765593847907,0.0005696382796923954,0.0011392765593847907,0.0011392765593847907,0.0002848191398461977,0.000854457419538593,0.001708914839077186,0.0011392765593847907,0.0,0.0011392765593847907,0.0005696382796923954,0.0,0.0005696382796923954,0.0,0.001708914839077186,0.0,0.0005696382796923954,0.0002848191398461977,0.0,0.0031330105383081744,0.0,0.0011392765593847907,0.0002848191398461977,0.0,0.0,0.0005696382796923954,0.0005696382796923954,0.0,0.000854457419538593,0.0,0.0,0.0014240956992309882,0.0,0.0,0.0,0.0,0.0,0.0,0.001708914839077186,0.0005696382796923954,0.001708914839077186,0.0014240956992309882,0.0002848191398461977,0.0002848191398461977,0.0002848191398461977,0.0,0.0002848191398461977,0.0,0.0,0.0,0.001708914839077186,0.0,0.0,0.0002848191398461977,0.0,0.0,0.000854457419538593,0.0,0.0,0.0,0.0002848191398461977,0.0002848191398461977,0.0,0.0,0.0,0.0,0.0,0.0,0.0,0.0,0.0,0.0002848191398461977,0.0,0.0,0.0,0.0,0.0,0.0,0.0,0.0,0.0,0.0,0.0,0.0,0.0,0.0,0.0002848191398461977,0.0,0.0,0.0,0.0,0.0,0.0,0.0,0.0,0.0,0.0,martov
martov_razgrom_I.txt,0.008640744433366567,0.0006646726487205051,0.005317381189764041,0.01030242605516783,0.005649717514124294,0.00033233632436025255,0.02459288800265869,0.01661681621801263,0.09936856098371552,0.017281488866733134,0.007643735460285809,0.006314390162844799,0.008308408109006314,0.016284479893652375,0.009305417082087071,0.0029910269192422734,0.011299435028248588,0.002326354270521768,0.006646726487205052,0.014290461947490861,0.01661681621801263,0.0019940179461615153,0.009305417082087071,0.01296111665004985,0.0009970089730807576,0.0036556995679627785,0.022931206380857428,0.012296444001329345,0.020272515785975408,0.10036556995679628,0.0006646726487205051,0.0,0.012296444001329345,0.01030242605516783,0.004652708541043536,0.0036556995679627785,0.007976071784646061,0.01661681621801263,0.004652708541043536,0.0006646726487205051,0.009305417082087071,0.01927550681289465,0.023928215353938187,0.0009970089730807576,0.0006646726487205051,0.01296111665004985,0.017613825191093387,0.004652708541043536,0.0029910269192422734,0.001661681621801263,0.007976071784646061,0.013293452974410104,0.028913260219341975,0.02193419740777667,0.013625789298770355,0.0009970089730807576,0.0006646726487205051,0.013293452974410104,0.0029910269192422734,0.027583914921900963,0.0,0.003988035892323031,0.0013293452974410102,0.004985044865403789,0.0013293452974410102,0.002326354270521768,0.0013293452974410102,0.00033233632436025255,0.0036556995679627785,0.0029910269192422734,0.0009970089730807576,0.0029910269192422734,0.003988035892323031,0.015287470920571618,0.0013293452974410102,0.0036556995679627785,0.0019940179461615153,0.00033233632436025255,0.003988035892323031,0.0029910269192422734,0.0006646726487205051,0.001661681621801263,0.0026586905948820204,0.008308408109006314,0.0019940179461615153,0.0006646726487205051,0.007976071784646061,0.027916251246261216,0.0006646726487205051,0.001661681621801263,0.011964107676969093,0.003323363243602526,0.0029910269192422734,0.0019940179461615153,0.007311399135925557,0.002326354270521768,0.0009970089730807576,0.001661681621801263,0.001661681621801263,0.0,0.0,0.003988035892323031,0.0,0.0013293452974410102,0.0029910269192422734,0.0,0.0,0.0,0.011299435028248588,0.0006646726487205051,0.004320372216683284,0.006646726487205052,0.006979062811565304,0.0006646726487205051,0.0013293452974410102,0.002326354270521768,0.0009970089730807576,0.00033233632436025255,0.0009970089730807576,0.0,0.0,0.00033233632436025255,0.00033233632436025255,0.0006646726487205051,0.0009970089730807576,0.0,0.0009970089730807576,0.001661681621801263,0.0,0.0,0.00033233632436025255,0.0009970089730807576,0.0,0.0009970089730807576,0.0,0.00033233632436025255,0.0,0.0,0.0,0.0019940179461615153,0.00033233632436025255,0.00033233632436025255,0.0009970089730807576,0.0,0.00033233632436025255,0.002326354270521768,0.0009970089730807576,0.0,0.0,0.0009970089730807576,0.0,0.0013293452974410102,0.0,0.0009970089730807576,0.0,0.00033233632436025255,0.00033233632436025255,0.0,0.0013293452974410102,0.00033233632436025255,0.001661681621801263,0.0006646726487205051,0.00033233632436025255,0.0026586905948820204,0.0,0.0029910269192422734,0.0,0.0013293452974410102,0.0,0.0009970089730807576,0.0,0.001661681621801263,0.00033233632436025255,0.0006646726487205051,0.0,0.0,0.0,0.0013293452974410102,0.0,0.0,0.0,0.0,0.0,0.0,0.0006646726487205051,0.001661681621801263,0.0013293452974410102,0.0009970089730807576,0.00033233632436025255,0.00033233632436025255,0.0,0.0,0.0,0.0,0.0,0.0,0.00033233632436025255,0.0,0.0,0.00033233632436025255,0.0,0.0,0.0006646726487205051,0.0,0.0,0.00033233632436025255,0.0006646726487205051,0.0009970089730807576,0.0,0.0,0.0,0.0,0.0,0.0,0.0,0.00033233632436025255,0.0,0.0,0.0,0.0,0.0,0.0,0.0,0.0,0.0,0.0,0.0,0.0,0.0,0.0,0.0,0.0,0.0,0.0,0.0,0.0,0.0,0.0,0.0,0.0,0.0,0.0,0.0,martov
martov_slezy_starogo_krokodila_I.txt,0.0033984706881903144,0.0016992353440951572,0.002548853016142736,0.0118946474086661,0.011469838572642312,0.0008496176720475786,0.0318606627017842,0.01826677994902294,0.07094307561597281,0.0237892948173322,0.004672897196261682,0.0038232795242141037,0.004672897196261682,0.015717926932880204,0.009345794392523364,0.002548853016142736,0.0118946474086661,0.0008496176720475786,0.0038232795242141037,0.01954120645709431,0.011045029736618521,0.002548853016142736,0.008071367884451997,0.0076465590484282074,0.0008496176720475786,0.0021240441801189465,0.022514868309260833,0.009345794392523364,0.022939677145284623,0.08878504672897196,0.0,0.0004248088360237893,0.012744265080713678,0.005097706032285472,0.0033984706881903144,0.0038232795242141037,0.009770603228547154,0.0033984706881903144,0.006796941376380629,0.0033984706881903144,0.009345794392523364,0.018691588785046728,0.02463891248937978,0.002548853016142736,0.0008496176720475786,0.011469838572642312,0.022939677145284623,0.0033984706881903144,0.004248088360237893,0.0021240441801189465,0.007221750212404418,0.010195412064570943,0.037383177570093455,0.03143585386576041,0.024214103653355988,0.0,0.0,0.025488530161427356,0.0033984706881903144,0.045454545454545456,0.0,0.0033984706881903144,0.0008496176720475786,0.001274426508071368,0.002548853016142736,0.0038232795242141037,0.0033984706881903144,0.0008496176720475786,0.002548853016142736,0.002973661852166525,0.001274426508071368,0.002973661852166525,0.0033984706881903144,0.005097706032285472,0.0004248088360237893,0.004248088360237893,0.0038232795242141037,0.0008496176720475786,0.0038232795242141037,0.004248088360237893,0.0004248088360237893,0.0004248088360237893,0.002548853016142736,0.006796941376380629,0.0038232795242141037,0.0,0.00594732370433305,0.015717926932880204,0.001274426508071368,0.002973661852166525,0.014443500424808835,0.0033984706881903144,0.0016992353440951572,0.0016992353440951572,0.0033984706881903144,0.0016992353440951572,0.002548853016142736,0.002973661852166525,0.0008496176720475786,0.0008496176720475786,0.0004248088360237893,0.0033984706881903144,0.001274426508071368,0.008496176720475786,0.001274426508071368,0.0,0.0,0.0,0.013169073916737469,0.0,0.0033984706881903144,0.0055225148683092605,0.0076465590484282074,0.0,0.0033984706881903144,0.0021240441801189465,0.0004248088360237893,0.0,0.0,0.0,0.0008496176720475786,0.0008496176720475786,0.001274426508071368,0.0008496176720475786,0.0008496176720475786,0.0,0.0008496176720475786,0.0021240441801189465,0.0004248088360237893,0.0,0.0016992353440951572,0.0,0.001274426508071368,0.001274426508071368,0.0008496176720475786,0.0004248088360237893,0.0,0.0004248088360237893,0.0,0.0004248088360237893,0.0,0.001274426508071368,0.0008496176720475786,0.0,0.0004248088360237893,0.0008496176720475786,0.0,0.0,0.0004248088360237893,0.0008496176720475786,0.0,0.0004248088360237893,0.0016992353440951572,0.001274426508071368,0.0,0.0004248088360237893,0.001274426508071368,0.0,0.0004248088360237893,0.002548853016142736,0.008920985556499575,0.0004248088360237893,0.0004248088360237893,0.0008496176720475786,0.0004248088360237893,0.002548853016142736,0.0,0.0004248088360237893,0.0004248088360237893,0.0,0.0,0.0021240441801189465,0.001274426508071368,0.0004248088360237893,0.0004248088360237893,0.0004248088360237893,0.0004248088360237893,0.0008496176720475786,0.0,0.0,0.0,0.0,0.0,0.0004248088360237893,0.0016992353440951572,0.00594732370433305,0.0016992353440951572,0.001274426508071368,0.0,0.0,0.0,0.0,0.001274426508071368,0.0,0.0,0.0,0.0,0.0,0.0,0.0,0.0,0.0,0.0004248088360237893,0.0004248088360237893,0.0,0.0,0.0,0.0,0.0,0.0,0.0,0.0,0.0,0.0,0.0,0.0,0.0,0.0,0.0,0.0,0.0,0.0,0.0,0.0,0.0,0.0,0.0,0.0,0.0,0.0,0.0,0.0,0.0,0.0,0.0,0.0,0.0,0.0,0.0,0.0,0.0,0.0,0.0,martov
martov_soc_dem_1905_1907.txt,0.004437049362174155,0.0005546311702717693,0.0016638935108153079,0.005546311702717693,0.0066555740432612314,0.0016638935108153079,0.03771491957848031,0.03549639489739324,0.1209095951192457,0.02329450915141431,0.0033277870216306157,0.0033277870216306157,0.005546311702717693,0.01552967276760954,0.0022185246810870773,0.0005546311702717693,0.007210205213533,0.0005546311702717693,0.004437049362174155,0.007210205213533,0.009983361064891847,0.007210205213533,0.0027731558513588465,0.005546311702717693,0.0,0.004991680532445923,0.024403771491957847,0.011647254575707155,0.018857459789240156,0.09151414309484193,0.0,0.0,0.012201885745978924,0.003882418191902385,0.0066555740432612314,0.0027731558513588465,0.008319467554076539,0.008319467554076539,0.006100942872989462,0.0011092623405435386,0.004437049362174155,0.02384914032168608,0.04603438713255685,0.0005546311702717693,0.0,0.012756516916250694,0.013311148086522463,0.0022185246810870773,0.0016638935108153079,0.0022185246810870773,0.005546311702717693,0.014420410427066,0.048807542983915694,0.02384914032168608,0.018857459789240156,0.0011092623405435386,0.0005546311702717693,0.011647254575707155,0.0,0.041042706600110924,0.0005546311702717693,0.0027731558513588465,0.0005546311702717693,0.0016638935108153079,0.0005546311702717693,0.0,0.0005546311702717693,0.0005546311702717693,0.003882418191902385,0.0016638935108153079,0.0011092623405435386,0.0033277870216306157,0.0005546311702717693,0.003882418191902385,0.0005546311702717693,0.0005546311702717693,0.0027731558513588465,0.0011092623405435386,0.0033277870216306157,0.0022185246810870773,0.0,0.0011092623405435386,0.0027731558513588465,0.0011092623405435386,0.004991680532445923,0.0005546311702717693,0.009428729894620078,0.01774819744869662,0.0011092623405435386,0.0033277870216306157,0.027731558513588463,0.0011092623405435386,0.0027731558513588465,0.0011092623405435386,0.0027731558513588465,0.0027731558513588465,0.0027731558513588465,0.0022185246810870773,0.0011092623405435386,0.0005546311702717693,0.0,0.004437049362174155,0.0,0.0022185246810870773,0.0016638935108153079,0.0,0.0,0.0,0.01608430393788131,0.0,0.0016638935108153079,0.009428729894620078,0.003882418191902385,0.0005546311702717693,0.0005546311702717693,0.0011092623405435386,0.0,0.0011092623405435386,0.0011092623405435386,0.0,0.0027731558513588465,0.0,0.0,0.0011092623405435386,0.0005546311702717693,0.0,0.0,0.0011092623405435386,0.0005546311702717693,0.0,0.0011092623405435386,0.0011092623405435386,0.0005546311702717693,0.0005546311702717693,0.0005546311702717693,0.0,0.0,0.0,0.0005546311702717693,0.0022185246810870773,0.0005546311702717693,0.0005546311702717693,0.0005546311702717693,0.0,0.0016638935108153079,0.0005546311702717693,0.0011092623405435386,0.0,0.0005546311702717693,0.0016638935108153079,0.0005546311702717693,0.0011092623405435386,0.0,0.0011092623405435386,0.0,0.0022185246810870773,0.0011092623405435386,0.0,0.0,0.0022185246810870773,0.0033277870216306157,0.0,0.0016638935108153079,0.0005546311702717693,0.0,0.0016638935108153079,0.0005546311702717693,0.0,0.0,0.0,0.0,0.003882418191902385,0.0011092623405435386,0.0005546311702717693,0.0,0.0,0.0005546311702717693,0.0,0.0,0.0,0.0011092623405435386,0.0,0.0,0.0,0.0022185246810870773,0.0005546311702717693,0.0005546311702717693,0.0,0.0,0.0,0.0,0.0,0.0,0.0,0.0,0.0,0.0011092623405435386,0.0,0.0,0.0005546311702717693,0.0,0.0,0.0005546311702717693,0.0,0.0,0.0,0.0,0.0,0.0,0.0,0.0,0.0,0.0,0.0,0.0,0.0,0.0,0.0005546311702717693,0.0,0.0,0.0,0.0,0.0005546311702717693,0.0,0.0,0.0,0.0,0.0,0.0,0.0,0.0,0.0,0.0,0.0,0.0,0.0,0.0,0.0,0.0,0.0,0.0,0.0,0.0,martov
martov_tak_li_my_gotovimsya_I.txt,0.0005722460658082976,0.0005722460658082976,0.0002861230329041488,0.0022889842632331904,0.004577968526466381,0.0017167381974248926,0.02575107296137339,0.01659513590844063,0.08612303290414879,0.02145922746781116,0.006008583690987125,0.004291845493562232,0.007439198855507869,0.01602288984263233,0.008297567954220314,0.002861230329041488,0.014878397711015737,0.0017167381974248926,0.004005722460658083,0.01430615164520744,0.010586552217453506,0.0011444921316165952,0.006294706723891273,0.012303290414878397,0.0002861230329041488,0.0031473533619456365,0.02145922746781116,0.017167381974248927,0.0340486409155937,0.09699570815450644,0.0,0.0002861230329041488,0.013447782546494993,0.010014306151645207,0.002861230329041488,0.0022889842632331904,0.018311874105865523,0.015450643776824034,0.006580829756795422,0.0022889842632331904,0.012303290414878397,0.022317596566523604,0.026895565092989987,0.0002861230329041488,0.0008583690987124463,0.01602288984263233,0.020314735336194562,0.002575107296137339,0.005150214592274678,0.004005722460658083,0.00944206008583691,0.011158798283261802,0.03261802575107296,0.02317596566523605,0.020600858369098713,0.0020028612303290413,0.0002861230329041488,0.00944206008583691,0.0017167381974248926,0.0340486409155937,0.0002861230329041488,0.0020028612303290413,0.0017167381974248926,0.004291845493562232,0.0034334763948497852,0.0017167381974248926,0.0020028612303290413,0.0002861230329041488,0.0034334763948497852,0.002861230329041488,0.0011444921316165952,0.0017167381974248926,0.0031473533619456365,0.008297567954220314,0.001430615164520744,0.002575107296137339,0.0020028612303290413,0.0005722460658082976,0.0022889842632331904,0.0031473533619456365,0.001430615164520744,0.0008583690987124463,0.0031473533619456365,0.004577968526466381,0.0011444921316165952,0.001430615164520744,0.0068669527896995704,0.020314735336194562,0.0005722460658082976,0.0022889842632331904,0.01602288984263233,0.005150214592274678,0.0017167381974248926,0.001430615164520744,0.005722460658082976,0.0020028612303290413,0.001430615164520744,0.0005722460658082976,0.0017167381974248926,0.0011444921316165952,0.0020028612303290413,0.004005722460658083,0.0,0.002861230329041488,0.0017167381974248926,0.0,0.0,0.0,0.010300429184549357,0.0002861230329041488,0.004577968526466381,0.007439198855507869,0.007439198855507869,0.0002861230329041488,0.0037195994277539344,0.004577968526466381,0.0008583690987124463,0.0011444921316165952,0.0002861230329041488,0.0002861230329041488,0.0020028612303290413,0.0,0.0002861230329041488,0.0011444921316165952,0.0005722460658082976,0.0,0.0008583690987124463,0.0020028612303290413,0.0,0.0005722460658082976,0.0,0.0011444921316165952,0.0,0.0,0.0,0.0008583690987124463,0.0002861230329041488,0.0,0.0002861230329041488,0.002575107296137339,0.0005722460658082976,0.0008583690987124463,0.0017167381974248926,0.0,0.0005722460658082976,0.0011444921316165952,0.0008583690987124463,0.0002861230329041488,0.0005722460658082976,0.0017167381974248926,0.0,0.0022889842632331904,0.001430615164520744,0.0011444921316165952,0.0,0.0002861230329041488,0.0002861230329041488,0.0,0.0005722460658082976,0.0,0.0017167381974248926,0.0,0.0002861230329041488,0.0008583690987124463,0.0011444921316165952,0.001430615164520744,0.0,0.0002861230329041488,0.0,0.0008583690987124463,0.0,0.0011444921316165952,0.0008583690987124463,0.0002861230329041488,0.0008583690987124463,0.0,0.0,0.0008583690987124463,0.0,0.0,0.0002861230329041488,0.0,0.0,0.0002861230329041488,0.002861230329041488,0.0020028612303290413,0.0017167381974248926,0.0011444921316165952,0.0002861230329041488,0.0,0.0,0.0002861230329041488,0.0,0.0,0.0,0.0,0.0005722460658082976,0.0002861230329041488,0.0,0.0,0.0,0.0,0.0,0.0,0.0002861230329041488,0.0,0.0005722460658082976,0.0005722460658082976,0.0,0.0,0.0002861230329041488,0.0,0.0,0.0,0.0,0.0002861230329041488,0.0,0.0005722460658082976,0.0,0.0,0.0,0.0,0.0,0.0,0.0,0.0005722460658082976,0.0,0.0,0.0,0.0,0.0,0.0,0.0,0.0,0.0,0.0,0.0,0.0,0.0,0.0,0.0,0.0,0.0,martov
martov_voyna_i_ross_dem.txt,0.004451038575667656,0.0019075879610004239,0.001271725307333616,0.007842306061890632,0.0066765578635014835,0.000635862653666808,0.03412462908011869,0.02320898685883849,0.09167019923696482,0.018757948283170834,0.004874947011445528,0.004345061466723188,0.008690122933446376,0.016002543450614668,0.01006782534972446,0.0032852903772785077,0.008584145824501907,0.001377702416278084,0.00476896990250106,0.012081390419669352,0.012293344637558287,0.00211954217888936,0.007524374735057227,0.011975413310724884,0.000317931326833404,0.0026494277236117,0.0238448495125053,0.01112759643916914,0.024374735057227637,0.08785502331496396,0.000423908435777872,0.000105977108944468,0.012611275964391691,0.005510809665112336,0.0032852903772785077,0.002543450614667232,0.00688851208139042,0.005934718100890208,0.0051928783382789315,0.002225519287833828,0.011021619330224672,0.01960576515472658,0.03804578211106401,0.000211954217888936,0.000635862653666808,0.014412886816447647,0.018863925392115302,0.00317931326833404,0.0046629927935565915,0.004027130139889784,0.007312420517168292,0.013247138618058499,0.0344425604069521,0.021513353115727003,0.01896990250105977,0.000423908435777872,0.0,0.012399321746502755,0.0018016108520559559,0.040377278507842305,0.000105977108944468,0.003497244595167444,0.00052988554472234,0.00370919881305638,0.0018016108520559559,0.00211954217888936,0.001377702416278084,0.00052988554472234,0.003921153030945316,0.00211954217888936,0.000211954217888936,0.00158965663416702,0.003497244595167444,0.012081390419669352,0.001483679525222552,0.002225519287833828,0.00370919881305638,0.0009537939805002119,0.0028613819415006358,0.00370919881305638,0.000741839762611276,0.0011657481983891479,0.001695633743111488,0.00476896990250106,0.002225519287833828,0.000423908435777872,0.008372191606612971,0.017592200084781687,0.000635862653666808,0.002967359050445104,0.018545994065281898,0.003921153030945316,0.0023314963967782957,0.0018016108520559559,0.005086901229334464,0.0026494277236117,0.00317931326833404,0.0023314963967782957,0.000423908435777872,0.0009537939805002119,0.000635862653666808,0.005086901229334464,0.000423908435777872,0.003391267486222976,0.00317931326833404,0.0,0.000317931326833404,0.000211954217888936,0.01377702416278084,0.00052988554472234,0.00317931326833404,0.0057227638830012716,0.007100466299279355,0.000423908435777872,0.0018016108520559559,0.0036032217041119118,0.000423908435777872,0.001377702416278084,0.00105977108944468,0.000211954217888936,0.0009537939805002119,0.001377702416278084,0.000211954217888936,0.000847816871555744,0.000423908435777872,0.0,0.000317931326833404,0.0018016108520559559,0.000105977108944468,0.000105977108944468,0.000317931326833404,0.000423908435777872,0.000105977108944468,0.00105977108944468,0.000317931326833404,0.000211954217888936,0.000847816871555744,0.0,0.001483679525222552,0.000847816871555744,0.000211954217888936,0.00052988554472234,0.000741839762611276,0.000317931326833404,0.000847816871555744,0.00158965663416702,0.00105977108944468,0.000105977108944468,0.0009537939805002119,0.001377702416278084,0.0,0.001695633743111488,0.000847816871555744,0.000635862653666808,0.0,0.0009537939805002119,0.0011657481983891479,0.0,0.0009537939805002119,0.000211954217888936,0.0036032217041119118,0.000211954217888936,0.000847816871555744,0.003391267486222976,0.000317931326833404,0.002543450614667232,0.0,0.0009537939805002119,0.000105977108944468,0.0011657481983891479,0.000105977108944468,0.002967359050445104,0.0026494277236117,0.000105977108944468,0.000423908435777872,0.000423908435777872,0.000211954217888936,0.000635862653666808,0.0,0.0,0.0,0.0,0.000847816871555744,0.000423908435777872,0.001271725307333616,0.000741839762611276,0.000317931326833404,0.000741839762611276,0.000211954217888936,0.000423908435777872,0.0,0.0,0.000105977108944468,0.0,0.00052988554472234,0.0,0.000423908435777872,0.0,0.0,0.000317931326833404,0.0,0.000105977108944468,0.0,0.0,0.0,0.0,0.000105977108944468,0.000105977108944468,0.0,0.0,0.000211954217888936,0.000105977108944468,0.0,0.0,0.000105977108944468,0.000211954217888936,0.0,0.000105977108944468,0.0,0.000211954217888936,0.000211954217888936,0.000105977108944468,0.0,0.0,0.0,0.0,0.0,0.0,0.0,0.0,0.0,0.0,0.000317931326833404,0.0,0.000105977108944468,0.0,0.0,0.0,0.000105977108944468,0.0,0.0,0.0,0.0,martov
ortodox_eshe1_kritik_Marxa.txt,0.001960015680125441,0.0027440219521756176,0.005096040768326146,0.014896119168953352,0.012152097216777734,0.0027440219521756176,0.022736181889455115,0.011760094080752646,0.05605644845158761,0.01568012544100353,0.005488043904351235,0.004704037632301058,0.007056056448451587,0.00862406899255194,0.008232065856526851,0.005096040768326146,0.012936103488827911,0.0011760094080752645,0.006664053312426499,0.014504116032928263,0.010192081536652292,0.0003920031360250882,0.00862406899255194,0.011760094080752646,0.0,0.0007840062720501764,0.01960015680125441,0.010192081536652292,0.029008232065856527,0.09016072128577028,0.0007840062720501764,0.0,0.01097608780870247,0.009800078400627205,0.0015680125441003528,0.0035280282242257936,0.008232065856526851,0.005880047040376323,0.005096040768326146,0.001960015680125441,0.012152097216777734,0.02391219129753038,0.016464131713053703,0.0003920031360250882,0.0007840062720501764,0.013328106624852998,0.020384163073304585,0.0027440219521756176,0.002352018816150529,0.0035280282242257936,0.005488043904351235,0.01097608780870247,0.04468835750686005,0.025872206977655823,0.023128185025480204,0.0015680125441003528,0.0003920031360250882,0.024696197569580556,0.0015680125441003528,0.033320266562132494,0.0,0.0035280282242257936,0.0007840062720501764,0.0015680125441003528,0.0011760094080752645,0.0007840062720501764,0.0031360250882007056,0.0015680125441003528,0.001960015680125441,0.0011760094080752645,0.0003920031360250882,0.001960015680125441,0.004704037632301058,0.010584084672677381,0.001960015680125441,0.0027440219521756176,0.0015680125441003528,0.002352018816150529,0.002352018816150529,0.0035280282242257936,0.0007840062720501764,0.0015680125441003528,0.002352018816150529,0.003920031360250882,0.0027440219521756176,0.0,0.006664053312426499,0.01764014112112897,0.0003920031360250882,0.001960015680125441,0.007840062720501764,0.006272050176401411,0.0007840062720501764,0.0011760094080752645,0.006272050176401411,0.0031360250882007056,0.005488043904351235,0.004704037632301058,0.001960015680125441,0.0011760094080752645,0.0011760094080752645,0.00431203449627597,0.0,0.004704037632301058,0.0015680125441003528,0.00431203449627597,0.022344178753430026,0.005880047040376323,0.012152097216777734,0.0,0.0015680125441003528,0.00431203449627597,0.006664053312426499,0.0011760094080752645,0.0011760094080752645,0.002352018816150529,0.0007840062720501764,0.0,0.0007840062720501764,0.001960015680125441,0.002352018816150529,0.0011760094080752645,0.0003920031360250882,0.0,0.0007840062720501764,0.0,0.0003920031360250882,0.0011760094080752645,0.0,0.0003920031360250882,0.0003920031360250882,0.0015680125441003528,0.0,0.0027440219521756176,0.0007840062720501764,0.0,0.0003920031360250882,0.0,0.0003920031360250882,0.001960015680125441,0.0,0.0007840062720501764,0.0011760094080752645,0.0,0.0011760094080752645,0.002352018816150529,0.0003920031360250882,0.0007840062720501764,0.001960015680125441,0.0007840062720501764,0.0,0.0,0.0011760094080752645,0.0003920031360250882,0.0,0.0011760094080752645,0.0015680125441003528,0.0003920031360250882,0.0011760094080752645,0.0007840062720501764,0.01568012544100353,0.001960015680125441,0.0,0.0007840062720501764,0.0,0.0003920031360250882,0.0,0.0027440219521756176,0.0003920031360250882,0.0007840062720501764,0.0011760094080752645,0.0015680125441003528,0.0011760094080752645,0.0007840062720501764,0.002352018816150529,0.0011760094080752645,0.0003920031360250882,0.0007840062720501764,0.0011760094080752645,0.0007840062720501764,0.0,0.0,0.0,0.0003920031360250882,0.0011760094080752645,0.0015680125441003528,0.0003920031360250882,0.001960015680125441,0.0007840062720501764,0.0,0.0,0.0,0.0,0.0,0.0003920031360250882,0.0,0.0,0.0,0.0007840062720501764,0.0,0.0,0.0,0.0,0.0,0.0003920031360250882,0.0,0.0007840062720501764,0.0007840062720501764,0.0011760094080752645,0.0,0.0015680125441003528,0.0003920031360250882,0.0,0.0,0.0,0.0,0.0,0.0,0.0003920031360250882,0.0003920031360250882,0.0,0.0,0.0,0.0,0.0,0.0003920031360250882,0.0,0.0,0.0,0.0,0.0003920031360250882,0.0,0.0003920031360250882,0.0003920031360250882,0.0,0.0,0.0,0.0,0.0003920031360250882,0.0,0.0,0.0003920031360250882,0.0,ortodox
ortodox_pismo_evreya_k_evreyam_I.txt,0.0011098779134295228,0.0003699593044765076,0.0011098779134295228,0.009988901220865706,0.00776914539400666,0.003699593044765076,0.024787273399926008,0.02182759896411395,0.09618941916389197,0.020347761746207917,0.0059193488716241215,0.0007399186089530152,0.007029226785053644,0.011098779134295227,0.008509064002959674,0.003329633740288568,0.01072881982981872,0.0029596744358120607,0.0059193488716241215,0.008509064002959674,0.013318534961154272,0.003699593044765076,0.00924898261191269,0.012578616352201259,0.0,0.005549389567147614,0.02589715131335553,0.015908250092489827,0.020717721050684423,0.08990011098779134,0.0,0.0,0.016278209396966333,0.00924898261191269,0.0014798372179060304,0.0029596744358120607,0.004069552349241583,0.01368849426563078,0.004069552349241583,0.001849796522382538,0.013318534961154272,0.01220865704772475,0.027007029226785054,0.0,0.0011098779134295228,0.012948575656677765,0.03070662227155013,0.0059193488716241215,0.004439511653718091,0.0014798372179060304,0.004809470958194599,0.014058453570107288,0.028116907140214576,0.017388087310395855,0.01553829078801332,0.0,0.0,0.003329633740288568,0.0014798372179060304,0.027007029226785054,0.0,0.0029596744358120607,0.0011098779134295228,0.006659267480577136,0.005179430262671106,0.0014798372179060304,0.0014798372179060304,0.0007399186089530152,0.004809470958194599,0.003329633740288568,0.0011098779134295228,0.001849796522382538,0.003699593044765076,0.008879023307436182,0.0029596744358120607,0.003699593044765076,0.004439511653718091,0.0007399186089530152,0.002589715131335553,0.003699593044765076,0.0011098779134295228,0.0029596744358120607,0.003329633740288568,0.0029596744358120607,0.003329633740288568,0.0,0.006289308176100629,0.014798372179060304,0.0003699593044765076,0.003699593044765076,0.024787273399926008,0.003329633740288568,0.0014798372179060304,0.004069552349241583,0.005179430262671106,0.003699593044765076,0.006289308176100629,0.003699593044765076,0.0011098779134295228,0.0,0.0003699593044765076,0.005549389567147614,0.0,0.0059193488716241215,0.004809470958194599,0.0,0.0,0.0,0.011468738438771735,0.0003699593044765076,0.0014798372179060304,0.010358860525342212,0.0059193488716241215,0.0022197558268590455,0.002589715131335553,0.0022197558268590455,0.0,0.0003699593044765076,0.0007399186089530152,0.0014798372179060304,0.001849796522382538,0.001849796522382538,0.0003699593044765076,0.001849796522382538,0.0003699593044765076,0.0,0.0011098779134295228,0.0022197558268590455,0.0,0.0003699593044765076,0.0003699593044765076,0.0014798372179060304,0.0,0.0007399186089530152,0.0003699593044765076,0.0003699593044765076,0.0,0.0,0.0011098779134295228,0.0022197558268590455,0.0,0.0003699593044765076,0.0029596744358120607,0.0,0.0,0.003329633740288568,0.0014798372179060304,0.0003699593044765076,0.0011098779134295228,0.0011098779134295228,0.0,0.0022197558268590455,0.0003699593044765076,0.0003699593044765076,0.0,0.0011098779134295228,0.0014798372179060304,0.0003699593044765076,0.0011098779134295228,0.0011098779134295228,0.004809470958194599,0.0014798372179060304,0.0007399186089530152,0.0014798372179060304,0.0,0.0022197558268590455,0.0,0.0003699593044765076,0.0003699593044765076,0.0007399186089530152,0.0,0.0007399186089530152,0.0003699593044765076,0.0007399186089530152,0.0003699593044765076,0.0011098779134295228,0.0,0.0014798372179060304,0.0,0.0,0.002589715131335553,0.0,0.0,0.0011098779134295228,0.0003699593044765076,0.0003699593044765076,0.0007399186089530152,0.0007399186089530152,0.0003699593044765076,0.0,0.0,0.0,0.0003699593044765076,0.0,0.0,0.0,0.0,0.0,0.0,0.0003699593044765076,0.0,0.0007399186089530152,0.0003699593044765076,0.0003699593044765076,0.0003699593044765076,0.0,0.0,0.0003699593044765076,0.0,0.0,0.0007399186089530152,0.0,0.0,0.0,0.0,0.0,0.0,0.0,0.0,0.0,0.0,0.0,0.0007399186089530152,0.0003699593044765076,0.0,0.001849796522382538,0.0003699593044765076,0.0,0.0,0.0,0.0,0.0007399186089530152,0.0,0.0,0.0,0.0,0.0,0.0,0.0,0.0,0.0,0.0,0.0,ortodox
ortodox_v_otvet_Bovu_I.txt,0.0014457831325301205,0.0009638554216867469,0.0024096385542168677,0.008674698795180723,0.0038554216867469878,0.002168674698795181,0.023855421686746987,0.016144578313253014,0.07614457831325301,0.021686746987951807,0.005783132530120482,0.0077108433734939755,0.00891566265060241,0.011566265060240964,0.01325301204819277,0.0031325301204819275,0.012289156626506025,0.002168674698795181,0.005783132530120482,0.014216867469879518,0.013734939759036145,0.002168674698795181,0.012771084337349397,0.015903614457831325,0.00048192771084337347,0.0033734939759036144,0.020481927710843374,0.015903614457831325,0.026265060240963856,0.08481927710843373,0.00024096385542168674,0.0,0.014939759036144579,0.00963855421686747,0.0033734939759036144,0.0024096385542168677,0.006987951807228916,0.010843373493975903,0.005783132530120482,0.002891566265060241,0.015903614457831325,0.01759036144578313,0.017349397590361446,0.00024096385542168674,0.0007228915662650603,0.011566265060240964,0.02506024096385542,0.005301204819277108,0.0033734939759036144,0.0033734939759036144,0.006265060240963855,0.015421686746987951,0.04674698795180723,0.018795180722891568,0.016144578313253014,0.0,0.0,0.017349397590361446,0.0007228915662650603,0.023614457831325302,0.0,0.004337349397590362,0.0007228915662650603,0.0019277108433734939,0.002650602409638554,0.0024096385542168677,0.0019277108433734939,0.00024096385542168674,0.005542168674698795,0.0033734939759036144,0.00024096385542168674,0.0016867469879518072,0.005060240963855421,0.007228915662650603,0.0014457831325301205,0.002891566265060241,0.005060240963855421,0.00024096385542168674,0.0033734939759036144,0.0038554216867469878,0.0016867469879518072,0.0,0.005542168674698795,0.005542168674698795,0.0038554216867469878,0.0012048192771084338,0.00891566265060241,0.009879518072289156,0.0009638554216867469,0.0019277108433734939,0.01566265060240964,0.002168674698795181,0.0,0.002650602409638554,0.0031325301204819275,0.0016867469879518072,0.01108433734939759,0.0009638554216867469,0.0009638554216867469,0.0012048192771084338,0.0007228915662650603,0.006987951807228916,0.00024096385542168674,0.005301204819277108,0.0024096385542168677,0.0012048192771084338,0.006506024096385542,0.0016867469879518072,0.012289156626506025,0.0,0.0016867469879518072,0.0074698795180722895,0.00819277108433735,0.0009638554216867469,0.0007228915662650603,0.0009638554216867469,0.00024096385542168674,0.0007228915662650603,0.0007228915662650603,0.0007228915662650603,0.0016867469879518072,0.0019277108433734939,0.00048192771084337347,0.0007228915662650603,0.00024096385542168674,0.0,0.0,0.0024096385542168677,0.00024096385542168674,0.00024096385542168674,0.0,0.00048192771084337347,0.0,0.0009638554216867469,0.00048192771084337347,0.00048192771084337347,0.0,0.0,0.002168674698795181,0.0012048192771084338,0.0,0.00024096385542168674,0.0012048192771084338,0.00024096385542168674,0.0009638554216867469,0.0016867469879518072,0.00048192771084337347,0.00048192771084337347,0.00048192771084337347,0.002168674698795181,0.0,0.0009638554216867469,0.0007228915662650603,0.00024096385542168674,0.00024096385542168674,0.0012048192771084338,0.0014457831325301205,0.0,0.0007228915662650603,0.0,0.0074698795180722895,0.0007228915662650603,0.0,0.0009638554216867469,0.0,0.0009638554216867469,0.0,0.0074698795180722895,0.00024096385542168674,0.0012048192771084338,0.0,0.0016867469879518072,0.00048192771084337347,0.0009638554216867469,0.0009638554216867469,0.0014457831325301205,0.0007228915662650603,0.0009638554216867469,0.0,0.0,0.00048192771084337347,0.0,0.0,0.00024096385542168674,0.0014457831325301205,0.0016867469879518072,0.00024096385542168674,0.0019277108433734939,0.00024096385542168674,0.00024096385542168674,0.0,0.0,0.0,0.0,0.0,0.0,0.0,0.0,0.0,0.00024096385542168674,0.0,0.0,0.0,0.00024096385542168674,0.0,0.0,0.0,0.0,0.0,0.0,0.00048192771084337347,0.00024096385542168674,0.0,0.0,0.0,0.0,0.0,0.0,0.00048192771084337347,0.002168674698795181,0.00048192771084337347,0.0,0.0,0.0,0.0,0.0,0.00024096385542168674,0.0,0.0,0.0,0.0,0.0,0.0,0.0,0.0,0.0,0.0,0.0,0.0,0.0012048192771084338,0.0,0.00048192771084337347,0.0,ortodox
parvus_bez_tsarya_pravitelstvo_rabochee.txt,0.0011098779134295228,0.0011098779134295228,0.003329633740288568,0.003329633740288568,0.02885682574916759,0.004439511653718091,0.017758046614872364,0.013318534961154272,0.07880133185349611,0.033296337402885685,0.004439511653718091,0.0022197558268590455,0.004439511653718091,0.00776914539400666,0.009988901220865706,0.0011098779134295228,0.00776914539400666,0.0011098779134295228,0.005549389567147614,0.011098779134295227,0.01997780244173141,0.003329633740288568,0.011098779134295227,0.009988901220865706,0.0022197558268590455,0.003329633740288568,0.0244173140954495,0.008879023307436182,0.021087680355160933,0.10432852386237514,0.0,0.0011098779134295228,0.005549389567147614,0.006659267480577136,0.003329633740288568,0.0011098779134295228,0.00776914539400666,0.009988901220865706,0.003329633740288568,0.0011098779134295228,0.013318534961154272,0.013318534961154272,0.022197558268590455,0.0,0.0,0.01220865704772475,0.023307436182019976,0.0022197558268590455,0.005549389567147614,0.008879023307436182,0.004439511653718091,0.016648168701442843,0.02774694783573807,0.013318534961154272,0.03773584905660377,0.0011098779134295228,0.0,0.003329633740288568,0.0,0.041065482796892344,0.0,0.005549389567147614,0.0011098779134295228,0.008879023307436182,0.004439511653718091,0.003329633740288568,0.0011098779134295228,0.0022197558268590455,0.00776914539400666,0.003329633740288568,0.0022197558268590455,0.0022197558268590455,0.0,0.013318534961154272,0.003329633740288568,0.0,0.006659267480577136,0.0022197558268590455,0.0022197558268590455,0.003329633740288568,0.0011098779134295228,0.011098779134295227,0.004439511653718091,0.008879023307436182,0.0022197558268590455,0.0,0.00776914539400666,0.014428412874583796,0.003329633740288568,0.0,0.008879023307436182,0.0022197558268590455,0.0,0.0022197558268590455,0.00776914539400666,0.003329633740288568,0.0,0.0011098779134295228,0.0011098779134295228,0.003329633740288568,0.0,0.003329633740288568,0.0,0.006659267480577136,0.0011098779134295228,0.0,0.0,0.0,0.01997780244173141,0.0,0.0022197558268590455,0.004439511653718091,0.016648168701442843,0.0,0.0011098779134295228,0.0,0.0011098779134295228,0.0,0.0011098779134295228,0.0022197558268590455,0.0,0.0,0.005549389567147614,0.0,0.0,0.0,0.0011098779134295228,0.0011098779134295228,0.0,0.0,0.0022197558268590455,0.0,0.0011098779134295228,0.0,0.0,0.0,0.0,0.0,0.0022197558268590455,0.0,0.0,0.003329633740288568,0.0,0.0,0.003329633740288568,0.004439511653718091,0.0,0.0011098779134295228,0.0,0.004439511653718091,0.0,0.0022197558268590455,0.0,0.0011098779134295228,0.0,0.0,0.0,0.0011098779134295228,0.0,0.0,0.004439511653718091,0.0,0.0,0.0,0.0,0.0,0.0,0.0,0.0,0.0,0.0,0.0,0.0,0.0,0.0,0.0,0.0,0.0011098779134295228,0.0,0.0,0.0,0.0,0.0,0.0,0.0,0.0,0.003329633740288568,0.0011098779134295228,0.0,0.0,0.0011098779134295228,0.0,0.0,0.0,0.0,0.0,0.0,0.0,0.0,0.0,0.0,0.0,0.0,0.0,0.0,0.0022197558268590455,0.0,0.0,0.0,0.0,0.0,0.0,0.0,0.0,0.0,0.0,0.0,0.0,0.0,0.0,0.0,0.0,0.0,0.0,0.0,0.0,0.0,0.0,0.0,0.0,0.0,0.0,0.0,0.0,0.0,0.0,0.0,0.0,0.0,0.0,0.0,0.0,0.0,parvus
parvus_borba_protiv_tsarizma.txt,0.0041946308724832215,0.0025167785234899327,0.0016778523489932886,0.0050335570469798654,0.020134228187919462,0.00587248322147651,0.022651006711409395,0.022651006711409395,0.09312080536912752,0.024328859060402684,0.006711409395973154,0.00587248322147651,0.0050335570469798654,0.014261744966442953,0.010906040268456376,0.006711409395973154,0.010906040268456376,0.0016778523489932886,0.007550335570469799,0.010067114093959731,0.00587248322147651,0.0041946308724832215,0.006711409395973154,0.015939597315436243,0.0,0.0041946308724832215,0.020134228187919462,0.009228187919463088,0.01929530201342282,0.08808724832214765,0.0,0.0,0.010067114093959731,0.006711409395973154,0.003355704697986577,0.003355704697986577,0.00587248322147651,0.007550335570469799,0.0025167785234899327,0.0025167785234899327,0.02348993288590604,0.007550335570469799,0.02936241610738255,0.0016778523489932886,0.0,0.009228187919463088,0.01929530201342282,0.00587248322147651,0.008389261744966443,0.003355704697986577,0.01174496644295302,0.009228187919463088,0.03523489932885906,0.015100671140939598,0.025167785234899327,0.0016778523489932886,0.0,0.0,0.0041946308724832215,0.03104026845637584,0.0016778523489932886,0.0050335570469798654,0.003355704697986577,0.006711409395973154,0.0041946308724832215,0.006711409395973154,0.0016778523489932886,0.0025167785234899327,0.0016778523489932886,0.0041946308724832215,0.0,0.003355704697986577,0.003355704697986577,0.006711409395973154,0.0008389261744966443,0.003355704697986577,0.0016778523489932886,0.0008389261744966443,0.006711409395973154,0.0050335570469798654,0.0,0.0025167785234899327,0.0,0.0025167785234899327,0.003355704697986577,0.0008389261744966443,0.010906040268456376,0.013422818791946308,0.0008389261744966443,0.003355704697986577,0.010906040268456376,0.003355704697986577,0.0008389261744966443,0.0016778523489932886,0.015100671140939598,0.0016778523489932886,0.0,0.0008389261744966443,0.0016778523489932886,0.0,0.0,0.006711409395973154,0.003355704697986577,0.0016778523489932886,0.0016778523489932886,0.0,0.0,0.0,0.015100671140939598,0.0008389261744966443,0.006711409395973154,0.006711409395973154,0.003355704697986577,0.0,0.0008389261744966443,0.0041946308724832215,0.0008389261744966443,0.0008389261744966443,0.0008389261744966443,0.0016778523489932886,0.003355704697986577,0.0025167785234899327,0.0008389261744966443,0.0,0.0016778523489932886,0.0,0.0025167785234899327,0.0016778523489932886,0.0,0.0,0.0,0.0008389261744966443,0.0008389261744966443,0.0,0.0,0.0,0.0008389261744966443,0.0,0.0008389261744966443,0.0,0.0,0.0008389261744966443,0.0016778523489932886,0.0,0.003355704697986577,0.0008389261744966443,0.0,0.0,0.0,0.0008389261744966443,0.0,0.0,0.0016778523489932886,0.0016778523489932886,0.0008389261744966443,0.003355704697986577,0.0,0.0,0.0016778523489932886,0.0,0.003355704697986577,0.0008389261744966443,0.0,0.003355704697986577,0.0,0.0,0.0,0.0008389261744966443,0.0008389261744966443,0.0008389261744966443,0.0,0.0041946308724832215,0.0016778523489932886,0.003355704697986577,0.0,0.0008389261744966443,0.0,0.0016778523489932886,0.0,0.0,0.0,0.0,0.0,0.0016778523489932886,0.0008389261744966443,0.0016778523489932886,0.0008389261744966443,0.0008389261744966443,0.0,0.0,0.0,0.0,0.0,0.0,0.0,0.0,0.0,0.0,0.0,0.0,0.0,0.0,0.0,0.0,0.0,0.0,0.0,0.0,0.0,0.0,0.0,0.0,0.0,0.0,0.0,0.0008389261744966443,0.0,0.0008389261744966443,0.0,0.0,0.0,0.0,0.0,0.0,0.0,0.0,0.0,0.0,0.0,0.0,0.0,0.0,0.0,0.0,0.0,0.0,0.0,0.0,0.0,0.0,0.0,0.0,0.0,parvus
parvus_do_9_january_predislovie.txt,0.005918827508455468,0.0014092446448703494,0.0,0.004791431792559188,0.014092446448703494,0.001972942502818489,0.02564825253664036,0.02480270574971815,0.11076662908680947,0.019165727170236752,0.007328072153325817,0.004791431792559188,0.008455467869222097,0.016629086809470124,0.012119503945885006,0.0062006764374295375,0.010428410372040587,0.002536640360766629,0.007609921082299887,0.008737316798196167,0.014374295377677565,0.006764374295377677,0.007328072153325817,0.017192784667418262,0.0002818489289740699,0.004227733934611048,0.025084554678692222,0.013246899661781286,0.019447576099210825,0.09188275084554678,0.0,0.0005636978579481398,0.010146561443066516,0.008737316798196167,0.005355129650507328,0.002818489289740699,0.006482525366403607,0.016347237880496055,0.007046223224351747,0.0008455467869222097,0.012965050732807215,0.007891770011273957,0.02987598647125141,0.0002818489289740699,0.0011273957158962795,0.007046223224351747,0.018883878241262683,0.002536640360766629,0.005355129650507328,0.0062006764374295375,0.009301014656144307,0.021702367531003384,0.037485907553551294,0.015501691093573845,0.014656144306651634,0.0002818489289740699,0.0002818489289740699,0.0014092446448703494,0.001972942502818489,0.03269447576099211,0.0002818489289740699,0.004509582863585118,0.002818489289740699,0.004791431792559188,0.005355129650507328,0.002818489289740699,0.002254791431792559,0.001972942502818489,0.003945885005636978,0.002536640360766629,0.0002818489289740699,0.0005636978579481398,0.004791431792559188,0.011273957158962795,0.0014092446448703494,0.002818489289740699,0.002536640360766629,0.0011273957158962795,0.002536640360766629,0.002536640360766629,0.0002818489289740699,0.005355129650507328,0.002536640360766629,0.004509582863585118,0.001972942502818489,0.0002818489289740699,0.005636978579481398,0.008173618940248028,0.0002818489289740699,0.001972942502818489,0.016910935738444193,0.0033821871476888386,0.0008455467869222097,0.001972942502818489,0.005636978579481398,0.0005636978579481398,0.0008455467869222097,0.002818489289740699,0.0011273957158962795,0.0036640360766629085,0.0002818489289740699,0.0031003382187147687,0.0011273957158962795,0.0036640360766629085,0.0011273957158962795,0.0,0.0,0.0,0.016347237880496055,0.0005636978579481398,0.004509582863585118,0.009019165727170236,0.007609921082299887,0.0008455467869222097,0.0008455467869222097,0.0,0.0,0.0002818489289740699,0.0005636978579481398,0.0008455467869222097,0.0011273957158962795,0.0014092446448703494,0.0,0.0016910935738444193,0.0,0.0002818489289740699,0.0002818489289740699,0.0014092446448703494,0.0002818489289740699,0.0,0.0005636978579481398,0.0014092446448703494,0.0011273957158962795,0.0,0.0002818489289740699,0.0,0.0,0.0,0.0016910935738444193,0.0008455467869222097,0.0,0.0011273957158962795,0.0005636978579481398,0.0,0.0016910935738444193,0.002254791431792559,0.0005636978579481398,0.0005636978579481398,0.0005636978579481398,0.0008455467869222097,0.0,0.0011273957158962795,0.0011273957158962795,0.0011273957158962795,0.0,0.0011273957158962795,0.0005636978579481398,0.0,0.0002818489289740699,0.0,0.0011273957158962795,0.0,0.0008455467869222097,0.0033821871476888386,0.0,0.0,0.0,0.0002818489289740699,0.0002818489289740699,0.0011273957158962795,0.0,0.0002818489289740699,0.0002818489289740699,0.0005636978579481398,0.0,0.0005636978579481398,0.0,0.0,0.0,0.0,0.0005636978579481398,0.0,0.0014092446448703494,0.0002818489289740699,0.0002818489289740699,0.0,0.0,0.0008455467869222097,0.0,0.0,0.0,0.0,0.0002818489289740699,0.0,0.0002818489289740699,0.0,0.0,0.0,0.0,0.0,0.0,0.0,0.0,0.0,0.0,0.0002818489289740699,0.0,0.0,0.0,0.0,0.0002818489289740699,0.0,0.0,0.0,0.0,0.0,0.0,0.0005636978579481398,0.0,0.0,0.0,0.0,0.0,0.0002818489289740699,0.0,0.0002818489289740699,0.0,0.0,0.0,0.0,0.0,0.0,0.0,0.0,0.0,0.0,0.0,0.0,0.0,0.0,0.0,0.0,0.0,parvus
parvus_hod_revolucii.txt,0.0013879250520471894,0.0,0.0,0.004857737682165163,0.022900763358778626,0.004163775156141568,0.020818875780707843,0.018736988202637056,0.0922970159611381,0.0263705759888966,0.004163775156141568,0.002081887578070784,0.005551700208188758,0.010409437890353921,0.01457321304649549,0.004857737682165163,0.010409437890353921,0.0006939625260235947,0.006939625260235947,0.012491325468424705,0.013879250520471894,0.002775850104094379,0.007633587786259542,0.009715475364330326,0.0,0.004163775156141568,0.022900763358778626,0.015961138098542677,0.027064538514920196,0.09437890353920889,0.0,0.0,0.01179736294240111,0.012491325468424705,0.004857737682165163,0.002775850104094379,0.006939625260235947,0.012491325468424705,0.002775850104094379,0.002081887578070784,0.01457321304649549,0.01179736294240111,0.02914642609299098,0.0006939625260235947,0.0013879250520471894,0.009021512838306732,0.020818875780707843,0.002775850104094379,0.0034698126301179735,0.0034698126301179735,0.007633587786259542,0.010409437890353921,0.0395558639833449,0.015267175572519083,0.027064538514920196,0.0,0.0,0.0006939625260235947,0.002081887578070784,0.027758501040943788,0.0,0.005551700208188758,0.002081887578070784,0.006245662734212352,0.007633587786259542,0.0034698126301179735,0.002081887578070784,0.002775850104094379,0.006245662734212352,0.002775850104094379,0.0006939625260235947,0.0013879250520471894,0.006245662734212352,0.01179736294240111,0.0,0.004163775156141568,0.0034698126301179735,0.0034698126301179735,0.004163775156141568,0.004857737682165163,0.0006939625260235947,0.006245662734212352,0.0034698126301179735,0.002775850104094379,0.006245662734212352,0.0013879250520471894,0.011103400416377515,0.009715475364330326,0.0013879250520471894,0.002081887578070784,0.013879250520471894,0.004163775156141568,0.0,0.002081887578070784,0.004857737682165163,0.0006939625260235947,0.0013879250520471894,0.0,0.0006939625260235947,0.0013879250520471894,0.0,0.004857737682165163,0.002081887578070784,0.0034698126301179735,0.0,0.0,0.0,0.0,0.021512838306731435,0.0006939625260235947,0.008327550312283136,0.006939625260235947,0.010409437890353921,0.0,0.0,0.0006939625260235947,0.0,0.0,0.0006939625260235947,0.0006939625260235947,0.002775850104094379,0.0006939625260235947,0.0006939625260235947,0.0013879250520471894,0.0006939625260235947,0.0,0.0006939625260235947,0.0013879250520471894,0.0,0.0,0.0006939625260235947,0.0006939625260235947,0.0006939625260235947,0.0006939625260235947,0.0006939625260235947,0.0,0.0,0.0,0.0,0.002081887578070784,0.0,0.0006939625260235947,0.0,0.0006939625260235947,0.0006939625260235947,0.0006939625260235947,0.0006939625260235947,0.0006939625260235947,0.0006939625260235947,0.0006939625260235947,0.0,0.0034698126301179735,0.0006939625260235947,0.0013879250520471894,0.0006939625260235947,0.0,0.0013879250520471894,0.0,0.0006939625260235947,0.0,0.002081887578070784,0.0,0.0006939625260235947,0.0006939625260235947,0.0,0.0,0.0,0.0,0.0013879250520471894,0.0013879250520471894,0.0,0.0,0.0,0.0006939625260235947,0.0006939625260235947,0.0,0.0,0.0,0.0,0.0,0.0006939625260235947,0.0,0.0,0.0,0.0006939625260235947,0.0006939625260235947,0.0006939625260235947,0.0013879250520471894,0.0,0.0,0.0,0.0,0.0,0.0,0.0,0.0,0.0,0.0,0.0,0.0,0.0,0.0,0.0,0.0,0.0,0.0,0.0,0.0,0.0,0.0,0.0,0.0,0.0,0.0,0.0,0.0,0.0,0.0,0.0,0.0,0.0,0.0,0.0,0.0,0.0,0.0,0.0,0.0,0.0,0.0,0.0,0.0,0.0006939625260235947,0.0,0.0,0.0,0.0,0.0,0.0,0.0,0.0,0.0,0.0,parvus
parvus_itogi_i_perspektivy_I.txt,0.002491103202846975,0.0007117437722419929,0.0028469750889679717,0.004626334519572953,0.013879003558718862,0.0035587188612099642,0.020640569395017794,0.01886120996441281,0.0900355871886121,0.025622775800711744,0.00498220640569395,0.004626334519572953,0.006761565836298933,0.01103202846975089,0.014590747330960854,0.003202846975088968,0.009252669039145907,0.0028469750889679717,0.008185053380782919,0.017437722419928827,0.023487544483985764,0.0056939501779359435,0.007473309608540925,0.015658362989323844,0.00035587188612099647,0.003914590747330961,0.0298932384341637,0.011743772241992882,0.0199288256227758,0.09893238434163701,0.0,0.0,0.008540925266903915,0.0071174377224199285,0.007473309608540925,0.0028469750889679717,0.006049822064056939,0.011743772241992882,0.0071174377224199285,0.0010676156583629894,0.01708185053380783,0.016725978647686834,0.024199288256227757,0.0007117437722419929,0.00035587188612099647,0.007473309608540925,0.016370106761565837,0.0017793594306049821,0.007473309608540925,0.002135231316725979,0.0071174377224199285,0.01708185053380783,0.028113879003558717,0.018149466192170817,0.024199288256227757,0.0014234875444839859,0.0,0.0010676156583629894,0.0035587188612099642,0.032740213523131674,0.00035587188612099647,0.002491103202846975,0.005338078291814947,0.009252669039145907,0.00498220640569395,0.0010676156583629894,0.003202846975088968,0.0014234875444839859,0.004626334519572953,0.004270462633451958,0.00035587188612099647,0.003202846975088968,0.0035587188612099642,0.015658362989323844,0.00035587188612099647,0.00498220640569395,0.0028469750889679717,0.0010676156583629894,0.0028469750889679717,0.0035587188612099642,0.00035587188612099647,0.002491103202846975,0.0028469750889679717,0.007829181494661922,0.0035587188612099642,0.00035587188612099647,0.0035587188612099642,0.0099644128113879,0.0007117437722419929,0.0007117437722419929,0.008540925266903915,0.003202846975088968,0.002135231316725979,0.003202846975088968,0.002491103202846975,0.0014234875444839859,0.0010676156583629894,0.002135231316725979,0.00035587188612099647,0.0017793594306049821,0.0014234875444839859,0.0010676156583629894,0.0014234875444839859,0.006049822064056939,0.0017793594306049821,0.0,0.0,0.0,0.014590747330960854,0.0007117437722419929,0.003914590747330961,0.004626334519572953,0.008185053380782919,0.0010676156583629894,0.00035587188612099647,0.003202846975088968,0.0010676156583629894,0.0017793594306049821,0.00035587188612099647,0.0017793594306049821,0.0,0.002135231316725979,0.00035587188612099647,0.002135231316725979,0.0,0.0,0.0010676156583629894,0.0017793594306049821,0.0,0.0,0.0007117437722419929,0.0014234875444839859,0.00035587188612099647,0.0007117437722419929,0.00035587188612099647,0.0014234875444839859,0.0,0.0,0.00035587188612099647,0.00035587188612099647,0.00035587188612099647,0.00035587188612099647,0.00035587188612099647,0.0,0.0017793594306049821,0.006049822064056939,0.00035587188612099647,0.0,0.00035587188612099647,0.0010676156583629894,0.0,0.002135231316725979,0.0010676156583629894,0.0010676156583629894,0.0,0.0014234875444839859,0.0007117437722419929,0.00035587188612099647,0.00035587188612099647,0.0,0.00498220640569395,0.0,0.0,0.0010676156583629894,0.00035587188612099647,0.00035587188612099647,0.0,0.0007117437722419929,0.0007117437722419929,0.00035587188612099647,0.0,0.0007117437722419929,0.0,0.00035587188612099647,0.0007117437722419929,0.0007117437722419929,0.00035587188612099647,0.0017793594306049821,0.0,0.0,0.0,0.0,0.0,0.0,0.0,0.0007117437722419929,0.0014234875444839859,0.0010676156583629894,0.00035587188612099647,0.00035587188612099647,0.0,0.0,0.0,0.0,0.0,0.0,0.0,0.0,0.0,0.0,0.0,0.0,0.0,0.0,0.0,0.0,0.00035587188612099647,0.00035587188612099647,0.0,0.0,0.00035587188612099647,0.0,0.0,0.0,0.0,0.0,0.0,0.0,0.0,0.0,0.0,0.0,0.0,0.0,0.0,0.0,0.0,0.0,0.0,0.0,0.0,0.0,0.00035587188612099647,0.0,0.0,0.0,0.0,0.0,0.0,0.0,0.0,0.0,0.0,parvus
parvus_ministerstvo_Briana_France.txt,0.011695906432748537,0.001299545159194282,0.001949317738791423,0.01299545159194282,0.00649772579597141,0.004548408057179987,0.031189083820662766,0.01949317738791423,0.08512020792722547,0.025341130604288498,0.005847953216374269,0.007147498375568551,0.011695906432748537,0.012345679012345678,0.008447043534762833,0.003248862897985705,0.011695906432748537,0.001299545159194282,0.004548408057179987,0.014944769330734242,0.018193632228719947,0.001949317738791423,0.005847953216374269,0.014294996751137101,0.0,0.001299545159194282,0.022742040285899934,0.008447043534762833,0.014944769330734242,0.0903183885640026,0.001299545159194282,0.0,0.018843404808317088,0.00649772579597141,0.004548408057179987,0.002599090318388564,0.003898635477582846,0.007797270955165692,0.007147498375568551,0.001299545159194282,0.011046133853151396,0.008447043534762833,0.024691358024691357,0.0,0.0,0.009746588693957114,0.022742040285899934,0.002599090318388564,0.004548408057179987,0.001949317738791423,0.008447043534762833,0.01364522417153996,0.03898635477582846,0.021442495126705652,0.02729044834307992,0.0,0.0,0.001299545159194282,0.004548408057179987,0.03833658219623132,0.0,0.007797270955165692,0.002599090318388564,0.005198180636777128,0.002599090318388564,0.000649772579597141,0.001299545159194282,0.000649772579597141,0.001299545159194282,0.004548408057179987,0.000649772579597141,0.002599090318388564,0.010396361273554255,0.011695906432748537,0.000649772579597141,0.003898635477582846,0.007147498375568551,0.001949317738791423,0.005198180636777128,0.005198180636777128,0.001299545159194282,0.002599090318388564,0.003898635477582846,0.002599090318388564,0.005847953216374269,0.0,0.00649772579597141,0.01364522417153996,0.001299545159194282,0.003248862897985705,0.005847953216374269,0.003248862897985705,0.001299545159194282,0.000649772579597141,0.005198180636777128,0.001299545159194282,0.005198180636777128,0.002599090318388564,0.001949317738791423,0.0,0.001299545159194282,0.002599090318388564,0.0,0.003898635477582846,0.001299545159194282,0.0,0.0,0.0,0.008447043534762833,0.000649772579597141,0.001949317738791423,0.00649772579597141,0.007147498375568551,0.001299545159194282,0.0,0.001949317738791423,0.000649772579597141,0.0,0.0,0.000649772579597141,0.003898635477582846,0.001299545159194282,0.0,0.001299545159194282,0.0,0.0,0.001299545159194282,0.001299545159194282,0.0,0.0,0.001299545159194282,0.000649772579597141,0.0,0.001299545159194282,0.001949317738791423,0.0,0.0,0.0,0.000649772579597141,0.0,0.001299545159194282,0.000649772579597141,0.0,0.0,0.0,0.003898635477582846,0.0,0.0,0.002599090318388564,0.002599090318388564,0.001299545159194282,0.005198180636777128,0.001949317738791423,0.000649772579597141,0.0,0.0,0.000649772579597141,0.0,0.000649772579597141,0.0,0.003248862897985705,0.0,0.0,0.001299545159194282,0.000649772579597141,0.0,0.0,0.000649772579597141,0.001299545159194282,0.001949317738791423,0.0,0.001949317738791423,0.000649772579597141,0.000649772579597141,0.000649772579597141,0.001299545159194282,0.0,0.0,0.0,0.0,0.004548408057179987,0.0,0.0,0.0,0.0,0.000649772579597141,0.0,0.001299545159194282,0.0,0.0,0.000649772579597141,0.0,0.0,0.0,0.000649772579597141,0.000649772579597141,0.001299545159194282,0.0,0.0,0.0,0.0,0.0,0.0,0.0,0.0,0.0,0.0,0.0,0.0,0.0,0.0,0.0,0.000649772579597141,0.0,0.0,0.0,0.0,0.0,0.0,0.0,0.0,0.0,0.000649772579597141,0.000649772579597141,0.000649772579597141,0.000649772579597141,0.0,0.0,0.0,0.000649772579597141,0.0,0.0,0.0,0.0,0.0,0.0,0.0,0.0,0.0,0.0,0.0,0.0,0.0,parvus
parvus_nashi_zadachi.txt,0.00787143325680551,0.0013119055428009183,0.0,0.00754345687110528,0.010823220728107576,0.0026238110856018366,0.03050180387012135,0.026894063627418825,0.10856018366677599,0.02427025254181699,0.006231551328304362,0.006231551328304362,0.006887504099704822,0.014102984585109873,0.007215480485405051,0.0045916693998032145,0.011151197113807805,0.0016398819285011479,0.008199409642505739,0.0088553624139062,0.012463102656608724,0.0022958346999016072,0.005247622171203673,0.01508691374221056,0.0,0.004919645785503444,0.020334535913414234,0.011151197113807805,0.02164644145621515,0.09806493932436865,0.0006559527714004591,0.00032797638570022957,0.012135126270908495,0.008199409642505739,0.0055755985569039025,0.0036077402427025255,0.00787143325680551,0.013775008199409643,0.005247622171203673,0.0026238110856018366,0.012791079042308954,0.019350606756313546,0.03082978025582158,0.0016398819285011479,0.00032797638570022957,0.0055755985569039025,0.009839291571006888,0.0013119055428009183,0.004263693014102984,0.0016398819285011479,0.003935716628402755,0.014430960970810102,0.045588717612331915,0.019350606756313546,0.025582158084617907,0.00032797638570022957,0.0,0.0006559527714004591,0.0019678583142013774,0.03181370941292227,0.0,0.0029517874713020664,0.0006559527714004591,0.0055755985569039025,0.0022958346999016072,0.0029517874713020664,0.0009839291571006887,0.0009839291571006887,0.0026238110856018366,0.0019678583142013774,0.0,0.0013119055428009183,0.0026238110856018366,0.004919645785503444,0.0009839291571006887,0.0036077402427025255,0.003935716628402755,0.0009839291571006887,0.003935716628402755,0.0036077402427025255,0.00032797638570022957,0.0029517874713020664,0.0036077402427025255,0.0032797638570022957,0.0026238110856018366,0.00032797638570022957,0.009511315185306658,0.011807149885208265,0.0,0.00032797638570022957,0.018694653984913087,0.005247622171203673,0.0009839291571006887,0.00032797638570022957,0.0055755985569039025,0.0009839291571006887,0.0013119055428009183,0.003935716628402755,0.0006559527714004591,0.0016398819285011479,0.0006559527714004591,0.0045916693998032145,0.0009839291571006887,0.0013119055428009183,0.0019678583142013774,0.00032797638570022957,0.0006559527714004591,0.00032797638570022957,0.020662512299114463,0.00032797638570022957,0.006231551328304362,0.00754345687110528,0.0088553624139062,0.0006559527714004591,0.0,0.0016398819285011479,0.00032797638570022957,0.0009839291571006887,0.0,0.0009839291571006887,0.0019678583142013774,0.0006559527714004591,0.0009839291571006887,0.0009839291571006887,0.0,0.0,0.0,0.0022958346999016072,0.0,0.0,0.0009839291571006887,0.0006559527714004591,0.00032797638570022957,0.0,0.00032797638570022957,0.0,0.0009839291571006887,0.00032797638570022957,0.0,0.0013119055428009183,0.0,0.00032797638570022957,0.0022958346999016072,0.0,0.0013119055428009183,0.0013119055428009183,0.00032797638570022957,0.00032797638570022957,0.0,0.0006559527714004591,0.0,0.0016398819285011479,0.00032797638570022957,0.00032797638570022957,0.0,0.0016398819285011479,0.0,0.0,0.00032797638570022957,0.0,0.0045916693998032145,0.0,0.00032797638570022957,0.004263693014102984,0.0,0.0,0.0,0.00032797638570022957,0.0,0.0016398819285011479,0.0,0.0019678583142013774,0.0006559527714004591,0.00032797638570022957,0.00032797638570022957,0.0006559527714004591,0.0,0.00032797638570022957,0.0,0.0,0.00032797638570022957,0.0,0.0,0.0,0.0,0.0006559527714004591,0.00032797638570022957,0.0013119055428009183,0.0,0.0,0.0,0.00032797638570022957,0.0,0.0,0.0,0.0,0.0,0.00032797638570022957,0.0,0.0,0.0,0.0,0.0,0.0,0.0,0.0,0.0,0.0,0.0,0.0,0.0006559527714004591,0.0,0.0,0.0,0.0,0.0,0.0,0.0,0.0,0.0,0.0,0.0,0.0,0.0,0.0,0.0,0.0,0.0,0.0,0.0,0.0,0.0,0.0,0.0,0.0,0.0,0.0,0.0,0.0,0.0,0.0,0.0,0.0,parvus
parvus_onp1_o_i_socrev_razvitie.txt,0.0032583903551645487,0.0019550342130987292,0.00032583903551645487,0.010426849136526556,0.006842619745845552,0.0006516780710329097,0.02541544477028348,0.02476376669925057,0.10720104268491365,0.0267188009123493,0.007168458781362007,0.004887585532746823,0.006842619745845552,0.012056044314108831,0.006516780710329097,0.0061909416748126425,0.014336917562724014,0.0019550342130987292,0.005213424568263278,0.01270772238514174,0.010752688172043012,0.004235907461713913,0.002932551319648094,0.012381883349625285,0.0,0.005213424568263278,0.022808732486151843,0.012056044314108831,0.018246985988921473,0.08993157380254155,0.0006516780710329097,0.0,0.01401107852720756,0.0039100684261974585,0.002606712284131639,0.002932551319648094,0.006516780710329097,0.008797653958944282,0.007494297816878462,0.0016291951775822744,0.011730205278592375,0.016291951775822745,0.03193222548061258,0.00032583903551645487,0.0019550342130987292,0.009123492994460736,0.01726946888237211,0.004235907461713913,0.0039100684261974585,0.0019550342130987292,0.007168458781362007,0.014336917562724014,0.03747148908439231,0.01531443466927338,0.015640273704789834,0.0009775171065493646,0.0,0.006842619745845552,0.0032583903551645487,0.03453893776474422,0.0,0.002606712284131639,0.0009775171065493646,0.002280873248615184,0.0009775171065493646,0.002932551319648094,0.002280873248615184,0.0009775171065493646,0.0035842293906810036,0.004561746497230368,0.0009775171065493646,0.0035842293906810036,0.0039100684261974585,0.010752688172043012,0.00032583903551645487,0.006842619745845552,0.004561746497230368,0.0006516780710329097,0.004235907461713913,0.005865102639296188,0.00032583903551645487,0.0009775171065493646,0.004561746497230368,0.004887585532746823,0.002280873248615184,0.00032583903551645487,0.009775171065493646,0.016291951775822745,0.00032583903551645487,0.002606712284131639,0.023134571521668295,0.004235907461713913,0.00032583903551645487,0.0013033561420658195,0.007168458781362007,0.0035842293906810036,0.004235907461713913,0.0032583903551645487,0.002606712284131639,0.0013033561420658195,0.0006516780710329097,0.005539263603779733,0.0,0.0032583903551645487,0.0006516780710329097,0.0,0.00032583903551645487,0.0,0.013685239491691105,0.00032583903551645487,0.0035842293906810036,0.008471814923427827,0.007494297816878462,0.0009775171065493646,0.00032583903551645487,0.0006516780710329097,0.0,0.0,0.0009775171065493646,0.0006516780710329097,0.0013033561420658195,0.0013033561420658195,0.0,0.002280873248615184,0.0016291951775822744,0.0,0.0006516780710329097,0.0013033561420658195,0.0,0.0,0.0006516780710329097,0.00032583903551645487,0.0006516780710329097,0.0016291951775822744,0.00032583903551645487,0.0,0.0,0.0,0.0006516780710329097,0.0006516780710329097,0.0,0.0,0.0013033561420658195,0.0,0.0009775171065493646,0.0006516780710329097,0.0,0.0009775171065493646,0.00032583903551645487,0.0013033561420658195,0.0,0.0006516780710329097,0.00032583903551645487,0.0006516780710329097,0.0,0.0013033561420658195,0.00032583903551645487,0.00032583903551645487,0.0006516780710329097,0.0013033561420658195,0.004887585532746823,0.0013033561420658195,0.00032583903551645487,0.002932551319648094,0.0,0.0,0.0,0.00032583903551645487,0.0,0.0006516780710329097,0.00032583903551645487,0.002932551319648094,0.0016291951775822744,0.0006516780710329097,0.00032583903551645487,0.00032583903551645487,0.0,0.0,0.0,0.0,0.0,0.0,0.00032583903551645487,0.00032583903551645487,0.00032583903551645487,0.0009775171065493646,0.0009775171065493646,0.0006516780710329097,0.00032583903551645487,0.0,0.0,0.0,0.0,0.0,0.0,0.0,0.0,0.0,0.0,0.0,0.0,0.0,0.0006516780710329097,0.0,0.0,0.0,0.0006516780710329097,0.0006516780710329097,0.0006516780710329097,0.0,0.00032583903551645487,0.0,0.0,0.0,0.00032583903551645487,0.0,0.0,0.0,0.0,0.0,0.0,0.0,0.0,0.0,0.0,0.0,0.0,0.0,0.0,0.0,0.0,0.0,0.00032583903551645487,0.00032583903551645487,0.0,0.0,0.0,0.0,0.00032583903551645487,0.0,0.0,0.0,0.0,parvus
parvus_pismo_tverskomu_komitetu_I.txt,0.00285204991087344,0.00142602495543672,0.00035650623885918,0.0032085561497326204,0.009982174688057042,0.0035650623885918,0.023885918003565064,0.02210338680926916,0.09376114081996435,0.027807486631016044,0.00570409982174688,0.004634581105169341,0.00570409982174688,0.011764705882352941,0.011764705882352941,0.0032085561497326204,0.0071301247771836,0.0017825311942959,0.0071301247771836,0.013547237076648842,0.019251336898395723,0.0053475935828877,0.009982174688057042,0.015329768270944741,0.00071301247771836,0.0035650623885918,0.023885918003565064,0.006417112299465241,0.019251336898395723,0.09803921568627451,0.00035650623885918,0.0,0.012834224598930482,0.00784313725490196,0.004634581105169341,0.0032085561497326204,0.0071301247771836,0.0071301247771836,0.004991087344028521,0.0010695187165775401,0.012477718360071301,0.013190730837789662,0.027450980392156862,0.00071301247771836,0.0010695187165775401,0.00784313725490196,0.0142602495543672,0.00285204991087344,0.006417112299465241,0.0053475935828877,0.00819964349376114,0.01746880570409982,0.04884135472370767,0.023172905525846704,0.023529411764705882,0.00071301247771836,0.00035650623885918,0.00142602495543672,0.0024955436720142605,0.0374331550802139,0.00035650623885918,0.0024955436720142605,0.0021390374331550803,0.006060606060606061,0.0024955436720142605,0.00142602495543672,0.0042780748663101605,0.0010695187165775401,0.00392156862745098,0.00392156862745098,0.00071301247771836,0.0017825311942959,0.004634581105169341,0.00784313725490196,0.0010695187165775401,0.0042780748663101605,0.0024955436720142605,0.00142602495543672,0.0017825311942959,0.0032085561497326204,0.00071301247771836,0.0017825311942959,0.0042780748663101605,0.0035650623885918,0.0035650623885918,0.0017825311942959,0.01105169340463458,0.013547237076648842,0.0010695187165775401,0.0024955436720142605,0.012834224598930482,0.006417112299465241,0.00142602495543672,0.0017825311942959,0.0053475935828877,0.0017825311942959,0.00071301247771836,0.0021390374331550803,0.00035650623885918,0.0017825311942959,0.00035650623885918,0.004991087344028521,0.00071301247771836,0.0032085561497326204,0.00285204991087344,0.0,0.0,0.0,0.017825311942959002,0.00035650623885918,0.004634581105169341,0.00570409982174688,0.009982174688057042,0.00142602495543672,0.00071301247771836,0.0017825311942959,0.00035650623885918,0.0010695187165775401,0.00071301247771836,0.00035650623885918,0.00071301247771836,0.0010695187165775401,0.00071301247771836,0.00071301247771836,0.00035650623885918,0.0,0.00071301247771836,0.0010695187165775401,0.0,0.0,0.0,0.00035650623885918,0.0,0.00035650623885918,0.0,0.0,0.00035650623885918,0.0,0.0,0.00035650623885918,0.00035650623885918,0.00142602495543672,0.0010695187165775401,0.0,0.0010695187165775401,0.0032085561497326204,0.00071301247771836,0.00142602495543672,0.0,0.00035650623885918,0.0,0.0017825311942959,0.0010695187165775401,0.00035650623885918,0.0,0.0010695187165775401,0.0010695187165775401,0.0,0.0,0.0,0.00142602495543672,0.0,0.0,0.0021390374331550803,0.0,0.0,0.00035650623885918,0.0010695187165775401,0.00071301247771836,0.0,0.00035650623885918,0.00035650623885918,0.0,0.00142602495543672,0.00035650623885918,0.0,0.0,0.0010695187165775401,0.0,0.0,0.00035650623885918,0.0,0.0,0.0,0.0010695187165775401,0.00142602495543672,0.00142602495543672,0.0021390374331550803,0.0,0.0,0.0,0.0,0.0,0.0,0.00035650623885918,0.0,0.0,0.0,0.0,0.0,0.0,0.00071301247771836,0.0,0.0,0.0,0.0,0.0,0.0,0.0,0.0,0.0,0.0,0.0,0.00035650623885918,0.0,0.00035650623885918,0.0,0.0,0.0,0.0,0.0,0.0,0.0,0.0,0.00035650623885918,0.0,0.0,0.0,0.0,0.0,0.0,0.0,0.0,0.0,0.0,0.0,0.0,0.0,0.0,0.0,0.0,0.0,0.0,parvus
parvus_poTurmam.txt,0.0031375410434148123,0.0006810166605861608,0.0008269488021403381,0.004304998175848231,0.01432567189590174,0.001459321415541773,0.019700839109813937,0.013620333211723215,0.046163200778304755,0.02091694028943208,0.009388301106652074,0.006712878511492156,0.012866350480359966,0.0141554177307552,0.018654992095342333,0.00994770764927642,0.01578499331144351,0.002116016052535571,0.00649398029916089,0.024176091450808707,0.015493129028335157,0.004694150553326037,0.012671774291621063,0.02580566703149702,0.0011917791560257813,0.0047427946005107625,0.027897361060440228,0.013060926669098869,0.025343548583242125,0.08573513316307917,0.000851270825732701,0.0007053386841785236,0.019579228991852122,0.006907454700231059,0.003769913656816247,0.005156269001580931,0.004669828529733674,0.004864404718472577,0.004937370789249666,0.004815760671287851,0.03533990027970327,0.011942113583850176,0.008196521950626291,0.0006566946369937979,0.0009728809436945154,0.00936397908305971,0.020795330171470266,0.0013863553447646844,0.0058129636385747295,0.0026754225951599172,0.008172199927033929,0.010166605861607685,0.01746321293931655,0.015274230816003891,0.019627873039036847,0.0009485589201021525,0.0002918642831083546,0.009412623130244437,0.003988811869147513,0.03597227289310471,0.00021889821233126596,0.003575337468077344,0.002480846406421014,0.007126352912562325,0.0076371154080019455,0.007369573148485954,0.003575337468077344,0.0017268636750577648,0.002748388665937006,0.0028456767603064577,0.0009972029672868782,0.005788641614982367,0.006712878511492156,0.013036604645506506,0.000851270825732701,0.004621184482548948,0.003113219019822449,0.0019944059345737564,0.006980420771008148,0.00396448984555515,0.0004864404718472577,0.001240423203210507,0.002480846406421014,0.005472455308281649,0.003332117232153715,7.296607077708865e-05,0.003575337468077344,0.006445336251976164,0.0011674571324334184,0.0025781345007904657,0.004304998175848231,0.004110421987109328,0.0009242368965097896,0.0024322023592362883,0.014228383801532287,0.0015079654627264988,0.0009242368965097896,0.0008999148729174267,0.001897117840204305,0.004256354128663505,0.0013620333211723215,0.0018727958166119421,0.002310592241274474,0.004013133892739876,0.0007296607077708865,4.864404718472577e-05,4.864404718472577e-05,7.296607077708865e-05,0.012306943937735619,0.0003161863067007175,0.006639912440715067,0.005326523166727472,0.006931776723823422,0.002164660099720297,0.0006810166605861608,0.0026024565243828288,0.0013133892739875957,0.0010701690380639668,0.0005350845190319834,0.0011431351088410555,0.0014106773683570473,0.0026511005715675546,0.00041347440107016904,0.003113219019822449,0.0017998297458348535,9.728809436945154e-05,0.0007296607077708865,0.0013133892739875957,4.864404718472577e-05,9.728809436945154e-05,0.000632372613401435,0.0024322023592362883,0.00021889821233126596,0.0005594065426243463,0.0001459321415541773,0.00041347440107016904,0.0005107624954396205,0.0,0.0008999148729174267,0.002942964854675909,2.4322023592362884e-05,0.0005837285662167092,0.0012161011796181442,2.4322023592362884e-05,0.000851270825732701,0.0024565243828286515,0.0003161863067007175,0.0008269488021403381,0.0007539827313632494,0.001921439863796668,7.296607077708865e-05,0.0022376261704973852,0.0013620333211723215,0.0013863553447646844,0.0001459321415541773,0.0005837285662167092,0.0007783047549556123,0.00038915237747780615,0.0016295755806883133,0.0026754225951599172,0.0015079654627264988,0.00024322023592362885,0.0003405083302930804,0.0013133892739875957,0.0006080505898090721,0.00019457618873890308,9.728809436945154e-05,0.0002918642831083546,0.0003161863067007175,0.0008755928493250639,9.728809436945154e-05,0.00038915237747780615,0.0002675422595159917,0.0023835583120515626,0.0006810166605861608,0.0004377964246625319,0.00012161011796181443,0.0010701690380639668,0.0,0.0,0.00012161011796181443,4.864404718472577e-05,7.296607077708865e-05,0.0004864404718472577,0.0004864404718472577,0.001459321415541773,0.0008269488021403381,0.0026511005715675546,4.864404718472577e-05,7.296607077708865e-05,0.0001459321415541773,0.00012161011796181443,0.00021889821233126596,0.0,4.864404718472577e-05,0.0,0.0005107624954396205,0.0,0.0,0.0004377964246625319,0.0,0.0001459321415541773,7.296607077708865e-05,2.4322023592362884e-05,0.0001702541651465402,0.0003405083302930804,7.296607077708865e-05,4.864404718472577e-05,0.00012161011796181443,2.4322023592362884e-05,0.0002918642831083546,2.4322023592362884e-05,2.4322023592362884e-05,0.0,0.0,0.0001459321415541773,0.0,0.00012161011796181443,0.0,2.4322023592362884e-05,0.0,2.4322023592362884e-05,2.4322023592362884e-05,0.0,0.0,2.4322023592362884e-05,0.0,2.4322023592362884e-05,0.0,0.0,2.4322023592362884e-05,2.4322023592362884e-05,0.0003405083302930804,0.0,4.864404718472577e-05,0.0,0.0,2.4322023592362884e-05,0.0,0.0,4.864404718472577e-05,2.4322023592362884e-05,0.0,parvus
parvus_rus_and_rev_predislovie.txt,0.0020325203252032522,0.0020325203252032522,0.006097560975609756,0.014227642276422764,0.012195121951219513,0.0,0.026422764227642278,0.032520325203252036,0.09146341463414634,0.034552845528455285,0.014227642276422764,0.006097560975609756,0.008130081300813009,0.032520325203252036,0.016260162601626018,0.0020325203252032522,0.012195121951219513,0.0,0.006097560975609756,0.018292682926829267,0.01016260162601626,0.0040650406504065045,0.012195121951219513,0.0040650406504065045,0.0020325203252032522,0.0020325203252032522,0.016260162601626018,0.012195121951219513,0.022357723577235773,0.08333333333333333,0.0,0.0,0.014227642276422764,0.006097560975609756,0.0020325203252032522,0.0040650406504065045,0.0020325203252032522,0.008130081300813009,0.0040650406504065045,0.0020325203252032522,0.01016260162601626,0.016260162601626018,0.018292682926829267,0.0,0.0,0.012195121951219513,0.014227642276422764,0.0040650406504065045,0.0020325203252032522,0.0,0.014227642276422764,0.014227642276422764,0.026422764227642278,0.01016260162601626,0.018292682926829267,0.0,0.0,0.018292682926829267,0.0020325203252032522,0.026422764227642278,0.0,0.0020325203252032522,0.0020325203252032522,0.006097560975609756,0.0040650406504065045,0.0,0.0,0.0020325203252032522,0.006097560975609756,0.01016260162601626,0.0,0.0020325203252032522,0.0020325203252032522,0.012195121951219513,0.0,0.01016260162601626,0.006097560975609756,0.0040650406504065045,0.0020325203252032522,0.0,0.0020325203252032522,0.0040650406504065045,0.0,0.0040650406504065045,0.0020325203252032522,0.0020325203252032522,0.008130081300813009,0.024390243902439025,0.0,0.0,0.0040650406504065045,0.006097560975609756,0.0020325203252032522,0.0020325203252032522,0.006097560975609756,0.0020325203252032522,0.0,0.0040650406504065045,0.0,0.0,0.0,0.0020325203252032522,0.0,0.0,0.0020325203252032522,0.006097560975609756,0.008130081300813009,0.0040650406504065045,0.008130081300813009,0.0,0.0,0.006097560975609756,0.0,0.0020325203252032522,0.0,0.0,0.0,0.0,0.0,0.0,0.0,0.0,0.0020325203252032522,0.0,0.0020325203252032522,0.0,0.0,0.0,0.0,0.0020325203252032522,0.0,0.0020325203252032522,0.0,0.0040650406504065045,0.0,0.0,0.0,0.0,0.0,0.0,0.0,0.0,0.0,0.0,0.0040650406504065045,0.0040650406504065045,0.0,0.0,0.0,0.0040650406504065045,0.0,0.0,0.0,0.0,0.0,0.0,0.0,0.0,0.0020325203252032522,0.0,0.0040650406504065045,0.0,0.0,0.012195121951219513,0.0,0.0040650406504065045,0.0020325203252032522,0.0020325203252032522,0.0,0.0,0.0,0.0020325203252032522,0.0020325203252032522,0.0020325203252032522,0.0,0.0,0.0,0.0020325203252032522,0.0,0.0,0.0,0.0,0.0,0.0,0.0,0.0,0.0,0.0,0.0,0.0,0.0,0.0,0.0,0.0,0.0,0.0,0.0,0.0,0.0,0.0,0.0,0.0,0.0,0.0,0.0,0.0,0.0,0.0,0.0,0.0,0.0,0.0,0.0,0.0,0.0,0.0,0.0,0.0,0.0,0.0,0.0,0.0,0.0,0.0,0.0,0.0,0.0,0.0,0.0,0.0,0.0,0.0,0.0,0.0,0.0,0.0,0.0,0.0,0.0,0.0,0.0,0.0,0.0,parvus
parvus_samoderzh_i_fin_I.txt,0.0063025210084033615,0.0015756302521008404,0.0021008403361344537,0.011029411764705883,0.005777310924369748,0.0026260504201680674,0.03623949579831933,0.02888655462184874,0.08508403361344538,0.028361344537815126,0.003676470588235294,0.008403361344537815,0.008928571428571428,0.01365546218487395,0.011554621848739496,0.004726890756302521,0.009453781512605041,0.0005252100840336134,0.0021008403361344537,0.020483193277310924,0.020483193277310924,0.0063025210084033615,0.005252100840336135,0.005252100840336135,0.0,0.0063025210084033615,0.023634453781512604,0.004726890756302521,0.009978991596638655,0.08508403361344538,0.0,0.0015756302521008404,0.016281512605042018,0.0026260504201680674,0.004726890756302521,0.0015756302521008404,0.0026260504201680674,0.0031512605042016808,0.006827731092436975,0.0005252100840336134,0.007352941176470588,0.01995798319327731,0.025210084033613446,0.0015756302521008404,0.0010504201680672268,0.01207983193277311,0.022584033613445378,0.0026260504201680674,0.0021008403361344537,0.0026260504201680674,0.007878151260504201,0.014180672268907563,0.030987394957983194,0.016281512605042018,0.01995798319327731,0.004201680672268907,0.0021008403361344537,0.005777310924369748,0.0031512605042016808,0.043592436974789914,0.0,0.003676470588235294,0.004201680672268907,0.0021008403361344537,0.0026260504201680674,0.0021008403361344537,0.0015756302521008404,0.0010504201680672268,0.005252100840336135,0.003676470588235294,0.004201680672268907,0.01207983193277311,0.005252100840336135,0.014180672268907563,0.0,0.009453781512605041,0.005777310924369748,0.0005252100840336134,0.0026260504201680674,0.0031512605042016808,0.0005252100840336134,0.0,0.0021008403361344537,0.0031512605042016808,0.003676470588235294,0.0,0.003676470588235294,0.015756302521008403,0.0010504201680672268,0.0063025210084033615,0.007352941176470588,0.0026260504201680674,0.0021008403361344537,0.006827731092436975,0.0026260504201680674,0.0015756302521008404,0.004726890756302521,0.0031512605042016808,0.0015756302521008404,0.0005252100840336134,0.0010504201680672268,0.0015756302521008404,0.0,0.0031512605042016808,0.0010504201680672268,0.0,0.0,0.0,0.009453781512605041,0.0,0.0021008403361344537,0.008403361344537815,0.007878151260504201,0.0,0.0,0.0010504201680672268,0.0,0.0005252100840336134,0.0,0.0010504201680672268,0.0010504201680672268,0.0010504201680672268,0.0010504201680672268,0.007352941176470588,0.0015756302521008404,0.0021008403361344537,0.0005252100840336134,0.0005252100840336134,0.0005252100840336134,0.0,0.0005252100840336134,0.0015756302521008404,0.0,0.0,0.0,0.0,0.0,0.0,0.004726890756302521,0.0010504201680672268,0.0,0.0005252100840336134,0.0,0.0,0.0,0.0031512605042016808,0.0,0.0,0.0,0.004726890756302521,0.0,0.0010504201680672268,0.0,0.0005252100840336134,0.0,0.0005252100840336134,0.0010504201680672268,0.0,0.0005252100840336134,0.0,0.004726890756302521,0.0005252100840336134,0.0005252100840336134,0.0021008403361344537,0.0,0.0,0.0,0.0015756302521008404,0.0,0.0015756302521008404,0.0,0.0005252100840336134,0.0005252100840336134,0.0026260504201680674,0.0005252100840336134,0.0010504201680672268,0.0,0.0,0.0,0.0,0.0,0.0,0.0,0.0026260504201680674,0.0010504201680672268,0.0015756302521008404,0.0,0.0021008403361344537,0.0,0.0,0.0,0.0,0.0,0.0,0.0,0.0,0.0,0.0,0.0,0.0010504201680672268,0.0,0.0,0.0,0.0,0.0005252100840336134,0.0005252100840336134,0.0005252100840336134,0.0005252100840336134,0.0005252100840336134,0.0,0.0,0.0,0.0,0.0,0.0021008403361344537,0.0,0.0,0.0,0.0,0.0,0.0,0.0,0.0,0.0,0.0,0.0005252100840336134,0.0,0.0,0.0,0.0,0.0,0.0,0.0005252100840336134,0.0,0.0,0.0,0.0,0.0,0.0,0.0,0.0,0.0,0.0,parvus
parvus_soldatskie_mitingy.txt,0.0035842293906810036,0.0017921146953405018,0.0,0.0,0.026881720430107527,0.007168458781362007,0.016129032258064516,0.017921146953405017,0.06451612903225806,0.03046594982078853,0.007168458781362007,0.0035842293906810036,0.007168458781362007,0.017921146953405017,0.012544802867383513,0.0017921146953405018,0.010752688172043012,0.005376344086021506,0.010752688172043012,0.025089605734767026,0.010752688172043012,0.0035842293906810036,0.007168458781362007,0.016129032258064516,0.0017921146953405018,0.0017921146953405018,0.021505376344086023,0.0,0.012544802867383513,0.12007168458781362,0.0,0.0,0.014336917562724014,0.007168458781362007,0.0,0.0017921146953405018,0.0035842293906810036,0.0035842293906810036,0.0035842293906810036,0.0017921146953405018,0.021505376344086023,0.021505376344086023,0.010752688172043012,0.0017921146953405018,0.0,0.012544802867383513,0.02867383512544803,0.0017921146953405018,0.005376344086021506,0.005376344086021506,0.0035842293906810036,0.017921146953405017,0.03763440860215054,0.016129032258064516,0.03763440860215054,0.0,0.0,0.0017921146953405018,0.008960573476702509,0.035842293906810034,0.0,0.010752688172043012,0.0017921146953405018,0.0017921146953405018,0.0017921146953405018,0.005376344086021506,0.005376344086021506,0.005376344086021506,0.007168458781362007,0.0035842293906810036,0.0,0.005376344086021506,0.005376344086021506,0.017921146953405017,0.0017921146953405018,0.007168458781362007,0.0,0.0035842293906810036,0.005376344086021506,0.0,0.0,0.0035842293906810036,0.0017921146953405018,0.0035842293906810036,0.0017921146953405018,0.0,0.0035842293906810036,0.016129032258064516,0.0,0.005376344086021506,0.008960573476702509,0.005376344086021506,0.0,0.0035842293906810036,0.005376344086021506,0.0017921146953405018,0.0,0.0,0.0017921146953405018,0.0035842293906810036,0.0,0.0017921146953405018,0.0017921146953405018,0.005376344086021506,0.0,0.0,0.0,0.0,0.016129032258064516,0.0017921146953405018,0.0,0.0017921146953405018,0.008960573476702509,0.0,0.0017921146953405018,0.0,0.0,0.0,0.0,0.0,0.0,0.0017921146953405018,0.0,0.0017921146953405018,0.0017921146953405018,0.0,0.0,0.0,0.0,0.0,0.0,0.0,0.0017921146953405018,0.0,0.0,0.0,0.0,0.0,0.0,0.0,0.0,0.0,0.0,0.0,0.0,0.005376344086021506,0.0,0.0,0.0017921146953405018,0.0035842293906810036,0.0,0.0,0.0017921146953405018,0.0017921146953405018,0.0,0.0,0.0,0.0,0.0,0.0,0.0,0.0,0.0,0.0,0.0,0.0,0.0,0.0017921146953405018,0.0017921146953405018,0.0,0.0,0.0,0.0,0.0,0.0,0.0,0.0,0.0,0.0,0.0,0.0,0.0,0.0,0.0017921146953405018,0.0,0.0035842293906810036,0.0017921146953405018,0.0,0.0,0.0,0.0,0.0,0.0,0.0,0.0017921146953405018,0.0,0.0,0.0,0.0,0.0,0.0,0.0,0.0,0.0,0.0,0.0,0.0,0.0,0.0,0.0,0.0,0.0,0.0,0.0,0.0,0.0,0.0,0.0,0.0,0.0,0.0,0.0,0.0,0.0,0.0,0.0,0.0,0.0,0.0,0.0,0.0,0.0,0.0,0.0,0.0,0.0,0.0,0.0,0.0,0.0,0.0,0.0,0.0,parvus
parvus_tua_res_agitur_I.txt,0.006094702297233943,0.0,0.001875293014533521,0.0046882325363338025,0.008907641819034223,0.00046882325363338024,0.02625410220346929,0.01875293014533521,0.08860759493670886,0.02250351617440225,0.003750586029067042,0.004219409282700422,0.007032348804500703,0.011720581340834505,0.013127051101734646,0.004219409282700422,0.008438818565400843,0.0009376465072667605,0.006094702297233943,0.014533520862634786,0.016877637130801686,0.0023441162681669013,0.013127051101734646,0.015002344116268168,0.0014064697609001407,0.001875293014533521,0.025785278949835913,0.010782934833567745,0.02015939990623535,0.09892170651664323,0.00046882325363338024,0.0,0.014064697609001406,0.006563525550867323,0.004219409282700422,0.003750586029067042,0.006563525550867323,0.011251758087201125,0.0046882325363338025,0.0028129395218002813,0.017815283638068447,0.014064697609001406,0.02625410220346929,0.001875293014533521,0.00046882325363338024,0.004219409282700422,0.02250351617440225,0.0028129395218002813,0.007032348804500703,0.005625879043600563,0.006094702297233943,0.014533520862634786,0.035161744022503515,0.02156586966713549,0.02203469292076887,0.00046882325363338024,0.0,0.009845288326300985,0.001875293014533521,0.03422409751523676,0.0,0.003750586029067042,0.0009376465072667605,0.004219409282700422,0.007501172058134084,0.0014064697609001407,0.001875293014533521,0.00046882325363338024,0.0032817627754336614,0.0009376465072667605,0.00046882325363338024,0.0028129395218002813,0.001875293014533521,0.007969995311767463,0.0014064697609001407,0.001875293014533521,0.0046882325363338025,0.0,0.0028129395218002813,0.005625879043600563,0.0009376465072667605,0.0009376465072667605,0.0028129395218002813,0.004219409282700422,0.003750586029067042,0.0,0.0046882325363338025,0.011251758087201125,0.0014064697609001407,0.003750586029067042,0.015471167369901548,0.003750586029067042,0.0009376465072667605,0.001875293014533521,0.007032348804500703,0.003750586029067042,0.0032817627754336614,0.006094702297233943,0.0009376465072667605,0.00046882325363338024,0.00046882325363338024,0.0009376465072667605,0.0,0.001875293014533521,0.0009376465072667605,0.0009376465072667605,0.006563525550867323,0.0032817627754336614,0.010782934833567745,0.00046882325363338024,0.0028129395218002813,0.006094702297233943,0.008907641819034223,0.0014064697609001407,0.00046882325363338024,0.005625879043600563,0.0023441162681669013,0.00046882325363338024,0.0009376465072667605,0.0014064697609001407,0.0009376465072667605,0.0009376465072667605,0.0,0.0009376465072667605,0.0,0.0,0.0014064697609001407,0.00046882325363338024,0.0,0.0,0.00046882325363338024,0.001875293014533521,0.0,0.0,0.00046882325363338024,0.00046882325363338024,0.0009376465072667605,0.0,0.0,0.0014064697609001407,0.0,0.0009376465072667605,0.0,0.0,0.0014064697609001407,0.0023441162681669013,0.0,0.00046882325363338024,0.0014064697609001407,0.0023441162681669013,0.0,0.0009376465072667605,0.0023441162681669013,0.0023441162681669013,0.0,0.0009376465072667605,0.0014064697609001407,0.00046882325363338024,0.0009376465072667605,0.0,0.0023441162681669013,0.0009376465072667605,0.001875293014533521,0.00046882325363338024,0.00046882325363338024,0.0009376465072667605,0.0,0.0009376465072667605,0.0009376465072667605,0.0009376465072667605,0.0,0.00046882325363338024,0.0,0.0023441162681669013,0.00046882325363338024,0.0,0.0,0.001875293014533521,0.0,0.0,0.0,0.0,0.00046882325363338024,0.00046882325363338024,0.0,0.0014064697609001407,0.00046882325363338024,0.0009376465072667605,0.0,0.0,0.0,0.0,0.0,0.0,0.0,0.0,0.0,0.0,0.0,0.0,0.0,0.0,0.0,0.0,0.0,0.0,0.0,0.0,0.0,0.0,0.00046882325363338024,0.0,0.0,0.0,0.0,0.0,0.0,0.0,0.0,0.0,0.0,0.0,0.0,0.0,0.0,0.0,0.0,0.0,0.0,0.0,0.0,0.0,0.0,0.0,0.0,0.0,0.0,0.0,0.0,0.0,0.0,0.001875293014533521,0.0,parvus
parvus_v_chem_my_rashodimsya_otvet_leninu.txt,0.0035918216982869775,0.0012893718916927612,0.0005525879535826119,0.007552035365629029,0.01031497513354209,0.0011972738994289924,0.026432123779701604,0.01980106833671026,0.07423098176459753,0.01639344262295082,0.00478909559771597,0.004052311659605821,0.01031497513354209,0.012156934978817462,0.014551482777675446,0.007552035365629029,0.009762387179959477,0.0012893718916927612,0.007367839381101492,0.018051206483698654,0.01897218640633634,0.0027629397679130594,0.013354208878246454,0.020906244243875483,0.0006446859458463806,0.0025787437833855223,0.020814146251611716,0.011696445017498619,0.019524774359918954,0.08583532878983238,0.0001841959845275373,0.0005525879535826119,0.015472462700313133,0.008104623319211642,0.005894271504881194,0.0030392337447043656,0.005341683551298581,0.011420151040707312,0.004236507644133358,0.005065389574507276,0.021366734205194325,0.009762387179959477,0.01639344262295082,0.0006446859458463806,0.00046048996131884323,0.009209799226376865,0.024498065942162462,0.002302449806594216,0.006723153435255111,0.0037760176828145146,0.007367839381101492,0.015380364708049364,0.026340025787437833,0.01970897034444649,0.021458832197458096,0.0005525879535826119,0.0003683919690550746,0.007552035365629029,0.001841959845275373,0.032878983238165405,0.0005525879535826119,0.004420703628660895,0.0016577638607478357,0.004328605636397127,0.006999447412046418,0.005894271504881194,0.003960213667342052,0.0015656658684840672,0.00340762571375944,0.002947135752440597,0.0009209799226376865,0.0017498618530116044,0.009025603241849327,0.01298581690919138,0.0014735678762202984,0.003683919690550746,0.003960213667342052,0.0012893718916927612,0.0031313317369681343,0.004236507644133358,0.0005525879535826119,0.0002762939767913059,0.0032234297292319026,0.005341683551298581,0.002302449806594216,0.0008288819303739178,0.006999447412046418,0.00948609320316817,0.0011051759071652237,0.0033155277214956713,0.013722600847301529,0.002855037760176828,0.0007367839381101492,0.0022103518143304474,0.008473015288266716,0.0022103518143304474,0.002855037760176828,0.0033155277214956713,0.0015656658684840672,0.001841959845275373,0.0005525879535826119,0.00340762571375944,0.0015656658684840672,0.004052311659605821,0.001841959845275373,9.209799226376865e-05,0.0001841959845275373,0.0001841959845275373,0.014183090808620373,0.00046048996131884323,0.0048811935899797385,0.005065389574507276,0.0063547614662000365,0.0011051759071652237,0.0017498618530116044,0.002302449806594216,0.0013814698839565297,0.00046048996131884323,0.0009209799226376865,0.0009209799226376865,0.0008288819303739178,0.0024866457911217536,0.0002762939767913059,0.0010130779149014552,0.0002762939767913059,0.0,0.0010130779149014552,0.002118253822066679,9.209799226376865e-05,0.0,0.0001841959845275373,0.0003683919690550746,0.0006446859458463806,0.0011051759071652237,0.00046048996131884323,0.0001841959845275373,9.209799226376865e-05,0.0,0.00046048996131884323,0.0011972738994289924,0.0001841959845275373,0.0008288819303739178,0.0009209799226376865,9.209799226376865e-05,0.0010130779149014552,0.002947135752440597,0.0008288819303739178,0.0009209799226376865,0.0010130779149014552,0.0016577638607478357,9.209799226376865e-05,0.0017498618530116044,0.0010130779149014552,0.0019340578375391416,0.0001841959845275373,0.0005525879535826119,0.00046048996131884323,0.0003683919690550746,0.0007367839381101492,0.0007367839381101492,0.0022103518143304474,0.0011051759071652237,0.00046048996131884323,0.0032234297292319026,0.0003683919690550746,0.0012893718916927612,9.209799226376865e-05,0.0005525879535826119,0.0008288819303739178,0.0006446859458463806,0.0001841959845275373,0.0008288819303739178,0.0007367839381101492,0.0015656658684840672,0.00046048996131884323,0.0010130779149014552,0.0001841959845275373,0.0011051759071652237,0.0,0.0,0.0,0.0,0.0,0.00046048996131884323,0.0012893718916927612,0.0020261558298029104,0.0011972738994289924,0.002947135752440597,0.0005525879535826119,0.0003683919690550746,0.0,0.00046048996131884323,0.0,0.0,0.0,0.0,0.0006446859458463806,9.209799226376865e-05,0.0,0.0003683919690550746,0.0,9.209799226376865e-05,9.209799226376865e-05,9.209799226376865e-05,0.0,0.0001841959845275373,0.0002762939767913059,9.209799226376865e-05,0.0,0.0,0.0003683919690550746,0.0001841959845275373,0.0,0.0,0.0,0.0003683919690550746,0.0,0.0,0.0,0.0,0.0,0.0,0.0,0.0,0.0,0.0,0.0,9.209799226376865e-05,0.0,0.0,0.0,0.0,0.0002762939767913059,0.0,9.209799226376865e-05,0.0,0.0,0.0,0.0,0.0,0.0,0.0,0.0,parvus
parvus_virI_kapitalizm_i_voyna_I.txt,0.01163249211356467,0.00473186119873817,0.001971608832807571,0.019321766561514197,0.00611198738170347,0.0013801261829652998,0.028785488958990538,0.028194006309148267,0.09365141955835962,0.020110410094637224,0.007294952681388012,0.005717665615141956,0.006900630914826498,0.015181388012618296,0.01025236593059937,0.005126182965299685,0.013012618296529969,0.001971608832807571,0.00887223974763407,0.012026813880126183,0.01498422712933754,0.003746056782334385,0.004929022082018927,0.013406940063091483,0.0005914826498422713,0.004337539432176656,0.02326498422712934,0.01084384858044164,0.021490536277602525,0.08339905362776025,0.0005914826498422713,0.0,0.015181388012618296,0.00946372239747634,0.0033517350157728706,0.003943217665615142,0.006900630914826498,0.009069400630914827,0.005520504731861199,0.0015772870662460567,0.014195583596214511,0.014392744479495269,0.02779968454258675,0.0003943217665615142,0.0,0.009069400630914827,0.013998422712933754,0.0033517350157728706,0.00473186119873817,0.002168769716088328,0.006309148264984227,0.011829652996845425,0.02661671924290221,0.018533123028391166,0.019913249211356468,0.0001971608832807571,0.0001971608832807571,0.003746056782334385,0.0027602523659305996,0.02917981072555205,0.0,0.0025630914826498424,0.002365930599369085,0.002365930599369085,0.002365930599369085,0.0033517350157728706,0.0013801261829652998,0.0005914826498422713,0.002168769716088328,0.003746056782334385,0.0003943217665615142,0.0013801261829652998,0.0027602523659305996,0.005717665615141956,0.0,0.004929022082018927,0.0029574132492113563,0.0015772870662460567,0.0031545741324921135,0.002365930599369085,0.0,0.002168769716088328,0.002365930599369085,0.0025630914826498424,0.003548895899053628,0.0001971608832807571,0.00611198738170347,0.015575709779179811,0.0003943217665615142,0.0025630914826498424,0.014195583596214511,0.003548895899053628,0.0011829652996845426,0.0011829652996845426,0.007294952681388012,0.002168769716088328,0.004929022082018927,0.01025236593059937,0.0013801261829652998,0.0005914826498422713,0.0005914826498422713,0.003943217665615142,0.0003943217665615142,0.0031545741324921135,0.0005914826498422713,0.0,0.0013801261829652998,0.0007886435331230284,0.010646687697160883,0.0,0.003943217665615142,0.0065063091482649845,0.006703470031545741,0.0011829652996845426,0.0009858044164037854,0.0007886435331230284,0.0001971608832807571,0.0007886435331230284,0.0005914826498422713,0.0005914826498422713,0.001774447949526814,0.002365930599369085,0.0,0.0003943217665615142,0.0003943217665615142,0.0,0.0001971608832807571,0.001774447949526814,0.0001971608832807571,0.0,0.0,0.0011829652996845426,0.0001971608832807571,0.003943217665615142,0.0003943217665615142,0.0003943217665615142,0.0,0.0001971608832807571,0.0003943217665615142,0.0011829652996845426,0.0,0.0001971608832807571,0.0009858044164037854,0.0,0.001774447949526814,0.001971608832807571,0.0007886435331230284,0.0003943217665615142,0.0001971608832807571,0.0011829652996845426,0.0,0.0007886435331230284,0.0007886435331230284,0.0001971608832807571,0.0,0.0005914826498422713,0.0003943217665615142,0.0,0.0007886435331230284,0.0001971608832807571,0.01163249211356467,0.0015772870662460567,0.0001971608832807571,0.00749211356466877,0.0,0.0,0.0,0.0015772870662460567,0.0001971608832807571,0.0013801261829652998,0.0013801261829652998,0.00611198738170347,0.004140378548895899,0.0029574132492113563,0.0,0.0025630914826498424,0.0005914826498422713,0.0,0.0001971608832807571,0.0,0.0003943217665615142,0.0,0.0,0.0003943217665615142,0.0003943217665615142,0.0005914826498422713,0.0011829652996845426,0.0005914826498422713,0.0005914826498422713,0.0007886435331230284,0.0001971608832807571,0.0001971608832807571,0.0001971608832807571,0.0,0.0,0.0,0.0015772870662460567,0.0,0.0,0.0,0.0003943217665615142,0.0,0.0001971608832807571,0.0,0.0,0.0,0.0,0.0,0.0,0.0,0.0009858044164037854,0.0,0.0,0.0,0.0001971608832807571,0.0003943217665615142,0.0,0.0,0.0,0.0,0.0,0.0,0.0001971608832807571,0.0,0.0,0.0001971608832807571,0.0001971608832807571,0.0,0.0,0.0,0.0001971608832807571,0.0001971608832807571,0.0,0.0001971608832807571,0.0,0.0,0.0,0.0,0.0,0.0,0.0,0.0,0.0,parvus
parvus_virII_padenie_samoderzhaviya_I.txt,0.013087736306349976,0.0025852318629827112,0.004362578768783325,0.020197123929552432,0.006463079657456778,0.0024236548715462916,0.03166909032153821,0.024398125706899337,0.09403780901599612,0.025044433672645014,0.0066246566488931975,0.006139925674583939,0.010179350460494426,0.01438035223784133,0.0116335433834222,0.004201001777346906,0.014218775246404912,0.002100500888673453,0.006139925674583939,0.013087736306349976,0.01728873808369688,0.005008886734529003,0.008402003554693812,0.01195669736629504,0.0009694619486185168,0.003231539828728389,0.0232670867668444,0.008240426563257392,0.012118274357731459,0.08208111164970108,0.0016157699143641946,0.00016157699143641945,0.019389238972370333,0.004847309743092583,0.004524155760219745,0.0022620778801098725,0.004524155760219745,0.00872515753756665,0.006463079657456778,0.0019389238972370335,0.010179350460494426,0.014057198254968492,0.02730651155275489,0.0006463079657456778,0.0009694619486185168,0.009856196477621587,0.01777346905800614,0.003231539828728389,0.0033931168201648087,0.0033931168201648087,0.008240426563257392,0.016157699143641947,0.028114396509936985,0.020035546938116013,0.019550815963806752,0.0003231539828728389,0.0,0.001454192922927775,0.0037162708030376475,0.03425432218452092,0.00016157699143641945,0.003231539828728389,0.001454192922927775,0.0024236548715462916,0.0019389238972370335,0.001777346905800614,0.0009694619486185168,0.0009694619486185168,0.0051704637259654225,0.004362578768783325,0.0006463079657456778,0.004524155760219745,0.004201001777346906,0.009209888511875909,0.00016157699143641945,0.003554693811601228,0.003231539828728389,0.0011310389400549362,0.0025852318629827112,0.0030699628372919696,0.0004847309743092584,0.0003231539828728389,0.005008886734529003,0.005332040717401842,0.003877847794474067,0.0,0.007594118597511714,0.013572467280659235,0.0004847309743092584,0.002100500888673453,0.010987235417676523,0.0025852318629827112,0.0011310389400549362,0.003231539828728389,0.004685732751656164,0.002100500888673453,0.0033931168201648087,0.004524155760219745,0.0012926159314913556,0.0011310389400549362,0.0012926159314913556,0.003554693811601228,0.0,0.004847309743092583,0.0009694619486185168,0.0,0.0003231539828728389,0.0,0.009856196477621587,0.0,0.003554693811601228,0.007594118597511714,0.007270964614638876,0.0009694619486185168,0.0006463079657456778,0.00290838584585555,0.0003231539828728389,0.0004847309743092584,0.0009694619486185168,0.0009694619486185168,0.0011310389400549362,0.0012926159314913556,0.0004847309743092584,0.0016157699143641946,0.0011310389400549362,0.0,0.00016157699143641945,0.0012926159314913556,0.0,0.0,0.0003231539828728389,0.001454192922927775,0.0,0.00290838584585555,0.0003231539828728389,0.0003231539828728389,0.0,0.0,0.0,0.0011310389400549362,0.00016157699143641945,0.0008078849571820973,0.0004847309743092584,0.0,0.0006463079657456778,0.0024236548715462916,0.0004847309743092584,0.0009694619486185168,0.0003231539828728389,0.0012926159314913556,0.0,0.0006463079657456778,0.0012926159314913556,0.0004847309743092584,0.00016157699143641945,0.0006463079657456778,0.0004847309743092584,0.0,0.0003231539828728389,0.0,0.00856358054613023,0.0004847309743092584,0.0008078849571820973,0.0058167716917111,0.00016157699143641945,0.0,0.0,0.0009694619486185168,0.0006463079657456778,0.0025852318629827112,0.0003231539828728389,0.0022620778801098725,0.0016157699143641946,0.0019389238972370335,0.0003231539828728389,0.0025852318629827112,0.00016157699143641945,0.0006463079657456778,0.0,0.0,0.0,0.0,0.0,0.0,0.0009694619486185168,0.0006463079657456778,0.0003231539828728389,0.0004847309743092584,0.0003231539828728389,0.0,0.0,0.0,0.0,0.0,0.0,0.0,0.00016157699143641945,0.00016157699143641945,0.0,0.00016157699143641945,0.00016157699143641945,0.0,0.00016157699143641945,0.0003231539828728389,0.0,0.0,0.0003231539828728389,0.0003231539828728389,0.0,0.0,0.0004847309743092584,0.0,0.00016157699143641945,0.0,0.0,0.00016157699143641945,0.0,0.0,0.0,0.0,0.0,0.0,0.0,0.0,0.0,0.00016157699143641945,0.0,0.0,0.0,0.0,0.0,0.00016157699143641945,0.0009694619486185168,0.00016157699143641945,0.0,0.0,0.0,0.0,0.00016157699143641945,0.0,0.0,0.0,0.00016157699143641945,parvus
parvus_virIII_9_mes_voyny_I.txt,0.010317961676142346,0.0052642661612971155,0.007369972625815961,0.01958307012002527,0.008422825858075385,0.0021057064645188463,0.02547904822067804,0.021899347230996,0.0861233943988208,0.02547904822067804,0.008843967150979154,0.006527690040008423,0.01284480943356496,0.013476521372920615,0.011370814908401769,0.005685407454200884,0.014529374605180037,0.0010528532322594231,0.004000842282585807,0.017266793009054537,0.014529374605180037,0.005474836807749,0.009475679090334808,0.012002526847757423,0.0008422825858075384,0.0027374184038745,0.019793640766477154,0.009686249736786692,0.017266793009054537,0.07559486207622658,0.0006317119393556538,0.0006317119393556538,0.020425352705832806,0.007580543272267846,0.006317119393556538,0.0023162771109707307,0.004632554221941461,0.008843967150979154,0.006317119393556538,0.0029479890503263844,0.012423668140661192,0.017687934301958308,0.027374184038745,0.0010528532322594231,0.0004211412929037692,0.008843967150979154,0.02063592335228469,0.0023162771109707307,0.0029479890503263844,0.0027374184038745,0.009265108443882923,0.014529374605180037,0.017687934301958308,0.01958307012002527,0.018951358180669616,0.0004211412929037692,0.0,0.0027374184038745,0.003158559696778269,0.03327016213939777,0.0,0.004632554221941461,0.002526847757422615,0.006106548747104654,0.0033691303432301536,0.0018951358180669614,0.0010528532322594231,0.0010528532322594231,0.0035797009896820385,0.004211412929037693,0.0,0.0029479890503263844,0.0035797009896820385,0.007580543272267846,0.0004211412929037692,0.0035797009896820385,0.003790271636133923,0.0006317119393556538,0.004000842282585807,0.004211412929037693,0.0002105706464518846,0.0023162771109707307,0.003158559696778269,0.0033691303432301536,0.002526847757422615,0.0,0.004632554221941461,0.011370814908401769,0.0016845651716150768,0.003158559696778269,0.017477363655506423,0.0023162771109707307,0.0008422825858075384,0.0006317119393556538,0.005685407454200884,0.0023162771109707307,0.004632554221941461,0.006948831332912192,0.002526847757422615,0.0012634238787113076,0.0012634238787113076,0.0021057064645188463,0.0,0.0033691303432301536,0.0021057064645188463,0.0,0.0,0.0,0.007159401979364077,0.0006317119393556538,0.003158559696778269,0.007369972625815961,0.004211412929037693,0.0012634238787113076,0.0010528532322594231,0.0027374184038745,0.0002105706464518846,0.0002105706464518846,0.0010528532322594231,0.0014739945251631922,0.0010528532322594231,0.0010528532322594231,0.0,0.0014739945251631922,0.0008422825858075384,0.0004211412929037692,0.0006317119393556538,0.0004211412929037692,0.0,0.0002105706464518846,0.0,0.0016845651716150768,0.0002105706464518846,0.004211412929037693,0.0012634238787113076,0.0,0.0,0.0,0.0010528532322594231,0.0012634238787113076,0.0,0.0,0.0010528532322594231,0.0,0.002526847757422615,0.0018951358180669614,0.0012634238787113076,0.0008422825858075384,0.0004211412929037692,0.0016845651716150768,0.0,0.0008422825858075384,0.0008422825858075384,0.0006317119393556538,0.0002105706464518846,0.0008422825858075384,0.0006317119393556538,0.0,0.0014739945251631922,0.0002105706464518846,0.010739102969046115,0.0018951358180669614,0.0004211412929037692,0.004000842282585807,0.0,0.0002105706464518846,0.0,0.0,0.0014739945251631922,0.0018951358180669614,0.0008422825858075384,0.0033691303432301536,0.0012634238787113076,0.0010528532322594231,0.0004211412929037692,0.0016845651716150768,0.0008422825858075384,0.0008422825858075384,0.0,0.0,0.0006317119393556538,0.0,0.0006317119393556538,0.0006317119393556538,0.0006317119393556538,0.0006317119393556538,0.0004211412929037692,0.0006317119393556538,0.0008422825858075384,0.0,0.0002105706464518846,0.0004211412929037692,0.0,0.0002105706464518846,0.0004211412929037692,0.0,0.0012634238787113076,0.0,0.0,0.0002105706464518846,0.0,0.0,0.0,0.0002105706464518846,0.0,0.0,0.0,0.0,0.0,0.0,0.0002105706464518846,0.0,0.0,0.0,0.0,0.0006317119393556538,0.0,0.0,0.0,0.0,0.0,0.0,0.0008422825858075384,0.0,0.0,0.0002105706464518846,0.0,0.0,0.0,0.0,0.0,0.0002105706464518846,0.0004211412929037692,0.0,0.0,0.0,0.0,0.0,0.0,0.0,0.0,0.0,0.0,parvus
parvus_virIV_samoderzh_i_reformy_I.txt,0.00277623542476402,0.000555247084952804,0.0,0.003886729594669628,0.009994447529150472,0.002498611882287618,0.023320377568017768,0.017212659633536923,0.09078289838978346,0.028317601332593003,0.003886729594669628,0.002498611882287618,0.009161576901721266,0.010827318156579679,0.011382565241532482,0.003886729594669628,0.01110494169905608,0.00138811771238201,0.007495835646862854,0.01665741254858412,0.017212659633536923,0.003886729594669628,0.007495835646862854,0.018600777345918935,0.000277623542476402,0.004997223764575236,0.027484730705163798,0.01110494169905608,0.020544142143253747,0.09161576901721266,0.000277623542476402,0.0,0.014158800666296502,0.008051082731815658,0.003331482509716824,0.003886729594669628,0.005830094392004442,0.010272071071626874,0.005274847307051638,0.002220988339811216,0.019156024430871738,0.015824541921154914,0.02637423653525819,0.000555247084952804,0.000277623542476402,0.007218212104386452,0.01665741254858412,0.001943364797334814,0.00694058856191005,0.00555247084952804,0.007218212104386452,0.014991671293725709,0.03220433092726263,0.014991671293725709,0.02193225985563576,0.0,0.0,0.001943364797334814,0.002498611882287618,0.038312048861743477,0.000555247084952804,0.00416435313714603,0.003609106052193226,0.00555247084952804,0.003331482509716824,0.004997223764575236,0.002498611882287618,0.000832870627429206,0.008051082731815658,0.00416435313714603,0.00138811771238201,0.003053858967240422,0.00694058856191005,0.013048306496390895,0.001110494169905608,0.00277623542476402,0.003609106052193226,0.001665741254858412,0.004719600222098834,0.003609106052193226,0.001110494169905608,0.003331482509716824,0.001110494169905608,0.002498611882287618,0.002220988339811216,0.000277623542476402,0.007495835646862854,0.013603553581343698,0.001110494169905608,0.002220988339811216,0.008051082731815658,0.00416435313714603,0.000555247084952804,0.002220988339811216,0.006107717934480844,0.000832870627429206,0.000555247084952804,0.00138811771238201,0.00138811771238201,0.001943364797334814,0.00138811771238201,0.00277623542476402,0.000832870627429206,0.004997223764575236,0.000832870627429206,0.0,0.0,0.0,0.014991671293725709,0.001110494169905608,0.004441976679622432,0.00555247084952804,0.008606329816768461,0.00138811771238201,0.000832870627429206,0.006662965019433648,0.002220988339811216,0.001665741254858412,0.0,0.000555247084952804,0.001110494169905608,0.001665741254858412,0.000277623542476402,0.000555247084952804,0.000555247084952804,0.000277623542476402,0.001665741254858412,0.000555247084952804,0.0,0.0,0.0,0.001665741254858412,0.000555247084952804,0.000277623542476402,0.000277623542476402,0.000277623542476402,0.000277623542476402,0.0,0.000555247084952804,0.001665741254858412,0.0,0.001110494169905608,0.000277623542476402,0.0,0.001110494169905608,0.001943364797334814,0.000277623542476402,0.00138811771238201,0.000555247084952804,0.000555247084952804,0.000555247084952804,0.00138811771238201,0.002220988339811216,0.000277623542476402,0.0,0.000832870627429206,0.000555247084952804,0.0,0.0,0.000277623542476402,0.003609106052193226,0.0,0.0,0.001110494169905608,0.00138811771238201,0.000277623542476402,0.0,0.0,0.000277623542476402,0.00138811771238201,0.0,0.000277623542476402,0.0,0.001943364797334814,0.000832870627429206,0.000555247084952804,0.000277623542476402,0.001665741254858412,0.0,0.0,0.001665741254858412,0.0,0.0,0.000555247084952804,0.000555247084952804,0.000277623542476402,0.000277623542476402,0.001665741254858412,0.0,0.000555247084952804,0.0,0.0,0.000277623542476402,0.000277623542476402,0.000277623542476402,0.0,0.001110494169905608,0.0,0.0,0.000277623542476402,0.0,0.000277623542476402,0.000277623542476402,0.000277623542476402,0.0,0.000277623542476402,0.000277623542476402,0.000277623542476402,0.0,0.0,0.0,0.0,0.0,0.0,0.0,0.0,0.0,0.000277623542476402,0.0,0.0,0.0,0.0,0.000832870627429206,0.000277623542476402,0.000277623542476402,0.0,0.0,0.0,0.0,0.0,0.0,0.000277623542476402,0.0,0.0,0.0,0.0,0.0,0.0,0.0,0.0,0.0,0.0,0.0,parvus
parvus_vnesh_politika_germanii.txt,0.016270337922403004,0.0037546933667083854,0.0025031289111389237,0.023779724655819776,0.012515644555694618,0.0012515644555694619,0.03379224030037547,0.025031289111389236,0.0851063829787234,0.026282853566958697,0.008760951188986232,0.006257822277847309,0.006257822277847309,0.006257822277847309,0.015018773466833541,0.0050062578222778474,0.01877346683354193,0.0012515644555694619,0.0050062578222778474,0.01376720901126408,0.017521902377972465,0.007509386733416771,0.007509386733416771,0.02002503128911139,0.0,0.008760951188986232,0.02252816020025031,0.011264080100125156,0.02002503128911139,0.060075093867334166,0.0,0.0,0.012515644555694618,0.0037546933667083854,0.007509386733416771,0.0012515644555694619,0.007509386733416771,0.007509386733416771,0.008760951188986232,0.0,0.012515644555694618,0.006257822277847309,0.015018773466833541,0.0,0.0,0.0050062578222778474,0.01877346683354193,0.0037546933667083854,0.007509386733416771,0.0025031289111389237,0.0050062578222778474,0.012515644555694618,0.017521902377972465,0.010012515644555695,0.030037546933667083,0.0012515644555694619,0.0,0.0025031289111389237,0.0012515644555694619,0.025031289111389236,0.0,0.0025031289111389237,0.0012515644555694619,0.0,0.0037546933667083854,0.0012515644555694619,0.0012515644555694619,0.0,0.006257822277847309,0.0037546933667083854,0.0,0.0037546933667083854,0.006257822277847309,0.012515644555694618,0.0012515644555694619,0.0050062578222778474,0.0050062578222778474,0.0037546933667083854,0.0012515644555694619,0.0012515644555694619,0.0012515644555694619,0.006257822277847309,0.0050062578222778474,0.0025031289111389237,0.0025031289111389237,0.0,0.0050062578222778474,0.007509386733416771,0.0,0.0,0.02753441802252816,0.0,0.0012515644555694619,0.0037546933667083854,0.0025031289111389237,0.006257822277847309,0.0037546933667083854,0.01376720901126408,0.0025031289111389237,0.0012515644555694619,0.0025031289111389237,0.0037546933667083854,0.0,0.0012515644555694619,0.0012515644555694619,0.0,0.0,0.0,0.008760951188986232,0.0012515644555694619,0.0,0.011264080100125156,0.0025031289111389237,0.0,0.0,0.0037546933667083854,0.0,0.0,0.0025031289111389237,0.0,0.0012515644555694619,0.0,0.0,0.0025031289111389237,0.0,0.0,0.0012515644555694619,0.0025031289111389237,0.0,0.0,0.0,0.0012515644555694619,0.0,0.0050062578222778474,0.0012515644555694619,0.0,0.0,0.0,0.0,0.0012515644555694619,0.0,0.0,0.0012515644555694619,0.0,0.0,0.0025031289111389237,0.0,0.0,0.0,0.0037546933667083854,0.0,0.0025031289111389237,0.0025031289111389237,0.0012515644555694619,0.0,0.0012515644555694619,0.0,0.0012515644555694619,0.0,0.0,0.012515644555694618,0.0037546933667083854,0.0025031289111389237,0.0037546933667083854,0.0,0.0012515644555694619,0.0,0.0012515644555694619,0.0025031289111389237,0.0025031289111389237,0.0012515644555694619,0.006257822277847309,0.0037546933667083854,0.0012515644555694619,0.0,0.0012515644555694619,0.0012515644555694619,0.0,0.0,0.0,0.0,0.0,0.0,0.0,0.0,0.0,0.0012515644555694619,0.0,0.0025031289111389237,0.0012515644555694619,0.0,0.0,0.0,0.0,0.0,0.0,0.0025031289111389237,0.0,0.0,0.0,0.0,0.0,0.0,0.0,0.0,0.0,0.0,0.0,0.0,0.0,0.0012515644555694619,0.0,0.0,0.0,0.0,0.0012515644555694619,0.0,0.0,0.0,0.0,0.0,0.0,0.0,0.0,0.0,0.0012515644555694619,0.0,0.0,0.0012515644555694619,0.0012515644555694619,0.0,0.0,0.0,0.0,0.0,0.0,0.0,0.0,0.0,0.0,0.0,0.0,0.0,parvus
plehanov_beliy_terror_I.txt,0.002571638501102131,0.0018368846436443791,0.0,0.008082292432035268,0.004775900073475386,0.0011021307861866275,0.025716385011021307,0.018736223365172666,0.08339456282145481,0.020573108008817047,0.0069801616458486405,0.007714915503306392,0.00881704628949302,0.013960323291697281,0.011756061719324026,0.006245407788390889,0.009551800146950772,0.002204261572373255,0.006612784717119765,0.01689933872152829,0.014327700220426157,0.0011021307861866275,0.010286554004408524,0.014327700220426157,0.0014695077149155032,0.004041146216017634,0.02020573108008817,0.013960323291697281,0.027920646583394562,0.0852314474650992,0.0003673769287288758,0.0003673769287288758,0.01689933872152829,0.0069801616458486405,0.002571638501102131,0.00440852314474651,0.009551800146950772,0.014695077149155033,0.005510653930933138,0.00440852314474651,0.019103600293901544,0.014695077149155033,0.020573108008817047,0.0007347538574577516,0.0,0.011388684790595151,0.024246877296105803,0.005143277002204262,0.005510653930933138,0.0018368846436443791,0.006245407788390889,0.011756061719324026,0.020573108008817047,0.019838354151359296,0.017266715650257163,0.0007347538574577516,0.0,0.022409992652461425,0.0036737692872887582,0.02718589272593681,0.0,0.004041146216017634,0.004041146216017634,0.0033063923585598823,0.00440852314474651,0.0018368846436443791,0.0033063923585598823,0.0007347538574577516,0.006245407788390889,0.0036737692872887582,0.0,0.0007347538574577516,0.002204261572373255,0.010286554004408524,0.0011021307861866275,0.004775900073475386,0.0018368846436443791,0.0,0.0029390154298310064,0.002204261572373255,0.0018368846436443791,0.0,0.0014695077149155032,0.00440852314474651,0.0029390154298310064,0.0007347538574577516,0.006612784717119765,0.013960323291697281,0.0014695077149155032,0.0029390154298310064,0.010286554004408524,0.005878030859662013,0.0014695077149155032,0.002204261572373255,0.011756061719324026,0.002204261572373255,0.0029390154298310064,0.002204261572373255,0.0018368846436443791,0.0007347538574577516,0.0003673769287288758,0.00440852314474651,0.0003673769287288758,0.005510653930933138,0.0029390154298310064,0.0,0.0,0.0,0.012490815576781777,0.0003673769287288758,0.00440852314474651,0.0106539309331374,0.006612784717119765,0.0003673769287288758,0.0018368846436443791,0.002571638501102131,0.0,0.0007347538574577516,0.0003673769287288758,0.0,0.0011021307861866275,0.0018368846436443791,0.0003673769287288758,0.0003673769287288758,0.0003673769287288758,0.0,0.0003673769287288758,0.002204261572373255,0.0,0.0,0.0003673769287288758,0.0018368846436443791,0.0003673769287288758,0.0011021307861866275,0.0,0.0003673769287288758,0.0003673769287288758,0.0,0.0011021307861866275,0.0007347538574577516,0.0,0.0018368846436443791,0.0018368846436443791,0.0,0.0029390154298310064,0.002571638501102131,0.0011021307861866275,0.0003673769287288758,0.0007347538574577516,0.0014695077149155032,0.0,0.0007347538574577516,0.0014695077149155032,0.002571638501102131,0.0,0.0007347538574577516,0.0007347538574577516,0.0,0.0003673769287288758,0.0003673769287288758,0.004775900073475386,0.0003673769287288758,0.0003673769287288758,0.004041146216017634,0.0,0.0007347538574577516,0.0,0.0014695077149155032,0.0,0.0014695077149155032,0.0003673769287288758,0.0018368846436443791,0.0007347538574577516,0.0011021307861866275,0.0,0.0003673769287288758,0.0,0.0,0.0,0.0,0.0,0.0,0.0,0.0007347538574577516,0.0011021307861866275,0.002204261572373255,0.0007347538574577516,0.0018368846436443791,0.0,0.0,0.0,0.0,0.0003673769287288758,0.0,0.0,0.0,0.0007347538574577516,0.0,0.0,0.0,0.0,0.0,0.0007347538574577516,0.0,0.0,0.0,0.0003673769287288758,0.0003673769287288758,0.0,0.0,0.0003673769287288758,0.0,0.0,0.0,0.0,0.0003673769287288758,0.0,0.0,0.0,0.0003673769287288758,0.0003673769287288758,0.0,0.0,0.0,0.0,0.0,0.0,0.0,0.0,0.0,0.0003673769287288758,0.0,0.0,0.0,0.0,0.0,0.0,0.0,0.0,0.0,0.0,0.0,0.0,plehanov
plehanov_cant_vs_kant.txt,0.003703377127237457,0.002292566793051759,0.005114187461423155,0.01684154836434177,0.008023983775681157,0.000793580812979455,0.016488845780795344,0.0129618199453311,0.05519795432501543,0.015430738030156071,0.005378714399082973,0.008023983775681157,0.010492901860506129,0.015871616259589102,0.014108103341856979,0.006436822149722247,0.014725332863063222,0.001410810334185698,0.0043206066484437,0.01886958821973371,0.02045674984569262,0.0026452693765981836,0.011639185257032008,0.015254386738382858,0.000793580812979455,0.005026011815536548,0.020368574199806012,0.012785468653557888,0.025130059077682745,0.07865267613085265,0.0004408782294330306,0.0010581077506392734,0.01595979190547571,0.006701349087382065,0.0029979719601446082,0.004056079710783881,0.007142227316815096,0.008376686359227581,0.0059959439202892165,0.0026452693765981836,0.015166211092496253,0.017635129177321223,0.015342562384269464,0.001410810334185698,0.0009699321047526673,0.01225641477823825,0.025306410369455957,0.00317432325191782,0.004585133586103518,0.00317432325191782,0.006701349087382065,0.00934661846398025,0.028921611850806807,0.01825235869852747,0.014725332863063222,0.0011462833965258795,8.817564588660612e-05,0.025747288598888987,0.002821620668371396,0.029362490080239837,0.0006172295212062428,0.0029979719601446082,0.000793580812979455,0.0013226346882990918,0.004849660523763337,0.0038797284190106693,0.0033506745436910324,0.000705405167092849,0.00317432325191782,0.003615201481350851,0.0005290538753196367,0.0029979719601446082,0.006436822149722247,0.012344590424124858,0.0014989859800723041,0.005114187461423155,0.004408782294330306,0.000793580812979455,0.0025570937307115775,0.0042324310025570935,0.0014989859800723041,0.0012344590424124857,0.002909796314258002,0.007142227316815096,0.0025570937307115775,0.00026452693765981834,0.0035270258354642447,0.010845604444052553,0.0014989859800723041,0.0029979719601446082,0.005819592628516004,0.0039679040648972754,0.0012344590424124857,0.0032624988978044262,0.007583105546248126,0.0024689180848249713,0.005819592628516004,0.005731416982629398,0.0008817564588660612,0.0005290538753196367,0.0009699321047526673,0.002821620668371396,0.000705405167092849,0.005643241336742792,0.004144255356670488,0.002821620668371396,0.007142227316815096,0.0026452693765981836,0.00820033506745437,0.0005290538753196367,0.003703377127237457,0.006613173441495459,0.005643241336742792,0.0003527025835464245,0.0026452693765981836,0.0035270258354642447,0.0005290538753196367,0.0006172295212062428,0.0003527025835464245,0.0003527025835464245,0.001410810334185698,0.000793580812979455,0.00017635129177321225,0.0011462833965258795,0.0013226346882990918,0.0,0.0004408782294330306,0.0025570937307115775,8.817564588660612e-05,0.00017635129177321225,0.00017635129177321225,0.000705405167092849,0.0,0.002380742438938365,0.000705405167092849,0.00026452693765981834,0.0003527025835464245,0.00026452693765981834,0.0005290538753196367,0.0017635129177321223,0.0,0.000793580812979455,0.0010581077506392734,0.0,0.0008817564588660612,0.0024689180848249713,0.0010581077506392734,0.0003527025835464245,0.0005290538753196367,0.0026452693765981836,0.0,0.0006172295212062428,0.001410810334185698,0.000793580812979455,0.0003527025835464245,0.0004408782294330306,0.0011462833965258795,0.0,8.817564588660612e-05,0.000793580812979455,0.014813508508949828,0.0012344590424124857,0.0008817564588660612,0.0012344590424124857,0.0006172295212062428,0.0017635129177321223,0.0,0.0020280398553919406,0.0012344590424124857,0.00158716162595891,0.0005290538753196367,0.0025570937307115775,0.002380742438938365,0.000705405167092849,0.0012344590424124857,0.0020280398553919406,8.817564588660612e-05,0.0010581077506392734,8.817564588660612e-05,0.0004408782294330306,8.817564588660612e-05,0.0,8.817564588660612e-05,0.0006172295212062428,0.00158716162595891,0.0039679040648972754,0.0005290538753196367,0.0018516885636187285,0.0006172295212062428,0.00017635129177321225,0.0,0.0,0.0005290538753196367,0.0,0.00017635129177321225,0.0,0.0,0.00026452693765981834,0.0,8.817564588660612e-05,8.817564588660612e-05,0.00017635129177321225,0.0,0.00017635129177321225,8.817564588660612e-05,8.817564588660612e-05,0.0006172295212062428,0.0006172295212062428,0.0,0.0,0.0003527025835464245,0.0,0.0,0.0,0.0,0.00026452693765981834,0.0,8.817564588660612e-05,0.0,0.0,0.0,0.0,0.0,0.0,0.0,0.0,0.0,0.0,0.0,0.0,8.817564588660612e-05,8.817564588660612e-05,0.0005290538753196367,8.817564588660612e-05,0.0,8.817564588660612e-05,0.0,0.0,0.0,0.0,0.0,8.817564588660612e-05,0.0,plehanov
plehanov_grustnoe_nedorazumenie_I.txt,0.0009220839096357768,0.0004610419548178884,0.0009220839096357768,0.008529276164130935,0.007837713231904103,0.0013831258644536654,0.012448132780082987,0.008068234209313048,0.03480866758875058,0.011065006915629323,0.00714615029967727,0.007607192254495159,0.014522821576763486,0.015675426463808206,0.019363762102351315,0.007837713231904103,0.011526048870447211,0.002074688796680498,0.004610419548178884,0.026509912402028584,0.023282618718303366,0.002305209774089442,0.017289073305670817,0.022821576763485476,0.0006915629322268327,0.0027662517289073307,0.023282618718303366,0.014983863531581374,0.030889810972798526,0.08483171968649147,0.0,0.0006915629322268327,0.019594283079760258,0.00875979714153988,0.003457814661134163,0.004610419548178884,0.010142923005993546,0.007607192254495159,0.003457814661134163,0.0036883356385431073,0.022821576763485476,0.01751959428307976,0.006915629322268326,0.0006915629322268327,0.0009220839096357768,0.01913324112494237,0.024435223605348087,0.001152604887044721,0.00875979714153988,0.00599354541263255,0.009220839096357769,0.005763024435223606,0.02351313969571231,0.02351313969571231,0.011295527893038266,0.0006915629322268327,0.0,0.02627939142461964,0.0025357307514983865,0.026740433379437527,0.0004610419548178884,0.002996772706316275,0.0004610419548178884,0.004840940525587829,0.009451360073766712,0.005532503457814661,0.004840940525587829,0.001152604887044721,0.00437989857076994,0.00437989857076994,0.0009220839096357768,0.0013831258644536654,0.009220839096357769,0.016136468418626097,0.002074688796680498,0.005532503457814661,0.004149377593360996,0.0006915629322268327,0.003227293683725219,0.004840940525587829,0.001152604887044721,0.0006915629322268327,0.001152604887044721,0.006685108344859382,0.0027662517289073307,0.001152604887044721,0.005301982480405717,0.013600737667127709,0.002305209774089442,0.0027662517289073307,0.002996772706316275,0.0027662517289073307,0.0006915629322268327,0.002996772706316275,0.012909174734900875,0.003457814661134163,0.007837713231904103,0.002074688796680498,0.0013831258644536654,0.0018441678192715537,0.0006915629322268327,0.0018441678192715537,0.0006915629322268327,0.005071461502996773,0.0025357307514983865,0.0002305209774089442,0.0006915629322268327,0.0002305209774089442,0.005532503457814661,0.0002305209774089442,0.005301982480405717,0.008298755186721992,0.005071461502996773,0.0002305209774089442,0.004610419548178884,0.003457814661134163,0.0004610419548178884,0.0018441678192715537,0.0006915629322268327,0.0009220839096357768,0.0006915629322268327,0.0016136468418626094,0.0002305209774089442,0.0006915629322268327,0.0006915629322268327,0.0,0.0002305209774089442,0.0018441678192715537,0.0,0.0004610419548178884,0.0,0.0016136468418626094,0.0002305209774089442,0.0004610419548178884,0.0004610419548178884,0.0004610419548178884,0.0006915629322268327,0.0,0.0013831258644536654,0.0027662517289073307,0.0002305209774089442,0.0004610419548178884,0.0009220839096357768,0.0,0.0016136468418626094,0.003457814661134163,0.0004610419548178884,0.0004610419548178884,0.0009220839096357768,0.0013831258644536654,0.0,0.002074688796680498,0.0006915629322268327,0.003457814661134163,0.0,0.0006915629322268327,0.0004610419548178884,0.0004610419548178884,0.0009220839096357768,0.0013831258644536654,0.0018441678192715537,0.0,0.0004610419548178884,0.001152604887044721,0.0004610419548178884,0.002996772706316275,0.0,0.0002305209774089442,0.0002305209774089442,0.0004610419548178884,0.0002305209774089442,0.0006915629322268327,0.0002305209774089442,0.0004610419548178884,0.0004610419548178884,0.0002305209774089442,0.0,0.001152604887044721,0.0,0.0,0.0,0.0,0.0,0.0013831258644536654,0.001152604887044721,0.002305209774089442,0.0006915629322268327,0.0036883356385431073,0.0,0.0,0.0,0.0002305209774089442,0.0002305209774089442,0.0004610419548178884,0.0,0.0,0.0004610419548178884,0.0,0.0,0.0002305209774089442,0.0,0.0004610419548178884,0.0002305209774089442,0.0,0.0002305209774089442,0.0,0.0002305209774089442,0.0002305209774089442,0.0,0.0,0.0,0.0,0.0,0.0,0.0,0.0002305209774089442,0.0,0.0,0.0,0.0009220839096357768,0.0009220839096357768,0.0002305209774089442,0.0,0.0002305209774089442,0.0002305209774089442,0.0,0.0,0.0,0.0,0.0,0.0,0.0,0.0002305209774089442,0.0002305209774089442,0.0,0.0,0.0,0.0,0.0,0.0,0.0,0.0,0.0,plehanov
plehanov_gzha_breshkovskaya_I.txt,0.007380073800738007,0.0012300123001230013,0.006560065600656006,0.01927019270192702,0.007790077900779008,0.0008200082000820008,0.020910209102091022,0.014350143501435014,0.05330053300533005,0.013120131201312012,0.005740057400574006,0.005330053300533005,0.006560065600656006,0.01845018450184502,0.013530135301353014,0.007380073800738007,0.01025010250102501,0.0016400164001640015,0.004920049200492005,0.01968019680196802,0.016400164001640016,0.004510045100451004,0.014350143501435014,0.015990159901599015,0.002050020500205002,0.005740057400574006,0.025830258302583026,0.015990159901599015,0.02706027060270603,0.07544075440754408,0.0008200082000820008,0.0008200082000820008,0.012710127101271012,0.006560065600656006,0.002870028700287003,0.0024600246002460025,0.004510045100451004,0.008610086100861008,0.0036900369003690036,0.0036900369003690036,0.01845018450184502,0.01886018860188602,0.015170151701517014,0.0004100041000410004,0.0004100041000410004,0.01107011070110701,0.024190241902419023,0.0024600246002460025,0.004920049200492005,0.003280032800328003,0.006150061500615006,0.009020090200902008,0.02214022140221402,0.022550225502255022,0.01107011070110701,0.0008200082000820008,0.0,0.025010250102501026,0.002870028700287003,0.02952029520295203,0.0008200082000820008,0.003280032800328003,0.0012300123001230013,0.003280032800328003,0.004100041000410004,0.006970069700697007,0.002870028700287003,0.0004100041000410004,0.004510045100451004,0.0012300123001230013,0.0008200082000820008,0.0024600246002460025,0.006150061500615006,0.015990159901599015,0.0024600246002460025,0.006150061500615006,0.005740057400574006,0.0,0.004100041000410004,0.004100041000410004,0.0016400164001640015,0.0012300123001230013,0.002050020500205002,0.004920049200492005,0.0024600246002460025,0.0,0.002870028700287003,0.008200082000820008,0.0012300123001230013,0.0012300123001230013,0.009020090200902008,0.005740057400574006,0.0,0.002050020500205002,0.011480114801148012,0.0024600246002460025,0.007380073800738007,0.004920049200492005,0.002050020500205002,0.0,0.0016400164001640015,0.0008200082000820008,0.0024600246002460025,0.004510045100451004,0.002870028700287003,0.0,0.0,0.0,0.01066010660106601,0.0004100041000410004,0.0036900369003690036,0.005330053300533005,0.005740057400574006,0.0016400164001640015,0.002050020500205002,0.002870028700287003,0.0012300123001230013,0.0,0.0008200082000820008,0.0012300123001230013,0.0016400164001640015,0.0012300123001230013,0.0004100041000410004,0.0008200082000820008,0.0008200082000820008,0.0,0.0004100041000410004,0.0004100041000410004,0.0,0.0004100041000410004,0.0004100041000410004,0.0016400164001640015,0.0004100041000410004,0.0016400164001640015,0.0016400164001640015,0.0004100041000410004,0.0,0.0,0.0012300123001230013,0.0012300123001230013,0.0,0.0008200082000820008,0.0,0.0,0.0008200082000820008,0.0024600246002460025,0.0,0.0008200082000820008,0.0,0.0024600246002460025,0.0,0.0008200082000820008,0.0004100041000410004,0.0024600246002460025,0.0,0.0024600246002460025,0.0016400164001640015,0.0,0.0012300123001230013,0.0012300123001230013,0.00943009430094301,0.0012300123001230013,0.0016400164001640015,0.003280032800328003,0.0,0.004510045100451004,0.0,0.0016400164001640015,0.0,0.002050020500205002,0.0008200082000820008,0.003280032800328003,0.0036900369003690036,0.0012300123001230013,0.0008200082000820008,0.0004100041000410004,0.0,0.0012300123001230013,0.0,0.0,0.0,0.0,0.0,0.0008200082000820008,0.003280032800328003,0.003280032800328003,0.0004100041000410004,0.0016400164001640015,0.0004100041000410004,0.0004100041000410004,0.0,0.0004100041000410004,0.0004100041000410004,0.0,0.0,0.0,0.0008200082000820008,0.0,0.0,0.0,0.0,0.0,0.0,0.0,0.0004100041000410004,0.0004100041000410004,0.002050020500205002,0.002050020500205002,0.0,0.0,0.0008200082000820008,0.0,0.0,0.0,0.0,0.0004100041000410004,0.0,0.0,0.0,0.0008200082000820008,0.0008200082000820008,0.0,0.0,0.0,0.0,0.0,0.0,0.0,0.0,0.0,0.0,0.0,0.0004100041000410004,0.0,0.0,0.0,0.0,0.0,0.0,0.0,0.0,0.0,0.0,plehanov
plehanov_k_agrarnomu_voprosu_v_Rossii_NQ.txt,0.0020408163265306124,0.0009603841536614646,0.0039615846338535415,0.012605042016806723,0.011524609843937574,0.0008403361344537816,0.018607442977190875,0.013325330132052822,0.057743097238895556,0.016086434573829533,0.004441776710684273,0.00744297719087635,0.011764705882352941,0.012965186074429771,0.014765906362545019,0.005402160864345739,0.01056422569027611,0.0009603841536614646,0.0022809123649459783,0.02112845138055222,0.020168067226890758,0.0025210084033613447,0.016206482593037214,0.01248499399759904,0.0003601440576230492,0.003481392557022809,0.020648259303721488,0.012605042016806723,0.025570228091236494,0.07983193277310924,0.0004801920768307323,0.00024009603841536616,0.017767106842737093,0.0067226890756302525,0.00312124849939976,0.0028811524609843936,0.007683073229291717,0.007322929171668668,0.0058823529411764705,0.003001200480192077,0.01788715486194478,0.018127250900360145,0.017046818727490996,0.0003601440576230492,0.0006002400960384153,0.016686674669867948,0.027130852340936373,0.0033613445378151263,0.0078031212484993995,0.0038415366146458585,0.008283313325330131,0.010924369747899159,0.026650660264105643,0.01872749099639856,0.01248499399759904,0.0007202881152460984,0.0,0.023529411764705882,0.0019207683073229293,0.027611044417767107,0.00024009603841536616,0.004081632653061225,0.0021608643457382954,0.004201680672268907,0.007563025210084034,0.0019207683073229293,0.004081632653061225,0.00156062424969988,0.003601440576230492,0.0027611044417767106,0.0004801920768307323,0.0022809123649459783,0.005762304921968787,0.013445378151260505,0.0019207683073229293,0.005762304921968787,0.004201680672268907,0.001800720288115246,0.0033613445378151263,0.004561824729891957,0.0009603841536614646,0.0003601440576230492,0.005162064825930372,0.006482593037214886,0.003721488595438175,0.0009603841536614646,0.00312124849939976,0.013925570228091237,0.0019207683073229293,0.00312124849939976,0.007683073229291717,0.005042016806722689,0.0009603841536614646,0.004441776710684273,0.010324129651860744,0.0027611044417767106,0.009243697478991597,0.003601440576230492,0.0013205282112845138,0.0014405762304921968,0.0004801920768307323,0.0012004801920768306,0.0020408163265306124,0.0058823529411764705,0.003721488595438175,0.0,0.0006002400960384153,0.00012004801920768308,0.004801920768307323,0.0006002400960384153,0.0038415366146458585,0.005042016806722689,0.004201680672268907,0.0008403361344537816,0.0038415366146458585,0.0033613445378151263,0.0007202881152460984,0.0012004801920768306,0.0006002400960384153,0.00024009603841536616,0.00156062424969988,0.0020408163265306124,0.0004801920768307323,0.0014405762304921968,0.0003601440576230492,0.00012004801920768308,0.0014405762304921968,0.00156062424969988,0.0,0.0,0.00012004801920768308,0.0016806722689075631,0.00012004801920768308,0.0014405762304921968,0.0007202881152460984,0.0004801920768307323,0.0009603841536614646,0.0,0.0007202881152460984,0.00312124849939976,0.00012004801920768308,0.0008403361344537816,0.0008403361344537816,0.0,0.0014405762304921968,0.0039615846338535415,0.001800720288115246,0.0006002400960384153,0.0014405762304921968,0.00156062424969988,0.00012004801920768308,0.0025210084033613447,0.0012004801920768306,0.00156062424969988,0.0,0.0003601440576230492,0.0010804321728691477,0.00012004801920768308,0.0008403361344537816,0.00024009603841536616,0.0058823529411764705,0.0006002400960384153,0.0004801920768307323,0.001800720288115246,0.00024009603841536616,0.00312124849939976,0.0,0.0014405762304921968,0.0007202881152460984,0.0006002400960384153,0.00024009603841536616,0.0010804321728691477,0.00024009603841536616,0.0016806722689075631,0.0009603841536614646,0.0006002400960384153,0.00012004801920768308,0.0006002400960384153,0.0,0.0,0.00012004801920768308,0.0,0.00024009603841536616,0.00012004801920768308,0.0014405762304921968,0.0026410564225690276,0.0006002400960384153,0.0028811524609843936,0.0,0.00024009603841536616,0.00012004801920768308,0.0004801920768307323,0.00012004801920768308,0.0,0.00012004801920768308,0.0,0.0,0.0,0.0,0.00012004801920768308,0.0,0.0004801920768307323,0.0,0.0004801920768307323,0.0,0.0,0.0008403361344537816,0.0008403361344537816,0.0,0.0,0.00012004801920768308,0.0,0.0,0.0,0.0,0.0,0.0,0.00024009603841536616,0.0,0.0,0.0,0.00012004801920768308,0.0,0.0,0.0,0.0,0.0,0.0,0.0,0.0,0.0,0.0,0.00024009603841536616,0.0,0.0,0.0,0.0,0.00012004801920768308,0.0,0.0,0.0,0.00012004801920768308,0.0,plehanov
plehanov_k_voposu_o_zahvate_vlasti_I.txt,0.002319512902290519,0.002319512902290519,0.0008698173383589446,0.011017686285879966,0.011017686285879966,0.0011597564511452595,0.017976224992751522,0.019425920556683098,0.06900550884314294,0.013337199188170484,0.008698173383589447,0.006378660481298927,0.014786894752102058,0.013337199188170484,0.01188750362423891,0.008408234270803132,0.013917077413743114,0.0011597564511452595,0.006088721368512612,0.014786894752102058,0.021165555233400985,0.005508843142939983,0.007248477819657872,0.013917077413743114,0.0,0.0057987822557262975,0.016526529428819946,0.01188750362423891,0.022905189910118876,0.08321252536967237,0.0,0.0,0.015946651203247317,0.004349086691794723,0.004928964917367353,0.0034792693534357786,0.006088721368512612,0.007828356045230501,0.004928964917367353,0.002319512902290519,0.01855610321832415,0.014207016526529429,0.02261525079733256,0.002319512902290519,0.0005798782255726297,0.01072774717309365,0.021165555233400985,0.002609452015076834,0.005508843142939983,0.004639025804581038,0.008408234270803132,0.009278051609162076,0.024644824586836766,0.01913598144389678,0.015946651203247317,0.0005798782255726297,0.0,0.02377500724847782,0.0028993911278631487,0.028414033053058858,0.0,0.002319512902290519,0.0031893302406494637,0.0037692084662220935,0.005218904030153668,0.002609452015076834,0.004059147579008408,0.0005798782255726297,0.0031893302406494637,0.004059147579008408,0.00028993911278631486,0.0005798782255726297,0.002609452015076834,0.008988112496375761,0.0017396346767178893,0.005508843142939983,0.0034792693534357786,0.0014496955639315744,0.002029573789504204,0.0034792693534357786,0.0014496955639315744,0.0005798782255726297,0.004059147579008408,0.006958538706871557,0.0028993911278631487,0.00028993911278631486,0.004059147579008408,0.011017686285879966,0.0008698173383589446,0.002029573789504204,0.01304726007538417,0.0037692084662220935,0.002609452015076834,0.0028993911278631487,0.013337199188170484,0.0031893302406494637,0.0037692084662220935,0.004059147579008408,0.002319512902290519,0.0011597564511452595,0.0011597564511452595,0.0028993911278631487,0.00028993911278631486,0.0037692084662220935,0.0031893302406494637,0.0014496955639315744,0.0034792693534357786,0.0014496955639315744,0.009278051609162076,0.00028993911278631486,0.006668599594085242,0.008698173383589447,0.005508843142939983,0.00028993911278631486,0.002029573789504204,0.008408234270803132,0.00028993911278631486,0.0005798782255726297,0.0008698173383589446,0.0,0.0014496955639315744,0.002319512902290519,0.0005798782255726297,0.0005798782255726297,0.00028993911278631486,0.0,0.0014496955639315744,0.0017396346767178893,0.0,0.0005798782255726297,0.0011597564511452595,0.0017396346767178893,0.00028993911278631486,0.002609452015076834,0.0005798782255726297,0.0005798782255726297,0.00028993911278631486,0.0,0.0017396346767178893,0.002609452015076834,0.0,0.0005798782255726297,0.0008698173383589446,0.0,0.0008698173383589446,0.0014496955639315744,0.00028993911278631486,0.00028993911278631486,0.0008698173383589446,0.0011597564511452595,0.00028993911278631486,0.0017396346767178893,0.0031893302406494637,0.0017396346767178893,0.00028993911278631486,0.00028993911278631486,0.0008698173383589446,0.0,0.0014496955639315744,0.0008698173383589446,0.007538416932444187,0.0008698173383589446,0.0,0.002609452015076834,0.0014496955639315744,0.0017396346767178893,0.0,0.0005798782255726297,0.0005798782255726297,0.00028993911278631486,0.0,0.0034792693534357786,0.002319512902290519,0.0005798782255726297,0.002609452015076834,0.0,0.0,0.0005798782255726297,0.0,0.0,0.00028993911278631486,0.0,0.0014496955639315744,0.0,0.00028993911278631486,0.0028993911278631487,0.0008698173383589446,0.0005798782255726297,0.0,0.00028993911278631486,0.0,0.00028993911278631486,0.0005798782255726297,0.0,0.0,0.0,0.0,0.0,0.0,0.00028993911278631486,0.0,0.00028993911278631486,0.0,0.00028993911278631486,0.0,0.0,0.0005798782255726297,0.0005798782255726297,0.0,0.0,0.00028993911278631486,0.0,0.0,0.0,0.0,0.0,0.0,0.00028993911278631486,0.0,0.00028993911278631486,0.0,0.0,0.0,0.0,0.0,0.0,0.0,0.0,0.0,0.0,0.0,0.0,0.00028993911278631486,0.0,0.0,0.0,0.0,0.0,0.0,0.00028993911278631486,0.0,0.0,0.0,plehanov
plehanov_krasniy_cyezd_I.txt,0.0049261083743842365,0.0017386264850767893,0.0023181686467690526,0.00927267458707621,0.006085192697768763,0.0011590843233845263,0.02057374674007534,0.014488554042306577,0.0779484207476094,0.021732831063459867,0.006374963778614894,0.010721529991306867,0.008982903506230079,0.014198782961460446,0.011011301072153,0.008403361344537815,0.013329469718922052,0.0011590843233845263,0.0034772529701535787,0.015937409446537234,0.015937409446537234,0.0011590843233845263,0.009852216748768473,0.012749927557229788,0.0005795421616922632,0.005795421616922631,0.023181686467690525,0.015068096203998842,0.024630541871921183,0.08055636047522458,0.0005795421616922632,0.0005795421616922632,0.012460156476383656,0.008693132425383946,0.002028397565922921,0.0028977108084613156,0.007534048101999421,0.013329469718922052,0.008113590263691683,0.002607939727615184,0.012749927557229788,0.016227180527383367,0.02231237322515213,0.0014488554042306578,0.0,0.011880614314691394,0.02607939727615184,0.004346566212691973,0.004636337293538105,0.003187481889307447,0.005795421616922631,0.012749927557229788,0.04085772239930455,0.019124891335844683,0.011590843233845263,0.0,0.0,0.013909011880614315,0.002028397565922921,0.028977108084613155,0.0002897710808461316,0.0037670240509997104,0.002028397565922921,0.0037670240509997104,0.0034772529701535787,0.0023181686467690526,0.004346566212691973,0.0002897710808461316,0.005215879455230368,0.0023181686467690526,0.0002897710808461316,0.0023181686467690526,0.0028977108084613156,0.009852216748768473,0.002607939727615184,0.004636337293538105,0.002028397565922921,0.0011590843233845263,0.002028397565922921,0.002607939727615184,0.0017386264850767893,0.002028397565922921,0.0023181686467690526,0.002607939727615184,0.0037670240509997104,0.0005795421616922632,0.0049261083743842365,0.009852216748768473,0.0014488554042306578,0.0017386264850767893,0.010431758910460736,0.0023181686467690526,0.0005795421616922632,0.0017386264850767893,0.007823819182845552,0.003187481889307447,0.006374963778614894,0.0034772529701535787,0.0014488554042306578,0.0011590843233845263,0.0017386264850767893,0.0023181686467690526,0.0002897710808461316,0.006664734859461026,0.0008693132425383947,0.0011590843233845263,0.003187481889307447,0.0011590843233845263,0.007244277021153289,0.0,0.004346566212691973,0.012460156476383656,0.003187481889307447,0.0002897710808461316,0.0023181686467690526,0.0055056505360765,0.0014488554042306578,0.0014488554042306578,0.0008693132425383947,0.0014488554042306578,0.0008693132425383947,0.002028397565922921,0.0,0.0014488554042306578,0.0005795421616922632,0.0,0.0,0.0028977108084613156,0.0002897710808461316,0.0,0.0005795421616922632,0.0023181686467690526,0.0002897710808461316,0.0008693132425383947,0.0017386264850767893,0.0014488554042306578,0.0005795421616922632,0.0,0.0002897710808461316,0.002607939727615184,0.0,0.0005795421616922632,0.0023181686467690526,0.0,0.002607939727615184,0.002028397565922921,0.0008693132425383947,0.0005795421616922632,0.0017386264850767893,0.0023181686467690526,0.0005795421616922632,0.0014488554042306578,0.0011590843233845263,0.0008693132425383947,0.0,0.0002897710808461316,0.0011590843233845263,0.0002897710808461316,0.0008693132425383947,0.0005795421616922632,0.006954505940307157,0.0,0.0002897710808461316,0.002607939727615184,0.0005795421616922632,0.0011590843233845263,0.0,0.0023181686467690526,0.0002897710808461316,0.0011590843233845263,0.0002897710808461316,0.0008693132425383947,0.0,0.0011590843233845263,0.0011590843233845263,0.002028397565922921,0.0,0.0014488554042306578,0.0,0.0,0.0005795421616922632,0.0,0.0002897710808461316,0.0002897710808461316,0.0014488554042306578,0.0011590843233845263,0.0011590843233845263,0.0011590843233845263,0.0005795421616922632,0.0,0.0,0.0002897710808461316,0.0005795421616922632,0.0,0.0,0.0,0.0,0.0,0.0,0.0,0.0,0.0002897710808461316,0.0,0.0002897710808461316,0.0,0.0,0.0008693132425383947,0.0008693132425383947,0.0,0.0,0.0008693132425383947,0.0,0.0,0.0,0.0002897710808461316,0.0,0.0,0.0002897710808461316,0.0,0.0,0.0,0.0,0.0002897710808461316,0.0002897710808461316,0.0002897710808461316,0.0002897710808461316,0.0,0.0,0.0,0.0,0.0,0.0,0.0002897710808461316,0.0,0.0,0.0,0.0,0.0,0.0,0.0,0.0,0.0,0.0,plehanov
plehanov_logika_rus_terrorizma_I.txt,0.0020207852193995382,0.0005773672055427252,0.0,0.008660508083140877,0.009526558891454965,0.0008660508083140878,0.017321016166281754,0.01558891454965358,0.06408775981524249,0.019341801385681295,0.00779445727482679,0.008660508083140877,0.009815242494226328,0.016166281755196306,0.011836027713625866,0.006351039260969977,0.010969976905311778,0.0023094688221709007,0.004618937644341801,0.023094688221709007,0.017032332563510392,0.001443418013856813,0.01212471131639723,0.014145496535796767,0.0005773672055427252,0.0043302540415704385,0.014722863741339492,0.009237875288683603,0.021651270207852194,0.09584295612009237,0.0,0.0008660508083140878,0.015011547344110854,0.008371824480369515,0.0020207852193995382,0.002886836027713626,0.005773672055427252,0.00894919168591224,0.0040415704387990765,0.0017321016166281756,0.011836027713625866,0.03117782909930716,0.017321016166281754,0.0008660508083140878,0.0002886836027713626,0.01558891454965358,0.02800230946882217,0.0037528868360277136,0.002886836027713626,0.004618937644341801,0.006351039260969977,0.01212471131639723,0.027136258660508082,0.015877598152424944,0.01558891454965358,0.0020207852193995382,0.0,0.033198614318706694,0.003464203233256351,0.023960739030023093,0.0002886836027713626,0.005196304849884526,0.0020207852193995382,0.0043302540415704385,0.004907621247113164,0.0011547344110854503,0.0020207852193995382,0.0,0.0043302540415704385,0.0040415704387990765,0.0005773672055427252,0.0020207852193995382,0.008371824480369515,0.015877598152424944,0.002598152424942263,0.006351039260969977,0.0031755196304849883,0.0023094688221709007,0.0037528868360277136,0.003464203233256351,0.0017321016166281756,0.0005773672055427252,0.0031755196304849883,0.007217090069284064,0.0037528868360277136,0.0002886836027713626,0.004907621247113164,0.017321016166281754,0.0023094688221709007,0.0017321016166281756,0.005773672055427252,0.004618937644341801,0.0002886836027713626,0.0043302540415704385,0.006928406466512702,0.003464203233256351,0.003464203233256351,0.001443418013856813,0.0017321016166281756,0.0008660508083140878,0.0005773672055427252,0.003464203233256351,0.0008660508083140878,0.005484988452655889,0.001443418013856813,0.0002886836027713626,0.0002886836027713626,0.0002886836027713626,0.006062355658198615,0.0005773672055427252,0.0031755196304849883,0.009815242494226328,0.0031755196304849883,0.0005773672055427252,0.002886836027713626,0.0017321016166281756,0.0008660508083140878,0.0008660508083140878,0.0002886836027713626,0.001443418013856813,0.002598152424942263,0.0020207852193995382,0.0011547344110854503,0.0002886836027713626,0.0,0.0,0.0005773672055427252,0.0008660508083140878,0.0,0.0,0.0002886836027713626,0.0008660508083140878,0.0008660508083140878,0.0002886836027713626,0.0005773672055427252,0.0005773672055427252,0.0,0.0,0.0008660508083140878,0.0023094688221709007,0.0002886836027713626,0.0005773672055427252,0.0008660508083140878,0.0,0.0011547344110854503,0.003464203233256351,0.0011547344110854503,0.0,0.001443418013856813,0.0023094688221709007,0.0,0.0017321016166281756,0.0011547344110854503,0.001443418013856813,0.0005773672055427252,0.001443418013856813,0.0011547344110854503,0.0,0.0005773672055427252,0.0005773672055427252,0.0020207852193995382,0.0005773672055427252,0.0,0.0020207852193995382,0.0002886836027713626,0.002598152424942263,0.0002886836027713626,0.0002886836027713626,0.0002886836027713626,0.0005773672055427252,0.0005773672055427252,0.0008660508083140878,0.0023094688221709007,0.0008660508083140878,0.0005773672055427252,0.0005773672055427252,0.0,0.0011547344110854503,0.0,0.0,0.0,0.0,0.0,0.0005773672055427252,0.002886836027713626,0.0040415704387990765,0.0002886836027713626,0.0023094688221709007,0.0005773672055427252,0.0002886836027713626,0.0,0.0002886836027713626,0.0005773672055427252,0.0,0.0,0.0,0.0,0.0,0.0,0.0,0.0,0.0005773672055427252,0.0,0.0005773672055427252,0.0,0.0,0.0011547344110854503,0.0011547344110854503,0.0,0.0,0.0002886836027713626,0.0,0.0,0.0,0.0,0.0,0.0,0.0,0.0,0.0,0.0,0.0,0.0,0.0,0.0,0.0,0.0,0.0,0.0,0.0,0.0,0.0,0.0005773672055427252,0.0,0.0,0.0,0.0,0.0,0.0,0.0,0.0,0.0,0.0,plehanov
plehanov_martovskie_idy_I.txt,0.0059904153354632585,0.0011980830670926517,0.003594249201277955,0.012779552715654952,0.00439297124600639,0.001597444089456869,0.019968051118210862,0.013578274760383386,0.09824281150159744,0.021166134185303515,0.005591054313099041,0.009185303514376996,0.005591054313099041,0.011182108626198083,0.013578274760383386,0.0023961661341853034,0.012380191693290734,0.00039936102236421724,0.0075878594249201275,0.010383386581469648,0.01597444089456869,0.004792332268370607,0.008386581469648562,0.010782747603833865,0.00039936102236421724,0.00439297124600639,0.02356230031948882,0.009185303514376996,0.0231629392971246,0.08186900958466453,0.0007987220447284345,0.0,0.010782747603833865,0.009185303514376996,0.003194888178913738,0.004792332268370607,0.009584664536741214,0.010383386581469648,0.0059904153354632585,0.0007987220447284345,0.0115814696485623,0.012380191693290734,0.03873801916932907,0.0007987220447284345,0.00039936102236421724,0.007987220447284345,0.018769968051118212,0.0027955271565495207,0.00718849840255591,0.0011980830670926517,0.0059904153354632585,0.015575079872204472,0.03075079872204473,0.02036741214057508,0.014776357827476038,0.001597444089456869,0.0,0.009185303514376996,0.0023961661341853034,0.03194888178913738,0.0,0.001996805111821086,0.001996805111821086,0.003194888178913738,0.003194888178913738,0.0011980830670926517,0.00439297124600639,0.0,0.006789137380191693,0.004792332268370607,0.00039936102236421724,0.003594249201277955,0.0027955271565495207,0.011980830670926517,0.00039936102236421724,0.004792332268370607,0.003594249201277955,0.00039936102236421724,0.0023961661341853034,0.00439297124600639,0.0007987220447284345,0.00039936102236421724,0.0027955271565495207,0.005191693290734824,0.003194888178913738,0.0,0.00439297124600639,0.013178913738019169,0.001597444089456869,0.001996805111821086,0.012380191693290734,0.004792332268370607,0.0,0.001996805111821086,0.00718849840255591,0.0027955271565495207,0.001996805111821086,0.003194888178913738,0.00439297124600639,0.003194888178913738,0.0007987220447284345,0.003194888178913738,0.0,0.003594249201277955,0.0007987220447284345,0.0,0.0,0.0,0.010383386581469648,0.00039936102236421724,0.0023961661341853034,0.008386581469648562,0.005591054313099041,0.0011980830670926517,0.001597444089456869,0.0023961661341853034,0.00039936102236421724,0.001597444089456869,0.001597444089456869,0.0011980830670926517,0.0027955271565495207,0.001996805111821086,0.0,0.0007987220447284345,0.0,0.0,0.00039936102236421724,0.0023961661341853034,0.0,0.0,0.0,0.003993610223642172,0.0,0.003194888178913738,0.0011980830670926517,0.0,0.0,0.0,0.0,0.0027955271565495207,0.0,0.0,0.001597444089456869,0.0,0.00039936102236421724,0.00039936102236421724,0.0011980830670926517,0.00039936102236421724,0.0011980830670926517,0.001597444089456869,0.0,0.003594249201277955,0.003594249201277955,0.0011980830670926517,0.0,0.00039936102236421724,0.00039936102236421724,0.0,0.001597444089456869,0.00039936102236421724,0.007987220447284345,0.0,0.0011980830670926517,0.006389776357827476,0.00039936102236421724,0.00039936102236421724,0.0,0.00039936102236421724,0.00039936102236421724,0.006389776357827476,0.001597444089456869,0.003993610223642172,0.001597444089456869,0.00039936102236421724,0.0007987220447284345,0.001597444089456869,0.00039936102236421724,0.001597444089456869,0.0,0.0,0.00039936102236421724,0.0,0.0,0.0007987220447284345,0.00039936102236421724,0.0007987220447284345,0.0007987220447284345,0.001597444089456869,0.00039936102236421724,0.00039936102236421724,0.00039936102236421724,0.00039936102236421724,0.00039936102236421724,0.0,0.0,0.0,0.001597444089456869,0.0,0.0,0.0,0.0,0.0,0.0,0.0,0.0,0.0,0.0,0.0,0.0,0.0,0.0,0.0,0.0,0.0,0.0,0.0007987220447284345,0.0,0.0,0.0,0.0,0.0,0.0,0.0,0.0,0.0,0.00039936102236421724,0.0,0.0,0.0,0.0,0.00039936102236421724,0.00039936102236421724,0.0,0.0,0.0,0.0,0.0,0.0,0.0,0.0,0.0,0.0,0.0,plehanov
plehanov_na_poroge_20v_I.txt,0.0013774104683195593,0.0013774104683195593,0.0006887052341597796,0.006198347107438017,0.011707988980716254,0.0013774104683195593,0.015151515151515152,0.01584022038567493,0.1046831955922865,0.030991735537190084,0.0013774104683195593,0.0048209366391184574,0.006887052341597796,0.010330578512396695,0.01859504132231405,0.003443526170798898,0.014462809917355372,0.0027548209366391185,0.002066115702479339,0.008264462809917356,0.01584022038567493,0.002066115702479339,0.008953168044077135,0.011707988980716254,0.0006887052341597796,0.007575757575757576,0.01997245179063361,0.010330578512396695,0.028236914600550965,0.08471074380165289,0.0,0.0,0.013774104683195593,0.005509641873278237,0.006887052341597796,0.004132231404958678,0.013085399449035813,0.010330578512396695,0.0048209366391184574,0.0013774104683195593,0.012396694214876033,0.012396694214876033,0.030991735537190084,0.0013774104683195593,0.0013774104683195593,0.015151515151515152,0.01721763085399449,0.005509641873278237,0.008264462809917356,0.0027548209366391185,0.007575757575757576,0.01997245179063361,0.03443526170798898,0.01652892561983471,0.01859504132231405,0.0,0.0,0.005509641873278237,0.002066115702479339,0.02203856749311295,0.0,0.0006887052341597796,0.0048209366391184574,0.0027548209366391185,0.0013774104683195593,0.0,0.003443526170798898,0.0006887052341597796,0.004132231404958678,0.006198347107438017,0.0,0.0013774104683195593,0.002066115702479339,0.008264462809917356,0.0006887052341597796,0.0048209366391184574,0.0006887052341597796,0.0006887052341597796,0.0006887052341597796,0.003443526170798898,0.0,0.0027548209366391185,0.0027548209366391185,0.002066115702479339,0.0013774104683195593,0.0006887052341597796,0.012396694214876033,0.01790633608815427,0.0006887052341597796,0.003443526170798898,0.014462809917355372,0.004132231404958678,0.0013774104683195593,0.0,0.008953168044077135,0.003443526170798898,0.0027548209366391185,0.0013774104683195593,0.0027548209366391185,0.0013774104683195593,0.002066115702479339,0.007575757575757576,0.0013774104683195593,0.0027548209366391185,0.0027548209366391185,0.0013774104683195593,0.0013774104683195593,0.0006887052341597796,0.015151515151515152,0.0006887052341597796,0.004132231404958678,0.011707988980716254,0.006198347107438017,0.0006887052341597796,0.0006887052341597796,0.003443526170798898,0.0,0.0,0.0013774104683195593,0.0006887052341597796,0.0006887052341597796,0.0006887052341597796,0.0,0.0,0.0006887052341597796,0.0,0.0027548209366391185,0.003443526170798898,0.0,0.0,0.0013774104683195593,0.002066115702479339,0.0,0.0013774104683195593,0.0006887052341597796,0.0,0.0,0.0,0.0,0.0013774104683195593,0.0,0.002066115702479339,0.002066115702479339,0.0,0.0,0.0013774104683195593,0.0013774104683195593,0.0,0.0,0.0006887052341597796,0.0,0.0006887052341597796,0.0013774104683195593,0.0013774104683195593,0.0,0.0006887052341597796,0.0006887052341597796,0.0006887052341597796,0.0006887052341597796,0.0,0.0027548209366391185,0.0,0.0006887052341597796,0.0027548209366391185,0.0,0.0006887052341597796,0.0,0.0006887052341597796,0.0,0.002066115702479339,0.0,0.0006887052341597796,0.0013774104683195593,0.0006887052341597796,0.0013774104683195593,0.002066115702479339,0.0,0.0,0.0,0.0006887052341597796,0.0,0.0,0.0,0.0006887052341597796,0.0013774104683195593,0.0013774104683195593,0.0006887052341597796,0.0,0.0,0.0,0.0,0.0,0.0,0.0,0.0,0.0,0.0,0.0,0.0,0.0,0.0,0.0,0.0,0.0006887052341597796,0.0,0.0006887052341597796,0.0013774104683195593,0.0013774104683195593,0.0,0.0,0.0,0.0,0.0,0.0,0.0,0.002066115702479339,0.0,0.0,0.0,0.0,0.0,0.0,0.0,0.0,0.0,0.0,0.0,0.0,0.0,0.0,0.0,0.0,0.0,0.0,0.0,0.0,0.0,0.0,0.0,0.0,0.0,0.0,0.0006887052341597796,plehanov
plehanov_neosnovat_opaseniya.txt,0.002127659574468085,0.0,0.002127659574468085,0.00425531914893617,0.011702127659574468,0.0010638297872340426,0.018085106382978722,0.01276595744680851,0.08085106382978724,0.01702127659574468,0.00851063829787234,0.011702127659574468,0.01276595744680851,0.009574468085106383,0.013829787234042552,0.009574468085106383,0.00851063829787234,0.0010638297872340426,0.00425531914893617,0.015957446808510637,0.019148936170212766,0.002127659574468085,0.02021276595744681,0.018085106382978722,0.0,0.0031914893617021275,0.00851063829787234,0.00851063829787234,0.02446808510638298,0.07234042553191489,0.0010638297872340426,0.0010638297872340426,0.01276595744680851,0.014893617021276596,0.0010638297872340426,0.0031914893617021275,0.011702127659574468,0.014893617021276596,0.00425531914893617,0.0031914893617021275,0.022340425531914895,0.010638297872340425,0.019148936170212766,0.0,0.0,0.015957446808510637,0.035106382978723406,0.00425531914893617,0.006382978723404255,0.0010638297872340426,0.009574468085106383,0.02021276595744681,0.014893617021276596,0.011702127659574468,0.011702127659574468,0.0010638297872340426,0.0,0.01276595744680851,0.0031914893617021275,0.019148936170212766,0.0,0.0,0.002127659574468085,0.00851063829787234,0.011702127659574468,0.0,0.006382978723404255,0.002127659574468085,0.00851063829787234,0.005319148936170213,0.002127659574468085,0.0010638297872340426,0.00851063829787234,0.01702127659574468,0.002127659574468085,0.00425531914893617,0.0010638297872340426,0.0010638297872340426,0.0010638297872340426,0.006382978723404255,0.0010638297872340426,0.0010638297872340426,0.0031914893617021275,0.005319148936170213,0.002127659574468085,0.002127659574468085,0.006382978723404255,0.015957446808510637,0.0031914893617021275,0.0031914893617021275,0.01702127659574468,0.0,0.0010638297872340426,0.0031914893617021275,0.007446808510638298,0.005319148936170213,0.002127659574468085,0.005319148936170213,0.002127659574468085,0.0010638297872340426,0.002127659574468085,0.0031914893617021275,0.00425531914893617,0.007446808510638298,0.005319148936170213,0.0,0.0,0.0,0.00851063829787234,0.0,0.00425531914893617,0.007446808510638298,0.002127659574468085,0.002127659574468085,0.0010638297872340426,0.002127659574468085,0.0,0.0031914893617021275,0.0010638297872340426,0.0010638297872340426,0.0,0.0010638297872340426,0.0,0.0,0.0,0.0,0.0,0.0010638297872340426,0.0,0.0,0.0,0.0,0.0,0.0,0.0,0.0,0.0,0.0,0.0031914893617021275,0.0031914893617021275,0.0,0.0010638297872340426,0.0,0.0,0.002127659574468085,0.002127659574468085,0.0010638297872340426,0.002127659574468085,0.0,0.002127659574468085,0.0,0.005319148936170213,0.002127659574468085,0.0,0.0,0.0,0.0010638297872340426,0.0,0.0,0.0010638297872340426,0.006382978723404255,0.002127659574468085,0.0010638297872340426,0.0,0.0010638297872340426,0.0,0.0,0.0010638297872340426,0.0,0.0010638297872340426,0.0010638297872340426,0.0010638297872340426,0.0,0.0,0.0,0.0,0.0,0.002127659574468085,0.0,0.0,0.0,0.0,0.0,0.0010638297872340426,0.0010638297872340426,0.0010638297872340426,0.0,0.006382978723404255,0.0,0.0010638297872340426,0.0,0.0,0.0,0.0,0.0,0.0,0.0,0.0,0.0,0.0,0.0,0.0010638297872340426,0.0,0.0,0.0,0.0,0.0,0.0,0.0,0.0,0.0,0.0,0.0,0.0,0.0,0.0,0.0,0.0,0.0,0.0,0.0,0.0,0.0,0.0,0.0,0.0,0.0,0.0,0.0,0.0,0.0,0.0,0.0,0.0,0.0,0.0,0.0,0.0,0.0,0.0,0.0,0.0,0.0,plehanov
plehanov_o_chernoy_sotne.txt,0.0014914243102162564,0.0022371364653243847,0.0011185682326621924,0.007829977628635347,0.00633855331841909,0.0011185682326621924,0.017524235645041013,0.013049962714392245,0.050335570469798654,0.01715137956748695,0.005219985085756898,0.009321401938851604,0.013049962714392245,0.0145413870246085,0.0145413870246085,0.010439970171513796,0.016778523489932886,0.0018642803877703207,0.0037285607755406414,0.02796420581655481,0.020507084265473527,0.0018642803877703207,0.0145413870246085,0.026845637583892617,0.0003728560775540641,0.007457121551081283,0.01715137956748695,0.01081282624906786,0.027218493661446682,0.09097688292319164,0.0,0.0003728560775540641,0.021252796420581657,0.009694258016405667,0.002982848620432513,0.007829977628635347,0.0070842654735272185,0.006711409395973154,0.0044742729306487695,0.002982848620432513,0.020507084265473527,0.018269947800149143,0.012304250559284116,0.0,0.0018642803877703207,0.012304250559284116,0.02162565249813572,0.002609992542878449,0.002982848620432513,0.0018642803877703207,0.00633855331841909,0.005965697240865026,0.023862788963460103,0.0197613721103654,0.015287099179716629,0.0007457121551081282,0.0,0.027218493661446682,0.002982848620432513,0.027591349739000747,0.0,0.004101416853094705,0.0011185682326621924,0.0022371364653243847,0.003355704697986577,0.006711409395973154,0.00820283370618941,0.0011185682326621924,0.003355704697986577,0.005219985085756898,0.0011185682326621924,0.0022371364653243847,0.0070842654735272185,0.01267710663683818,0.002609992542878449,0.007829977628635347,0.003355704697986577,0.0003728560775540641,0.002982848620432513,0.002982848620432513,0.0007457121551081282,0.0,0.002982848620432513,0.006711409395973154,0.004101416853094705,0.0,0.003355704697986577,0.014168530947054437,0.0007457121551081282,0.0014914243102162564,0.007457121551081283,0.004847129008202834,0.0007457121551081282,0.0018642803877703207,0.010439970171513796,0.004101416853094705,0.003355704697986577,0.0014914243102162564,0.0014914243102162564,0.0007457121551081282,0.0,0.002609992542878449,0.0003728560775540641,0.005219985085756898,0.0018642803877703207,0.0,0.0,0.0,0.008575689783743476,0.0003728560775540641,0.005965697240865026,0.011185682326621925,0.005965697240865026,0.0007457121551081282,0.0037285607755406414,0.0022371364653243847,0.0007457121551081282,0.0014914243102162564,0.0007457121551081282,0.0,0.002609992542878449,0.0007457121551081282,0.0003728560775540641,0.0011185682326621924,0.0014914243102162564,0.0,0.0007457121551081282,0.0,0.0,0.0003728560775540641,0.0003728560775540641,0.0011185682326621924,0.0003728560775540641,0.002609992542878449,0.0003728560775540641,0.0014914243102162564,0.0,0.0,0.0007457121551081282,0.0011185682326621924,0.0,0.0018642803877703207,0.0014914243102162564,0.0,0.0018642803877703207,0.0018642803877703207,0.0014914243102162564,0.0,0.0011185682326621924,0.0007457121551081282,0.0,0.0011185682326621924,0.0014914243102162564,0.002609992542878449,0.0,0.0,0.0011185682326621924,0.0,0.0011185682326621924,0.0003728560775540641,0.0037285607755406414,0.0003728560775540641,0.0003728560775540641,0.0007457121551081282,0.0,0.002982848620432513,0.0,0.0007457121551081282,0.0,0.0,0.0,0.0003728560775540641,0.0003728560775540641,0.0,0.0003728560775540641,0.0011185682326621924,0.0003728560775540641,0.0003728560775540641,0.0,0.0,0.0,0.0,0.0,0.0007457121551081282,0.0014914243102162564,0.002609992542878449,0.0007457121551081282,0.0018642803877703207,0.0011185682326621924,0.0,0.0,0.0,0.0,0.0,0.0,0.0,0.0007457121551081282,0.0,0.0,0.0,0.0,0.0,0.0,0.0,0.0,0.0007457121551081282,0.0003728560775540641,0.0003728560775540641,0.0,0.0,0.0,0.0,0.0,0.0,0.0,0.0003728560775540641,0.0,0.0003728560775540641,0.0,0.0,0.0,0.0,0.0,0.0,0.0,0.0,0.0,0.0,0.0,0.0,0.0003728560775540641,0.0,0.0,0.0,0.0,0.0,0.0,0.0,0.0,0.0,0.0,0.0,0.0,plehanov
plehanov_otvet_sionistam_I.txt,0.006111535523300229,0.0053475935828877,0.004583651642475172,0.025974025974025976,0.009167303284950344,0.0038197097020626434,0.012223071046600458,0.01145912910618793,0.03208556149732621,0.014514896867838044,0.0015278838808250573,0.006875477463712758,0.012987012987012988,0.012223071046600458,0.01757066462948816,0.008403361344537815,0.006875477463712758,0.0015278838808250573,0.0015278838808250573,0.02826585179526356,0.02291825821237586,0.0,0.014514896867838044,0.01757066462948816,0.0007639419404125286,0.006111535523300229,0.02215431627196333,0.013750954927425516,0.03132161955691368,0.08479755538579067,0.0,0.0007639419404125286,0.014514896867838044,0.004583651642475172,0.0053475935828877,0.0053475935828877,0.009931245225362872,0.004583651642475172,0.0007639419404125286,0.006111535523300229,0.026737967914438502,0.01680672268907563,0.002291825821237586,0.0,0.0007639419404125286,0.0053475935828877,0.04048892284186402,0.0038197097020626434,0.0038197097020626434,0.0030557677616501145,0.004583651642475172,0.006875477463712758,0.012223071046600458,0.01833460656990069,0.01680672268907563,0.0,0.0,0.0213903743315508,0.0030557677616501145,0.026737967914438502,0.0,0.006111535523300229,0.0015278838808250573,0.002291825821237586,0.0106951871657754,0.004583651642475172,0.0038197097020626434,0.0007639419404125286,0.007639419404125287,0.006875477463712758,0.0,0.0007639419404125286,0.009931245225362872,0.01757066462948816,0.0030557677616501145,0.006875477463712758,0.006111535523300229,0.002291825821237586,0.002291825821237586,0.006875477463712758,0.0,0.0,0.0038197097020626434,0.004583651642475172,0.004583651642475172,0.0,0.0030557677616501145,0.004583651642475172,0.0030557677616501145,0.0030557677616501145,0.009167303284950344,0.0038197097020626434,0.0007639419404125286,0.006111535523300229,0.008403361344537815,0.006875477463712758,0.012987012987012988,0.0038197097020626434,0.0015278838808250573,0.0007639419404125286,0.0007639419404125286,0.0015278838808250573,0.0,0.006875477463712758,0.0007639419404125286,0.0,0.0,0.0,0.0030557677616501145,0.0,0.0030557677616501145,0.004583651642475172,0.0015278838808250573,0.0,0.0,0.002291825821237586,0.0007639419404125286,0.0038197097020626434,0.0,0.0007639419404125286,0.0,0.004583651642475172,0.0,0.0007639419404125286,0.0,0.0,0.0,0.0007639419404125286,0.0,0.0,0.0,0.0015278838808250573,0.0,0.0038197097020626434,0.0038197097020626434,0.002291825821237586,0.0,0.0,0.0015278838808250573,0.0,0.0,0.0015278838808250573,0.0015278838808250573,0.0,0.0015278838808250573,0.0030557677616501145,0.0,0.0007639419404125286,0.0015278838808250573,0.0030557677616501145,0.0,0.0007639419404125286,0.0007639419404125286,0.0007639419404125286,0.0007639419404125286,0.0,0.0,0.0,0.002291825821237586,0.0,0.014514896867838044,0.0007639419404125286,0.0,0.0038197097020626434,0.0015278838808250573,0.002291825821237586,0.0,0.002291825821237586,0.0,0.0007639419404125286,0.0007639419404125286,0.0,0.0015278838808250573,0.002291825821237586,0.0,0.002291825821237586,0.0,0.0030557677616501145,0.0,0.0,0.0,0.0,0.0,0.0007639419404125286,0.0030557677616501145,0.0007639419404125286,0.0,0.004583651642475172,0.0,0.0,0.0,0.0,0.0007639419404125286,0.0,0.0,0.0,0.0,0.0,0.0,0.0,0.0,0.0,0.0,0.0007639419404125286,0.0,0.0007639419404125286,0.0,0.0,0.0,0.0,0.0,0.0,0.0,0.0,0.0,0.0,0.0,0.0,0.0,0.0007639419404125286,0.0007639419404125286,0.0,0.0,0.0,0.0,0.0,0.0,0.0,0.0,0.0,0.0,0.0,0.0007639419404125286,0.0,0.0,0.0,0.0,0.0,0.0,0.0,0.0,0.0,0.0,plehanov
plehanov_pervie_frazy_uchenia.txt,0.0035606100866237976,0.0029228888770792367,0.0032417494818515174,0.012222989849604082,0.008077801987564437,0.0011160121167029813,0.020141361534782378,0.01769676356486156,0.0725939310198225,0.020088218100653664,0.0060583514906733275,0.006749216134346601,0.008184088855821864,0.014933304990168464,0.010362969655099112,0.00563320401764362,0.013179571663920923,0.0015411595897326885,0.004782909071584206,0.015889886804485307,0.01732475952596057,0.003348036350108944,0.0103098262209704,0.012860711059148643,0.0003720040389009938,0.005580060583514907,0.019928787798267525,0.012276133283732794,0.028697454429505234,0.0844980602646543,0.000265717170643567,0.0008502949460594143,0.012541850454376361,0.0075463676462773025,0.004729765637455492,0.0032417494818515174,0.008981240367752564,0.007068076739118882,0.00579263432002976,0.002178880799277249,0.014455014083010044,0.016633894882287295,0.022639102938831906,0.0009034383801881277,0.000265717170643567,0.010150395918584259,0.02317053728011904,0.003720040389009938,0.004145187862039645,0.0028697454429505234,0.006111494924802041,0.011053834298772387,0.0336929372376043,0.01828134134027741,0.018493915076792263,0.0009565818143168411,0.0,0.020672795876069513,0.0026040282723069565,0.03156719987245576,0.000531434341287134,0.0030291757453366638,0.002125737365148536,0.0026040282723069565,0.004304618164425785,0.0012754424190891216,0.0030291757453366638,0.0007971515119307009,0.004145187862039645,0.0029228888770792367,0.0009565818143168411,0.0026040282723069565,0.004304618164425785,0.010150395918584259,0.002125737365148536,0.004251474730297072,0.0031886060477228037,0.0013285858532178349,0.003082319179465377,0.0035074666524950843,0.0014880161556039752,0.0006908646436732742,0.0026571717064356698,0.0035606100866237976,0.00281660200882181,0.00042514747302970716,0.005739490885901047,0.01344528883456449,0.0013817292873465484,0.0031354626135940904,0.007865228251049582,0.004623478769198066,0.0011691555508316948,0.0017005898921188286,0.007386937343891163,0.0023383111016633895,0.0060583514906733275,0.004517191900940639,0.0014348727214752617,0.0006908646436732742,0.0007971515119307009,0.003348036350108944,0.00042514747302970716,0.004410905032683212,0.002178880799277249,0.0023383111016633895,0.0071743636073763085,0.002550884838178243,0.012010416113089228,0.0003720040389009938,0.0026040282723069565,0.006217781793059467,0.006483498963703035,0.0006377212095445608,0.002444597969920816,0.002444597969920816,0.000531434341287134,0.0007971515119307009,0.0003720040389009938,0.0003720040389009938,0.0016474464579901153,0.0013285858532178349,0.00010628686825742679,0.0009565818143168411,0.000531434341287134,0.0,0.0005845777754158474,0.0013817292873465484,0.00021257373651485358,0.0,0.000531434341287134,0.0015411595897326885,5.3143434128713395e-05,0.0019131636286336823,0.00042514747302970716,0.0003188606047722804,0.0003188606047722804,0.00010628686825742679,0.0008502949460594143,0.002125737365148536,0.00010628686825742679,0.0008502949460594143,0.001222298984960408,0.0,0.0019663070627623956,0.0022320242334059625,0.0009034383801881277,0.0005845777754158474,0.0006377212095445608,0.0020725939310198226,0.0,0.0011691555508316948,0.0009034383801881277,0.0005845777754158474,0.00010628686825742679,0.00047829090715842057,0.00042514747302970716,0.0001594303023861402,0.0006377212095445608,0.0007440080778019876,0.008768666631237711,0.0007971515119307009,0.0001594303023861402,0.0022851676675346762,0.0001594303023861402,0.002391454535792103,0.0001594303023861402,0.0012754424190891216,0.0005845777754158474,0.0013817292873465484,0.00047829090715842057,0.0032417494818515174,0.002550884838178243,0.0007971515119307009,0.0007971515119307009,0.0013285858532178349,0.00010628686825742679,0.000531434341287134,0.0,0.0,0.0,0.0,5.3143434128713395e-05,0.0003188606047722804,0.0009565818143168411,0.001222298984960408,0.0006908646436732742,0.0016474464579901153,0.0003188606047722804,0.0003720040389009938,0.0001594303023861402,0.0,0.00042514747302970716,0.0,0.0,0.0,0.0,5.3143434128713395e-05,5.3143434128713395e-05,0.00010628686825742679,0.0001594303023861402,0.000265717170643567,5.3143434128713395e-05,0.00010628686825742679,5.3143434128713395e-05,0.0001594303023861402,0.0003188606047722804,0.00042514747302970716,0.00021257373651485358,0.0,0.0003720040389009938,0.00010628686825742679,0.0,0.0,0.00010628686825742679,0.00047829090715842057,0.0,0.00010628686825742679,0.0,0.0,0.0,0.0,0.0,0.0,0.0,0.0,0.0,0.0,0.0,0.0,5.3143434128713395e-05,0.00010628686825742679,0.000265717170643567,0.0,0.0,0.0,0.0,0.0,0.0,0.0,0.0,0.0,0.0,plehanov
plehanov_pessimizm_kak_otrazhenie.txt,0.0056548856548856545,0.0013305613305613305,0.007151767151767152,0.012723492723492724,0.007484407484407485,0.0004158004158004158,0.014636174636174636,0.0162993762993763,0.059542619542619545,0.0158004158004158,0.006237006237006237,0.009563409563409564,0.011642411642411643,0.016881496881496882,0.014303534303534303,0.007650727650727651,0.01214137214137214,0.002079002079002079,0.004823284823284823,0.020623700623700624,0.022453222453222454,0.004074844074844075,0.012307692307692308,0.017297297297297298,8.316008316008316e-05,0.005239085239085239,0.019043659043659043,0.012557172557172556,0.025613305613305614,0.08424116424116423,0.00033264033264033264,0.0008316008316008316,0.017713097713097713,0.006735966735966736,0.005322245322245322,0.0050727650727650725,0.009313929313929313,0.010561330561330561,0.006237006237006237,0.0028274428274428273,0.017796257796257795,0.01896049896049896,0.015384615384615385,0.00033264033264033264,0.0005821205821205821,0.014802494802494803,0.018295218295218296,0.0023284823284823284,0.004906444906444906,0.0024116424116424114,0.005488565488565488,0.008565488565488565,0.01762993762993763,0.019708939708939707,0.013555093555093555,0.000498960498960499,8.316008316008316e-05,0.02187110187110187,0.0024116424116424114,0.02686070686070686,0.0004158004158004158,0.0034095634095634097,0.001496881496881497,0.003243243243243243,0.00474012474012474,0.00498960498960499,0.0037422037422037424,0.001496881496881497,0.0034927234927234927,0.003076923076923077,0.0006652806652806653,0.0013305613305613305,0.00656964656964657,0.01446985446985447,0.0013305613305613305,0.005571725571725572,0.004074844074844075,0.001081081081081081,0.002577962577962578,0.005571725571725572,0.001081081081081081,0.0008316008316008316,0.003575883575883576,0.006652806652806653,0.003575883575883576,0.0002494802494802495,0.004823284823284823,0.010810810810810811,0.001081081081081081,0.001995841995841996,0.009397089397089397,0.006153846153846154,0.0005821205821205821,0.002993762993762994,0.010311850311850312,0.003243243243243243,0.00316008316008316,0.0023284823284823284,0.0012474012474012475,0.00158004158004158,0.00158004158004158,0.0038253638253638255,0.000498960498960499,0.002079002079002079,0.0016632016632016633,0.0008316008316008316,0.00158004158004158,0.0009147609147609147,0.0083991683991684,0.00033264033264033264,0.0037422037422037424,0.00814968814968815,0.006902286902286902,0.002162162162162162,0.002577962577962578,0.002993762993762994,0.0016632016632016633,0.0005821205821205821,0.0012474012474012475,0.0013305613305613305,0.0008316008316008316,0.0016632016632016633,0.00033264033264033264,0.0006652806652806653,0.000498960498960499,0.0,0.0006652806652806653,0.002162162162162162,0.00016632016632016632,0.00016632016632016632,0.00016632016632016632,0.0016632016632016633,0.00016632016632016632,0.002494802494802495,0.0008316008316008316,0.0004158004158004158,0.0004158004158004158,0.0,0.0009147609147609147,0.003659043659043659,0.0,0.0005821205821205821,0.000997920997920998,8.316008316008316e-05,0.0013305613305613305,0.0028274428274428273,0.001081081081081081,0.001081081081081081,0.0008316008316008316,0.002079002079002079,0.0,0.001496881496881497,0.0011642411642411642,0.0012474012474012475,8.316008316008316e-05,8.316008316008316e-05,0.000498960498960499,0.00016632016632016632,0.001081081081081081,0.000997920997920998,0.005904365904365904,0.0009147609147609147,0.0002494802494802495,0.0018295218295218294,8.316008316008316e-05,0.0012474012474012475,0.0,0.0007484407484407485,0.000498960498960499,0.001496881496881497,0.00033264033264033264,0.0007484407484407485,0.0009147609147609147,0.0012474012474012475,0.001081081081081081,0.0017463617463617464,8.316008316008316e-05,0.000997920997920998,8.316008316008316e-05,0.00016632016632016632,0.0002494802494802495,0.0,0.0,0.0008316008316008316,0.000498960498960499,0.001995841995841996,0.0012474012474012475,0.0018295218295218294,0.0004158004158004158,0.0002494802494802495,8.316008316008316e-05,8.316008316008316e-05,0.0002494802494802495,8.316008316008316e-05,8.316008316008316e-05,0.0,0.0004158004158004158,0.00016632016632016632,0.0,0.0002494802494802495,0.0,0.0004158004158004158,8.316008316008316e-05,0.0,8.316008316008316e-05,0.0002494802494802495,0.0013305613305613305,0.0013305613305613305,0.0002494802494802495,0.0,0.0004158004158004158,8.316008316008316e-05,0.0,0.0,0.0,0.00033264033264033264,0.0,0.0,0.0,0.0,0.0,0.0,0.0,0.0,8.316008316008316e-05,0.0002494802494802495,8.316008316008316e-05,0.0,0.0,0.0,0.0,0.00033264033264033264,0.0004158004158004158,0.0,0.0,8.316008316008316e-05,0.0,0.0,8.316008316008316e-05,0.0,0.0,0.0,0.0,plehanov
plehanov_pismo_k_rabochim.txt,0.0015290519877675841,0.0030581039755351682,0.0015290519877675841,0.01834862385321101,0.027522935779816515,0.00764525993883792,0.016819571865443424,0.012232415902140673,0.04281345565749235,0.01529051987767584,0.0030581039755351682,0.0015290519877675841,0.00764525993883792,0.009174311926605505,0.021406727828746176,0.0061162079510703364,0.01529051987767584,0.0,0.0045871559633027525,0.01529051987767584,0.016819571865443424,0.0061162079510703364,0.021406727828746176,0.01834862385321101,0.0030581039755351682,0.0061162079510703364,0.01834862385321101,0.016819571865443424,0.04434250764525994,0.0779816513761468,0.0,0.0,0.00764525993883792,0.00764525993883792,0.0030581039755351682,0.0045871559633027525,0.013761467889908258,0.00764525993883792,0.0030581039755351682,0.0015290519877675841,0.022935779816513763,0.00764525993883792,0.016819571865443424,0.0045871559633027525,0.0,0.0061162079510703364,0.03211009174311927,0.0030581039755351682,0.009174311926605505,0.00764525993883792,0.010703363914373088,0.009174311926605505,0.01834862385321101,0.012232415902140673,0.019877675840978593,0.0,0.0,0.0045871559633027525,0.0015290519877675841,0.027522935779816515,0.0,0.0015290519877675841,0.0045871559633027525,0.0015290519877675841,0.010703363914373088,0.0045871559633027525,0.0045871559633027525,0.0030581039755351682,0.0015290519877675841,0.0061162079510703364,0.0,0.0,0.012232415902140673,0.022935779816513763,0.0030581039755351682,0.0061162079510703364,0.0015290519877675841,0.0015290519877675841,0.0030581039755351682,0.0,0.0,0.0,0.0,0.010703363914373088,0.0015290519877675841,0.0015290519877675841,0.0030581039755351682,0.0045871559633027525,0.0030581039755351682,0.00764525993883792,0.0061162079510703364,0.0045871559633027525,0.0,0.0030581039755351682,0.024464831804281346,0.0,0.0,0.0045871559633027525,0.0030581039755351682,0.0,0.0030581039755351682,0.0015290519877675841,0.0030581039755351682,0.0030581039755351682,0.0,0.0,0.0,0.0,0.0045871559633027525,0.0,0.009174311926605505,0.0045871559633027525,0.0030581039755351682,0.0,0.0015290519877675841,0.0030581039755351682,0.0015290519877675841,0.0015290519877675841,0.0,0.0015290519877675841,0.0,0.0030581039755351682,0.0045871559633027525,0.0,0.0,0.0,0.0015290519877675841,0.0015290519877675841,0.0,0.0,0.0015290519877675841,0.0,0.0,0.00764525993883792,0.0,0.0015290519877675841,0.0,0.0,0.0,0.0061162079510703364,0.0,0.0015290519877675841,0.0,0.0,0.0,0.0,0.0030581039755351682,0.0,0.0,0.0015290519877675841,0.0,0.0015290519877675841,0.0,0.0015290519877675841,0.0,0.0,0.0,0.0,0.0,0.0015290519877675841,0.009174311926605505,0.0015290519877675841,0.0,0.0045871559633027525,0.0015290519877675841,0.0,0.0,0.0015290519877675841,0.0015290519877675841,0.0,0.0,0.0,0.0,0.0015290519877675841,0.0015290519877675841,0.0,0.0,0.0015290519877675841,0.0,0.0,0.0,0.0,0.0,0.0015290519877675841,0.0,0.0,0.0,0.0015290519877675841,0.0,0.0,0.0,0.0,0.0,0.0,0.0,0.0,0.0,0.0,0.0,0.0,0.0,0.0,0.0,0.0,0.0,0.0,0.0,0.0,0.0,0.0,0.0,0.0,0.0,0.0,0.0,0.0015290519877675841,0.0,0.0015290519877675841,0.0,0.0,0.0,0.0,0.0,0.0,0.0,0.0,0.0,0.0,0.0,0.0,0.0,0.0,0.0,0.0,0.0,0.0,0.0,0.0,0.0,0.0,0.0,0.0,0.0,plehanov
plehanov_police_anisemitizm_I.txt,0.0029308323563892145,0.0008792497069167644,0.0017584994138335288,0.014361078546307152,0.007033997655334115,0.0008792497069167644,0.013481828839390387,0.009085580304806565,0.05509964830011723,0.019343493552168817,0.00615474794841735,0.005861664712778429,0.010257913247362251,0.0123094958968347,0.01201641266119578,0.004396248534583822,0.011723329425556858,0.0023446658851113715,0.004103165298944901,0.026963657678780773,0.020808909730363423,0.0029308323563892145,0.00996483001172333,0.014654161781946073,0.0005861664712778429,0.0035169988276670576,0.01817116060961313,0.01201641266119578,0.02022274325908558,0.07883939038686986,0.0005861664712778429,0.0020515826494724504,0.016705744431418524,0.004982415005861665,0.0023446658851113715,0.0014654161781946073,0.005568581477139508,0.00996483001172333,0.008792497069167644,0.0011723329425556857,0.013481828839390387,0.02022274325908558,0.017584994138335287,0.0008792497069167644,0.0,0.016998827667057445,0.02579132473622509,0.004396248534583822,0.007327080890973036,0.004103165298944901,0.009085580304806565,0.007913247362250879,0.0246189917936694,0.020515826494724502,0.01963657678780774,0.0005861664712778429,0.0,0.029601406799531067,0.004103165298944901,0.026963657678780773,0.0,0.0029308323563892145,0.0038100820633059787,0.003223915592028136,0.003223915592028136,0.0029308323563892145,0.0038100820633059787,0.00029308323563892143,0.004689331770222743,0.004103165298944901,0.0008792497069167644,0.0023446658851113715,0.005568581477139508,0.021101992966002344,0.0014654161781946073,0.008792497069167644,0.003223915592028136,0.0005861664712778429,0.002637749120750293,0.0035169988276670576,0.0,0.00029308323563892143,0.0029308323563892145,0.008792497069167644,0.0023446658851113715,0.00029308323563892143,0.005861664712778429,0.013188745603751465,0.0017584994138335288,0.0023446658851113715,0.008792497069167644,0.004689331770222743,0.00029308323563892143,0.004396248534583822,0.00996483001172333,0.002637749120750293,0.004689331770222743,0.0017584994138335288,0.0020515826494724504,0.0011723329425556857,0.00029308323563892143,0.002637749120750293,0.0,0.008499413833528723,0.0035169988276670576,0.0008792497069167644,0.0011723329425556857,0.0011723329425556857,0.0076201641266119575,0.0005861664712778429,0.004982415005861665,0.007327080890973036,0.006447831184056272,0.0005861664712778429,0.0011723329425556857,0.003223915592028136,0.0,0.0017584994138335288,0.0014654161781946073,0.0014654161781946073,0.0014654161781946073,0.0017584994138335288,0.00029308323563892143,0.00029308323563892143,0.0011723329425556857,0.0,0.0017584994138335288,0.002637749120750293,0.0,0.0,0.0008792497069167644,0.0017584994138335288,0.0005861664712778429,0.0005861664712778429,0.0005861664712778429,0.0,0.0,0.0,0.0014654161781946073,0.0014654161781946073,0.0,0.00029308323563892143,0.0005861664712778429,0.0,0.0011723329425556857,0.003223915592028136,0.0008792497069167644,0.0011723329425556857,0.0014654161781946073,0.0014654161781946073,0.00029308323563892143,0.0011723329425556857,0.002637749120750293,0.0008792497069167644,0.0,0.0005861664712778429,0.0008792497069167644,0.0005861664712778429,0.0005861664712778429,0.0008792497069167644,0.008792497069167644,0.0005861664712778429,0.00029308323563892143,0.0029308323563892145,0.0008792497069167644,0.0017584994138335288,0.0,0.0017584994138335288,0.00029308323563892143,0.0008792497069167644,0.00029308323563892143,0.0011723329425556857,0.0005861664712778429,0.0005861664712778429,0.0014654161781946073,0.0011723329425556857,0.0,0.0011723329425556857,0.0,0.0,0.0008792497069167644,0.0,0.0,0.0014654161781946073,0.0017584994138335288,0.0014654161781946073,0.0014654161781946073,0.0011723329425556857,0.0008792497069167644,0.00029308323563892143,0.0,0.0,0.0005861664712778429,0.00029308323563892143,0.0,0.0,0.0,0.0,0.0,0.0,0.0,0.0008792497069167644,0.0,0.0,0.0,0.00029308323563892143,0.0008792497069167644,0.0008792497069167644,0.0,0.0,0.00029308323563892143,0.0,0.0,0.0,0.0,0.0005861664712778429,0.0,0.0,0.00029308323563892143,0.0005861664712778429,0.00029308323563892143,0.0,0.0,0.0,0.00029308323563892143,0.0,0.0,0.0,0.0,0.0,0.0,0.00029308323563892143,0.0008792497069167644,0.0,0.0,0.0,0.0,0.0,0.00029308323563892143,0.0,0.00029308323563892143,0.0,0.0,plehanov
plehanov_pora_obyasnitsya.txt,0.006752954417557681,0.0016882386043894203,0.0,0.012943162633652222,0.012380416432189083,0.0005627462014631402,0.014631401238041642,0.011817670230725942,0.04727068092290377,0.011817670230725942,0.005064715813168261,0.012380416432189083,0.014631401238041642,0.012943162633652222,0.011254924029262802,0.011254924029262802,0.012380416432189083,0.0005627462014631402,0.004501969611705121,0.03376477208778841,0.020258863252673044,0.0011254924029262803,0.014068655036578503,0.019133370849746763,0.0005627462014631402,0.0039392234102419805,0.021384355655599326,0.010692177827799663,0.021384355655599326,0.07765897580191333,0.0011254924029262803,0.0022509848058525606,0.016319639842431063,0.005064715813168261,0.0016882386043894203,0.0016882386043894203,0.0061902082160945416,0.008441193021947102,0.004501969611705121,0.004501969611705121,0.018007878446820485,0.023072594259988744,0.016882386043894203,0.0005627462014631402,0.0005627462014631402,0.016882386043894203,0.027574563871693866,0.0016882386043894203,0.009003939223410242,0.004501969611705121,0.005627462014631401,0.007878446820483961,0.019133370849746763,0.023072594259988744,0.010692177827799663,0.0005627462014631402,0.0005627462014631402,0.03601575689364097,0.0011254924029262803,0.020258863252673044,0.0,0.004501969611705121,0.0022509848058525606,0.0022509848058525606,0.005064715813168261,0.005627462014631401,0.005064715813168261,0.0016882386043894203,0.004501969611705121,0.0039392234102419805,0.0028137310073157004,0.004501969611705121,0.007315700619020821,0.017445132245357344,0.0039392234102419805,0.006752954417557681,0.0028137310073157004,0.0,0.0033764772087788407,0.0028137310073157004,0.0005627462014631402,0.0,0.004501969611705121,0.007315700619020821,0.0033764772087788407,0.0011254924029262803,0.0022509848058525606,0.016319639842431063,0.0016882386043894203,0.0022509848058525606,0.004501969611705121,0.005627462014631401,0.0005627462014631402,0.010129431626336522,0.010692177827799663,0.0033764772087788407,0.0011254924029262803,0.0016882386043894203,0.0011254924029262803,0.0011254924029262803,0.0011254924029262803,0.0016882386043894203,0.0022509848058525606,0.005064715813168261,0.0016882386043894203,0.0,0.0,0.0,0.0005627462014631402,0.0005627462014631402,0.0028137310073157004,0.005064715813168261,0.0016882386043894203,0.0011254924029262803,0.0022509848058525606,0.0033764772087788407,0.0005627462014631402,0.0016882386043894203,0.0005627462014631402,0.0,0.0011254924029262803,0.0028137310073157004,0.0,0.0028137310073157004,0.0,0.0,0.0016882386043894203,0.0022509848058525606,0.0,0.0005627462014631402,0.0005627462014631402,0.0016882386043894203,0.0,0.0005627462014631402,0.0005627462014631402,0.0011254924029262803,0.0,0.0,0.0005627462014631402,0.0033764772087788407,0.0,0.0011254924029262803,0.0028137310073157004,0.0,0.0005627462014631402,0.004501969611705121,0.0011254924029262803,0.0,0.0005627462014631402,0.0028137310073157004,0.0,0.0028137310073157004,0.0016882386043894203,0.0,0.0,0.0005627462014631402,0.0016882386043894203,0.0,0.0016882386043894203,0.0039392234102419805,0.0011254924029262803,0.0,0.0011254924029262803,0.006752954417557681,0.0,0.0033764772087788407,0.0,0.0011254924029262803,0.0,0.0005627462014631402,0.0011254924029262803,0.0,0.0,0.0,0.0022509848058525606,0.0,0.0,0.0005627462014631402,0.0,0.0,0.0,0.0,0.0005627462014631402,0.0,0.0022509848058525606,0.0039392234102419805,0.0,0.0022509848058525606,0.0005627462014631402,0.0005627462014631402,0.0,0.0,0.0016882386043894203,0.0,0.0,0.0,0.0,0.0005627462014631402,0.0,0.0005627462014631402,0.0,0.0,0.0,0.0005627462014631402,0.0,0.0,0.0,0.0,0.0,0.0,0.0,0.0,0.0,0.0,0.0,0.0,0.0,0.0,0.0,0.0,0.0,0.0,0.0,0.0,0.0,0.0,0.0,0.0,0.0,0.0,0.0,0.0,0.0005627462014631402,0.0,0.0,0.0,0.0,0.0,0.0,0.0,0.0,0.0,0.0,plehanov
plehanov_simptomat_mistake.txt,0.0014677103718199608,0.0009784735812133072,0.007827788649706457,0.014187866927592954,0.00684931506849315,0.0004892367906066536,0.015166340508806261,0.00684931506849315,0.05185909980430528,0.015166340508806261,0.00684931506849315,0.010273972602739725,0.009784735812133072,0.010273972602739725,0.018590998043052837,0.009295499021526418,0.010763209393346379,0.0029354207436399216,0.003424657534246575,0.021526418786692758,0.023483365949119372,0.004892367906066536,0.014677103718199608,0.015655577299412915,0.0009784735812133072,0.007338551859099804,0.012720156555772993,0.018101761252446183,0.03228962818003914,0.07681017612524461,0.0004892367906066536,0.0009784735812133072,0.015655577299412915,0.009295499021526418,0.0053816046966731895,0.003913894324853229,0.01223091976516634,0.01761252446183953,0.004892367906066536,0.0019569471624266144,0.017123287671232876,0.014677103718199608,0.009295499021526418,0.0,0.0004892367906066536,0.011741682974559686,0.023483365949119372,0.002446183953033268,0.00684931506849315,0.004403131115459882,0.007827788649706457,0.006360078277886497,0.01761252446183953,0.018101761252446183,0.01761252446183953,0.0,0.0,0.01908023483365949,0.0009784735812133072,0.018101761252446183,0.0004892367906066536,0.002446183953033268,0.0019569471624266144,0.006360078277886497,0.005870841487279843,0.0014677103718199608,0.006360078277886497,0.0,0.0053816046966731895,0.002446183953033268,0.0,0.0014677103718199608,0.005870841487279843,0.015166340508806261,0.0029354207436399216,0.005870841487279843,0.004403131115459882,0.0014677103718199608,0.0019569471624266144,0.0053816046966731895,0.0019569471624266144,0.0004892367906066536,0.004403131115459882,0.006360078277886497,0.0029354207436399216,0.0004892367906066536,0.002446183953033268,0.012720156555772993,0.002446183953033268,0.0014677103718199608,0.006360078277886497,0.00684931506849315,0.0004892367906066536,0.004403131115459882,0.010273972602739725,0.004892367906066536,0.009784735812133072,0.004403131115459882,0.003424657534246575,0.0014677103718199608,0.0004892367906066536,0.003913894324853229,0.0014677103718199608,0.0053816046966731895,0.003424657534246575,0.0004892367906066536,0.0009784735812133072,0.0004892367906066536,0.0053816046966731895,0.0004892367906066536,0.003913894324853229,0.014187866927592954,0.0019569471624266144,0.0009784735812133072,0.003913894324853229,0.003424657534246575,0.0004892367906066536,0.002446183953033268,0.0014677103718199608,0.0009784735812133072,0.0019569471624266144,0.0009784735812133072,0.0004892367906066536,0.0009784735812133072,0.0004892367906066536,0.0,0.0009784735812133072,0.003913894324853229,0.0,0.0004892367906066536,0.0004892367906066536,0.0019569471624266144,0.0009784735812133072,0.0014677103718199608,0.0004892367906066536,0.0009784735812133072,0.0014677103718199608,0.0,0.0004892367906066536,0.002446183953033268,0.0004892367906066536,0.002446183953033268,0.0009784735812133072,0.0,0.0004892367906066536,0.0019569471624266144,0.0004892367906066536,0.0014677103718199608,0.0004892367906066536,0.002446183953033268,0.0,0.0029354207436399216,0.0014677103718199608,0.0029354207436399216,0.0,0.0,0.0009784735812133072,0.0004892367906066536,0.0004892367906066536,0.0,0.004892367906066536,0.0009784735812133072,0.0,0.0019569471624266144,0.0004892367906066536,0.003424657534246575,0.0,0.0,0.0,0.0004892367906066536,0.0004892367906066536,0.0019569471624266144,0.002446183953033268,0.0014677103718199608,0.0014677103718199608,0.0,0.0,0.0009784735812133072,0.0,0.0004892367906066536,0.0,0.0,0.0,0.0009784735812133072,0.0014677103718199608,0.0019569471624266144,0.0004892367906066536,0.002446183953033268,0.0,0.0004892367906066536,0.0,0.0,0.0,0.0,0.0,0.0,0.0004892367906066536,0.0,0.0,0.0,0.0,0.0,0.0,0.0004892367906066536,0.0,0.0004892367906066536,0.0009784735812133072,0.0009784735812133072,0.0,0.0,0.0019569471624266144,0.0,0.0,0.0,0.0,0.0009784735812133072,0.0,0.0,0.0,0.0,0.0,0.0,0.0,0.0,0.0,0.0,0.0,0.0,0.0,0.0,0.0004892367906066536,0.0,0.0,0.0,0.0,0.0,0.0,0.0,0.0,0.0,0.0,0.0,0.0,plehanov
plehanov_slovo_prinadlezhit_menshevikam.txt,0.000727802037845706,0.0,0.000727802037845706,0.002911208151382824,0.019650655021834062,0.002911208151382824,0.021106259097525473,0.008733624454148471,0.03784570596797671,0.013100436681222707,0.002911208151382824,0.009461426491994178,0.008733624454148471,0.010917030567685589,0.021106259097525473,0.005822416302765648,0.011644832605531296,0.002183406113537118,0.002183406113537118,0.03129548762736536,0.017467248908296942,0.002183406113537118,0.018195050946142648,0.013828238719068414,0.000727802037845706,0.00363901018922853,0.018195050946142648,0.026200873362445413,0.04148471615720524,0.08078602620087336,0.000727802037845706,0.0,0.013100436681222707,0.009461426491994178,0.00363901018922853,0.001455604075691412,0.012372634643377001,0.011644832605531296,0.004366812227074236,0.000727802037845706,0.026928675400291122,0.018922852983988356,0.008005822416302766,0.000727802037845706,0.0,0.01455604075691412,0.022561863173216887,0.000727802037845706,0.002911208151382824,0.004366812227074236,0.008005822416302766,0.008005822416302766,0.013100436681222707,0.025473071324599708,0.010189228529839884,0.0,0.0,0.023289665211062592,0.0,0.027656477438136828,0.0,0.001455604075691412,0.000727802037845706,0.001455604075691412,0.009461426491994178,0.002911208151382824,0.005094614264919942,0.001455604075691412,0.002911208151382824,0.00363901018922853,0.0,0.000727802037845706,0.006550218340611353,0.012372634643377001,0.002183406113537118,0.00727802037845706,0.010189228529839884,0.001455604075691412,0.004366812227074236,0.004366812227074236,0.005094614264919942,0.000727802037845706,0.00363901018922853,0.008005822416302766,0.00363901018922853,0.001455604075691412,0.005094614264919942,0.013828238719068414,0.002183406113537118,0.00363901018922853,0.002911208151382824,0.004366812227074236,0.0,0.009461426491994178,0.008005822416302766,0.004366812227074236,0.0,0.0,0.0,0.00363901018922853,0.002183406113537118,0.002183406113537118,0.002911208151382824,0.005094614264919942,0.001455604075691412,0.001455604075691412,0.005094614264919942,0.002183406113537118,0.005094614264919942,0.001455604075691412,0.006550218340611353,0.002911208151382824,0.00363901018922853,0.000727802037845706,0.002911208151382824,0.008005822416302766,0.00363901018922853,0.00363901018922853,0.001455604075691412,0.0,0.002183406113537118,0.002911208151382824,0.0,0.000727802037845706,0.0,0.0,0.00363901018922853,0.0,0.0,0.0,0.0,0.002183406113537118,0.0,0.000727802037845706,0.000727802037845706,0.000727802037845706,0.001455604075691412,0.0,0.000727802037845706,0.00363901018922853,0.0,0.0,0.0,0.0,0.002183406113537118,0.005822416302765648,0.000727802037845706,0.000727802037845706,0.002183406113537118,0.002911208151382824,0.0,0.000727802037845706,0.001455604075691412,0.001455604075691412,0.0,0.0,0.002911208151382824,0.0,0.001455604075691412,0.002183406113537118,0.002183406113537118,0.0,0.000727802037845706,0.001455604075691412,0.000727802037845706,0.001455604075691412,0.0,0.0,0.000727802037845706,0.000727802037845706,0.0,0.0,0.0,0.001455604075691412,0.000727802037845706,0.0,0.0,0.000727802037845706,0.000727802037845706,0.0,0.0,0.0,0.0,0.000727802037845706,0.001455604075691412,0.002183406113537118,0.002183406113537118,0.00363901018922853,0.0,0.0,0.0,0.0,0.0,0.0,0.0,0.0,0.0,0.0,0.0,0.0,0.000727802037845706,0.0,0.0,0.0,0.0,0.0,0.0,0.0,0.0,0.0,0.0,0.0,0.0,0.0,0.0,0.0,0.0,0.0,0.0,0.0,0.0,0.0,0.0,0.0,0.0,0.0,0.0,0.0,0.0,0.0,0.0,0.0,0.000727802037845706,0.000727802037845706,0.000727802037845706,0.0,0.0,0.0,0.0,0.0,0.0,0.0,0.0,plehanov
plehanov_torzhestvo_sr_I.txt,0.0011968880909634949,0.0017953321364452424,0.0005984440454817474,0.022142429682824656,0.005984440454817474,0.0,0.01855176540993417,0.010173548773189706,0.05385996409335727,0.011968880909634948,0.006582884500299222,0.009575104727707959,0.015559545182525433,0.020347097546379412,0.004189108318372232,0.004189108318372232,0.011370436864153202,0.002992220227408737,0.003590664272890485,0.019150209455415918,0.017354877318970677,0.0017953321364452424,0.008378216636744464,0.010771992818671455,0.0,0.003590664272890485,0.017953321364452424,0.010173548773189706,0.019748653500897665,0.09754637941352484,0.0,0.0,0.019150209455415918,0.006582884500299222,0.0011968880909634949,0.0017953321364452424,0.011370436864153202,0.005984440454817474,0.005385996409335727,0.0017953321364452424,0.00718132854578097,0.04129263913824058,0.010173548773189706,0.0,0.0017953321364452424,0.011968880909634948,0.01855176540993417,0.0023937761819269898,0.002992220227408737,0.004189108318372232,0.005385996409335727,0.0047875523638539795,0.043686415320167565,0.01855176540993417,0.00718132854578097,0.0011968880909634949,0.0,0.04608019150209455,0.0023937761819269898,0.031119090365050867,0.0,0.0017953321364452424,0.0005984440454817474,0.0011968880909634949,0.0017953321364452424,0.0011968880909634949,0.0011968880909634949,0.0011968880909634949,0.008378216636744464,0.003590664272890485,0.0005984440454817474,0.002992220227408737,0.003590664272890485,0.012567324955116697,0.0011968880909634949,0.004189108318372232,0.0023937761819269898,0.0005984440454817474,0.0017953321364452424,0.0011968880909634949,0.0,0.0005984440454817474,0.0023937761819269898,0.007779772591262717,0.0023937761819269898,0.0005984440454817474,0.003590664272890485,0.02573309395571514,0.0005984440454817474,0.003590664272890485,0.013165769000598444,0.008976660682226212,0.0005984440454817474,0.006582884500299222,0.005984440454817474,0.0005984440454817474,0.01615798922800718,0.0005984440454817474,0.0005984440454817474,0.0023937761819269898,0.0,0.0005984440454817474,0.0011968880909634949,0.002992220227408737,0.0047875523638539795,0.0017953321364452424,0.0017953321364452424,0.0017953321364452424,0.00718132854578097,0.0005984440454817474,0.0023937761819269898,0.006582884500299222,0.007779772591262717,0.0005984440454817474,0.010173548773189706,0.0,0.0005984440454817474,0.0,0.0011968880909634949,0.0005984440454817474,0.0005984440454817474,0.0005984440454817474,0.0,0.0011968880909634949,0.0011968880909634949,0.0,0.0005984440454817474,0.0005984440454817474,0.0,0.0,0.0,0.0017953321364452424,0.0005984440454817474,0.0005984440454817474,0.0,0.0,0.0,0.0005984440454817474,0.0011968880909634949,0.0023937761819269898,0.0005984440454817474,0.0,0.0011968880909634949,0.0,0.0,0.0017953321364452424,0.0,0.002992220227408737,0.0,0.0023937761819269898,0.0,0.0005984440454817474,0.0,0.0011968880909634949,0.0,0.0,0.0,0.0,0.0005984440454817474,0.0011968880909634949,0.0023937761819269898,0.0,0.0005984440454817474,0.005984440454817474,0.0,0.011968880909634948,0.0,0.0023937761819269898,0.0,0.0,0.0,0.0,0.0011968880909634949,0.0005984440454817474,0.0,0.0,0.0,0.0,0.0,0.0,0.0,0.0,0.0,0.0011968880909634949,0.004189108318372232,0.0047875523638539795,0.0005984440454817474,0.0011968880909634949,0.0,0.0,0.0,0.0005984440454817474,0.0,0.0,0.0,0.0,0.0,0.0,0.0,0.0005984440454817474,0.0,0.0,0.0,0.0,0.0,0.0,0.0011968880909634949,0.0011968880909634949,0.0,0.0,0.0,0.0,0.0,0.0,0.0,0.0,0.0,0.0005984440454817474,0.0005984440454817474,0.0005984440454817474,0.0,0.0,0.0,0.0,0.0,0.0,0.0,0.0,0.0,0.0,0.0,0.0,0.0,0.0,0.0,0.0,0.0,0.0,0.0,0.0,0.0,0.0,0.0,plehanov
plehanov_uspenskiy.txt,0.003222161777628991,0.0012972339624220614,0.0036406243461522365,0.012177260744026447,0.01092187303845671,0.0009624639076034649,0.015357576264803113,0.013223417165334561,0.05548813658618237,0.016445578942963553,0.005649244675063816,0.008452943884169561,0.013348955935891535,0.015148344980541491,0.013725572247562455,0.006486169812110307,0.012553877055697368,0.0023852366405825,0.0044775494831987275,0.025819140477884254,0.020253588316525087,0.0023015441268778507,0.012888647110515964,0.017491735364271666,0.001046156421308114,0.004393856969494079,0.01945850943633092,0.01092187303845671,0.023350211323597103,0.0846968238691049,0.0005021550822278947,0.0005021550822278947,0.0187471230698414,0.0075741724902707456,0.003808009373561535,0.004393856969494079,0.007030171151190526,0.008745867682135833,0.005649244675063816,0.002971084236515044,0.01862158429928443,0.01991881826170649,0.01485542118257522,0.0006276938527848684,0.0005021550822278947,0.015273883751098465,0.019123739381512322,0.0023015441268778507,0.004644934510608026,0.003222161777628991,0.007281248692304473,0.008955098966397455,0.020964974683014604,0.024019751433234298,0.015357576264803113,0.0005440013390802193,0.0002510775411139474,0.025024061597690085,0.0026363141816964472,0.02678160438548772,0.0004184625685232456,0.0031803155207766665,0.0009624639076034649,0.0025944679248441228,0.004017240657823158,0.004142779428380132,0.0033895468050382893,0.0009624639076034649,0.002971084236515044,0.00284554546595807,0.0006276938527848684,0.0023852366405825,0.005816629702473114,0.013976649788676403,0.0012553877055697367,0.005063397079131272,0.004561241996903377,0.001046156421308114,0.003724316859856886,0.004937858308574298,0.0013809264761267105,0.0012972339624220614,0.0030966230070720176,0.007950788801941666,0.003808009373561535,0.00016738502740929823,0.005356320877097543,0.01485542118257522,0.0010043101644557895,0.0020504665857639034,0.008201866343055614,0.005356320877097543,0.0007950788801941666,0.002343390383730175,0.010168640415114867,0.001799389044649956,0.005984014729882412,0.004017240657823158,0.0011716951918650876,0.0009206176507511404,0.0006695401096371929,0.0033895468050382893,0.0005021550822278947,0.003222161777628991,0.0027200066954010966,0.0002092312842616228,0.001046156421308114,0.0002510775411139474,0.009666485332886974,0.0002510775411139474,0.0038498556304138597,0.006486169812110307,0.007783403774532368,0.0008787713938988158,0.0023852366405825,0.0024270828974348245,0.0005858475959325438,0.0004184625685232456,0.0005440013390802193,0.00033477005481859646,0.0016738502740929824,0.0008369251370464912,0.0004184625685232456,0.0012972339624220614,0.0008787713938988158,8.369251370464912e-05,0.0006695401096371929,0.0015483115035360088,0.0001255387705569737,8.369251370464912e-05,0.0002929237979662719,0.0006276938527848684,0.00033477005481859646,0.0024270828974348245,0.001046156421308114,0.00033477005481859646,0.0004184625685232456,0.0001255387705569737,0.0009206176507511404,0.004059086914675482,4.184625685232456e-05,0.0010043101644557895,0.0006276938527848684,0.0,0.0012135414487174122,0.003222161777628991,0.0012135414487174122,0.0009624639076034649,0.0010043101644557895,0.002008620328911579,0.0001255387705569737,0.0008787713938988158,0.0004603088253755702,0.0017156965309453069,0.0,0.0006695401096371929,0.0010043101644557895,8.369251370464912e-05,0.0006276938527848684,0.0036824706030045614,0.004896012051721974,0.0009624639076034649,0.00033477005481859646,0.0018412353015022807,0.0002510775411139474,0.0015483115035360088,4.184625685232456e-05,0.0007532326233418421,0.0007532326233418421,0.0007532326233418421,0.00033477005481859646,0.0008787713938988158,0.0013390802192743858,0.0009206176507511404,0.001129848935012763,0.0016320040172406577,8.369251370464912e-05,0.0005440013390802193,4.184625685232456e-05,0.0,0.0004603088253755702,0.0,0.0,0.0005440013390802193,0.0013809264761267105,0.0029292379796627193,0.001046156421308114,0.0023852366405825,0.0005021550822278947,0.0002092312842616228,0.0001255387705569737,0.0002929237979662719,0.0006276938527848684,0.0,0.0,0.0,0.0004184625685232456,0.00016738502740929823,0.0,0.0002510775411139474,0.0,0.00033477005481859646,0.0002092312842616228,8.369251370464912e-05,8.369251370464912e-05,0.0002092312842616228,0.0007113863664895175,0.0008369251370464912,8.369251370464912e-05,0.0,0.0001255387705569737,0.0,4.184625685232456e-05,0.0,0.0,0.0002929237979662719,0.0,8.369251370464912e-05,0.0,0.0,0.0,0.0,4.184625685232456e-05,8.369251370464912e-05,0.0,0.0001255387705569737,4.184625685232456e-05,0.0,0.0,0.0,0.0,4.184625685232456e-05,0.0001255387705569737,0.0,0.0,4.184625685232456e-05,0.0,4.184625685232456e-05,0.0,0.0,0.0,4.184625685232456e-05,4.184625685232456e-05,plehanov
plehanov_vremena_menyayutsya_I.txt,0.00452147701582517,0.002260738507912585,0.0007535795026375283,0.010550113036925395,0.006028636021100226,0.002260738507912585,0.015071590052750565,0.01808590806330068,0.07761868877166542,0.018839487565938208,0.006782215523737754,0.006028636021100226,0.013564431047475508,0.019593067068575734,0.012057272042200452,0.0052750565184626974,0.01281085154483798,0.0015071590052750565,0.006028636021100226,0.01808590806330068,0.012057272042200452,0.003014318010550113,0.006782215523737754,0.015825169555388093,0.0015071590052750565,0.0052750565184626974,0.018839487565938208,0.012057272042200452,0.02260738507912585,0.0987189148455162,0.0,0.0007535795026375283,0.016578749058025623,0.006782215523737754,0.0007535795026375283,0.003014318010550113,0.0052750565184626974,0.011303692539562924,0.009796533534287867,0.003014318010550113,0.01281085154483798,0.019593067068575734,0.02110022607385079,0.0,0.0015071590052750565,0.013564431047475508,0.01733232856066315,0.0037678975131876413,0.0037678975131876413,0.003014318010550113,0.011303692539562924,0.015071590052750565,0.023360964581763375,0.02637528259231349,0.02110022607385079,0.002260738507912585,0.0,0.02637528259231349,0.0,0.0293896006028636,0.0,0.002260738507912585,0.002260738507912585,0.003014318010550113,0.0015071590052750565,0.002260738507912585,0.0007535795026375283,0.0007535795026375283,0.006782215523737754,0.002260738507912585,0.002260738507912585,0.003014318010550113,0.0037678975131876413,0.013564431047475508,0.002260738507912585,0.008289374529012811,0.002260738507912585,0.0015071590052750565,0.002260738507912585,0.003014318010550113,0.003014318010550113,0.0015071590052750565,0.003014318010550113,0.006782215523737754,0.003014318010550113,0.0007535795026375283,0.0052750565184626974,0.015071590052750565,0.0007535795026375283,0.0037678975131876413,0.007535795026375283,0.00452147701582517,0.0007535795026375283,0.0015071590052750565,0.0052750565184626974,0.0037678975131876413,0.0037678975131876413,0.002260738507912585,0.003014318010550113,0.0015071590052750565,0.0007535795026375283,0.0052750565184626974,0.0007535795026375283,0.0015071590052750565,0.0,0.0,0.0,0.0,0.0052750565184626974,0.0,0.006028636021100226,0.010550113036925395,0.00452147701582517,0.0,0.003014318010550113,0.002260738507912585,0.0007535795026375283,0.0,0.0,0.0007535795026375283,0.0,0.0007535795026375283,0.0007535795026375283,0.0,0.0007535795026375283,0.0,0.0,0.0007535795026375283,0.0,0.0,0.0,0.002260738507912585,0.0007535795026375283,0.0015071590052750565,0.0,0.0007535795026375283,0.0,0.0007535795026375283,0.0015071590052750565,0.002260738507912585,0.0,0.0,0.0,0.0,0.002260738507912585,0.002260738507912585,0.0,0.0,0.0,0.0,0.0007535795026375283,0.0015071590052750565,0.002260738507912585,0.0015071590052750565,0.0,0.0007535795026375283,0.0,0.0,0.0015071590052750565,0.0,0.003014318010550113,0.0,0.0007535795026375283,0.0052750565184626974,0.0,0.0007535795026375283,0.0007535795026375283,0.0015071590052750565,0.0,0.0,0.0,0.0007535795026375283,0.0007535795026375283,0.0007535795026375283,0.0007535795026375283,0.0007535795026375283,0.0,0.0015071590052750565,0.0,0.0,0.0007535795026375283,0.0,0.0,0.0007535795026375283,0.0,0.0007535795026375283,0.0,0.0007535795026375283,0.0007535795026375283,0.0,0.0,0.0015071590052750565,0.0007535795026375283,0.0,0.0,0.0,0.0,0.0,0.0,0.0007535795026375283,0.0,0.0,0.0,0.0,0.0,0.0,0.0,0.0,0.0,0.0,0.0,0.0007535795026375283,0.0,0.0,0.0,0.0,0.0,0.0007535795026375283,0.0,0.0007535795026375283,0.0,0.0,0.0,0.0,0.0,0.0,0.0,0.0,0.0,0.0,0.0,0.0,0.0015071590052750565,0.0,0.0,0.0,0.0,0.0,0.0,0.0007535795026375283,0.0,0.0,0.0,plehanov
plehanov_vroz_idti_vmeste_bit_I.txt,0.002867570385818561,0.0005213764337851929,0.00026068821689259646,0.007038581856100104,0.005735140771637122,0.0007820646506777894,0.023201251303441084,0.017987486965589154,0.06543274244004171,0.02111574556830031,0.008342022940563087,0.006777893639207508,0.00964546402502607,0.016684045881126174,0.01850886339937435,0.005995828988529718,0.014598540145985401,0.0018248175182481751,0.004171011470281543,0.014077163712200209,0.01564129301355579,0.0020855057351407717,0.012252346193952034,0.016423357664233577,0.00026068821689259646,0.004953076120959333,0.02346193952033368,0.013295099061522419,0.02789363920750782,0.0881126173096976,0.0,0.00026068821689259646,0.016684045881126174,0.007038581856100104,0.0046923879040667365,0.003910323253388947,0.011209593326381648,0.00964546402502607,0.006777893639207508,0.0023461939520333683,0.017466110531803962,0.01850886339937435,0.01824817518248175,0.0013034410844629822,0.0,0.013034410844629822,0.019551616266944735,0.005213764337851929,0.005735140771637122,0.004953076120959333,0.010427528675703858,0.01173096976016684,0.026068821689259645,0.021897810218978103,0.02267987486965589,0.0005213764337851929,0.0005213764337851929,0.014859228362877997,0.002867570385818561,0.03519290928050052,0.0007820646506777894,0.0026068821689259644,0.0010427528675703858,0.003910323253388947,0.0031282586027111575,0.0018248175182481751,0.0044316996871741395,0.0005213764337851929,0.005213764337851929,0.002867570385818561,0.0,0.0018248175182481751,0.006517205422314911,0.011991657977059436,0.0015641293013555788,0.006256517205422315,0.0072992700729927005,0.0013034410844629822,0.003388946819603754,0.004171011470281543,0.0018248175182481751,0.0005213764337851929,0.0036496350364963502,0.0036496350364963502,0.0026068821689259644,0.00026068821689259646,0.003388946819603754,0.01173096976016684,0.0007820646506777894,0.0023461939520333683,0.010948905109489052,0.004953076120959333,0.0018248175182481751,0.0018248175182481751,0.010427528675703858,0.002867570385818561,0.0020855057351407717,0.0007820646506777894,0.0020855057351407717,0.0005213764337851929,0.0007820646506777894,0.0044316996871741395,0.0010427528675703858,0.0036496350364963502,0.0015641293013555788,0.0,0.0,0.0,0.007820646506777894,0.0005213764337851929,0.007820646506777894,0.009384775808133473,0.004171011470281543,0.0013034410844629822,0.0031282586027111575,0.0015641293013555788,0.0005213764337851929,0.0005213764337851929,0.0005213764337851929,0.0005213764337851929,0.0013034410844629822,0.0005213764337851929,0.0,0.0005213764337851929,0.0010427528675703858,0.0,0.0005213764337851929,0.0005213764337851929,0.0,0.0,0.0,0.0007820646506777894,0.00026068821689259646,0.0005213764337851929,0.0,0.0,0.0,0.0,0.0018248175182481751,0.002867570385818561,0.0,0.0010427528675703858,0.0015641293013555788,0.0,0.0005213764337851929,0.0044316996871741395,0.0010427528675703858,0.0,0.0,0.0010427528675703858,0.0,0.0015641293013555788,0.0,0.0015641293013555788,0.0,0.0005213764337851929,0.0010427528675703858,0.00026068821689259646,0.0005213764337851929,0.00026068821689259646,0.0026068821689259644,0.0,0.00026068821689259646,0.0020855057351407717,0.0007820646506777894,0.0018248175182481751,0.0,0.0,0.0,0.0010427528675703858,0.0,0.0007820646506777894,0.0,0.0007820646506777894,0.00026068821689259646,0.00026068821689259646,0.0,0.0005213764337851929,0.0,0.0,0.0,0.0,0.0,0.0010427528675703858,0.0007820646506777894,0.0005213764337851929,0.0015641293013555788,0.0015641293013555788,0.0,0.0,0.00026068821689259646,0.0,0.00026068821689259646,0.00026068821689259646,0.0,0.0,0.0,0.0,0.0,0.0,0.0,0.0,0.0,0.0,0.0,0.0,0.0007820646506777894,0.0007820646506777894,0.0,0.0,0.0,0.0,0.0,0.0,0.0,0.0,0.0,0.0,0.0,0.0013034410844629822,0.0007820646506777894,0.0,0.0,0.0,0.0,0.0,0.0,0.0,0.0,0.0,0.0,0.0,0.0,0.0,0.0,0.0,0.0,0.0,0.0,0.00026068821689259646,0.0,0.0,0.0,plehanov
trotsky_chto_dalshe.txt,0.0028653295128939827,0.0016714422158548234,0.0028653295128939827,0.007879656160458453,0.013132760267430755,0.0016714422158548234,0.024594078319006684,0.013132760267430755,0.08261700095510983,0.024116523400191024,0.004775549188156638,0.0052531041069723014,0.0057306590257879654,0.012655205348615091,0.010506208213944603,0.0031041069723018147,0.011461318051575931,0.0026265520534861507,0.0052531041069723014,0.019102196752626553,0.014326647564469915,0.0035816618911174787,0.0064469914040114614,0.014565425023877745,0.0004775549188156638,0.004297994269340974,0.021728748806112703,0.010983763132760267,0.023161413562559695,0.09694364851957975,0.0004775549188156638,0.0004775549188156638,0.012655205348615091,0.0054918815663801334,0.004297994269340974,0.002387774594078319,0.0071633237822349575,0.008357211079274117,0.0059694364851957974,0.0019102196752626551,0.01504297994269341,0.0164756446991404,0.026026743075453676,0.0002387774594078319,0.0011938872970391596,0.011700095510983763,0.0164756446991404,0.002148997134670487,0.00501432664756447,0.0057306590257879654,0.004775549188156638,0.011938872970391595,0.04250238777459408,0.01862464183381089,0.025071633237822348,0.0004775549188156638,0.0,0.010744985673352435,0.002148997134670487,0.041786055396370585,0.0,0.0033428844317096467,0.0026265520534861507,0.004536771728748806,0.0026265520534861507,0.0016714422158548234,0.0031041069723018147,0.0019102196752626551,0.00501432664756447,0.002148997134670487,0.002387774594078319,0.004536771728748806,0.00501432664756447,0.010744985673352435,0.0009551098376313276,0.004775549188156638,0.0019102196752626551,0.0007163323782234957,0.0031041069723018147,0.004536771728748806,0.0004775549188156638,0.0011938872970391596,0.0052531041069723014,0.0033428844317096467,0.004536771728748806,0.0002387774594078319,0.0071633237822349575,0.020534861509073542,0.0,0.0031041069723018147,0.00883476599808978,0.0057306590257879654,0.0007163323782234957,0.0014326647564469914,0.0054918815663801334,0.002387774594078319,0.0028653295128939827,0.0028653295128939827,0.0002387774594078319,0.0016714422158548234,0.0011938872970391596,0.0031041069723018147,0.0004775549188156638,0.0019102196752626551,0.0007163323782234957,0.0,0.0004775549188156638,0.0,0.013371537726838587,0.0002387774594078319,0.004059216809933142,0.0057306590257879654,0.007640878701050621,0.0002387774594078319,0.0009551098376313276,0.0019102196752626551,0.0002387774594078319,0.0004775549188156638,0.0002387774594078319,0.0002387774594078319,0.0007163323782234957,0.0011938872970391596,0.0002387774594078319,0.0016714422158548234,0.0007163323782234957,0.0002387774594078319,0.0011938872970391596,0.0014326647564469914,0.0,0.0002387774594078319,0.0016714422158548234,0.0019102196752626551,0.0002387774594078319,0.0002387774594078319,0.0007163323782234957,0.0,0.0,0.0002387774594078319,0.0016714422158548234,0.0004775549188156638,0.0,0.0004775549188156638,0.0007163323782234957,0.0,0.0009551098376313276,0.0019102196752626551,0.0002387774594078319,0.0002387774594078319,0.0002387774594078319,0.0016714422158548234,0.0,0.0011938872970391596,0.0007163323782234957,0.0004775549188156638,0.0,0.0002387774594078319,0.0002387774594078319,0.0,0.0011938872970391596,0.0019102196752626551,0.00501432664756447,0.0004775549188156638,0.0002387774594078319,0.002387774594078319,0.0002387774594078319,0.0004775549188156638,0.0002387774594078319,0.0,0.0007163323782234957,0.0016714422158548234,0.0002387774594078319,0.0004775549188156638,0.0009551098376313276,0.0004775549188156638,0.0002387774594078319,0.0007163323782234957,0.0,0.0004775549188156638,0.0,0.0,0.0002387774594078319,0.0,0.0009551098376313276,0.0007163323782234957,0.0004775549188156638,0.0007163323782234957,0.0004775549188156638,0.0011938872970391596,0.0002387774594078319,0.0002387774594078319,0.0,0.0,0.0019102196752626551,0.0002387774594078319,0.0004775549188156638,0.0,0.0004775549188156638,0.0,0.0,0.0,0.0002387774594078319,0.0,0.0,0.0,0.0002387774594078319,0.0002387774594078319,0.0,0.0,0.0007163323782234957,0.0,0.0011938872970391596,0.0,0.0,0.0,0.0,0.0,0.0,0.0,0.0,0.0,0.0,0.0,0.0,0.0,0.0,0.0,0.0,0.0,0.0,0.0,0.0,0.0002387774594078319,0.0,0.0,0.0,0.0,0.0,0.0,0.0,0.0,0.0,0.0002387774594078319,0.0004775549188156638,trotsky
trotsky_dem_i_rev.txt,0.0010575615651911164,0.0004532406707961928,0.00030216044719746184,0.004230246260764466,0.013597220123885784,0.001964042906783502,0.01797854660824898,0.015410182807070554,0.06783502039583018,0.016618824595860403,0.004381326484363197,0.003928085813567004,0.007100770509140353,0.013748300347484515,0.012690738782293398,0.004834567155159389,0.011028856322707357,0.0016618824595860402,0.005287807825955583,0.020244749962229944,0.014503701465478169,0.0034748451427708115,0.012086417887898474,0.019187188397038826,0.0010575615651911164,0.0034748451427708115,0.02432391599939568,0.013295059676688321,0.025079317117389335,0.10182807070554464,0.00015108022359873092,0.0004532406707961928,0.012388578335095936,0.0072518507327390845,0.0033237649191720803,0.0031726846955733496,0.004532406707961928,0.008913733192325125,0.0034748451427708115,0.002115123130382233,0.020244749962229944,0.022964193987007102,0.023870675328599485,0.00030216044719746184,0.00030216044719746184,0.010726695875509895,0.018885027949841367,0.002266203353980964,0.0036259253663695422,0.003928085813567004,0.009669134310318779,0.00982021453391751,0.03097144583773984,0.024172835775796948,0.02145339175101979,0.00015108022359873092,0.0,0.027043360024172836,0.001964042906783502,0.03353980963891826,0.0,0.004230246260764466,0.001964042906783502,0.0036259253663695422,0.005136727602356852,0.0036259253663695422,0.002266203353980964,0.0007554011179936546,0.005287807825955583,0.0034748451427708115,0.0007554011179936546,0.0013597220123885783,0.006647529838344161,0.013597220123885784,0.0009064813415923856,0.0027194440247771566,0.003777005589968273,0.0015108022359873092,0.0033237649191720803,0.003928085813567004,0.0009064813415923856,0.0015108022359873092,0.0031726846955733496,0.006194289167547968,0.0030216044719746185,0.00015108022359873092,0.005438888049554313,0.014805861912675631,0.0010575615651911164,0.0018129626831847711,0.00982021453391751,0.004834567155159389,0.0007554011179936546,0.001964042906783502,0.008309412297930202,0.001964042906783502,0.002266203353980964,0.0010575615651911164,0.0007554011179936546,0.0013597220123885783,0.0012086417887898473,0.0024172835775796947,0.0015108022359873092,0.0033237649191720803,0.0024172835775796947,0.0,0.0024172835775796947,0.0004532406707961928,0.012841819005892128,0.0004532406707961928,0.005287807825955583,0.0030216044719746185,0.006949690285541623,0.0004532406707961928,0.0015108022359873092,0.003777005589968273,0.0006043208943949237,0.0006043208943949237,0.0016618824595860402,0.0004532406707961928,0.0004532406707961928,0.0006043208943949237,0.00030216044719746184,0.0012086417887898473,0.00015108022359873092,0.0,0.001964042906783502,0.0028705242483758877,0.00015108022359873092,0.0,0.0007554011179936546,0.0007554011179936546,0.0,0.00015108022359873092,0.0006043208943949237,0.00030216044719746184,0.00015108022359873092,0.0010575615651911164,0.0013597220123885783,0.0010575615651911164,0.0,0.0006043208943949237,0.0018129626831847711,0.0,0.0004532406707961928,0.0031726846955733496,0.0009064813415923856,0.00030216044719746184,0.0004532406707961928,0.0016618824595860402,0.0,0.0007554011179936546,0.0015108022359873092,0.0006043208943949237,0.00015108022359873092,0.00015108022359873092,0.0009064813415923856,0.0,0.0007554011179936546,0.002266203353980964,0.0024172835775796947,0.0,0.0009064813415923856,0.002568363801178426,0.00015108022359873092,0.0012086417887898473,0.00015108022359873092,0.0007554011179936546,0.0004532406707961928,0.00030216044719746184,0.0,0.00030216044719746184,0.0004532406707961928,0.0013597220123885783,0.00015108022359873092,0.00030216044719746184,0.0006043208943949237,0.0006043208943949237,0.00015108022359873092,0.0,0.0,0.0,0.0,0.00030216044719746184,0.0016618824595860402,0.002115123130382233,0.0004532406707961928,0.0028705242483758877,0.0,0.0,0.0,0.0,0.0,0.0,0.00015108022359873092,0.0,0.0006043208943949237,0.0,0.0,0.00015108022359873092,0.00015108022359873092,0.00015108022359873092,0.0,0.0,0.00030216044719746184,0.0,0.00015108022359873092,0.0,0.00030216044719746184,0.0,0.0,0.0,0.0,0.0,0.0,0.00015108022359873092,0.0004532406707961928,0.0,0.0,0.0,0.0,0.0,0.0,0.0,0.0,0.0,0.0,0.0,0.0,0.0,0.0,0.0,0.00015108022359873092,0.0,0.0,0.0,0.0,0.0,0.0,0.0,0.0,0.00030216044719746184,0.0,trotsky
trotsky_demokratia.txt,0.0005073566717402334,0.0,0.0015220700152207,0.0060882800608828,0.0167427701674277,0.0020294266869609334,0.0243531202435312,0.0167427701674277,0.08168442415017757,0.023845763571790968,0.007102993404363267,0.008625063419583967,0.008625063419583967,0.0106544901065449,0.0060882800608828,0.0015220700152207,0.0091324200913242,0.0010147133434804667,0.005580923389142567,0.016235413495687467,0.0106544901065449,0.0020294266869609334,0.0050735667174023336,0.014713343480466767,0.0010147133434804667,0.0030441400304414,0.023845763571790968,0.0091324200913242,0.020801623541349568,0.09994926433282597,0.0005073566717402334,0.0,0.016235413495687467,0.008117706747843734,0.0005073566717402334,0.0045662100456621,0.005580923389142567,0.008625063419583967,0.004058853373921867,0.0030441400304414,0.016235413495687467,0.0243531202435312,0.0289193302891933,0.0010147133434804667,0.0,0.0076103500761035,0.0213089802130898,0.0020294266869609334,0.0060882800608828,0.0050735667174023336,0.007102993404363267,0.0136986301369863,0.029426686960933535,0.0228310502283105,0.024860476915271434,0.0,0.0,0.028411973617453068,0.0030441400304414,0.032470826991374935,0.0,0.0010147133434804667,0.0010147133434804667,0.0025367833587011668,0.0030441400304414,0.0020294266869609334,0.0020294266869609334,0.0015220700152207,0.008117706747843734,0.0020294266869609334,0.0,0.0035514967021816335,0.005580923389142567,0.015728056823947234,0.0010147133434804667,0.004058853373921867,0.0010147133434804667,0.0010147133434804667,0.0035514967021816335,0.0035514967021816335,0.0005073566717402334,0.0030441400304414,0.0015220700152207,0.0045662100456621,0.0050735667174023336,0.0,0.0076103500761035,0.010147133434804667,0.0,0.0025367833587011668,0.014713343480466767,0.005580923389142567,0.0010147133434804667,0.0035514967021816335,0.0050735667174023336,0.0010147133434804667,0.0015220700152207,0.0,0.0020294266869609334,0.0005073566717402334,0.0005073566717402334,0.0045662100456621,0.0030441400304414,0.0060882800608828,0.0020294266869609334,0.0,0.0,0.0,0.015220700152207,0.0005073566717402334,0.0015220700152207,0.0050735667174023336,0.011161846778285134,0.0015220700152207,0.0010147133434804667,0.0010147133434804667,0.0,0.0015220700152207,0.0,0.0,0.0015220700152207,0.0010147133434804667,0.0,0.0005073566717402334,0.0005073566717402334,0.0,0.0005073566717402334,0.0015220700152207,0.0,0.0,0.0005073566717402334,0.0005073566717402334,0.0,0.0,0.0,0.0,0.0,0.0015220700152207,0.0015220700152207,0.0030441400304414,0.0,0.0,0.0015220700152207,0.0,0.0010147133434804667,0.0005073566717402334,0.0,0.0005073566717402334,0.0015220700152207,0.0015220700152207,0.0005073566717402334,0.0015220700152207,0.0005073566717402334,0.0005073566717402334,0.0,0.0005073566717402334,0.0010147133434804667,0.0,0.0,0.004058853373921867,0.005580923389142567,0.0,0.0,0.0010147133434804667,0.0,0.0020294266869609334,0.0,0.0,0.0,0.0,0.0,0.0,0.0,0.0,0.0005073566717402334,0.0,0.0,0.0,0.0,0.0,0.0,0.0,0.0,0.0015220700152207,0.0025367833587011668,0.0020294266869609334,0.0010147133434804667,0.0015220700152207,0.0,0.0,0.0,0.0,0.0,0.0,0.0005073566717402334,0.0,0.0,0.0,0.0,0.0005073566717402334,0.0,0.0,0.0005073566717402334,0.0,0.0,0.0005073566717402334,0.0,0.0,0.0005073566717402334,0.0,0.0,0.0,0.0,0.0,0.0,0.0,0.0,0.0,0.0,0.0,0.0,0.0,0.0,0.0,0.0,0.0,0.0,0.0,0.0,0.0,0.0,0.0,0.0005073566717402334,0.0,0.0,0.0,0.0,0.0,0.0,0.0,0.0,0.0,0.0,trotsky
trotsky_dve_tolpy_I.txt,0.002886836027713626,0.0005773672055427252,0.0,0.006928406466512702,0.0011547344110854503,0.0,0.015011547344110854,0.016166281755196306,0.0779445727482679,0.02771362586605081,0.005773672055427252,0.007505773672055427,0.007505773672055427,0.01674364896073903,0.009237875288683603,0.0011547344110854503,0.010392609699769052,0.003464203233256351,0.005196304849884526,0.021362586605080832,0.017321016166281754,0.0040415704387990765,0.0023094688221709007,0.01789838337182448,0.0011547344110854503,0.002886836027713626,0.02367205542725173,0.010969976905311778,0.013856812933025405,0.11200923787528869,0.0005773672055427252,0.0005773672055427252,0.016166281755196306,0.004618937644341801,0.004618937644341801,0.002886836027713626,0.0011547344110854503,0.009815242494226328,0.006351039260969977,0.0011547344110854503,0.010969976905311778,0.02771362586605081,0.02020785219399538,0.0005773672055427252,0.0005773672055427252,0.018475750577367205,0.012702078521939953,0.0040415704387990765,0.004618937644341801,0.0040415704387990765,0.005773672055427252,0.016166281755196306,0.02771362586605081,0.02771362586605081,0.021362586605080832,0.0017321016166281756,0.0,0.03348729792147806,0.0023094688221709007,0.037528868360277134,0.0,0.0017321016166281756,0.0005773672055427252,0.002886836027713626,0.0017321016166281756,0.0011547344110854503,0.002886836027713626,0.0,0.0040415704387990765,0.0011547344110854503,0.0,0.005196304849884526,0.007505773672055427,0.014434180138568129,0.0005773672055427252,0.0023094688221709007,0.0,0.0,0.0023094688221709007,0.003464203233256351,0.0,0.0005773672055427252,0.0040415704387990765,0.009237875288683603,0.004618937644341801,0.0,0.010969976905311778,0.022517321016166283,0.0011547344110854503,0.002886836027713626,0.007505773672055427,0.006928406466512702,0.0,0.0005773672055427252,0.003464203233256351,0.0017321016166281756,0.0011547344110854503,0.0017321016166281756,0.0011547344110854503,0.0017321016166281756,0.0005773672055427252,0.008083140877598153,0.0,0.0017321016166281756,0.0017321016166281756,0.0,0.0,0.0,0.01212471131639723,0.0,0.005773672055427252,0.005196304849884526,0.010392609699769052,0.0005773672055427252,0.002886836027713626,0.0040415704387990765,0.0005773672055427252,0.0,0.0005773672055427252,0.0,0.0,0.0005773672055427252,0.0,0.0,0.0005773672055427252,0.0005773672055427252,0.0,0.0017321016166281756,0.0,0.0,0.0,0.0005773672055427252,0.0005773672055427252,0.0,0.0,0.0,0.0011547344110854503,0.0005773672055427252,0.0017321016166281756,0.0005773672055427252,0.0,0.0005773672055427252,0.0005773672055427252,0.0,0.0,0.0005773672055427252,0.0005773672055427252,0.0005773672055427252,0.0,0.0011547344110854503,0.0,0.0011547344110854503,0.0017321016166281756,0.0023094688221709007,0.0,0.0,0.0005773672055427252,0.0,0.0,0.0,0.0040415704387990765,0.0,0.0,0.0017321016166281756,0.0,0.0005773672055427252,0.0,0.0,0.0,0.0,0.0,0.0,0.0005773672055427252,0.0017321016166281756,0.0005773672055427252,0.0005773672055427252,0.0,0.0005773672055427252,0.0,0.0,0.0,0.0,0.0005773672055427252,0.0017321016166281756,0.0005773672055427252,0.0011547344110854503,0.0011547344110854503,0.0011547344110854503,0.0005773672055427252,0.0005773672055427252,0.0,0.0,0.0,0.0,0.0,0.0,0.0011547344110854503,0.0,0.0,0.0,0.0,0.0005773672055427252,0.0,0.0,0.0,0.0005773672055427252,0.0005773672055427252,0.0005773672055427252,0.0,0.0,0.0,0.0,0.0,0.0,0.0,0.0,0.0,0.0,0.0011547344110854503,0.0011547344110854503,0.0,0.0,0.0,0.0,0.0,0.0,0.0,0.0,0.0,0.0,0.0,0.0,0.0,0.0,0.0,0.0,0.0,0.0,0.0,0.0,0.0005773672055427252,0.0,0.0,trotsky
trotsky_idealisticheskaya_gamma_I.txt,0.0038412291933418692,0.0038412291933418692,0.0038412291933418692,0.016645326504481434,0.029449423815621,0.0012804097311139564,0.011523687580025609,0.015364916773367477,0.07810499359795134,0.015364916773367477,0.0012804097311139564,0.0012804097311139564,0.008962868117797696,0.019206145966709345,0.005121638924455826,0.0012804097311139564,0.010243277848911651,0.0012804097311139564,0.0012804097311139564,0.02176696542893726,0.012804097311139564,0.002560819462227913,0.005121638924455826,0.011523687580025609,0.0,0.0038412291933418692,0.015364916773367477,0.0038412291933418692,0.008962868117797696,0.10499359795134443,0.0,0.0,0.015364916773367477,0.0,0.0012804097311139564,0.0012804097311139564,0.0,0.002560819462227913,0.005121638924455826,0.0012804097311139564,0.010243277848911651,0.04481434058898848,0.026888604353393086,0.0,0.0,0.01792573623559539,0.01792573623559539,0.0,0.0076824583866837385,0.0,0.0038412291933418692,0.014084507042253521,0.03585147247119078,0.029449423815621,0.016645326504481434,0.0,0.0,0.03713188220230474,0.0012804097311139564,0.03201024327784891,0.0,0.0038412291933418692,0.0,0.0,0.002560819462227913,0.0,0.002560819462227913,0.002560819462227913,0.0012804097311139564,0.0012804097311139564,0.0,0.0,0.002560819462227913,0.002560819462227913,0.0,0.0012804097311139564,0.0038412291933418692,0.0012804097311139564,0.0012804097311139564,0.002560819462227913,0.0,0.0038412291933418692,0.0038412291933418692,0.006402048655569782,0.0038412291933418692,0.0,0.008962868117797696,0.015364916773367477,0.0012804097311139564,0.0012804097311139564,0.011523687580025609,0.002560819462227913,0.0,0.0,0.0038412291933418692,0.0038412291933418692,0.0012804097311139564,0.002560819462227913,0.0,0.0012804097311139564,0.0012804097311139564,0.005121638924455826,0.0012804097311139564,0.005121638924455826,0.0012804097311139564,0.0,0.0,0.0,0.012804097311139564,0.0,0.0012804097311139564,0.0076824583866837385,0.012804097311139564,0.0012804097311139564,0.0,0.0,0.0012804097311139564,0.0012804097311139564,0.0012804097311139564,0.0,0.0,0.0,0.002560819462227913,0.0012804097311139564,0.0,0.0,0.0,0.0012804097311139564,0.0,0.0,0.0012804097311139564,0.0,0.0,0.0,0.0,0.0,0.0,0.0,0.002560819462227913,0.0,0.0,0.0,0.0012804097311139564,0.0,0.0,0.0012804097311139564,0.0,0.0012804097311139564,0.0012804097311139564,0.0012804097311139564,0.0,0.0012804097311139564,0.0,0.002560819462227913,0.0,0.0012804097311139564,0.0,0.0,0.0,0.019206145966709345,0.019206145966709345,0.0,0.0,0.002560819462227913,0.0,0.0038412291933418692,0.0,0.0,0.0038412291933418692,0.0012804097311139564,0.0,0.0012804097311139564,0.0,0.0,0.0,0.0038412291933418692,0.0,0.0012804097311139564,0.0,0.0,0.0076824583866837385,0.0,0.0,0.0,0.0038412291933418692,0.0,0.0,0.0038412291933418692,0.0,0.0012804097311139564,0.0,0.0,0.0,0.0,0.0012804097311139564,0.0,0.002560819462227913,0.0012804097311139564,0.0,0.0,0.0,0.0,0.0,0.0,0.0,0.0012804097311139564,0.0,0.0,0.0,0.0,0.0,0.0,0.0012804097311139564,0.0,0.0,0.0,0.0,0.0,0.0,0.0,0.0,0.0,0.0,0.0,0.0,0.0,0.0,0.0,0.0,0.0,0.0,0.0012804097311139564,0.0,0.0,0.0,0.0,0.0,0.0,0.0,0.0,0.0,0.0,0.0,trotsky
trotsky_intellig_dem.txt,0.0016406143189171946,0.0008658797794285193,0.001868477418766805,0.006927038235428154,0.0097069680535934,0.0015950416989472724,0.026067538622795424,0.018730346807637972,0.0875450029622203,0.02073554208631454,0.004876270336781662,0.005651004876270337,0.00902337875404457,0.0132160597912774,0.008203071594585973,0.00505856081666135,0.012805906211548103,0.0016406143189171946,0.005833295356150025,0.018593628947728206,0.012441325251788725,0.0029166476780750124,0.0064713120357289345,0.012578043111698491,0.0005012988196691427,0.003828100077473454,0.021191268286013764,0.010390557353142232,0.018001184888119217,0.09287699949870118,4.557261996992207e-05,0.0003190083397894545,0.0159048443695028,0.005423141776420727,0.003007792918014857,0.00264321195825548,0.007063756095337921,0.008385362074465661,0.0055142870163605705,0.0010937428792781297,0.012213462151939115,0.023014173084810647,0.02989563870026888,0.000638016679578909,0.0011848881192179739,0.01339835027115709,0.018639201567698126,0.0035546643576539216,0.003372373877774233,0.0028710750581050905,0.00528642391651096,0.012851478831518024,0.0369593947956068,0.020826687326254388,0.021236840905983684,0.0018229047987968828,0.0002734357198195324,0.022148293305382125,0.0020963405186164154,0.03367816615777241,4.557261996992207e-05,0.0027799298181652465,0.0017773321788269608,0.00505856081666135,0.003007792918014857,0.002552066718315636,0.0017317595588570386,0.0009114523993984414,0.003326801257804311,0.0020963405186164154,0.0016861869388871166,0.004055963177323064,0.004147108417262908,0.010253839493232466,0.0010937428792781297,0.0035546643576539216,0.0029166476780750124,0.0010481702593082077,0.0029166476780750124,0.003326801257804311,0.0005924440596089869,0.001868477418766805,0.0020507678986464934,0.004830697716811739,0.003190083397894545,0.00041015357972929865,0.008111926354646129,0.018639201567698126,0.0005012988196691427,0.002005195278676571,0.014400947910495374,0.004876270336781662,0.0009570250193683635,0.0029166476780750124,0.005012988196691427,0.00132160597912774,0.0023697762384359477,0.0012304607391878958,0.001367178599097662,0.001367178599097662,0.000638016679578909,0.0055142870163605705,0.0007291619195187531,0.003828100077473454,0.0018229047987968828,0.0001367178599097662,0.0009570250193683635,0.0005924440596089869,0.013854076470856309,0.000638016679578909,0.0023242036184660257,0.006972610855398077,0.00792963587476644,0.0010937428792781297,0.001914050038736727,0.001959622658706649,0.0007747345394886752,0.000638016679578909,0.00022786309984961035,0.0008203071594585973,0.0014127512190675842,0.0011848881192179739,9.114523993984414e-05,0.0018229047987968828,0.0007291619195187531,0.0,0.0005468714396390648,0.0015494690789773504,0.00036458095975937656,0.00022786309984961035,0.0004557261996992207,0.0010025976393382855,0.0001367178599097662,0.00018229047987968828,9.114523993984414e-05,0.0003190083397894545,0.0002734357198195324,0.0005468714396390648,0.0020507678986464934,0.0011848881192179739,0.0001367178599097662,0.0005468714396390648,0.00132160597912774,4.557261996992207e-05,0.0004557261996992207,0.002005195278676571,0.000638016679578909,0.0008203071594585973,0.0004557261996992207,0.0016406143189171946,9.114523993984414e-05,0.00132160597912774,0.0008203071594585973,0.0007291619195187531,0.0001367178599097662,0.0007747345394886752,0.0008203071594585973,4.557261996992207e-05,0.0010481702593082077,0.0011848881192179739,0.0035546643576539216,4.557261996992207e-05,0.0005468714396390648,0.0023697762384359477,0.0001367178599097662,0.0016861869388871166,0.00018229047987968828,0.00022786309984961035,0.0001367178599097662,0.00036458095975937656,0.0002734357198195324,0.0005012988196691427,0.00022786309984961035,0.0010937428792781297,0.0005468714396390648,0.00022786309984961035,0.0001367178599097662,0.0005924440596089869,0.0,0.0,0.00022786309984961035,0.00018229047987968828,0.00018229047987968828,0.000638016679578909,0.0012304607391878958,0.0014583238390375062,0.0009114523993984414,0.0014583238390375062,4.557261996992207e-05,0.0,0.0001367178599097662,4.557261996992207e-05,0.0004557261996992207,9.114523993984414e-05,9.114523993984414e-05,0.0,0.0002734357198195324,4.557261996992207e-05,0.0,0.0005468714396390648,0.0001367178599097662,0.0001367178599097662,9.114523993984414e-05,4.557261996992207e-05,0.00041015357972929865,0.00022786309984961035,4.557261996992207e-05,4.557261996992207e-05,0.0012304607391878958,0.0,4.557261996992207e-05,0.0,0.0,0.0,0.0,0.0,0.0,0.0,0.0,0.0,0.0,4.557261996992207e-05,0.0,0.0,0.0,0.0,0.0,0.0,0.0,0.0,0.0,0.0,0.00018229047987968828,0.0,0.0,0.0,0.0,0.0,0.0,0.0,0.00018229047987968828,0.00018229047987968828,0.0,trotsky
trotsky_k_smerty_parvusa.txt,0.013899613899613899,0.0069498069498069494,0.003861003861003861,0.014671814671814672,0.008494208494208495,0.0,0.020077220077220077,0.02084942084942085,0.07104247104247104,0.012355212355212355,0.006177606177606178,0.011583011583011582,0.015444015444015444,0.018532818532818532,0.014671814671814672,0.013127413127413128,0.013127413127413128,0.0007722007722007722,0.004633204633204633,0.020077220077220077,0.014671814671814672,0.007722007722007722,0.008494208494208495,0.02084942084942085,0.0,0.006177606177606178,0.020077220077220077,0.012355212355212355,0.019305019305019305,0.077992277992278,0.0007722007722007722,0.0007722007722007722,0.02084942084942085,0.006177606177606178,0.003861003861003861,0.0015444015444015444,0.003088803088803089,0.007722007722007722,0.008494208494208495,0.003861003861003861,0.014671814671814672,0.012355212355212355,0.018532818532818532,0.0,0.0007722007722007722,0.012355212355212355,0.016216216216216217,0.0015444015444015444,0.004633204633204633,0.0023166023166023165,0.005405405405405406,0.0069498069498069494,0.026254826254826256,0.020077220077220077,0.011583011583011582,0.0,0.0,0.025482625482625483,0.005405405405405406,0.029343629343629343,0.0,0.0023166023166023165,0.0,0.0015444015444015444,0.0015444015444015444,0.003088803088803089,0.0015444015444015444,0.0,0.0,0.004633204633204633,0.0007722007722007722,0.0015444015444015444,0.010038610038610039,0.011583011583011582,0.0007722007722007722,0.006177606177606178,0.0007722007722007722,0.0015444015444015444,0.004633204633204633,0.0007722007722007722,0.0007722007722007722,0.0,0.0015444015444015444,0.0023166023166023165,0.0023166023166023165,0.0,0.003861003861003861,0.013899613899613899,0.0,0.003088803088803089,0.011583011583011582,0.003861003861003861,0.0015444015444015444,0.0007722007722007722,0.013127413127413128,0.0015444015444015444,0.006177606177606178,0.010038610038610039,0.0,0.0015444015444015444,0.0015444015444015444,0.0015444015444015444,0.0,0.0023166023166023165,0.0015444015444015444,0.0,0.0,0.0,0.007722007722007722,0.0,0.009266409266409266,0.010038610038610039,0.003088803088803089,0.0,0.0,0.003861003861003861,0.0,0.0,0.0,0.0,0.0023166023166023165,0.0015444015444015444,0.0,0.0023166023166023165,0.0007722007722007722,0.0,0.0007722007722007722,0.0023166023166023165,0.0,0.0,0.0,0.0,0.0,0.004633204633204633,0.0007722007722007722,0.0015444015444015444,0.0,0.0,0.0015444015444015444,0.004633204633204633,0.0,0.0007722007722007722,0.0015444015444015444,0.0,0.0,0.0007722007722007722,0.0007722007722007722,0.0,0.0,0.0015444015444015444,0.0,0.0,0.0015444015444015444,0.0007722007722007722,0.0,0.0,0.0,0.0,0.0,0.003861003861003861,0.011583011583011582,0.0023166023166023165,0.0015444015444015444,0.0023166023166023165,0.0,0.0015444015444015444,0.0,0.003088803088803089,0.0023166023166023165,0.0007722007722007722,0.0007722007722007722,0.0007722007722007722,0.0,0.0007722007722007722,0.0015444015444015444,0.004633204633204633,0.0,0.0007722007722007722,0.0,0.0,0.0,0.0,0.0,0.0,0.0007722007722007722,0.0,0.0007722007722007722,0.0023166023166023165,0.0007722007722007722,0.0007722007722007722,0.0,0.0,0.0,0.0,0.0,0.0,0.0,0.0,0.0,0.0,0.0,0.0,0.0,0.0,0.0,0.0,0.0,0.0,0.0,0.0,0.0015444015444015444,0.0,0.0,0.0,0.0,0.0007722007722007722,0.0,0.0,0.0,0.0,0.0,0.0,0.0,0.0,0.0,0.0,0.0,0.0,0.0,0.0,0.0,0.0,0.0015444015444015444,0.0,0.0,0.0,0.0,0.0,0.0,0.0,0.0,0.0,0.0,trotsky
trotsky_kapital_v_opozicii.txt,0.0015004774246351112,0.0004092211158095758,0.00027281407720638383,0.0034101759650797983,0.009684899740826626,0.002455326694857455,0.023462010639749013,0.02059746282908198,0.10967125903696631,0.023325603601145817,0.0046378393125085255,0.00491065338971491,0.0076387941617787475,0.01609603055517665,0.00791160823898513,0.0028645478106670303,0.011867412358477698,0.0019096985404446869,0.004092211158095758,0.012276633474287273,0.011458191242668121,0.0027281407720638386,0.005183467466921293,0.00777520120038194,0.00013640703860319192,0.003137361887873414,0.021552312099304326,0.007502387123175556,0.01609603055517665,0.1046241986086482,0.0004092211158095758,0.00027281407720638383,0.01568680943936707,0.004092211158095758,0.0025917337334606465,0.003137361887873414,0.008320829354794708,0.009002864547810668,0.0061383167371436365,0.0019096985404446869,0.007502387123175556,0.023052789523939434,0.03737552857727459,0.00013640703860319192,0.0006820351930159597,0.009002864547810668,0.015277588323557495,0.004092211158095758,0.003682990042286182,0.0023189196562542628,0.005183467466921293,0.013231482744509616,0.0473332423953076,0.02127949802209794,0.018824171327240485,0.0009548492702223434,0.00013640703860319192,0.02632655845041604,0.0008184422316191515,0.03614786522984586,0.0,0.0013640703860319193,0.0009548492702223434,0.0019096985404446869,0.0012276633474287274,0.0013640703860319193,0.0015004774246351112,0.0008184422316191515,0.004501432273905334,0.0021825126176510706,0.0015004774246351112,0.003273768926476606,0.0027281407720638386,0.009412085663620243,0.0006820351930159597,0.003273768926476606,0.0027281407720638386,0.0008184422316191515,0.0027281407720638386,0.0025917337334606465,0.0009548492702223434,0.0028645478106670303,0.003137361887873414,0.004365025235302141,0.0028645478106670303,0.00013640703860319192,0.010503341972445778,0.019915427636066022,0.00027281407720638383,0.0023189196562542628,0.019369799481653252,0.003955804119492565,0.0015004774246351112,0.00354658300368299,0.003955804119492565,0.001773291501841495,0.0010912563088255353,0.0008184422316191515,0.00027281407720638383,0.00027281407720638383,0.0004092211158095758,0.004365025235302141,0.0004092211158095758,0.003137361887873414,0.0019096985404446869,0.0,0.0,0.0,0.018005729095621335,0.00013640703860319192,0.0027281407720638386,0.006411130814350021,0.010776156049652163,0.0008184422316191515,0.0008184422316191515,0.002455326694857455,0.00027281407720638383,0.0006820351930159597,0.0,0.00013640703860319192,0.001636884463238303,0.0010912563088255353,0.0004092211158095758,0.0010912563088255353,0.0005456281544127677,0.0,0.0006820351930159597,0.0006820351930159597,0.0,0.0,0.0004092211158095758,0.0010912563088255353,0.0,0.0006820351930159597,0.0,0.00027281407720638383,0.0004092211158095758,0.00013640703860319192,0.0012276633474287274,0.0010912563088255353,0.00013640703860319192,0.00027281407720638383,0.00013640703860319192,0.0,0.0010912563088255353,0.001636884463238303,0.0012276633474287274,0.00027281407720638383,0.00013640703860319192,0.0015004774246351112,0.0,0.0012276633474287274,0.0012276633474287274,0.0008184422316191515,0.0,0.0005456281544127677,0.0010912563088255353,0.0,0.00027281407720638383,0.0012276633474287274,0.0010912563088255353,0.0,0.0008184422316191515,0.0015004774246351112,0.00027281407720638383,0.0013640703860319193,0.00027281407720638383,0.0006820351930159597,0.00027281407720638383,0.00027281407720638383,0.0,0.0006820351930159597,0.00027281407720638383,0.0009548492702223434,0.00027281407720638383,0.00027281407720638383,0.00013640703860319192,0.0004092211158095758,0.0,0.0,0.0006820351930159597,0.0,0.0,0.0005456281544127677,0.001773291501841495,0.0008184422316191515,0.0010912563088255353,0.0010912563088255353,0.0,0.0,0.0,0.0,0.00027281407720638383,0.0,0.00027281407720638383,0.0,0.0,0.0,0.0,0.0006820351930159597,0.0,0.0,0.0,0.0,0.0005456281544127677,0.00027281407720638383,0.00013640703860319192,0.00013640703860319192,0.0005456281544127677,0.0,0.0,0.0,0.0,0.0,0.00027281407720638383,0.0,0.0,0.0,0.0,0.0,0.0,0.0,0.0,0.0,0.0,0.0,0.0,0.0,0.0,0.0,0.0,0.0,0.0,0.0,0.0,0.0,0.0,0.0,0.0,0.0,0.0,0.0,0.0,trotsky
trotsky_opekaemoe_studenchestvo_I.txt,0.0029411764705882353,0.0,0.0007352941176470588,0.01838235294117647,0.013235294117647059,0.0029411764705882353,0.019852941176470587,0.011764705882352941,0.06544117647058824,0.016911764705882352,0.005147058823529412,0.0058823529411764705,0.009558823529411765,0.014705882352941176,0.007352941176470588,0.0014705882352941176,0.008823529411764706,0.0007352941176470588,0.003676470588235294,0.0125,0.01838235294117647,0.003676470588235294,0.005147058823529412,0.011764705882352941,0.0,0.0029411764705882353,0.01911764705882353,0.0029411764705882353,0.015441176470588236,0.10441176470588236,0.0,0.0014705882352941176,0.01764705882352941,0.0058823529411764705,0.003676470588235294,0.0029411764705882353,0.005147058823529412,0.004411764705882353,0.007352941176470588,0.0007352941176470588,0.009558823529411765,0.04485294117647059,0.022794117647058822,0.0007352941176470588,0.0007352941176470588,0.02426470588235294,0.01838235294117647,0.008088235294117648,0.0029411764705882353,0.0029411764705882353,0.006617647058823529,0.011029411764705883,0.027205882352941177,0.021323529411764706,0.01911764705882353,0.0,0.0,0.03161764705882353,0.0029411764705882353,0.04411764705882353,0.0,0.0029411764705882353,0.0007352941176470588,0.0,0.0022058823529411764,0.0,0.0,0.0007352941176470588,0.0058823529411764705,0.0007352941176470588,0.0022058823529411764,0.0007352941176470588,0.003676470588235294,0.011764705882352941,0.0,0.0029411764705882353,0.0029411764705882353,0.0007352941176470588,0.0014705882352941176,0.004411764705882353,0.0014705882352941176,0.0014705882352941176,0.004411764705882353,0.0058823529411764705,0.0022058823529411764,0.0022058823529411764,0.007352941176470588,0.019852941176470587,0.0022058823529411764,0.0029411764705882353,0.029411764705882353,0.008088235294117648,0.0,0.0029411764705882353,0.003676470588235294,0.0022058823529411764,0.0007352941176470588,0.0022058823529411764,0.0,0.0007352941176470588,0.0007352941176470588,0.0014705882352941176,0.0007352941176470588,0.0007352941176470588,0.0,0.0,0.0,0.0,0.011029411764705883,0.0,0.0014705882352941176,0.007352941176470588,0.007352941176470588,0.0007352941176470588,0.0014705882352941176,0.0007352941176470588,0.0,0.0,0.0,0.0007352941176470588,0.0,0.0,0.0,0.0007352941176470588,0.0,0.0,0.0007352941176470588,0.0007352941176470588,0.0,0.0,0.0,0.0007352941176470588,0.0007352941176470588,0.0,0.0,0.0,0.0,0.0,0.0022058823529411764,0.0014705882352941176,0.0,0.0,0.0014705882352941176,0.0,0.0,0.004411764705882353,0.0007352941176470588,0.0,0.0,0.0022058823529411764,0.0,0.0,0.0,0.0,0.0,0.0014705882352941176,0.0,0.0,0.0,0.009558823529411765,0.008823529411764706,0.0,0.0,0.004411764705882353,0.0,0.0022058823529411764,0.0,0.0,0.0,0.0007352941176470588,0.0,0.0,0.003676470588235294,0.0,0.0022058823529411764,0.0,0.0007352941176470588,0.0,0.0,0.0007352941176470588,0.0029411764705882353,0.0,0.0007352941176470588,0.0,0.0014705882352941176,0.004411764705882353,0.0014705882352941176,0.0,0.0,0.0,0.0,0.0,0.0,0.0,0.0,0.0,0.0,0.0,0.0,0.0,0.0007352941176470588,0.0,0.0,0.0014705882352941176,0.0,0.0,0.0,0.0,0.0,0.0,0.0,0.0,0.0,0.0,0.0,0.0,0.0,0.0,0.0007352941176470588,0.0,0.0,0.0,0.0,0.0,0.0007352941176470588,0.0007352941176470588,0.0,0.0,0.0,0.0,0.0,0.0,0.0,0.0,0.0,0.0,0.0,0.0,0.0,0.0,0.0,0.0,0.0,trotsky
trotsky_perm_rev.txt,0.006185111552904793,0.00276121051468964,0.005257344819969074,0.013739783521095648,0.010492599955820631,0.0011928429423459245,0.027170311464546057,0.0228407333775127,0.07950077313894412,0.016743980561077978,0.006096752816434725,0.005235255135851558,0.009366026065827258,0.01647890435166777,0.009984537221117739,0.004307488402915839,0.01095648332228849,0.0017229953611663353,0.004042412193505633,0.016611442456372874,0.01533024077755688,0.004130770929975701,0.007157057654075547,0.012436492158162138,0.00039761431411530816,0.003556439142920256,0.019991164126352993,0.010514689639938148,0.01868787276341948,0.08316766070245195,0.0011265738899933731,0.0007068698917605478,0.01464546056991385,0.004815551137618732,0.004594654296443561,0.0026065827258670202,0.005654959134084383,0.006958250497017893,0.004793461453501215,0.0017450850452838524,0.010912303954053458,0.01868787276341948,0.026883145571018334,0.0007952286282306163,0.0005301524188204108,0.014402474044621161,0.019836536337530374,0.003203004197039982,0.00390987408880053,0.0026507620941020544,0.004462116191738458,0.010514689639938148,0.031941683233929756,0.017296222664015905,0.014822178042853988,0.0010823945217583388,0.00015462778882261984,0.015352330461674397,0.002385685884691849,0.03722111773801635,8.835873647006848e-05,0.0025624033576319856,0.0015904572564612327,0.0024298652529268832,0.003556439142920256,0.0024740446211619174,0.0017009056770488182,0.0010161254694057876,0.003887784404683013,0.0033134526176275677,0.0008614976805831676,0.003136735144687431,0.005191075767616523,0.012613209631102275,0.0009498564170532361,0.005014358294676386,0.005301524188204109,0.0011486635741108902,0.0028495692511597086,0.004638833664678595,0.0007510492599955821,0.0013695604152860613,0.003954053457035565,0.007576761652308372,0.003335542301745085,0.00030925557764523967,0.005986304395847139,0.014203666887563507,0.0006406008394079964,0.0027391208305721226,0.014535012149326265,0.004462116191738458,0.0011486635741108902,0.0034901700905677047,0.005632869449966865,0.0019438922023415064,0.006185111552904793,0.005588690081731831,0.0011486635741108902,0.0009719461011707532,0.0007731389441130992,0.0036006185111552903,0.0002650762094102054,0.0034239010382151537,0.002385685884691849,4.417936823503424e-05,4.417936823503424e-05,2.208968411751712e-05,0.010978573006406008,0.0004197039982328253,0.003998232825270598,0.006074663132317208,0.007444223547603269,0.0006185111552904793,0.0012812016788159928,0.0015462778882261983,0.00028716589352772255,0.0003534349458802739,0.0005080627347028938,0.0006185111552904793,0.0012591119946984758,0.0015241882041086812,0.0003534349458802739,0.0015020985199911642,0.00046388336646785953,4.417936823503424e-05,0.0005080627347028938,0.0009719461011707532,0.0002208968411751712,0.00015462778882261984,0.0005964214711729623,0.0008835873647006848,0.0002429865252926883,0.0016125469405787497,0.0013032913629335101,0.00046388336646785953,0.0005301524188204108,0.0002208968411751712,0.002208968411751712,0.0011707532582284073,2.208968411751712e-05,0.0005743317870554451,0.0009277667329357191,0.0,0.0006185111552904793,0.0032250938811574995,0.0007289595758780649,0.0004859730505853766,0.0006406008394079964,0.0018334437817539209,2.208968411751712e-05,0.0010161254694057876,0.0005743317870554451,0.0007731389441130992,6.626905235255136e-05,0.0009498564170532361,0.0010382151535233046,0.0001104484205875856,0.00046388336646785953,0.0024740446211619174,0.008946322067594433,0.0013253810470510272,0.0010603048376408217,0.002231058095869229,0.0001104484205875856,0.0018997128341064723,0.0002650762094102054,0.0009719461011707532,0.0009056770488182019,0.0008173183123481334,0.00046388336646785953,0.0021647890435166775,0.0013916500994035786,0.0005301524188204108,0.000552242102937928,0.0018334437817539209,4.417936823503424e-05,0.0004859730505853766,4.417936823503424e-05,8.835873647006848e-05,0.00015462778882261984,2.208968411751712e-05,0.00046388336646785953,0.0006626905235255136,0.0006626905235255136,0.0030925557764523966,0.0008614976805831676,0.0013253810470510272,0.0006626905235255136,0.00039761431411530816,2.208968411751712e-05,4.417936823503424e-05,0.00030925557764523967,2.208968411751712e-05,0.0006406008394079964,0.0,0.00017671747294013696,4.417936823503424e-05,0.0,0.0001325381047051027,4.417936823503424e-05,0.00019880715705765408,6.626905235255136e-05,0.0001104484205875856,8.835873647006848e-05,0.0001104484205875856,0.0012591119946984758,0.0012591119946984758,0.0006185111552904793,0.0,0.0004417936823503424,6.626905235255136e-05,0.0,2.208968411751712e-05,6.626905235255136e-05,0.0006626905235255136,0.0,6.626905235255136e-05,0.0,0.0,0.0,0.0,0.0,0.0,0.0,2.208968411751712e-05,2.208968411751712e-05,4.417936823503424e-05,0.0,0.0,2.208968411751712e-05,0.0001325381047051027,0.00019880715705765408,0.0,2.208968411751712e-05,0.0,0.0,2.208968411751712e-05,2.208968411751712e-05,0.0,0.0,0.0,0.0,trotsky
trotsky_predisl_nasha_rev.txt,0.009933774834437087,0.0,0.0033112582781456954,0.016556291390728478,0.009933774834437087,0.0,0.0347682119205298,0.016556291390728478,0.08278145695364239,0.023178807947019868,0.004966887417218543,0.0033112582781456954,0.004966887417218543,0.014900662251655629,0.0016556291390728477,0.008278145695364239,0.009933774834437087,0.0016556291390728477,0.0,0.013245033112582781,0.004966887417218543,0.0016556291390728477,0.008278145695364239,0.019867549668874173,0.0,0.0,0.018211920529801324,0.014900662251655629,0.026490066225165563,0.09105960264900662,0.0,0.0016556291390728477,0.006622516556291391,0.008278145695364239,0.0016556291390728477,0.0,0.0033112582781456954,0.008278145695364239,0.004966887417218543,0.0016556291390728477,0.011589403973509934,0.011589403973509934,0.028145695364238412,0.0,0.0,0.009933774834437087,0.019867549668874173,0.0016556291390728477,0.0033112582781456954,0.0033112582781456954,0.009933774834437087,0.004966887417218543,0.028145695364238412,0.028145695364238412,0.03145695364238411,0.0,0.0,0.029801324503311258,0.0033112582781456954,0.0347682119205298,0.0,0.0016556291390728477,0.0016556291390728477,0.0,0.004966887417218543,0.0033112582781456954,0.0016556291390728477,0.0,0.0016556291390728477,0.0016556291390728477,0.0,0.0033112582781456954,0.006622516556291391,0.009933774834437087,0.0016556291390728477,0.0016556291390728477,0.0,0.0,0.0016556291390728477,0.0033112582781456954,0.0,0.0033112582781456954,0.0016556291390728477,0.0016556291390728477,0.006622516556291391,0.0,0.009933774834437087,0.019867549668874173,0.0016556291390728477,0.0033112582781456954,0.018211920529801324,0.008278145695364239,0.0033112582781456954,0.0,0.009933774834437087,0.0016556291390728477,0.004966887417218543,0.006622516556291391,0.0016556291390728477,0.0,0.0,0.004966887417218543,0.0,0.0033112582781456954,0.0,0.0016556291390728477,0.0016556291390728477,0.0,0.008278145695364239,0.0,0.006622516556291391,0.006622516556291391,0.0033112582781456954,0.0,0.0,0.0016556291390728477,0.0016556291390728477,0.0016556291390728477,0.0,0.0,0.0033112582781456954,0.0033112582781456954,0.0,0.0033112582781456954,0.0,0.0,0.0016556291390728477,0.0016556291390728477,0.0,0.0,0.0016556291390728477,0.0,0.0,0.0,0.0,0.0016556291390728477,0.0,0.0033112582781456954,0.0033112582781456954,0.0,0.0,0.0,0.0,0.0,0.0,0.0016556291390728477,0.0,0.0016556291390728477,0.0,0.0016556291390728477,0.0,0.0,0.0,0.0,0.0,0.0,0.0016556291390728477,0.0,0.0,0.0033112582781456954,0.009933774834437087,0.0,0.0,0.006622516556291391,0.0,0.0,0.0,0.0016556291390728477,0.0,0.0033112582781456954,0.0016556291390728477,0.0,0.0,0.0,0.0,0.0016556291390728477,0.0,0.0016556291390728477,0.0,0.0,0.0016556291390728477,0.0,0.0,0.0016556291390728477,0.0,0.0016556291390728477,0.0,0.0,0.0,0.0,0.0,0.0,0.0,0.0,0.0,0.0,0.0033112582781456954,0.0,0.0,0.0,0.0,0.0,0.0,0.0,0.0,0.0,0.0,0.0,0.0,0.0,0.0,0.0,0.0,0.0,0.0,0.0,0.0,0.0,0.0,0.0,0.0,0.0,0.0,0.0,0.0,0.0,0.0,0.0,0.0,0.0,0.0,0.0,0.0,0.0,0.0,0.0,0.0,0.0,0.0,0.0,0.0,0.0,0.0,trotsky
trotsky_prolet_i_rev.txt,0.0008361204013377926,0.0002787068004459309,0.0008361204013377926,0.005295429208472687,0.011705685618729096,0.0011148272017837235,0.027591973244147156,0.023132664437012264,0.0858416945373467,0.022853957636566332,0.00919732441471572,0.005574136008918618,0.008361204013377926,0.012263099219620958,0.007525083612040134,0.0036231884057971015,0.010312151616499442,0.0033444816053511705,0.00641025641025641,0.016164994425863992,0.008918617614269788,0.0039018952062430325,0.005852842809364548,0.010033444816053512,0.0002787068004459309,0.0030657748049052395,0.02508361204013378,0.011705685618729096,0.029821627647714604,0.09782608695652174,0.0002787068004459309,0.0011148272017837235,0.010590858416945374,0.008082497212931996,0.0016722408026755853,0.002229654403567447,0.008361204013377926,0.00975473801560758,0.004738015607580825,0.002787068004459309,0.00947603121516165,0.017279821627647716,0.03205128205128205,0.0002787068004459309,0.0005574136008918618,0.011148272017837236,0.0189520624303233,0.0033444816053511705,0.002787068004459309,0.00975473801560758,0.006131549609810479,0.01254180602006689,0.04124860646599777,0.029542920847268672,0.02564102564102564,0.0005574136008918618,0.0005574136008918618,0.00919732441471572,0.0005574136008918618,0.036510590858416944,0.0,0.0030657748049052395,0.002508361204013378,0.004180602006688963,0.002229654403567447,0.0011148272017837235,0.0011148272017837235,0.0013935340022296545,0.005295429208472687,0.0011148272017837235,0.0011148272017837235,0.004180602006688963,0.004738015607580825,0.013935340022296544,0.0019509476031215162,0.0036231884057971015,0.0019509476031215162,0.0011148272017837235,0.0016722408026755853,0.0036231884057971015,0.0002787068004459309,0.002508361204013378,0.004180602006688963,0.005852842809364548,0.0033444816053511705,0.0,0.006131549609810479,0.014771460423634336,0.0011148272017837235,0.002787068004459309,0.012263099219620958,0.005852842809364548,0.0013935340022296545,0.0030657748049052395,0.007525083612040134,0.0013935340022296545,0.0,0.0005574136008918618,0.0016722408026755853,0.0013935340022296545,0.0005574136008918618,0.002508361204013378,0.0002787068004459309,0.002229654403567447,0.0005574136008918618,0.0,0.0,0.0,0.01588628762541806,0.0,0.002787068004459309,0.004738015607580825,0.010312151616499442,0.0008361204013377926,0.0,0.002508361204013378,0.0005574136008918618,0.0002787068004459309,0.0,0.0,0.0016722408026755853,0.0013935340022296545,0.0002787068004459309,0.0005574136008918618,0.0008361204013377926,0.0002787068004459309,0.0011148272017837235,0.0011148272017837235,0.0005574136008918618,0.0005574136008918618,0.0011148272017837235,0.0011148272017837235,0.0,0.0,0.0002787068004459309,0.0,0.0,0.0,0.0005574136008918618,0.0016722408026755853,0.0,0.0,0.0013935340022296545,0.0,0.0011148272017837235,0.0016722408026755853,0.0008361204013377926,0.0002787068004459309,0.002508361204013378,0.0008361204013377926,0.0,0.0016722408026755853,0.0016722408026755853,0.0013935340022296545,0.0002787068004459309,0.0005574136008918618,0.0005574136008918618,0.0,0.0005574136008918618,0.0,0.0016722408026755853,0.0,0.0011148272017837235,0.0036231884057971015,0.0,0.0002787068004459309,0.0002787068004459309,0.0002787068004459309,0.0002787068004459309,0.0,0.0,0.0,0.0002787068004459309,0.0,0.0002787068004459309,0.0,0.0002787068004459309,0.0002787068004459309,0.0,0.0,0.0,0.0,0.0,0.0016722408026755853,0.0002787068004459309,0.0011148272017837235,0.0,0.0005574136008918618,0.0,0.0,0.0,0.0,0.0,0.0,0.0,0.0,0.0,0.0002787068004459309,0.0,0.0,0.0,0.0,0.0,0.0016722408026755853,0.0,0.0,0.0,0.0,0.0005574136008918618,0.0,0.0,0.0,0.0,0.0,0.0,0.0,0.0,0.0002787068004459309,0.0,0.0,0.0,0.0,0.0,0.0,0.0,0.0,0.0,0.0,0.0,0.0,0.0,0.0,0.0,0.0,0.0,0.0,0.0,0.0,0.0,0.0,0.0,0.0,0.0,trotsky
trotsky_treb_zemtsy.txt,0.0011911852293031567,0.001786777843954735,0.0011911852293031567,0.00714711137581894,0.017272185824895772,0.0008933889219773674,0.01756998213222156,0.014592019058963668,0.08338296605122096,0.02114353782013103,0.005360333531864205,0.0014889815366289458,0.006551518761167362,0.013400833829660513,0.011614055985705777,0.004169148302561048,0.011018463371054199,0.0011911852293031567,0.0026801667659321023,0.019952352590827872,0.017272185824895772,0.0008933889219773674,0.006551518761167362,0.014889815366289458,0.0005955926146515784,0.004169148302561048,0.019952352590827872,0.014592019058963668,0.023823704586063133,0.08933889219773675,0.0,0.0008933889219773674,0.01072066706372841,0.00684931506849315,0.0029779630732578916,0.001786777843954735,0.005062537224538415,0.007742703990470518,0.004764740917212627,0.001786777843954735,0.015783204288266826,0.01756998213222156,0.03126861226920786,0.0008933889219773674,0.0005955926146515784,0.012209648600357356,0.01876116736152472,0.0026801667659321023,0.003871351995235259,0.0026801667659321023,0.004764740917212627,0.011316259678379988,0.03156640857653365,0.016676593210244194,0.016081000595592615,0.001786777843954735,0.0008933889219773674,0.029481834425253126,0.0029779630732578916,0.030077427039904705,0.0,0.002084574151280524,0.002084574151280524,0.003275759380583681,0.0014889815366289458,0.003871351995235259,0.0023823704586063135,0.002084574151280524,0.00684931506849315,0.0008933889219773674,0.001786777843954735,0.0014889815366289458,0.005360333531864205,0.014592019058963668,0.001786777843954735,0.004169148302561048,0.004466944609886838,0.0014889815366289458,0.0011911852293031567,0.006551518761167362,0.002084574151280524,0.005658129839189994,0.005062537224538415,0.004466944609886838,0.004169148302561048,0.0002977963073257892,0.008636092912447886,0.014592019058963668,0.0011911852293031567,0.003275759380583681,0.015187611673615247,0.00357355568790947,0.0011911852293031567,0.005658129839189994,0.004764740917212627,0.00357355568790947,0.0026801667659321023,0.0008933889219773674,0.0002977963073257892,0.0011911852293031567,0.0008933889219773674,0.004764740917212627,0.0014889815366289458,0.004466944609886838,0.0011911852293031567,0.0,0.0002977963073257892,0.0,0.011316259678379988,0.0,0.00357355568790947,0.005955926146515783,0.011018463371054199,0.0002977963073257892,0.0014889815366289458,0.0023823704586063135,0.0005955926146515784,0.0005955926146515784,0.0002977963073257892,0.0008933889219773674,0.0008933889219773674,0.002084574151280524,0.0014889815366289458,0.0,0.0005955926146515784,0.0,0.0014889815366289458,0.0005955926146515784,0.0,0.0002977963073257892,0.0008933889219773674,0.0014889815366289458,0.0002977963073257892,0.0005955926146515784,0.0005955926146515784,0.0,0.0002977963073257892,0.0011911852293031567,0.0011911852293031567,0.0008933889219773674,0.0,0.001786777843954735,0.001786777843954735,0.0,0.0,0.003871351995235259,0.0,0.0,0.0005955926146515784,0.0008933889219773674,0.0,0.0011911852293031567,0.0,0.0005955926146515784,0.0,0.0002977963073257892,0.0011911852293031567,0.0,0.0,0.001786777843954735,0.005062537224538415,0.0002977963073257892,0.0023823704586063135,0.0026801667659321023,0.0002977963073257892,0.001786777843954735,0.0002977963073257892,0.0002977963073257892,0.0005955926146515784,0.0005955926146515784,0.0,0.0002977963073257892,0.0002977963073257892,0.0002977963073257892,0.0002977963073257892,0.0002977963073257892,0.0002977963073257892,0.0011911852293031567,0.0,0.0,0.0002977963073257892,0.0,0.0002977963073257892,0.0005955926146515784,0.001786777843954735,0.0026801667659321023,0.002084574151280524,0.001786777843954735,0.0,0.0002977963073257892,0.0,0.0,0.0,0.0,0.0002977963073257892,0.0,0.0,0.0,0.0,0.0005955926146515784,0.0002977963073257892,0.0,0.0008933889219773674,0.0005955926146515784,0.0005955926146515784,0.0,0.0,0.0,0.0011911852293031567,0.0,0.0,0.0,0.0,0.0,0.0,0.0002977963073257892,0.0008933889219773674,0.0,0.0,0.0,0.0,0.0,0.0,0.0,0.0,0.0,0.0,0.0,0.0,0.0,0.0,0.0,0.0,0.0002977963073257892,0.0,0.0,0.0,0.0,0.0,0.0,0.0,0.0,0.0,trotsky
trotsky_voyna_i_oppoz.txt,0.0011025358324145535,0.0003675119441381845,0.002205071664829107,0.01139287026828372,0.01800808526277104,0.005880191106210952,0.02278574053656744,0.018743109151047408,0.07754502021315693,0.0260933480338111,0.004410143329658214,0.003675119441381845,0.005512679162072767,0.011760382212421904,0.012127894156560088,0.002205071664829107,0.00735023888276369,0.003675119441381845,0.008452774715178243,0.01396545387725101,0.009187798603454611,0.002940095553105476,0.009555310547592797,0.012862918044836457,0.000735023888276369,0.003675119441381845,0.021683204704152886,0.009922822491730982,0.024255788313120176,0.09445056964351341,0.0,0.0011025358324145535,0.01065784638000735,0.008820286659316428,0.0025725836089672913,0.002940095553105476,0.006982726938625505,0.006615214994487321,0.001470047776552738,0.0003675119441381845,0.012862918044836457,0.022418228592429253,0.025358324145534728,0.0,0.000735023888276369,0.014332965821389196,0.01617052554208012,0.001470047776552738,0.005145167217934583,0.0033076074972436605,0.006247703050349137,0.013230429988974642,0.04189636163175303,0.02388827636898199,0.024990812201396546,0.001470047776552738,0.0,0.015435501653803748,0.0025725836089672913,0.03307607497243661,0.0,0.00404263138552003,0.0003675119441381845,0.001470047776552738,0.002205071664829107,0.003675119441381845,0.0011025358324145535,0.001470047776552738,0.004777655273796398,0.001470047776552738,0.0011025358324145535,0.0003675119441381845,0.005145167217934583,0.012495406100698273,0.0,0.0033076074972436605,0.002940095553105476,0.002205071664829107,0.002940095553105476,0.0033076074972436605,0.0,0.002205071664829107,0.002205071664829107,0.008452774715178243,0.0025725836089672913,0.0,0.00808526277104006,0.01800808526277104,0.0003675119441381845,0.002205071664829107,0.008820286659316428,0.005512679162072767,0.001470047776552738,0.002940095553105476,0.008452774715178243,0.0011025358324145535,0.002940095553105476,0.001470047776552738,0.001470047776552738,0.0003675119441381845,0.0,0.0033076074972436605,0.000735023888276369,0.005145167217934583,0.00404263138552003,0.0003675119441381845,0.0,0.0,0.021683204704152886,0.000735023888276369,0.005512679162072767,0.003675119441381845,0.011025358324145534,0.0003675119441381845,0.0003675119441381845,0.0011025358324145535,0.0,0.0,0.0003675119441381845,0.0,0.0011025358324145535,0.0011025358324145535,0.0,0.0003675119441381845,0.000735023888276369,0.0,0.001470047776552738,0.0018375597206909224,0.0,0.0,0.0003675119441381845,0.0,0.0003675119441381845,0.001470047776552738,0.0003675119441381845,0.000735023888276369,0.0003675119441381845,0.0,0.0018375597206909224,0.002205071664829107,0.0,0.000735023888276369,0.0003675119441381845,0.0,0.001470047776552738,0.000735023888276369,0.0,0.0,0.001470047776552738,0.000735023888276369,0.0,0.002205071664829107,0.000735023888276369,0.0,0.0,0.0003675119441381845,0.0,0.0,0.0,0.002205071664829107,0.005512679162072767,0.0003675119441381845,0.000735023888276369,0.004777655273796398,0.0,0.000735023888276369,0.0,0.0003675119441381845,0.0,0.000735023888276369,0.0,0.0018375597206909224,0.000735023888276369,0.0,0.000735023888276369,0.0,0.0,0.0,0.0003675119441381845,0.0,0.0003675119441381845,0.0,0.0,0.000735023888276369,0.0,0.0025725836089672913,0.001470047776552738,0.0033076074972436605,0.0,0.0003675119441381845,0.0,0.0,0.0003675119441381845,0.0,0.0,0.0,0.0003675119441381845,0.0,0.0,0.0,0.0,0.0003675119441381845,0.0003675119441381845,0.0,0.0003675119441381845,0.0003675119441381845,0.0003675119441381845,0.0003675119441381845,0.000735023888276369,0.0,0.0,0.0,0.0,0.0,0.0,0.0,0.0003675119441381845,0.0,0.0,0.0,0.0,0.0,0.0,0.0,0.0,0.0,0.0,0.0,0.0,0.0,0.0,0.0,0.0,0.0003675119441381845,0.0,0.0,0.0,0.0,0.0,0.0,0.0,0.0,0.0,trotsky
zasulich_dobrolubov_I.txt,0.0022727272727272726,0.003125,0.0014204545454545455,0.009943181818181818,0.007386363636363636,0.0008522727272727272,0.017045454545454544,0.017613636363636363,0.05795454545454545,0.01534090909090909,0.007670454545454545,0.004829545454545454,0.012215909090909092,0.017045454545454544,0.01619318181818182,0.004545454545454545,0.014204545454545454,0.002840909090909091,0.004829545454545454,0.01960227272727273,0.01903409090909091,0.003409090909090909,0.009375,0.019886363636363636,0.0002840909090909091,0.004545454545454545,0.023295454545454546,0.013636363636363636,0.026988636363636364,0.08977272727272727,0.0002840909090909091,0.0002840909090909091,0.017897727272727273,0.009375,0.007102272727272727,0.003693181818181818,0.007670454545454545,0.009659090909090909,0.004261363636363636,0.002556818181818182,0.018465909090909092,0.016477272727272726,0.011363636363636364,0.0014204545454545455,0.0005681818181818182,0.01534090909090909,0.016761363636363637,0.0017045454545454545,0.005397727272727273,0.003693181818181818,0.006818181818181818,0.00909090909090909,0.01960227272727273,0.02215909090909091,0.019318181818181818,0.0,0.0002840909090909091,0.029829545454545456,0.0014204545454545455,0.028409090909090908,0.0,0.002556818181818182,0.0011363636363636363,0.002840909090909091,0.003409090909090909,0.005965909090909091,0.002840909090909091,0.0002840909090909091,0.003977272727272727,0.0014204545454545455,0.0008522727272727272,0.0017045454545454545,0.008806818181818181,0.017045454545454544,0.0005681818181818182,0.003977272727272727,0.003125,0.0005681818181818182,0.005397727272727273,0.003977272727272727,0.0019886363636363634,0.0005681818181818182,0.003409090909090909,0.004545454545454545,0.004545454545454545,0.0002840909090909091,0.006534090909090909,0.01875,0.0,0.0017045454545454545,0.005113636363636364,0.005681818181818182,0.0017045454545454545,0.003125,0.006534090909090909,0.002556818181818182,0.003693181818181818,0.003125,0.0002840909090909091,0.0019886363636363634,0.0008522727272727272,0.002840909090909091,0.0,0.002840909090909091,0.0008522727272727272,0.0,0.0,0.0,0.011931818181818182,0.0002840909090909091,0.003977272727272727,0.003125,0.007670454545454545,0.0,0.004261363636363636,0.0019886363636363634,0.0002840909090909091,0.0017045454545454545,0.0011363636363636363,0.0019886363636363634,0.0017045454545454545,0.0019886363636363634,0.0,0.0011363636363636363,0.0005681818181818182,0.0,0.0008522727272727272,0.0017045454545454545,0.0,0.0,0.0005681818181818182,0.0002840909090909091,0.0002840909090909091,0.003977272727272727,0.0008522727272727272,0.0005681818181818182,0.0002840909090909091,0.0,0.0005681818181818182,0.003409090909090909,0.0002840909090909091,0.0005681818181818182,0.0017045454545454545,0.0,0.0011363636363636363,0.003125,0.0014204545454545455,0.0008522727272727272,0.0008522727272727272,0.0022727272727272726,0.0,0.0008522727272727272,0.0005681818181818182,0.0019886363636363634,0.0002840909090909091,0.0002840909090909091,0.0019886363636363634,0.0002840909090909091,0.0005681818181818182,0.0014204545454545455,0.005113636363636364,0.0011363636363636363,0.0005681818181818182,0.0014204545454545455,0.0005681818181818182,0.002840909090909091,0.0,0.0005681818181818182,0.0011363636363636363,0.0002840909090909091,0.0002840909090909091,0.0002840909090909091,0.0005681818181818182,0.0008522727272727272,0.0022727272727272726,0.0017045454545454545,0.0,0.0014204545454545455,0.0,0.0,0.0,0.0,0.0,0.0002840909090909091,0.0008522727272727272,0.0017045454545454545,0.0014204545454545455,0.0005681818181818182,0.0005681818181818182,0.0,0.0002840909090909091,0.0,0.0,0.0,0.0,0.0,0.0002840909090909091,0.0,0.0,0.0,0.0,0.0005681818181818182,0.0002840909090909091,0.0,0.0,0.0005681818181818182,0.0002840909090909091,0.0002840909090909091,0.0,0.0,0.0005681818181818182,0.0,0.0,0.0,0.0,0.0002840909090909091,0.0,0.0,0.0,0.0,0.0,0.0,0.0,0.0,0.0,0.0,0.0,0.0,0.0,0.0,0.0,0.0,0.0002840909090909091,0.0,0.0,0.0,0.0,0.0,0.0,0.0,0.0,0.0,0.0,zasulich
zasulich_mihailovskiy_I.txt,0.0027567195037904893,0.002067539627842867,0.0027567195037904893,0.009648518263266712,0.008270158511371467,0.0013783597518952446,0.024121295658166782,0.022742935906271536,0.0833907649896623,0.014472777394900068,0.0034458993797381117,0.007580978635423846,0.007580978635423846,0.015161957270847692,0.009648518263266712,0.002067539627842867,0.012405237767057202,0.002067539627842867,0.004824259131633356,0.01791867677463818,0.012405237767057202,0.0027567195037904893,0.004824259131633356,0.014472777394900068,0.0013783597518952446,0.0013783597518952446,0.02343211578221916,0.014472777394900068,0.031013094417643005,0.09648518263266713,0.0,0.0006891798759476223,0.014472777394900068,0.006202618883528601,0.005513439007580979,0.0027567195037904893,0.013094417643004824,0.00895933838731909,0.004135079255685734,0.0013783597518952446,0.011026878015161957,0.013094417643004824,0.021364576154376293,0.0,0.0006891798759476223,0.009648518263266712,0.015851137146795313,0.0027567195037904893,0.005513439007580979,0.002067539627842867,0.006891798759476223,0.009648518263266712,0.025499655410062026,0.026878015161957272,0.018607856650585803,0.0006891798759476223,0.0,0.013783597518952447,0.0027567195037904893,0.03997243280496209,0.0,0.004135079255685734,0.0027567195037904893,0.0027567195037904893,0.0006891798759476223,0.0013783597518952446,0.0006891798759476223,0.0013783597518952446,0.0034458993797381117,0.004824259131633356,0.0,0.002067539627842867,0.004135079255685734,0.014472777394900068,0.0,0.006891798759476223,0.006202618883528601,0.0006891798759476223,0.004135079255685734,0.005513439007580979,0.0006891798759476223,0.002067539627842867,0.0034458993797381117,0.006891798759476223,0.0027567195037904893,0.0,0.00895933838731909,0.01722949689869056,0.0,0.0027567195037904893,0.006891798759476223,0.007580978635423846,0.0,0.0027567195037904893,0.006891798759476223,0.002067539627842867,0.0027567195037904893,0.0027567195037904893,0.0013783597518952446,0.0006891798759476223,0.0013783597518952446,0.006891798759476223,0.0,0.002067539627842867,0.0013783597518952446,0.0,0.0,0.0013783597518952446,0.009648518263266712,0.0,0.005513439007580979,0.0034458993797381117,0.006891798759476223,0.0,0.002067539627842867,0.0013783597518952446,0.0,0.0006891798759476223,0.0006891798759476223,0.0027567195037904893,0.002067539627842867,0.0006891798759476223,0.0006891798759476223,0.0,0.0006891798759476223,0.0006891798759476223,0.0013783597518952446,0.0013783597518952446,0.0,0.0,0.0,0.0034458993797381117,0.0,0.0006891798759476223,0.002067539627842867,0.0006891798759476223,0.0006891798759476223,0.0,0.0,0.0006891798759476223,0.0,0.0,0.0013783597518952446,0.0,0.0006891798759476223,0.004135079255685734,0.0,0.0,0.0006891798759476223,0.0013783597518952446,0.0,0.0013783597518952446,0.0013783597518952446,0.0,0.0006891798759476223,0.0006891798759476223,0.0006891798759476223,0.0,0.0013783597518952446,0.0013783597518952446,0.010337698139214336,0.0013783597518952446,0.0,0.0027567195037904893,0.0006891798759476223,0.0027567195037904893,0.0,0.0,0.0006891798759476223,0.0013783597518952446,0.0,0.0,0.0,0.0006891798759476223,0.0006891798759476223,0.002067539627842867,0.0,0.0,0.0,0.0,0.002067539627842867,0.0,0.0,0.002067539627842867,0.0,0.0013783597518952446,0.0,0.0006891798759476223,0.0,0.0013783597518952446,0.0006891798759476223,0.0,0.0,0.0,0.0,0.0,0.0,0.0,0.0,0.0,0.0013783597518952446,0.0,0.0006891798759476223,0.0,0.0,0.0,0.0,0.0,0.0,0.0,0.0013783597518952446,0.0006891798759476223,0.0,0.0,0.0,0.0006891798759476223,0.0,0.0,0.0,0.0,0.0,0.0,0.0,0.0,0.0,0.0,0.0,0.0,0.0,0.0,0.0,0.0,0.0,0.0,0.0,0.0,0.0,0.0,0.0,0.0,0.0,0.0,0.0,zasulich
zasulich_o_chem_govoryat_nam_I.txt,0.005169561621174525,0.00020678246484698098,0.0,0.004755996691480562,0.007444168734491315,0.0010339123242349049,0.02564102564102564,0.01943755169561621,0.06989247311827956,0.020264681555004136,0.007444168734491315,0.01033912324234905,0.008891645988420183,0.015301902398676593,0.01282051282051282,0.0041356492969396195,0.014061207609594707,0.0018610421836228288,0.004342431761786601,0.01881720430107527,0.018610421836228287,0.0041356492969396195,0.007857733664185277,0.009305210918114143,0.00041356492969396195,0.003928866832092638,0.02336641852770885,0.013854425144747726,0.02377998345740281,0.0957402812241522,0.0014474772539288668,0.00020678246484698098,0.015095119933829611,0.005376344086021506,0.007030603804797354,0.0024813895781637717,0.00641025641025641,0.008684863523573201,0.008891645988420183,0.0010339123242349049,0.010132340777502068,0.014061207609594707,0.016542597187758478,0.0016542597187758478,0.0006203473945409429,0.01033912324234905,0.023986765922249794,0.0033085194375516956,0.004549214226633582,0.004549214226633582,0.006823821339950372,0.009511993382961124,0.03784119106699752,0.026054590570719603,0.021712158808933003,0.0010339123242349049,0.0,0.01033912324234905,0.003101736972704715,0.03887510339123242,0.00020678246484698098,0.0024813895781637717,0.003101736972704715,0.004549214226633582,0.0010339123242349049,0.0016542597187758478,0.0016542597187758478,0.0008271298593879239,0.0059966914805624485,0.002688172043010753,0.00041356492969396195,0.003928866832092638,0.003101736972704715,0.014681555004135649,0.0018610421836228288,0.00620347394540943,0.006617038875103391,0.00041356492969396195,0.002688172043010753,0.007650951199338296,0.0010339123242349049,0.0016542597187758478,0.004962779156327543,0.007857733664185277,0.005789909015715467,0.0010339123242349049,0.005376344086021506,0.009305210918114143,0.0008271298593879239,0.004342431761786601,0.006617038875103391,0.004755996691480562,0.0018610421836228288,0.003515301902398677,0.005583126550868486,0.002274607113316791,0.00041356492969396195,0.0006203473945409429,0.003515301902398677,0.0008271298593879239,0.0016542597187758478,0.0033085194375516956,0.0006203473945409429,0.003928866832092638,0.0024813895781637717,0.0,0.0,0.0,0.00847808105872622,0.00041356492969396195,0.0028949545078577337,0.009098428453267164,0.005789909015715467,0.0014474772539288668,0.0,0.003101736972704715,0.0008271298593879239,0.0012406947890818859,0.0014474772539288668,0.0018610421836228288,0.0016542597187758478,0.0028949545078577337,0.00041356492969396195,0.0016542597187758478,0.00020678246484698098,0.0,0.00041356492969396195,0.0012406947890818859,0.00020678246484698098,0.00041356492969396195,0.0008271298593879239,0.0012406947890818859,0.00020678246484698098,0.00041356492969396195,0.00041356492969396195,0.0008271298593879239,0.00020678246484698098,0.0,0.0008271298593879239,0.0018610421836228288,0.0,0.0,0.0012406947890818859,0.0,0.0010339123242349049,0.0024813895781637717,0.0014474772539288668,0.0014474772539288668,0.00041356492969396195,0.002274607113316791,0.0,0.0006203473945409429,0.0012406947890818859,0.0006203473945409429,0.00020678246484698098,0.0006203473945409429,0.0010339123242349049,0.0,0.0020678246484698098,0.00041356492969396195,0.0014474772539288668,0.0,0.0,0.0012406947890818859,0.0006203473945409429,0.00020678246484698098,0.0,0.0006203473945409429,0.0,0.00041356492969396195,0.0,0.0014474772539288668,0.0010339123242349049,0.0008271298593879239,0.0006203473945409429,0.0012406947890818859,0.0,0.0014474772539288668,0.0,0.0,0.0,0.0,0.0,0.00041356492969396195,0.0018610421836228288,0.0020678246484698098,0.0010339123242349049,0.00041356492969396195,0.0,0.0,0.0,0.0,0.00020678246484698098,0.0,0.0,0.0,0.00041356492969396195,0.0,0.0,0.0006203473945409429,0.0,0.00020678246484698098,0.00020678246484698098,0.00041356492969396195,0.00020678246484698098,0.00020678246484698098,0.0,0.0,0.0,0.0,0.00020678246484698098,0.0,0.0,0.0,0.0,0.0,0.0,0.0,0.0,0.0,0.0,0.0,0.0,0.0,0.0,0.0,0.0,0.0,0.0,0.0,0.0,0.0,0.0,0.0,0.00020678246484698098,0.0,0.0,0.0,0.0,0.0,0.0,0.0,0.0,zasulich
zasulich_ocherk_istorii_1internacionala.txt,0.006365926265170597,0.0019235172887565836,0.002381497595603389,0.01726585756812457,0.012640256468971834,0.0025188916876574307,0.02866956720861003,0.02042592168536753,0.07643691321273186,0.02546370506068239,0.007510877032287612,0.0038928326081978477,0.005999542019693153,0.019326768948935195,0.00833524158461186,0.002610487749026792,0.010212960842683765,0.0013281428898557362,0.006228532173116556,0.011999084039386307,0.013327226929242042,0.0034806503320357223,0.004625601099152736,0.010167162811999085,0.00041218227616212505,0.0031600641172429586,0.02610487749026792,0.014975956033890543,0.02711243416533089,0.09246622395237004,0.0005953743989008472,0.0006869704602702084,0.012731852530341195,0.006823906572017403,0.003389054270666361,0.004488207007098695,0.007510877032287612,0.0065033203572246396,0.0049461873139455,0.0006869704602702084,0.009663384474467598,0.017494847721547975,0.02628806961300664,0.0005495763682161667,0.0013281428898557362,0.008884817952828028,0.012411266315548432,0.001969315319441264,0.002885275933134875,0.003205862147927639,0.00737348294023357,0.012548660407602472,0.038699335928555074,0.02376917792534921,0.02060911380810625,0.001144950767117014,0.00013739409205404168,0.007694069155026334,0.0030684680558735974,0.04250057247538356,0.0,0.002198305472864667,0.0027936798717655142,0.004579803068468056,0.0010533547057476529,0.0015113350125944584,0.0014655369819097778,0.0008243645523242501,0.004030226700251889,0.0017861231967025418,0.0014655369819097778,0.005312571559422945,0.0038012365468284865,0.009983970689260362,0.0008701625830089306,0.004350812915044653,0.0042134188229906114,0.002839477902450195,0.0026562857797114725,0.004305014884359973,0.0006411724295855278,0.0016029310739638196,0.0038012365468284865,0.0037096404854591253,0.00407602473093657,0.0005037783375314861,0.005953743989008472,0.011174719487062057,0.0005953743989008472,0.002060911380810625,0.007098694756125487,0.004671399129837417,0.001557133043279139,0.0010991527364323335,0.006091138081062515,0.002702083810396153,0.004259216853675292,0.004442408976414014,0.0007327684909548889,0.0009617586443782918,0.0008243645523242501,0.0021525074421799863,0.00036638424547744445,0.002976871994504236,0.0008243645523242501,0.00013739409205404168,0.0007785665216395695,0.00013739409205404168,0.013693611174719487,0.0005037783375314861,0.0024272956262880695,0.005266773528738264,0.010167162811999085,0.0008701625830089306,0.0008701625830089306,0.002060911380810625,0.00013739409205404168,0.0004579803068468056,0.00027478818410808336,0.0005953743989008472,0.0019235172887565836,0.0012823448591710556,0.0002289901534234028,0.003938630638882528,0.0007785665216395695,0.0,0.00041218227616212505,0.0010991527364323335,9.159606136936111e-05,0.0,0.0007327684909548889,0.0008243645523242501,0.00013739409205404168,0.0025188916876574307,0.00041218227616212505,0.00018319212273872223,0.00041218227616212505,0.00013739409205404168,0.001236546828486375,0.0017403251660178612,4.5798030684680556e-05,0.00036638424547744445,0.0011907487978016944,4.5798030684680556e-05,0.0006411724295855278,0.0016945271353331806,0.0005953743989008472,0.0004579803068468056,0.0005037783375314861,0.001557133043279139,0.0,0.0010533547057476529,0.0009159606136936112,0.0006411724295855278,4.5798030684680556e-05,0.0004579803068468056,0.0011907487978016944,0.0003205862147927639,0.0006411724295855278,0.0010075566750629723,0.009297000228990153,0.0006411724295855278,0.0004579803068468056,0.004991985344630181,9.159606136936111e-05,0.00041218227616212505,0.00013739409205404168,0.0013739409205404168,0.001144950767117014,0.001236546828486375,0.00013739409205404168,0.003389054270666361,0.0016945271353331806,0.0009617586443782918,0.0005495763682161667,0.001144950767117014,0.0,4.5798030684680556e-05,0.0,4.5798030684680556e-05,4.5798030684680556e-05,0.00018319212273872223,9.159606136936111e-05,0.0005495763682161667,0.0006869704602702084,0.0008243645523242501,0.0010533547057476529,0.0008243645523242501,0.00041218227616212505,0.00013739409205404168,0.0002289901534234028,0.0,0.0002289901534234028,0.0,9.159606136936111e-05,0.0,0.0005953743989008472,4.5798030684680556e-05,0.0,0.00041218227616212505,9.159606136936111e-05,0.00013739409205404168,0.00036638424547744445,9.159606136936111e-05,9.159606136936111e-05,9.159606136936111e-05,0.00027478818410808336,0.00027478818410808336,0.00027478818410808336,0.0,0.0003205862147927639,9.159606136936111e-05,0.0,0.0,9.159606136936111e-05,0.00018319212273872223,0.0,9.159606136936111e-05,0.0,0.0,0.0,0.0,0.0,0.0,0.0,0.0,0.0,0.0,0.0,0.0,0.0,4.5798030684680556e-05,0.00018319212273872223,4.5798030684680556e-05,0.0,0.0,0.0,0.0,0.0,0.0,0.00013739409205404168,0.0,0.0,zasulich
zasulich_po_povodu_uprazdneniya_Marx'a.txt,0.0014099069461415547,0.0013159131497321177,0.0062975843594322775,0.010339317605038067,0.009587367233762571,0.0008459441676849328,0.01955070965316289,0.016542908168060907,0.057618197198984866,0.02481436225209136,0.006109596766613403,0.0019738697245981767,0.007801485101983269,0.014569038443462731,0.007895478898392707,0.002537832503054798,0.007801485101983269,0.0015978945389604287,0.004135727042015227,0.018610771689068523,0.019362722060344017,0.003477770467149168,0.006861547137888899,0.01024532380862863,0.00028198138922831093,0.003477770467149168,0.018422784096249648,0.011749224551179622,0.026506250587461228,0.0902340445530595,0.0005639627784566219,0.0014099069461415547,0.015039007425509916,0.0055456339881567816,0.003853745652786916,0.003477770467149168,0.007895478898392707,0.005733621580975656,0.004417708431243538,0.0007519503712754958,0.010339317605038067,0.02274649873108375,0.01767083372497415,0.0003759751856377479,0.0008459441676849328,0.012501174922455118,0.02049064761725726,0.003289782874330294,0.003853745652786916,0.0022558511138264874,0.004511702227652975,0.008459441676849328,0.06344581257636996,0.019362722060344017,0.018610771689068523,0.0021618573174170506,0.00046996898204718486,0.01616693298242316,0.002537832503054798,0.03421374189303506,9.399379640943698e-05,0.0019738697245981767,0.00046996898204718486,0.0019738697245981767,0.0022558511138264874,0.0018798759281887394,0.0015978945389604287,0.00046996898204718486,0.005451640191747344,0.0023498449102359246,0.0023498449102359246,0.004323714634834101,0.003947739449196353,0.013535106682958925,0.0014099069461415547,0.00498167120970016,0.005639627784566219,0.0012219193533226807,0.0028198138922831094,0.006767553341479463,0.0015978945389604287,0.0005639627784566219,0.004229720838424664,0.007519503712754958,0.0074255099163455214,0.00046996898204718486,0.004417708431243538,0.010339317605038067,0.0009399379640943697,0.0035717642635586053,0.003477770467149168,0.004699689820471849,0.0014099069461415547,0.002913807688692546,0.005075665006109596,0.0030078014851019834,0.004511702227652975,0.004605696024062412,0.0012219193533226807,0.0003759751856377479,0.0006579565748660588,0.0020678635210076134,0.0012219193533226807,0.005451640191747344,0.002537832503054798,0.0006579565748660588,0.0005639627784566219,0.0006579565748660588,0.008459441676849328,0.00028198138922831093,0.0022558511138264874,0.005733621580975656,0.008271454084030454,0.0003759751856377479,0.0013159131497321177,0.0030078014851019834,0.0005639627784566219,0.0005639627784566219,0.0005639627784566219,0.0007519503712754958,0.003477770467149168,0.0007519503712754958,0.00028198138922831093,0.002537832503054798,0.0005639627784566219,0.0,0.0011279255569132437,0.0023498449102359246,9.399379640943698e-05,9.399379640943698e-05,0.0010339317605038067,0.00028198138922831093,0.0003759751856377479,0.0015978945389604287,0.0006579565748660588,0.00028198138922831093,9.399379640943698e-05,9.399379640943698e-05,0.0033837766707397313,0.0028198138922831094,9.399379640943698e-05,0.00046996898204718486,0.0010339317605038067,0.0,0.0014099069461415547,0.003665758059968042,0.0006579565748660588,0.0008459441676849328,0.0009399379640943697,0.0023498449102359246,0.0,0.0005639627784566219,0.0012219193533226807,0.0012219193533226807,0.0,0.0007519503712754958,0.0013159131497321177,0.00028198138922831093,0.00018798759281887396,0.00046996898204718486,0.008929410658896512,0.0005639627784566219,0.0005639627784566219,0.0018798759281887394,9.399379640943698e-05,0.0012219193533226807,0.00028198138922831093,0.0010339317605038067,0.0007519503712754958,0.0005639627784566219,0.00028198138922831093,0.0015978945389604287,0.0007519503712754958,0.0017858821317793027,0.0006579565748660588,0.0011279255569132437,0.0005639627784566219,0.0006579565748660588,0.0,9.399379640943698e-05,0.0,0.00018798759281887396,0.0009399379640943697,0.0003759751856377479,0.0017858821317793027,0.00310179528151142,0.0008459441676849328,0.0012219193533226807,0.0006579565748660588,9.399379640943698e-05,0.00028198138922831093,9.399379640943698e-05,0.0,0.0,0.0,0.0,0.0,0.0,0.0,0.00028198138922831093,9.399379640943698e-05,0.0006579565748660588,0.00018798759281887396,0.0003759751856377479,0.00018798759281887396,9.399379640943698e-05,0.0011279255569132437,0.0014099069461415547,0.0005639627784566219,0.0,0.0,0.0,0.0,0.0,0.0006579565748660588,9.399379640943698e-05,0.0005639627784566219,0.00018798759281887396,0.0,0.00404173324560579,0.0013159131497321177,0.0,0.0,0.0,0.0,0.0,0.0,9.399379640943698e-05,0.0,0.0,0.0,0.0,0.0003759751856377479,0.0,9.399379640943698e-05,0.0,0.0,0.0,0.0,0.0010339317605038067,0.0,0.0,0.0,zasulich
zasulich_rev_studenchestvo1_I.txt,0.0,0.0011876484560570072,0.0,0.00831353919239905,0.013064133016627079,0.0011876484560570072,0.021377672209026127,0.020190023752969122,0.09144893111638955,0.030878859857482184,0.004750593824228029,0.0023752969121140144,0.00831353919239905,0.017814726840855107,0.00831353919239905,0.0,0.009501187648456057,0.0023752969121140144,0.0023752969121140144,0.0166270783847981,0.009501187648456057,0.0023752969121140144,0.0035629453681710215,0.0059382422802850355,0.0,0.0035629453681710215,0.022565320665083134,0.011876484560570071,0.027315914489311165,0.10926365795724466,0.0,0.0,0.013064133016627079,0.0059382422802850355,0.004750593824228029,0.0035629453681710215,0.00831353919239905,0.007125890736342043,0.004750593824228029,0.0,0.0059382422802850355,0.028503562945368172,0.028503562945368172,0.0,0.0011876484560570072,0.013064133016627079,0.015439429928741092,0.0035629453681710215,0.0011876484560570072,0.0,0.0059382422802850355,0.015439429928741092,0.03681710213776722,0.030878859857482184,0.026128266033254157,0.0011876484560570072,0.0011876484560570072,0.027315914489311165,0.0011876484560570072,0.028503562945368172,0.0,0.0011876484560570072,0.0011876484560570072,0.0,0.0,0.0023752969121140144,0.0,0.0023752969121140144,0.0023752969121140144,0.0,0.0011876484560570072,0.0035629453681710215,0.0011876484560570072,0.014251781472684086,0.0,0.0011876484560570072,0.0023752969121140144,0.004750593824228029,0.0,0.0023752969121140144,0.0,0.0011876484560570072,0.0011876484560570072,0.00831353919239905,0.0011876484560570072,0.0,0.004750593824228029,0.022565320665083134,0.0023752969121140144,0.0011876484560570072,0.027315914489311165,0.0035629453681710215,0.0059382422802850355,0.0,0.0059382422802850355,0.0023752969121140144,0.0035629453681710215,0.0,0.0023752969121140144,0.0,0.0011876484560570072,0.004750593824228029,0.0,0.004750593824228029,0.004750593824228029,0.0,0.0,0.0,0.010688836104513063,0.0,0.0023752969121140144,0.0059382422802850355,0.004750593824228029,0.0,0.0011876484560570072,0.0,0.0,0.0,0.0,0.0,0.0011876484560570072,0.0,0.0,0.0023752969121140144,0.0,0.0,0.0023752969121140144,0.0011876484560570072,0.0,0.0,0.0,0.0,0.0,0.0,0.0,0.0,0.0,0.0,0.0011876484560570072,0.0,0.0,0.0,0.0011876484560570072,0.0,0.0011876484560570072,0.0011876484560570072,0.0011876484560570072,0.0,0.0011876484560570072,0.0011876484560570072,0.0011876484560570072,0.0,0.0,0.0035629453681710215,0.0,0.0,0.0011876484560570072,0.0,0.0011876484560570072,0.0,0.004750593824228029,0.0011876484560570072,0.0,0.0,0.0,0.0059382422802850355,0.0,0.0011876484560570072,0.0023752969121140144,0.0,0.0,0.0,0.0,0.0,0.0011876484560570072,0.0,0.0,0.0,0.0,0.0,0.0,0.0,0.0,0.0,0.0023752969121140144,0.0,0.0,0.0011876484560570072,0.0,0.0,0.0,0.0,0.0,0.0,0.0011876484560570072,0.0,0.0,0.0,0.0,0.0023752969121140144,0.0,0.0,0.0,0.0,0.0011876484560570072,0.0,0.0,0.0,0.0,0.0,0.0,0.0,0.0,0.0,0.0,0.0,0.0,0.0,0.0,0.0011876484560570072,0.0011876484560570072,0.0,0.0,0.0,0.0,0.0,0.0,0.0,0.0,0.0,0.0,0.0,0.0,0.0,0.0,0.0,0.0,0.0,0.0,0.0,0.0,0.0,0.0,zasulich
zasulich_rev_studenchestvo2_I.txt,0.0009193993257738277,0.0006129328838492185,0.0,0.006742261722341404,0.006742261722341404,0.0,0.0199203187250996,0.018081520073551946,0.0665032178976402,0.023291449586270302,0.005209929512718358,0.006129328838492185,0.01225865767698437,0.014403922770456636,0.010419859025436715,0.00398406374501992,0.01225865767698437,0.0018387986515476554,0.006435795280416794,0.021759117376647256,0.01930738584125038,0.0018387986515476554,0.008887526815813668,0.015016855654305853,0.0009193993257738277,0.004290530186944529,0.0199203187250996,0.01225865767698437,0.022065583818571866,0.0959239963224027,0.00030646644192460924,0.00030646644192460924,0.01593625498007968,0.00796812749003984,0.00398406374501992,0.00398406374501992,0.006435795280416794,0.013178057002758198,0.006129328838492185,0.0018387986515476554,0.015323322096230463,0.025436714679742567,0.01562978853815507,0.0009193993257738277,0.00030646644192460924,0.012871590560833588,0.02083971805087343,0.001225865767698437,0.0030646644192460926,0.002451731535396874,0.0058228623965675755,0.005209929512718358,0.046582899172540604,0.02451731535396874,0.0199203187250996,0.00030646644192460924,0.0,0.01961385228317499,0.002451731535396874,0.02819491265706405,0.0,0.003371130861170702,0.0018387986515476554,0.0030646644192460926,0.0030646644192460926,0.003371130861170702,0.0027581979773214833,0.0009193993257738277,0.004290530186944529,0.003371130861170702,0.0,0.0018387986515476554,0.005209929512718358,0.007355194606190622,0.003371130861170702,0.0058228623965675755,0.0027581979773214833,0.0021452650934722646,0.003371130861170702,0.004290530186944529,0.0009193993257738277,0.0015323322096230463,0.004903463070793748,0.0055163959546429666,0.006435795280416794,0.0006129328838492185,0.006129328838492185,0.015323322096230463,0.0027581979773214833,0.0015323322096230463,0.009806926141587496,0.006435795280416794,0.001225865767698437,0.001225865767698437,0.009193993257738278,0.0018387986515476554,0.003371130861170702,0.0009193993257738277,0.0015323322096230463,0.0006129328838492185,0.0009193993257738277,0.0021452650934722646,0.0,0.006435795280416794,0.0015323322096230463,0.00030646644192460924,0.00030646644192460924,0.00030646644192460924,0.010419859025436715,0.00030646644192460924,0.005209929512718358,0.004290530186944529,0.006129328838492185,0.00030646644192460924,0.0018387986515476554,0.004596996628869139,0.0006129328838492185,0.0006129328838492185,0.0,0.0,0.002451731535396874,0.001225865767698437,0.0009193993257738277,0.0015323322096230463,0.0,0.0,0.0009193993257738277,0.0018387986515476554,0.00030646644192460924,0.0,0.0,0.0009193993257738277,0.0009193993257738277,0.00030646644192460924,0.00030646644192460924,0.00030646644192460924,0.00030646644192460924,0.0,0.00030646644192460924,0.0027581979773214833,0.0,0.00030646644192460924,0.0015323322096230463,0.0,0.00030646644192460924,0.0018387986515476554,0.0006129328838492185,0.001225865767698437,0.0,0.0018387986515476554,0.00030646644192460924,0.0015323322096230463,0.0015323322096230463,0.002451731535396874,0.0,0.0006129328838492185,0.001225865767698437,0.0,0.0006129328838492185,0.00030646644192460924,0.004596996628869139,0.0,0.0,0.0009193993257738277,0.0,0.0021452650934722646,0.0,0.001225865767698437,0.0,0.0009193993257738277,0.0,0.00030646644192460924,0.0006129328838492185,0.001225865767698437,0.0018387986515476554,0.00030646644192460924,0.0,0.0006129328838492185,0.0,0.0,0.0,0.00030646644192460924,0.0,0.0006129328838492185,0.0027581979773214833,0.00398406374501992,0.00030646644192460924,0.002451731535396874,0.0,0.0,0.0,0.0,0.0,0.0,0.0,0.0,0.0,0.00030646644192460924,0.0,0.00030646644192460924,0.0,0.00030646644192460924,0.00030646644192460924,0.00030646644192460924,0.00030646644192460924,0.0,0.00030646644192460924,0.00030646644192460924,0.0,0.0,0.0,0.0,0.0,0.0,0.0,0.0006129328838492185,0.0,0.0,0.0,0.0,0.00030646644192460924,0.0,0.0,0.0,0.0,0.0,0.0,0.0,0.0,0.0,0.0,0.0,0.0,0.0,0.0,0.0,0.00030646644192460924,0.0,0.0,0.0,0.00030646644192460924,0.0,0.0,zasulich
zasulich_vystrel_Karpovicha_I.txt,0.002041510717931269,0.0,0.0,0.005784280367471929,0.00918679823069071,0.0013610071452875127,0.02109561075195645,0.01497107859816264,0.0639673358285131,0.02041510717931269,0.007145287512759442,0.005784280367471929,0.00952705001701259,0.015991833957128276,0.013610071452875128,0.004083021435862538,0.00918679823069071,0.003062266076896904,0.006464783940115686,0.01735284110241579,0.01905410003402518,0.001701258931609391,0.012249064307587616,0.019734603606668934,0.0003402517863218782,0.003062266076896904,0.021435862538278325,0.013950323239197007,0.029261653623681525,0.09424974481116026,0.0010207553589656345,0.0013610071452875127,0.01122830894862198,0.009867301803334467,0.006464783940115686,0.003402517863218782,0.009867301803334467,0.008846546444368834,0.006124532153793808,0.0013610071452875127,0.015651582170806397,0.012589316093909493,0.013269819666553249,0.0006805035726437564,0.0003402517863218782,0.011908812521265737,0.017693092888737667,0.002041510717931269,0.006464783940115686,0.003062266076896904,0.00952705001701259,0.010547805375978225,0.030622660768969037,0.024157876828853352,0.021776114324600204,0.0013610071452875127,0.0003402517863218782,0.011568560734943858,0.005784280367471929,0.033004423273222186,0.0,0.0023817625042531474,0.002041510717931269,0.0027220142905750254,0.0027220142905750254,0.0023817625042531474,0.003062266076896904,0.0006805035726437564,0.006124532153793808,0.0027220142905750254,0.0003402517863218782,0.003062266076896904,0.006464783940115686,0.01497107859816264,0.0023817625042531474,0.001701258931609391,0.003402517863218782,0.001701258931609391,0.0023817625042531474,0.004083021435862538,0.0010207553589656345,0.0006805035726437564,0.004083021435862538,0.006124532153793808,0.004083021435862538,0.0010207553589656345,0.006464783940115686,0.015311330384484519,0.0010207553589656345,0.003062266076896904,0.009867301803334467,0.006124532153793808,0.0023817625042531474,0.003062266076896904,0.004423273222184417,0.003402517863218782,0.0027220142905750254,0.0010207553589656345,0.002041510717931269,0.0023817625042531474,0.002041510717931269,0.004423273222184417,0.0006805035726437564,0.0027220142905750254,0.0006805035726437564,0.0,0.0,0.0,0.014630826811840763,0.0003402517863218782,0.0023817625042531474,0.005784280367471929,0.012249064307587616,0.0013610071452875127,0.0013610071452875127,0.0027220142905750254,0.0013610071452875127,0.0,0.0013610071452875127,0.001701258931609391,0.003402517863218782,0.0027220142905750254,0.0006805035726437564,0.0013610071452875127,0.001701258931609391,0.0,0.0013610071452875127,0.002041510717931269,0.0,0.0003402517863218782,0.0003402517863218782,0.0010207553589656345,0.0,0.0003402517863218782,0.0010207553589656345,0.0006805035726437564,0.0,0.0,0.0003402517863218782,0.002041510717931269,0.0,0.0006805035726437564,0.0006805035726437564,0.0,0.0013610071452875127,0.0027220142905750254,0.0,0.0023817625042531474,0.0003402517863218782,0.0003402517863218782,0.0,0.001701258931609391,0.0006805035726437564,0.0013610071452875127,0.0,0.0010207553589656345,0.002041510717931269,0.0,0.0006805035726437564,0.0006805035726437564,0.0027220142905750254,0.0003402517863218782,0.0006805035726437564,0.0006805035726437564,0.0003402517863218782,0.001701258931609391,0.0,0.0,0.0,0.0010207553589656345,0.0003402517863218782,0.0006805035726437564,0.0010207553589656345,0.0013610071452875127,0.002041510717931269,0.0003402517863218782,0.0,0.0013610071452875127,0.0,0.0,0.0,0.0,0.0003402517863218782,0.0003402517863218782,0.0010207553589656345,0.0023817625042531474,0.0013610071452875127,0.002041510717931269,0.0,0.0,0.0003402517863218782,0.0003402517863218782,0.0,0.0,0.0,0.0,0.0003402517863218782,0.0,0.0,0.0,0.0,0.0,0.0006805035726437564,0.0,0.0,0.0003402517863218782,0.0,0.0,0.0,0.0,0.0,0.0,0.0,0.0,0.0,0.0,0.0,0.0,0.0,0.0,0.0,0.0,0.0,0.0,0.0,0.0,0.0,0.0,0.0,0.0,0.0,0.0,0.0003402517863218782,0.0,0.0,0.0,0.0,0.0,0.0,0.0,0.0,0.0,0.0,zasulich
