chunk_id,author,а,будет,бы,была,были,было,быть,в,во,вопрос,время,все,всего,дело,для,его,ее,если,есть,еще,же,за,и,из,или,им,их,к,как,когда,которые,лишь,между,может,можно,на,не,нет,ни,но,о,об,он,она,они,от,очень,по,под,при,с,своей,своих,себе,себя,так,тем,то,того,только,том,у,чем,что,чтобы,эти,это,этого,этой,этом,я,без,до,именно,ли,оно,потому,уже,более,всех,г,демократии,партии,против,социал,т,борьбы,даже,рабочих,россии,со,теперь,был,этот,мы,нас,нам,пролетариата,политической,революции
krupskaya_k_voposu_o_shkole.txt_chunk1,krupskaya,3,1,4,1,2,2,3,28,1,1,1,2,1,4,3,9,2,8,1,3,3,1,34,2,3,4,2,6,5,2,1,3,3,3,1,10,20,1,1,8,10,1,15,1,3,4,4,5,1,1,9,1,2,2,2,2,3,6,3,2,2,2,3,10,6,1,6,2,5,2,5,0,0,0,0,0,0,0,0,0,0,0,0,0,0,0,0,0,0,0,0,0,0,0,0,0,0,0,0,0
krupskaya_k_voposu_o_shkole.txt_chunk2,krupskaya,3.5046728971962615,7.009345794392523,2.336448598130841,0,0,0,5.841121495327102,35.046728971962615,1.1682242990654206,0,2.336448598130841,7.009345794392523,0,3.5046728971962615,1.1682242990654206,1.1682242990654206,1.1682242990654206,2.336448598130841,0,1.1682242990654206,3.5046728971962615,1.1682242990654206,37.38317757009346,3.5046728971962615,3.5046728971962615,2.336448598130841,15.186915887850468,15.186915887850468,8.177570093457943,0,1.1682242990654206,3.5046728971962615,2.336448598130841,3.5046728971962615,1.1682242990654206,10.514018691588785,8.177570093457943,0,0,3.5046728971962615,2.336448598130841,0,5.841121495327102,7.009345794392523,4.672897196261682,1.1682242990654206,4.672897196261682,5.841121495327102,0,3.5046728971962615,11.682242990654204,0,1.1682242990654206,2.336448598130841,1.1682242990654206,1.1682242990654206,1.1682242990654206,5.841121495327102,3.5046728971962615,3.5046728971962615,0,2.336448598130841,2.336448598130841,7.009345794392523,3.5046728971962615,0,12.850467289719626,1.1682242990654206,2.336448598130841,3.5046728971962615,1.1682242990654206,1.1682242990654206,1.1682242990654206,1.1682242990654206,1.1682242990654206,1.1682242990654206,2.336448598130841,2.336448598130841,0,0,0,0,0,0,0,0,0,0,0,0,0,0,0,0,0,0,0,0,0,0
krupskaya_merged__iskre.txt_hihsya.txt_chenie.txt,krupskaya,7.278020378457059,5.822416302765648,8.73362445414847,1.455604075691412,0,1.455604075691412,2.911208151382824,26.200873362445414,1.455604075691412,0,1.455604075691412,5.822416302765648,1.455604075691412,2.911208151382824,1.455604075691412,1.455604075691412,8.73362445414847,1.455604075691412,1.455604075691412,1.455604075691412,2.911208151382824,5.822416302765648,36.390101892285294,4.366812227074235,0,4.366812227074235,2.911208151382824,8.73362445414847,14.556040756914118,1.455604075691412,0,1.455604075691412,1.455604075691412,2.911208151382824,1.455604075691412,13.100436681222707,5.822416302765648,0,0,4.366812227074235,2.911208151382824,0,11.644832605531295,1.455604075691412,4.366812227074235,1.455604075691412,0,5.822416302765648,0,1.455604075691412,23.28966521106259,0,0,0,0,4.366812227074235,1.455604075691412,0,2.911208151382824,4.366812227074235,0,0,1.455604075691412,4.366812227074235,4.366812227074235,2.911208151382824,5.822416302765648,4.366812227074235,1.455604075691412,2.911208151382824,2.911208151382824,2.911208151382824,1.455604075691412,0,0,0,0,1.455604075691412,1.455604075691412,1.455604075691412,1.455604075691412,1.455604075691412,1.455604075691412,1.455604075691412,1.455604075691412,1.455604075691412,0,0,0,0,0,0,0,0,0,0,0,0,0,0
krupskaya_o_staroy_iskre.txt_chunk1,krupskaya,2,2,8,5,2,2,0,34,1,0,1,6,3,0,3,1,3,4,1,1,1,12,20,6,0,0,2,7,5,1,1,0,0,1,0,10,16,0,0,4,5,1,6,6,5,1,0,7,0,1,22,3,0,1,2,0,0,1,0,2,6,1,1,9,1,0,0,2,1,0,0,3,1,2,1,0,0,0,0,3,1,2,5,1,4,0,9,1,10,7,1,1,0,0,0,0,0,0,0,0
krupskaya_samoubiystva_uchashihsya.txt_chunk1,krupskaya,8,0,2,0,3,2,0,45,1,3,4,2,1,0,3,4,5,3,0,2,4,5,28,3,5,0,6,5,9,3,0,5,0,2,0,15,26,1,1,5,7,1,2,3,1,2,0,7,0,0,12,0,0,5,2,8,1,9,1,5,4,1,1,23,5,1,5,0,1,2,0,0,3,0,2,0,4,0,3,1,6,0,0,0,0,1,0,0,0,0,3,0,1,0,0,0,0,0,0,0
krupskaya_samoubiystva_uchashihsya.txt_chunk2,krupskaya,7,4,3,0,0,0,12,28,2,0,1,6,1,1,1,9,1,0,0,0,1,3,35,1,4,1,4,10,5,1,1,2,3,4,0,10,14,1,1,8,9,1,12,3,2,5,0,4,1,2,21,0,3,5,1,3,4,3,2,8,1,2,0,7,7,0,7,2,1,4,0,0,0,0,0,0,1,1,2,0,0,0,0,0,0,0,0,0,0,0,0,1,0,2,0,0,0,0,0,0
krupskaya_shkolnie_kolonii.txt_chunk1,krupskaya,6.443298969072164,0,19.329896907216497,0,0,1.288659793814433,0,38.659793814432994,0,0,1.288659793814433,2.577319587628866,0,2.577319587628866,18.04123711340206,0,0,2.577319587628866,0,1.288659793814433,5.154639175257732,5.154639175257732,45.103092783505154,2.577319587628866,0,0,3.865979381443299,0,3.865979381443299,0,1.288659793814433,3.865979381443299,1.288659793814433,0,1.288659793814433,10.309278350515465,16.75257731958763,2.577319587628866,0,10.309278350515465,3.865979381443299,2.577319587628866,0,1.288659793814433,3.865979381443299,1.288659793814433,0,5.154639175257732,1.288659793814433,2.577319587628866,9.02061855670103,0,1.288659793814433,0,5.154639175257732,2.577319587628866,0,2.577319587628866,2.577319587628866,5.154639175257732,0,3.865979381443299,1.288659793814433,3.865979381443299,1.288659793814433,1.288659793814433,2.577319587628866,1.288659793814433,0,3.865979381443299,0,0,2.577319587628866,0,3.865979381443299,2.577319587628866,1.288659793814433,1.288659793814433,1.288659793814433,1.288659793814433,0,0,0,0,0,2.577319587628866,0,2.577319587628866,1.288659793814433,0,0,0,0,0,2.577319587628866,2.577319587628866,0,0,0,0
krupskaya_sovmestnoe_obuchenie.txt_chunk1,krupskaya,5,3,1,0,0,1,3,26,0,12,0,1,3,1,2,4,1,3,1,0,2,1,43,1,5,0,3,7,7,2,1,1,12,5,0,23,14,0,0,0,9,1,1,1,1,2,2,3,1,5,8,0,1,1,0,8,1,8,1,0,1,2,3,11,3,4,2,0,1,2,0,1,1,0,6,1,1,5,3,0,7,0,0,0,0,1,0,2,0,0,0,0,0,3,4,0,0,0,0,0
krupskaya_sovmestnoe_obuchenie.txt_chunk2,krupskaya,9,5,6,0,0,0,6,29,4,3,0,5,1,1,2,6,3,1,0,1,2,2,39,5,5,1,4,10,9,2,0,0,1,8,2,15,18,2,0,9,5,2,11,3,2,5,3,2,0,5,9,1,2,2,1,2,2,6,1,4,0,1,2,14,3,2,5,5,2,4,0,0,0,0,7,0,0,1,0,2,6,0,0,1,0,3,0,0,0,0,0,0,1,0,0,0,1,0,0,0
krupskaya_sovmestnoe_obuchenie.txt_chunk3,krupskaya,5,0,3,0,0,1,3,36,1,4,0,1,1,1,3,4,1,3,0,2,3,3,27,2,5,1,2,6,7,3,2,3,1,5,0,8,16,2,0,8,10,1,7,2,4,3,0,2,0,2,12,1,0,0,0,4,1,2,5,1,2,6,6,17,5,2,2,1,1,2,7,1,0,1,3,1,2,1,1,0,2,0,0,2,0,1,1,2,0,0,0,0,1,2,1,0,0,0,0,0
krupskaya_zhenshina_rabotnitsa.txt_chunk1,krupskaya,5,0,1,0,0,0,0,39,1,0,0,0,0,1,2,3,5,1,2,4,3,4,36,5,2,0,1,1,7,0,2,2,1,1,1,24,14,1,3,0,1,2,5,6,0,7,1,3,0,0,10,0,1,1,2,2,1,3,2,6,1,6,3,11,2,2,1,1,3,1,0,1,0,0,3,0,2,0,0,1,0,0,0,0,0,3,0,0,1,1,0,1,0,0,4,1,0,2,0,0
krupskaya_zhenshina_rabotnitsa.txt_chunk2,krupskaya,7,1,1,0,0,0,0,49,2,0,6,3,1,0,2,2,3,3,1,4,8,4,43,0,3,1,2,4,8,1,0,4,1,3,0,23,14,3,1,7,2,0,3,7,3,4,2,3,0,2,11,0,0,1,3,6,1,6,0,3,0,4,5,13,5,0,2,1,0,0,0,0,4,0,1,0,1,2,3,1,2,0,0,0,0,0,0,1,0,1,1,0,0,2,0,0,0,0,0,0
krupskaya_zhenshina_rabotnitsa.txt_chunk3,krupskaya,9,13,1,0,0,5,1,20,3,0,1,13,1,5,4,2,1,0,2,0,2,10,30,4,1,9,8,1,10,2,3,2,2,1,0,18,24,1,8,5,11,0,4,1,13,5,0,4,1,1,5,2,2,2,4,6,4,1,4,2,4,4,4,17,16,1,6,1,1,0,0,2,0,0,0,2,2,1,0,6,1,0,1,1,0,0,1,0,11,0,0,5,0,0,0,0,0,0,0,0
krupskaya_zhenshina_rabotnitsa.txt_chunk4,krupskaya,2,4,3,2,0,1,0,41,4,0,2,7,0,6,1,2,4,4,2,1,3,12,37,2,1,3,5,5,8,1,1,1,1,1,0,20,22,2,3,6,3,1,3,17,7,6,3,5,0,1,8,1,3,2,0,2,1,4,2,6,0,0,3,18,6,0,4,1,0,0,0,4,2,0,2,0,1,4,0,4,2,0,1,0,0,0,1,1,2,6,0,0,0,0,0,0,0,0,3,0
krupskaya_zhenshina_rabotnitsa.txt_chunk5,krupskaya,7,0,0,1,2,2,4,35,2,0,0,5,0,3,3,3,7,4,0,3,9,2,41,1,3,2,3,4,8,2,0,3,3,8,0,20,23,2,3,3,3,0,2,12,5,7,1,8,1,6,9,0,0,2,6,3,1,4,2,2,2,1,5,16,1,2,6,1,0,0,0,2,0,0,2,0,2,0,2,2,1,0,0,0,0,3,0,1,4,0,0,0,0,2,3,0,0,0,0,0
krupskaya_zhenshina_rabotnitsa.txt_chunk6,krupskaya,6,2,5,0,0,1,2,41,1,0,0,4,1,3,2,3,2,5,1,1,6,11,36,1,3,3,1,4,17,5,2,2,0,5,1,7,25,4,2,5,8,0,1,5,2,5,3,1,1,3,8,1,4,2,0,5,0,6,3,7,3,4,2,19,2,1,3,2,0,0,1,4,2,0,2,1,1,1,0,2,1,0,0,0,0,1,1,2,1,1,1,2,0,0,4,1,0,0,0,0
krupskaya_zhenshina_rabotnitsa.txt_chunk7,krupskaya,7,3,3,1,1,2,0,25,1,0,4,6,1,2,5,4,5,4,1,4,5,3,36,2,3,0,4,7,5,3,1,1,1,3,3,25,26,2,4,6,7,1,1,9,5,4,2,2,1,6,11,2,4,1,1,4,1,6,2,2,3,3,3,17,6,2,4,0,0,1,0,1,3,0,0,0,1,2,0,0,0,0,0,0,0,1,0,1,3,0,0,1,0,0,3,0,0,0,0,0
krupskaya_zhenshina_rabotnitsa.txt_chunk8,krupskaya,3,4,4,1,2,0,2,34,1,0,5,10,0,1,6,2,14,1,0,1,5,6,38,4,1,3,8,10,9,1,1,1,0,9,2,21,15,2,3,2,2,0,1,16,8,2,2,3,0,1,18,0,3,0,1,5,0,6,6,4,3,3,1,22,6,1,7,1,1,0,0,2,0,0,0,0,2,0,1,3,0,0,0,1,0,0,1,0,2,0,0,0,0,0,2,0,0,0,1,0
krupskaya_zhenshina_rabotnitsa.txt_chunk9,krupskaya,3.6719706242350063,3.6719706242350063,18.359853121175032,1.2239902080783354,0,3.6719706242350063,7.343941248470013,34.27172582619339,3.6719706242350063,0,2.4479804161566707,0,1.2239902080783354,2.4479804161566707,8.567931456548347,0,2.4479804161566707,4.8959608323133414,0,1.2239902080783354,3.6719706242350063,12.239902080783354,35.49571603427173,2.4479804161566707,1.2239902080783354,1.2239902080783354,3.6719706242350063,0,6.119951040391677,1.2239902080783354,2.4479804161566707,0,0,3.6719706242350063,0,17.135862913096695,24.479804161566708,3.6719706242350063,1.2239902080783354,7.343941248470013,1.2239902080783354,3.6719706242350063,0,1.2239902080783354,9.791921664626683,4.8959608323133414,2.4479804161566707,6.119951040391677,0,1.2239902080783354,6.119951040391677,0,1.2239902080783354,1.2239902080783354,2.4479804161566707,2.4479804161566707,0,1.2239902080783354,2.4479804161566707,2.4479804161566707,0,2.4479804161566707,2.4479804161566707,6.119951040391677,6.119951040391677,2.4479804161566707,0,1.2239902080783354,0,0,0,1.2239902080783354,2.4479804161566707,0,1.2239902080783354,0,2.4479804161566707,0,4.8959608323133414,6.119951040391677,1.2239902080783354,0,0,1.2239902080783354,0,1.2239902080783354,0,0,4.8959608323133414,1.2239902080783354,0,1.2239902080783354,1.2239902080783354,0,1.2239902080783354,2.4479804161566707,0,0,0,0
lenin_1st_of_may.txt_chunk1,lenin,10.080645161290322,0,2.0161290322580645,0,0,1.0080645161290323,3.0241935483870965,24.193548387096772,0,0,0,11.088709677419356,2.0161290322580645,2.0161290322580645,4.032258064516129,7.056451612903226,1.0080645161290323,0,0,2.0161290322580645,1.0080645161290323,15.120967741935484,52.41935483870968,3.0241935483870965,0,0,5.040322580645161,16.129032258064516,2.0161290322580645,5.040322580645161,2.0161290322580645,0,0,1.0080645161290323,0,16.129032258064516,7.056451612903226,2.0161290322580645,0,4.032258064516129,0,0,1.0080645161290323,1.0080645161290323,12.096774193548386,8.064516129032258,0,3.0241935483870965,2.0161290322580645,1.0080645161290323,2.0161290322580645,2.0161290322580645,0,1.0080645161290323,1.0080645161290323,0,2.0161290322580645,0,2.0161290322580645,5.040322580645161,0,3.0241935483870965,0,4.032258064516129,3.0241935483870965,1.0080645161290323,2.0161290322580645,0,2.0161290322580645,0,0,0,2.0161290322580645,0,0,0,1.0080645161290323,1.0080645161290323,8.064516129032258,5.040322580645161,0,0,1.0080645161290323,4.032258064516129,2.0161290322580645,0,1.0080645161290323,0,6.048387096774193,6.048387096774193,1.0080645161290323,1.0080645161290323,0,3.0241935483870965,0,0,2.0161290322580645,3.0241935483870965,0,0
lenin_chego_dobivaemsya.txt_chunk2,lenin,6,0,7,0,2,4,1,23,1,0,1,2,0,0,3,6,2,6,2,3,0,2,43,3,2,1,2,4,8,0,3,9,1,1,2,10,19,2,6,3,7,1,1,0,3,2,0,2,3,1,8,0,2,1,5,2,0,5,0,5,0,4,2,16,1,0,3,3,0,0,0,3,0,0,5,0,0,4,1,1,0,0,19,3,0,0,8,1,0,1,0,4,0,5,9,2,0,1,0,0
lenin_china_war_I.txt_chunk1,lenin,6,0,0,0,0,1,0,20,3,0,0,3,2,0,4,1,0,1,1,3,3,3,39,1,3,1,3,7,6,1,6,0,0,0,2,16,18,0,0,5,5,0,0,3,6,3,1,7,1,0,15,1,0,1,1,5,0,2,1,4,1,4,2,10,1,2,2,1,2,3,0,1,3,1,4,6,1,4,2,1,1,0,0,2,0,2,0,2,3,1,1,6,0,2,1,0,0,0,0,0
lenin_china_war_I.txt_chunk2,lenin,2.053388090349076,0,4.106776180698152,0,0,2.053388090349076,0,34.907597535934286,0,0,2.053388090349076,0,0,0,0,8.213552361396305,2.053388090349076,0,4.106776180698152,6.160164271047228,4.106776180698152,6.160164271047228,39.01437371663245,14.373716632443532,2.053388090349076,0,0,10.266940451745379,10.266940451745379,2.053388090349076,4.106776180698152,0,0,0,0,14.373716632443532,22.58726899383984,2.053388090349076,0,6.160164271047228,8.213552361396305,0,0,2.053388090349076,4.106776180698152,18.480492813141684,0,0,0,0,6.160164271047228,0,2.053388090349076,0,2.053388090349076,2.053388090349076,0,0,0,14.373716632443532,2.053388090349076,0,0,4.106776180698152,6.160164271047228,4.106776180698152,4.106776180698152,0,0,0,0,0,0,0,0,8.213552361396305,0,6.160164271047228,6.160164271047228,2.053388090349076,2.053388090349076,0,0,6.160164271047228,0,0,0,0,6.160164271047228,2.053388090349076,0,2.053388090349076,0,0,0,0,0,0,2.053388090349076,0
lenin_chto_delat'.txt_chunk11,lenin,4,1,4,0,2,5,2,29,2,2,1,4,0,10,0,3,0,3,3,1,2,3,40,3,3,1,1,5,6,5,3,2,3,2,3,11,13,1,2,5,7,1,0,1,3,2,0,1,0,2,6,2,0,2,1,2,0,5,2,4,4,5,1,13,0,0,10,2,2,1,1,0,6,5,0,4,1,0,2,3,1,2,1,1,10,2,5,0,0,0,0,1,4,0,4,2,1,0,2,0
lenin_chto_delat'.txt_chunk16,lenin,4,0,7,0,2,1,2,21,1,2,0,5,1,1,3,4,0,4,2,7,9,3,40,1,7,0,5,7,4,1,3,2,2,2,0,11,12,0,0,4,6,1,7,0,2,6,0,7,2,2,10,0,0,1,1,2,2,3,3,9,2,4,1,11,2,1,8,1,4,0,0,1,3,0,2,1,1,1,3,0,0,0,0,2,5,3,0,0,4,1,2,2,1,2,8,3,0,1,2,0
lenin_chto_delat'.txt_chunk17,lenin,10,1,4,1,0,1,2,17,1,1,0,4,0,3,1,5,1,3,3,4,4,3,60,8,4,0,1,3,6,0,0,0,0,4,1,16,23,1,4,1,6,3,3,1,0,1,1,8,1,1,7,1,0,2,2,6,0,6,2,7,2,0,2,14,2,3,10,1,1,2,0,0,3,3,2,0,1,0,0,6,0,1,0,0,6,3,1,2,4,0,0,0,0,0,7,2,0,0,4,0
lenin_chto_delat'.txt_chunk18,lenin,5,0,2,0,0,0,0,30,6,0,1,3,0,2,1,5,0,1,4,8,0,3,54,2,2,0,0,4,10,2,1,0,4,1,1,5,24,0,0,6,10,0,0,1,0,4,1,4,0,1,10,2,0,5,2,1,0,10,3,2,2,3,2,13,1,2,10,1,0,1,0,1,2,5,1,0,0,2,2,1,1,1,0,2,6,0,2,2,2,1,1,2,0,1,14,3,5,0,3,0
lenin_chto_delat'.txt_chunk19,lenin,7,1,8,1,0,1,2,21,2,1,1,7,2,1,6,3,0,2,3,1,2,3,50,7,6,0,1,14,5,1,3,0,3,1,3,14,14,0,6,3,3,2,2,2,4,1,1,3,0,0,8,2,0,1,2,2,2,4,2,8,2,0,2,18,8,2,9,1,3,0,1,0,2,5,0,0,4,2,1,3,0,2,0,1,9,2,4,0,4,1,0,1,0,1,9,3,0,2,4,0
lenin_chto_delat'.txt_chunk20,lenin,6,1,4,0,2,0,1,32,4,0,1,6,1,1,6,1,0,4,4,0,3,4,43,2,4,1,2,4,10,1,3,0,0,0,0,13,19,1,3,6,3,1,8,0,3,3,4,5,0,0,13,1,1,2,3,1,3,0,4,6,1,3,0,14,6,0,8,1,0,3,1,0,1,5,4,1,2,0,1,7,0,3,0,0,15,0,2,3,2,0,0,1,0,1,11,3,1,1,3,0
lenin_chto_delat'.txt_chunk22,lenin,9,2,5,0,0,1,3,31,2,0,2,1,4,1,9,4,2,1,0,0,2,1,48,4,1,0,0,6,6,2,2,0,1,1,0,11,16,2,0,5,4,2,0,1,4,3,1,4,0,1,15,1,1,4,2,4,2,2,2,5,3,3,5,14,3,1,3,3,5,2,0,2,0,5,2,0,0,8,1,3,1,1,0,1,6,0,2,3,4,1,0,2,0,0,7,2,4,4,2,0
lenin_chto_delat'.txt_chunk23,lenin,4,0,3,0,1,0,1,26,1,1,2,2,0,3,3,3,0,2,5,5,4,1,44,1,0,1,1,12,3,1,3,0,1,1,1,7,20,2,2,0,6,1,3,0,4,6,1,6,1,1,10,0,1,3,0,2,3,4,1,4,0,1,2,20,1,4,5,2,2,2,3,1,1,4,5,5,2,0,1,0,0,6,0,2,11,1,3,2,4,2,1,0,0,0,10,0,1,1,3,1
lenin_chto_delat'.txt_chunk24,lenin,7,0,4,0,0,1,1,28,5,7,0,5,1,3,3,0,2,0,2,2,0,1,58,3,3,0,1,6,9,2,4,0,1,1,1,15,22,0,3,4,4,2,0,2,3,3,0,4,0,1,12,0,1,1,1,2,2,2,4,10,0,3,0,12,2,0,10,4,2,2,1,5,2,1,2,3,2,1,2,6,0,5,0,4,9,3,2,7,2,1,0,2,0,1,8,3,1,1,5,0
lenin_chto_delat'.txt_chunk26,lenin,8,0,2,0,2,0,1,29,1,0,0,3,0,1,7,1,1,2,1,4,2,5,50,2,3,1,2,4,1,1,5,0,0,2,1,9,22,1,1,8,4,1,1,1,1,9,0,2,0,2,9,1,1,0,0,0,0,2,4,11,0,1,1,11,6,8,5,6,3,2,1,3,2,3,1,2,2,3,0,0,0,2,0,1,4,3,5,4,1,1,1,1,1,1,11,2,1,1,3,0
lenin_chto_delat'.txt_chunk3,lenin,4,0,2,1,0,1,3,33,0,1,1,1,0,7,4,2,1,2,0,2,7,6,41,1,7,0,1,3,9,1,1,1,0,2,5,12,17,2,2,5,10,3,0,1,4,1,1,2,2,3,11,1,2,4,4,1,1,5,5,6,4,2,4,14,2,0,8,2,1,3,0,0,1,6,5,1,2,2,2,2,0,1,5,2,4,0,4,2,0,2,0,0,0,1,7,1,1,2,1,0
lenin_chto_delat'.txt_chunk31,lenin,10,7,1,0,0,0,5,29,2,3,1,5,0,0,5,0,2,0,0,2,1,3,55,9,1,0,2,2,3,1,2,0,1,2,1,11,23,1,2,4,9,3,0,0,2,1,0,2,1,1,8,1,0,0,3,2,6,2,4,11,1,0,5,23,1,3,4,1,0,1,11,3,5,2,1,1,4,2,2,4,0,0,0,2,2,2,1,1,3,0,1,2,0,0,5,1,0,0,2,0
lenin_chto_delat'.txt_chunk4,lenin,8,0,8,3,1,12,3,20,3,2,1,2,0,4,4,4,2,3,0,3,0,4,44,3,2,0,2,5,5,1,1,0,0,3,3,18,17,1,2,5,4,1,2,0,0,1,2,4,1,1,16,0,0,1,1,1,1,3,1,5,1,0,1,11,0,3,7,2,4,0,0,4,1,2,1,2,2,0,0,0,2,3,0,6,6,1,2,2,0,3,1,4,4,4,1,0,1,1,1,1
lenin_chto_delat'.txt_chunk41,lenin,6,0,8,0,1,1,3,25,1,2,2,4,3,2,8,0,2,2,3,2,5,5,54,7,0,1,3,3,10,2,2,0,1,3,3,8,24,1,2,7,3,1,1,2,1,0,0,2,0,1,10,1,0,3,1,1,0,4,2,6,3,8,1,14,5,1,6,2,2,3,0,4,2,3,3,0,0,1,4,3,0,0,0,1,1,1,4,1,2,0,1,2,0,1,11,7,1,0,6,0
lenin_chto_delat'.txt_chunk45,lenin,7,1,11,1,0,3,2,29,2,0,5,6,2,6,3,1,2,2,1,1,9,1,48,2,1,0,1,5,10,2,2,0,0,0,0,17,10,0,5,4,3,0,2,0,1,4,3,4,0,4,9,2,0,2,1,3,1,9,1,4,0,10,1,6,1,1,6,1,5,0,2,3,1,7,0,0,1,1,1,6,1,3,3,0,12,1,1,1,3,5,3,1,3,0,2,2,0,0,2,0
lenin_chto_delat'.txt_chunk46,lenin,21.929824561403507,0,0,0,0,0,4.385964912280701,21.929824561403507,4.385964912280701,4.385964912280701,0,13.157894736842104,0,0,4.385964912280701,0,0,0,0,0,0,0,39.473684210526315,13.157894736842104,0,0,4.385964912280701,26.31578947368421,4.385964912280701,4.385964912280701,0,0,0,0,0,13.157894736842104,26.31578947368421,0,0,4.385964912280701,0,0,0,0,0,0,0,0,0,0,8.771929824561402,0,0,4.385964912280701,0,4.385964912280701,0,4.385964912280701,0,0,0,0,0,17.543859649122805,0,0,0,13.157894736842104,0,0,0,0,0,8.771929824561402,0,0,0,4.385964912280701,8.771929824561402,0,0,0,4.385964912280701,0,4.385964912280701,0,0,0,0,0,4.385964912280701,0,0,0,17.543859649122805,0,0,0,4.385964912280701,0
lenin_chto_delat'.txt_chunk8,lenin,10,0,4,3,3,4,2,33,1,0,1,0,1,1,5,4,3,3,0,1,4,4,43,10,4,0,3,6,5,2,3,1,1,1,1,9,21,0,2,5,3,1,1,1,0,3,2,2,0,0,8,0,0,4,2,1,1,6,3,6,3,2,3,15,3,1,8,4,1,1,0,1,0,0,1,1,1,0,1,1,0,2,1,1,12,4,4,4,5,2,0,1,0,3,1,0,3,0,1,0
lenin_chto_delat'.txt_chunk9,lenin,10,0,7,1,1,2,2,25,2,1,0,3,1,2,8,8,0,4,4,2,5,0,40,8,4,1,1,7,5,0,4,1,1,6,1,10,16,2,2,6,6,0,1,0,3,3,1,4,2,3,6,1,2,3,3,3,4,6,1,7,2,0,2,15,2,3,12,4,0,1,0,0,0,4,1,1,1,2,3,1,1,5,1,2,9,1,4,0,3,0,2,1,1,2,4,0,1,4,0,0
lenin_era_reform_I.txt_chunk3,lenin,0,0,0,0,0,0,0,90.9090909090909,0,0,0,0,0,0,0,0,0,0,0,0,0,0,90.9090909090909,0,0,0,0,0,0,0,0,0,0,0,0,0,0,0,0,0,0,0,0,0,0,0,0,0,0,0,0,0,0,90.9090909090909,0,0,0,0,0,0,0,0,0,0,0,0,0,0,0,0,0,0,0,0,0,0,0,0,0,0,0,0,0,0,0,0,0,0,0,0,0,0,0,0,0,0,0,0,0,0
lenin_k_der_bednote_cdprogramma.txt_chunk10,lenin,13,0,7,0,1,1,0,17,0,0,0,9,3,2,6,1,0,0,1,0,7,10,50,6,3,1,1,2,9,1,8,0,0,1,0,14,17,3,1,0,4,0,5,0,2,4,2,8,0,0,3,1,0,1,1,8,0,0,4,3,0,12,3,17,6,7,5,0,1,0,3,3,1,0,2,0,4,1,0,2,0,0,0,2,1,0,0,1,1,2,1,1,0,0,1,6,0,0,0,0
lenin_k_der_bednote_cdprogramma.txt_chunk12,lenin,14,3,6,1,3,2,2,27,1,0,0,9,1,0,10,2,0,4,7,8,3,5,38,3,8,0,2,0,2,4,3,0,0,3,0,13,31,3,6,3,2,0,0,0,1,5,0,4,1,0,5,0,3,0,0,3,4,3,3,3,0,7,1,6,19,1,8,4,1,0,0,4,0,0,1,0,1,3,3,1,0,0,0,1,7,0,1,1,3,4,0,4,2,2,1,2,0,0,0,0
lenin_k_der_bednote_cdprogramma.txt_chunk15,lenin,4,5,3,0,1,0,0,15,2,0,1,8,1,1,5,4,4,4,3,4,4,3,38,0,2,1,4,2,8,2,6,0,0,2,0,9,21,2,1,5,2,1,3,1,5,15,0,2,0,1,10,1,1,0,4,2,0,2,2,4,0,7,0,5,7,1,3,3,4,2,0,4,2,0,0,0,5,4,0,2,0,0,1,2,4,1,1,0,0,3,5,3,1,0,5,2,0,0,0,0
lenin_k_der_bednote_cdprogramma.txt_chunk5,lenin,8,2,3,0,1,0,0,29,0,0,0,1,3,0,3,0,0,2,0,4,3,8,53,7,0,0,6,2,4,0,3,0,1,1,1,7,15,1,1,7,5,3,1,1,4,3,4,7,1,0,6,1,1,2,0,4,0,1,1,3,1,22,6,10,4,5,6,3,1,2,0,0,3,0,1,0,0,3,2,3,0,0,0,0,2,5,1,3,1,3,2,5,1,0,7,4,0,0,0,0
lenin_k_der_bednote_cdprogramma.txt_chunk6,lenin,11,1,0,0,0,3,4,19,0,0,0,4,3,3,7,2,1,2,14,0,2,2,37,4,1,1,10,4,1,4,7,0,1,2,2,15,21,4,2,3,3,2,2,0,5,1,4,13,0,0,10,3,2,2,1,1,0,5,1,4,1,19,0,7,2,3,3,1,2,1,0,0,2,1,5,0,3,3,0,2,0,0,0,4,0,0,5,0,2,8,3,5,2,1,8,3,8,0,0,0
lenin_k_der_bednote_cdprogramma.txt_chunk8,lenin,14,1,4,0,0,2,2,24,0,0,1,14,2,1,5,0,0,2,5,2,1,1,54,1,1,4,2,3,4,0,1,0,4,1,2,23,21,5,1,2,4,3,4,0,2,1,2,11,1,0,7,0,0,1,0,2,0,2,0,6,1,4,0,16,1,1,16,0,0,0,0,0,1,0,0,0,3,6,1,3,0,0,0,3,1,0,1,5,1,6,0,2,0,1,5,0,1,0,0,0
lenin_k_der_bednote_cdprogramma.txt_chunk9,lenin,11,2,0,1,1,0,2,24,3,0,0,8,4,2,7,3,1,1,1,4,3,11,53,10,2,1,4,1,7,1,2,0,3,1,0,13,16,3,4,3,0,0,4,0,1,5,5,2,0,2,10,1,1,0,3,2,2,7,0,5,1,12,2,7,4,2,6,1,0,0,0,1,2,0,0,0,1,0,0,3,0,0,0,2,4,1,2,6,2,2,3,2,0,2,2,2,6,0,1,0
lenin_k_partii.txt_chunk3,lenin,0,0,0,0,0,0,0,19.230769230769234,0,0,0,19.230769230769234,0,0,0,0,19.230769230769234,0,0,0,0,0,76.92307692307693,19.230769230769234,0,0,0,0,0,0,19.230769230769234,0,0,0,0,0,19.230769230769234,0,0,0,0,0,0,0,0,0,0,0,0,0,0,0,0,0,0,0,0,0,0,0,0,38.46153846153847,19.230769230769234,0,0,0,19.230769230769234,0,0,0,0,0,0,0,0,0,0,0,19.230769230769234,0,0,0,19.230769230769234,0,0,0,0,0,0,0,0,0,0,0,19.230769230769234,38.46153846153847,0,0,0,0
lenin_l_n_tolstoy.txt_chunk1,lenin,6,0,0,3,0,1,1,30,6,1,3,2,1,0,2,9,4,0,2,1,1,6,51,7,2,2,2,8,6,3,5,0,0,0,0,13,9,0,0,2,5,2,3,0,5,4,1,2,0,1,15,4,3,1,0,1,3,5,1,6,2,1,1,7,2,0,4,0,1,0,0,0,2,1,0,0,3,1,3,1,0,3,0,3,1,1,4,1,0,3,0,0,0,1,0,0,0,1,1,5
lenin_l_n_tolstoy.txt_chunk2,lenin,22.47191011235955,0,0,0,3.745318352059925,0,0,41.19850187265917,0,0,3.745318352059925,3.745318352059925,0,0,18.726591760299627,18.726591760299627,0,0,3.745318352059925,0,0,0,59.9250936329588,0,0,0,0,0,0,0,14.9812734082397,0,0,0,3.745318352059925,18.726591760299627,33.70786516853933,0,0,7.49063670411985,3.745318352059925,0,7.49063670411985,0,7.49063670411985,0,0,3.745318352059925,0,0,3.745318352059925,7.49063670411985,0,0,0,0,0,3.745318352059925,18.726591760299627,3.745318352059925,0,0,0,18.726591760299627,14.9812734082397,0,14.9812734082397,0,0,0,0,7.49063670411985,0,0,0,0,0,0,0,0,0,3.745318352059925,3.745318352059925,3.745318352059925,0,0,3.745318352059925,0,0,0,0,0,0,0,0,0,0,0,0,0
lenin_max_min_I.txt_chunk2,lenin,6.993006993006993,4.195804195804196,5.594405594405594,0,0,2.797202797202797,1.3986013986013985,37.76223776223776,1.3986013986013985,0,0,9.790209790209792,1.3986013986013985,0,0,0,4.195804195804196,1.3986013986013985,0,4.195804195804196,1.3986013986013985,5.594405594405594,48.95104895104895,2.797202797202797,9.790209790209792,2.797202797202797,0,8.391608391608392,2.797202797202797,0,2.797202797202797,1.3986013986013985,1.3986013986013985,1.3986013986013985,2.797202797202797,8.391608391608392,27.972027972027973,1.3986013986013985,1.3986013986013985,4.195804195804196,4.195804195804196,2.797202797202797,4.195804195804196,0,1.3986013986013985,5.594405594405594,0,2.797202797202797,1.3986013986013985,4.195804195804196,5.594405594405594,1.3986013986013985,0,0,2.797202797202797,2.797202797202797,0,4.195804195804196,2.797202797202797,5.594405594405594,1.3986013986013985,4.195804195804196,0,12.587412587412588,5.594405594405594,0,11.188811188811188,1.3986013986013985,4.195804195804196,1.3986013986013985,0,4.195804195804196,1.3986013986013985,2.797202797202797,2.797202797202797,1.3986013986013985,0,0,0,1.3986013986013985,0,0,8.391608391608392,2.797202797202797,0,0,1.3986013986013985,1.3986013986013985,0,0,1.3986013986013985,2.797202797202797,0,2.797202797202797,4.195804195804196,1.3986013986013985,1.3986013986013985,1.3986013986013985,0,0
lenin_narodnichestvo_I.txt_chunk3,lenin,10.869565217391305,5.434782608695652,5.434782608695652,0,0,0,0,27.17391304347826,0,0,0,0,0,5.434782608695652,0,0,21.73913043478261,0,0,0,5.434782608695652,0,38.04347826086957,5.434782608695652,5.434782608695652,0,5.434782608695652,0,27.17391304347826,5.434782608695652,0,5.434782608695652,0,0,0,21.73913043478261,21.73913043478261,0,0,10.869565217391305,0,5.434782608695652,5.434782608695652,0,0,0,5.434782608695652,10.869565217391305,0,5.434782608695652,5.434782608695652,0,0,0,5.434782608695652,21.73913043478261,0,5.434782608695652,10.869565217391305,5.434782608695652,0,0,0,21.73913043478261,0,0,0,0,0,5.434782608695652,0,0,10.869565217391305,5.434782608695652,0,0,0,5.434782608695652,0,0,27.17391304347826,0,0,0,0,0,0,0,0,5.434782608695652,0,0,0,0,5.434782608695652,5.434782608695652,0,0,5.434782608695652,0
lenin_ne_potuhla_iskra.txt_chunk2,lenin,9,3,0,0,1,4,2,51,0,1,1,7,0,3,3,3,0,1,0,5,4,1,46,1,2,0,2,5,9,3,1,0,1,1,0,16,24,0,0,7,4,1,11,0,3,3,4,4,1,0,10,0,1,1,0,7,0,10,0,5,0,4,3,25,0,2,15,2,1,0,15,0,0,0,0,1,2,5,1,2,28,0,0,4,0,0,0,0,0,1,2,0,0,1,24,8,0,0,0,0
lenin_ne_potuhla_iskra.txt_chunk5,lenin,6,7,3,0,0,3,2,16,0,2,0,4,0,8,3,6,0,5,0,1,6,4,37,3,1,1,2,5,5,0,0,1,5,4,0,10,24,2,4,6,8,2,15,0,3,8,0,12,0,1,15,0,2,0,2,5,0,4,2,4,1,2,2,33,2,1,4,0,1,2,11,0,1,5,1,0,2,4,0,1,0,0,0,0,1,0,0,1,0,1,0,1,4,4,17,1,5,0,1,0
lenin_nepodan_zayzvlenie.txt_chunk1,lenin,4,2,7,1,1,9,4,21,0,2,0,4,0,2,4,5,2,7,1,3,2,3,35,6,3,1,1,7,2,0,3,1,0,3,1,11,12,0,1,1,13,2,4,0,1,2,0,7,0,3,4,3,0,0,1,0,1,3,0,1,2,0,0,17,3,2,5,4,0,0,16,3,4,4,0,0,4,2,1,2,0,0,4,5,0,0,0,1,0,0,1,3,0,4,2,0,1,0,0,0
lenin_otvet_na_kritiku.txt_chunk2,lenin,15,1,1,0,0,5,4,32,0,1,2,0,0,0,5,1,1,1,4,3,3,4,34,4,4,0,0,3,7,2,2,2,2,3,3,9,25,0,0,1,10,3,3,1,1,3,0,8,0,0,10,2,0,0,0,1,0,3,4,5,2,4,1,10,2,1,4,2,2,2,0,0,2,2,1,1,3,1,1,0,1,0,0,3,0,5,0,1,0,2,0,0,0,1,6,0,0,0,0,0
lenin_padenie_port_artura.txt_chunk1,lenin,5,0,2,1,0,1,1,13,3,2,1,5,1,0,7,1,1,1,4,6,0,3,34,3,1,1,0,1,3,1,1,0,1,1,0,14,9,0,1,6,2,0,0,2,2,3,2,7,4,3,5,1,1,0,4,4,0,4,3,9,0,3,3,13,1,2,2,1,2,1,0,0,5,0,0,0,1,3,3,1,0,1,0,0,1,0,1,4,0,4,4,8,1,1,0,0,0,3,2,1
lenin_partiynaya_organizaciya_i_literatura.txt_chunk2,lenin,8.438818565400844,12.658227848101266,0,0,0,0,8.438818565400844,23.206751054852322,2.109704641350211,0,0,2.109704641350211,0,2.109704641350211,4.219409282700422,2.109704641350211,6.329113924050633,0,6.329113924050633,0,2.109704641350211,6.329113924050633,46.413502109704645,2.109704641350211,10.548523206751055,0,0,6.329113924050633,2.109704641350211,0,2.109704641350211,4.219409282700422,2.109704641350211,6.329113924050633,0,8.438818565400844,21.09704641350211,0,0,4.219409282700422,2.109704641350211,2.109704641350211,0,6.329113924050633,2.109704641350211,18.9873417721519,0,0,0,0,10.548523206751055,2.109704641350211,0,0,0,2.109704641350211,0,0,4.219409282700422,6.329113924050633,0,8.438818565400844,0,6.329113924050633,6.329113924050633,0,10.548523206751055,0,0,0,0,0,2.109704641350211,0,2.109704641350211,0,4.219409282700422,0,0,0,0,0,8.438818565400844,0,6.329113924050633,2.109704641350211,0,4.219409282700422,2.109704641350211,0,0,6.329113924050633,0,0,10.548523206751055,8.438818565400844,2.109704641350211,2.109704641350211,0,0
lenin_pochemu_quit.txt_chunk1,lenin,3,0,1,0,1,3,0,36,3,2,0,2,1,4,1,2,1,1,1,4,4,1,46,9,2,0,0,7,4,0,1,1,1,0,0,19,12,0,1,4,11,4,0,0,0,1,2,14,0,4,10,0,0,0,1,3,0,0,1,5,2,0,0,10,1,2,9,6,2,3,6,1,3,1,2,0,3,3,1,3,0,0,3,3,1,3,0,1,0,1,1,1,1,0,4,2,0,0,0,0
lenin_polozhenie_bunda_I.txt_chunk1,lenin,7,1,2,0,0,0,3,35,1,3,0,4,0,1,1,3,4,3,5,0,8,2,31,2,1,0,1,12,9,3,3,0,1,2,2,12,6,1,0,3,5,3,1,1,4,2,0,3,5,6,5,0,0,0,1,1,0,8,2,5,0,0,1,12,0,3,4,0,2,0,0,0,0,3,1,2,0,2,0,3,1,2,18,2,3,5,0,1,2,2,1,0,0,1,0,1,2,9,0,0
lenin_polozhenie_bunda_I.txt_chunk3,lenin,6,2,6,2,1,2,3,23,1,4,1,1,1,2,0,5,3,3,1,3,4,5,40,7,1,0,4,13,3,1,0,1,0,2,1,6,14,5,6,3,2,2,2,1,2,1,2,7,0,0,13,2,0,1,2,1,2,3,1,6,0,4,1,10,2,0,6,3,1,0,6,0,1,4,2,1,1,1,1,1,1,3,2,2,4,0,0,2,0,2,0,1,0,1,6,1,1,6,3,0
lenin_polozhenie_bunda_I.txt_chunk4,lenin,0,0,0,0,0,0,0,21.978021978021978,0,0,0,0,0,0,10.989010989010989,0,10.989010989010989,0,0,10.989010989010989,10.989010989010989,21.978021978021978,54.94505494505494,0,10.989010989010989,0,0,21.978021978021978,0,0,0,0,0,10.989010989010989,0,32.96703296703297,0,0,0,0,0,0,10.989010989010989,0,10.989010989010989,0,0,0,0,0,32.96703296703297,0,0,0,0,0,0,0,21.978021978021978,10.989010989010989,10.989010989010989,0,0,10.989010989010989,10.989010989010989,0,0,10.989010989010989,21.978021978021978,0,0,0,0,0,0,0,0,0,0,0,0,0,0,0,10.989010989010989,0,0,10.989010989010989,0,0,0,0,0,0,10.989010989010989,0,0,10.989010989010989,0,0
lenin_pril_k_chto_delat'_I.txt_chunk2,lenin,4.405286343612335,0,2.2026431718061676,0,1.1013215859030838,1.1013215859030838,0,37.44493392070485,1.1013215859030838,0,1.1013215859030838,4.405286343612335,0,2.2026431718061676,3.303964757709251,6.607929515418502,1.1013215859030838,1.1013215859030838,1.1013215859030838,3.303964757709251,2.2026431718061676,4.405286343612335,40.74889867841409,4.405286343612335,1.1013215859030838,0,0,8.81057268722467,4.405286343612335,0,0,2.2026431718061676,0,1.1013215859030838,0,14.317180616740089,14.317180616740089,0,3.303964757709251,2.2026431718061676,4.405286343612335,0,0,1.1013215859030838,3.303964757709251,8.81057268722467,1.1013215859030838,1.1013215859030838,2.2026431718061676,3.303964757709251,12.114537444933921,1.1013215859030838,0,3.303964757709251,0,3.303964757709251,1.1013215859030838,3.303964757709251,2.2026431718061676,6.607929515418502,1.1013215859030838,2.2026431718061676,1.1013215859030838,12.114537444933921,1.1013215859030838,2.2026431718061676,5.506607929515419,1.1013215859030838,1.1013215859030838,0,1.1013215859030838,0,1.1013215859030838,7.709251101321586,1.1013215859030838,0,0,1.1013215859030838,1.1013215859030838,1.1013215859030838,0,1.1013215859030838,0,2.2026431718061676,4.405286343612335,2.2026431718061676,4.405286343612335,1.1013215859030838,0,0,0,1.1013215859030838,1.1013215859030838,0,4.405286343612335,3.303964757709251,1.1013215859030838,1.1013215859030838,0,0
lenin_rasskaz_o_II_cyezde.txt_chunk2,lenin,1,0,2,1,2,4,3,30,4,2,1,3,0,2,1,3,1,1,1,6,2,2,35,3,1,0,2,10,6,4,2,1,1,1,0,21,19,0,0,4,12,3,4,0,1,1,1,10,0,1,13,1,0,1,1,1,3,1,1,3,1,4,1,8,1,2,3,4,1,4,6,2,1,2,1,0,0,2,2,2,0,0,3,10,0,9,4,2,0,1,2,0,3,1,1,0,0,0,0,0
lenin_samoderzh_kolebletsya_I.txt_chunk1,lenin,3,2,0,0,0,0,7,21,4,1,0,4,0,0,9,0,0,1,1,2,2,6,52,1,5,3,2,2,5,3,2,0,0,4,0,10,14,2,1,3,13,3,1,4,2,7,1,6,0,1,7,1,0,0,1,1,0,3,0,2,1,1,1,12,0,2,5,6,2,3,0,2,6,0,0,0,0,5,0,6,0,0,0,0,1,1,0,1,0,4,3,4,0,0,7,0,0,0,0,0
lenin_shag_vpered_2nazad.txt_chunk1,lenin,5,1,2,0,0,0,2,30,0,9,1,6,3,1,1,1,5,2,4,3,0,1,49,5,0,2,12,17,2,1,3,3,1,2,1,7,8,0,0,0,9,5,1,1,2,3,0,12,0,0,5,1,3,1,1,1,1,4,2,3,1,0,2,9,4,3,2,0,3,0,0,0,2,4,0,0,2,4,4,1,0,1,16,1,3,0,5,1,0,0,0,3,0,0,0,0,3,0,0,0
lenin_shag_vpered_2nazad.txt_chunk10,lenin,3,0,2,0,0,3,0,32,0,0,1,0,0,1,1,5,2,0,3,6,4,2,50,7,2,0,7,4,6,1,2,3,2,0,0,12,13,0,1,3,8,4,8,0,2,2,1,7,0,2,17,2,0,3,2,3,3,2,3,1,0,2,0,17,6,0,3,1,2,2,1,0,2,5,1,0,0,5,2,2,0,0,1,9,4,1,0,2,0,3,1,0,0,1,6,1,1,1,0,0
lenin_shag_vpered_2nazad.txt_chunk11,lenin,1,0,2,1,2,8,2,41,0,2,0,3,0,3,5,2,7,1,0,0,4,3,42,3,1,3,0,12,13,1,3,0,2,0,0,13,12,0,1,1,5,1,2,0,0,3,0,6,2,2,12,1,1,0,0,4,0,4,1,6,0,0,0,9,1,2,2,0,1,1,5,1,1,3,0,0,0,4,0,1,0,0,11,1,3,2,0,1,0,1,2,3,4,2,2,1,0,0,0,1
lenin_shag_vpered_2nazad.txt_chunk13,lenin,5,0,0,0,0,2,2,33,2,0,0,3,1,0,5,3,8,3,0,1,2,3,46,2,4,1,2,7,4,1,0,0,5,3,0,13,9,0,0,3,5,1,2,0,1,5,0,8,3,0,6,1,5,0,1,2,1,1,1,0,1,1,3,2,2,2,1,1,0,0,0,0,5,0,0,0,0,0,2,5,1,1,38,0,1,0,0,0,1,0,0,1,0,3,0,1,0,0,0,0
lenin_shag_vpered_2nazad.txt_chunk14,lenin,1,3,2,0,3,4,1,20,2,1,1,3,3,1,2,4,3,2,2,6,7,5,45,3,2,2,3,9,5,3,6,4,0,0,1,9,5,0,0,3,9,5,3,0,1,1,0,8,0,0,7,0,0,1,1,2,0,3,2,3,0,1,1,11,2,2,5,2,0,0,3,0,3,2,2,2,2,3,1,3,0,0,5,12,0,8,0,2,0,1,3,3,4,2,3,1,0,0,1,0
lenin_shag_vpered_2nazad.txt_chunk16,lenin,8,3,6,0,0,4,3,26,2,1,0,3,1,2,2,2,2,6,3,2,2,10,37,5,7,2,0,8,5,2,0,0,4,2,2,7,22,0,4,6,6,1,2,0,0,4,0,3,1,3,4,1,0,0,7,0,3,3,4,6,2,1,3,9,4,1,3,6,3,2,0,0,5,5,3,0,1,2,5,0,0,2,23,0,18,0,3,1,2,0,1,0,1,1,14,1,1,1,0,0
lenin_shag_vpered_2nazad.txt_chunk18,lenin,0,2,4,0,0,0,2,22,1,1,1,1,0,3,2,5,10,2,0,3,2,6,37,4,7,0,3,13,7,0,1,0,1,1,3,11,19,1,2,3,7,1,6,0,1,4,0,8,2,3,6,1,0,0,3,2,2,2,1,3,2,1,0,14,0,1,2,0,1,2,7,0,2,2,2,2,0,4,1,1,0,1,18,1,2,11,2,2,4,0,2,1,0,1,1,0,0,0,2,0
lenin_shag_vpered_2nazad.txt_chunk19,lenin,4,1,10,0,1,1,3,38,0,1,0,0,0,2,3,1,6,3,1,1,2,1,42,7,2,1,5,6,5,1,3,1,2,0,2,8,22,3,1,6,4,3,3,3,3,3,5,1,0,0,5,2,0,1,1,1,5,3,0,6,3,0,3,18,3,0,5,3,1,3,3,0,1,5,1,0,0,4,0,1,0,1,7,1,1,14,1,0,5,0,0,1,2,1,6,0,1,2,0,0
lenin_shag_vpered_2nazad.txt_chunk20,lenin,8,1,7,0,0,3,5,26,0,0,0,0,1,1,5,1,4,6,4,2,0,2,42,5,6,1,2,15,7,8,0,3,1,3,3,9,23,0,3,9,2,1,5,2,1,0,1,4,0,2,5,1,1,1,12,1,3,5,0,4,3,0,3,12,4,3,9,1,0,0,7,0,1,2,0,0,1,3,5,1,0,1,15,2,4,4,0,4,1,0,2,2,1,2,0,0,0,4,1,0
lenin_shag_vpered_2nazad.txt_chunk26,lenin,1,2,0,0,0,2,1,22,1,6,0,1,0,0,2,3,1,1,1,7,2,8,39,4,4,0,3,8,5,3,2,5,0,1,0,14,15,2,8,1,11,5,1,0,3,5,0,6,1,1,15,0,0,0,1,0,1,3,2,2,1,0,2,12,1,1,8,1,0,2,7,2,3,1,3,0,2,2,1,1,0,1,8,8,1,11,0,1,0,0,0,1,1,1,2,0,0,0,0,0
lenin_shag_vpered_2nazad.txt_chunk27,lenin,4,1,2,4,1,6,0,26,4,7,1,1,1,1,2,3,3,1,1,0,2,3,45,2,1,1,4,4,4,4,1,0,0,3,1,9,18,1,2,5,17,3,3,0,3,4,0,8,0,8,9,1,1,1,0,1,0,5,1,2,4,0,0,18,3,3,5,1,0,2,10,1,1,7,3,0,3,1,2,2,0,0,4,5,1,9,0,2,0,0,4,0,1,4,7,0,2,0,0,0
lenin_shag_vpered_2nazad.txt_chunk28,lenin,3,2,1,0,1,5,1,41,1,1,0,3,1,0,5,1,0,2,1,0,4,13,29,4,3,0,2,4,4,8,2,0,0,3,0,13,6,1,0,3,19,3,3,0,0,1,2,8,0,2,6,0,0,0,0,2,0,3,2,2,0,0,1,17,3,1,9,2,2,4,5,2,1,4,0,0,1,1,2,2,0,0,1,9,1,13,0,0,0,0,0,1,0,0,5,0,0,0,0,0
lenin_shag_vpered_2nazad.txt_chunk29,lenin,2,1,0,2,0,3,0,27,4,2,0,3,3,1,0,4,1,1,0,5,4,7,29,1,4,2,1,6,7,2,0,1,0,0,0,20,13,1,0,5,12,1,7,1,1,2,2,6,0,4,15,0,1,1,0,2,0,1,3,7,2,0,1,12,3,1,5,1,0,0,3,0,2,2,1,0,0,2,0,6,0,0,3,7,1,11,1,2,0,1,2,0,0,0,2,0,0,0,0,0
lenin_shag_vpered_2nazad.txt_chunk31,lenin,6,2,10,1,5,10,1,23,3,6,0,5,1,0,6,1,5,3,0,2,3,0,32,8,3,1,1,6,2,2,1,1,0,1,1,14,16,0,7,0,21,6,0,0,1,5,1,0,0,4,7,0,1,0,1,1,2,2,1,6,2,0,0,16,0,0,4,3,2,7,1,0,3,0,0,0,0,3,1,3,0,0,3,5,0,3,0,3,0,0,2,0,3,2,9,1,0,0,0,0
lenin_shag_vpered_2nazad.txt_chunk32,lenin,13,1,5,0,0,1,2,35,4,5,2,0,0,0,9,7,1,2,1,0,7,1,29,3,3,2,2,6,4,1,3,1,0,1,0,19,36,1,6,3,7,2,8,0,1,0,0,10,0,1,9,1,0,0,0,1,0,5,2,9,3,0,1,10,1,0,4,4,0,2,3,0,0,2,3,0,1,4,1,1,0,0,2,1,0,1,0,2,0,0,0,1,0,1,7,1,0,0,0,0
lenin_shag_vpered_2nazad.txt_chunk34,lenin,8,0,8,1,1,1,1,30,2,2,0,0,0,5,3,7,1,3,3,2,2,10,35,6,3,1,1,5,8,6,1,0,0,0,2,20,22,0,2,3,14,3,3,2,0,1,1,1,0,1,8,0,0,1,0,2,0,3,6,6,3,3,0,19,2,0,10,2,1,0,12,0,3,2,2,1,2,3,0,2,0,0,5,1,0,1,2,2,0,1,1,3,1,2,8,2,0,0,3,0
lenin_shag_vpered_2nazad.txt_chunk36,lenin,7,0,4,2,4,4,7,36,1,1,2,4,0,1,6,11,2,1,1,2,4,2,41,2,0,1,1,5,2,3,3,2,1,1,1,20,19,0,1,5,3,0,5,1,2,3,0,4,0,5,18,3,1,0,2,1,1,3,3,3,2,2,3,12,2,4,4,2,0,0,1,2,0,6,0,1,1,0,1,0,0,0,0,1,0,7,1,1,0,0,3,0,3,0,3,0,0,1,0,0
lenin_shag_vpered_2nazad.txt_chunk37,lenin,4,0,8,3,1,5,3,27,1,1,0,2,0,1,2,6,1,4,0,2,3,2,50,4,6,2,2,8,6,1,4,0,3,1,1,14,16,1,1,8,5,2,0,6,3,2,1,8,1,2,15,5,2,0,1,0,1,4,2,1,1,0,3,13,1,2,6,4,1,1,0,0,1,2,3,0,1,1,0,1,0,4,1,0,3,4,1,3,0,1,0,2,0,2,2,0,0,2,2,0
lenin_shag_vpered_2nazad.txt_chunk41,lenin,4,0,2,3,3,6,0,18,2,1,0,5,2,0,5,0,0,3,1,5,2,7,53,14,3,0,1,11,4,1,4,1,1,0,3,22,25,1,1,5,0,1,1,2,0,1,0,6,0,0,11,0,0,2,4,3,0,9,2,5,0,1,0,13,2,0,8,3,3,0,3,0,1,1,3,0,1,2,2,4,1,3,7,1,4,1,2,2,0,1,2,5,3,3,5,2,2,0,1,0
lenin_shag_vpered_2nazad.txt_chunk5,lenin,7,0,5,0,0,4,2,21,1,1,1,1,0,2,2,5,1,0,1,2,2,3,34,4,3,1,1,9,8,1,1,1,6,0,0,12,19,0,3,8,8,5,9,0,0,6,0,6,1,1,8,3,0,0,4,1,0,3,7,2,0,2,0,16,4,1,10,1,0,1,0,1,3,5,3,0,3,0,0,0,1,0,6,4,1,3,2,1,0,0,0,1,1,2,3,1,0,0,0,0
lenin_shag_vpered_2nazad.txt_chunk52,lenin,6,1,3,0,2,0,1,34,0,1,2,0,0,0,3,1,0,1,2,5,6,4,45,0,2,1,4,5,6,2,4,1,0,1,0,17,18,2,0,3,14,6,6,1,3,4,0,5,1,0,14,1,3,0,1,4,1,2,2,2,3,4,0,19,2,3,3,1,1,0,0,0,2,1,5,0,2,1,0,1,0,6,5,3,10,5,2,0,2,0,2,0,0,2,7,0,3,3,4,1
lenin_shag_vpered_2nazad.txt_chunk53,lenin,8,1,2,0,0,1,1,27,3,1,0,3,0,0,2,1,0,2,8,2,4,4,33,1,4,0,1,12,4,1,1,2,0,1,0,5,18,0,1,3,11,1,2,2,2,6,0,11,0,1,6,0,0,1,0,3,3,2,2,4,3,1,7,24,0,1,14,2,3,0,0,3,1,0,2,0,0,3,8,1,0,0,5,0,6,1,2,0,0,0,0,8,0,2,5,6,1,0,0,0
lenin_shag_vpered_2nazad.txt_chunk56,lenin,2,1,0,0,0,0,0,43,1,0,1,1,1,1,0,2,2,3,3,2,3,2,35,6,1,0,1,14,6,2,1,0,0,0,3,15,20,1,0,2,6,1,2,0,3,4,0,8,1,1,11,2,1,1,1,2,0,3,1,1,1,2,6,11,2,1,5,3,1,2,1,4,2,4,2,0,2,1,2,2,0,5,14,6,10,1,1,1,0,0,0,2,2,1,2,1,0,0,0,0
lenin_shag_vpered_2nazad.txt_chunk57,lenin,7,1,4,1,0,2,2,35,2,1,0,2,1,0,0,8,2,1,8,4,2,5,43,3,4,0,3,24,10,5,0,2,0,1,0,9,10,0,2,2,3,0,1,1,1,4,0,5,0,2,3,0,0,1,1,3,1,5,1,4,0,2,3,8,3,2,9,1,1,0,0,1,0,4,2,0,1,3,4,2,0,2,13,3,5,2,1,1,0,1,2,0,0,0,0,1,1,0,0,0
lenin_shag_vpered_2nazad.txt_chunk60,lenin,5,0,0,1,1,0,1,30,3,1,1,8,0,0,0,1,2,1,2,3,3,2,44,9,6,0,1,11,3,2,1,1,1,1,0,15,10,1,1,7,7,1,0,0,1,5,0,9,0,0,14,0,1,0,1,1,0,1,2,1,0,0,0,6,1,0,2,1,0,0,0,0,0,1,0,0,1,2,2,1,0,0,10,1,2,0,6,0,1,0,1,1,4,2,9,0,2,0,0,2
lenin_shag_vpered_2nazad.txt_chunk63,lenin,7,0,4,1,0,4,2,27,1,1,2,3,1,2,2,3,0,3,0,4,3,3,38,5,7,1,3,6,1,0,2,0,1,1,1,20,19,1,2,4,10,6,1,1,0,11,1,3,0,0,9,1,0,0,0,2,2,4,2,4,1,1,0,15,1,1,10,3,3,7,5,0,3,2,2,0,1,4,1,3,0,0,3,2,0,1,2,3,0,0,0,1,3,2,5,2,2,0,1,0
lenin_shag_vpered_2nazad.txt_chunk7,lenin,3,2,10,1,2,3,2,19,0,2,0,5,1,0,1,3,0,3,3,2,3,7,39,7,6,0,4,6,4,6,0,0,0,0,1,17,13,1,1,3,8,2,1,2,1,3,2,10,0,3,10,1,0,1,1,2,2,6,3,3,0,0,4,14,0,2,7,2,2,2,5,0,4,5,3,1,2,1,2,1,0,0,1,5,1,1,1,3,0,0,2,1,1,1,5,0,2,0,1,0
lenin_shag_vpered_2nazad.txt_chunk8,lenin,7,0,4,0,0,2,0,16,1,5,2,6,2,0,1,3,1,1,1,3,3,2,43,9,5,0,7,7,5,3,2,1,3,0,0,13,11,0,0,1,3,4,3,2,2,7,2,3,0,6,18,0,1,0,1,0,2,5,1,3,2,4,1,13,2,1,6,2,2,1,0,0,0,3,4,0,1,1,1,2,0,0,2,3,2,2,2,1,0,0,1,1,3,1,7,5,1,0,1,0
lenin_struve_izoblichen_I.txt_chunk1,lenin,7,2,0,0,0,3,0,32,0,1,4,0,1,1,9,3,1,1,1,3,6,1,45,2,4,1,4,8,4,2,0,1,0,0,1,6,21,0,0,2,5,4,2,0,1,4,0,9,0,1,28,1,1,1,0,0,1,8,2,5,0,1,1,16,0,2,10,1,2,2,12,0,2,1,3,0,2,0,1,1,36,0,0,2,1,2,1,2,0,0,1,2,2,1,1,0,2,0,2,0
lenin_tolstoy_kak_zerkalo_rev.txt_chunk1,lenin,3,0,1,3,0,2,3,21,4,1,0,2,1,0,2,6,3,1,3,0,2,3,59,3,0,0,3,5,10,0,5,0,1,1,0,10,15,0,4,6,1,0,5,1,2,5,1,4,1,1,18,0,2,1,1,0,0,2,2,3,0,2,2,5,2,1,5,1,3,0,4,0,2,1,0,0,2,0,2,1,0,0,0,2,0,2,0,0,1,1,0,1,2,0,0,0,0,0,0,12
lenin_tsennoe_priznanie_I.txt_chunk2,lenin,5.050505050505051,2.0202020202020203,1.0101010101010102,0,0,0,2.0202020202020203,26.262626262626263,0,1.0101010101010102,7.070707070707071,3.0303030303030303,3.0303030303030303,2.0202020202020203,3.0303030303030303,4.040404040404041,0,1.0101010101010102,1.0101010101010102,3.0303030303030303,3.0303030303030303,0,55.55555555555555,2.0202020202020203,3.0303030303030303,0,3.0303030303030303,6.0606060606060606,5.050505050505051,2.0202020202020203,4.040404040404041,0,1.0101010101010102,2.0202020202020203,1.0101010101010102,17.17171717171717,21.212121212121215,0,1.0101010101010102,6.0606060606060606,8.080808080808081,0,2.0202020202020203,1.0101010101010102,1.0101010101010102,8.080808080808081,1.0101010101010102,4.040404040404041,0,2.0202020202020203,6.0606060606060606,1.0101010101010102,1.0101010101010102,1.0101010101010102,1.0101010101010102,5.050505050505051,0,1.0101010101010102,1.0101010101010102,5.050505050505051,3.0303030303030303,4.040404040404041,5.050505050505051,18.18181818181818,3.0303030303030303,0,9.09090909090909,3.0303030303030303,2.0202020202020203,0,0,1.0101010101010102,0,2.0202020202020203,1.0101010101010102,3.0303030303030303,2.0202020202020203,0,3.0303030303030303,3.0303030303030303,0,0,0,2.0202020202020203,0,2.0202020202020203,1.0101010101010102,2.0202020202020203,15.151515151515152,1.0101010101010102,1.0101010101010102,1.0101010101010102,0,0,3.0303030303030303,2.0202020202020203,0,0,0,0
lenin_zemsk_kampania_iskra.txt_chunk4,lenin,8,4,3,0,1,1,2,30,1,0,0,2,0,0,3,2,6,6,1,0,1,0,27,0,6,1,1,3,4,0,0,0,1,3,1,17,25,1,5,6,16,2,0,4,2,4,1,7,3,4,8,1,0,0,1,4,1,3,2,3,1,5,0,5,5,2,5,2,0,3,0,0,0,3,0,0,0,0,0,0,0,0,1,4,2,1,0,2,5,0,0,0,1,0,8,1,1,1,3,0
martov_borba_za_svobodu_I.txt_chunk1,martov,4,4,5,0,0,4,1,31,1,0,1,4,1,1,11,15,2,2,0,2,3,6,48,2,1,0,0,10,10,5,1,0,3,0,1,12,15,2,2,4,4,3,1,0,2,5,0,0,2,1,9,2,1,1,0,3,0,7,2,2,2,0,1,14,4,1,2,3,0,3,0,0,2,2,1,1,0,2,1,4,8,2,0,6,4,2,5,1,0,3,1,0,0,3,2,1,1,2,6,0
martov_borba_za_svobodu_I.txt_chunk2,martov,3,2,7,0,0,1,2,35,0,5,1,4,1,3,7,7,0,4,1,0,2,9,29,2,3,2,2,6,4,4,2,2,0,4,0,15,16,1,2,3,13,3,2,4,4,6,0,2,1,1,12,3,3,0,0,5,0,6,4,3,1,0,1,15,2,2,2,1,1,0,0,0,1,3,4,0,1,1,1,3,4,1,2,2,3,1,3,2,1,0,0,1,0,2,3,0,0,1,1,0
martov_borba_za_svobodu_I.txt_chunk3,martov,3,0,4,0,1,1,1,25,2,3,0,1,2,2,7,5,0,2,1,1,3,4,40,3,2,3,3,7,6,3,0,0,2,1,0,12,20,0,2,6,3,3,4,1,4,7,0,1,2,1,10,0,1,2,4,3,2,4,5,7,1,3,1,10,3,2,2,1,1,2,0,1,0,2,4,0,0,3,0,5,10,0,1,3,3,1,1,0,0,1,2,1,0,5,6,2,3,3,1,3
martov_borba_za_svobodu_I.txt_chunk4,martov,0,21.164021164021165,5.291005291005291,0,0,0,0,52.910052910052904,0,0,0,5.291005291005291,0,5.291005291005291,0,5.291005291005291,0,5.291005291005291,0,0,5.291005291005291,15.873015873015872,26.455026455026452,0,0,0,5.291005291005291,0,0,0,5.291005291005291,0,0,0,0,0,10.582010582010582,0,0,0,5.291005291005291,0,10.582010582010582,5.291005291005291,0,15.873015873015872,0,0,0,0,10.582010582010582,0,0,5.291005291005291,0,5.291005291005291,15.873015873015872,5.291005291005291,0,0,5.291005291005291,0,15.873015873015872,0,0,0,10.582010582010582,0,10.582010582010582,0,0,0,0,0,0,0,0,0,5.291005291005291,5.291005291005291,0,0,0,0,0,0,0,0,0,0,0,0,0,5.291005291005291,0,0,0,5.291005291005291,0,5.291005291005291
martov_boykot_dumy_i_rev_samoupravlenie_I.txt_chunk1,martov,5,2,4,0,1,2,2,33,1,4,0,4,2,1,5,1,1,1,5,2,3,0,26,5,3,1,6,17,3,1,3,1,5,2,0,8,9,0,1,5,7,0,2,3,3,11,0,7,2,2,10,1,1,2,0,1,3,4,4,2,1,0,3,11,5,0,3,2,2,1,0,0,2,2,0,3,2,2,7,0,1,11,2,0,6,3,1,0,0,0,3,1,0,1,4,0,0,1,1,1
martov_boykot_dumy_i_rev_samoupravlenie_I.txt_chunk2,martov,3,2,6,1,2,0,0,35,1,0,2,2,2,0,3,3,3,3,1,1,1,4,29,3,1,2,7,11,7,3,2,1,2,0,2,14,17,1,2,7,5,2,2,0,4,12,3,4,2,1,6,2,1,4,0,2,1,9,3,4,3,3,0,12,3,0,2,1,1,6,0,0,0,1,0,0,0,2,6,0,5,5,0,2,1,2,1,0,0,0,1,2,1,0,6,1,3,3,3,0
martov_boykot_dumy_i_rev_samoupravlenie_I.txt_chunk3,martov,11,6,7,0,0,2,5,23,4,0,3,1,0,4,1,2,1,9,2,4,10,2,25,1,4,2,1,7,5,0,0,1,1,7,0,16,21,0,1,7,2,0,3,1,6,6,1,8,3,3,5,0,4,5,1,6,2,11,3,5,1,2,1,21,2,0,15,0,1,0,2,0,6,1,1,3,2,2,2,1,0,1,1,2,3,0,1,2,0,2,1,6,0,0,2,3,2,3,0,0
martov_boykot_dumy_i_rev_samoupravlenie_I.txt_chunk4,martov,6.091370558375634,5.076142131979695,4.060913705583757,2.0304568527918785,1.0152284263959392,1.0152284263959392,3.045685279187817,26.395939086294415,2.0304568527918785,2.0304568527918785,1.0152284263959392,3.045685279187817,3.045685279187817,2.0304568527918785,7.106598984771574,7.106598984771574,1.0152284263959392,4.060913705583757,2.0304568527918785,1.0152284263959392,3.045685279187817,2.0304568527918785,30.456852791878173,6.091370558375634,2.0304568527918785,1.0152284263959392,2.0304568527918785,10.15228426395939,7.106598984771574,2.0304568527918785,3.045685279187817,0,1.0152284263959392,4.060913705583757,0,13.197969543147208,21.319796954314718,0,2.0304568527918785,4.060913705583757,8.121827411167514,0,2.0304568527918785,1.0152284263959392,2.0304568527918785,4.060913705583757,1.0152284263959392,4.060913705583757,2.0304568527918785,3.045685279187817,4.060913705583757,1.0152284263959392,2.0304568527918785,1.0152284263959392,1.0152284263959392,2.0304568527918785,4.060913705583757,9.137055837563452,0,6.091370558375634,1.0152284263959392,1.0152284263959392,2.0304568527918785,15.228426395939087,3.045685279187817,1.0152284263959392,3.045685279187817,1.0152284263959392,0,2.0304568527918785,1.0152284263959392,1.0152284263959392,2.0304568527918785,3.045685279187817,0,0,1.0152284263959392,3.045685279187817,0,3.045685279187817,0,0,1.0152284263959392,1.0152284263959392,0,5.076142131979695,0,0,0,1.0152284263959392,0,1.0152284263959392,0,1.0152284263959392,5.076142131979695,0,2.0304568527918785,0,1.0152284263959392,5.076142131979695
martov_demokraty_ponevole_I.txt_chunk1,martov,2,4,5,1,1,10,4,26,0,1,2,5,0,0,3,2,0,7,1,1,3,12,34,3,1,0,0,5,8,4,1,0,0,2,0,15,27,1,1,7,7,0,8,4,1,3,0,5,0,2,7,0,0,0,3,2,1,3,4,3,2,2,0,30,2,3,15,4,2,2,8,1,1,0,1,0,2,2,0,2,3,2,1,0,3,0,0,1,1,1,0,1,0,1,11,6,0,1,0,0
martov_demokraty_ponevole_I.txt_chunk2,martov,2.1459227467811157,2.1459227467811157,6.437768240343348,2.1459227467811157,2.1459227467811157,2.1459227467811157,0,34.33476394849785,2.1459227467811157,4.291845493562231,4.291845493562231,0,0,0,4.291845493562231,8.583690987124463,2.1459227467811157,6.437768240343348,4.291845493562231,2.1459227467811157,0,0,25.751072961373392,2.1459227467811157,0,0,2.1459227467811157,4.291845493562231,10.729613733905579,2.1459227467811157,4.291845493562231,0,0,0,0,10.729613733905579,36.48068669527897,0,4.291845493562231,4.291845493562231,10.729613733905579,2.1459227467811157,8.583690987124463,2.1459227467811157,8.583690987124463,0,2.1459227467811157,6.437768240343348,2.1459227467811157,0,8.583690987124463,0,2.1459227467811157,2.1459227467811157,0,2.1459227467811157,0,4.291845493562231,0,8.583690987124463,2.1459227467811157,0,0,21.459227467811157,4.291845493562231,2.1459227467811157,15.021459227467812,2.1459227467811157,0,2.1459227467811157,0,0,2.1459227467811157,0,4.291845493562231,2.1459227467811157,4.291845493562231,2.1459227467811157,0,2.1459227467811157,2.1459227467811157,2.1459227467811157,0,4.291845493562231,2.1459227467811157,0,2.1459227467811157,2.1459227467811157,0,0,0,0,0,4.291845493562231,2.1459227467811157,0,0,2.1459227467811157,0,2.1459227467811157
martov_gibel_port_artura_I.txt_chunk1,martov,1,1,1,1,1,2,0,33,2,4,0,6,0,1,7,8,0,1,0,1,2,8,41,3,1,1,1,3,13,3,1,0,0,1,1,11,6,0,2,2,8,2,2,2,3,5,0,6,0,1,19,1,2,2,1,0,2,2,1,3,4,1,1,11,0,2,4,3,5,0,0,0,3,1,1,0,0,0,0,2,0,0,0,1,1,0,0,2,0,2,1,6,0,3,2,0,0,0,0,0
martov_gibel_port_artura_I.txt_chunk2,martov,0,0,5.9171597633136095,0,0,0,0,17.75147928994083,0,0,0,0,0,0,17.75147928994083,11.834319526627219,0,0,0,0,0,23.668639053254438,47.337278106508876,0,23.668639053254438,0,0,5.9171597633136095,5.9171597633136095,5.9171597633136095,0,0,5.9171597633136095,0,0,0,0,0,5.9171597633136095,5.9171597633136095,0,0,0,5.9171597633136095,0,11.834319526627219,0,0,0,0,17.75147928994083,0,0,5.9171597633136095,0,0,0,0,0,5.9171597633136095,0,0,0,5.9171597633136095,5.9171597633136095,0,23.668639053254438,0,0,0,0,0,0,0,0,0,0,0,0,0,0,5.9171597633136095,0,5.9171597633136095,0,0,0,0,0,11.834319526627219,0,5.9171597633136095,0,0,0,0,0,5.9171597633136095,0,0
martov_golod_idet_I.txt_chunk1,martov,2.5412960609911055,1.2706480304955527,0,1.2706480304955527,0,0,0,21.601016518424398,1.2706480304955527,0,2.5412960609911055,2.5412960609911055,3.8119440914866582,0,2.5412960609911055,1.2706480304955527,1.2706480304955527,7.6238881829733165,0,6.353240152477763,1.2706480304955527,12.706480304955527,39.39008894536213,0,2.5412960609911055,0,7.6238881829733165,8.89453621346887,3.8119440914866582,1.2706480304955527,6.353240152477763,0,0,0,1.2706480304955527,16.518424396442185,12.706480304955527,1.2706480304955527,0,2.5412960609911055,6.353240152477763,1.2706480304955527,1.2706480304955527,1.2706480304955527,0,2.5412960609911055,0,1.2706480304955527,0,1.2706480304955527,7.6238881829733165,0,0,0,1.2706480304955527,1.2706480304955527,1.2706480304955527,2.5412960609911055,1.2706480304955527,1.2706480304955527,0,1.2706480304955527,0,5.082592121982211,1.2706480304955527,0,3.8119440914866582,0,0,3.8119440914866582,0,0,0,0,1.2706480304955527,0,0,1.2706480304955527,1.2706480304955527,7.6238881829733165,2.5412960609911055,0,0,12.706480304955527,0,0,5.082592121982211,0,2.5412960609911055,2.5412960609911055,0,0,0,3.8119440914866582,0,0,0,2.5412960609911055,1.2706480304955527,0
martov_itogi_polit_razvitiya.txt_chunk1,martov,1,0,1,1,2,1,2,40,1,0,5,6,3,0,5,2,2,0,0,0,3,1,48,2,6,0,3,8,3,0,2,6,1,0,0,17,11,0,2,5,1,0,1,1,1,6,0,0,2,3,10,0,2,0,3,1,1,6,0,1,0,0,0,1,0,3,4,1,1,0,0,0,3,1,0,2,0,5,4,1,0,0,2,2,0,0,3,1,0,3,4,1,1,1,1,0,0,1,0,2
martov_itogi_polit_razvitiya.txt_chunk2,martov,1,0,0,3,0,3,0,38,0,0,3,5,1,1,4,2,3,2,0,4,4,5,47,3,0,0,2,19,8,0,1,3,5,1,1,6,9,0,2,7,4,0,4,2,0,3,0,2,0,2,16,0,0,1,0,1,6,5,1,3,0,1,5,0,0,0,2,2,1,0,0,0,4,1,0,0,0,3,9,1,0,0,0,5,0,0,2,0,1,5,1,0,3,0,0,0,0,6,2,3
martov_itogi_polit_razvitiya.txt_chunk5,martov,1,0,2,1,1,5,2,47,2,0,1,5,0,0,12,9,4,0,0,1,5,4,41,3,4,4,1,7,1,2,0,2,1,0,0,11,4,0,1,6,2,1,1,2,1,4,0,3,2,3,7,3,2,1,1,0,3,2,4,1,0,0,2,1,3,1,2,0,3,1,0,0,3,1,0,0,0,2,4,3,0,0,1,0,3,0,4,0,0,9,2,0,3,0,0,0,0,5,0,1
martov_itogi_zemskogo_parlamenta_I.txt_chunk2,martov,3.717472118959108,1.2391573729863692,3.717472118959108,0,0,4.956629491945477,1.2391573729863692,30.97893432465923,0,0,1.2391573729863692,3.717472118959108,1.2391573729863692,0,6.195786864931847,9.913258983890954,0,2.4783147459727384,0,2.4783147459727384,1.2391573729863692,1.2391573729863692,30.97893432465923,0,0,0,8.674101610904586,8.674101610904586,4.956629491945477,4.956629491945477,1.2391573729863692,0,1.2391573729863692,2.4783147459727384,0,23.543990086741015,22.304832713754646,0,2.4783147459727384,6.195786864931847,1.2391573729863692,1.2391573729863692,3.717472118959108,2.4783147459727384,3.717472118959108,6.195786864931847,0,6.195786864931847,2.4783147459727384,0,3.717472118959108,1.2391573729863692,1.2391573729863692,0,0,2.4783147459727384,0,0,2.4783147459727384,6.195786864931847,1.2391573729863692,0,0,3.717472118959108,8.674101610904586,1.2391573729863692,1.2391573729863692,3.717472118959108,1.2391573729863692,1.2391573729863692,0,0,0,0,0,0,0,0,1.2391573729863692,0,1.2391573729863692,1.2391573729863692,1.2391573729863692,6.195786864931847,1.2391573729863692,0,1.2391573729863692,0,0,1.2391573729863692,0,1.2391573729863692,1.2391573729863692,1.2391573729863692,2.4783147459727384,0,3.717472118959108,4.956629491945477,4.956629491945477,2.4783147459727384
martov_klass_protiv_klassa.txt_chunk1,martov,4,0,4,2,0,1,0,33,0,0,2,5,4,1,5,8,3,1,3,0,2,5,48,4,0,1,4,6,1,2,4,0,2,2,0,6,21,2,0,5,0,0,1,5,0,5,0,1,1,0,7,4,2,2,1,1,4,2,2,0,0,1,5,9,2,2,2,1,0,0,0,2,0,0,1,2,2,1,1,2,0,0,0,6,0,0,0,0,2,0,4,1,0,2,0,0,0,0,0,0
martov_klass_protiv_klassa.txt_chunk2,martov,5,2,0,0,1,0,1,29,0,0,1,6,0,0,6,20,0,2,3,0,3,9,40,6,0,1,5,6,3,9,0,0,2,0,0,8,10,1,0,4,1,0,6,1,3,1,0,2,0,1,7,2,3,1,4,3,2,11,4,4,1,2,0,9,14,2,4,1,0,1,0,2,0,0,0,0,3,0,4,0,0,0,0,7,0,0,1,3,5,0,1,1,2,1,2,0,0,0,0,0
martov_klass_protiv_klassa.txt_chunk3,martov,3,3,0,0,0,1,1,19,7,0,0,4,2,1,6,6,1,1,2,3,4,10,47,3,1,2,4,5,3,5,1,1,2,1,0,12,11,0,1,5,1,0,1,1,2,16,0,3,1,0,14,1,0,1,9,0,1,1,4,5,2,8,0,8,6,0,1,2,5,2,3,1,4,0,0,0,2,2,0,3,0,0,0,11,2,0,9,0,5,1,1,0,1,1,1,1,0,2,0,0
martov_klass_protiv_klassa.txt_chunk4,martov,0,13.888888888888888,0,0,0,0,0,0,0,0,0,13.888888888888888,0,0,0,0,13.888888888888888,0,0,0,0,0,83.33333333333333,0,0,0,0,13.888888888888888,0,0,0,0,0,0,0,0,13.888888888888888,0,27.777777777777775,0,13.888888888888888,0,0,27.777777777777775,0,0,0,0,0,13.888888888888888,0,0,0,0,0,0,0,0,0,0,0,0,0,0,0,0,0,0,0,0,0,0,0,0,0,0,0,13.888888888888888,0,0,0,0,0,0,0,0,0,0,0,0,0,0,0,0,0,0,0,0,0,0
martov_krovavoe_bezumie.txt_chunk1,martov,6,4,3,0,2,1,6,41,2,0,0,6,1,1,6,0,1,0,1,1,4,6,40,9,3,0,2,5,6,0,0,1,1,5,2,12,15,1,0,5,1,0,0,3,4,7,0,2,0,0,12,1,1,0,1,1,0,2,5,0,2,0,0,19,4,2,4,1,2,1,0,0,2,2,3,0,1,6,0,1,1,0,4,3,2,0,1,1,0,5,0,1,1,5,2,0,1,1,0,1
martov_krovavoe_bezumie.txt_chunk2,martov,0,0,0,0,0,0,40.54054054054054,27.027027027027028,0,0,0,13.513513513513514,0,13.513513513513514,0,0,0,13.513513513513514,0,0,0,13.513513513513514,40.54054054054054,27.027027027027028,0,0,0,0,0,0,0,0,13.513513513513514,13.513513513513514,0,0,27.027027027027028,0,0,0,0,0,0,0,0,0,0,0,0,0,0,0,0,0,0,0,0,0,0,0,0,0,0,0,0,0,0,0,0,0,0,0,0,0,0,0,0,0,0,0,0,0,0,0,0,0,0,0,0,13.513513513513514,0,0,0,0,13.513513513513514,0,0,13.513513513513514,0,0
martov_liberal_izmeny_I.txt_chunk2,martov,3.6900369003690034,0,1.2300123001230012,0,0,0,0,34.44034440344403,1.2300123001230012,0,0,0,0,2.4600246002460024,3.6900369003690034,2.4600246002460024,1.2300123001230012,3.6900369003690034,1.2300123001230012,2.4600246002460024,3.6900369003690034,4.920049200492005,22.14022140221402,2.4600246002460024,1.2300123001230012,3.6900369003690034,3.6900369003690034,8.610086100861007,6.150061500615006,2.4600246002460024,2.4600246002460024,0,2.4600246002460024,1.2300123001230012,0,11.07011070110701,12.300123001230013,1.2300123001230012,0,4.920049200492005,7.380073800738007,0,3.6900369003690034,0,13.530135301353015,9.84009840098401,0,3.6900369003690034,1.2300123001230012,1.2300123001230012,12.300123001230013,4.920049200492005,2.4600246002460024,0,2.4600246002460024,1.2300123001230012,2.4600246002460024,6.150061500615006,0,1.2300123001230012,1.2300123001230012,0,1.2300123001230012,14.760147601476014,7.380073800738007,2.4600246002460024,3.6900369003690034,2.4600246002460024,1.2300123001230012,0,0,1.2300123001230012,2.4600246002460024,2.4600246002460024,0,2.4600246002460024,0,1.2300123001230012,1.2300123001230012,1.2300123001230012,1.2300123001230012,1.2300123001230012,1.2300123001230012,9.84009840098401,1.2300123001230012,0,2.4600246002460024,1.2300123001230012,0,0,2.4600246002460024,3.6900369003690034,0,1.2300123001230012,2.4600246002460024,0,0,1.2300123001230012,2.4600246002460024,0
martov_liberal_realizm_I.txt_chunk1,martov,6,2,5,0,1,0,2,26,1,1,1,3,3,0,8,2,0,4,1,2,5,1,42,4,2,3,4,12,6,4,2,0,8,4,0,11,23,1,1,2,6,0,4,1,3,11,0,1,0,1,6,2,1,1,2,3,0,3,4,4,2,0,0,17,4,4,1,4,0,1,0,0,0,3,6,0,0,5,1,1,2,0,3,2,1,1,4,3,0,3,0,2,1,3,0,0,2,2,3,4
martov_liberal_realizm_I.txt_chunk2,martov,3,4,1,0,0,1,2,27,1,3,2,4,0,0,5,4,0,1,2,0,10,3,32,2,1,2,3,6,4,1,0,1,3,3,0,14,14,2,7,5,5,5,5,2,0,7,0,3,2,2,8,2,0,0,1,1,1,4,1,2,1,0,0,10,1,0,0,0,4,3,1,1,2,0,0,0,0,1,0,1,8,4,0,5,1,1,4,0,0,1,1,1,1,1,2,0,1,0,7,2
martov_liberal_realizm_I.txt_chunk3,martov,1.6835016835016834,0,0,0,0,1.6835016835016834,0,25.252525252525253,1.6835016835016834,1.6835016835016834,0,0,0,0,6.7340067340067336,0,8.417508417508417,1.6835016835016834,1.6835016835016834,0,1.6835016835016834,1.6835016835016834,28.61952861952862,1.6835016835016834,3.3670033670033668,0,1.6835016835016834,10.101010101010102,6.7340067340067336,1.6835016835016834,0,0,0,0,1.6835016835016834,18.51851851851852,31.986531986531986,0,3.3670033670033668,5.050505050505051,1.6835016835016834,0,0,6.7340067340067336,5.050505050505051,11.784511784511785,0,3.3670033670033668,1.6835016835016834,3.3670033670033668,16.835016835016834,3.3670033670033668,0,1.6835016835016834,0,0,5.050505050505051,1.6835016835016834,1.6835016835016834,1.6835016835016834,0,1.6835016835016834,0,16.835016835016834,6.7340067340067336,0,3.3670033670033668,0,0,1.6835016835016834,0,1.6835016835016834,0,0,0,0,3.3670033670033668,3.3670033670033668,0,1.6835016835016834,11.784511784511785,3.3670033670033668,0,0,0,1.6835016835016834,0,1.6835016835016834,0,0,0,0,0,0,3.3670033670033668,0,0,0,0,8.417508417508417
martov_mirovoy_bolshevizm_NQ.txt_chunk10,martov,6,1,3,2,1,0,5,33,1,1,0,8,1,0,5,12,1,2,2,2,1,0,40,5,5,0,3,11,8,1,5,2,2,7,0,6,12,0,1,3,3,0,3,2,2,4,0,4,3,2,6,0,2,0,2,7,4,2,3,12,3,2,0,7,3,1,5,2,3,0,0,0,1,0,0,0,1,1,2,2,0,0,0,0,0,0,2,1,0,0,2,0,2,4,1,0,0,5,1,0
martov_mirovoy_bolshevizm_NQ.txt_chunk11,martov,1,0,3,1,0,1,1,49,3,1,3,0,0,0,8,6,2,3,0,0,3,0,32,2,1,1,1,9,7,4,3,3,1,2,2,22,10,0,2,2,8,2,3,2,0,5,0,4,0,1,11,2,1,1,0,1,0,5,3,2,2,0,1,6,2,2,1,3,2,2,0,0,2,1,1,0,1,1,3,1,2,3,1,0,0,0,0,0,0,0,0,0,1,0,1,0,1,5,1,3
martov_mirovoy_bolshevizm_NQ.txt_chunk12,martov,4,0,2,3,0,0,2,41,2,0,2,1,0,0,5,7,5,3,1,2,5,0,41,3,2,1,1,8,7,2,0,2,2,3,1,15,18,1,0,3,12,0,3,0,1,4,0,3,0,3,6,2,0,0,1,5,3,6,3,3,2,1,0,16,1,1,3,0,0,0,2,1,3,7,1,0,0,0,0,2,3,2,1,1,0,3,0,0,0,0,1,0,0,1,0,0,0,14,3,2
martov_mirovoy_bolshevizm_NQ.txt_chunk14,martov,1,0,0,3,2,1,4,43,4,0,3,0,2,0,3,3,4,0,5,0,8,1,26,3,1,0,2,8,16,3,1,2,4,3,0,5,1,0,0,1,9,1,2,0,4,5,1,2,0,1,11,3,1,2,0,2,2,10,3,0,3,2,2,14,0,0,4,0,0,0,0,0,0,0,0,0,2,2,2,2,1,0,0,0,0,0,3,0,1,0,0,0,0,0,2,0,1,6,6,1
martov_mirovoy_bolshevizm_NQ.txt_chunk15,martov,3,0,6,1,1,2,0,47,2,4,1,3,0,4,5,5,6,3,0,2,2,2,35,3,2,2,1,5,7,2,2,1,3,0,1,12,12,0,0,3,9,1,5,1,6,5,0,3,3,2,7,1,1,2,1,0,2,3,2,2,5,1,0,7,1,4,2,2,0,1,0,1,2,4,4,0,0,1,0,1,1,0,0,0,0,0,0,1,1,0,0,0,2,1,1,0,0,4,3,7
martov_mirovoy_bolshevizm_NQ.txt_chunk16,martov,3.9215686274509802,0,1.9607843137254901,0,1.9607843137254901,3.9215686274509802,0,45.09803921568627,0,0,3.9215686274509802,0,0,0,7.8431372549019605,3.9215686274509802,1.9607843137254901,0,0,0,9.803921568627452,5.88235294117647,37.254901960784316,0,0,0,5.88235294117647,9.803921568627452,1.9607843137254901,5.88235294117647,3.9215686274509802,1.9607843137254901,0,0,0,13.72549019607843,5.88235294117647,0,0,0,5.88235294117647,0,0,0,0,5.88235294117647,0,1.9607843137254901,1.9607843137254901,1.9607843137254901,3.9215686274509802,0,0,0,0,0,3.9215686274509802,1.9607843137254901,3.9215686274509802,0,0,0,0,0,5.88235294117647,1.9607843137254901,1.9607843137254901,0,0,0,0,0,0,1.9607843137254901,0,0,0,1.9607843137254901,1.9607843137254901,3.9215686274509802,0,0,1.9607843137254901,0,0,3.9215686274509802,1.9607843137254901,0,1.9607843137254901,1.9607843137254901,1.9607843137254901,1.9607843137254901,0,1.9607843137254901,0,0,0,5.88235294117647,0,7.8431372549019605
martov_mirovoy_bolshevizm_NQ.txt_chunk2,martov,0,0,3,0,5,1,1,47,0,0,2,1,2,0,4,2,0,1,1,4,2,2,45,5,3,0,7,8,6,1,8,1,3,0,1,16,11,0,0,5,3,0,0,0,5,3,0,0,3,3,8,0,3,1,1,0,2,4,3,4,1,0,0,8,0,2,2,0,1,1,1,0,5,0,3,1,1,3,1,0,2,1,0,2,2,0,3,1,3,0,0,1,2,2,2,0,0,9,1,1
martov_mirovoy_bolshevizm_NQ.txt_chunk3,martov,1,2,3,1,1,4,1,37,0,0,0,4,0,0,4,14,1,0,1,4,1,3,33,7,2,0,1,4,8,4,2,2,0,0,1,9,14,0,2,3,0,0,3,0,1,4,0,2,2,1,7,1,1,3,1,2,1,4,4,0,1,0,3,14,1,3,8,2,1,0,0,1,1,1,2,2,0,0,2,2,0,1,1,2,3,1,0,0,0,0,1,0,3,2,1,0,0,6,0,0
martov_mirovoy_bolshevizm_NQ.txt_chunk4,martov,4,2,2,0,2,1,3,35,5,0,4,4,1,0,2,5,1,1,3,3,3,4,31,2,1,0,3,11,6,4,4,1,0,3,1,11,20,1,2,2,2,0,1,1,5,6,0,3,0,7,10,0,0,1,0,3,1,3,1,3,2,0,3,13,2,2,6,2,3,1,0,0,1,3,2,0,0,1,1,1,2,2,1,4,1,0,0,0,0,1,0,1,0,4,6,0,0,6,0,4
martov_mirovoy_bolshevizm_NQ.txt_chunk5,martov,5,0,2,0,0,0,1,21,0,1,0,1,1,1,12,6,3,7,1,6,2,2,45,3,3,1,5,7,4,1,2,1,1,2,1,10,12,2,1,5,4,0,0,2,5,5,0,3,1,0,9,1,0,0,2,1,0,5,2,4,0,0,0,10,4,1,1,2,2,2,0,0,2,2,2,2,1,4,0,1,0,3,1,0,2,1,1,1,1,1,2,3,1,0,1,0,0,3,2,1
martov_mirovoy_bolshevizm_NQ.txt_chunk6,martov,4,0,1,2,3,0,0,41,3,1,3,4,2,0,1,2,1,0,1,2,4,1,43,2,0,1,4,4,9,4,0,0,6,1,0,8,13,0,5,4,4,0,2,1,3,5,0,6,0,2,5,1,0,2,0,1,1,4,2,2,1,1,2,7,0,2,5,0,1,1,0,0,1,2,0,0,0,0,0,2,0,1,1,0,3,1,1,0,1,0,0,0,1,1,2,0,0,2,2,8
martov_mirovoy_bolshevizm_NQ.txt_chunk7,martov,3,1,0,0,0,2,3,44,2,0,1,3,1,0,5,2,0,0,2,2,4,0,25,7,4,1,7,12,9,2,2,1,0,1,0,8,12,0,4,5,2,0,0,2,0,7,0,6,1,2,10,0,0,1,0,2,1,2,2,0,2,1,1,10,1,1,7,2,4,3,0,0,1,3,0,1,0,2,4,1,0,0,3,3,0,1,1,1,0,2,0,0,0,0,4,0,0,7,1,10
martov_mirovoy_bolshevizm_NQ.txt_chunk8,martov,0,0,4,0,0,0,3,40,1,0,0,4,2,0,3,5,4,0,2,1,4,5,39,4,3,0,5,6,7,2,2,2,1,2,0,7,21,0,1,10,1,2,2,2,1,5,0,6,1,5,5,0,0,5,1,2,0,4,1,8,1,1,2,5,1,1,3,0,1,1,0,0,3,1,0,1,0,0,2,7,2,5,0,0,0,3,0,2,0,0,0,0,1,1,2,1,2,6,1,2
martov_nash_cyezd_I.txt_chunk1,martov,3,1,4,4,0,7,3,24,0,4,1,5,3,1,6,4,0,1,0,4,4,4,29,3,0,2,2,4,4,4,2,0,1,2,0,8,13,0,0,3,5,0,1,0,1,4,0,2,2,0,10,2,0,2,1,0,4,3,2,10,0,0,0,9,3,0,2,3,4,0,0,0,1,0,0,0,2,1,1,0,0,7,8,2,11,0,4,0,0,0,1,3,5,0,7,0,1,6,6,0
martov_nash_cyezd_I.txt_chunk2,martov,5,3,1,1,2,0,2,22,1,1,1,5,3,1,5,7,0,0,0,4,2,2,42,6,2,1,1,6,5,0,3,3,4,1,2,14,12,0,2,7,2,4,2,0,0,1,3,6,1,5,9,3,1,3,1,5,6,5,3,3,1,1,8,15,3,0,5,1,4,2,0,0,1,1,0,1,0,0,6,1,0,1,15,0,1,1,0,0,0,1,2,0,2,1,3,1,1,0,0,0
martov_ne_nachalo_li_povorota_I.txt_chunk1,martov,3,0,6,1,1,4,2,40,2,2,1,1,2,0,3,6,2,6,3,1,2,2,26,1,1,2,4,4,7,1,1,1,0,1,0,16,12,0,3,5,6,3,5,1,4,8,1,6,1,0,12,2,4,2,2,1,1,7,3,5,1,1,2,7,1,2,9,1,1,3,0,0,5,0,4,0,0,1,4,1,0,1,2,2,2,0,1,1,0,3,3,1,0,1,1,1,0,1,2,3
martov_ne_nachalo_li_povorota_I.txt_chunk2,martov,2,1,3,1,0,1,2,36,0,1,1,1,0,1,7,5,2,2,1,2,2,5,16,1,3,1,2,14,3,3,1,3,5,3,2,9,14,1,1,8,3,0,2,0,6,6,2,5,0,7,17,4,0,1,3,2,4,4,2,3,1,1,1,8,3,2,6,2,4,3,0,1,1,1,3,0,0,2,1,0,0,1,6,1,0,0,4,2,0,1,0,3,1,0,7,0,0,3,1,0
martov_ne_nachalo_li_povorota_I.txt_chunk3,martov,2.155172413793103,4.310344827586206,3.2327586206896552,0,0,0,1.0775862068965516,36.637931034482754,2.155172413793103,4.310344827586206,1.0775862068965516,1.0775862068965516,1.0775862068965516,0,9.698275862068966,4.310344827586206,1.0775862068965516,6.4655172413793105,0,4.310344827586206,3.2327586206896552,2.155172413793103,28.017241379310345,1.0775862068965516,5.387931034482759,1.0775862068965516,4.310344827586206,5.387931034482759,5.387931034482759,3.2327586206896552,3.2327586206896552,1.0775862068965516,0,7.543103448275862,0,12.931034482758621,17.241379310344826,0,1.0775862068965516,4.310344827586206,3.2327586206896552,3.2327586206896552,3.2327586206896552,0,15.086206896551724,3.2327586206896552,2.155172413793103,0,0,0,14.008620689655173,2.155172413793103,1.0775862068965516,1.0775862068965516,1.0775862068965516,0,3.2327586206896552,2.155172413793103,4.310344827586206,4.310344827586206,1.0775862068965516,1.0775862068965516,1.0775862068965516,8.620689655172413,7.543103448275862,0,4.310344827586206,1.0775862068965516,2.155172413793103,3.2327586206896552,0,0,0,0,3.2327586206896552,3.2327586206896552,0,1.0775862068965516,4.310344827586206,1.0775862068965516,0,1.0775862068965516,1.0775862068965516,0,2.155172413793103,0,0,1.0775862068965516,1.0775862068965516,2.155172413793103,2.155172413793103,1.0775862068965516,0,2.155172413793103,3.2327586206896552,1.0775862068965516,1.0775862068965516,2.155172413793103,4.310344827586206,3.2327586206896552
martov_o_4_syezde_Bunda_I.txt_chunk1,martov,2.3228803716608595,1.1614401858304297,3.484320557491289,1.1614401858304297,0,1.1614401858304297,2.3228803716608595,39.48896631823461,5.807200929152149,3.484320557491289,3.484320557491289,2.3228803716608595,1.1614401858304297,0,11.614401858304298,1.1614401858304297,4.645760743321719,1.1614401858304297,0,1.1614401858304297,3.484320557491289,0,19.744483159117305,8.130081300813009,1.1614401858304297,0,0,3.484320557491289,10.452961672473869,2.3228803716608595,1.1614401858304297,1.1614401858304297,2.3228803716608595,5.807200929152149,1.1614401858304297,13.937282229965156,15.098722415795587,0,1.1614401858304297,4.645760743321719,9.291521486643438,5.807200929152149,3.484320557491289,2.3228803716608595,0,8.130081300813009,0,4.645760743321719,0,1.1614401858304297,11.614401858304298,1.1614401858304297,0,3.484320557491289,0,0,0,5.807200929152149,0,4.645760743321719,2.3228803716608595,0,1.1614401858304297,16.260162601626018,1.1614401858304297,0,5.807200929152149,4.645760743321719,1.1614401858304297,1.1614401858304297,0,0,6.968641114982578,1.1614401858304297,3.484320557491289,0,1.1614401858304297,0,2.3228803716608595,2.3228803716608595,5.807200929152149,2.3228803716608595,8.130081300813009,1.1614401858304297,4.645760743321719,4.645760743321719,0,0,1.1614401858304297,6.968641114982578,0,0,0,1.1614401858304297,4.645760743321719,1.1614401858304297,0,4.645760743321719,1.1614401858304297,0
martov_o_terrore_I.txt_chunk1,martov,1,0,3,4,2,3,1,42,2,8,2,3,0,2,9,7,0,0,0,1,5,3,24,2,3,0,0,13,9,0,4,0,0,2,0,13,14,0,0,6,10,1,0,0,3,1,3,6,0,0,14,1,0,1,0,0,3,2,3,4,4,0,2,9,0,0,2,3,2,0,0,0,1,1,0,1,0,2,3,1,1,2,1,0,12,0,7,0,2,4,0,2,3,1,1,1,0,3,6,2
martov_o_terrore_I.txt_chunk2,martov,5,2,5,0,0,1,5,34,2,3,0,6,3,3,10,2,0,2,1,1,3,2,34,5,2,2,2,6,5,2,3,1,0,3,0,11,11,1,0,7,1,1,0,4,1,4,1,2,4,1,9,0,0,0,1,1,0,2,4,6,0,1,0,10,6,0,4,1,2,2,0,0,1,2,3,2,1,0,1,1,3,2,3,2,8,0,5,0,1,3,0,2,2,5,4,1,1,2,2,0
martov_o_terrore_I.txt_chunk3,martov,3.90625,1.3020833333333333,7.8125,0,1.3020833333333333,2.6041666666666665,0,29.947916666666668,5.208333333333333,1.3020833333333333,1.3020833333333333,7.8125,0,6.510416666666667,1.3020833333333333,3.90625,0,5.208333333333333,0,0,2.6041666666666665,13.020833333333334,27.34375,1.3020833333333333,0,2.6041666666666665,1.3020833333333333,3.90625,5.208333333333333,11.71875,2.6041666666666665,0,0,1.3020833333333333,1.3020833333333333,19.53125,9.114583333333334,3.90625,9.114583333333334,2.6041666666666665,0,1.3020833333333333,1.3020833333333333,0,2.6041666666666665,5.208333333333333,0,1.3020833333333333,2.6041666666666665,3.90625,9.114583333333334,2.6041666666666665,0,1.3020833333333333,1.3020833333333333,1.3020833333333333,0,10.416666666666666,0,3.90625,0,0,1.3020833333333333,15.625,5.208333333333333,2.6041666666666665,3.90625,1.3020833333333333,0,2.6041666666666665,0,1.3020833333333333,1.3020833333333333,0,0,0,0,0,0,1.3020833333333333,1.3020833333333333,5.208333333333333,3.90625,1.3020833333333333,11.71875,0,6.510416666666667,0,2.6041666666666665,0,0,2.6041666666666665,1.3020833333333333,3.90625,6.510416666666667,2.6041666666666665,0,1.3020833333333333,3.90625,0
martov_polit_partii_v_Rosii.txt_chunk1,martov,7,0,4,2,3,5,0,43,1,0,7,4,1,1,2,3,0,1,1,2,5,12,41,6,2,3,8,4,5,2,5,0,0,1,1,12,13,0,0,5,2,1,2,3,6,3,1,4,2,0,9,1,0,1,1,6,0,6,6,2,1,0,1,12,7,2,3,3,1,0,0,0,0,0,0,0,3,2,3,1,5,0,23,2,3,3,0,2,0,9,1,0,0,0,1,0,0,0,2,0
martov_polit_partii_v_Rosii.txt_chunk2,martov,6,0,2,0,3,1,4,28,0,0,0,4,2,0,4,2,1,0,4,2,2,12,46,4,3,1,6,4,3,0,2,3,3,3,0,15,17,0,2,7,3,0,1,2,13,5,1,5,1,3,6,1,3,3,0,5,2,4,2,2,2,1,0,10,5,3,2,0,2,2,0,1,2,0,0,0,1,2,2,2,0,0,8,1,0,4,2,2,0,1,0,1,1,0,0,0,1,0,1,2
martov_polit_partii_v_Rosii.txt_chunk3,martov,2,0,0,0,1,4,2,24,0,0,0,2,0,1,11,2,0,2,0,1,8,9,51,3,2,5,0,2,8,7,2,1,0,2,1,15,15,1,2,13,6,2,0,6,8,3,1,4,0,1,8,0,1,0,0,6,2,5,3,4,4,3,1,17,6,3,1,0,0,0,0,2,1,0,1,1,0,1,0,1,3,0,10,4,0,1,0,0,2,3,0,0,0,0,4,1,0,0,0,0
martov_polit_partii_v_Rosii.txt_chunk4,martov,8,0,1,4,0,2,2,15,2,1,0,2,1,1,1,1,1,1,2,4,6,11,44,4,3,1,5,6,5,4,1,0,2,1,1,13,22,2,4,12,0,0,0,1,8,4,1,9,1,3,15,1,1,0,2,3,1,4,2,3,1,3,0,7,5,0,8,1,2,1,0,2,1,0,0,0,3,2,1,2,1,1,13,3,0,1,1,0,0,1,0,0,0,0,1,1,0,0,0,1
martov_polit_partii_v_Rosii.txt_chunk5,martov,12,1,2,2,3,1,0,24,1,0,3,6,0,2,2,3,1,1,3,3,5,7,37,0,0,2,1,10,4,6,2,0,1,0,2,12,18,0,2,8,7,0,1,3,14,5,0,2,0,1,6,4,1,1,1,0,1,10,3,6,3,2,0,28,5,2,6,2,1,0,0,3,1,1,0,2,1,3,1,0,1,0,1,6,0,0,3,0,3,1,0,3,0,1,0,0,0,1,0,3
martov_polit_partii_v_Rosii.txt_chunk7,martov,4,4,1,0,0,0,0,36,1,0,2,4,2,2,0,0,0,2,1,2,4,7,40,5,1,4,6,9,10,1,3,0,6,0,0,15,13,1,0,10,5,0,0,0,4,11,1,6,0,5,14,2,3,8,0,4,2,5,4,2,1,0,3,6,4,2,2,0,2,1,0,2,2,0,0,1,0,0,5,4,0,0,8,8,3,1,4,2,0,1,1,3,0,0,1,0,0,1,2,0
martov_polit_partii_v_Rosii.txt_chunk8,martov,7,1,3,0,1,0,0,29,0,1,1,5,4,1,5,3,0,0,1,0,1,23,43,3,5,5,4,7,7,1,1,0,3,1,0,16,14,0,0,6,4,1,0,1,5,13,0,1,1,1,10,0,0,2,1,1,1,10,4,5,2,0,0,12,11,0,0,1,5,0,0,1,1,0,0,1,2,0,1,2,0,0,6,2,2,0,2,0,1,0,0,2,0,0,3,0,0,2,1,0
martov_polit_partii_v_Rosii.txt_chunk9,martov,0,125,0,0,0,0,0,125,0,0,0,0,0,0,0,0,0,0,0,0,0,0,0,0,0,0,0,0,0,0,0,0,0,0,0,0,0,0,0,0,0,0,125,0,0,0,0,0,0,0,0,0,125,0,0,0,0,0,0,0,0,0,0,0,0,0,0,0,0,0,0,0,0,0,0,0,0,0,0,0,0,0,0,0,0,0,0,0,0,0,0,0,0,0,0,0,0,0,0,0
martov_pravitelstvo_na_skamye_podsudimyh_I.txt_chunk1,martov,5,0,2,0,2,3,0,41,5,0,3,10,2,1,3,3,1,0,1,0,3,2,31,7,1,2,6,4,2,5,0,0,0,1,1,18,17,0,1,4,8,0,2,0,2,1,0,2,3,1,7,1,1,0,0,1,3,4,3,2,3,1,2,11,4,0,5,2,3,0,0,1,0,2,0,0,2,1,2,2,1,0,0,1,1,1,0,2,1,1,1,0,1,3,0,0,0,0,1,1
martov_pravitelstvo_na_skamye_podsudimyh_I.txt_chunk2,martov,5.221932114882507,0,0,0,2.6109660574412534,0,0,33.942558746736296,1.3054830287206267,0,0,2.6109660574412534,2.6109660574412534,2.6109660574412534,3.9164490861618795,5.221932114882507,0,0,1.3054830287206267,3.9164490861618795,3.9164490861618795,1.3054830287206267,33.942558746736296,3.9164490861618795,1.3054830287206267,0,1.3054830287206267,2.6109660574412534,6.5274151436031325,3.9164490861618795,1.3054830287206267,1.3054830287206267,2.6109660574412534,0,0,20.887728459530027,2.6109660574412534,1.3054830287206267,2.6109660574412534,7.832898172323759,2.6109660574412534,1.3054830287206267,1.3054830287206267,2.6109660574412534,1.3054830287206267,2.6109660574412534,0,9.138381201044387,0,0,10.443864229765014,1.3054830287206267,0,1.3054830287206267,0,0,2.6109660574412534,0,2.6109660574412534,1.3054830287206267,1.3054830287206267,1.3054830287206267,0,14.360313315926893,5.221932114882507,1.3054830287206267,3.9164490861618795,2.6109660574412534,9.138381201044387,5.221932114882507,2.6109660574412534,1.3054830287206267,0,0,0,2.6109660574412534,0,2.6109660574412534,0,0,1.3054830287206267,0,0,3.9164490861618795,2.6109660574412534,0,0,1.3054830287206267,2.6109660574412534,1.3054830287206267,0,0,1.3054830287206267,2.6109660574412534,0,0,0,0,0,1.3054830287206267
martov_probuzhdenie_demokratii_I.txt_chunk1,martov,1,2,5,0,0,0,1,32,2,1,4,1,1,0,2,5,0,5,0,0,5,7,32,6,0,1,1,7,4,1,1,3,3,2,1,12,8,0,0,3,5,0,2,7,0,4,0,8,3,1,17,3,1,0,1,1,0,3,3,1,1,0,2,1,3,0,3,2,0,0,0,2,1,0,1,4,0,4,5,1,2,3,1,3,0,2,3,0,1,0,2,1,0,1,1,0,0,4,3,1
martov_probuzhdenie_demokratii_I.txt_chunk2,martov,1,2,6,0,3,0,0,23,4,1,3,3,1,0,5,2,1,2,0,1,0,3,42,1,3,4,1,9,3,2,1,0,0,1,0,10,14,0,1,1,4,4,0,0,1,6,2,5,0,1,12,3,1,0,0,0,1,1,4,2,2,0,1,13,2,1,4,1,5,1,0,2,0,1,3,0,1,1,3,1,1,6,1,3,1,1,2,1,1,0,1,0,0,1,21,0,2,3,5,0
martov_probuzhdenie_demokratii_I.txt_chunk3,martov,4.514672686230248,0,7.900677200902935,0,0,0,1.128668171557562,32.7313769751693,5.643340857787811,1.128668171557562,2.257336343115124,3.386004514672686,1.128668171557562,4.514672686230248,5.643340857787811,2.257336343115124,2.257336343115124,3.386004514672686,0,0,0,5.643340857787811,27.08803611738149,3.386004514672686,3.386004514672686,1.128668171557562,5.643340857787811,6.772009029345372,5.643340857787811,0,0,1.128668171557562,2.257336343115124,2.257336343115124,0,12.415349887133182,15.80135440180587,1.128668171557562,0,6.772009029345372,4.514672686230248,1.128668171557562,0,0,2.257336343115124,6.772009029345372,1.128668171557562,5.643340857787811,0,3.386004514672686,9.029345372460496,3.386004514672686,2.257336343115124,2.257336343115124,0,0,2.257336343115124,3.386004514672686,3.386004514672686,11.286681715575622,1.128668171557562,2.257336343115124,0,6.772009029345372,5.643340857787811,1.128668171557562,2.257336343115124,4.514672686230248,3.386004514672686,0,0,0,2.257336343115124,0,3.386004514672686,0,0,0,7.900677200902935,4.514672686230248,0,3.386004514672686,7.900677200902935,2.257336343115124,7.900677200902935,1.128668171557562,1.128668171557562,1.128668171557562,2.257336343115124,2.257336343115124,0,1.128668171557562,0,2.257336343115124,11.286681715575622,4.514672686230248,3.386004514672686,15.80135440180587,11.286681715575622,0
martov_razgrom_I.txt_chunk1,martov,1,1,0,0,1,4,5,28,1,0,1,4,1,0,2,3,1,0,0,6,0,2,40,4,3,1,2,6,7,3,3,1,1,5,1,12,20,2,0,4,6,0,4,3,4,2,2,1,1,0,8,0,1,2,1,2,0,1,2,4,3,1,1,14,4,2,4,4,1,0,0,1,1,0,1,1,2,5,0,2,0,0,0,1,0,0,1,6,0,1,1,2,0,1,0,0,0,0,1,0
martov_razgrom_I.txt_chunk2,martov,4,0,2,0,0,1,1,30,0,0,1,2,2,2,7,6,2,2,0,5,2,4,40,3,3,1,0,2,4,0,1,0,1,6,0,11,24,0,4,3,4,0,2,6,0,6,0,2,3,1,11,1,2,0,0,2,3,2,0,2,3,1,1,13,4,0,1,6,0,0,0,2,0,1,1,1,1,3,4,2,0,0,1,3,0,2,1,0,1,0,1,5,0,0,0,0,0,0,6,0
martov_razgrom_I.txt_chunk3,martov,4.3763676148796495,10.940919037199125,2.1881838074398248,0,0,0,8.752735229759299,39.38730853391685,6.564551422319474,0,0,8.752735229759299,0,2.1881838074398248,0,10.940919037199125,2.1881838074398248,2.1881838074398248,0,4.3763676148796495,2.1881838074398248,4.3763676148796495,35.010940919037196,2.1881838074398248,4.3763676148796495,0,2.1881838074398248,8.752735229759299,4.3763676148796495,0,0,0,0,2.1881838074398248,0,4.3763676148796495,21.88183807439825,2.1881838074398248,0,6.564551422319474,2.1881838074398248,0,10.940919037199125,0,0,19.693654266958426,0,4.3763676148796495,0,2.1881838074398248,13.129102844638949,6.564551422319474,4.3763676148796495,0,2.1881838074398248,2.1881838074398248,0,2.1881838074398248,2.1881838074398248,2.1881838074398248,2.1881838074398248,0,0,8.752735229759299,2.1881838074398248,0,4.3763676148796495,4.3763676148796495,2.1881838074398248,6.564551422319474,0,4.3763676148796495,0,0,2.1881838074398248,0,0,4.3763676148796495,2.1881838074398248,2.1881838074398248,0,0,4.3763676148796495,6.564551422319474,0,0,0,0,2.1881838074398248,2.1881838074398248,0,0,2.1881838074398248,4.3763676148796495,6.564551422319474,0,2.1881838074398248,4.3763676148796495,6.564551422319474,0
martov_slezy_starogo_krokodila_I.txt_chunk1,martov,1,0,3,1,0,0,2,46,0,0,3,1,3,0,6,7,1,1,1,1,5,5,40,8,1,0,7,9,5,4,0,0,0,2,0,12,11,4,1,4,8,5,1,0,3,6,0,6,2,0,7,1,2,1,2,2,3,7,1,2,3,3,0,17,4,1,6,0,1,0,0,1,0,0,2,0,0,4,0,1,6,0,0,3,0,0,1,2,0,0,1,1,0,0,1,1,2,0,0,0
martov_slezy_starogo_krokodila_I.txt_chunk2,martov,8.333333333333334,0,3.571428571428571,1.1904761904761907,0,1.1904761904761907,3.571428571428571,25,1.1904761904761907,0,0,4.761904761904763,1.1904761904761907,1.1904761904761907,2.3809523809523814,4.761904761904763,2.3809523809523814,4.761904761904763,1.1904761904761907,0,3.571428571428571,4.761904761904763,27.38095238095238,4.761904761904763,1.1904761904761907,1.1904761904761907,1.1904761904761907,7.142857142857142,10.714285714285714,1.1904761904761907,1.1904761904761907,1.1904761904761907,0,0,1.1904761904761907,9.5238095238095255,15.476190476190476,1.1904761904761907,0,7.142857142857142,3.571428571428571,0,5.952380952380952,0,1.1904761904761907,13.095238095238095,2.3809523809523814,2.3809523809523814,3.571428571428571,1.1904761904761907,11.904761904761903,2.3809523809523814,0,1.1904761904761907,1.1904761904761907,3.571428571428571,0,3.571428571428571,0,5.952380952380952,0,1.1904761904761907,3.571428571428571,19.04761904761905,1.1904761904761907,0,5.952380952380952,1.1904761904761907,0,0,0,0,1.1904761904761907,0,0,0,1.1904761904761907,0,4.761904761904763,3.571428571428571,10.714285714285714,0,1.1904761904761907,3.571428571428571,2.3809523809523814,1.1904761904761907,0,0,2.3809523809523814,0,1.1904761904761907,0,0,1.1904761904761907,7.142857142857142,0,1.1904761904761907,0,1.1904761904761907,0
martov_soc_dem_1905_1907.txt_chunk1,martov,1,1,1,0,1,1,2,43,3,1,3,0,0,0,6,5,3,1,1,1,4,2,36,1,1,1,4,8,9,0,1,4,1,1,0,11,7,1,0,5,3,1,0,2,0,6,0,4,0,7,12,2,0,1,0,2,2,5,1,3,1,3,0,2,1,2,1,0,1,0,0,0,0,2,0,0,0,1,1,3,0,5,3,2,2,0,2,0,1,3,1,0,0,2,0,0,0,8,10,2
martov_soc_dem_1905_1907.txt_chunk2,martov,4.040404040404041,0,2.0202020202020203,0,0,4.040404040404041,0,46.464646464646464,4.040404040404041,2.0202020202020203,2.0202020202020203,0,0,2.0202020202020203,4.040404040404041,4.040404040404041,8.080808080808081,2.0202020202020203,0,0,4.040404040404041,8.080808080808081,52.525252525252526,6.0606060606060606,0,0,2.0202020202020203,2.0202020202020203,10.101010101010102,0,0,0,2.0202020202020203,0,2.0202020202020203,14.141414141414142,8.080808080808081,0,0,2.0202020202020203,2.0202020202020203,0,0,2.0202020202020203,0,0,0,4.040404040404041,4.040404040404041,0,22.22222222222222,2.0202020202020203,2.0202020202020203,0,0,2.0202020202020203,0,4.040404040404041,4.040404040404041,2.0202020202020203,0,0,2.0202020202020203,4.040404040404041,4.040404040404041,0,2.0202020202020203,0,0,2.0202020202020203,0,0,6.0606060606060606,2.0202020202020203,0,0,0,0,2.0202020202020203,2.0202020202020203,0,8.080808080808081,6.0606060606060606,6.0606060606060606,4.040404040404041,0,0,0,2.0202020202020203,0,0,0,0,0,0,0,0,6.0606060606060606,6.0606060606060606,4.040404040404041
martov_tak_li_my_gotovimsya_I.txt_chunk1,martov,1,1,7,0,1,4,2,27,1,0,3,5,1,0,5,11,0,0,0,2,0,5,33,4,2,0,2,7,1,7,0,0,1,2,0,19,14,1,0,5,0,0,0,0,1,3,1,1,2,1,11,2,1,2,3,5,2,1,0,3,1,2,1,4,6,1,2,1,0,0,0,0,1,0,3,4,2,2,1,1,0,0,0,2,3,0,3,1,0,1,2,2,2,2,1,1,0,0,5,1
martov_tak_li_my_gotovimsya_I.txt_chunk2,martov,3,11,10,0,1,2,1,31,4,0,3,11,0,0,11,8,1,3,0,1,4,1,29,1,6,1,2,9,4,4,4,0,2,4,1,10,7,0,0,1,1,1,0,1,1,1,1,2,3,4,3,1,1,0,1,2,5,4,2,2,1,1,8,6,3,1,4,1,3,1,0,0,1,2,0,3,0,3,2,6,1,0,6,0,1,1,3,0,3,0,3,0,1,2,10,4,5,2,5,2
martov_tak_li_my_gotovimsya_I.txt_chunk3,martov,2.3923444976076556,2.3923444976076556,8.373205741626794,0,0,2.3923444976076556,3.5885167464114835,29.904306220095695,3.5885167464114835,1.1961722488038278,1.1961722488038278,5.980861244019139,4.784688995215311,0,4.784688995215311,1.1961722488038278,0,2.3923444976076556,0,1.1961722488038278,2.3923444976076556,0,41.866028708133975,2.3923444976076556,0,3.5885167464114835,3.5885167464114835,4.784688995215311,9.569377990430622,2.3923444976076556,3.5885167464114835,0,3.5885167464114835,4.784688995215311,1.1961722488038278,9.569377990430622,15.55023923444976,0,5.980861244019139,1.1961722488038278,8.373205741626794,0,0,3.5885167464114835,2.3923444976076556,1.1961722488038278,1.1961722488038278,4.784688995215311,0,1.1961722488038278,8.373205741626794,1.1961722488038278,0,1.1961722488038278,2.3923444976076556,2.3923444976076556,4.784688995215311,5.980861244019139,4.784688995215311,5.980861244019139,0,1.1961722488038278,3.5885167464114835,11.961722488038278,4.784688995215311,0,1.1961722488038278,1.1961722488038278,3.5885167464114835,0,0,1.1961722488038278,1.1961722488038278,1.1961722488038278,3.5885167464114835,0,0,1.1961722488038278,2.3923444976076556,3.5885167464114835,1.1961722488038278,1.1961722488038278,7.177033492822967,0,3.5885167464114835,0,2.3923444976076556,1.1961722488038278,0,0,0,0,0,1.1961722488038278,3.5885167464114835,1.1961722488038278,0,4.784688995215311,3.5885167464114835,0
martov_voyna_i_ross_dem.txt_chunk1,martov,2,0,7,0,1,1,1,45,3,0,3,1,2,0,9,1,4,3,0,3,3,4,39,1,2,1,3,6,6,3,1,1,2,2,1,15,8,0,8,2,3,0,0,2,0,3,0,3,0,2,13,0,1,3,3,3,1,6,3,1,3,0,0,1,1,1,1,1,5,0,2,0,1,0,0,1,0,3,2,1,1,2,0,0,0,0,3,1,0,9,2,2,2,0,2,0,0,1,1,0
martov_voyna_i_ross_dem.txt_chunk2,martov,3,0,2,4,1,1,0,44,1,1,3,3,0,1,12,4,6,2,2,1,2,3,46,2,2,0,1,12,3,1,3,1,2,1,0,16,9,1,0,4,2,0,1,1,1,5,0,2,0,1,7,0,0,0,2,0,3,7,3,2,2,1,0,3,4,0,0,2,3,0,0,0,2,0,1,0,0,1,1,1,0,3,0,1,0,0,2,0,0,10,0,0,1,4,5,0,0,1,0,3
martov_voyna_i_ross_dem.txt_chunk3,martov,1,3,1,2,0,2,0,45,8,2,2,4,2,0,7,0,4,0,2,0,2,8,36,0,1,1,2,6,4,1,0,0,1,0,0,18,7,0,3,0,2,0,0,0,0,2,1,1,2,1,9,0,0,5,2,0,3,4,6,0,2,1,0,8,4,2,3,1,0,0,0,2,1,1,1,0,0,2,3,1,0,3,0,1,0,1,2,1,0,3,1,0,3,5,2,0,0,1,0,0
martov_voyna_i_ross_dem.txt_chunk4,martov,1,0,3,0,0,0,1,46,9,0,4,3,0,3,6,3,3,2,2,2,3,12,39,3,6,0,5,8,5,3,0,0,2,2,1,7,24,0,5,9,3,0,0,6,4,7,0,7,0,1,11,2,3,1,0,2,2,2,1,2,7,0,1,13,5,3,0,1,1,1,2,2,3,0,0,0,1,1,1,1,1,1,0,2,2,0,3,1,2,1,1,0,1,2,6,0,1,0,2,5
martov_voyna_i_ross_dem.txt_chunk5,martov,5,6,5,1,0,0,3,22,5,0,0,2,1,0,4,0,3,2,1,2,4,9,39,6,5,1,2,9,8,0,2,1,1,8,0,13,23,0,6,2,1,0,0,6,0,9,0,2,1,2,11,0,1,1,3,0,2,3,2,0,1,1,0,15,1,0,6,3,2,0,0,0,2,0,5,5,1,1,2,1,0,3,1,3,6,0,2,3,0,2,1,1,0,0,3,0,1,3,0,4
martov_voyna_i_ross_dem.txt_chunk6,martov,7,1,29,4,0,2,1,41,5,5,2,3,1,0,5,2,4,7,1,1,1,1,21,4,5,0,0,9,5,0,1,1,0,3,2,8,20,3,2,4,4,0,3,4,0,2,2,1,0,4,9,0,1,7,2,2,2,7,1,3,2,1,0,14,3,1,6,0,2,1,0,1,2,0,6,0,1,3,3,0,0,5,0,5,0,0,1,1,0,11,0,0,2,2,3,0,1,3,0,5
martov_voyna_i_ross_dem.txt_chunk7,martov,5,2,5,0,0,0,3,31,7,2,2,3,0,0,7,8,3,3,1,3,2,7,29,3,5,0,3,6,7,0,2,0,1,5,0,14,27,1,4,4,2,0,1,0,0,8,0,0,0,5,9,0,0,0,0,1,1,4,7,5,0,4,0,20,2,1,5,4,2,0,0,2,1,0,1,0,1,3,0,1,0,2,0,4,1,0,2,0,1,10,0,0,0,1,11,4,2,10,0,5
martov_voyna_i_ross_dem.txt_chunk8,martov,1.2919896640826873,1.2919896640826873,5.167958656330749,0,0,0,5.167958656330749,36.17571059431524,3.875968992248062,2.5839793281653747,1.2919896640826873,1.2919896640826873,1.2919896640826873,1.2919896640826873,2.5839793281653747,3.875968992248062,7.751937984496124,3.875968992248062,0,0,3.875968992248062,6.459948320413436,31.007751937984494,7.751937984496124,5.167958656330749,0,5.167958656330749,6.459948320413436,7.751937984496124,0,2.5839793281653747,2.5839793281653747,0,2.5839793281653747,2.5839793281653747,12.919896640826872,12.919896640826872,0,2.5839793281653747,5.167958656330749,1.2919896640826873,1.2919896640826873,3.875968992248062,5.167958656330749,0,6.459948320413436,0,1.2919896640826873,12.919896640826872,2.5839793281653747,6.459948320413436,1.2919896640826873,1.2919896640826873,1.2919896640826873,5.167958656330749,0,2.5839793281653747,1.2919896640826873,1.2919896640826873,2.5839793281653747,1.2919896640826873,2.5839793281653747,0,7.751937984496124,2.5839793281653747,0,5.167958656330749,2.5839793281653747,0,1.2919896640826873,0,0,2.5839793281653747,0,1.2919896640826873,2.5839793281653747,0,0,0,1.2919896640826873,1.2919896640826873,10.335917312661499,0,2.5839793281653747,0,2.5839793281653747,5.167958656330749,0,2.5839793281653747,3.875968992248062,1.2919896640826873,1.2919896640826873,0,1.2919896640826873,3.875968992248062,0,0,0,1.2919896640826873,0
ortodox_eshe1_kritik_Marxa.txt_chunk1,ortodox,4,0,3,0,0,1,1,30,1,0,1,2,1,1,1,11,1,0,2,3,6,0,26,6,2,0,0,7,16,0,0,0,0,0,1,4,15,2,1,1,1,0,8,0,0,4,0,4,1,1,11,2,1,1,0,6,1,3,2,2,3,0,2,12,0,0,1,3,4,0,0,0,2,1,0,0,0,1,0,0,0,1,0,3,0,4,0,0,0,0,1,0,2,1,1,1,0,1,0,1
ortodox_eshe1_kritik_Marxa.txt_chunk2,ortodox,3,0,6,1,1,6,1,20,5,3,0,3,1,0,6,5,3,4,2,0,5,3,31,2,6,1,1,8,9,1,3,0,4,1,0,12,20,1,3,7,8,0,9,2,0,3,3,4,1,0,5,0,0,0,1,3,2,4,1,0,5,0,2,13,2,1,10,2,1,0,0,0,0,2,6,0,0,1,0,0,2,0,0,3,0,2,0,1,0,0,1,0,8,1,4,1,2,0,0,1
ortodox_merged__Marxa.txt_eyam_I.txt_Bovu_I.txt,ortodox,7.366482504604051,3.6832412523020257,5.524861878453039,0,3.6832412523020257,3.6832412523020257,0,34.99079189686925,0,0,0,5.524861878453039,0,0,1.8416206261510129,1.8416206261510129,3.6832412523020257,3.6832412523020257,3.6832412523020257,0,5.524861878453039,5.524861878453039,33.14917127071823,3.6832412523020257,0,3.6832412523020257,3.6832412523020257,11.049723756906078,25.78268876611418,5.524861878453039,0,0,1.8416206261510129,3.6832412523020257,1.8416206261510129,9.208103130755065,7.366482504604051,1.8416206261510129,5.524861878453039,3.6832412523020257,9.208103130755065,3.6832412523020257,1.8416206261510129,0,0,3.6832412523020257,0,5.524861878453039,0,0,5.524861878453039,1.8416206261510129,0,0,0,7.366482504604051,0,7.366482504604051,3.6832412523020257,5.524861878453039,3.6832412523020257,0,3.6832412523020257,29.465930018416206,0,0,3.6832412523020257,3.6832412523020257,1.8416206261510129,1.8416206261510129,0,0,0,3.6832412523020257,0,1.8416206261510129,0,0,3.6832412523020257,0,0,0,0,1.8416206261510129,1.8416206261510129,0,0,3.6832412523020257,0,0,1.8416206261510129,0,1.8416206261510129,1.8416206261510129,18.41620626151013,1.8416206261510129,1.8416206261510129,0,0,0
ortodox_pismo_evreya_k_evreyam_I.txt_chunk1,ortodox,6,1,4,0,1,1,3,14,2,4,0,3,0,4,10,2,3,5,0,1,3,4,40,5,5,1,2,5,11,2,3,0,3,2,2,15,17,0,3,7,2,1,5,0,2,4,1,3,0,1,11,1,0,4,0,3,0,6,4,4,4,2,0,22,3,1,5,1,2,0,4,0,0,1,2,0,0,0,4,1,0,0,1,1,1,0,1,1,0,0,0,0,0,2,5,1,0,1,1,0
ortodox_pismo_evreya_k_evreyam_I.txt_chunk2,ortodox,4,3,11,0,2,1,3,28,0,3,1,4,0,1,6,4,1,5,2,0,6,0,33,2,1,1,2,10,10,3,2,0,3,7,1,20,9,1,3,7,3,0,7,3,0,2,1,3,1,1,10,1,0,0,3,0,3,5,3,8,5,5,2,14,3,0,3,4,1,0,0,0,1,0,0,0,1,0,4,0,0,0,1,1,8,1,1,0,2,1,1,0,6,0,1,0,0,5,0,0
ortodox_v_otvet_Bovu_I.txt_chunk1,ortodox,2,0,8,0,1,2,1,24,5,1,1,2,0,1,3,2,0,6,0,1,2,3,44,4,0,2,3,9,6,3,2,0,4,1,3,20,15,1,2,6,4,0,3,3,2,2,7,4,1,0,9,2,0,2,2,5,1,12,3,4,3,2,0,17,3,1,5,5,2,0,0,0,1,4,1,1,0,0,0,0,0,1,2,4,9,1,2,4,0,1,2,0,2,1,6,1,1,0,1,0
ortodox_v_otvet_Bovu_I.txt_chunk2,ortodox,2,0,5,1,1,1,1,27,2,3,0,2,1,1,4,1,2,5,1,0,6,1,50,0,2,0,3,13,7,4,0,2,1,2,1,18,15,1,2,3,3,2,2,5,2,3,0,1,0,2,17,1,0,0,1,5,0,9,4,7,5,1,2,12,4,1,2,0,0,6,0,1,1,1,1,2,0,1,1,1,0,0,1,3,9,0,0,0,0,0,0,1,1,0,2,0,2,3,1,0
ortodox_v_otvet_Bovu_I.txt_chunk3,ortodox,4,1,2,0,0,0,2,30,2,1,0,2,0,1,5,3,2,1,2,0,5,2,42,1,0,0,1,6,8,3,6,1,4,5,2,10,22,0,0,11,2,2,6,1,0,2,0,2,2,1,15,1,2,0,0,1,4,2,4,1,2,1,4,13,2,2,1,1,1,1,0,1,1,1,0,1,1,0,5,0,0,0,0,1,3,0,0,1,0,0,2,0,1,4,6,1,1,4,1,0
parvus_bez_tsarya_pravitelstvo_rabochee.txt_chunk1,parvus,12.064343163538874,13.404825737265416,0,0,0,1.3404825737265416,0,10.723860589812332,0,0,0,8.04289544235925,1.3404825737265416,0,2.680965147453083,8.04289544235925,1.3404825737265416,5.361930294906166,0,2.680965147453083,1.3404825737265416,12.064343163538874,34.852546916890084,4.021447721179625,2.680965147453083,2.680965147453083,1.3404825737265416,5.361930294906166,6.702412868632708,5.361930294906166,1.3404825737265416,0,0,0,0,6.702412868632708,22.78820375335121,1.3404825737265416,2.680965147453083,8.04289544235925,4.021447721179625,0,6.702412868632708,0,2.680965147453083,9.383378016085791,0,2.680965147453083,2.680965147453083,1.3404825737265416,12.064343163538874,4.021447721179625,2.680965147453083,1.3404825737265416,1.3404825737265416,1.3404825737265416,1.3404825737265416,5.361930294906166,0,9.383378016085791,1.3404825737265416,8.04289544235925,2.680965147453083,9.383378016085791,2.680965147453083,0,2.680965147453083,0,1.3404825737265416,0,0,1.3404825737265416,0,0,0,1.3404825737265416,0,1.3404825737265416,0,2.680965147453083,0,0,0,4.021447721179625,0,1.3404825737265416,0,2.680965147453083,4.021447721179625,1.3404825737265416,0,5.361930294906166,1.3404825737265416,0,0,1.3404825737265416,0,0,2.680965147453083,2.680965147453083
parvus_borba_protiv_tsarizma.txt_chunk1,parvus,2,9,6,0,0,1,5,36,0,1,4,2,3,0,6,1,2,4,0,5,4,1,34,3,4,6,1,9,13,0,4,0,4,6,1,14,10,1,1,6,1,0,7,5,1,3,0,2,1,3,2,2,0,7,3,3,5,7,0,5,1,1,2,5,3,0,3,2,6,0,3,3,2,0,1,0,0,3,2,0,0,4,1,5,0,0,1,2,2,5,3,1,0,1,7,1,1,2,1,1
parvus_do_9_january_predislovie.txt_chunk1,parvus,5,0,1,1,2,4,0,40,1,0,1,3,1,0,2,0,1,0,2,6,2,4,38,5,1,0,11,12,3,1,1,1,2,1,0,12,11,1,0,4,1,0,3,1,3,1,1,6,2,4,12,1,0,2,0,2,4,4,1,3,0,0,6,7,0,2,4,1,2,1,0,4,3,1,0,2,0,1,5,0,0,2,3,1,2,0,1,2,1,16,0,1,0,1,0,0,0,2,2,1
parvus_do_9_january_predislovie.txt_chunk2,parvus,5,3,0,3,0,0,3,23,7,0,2,6,2,1,3,6,4,4,0,3,4,6,29,0,3,0,3,7,5,0,2,0,0,3,1,10,21,0,3,11,5,1,8,4,2,5,2,1,2,3,10,6,1,0,1,2,2,5,1,6,3,0,3,9,5,0,7,0,1,2,1,0,5,1,1,1,1,3,1,4,0,3,2,4,4,0,4,0,0,4,2,1,0,2,7,1,2,10,7,11
parvus_do_9_january_predislovie.txt_chunk3,parvus,4.016064257028112,12.048192771084338,2.008032128514056,0,1.004016064257028,3.0120481927710845,0,33.13253012048193,7.028112449799196,0,2.008032128514056,6.024096385542169,0,0,1.004016064257028,4.016064257028112,1.004016064257028,4.016064257028112,0,3.0120481927710845,1.004016064257028,5.020080321285141,30.120481927710845,4.016064257028112,0,0,2.008032128514056,6.024096385542169,4.016064257028112,3.0120481927710845,1.004016064257028,0,0,1.004016064257028,0,8.032128514056224,13.052208835341364,0,2.008032128514056,6.024096385542169,5.020080321285141,0,3.0120481927710845,1.004016064257028,9.036144578313253,5.020080321285141,2.008032128514056,3.0120481927710845,0,5.020080321285141,11.04417670682731,2.008032128514056,3.0120481927710845,1.004016064257028,2.008032128514056,0,7.028112449799196,7.028112449799196,0,6.024096385542169,1.004016064257028,0,3.0120481927710845,9.036144578313253,5.020080321285141,1.004016064257028,8.032128514056224,0,0,3.0120481927710845,0,2.008032128514056,4.016064257028112,0,0,4.016064257028112,0,9.036144578313253,5.020080321285141,2.008032128514056,0,3.0120481927710845,2.008032128514056,2.008032128514056,12.048192771084338,0,3.0120481927710845,3.0120481927710845,6.024096385542169,5.020080321285141,1.004016064257028,1.004016064257028,0,0,4.016064257028112,1.004016064257028,1.004016064257028,7.028112449799196,4.016064257028112,3.0120481927710845
parvus_hod_revolucii.txt_chunk1,parvus,3,6,1,0,1,0,2,31,4,2,1,6,0,0,3,10,0,2,1,0,7,6,32,3,7,0,1,3,5,2,0,1,4,3,0,13,20,1,3,8,0,0,1,3,2,2,0,2,1,7,9,2,2,2,0,0,3,8,1,5,1,3,3,10,3,0,3,2,2,1,0,1,1,1,1,14,1,7,1,3,0,1,3,1,1,0,3,1,2,0,1,1,0,1,2,2,0,4,6,6
parvus_hod_revolucii.txt_chunk2,parvus,9.569377990430622,9.569377990430622,0,0,0,0,9.569377990430622,19.138755980861244,9.569377990430622,0,0,0,4.784688995215311,0,4.784688995215311,9.569377990430622,0,4.784688995215311,0,0,4.784688995215311,0,47.84688995215311,0,0,0,4.784688995215311,0,9.569377990430622,4.784688995215311,4.784688995215311,0,0,0,0,4.784688995215311,14.354066985645934,0,0,4.784688995215311,0,0,0,0,0,0,0,4.784688995215311,0,4.784688995215311,0,0,0,0,4.784688995215311,4.784688995215311,0,4.784688995215311,0,4.784688995215311,0,0,0,0,14.354066985645934,0,9.569377990430622,4.784688995215311,0,0,0,0,0,0,0,4.784688995215311,4.784688995215311,0,0,4.784688995215311,0,0,4.784688995215311,0,14.354066985645934,0,0,0,14.354066985645934,0,0,0,0,0,4.784688995215311,4.784688995215311,4.784688995215311,4.784688995215311,4.784688995215311,0
parvus_itogi_i_perspektivy_I.txt_chunk1,parvus,9,0,7,2,2,6,0,27,2,0,3,2,0,0,0,0,7,1,0,1,4,4,29,2,1,4,5,13,5,1,1,0,0,0,0,18,25,0,0,15,2,0,7,14,4,1,1,1,2,0,16,3,1,1,3,0,3,5,4,6,0,1,2,8,4,3,4,1,1,1,0,0,1,1,3,1,0,1,0,0,0,0,0,2,1,1,2,1,5,1,1,1,4,0,2,0,0,0,3,1
parvus_itogi_i_perspektivy_I.txt_chunk2,parvus,6,7,8,2,3,8,1,23,3,0,1,15,1,0,0,1,2,4,0,6,5,10,35,2,1,0,1,9,4,1,1,0,0,0,0,15,18,4,0,8,1,0,1,2,7,0,1,8,0,1,18,1,0,1,1,2,2,4,1,6,0,1,0,7,1,0,7,2,2,0,0,0,3,0,1,5,0,5,3,0,0,1,0,2,0,0,2,3,6,5,2,3,0,0,1,0,0,0,2,2
parvus_itogi_i_perspektivy_I.txt_chunk3,parvus,13.550135501355014,8.130081300813009,10.840108401084011,2.710027100271003,0,0,0,21.680216802168022,8.130081300813009,0,2.710027100271003,5.420054200542006,2.710027100271003,0,2.710027100271003,2.710027100271003,0,5.420054200542006,0,2.710027100271003,2.710027100271003,8.130081300813009,27.100271002710027,5.420054200542006,2.710027100271003,0,5.420054200542006,10.840108401084011,2.710027100271003,0,0,0,0,0,2.710027100271003,18.970189701897016,8.130081300813009,0,2.710027100271003,13.550135501355014,2.710027100271003,0,0,2.710027100271003,2.710027100271003,2.710027100271003,0,5.420054200542006,0,2.710027100271003,8.130081300813009,2.710027100271003,0,0,10.840108401084011,0,0,10.840108401084011,0,0,0,2.710027100271003,2.710027100271003,2.710027100271003,8.130081300813009,5.420054200542006,5.420054200542006,0,2.710027100271003,2.710027100271003,0,0,2.710027100271003,0,2.710027100271003,0,0,2.710027100271003,2.710027100271003,0,0,2.710027100271003,0,0,8.130081300813009,0,5.420054200542006,2.710027100271003,5.420054200542006,2.710027100271003,2.710027100271003,2.710027100271003,0,2.710027100271003,13.550135501355014,2.710027100271003,0,2.710027100271003,2.710027100271003,8.130081300813009
parvus_ministerstvo_Briana_France.txt_chunk1,parvus,6,0,1,4,3,7,2,45,9,0,3,2,3,0,1,6,1,3,0,4,5,4,32,0,1,0,5,6,5,1,0,0,1,1,0,9,19,1,0,9,1,0,3,4,3,2,2,1,0,4,11,0,0,0,1,5,1,7,1,2,3,4,3,11,7,0,5,1,1,2,0,1,0,0,1,1,0,2,6,0,0,0,1,1,0,0,1,2,6,0,0,5,2,0,1,1,1,5,1,2
parvus_ministerstvo_Briana_France.txt_chunk2,parvus,7.092198581560283,0,0,0,3.5460992907801416,0,0,28.368794326241133,10.638297872340425,0,3.5460992907801416,0,0,0,14.184397163120567,0,0,0,0,3.5460992907801416,7.092198581560283,14.184397163120567,35.46099290780142,3.5460992907801416,0,0,3.5460992907801416,17.73049645390071,14.184397163120567,0,0,0,0,7.092198581560283,0,7.092198581560283,24.822695035460995,0,0,10.638297872340425,7.092198581560283,0,3.5460992907801416,3.5460992907801416,0,0,0,0,3.5460992907801416,0,14.184397163120567,3.5460992907801416,0,3.5460992907801416,0,0,0,3.5460992907801416,0,3.5460992907801416,3.5460992907801416,0,0,7.092198581560283,7.092198581560283,0,3.5460992907801416,3.5460992907801416,0,0,0,0,0,0,0,0,0,7.092198581560283,0,3.5460992907801416,0,3.5460992907801416,0,0,0,3.5460992907801416,3.5460992907801416,0,10.638297872340425,0,0,3.5460992907801416,0,3.5460992907801416,0,3.5460992907801416,0,10.638297872340425,0,7.092198581560283
parvus_nashi_zadachi.txt_chunk1,parvus,3,0,2,6,2,0,0,38,3,0,4,4,1,0,4,7,0,1,0,0,5,3,52,1,3,0,4,5,2,1,2,0,2,1,0,8,14,0,0,8,0,0,2,9,1,7,2,1,2,3,8,5,1,1,1,0,0,4,1,3,0,0,1,4,3,2,1,0,0,0,0,1,1,0,0,0,0,3,6,3,0,2,1,2,3,0,3,0,3,6,1,0,1,0,1,0,0,3,4,6
parvus_nashi_zadachi.txt_chunk2,parvus,6,3,6,0,2,2,2,30,6,1,4,4,0,0,4,6,0,1,1,1,1,4,31,2,1,0,4,10,3,2,1,0,4,1,1,10,13,1,1,8,1,0,1,4,3,3,1,2,0,5,11,3,2,2,2,3,0,4,2,3,2,1,2,4,0,1,7,1,1,1,0,0,1,2,0,3,1,4,3,3,0,4,3,2,3,0,7,2,4,8,0,3,0,0,6,2,5,11,7,11
parvus_nashi_zadachi.txt_chunk3,parvus,5.272407732864675,0,0,0,0,0,0,52.72407732864675,3.51493848857645,3.51493848857645,1.757469244288225,7.0298769771529,1.757469244288225,0,0,3.51493848857645,0,1.757469244288225,0,0,3.51493848857645,3.51493848857645,38.664323374340945,0,3.51493848857645,0,1.757469244288225,19.332161687170473,1.757469244288225,0,3.51493848857645,0,1.757469244288225,0,0,12.302284710017574,8.787346221441126,0,0,7.0298769771529,0,0,1.757469244288225,3.51493848857645,0,5.272407732864675,1.757469244288225,3.51493848857645,0,1.757469244288225,8.787346221441126,0,0,1.757469244288225,0,3.51493848857645,0,5.272407732864675,3.51493848857645,3.51493848857645,0,0,1.757469244288225,5.272407732864675,1.757469244288225,0,1.757469244288225,0,1.757469244288225,0,0,0,0,0,0,1.757469244288225,3.51493848857645,1.757469244288225,0,3.51493848857645,0,8.787346221441126,1.757469244288225,5.272407732864675,12.302284710017574,0,7.0298769771529,0,5.272407732864675,17.574692442882252,1.757469244288225,1.757469244288225,0,0,8.787346221441126,0,3.51493848857645,10.54481546572935,3.51493848857645,7.0298769771529
parvus_onp1_o_i_socrev_razvitie.txt_chunk1,parvus,2,0,0,1,1,3,0,33,3,0,3,3,5,0,2,8,0,2,1,3,4,6,42,5,2,0,0,3,6,4,1,0,1,2,0,18,20,0,2,4,0,0,3,3,0,5,0,1,0,1,11,1,2,0,1,2,5,6,0,4,0,1,2,5,2,0,7,2,1,0,3,0,0,0,1,0,0,4,0,1,3,4,5,1,7,0,2,0,3,0,0,3,2,2,3,0,0,5,1,0
parvus_onp1_o_i_socrev_razvitie.txt_chunk2,parvus,1,2,2,1,1,0,0,28,2,2,2,8,0,0,7,1,0,2,0,2,3,3,36,1,2,0,3,13,3,3,1,0,1,1,1,13,15,1,3,5,1,0,2,1,1,7,0,3,0,3,15,1,0,0,3,3,4,1,3,2,0,3,4,9,3,2,6,1,1,1,2,1,2,0,0,2,0,6,4,2,2,4,1,0,8,2,1,1,2,1,1,3,0,1,3,1,0,3,1,0
parvus_onp1_o_i_socrev_razvitie.txt_chunk3,parvus,1.7921146953405018,3.5842293906810037,3.5842293906810037,0,0,0,0,34.05017921146953,5.376344086021506,1.7921146953405018,3.5842293906810037,5.376344086021506,0,0,0,5.376344086021506,0,3.5842293906810037,0,1.7921146953405018,7.168458781362007,3.5842293906810037,39.42652329749104,7.168458781362007,5.376344086021506,0,5.376344086021506,5.376344086021506,10.752688172043012,1.7921146953405018,0,0,0,0,3.5842293906810037,21.505376344086024,16.129032258064516,0,3.5842293906810037,8.960573476702509,7.168458781362007,0,5.376344086021506,0,3.5842293906810037,3.5842293906810037,0,3.5842293906810037,0,0,7.168458781362007,0,1.7921146953405018,1.7921146953405018,5.376344086021506,7.168458781362007,1.7921146953405018,5.376344086021506,1.7921146953405018,7.168458781362007,0,0,3.5842293906810037,8.960573476702509,0,0,0,3.5842293906810037,1.7921146953405018,1.7921146953405018,0,1.7921146953405018,1.7921146953405018,1.7921146953405018,3.5842293906810037,7.168458781362007,0,1.7921146953405018,1.7921146953405018,0,0,1.7921146953405018,1.7921146953405018,0,5.376344086021506,0,1.7921146953405018,0,3.5842293906810037,1.7921146953405018,0,0,0,0,1.7921146953405018,0,1.7921146953405018,10.752688172043012,1.7921146953405018,1.7921146953405018
parvus_pismo_tverskomu_komitetu_I.txt_chunk1,parvus,6,2,4,2,0,0,2,30,2,3,0,3,0,0,1,1,4,1,2,2,6,1,31,2,5,0,2,11,5,2,2,0,1,2,0,8,6,3,0,2,0,0,8,6,0,5,0,7,1,4,15,5,2,1,4,2,4,1,2,5,0,1,1,3,2,0,5,0,0,0,2,0,4,1,3,2,1,5,1,0,0,4,14,2,9,2,2,2,2,4,2,0,2,2,0,0,1,1,4,3
parvus_pismo_tverskomu_komitetu_I.txt_chunk2,parvus,11,3,4,1,0,1,1,35,4,0,1,1,1,0,1,0,5,3,0,4,3,4,32,3,6,0,3,2,4,1,1,0,0,1,1,16,17,2,4,10,1,0,2,5,4,2,0,6,0,6,11,2,1,0,2,2,4,6,2,7,1,1,1,13,4,0,8,2,1,1,1,1,2,1,0,0,2,1,3,2,0,4,15,3,7,1,2,2,3,2,0,0,2,0,2,0,0,4,1,0
parvus_pismo_tverskomu_komitetu_I.txt_chunk3,parvus,11.363636363636363,11.363636363636363,8.522727272727272,2.840909090909091,0,2.840909090909091,2.840909090909091,25.56818181818182,2.840909090909091,0,2.840909090909091,5.681818181818182,0,0,0,2.840909090909091,5.681818181818182,11.363636363636363,5.681818181818182,8.522727272727272,2.840909090909091,0,39.77272727272727,0,5.681818181818182,0,5.681818181818182,8.522727272727272,2.840909090909091,0,0,0,0,2.840909090909091,2.840909090909091,17.045454545454543,25.56818181818182,2.840909090909091,2.840909090909091,14.204545454545453,0,2.840909090909091,11.363636363636363,8.522727272727272,2.840909090909091,8.522727272727272,2.840909090909091,0,0,0,2.840909090909091,5.681818181818182,0,0,0,5.681818181818182,0,2.840909090909091,0,5.681818181818182,0,0,5.681818181818182,5.681818181818182,2.840909090909091,2.840909090909091,11.363636363636363,2.840909090909091,0,2.840909090909091,2.840909090909091,0,2.840909090909091,2.840909090909091,0,0,0,0,5.681818181818182,2.840909090909091,0,0,19.886363636363637,2.840909090909091,0,0,2.840909090909091,0,0,2.840909090909091,0,0,0,0,0,0,0,0,2.840909090909091,0
parvus_poTurmam.txt_chunk1,parvus,2,0,3,4,4,8,2,39,2,1,1,2,0,1,6,4,0,4,0,1,5,1,36,12,2,1,4,3,15,4,2,0,1,0,0,14,19,2,6,6,6,1,8,0,8,3,3,8,0,2,7,3,0,0,1,9,1,15,1,2,1,8,2,10,1,1,5,5,0,0,16,2,0,1,1,0,0,3,0,0,0,0,0,1,0,1,0,1,1,1,3,1,1,0,7,2,0,0,1,1
parvus_poTurmam.txt_chunk10,parvus,2,2,5,0,2,2,3,40,3,0,1,3,1,2,2,7,1,4,0,1,6,1,31,5,1,0,4,3,11,4,0,3,0,3,1,6,13,3,0,8,3,0,8,1,7,1,0,3,1,1,15,0,0,1,3,4,3,7,2,1,2,1,4,17,1,0,14,2,1,1,15,0,2,0,2,2,0,0,0,0,0,0,0,1,0,0,1,2,0,1,1,2,4,1,3,3,1,0,0,1
parvus_poTurmam.txt_chunk12,parvus,8,0,6,2,3,5,1,23,0,0,2,10,3,1,7,6,1,2,0,4,7,2,35,6,1,0,2,5,8,2,3,3,1,2,3,9,18,1,6,8,0,1,10,3,0,10,1,4,0,3,12,1,0,0,2,4,0,4,2,3,0,5,1,11,2,0,10,2,1,3,20,2,2,0,6,1,0,1,0,0,0,0,0,0,0,0,1,1,0,0,1,0,7,0,2,2,0,0,0,0
parvus_poTurmam.txt_chunk13,parvus,7,3,6,1,1,7,4,32,1,1,7,3,2,0,11,3,0,5,1,6,4,4,35,4,0,0,1,11,10,2,2,2,0,2,2,11,19,1,1,6,2,2,3,1,1,11,0,7,2,3,7,0,0,3,2,4,0,15,2,3,0,0,4,21,4,2,12,2,3,2,34,3,3,0,3,2,1,1,1,1,0,0,0,2,0,0,0,3,0,2,3,1,4,2,1,2,0,0,1,1
parvus_poTurmam.txt_chunk15,parvus,8,1,6,2,1,3,3,28,2,0,2,3,1,1,1,9,1,2,0,2,3,2,41,6,2,0,3,4,7,1,1,4,2,0,3,28,11,0,3,2,4,0,3,0,5,4,3,5,2,4,12,2,1,0,6,1,1,4,8,2,0,1,1,11,6,2,6,1,0,1,19,1,2,0,2,0,1,1,0,0,0,0,0,1,0,0,0,0,1,1,1,0,1,1,15,1,0,0,1,1
parvus_poTurmam.txt_chunk16,parvus,4,3,4,2,6,9,3,27,3,2,1,6,2,0,4,2,0,2,0,4,4,6,24,6,7,0,1,7,10,3,3,4,2,1,4,11,13,1,3,9,2,0,0,3,1,5,3,3,0,5,11,0,0,3,2,4,1,8,6,4,1,3,1,12,6,5,9,0,3,0,9,0,3,0,2,2,1,4,0,0,0,0,0,1,0,0,1,2,1,0,1,2,2,3,2,9,6,0,0,1
parvus_poTurmam.txt_chunk17,parvus,4,2,10,0,2,1,6,22,2,0,1,5,2,2,3,2,1,4,0,3,2,1,25,3,10,2,4,2,16,0,0,0,0,6,2,11,20,0,0,17,1,0,3,1,6,4,1,6,2,0,11,0,1,1,3,6,0,7,0,1,1,2,0,16,0,2,21,0,0,0,34,0,6,1,8,0,0,1,0,0,0,0,0,0,0,0,1,0,0,0,1,4,6,2,0,0,0,0,1,0
parvus_poTurmam.txt_chunk18,parvus,5,2,10,2,4,7,3,34,2,1,0,5,4,3,9,1,1,2,0,4,7,1,39,4,0,0,1,6,13,2,2,0,0,2,0,14,23,3,0,10,4,0,2,3,2,1,0,3,1,0,7,2,1,4,1,2,0,4,1,3,2,5,2,10,2,3,5,0,0,0,23,0,1,0,2,0,1,4,0,1,0,0,0,1,0,0,4,0,0,0,0,8,2,2,14,2,5,1,2,1
parvus_poTurmam.txt_chunk19,parvus,4,6,2,2,1,4,2,32,4,0,4,6,3,1,3,2,1,2,0,2,7,2,35,6,1,0,4,6,2,3,1,1,3,3,3,14,15,0,0,10,1,0,3,3,0,5,1,5,0,2,13,1,0,3,3,5,2,2,2,3,1,6,1,13,1,0,8,1,0,3,17,1,6,3,2,4,1,2,2,0,0,0,0,1,0,0,0,1,0,0,1,2,2,0,2,4,1,0,0,0
parvus_poTurmam.txt_chunk2,parvus,6,2,22,3,2,6,3,26,5,0,1,4,1,1,2,12,0,5,0,3,3,3,33,5,0,0,0,6,11,2,2,1,1,2,1,12,22,1,2,9,5,0,5,0,0,5,1,11,0,5,3,1,2,2,1,4,1,6,1,10,2,3,0,8,5,0,10,2,1,2,20,1,2,0,9,0,0,2,0,1,0,0,0,1,0,0,0,4,0,1,0,1,4,1,5,0,1,0,1,0
parvus_poTurmam.txt_chunk20,parvus,2,0,8,0,2,8,1,30,7,2,7,3,1,2,2,6,2,3,1,3,4,1,34,5,1,0,3,1,14,5,2,1,1,0,2,12,20,2,6,4,4,0,6,3,3,2,0,3,0,3,10,1,1,1,2,8,1,5,1,3,0,8,3,13,5,1,4,4,0,0,32,1,2,0,0,0,1,5,1,3,0,0,0,1,0,0,0,4,4,0,4,4,3,1,0,1,0,0,0,0
parvus_poTurmam.txt_chunk21,parvus,6,0,4,0,5,5,0,25,1,0,0,5,1,1,5,4,1,7,0,0,4,2,44,5,4,4,17,8,8,6,1,0,1,1,5,16,23,0,1,15,3,0,2,0,17,3,7,6,0,3,5,0,0,3,2,5,3,9,0,4,0,6,1,10,3,4,12,1,0,1,28,2,6,0,1,1,0,2,0,0,0,0,0,0,0,0,0,3,0,0,0,0,3,0,1,0,0,0,0,0
parvus_poTurmam.txt_chunk23,parvus,5,0,2,0,1,2,0,29,1,0,2,7,0,0,5,0,1,0,0,5,0,6,36,5,0,0,3,3,13,2,2,2,2,0,1,12,12,0,1,11,0,1,2,0,0,9,0,4,2,2,8,1,1,0,3,4,1,7,1,1,0,6,0,6,0,2,7,1,0,1,34,0,1,0,1,1,0,2,1,0,1,0,0,0,0,0,0,0,0,0,1,1,1,0,2,2,1,0,0,0
parvus_poTurmam.txt_chunk24,parvus,6,1,7,1,0,4,0,38,4,1,3,7,0,0,0,1,4,3,0,7,5,4,26,2,2,1,0,4,11,6,0,1,0,0,1,8,19,3,2,8,2,0,2,7,1,4,1,3,0,5,2,0,2,0,0,4,0,10,1,2,4,2,3,17,1,0,20,3,0,0,45,2,2,0,3,1,0,2,0,2,1,0,1,0,0,0,0,2,0,0,2,2,4,1,2,0,0,0,0,0
parvus_poTurmam.txt_chunk25,parvus,5,2,5,4,1,9,4,23,1,1,3,9,1,0,6,3,0,2,2,4,6,1,24,7,4,1,3,6,7,3,3,0,0,4,1,11,28,2,2,10,5,1,2,8,5,2,2,7,0,3,5,0,2,2,0,6,1,6,3,5,1,4,2,24,4,0,12,1,0,1,26,0,1,0,4,0,1,5,2,3,1,0,0,0,0,0,0,0,1,0,1,5,5,1,2,1,0,0,0,0
parvus_poTurmam.txt_chunk26,parvus,3,2,4,4,7,5,0,25,1,1,3,7,2,2,3,1,5,2,1,3,12,2,26,6,4,0,5,9,8,2,1,1,1,0,0,6,33,4,1,15,4,0,3,2,5,3,0,4,1,5,8,1,1,3,3,3,0,6,2,4,3,3,1,14,8,2,13,1,1,3,35,0,1,1,4,0,0,3,1,0,3,0,0,2,0,0,0,0,0,0,1,1,2,2,0,0,0,0,0,0
parvus_poTurmam.txt_chunk27,parvus,8,1,9,2,4,7,0,29,2,0,3,5,2,0,4,0,0,4,1,5,10,5,35,8,2,0,1,8,10,3,0,0,1,0,4,14,17,0,0,9,7,1,6,2,1,5,0,8,4,2,9,1,0,1,4,9,1,4,2,3,4,6,0,17,7,1,7,6,0,1,25,0,1,0,1,0,1,3,0,1,0,0,0,0,0,0,0,2,2,0,3,1,5,2,1,1,2,0,1,0
parvus_poTurmam.txt_chunk28,parvus,0,0,0,2,11,14,1,28,0,0,2,4,3,2,13,2,0,0,0,3,4,4,31,7,1,0,0,6,9,6,3,0,3,0,2,25,12,1,0,5,0,1,1,0,3,4,0,7,0,3,7,0,1,3,0,5,0,6,5,4,2,4,1,6,7,2,6,0,1,0,16,2,5,0,1,0,0,11,0,4,0,0,1,0,0,0,0,1,0,1,2,0,3,0,22,5,10,0,0,0
parvus_poTurmam.txt_chunk29,parvus,3,2,6,3,2,4,2,30,0,0,0,7,1,0,5,2,0,3,1,6,5,4,26,6,4,1,4,7,10,2,3,1,3,2,1,16,11,0,0,6,0,0,5,0,5,7,3,9,1,2,10,1,0,2,0,9,3,8,2,4,1,1,3,11,8,2,10,1,1,2,0,0,4,1,2,1,0,4,2,1,0,0,0,0,0,0,0,2,0,0,3,0,1,3,40,12,9,0,0,0
parvus_poTurmam.txt_chunk3,parvus,5,10,0,5,3,4,1,33,1,0,2,4,2,2,2,15,1,3,0,2,3,3,32,5,3,0,1,8,7,4,1,1,1,1,2,8,6,0,1,6,6,0,12,4,6,4,2,5,0,1,13,4,1,1,1,5,1,9,0,5,0,3,4,6,4,0,4,1,2,1,11,2,4,0,0,1,1,0,2,2,0,0,0,0,1,0,0,0,0,1,1,1,6,1,0,2,0,0,0,0
parvus_poTurmam.txt_chunk30,parvus,3,0,7,4,3,11,1,21,3,0,1,9,1,0,2,1,0,2,1,4,5,5,22,11,2,2,3,10,17,4,4,0,2,2,3,17,15,1,4,7,3,0,2,0,6,2,0,3,0,3,9,0,0,3,0,3,1,11,1,5,2,5,1,4,7,2,6,0,1,3,18,0,4,0,1,0,0,5,0,0,0,0,0,0,0,0,0,0,0,0,2,1,5,6,24,5,7,0,0,0
parvus_poTurmam.txt_chunk31,parvus,2,0,4,2,7,15,1,27,2,0,5,11,0,1,7,3,1,4,1,4,2,5,34,5,5,0,1,7,8,5,2,0,1,0,1,11,11,0,2,6,4,0,3,0,2,4,3,4,1,2,8,0,0,1,1,6,0,9,2,3,4,3,2,22,7,1,14,0,0,0,15,2,2,0,1,1,0,5,0,3,0,0,0,0,0,0,0,1,0,0,0,1,3,0,27,10,9,0,0,0
parvus_poTurmam.txt_chunk32,parvus,2,0,5,4,6,12,3,33,0,0,4,7,0,0,2,2,0,1,1,6,3,6,30,8,3,0,3,6,9,3,2,1,0,1,2,22,14,0,1,6,2,0,5,0,4,4,3,3,1,4,10,0,0,1,1,7,0,5,3,2,1,1,2,14,3,3,7,1,0,0,24,3,3,0,1,0,0,3,2,2,0,0,0,0,0,0,0,1,0,0,0,5,12,5,21,8,8,0,0,0
parvus_poTurmam.txt_chunk33,parvus,3,1,9,0,3,7,2,36,4,0,5,3,0,3,1,4,0,1,0,5,3,1,30,11,0,0,1,9,6,5,2,0,2,1,0,16,10,0,0,5,1,0,6,0,3,4,2,11,0,2,9,2,2,4,5,3,0,5,3,2,0,7,0,12,4,0,5,1,1,3,33,0,3,0,0,0,0,2,1,0,0,0,0,1,0,0,0,0,0,0,2,3,4,1,3,3,0,0,0,0
parvus_poTurmam.txt_chunk34,parvus,1.890359168241966,0,1.890359168241966,0,1.890359168241966,1.890359168241966,1.890359168241966,54.82041587901702,1.890359168241966,0,0,3.780718336483932,0,0,3.780718336483932,5.671077504725898,0,1.890359168241966,0,1.890359168241966,15.122873345935728,5.671077504725898,30.245746691871457,11.342155009451796,0,1.890359168241966,0,5.671077504725898,15.122873345935728,5.671077504725898,1.890359168241966,0,3.780718336483932,0,0,11.342155009451796,17.013232514177695,0,1.890359168241966,5.671077504725898,3.780718336483932,0,11.342155009451796,1.890359168241966,0,1.890359168241966,0,9.45179584120983,1.890359168241966,1.890359168241966,9.45179584120983,1.890359168241966,1.890359168241966,5.671077504725898,0,13.232514177693762,0,3.780718336483932,1.890359168241966,3.780718336483932,0,0,1.890359168241966,13.232514177693762,1.890359168241966,1.890359168241966,3.780718336483932,0,1.890359168241966,0,56.71077504725898,0,1.890359168241966,0,0,0,0,5.671077504725898,0,0,0,0,0,0,0,0,0,0,0,0,0,0,5.671077504725898,3.780718336483932,9.45179584120983,0,0,0,1.890359168241966,0
parvus_poTurmam.txt_chunk6,parvus,7,0,7,4,1,8,2,30,0,1,1,3,0,1,7,7,3,1,0,3,5,5,29,5,5,1,8,9,5,4,1,1,3,4,1,15,20,1,2,6,3,0,8,8,5,4,0,5,2,1,4,4,2,4,1,3,1,4,3,6,0,8,1,18,3,0,11,2,0,0,15,0,2,0,1,0,1,4,2,0,0,0,0,1,0,0,0,1,0,1,0,4,4,1,1,1,0,0,0,1
parvus_poTurmam.txt_chunk8,parvus,3,5,2,3,4,11,2,30,4,3,1,7,2,0,4,2,0,3,0,6,4,1,31,2,0,2,2,3,8,3,0,1,2,1,1,9,17,3,0,6,6,2,1,1,4,0,1,4,1,6,6,6,0,0,0,4,4,2,2,9,0,4,3,19,3,2,9,4,1,0,2,2,3,0,2,11,0,3,0,1,0,1,0,2,1,1,2,3,0,0,2,3,6,1,15,10,5,0,2,1
parvus_poTurmam.txt_chunk9,parvus,5,4,0,3,2,11,4,26,3,0,5,5,2,0,3,6,2,5,0,5,6,3,29,6,4,0,6,5,8,4,1,0,0,3,2,8,16,3,2,9,3,2,11,7,3,2,1,4,2,3,10,0,0,0,2,7,2,5,2,2,1,4,2,12,4,0,9,1,0,1,6,1,3,0,1,2,1,3,0,1,0,0,0,0,0,0,0,1,0,0,1,5,0,0,4,3,4,0,0,0
parvus_samoderzh_i_fin_I.txt_chunk1,parvus,14,0,3,0,0,5,1,39,1,0,4,3,2,0,1,4,0,4,0,0,5,6,23,6,1,0,0,4,9,2,0,0,4,3,0,16,15,1,2,5,3,1,5,2,2,9,0,5,1,0,8,0,0,0,2,8,4,7,2,5,2,2,2,16,3,0,4,2,1,1,0,1,4,1,1,3,3,4,3,1,7,0,0,2,0,0,0,4,0,3,0,1,6,1,0,2,0,0,1,0
parvus_tua_res_agitur_I.txt_chunk1,parvus,1,0,10,0,2,2,1,38,2,0,0,1,0,2,2,3,0,2,0,4,1,5,32,9,0,3,6,7,9,1,1,0,0,2,0,11,22,0,3,13,5,1,8,1,12,2,1,6,2,2,6,3,0,1,0,4,1,2,3,6,2,0,3,16,2,4,4,4,1,4,0,2,1,0,2,1,1,0,2,1,1,1,1,2,3,0,0,1,0,1,2,0,3,1,2,1,0,0,2,0
parvus_tua_res_agitur_I.txt_chunk2,parvus,0,0,6.720430107526882,1.3440860215053765,0,4.032258064516129,4.032258064516129,24.193548387096772,1.3440860215053765,0,2.688172043010753,2.688172043010753,1.3440860215053765,4.032258064516129,1.3440860215053765,2.688172043010753,1.3440860215053765,4.032258064516129,0,2.688172043010753,1.3440860215053765,10.752688172043012,29.56989247311828,4.032258064516129,0,0,0,2.688172043010753,8.064516129032258,4.032258064516129,2.688172043010753,0,0,4.032258064516129,0,6.720430107526882,8.064516129032258,0,1.3440860215053765,9.408602150537634,9.408602150537634,1.3440860215053765,2.688172043010753,12.096774193548386,2.688172043010753,2.688172043010753,0,0,1.3440860215053765,2.688172043010753,12.096774193548386,4.032258064516129,1.3440860215053765,1.3440860215053765,1.3440860215053765,4.032258064516129,1.3440860215053765,6.720430107526882,1.3440860215053765,4.032258064516129,0,1.3440860215053765,2.688172043010753,10.752688172043012,4.032258064516129,2.688172043010753,10.752688172043012,4.032258064516129,0,0,0,0,2.688172043010753,0,4.032258064516129,1.3440860215053765,2.688172043010753,4.032258064516129,0,5.376344086021506,0,4.032258064516129,1.3440860215053765,2.688172043010753,9.408602150537634,0,1.3440860215053765,0,1.3440860215053765,1.3440860215053765,0,2.688172043010753,1.3440860215053765,0,2.688172043010753,2.688172043010753,1.3440860215053765,1.3440860215053765,1.3440860215053765,0
parvus_v_chem_my_rashodimsya_otvet_leninu.txt_chunk1,parvus,4,1,2,1,2,5,2,34,4,3,3,8,0,0,2,2,1,6,2,6,3,5,40,2,2,0,3,5,2,4,0,0,0,0,0,11,19,3,0,12,0,1,3,0,3,0,1,10,1,1,6,2,0,2,1,3,1,4,2,6,1,3,3,11,2,0,16,2,0,2,7,0,5,0,4,0,0,8,0,2,0,1,0,4,2,1,0,4,2,1,2,1,0,2,14,4,5,0,4,1
parvus_v_chem_my_rashodimsya_otvet_leninu.txt_chunk2,parvus,6,4,5,0,3,2,1,35,0,0,0,6,4,0,8,9,3,5,1,2,8,3,29,4,1,1,7,3,6,2,1,0,2,2,0,3,24,2,1,12,0,2,11,4,5,6,0,2,2,4,7,0,1,1,2,3,6,8,4,2,2,2,3,16,6,0,7,5,1,4,6,0,1,2,0,0,7,2,1,0,0,1,2,10,3,1,2,3,2,0,1,1,2,1,13,6,12,0,7,1
parvus_v_chem_my_rashodimsya_otvet_leninu.txt_chunk3,parvus,5,4,7,1,1,2,1,24,2,0,1,5,0,1,2,3,2,7,0,0,5,4,29,2,4,2,7,9,6,0,1,0,0,1,1,23,30,1,5,6,2,1,1,1,18,12,0,7,1,1,9,1,2,2,3,2,1,9,1,8,2,2,3,15,4,1,5,1,1,1,14,0,1,1,4,3,0,7,1,3,0,0,2,5,3,1,2,2,2,1,1,1,2,0,11,0,1,0,5,0
parvus_v_chem_my_rashodimsya_otvet_leninu.txt_chunk4,parvus,11,2,2,1,0,7,2,31,4,0,4,4,1,1,3,10,0,2,0,6,5,2,36,6,2,2,6,8,5,6,2,2,2,2,1,18,20,1,3,8,1,0,13,0,6,4,1,6,0,3,16,4,1,1,1,0,3,9,2,6,2,2,1,22,3,1,7,1,2,0,7,0,1,0,0,1,3,1,0,1,0,1,0,6,2,0,3,1,0,2,1,7,1,0,10,3,1,2,2,3
parvus_v_chem_my_rashodimsya_otvet_leninu.txt_chunk5,parvus,9,4,14,2,0,2,0,35,2,1,1,2,1,0,4,3,1,6,0,2,6,4,24,1,5,1,6,5,10,3,0,1,1,3,2,19,19,2,3,12,1,0,8,2,4,2,1,5,0,3,10,3,0,1,0,3,1,3,4,5,2,3,3,12,2,1,5,2,0,1,2,1,0,1,2,1,0,1,2,1,0,0,1,3,1,1,5,5,11,1,0,5,1,2,13,2,5,1,5,7
parvus_v_chem_my_rashodimsya_otvet_leninu.txt_chunk6,parvus,11,4,2,0,0,0,2,26,3,2,2,3,3,1,9,6,1,2,1,5,3,2,43,4,9,0,5,6,5,2,0,1,0,1,1,10,20,1,2,9,5,0,7,1,6,0,0,2,1,1,15,4,1,0,2,1,2,5,1,4,4,0,2,15,3,1,6,0,1,1,7,0,0,1,1,1,4,1,3,2,0,0,1,5,1,0,8,1,3,2,1,3,0,0,6,2,2,7,7,7
parvus_v_chem_my_rashodimsya_otvet_leninu.txt_chunk7,parvus,9,0,6,2,4,6,2,22,2,0,1,4,2,0,2,9,1,3,0,0,0,3,30,6,2,1,1,8,9,3,1,0,2,2,1,11,15,1,0,4,0,1,11,2,1,2,1,7,3,1,9,5,1,2,2,2,3,5,3,2,3,0,1,21,6,0,6,1,0,0,8,0,1,0,0,3,1,4,0,0,0,3,5,3,5,0,6,3,3,3,4,3,1,1,2,0,2,1,6,1
parvus_v_chem_my_rashodimsya_otvet_leninu.txt_chunk8,parvus,6,0,1,2,1,2,1,40,1,0,2,8,1,0,7,3,3,4,0,3,3,3,34,5,1,3,3,10,7,4,2,0,1,3,1,16,12,3,0,5,3,0,5,0,3,3,0,3,0,1,5,0,1,0,0,3,1,7,2,4,5,1,2,19,11,0,10,4,3,0,11,0,1,0,0,0,1,5,1,1,0,5,2,7,8,0,4,1,6,2,1,1,0,1,1,0,4,1,3,4
parvus_v_chem_my_rashodimsya_otvet_leninu.txt_chunk9,parvus,6.191950464396285,4.127966976264189,2.0639834881320946,0,0,2.0639834881320946,0,23.735810113519094,1.0319917440660473,0,0,7.223942208462332,2.0639834881320946,1.0319917440660473,2.0639834881320946,13.415892672858616,1.0319917440660473,1.0319917440660473,2.0639834881320946,4.127966976264189,3.0959752321981426,3.0959752321981426,47.47162022703819,3.0959752321981426,1.0319917440660473,3.0959752321981426,2.0639834881320946,2.0639834881320946,8.255933952528379,0,0,0,0,1.0319917440660473,1.0319917440660473,19.607843137254903,21.671826625387,2.0639834881320946,2.0639834881320946,7.223942208462332,0,0,14.447884416924664,4.127966976264189,2.0639834881320946,11.351909184726523,0,4.127966976264189,1.0319917440660473,2.0639834881320946,9.287925696594426,0,2.0639834881320946,0,3.0959752321981426,2.0639834881320946,0,4.127966976264189,2.0639834881320946,4.127966976264189,2.0639834881320946,1.0319917440660473,3.0959752321981426,9.287925696594426,5.159958720330238,1.0319917440660473,4.127966976264189,2.0639834881320946,0,1.0319917440660473,3.0959752321981426,1.0319917440660473,0,0,0,0,0,1.0319917440660473,2.0639834881320946,4.127966976264189,0,2.0639834881320946,4.127966976264189,0,5.159958720330238,1.0319917440660473,4.127966976264189,0,6.191950464396285,0,0,0,0,0,1.0319917440660473,0,0,7.223942208462332,4.127966976264189,7.223942208462332
parvus_virIII_9_mes_voyny_I.txt_chunk1,parvus,0,1,8,5,0,3,0,30,2,0,1,1,1,1,1,1,7,2,1,3,5,3,20,2,1,0,3,8,3,3,1,0,0,2,1,14,5,0,1,9,3,1,0,5,2,6,2,1,2,10,12,2,4,0,0,3,5,0,2,2,2,2,2,12,3,1,7,0,0,0,1,1,1,1,1,3,1,1,1,0,0,0,1,6,0,1,0,4,1,22,6,3,1,1,0,0,0,0,1,0
parvus_virIII_9_mes_voyny_I.txt_chunk2,parvus,5,3,2,4,0,1,1,24,2,0,2,8,1,1,3,1,5,6,0,6,5,3,26,4,3,0,4,5,7,2,1,0,1,2,2,24,9,1,0,7,0,0,2,3,0,8,5,1,2,4,12,1,0,0,0,2,2,14,1,7,0,1,1,16,3,1,5,2,0,0,0,1,3,0,1,2,0,5,3,3,0,0,0,1,0,0,0,2,0,7,2,3,2,3,0,0,0,0,0,0
parvus_virIII_9_mes_voyny_I.txt_chunk3,parvus,5,8,5,0,0,0,1,25,3,0,1,6,3,2,2,3,6,3,0,4,6,4,34,3,0,2,2,11,4,0,2,0,1,3,6,17,16,0,0,6,1,1,3,6,2,7,1,7,0,8,8,2,0,0,0,2,6,4,1,8,0,4,4,9,4,0,12,2,0,4,0,0,7,1,1,1,0,4,7,0,0,0,0,0,0,2,0,1,0,2,1,5,1,1,0,0,0,0,1,0
parvus_virIII_9_mes_voyny_I.txt_chunk4,parvus,6.493506493506494,7.575757575757576,3.246753246753247,1.0822510822510822,1.0822510822510822,2.1645021645021645,0,23.809523809523807,1.0822510822510822,2.1645021645021645,1.0822510822510822,1.0822510822510822,1.0822510822510822,1.0822510822510822,5.411255411255411,4.329004329004329,6.493506493506494,1.0822510822510822,0,6.493506493506494,2.1645021645021645,5.411255411255411,28.13852813852814,3.246753246753247,1.0822510822510822,4.329004329004329,1.0822510822510822,17.316017316017316,4.329004329004329,2.1645021645021645,3.246753246753247,0,0,1.0822510822510822,1.0822510822510822,11.904761904761903,12.987012987012989,1.0822510822510822,0,5.411255411255411,5.411255411255411,0,4.329004329004329,5.411255411255411,5.411255411255411,2.1645021645021645,1.0822510822510822,7.575757575757576,1.0822510822510822,3.246753246753247,7.575757575757576,1.0822510822510822,0,2.1645021645021645,2.1645021645021645,0,1.0822510822510822,3.246753246753247,0,5.411255411255411,3.246753246753247,1.0822510822510822,2.1645021645021645,4.329004329004329,7.575757575757576,1.0822510822510822,8.658008658008658,1.0822510822510822,1.0822510822510822,0,0,2.1645021645021645,4.329004329004329,1.0822510822510822,2.1645021645021645,1.0822510822510822,0,5.411255411255411,0,1.0822510822510822,0,0,0,0,0,1.0822510822510822,0,3.246753246753247,0,10.822510822510822,1.0822510822510822,4.329004329004329,0,0,1.0822510822510822,0,0,0,0,0
parvus_virII_padenie_samoderzhaviya_I.txt_chunk1,parvus,4,0,9,2,0,4,3,32,0,1,1,7,2,1,3,5,7,2,0,3,2,6,43,2,1,1,2,7,2,1,2,0,1,2,1,12,14,0,1,8,1,1,1,4,0,4,0,6,1,1,8,1,2,3,5,5,1,3,3,7,0,1,1,7,3,0,1,0,3,2,0,1,1,0,0,13,0,5,1,0,0,0,0,4,0,1,0,4,0,3,1,2,1,2,0,0,0,0,1,0
parvus_virII_padenie_samoderzhaviya_I.txt_chunk2,parvus,5,0,13,1,2,5,2,36,1,1,0,2,0,0,4,4,1,2,0,3,5,4,31,3,0,0,1,6,5,0,0,0,8,3,0,21,18,0,0,5,5,0,2,2,0,7,2,7,1,3,9,1,4,1,1,2,0,4,2,4,5,2,2,10,7,1,5,1,3,0,1,2,1,0,1,0,0,2,2,1,0,0,0,1,0,0,0,4,0,7,3,3,0,0,0,0,0,0,0,0
parvus_virII_padenie_samoderzhaviya_I.txt_chunk3,parvus,9,4,0,0,3,2,1,50,1,2,6,3,2,2,3,1,4,2,0,4,6,4,31,3,1,1,3,3,3,2,3,0,4,5,2,11,19,0,0,7,4,0,2,3,4,2,0,4,0,7,11,2,1,3,2,2,0,4,2,9,2,4,1,15,1,1,5,0,0,2,0,2,0,0,2,0,0,3,1,3,0,0,0,0,0,1,1,6,0,5,1,1,0,0,1,3,0,0,0,0
parvus_virII_padenie_samoderzhaviya_I.txt_chunk4,parvus,5,2,2,0,0,2,2,27,3,0,3,5,1,0,4,6,2,1,0,10,4,3,32,4,3,0,0,8,6,4,1,0,1,4,1,17,14,2,0,11,5,0,1,3,2,4,1,2,3,3,13,0,0,1,0,2,3,4,2,6,0,0,2,6,3,0,8,3,0,0,1,1,4,0,0,0,0,7,0,0,1,0,0,0,0,0,0,2,0,9,0,2,3,2,0,0,0,0,0,0
parvus_virII_padenie_samoderzhaviya_I.txt_chunk5,parvus,6,0,0,0,2,6,1,33,4,0,3,2,0,1,9,3,1,2,0,4,2,1,35,2,0,0,0,6,7,2,1,0,4,1,0,14,13,0,0,8,1,0,1,7,1,5,3,3,0,4,8,0,0,2,0,3,0,3,3,6,0,1,1,11,2,0,4,0,0,1,0,1,1,1,0,4,4,2,1,1,0,0,0,1,0,1,0,1,1,8,1,2,0,0,0,0,0,0,0,2
parvus_virII_padenie_samoderzhaviya_I.txt_chunk6,parvus,5.076142131979695,5.076142131979695,0,0,0,0,0,35.53299492385787,0,0,0,0,0,0,0,10.15228426395939,0,0,0,0,5.076142131979695,5.076142131979695,10.15228426395939,0,0,0,0,10.15228426395939,10.15228426395939,0,5.076142131979695,0,0,5.076142131979695,0,10.15228426395939,15.228426395939087,0,0,5.076142131979695,0,0,0,0,0,0,0,0,0,0,15.228426395939087,0,0,0,0,5.076142131979695,0,0,5.076142131979695,5.076142131979695,0,0,0,10.15228426395939,5.076142131979695,0,0,0,0,0,5.076142131979695,5.076142131979695,5.076142131979695,0,0,5.076142131979695,5.076142131979695,5.076142131979695,0,0,0,0,0,15.228426395939087,0,0,0,0,0,10.15228426395939,5.076142131979695,0,0,0,0,0,0,0,0,5.076142131979695
parvus_virIV_samoderzh_i_reformy_I.txt_chunk1,parvus,6,3,10,0,1,3,2,26,2,1,1,7,1,0,7,4,2,4,1,3,3,2,30,0,1,1,1,5,1,3,1,0,0,7,2,18,26,1,1,11,2,2,0,0,3,3,0,9,2,0,9,3,1,3,1,3,4,6,2,5,1,1,1,14,6,1,5,2,2,2,0,0,4,4,0,30,3,3,0,0,0,0,0,1,0,0,0,3,0,0,2,1,0,0,0,0,0,0,6,1
parvus_virIV_samoderzh_i_reformy_I.txt_chunk2,parvus,8,5,22,1,3,4,1,23,1,0,0,5,1,0,3,6,3,4,0,4,4,2,32,2,0,0,5,7,2,2,1,0,1,4,0,17,14,0,1,8,0,0,6,1,2,2,1,3,5,6,5,4,0,0,2,2,7,2,2,7,2,1,4,9,4,1,3,8,1,1,0,3,4,1,0,11,1,2,5,0,0,0,0,1,0,2,0,1,0,9,4,1,4,3,2,0,0,1,10,1
parvus_virIV_samoderzh_i_reformy_I.txt_chunk3,parvus,9,1,7,0,0,3,0,21,0,0,0,6,1,0,1,3,3,5,0,5,2,7,31,3,1,2,6,7,5,0,5,0,1,0,2,14,10,1,1,7,2,0,2,7,3,3,0,5,3,5,7,0,1,3,1,1,2,2,0,3,1,0,1,10,2,1,6,1,0,0,1,0,1,0,3,3,2,2,2,0,0,1,1,7,1,0,1,0,3,7,0,0,1,2,2,0,2,1,4,0
parvus_virI_kapitalizm_i_voyna_I.txt_chunk1,parvus,9,0,1,5,1,2,2,23,1,0,4,11,0,0,2,2,7,0,0,4,3,4,38,2,0,0,1,8,7,0,1,0,5,2,0,12,6,0,1,4,1,0,1,6,1,1,1,4,2,0,14,3,0,3,1,4,5,3,1,4,0,1,2,8,0,0,6,0,1,0,0,1,3,0,1,0,2,1,4,0,0,1,0,0,0,0,0,5,0,1,2,0,3,0,0,0,0,0,1,1
parvus_virI_kapitalizm_i_voyna_I.txt_chunk2,parvus,5,0,2,1,1,2,0,27,2,2,1,4,1,0,3,2,7,0,0,4,3,4,49,3,0,0,4,7,4,1,1,0,2,1,1,22,8,0,0,10,1,0,9,1,5,2,0,7,1,3,8,0,0,1,1,2,1,7,1,1,1,2,2,11,3,2,2,1,0,1,1,2,4,1,0,2,5,3,1,1,0,1,0,1,1,0,0,2,1,1,0,0,2,2,1,0,0,0,0,0
parvus_virI_kapitalizm_i_voyna_I.txt_chunk4,parvus,3,1,0,4,1,4,0,42,4,1,4,7,1,0,2,1,13,3,0,4,6,3,25,0,3,0,4,8,10,0,1,0,1,1,0,17,13,2,1,6,7,3,4,6,1,3,2,2,0,3,9,5,1,3,3,7,1,7,2,2,0,2,3,10,5,1,6,0,1,2,1,3,5,0,3,0,0,4,1,0,0,1,0,2,2,0,0,0,0,8,0,2,2,0,1,0,0,0,0,1
parvus_virI_kapitalizm_i_voyna_I.txt_chunk5,parvus,0,3.571428571428571,14.285714285714285,3.571428571428571,0,3.571428571428571,3.571428571428571,53.57142857142857,3.571428571428571,7.142857142857142,7.142857142857142,3.571428571428571,7.142857142857142,0,7.142857142857142,0,3.571428571428571,0,0,7.142857142857142,10.714285714285714,14.285714285714285,32.14285714285714,10.714285714285714,0,0,0,10.714285714285714,0,0,0,0,0,3.571428571428571,0,10.714285714285714,0,0,0,0,7.142857142857142,3.571428571428571,0,7.142857142857142,0,3.571428571428571,3.571428571428571,0,0,3.571428571428571,14.285714285714285,3.571428571428571,0,3.571428571428571,0,0,0,7.142857142857142,0,3.571428571428571,0,0,0,7.142857142857142,0,0,3.571428571428571,3.571428571428571,0,3.571428571428571,0,3.571428571428571,7.142857142857142,0,0,0,0,7.142857142857142,3.571428571428571,0,0,0,0,0,0,0,0,0,0,14.285714285714285,0,7.142857142857142,3.571428571428571,0,3.571428571428571,0,0,0,0,0
parvus_vnesh_politika_germanii.txt_chunk1,parvus,5.9171597633136095,0,4.437869822485207,2.9585798816568047,1.4792899408284024,1.4792899408284024,0,28.106508875739646,0,0,1.4792899408284024,4.437869822485207,0,0,8.875739644970414,1.4792899408284024,2.9585798816568047,1.4792899408284024,0,0,1.4792899408284024,5.9171597633136095,39.94082840236687,5.9171597633136095,0,0,0,7.396449704142012,5.9171597633136095,4.437869822485207,1.4792899408284024,0,4.437869822485207,0,0,11.834319526627219,20.710059171597635,1.4792899408284024,1.4792899408284024,8.875739644970414,7.396449704142012,1.4792899408284024,2.9585798816568047,4.437869822485207,1.4792899408284024,4.437869822485207,0,1.4792899408284024,0,4.437869822485207,13.313609467455622,1.4792899408284024,0,2.9585798816568047,0,1.4792899408284024,2.9585798816568047,4.437869822485207,1.4792899408284024,5.9171597633136095,1.4792899408284024,2.9585798816568047,0,10.355029585798817,2.9585798816568047,0,4.437869822485207,0,0,2.9585798816568047,0,1.4792899408284024,0,1.4792899408284024,1.4792899408284024,1.4792899408284024,1.4792899408284024,8.875739644970414,2.9585798816568047,0,0,0,0,0,0,0,0,0,0,8.875739644970414,1.4792899408284024,4.437869822485207,2.9585798816568047,0,1.4792899408284024,1.4792899408284024,0,0,1.4792899408284024,0
plehanov_beliy_terror_I.txt_chunk1,plehanov,4,0,1,0,1,1,3,28,0,3,1,3,4,0,6,6,1,4,0,4,2,5,47,4,2,1,2,5,7,0,0,0,0,4,0,13,11,0,2,7,2,0,6,1,1,2,0,6,5,1,6,1,1,1,5,3,1,5,2,7,3,1,3,20,5,1,4,3,1,1,9,0,0,0,0,13,0,4,7,1,0,0,0,0,0,0,1,1,2,2,1,3,3,3,7,2,0,3,0,0
plehanov_beliy_terror_I.txt_chunk2,plehanov,3,0,6,1,2,2,2,27,1,1,5,2,0,1,4,5,1,1,1,5,2,2,32,1,6,0,2,10,5,4,1,2,0,2,2,17,11,1,2,3,3,0,1,0,0,2,2,7,3,1,10,0,1,0,0,1,0,2,1,5,1,4,3,20,1,1,7,2,0,0,0,1,4,2,0,2,4,1,2,1,0,1,1,2,1,1,3,2,3,1,0,15,0,0,10,4,4,1,0,0
plehanov_cant_vs_kant.txt_chunk1,plehanov,3,0,6,0,1,2,0,33,1,0,1,3,1,0,2,9,4,7,1,2,6,2,34,1,1,0,6,8,8,2,2,4,0,3,2,10,19,6,0,6,7,2,10,1,2,3,3,5,0,1,7,3,0,2,0,7,1,10,1,3,1,3,1,16,0,0,5,2,3,7,0,0,1,0,0,0,2,1,1,0,22,1,1,3,1,4,0,1,0,0,1,4,1,0,8,0,0,0,0,2
plehanov_cant_vs_kant.txt_chunk5,plehanov,2,1,9,0,0,1,5,18,1,2,0,3,1,0,6,14,3,4,4,1,5,1,41,5,2,2,7,8,7,0,2,0,0,5,1,11,16,2,1,6,6,2,15,2,3,4,4,1,1,0,6,0,1,2,1,5,4,6,4,7,3,4,2,18,5,6,2,2,2,1,0,0,4,2,1,0,2,1,3,0,13,0,0,2,1,3,0,0,0,0,1,1,5,0,6,0,1,0,0,1
plehanov_cant_vs_kant.txt_chunk6,plehanov,3,0,4,0,0,0,2,30,0,1,3,4,2,1,4,9,1,4,3,2,7,2,26,3,4,2,1,10,5,3,3,0,2,1,0,12,16,2,3,11,2,0,9,1,3,7,1,3,0,3,9,1,1,1,1,2,3,8,3,6,1,1,3,17,4,1,8,2,2,1,1,1,1,3,1,3,2,1,1,1,16,1,1,7,3,2,2,1,0,0,1,2,1,1,4,0,1,0,0,2
plehanov_cant_vs_kant.txt_chunk7,plehanov,2,0,13,0,1,1,1,22,1,2,3,5,1,0,6,9,4,6,4,2,7,0,34,2,7,2,3,5,6,4,3,2,0,5,0,4,25,4,7,11,3,2,8,13,2,5,1,6,0,1,13,1,3,2,0,2,6,7,1,3,2,2,2,20,1,1,5,1,0,0,0,0,1,2,0,1,1,2,5,0,13,4,0,5,2,3,2,3,1,0,2,0,1,1,6,0,0,3,0,4
plehanov_cant_vs_kant.txt_chunk8,plehanov,11,0,5,0,1,0,1,40,3,1,2,2,0,1,3,4,1,5,0,2,3,0,26,7,5,0,3,8,9,1,1,1,1,0,0,9,23,0,3,7,8,3,6,2,2,0,3,2,1,0,4,1,0,0,1,7,2,6,0,0,2,4,2,17,0,0,7,2,1,1,5,0,1,2,0,1,1,1,0,0,24,1,0,2,3,1,0,2,0,0,0,2,2,2,12,0,2,0,0,0
plehanov_cant_vs_kant.txt_chunk9,plehanov,4.123711340206186,0,2.061855670103093,0,2.061855670103093,0,1.0309278350515465,43.298969072164944,2.061855670103093,4.123711340206186,3.092783505154639,4.123711340206186,0,0,3.092783505154639,9.278350515463918,1.0309278350515465,4.123711340206186,0,2.061855670103093,5.154639175257732,2.061855670103093,26.804123711340203,6.185567010309278,2.061855670103093,1.0309278350515465,4.123711340206186,5.154639175257732,6.185567010309278,1.0309278350515465,0,2.061855670103093,2.061855670103093,2.061855670103093,0,11.340206185567009,20.61855670103093,2.061855670103093,0,8.247422680412372,7.216494845360825,0,3.092783505154639,1.0309278350515465,1.0309278350515465,0,3.092783505154639,6.185567010309278,0,1.0309278350515465,8.247422680412372,2.061855670103093,0,1.0309278350515465,0,2.061855670103093,1.0309278350515465,3.092783505154639,1.0309278350515465,4.123711340206186,5.154639175257732,3.092783505154639,2.061855670103093,22.680412371134018,3.092783505154639,0,3.092783505154639,3.092783505154639,2.061855670103093,2.061855670103093,1.0309278350515465,0,2.061855670103093,1.0309278350515465,4.123711340206186,2.061855670103093,1.0309278350515465,2.061855670103093,1.0309278350515465,4.123711340206186,21.649484536082472,3.092783505154639,4.123711340206186,1.0309278350515465,10.309278350515465,1.0309278350515465,1.0309278350515465,1.0309278350515465,0,3.092783505154639,0,3.092783505154639,1.0309278350515465,3.092783505154639,6.185567010309278,1.0309278350515465,0,0,0,0
plehanov_grustnoe_nedorazumenie_I.txt_chunk1,plehanov,6,0,8,0,1,4,4,35,1,3,1,3,1,1,2,4,1,3,1,2,7,2,27,5,6,0,5,8,12,6,3,1,0,1,2,7,24,1,5,13,9,1,13,1,0,4,2,5,2,0,8,0,1,2,0,2,2,6,3,4,1,6,3,22,1,0,8,5,0,1,13,0,1,0,2,2,0,3,3,0,3,0,3,1,4,0,0,2,0,0,0,2,2,1,5,3,0,3,0,0
plehanov_grustnoe_nedorazumenie_I.txt_chunk2,plehanov,8,1,10,1,1,3,2,24,2,3,2,1,2,0,1,3,0,8,1,5,1,1,27,2,6,2,9,7,4,2,4,1,1,0,2,8,23,3,2,7,6,0,9,0,4,6,5,8,1,1,16,0,1,2,4,5,5,7,3,3,3,4,2,18,0,2,10,0,0,2,13,0,3,1,3,0,1,2,0,1,0,0,1,2,0,2,0,2,1,0,0,3,0,1,4,2,0,1,0,0
plehanov_gzha_breshkovskaya_I.txt_chunk2,plehanov,3.1914893617021276,0,9.574468085106384,4.25531914893617,1.0638297872340425,5.319148936170213,2.127659574468085,24.46808510638298,2.127659574468085,2.127659574468085,0,2.127659574468085,0,1.0638297872340425,3.1914893617021276,5.319148936170213,5.319148936170213,8.51063829787234,1.0638297872340425,1.0638297872340425,6.382978723404255,5.319148936170213,40.42553191489362,4.25531914893617,5.319148936170213,0,4.25531914893617,6.382978723404255,6.382978723404255,2.127659574468085,2.127659574468085,1.0638297872340425,1.0638297872340425,1.0638297872340425,0,8.51063829787234,24.46808510638298,0,0,4.25531914893617,8.51063829787234,0,0,15.957446808510637,1.0638297872340425,2.127659574468085,4.25531914893617,3.1914893617021276,0,1.0638297872340425,11.702127659574467,2.127659574468085,2.127659574468085,1.0638297872340425,0,2.127659574468085,2.127659574468085,11.702127659574467,0,3.1914893617021276,5.319148936170213,4.25531914893617,2.127659574468085,21.27659574468085,1.0638297872340425,2.127659574468085,8.51063829787234,2.127659574468085,2.127659574468085,0,5.319148936170213,1.0638297872340425,1.0638297872340425,3.1914893617021276,1.0638297872340425,1.0638297872340425,3.1914893617021276,0,0,0,14.893617021276597,0,3.1914893617021276,1.0638297872340425,2.127659574468085,6.382978723404255,0,1.0638297872340425,0,2.127659574468085,1.0638297872340425,0,1.0638297872340425,0,5.319148936170213,1.0638297872340425,1.0638297872340425,0,0,0
plehanov_k_agrarnomu_voprosu_v_Rossii_NQ.txt_chunk1,plehanov,9,5,3,0,0,1,4,32,0,4,0,2,0,0,7,3,3,7,1,1,4,3,20,4,10,2,1,11,8,2,3,1,0,4,1,5,18,3,1,9,2,3,8,3,0,2,1,4,1,3,7,5,0,7,0,6,4,6,5,3,2,4,0,19,4,0,21,2,4,2,4,2,1,0,2,2,1,3,1,0,0,0,4,1,3,2,0,2,1,2,0,3,1,3,5,1,1,0,0,0
plehanov_k_agrarnomu_voprosu_v_Rossii_NQ.txt_chunk2,plehanov,7,0,7,0,3,4,2,24,3,2,3,5,3,0,3,3,1,4,0,3,5,4,23,7,2,3,5,8,8,8,4,0,1,3,2,11,22,0,2,9,5,0,5,2,8,4,1,3,0,1,15,3,1,0,1,3,1,9,2,3,3,3,0,22,0,2,5,2,0,4,10,0,3,2,2,1,5,2,0,1,3,1,1,0,10,1,0,2,0,5,2,3,0,3,1,2,0,1,0,0
plehanov_k_agrarnomu_voprosu_v_Rossii_NQ.txt_chunk3,plehanov,11,3,3,0,2,3,2,26,1,4,3,3,1,0,8,6,3,1,1,1,8,1,20,3,10,2,3,6,9,1,1,0,1,2,0,17,32,0,1,12,12,0,3,2,3,0,0,2,0,0,3,1,1,2,3,0,3,10,2,5,7,0,2,26,1,3,12,2,0,0,15,2,0,3,2,0,2,3,2,0,0,0,2,0,6,1,0,1,0,0,2,2,0,5,2,0,8,1,0,0
plehanov_k_agrarnomu_voprosu_v_Rossii_NQ.txt_chunk4,plehanov,6,5,15,1,2,3,2,36,1,3,1,0,0,1,1,5,2,10,2,2,4,1,25,1,6,0,4,4,7,1,0,1,4,3,0,8,18,0,4,9,8,0,9,0,0,3,3,1,0,2,7,1,0,1,1,5,2,8,0,7,5,5,1,28,0,0,12,2,0,0,4,1,0,3,2,1,1,3,1,3,3,1,1,5,4,2,0,0,0,1,1,2,4,4,1,2,2,0,0,0
plehanov_k_agrarnomu_voprosu_v_Rossii_NQ.txt_chunk5,plehanov,8,1,0,4,2,6,2,28,5,2,0,6,1,0,5,5,1,4,1,0,6,2,26,5,1,3,2,12,9,3,2,1,3,1,1,16,21,0,0,8,3,1,0,2,3,3,0,12,1,1,9,1,6,0,2,4,4,7,6,4,2,4,4,19,5,1,8,0,4,2,1,0,1,0,2,0,0,2,4,0,1,0,0,0,1,1,0,1,0,2,0,1,1,1,2,1,0,0,0,2
plehanov_k_agrarnomu_voprosu_v_Rossii_NQ.txt_chunk7,plehanov,7.421150278293135,0,5.565862708719852,0,1.8552875695732838,3.7105751391465676,1.8552875695732838,20.408163265306122,3.7105751391465676,0,0,0,0,0,1.8552875695732838,7.421150278293135,5.565862708719852,3.7105751391465676,0,0,12.987012987012989,0,24.118738404452692,3.7105751391465676,7.421150278293135,0,3.7105751391465676,11.131725417439704,11.131725417439704,0,1.8552875695732838,0,3.7105751391465676,3.7105751391465676,1.8552875695732838,24.118738404452692,18.55287569573284,1.8552875695732838,1.8552875695732838,16.697588126159555,1.8552875695732838,0,25.974025974025977,0,0,3.7105751391465676,0,5.565862708719852,0,3.7105751391465676,3.7105751391465676,5.565862708719852,0,0,0,5.565862708719852,0,1.8552875695732838,1.8552875695732838,3.7105751391465676,3.7105751391465676,3.7105751391465676,0,18.55287569573284,0,1.8552875695732838,12.987012987012989,5.565862708719852,0,1.8552875695732838,12.987012987012989,0,1.8552875695732838,3.7105751391465676,3.7105751391465676,0,0,0,0,0,0,0,0,0,0,1.8552875695732838,0,3.7105751391465676,3.7105751391465676,0,3.7105751391465676,0,0,0,7.421150278293135,3.7105751391465676,0,0,0,0
plehanov_k_voposu_o_zahvate_vlasti_I.txt_chunk1,plehanov,2,2,4,1,0,2,2,29,2,2,4,2,2,3,9,4,0,0,0,2,5,3,34,3,2,6,1,12,9,2,3,1,0,0,1,13,19,0,0,9,5,4,3,1,4,2,1,8,0,1,9,1,0,2,2,2,1,2,6,4,1,1,0,6,4,1,3,6,3,1,2,2,0,2,1,0,0,2,0,1,2,0,2,3,1,1,1,0,2,0,1,4,2,1,1,1,1,5,3,8
plehanov_k_voposu_o_zahvate_vlasti_I.txt_chunk2,plehanov,5,3,8,1,2,1,3,30,4,3,1,3,1,0,1,5,3,5,0,2,2,1,35,3,1,4,3,6,7,1,1,1,0,1,0,6,14,4,0,12,2,1,2,1,5,0,6,4,0,3,12,2,0,1,2,4,1,6,0,3,4,1,0,17,4,1,3,2,0,2,1,0,2,2,0,1,1,2,3,0,2,6,1,1,0,3,1,2,1,0,1,1,0,0,6,2,2,4,0,2
plehanov_krasniy_cyezd_I.txt_chunk1,plehanov,6,0,3,2,2,2,5,27,0,1,0,2,1,0,4,5,3,4,0,2,2,2,26,4,3,1,4,2,6,2,2,2,2,3,0,13,14,1,1,5,9,1,2,1,7,3,7,4,0,0,10,4,1,1,4,3,4,5,0,5,2,3,2,15,1,4,5,0,0,2,0,3,2,0,2,1,0,2,3,3,9,3,4,2,13,1,0,2,0,0,3,4,1,3,4,2,0,4,0,1
plehanov_krasniy_cyezd_I.txt_chunk2,plehanov,5,0,17,2,2,4,3,29,4,2,0,3,0,1,10,5,7,4,1,2,2,2,24,4,3,2,3,6,4,4,3,0,0,3,1,8,21,1,4,10,7,0,1,3,3,3,5,6,0,0,9,1,3,0,2,5,4,7,0,7,4,1,3,17,0,0,4,2,1,0,6,3,2,2,1,0,3,1,1,0,3,2,9,1,11,1,0,1,0,0,0,0,4,3,3,0,1,3,1,0
plehanov_krasniy_cyezd_I.txt_chunk3,plehanov,1.2406947890818858,1.2406947890818858,7.444168734491315,2.4813895781637716,1.2406947890818858,2.4813895781637716,2.4813895781637716,29.77667493796526,2.4813895781637716,0,3.7220843672456576,1.2406947890818858,1.2406947890818858,1.2406947890818858,3.7220843672456576,7.444168734491315,3.7220843672456576,2.4813895781637716,0,1.2406947890818858,2.4813895781637716,1.2406947890818858,26.054590570719604,7.444168734491315,0,1.2406947890818858,2.4813895781637716,6.20347394540943,11.166253101736972,1.2406947890818858,1.2406947890818858,0,1.2406947890818858,0,1.2406947890818858,13.647642679900745,11.166253101736972,0,1.2406947890818858,8.6848635235732,2.4813895781637716,0,3.7220843672456576,2.4813895781637716,1.2406947890818858,3.7220843672456576,4.962779156327543,4.962779156327543,2.4813895781637716,1.2406947890818858,8.6848635235732,3.7220843672456576,0,1.2406947890818858,1.2406947890818858,4.962779156327543,3.7220843672456576,9.925558312655086,2.4813895781637716,4.962779156327543,0,3.7220843672456576,4.962779156327543,21.091811414392062,2.4813895781637716,0,9.925558312655086,3.7220843672456576,1.2406947890818858,1.2406947890818858,0,0,1.2406947890818858,1.2406947890818858,0,1.2406947890818858,0,1.2406947890818858,2.4813895781637716,0,0,2.4813895781637716,2.4813895781637716,3.7220843672456576,4.962779156327543,2.4813895781637716,0,1.2406947890818858,0,1.2406947890818858,3.7220843672456576,3.7220843672456576,0,0,8.6848635235732,0,1.2406947890818858,4.962779156327543,0,0
plehanov_logika_rus_terrorizma_I.txt_chunk1,plehanov,6,5,6,2,0,1,0,27,4,0,2,3,0,1,4,4,0,4,3,1,10,6,17,0,2,0,1,3,8,4,0,3,0,4,1,9,15,0,4,11,3,1,3,6,0,0,1,8,0,1,6,1,0,1,0,4,0,8,4,5,4,2,4,23,1,0,13,3,2,3,0,0,1,1,3,3,1,4,2,0,2,0,0,1,0,1,5,1,3,3,1,5,2,1,8,2,5,0,0,0
plehanov_logika_rus_terrorizma_I.txt_chunk2,plehanov,6,2,9,2,1,0,4,24,2,0,4,7,0,1,8,1,5,6,1,8,6,3,34,6,2,2,3,8,9,1,0,0,1,2,0,13,31,2,4,6,5,1,0,12,3,1,5,6,0,4,5,0,1,1,0,2,1,4,5,3,6,2,1,17,3,0,8,3,3,0,1,1,0,1,2,0,1,4,1,0,0,0,0,2,0,1,5,2,1,0,0,2,0,3,2,3,0,2,1,0
plehanov_martovskie_idy_I.txt_chunk3,plehanov,0,0,0,0,0,7.633587786259541,0,22.900763358778626,0,0,7.633587786259541,0,0,0,7.633587786259541,15.267175572519083,7.633587786259541,0,0,0,7.633587786259541,0,30.534351145038165,15.267175572519083,0,0,7.633587786259541,0,15.267175572519083,0,0,0,7.633587786259541,0,0,30.534351145038165,45.80152671755725,7.633587786259541,15.267175572519083,7.633587786259541,7.633587786259541,0,0,0,0,0,0,0,0,0,7.633587786259541,0,0,7.633587786259541,0,0,0,0,0,0,0,7.633587786259541,0,7.633587786259541,0,0,0,0,0,7.633587786259541,0,0,0,0,7.633587786259541,0,7.633587786259541,15.267175572519083,0,0,7.633587786259541,0,0,0,0,0,0,0,0,0,0,0,0,0,7.633587786259541,0,0,0,0,0
plehanov_na_poroge_20v_I.txt_chunk2,plehanov,0,4.385964912280701,4.385964912280701,0,0,0,0,8.771929824561402,4.385964912280701,0,0,0,0,0,8.771929824561402,4.385964912280701,4.385964912280701,8.771929824561402,0,0,0,0,30.70175438596491,0,13.157894736842104,0,4.385964912280701,0,0,0,4.385964912280701,0,8.771929824561402,8.771929824561402,0,17.543859649122805,8.771929824561402,4.385964912280701,0,4.385964912280701,4.385964912280701,4.385964912280701,0,4.385964912280701,0,0,4.385964912280701,0,0,0,13.157894736842104,0,0,0,4.385964912280701,0,0,17.543859649122805,0,0,4.385964912280701,13.157894736842104,0,13.157894736842104,0,0,0,4.385964912280701,4.385964912280701,0,0,0,0,0,0,0,0,4.385964912280701,4.385964912280701,4.385964912280701,0,0,8.771929824561402,0,8.771929824561402,0,0,0,0,4.385964912280701,0,4.385964912280701,0,0,0,4.385964912280701,8.771929824561402,0,0,0
plehanov_o_chernoy_sotne.txt_chunk1,plehanov,8,1,7,3,0,1,2,27,0,0,0,5,0,2,3,6,1,2,0,1,4,2,36,7,2,2,9,8,7,1,4,0,1,1,2,7,19,0,2,3,5,0,8,3,7,7,4,10,1,2,8,2,1,0,2,2,3,7,2,2,2,4,0,13,3,2,11,1,0,2,3,1,0,2,0,3,1,3,2,0,0,0,0,3,1,1,0,3,1,1,2,2,1,2,1,2,1,0,2,0
plehanov_o_chernoy_sotne.txt_chunk2,plehanov,9,0,2,1,1,4,1,17,2,3,1,5,0,1,2,12,2,3,2,4,9,2,29,0,4,0,2,14,7,8,4,0,0,2,2,12,20,4,0,5,3,0,6,1,3,9,1,2,0,2,7,0,3,0,0,4,1,6,3,6,1,2,4,20,2,2,9,4,1,3,8,0,6,1,0,2,1,3,1,0,0,0,0,4,0,0,0,1,0,0,0,1,0,3,4,1,1,2,0,0
plehanov_o_chernoy_sotne.txt_chunk3,plehanov,10.638297872340425,0,21.27659574468085,10.638297872340425,0,0,0,0,0,0,0,10.638297872340425,0,0,21.27659574468085,0,0,0,0,0,10.638297872340425,0,42.5531914893617,0,0,0,31.914893617021274,21.27659574468085,10.638297872340425,0,0,0,0,10.638297872340425,0,0,42.5531914893617,0,0,10.638297872340425,0,0,0,10.638297872340425,31.914893617021274,0,10.638297872340425,0,0,0,21.27659574468085,0,0,0,0,0,0,10.638297872340425,0,42.5531914893617,0,0,0,31.914893617021274,0,0,21.27659574468085,0,0,0,10.638297872340425,10.638297872340425,0,0,0,0,0,10.638297872340425,0,0,0,0,0,0,0,0,0,0,0,0,0,0,0,0,21.27659574468085,10.638297872340425,0,0,0,0
plehanov_otvet_sionistam_I.txt_chunk2,plehanov,0,0,76.92307692307693,0,153.84615384615387,0,0,76.92307692307693,0,0,0,0,0,0,0,0,0,0,0,0,0,0,0,0,0,0,0,0,0,0,0,0,0,0,0,0,76.92307692307693,0,0,0,0,0,0,0,76.92307692307693,0,0,0,0,0,0,0,0,0,0,0,0,76.92307692307693,0,0,0,0,0,0,0,0,0,0,0,0,0,0,0,0,0,0,0,0,0,0,0,0,0,0,0,0,0,0,0,0,0,0,0,0,0,0,0,0,0,0
plehanov_pervie_frazy_uchenia.txt_chunk1,plehanov,4,0,8,2,3,2,1,37,4,0,4,2,2,3,2,6,1,3,0,1,1,1,47,4,1,2,6,10,8,3,1,2,0,2,1,6,23,1,1,6,7,1,3,3,2,7,3,0,1,0,7,1,0,1,1,4,4,6,1,2,4,2,3,20,1,2,4,1,2,3,1,1,3,0,3,0,1,4,3,3,1,0,3,0,0,0,3,2,0,0,1,5,0,0,8,1,2,0,1,0
plehanov_pervie_frazy_uchenia.txt_chunk11,plehanov,4,0,2,1,2,0,1,31,1,0,1,4,3,1,1,5,4,5,2,4,2,4,37,5,1,2,4,7,9,1,2,1,2,1,3,12,12,0,0,6,1,1,3,3,5,1,0,4,1,1,13,0,0,0,0,3,3,12,0,2,1,1,3,23,1,2,6,1,2,2,0,1,2,2,0,0,3,2,2,2,14,0,0,4,1,1,0,0,1,0,1,0,1,0,3,0,0,0,2,0
plehanov_pervie_frazy_uchenia.txt_chunk12,plehanov,8,0,6,1,1,2,4,41,2,0,4,2,2,0,3,6,0,4,0,3,10,0,40,3,2,1,4,7,5,3,2,1,3,4,2,22,20,0,1,6,3,0,2,0,4,2,0,5,0,0,14,4,0,2,0,1,0,4,0,2,0,0,0,15,4,2,10,3,4,0,0,1,1,0,0,1,2,4,1,1,7,0,0,3,0,0,1,2,4,0,1,1,1,2,2,0,0,1,4,1
plehanov_pervie_frazy_uchenia.txt_chunk13,plehanov,6,0,2,0,0,0,1,34,3,1,4,1,2,0,7,5,3,4,2,3,5,2,32,3,1,1,4,8,7,2,1,2,0,3,2,11,17,1,2,9,14,1,4,5,0,3,1,5,1,1,7,3,3,0,0,2,2,8,2,3,5,3,0,18,3,2,5,2,3,1,0,0,3,1,2,0,6,1,2,2,11,2,1,2,2,3,1,2,0,0,0,1,1,0,1,1,0,7,0,0
plehanov_pervie_frazy_uchenia.txt_chunk14,plehanov,2,1,7,1,3,3,2,31,3,0,2,1,0,1,5,7,7,2,3,2,3,2,35,5,5,2,0,10,3,3,3,3,0,5,2,11,24,3,6,10,2,1,1,5,3,6,0,1,3,3,7,0,3,1,0,3,2,8,4,5,8,0,0,25,5,1,7,2,3,1,0,3,2,1,2,0,2,3,2,2,4,0,0,2,4,0,3,2,1,0,1,1,0,1,6,0,1,3,0,0
plehanov_pervie_frazy_uchenia.txt_chunk15,plehanov,5,0,9,0,2,5,1,32,2,2,7,3,0,2,3,6,0,5,0,2,0,2,24,3,1,3,4,11,7,4,1,2,1,2,0,17,17,2,2,11,3,3,5,0,5,2,2,5,0,4,7,2,0,1,1,4,2,8,1,5,1,1,2,23,0,2,7,2,0,0,0,0,2,2,4,1,0,1,3,1,0,3,4,2,4,2,3,3,0,0,0,5,0,3,7,6,1,1,0,0
plehanov_pervie_frazy_uchenia.txt_chunk2,plehanov,6,1,3,4,5,2,1,37,7,0,3,3,2,1,6,3,3,1,1,4,3,6,42,1,4,2,5,5,2,2,2,4,2,0,1,3,8,1,0,6,4,2,3,1,4,6,0,0,1,0,5,0,5,2,0,5,2,4,5,4,1,1,3,13,2,3,6,1,2,1,0,0,6,2,0,0,3,3,4,0,3,0,0,0,0,0,2,0,0,0,3,0,0,1,8,1,1,0,0,1
plehanov_pervie_frazy_uchenia.txt_chunk4,plehanov,1,0,2,3,1,8,2,27,3,1,2,3,2,1,4,18,1,0,0,3,0,1,38,0,1,3,6,4,7,0,0,0,4,0,3,8,8,1,0,7,2,1,7,1,2,4,0,9,2,0,7,2,4,1,0,2,2,0,5,4,0,3,3,4,5,1,1,3,2,0,0,3,1,1,0,1,2,0,4,2,2,0,2,3,0,0,1,1,0,0,1,0,3,1,1,0,1,0,1,4
plehanov_pervie_frazy_uchenia.txt_chunk5,plehanov,8,0,4,1,0,4,0,19,3,0,3,3,1,0,7,15,2,2,3,1,2,2,46,1,2,1,4,3,6,4,2,2,4,1,1,11,21,1,4,2,7,3,7,1,6,4,1,7,0,2,7,3,2,1,1,7,0,5,3,7,4,0,0,31,3,2,9,1,1,2,3,1,3,2,0,5,2,3,3,1,1,0,2,1,0,0,1,0,0,0,1,2,0,3,8,0,0,0,0,1
plehanov_pervie_frazy_uchenia.txt_chunk6,plehanov,4,0,10,4,1,5,2,22,3,0,2,5,1,0,2,6,6,3,0,2,4,3,33,4,1,1,3,7,8,3,2,1,2,1,2,13,15,1,1,12,9,3,10,3,1,3,5,2,2,0,10,1,2,0,1,2,1,6,3,2,1,0,0,15,0,0,9,3,4,0,0,1,1,0,1,1,3,3,0,1,9,0,0,4,0,0,4,0,0,0,0,3,4,3,4,0,0,4,1,0
plehanov_pervie_frazy_uchenia.txt_chunk7,plehanov,7,0,1,1,2,2,0,35,3,3,5,3,0,4,4,7,4,3,2,1,2,1,26,3,3,2,5,10,14,4,4,1,1,1,1,12,24,0,0,6,9,1,7,3,8,5,2,5,1,1,10,5,3,0,0,3,0,4,0,2,1,3,1,18,0,0,5,1,2,1,5,1,0,1,2,0,2,4,0,2,6,0,0,2,2,0,6,0,3,0,0,3,1,0,4,0,0,3,0,1
plehanov_pervie_frazy_uchenia.txt_chunk8,plehanov,7,0,2,6,0,2,1,24,3,0,0,0,1,1,2,2,1,2,9,5,9,5,28,3,4,3,10,5,7,7,4,0,6,1,0,9,13,0,1,10,5,0,2,1,10,5,5,4,0,0,13,1,1,1,0,3,4,5,3,2,5,4,2,22,0,1,9,0,3,2,3,1,3,0,0,0,0,3,4,0,6,0,0,3,0,1,7,0,0,0,1,1,0,0,6,1,1,2,0,0
plehanov_pervie_frazy_uchenia.txt_chunk9,plehanov,7,0,5,1,1,4,3,32,3,0,0,3,0,0,3,9,1,5,1,9,4,4,42,7,5,2,4,2,7,1,3,1,5,2,4,9,23,3,1,12,6,0,1,2,4,7,4,2,0,0,8,0,1,0,0,1,3,7,3,10,0,1,2,16,0,2,3,3,0,0,0,1,4,1,1,1,2,1,3,0,6,0,0,2,0,0,7,3,4,0,0,1,0,1,3,0,0,0,0,0
plehanov_pessimizm_kak_otrazhenie.txt_chunk1,plehanov,3,3,2,0,1,4,0,29,2,0,3,7,2,1,7,3,2,3,3,3,2,4,31,5,2,0,1,4,4,4,1,2,1,0,3,11,29,2,4,7,5,3,4,1,0,4,1,5,0,0,9,0,2,3,0,4,0,7,1,2,2,3,3,17,3,3,6,1,0,1,9,3,2,1,5,2,0,4,0,2,0,0,0,1,0,1,0,1,0,2,2,0,1,0,15,10,4,0,0,0
plehanov_pessimizm_kak_otrazhenie.txt_chunk10,plehanov,5.328596802841918,0,1.7761989342806395,0,0,0,0,24.866785079928952,3.552397868561279,0,3.552397868561279,0,0,1.7761989342806395,1.7761989342806395,7.104795737122558,1.7761989342806395,1.7761989342806395,1.7761989342806395,5.328596802841918,3.552397868561279,0,39.07637655417407,1.7761989342806395,0,0,3.552397868561279,8.880994671403197,7.104795737122558,1.7761989342806395,0,3.552397868561279,1.7761989342806395,1.7761989342806395,1.7761989342806395,5.328596802841918,31.97158081705151,0,3.552397868561279,8.880994671403197,5.328596802841918,0,0,1.7761989342806395,3.552397868561279,5.328596802841918,1.7761989342806395,8.880994671403197,0,1.7761989342806395,3.552397868561279,0,0,1.7761989342806395,0,7.104795737122558,8.880994671403197,1.7761989342806395,1.7761989342806395,7.104795737122558,1.7761989342806395,5.328596802841918,0,17.761989342806395,1.7761989342806395,3.552397868561279,5.328596802841918,1.7761989342806395,0,1.7761989342806395,0,0,1.7761989342806395,7.104795737122558,0,0,1.7761989342806395,3.552397868561279,0,0,5.328596802841918,0,0,1.7761989342806395,0,1.7761989342806395,0,0,0,0,0,5.328596802841918,1.7761989342806395,0,21.314387211367674,1.7761989342806395,1.7761989342806395,0,0,0
plehanov_pessimizm_kak_otrazhenie.txt_chunk2,plehanov,5,1,11,1,3,10,2,32,4,1,0,7,0,1,4,9,2,2,0,3,1,3,31,1,4,3,4,10,9,3,1,0,2,2,0,11,19,4,2,9,5,0,13,1,4,4,3,5,3,2,8,4,1,2,3,3,2,5,3,1,5,1,1,14,1,1,8,2,2,1,5,1,2,0,6,2,5,2,3,0,0,0,0,2,0,0,0,3,0,1,0,1,3,0,8,1,0,0,0,0
plehanov_pessimizm_kak_otrazhenie.txt_chunk3,plehanov,7,0,4,2,5,13,3,23,2,1,0,3,0,1,9,3,5,2,0,3,5,5,34,4,4,4,3,7,3,1,1,1,1,3,1,20,27,1,1,11,1,0,3,0,3,1,1,6,2,0,8,1,1,0,2,4,2,9,1,5,2,9,2,22,3,3,2,4,1,0,0,0,1,1,1,1,3,6,3,0,0,0,0,0,0,2,0,2,0,4,2,4,1,2,8,4,2,0,0,0
plehanov_pessimizm_kak_otrazhenie.txt_chunk4,plehanov,9,0,5,1,4,6,2,28,3,1,2,3,1,3,1,15,0,3,2,0,2,4,55,1,0,1,0,16,6,0,0,1,1,1,3,9,15,0,2,11,5,1,6,0,3,8,5,3,0,2,9,1,0,3,1,4,3,4,3,2,1,3,2,12,1,2,5,1,4,0,0,1,2,3,0,1,3,3,1,1,0,0,0,1,0,4,0,3,0,1,2,1,2,1,2,1,3,0,0,0
plehanov_pessimizm_kak_otrazhenie.txt_chunk5,plehanov,5,2,8,1,8,3,0,25,1,0,1,4,0,1,4,5,2,3,0,4,3,4,39,1,0,7,7,4,9,2,4,0,0,0,0,12,25,0,8,13,7,1,8,0,13,5,1,4,0,1,8,3,1,4,7,5,2,11,2,5,1,2,2,15,1,2,5,2,0,1,0,2,0,1,1,2,4,0,0,0,8,0,0,1,0,0,0,1,0,1,2,0,3,1,0,3,0,0,0,0
plehanov_pessimizm_kak_otrazhenie.txt_chunk6,plehanov,6,0,11,0,1,2,2,29,1,2,2,6,0,1,1,7,1,1,1,1,3,2,58,5,1,0,4,6,12,4,0,0,4,0,2,3,21,4,6,5,5,0,14,1,3,4,1,7,0,2,6,1,3,1,1,3,3,5,1,4,0,1,5,22,1,2,5,1,0,1,4,0,12,5,6,0,1,1,0,1,9,0,0,0,0,1,0,1,0,0,2,3,2,2,6,2,1,0,0,0
plehanov_pessimizm_kak_otrazhenie.txt_chunk8,plehanov,4,1,3,2,2,10,0,35,6,0,1,5,1,1,5,6,2,2,0,1,0,1,31,4,2,1,1,5,12,0,0,5,2,1,2,13,18,2,1,8,5,0,6,2,2,2,0,3,3,1,8,1,0,0,1,4,4,9,1,4,1,10,0,19,0,1,6,2,0,0,0,1,4,2,2,6,2,2,1,1,2,0,0,1,0,3,0,1,0,2,1,3,3,0,7,9,1,0,0,0
plehanov_pessimizm_kak_otrazhenie.txt_chunk9,plehanov,8,1,8,0,2,0,0,28,3,0,0,2,1,0,5,14,3,2,2,5,3,2,29,3,4,0,2,4,9,1,3,2,2,2,0,3,16,2,4,11,9,0,6,4,2,9,1,8,0,5,13,2,3,0,1,2,3,4,3,5,3,11,1,10,1,3,3,3,4,3,2,0,0,3,5,0,2,0,0,4,2,0,0,1,0,1,0,1,1,1,2,6,3,3,6,7,3,0,0,0
plehanov_pismo_k_rabochim.txt_chunk1,plehanov,9.345794392523365,5.607476635514018,5.607476635514018,1.8691588785046729,0,3.7383177570093458,1.8691588785046729,22.429906542056074,1.8691588785046729,1.8691588785046729,1.8691588785046729,7.4766355140186915,3.7383177570093458,0,5.607476635514018,5.607476635514018,3.7383177570093458,3.7383177570093458,0,3.7383177570093458,5.607476635514018,7.4766355140186915,20.560747663551403,1.8691588785046729,1.8691588785046729,1.8691588785046729,0,9.345794392523365,5.607476635514018,5.607476635514018,1.8691588785046729,0,1.8691588785046729,1.8691588785046729,0,13.08411214953271,31.77570093457944,0,1.8691588785046729,3.7383177570093458,0,1.8691588785046729,5.607476635514018,0,1.8691588785046729,3.7383177570093458,1.8691588785046729,0,0,0,13.08411214953271,0,0,1.8691588785046729,1.8691588785046729,1.8691588785046729,7.4766355140186915,5.607476635514018,0,0,0,3.7383177570093458,3.7383177570093458,22.429906542056074,1.8691588785046729,0,5.607476635514018,0,0,5.607476635514018,1.8691588785046729,0,1.8691588785046729,0,0,9.345794392523365,7.4766355140186915,3.7383177570093458,0,1.8691588785046729,9.345794392523365,0,3.7383177570093458,3.7383177570093458,0,0,1.8691588785046729,0,1.8691588785046729,0,1.8691588785046729,13.08411214953271,0,1.8691588785046729,11.214953271028037,3.7383177570093458,1.8691588785046729,0,0,0
plehanov_police_anisemitizm_I.txt_chunk1,plehanov,9,0,9,1,4,8,2,28,2,2,1,6,1,1,4,5,5,4,2,2,4,1,34,3,2,1,1,5,4,4,1,3,2,0,0,12,33,0,6,9,2,0,2,1,2,4,3,5,1,0,7,0,0,0,2,2,1,6,1,4,0,2,0,18,1,0,5,3,3,2,3,2,0,0,2,0,4,1,0,1,11,0,0,1,1,3,0,0,0,0,1,5,1,3,4,3,1,1,1,0
plehanov_police_anisemitizm_I.txt_chunk2,plehanov,2,0,8,4,3,7,1,24,2,0,0,7,1,2,0,2,1,8,1,1,4,2,35,5,0,2,5,5,9,3,0,0,0,0,1,14,26,0,1,8,4,0,3,0,3,0,3,2,3,2,8,0,0,0,3,4,2,12,2,1,5,2,1,29,1,0,9,1,0,3,2,0,2,2,0,1,2,5,0,1,9,0,0,1,1,0,0,0,0,0,0,1,0,2,9,1,1,1,0,0
plehanov_pora_obyasnitsya.txt_chunk1,plehanov,7,2,6,3,0,1,4,20,3,0,3,0,2,1,1,2,6,5,3,0,7,2,26,4,3,1,3,7,9,1,3,1,0,3,1,12,25,2,1,12,1,2,4,8,0,7,3,9,0,2,10,2,0,2,1,3,1,7,2,10,0,3,2,18,0,0,13,6,0,4,6,1,6,2,1,0,1,1,1,1,0,0,4,2,0,1,0,2,0,0,1,0,2,1,4,0,0,0,0,0
plehanov_pora_obyasnitsya.txt_chunk2,plehanov,2.941176470588235,0,5.88235294117647,5.88235294117647,0,2.941176470588235,2.941176470588235,14.705882352941176,0,0,0,5.88235294117647,0,0,2.941176470588235,2.941176470588235,2.941176470588235,0,0,2.941176470588235,2.941176470588235,2.941176470588235,20.58823529411765,5.88235294117647,0,0,0,5.88235294117647,14.705882352941176,5.88235294117647,0,0,2.941176470588235,2.941176470588235,2.941176470588235,14.705882352941176,29.41176470588235,2.941176470588235,0,11.76470588235294,2.941176470588235,2.941176470588235,2.941176470588235,0,2.941176470588235,2.941176470588235,2.941176470588235,8.823529411764707,0,0,11.76470588235294,0,0,0,5.88235294117647,2.941176470588235,0,11.76470588235294,2.941176470588235,2.941176470588235,0,0,0,32.352941176470594,0,0,14.705882352941176,0,5.88235294117647,2.941176470588235,20.58823529411765,0,5.88235294117647,0,0,0,0,0,0,0,2.941176470588235,0,0,2.941176470588235,2.941176470588235,0,2.941176470588235,0,0,0,0,2.941176470588235,5.88235294117647,2.941176470588235,0,2.941176470588235,0,0,0,0
plehanov_simptomat_mistake.txt_chunk1,plehanov,7,0,8,2,3,2,4,23,1,2,1,4,1,0,5,16,3,4,1,2,6,2,39,7,1,2,4,6,7,0,0,1,1,2,0,7,32,2,1,10,4,2,6,2,4,4,6,9,2,1,6,0,0,4,0,6,4,2,2,5,3,2,4,23,2,4,10,5,0,1,11,1,1,0,3,1,0,3,1,0,0,0,0,0,0,2,0,1,0,3,0,4,2,1,1,5,1,0,0,0
plehanov_simptomat_mistake.txt_chunk2,plehanov,6.1443932411674345,0,7.680491551459293,4.608294930875576,0,10.752688172043012,9.216589861751151,18.433179723502302,1.5360983102918586,1.5360983102918586,0,1.5360983102918586,0,0,1.5360983102918586,4.608294930875576,4.608294930875576,3.0721966205837172,1.5360983102918586,1.5360983102918586,6.1443932411674345,0,33.794162826420894,1.5360983102918586,0,4.608294930875576,3.0721966205837172,9.216589861751151,7.680491551459293,0,6.1443932411674345,0,3.0721966205837172,4.608294930875576,7.680491551459293,18.433179723502302,19.96927803379416,0,0,9.216589861751151,1.5360983102918586,0,3.0721966205837172,10.752688172043012,6.1443932411674345,1.5360983102918586,1.5360983102918586,1.5360983102918586,3.0721966205837172,0,9.216589861751151,0,3.0721966205837172,1.5360983102918586,0,0,4.608294930875576,4.608294930875576,1.5360983102918586,7.680491551459293,4.608294930875576,3.0721966205837172,0,15.360983102918587,4.608294930875576,0,4.608294930875576,4.608294930875576,6.1443932411674345,1.5360983102918586,3.0721966205837172,0,1.5360983102918586,1.5360983102918586,1.5360983102918586,1.5360983102918586,3.0721966205837172,0,0,0,0,0,0,1.5360983102918586,0,0,0,0,0,1.5360983102918586,1.5360983102918586,3.0721966205837172,0,1.5360983102918586,0,0,0,0,0,0
plehanov_slovo_prinadlezhit_menshevikam.txt_chunk1,plehanov,11,0,17,4,1,3,5,29,3,2,1,3,1,1,6,5,2,9,1,5,3,1,29,4,2,0,3,10,5,0,2,1,3,5,1,10,30,2,0,8,11,1,1,4,1,3,2,8,0,4,14,4,1,2,1,4,1,5,1,11,5,2,0,19,1,1,5,1,2,4,16,0,2,2,1,5,0,1,0,1,1,0,7,0,0,0,1,0,0,1,1,0,0,1,2,3,0,0,0,0
plehanov_slovo_prinadlezhit_menshevikam.txt_chunk2,plehanov,13.333333333333334,13.333333333333334,13.333333333333334,13.333333333333334,0,0,13.333333333333334,0,0,13.333333333333334,0,0,0,0,0,0,0,0,0,0,13.333333333333334,13.333333333333334,26.666666666666668,0,0,0,0,13.333333333333334,0,0,0,0,0,0,0,26.666666666666668,40,0,13.333333333333334,26.666666666666668,0,0,0,0,0,0,0,0,0,0,0,0,0,0,0,0,0,13.333333333333334,0,0,0,13.333333333333334,0,0,0,0,0,0,0,0,0,0,0,0,0,0,0,0,0,0,0,0,0,0,0,0,0,0,0,0,0,0,0,0,0,0,0,0,0,0
plehanov_torzhestvo_sr_I.txt_chunk2,plehanov,11.904761904761903,0,0,0,0,0,0,23.809523809523807,0,0,0,29.76190476190476,0,0,0,0,5.952380952380952,0,5.952380952380952,5.952380952380952,0,0,47.61904761904761,0,0,0,5.952380952380952,0,0,0,0,0,0,0,0,17.857142857142858,17.857142857142858,0,0,5.952380952380952,11.904761904761903,0,0,0,0,11.904761904761903,0,0,0,0,5.952380952380952,0,11.904761904761903,0,5.952380952380952,0,0,0,0,5.952380952380952,0,0,5.952380952380952,0,11.904761904761903,0,35.714285714285715,0,0,0,0,0,5.952380952380952,0,0,0,0,0,0,0,0,0,0,0,0,0,0,0,0,5.952380952380952,0,5.952380952380952,0,0,0,0,0,0,0,0
plehanov_uspenskiy.txt_chunk1,plehanov,3,0,3,1,0,5,0,26,3,0,1,4,3,1,5,17,3,1,0,1,2,2,55,3,5,0,4,2,8,1,3,0,4,1,0,5,15,0,1,8,6,1,25,2,0,1,1,6,0,2,20,2,1,1,1,0,2,7,0,4,3,2,1,14,1,2,3,1,0,2,1,1,1,2,1,0,3,2,5,0,1,0,0,0,0,1,0,2,0,2,0,3,2,0,2,0,0,1,0,0
plehanov_uspenskiy.txt_chunk10,plehanov,10,2,6,0,1,2,2,24,4,0,2,3,0,1,2,8,7,2,1,1,12,6,31,7,6,0,0,7,13,0,2,1,2,4,5,10,13,11,2,6,1,0,9,1,1,1,1,3,2,3,8,2,3,1,3,4,2,5,1,6,0,3,0,17,0,1,4,8,0,0,7,2,0,1,2,1,1,0,0,1,1,0,0,3,0,3,0,6,0,0,0,3,0,0,1,1,0,0,0,1
plehanov_uspenskiy.txt_chunk11,plehanov,5,6,5,1,3,2,2,20,0,1,1,4,1,0,7,8,0,1,2,1,3,1,34,6,4,5,5,9,11,2,0,0,1,5,1,5,21,1,4,9,8,1,13,0,1,1,0,6,0,0,13,0,1,4,1,3,1,6,5,3,3,4,2,20,2,0,3,1,0,1,1,2,4,2,0,1,3,3,2,1,2,0,0,0,0,3,1,1,0,0,2,1,0,0,8,1,1,0,0,0
plehanov_uspenskiy.txt_chunk13,plehanov,5,1,4,0,0,3,0,24,1,0,1,4,0,0,2,10,2,3,2,5,4,3,37,0,1,0,2,9,5,0,1,1,1,3,1,12,26,3,4,9,3,1,14,3,1,6,0,5,0,1,17,2,4,0,0,2,1,5,1,3,0,4,3,17,2,1,2,2,1,0,0,1,1,0,3,1,0,1,1,2,0,0,0,1,0,0,0,0,0,0,1,0,1,1,3,3,2,0,0,0
plehanov_uspenskiy.txt_chunk14,plehanov,10,0,2,0,1,0,2,29,3,0,0,2,1,1,3,9,1,1,4,3,6,3,38,1,2,1,0,9,17,2,0,0,3,2,1,7,28,0,5,6,8,1,10,1,1,2,1,8,1,0,7,1,0,1,1,7,3,7,2,6,7,1,1,15,2,1,6,2,0,1,3,1,2,1,4,2,2,1,0,0,2,0,0,0,0,2,0,2,0,1,1,0,3,2,1,0,2,0,0,0
plehanov_uspenskiy.txt_chunk15,plehanov,9,1,6,0,0,7,1,23,5,1,1,5,1,1,4,21,0,1,1,1,3,7,32,2,0,2,1,10,8,1,1,0,0,2,0,13,19,1,7,12,5,0,34,0,1,3,1,9,0,1,11,2,1,1,4,3,1,13,0,3,2,8,1,15,4,0,7,2,3,1,2,2,0,0,0,0,3,0,1,1,1,0,0,0,0,1,1,2,0,0,2,1,4,2,1,0,1,0,0,0
plehanov_uspenskiy.txt_chunk16,plehanov,6,2,1,1,0,5,0,28,1,0,1,5,2,0,1,18,3,2,0,1,5,6,30,2,2,0,0,6,3,6,1,0,0,2,0,9,21,1,1,12,1,2,22,4,0,2,1,6,1,2,12,1,0,2,2,3,1,10,0,1,1,7,0,12,0,4,6,1,1,1,3,0,1,1,0,0,0,4,1,2,0,0,0,0,0,0,0,3,0,0,4,2,1,1,2,0,1,0,0,0
plehanov_uspenskiy.txt_chunk17,plehanov,8,0,10,0,0,0,2,27,1,1,3,6,1,1,5,13,1,1,0,1,10,1,27,2,3,2,3,9,8,4,0,2,0,2,0,16,26,1,3,12,2,0,27,2,5,5,2,4,0,0,8,0,0,2,2,1,2,10,3,1,0,3,3,32,3,0,7,6,0,1,2,0,0,1,1,1,2,4,1,1,5,0,0,1,1,0,3,3,0,1,0,2,1,0,9,0,2,1,0,0
plehanov_uspenskiy.txt_chunk18,plehanov,6,1,6,1,0,3,2,25,0,1,0,4,0,0,5,7,0,4,2,1,8,4,30,3,2,2,5,14,8,2,3,2,2,2,3,8,14,0,6,8,5,2,5,5,4,1,1,4,2,3,13,1,0,1,2,2,4,7,1,7,2,0,0,17,1,2,5,1,0,1,2,0,0,1,0,1,1,3,1,0,0,0,0,1,0,1,1,3,1,2,2,1,0,1,9,1,4,3,0,0
plehanov_uspenskiy.txt_chunk19,plehanov,9.689922480620154,0,0,0,0,7.751937984496124,0,29.069767441860463,1.937984496124031,0,5.813953488372093,5.813953488372093,0,0,0,1.937984496124031,0,1.937984496124031,3.875968992248062,1.937984496124031,13.565891472868216,5.813953488372093,32.94573643410853,5.813953488372093,1.937984496124031,7.751937984496124,1.937984496124031,5.813953488372093,11.627906976744185,3.875968992248062,1.937984496124031,0,1.937984496124031,1.937984496124031,1.937984496124031,9.689922480620154,27.131782945736433,0,1.937984496124031,11.627906976744185,3.875968992248062,0,1.937984496124031,0,7.751937984496124,1.937984496124031,0,1.937984496124031,0,0,7.751937984496124,1.937984496124031,0,0,1.937984496124031,13.565891472868216,1.937984496124031,7.751937984496124,1.937984496124031,9.689922480620154,1.937984496124031,7.751937984496124,3.875968992248062,17.441860465116278,0,3.875968992248062,5.813953488372093,1.937984496124031,0,1.937984496124031,0,1.937984496124031,0,1.937984496124031,1.937984496124031,1.937984496124031,0,3.875968992248062,0,0,0,0,0,0,3.875968992248062,0,0,1.937984496124031,3.875968992248062,1.937984496124031,0,5.813953488372093,3.875968992248062,0,11.627906976744185,7.751937984496124,7.751937984496124,0,0,0
plehanov_uspenskiy.txt_chunk2,plehanov,8,1,5,0,0,1,0,34,2,0,0,4,1,1,1,9,5,1,2,2,3,5,38,2,10,1,5,9,10,1,1,1,1,0,3,7,26,1,0,8,0,1,11,2,2,2,4,2,0,2,12,4,1,2,1,2,3,6,3,6,1,2,2,10,4,1,2,0,1,5,0,0,2,1,1,0,0,0,1,2,0,0,0,0,0,1,0,6,1,0,0,1,4,0,1,0,3,0,0,0
plehanov_uspenskiy.txt_chunk3,plehanov,3,1,9,0,0,2,1,25,0,0,3,5,1,1,2,5,4,0,1,0,2,1,37,5,5,1,2,6,8,1,1,1,0,3,3,14,26,0,4,6,6,0,9,2,5,2,3,5,0,1,11,1,2,1,0,2,1,5,4,3,2,3,1,19,2,0,3,1,1,3,0,0,2,1,2,0,0,5,2,0,0,0,0,2,0,0,0,2,0,1,2,3,2,0,1,1,0,0,0,0
plehanov_uspenskiy.txt_chunk4,plehanov,8,1,1,0,0,4,1,33,2,0,1,3,0,1,5,13,1,2,1,0,6,0,42,0,2,0,1,9,11,2,0,0,0,5,0,14,21,2,3,4,2,1,10,4,0,3,1,4,1,1,6,1,0,4,0,5,1,3,5,4,0,7,3,16,2,0,1,3,1,0,1,1,5,0,0,0,0,1,3,0,0,0,0,0,0,3,0,2,0,0,0,0,0,1,3,0,0,0,0,0
plehanov_uspenskiy.txt_chunk5,plehanov,5,2,7,0,0,0,0,24,2,0,1,6,3,2,2,13,1,1,2,1,6,3,44,5,2,1,4,9,12,0,2,1,0,0,3,12,20,3,4,6,5,3,10,0,2,5,2,2,2,0,9,0,1,0,0,10,0,10,0,3,0,4,1,14,1,2,4,5,0,0,1,2,0,3,1,1,4,1,0,4,0,0,0,0,0,9,0,1,0,0,0,1,0,2,4,1,0,0,0,0
plehanov_uspenskiy.txt_chunk6,plehanov,6,0,0,0,0,5,0,35,2,0,2,4,1,3,2,3,0,0,3,2,7,0,18,6,2,1,1,14,6,0,1,1,2,3,3,11,15,0,1,8,1,3,5,0,2,0,2,7,1,3,12,2,2,0,0,2,2,6,4,4,0,8,8,12,2,0,4,3,0,2,3,0,2,0,4,0,0,2,3,3,1,0,0,0,0,0,0,1,0,2,0,0,0,1,5,1,0,0,1,0
plehanov_uspenskiy.txt_chunk9,plehanov,2,0,7,0,0,1,4,26,1,4,0,5,1,2,6,7,4,3,2,0,5,2,33,6,1,1,2,9,11,1,0,2,0,7,4,11,14,3,6,9,5,1,3,3,1,0,0,5,0,0,5,4,0,2,2,2,2,8,0,6,2,0,1,25,1,0,3,1,2,3,0,4,0,0,3,2,1,5,0,1,0,0,0,0,0,2,1,1,0,1,0,1,1,3,10,2,2,0,0,0
plehanov_vroz_idti_vmeste_bit_I.txt_chunk2,plehanov,8,6,6,0,0,2,0,22,2,1,3,5,1,4,3,11,0,3,1,4,1,2,32,0,4,1,3,5,5,1,4,0,2,3,0,20,20,1,3,6,10,0,1,0,0,7,2,2,0,4,9,2,0,4,2,3,7,6,3,6,2,6,6,13,4,0,7,2,1,1,0,1,4,2,0,0,2,2,6,2,0,0,1,2,0,1,0,3,1,3,5,7,2,0,5,7,8,6,0,0
plehanov_vroz_idti_vmeste_bit_I.txt_chunk4,plehanov,0,0,0,0,0,0,0,20.408163265306122,0,0,0,13.605442176870747,0,0,6.802721088435374,0,40.816326530612244,0,0,0,0,0,47.61904761904761,0,0,0,0,13.605442176870747,6.802721088435374,0,0,0,0,6.802721088435374,0,0,20.408163265306122,0,0,6.802721088435374,0,0,0,0,0,6.802721088435374,0,0,0,0,34.013605442176875,0,0,0,6.802721088435374,6.802721088435374,6.802721088435374,0,6.802721088435374,0,0,0,0,6.802721088435374,13.605442176870747,0,0,6.802721088435374,0,0,0,6.802721088435374,0,0,0,0,6.802721088435374,0,13.605442176870747,0,0,0,0,6.802721088435374,0,0,0,0,0,0,0,13.605442176870747,0,0,34.013605442176875,13.605442176870747,13.605442176870747,6.802721088435374,0,0
trotsky_chto_dalshe.txt_chunk1,trotsky,1,3,3,3,0,3,1,36,2,2,1,1,0,0,2,4,5,1,2,4,2,9,27,3,0,0,5,8,5,1,1,0,0,0,1,14,21,3,2,6,4,0,3,10,4,2,0,2,2,1,15,2,1,3,4,4,1,3,2,5,0,0,1,8,2,2,5,1,1,0,0,4,5,1,0,0,1,2,1,2,4,0,0,1,4,1,1,0,1,3,1,1,1,1,4,2,0,3,4,6
trotsky_chto_dalshe.txt_chunk2,trotsky,7,2,4,0,0,3,4,24,2,0,1,0,2,1,10,2,3,2,0,2,6,1,32,4,5,1,4,6,7,0,1,2,0,3,1,8,14,0,0,12,4,0,4,2,7,3,1,8,3,1,11,1,0,4,1,2,2,3,4,6,0,0,0,6,7,0,5,4,0,2,0,0,2,2,0,1,1,4,0,1,1,0,2,1,0,1,1,0,6,2,1,2,1,2,2,0,0,1,0,2
trotsky_chto_dalshe.txt_chunk3,trotsky,3,6,3,2,0,2,0,28,5,4,6,6,1,1,9,1,1,4,0,7,5,1,35,4,9,0,3,3,8,1,0,2,0,3,1,16,12,1,1,12,2,1,1,2,3,4,1,7,0,0,7,3,1,0,0,2,3,1,0,1,1,4,2,8,2,2,5,3,1,1,1,3,0,0,2,1,0,3,1,2,0,0,1,2,0,0,1,1,1,0,1,1,1,1,2,2,1,2,1,10
trotsky_chto_dalshe.txt_chunk4,trotsky,2.512562814070352,2.512562814070352,10.050251256281408,0,2.512562814070352,7.537688442211055,0,5.025125628140704,7.537688442211055,0,5.025125628140704,2.512562814070352,2.512562814070352,7.537688442211055,5.025125628140704,5.025125628140704,2.512562814070352,2.512562814070352,0,0,0,0,27.638190954773872,2.512562814070352,0,0,2.512562814070352,5.025125628140704,0,0,2.512562814070352,0,0,2.512562814070352,0,12.56281407035176,22.613065326633166,7.537688442211055,7.537688442211055,10.050251256281408,0,0,5.025125628140704,5.025125628140704,0,7.537688442211055,0,10.050251256281408,0,0,10.050251256281408,0,0,0,0,0,0,10.050251256281408,2.512562814070352,5.025125628140704,0,0,0,7.537688442211055,5.025125628140704,0,2.512562814070352,5.025125628140704,5.025125628140704,0,0,2.512562814070352,2.512562814070352,0,0,0,0,2.512562814070352,0,0,0,7.537688442211055,12.56281407035176,0,12.56281407035176,0,0,0,2.512562814070352,0,0,7.537688442211055,0,0,7.537688442211055,5.025125628140704,0,2.512562814070352,0,10.050251256281408
trotsky_dem_i_rev.txt_chunk1,trotsky,6,8,5,1,0,1,3,23,1,4,0,0,0,2,13,7,4,5,4,2,1,4,27,2,4,0,3,6,5,1,0,2,1,7,3,10,18,2,0,8,1,1,2,8,7,2,0,1,2,1,6,0,1,1,2,4,3,2,1,6,0,1,2,12,1,2,3,3,0,0,4,3,2,0,1,1,1,0,3,0,3,6,1,0,0,3,0,0,0,3,1,0,0,3,1,1,0,0,2,2
trotsky_dem_i_rev.txt_chunk2,trotsky,5,6,1,0,0,1,5,27,1,3,1,1,2,0,9,1,5,3,2,4,3,4,32,7,2,0,6,6,10,1,1,1,2,8,0,15,31,4,2,10,3,1,1,10,11,3,0,2,1,1,15,3,1,1,2,7,0,1,0,9,1,4,0,12,1,0,5,0,2,0,0,3,2,0,2,1,2,0,0,0,0,1,0,0,0,0,1,0,0,1,3,1,0,3,2,2,0,0,1,3
trotsky_dem_i_rev.txt_chunk3,trotsky,2,3,6,1,0,1,0,25,2,1,4,6,0,0,3,0,2,3,2,2,3,1,47,2,2,0,3,7,8,1,0,0,0,1,0,16,20,4,6,6,2,0,2,10,19,10,0,3,0,3,8,0,3,4,0,6,0,11,6,6,1,1,1,15,5,0,8,1,1,1,0,1,0,1,0,1,0,0,0,1,2,3,3,2,4,1,1,0,0,2,1,0,0,2,4,0,2,0,1,1
trotsky_dem_i_rev.txt_chunk4,trotsky,4,3,8,0,4,3,3,28,2,0,1,8,0,1,1,4,1,2,1,3,3,2,40,6,4,2,0,6,7,1,3,2,0,6,0,15,20,0,1,6,2,1,1,3,7,12,0,2,1,0,11,0,1,0,0,5,2,8,0,4,6,0,0,22,2,2,5,2,0,1,0,0,1,2,2,2,1,0,3,1,0,1,1,0,2,0,2,1,0,1,0,1,0,0,19,3,2,0,1,1
trotsky_dem_i_rev.txt_chunk5,trotsky,4,0,1,1,1,2,0,20,2,3,0,0,1,1,6,9,2,3,2,5,3,7,41,1,1,0,6,10,3,6,3,0,1,0,0,21,24,2,6,4,3,1,5,0,12,10,0,1,2,1,9,2,2,1,5,6,2,0,4,1,1,4,0,17,7,1,4,2,1,0,1,2,4,0,3,1,0,0,0,0,2,2,3,0,2,0,0,4,4,0,1,0,0,1,2,0,0,3,1,2
trotsky_dem_i_rev.txt_chunk6,trotsky,0,0,4.716981132075471,0,0,0,9.433962264150942,23.58490566037736,4.716981132075471,4.716981132075471,0,4.716981132075471,0,4.716981132075471,4.716981132075471,0,9.433962264150942,14.150943396226415,4.716981132075471,0,9.433962264150942,4.716981132075471,23.58490566037736,0,0,0,4.716981132075471,42.45283018867924,0,0,4.716981132075471,0,0,9.433962264150942,4.716981132075471,18.867924528301884,9.433962264150942,4.716981132075471,0,9.433962264150942,0,0,0,0,0,0,0,0,0,0,9.433962264150942,9.433962264150942,4.716981132075471,0,0,0,0,14.150943396226415,0,14.150943396226415,0,0,0,18.867924528301884,0,0,4.716981132075471,0,0,0,0,0,0,0,0,0,0,0,0,0,0,4.716981132075471,0,0,0,0,0,4.716981132075471,0,0,4.716981132075471,0,0,0,9.433962264150942,0,0,0,4.716981132075471,14.150943396226415
trotsky_demokratia.txt_chunk1,trotsky,4,2,2,1,2,0,1,24,0,0,1,1,0,0,1,1,0,3,1,4,7,4,38,1,3,3,7,6,4,2,4,2,0,3,0,20,17,4,5,4,3,1,0,11,1,3,0,0,1,1,10,1,1,0,1,3,0,2,2,6,1,0,0,11,2,0,4,0,0,2,0,2,0,0,2,1,0,2,0,1,4,5,0,3,0,0,0,0,0,1,2,2,1,2,12,1,1,0,2,1
trotsky_demokratia.txt_chunk2,trotsky,3.5650623885918002,1.7825311942959001,3.5650623885918002,0,0,3.5650623885918002,3.5650623885918002,16.042780748663102,0,3.5650623885918002,0,1.7825311942959001,1.7825311942959001,0,7.1301247771836005,0,0,10.695187165775401,0,0,5.347593582887701,0,23.172905525846705,3.5650623885918002,1.7825311942959001,0,3.5650623885918002,1.7825311942959001,8.9126559714795,0,0,0,0,0,3.5650623885918002,19.607843137254903,26.737967914438503,1.7825311942959001,0,3.5650623885918002,1.7825311942959001,0,1.7825311942959001,1.7825311942959001,0,12.477718360071302,1.7825311942959001,3.5650623885918002,0,1.7825311942959001,3.5650623885918002,1.7825311942959001,0,0,3.5650623885918002,5.347593582887701,1.7825311942959001,5.347593582887701,1.7825311942959001,5.347593582887701,0,5.347593582887701,0,21.390374331550802,0,0,7.1301247771836005,1.7825311942959001,0,0,1.7825311942959001,1.7825311942959001,1.7825311942959001,0,5.347593582887701,3.5650623885918002,0,0,1.7825311942959001,1.7825311942959001,1.7825311942959001,3.5650623885918002,0,0,0,0,0,0,0,0,1.7825311942959001,0,0,1.7825311942959001,1.7825311942959001,0,1.7825311942959001,0,0,0
trotsky_dve_tolpy_I.txt_chunk2,trotsky,2.5839793281653747,0,7.751937984496124,0,0,5.167958656330749,0,20.671834625322997,0,0,0,5.167958656330749,0,0,0,0,0,0,0,0,2.5839793281653747,7.751937984496124,43.927648578811365,7.751937984496124,0,0,0,7.751937984496124,5.167958656330749,5.167958656330749,0,0,0,0,0,12.919896640826872,20.671834625322997,0,15.503875968992247,0,5.167958656330749,2.5839793281653747,0,0,5.167958656330749,5.167958656330749,0,2.5839793281653747,2.5839793281653747,0,12.919896640826872,0,2.5839793281653747,2.5839793281653747,5.167958656330749,0,0,0,0,5.167958656330749,2.5839793281653747,0,0,10.335917312661499,0,2.5839793281653747,5.167958656330749,0,2.5839793281653747,0,0,0,0,0,0,2.5839793281653747,2.5839793281653747,0,2.5839793281653747,5.167958656330749,2.5839793281653747,0,0,2.5839793281653747,0,2.5839793281653747,0,0,0,0,5.167958656330749,0,0,2.5839793281653747,5.167958656330749,0,0,0,2.5839793281653747,7.751937984496124
trotsky_idealisticheskaya_gamma_I.txt_chunk1,trotsky,8.756567425569177,3.502626970227671,3.502626970227671,0,0,3.502626970227671,0,24.518388791593697,0,0,0,7.005253940455342,0,1.7513134851138354,3.502626970227671,3.502626970227671,1.7513134851138354,3.502626970227671,7.005253940455342,0,0,5.253940455341506,33.274956217162874,3.502626970227671,5.253940455341506,0,1.7513134851138354,7.005253940455342,5.253940455341506,0,0,1.7513134851138354,0,0,0,12.259194395796849,12.259194395796849,5.253940455341506,5.253940455341506,0,1.7513134851138354,0,0,1.7513134851138354,0,3.502626970227671,0,3.502626970227671,0,0,8.756567425569177,0,0,0,0,0,0,3.502626970227671,1.7513134851138354,3.502626970227671,0,5.253940455341506,1.7513134851138354,15.761821366024519,1.7513134851138354,0,8.756567425569177,0,1.7513134851138354,0,0,0,0,0,0,0,0,0,1.7513134851138354,0,29.7723292469352,0,0,0,0,0,0,0,0,0,0,0,0,0,3.502626970227671,0,0,0,0,0
trotsky_intellig_dem.txt_chunk1,trotsky,5,0,2,2,2,3,3,35,0,0,0,4,2,1,3,4,4,5,0,3,3,1,46,3,2,3,7,9,6,0,0,2,0,2,0,14,10,1,1,4,5,4,1,1,1,3,0,4,0,4,10,1,2,1,0,2,1,3,1,1,1,0,1,11,5,0,3,2,3,1,0,1,2,0,0,1,0,5,2,5,1,1,0,0,0,2,0,0,0,0,0,0,2,1,1,0,0,1,0,0
trotsky_intellig_dem.txt_chunk10,trotsky,1,3,2,1,1,1,8,35,3,1,0,6,0,1,7,2,3,4,0,3,1,3,41,4,0,1,3,11,9,0,2,4,1,4,0,11,6,0,1,5,6,1,1,5,0,5,1,3,0,4,6,1,1,2,1,3,2,5,1,5,1,0,1,3,3,1,6,2,0,0,0,3,2,0,0,0,0,2,0,4,0,0,0,1,0,0,1,1,0,0,1,0,0,1,6,0,0,0,1,0
trotsky_intellig_dem.txt_chunk11,trotsky,5,0,3,1,5,6,1,15,0,0,1,5,0,0,4,0,1,2,0,2,3,7,32,3,3,1,1,12,2,2,0,1,3,1,1,17,18,0,1,5,6,3,0,0,1,2,0,5,1,1,10,1,1,0,0,5,1,3,4,1,0,2,3,12,3,1,4,2,1,1,0,0,6,1,0,0,1,3,2,2,0,1,0,1,0,2,0,0,3,0,0,0,1,0,5,0,0,1,2,1
trotsky_intellig_dem.txt_chunk13,trotsky,8,3,7,2,1,7,3,27,1,2,4,11,0,2,6,3,2,3,0,2,4,9,39,3,5,0,1,13,6,1,5,3,1,3,2,6,19,1,4,7,3,0,1,1,5,3,2,8,0,2,9,4,0,1,2,4,1,4,1,5,1,1,2,12,1,1,10,2,1,0,0,0,0,0,0,0,1,2,2,1,10,2,0,5,1,2,1,5,1,0,0,2,2,1,8,2,2,2,1,0
trotsky_intellig_dem.txt_chunk14,trotsky,4,1,1,1,1,2,3,22,2,1,0,3,1,0,3,3,4,0,0,2,5,5,52,6,0,0,3,6,16,1,2,1,1,1,1,9,12,0,2,7,2,3,2,1,0,7,0,2,1,2,4,0,0,0,0,2,2,4,1,2,0,0,0,7,1,0,4,6,0,1,2,4,2,0,0,0,0,3,1,3,4,3,0,2,0,2,1,1,1,0,1,0,0,1,7,0,0,0,0,0
trotsky_intellig_dem.txt_chunk15,trotsky,1,1,4,3,3,7,1,34,3,2,1,3,1,1,0,2,3,0,0,2,7,2,37,1,2,0,0,14,13,6,3,0,1,0,0,10,12,2,1,7,3,0,3,2,2,7,1,4,1,3,7,1,0,0,1,5,1,6,1,2,1,2,2,12,1,0,2,3,3,0,0,2,0,1,0,2,0,3,0,1,0,1,0,0,0,3,1,0,2,0,1,0,3,3,4,1,0,4,2,0
trotsky_intellig_dem.txt_chunk16,trotsky,1,0,3,1,2,3,2,32,1,4,0,3,1,1,4,2,3,5,0,0,3,5,37,5,4,0,4,8,3,2,2,2,0,0,0,18,18,3,1,7,5,0,0,4,4,6,1,2,4,3,9,2,0,2,0,2,1,7,1,5,2,1,2,20,1,2,12,1,0,2,0,0,1,1,1,0,1,2,0,1,0,1,1,1,0,0,1,1,0,1,0,1,2,5,9,3,0,0,4,0
trotsky_intellig_dem.txt_chunk17,trotsky,1,1,5,1,0,1,0,26,1,2,0,2,0,0,4,1,3,2,2,1,2,1,44,3,7,0,7,6,8,1,2,0,0,1,1,17,18,0,2,8,3,1,3,2,8,6,0,11,5,1,5,5,3,0,2,4,4,1,4,6,2,1,0,9,4,0,8,1,2,1,0,1,0,1,0,0,0,1,4,3,0,4,2,1,3,0,1,1,0,0,0,0,1,0,2,0,0,0,5,2
trotsky_intellig_dem.txt_chunk18,trotsky,6.430868167202572,3.215434083601286,11.254019292604502,0,0,4.82315112540193,1.607717041800643,19.29260450160772,1.607717041800643,0,1.607717041800643,11.254019292604502,0,1.607717041800643,3.215434083601286,0,1.607717041800643,4.82315112540193,1.607717041800643,1.607717041800643,1.607717041800643,11.254019292604502,46.62379421221865,0,0,1.607717041800643,6.430868167202572,12.861736334405144,1.607717041800643,0,0,1.607717041800643,1.607717041800643,0,0,6.430868167202572,9.64630225080386,3.215434083601286,0,12.861736334405144,1.607717041800643,0,3.215434083601286,4.82315112540193,14.469453376205788,1.607717041800643,0,1.607717041800643,0,0,16.07717041800643,1.607717041800643,0,1.607717041800643,0,0,1.607717041800643,3.215434083601286,3.215434083601286,3.215434083601286,0,3.215434083601286,0,11.254019292604502,1.607717041800643,1.607717041800643,3.215434083601286,1.607717041800643,1.607717041800643,0,3.215434083601286,1.607717041800643,1.607717041800643,0,1.607717041800643,0,3.215434083601286,3.215434083601286,1.607717041800643,6.430868167202572,3.215434083601286,4.82315112540193,0,0,0,1.607717041800643,0,3.215434083601286,1.607717041800643,1.607717041800643,0,3.215434083601286,0,1.607717041800643,1.607717041800643,0,0,0,1.607717041800643,0
trotsky_intellig_dem.txt_chunk3,trotsky,4,0,7,2,2,3,1,32,1,1,1,3,1,0,1,0,8,2,1,3,4,4,33,6,2,1,4,7,11,2,2,0,1,2,1,7,22,0,2,5,2,1,2,6,4,1,2,1,0,0,6,1,1,1,2,5,2,4,1,1,1,1,2,14,3,3,2,1,1,1,0,0,0,1,3,3,0,4,0,0,2,1,0,0,0,0,0,2,0,0,0,2,1,0,3,0,0,0,0,1
trotsky_intellig_dem.txt_chunk4,trotsky,3,0,19,6,4,4,2,27,0,4,1,2,0,0,6,0,6,10,0,2,1,0,28,3,0,2,4,1,7,2,2,2,0,2,3,13,21,0,1,6,1,3,0,7,10,6,0,6,0,2,5,0,2,1,0,1,1,2,3,3,0,3,2,9,5,4,3,2,0,2,0,0,0,0,5,0,0,0,0,1,0,1,0,0,0,0,2,1,3,1,0,1,0,2,4,0,0,2,3,0
trotsky_intellig_dem.txt_chunk5,trotsky,0,0,0,1,0,0,2,32,2,1,1,4,1,0,2,2,2,2,0,1,3,1,36,6,3,1,1,11,10,0,1,4,1,1,0,12,7,0,2,2,7,2,0,7,1,8,0,5,1,3,8,3,1,0,0,4,3,1,1,1,1,2,0,4,2,0,1,0,0,2,0,1,1,0,0,1,2,2,3,2,1,2,0,2,0,1,3,0,3,2,1,0,2,1,1,1,0,3,4,0
trotsky_intellig_dem.txt_chunk6,trotsky,2,0,0,0,0,1,3,24,0,0,1,7,3,0,3,1,2,2,1,3,5,0,40,3,0,0,2,9,11,2,3,2,2,1,0,13,18,1,2,5,1,0,1,1,3,4,0,5,3,0,10,4,0,0,0,3,2,8,3,3,0,5,1,12,4,2,3,0,1,1,0,2,1,0,3,2,0,4,2,1,1,1,0,0,0,1,1,1,0,2,2,2,0,2,8,0,0,0,0,0
trotsky_intellig_dem.txt_chunk7,trotsky,4,1,8,0,1,3,3,34,2,1,2,2,1,2,4,4,5,3,2,4,5,5,35,6,3,0,3,10,13,3,6,4,1,5,2,14,16,2,0,5,1,1,7,2,4,1,0,4,2,0,12,0,0,0,1,5,0,4,0,3,2,2,0,9,3,3,5,2,0,2,0,0,0,1,1,0,1,1,0,0,3,4,0,1,1,0,0,0,0,1,1,0,2,0,10,0,0,0,2,1
trotsky_intellig_dem.txt_chunk9,trotsky,5,1,3,1,2,3,4,28,4,2,1,2,0,0,6,2,0,2,0,2,4,5,27,5,1,3,0,9,10,0,1,1,1,5,1,12,27,2,4,5,4,2,0,9,5,6,0,4,1,4,6,1,1,0,1,1,3,4,6,2,5,1,1,18,4,1,2,2,1,1,0,1,2,0,1,4,1,0,3,1,0,1,0,1,1,2,1,1,0,0,0,0,0,1,2,0,0,1,1,0
trotsky_k_smerty_parvusa.txt_chunk1,trotsky,4,0,3,0,0,3,2,33,1,2,1,2,0,0,6,14,2,1,1,4,3,4,28,2,1,3,2,9,5,2,1,0,0,1,0,16,13,0,2,9,11,0,16,4,3,5,1,5,4,1,14,2,0,0,1,1,2,9,2,1,2,3,2,14,0,2,3,4,4,0,4,0,0,0,0,0,3,2,2,2,0,1,0,3,1,2,1,2,0,0,2,0,6,0,2,1,1,0,0,7
trotsky_k_smerty_parvusa.txt_chunk2,trotsky,0,0,0,0,0,0,0,0,0,0,0,0,0,0,0,40,0,0,0,0,0,40,40,0,0,0,0,0,40,0,0,0,0,0,0,0,40,0,0,0,0,0,40,0,0,0,0,40,0,0,0,0,0,0,0,40,0,40,0,0,0,0,0,40,40,0,40,0,0,0,0,0,0,0,0,0,0,0,0,0,0,0,0,0,0,0,0,40,0,0,0,0,0,0,0,0,0,0,0,0
trotsky_kapital_v_opozicii.txt_chunk1,trotsky,3,0,3,2,0,1,2,21,0,1,3,5,0,0,5,1,3,1,0,1,1,3,41,2,2,1,2,9,7,1,0,0,0,0,0,13,14,1,4,7,1,0,2,2,1,4,1,2,3,5,11,0,1,0,0,1,1,0,3,2,2,1,3,9,2,2,0,0,0,2,0,1,2,1,0,0,0,0,2,1,1,0,0,0,0,3,1,0,1,1,1,0,1,2,1,1,0,1,1,0
trotsky_kapital_v_opozicii.txt_chunk3,trotsky,2,1,2,1,0,2,3,26,5,0,0,2,3,1,6,2,0,2,0,1,7,2,42,2,3,2,2,5,6,0,1,0,4,2,1,10,12,2,3,7,0,0,2,1,3,2,0,2,1,7,10,0,1,0,0,3,2,5,3,2,1,0,3,10,1,3,3,1,0,1,0,1,0,0,0,1,0,4,3,2,0,0,0,0,0,0,2,2,9,2,1,0,1,1,0,0,0,1,1,0
trotsky_kapital_v_opozicii.txt_chunk4,trotsky,4,2,3,0,0,2,2,27,3,1,0,2,0,0,8,3,1,2,1,2,2,1,38,2,0,0,2,8,5,0,0,0,3,3,0,12,16,1,3,7,4,2,1,0,2,0,0,7,0,2,7,2,3,2,0,2,0,2,0,5,2,3,1,6,1,1,1,4,0,0,0,5,1,1,0,1,0,2,3,4,1,0,0,1,0,1,1,4,6,0,0,0,0,2,3,1,0,1,1,0
trotsky_kapital_v_opozicii.txt_chunk5,trotsky,4,0,9,1,0,3,3,22,2,0,0,4,1,0,8,3,1,1,2,0,6,6,48,3,1,1,4,6,6,0,1,0,1,0,1,9,19,0,3,9,5,0,4,2,0,5,1,6,3,4,9,1,2,0,1,4,1,2,0,3,1,0,2,13,0,0,4,0,1,1,0,1,4,0,0,1,0,2,3,1,0,0,0,1,0,2,0,1,7,3,1,0,1,0,4,0,1,1,1,1
trotsky_kapital_v_opozicii.txt_chunk6,trotsky,3.218884120171674,0,4.291845493562231,0,0,2.1459227467811157,2.1459227467811157,17.167381974248926,0,0,0,3.218884120171674,0,0,9.656652360515022,3.218884120171674,5.364806866952789,1.0729613733905579,1.0729613733905579,1.0729613733905579,2.1459227467811157,6.437768240343348,37.55364806866953,2.1459227467811157,2.1459227467811157,1.0729613733905579,0,5.364806866952789,12.875536480686696,1.0729613733905579,4.291845493562231,3.218884120171674,1.0729613733905579,4.291845493562231,2.1459227467811157,13.948497854077255,16.094420600858367,0,1.0729613733905579,3.218884120171674,3.218884120171674,1.0729613733905579,1.0729613733905579,5.364806866952789,1.0729613733905579,3.218884120171674,0,2.1459227467811157,9.656652360515022,5.364806866952789,6.437768240343348,2.1459227467811157,2.1459227467811157,0,1.0729613733905579,2.1459227467811157,3.218884120171674,0,1.0729613733905579,6.437768240343348,0,1.0729613733905579,0,11.802575107296137,1.0729613733905579,0,3.218884120171674,1.0729613733905579,0,3.218884120171674,0,0,1.0729613733905579,1.0729613733905579,0,0,0,0,1.0729613733905579,2.1459227467811157,0,0,0,1.0729613733905579,0,1.0729613733905579,3.218884120171674,2.1459227467811157,1.0729613733905579,0,2.1459227467811157,3.218884120171674,0,2.1459227467811157,5.364806866952789,0,1.0729613733905579,3.218884120171674,4.291845493562231,0
trotsky_opekaemoe_studenchestvo_I.txt_chunk1,trotsky,8.008008008008009,0,3.003003003003003,0,0,2.002002002002002,0,32.032032032032035,1.001001001001001,2.002002002002002,1.001001001001001,2.002002002002002,0,0,4.004004004004004,4.004004004004004,0,2.002002002002002,0,1.001001001001001,3.003003003003003,0,33.03303303303303,4.004004004004004,5.005005005005005,1.001001001001001,0,5.005005005005005,14.014014014014014,1.001001001001001,1.001001001001001,3.003003003003003,3.003003003003003,5.005005005005005,1.001001001001001,11.01101101101101,22.02202202202202,0,2.002002002002002,6.006006006006006,3.003003003003003,1.001001001001001,3.003003003003003,0,1.001001001001001,8.008008008008009,0,1.001001001001001,2.002002002002002,0,15.015015015015015,0,1.001001001001001,2.002002002002002,2.002002002002002,5.005005005005005,0,2.002002002002002,2.002002002002002,4.004004004004004,1.001001001001001,0,0,9.00900900900901,4.004004004004004,0,3.003003003003003,3.003003003003003,0,1.001001001001001,0,0,2.002002002002002,0,2.002002002002002,5.005005005005005,0,2.002002002002002,2.002002002002002,0,5.005005005005005,3.003003003003003,4.004004004004004,2.002002002002002,0,2.002002002002002,3.003003003003003,1.001001001001001,0,0,0,1.001001001001001,0,3.003003003003003,6.006006006006006,0,0,2.002002002002002,2.002002002002002,0
trotsky_perm_rev.txt_chunk1,trotsky,2,2,1,4,2,7,2,35,2,5,3,4,2,3,6,2,2,2,0,3,5,4,35,7,1,0,1,6,8,1,0,1,3,3,0,8,16,0,5,6,9,0,2,0,4,2,0,8,1,0,15,1,2,0,3,3,3,5,2,5,3,2,0,11,0,0,1,3,4,0,1,2,3,2,1,0,0,1,1,0,1,1,5,4,4,4,4,1,1,0,1,1,4,2,4,1,0,10,0,17
trotsky_perm_rev.txt_chunk10,trotsky,4,0,9,6,2,4,0,34,6,0,3,3,1,0,2,4,1,5,1,2,10,3,32,9,3,0,1,9,2,4,0,2,1,1,2,11,22,0,2,5,0,2,3,0,4,3,1,4,1,1,12,0,2,1,0,0,2,9,0,6,2,4,5,16,0,2,6,1,2,1,11,0,1,2,8,1,0,1,0,5,2,0,2,2,1,2,1,2,0,0,2,1,2,1,2,2,0,0,0,10
trotsky_perm_rev.txt_chunk11,trotsky,5,0,2,0,1,4,0,36,1,3,2,7,0,0,1,2,2,1,2,5,6,2,35,7,3,0,4,3,12,1,0,0,1,1,0,11,23,1,1,6,9,2,5,1,0,6,2,6,5,1,16,2,1,0,2,3,0,6,2,1,2,7,2,16,1,1,9,3,2,4,12,0,3,0,4,0,0,2,1,0,1,0,2,1,0,4,0,5,0,1,2,0,2,0,2,1,1,2,0,11
trotsky_perm_rev.txt_chunk12,trotsky,4,4,3,2,2,2,2,40,0,0,1,1,2,0,4,4,6,3,2,1,3,3,32,3,2,0,0,7,3,3,2,1,2,4,2,10,25,1,2,7,5,0,3,2,0,7,0,1,0,2,7,3,0,2,0,1,2,5,2,4,0,6,2,6,0,1,8,2,1,3,4,2,5,3,1,1,1,2,1,1,7,1,2,2,1,3,2,1,0,6,0,0,1,1,1,1,0,12,0,20
trotsky_perm_rev.txt_chunk13,trotsky,7,3,6,0,0,3,6,30,4,2,2,5,2,1,2,2,2,2,2,3,3,2,29,3,0,1,4,7,11,0,1,1,0,4,1,9,21,2,3,8,8,1,2,0,1,6,1,7,1,2,10,1,0,2,0,4,1,1,2,3,2,7,1,8,1,2,5,3,1,0,4,4,2,1,3,0,1,1,0,2,3,1,1,1,0,4,0,1,0,1,0,1,1,1,0,1,0,6,1,9
trotsky_perm_rev.txt_chunk14,trotsky,5,3,3,0,1,0,0,42,2,7,0,4,0,1,1,1,2,3,0,1,1,0,41,1,3,1,2,12,5,4,1,1,4,2,1,8,24,1,0,5,13,1,8,1,0,11,1,3,1,1,4,0,0,0,1,2,3,1,3,4,3,3,1,8,3,2,5,1,2,1,0,0,3,1,5,1,0,3,0,1,4,4,1,0,2,5,1,1,6,2,0,0,0,0,0,4,0,7,3,8
trotsky_perm_rev.txt_chunk15,trotsky,2,0,6,1,0,1,1,42,2,6,0,1,1,1,3,2,4,2,0,3,5,3,35,5,4,0,0,12,6,0,2,1,5,1,2,11,16,2,4,11,8,2,0,0,1,5,0,7,1,2,4,0,0,1,0,0,1,2,2,7,4,6,2,13,1,1,3,1,2,4,0,2,3,1,0,1,0,1,4,0,4,2,7,0,2,5,0,1,1,2,0,0,0,1,2,3,0,4,2,8
trotsky_perm_rev.txt_chunk16,trotsky,3,3,2,1,1,0,0,41,1,1,3,2,1,0,5,0,3,2,0,3,9,2,50,5,3,0,0,4,10,4,1,1,0,1,2,14,10,0,0,6,8,0,5,1,1,3,0,5,1,0,12,1,1,0,2,0,1,5,4,2,3,1,2,13,2,0,6,3,1,1,6,0,2,3,1,0,0,1,1,3,8,0,7,3,1,3,0,0,2,3,1,1,0,2,2,1,0,14,0,6
trotsky_perm_rev.txt_chunk17,trotsky,3,5,3,2,1,0,2,48,0,5,3,1,2,4,1,0,2,5,1,2,2,2,33,5,5,2,3,7,10,0,1,2,1,3,0,12,25,0,1,8,15,3,3,1,0,1,3,11,1,2,10,0,0,0,1,1,1,7,2,5,6,0,0,14,2,2,8,3,5,2,6,0,1,3,0,0,0,1,1,0,3,1,3,5,0,6,0,0,3,1,2,1,1,0,3,0,0,6,1,8
trotsky_perm_rev.txt_chunk18,trotsky,8,1,0,1,0,4,1,46,2,3,0,0,1,2,1,1,3,2,4,0,8,6,37,5,3,0,2,6,9,0,0,1,3,2,1,10,25,1,0,4,3,3,5,0,0,6,2,2,0,0,5,0,1,1,0,5,2,4,2,0,3,1,2,20,1,2,11,3,3,2,13,1,1,0,0,2,1,2,0,2,5,0,2,1,0,5,2,2,5,1,0,1,0,1,3,1,1,1,0,8
trotsky_perm_rev.txt_chunk19,trotsky,2,5,2,1,0,4,3,30,3,1,0,3,2,2,0,3,3,1,1,3,5,3,28,6,0,0,1,6,4,1,1,1,3,4,1,13,16,3,1,4,9,0,1,1,2,5,1,3,2,0,10,0,0,0,0,3,0,1,2,2,2,4,2,14,0,0,10,0,1,2,9,0,1,2,1,2,0,0,1,0,4,1,0,1,2,5,1,1,0,1,0,0,0,1,0,1,0,3,1,10
trotsky_perm_rev.txt_chunk2,trotsky,1,4,0,0,5,2,1,39,3,1,3,6,1,1,6,4,2,2,0,1,3,0,35,5,4,0,2,13,8,1,4,3,0,1,0,9,18,2,3,12,1,0,0,5,2,4,0,3,0,4,7,2,3,3,0,1,1,2,3,4,3,1,2,9,1,0,6,2,3,4,9,1,1,1,1,0,0,1,4,1,4,2,2,5,1,2,1,1,1,3,0,2,1,0,0,1,1,5,0,17
trotsky_perm_rev.txt_chunk20,trotsky,8,3,1,0,2,2,2,30,7,1,0,2,3,1,3,1,4,5,3,1,6,2,24,2,6,4,4,7,9,1,1,1,1,3,0,22,22,3,1,6,4,1,5,1,0,2,2,1,1,0,11,0,0,0,1,0,2,6,1,3,1,3,2,11,6,0,8,2,5,1,7,0,1,2,4,0,0,3,0,0,5,3,1,2,0,4,0,2,0,0,0,2,3,0,6,3,2,2,0,10
trotsky_perm_rev.txt_chunk21,trotsky,3,0,4,2,0,3,2,20,4,2,1,2,1,0,3,4,4,4,0,2,2,4,32,5,3,0,9,11,7,0,1,3,1,2,0,21,22,4,1,7,4,1,7,1,4,3,0,2,2,1,8,0,1,2,3,1,1,2,1,4,0,11,1,13,1,0,4,3,1,1,8,0,1,1,2,1,0,2,2,0,2,3,3,0,0,0,1,1,0,0,2,0,1,1,0,8,2,5,0,17
trotsky_perm_rev.txt_chunk22,trotsky,7,0,3,0,0,1,1,39,1,0,0,6,1,0,4,2,2,3,2,5,7,0,30,1,3,0,1,10,14,3,3,0,0,0,0,8,24,0,0,6,12,5,4,0,3,3,1,3,1,4,9,2,2,0,0,2,2,4,1,4,1,6,3,16,1,3,6,1,3,1,10,5,3,3,3,0,1,0,2,2,6,0,0,2,0,6,0,1,0,1,2,3,1,1,1,1,0,2,1,20
trotsky_perm_rev.txt_chunk23,trotsky,11,2,5,1,0,6,1,42,0,1,2,5,1,1,2,1,0,1,4,1,9,2,35,8,2,1,0,5,11,1,2,1,1,1,1,12,28,2,3,8,6,2,2,1,0,0,1,4,2,0,7,0,0,0,0,4,0,6,3,3,3,5,1,17,2,1,8,4,0,1,8,3,4,1,1,2,2,2,1,1,1,0,0,2,0,4,0,0,1,0,1,1,0,1,1,3,0,0,0,6
trotsky_perm_rev.txt_chunk24,trotsky,8,1,7,4,0,2,0,43,0,2,0,1,4,1,2,1,5,3,1,1,4,0,36,2,1,0,0,1,11,2,1,0,1,0,0,6,17,1,3,8,3,2,2,2,0,1,0,6,0,2,11,1,1,0,0,3,6,5,2,5,2,8,1,15,2,2,11,1,1,0,0,2,4,3,2,0,0,1,5,0,1,1,2,7,0,6,0,3,1,1,3,3,0,0,6,4,0,7,0,6
trotsky_perm_rev.txt_chunk25,trotsky,8,0,2,3,0,0,1,37,2,2,1,2,1,2,2,2,3,1,0,2,8,3,25,6,3,1,1,6,8,2,2,0,0,0,2,9,24,0,0,2,5,1,3,1,2,2,1,4,2,1,11,1,1,1,2,3,2,3,0,6,3,1,2,8,0,1,1,0,1,1,1,0,3,1,0,2,0,0,2,0,4,0,0,2,0,2,0,2,0,2,0,0,0,1,4,0,0,3,1,26
trotsky_perm_rev.txt_chunk26,trotsky,3,2,4,1,1,0,0,41,2,2,1,3,2,0,4,1,3,6,2,2,5,3,39,5,0,0,1,9,10,0,1,1,3,0,0,9,16,1,3,4,2,0,3,3,1,1,1,1,2,1,9,1,0,1,0,5,0,6,1,2,2,2,0,10,3,1,5,1,1,4,5,1,4,3,5,0,0,1,0,0,4,0,2,2,0,2,2,1,0,4,1,2,1,1,1,0,0,4,1,6
trotsky_perm_rev.txt_chunk27,trotsky,5,0,3,1,1,3,0,40,3,0,1,4,3,2,4,7,3,7,4,1,2,2,30,7,7,0,1,8,9,0,2,0,6,5,2,9,19,0,2,9,2,0,3,2,1,5,1,1,0,0,6,0,0,0,0,4,7,3,5,6,2,6,4,18,1,1,8,1,0,0,2,0,3,4,3,0,1,2,0,0,1,0,0,1,1,4,0,0,1,6,1,0,1,0,6,5,0,1,1,6
trotsky_perm_rev.txt_chunk28,trotsky,12,1,1,2,0,4,1,55,2,1,1,3,1,1,4,3,2,2,1,6,6,3,21,4,1,0,0,5,7,1,0,0,0,1,1,10,22,3,3,5,3,0,7,1,2,1,1,11,2,1,12,1,1,1,0,0,2,3,0,4,7,6,7,19,0,2,7,1,0,0,0,0,1,1,0,1,2,4,4,3,8,4,2,1,0,1,1,1,2,2,0,3,1,4,3,3,1,2,4,7
trotsky_perm_rev.txt_chunk29,trotsky,6,2,4,0,4,1,6,40,4,3,2,3,2,4,3,2,2,3,0,5,3,0,36,4,5,2,1,6,12,5,1,2,2,4,1,6,22,5,0,6,8,3,4,0,1,2,0,6,0,0,8,0,0,1,0,4,0,4,2,6,2,2,2,5,1,2,8,1,0,2,0,0,0,0,5,2,0,5,1,1,2,6,0,1,0,3,2,1,0,1,0,1,1,3,1,3,0,5,0,13
trotsky_perm_rev.txt_chunk3,trotsky,4,0,3,2,2,1,2,36,1,3,0,3,5,1,10,1,2,3,1,0,0,1,33,4,2,1,1,11,10,0,0,6,2,3,1,9,18,1,0,2,2,2,4,6,7,4,0,3,3,2,13,0,1,0,0,1,1,4,1,1,0,1,2,9,1,0,2,1,2,2,4,0,0,1,0,0,0,5,1,4,3,2,0,3,0,1,3,0,1,3,1,0,0,1,2,1,1,10,0,16
trotsky_perm_rev.txt_chunk30,trotsky,4,1,6,0,0,2,3,43,2,2,0,2,1,0,4,2,4,3,0,3,5,8,44,5,8,1,4,7,3,0,1,1,1,7,1,10,22,2,3,5,3,0,2,2,0,6,0,2,0,5,9,1,2,1,1,0,1,2,0,4,3,1,2,12,2,0,3,3,1,0,1,1,2,1,2,0,0,1,0,1,2,0,1,1,1,8,0,2,1,2,0,0,0,0,1,1,0,10,1,6
trotsky_perm_rev.txt_chunk31,trotsky,7,4,4,0,0,1,5,34,2,4,0,4,0,0,15,0,0,3,0,7,6,6,34,4,3,0,1,4,5,3,0,1,1,7,1,16,22,7,1,10,6,0,0,0,0,5,2,3,2,3,8,0,2,0,2,2,1,4,1,11,3,1,2,11,2,0,12,2,2,1,1,0,2,0,2,0,0,4,1,0,0,1,1,3,0,1,0,2,2,1,0,1,2,2,7,0,4,10,1,3
trotsky_perm_rev.txt_chunk32,trotsky,5,2,2,2,0,0,0,37,0,2,0,5,1,3,4,3,1,3,7,1,5,1,32,0,2,0,2,7,11,1,2,1,2,4,1,17,21,0,4,9,5,1,3,2,2,6,0,8,0,6,6,0,0,6,1,2,3,3,0,7,2,5,1,17,0,0,5,1,5,2,0,1,4,2,2,0,0,2,2,0,4,2,1,1,0,2,1,0,3,5,1,0,1,1,7,4,3,5,1,8
trotsky_perm_rev.txt_chunk33,trotsky,8,2,1,1,0,2,1,35,3,2,2,3,1,1,3,1,0,4,0,4,6,0,33,3,6,1,1,0,10,3,0,1,4,1,2,15,29,1,3,9,5,0,5,0,1,4,3,6,0,4,10,1,0,1,1,5,0,3,1,10,3,1,2,16,2,1,12,1,0,4,7,3,2,1,4,1,1,4,1,1,5,2,0,2,0,7,0,1,0,1,0,1,2,1,11,5,4,9,1,13
trotsky_perm_rev.txt_chunk34,trotsky,8,0,0,0,0,4,0,31,1,1,1,3,1,1,7,3,3,2,4,1,3,5,34,3,2,1,2,7,7,1,1,2,0,7,0,19,29,0,2,7,3,2,2,1,4,5,1,4,0,2,3,1,1,2,0,5,0,6,1,6,1,0,2,16,2,0,6,0,1,1,1,3,1,4,0,2,4,2,0,1,0,1,3,6,2,1,4,1,3,0,1,1,1,1,5,3,1,13,0,4
trotsky_perm_rev.txt_chunk35,trotsky,4,0,0,0,2,1,1,30,2,0,0,2,1,1,9,4,2,0,5,1,2,5,31,4,3,0,2,5,5,0,1,1,1,4,0,15,20,3,4,7,1,0,3,1,2,7,1,3,2,1,12,1,0,0,2,0,1,3,3,4,1,1,4,6,0,2,9,2,6,0,3,0,3,1,1,0,0,4,1,1,1,5,2,0,1,3,1,1,3,0,0,0,1,0,2,1,0,6,0,9
trotsky_perm_rev.txt_chunk37,trotsky,0,0,3.3557046979865772,0,0,0,0,30.201342281879196,0,3.3557046979865772,0,0,0,0,6.7114093959731544,3.3557046979865772,0,0,0,0,0,10.06711409395973,50.335570469798654,3.3557046979865772,0,0,0,0,0,0,0,0,3.3557046979865772,0,0,13.422818791946309,10.06711409395973,0,3.3557046979865772,3.3557046979865772,6.7114093959731544,0,0,13.422818791946309,3.3557046979865772,20.13422818791946,0,3.3557046979865772,0,0,16.778523489932887,0,0,0,0,0,0,0,0,3.3557046979865772,0,0,0,0,0,0,0,0,0,0,0,0,3.3557046979865772,0,0,0,0,3.3557046979865772,0,0,0,0,0,3.3557046979865772,0,0,3.3557046979865772,0,0,0,0,0,0,0,0,0,0,6.7114093959731544,0,13.422818791946309
trotsky_perm_rev.txt_chunk4,trotsky,1,1,1,6,0,4,0,50,0,0,0,4,0,1,5,2,4,3,0,3,5,4,40,3,0,0,1,11,5,0,0,2,0,3,1,12,12,1,0,2,3,1,2,0,5,2,0,4,3,2,10,1,2,1,0,1,3,4,3,4,1,0,4,14,2,2,2,2,0,1,3,0,3,3,1,2,1,0,3,0,7,0,2,3,0,5,1,2,3,4,0,0,2,1,0,0,0,5,0,9
trotsky_perm_rev.txt_chunk5,trotsky,3,1,5,4,0,2,0,30,2,1,4,5,1,3,6,3,2,3,0,2,6,6,28,2,2,0,3,5,7,2,0,2,1,1,2,15,16,0,1,7,1,0,12,4,1,6,2,5,3,1,12,0,0,0,0,3,3,4,2,4,1,0,2,6,1,1,4,2,5,0,8,0,3,0,0,0,0,3,2,0,5,5,4,6,0,2,2,3,2,0,1,0,2,3,1,0,0,5,0,12
trotsky_perm_rev.txt_chunk6,trotsky,1,1,5,3,2,2,1,38,1,2,3,9,0,0,6,1,4,0,2,1,1,3,38,0,4,0,1,8,11,1,1,0,0,0,4,11,16,1,6,6,5,1,0,1,3,4,0,8,0,1,22,0,0,3,2,1,2,1,2,5,0,3,0,10,1,4,6,2,5,1,5,4,0,1,0,0,3,3,1,1,1,0,3,7,0,2,1,0,0,0,1,0,1,0,0,1,0,1,3,8
trotsky_perm_rev.txt_chunk7,trotsky,1,0,2,0,0,0,2,38,4,3,0,1,1,0,1,5,3,1,1,4,5,2,32,5,2,0,3,7,10,1,3,0,0,1,0,16,24,2,3,10,2,0,8,4,0,5,0,4,3,2,10,0,0,0,0,0,2,1,2,4,3,3,2,12,2,1,5,1,1,3,5,3,1,1,0,0,1,1,3,0,2,0,3,4,0,2,3,1,0,0,1,1,1,5,4,0,0,1,3,13
trotsky_perm_rev.txt_chunk8,trotsky,12,0,10,3,1,6,1,36,8,1,2,2,1,2,3,5,2,3,0,0,4,1,27,7,3,0,2,7,7,1,0,0,0,1,2,14,27,2,1,5,5,1,5,0,2,2,2,6,3,3,9,2,1,1,2,3,2,5,2,8,3,3,0,24,1,1,5,0,3,2,9,2,3,4,2,0,0,1,1,2,2,0,0,3,0,3,0,2,0,1,0,2,1,1,1,0,1,0,1,13
trotsky_perm_rev.txt_chunk9,trotsky,7,0,1,0,0,2,1,36,1,0,0,2,2,3,4,5,1,4,1,2,9,5,31,6,3,0,3,13,5,2,4,1,2,0,0,15,23,0,3,7,11,0,6,1,1,4,4,7,2,2,12,1,2,0,2,3,4,3,2,3,2,6,2,14,3,3,6,1,0,1,15,0,1,0,0,1,0,0,2,1,3,0,4,6,0,2,0,2,0,1,1,0,2,3,0,0,0,1,0,5
trotsky_prolet_i_rev.txt_chunk1,trotsky,5,2,2,2,0,2,3,24,6,1,4,9,5,0,6,3,1,0,4,2,3,2,29,4,2,0,2,15,5,1,0,1,1,2,2,17,16,1,0,4,1,0,1,1,1,8,0,4,1,5,7,0,1,0,1,1,5,2,0,7,0,0,4,5,3,2,8,3,0,1,0,2,2,0,0,0,0,1,2,3,0,1,0,1,0,0,2,1,1,2,0,0,0,0,0,1,0,6,2,5
trotsky_prolet_i_rev.txt_chunk2,trotsky,2,2,8,0,2,6,3,31,6,0,5,0,2,1,4,3,0,3,1,6,1,3,26,2,1,0,5,3,4,1,2,2,0,6,2,14,31,2,5,11,2,2,1,2,1,1,0,3,0,0,5,3,3,2,2,7,2,5,4,4,1,3,2,8,2,0,6,0,3,2,0,2,1,0,0,0,0,3,1,2,1,0,0,1,0,0,0,1,2,1,2,0,2,1,0,0,0,1,0,1
trotsky_treb_zemtsy.txt_chunk1,trotsky,6,1,7,1,3,2,4,23,1,1,0,4,2,0,6,4,2,5,3,3,4,8,28,7,3,1,1,6,4,1,0,4,2,3,0,9,26,4,4,10,5,0,7,1,11,1,1,4,0,2,6,3,5,1,2,2,4,1,0,4,3,1,1,18,5,3,7,3,0,0,1,1,0,0,5,0,3,1,1,2,9,3,1,3,3,1,0,2,0,2,0,0,0,1,2,1,0,1,3,0
trotsky_treb_zemtsy.txt_chunk2,trotsky,11,2,4,1,0,1,1,37,0,2,3,1,1,1,4,2,2,1,0,1,4,4,29,2,3,0,4,5,7,0,2,3,1,0,0,9,33,0,2,7,6,2,1,7,13,3,0,3,1,5,11,3,2,2,1,1,1,4,2,8,0,0,2,8,5,0,3,2,1,3,0,1,1,3,1,0,0,0,0,1,0,0,0,0,0,0,0,2,0,1,1,1,0,3,3,0,0,0,3,0
trotsky_treb_zemtsy.txt_chunk3,trotsky,1.455604075691412,4.366812227074235,0,0,1.455604075691412,1.455604075691412,2.911208151382824,30.567685589519648,1.455604075691412,0,0,0,0,0,8.73362445414847,4.366812227074235,0,0,0,1.455604075691412,1.455604075691412,1.455604075691412,45.12372634643377,2.911208151382824,2.911208151382824,1.455604075691412,1.455604075691412,7.278020378457059,5.822416302765648,0,0,0,1.455604075691412,4.366812227074235,1.455604075691412,5.822416302765648,16.011644832605533,1.455604075691412,7.278020378457059,8.73362445414847,10.189228529839884,0,1.455604075691412,4.366812227074235,0,7.278020378457059,0,5.822416302765648,0,4.366812227074235,4.366812227074235,2.911208151382824,1.455604075691412,0,0,1.455604075691412,0,0,0,13.100436681222707,5.822416302765648,0,1.455604075691412,10.189228529839884,1.455604075691412,0,4.366812227074235,0,0,1.455604075691412,0,0,0,0,1.455604075691412,0,1.455604075691412,0,0,2.911208151382824,1.455604075691412,0,0,0,0,0,0,1.455604075691412,0,1.455604075691412,0,0,1.455604075691412,1.455604075691412,0,1.455604075691412,1.455604075691412,0,0,0
trotsky_voyna_i_oppoz.txt_chunk1,trotsky,1,0,0,3,1,0,2,29,1,1,3,5,1,0,1,3,2,1,2,3,3,4,47,0,1,0,1,6,9,6,1,0,0,0,0,14,14,1,1,4,3,0,2,6,1,7,0,1,0,1,11,2,3,1,2,3,1,3,2,3,2,0,1,9,2,0,3,1,0,1,0,0,1,0,0,2,0,0,1,2,1,0,0,4,0,1,0,1,0,1,0,1,0,0,0,0,1,0,1,0
trotsky_voyna_i_oppoz.txt_chunk2,trotsky,5,1,2,3,0,3,1,24,3,0,1,6,0,2,3,6,1,0,0,1,3,8,52,2,0,1,2,3,2,1,0,1,1,1,0,21,25,2,4,6,6,0,1,6,5,5,0,4,0,0,16,1,0,0,7,0,4,2,4,5,1,2,0,11,1,0,5,3,1,0,0,2,1,0,4,1,0,2,0,1,1,0,0,0,0,1,2,1,0,3,0,2,0,1,1,0,0,0,1,0
zasulich_dobrolubov_I.txt_chunk1,zasulich,8,0,3,1,0,1,0,38,2,0,0,6,1,0,4,13,0,1,2,3,6,4,30,0,2,0,2,6,2,1,1,1,0,1,2,13,20,1,2,10,5,2,15,2,3,6,1,1,0,5,9,3,1,2,0,1,3,2,3,4,0,6,3,11,2,4,2,1,3,2,0,0,0,0,0,1,1,2,0,1,1,0,0,1,0,0,0,1,0,0,2,0,2,0,4,5,1,0,0,0
zasulich_dobrolubov_I.txt_chunk2,zasulich,2,3,4,2,0,1,1,30,2,0,1,3,2,1,5,9,0,2,1,3,6,3,42,6,0,2,7,8,8,4,0,1,0,1,1,16,26,2,0,15,3,0,17,3,3,13,0,4,1,0,7,1,1,0,2,2,3,7,1,3,1,2,3,18,3,2,6,2,0,0,5,1,2,2,2,2,0,3,0,1,0,0,0,0,0,1,0,1,0,1,0,7,3,3,2,0,0,0,0,1
zasulich_dobrolubov_I.txt_chunk3,zasulich,7.782101167315175,0,19.45525291828794,5.188067444876784,1.297016861219196,5.188067444876784,1.297016861219196,29.831387808041505,1.297016861219196,0,3.8910505836575875,7.782101167315175,1.297016861219196,0,5.188067444876784,2.594033722438392,1.297016861219196,6.485084306095979,0,2.594033722438392,5.188067444876784,3.8910505836575875,38.91050583657588,2.594033722438392,2.594033722438392,1.297016861219196,3.8910505836575875,7.782101167315175,6.485084306095979,2.594033722438392,1.297016861219196,2.594033722438392,0,3.8910505836575875,0,3.8910505836575875,29.831387808041505,0,0,10.376134889753567,2.594033722438392,1.297016861219196,2.594033722438392,0,6.485084306095979,12.970168612191959,0,0,0,0,9.079118028534372,1.297016861219196,0,3.8910505836575875,0,2.594033722438392,0,7.782101167315175,2.594033722438392,6.485084306095979,0,3.8910505836575875,0,6.485084306095979,9.079118028534372,0,2.594033722438392,0,0,0,0,2.594033722438392,2.594033722438392,1.297016861219196,0,2.594033722438392,0,1.297016861219196,0,1.297016861219196,0,0,0,0,0,2.594033722438392,0,3.8910505836575875,0,1.297016861219196,1.297016861219196,5.188067444876784,0,1.297016861219196,1.297016861219196,1.297016861219196,0,0,0,0
zasulich_merged_skiy_I.txt_ionala.txt_icha_I.txt,zasulich,7.022471910112359,1.4044943820224718,5.617977528089887,0,1.4044943820224718,4.213483146067416,0,25.280898876404493,2.8089887640449436,1.4044943820224718,5.617977528089887,12.640449438202246,0,1.4044943820224718,7.022471910112359,8.426966292134832,0,8.426966292134832,1.4044943820224718,4.213483146067416,4.213483146067416,8.426966292134832,22.47191011235955,7.022471910112359,8.426966292134832,2.8089887640449436,4.213483146067416,5.617977528089887,4.213483146067416,0,1.4044943820224718,2.8089887640449436,1.4044943820224718,1.4044943820224718,1.4044943820224718,16.853932584269664,18.258426966292134,1.4044943820224718,1.4044943820224718,9.831460674157302,1.4044943820224718,1.4044943820224718,12.640449438202246,1.4044943820224718,4.213483146067416,7.022471910112359,0,4.213483146067416,0,1.4044943820224718,14.044943820224718,1.4044943820224718,0,1.4044943820224718,4.213483146067416,1.4044943820224718,0,5.617977528089887,0,14.044943820224718,0,4.213483146067416,0,15.44943820224719,5.617977528089887,0,7.022471910112359,1.4044943820224718,5.617977528089887,0,0,1.4044943820224718,0,0,4.213483146067416,0,0,1.4044943820224718,0,1.4044943820224718,1.4044943820224718,1.4044943820224718,0,0,1.4044943820224718,0,2.8089887640449436,1.4044943820224718,0,2.8089887640449436,0,2.8089887640449436,4.213483146067416,2.8089887640449436,1.4044943820224718,0,0,0,0,0
zasulich_mihailovskiy_I.txt_chunk1,zasulich,3,2,2,2,4,1,2,37,0,0,4,3,2,0,7,11,0,0,1,5,0,5,38,6,2,1,2,9,10,5,2,3,0,0,1,13,29,0,3,8,0,1,5,1,1,4,0,8,1,0,12,2,2,0,1,6,2,4,2,3,0,0,1,6,3,0,6,2,3,0,0,4,0,3,1,1,1,6,1,2,0,2,0,1,0,0,1,1,0,3,1,2,5,1,1,0,0,1,0,0
zasulich_o_chem_govoryat_nam_I.txt_chunk1,zasulich,6,1,4,0,3,2,2,42,0,0,1,6,0,1,0,1,0,4,0,5,3,1,43,8,5,0,7,4,7,2,0,3,1,3,0,18,22,2,0,7,3,1,3,2,0,0,2,4,1,0,15,2,2,0,2,1,2,5,2,3,0,3,6,11,1,4,4,1,1,0,0,3,3,2,1,2,1,3,2,6,0,1,1,5,1,0,1,1,5,2,3,0,0,0,3,1,2,1,0,2
zasulich_o_chem_govoryat_nam_I.txt_chunk2,zasulich,5,2,7,0,3,6,0,35,4,0,2,11,0,1,3,4,0,5,1,3,4,3,23,0,1,1,2,4,7,3,1,1,0,7,2,18,24,2,1,12,3,1,2,2,3,4,1,2,4,0,11,1,2,1,0,1,4,6,0,10,1,4,2,10,1,2,6,3,0,1,0,0,3,1,0,5,0,4,2,5,0,3,0,2,6,0,0,2,2,2,5,3,0,0,1,0,1,0,0,1
zasulich_o_chem_govoryat_nam_I.txt_chunk3,zasulich,8,2,11,2,2,5,4,31,2,0,2,3,4,3,5,4,1,2,0,2,6,4,27,4,5,0,3,7,9,5,0,5,0,5,2,20,27,1,7,8,9,1,2,5,4,2,3,2,1,7,8,0,1,1,2,1,0,4,1,2,5,7,3,15,2,2,6,0,0,0,0,1,2,3,2,0,0,7,1,1,0,0,0,3,1,0,1,1,3,1,1,1,0,0,1,0,4,0,0,4
zasulich_o_chem_govoryat_nam_I.txt_chunk4,zasulich,6.25,6.25,12.5,3.125,2.0833333333333335,6.25,4.166666666666667,43.75,3.125,0,1.0416666666666667,6.25,1.0416666666666667,1.0416666666666667,4.166666666666667,4.166666666666667,1.0416666666666667,5.208333333333333,0,7.291666666666667,3.125,0,29.166666666666668,2.0833333333333335,3.125,0,1.0416666666666667,8.333333333333334,6.25,2.0833333333333335,0,4.166666666666667,0,5.208333333333333,4.166666666666667,7.291666666666667,13.541666666666668,1.0416666666666667,4.166666666666667,10.416666666666666,9.375,0,0,3.125,1.0416666666666667,5.208333333333333,1.0416666666666667,8.333333333333334,1.0416666666666667,2.0833333333333335,6.25,1.0416666666666667,1.0416666666666667,2.0833333333333335,0,1.0416666666666667,0,3.125,2.0833333333333335,3.125,3.125,2.0833333333333335,3.125,10.416666666666666,7.291666666666667,0,4.166666666666667,3.125,2.0833333333333335,2.0833333333333335,0,1.0416666666666667,5.208333333333333,2.0833333333333335,2.0833333333333335,0,0,7.291666666666667,1.0416666666666667,0,0,5.208333333333333,0,0,9.375,0,0,3.125,3.125,0,2.0833333333333335,2.0833333333333335,1.0416666666666667,4.166666666666667,0,1.0416666666666667,0,1.0416666666666667,0,9.375
zasulich_ocherk_istorii_1internacionala.txt_chunk1,zasulich,2,1,1,2,4,3,1,45,4,0,2,4,0,0,4,11,1,0,0,3,4,6,36,4,5,1,6,11,2,0,0,6,1,0,0,7,15,0,3,6,6,1,4,0,3,6,2,8,0,2,12,1,2,0,0,2,0,1,3,1,1,1,0,5,0,1,0,4,0,1,0,0,1,0,2,2,0,1,2,2,0,1,0,3,0,0,0,1,9,0,1,2,1,0,5,0,0,0,0,0
zasulich_ocherk_istorii_1internacionala.txt_chunk10,zasulich,2,1,2,0,1,3,1,32,1,4,2,2,1,0,3,2,0,0,1,3,8,2,32,7,0,1,9,7,6,0,0,6,3,0,1,20,10,0,2,7,7,4,4,0,2,5,1,8,2,4,7,1,1,1,1,3,6,5,0,4,1,0,1,7,6,1,1,0,2,2,5,2,0,1,1,1,0,6,3,2,0,0,0,4,0,2,1,0,4,0,1,2,1,0,1,0,0,0,1,0
zasulich_ocherk_istorii_1internacionala.txt_chunk11,zasulich,5,1,4,1,1,3,3,22,1,2,0,8,0,0,0,2,2,2,2,1,4,3,34,3,4,1,5,7,5,0,0,1,1,1,0,23,16,1,3,6,4,2,3,0,4,4,1,5,1,0,10,2,1,0,0,4,1,4,1,1,1,0,2,15,3,1,4,2,3,3,9,3,2,0,2,0,2,3,1,0,1,0,0,7,0,1,0,0,3,0,3,1,3,0,0,0,1,2,4,0
zasulich_ocherk_istorii_1internacionala.txt_chunk12,zasulich,6,1,4,0,5,2,1,34,5,0,3,4,1,1,5,8,2,0,0,1,7,4,33,5,1,0,2,5,6,0,2,3,1,0,0,12,20,1,3,7,6,1,6,2,2,7,1,5,2,1,9,2,1,0,1,6,2,5,0,2,4,0,2,10,4,0,3,2,2,0,0,3,0,1,0,2,0,4,2,2,0,0,4,0,0,0,0,1,3,0,2,2,1,1,9,1,1,0,1,0
zasulich_ocherk_istorii_1internacionala.txt_chunk13,zasulich,2,2,0,1,4,1,0,21,2,1,2,6,1,1,5,3,1,1,0,1,3,3,37,8,0,2,7,4,4,2,2,1,5,0,0,22,17,0,1,11,7,2,0,1,8,4,0,9,1,3,15,0,0,0,0,1,2,3,0,3,0,0,1,12,0,2,1,1,0,1,0,0,4,0,0,0,0,4,5,3,2,0,0,0,0,2,0,1,7,0,4,1,4,1,2,0,1,0,0,0
zasulich_ocherk_istorii_1internacionala.txt_chunk14,zasulich,4,0,0,2,6,4,1,40,5,0,1,3,1,2,0,5,0,1,1,2,6,12,45,10,1,3,7,10,1,1,4,1,3,0,0,15,16,0,0,7,4,0,0,3,2,1,0,8,2,2,13,0,0,0,0,1,2,0,1,2,0,0,1,4,1,2,1,2,1,2,0,1,7,0,0,0,1,4,1,1,1,0,0,3,0,0,0,1,14,0,1,1,0,0,1,0,0,0,0,0
zasulich_ocherk_istorii_1internacionala.txt_chunk15,zasulich,0,0,1,1,2,0,0,26,2,4,5,3,0,1,1,9,0,1,1,1,4,3,49,6,2,2,1,3,4,0,2,4,5,2,0,12,8,0,2,3,4,2,3,1,1,8,0,6,2,3,9,2,1,0,1,3,1,3,2,3,0,1,0,9,2,0,2,0,2,0,0,0,2,1,0,2,0,4,2,2,0,0,0,9,0,0,2,1,8,2,2,1,2,2,1,0,2,3,0,0
zasulich_ocherk_istorii_1internacionala.txt_chunk16,zasulich,2,2,2,0,0,3,4,32,3,1,2,5,0,2,9,3,0,0,0,1,4,4,38,10,3,0,3,7,5,1,3,2,1,6,0,11,12,0,1,4,7,1,4,1,3,3,2,10,1,7,5,2,0,0,0,8,1,2,0,5,2,0,3,12,3,1,4,3,0,3,0,7,1,0,1,1,1,6,0,2,0,0,0,4,0,1,1,1,7,0,2,0,2,2,0,0,0,1,1,0
zasulich_ocherk_istorii_1internacionala.txt_chunk17,zasulich,1,1,3,2,0,2,1,26,0,6,0,5,4,0,8,5,0,0,0,2,5,3,41,7,2,2,7,5,10,0,1,4,2,0,1,24,17,1,2,8,8,1,3,0,2,2,1,10,1,1,11,3,1,1,1,6,2,0,0,4,0,5,0,8,0,1,3,2,1,0,0,0,2,3,0,0,0,3,1,5,0,0,0,2,0,0,1,1,2,0,2,1,3,3,0,0,0,1,1,0
zasulich_ocherk_istorii_1internacionala.txt_chunk18,zasulich,4,0,3,0,1,4,1,28,0,0,0,12,1,0,5,12,2,1,0,2,7,2,25,3,2,0,3,4,3,0,1,5,2,3,0,14,13,0,2,7,4,0,5,1,6,7,2,8,1,2,14,0,1,1,1,1,3,1,1,2,0,2,5,5,0,0,4,0,0,1,0,4,0,1,0,2,1,2,0,3,0,0,0,3,0,1,0,4,5,0,2,2,0,0,0,1,0,0,0,1
zasulich_ocherk_istorii_1internacionala.txt_chunk2,zasulich,1,0,5,2,3,5,0,35,2,1,1,6,2,0,9,8,0,0,1,0,4,1,42,7,1,1,3,6,5,1,2,2,2,1,3,8,9,0,4,4,2,1,0,0,7,6,1,5,2,1,17,1,1,2,3,2,3,1,1,1,0,0,0,10,0,1,1,3,0,0,0,1,1,2,0,0,0,3,0,3,2,0,1,5,0,1,4,1,8,0,0,0,4,0,3,1,0,2,1,0
zasulich_ocherk_istorii_1internacionala.txt_chunk3,zasulich,3,2,3,0,1,2,6,31,1,0,1,5,0,0,8,6,0,2,1,1,0,5,31,8,5,2,4,14,3,5,0,1,3,8,1,7,10,1,3,3,4,0,4,1,1,4,0,4,1,2,12,2,5,0,0,3,1,2,1,3,2,0,0,11,5,0,3,0,2,0,0,2,1,2,0,1,0,0,0,4,0,0,0,2,0,2,0,2,13,0,3,1,1,0,0,0,0,0,1,0
zasulich_ocherk_istorii_1internacionala.txt_chunk4,zasulich,5,1,5,1,0,3,0,23,5,0,1,4,0,0,4,5,2,1,1,1,4,6,42,3,5,1,4,8,7,0,0,5,4,0,1,9,14,0,7,6,3,0,2,0,5,1,0,7,0,1,11,1,1,0,1,2,2,3,1,5,0,2,0,14,1,2,2,1,4,0,0,1,3,0,0,0,0,4,3,5,4,0,1,0,0,0,2,2,8,0,1,3,2,3,0,0,0,0,3,1
zasulich_ocherk_istorii_1internacionala.txt_chunk5,zasulich,6,0,1,1,5,6,1,41,3,1,3,2,0,1,6,4,0,2,0,2,1,4,35,6,2,2,2,9,4,1,1,4,0,1,0,15,10,0,2,7,5,1,1,2,8,7,1,9,1,2,11,0,2,0,2,1,1,1,0,2,2,0,2,8,4,0,4,0,2,1,0,0,2,1,0,2,0,0,2,0,0,0,0,2,0,0,0,1,5,0,3,0,3,1,0,0,0,0,0,0
zasulich_ocherk_istorii_1internacionala.txt_chunk6,zasulich,1,0,4,1,1,3,2,35,1,1,2,4,2,0,10,6,2,0,1,3,6,2,31,5,2,0,6,4,7,0,2,4,4,3,1,12,16,0,4,8,4,3,1,1,5,4,0,9,0,2,6,5,0,0,2,4,0,1,1,4,1,0,0,4,3,1,1,2,2,3,0,0,1,0,0,0,0,0,0,3,0,0,0,1,0,0,2,0,7,0,3,1,0,1,4,2,2,1,0,0
zasulich_ocherk_istorii_1internacionala.txt_chunk7,zasulich,3,3,1,1,0,1,4,26,5,1,3,3,0,0,7,3,0,2,1,0,5,4,26,1,0,1,5,7,4,0,0,2,2,0,2,7,11,1,3,3,6,3,4,1,3,4,1,14,0,7,4,0,0,1,0,2,1,2,0,2,1,0,1,8,1,1,1,3,0,0,0,4,7,0,0,1,0,2,1,2,0,0,0,1,0,2,0,1,3,0,0,0,0,1,1,0,0,0,0,0
zasulich_ocherk_istorii_1internacionala.txt_chunk8,zasulich,2,1,6,0,3,5,2,30,3,1,4,4,0,1,5,6,1,0,0,2,5,4,44,4,0,2,4,8,3,1,0,2,1,0,3,19,13,0,8,5,6,4,4,0,4,4,1,16,1,4,6,1,0,1,1,2,0,2,1,0,1,1,0,8,1,1,4,0,1,3,0,2,1,0,0,1,0,1,0,3,0,0,0,4,0,3,0,0,1,1,0,3,2,1,2,0,0,1,0,0
zasulich_ocherk_istorii_1internacionala.txt_chunk9,zasulich,2,1,6,2,0,5,2,36,5,0,5,3,0,3,4,3,0,1,1,6,6,11,30,10,4,0,5,9,2,0,1,5,0,2,3,17,19,1,1,8,3,1,2,1,4,3,0,2,1,3,8,1,0,0,0,0,1,5,2,1,0,1,1,6,1,0,3,1,3,3,0,2,0,0,0,1,1,4,2,4,2,0,0,1,0,1,1,5,13,0,2,1,2,1,0,0,1,0,0,0
zasulich_po_povodu_uprazdneniya_Marx'a.txt_chunk1,zasulich,6,0,8,0,0,1,0,24,1,0,0,6,0,0,7,3,0,2,0,0,5,4,36,7,5,1,1,4,10,1,0,3,2,2,5,12,16,0,2,7,5,2,0,1,1,7,0,4,0,3,9,2,1,2,1,4,1,1,2,3,1,4,2,12,0,3,1,1,1,1,8,0,1,0,3,0,0,0,2,2,4,0,0,1,0,0,0,0,1,0,1,0,1,0,1,2,2,0,2,0
zasulich_po_povodu_uprazdneniya_Marx'a.txt_chunk2,zasulich,10,1,6,0,0,2,3,20,0,0,1,5,0,0,5,4,2,3,0,1,11,1,30,4,3,0,0,4,6,1,0,7,1,5,1,7,28,3,5,10,3,0,3,2,5,2,1,6,1,8,5,2,3,3,1,4,2,8,2,1,2,2,2,13,0,1,3,4,2,2,0,1,3,0,0,1,1,3,0,2,8,0,0,0,0,2,0,1,6,0,0,1,0,0,1,0,1,0,0,0
zasulich_po_povodu_uprazdneniya_Marx'a.txt_chunk3,zasulich,8,0,5,1,0,1,1,23,2,0,0,5,1,2,5,4,1,1,3,2,8,2,26,10,1,0,1,1,12,0,0,4,2,4,0,14,17,0,5,7,2,7,7,2,0,2,1,5,1,5,6,2,0,2,0,5,0,7,5,2,0,4,1,8,2,2,5,1,0,0,0,1,2,2,1,0,0,1,1,0,6,0,0,1,0,1,0,2,13,0,1,1,0,0,2,0,1,0,1,0
zasulich_po_povodu_uprazdneniya_Marx'a.txt_chunk4,zasulich,10,0,5,1,1,1,0,30,1,0,1,3,2,1,3,8,0,9,5,1,8,0,32,4,4,1,6,7,9,0,0,5,2,0,2,12,28,1,4,8,6,2,4,1,0,6,0,8,0,1,2,0,0,4,1,3,2,6,2,11,4,1,4,14,1,1,5,3,2,0,2,2,0,3,0,1,2,1,0,1,3,0,0,0,0,1,0,1,1,0,1,0,0,3,3,0,0,0,0,0
zasulich_po_povodu_uprazdneniya_Marx'a.txt_chunk5,zasulich,3,0,2,1,0,1,1,26,0,0,0,4,3,0,3,6,0,1,4,4,11,2,25,5,7,1,2,8,6,3,0,4,1,2,0,8,20,1,2,13,2,0,4,1,4,3,0,4,0,3,7,0,0,1,1,3,2,4,1,4,0,0,3,18,2,0,10,2,1,2,5,5,3,2,1,1,0,4,0,0,4,0,0,0,0,5,0,0,1,0,0,1,0,0,0,0,0,0,0,0
zasulich_po_povodu_uprazdneniya_Marx'a.txt_chunk6,zasulich,8,0,10,0,0,0,0,30,2,0,2,1,2,0,5,10,0,3,6,2,6,1,23,5,2,1,3,5,5,1,1,5,4,3,1,6,19,2,2,12,4,3,6,0,0,4,1,10,0,2,6,2,0,1,0,2,1,6,1,4,4,0,0,24,2,0,9,3,2,1,2,2,0,0,0,3,1,0,2,0,2,0,0,0,0,6,0,2,2,0,0,0,0,3,2,1,3,0,0,0
zasulich_po_povodu_uprazdneniya_Marx'a.txt_chunk7,zasulich,6,0,0,0,1,0,0,42,1,0,2,5,2,0,3,10,1,3,1,0,9,5,44,8,1,0,1,3,10,0,0,1,4,0,2,27,12,1,3,6,0,0,1,0,1,1,0,5,0,3,6,1,0,3,0,6,2,7,1,3,0,1,6,13,0,0,3,3,2,1,0,1,5,0,1,4,0,1,1,2,6,0,0,0,0,3,0,2,2,0,0,1,1,1,2,0,0,0,0,0
zasulich_po_povodu_uprazdneniya_Marx'a.txt_chunk8,zasulich,4,0,11,0,1,1,3,28,1,0,0,7,1,1,6,16,0,3,0,1,6,3,26,1,0,0,5,10,8,0,1,4,1,9,0,7,16,0,4,9,2,0,8,0,2,10,2,6,0,3,10,2,0,1,0,4,0,1,2,1,2,1,0,17,3,0,7,2,2,0,0,2,1,3,1,1,0,2,0,1,5,0,0,1,0,4,0,0,0,0,0,0,0,3,0,0,4,0,0,0
zasulich_po_povodu_uprazdneniya_Marx'a.txt_chunk9,zasulich,8.635578583765112,0,10.362694300518134,0,1.7271157167530224,1.7271157167530224,3.454231433506045,18.998272884283246,1.7271157167530224,0,0,3.454231433506045,3.454231433506045,1.7271157167530224,3.454231433506045,5.181347150259067,0,1.7271157167530224,0,0,6.90846286701209,1.7271157167530224,36.269430051813465,1.7271157167530224,3.454231433506045,0,3.454231433506045,3.454231433506045,10.362694300518134,1.7271157167530224,1.7271157167530224,6.90846286701209,1.7271157167530224,3.454231433506045,0,8.635578583765112,22.452504317789295,0,6.90846286701209,13.81692573402418,12.089810017271159,0,3.454231433506045,0,0,8.635578583765112,0,10.362694300518134,0,3.454231433506045,3.454231433506045,0,0,1.7271157167530224,0,6.90846286701209,0,5.181347150259067,3.454231433506045,1.7271157167530224,3.454231433506045,5.181347150259067,1.7271157167530224,20.72538860103627,0,1.7271157167530224,10.362694300518134,6.90846286701209,0,0,6.90846286701209,0,0,0,1.7271157167530224,3.454231433506045,0,3.454231433506045,0,1.7271157167530224,1.7271157167530224,0,0,0,0,1.7271157167530224,0,0,0,0,0,0,5.181347150259067,0,3.454231433506045,1.7271157167530224,0,0,0,0
zasulich_rev_studenchestvo1_I.txt_chunk1,zasulich,4.643962848297213,0,1.5479876160990713,0,1.5479876160990713,0,0,43.343653250774,0,0,0,4.643962848297213,0,0,3.0959752321981426,3.0959752321981426,0,0,1.5479876160990713,0,1.5479876160990713,0,32.5077399380805,7.739938080495356,1.5479876160990713,0,4.643962848297213,3.0959752321981426,10.8359133126935,0,1.5479876160990713,3.0959752321981426,3.0959752321981426,3.0959752321981426,1.5479876160990713,9.287925696594426,17.02786377708978,0,0,6.191950464396285,3.0959752321981426,1.5479876160990713,0,0,1.5479876160990713,3.0959752321981426,0,9.287925696594426,0,4.643962848297213,13.93188854489164,1.5479876160990713,0,1.5479876160990713,0,1.5479876160990713,1.5479876160990713,1.5479876160990713,0,0,0,1.5479876160990713,1.5479876160990713,9.287925696594426,0,0,0,3.0959752321981426,1.5479876160990713,3.0959752321981426,0,0,1.5479876160990713,1.5479876160990713,0,0,0,3.0959752321981426,3.0959752321981426,3.0959752321981426,1.5479876160990713,0,3.0959752321981426,0,3.0959752321981426,1.5479876160990713,4.643962848297213,0,0,3.0959752321981426,0,0,0,1.5479876160990713,3.0959752321981426,0,3.0959752321981426,0,1.5479876160990713,0
zasulich_rev_studenchestvo2_I.txt_chunk1,zasulich,10,1,2,0,0,1,6,38,6,0,3,5,0,0,4,7,1,1,0,0,5,4,29,3,5,4,4,8,4,6,0,1,0,2,1,11,16,1,0,9,3,3,3,1,5,2,1,2,1,3,7,2,3,2,0,2,1,7,1,4,3,2,1,18,7,4,6,2,1,3,0,0,0,3,0,0,0,2,2,3,5,0,1,3,12,1,0,0,2,0,1,2,1,1,4,2,0,2,3,1
zasulich_rev_studenchestvo2_I.txt_chunk2,zasulich,8,0,6,2,1,3,0,34,7,0,3,9,4,2,0,6,0,3,0,2,10,3,39,8,2,2,4,3,6,6,3,2,0,1,0,2,15,1,0,5,6,2,2,2,8,3,1,3,1,3,6,2,1,1,1,4,4,7,2,7,2,1,3,13,0,1,4,1,0,1,0,0,1,3,1,0,2,3,0,2,2,0,3,0,4,0,0,0,1,3,0,2,0,1,5,4,2,5,2,4
zasulich_rev_studenchestvo2_I.txt_chunk3,zasulich,1.8518518518518519,0,20.370370370370374,0,1.8518518518518519,0,1.8518518518518519,22.22222222222222,1.8518518518518519,0,1.8518518518518519,5.555555555555555,0,5.555555555555555,5.555555555555555,3.7037037037037037,1.8518518518518519,1.8518518518518519,0,0,12.962962962962962,3.7037037037037037,37.03703703703704,3.7037037037037037,3.7037037037037037,0,7.407407407407407,9.25925925925926,5.555555555555555,1.8518518518518519,0,7.407407407407407,0,1.8518518518518519,0,11.11111111111111,18.51851851851852,0,3.7037037037037037,11.11111111111111,3.7037037037037037,1.8518518518518519,1.8518518518518519,1.8518518518518519,11.11111111111111,5.555555555555555,1.8518518518518519,5.555555555555555,1.8518518518518519,0,11.11111111111111,3.7037037037037037,0,3.7037037037037037,5.555555555555555,3.7037037037037037,1.8518518518518519,11.11111111111111,0,5.555555555555555,0,1.8518518518518519,0,12.962962962962962,1.8518518518518519,1.8518518518518519,1.8518518518518519,0,0,3.7037037037037037,0,0,1.8518518518518519,0,1.8518518518518519,0,0,7.407407407407407,0,0,1.8518518518518519,0,0,1.8518518518518519,0,0,1.8518518518518519,0,5.555555555555555,0,0,0,0,0,0,1.8518518518518519,3.7037037037037037,5.555555555555555,0,3.7037037037037037
zasulich_vystrel_Karpovicha_I.txt_chunk1,zasulich,8,0,7,0,3,1,2,23,2,1,1,10,2,0,6,3,0,3,0,1,4,4,37,4,2,1,4,9,2,2,1,1,0,1,0,11,21,2,3,6,2,2,1,2,5,1,1,4,2,3,14,0,1,3,1,4,0,7,1,2,1,8,4,16,2,1,7,1,6,1,0,3,3,0,1,6,0,2,0,1,1,0,0,2,0,0,1,3,3,0,1,1,0,1,6,1,2,0,0,0
zasulich_vystrel_Karpovicha_I.txt_chunk2,zasulich,14,2,7,2,1,5,4,24,1,2,0,7,2,0,3,9,0,5,0,1,3,3,35,2,3,1,4,5,5,1,2,6,3,4,2,9,34,1,6,8,4,1,3,1,4,2,3,12,1,2,4,1,0,3,0,3,2,5,1,5,4,0,3,8,2,2,6,2,1,2,0,1,0,0,1,0,1,2,1,0,0,0,0,4,0,0,5,0,0,0,2,4,0,0,1,0,3,0,0,0
