chunk_id,author,а,б,благодаря,больше,будет,будут,бы,была,были,было,быть,в,влияние,вместо,внимание,во,вопрос,вопроса,вопросу,вопросы,вот,вполне,время,все,всегда,всего,всем,всю,где,говорит,говорить,говорят,гораздо,деле,дело,детей,для,должен,должна,должно,должны,других,думать,его,ее,ему,если,есть,еще,же,жизни,жизнь,за,затем,знает,значит,и,идет,из,или,им,иначе,их,к,каждый,как,классов,когда,конечно,которая,которой,которую,которые,которым,которых,кто,лет,лишь,мало,между,меня,мере,мне,много,могут,может,можно,мысли,мысль,на,над,надо,не,него,нельзя,нем,необходимо,несомненно,нет,ни,нибудь,ним,них,ничего,но,новой,нужно,о,об,образом,общественного,один,одно,одного,одной,он,она,они,организации,от,отношении,отношения,очень,перед,по,под,поскольку,при,работу,раз,роль,с,сама,сами,самой,самом,свое,своего,своей,своему,свои,своим,своих,свою,себе,себя,сейчас,сказать,сколько,следует,собой,совершенно,стр,та,так,также,таким,там,тем,теории,то,того,той,только,том,тому,тот,ту,тут,у,факт,хорошо,часто,чего,человека,чем,через,что,чтобы,эта,эти,этим,это,этого,этой,этом,этому,эту,я,без,большинство,ведь,возможность,дать,делает,до,достаточно,значение,имеет,именно,иметь,истории,какой,которого,ли,либо,люди,менее,мнению,многих,например,населения,настоящее,ними,общества,оно,отношение,потому,почему,поэтому,право,развитие,раньше,самого,самое,самым,собою,совсем,степени,таких,те,тех,труд,уже,участие,этих,является,ясно,более,всех,г,д,движение,движения,демократии,другой,искры,кажется,класс,класса,который,кроме,людей,могла,могли,момент,нами,нашей,наших,одна,партии,партия,пор,после,против,пути,работа,рабочего,рабочие,развития,руки,связи,сделать,сил,социал,среди,стороны,съезда,т,условиях,цели,части,борьба,борьбе,борьбу,борьбы,власти,вместе,вовсе,вся,даже,двух,демократической,демократов,задачи,зрения,крестьян,крестьянства,лучше,место,наиболее,народа,нее,политическую,представителей,прежде,программы,путь,рабочей,рабочий,рабочих,революционной,россии,русских,русского,русской,самодержавия,силу,силы,со,страны,съезд,такой,теперь,течение,тогда,точки,труда,членов,был,весь,вообще,всей,всеми,да,два,действительно,здесь,мира,мог,несмотря,опять,особенно,остается,п,период,поводу,порядка,почти,речь,сам,слишком,таки,такие,такого,хотя,человек,1,2,виду,времени,дела,день,дня,которое,несколько,положение,приходится,путем,работы,самых,случае,условия,этот,вы,давно,мы,нас,е,женщины,ибо,наоборот,наша,общество,первых,само,своем,смысле,точно,характер,всякого,нам,слова,такое,другие,интересы,котором,следовательно,стало,стоит,года,ей,земли,землю,какие,наконец,народ,ней,пока,положения,пролетариата,русский,свой,часть,никогда,однако,производства,промышленности,буржуазии,власть,новые,права,правительство,рабочим,свобода,стран,франции,деятельности,другого,назад,политическая,политической,просто,свободы,выше,свободу,средства,далеко,капитала,никто,первый,прямо,государства,правительства,требования,будто,политические,революции,возможности,нашего,наши,революционеров,войны,интересов,меньшинства,новых,революционного,революционное,съезде,тов,буржуазной,разумеется,россия,социализма,стране,струве,демократия,классовой,маркса,масс,очевидно,политическое,социализм,тоже,массы,демократы,политических,различных,году,интеллигенции,политического,1905,буржуазия,союз,пролетариат,ленин,революция,дальше,революцию,ленина,государственной,либеральной,её,прибыли,снова,диктатуры,маркс,интернационала,перманентной,радек
krupskaya_k_voposu_o_shkole.txt_chunk1,krupskaya,3,1,2,4,1,4,4,1,2,2,3,28,1,2,1,1,1,1,3,1,1,2,1,2,1,1,1,1,3,1,1,3,3,4,4,4,3,5,1,1,1,1,1,9,2,3,8,1,3,3,3,3,1,1,1,1,34,1,2,3,4,1,2,6,3,5,1,2,4,2,2,2,1,1,1,3,1,3,1,3,1,1,1,4,1,3,1,1,2,10,1,2,20,3,1,1,1,1,1,1,4,1,4,1,8,2,1,10,1,2,1,1,2,1,2,15,1,3,2,4,2,2,4,1,5,1,1,1,3,1,4,9,1,4,1,1,1,1,1,1,1,3,2,2,2,2,1,1,2,1,2,2,1,1,2,1,1,1,3,1,6,3,3,2,2,1,2,1,3,2,1,3,1,2,1,3,1,10,6,3,1,1,6,2,5,2,2,3,5,0,0,0,0,0,0,0,0,0,0,0,0,0,0,0,0,0,0,0,0,0,0,0,0,0,0,0,0,0,0,0,0,0,0,0,0,0,0,0,0,0,0,0,0,0,0,0,0,0,0,0,0,0,0,0,0,0,0,0,0,0,0,0,0,0,0,0,0,0,0,0,0,0,0,0,0,0,0,0,0,0,0,0,0,0,0,0,0,0,0,0,0,0,0,0,0,0,0,0,0,0,0,0,0,0,0,0,0,0,0,0,0,0,0,0,0,0,0,0,0,0,0,0,0,0,0,0,0,0,0,0,0,0,0,0,0,0,0,0,0,0,0,0,0,0,0,0,0,0,0,0,0,0,0,0,0,0,0,0,0,0,0,0,0,0,0,0,0,0,0,0,0,0,0,0,0,0,0,0,0,0,0,0,0,0,0,0,0,0,0,0,0,0,0,0,0,0,0,0,0,0,0,0,0,0,0,0,0,0,0,0,0,0,0,0,0,0,0,0,0,0,0,0,0,0,0,0,0,0,0,0,0,0,0,0,0,0,0,0,0,0,0,0,0,0,0,0,0,0,0,0,0,0,0,0,0,0,0,0,0,0,0,0,0,0,0,0,0,0,0,0,0,0,0,0,0,0,0,0,0,0,0,0,0,0,0,0,0,0,0,0,0,0,0,0,0,0,0,0,0,0,0,0,0,0,0,0,0,0,0,0
krupskaya_k_voposu_o_shkole.txt_chunk2,krupskaya,3.5046728971962615,0,1.1682242990654206,0,7.009345794392523,3.5046728971962615,2.336448598130841,0,0,0,5.841121495327102,35.046728971962615,0,0,1.1682242990654206,1.1682242990654206,0,0,1.1682242990654206,1.1682242990654206,1.1682242990654206,0,2.336448598130841,7.009345794392523,0,0,0,0,3.5046728971962615,0,0,1.1682242990654206,3.5046728971962615,0,3.5046728971962615,12.850467289719626,1.1682242990654206,3.5046728971962615,0,0,2.336448598130841,1.1682242990654206,0,1.1682242990654206,1.1682242990654206,0,2.336448598130841,0,1.1682242990654206,3.5046728971962615,0,2.336448598130841,1.1682242990654206,0,1.1682242990654206,0,37.38317757009346,0,3.5046728971962615,3.5046728971962615,2.336448598130841,0,15.186915887850468,15.186915887850468,1.1682242990654206,8.177570093457943,0,0,2.336448598130841,1.1682242990654206,2.336448598130841,0,1.1682242990654206,0,1.1682242990654206,1.1682242990654206,0,3.5046728971962615,0,2.336448598130841,0,0,0,0,0,3.5046728971962615,1.1682242990654206,0,0,10.514018691588785,1.1682242990654206,3.5046728971962615,8.177570093457943,0,1.1682242990654206,1.1682242990654206,1.1682242990654206,0,0,0,2.336448598130841,1.1682242990654206,2.336448598130841,0,3.5046728971962615,0,1.1682242990654206,2.336448598130841,0,1.1682242990654206,0,1.1682242990654206,0,0,0,5.841121495327102,7.009345794392523,4.672897196261682,2.336448598130841,1.1682242990654206,4.672897196261682,0,4.672897196261682,0,5.841121495327102,0,0,3.5046728971962615,0,1.1682242990654206,0,11.682242990654204,0,0,1.1682242990654206,0,0,1.1682242990654206,0,1.1682242990654206,1.1682242990654206,1.1682242990654206,1.1682242990654206,0,2.336448598130841,1.1682242990654206,0,0,2.336448598130841,0,2.336448598130841,0,1.1682242990654206,0,1.1682242990654206,1.1682242990654206,1.1682242990654206,0,1.1682242990654206,0,5.841121495327102,3.5046728971962615,0,3.5046728971962615,0,1.1682242990654206,0,0,1.1682242990654206,2.336448598130841,0,0,1.1682242990654206,0,0,2.336448598130841,0,7.009345794392523,3.5046728971962615,1.1682242990654206,0,0,12.850467289719626,1.1682242990654206,2.336448598130841,3.5046728971962615,1.1682242990654206,1.1682242990654206,1.1682242990654206,1.1682242990654206,1.1682242990654206,1.1682242990654206,1.1682242990654206,3.5046728971962615,1.1682242990654206,1.1682242990654206,2.336448598130841,3.5046728971962615,1.1682242990654206,1.1682242990654206,1.1682242990654206,1.1682242990654206,1.1682242990654206,1.1682242990654206,1.1682242990654206,2.336448598130841,1.1682242990654206,1.1682242990654206,1.1682242990654206,1.1682242990654206,3.5046728971962615,1.1682242990654206,1.1682242990654206,1.1682242990654206,1.1682242990654206,1.1682242990654206,1.1682242990654206,2.336448598130841,1.1682242990654206,1.1682242990654206,1.1682242990654206,1.1682242990654206,1.1682242990654206,2.336448598130841,1.1682242990654206,1.1682242990654206,1.1682242990654206,1.1682242990654206,1.1682242990654206,1.1682242990654206,1.1682242990654206,1.1682242990654206,1.1682242990654206,2.336448598130841,1.1682242990654206,2.336448598130841,2.336448598130841,1.1682242990654206,0,0,0,0,0,0,0,0,0,0,0,0,0,0,0,0,0,0,0,0,0,0,0,0,0,0,0,0,0,0,0,0,0,0,0,0,0,0,0,0,0,0,0,0,0,0,0,0,0,0,0,0,0,0,0,0,0,0,0,0,0,0,0,0,0,0,0,0,0,0,0,0,0,0,0,0,0,0,0,0,0,0,0,0,0,0,0,0,0,0,0,0,0,0,0,0,0,0,0,0,0,0,0,0,0,0,0,0,0,0,0,0,0,0,0,0,0,0,0,0,0,0,0,0,0,0,0,0,0,0,0,0,0,0,0,0,0,0,0,0,0,0,0,0,0,0,0,0,0,0,0,0,0,0,0,0,0,0,0,0,0,0,0,0,0,0,0,0,0,0,0,0,0,0,0,0,0,0,0,0,0,0,0,0,0,0,0,0,0,0,0,0,0,0,0,0,0,0,0,0,0,0,0,0,0,0,0,0,0,0,0,0,0,0,0,0,0,0,0,0,0,0,0,0,0,0,0,0,0,0,0,0,0,0,0,0,0,0,0,0,0,0,0,0,0,0,0,0,0,0,0,0,0,0,0,0,0,0,0,0,0,0
krupskaya_merged__iskre.txt_hihsya.txt_chenie.txt,krupskaya,7.278020378457059,0,0,0,5.822416302765648,0,8.73362445414847,1.455604075691412,0,1.455604075691412,2.911208151382824,26.200873362445414,1.455604075691412,0,0,1.455604075691412,0,4.366812227074235,0,1.455604075691412,0,0,1.455604075691412,5.822416302765648,0,1.455604075691412,0,0,0,0,0,0,1.455604075691412,0,2.911208151382824,0,1.455604075691412,0,1.455604075691412,0,0,0,0,1.455604075691412,8.73362445414847,0,1.455604075691412,1.455604075691412,1.455604075691412,2.911208151382824,1.455604075691412,0,5.822416302765648,0,0,0,36.390101892285294,8.73362445414847,4.366812227074235,0,4.366812227074235,0,2.911208151382824,8.73362445414847,1.455604075691412,14.556040756914118,0,1.455604075691412,4.366812227074235,0,0,2.911208151382824,0,0,0,1.455604075691412,0,1.455604075691412,0,1.455604075691412,0,0,1.455604075691412,0,1.455604075691412,2.911208151382824,1.455604075691412,0,1.455604075691412,13.100436681222707,0,7.278020378457059,5.822416302765648,1.455604075691412,0,0,0,0,0,0,0,0,0,0,4.366812227074235,0,1.455604075691412,2.911208151382824,0,0,0,0,0,0,0,11.644832605531295,1.455604075691412,4.366812227074235,1.455604075691412,1.455604075691412,0,0,0,0,5.822416302765648,0,1.455604075691412,1.455604075691412,0,0,1.455604075691412,23.28966521106259,0,0,0,1.455604075691412,0,0,0,0,2.911208151382824,1.455604075691412,0,1.455604075691412,0,0,0,0,0,0,0,0,0,0,4.366812227074235,1.455604075691412,1.455604075691412,1.455604075691412,1.455604075691412,0,0,2.911208151382824,1.455604075691412,4.366812227074235,0,0,1.455604075691412,0,0,0,0,0,1.455604075691412,0,0,1.455604075691412,0,4.366812227074235,4.366812227074235,0,2.911208151382824,1.455604075691412,5.822416302765648,4.366812227074235,1.455604075691412,2.911208151382824,0,0,2.911208151382824,2.911208151382824,0,0,1.455604075691412,1.455604075691412,0,1.455604075691412,0,0,0,0,0,0,0,0,0,0,0,0,0,0,0,0,0,0,1.455604075691412,0,0,0,0,0,0,0,0,0,0,0,0,0,0,1.455604075691412,1.455604075691412,0,0,1.455604075691412,1.455604075691412,1.455604075691412,0,1.455604075691412,1.455604075691412,1.455604075691412,1.455604075691412,4.366812227074235,1.455604075691412,1.455604075691412,1.455604075691412,1.455604075691412,7.278020378457059,1.455604075691412,1.455604075691412,1.455604075691412,1.455604075691412,4.366812227074235,1.455604075691412,1.455604075691412,1.455604075691412,1.455604075691412,1.455604075691412,1.455604075691412,1.455604075691412,1.455604075691412,1.455604075691412,1.455604075691412,1.455604075691412,1.455604075691412,1.455604075691412,2.911208151382824,1.455604075691412,2.911208151382824,1.455604075691412,1.455604075691412,1.455604075691412,4.366812227074235,1.455604075691412,2.911208151382824,1.455604075691412,1.455604075691412,1.455604075691412,1.455604075691412,1.455604075691412,2.911208151382824,1.455604075691412,1.455604075691412,0,0,0,0,0,0,0,0,0,0,0,0,0,0,0,0,0,0,0,0,0,0,0,0,0,0,0,0,0,0,0,0,0,0,0,0,0,0,0,0,0,0,0,0,0,0,0,0,0,0,0,0,0,0,0,0,0,0,0,0,0,0,0,0,0,0,0,0,0,0,0,0,0,0,0,0,0,0,0,0,0,0,0,0,0,0,0,0,0,0,0,0,0,0,0,0,0,0,0,0,0,0,0,0,0,0,0,0,0,0,0,0,0,0,0,0,0,0,0,0,0,0,0,0,0,0,0,0,0,0,0,0,0,0,0,0,0,0,0,0,0,0,0,0,0,0,0,0,0,0,0,0,0,0,0,0,0,0,0,0,0,0,0,0,0,0,0,0,0,0,0,0,0,0,0,0,0,0,0,0,0,0,0,0,0,0,0,0,0,0,0,0,0,0,0,0,0,0,0,0,0,0,0,0,0,0,0,0,0,0,0,0,0,0,0,0,0,0
krupskaya_o_staroy_iskre.txt_chunk1,krupskaya,2,0,1,2,2,1,8,5,2,2,0,34,2,0,0,1,0,0,0,2,0,0,1,6,0,3,0,1,0,0,0,0,0,1,0,0,3,2,0,0,1,0,0,1,3,1,4,1,1,1,0,0,12,0,0,0,20,0,6,0,0,0,2,7,0,5,0,1,0,5,0,1,1,0,0,0,2,0,0,0,0,0,0,0,0,1,0,0,0,10,0,2,16,0,1,0,1,0,0,0,0,2,1,0,4,0,0,5,1,0,0,0,0,0,0,6,6,5,1,1,1,0,0,0,7,0,0,1,1,0,1,22,0,0,0,0,0,0,3,0,0,1,0,0,1,2,0,0,0,0,0,2,0,1,0,0,0,1,0,0,1,0,1,2,6,0,0,0,1,1,0,0,0,0,0,1,0,9,1,1,0,0,0,2,1,0,0,2,0,3,0,0,1,0,0,1,0,1,0,2,0,0,0,0,1,0,0,3,1,0,0,0,0,0,0,0,0,0,0,0,0,0,0,0,0,0,0,0,0,0,0,0,0,0,0,0,0,0,0,3,1,2,0,2,2,0,11,0,3,6,0,0,0,0,0,0,0,0,0,0,5,0,0,2,1,0,1,8,0,0,0,2,0,0,4,0,0,0,0,0,1,0,2,1,10,9,1,3,1,1,1,2,2,1,1,2,2,4,1,1,3,1,1,1,1,3,1,2,2,4,10,1,7,3,2,1,1,1,2,1,3,2,1,1,1,1,1,3,1,0,0,0,0,0,0,0,0,0,0,0,0,0,0,0,0,0,0,0,0,0,0,0,0,0,0,0,0,0,0,0,0,0,0,0,0,0,0,0,0,0,0,0,0,0,0,0,0,0,0,0,0,0,0,0,0,0,0,0,0,0,0,0,0,0,0,0,0,0,0,0,0,0,0,0,0,0,0,0,0,0,0,0,0,0,0,0,0,0,0,0,0,0,0,0,0,0,0,0,0,0,0,0,0,0,0,0,0,0,0,0,0,0,0,0,0,0,0,0,0,0,0,0,0,0,0,0,0,0,0,0,0,0,0,0,0,0,0,0,0,0,0,0,0,0,0,0,0,0,0,0,0,0,0,0,0,0,0,0,0,0,0,0,0,0,0,0,0,0,0,0
krupskaya_samoubiystva_uchashihsya.txt_chunk1,krupskaya,8,0,1,0,0,2,2,0,3,2,0,45,3,0,0,1,3,0,0,1,1,0,4,2,0,1,1,0,0,1,2,1,0,0,0,5,3,1,0,0,0,0,0,4,5,2,3,0,2,4,5,4,5,0,1,0,28,2,3,5,0,0,6,5,0,9,0,3,3,1,0,0,0,0,1,0,0,5,1,0,0,0,0,0,0,2,0,0,0,15,1,3,26,2,2,0,1,0,1,1,1,0,2,0,5,1,0,7,1,0,0,2,0,0,0,2,3,1,0,2,2,0,0,0,7,0,0,0,1,0,2,12,4,0,0,0,0,0,0,0,0,0,0,0,5,2,0,2,0,0,0,4,0,0,8,0,0,0,1,1,9,1,1,5,4,0,0,0,0,1,1,1,1,0,0,1,0,23,5,0,1,1,5,0,1,2,0,0,0,0,0,2,0,0,0,3,1,0,0,0,0,0,1,0,2,2,1,0,1,0,0,0,0,1,0,0,0,4,4,0,0,0,0,0,0,0,0,0,0,1,0,0,1,0,0,0,0,0,3,1,6,0,0,0,0,0,0,0,0,0,0,1,0,0,0,0,0,0,1,1,0,0,0,0,0,0,0,0,0,0,0,0,0,0,0,3,1,0,1,0,0,0,0,1,0,0,0,0,0,0,0,0,0,0,0,1,0,0,0,0,0,0,0,0,0,0,1,0,0,0,0,0,0,0,0,0,0,0,0,3,0,0,1,0,0,0,1,0,0,1,1,1,1,1,1,1,1,1,1,1,1,1,1,3,1,2,1,1,1,2,2,1,1,1,2,1,1,0,0,0,0,0,0,0,0,0,0,0,0,0,0,0,0,0,0,0,0,0,0,0,0,0,0,0,0,0,0,0,0,0,0,0,0,0,0,0,0,0,0,0,0,0,0,0,0,0,0,0,0,0,0,0,0,0,0,0,0,0,0,0,0,0,0,0,0,0,0,0,0,0,0,0,0,0,0,0,0,0,0,0,0,0,0,0,0,0,0,0,0,0,0,0,0,0,0,0,0,0,0,0,0,0,0,0,0,0,0,0,0,0,0,0,0,0,0,0,0,0,0,0,0,0,0,0,0,0,0,0,0,0,0,0,0,0,0,0,0,0,0,0
krupskaya_samoubiystva_uchashihsya.txt_chunk2,krupskaya,7,0,1,0,4,0,3,0,0,0,12,28,0,0,0,2,0,0,0,0,0,0,1,6,1,1,0,0,1,1,1,0,0,1,1,3,1,9,2,2,0,1,1,9,1,6,0,0,0,1,6,4,3,0,2,0,35,0,1,4,1,1,4,10,1,5,0,1,1,2,0,0,1,0,0,1,1,2,2,3,0,0,0,0,1,4,0,1,0,10,1,6,14,3,0,0,1,0,1,1,1,0,1,0,8,0,1,9,1,0,0,0,2,1,0,12,3,2,1,5,2,1,0,0,4,1,0,2,1,1,1,21,0,0,1,0,0,1,0,0,3,0,3,0,5,1,2,0,0,0,1,2,0,0,3,1,0,0,4,0,3,2,1,8,1,2,1,0,0,2,0,0,2,0,1,0,0,7,7,0,0,3,7,2,1,4,0,0,0,0,0,2,2,1,1,0,0,0,1,0,1,0,2,0,0,1,0,2,0,0,0,0,0,2,1,0,0,1,0,0,0,0,0,1,0,0,0,0,0,0,0,0,6,1,0,0,0,1,2,0,0,0,0,0,0,1,0,0,1,0,1,0,5,0,0,0,0,0,0,0,0,0,0,0,0,0,0,0,0,1,0,0,2,2,0,2,0,0,0,0,0,0,0,0,1,0,0,1,0,0,0,0,0,0,0,0,0,0,1,2,0,0,0,0,0,0,0,0,0,0,0,0,0,0,0,0,0,0,1,0,0,0,1,1,0,0,0,1,0,0,1,0,0,0,0,1,0,0,0,1,0,0,1,0,0,0,0,0,1,0,0,0,0,0,1,1,2,1,1,2,1,2,1,1,2,1,1,1,1,1,1,4,1,2,0,0,0,0,0,0,0,0,0,0,0,0,0,0,0,0,0,0,0,0,0,0,0,0,0,0,0,0,0,0,0,0,0,0,0,0,0,0,0,0,0,0,0,0,0,0,0,0,0,0,0,0,0,0,0,0,0,0,0,0,0,0,0,0,0,0,0,0,0,0,0,0,0,0,0,0,0,0,0,0,0,0,0,0,0,0,0,0,0,0,0,0,0,0,0,0,0,0,0,0,0,0,0,0,0,0,0,0,0,0,0,0,0,0,0,0,0,0,0,0,0,0,0,0,0,0
krupskaya_shkolnie_kolonii.txt_chunk1,krupskaya,6.443298969072164,0,0,0,0,0,19.329896907216497,0,0,1.288659793814433,0,38.659793814432994,0,0,0,0,0,0,0,0,0,0,1.288659793814433,2.577319587628866,0,0,0,1.288659793814433,1.288659793814433,0,1.288659793814433,0,0,0,2.577319587628866,10.309278350515465,18.04123711340206,1.288659793814433,2.577319587628866,0,1.288659793814433,0,0,0,0,0,2.577319587628866,0,1.288659793814433,5.154639175257732,1.288659793814433,1.288659793814433,5.154639175257732,0,1.288659793814433,0,45.103092783505154,0,2.577319587628866,0,0,0,3.865979381443299,0,1.288659793814433,3.865979381443299,0,0,0,0,0,0,1.288659793814433,0,2.577319587628866,1.288659793814433,0,3.865979381443299,2.577319587628866,1.288659793814433,0,1.288659793814433,0,0,2.577319587628866,0,1.288659793814433,0,0,10.309278350515465,0,1.288659793814433,16.75257731958763,0,0,0,0,0,2.577319587628866,0,1.288659793814433,0,3.865979381443299,0,10.309278350515465,0,2.577319587628866,3.865979381443299,2.577319587628866,1.288659793814433,0,0,0,0,1.288659793814433,0,1.288659793814433,3.865979381443299,0,1.288659793814433,1.288659793814433,0,0,0,5.154639175257732,1.288659793814433,0,2.577319587628866,0,1.288659793814433,0,9.02061855670103,0,0,0,1.288659793814433,0,1.288659793814433,0,1.288659793814433,1.288659793814433,1.288659793814433,1.288659793814433,0,0,5.154639175257732,0,0,2.577319587628866,0,0,0,0,0,2.577319587628866,0,1.288659793814433,5.154639175257732,0,0,2.577319587628866,2.577319587628866,0,5.154639175257732,0,0,0,0,0,3.865979381443299,0,0,0,0,0,1.288659793814433,0,3.865979381443299,1.288659793814433,0,1.288659793814433,0,2.577319587628866,1.288659793814433,0,3.865979381443299,0,0,0,0,0,0,2.577319587628866,3.865979381443299,0,2.577319587628866,0,0,0,0,2.577319587628866,0,0,0,3.865979381443299,0,1.288659793814433,0,0,0,2.577319587628866,5.154639175257732,0,0,1.288659793814433,2.577319587628866,0,1.288659793814433,0,0,0,0,0,0,0,0,0,1.288659793814433,0,2.577319587628866,0,0,0,1.288659793814433,0,0,0,0,1.288659793814433,1.288659793814433,0,1.288659793814433,0,0,0,1.288659793814433,0,0,0,0,1.288659793814433,0,1.288659793814433,0,0,0,0,0,0,0,0,0,1.288659793814433,0,0,0,0,2.577319587628866,0,0,0,0,0,0,0,3.865979381443299,2.577319587628866,0,2.577319587628866,1.288659793814433,0,0,0,1.288659793814433,0,0,0,0,0,2.577319587628866,2.577319587628866,0,0,0,0,0,0,0,2.577319587628866,1.288659793814433,0,0,0,0,0,0,0,0,0,0,1.288659793814433,0,0,0,0,0,0,0,0,0,0,0,0,0,0,0,0,0,0,0,1.288659793814433,0,0,0,0,0,0,5.154639175257732,0,0,0,0,0,0,1.288659793814433,0,0,0,2.577319587628866,0,0,0,0,0,1.288659793814433,5.154639175257732,0,0,0,0,0,0,1.288659793814433,0,0,1.288659793814433,0,0,0,0,1.288659793814433,0,1.288659793814433,0,3.865979381443299,1.288659793814433,2.577319587628866,2.577319587628866,0,0,0,0,0,0,0,0,0,0,0,0,0,0,0,0,0,0,0,0,0,0,0,0,0,0,0,0,0,0,0,0,0,0,0,0,0,0,0,0,0,0,0,0,0,0,0,0,0,0,0,0,0,0,0,0,0,0,0,0,0,0,0,0,0,0,0,0,0,0,0,0,0,0,0,0,0,0,0,0,0,0,0,0,0,0,0,0,0,0,0,0,0,0,0,0,0,0,0,0,0,0,0,0,0,0,0,0,0,0,0,0,0,0,0,0,0,0,0,0,0,0
krupskaya_sovmestnoe_obuchenie.txt_chunk1,krupskaya,5,0,0,1,3,1,1,0,0,1,3,26,2,0,0,0,12,2,1,3,2,0,0,1,1,3,0,0,2,2,2,0,0,1,1,1,2,0,1,0,1,0,1,4,1,1,3,1,0,2,2,3,1,1,0,2,43,2,1,5,0,0,3,7,0,7,0,2,2,0,0,2,1,1,0,0,0,1,0,12,0,0,0,0,1,5,0,0,1,23,0,5,14,0,1,0,1,0,0,0,2,0,2,0,0,0,0,9,1,5,0,0,0,0,0,1,1,1,0,2,1,3,2,1,3,1,0,5,0,0,1,8,0,0,2,1,0,1,0,0,0,0,1,0,1,0,0,0,3,1,2,4,0,1,8,1,0,0,1,0,8,1,1,0,1,1,1,0,0,2,2,0,0,0,1,3,2,11,3,1,4,1,2,0,1,2,0,1,0,1,0,1,0,0,0,1,0,4,1,0,0,0,0,0,6,1,1,0,1,0,0,0,0,0,2,1,3,1,0,1,0,0,0,0,0,2,0,0,1,0,0,1,0,5,0,0,3,1,3,0,7,0,0,0,0,0,0,0,0,1,0,0,0,0,0,0,0,0,0,0,0,0,1,0,0,0,3,0,0,2,0,0,1,1,0,1,0,0,1,0,1,1,0,0,1,0,0,0,0,0,2,0,0,0,2,2,0,0,1,1,0,0,0,0,0,2,0,0,0,0,0,0,0,0,0,0,0,0,0,0,0,0,1,0,2,0,1,0,0,0,1,0,0,0,1,0,0,0,0,0,0,1,0,0,0,0,0,0,0,0,0,0,1,0,1,0,0,0,0,0,0,0,0,0,1,0,0,0,1,1,1,0,1,3,0,0,4,0,1,1,2,1,1,2,1,1,1,1,1,1,0,0,0,0,0,0,0,0,0,0,0,0,0,0,0,0,0,0,0,0,0,0,0,0,0,0,0,0,0,0,0,0,0,0,0,0,0,0,0,0,0,0,0,0,0,0,0,0,0,0,0,0,0,0,0,0,0,0,0,0,0,0,0,0,0,0,0,0,0,0,0,0,0,0,0,0,0,0,0,0,0,0,0,0,0,0,0,0,0,0,0,0,0,0,0,0,0,0,0,0,0,0,0,0,0,0,0,0,0,0
krupskaya_sovmestnoe_obuchenie.txt_chunk2,krupskaya,9,0,0,0,5,0,6,0,0,0,6,29,2,0,0,4,3,2,1,0,2,2,0,5,0,1,0,0,3,1,0,0,0,0,1,7,2,0,0,0,0,1,0,6,3,1,1,0,1,2,2,0,2,2,0,0,39,1,5,5,1,0,4,10,0,9,0,2,0,0,1,1,0,0,0,0,0,0,1,1,0,0,0,4,0,8,2,0,2,15,2,9,18,1,0,0,0,0,2,0,0,0,2,2,9,0,0,5,2,2,0,0,0,0,0,11,3,2,0,5,1,3,3,0,2,0,0,5,0,0,1,9,0,0,0,0,0,0,1,0,0,0,2,1,2,1,0,0,2,3,0,1,0,0,2,1,0,0,2,0,6,1,1,4,0,0,0,0,0,1,0,1,1,0,2,2,0,14,3,0,2,0,5,5,2,4,0,3,0,0,0,2,0,1,2,0,0,0,1,0,0,0,3,2,7,1,0,0,0,0,1,0,0,1,0,0,0,0,0,1,1,0,0,1,1,1,0,0,0,1,0,0,0,1,0,4,1,0,0,2,6,0,0,0,0,0,0,0,0,0,1,0,1,0,0,0,0,0,0,0,0,0,0,0,1,0,0,0,0,1,0,0,2,1,0,0,0,0,3,0,0,0,0,0,0,0,0,2,0,0,0,0,0,0,1,0,0,0,0,0,0,0,1,0,0,1,0,0,0,0,0,0,0,0,0,0,0,1,0,0,0,0,3,0,0,1,0,0,0,1,0,3,0,0,1,0,0,0,0,0,0,0,0,0,3,0,0,0,0,0,0,1,0,1,1,1,0,0,0,0,0,0,0,0,0,0,0,2,0,0,0,0,0,0,0,0,0,0,0,0,0,0,0,0,1,0,0,2,0,0,1,1,2,1,0,0,0,0,0,0,0,0,0,0,0,0,0,0,0,0,0,0,0,0,0,0,0,0,0,0,0,0,0,0,0,0,0,0,0,0,0,0,0,0,0,0,0,0,0,0,0,0,0,0,0,0,0,0,0,0,0,0,0,0,0,0,0,0,0,0,0,0,0,0,0,0,0,0,0,0,0,0,0,0,0,0,0,0,0,0,0,0,0,0,0,0,0,0,0,0,0,0,0,0,0,0,0,0,0,0
krupskaya_sovmestnoe_obuchenie.txt_chunk3,krupskaya,5,0,0,2,0,1,3,0,0,1,3,36,0,0,2,1,4,1,0,0,0,3,0,1,1,1,0,1,3,3,2,1,1,0,1,1,3,0,2,0,0,1,0,4,1,1,3,0,2,3,2,2,3,0,0,1,27,0,2,5,1,0,2,6,0,7,0,3,2,0,3,0,2,0,2,0,0,3,1,1,0,1,2,2,3,5,0,0,0,8,0,3,16,1,2,3,2,0,2,0,2,0,0,2,8,0,0,10,1,1,0,0,1,0,0,7,2,4,0,3,4,1,0,0,2,0,1,2,0,2,0,12,0,0,0,0,0,1,1,0,1,0,0,1,0,0,0,0,1,2,1,1,0,0,4,0,0,0,1,0,2,5,2,1,2,1,0,0,0,6,0,0,3,0,1,6,0,17,5,2,2,1,2,1,1,2,0,0,7,1,0,0,0,0,0,0,1,2,2,1,1,0,0,0,3,1,2,1,0,2,2,0,0,0,1,1,0,2,0,0,0,1,0,0,0,1,0,0,0,1,3,1,1,1,0,1,0,0,1,0,2,0,0,0,0,0,0,0,0,0,0,2,0,0,1,0,1,0,0,0,0,0,0,0,2,0,0,0,0,0,0,1,0,0,0,0,0,0,1,0,0,0,0,0,0,1,0,3,1,0,2,0,0,0,0,3,0,0,1,2,0,0,0,0,0,0,0,0,0,0,0,0,0,0,0,0,0,1,0,0,0,0,0,0,1,2,3,0,0,1,1,0,0,0,0,0,0,2,0,1,0,0,1,0,1,0,0,0,0,0,0,0,0,0,0,2,0,0,0,1,0,0,0,0,1,1,0,0,0,0,0,2,0,2,0,0,1,0,0,0,0,1,0,0,0,0,0,0,1,0,1,0,0,1,1,1,1,1,1,2,0,0,0,0,0,0,0,0,0,0,0,0,0,0,0,0,0,0,0,0,0,0,0,0,0,0,0,0,0,0,0,0,0,0,0,0,0,0,0,0,0,0,0,0,0,0,0,0,0,0,0,0,0,0,0,0,0,0,0,0,0,0,0,0,0,0,0,0,0,0,0,0,0,0,0,0,0,0,0,0,0,0,0,0,0,0,0,0,0,0,0,0,0,0,0,0,0,0,0,0
krupskaya_zhenshina_rabotnitsa.txt_chunk1,krupskaya,5,0,0,5,0,0,1,0,0,0,0,39,0,0,0,1,0,0,0,0,1,1,0,0,0,0,0,2,3,1,1,0,0,1,1,0,2,1,0,0,0,2,1,3,5,2,1,2,4,3,0,4,4,0,1,0,36,2,5,2,0,0,1,1,1,7,0,0,0,0,0,0,2,0,0,1,2,2,0,1,0,0,0,0,0,1,1,0,0,24,1,0,14,0,0,0,0,0,1,3,0,0,0,0,0,0,2,1,2,0,0,1,0,0,0,5,6,0,0,7,0,0,1,0,3,0,0,0,1,0,0,10,1,0,0,0,0,2,0,1,0,0,1,3,1,2,0,0,0,1,1,0,0,1,2,0,0,1,1,0,3,2,0,6,1,0,0,0,0,6,0,1,1,0,0,3,0,11,2,0,2,0,1,1,3,1,0,0,0,1,0,0,0,0,0,0,0,0,0,0,0,0,0,0,3,1,0,1,0,1,2,0,0,0,0,0,0,2,0,0,0,0,0,1,0,0,0,1,0,1,2,1,1,0,1,2,0,0,0,1,0,0,0,0,0,0,0,0,0,5,0,1,1,1,0,0,0,1,0,1,0,0,0,0,0,0,1,4,0,0,0,0,0,0,0,0,0,0,3,0,0,0,0,0,0,0,0,1,0,1,0,0,0,0,0,0,1,0,1,0,0,0,1,0,0,1,0,0,0,0,1,0,1,0,0,0,0,0,1,0,0,0,1,1,0,0,0,0,0,0,1,0,0,0,5,1,1,0,0,0,0,1,3,1,2,0,0,0,1,1,1,0,1,0,0,1,0,0,0,0,0,0,4,2,0,0,5,5,0,4,0,0,0,0,1,0,4,1,1,9,0,0,0,0,0,0,0,0,0,0,0,0,0,0,1,0,0,0,0,0,1,1,2,1,1,1,2,1,1,2,2,1,2,1,0,0,0,0,0,0,0,0,0,0,0,0,0,0,0,0,0,0,0,0,0,0,0,0,0,0,0,0,0,0,0,0,0,0,0,0,0,0,0,0,0,0,0,0,0,0,0,0,0,0,0,0,0,0,0,0,0,0,0,0,0,0,0,0,0,0,0,0,0,0,0,0,0,0,0,0,0,0,0,0,0,0,0,0,0,0
krupskaya_zhenshina_rabotnitsa.txt_chunk2,krupskaya,7,0,0,1,1,0,1,0,0,0,0,49,0,0,0,2,0,0,0,0,1,0,6,3,0,1,0,1,6,0,0,0,0,0,0,0,2,0,1,0,0,0,0,2,3,0,3,1,4,8,0,0,4,0,0,0,43,0,0,3,1,0,2,4,0,8,0,1,0,1,1,0,0,0,0,0,2,4,0,1,0,0,0,0,0,3,0,0,0,23,1,2,14,0,1,0,0,0,3,1,0,2,2,0,7,0,0,2,0,0,0,1,1,0,1,3,7,3,0,4,0,0,2,0,3,0,0,2,2,0,0,11,0,1,0,0,0,1,0,0,1,0,0,1,1,3,0,0,3,0,0,1,0,0,6,0,0,3,1,0,6,0,0,3,0,1,1,0,1,4,0,0,1,0,1,5,0,13,5,1,0,0,2,1,0,0,0,0,0,0,1,0,0,0,0,4,0,0,0,0,0,0,0,0,1,0,0,0,0,2,3,0,1,0,1,0,0,1,0,1,0,0,0,0,1,0,0,0,0,1,0,2,4,2,1,2,2,0,3,1,2,0,0,0,0,0,0,0,2,2,0,1,0,0,0,0,0,0,0,0,0,0,1,0,0,0,6,3,0,0,0,0,0,1,0,0,0,0,0,1,0,0,0,0,0,0,0,0,1,1,1,0,0,0,0,0,0,0,2,0,0,1,1,0,0,0,0,0,0,3,0,0,1,0,0,0,0,1,0,1,0,0,1,0,0,0,0,1,0,0,0,0,0,0,1,0,0,0,0,0,0,0,1,1,0,0,0,0,0,0,0,0,0,0,0,2,1,3,3,0,0,0,2,2,1,0,3,4,1,1,0,0,1,2,0,0,0,0,0,9,0,0,0,0,0,0,1,0,0,0,0,0,0,0,0,1,1,0,0,0,0,1,0,0,0,0,0,0,0,0,0,0,0,0,1,1,2,1,0,0,0,0,0,0,0,0,0,0,0,0,0,0,0,0,0,0,0,0,0,0,0,0,0,0,0,0,0,0,0,0,0,0,0,0,0,0,0,0,0,0,0,0,0,0,0,0,0,0,0,0,0,0,0,0,0,0,0,0,0,0,0,0,0,0,0,0,0,0,0,0,0,0,0,0,0,0,0,0,0,0
krupskaya_zhenshina_rabotnitsa.txt_chunk3,krupskaya,9,0,0,1,13,6,1,0,0,5,1,20,0,0,0,3,0,0,0,0,1,0,1,13,2,1,0,0,1,0,0,0,0,0,5,1,4,0,0,0,1,2,1,2,1,2,0,2,0,2,0,1,10,0,0,0,30,1,4,1,9,0,8,1,3,10,2,2,0,1,1,0,3,0,0,2,0,2,0,2,0,0,0,1,0,1,0,1,0,18,2,1,24,3,0,0,0,0,1,8,1,0,4,0,5,0,0,11,0,0,0,1,0,1,0,4,1,13,0,5,0,0,0,1,4,1,0,1,0,0,0,5,0,1,0,0,0,1,2,0,4,1,2,1,2,4,0,0,0,0,0,1,0,0,6,1,0,0,4,0,1,4,0,2,4,0,1,0,0,4,0,2,0,1,1,4,0,17,16,0,1,0,6,1,1,0,0,0,0,2,0,0,0,0,0,0,1,0,0,0,0,0,0,0,0,0,2,0,0,0,0,1,0,0,1,2,0,2,0,0,0,0,0,0,0,0,1,0,0,0,1,1,4,1,0,0,0,0,0,6,1,0,0,0,0,0,0,0,1,0,1,1,1,0,0,0,0,0,0,0,1,0,1,0,1,0,1,2,10,0,1,0,2,0,0,2,1,0,0,0,0,0,0,0,1,1,0,1,1,1,0,0,0,0,0,0,0,0,0,0,0,0,0,0,0,0,0,0,1,2,11,0,0,0,0,0,0,2,1,0,0,0,1,5,0,1,0,2,0,0,0,0,0,1,0,0,0,0,0,2,0,0,1,0,0,0,0,1,0,0,0,0,0,0,1,0,1,0,0,0,1,1,0,1,1,0,0,2,0,2,0,0,0,0,0,0,0,0,0,1,0,0,0,4,0,2,0,0,0,0,0,0,3,0,0,2,0,0,0,0,0,1,3,0,1,0,2,0,0,0,0,0,1,2,1,0,0,0,1,1,1,3,1,3,2,2,1,0,0,0,0,0,0,0,0,0,0,0,0,0,0,0,0,0,0,0,0,0,0,0,0,0,0,0,0,0,0,0,0,0,0,0,0,0,0,0,0,0,0,0,0,0,0,0,0,0,0,0,0,0,0,0,0,0,0,0,0,0,0,0,0,0,0,0,0,0,0,0,0,0
krupskaya_zhenshina_rabotnitsa.txt_chunk4,krupskaya,2,0,0,2,4,6,3,2,0,1,0,41,0,0,1,4,0,0,0,0,1,1,2,7,1,0,1,0,1,0,0,1,2,3,6,0,1,0,2,0,0,0,0,2,4,3,4,2,1,3,0,0,12,0,2,0,37,0,2,1,3,0,5,5,0,8,0,1,2,2,0,0,1,0,0,0,1,1,2,1,0,1,0,0,3,1,0,0,0,20,0,0,22,0,0,0,1,0,2,3,0,1,0,1,6,0,0,3,1,0,0,0,0,0,0,3,17,7,0,6,0,0,3,0,5,0,0,1,2,0,0,8,0,2,0,0,0,1,1,0,1,0,3,0,2,0,0,0,0,1,0,2,0,0,2,1,0,1,1,0,4,2,0,6,0,0,0,0,2,0,1,0,4,1,1,3,1,18,6,0,0,0,4,1,0,0,0,0,0,4,1,0,1,1,0,2,0,0,1,0,0,0,0,1,2,0,1,0,0,1,1,0,1,0,0,0,0,1,0,2,1,0,0,0,0,0,0,1,0,0,1,2,0,4,6,0,1,0,0,4,2,0,3,0,0,0,0,0,0,1,0,2,0,0,1,0,0,0,0,0,1,0,1,0,0,0,0,2,12,0,0,0,0,0,0,0,0,0,0,0,1,0,2,5,2,1,0,0,0,0,1,0,0,0,0,0,0,0,2,0,1,1,0,0,2,0,0,0,1,0,2,0,6,0,0,0,0,0,0,0,0,0,3,0,0,1,0,0,0,0,1,0,0,1,2,0,0,0,0,0,0,1,0,0,0,0,0,1,1,0,0,0,1,1,0,0,0,0,0,0,0,0,0,0,2,1,4,0,0,1,1,1,0,0,0,0,0,0,0,9,0,0,0,1,0,0,0,0,0,0,0,0,0,1,1,2,0,0,0,0,0,2,0,0,0,0,0,1,2,0,0,0,0,0,1,0,0,0,0,0,0,1,0,2,1,1,0,1,1,1,1,3,1,3,0,0,0,0,0,0,0,0,0,0,0,0,0,0,0,0,0,0,0,0,0,0,0,0,0,0,0,0,0,0,0,0,0,0,0,0,0,0,0,0,0,0,0,0,0,0,0,0,0,0,0,0,0,0,0,0,0,0,0,0,0,0,0,0,0,0
krupskaya_zhenshina_rabotnitsa.txt_chunk5,krupskaya,7,0,1,2,0,0,0,1,2,2,4,35,0,0,0,2,0,0,0,1,2,1,0,5,1,0,0,0,7,0,0,1,1,0,3,0,3,0,1,0,0,0,0,3,7,1,4,0,3,9,0,0,2,0,0,0,41,0,1,3,2,1,3,4,1,8,0,2,0,1,1,0,0,2,0,2,1,3,2,3,0,0,0,0,1,8,0,0,0,20,0,2,23,0,1,0,0,0,2,3,0,0,1,0,3,0,0,3,0,2,0,0,0,0,1,2,12,5,0,7,0,0,1,0,8,1,0,6,1,0,0,9,4,1,0,0,0,0,0,1,0,1,0,1,2,6,0,0,0,0,0,2,0,0,3,1,1,3,1,0,4,2,1,2,2,1,1,0,2,1,0,0,0,0,0,5,0,16,1,0,2,0,6,1,0,0,0,1,0,2,0,1,0,0,1,0,0,1,1,0,0,0,1,0,2,0,1,0,0,0,1,0,0,0,0,0,0,2,3,0,2,0,0,0,0,0,0,0,0,0,0,6,2,0,1,0,1,0,2,2,1,0,0,0,0,0,0,0,0,0,1,1,0,0,0,0,0,0,0,0,0,0,0,1,0,0,2,0,5,0,0,2,1,0,0,3,0,0,3,1,0,0,0,0,0,0,1,0,0,0,1,0,0,0,0,0,1,0,0,0,0,0,3,0,0,0,0,1,0,0,4,0,0,0,0,0,0,1,0,0,0,0,2,0,0,0,0,0,0,0,0,0,0,0,2,0,0,0,0,0,0,0,0,2,2,0,0,0,0,0,0,1,0,0,0,1,0,0,0,0,0,0,0,0,1,0,1,1,0,2,0,1,0,2,0,0,3,0,1,7,0,0,0,0,1,0,0,0,0,0,0,0,0,1,1,0,0,0,0,0,0,4,0,0,0,0,0,2,1,0,0,0,3,0,1,0,0,4,0,0,0,0,0,0,1,0,0,0,1,0,0,0,0,0,0,0,0,0,0,0,0,0,0,0,0,0,0,0,0,0,0,0,0,0,0,0,0,0,0,0,0,0,0,0,0,0,0,0,0,0,0,0,0,0,0,0,0,0,0,0,0,0,0,0,0,0,0,0,0,0,0,0,0,0,0,0,0,0,0,0
krupskaya_zhenshina_rabotnitsa.txt_chunk6,krupskaya,6,0,0,1,2,5,5,0,0,1,2,41,0,0,0,1,0,0,0,0,1,0,0,4,0,1,1,0,1,1,1,0,0,1,3,10,2,0,1,0,1,1,0,3,2,1,5,1,1,6,0,1,11,0,4,0,36,1,1,3,3,0,1,4,1,17,0,5,2,1,1,0,2,0,0,1,1,2,1,0,0,0,0,0,2,5,1,0,0,7,0,3,25,0,0,0,0,0,4,2,6,1,1,3,5,0,2,8,0,0,0,1,0,1,1,1,5,2,0,5,0,0,3,0,1,1,0,3,2,1,0,8,3,1,0,0,0,0,1,0,0,0,4,0,2,0,0,0,0,0,0,0,0,1,5,0,1,1,0,0,6,3,0,7,3,1,0,0,0,4,0,0,3,0,0,2,0,19,2,0,1,1,3,2,0,0,0,0,1,4,0,2,0,0,0,2,0,0,2,0,0,0,3,0,2,3,2,0,0,1,0,0,0,0,0,1,0,1,2,0,0,0,0,0,1,0,0,1,0,1,2,1,1,1,1,0,0,0,0,2,1,1,0,1,0,1,0,0,0,0,0,2,1,1,1,0,0,0,0,0,0,0,0,0,0,0,3,0,0,0,0,0,1,0,0,0,0,0,1,0,0,0,0,0,0,1,0,0,0,1,2,0,0,0,0,0,0,0,3,0,0,0,2,0,0,0,0,0,0,0,1,0,1,0,0,1,0,0,0,1,0,0,0,2,0,3,0,0,0,0,0,0,0,0,7,0,0,0,0,0,0,2,0,0,0,0,0,0,0,1,0,0,0,0,0,0,1,0,0,0,0,0,0,0,0,0,0,0,0,0,0,0,0,0,2,0,4,1,0,4,0,0,0,0,0,0,0,0,0,0,0,0,1,1,3,0,0,2,0,0,0,0,0,0,2,0,1,0,1,0,0,0,1,0,0,0,0,4,0,1,0,0,0,0,0,1,0,0,0,0,0,0,0,0,1,1,1,0,0,0,0,0,0,0,0,0,0,0,0,0,0,0,0,0,0,0,0,0,0,0,0,0,0,0,0,0,0,0,0,0,0,0,0,0,0,0,0,0,0,0,0,0,0,0,0,0,0,0,0,0,0,0,0,0,0,0,0,0,0,0
krupskaya_zhenshina_rabotnitsa.txt_chunk7,krupskaya,7,0,0,0,3,0,3,1,1,2,0,25,0,0,1,1,0,0,0,0,0,1,4,6,1,1,0,0,1,2,0,1,0,1,2,15,5,0,2,0,0,0,0,4,5,0,4,1,4,5,0,0,3,1,2,0,36,0,2,3,0,0,4,7,0,5,0,3,1,0,1,0,1,0,1,0,1,1,0,1,0,0,0,3,1,3,3,0,0,25,0,1,26,1,0,0,1,0,2,4,6,0,1,0,6,0,0,7,1,3,1,1,1,0,0,1,9,5,0,4,1,0,2,0,2,1,0,6,5,1,0,11,1,2,0,0,1,4,2,0,0,1,4,0,1,1,0,0,0,0,1,2,0,1,4,0,4,1,1,0,6,2,0,2,3,1,2,0,1,3,0,0,3,0,1,3,0,17,6,1,2,2,4,0,0,1,0,0,0,1,1,0,0,0,0,3,0,0,1,0,1,0,2,0,0,2,0,0,0,0,0,0,1,1,0,0,0,1,1,1,0,0,0,0,1,0,0,0,0,0,0,1,0,2,0,0,0,0,0,0,0,0,0,0,0,0,0,0,0,0,0,0,0,0,0,0,0,0,0,0,0,0,0,0,0,0,0,0,0,0,0,0,0,0,0,0,0,0,1,1,0,0,0,0,0,0,0,0,0,1,1,0,0,0,0,0,0,0,0,2,0,0,2,0,0,1,0,0,0,0,3,0,0,0,0,0,0,0,0,0,0,0,0,1,0,1,0,1,0,0,0,0,0,0,0,0,0,0,0,1,0,1,1,0,0,1,0,0,3,0,0,0,1,0,2,0,0,0,0,0,2,0,0,1,0,1,3,4,0,2,0,0,1,0,0,0,3,0,1,2,0,0,0,1,0,0,0,0,0,0,2,0,0,1,0,0,0,0,0,0,0,2,0,0,0,0,0,1,0,0,0,0,0,2,3,0,0,0,0,0,0,0,0,0,0,0,0,0,0,0,0,0,0,0,0,0,1,1,2,1,0,0,0,0,0,0,0,0,0,0,0,0,0,0,0,0,0,0,0,0,0,0,0,0,0,0,0,0,0,0,0,0,0,0,0,0,0,0,0,0,0,0,0,0,0,0,0,0,0,0,0,0,0,0,0,0,0,0,0,0
krupskaya_zhenshina_rabotnitsa.txt_chunk8,krupskaya,3,0,0,4,4,6,4,1,2,0,2,34,0,0,0,1,0,0,0,0,0,0,5,10,1,0,0,0,0,0,0,0,4,0,1,7,6,0,0,0,0,1,0,2,14,1,1,0,1,5,0,0,6,0,0,1,38,0,4,1,3,0,8,10,0,9,0,1,2,0,0,0,1,0,0,0,0,1,3,0,0,0,0,1,1,9,2,0,0,21,1,1,15,1,0,0,1,0,2,3,2,0,2,1,2,0,0,2,0,0,2,1,0,1,0,1,16,8,1,2,0,0,2,0,3,0,0,1,1,0,0,18,2,0,0,0,2,0,0,1,1,1,3,2,0,1,0,0,0,1,0,1,0,0,5,0,0,0,0,0,6,6,0,4,3,0,0,0,0,3,0,0,0,0,1,1,0,22,6,0,1,0,7,1,1,0,0,0,0,2,0,0,0,0,0,0,0,0,2,0,0,0,2,1,0,0,0,0,0,0,0,0,2,1,1,0,0,2,0,0,0,0,0,0,0,0,0,0,0,2,0,0,0,0,1,0,0,0,1,3,0,0,0,0,0,0,0,1,1,1,2,1,0,0,0,0,0,0,0,0,0,0,0,0,1,0,6,2,3,0,0,0,0,0,0,0,0,0,0,1,0,0,0,2,0,1,1,0,0,1,0,0,0,0,0,0,0,0,4,0,0,0,3,0,0,0,0,0,0,1,2,0,0,0,0,0,0,0,1,0,0,0,0,0,0,0,0,0,1,0,0,0,0,1,1,0,0,0,0,1,0,0,0,0,0,0,0,1,0,0,0,0,0,0,0,0,0,0,0,0,0,2,0,0,1,1,1,0,0,1,0,0,0,0,0,0,2,0,0,4,0,0,0,0,0,0,0,0,0,0,0,0,1,0,0,3,0,0,0,0,0,3,0,1,0,0,0,2,0,0,0,0,0,0,0,0,0,0,0,0,0,0,1,0,1,0,0,0,1,0,1,1,0,0,0,0,0,0,0,0,1,1,0,0,0,0,0,0,0,0,0,0,0,0,0,0,0,0,0,0,0,0,0,0,0,0,0,0,0,0,0,0,0,0,0,0,0,0,0,0,0,0,0,0,0,0,0,0,0,0,0,0,0,0,0,0,0,0,0,0
krupskaya_zhenshina_rabotnitsa.txt_chunk9,krupskaya,3.6719706242350063,0,0,0,3.6719706242350063,6.119951040391677,18.359853121175032,1.2239902080783354,0,3.6719706242350063,7.343941248470013,34.27172582619339,0,0,0,3.6719706242350063,0,0,1.2239902080783354,3.6719706242350063,2.4479804161566707,0,2.4479804161566707,0,0,1.2239902080783354,0,0,0,0,0,0,1.2239902080783354,2.4479804161566707,2.4479804161566707,1.2239902080783354,8.567931456548347,0,2.4479804161566707,2.4479804161566707,7.343941248470013,1.2239902080783354,0,0,2.4479804161566707,0,4.8959608323133414,0,1.2239902080783354,3.6719706242350063,0,1.2239902080783354,12.239902080783354,0,0,0,35.49571603427173,0,2.4479804161566707,1.2239902080783354,1.2239902080783354,1.2239902080783354,3.6719706242350063,0,1.2239902080783354,6.119951040391677,0,1.2239902080783354,0,2.4479804161566707,0,1.2239902080783354,2.4479804161566707,1.2239902080783354,2.4479804161566707,0,0,0,1.2239902080783354,0,0,2.4479804161566707,0,0,2.4479804161566707,3.6719706242350063,0,0,0,17.135862913096695,0,0,24.479804161566708,0,3.6719706242350063,0,0,0,3.6719706242350063,1.2239902080783354,0,0,1.2239902080783354,1.2239902080783354,7.343941248470013,0,2.4479804161566707,1.2239902080783354,3.6719706242350063,1.2239902080783354,0,0,0,0,0,0,1.2239902080783354,9.791921664626683,0,4.8959608323133414,0,0,2.4479804161566707,0,6.119951040391677,0,0,1.2239902080783354,3.6719706242350063,1.2239902080783354,0,6.119951040391677,0,1.2239902080783354,0,0,0,1.2239902080783354,0,0,0,0,1.2239902080783354,0,1.2239902080783354,2.4479804161566707,0,0,1.2239902080783354,0,0,1.2239902080783354,0,0,2.4479804161566707,1.2239902080783354,1.2239902080783354,0,0,0,1.2239902080783354,2.4479804161566707,0,2.4479804161566707,0,0,1.2239902080783354,0,0,2.4479804161566707,0,0,0,0,0,2.4479804161566707,0,6.119951040391677,6.119951040391677,0,2.4479804161566707,0,0,1.2239902080783354,0,0,0,0,0,1.2239902080783354,0,0,0,0,0,2.4479804161566707,1.2239902080783354,0,0,0,0,0,0,0,1.2239902080783354,0,0,1.2239902080783354,0,1.2239902080783354,0,0,0,0,0,0,0,2.4479804161566707,1.2239902080783354,2.4479804161566707,0,0,0,0,0,0,0,0,0,0,1.2239902080783354,0,13.46389228886169,0,0,0,0,0,4.8959608323133414,6.119951040391677,1.2239902080783354,0,0,0,0,0,0,0,0,0,0,0,0,0,1.2239902080783354,0,0,0,0,0,0,0,0,2.4479804161566707,1.2239902080783354,0,2.4479804161566707,0,7.343941248470013,0,0,0,0,0,0,0,0,0,1.2239902080783354,0,0,0,1.2239902080783354,1.2239902080783354,1.2239902080783354,0,0,0,0,0,0,0,0,0,0,0,0,0,1.2239902080783354,0,0,0,0,2.4479804161566707,0,1.2239902080783354,0,1.2239902080783354,0,0,4.8959608323133414,0,1.2239902080783354,0,0,0,0,0,0,0,0,0,1.2239902080783354,1.2239902080783354,3.6719706242350063,1.2239902080783354,0,8.567931456548347,0,1.2239902080783354,0,0,0,0,0,0,0,0,0,0,0,0,0,0,0,0,0,0,0,0,0,0,0,0,1.2239902080783354,0,0,1.2239902080783354,1.2239902080783354,0,0,0,1.2239902080783354,1.2239902080783354,1.2239902080783354,0,0,0,0,4.8959608323133414,0,2.4479804161566707,0,0,0,0,1.2239902080783354,2.4479804161566707,1.2239902080783354,6.119951040391677,0,0,0,0,0,0,1.2239902080783354,0,0,0,0,0,0,0,0,3.6719706242350063,0,0,0,0,0,0,0,0,0,0,0,0,0,2.4479804161566707,0,0,1.2239902080783354,0,1.2239902080783354,0,0,3.6719706242350063,0,0,2.4479804161566707,0,0,3.6719706242350063,0,1.2239902080783354,0,0,1.2239902080783354,0,1.2239902080783354,0,0,0,0,2.4479804161566707,1.2239902080783354,0,0,0,0,0,1.2239902080783354,1.2239902080783354,1.2239902080783354,0,0,0,0,0,0,0,0,0,0,0,0,0,0,0,0,0,0,0,0,0,0,0,0,0,0,0,0,0,0,0,0,0,0,0,0,0,0,0,0,0,0,0,0,0,0,0,0,0,0,0,0,0,0,0
lenin_183_students_I.txt_chunk1,lenin,3,0,0,1,2,0,4,1,1,4,3,30,0,0,0,3,0,0,0,0,1,1,1,3,0,1,2,1,1,0,0,0,1,2,0,0,4,0,0,0,0,1,0,5,1,0,3,2,2,0,1,0,5,0,0,0,43,0,3,1,0,0,9,6,0,8,0,1,1,0,1,0,1,1,2,1,0,0,0,1,0,0,0,0,0,2,0,1,1,13,2,0,16,0,0,0,0,1,3,0,0,0,0,1,7,0,0,0,1,0,0,0,2,0,2,0,2,4,0,5,0,0,2,0,2,1,0,0,0,0,0,11,0,0,0,1,1,0,1,0,1,0,0,0,0,2,0,0,0,0,0,1,0,0,5,0,0,0,1,0,1,2,0,2,1,1,1,0,0,4,0,1,0,0,0,2,1,8,5,3,1,3,6,1,1,0,0,1,0,0,0,0,0,1,1,4,2,0,0,0,0,0,0,1,3,0,0,1,1,1,0,0,1,0,1,6,0,1,1,0,0,0,0,1,0,0,0,0,0,0,3,2,0,2,0,0,0,0,1,2,2,0,0,0,0,1,0,0,0,0,0,0,0,1,0,0,0,0,1,0,0,0,0,1,3,0,0,0,0,0,0,1,1,0,0,0,2,0,1,0,1,0,0,0,0,1,0,1,0,0,2,0,0,0,0,0,1,0,1,1,0,3,0,0,0,0,0,0,0,0,2,0,0,0,1,1,0,3,0,1,0,1,1,1,0,1,0,0,0,1,0,0,1,0,0,0,0,0,0,0,0,0,0,0,1,0,1,0,0,0,0,0,0,1,0,0,0,0,0,0,0,1,0,0,1,0,1,0,0,0,0,0,0,0,1,1,1,3,0,0,0,1,0,0,0,1,1,0,1,0,1,0,1,0,0,0,0,0,0,0,2,0,0,0,0,0,0,0,1,0,0,0,0,0,0,0,0,0,0,0,0,0,7,0,0,0,0,0,1,1,0,1,0,0,0,0,0,0,0,0,0,0,0,1,0,1,1,1,0,0,0,0,0,0,0,0,0,0,0,0,0,0,0,0,0,0,0,0,0,0,0,0,0,0,0,0,0,0,0,0,0,0,0,0,0,0,0,0,0,0,0,0,0,0,0,0,0,0,0,0
lenin_183_students_I.txt_chunk2,lenin,2.3866348448687353,0,0,2.3866348448687353,0,0,4.773269689737471,2.3866348448687353,2.3866348448687353,2.3866348448687353,0,7.159904534606206,0,0,0,4.773269689737471,0,0,0,0,2.3866348448687353,0,0,9.546539379474941,2.3866348448687353,7.159904534606206,0,0,2.3866348448687353,0,0,0,2.3866348448687353,0,0,0,2.3866348448687353,4.773269689737471,0,0,2.3866348448687353,0,0,0,0,2.3866348448687353,2.3866348448687353,7.159904534606206,0,0,0,0,2.3866348448687353,0,0,0,50.11933174224344,0,0,0,0,0,2.3866348448687353,9.546539379474941,0,4.773269689737471,2.3866348448687353,0,0,2.3866348448687353,0,0,2.3866348448687353,2.3866348448687353,0,0,0,2.3866348448687353,0,0,0,0,0,0,0,7.159904534606206,0,0,0,16.706443914081145,2.3866348448687353,0,9.546539379474941,2.3866348448687353,0,0,0,0,0,0,0,0,2.3866348448687353,0,7.159904534606206,0,0,2.3866348448687353,0,0,0,0,0,0,0,7.159904534606206,0,7.159904534606206,7.159904534606206,7.159904534606206,0,0,0,4.773269689737471,2.3866348448687353,0,0,0,0,0,0,9.546539379474941,0,0,0,0,2.3866348448687353,0,2.3866348448687353,0,0,0,2.3866348448687353,2.3866348448687353,0,2.3866348448687353,0,0,0,0,0,0,0,0,2.3866348448687353,0,0,2.3866348448687353,0,0,2.3866348448687353,2.3866348448687353,0,2.3866348448687353,0,0,2.3866348448687353,0,0,0,0,0,0,0,0,2.3866348448687353,0,14.319809069212411,2.3866348448687353,2.3866348448687353,0,0,4.773269689737471,0,2.3866348448687353,0,0,0,0,2.3866348448687353,0,0,0,0,0,2.3866348448687353,0,0,0,0,0,0,0,0,0,0,0,0,2.3866348448687353,0,0,0,0,2.3866348448687353,4.773269689737471,0,0,0,0,0,0,0,0,0,0,2.3866348448687353,0,0,0,0,0,0,0,2.3866348448687353,0,2.3866348448687353,0,0,2.3866348448687353,2.3866348448687353,0,0,0,0,0,0,0,0,4.773269689737471,0,2.3866348448687353,0,0,0,0,0,0,0,2.3866348448687353,0,0,0,0,0,2.3866348448687353,0,0,0,7.159904534606206,0,0,0,0,0,4.773269689737471,0,2.3866348448687353,0,0,0,0,0,2.3866348448687353,0,2.3866348448687353,0,0,0,0,0,0,0,0,0,0,0,0,0,0,0,2.3866348448687353,7.159904534606206,0,0,0,2.3866348448687353,0,0,0,7.159904534606206,0,0,0,0,0,0,0,0,0,4.773269689737471,0,0,2.3866348448687353,2.3866348448687353,0,0,0,0,0,0,0,0,0,2.3866348448687353,0,0,0,0,0,0,0,0,0,0,0,0,0,0,0,0,0,0,0,0,0,0,0,2.3866348448687353,0,0,0,0,0,0,0,0,0,0,0,0,0,0,0,4.773269689737471,0,0,0,0,0,0,0,0,0,0,0,0,0,0,4.773269689737471,0,0,0,0,0,0,0,0,0,0,0,2.3866348448687353,0,0,0,0,0,2.3866348448687353,0,0,2.3866348448687353,0,0,0,0,0,0,0,0,0,0,0,0,9.546539379474941,0,0,0,0,0,0,0,0,0,0,0,0,0,0,0,0,0,0,0,0,0,0,0,0,0,2.3866348448687353,2.3866348448687353,2.3866348448687353,2.3866348448687353,0,0,0,0,0,0,0,0,0,0,0,0,0,0,0,0,0,0,0,0,0,0,0,0,0,0,0,0,0,0,0,0,0,0,0,0,0,0,0,0,0,0,0,0,0,0,0,0
lenin_chego_dobivaemsya.txt_chunk1,lenin,2,0,0,0,0,0,5,1,1,2,2,22,0,0,0,7,1,0,0,1,2,0,0,9,0,2,3,0,0,0,0,0,0,1,0,0,6,0,0,1,1,1,0,3,5,0,1,0,0,0,0,0,5,0,0,0,61,0,6,1,0,0,0,8,0,3,0,1,0,0,0,0,3,0,1,2,0,1,0,3,0,0,0,0,2,0,2,0,0,10,4,0,11,1,0,0,0,0,2,1,1,0,0,0,2,3,0,4,0,1,0,0,0,0,0,0,0,0,2,4,0,0,0,0,3,3,1,1,2,0,0,6,0,1,1,0,0,0,0,0,1,0,0,2,0,1,0,0,1,0,1,0,0,1,3,0,0,0,1,0,6,1,0,5,1,0,0,0,0,3,0,0,0,3,0,0,0,7,1,2,2,0,1,0,1,1,0,1,0,0,0,0,0,1,0,2,0,0,0,0,0,0,0,0,0,0,0,0,0,0,0,1,0,0,0,0,0,0,0,0,0,0,0,0,0,0,1,0,0,2,1,2,0,4,0,0,2,0,2,3,0,0,0,5,2,0,3,0,1,0,1,1,0,0,0,2,0,7,0,0,18,0,0,0,11,0,0,4,0,0,0,0,0,1,6,0,0,5,0,1,2,0,3,2,2,4,0,0,0,1,0,0,1,1,0,2,0,0,0,0,0,0,1,0,1,0,2,0,1,1,0,2,1,2,1,0,1,0,0,0,0,0,0,1,0,0,0,0,3,0,0,1,5,0,0,0,0,0,0,0,0,0,0,0,0,0,1,0,0,0,0,0,0,0,0,0,0,1,1,0,0,2,0,0,1,0,0,0,0,1,2,0,0,1,0,2,17,1,0,0,0,0,0,0,0,0,0,0,0,0,0,1,0,0,0,1,0,0,2,0,0,0,0,0,1,0,0,0,0,0,0,0,0,0,0,0,0,0,0,0,2,0,0,1,0,0,0,0,0,1,0,0,0,0,0,0,1,0,0,0,0,1,0,0,1,0,0,0,1,5,1,2,1,1,4,1,1,2,1,1,0,0,0,0,0,0,0,0,0,0,0,0,0,0,0,0,0,0,0,0,0,0,0,0,0,0,0,0,0,0,0,0,0,0,0,0,0,0,0,0
lenin_chto_delat'.txt_chunk10,lenin,6,0,0,1,0,1,2,1,0,2,2,26,0,0,0,1,0,0,0,0,0,1,1,1,2,1,0,0,0,0,0,3,1,0,3,0,3,1,3,1,1,0,0,3,4,0,3,3,2,5,0,0,5,0,1,0,43,1,5,3,2,1,1,5,0,6,0,1,0,1,1,0,3,0,0,1,0,1,1,2,0,0,0,0,0,0,1,8,4,11,1,1,12,0,0,0,0,0,2,0,0,0,0,3,4,0,1,5,0,1,0,0,0,0,1,2,6,1,0,4,0,0,2,0,12,2,0,1,0,0,0,9,0,0,0,0,0,0,2,1,2,1,0,1,1,1,1,0,1,1,0,4,2,0,5,0,1,0,2,0,4,2,1,9,2,0,1,1,0,1,0,0,1,0,0,4,0,20,1,2,2,0,5,5,3,0,0,0,0,0,0,0,0,0,0,2,0,0,0,2,0,0,1,1,0,1,1,0,0,0,1,0,1,0,0,4,0,2,1,1,0,0,1,1,0,0,0,1,0,0,0,2,0,3,0,0,0,0,2,5,3,0,6,3,1,1,0,0,1,0,2,0,1,1,0,0,0,0,0,0,1,0,0,0,3,1,0,2,1,0,1,0,0,0,5,0,0,0,6,0,0,0,5,2,1,9,0,0,0,0,0,1,1,0,1,0,0,0,0,0,0,0,0,1,0,0,0,0,1,1,6,0,1,0,0,0,0,0,0,1,0,0,1,0,0,0,0,1,0,1,0,0,0,1,1,0,2,0,0,0,0,0,0,0,2,0,1,0,1,0,0,0,0,1,0,1,1,2,0,0,0,4,0,0,0,0,0,0,1,0,0,0,0,1,0,1,7,0,3,0,1,0,0,0,0,0,2,0,2,0,0,2,0,0,0,0,0,0,0,0,0,0,0,0,0,0,0,0,0,3,0,0,0,2,0,0,0,0,0,0,0,0,0,3,0,0,0,1,0,0,1,3,0,0,0,0,2,0,0,0,2,1,1,0,1,1,1,0,0,0,0,0,0,0,0,0,0,0,0,0,2,1,1,1,2,2,0,0,0,0,0,0,0,0,0,0,0,0,0,0,0,0,0,0,0,0,0,0,0,0,0,0,0,0,0,0,0,0,0,0
lenin_chto_delat'.txt_chunk2,lenin,11,4,0,0,0,0,3,0,0,1,0,33,0,0,0,2,1,0,0,0,2,1,1,1,2,0,1,0,1,0,0,1,0,2,2,0,2,1,1,0,0,0,0,3,0,2,4,3,1,3,0,0,10,0,0,0,38,0,5,2,1,1,2,8,0,12,4,1,0,0,1,1,0,0,0,2,1,0,0,1,0,0,0,0,0,3,0,0,0,8,0,0,27,0,0,0,0,0,1,2,0,0,0,0,5,1,0,7,0,1,0,0,0,0,1,1,0,6,0,1,1,0,0,1,6,5,0,0,0,3,0,10,0,2,0,2,1,0,0,1,0,0,1,2,3,0,0,0,0,0,0,1,2,0,3,0,1,0,0,0,8,3,1,4,2,2,1,0,0,1,0,0,0,0,0,2,0,14,1,1,1,0,5,3,1,0,2,0,0,0,0,1,0,0,0,2,0,0,0,3,1,1,0,2,2,2,2,1,0,0,0,0,1,0,0,2,0,1,0,0,0,0,0,1,1,0,0,0,0,0,0,0,0,2,1,0,0,1,2,4,0,2,0,0,7,1,1,0,0,0,2,0,0,0,0,0,1,0,0,0,0,1,0,1,1,1,0,0,0,0,2,0,0,0,12,0,1,0,1,0,0,0,1,0,0,3,0,0,0,1,3,0,0,1,0,0,0,0,0,1,0,0,0,0,0,0,0,2,0,0,2,1,0,1,0,1,0,0,0,1,1,0,0,1,1,2,0,1,0,0,1,2,0,0,2,1,1,0,0,0,0,0,0,0,0,0,0,0,1,0,0,1,0,0,0,1,0,1,1,0,0,0,0,0,0,0,0,1,0,0,2,0,1,2,2,1,8,3,0,0,0,0,0,0,0,0,0,0,1,1,0,3,2,1,0,0,0,0,0,1,0,0,0,0,1,0,0,0,0,0,2,0,0,0,0,0,0,1,0,0,1,0,0,0,10,0,1,0,0,0,0,1,1,5,0,1,0,0,0,0,0,2,0,0,0,0,2,0,0,0,1,0,1,2,0,1,0,0,0,0,2,0,0,1,0,0,2,2,1,1,1,3,1,1,0,0,0,0,0,0,0,0,0,0,0,0,0,0,0,0,0,0,0,0,0,0,0,0,0,0
lenin_chto_delat'.txt_chunk31,lenin,10,0,1,0,7,3,1,0,0,0,5,29,0,0,0,2,3,1,1,0,2,0,1,5,1,0,3,0,0,0,2,0,1,0,0,0,5,0,3,0,1,2,2,0,2,1,0,0,2,1,0,0,3,0,0,0,55,1,9,1,0,0,2,2,0,3,1,1,1,0,2,1,2,0,1,1,0,0,0,1,1,0,1,1,1,2,1,0,0,11,0,1,23,1,0,2,1,0,1,2,0,0,0,1,4,0,0,9,3,1,0,0,1,1,1,0,0,2,6,1,2,0,0,0,2,1,0,1,0,2,0,8,0,0,1,1,0,0,1,0,0,1,0,0,0,3,1,0,1,0,0,0,0,0,2,1,1,0,6,0,2,4,0,11,1,1,0,1,0,0,0,0,0,0,0,5,0,23,1,2,3,0,4,1,0,1,0,0,11,3,0,1,1,1,0,5,0,0,1,2,1,0,0,0,1,0,2,4,0,0,0,1,0,1,1,1,0,4,1,0,0,0,0,0,2,0,0,2,0,1,0,0,0,2,2,1,0,0,2,4,0,0,2,7,0,1,0,1,0,3,0,0,1,0,0,0,0,1,0,0,0,0,0,0,2,0,0,5,0,0,0,0,0,0,2,0,2,0,2,0,0,0,1,1,2,1,0,0,2,0,1,1,1,0,0,0,0,0,0,0,1,0,0,0,0,0,0,0,0,0,3,2,0,0,1,0,0,1,0,1,0,0,3,2,0,1,0,0,2,0,0,0,0,0,3,0,0,0,0,0,1,0,0,0,2,2,2,0,1,1,0,0,0,2,0,0,0,1,1,0,0,3,0,0,0,0,1,0,0,0,0,0,0,0,7,0,5,1,0,0,3,0,0,0,0,0,0,1,0,0,0,0,0,0,0,0,0,0,0,0,0,0,0,0,0,0,0,3,0,1,0,0,0,0,2,0,0,0,0,0,0,0,0,2,0,0,0,2,0,0,0,2,0,1,1,0,0,0,0,0,0,0,0,0,0,0,0,0,0,1,0,7,0,0,0,0,0,1,0,0,0,0,0,0,1,0,0,0,0,0,0,1,0,0,5,0,0,0,0,0,0,0,0,0,0,0,0,0,0,0,0,0,0,0,0,0,0,0,0,0
lenin_chto_delat'.txt_chunk32,lenin,7,8,0,4,3,1,6,0,0,1,0,27,0,0,0,4,1,1,0,0,0,1,4,6,0,3,2,1,0,1,0,0,0,0,4,0,7,0,0,0,1,0,0,5,2,0,0,0,1,5,0,0,2,0,0,0,50,1,5,0,0,0,1,8,0,4,1,1,0,1,1,0,3,0,0,1,1,0,0,2,2,0,1,1,0,3,3,0,0,14,0,0,20,1,0,0,1,0,6,1,2,0,0,0,12,0,0,4,0,1,0,3,0,0,0,2,0,0,2,8,3,0,1,0,5,0,1,5,1,0,0,14,0,0,1,0,0,0,4,1,1,0,0,1,2,1,0,1,1,0,0,2,0,0,4,0,0,0,8,0,4,6,1,8,4,1,0,1,0,1,3,0,1,0,1,4,0,15,4,1,1,1,4,3,0,1,0,0,3,1,0,1,0,0,0,3,0,1,0,2,0,0,2,1,2,1,0,0,1,0,0,1,2,0,1,0,0,2,0,0,0,1,0,1,0,1,0,0,0,2,0,2,0,1,0,1,0,0,5,3,1,1,1,6,1,1,0,0,2,0,4,0,4,0,1,1,1,1,1,0,1,0,1,0,1,1,0,1,1,0,0,0,0,1,6,0,1,0,1,0,0,1,0,2,0,1,0,1,0,0,2,0,0,1,1,1,0,0,0,0,0,1,1,1,0,1,0,0,0,3,4,2,1,0,0,0,0,1,2,0,0,0,3,1,0,1,1,0,0,0,0,1,1,1,0,0,0,0,0,0,0,1,2,0,0,0,0,0,0,1,1,2,1,0,0,1,0,0,0,0,1,2,0,0,1,0,0,0,0,4,2,0,0,3,0,0,9,1,0,0,1,0,2,2,0,0,1,0,0,0,0,3,0,0,0,0,0,1,0,0,0,0,0,0,0,0,0,0,0,1,0,0,0,0,1,0,0,0,0,0,0,0,0,1,0,0,0,1,0,0,0,2,0,0,1,0,1,0,0,0,0,0,0,0,0,0,1,0,0,2,0,7,0,0,0,0,0,0,0,0,0,0,0,0,0,0,0,0,0,2,0,0,0,0,0,3,1,1,0,0,0,0,0,0,0,0,0,0,0,0,0,0,0,0,0,0,0,0,0,0
lenin_chto_delat'.txt_chunk35,lenin,5,0,0,0,2,0,1,1,1,2,3,25,0,0,1,2,1,0,1,2,0,0,0,8,0,0,2,1,2,0,0,0,0,3,2,0,4,0,1,0,0,1,2,4,1,0,1,4,1,3,1,0,4,0,0,0,41,0,4,5,1,0,8,6,2,6,0,1,0,0,0,0,0,0,0,3,0,1,0,2,0,1,0,0,1,4,0,0,1,13,0,1,17,0,0,1,1,0,0,1,0,0,0,0,2,0,1,10,3,0,0,0,0,0,1,1,1,3,2,6,1,0,1,3,8,0,0,2,0,2,0,11,0,0,0,1,0,0,1,0,0,0,2,2,2,4,0,0,0,0,1,0,0,0,4,2,0,1,1,0,10,2,0,4,1,0,0,0,0,3,0,0,0,0,1,2,0,12,7,1,1,0,6,0,0,0,0,1,1,0,0,1,0,0,1,0,0,1,0,1,0,0,1,0,2,0,1,0,0,0,0,0,1,0,0,0,0,2,0,0,0,0,0,0,0,0,0,0,0,1,0,1,0,1,0,2,0,0,0,3,1,0,0,3,3,2,0,0,0,0,1,0,2,1,0,0,0,0,0,0,2,0,0,0,1,0,0,0,3,0,0,0,0,1,1,0,3,0,1,0,0,1,0,0,0,1,0,0,0,0,1,0,0,1,1,0,0,0,0,0,4,0,0,0,0,0,1,0,0,0,2,2,1,1,0,1,2,0,0,2,0,0,3,0,0,0,0,0,3,1,0,1,0,2,1,0,1,0,0,0,0,1,1,0,0,3,2,0,0,0,0,1,1,0,2,1,0,0,0,0,0,5,0,0,0,1,0,0,0,2,0,0,0,2,3,0,2,5,3,0,4,0,0,0,0,0,1,1,1,0,0,0,1,1,0,0,0,0,0,0,0,0,0,0,0,0,0,0,0,0,0,0,0,1,2,0,0,0,0,0,0,0,0,0,0,0,0,0,1,0,0,0,1,0,0,0,0,0,0,2,1,1,0,0,0,0,0,0,1,3,0,3,0,0,0,0,1,0,0,0,0,0,0,0,0,0,2,0,0,0,1,0,0,0,0,0,0,0,0,0,0,0,0,0,0,0,0,0,0,0,0,0,0,0,0,0,0,0,0,0
lenin_chto_delat'.txt_chunk42,lenin,7,0,0,1,2,0,12,2,0,0,0,17,0,0,0,1,1,0,0,0,0,0,0,5,0,2,1,0,2,1,0,1,1,0,2,0,4,0,0,0,0,0,0,2,0,1,6,2,3,9,2,0,7,0,0,0,44,2,6,1,2,0,1,5,1,14,0,0,0,0,0,0,3,0,0,0,0,0,1,2,0,0,0,1,0,1,2,0,0,16,1,4,21,1,1,0,1,2,3,4,3,0,2,0,5,0,0,9,2,0,0,0,2,3,0,4,1,0,2,0,0,0,0,1,6,0,0,1,0,1,0,4,0,0,0,0,0,0,2,0,0,0,1,0,1,1,0,1,1,0,0,3,0,1,3,0,1,1,1,0,5,2,1,7,3,0,1,0,2,4,2,0,0,2,0,3,1,19,2,0,1,0,8,2,1,1,0,1,1,4,0,1,0,0,0,4,0,0,0,2,0,1,1,0,1,1,0,0,0,0,0,0,0,0,0,0,0,1,0,0,0,0,0,3,1,0,0,1,1,0,1,1,0,6,0,1,0,0,1,2,0,0,0,1,0,0,1,0,0,0,0,0,3,0,3,0,0,1,0,0,0,0,2,0,0,0,4,0,0,1,0,2,0,3,1,3,0,0,2,0,0,1,0,0,0,0,0,0,0,0,2,0,0,0,0,0,0,0,0,0,0,0,0,0,0,1,0,0,0,0,0,0,1,1,0,0,0,0,1,0,0,0,1,2,0,1,0,0,0,0,1,0,3,0,2,0,2,2,0,3,0,2,0,0,1,0,0,0,1,2,0,0,0,0,0,1,2,1,1,1,0,2,0,0,0,0,0,1,0,3,2,0,0,1,0,0,9,3,1,0,4,0,0,0,0,0,0,0,0,1,1,1,0,1,0,0,0,0,0,0,1,0,0,1,4,1,0,1,1,0,0,0,1,0,0,1,1,1,0,0,0,0,0,0,0,0,0,5,0,0,0,1,1,0,2,0,1,0,0,0,0,0,0,0,0,0,0,1,0,1,0,1,0,0,0,0,0,0,0,0,0,1,0,0,0,0,0,0,0,0,0,0,0,1,0,0,0,0,0,0,0,0,0,0,0,0,0,0,0,0,0,0,0,0,0,0,0,0,0,0
lenin_chto_delat'.txt_chunk45,lenin,7,1,1,0,1,0,11,1,0,3,2,29,0,0,0,2,0,0,0,1,2,0,5,6,0,2,1,1,0,0,0,0,0,2,6,0,3,0,2,0,2,1,1,1,2,0,2,1,1,9,1,0,1,0,0,0,48,0,2,1,0,0,1,5,0,10,0,2,0,1,0,0,2,0,1,0,1,0,0,0,1,0,0,1,1,0,0,0,0,17,1,0,10,1,0,1,0,0,0,5,0,1,3,1,4,0,0,3,0,0,0,0,0,1,3,2,0,1,3,4,1,0,3,2,4,0,0,4,0,0,0,9,2,0,0,2,0,0,2,0,0,0,0,1,2,1,1,0,0,0,1,0,0,0,3,0,1,0,1,2,9,1,0,4,0,0,0,0,0,10,0,0,2,0,1,1,0,6,1,1,1,0,6,1,5,0,0,0,2,3,1,1,0,0,1,1,1,1,0,7,0,0,1,0,0,0,1,1,0,0,0,1,1,0,0,0,0,1,0,1,0,0,0,1,0,2,1,1,0,1,2,0,0,1,0,0,1,0,1,6,1,0,4,1,3,2,0,0,0,0,1,0,1,0,0,2,0,1,0,0,3,2,0,0,0,0,3,1,0,1,0,1,0,0,12,1,4,0,1,1,0,0,2,1,0,1,0,0,0,0,1,1,0,3,0,0,0,0,0,0,0,1,0,0,0,0,1,0,0,0,3,0,5,1,0,2,1,0,0,3,0,0,0,1,0,0,0,0,0,3,0,0,2,1,0,0,0,0,0,0,0,0,1,0,0,8,0,0,2,0,0,0,0,1,0,0,0,0,0,1,0,2,0,0,1,0,1,0,0,5,0,1,0,0,0,0,2,2,1,0,0,2,0,0,0,1,0,1,0,0,0,0,1,4,0,0,0,1,1,0,2,1,0,0,0,1,0,1,0,0,0,0,0,0,0,0,0,0,0,0,3,0,0,1,1,0,0,2,0,1,2,2,0,0,0,0,0,1,0,0,1,0,0,0,0,0,1,0,0,0,0,0,0,0,0,0,1,0,0,0,0,0,0,0,0,1,2,0,0,1,0,1,0,0,2,2,0,0,2,1,0,0,0,0,0,0,0,0,0,0,0,0,0,0,0,0,0,0,0,0
lenin_chto_delat'.txt_chunk6,lenin,7,0,0,0,1,5,3,0,1,2,1,24,0,0,0,8,0,0,1,0,0,0,2,5,1,1,1,1,1,0,1,0,0,0,0,0,5,0,0,1,1,1,0,7,1,1,2,0,5,2,0,0,1,0,0,0,39,0,1,4,3,0,6,5,0,12,0,2,0,1,0,0,4,0,3,1,2,2,0,1,0,0,0,2,1,4,0,1,0,11,0,2,12,0,2,0,2,0,0,1,1,1,2,0,2,0,0,6,0,1,0,0,0,0,5,2,0,7,0,4,0,0,0,1,3,0,0,2,0,0,1,17,0,0,0,0,0,1,0,1,0,0,0,1,4,1,0,1,1,0,1,1,0,1,6,2,1,0,1,3,5,3,0,6,3,0,2,0,0,4,0,0,1,0,0,0,1,16,5,1,0,1,9,5,1,1,1,0,0,4,0,0,1,0,0,1,0,1,0,2,1,0,2,0,0,2,1,0,0,0,0,0,0,1,0,2,0,0,1,0,0,0,0,0,1,0,0,0,1,3,1,3,0,2,1,0,1,0,7,4,0,0,7,5,5,2,0,0,0,0,3,0,0,0,0,1,0,0,0,0,1,2,2,0,0,1,0,0,5,0,0,0,0,2,8,1,4,0,1,1,0,0,1,0,1,4,0,0,1,0,0,0,0,0,2,1,0,0,0,1,1,1,0,1,0,0,0,0,0,0,4,1,0,0,0,4,1,0,0,0,0,0,1,6,0,1,1,0,0,0,1,0,0,0,1,1,1,0,0,0,2,0,0,0,0,0,0,0,2,0,0,0,0,0,1,0,0,0,0,1,0,0,0,0,2,1,0,0,0,0,0,0,0,2,0,2,5,3,1,0,0,0,1,0,1,0,0,0,0,0,0,1,1,1,0,0,0,0,0,1,0,0,0,0,0,0,0,0,0,2,0,0,0,0,4,0,0,0,0,0,0,0,0,1,0,1,0,1,1,0,0,1,1,0,0,0,0,1,0,0,1,0,0,0,0,0,0,0,0,0,0,1,0,0,0,0,1,0,0,0,0,0,0,0,1,0,0,0,0,1,0,0,5,0,0,0,1,0,1,0,1,0,0,0,0,0,0,0,0,0,0,0,0,0,0,0,0,0,0,0
lenin_k_der_bednote_cdprogramma.txt_chunk17,lenin,5,0,0,2,7,5,1,0,1,0,2,11,0,1,0,1,0,0,0,0,2,0,0,6,1,1,0,2,0,0,0,2,1,0,2,0,7,1,0,0,4,0,1,1,2,0,3,0,5,1,0,0,7,0,1,1,55,2,8,5,1,1,7,2,2,4,0,1,1,1,0,0,1,0,0,3,0,0,1,3,0,1,0,0,2,1,3,0,0,15,0,1,11,1,3,0,0,0,2,0,1,0,1,0,3,0,0,2,2,0,0,2,0,0,0,0,1,7,0,16,0,0,2,0,8,0,0,2,1,1,0,9,0,2,0,0,1,0,0,0,7,0,1,4,2,3,2,0,0,1,1,1,0,0,2,4,0,0,3,0,2,0,0,3,1,3,0,0,0,3,0,1,2,0,0,5,0,8,4,0,3,0,1,4,1,2,0,0,0,0,1,1,0,1,0,0,0,0,1,0,6,0,0,0,3,0,1,0,0,0,1,0,1,0,0,0,0,0,1,1,6,0,0,0,0,0,1,1,0,1,0,1,0,4,0,0,0,0,1,1,0,0,0,0,0,0,0,0,0,1,0,0,6,0,0,0,0,0,0,0,0,1,0,1,5,0,0,1,1,0,1,0,0,0,2,0,0,0,0,0,1,0,0,0,0,0,0,3,1,0,3,0,0,0,0,0,16,1,2,0,0,3,0,0,0,0,0,0,0,0,1,0,0,0,0,0,0,1,0,2,0,0,2,4,0,2,0,0,0,0,0,1,5,0,1,2,0,0,0,0,0,0,0,0,0,0,0,0,0,0,0,1,0,4,0,1,0,0,0,0,0,3,0,0,0,0,0,1,0,1,0,0,0,0,0,0,9,0,0,0,1,0,0,0,0,1,0,0,1,0,0,0,1,0,0,0,0,0,0,0,1,0,7,3,2,0,0,0,0,0,0,0,0,0,0,0,0,0,2,0,0,2,0,1,0,0,0,0,0,0,0,0,0,2,0,0,4,0,0,2,2,0,0,0,0,0,0,0,0,0,0,0,0,0,0,0,0,0,0,0,0,0,0,0,0,0,0,0,0,0,0,0,1,2,0,1,0,0,0,0,0,1,3,5,0,0,0,0,0,0,0,0,0,0,0,0,0,0,0,0
lenin_k_der_bednote_cdprogramma.txt_chunk7,lenin,16,0,0,6,0,1,4,0,1,2,2,23,0,0,0,2,0,0,0,0,6,0,0,4,0,9,2,0,0,0,0,2,1,0,1,0,4,0,1,0,0,1,1,0,0,0,1,2,1,6,0,0,2,0,0,2,35,0,11,7,3,0,5,8,2,6,0,0,0,0,1,1,3,0,1,0,0,0,1,0,0,0,0,3,1,2,2,0,0,9,0,1,17,0,0,0,0,0,3,3,0,0,3,2,4,0,1,5,1,0,0,4,0,0,2,1,0,7,0,2,0,0,2,0,8,0,0,0,1,1,0,5,0,1,0,0,0,0,1,0,1,0,3,0,2,0,0,0,3,0,0,0,0,0,2,0,1,0,1,0,4,1,1,9,4,0,0,0,2,21,0,0,1,1,0,2,0,12,4,1,4,1,4,0,1,1,0,0,0,1,0,0,0,0,0,2,0,0,0,0,0,0,0,0,1,0,2,0,0,0,3,0,0,1,0,1,0,3,0,3,0,0,0,0,0,0,0,1,0,2,1,0,0,3,1,2,0,1,1,6,0,0,0,0,0,0,0,0,0,0,0,0,1,0,0,0,0,0,0,3,0,0,0,0,0,0,0,1,0,0,2,0,0,0,0,0,0,0,1,0,0,0,0,0,1,0,0,1,2,1,1,0,0,0,0,0,11,3,0,0,0,0,0,0,0,0,0,0,0,0,0,0,2,0,0,0,0,0,0,0,0,0,0,1,0,0,0,0,0,0,0,1,4,0,0,6,0,1,0,0,0,1,0,0,0,0,0,0,5,0,0,0,0,2,0,0,0,0,0,0,0,0,0,0,0,0,4,1,0,1,2,0,0,0,0,0,5,0,1,0,0,0,0,1,0,0,1,0,2,0,0,1,0,0,0,0,0,0,0,0,1,1,14,7,0,1,0,0,0,0,0,0,0,1,2,0,0,0,0,0,0,0,0,0,0,0,0,0,0,0,0,0,0,0,0,0,0,0,1,0,0,0,0,0,0,2,0,0,0,0,0,0,0,0,0,0,0,0,0,0,0,0,0,0,0,0,0,0,0,0,0,0,0,1,0,0,0,0,0,0,0,0,0,2,0,0,0,0,0,0,0,0,0,0,0,0,0,0,0,0
lenin_k_partii.txt_chunk3,lenin,0,0,0,0,0,0,0,0,0,0,0,19.230769230769234,0,0,0,0,0,0,0,0,0,0,0,19.230769230769234,0,0,0,0,0,0,0,0,0,0,0,0,0,0,0,0,0,0,0,0,19.230769230769234,0,0,0,0,0,19.230769230769234,0,0,0,0,0,76.92307692307693,0,19.230769230769234,0,0,0,0,0,0,0,0,0,0,0,0,0,19.230769230769234,0,0,0,0,0,0,0,0,0,0,0,0,0,0,0,0,0,0,0,19.230769230769234,0,0,0,0,0,0,0,0,0,0,0,0,0,0,0,0,0,0,0,0,0,0,0,0,0,0,0,0,0,0,0,0,0,0,0,0,0,0,0,0,0,0,0,0,0,0,0,0,0,0,0,0,0,0,0,0,0,0,0,0,0,0,0,0,0,0,0,0,0,0,0,0,0,0,0,0,38.46153846153847,0,0,0,0,0,19.230769230769234,0,0,0,0,0,0,19.230769230769234,0,0,0,0,0,0,0,0,0,0,0,0,0,0,0,0,0,0,0,0,0,0,0,0,0,0,0,0,0,0,0,0,0,0,0,0,0,0,0,0,0,0,0,0,0,0,0,0,0,0,0,0,19.230769230769234,0,0,19.230769230769234,0,0,0,0,0,0,0,0,0,0,0,0,0,0,0,0,0,0,19.230769230769234,0,0,19.230769230769234,19.230769230769234,0,0,0,0,0,0,0,0,0,0,0,19.230769230769234,0,0,0,0,0,0,0,0,0,0,0,0,0,0,0,0,0,0,0,0,0,0,0,0,0,0,0,0,0,0,0,0,0,0,0,0,0,0,0,0,0,0,0,0,0,0,0,0,0,0,0,0,0,0,0,0,0,0,0,0,0,0,0,0,0,0,0,0,0,0,0,0,0,0,0,0,0,0,0,0,0,0,0,0,0,0,0,0,0,0,0,0,0,0,0,0,0,0,0,0,0,0,19.230769230769234,38.46153846153847,0,0,0,0,0,0,0,0,0,0,0,0,0,0,0,0,0,0,0,0,0,0,0,0,0,0,0,0,0,0,0,0,0,0,0,0,0,0,0,0,0,0,0,0,0,0,0,0,0,0,0,0,0,0,0,0,19.230769230769234,0,0,0,0,0,0,0,0,0,0,0,0,0,0,0,0,19.230769230769234,0,0,0,0,0,0,0,0,0,0,0,0,0,0,0,0,0,0,0,0,0,0,0,0,0,0,0,0,0,0,0,0,0,0,0,0,0,0,0,0,0,0,0,0,0,0,0,0
lenin_narodnichestvo_I.txt_chunk3,lenin,10.869565217391305,0,0,0,5.434782608695652,0,5.434782608695652,0,0,0,0,27.17391304347826,0,0,0,0,0,0,0,0,0,0,0,0,0,0,0,0,0,0,0,0,0,0,5.434782608695652,0,0,0,0,0,5.434782608695652,0,0,0,21.73913043478261,0,0,0,0,5.434782608695652,0,0,0,0,0,0,38.04347826086957,0,5.434782608695652,5.434782608695652,0,0,5.434782608695652,0,0,27.17391304347826,5.434782608695652,5.434782608695652,0,0,0,0,0,0,0,0,0,5.434782608695652,0,0,0,0,0,5.434782608695652,5.434782608695652,0,0,0,0,21.73913043478261,0,5.434782608695652,21.73913043478261,0,0,0,0,0,0,0,0,0,0,0,10.869565217391305,0,0,0,5.434782608695652,0,0,0,0,0,0,5.434782608695652,0,0,0,0,0,0,5.434782608695652,5.434782608695652,10.869565217391305,0,0,5.434782608695652,0,0,0,5.434782608695652,0,0,0,0,0,0,0,0,0,0,0,0,0,5.434782608695652,0,5.434782608695652,0,0,5.434782608695652,0,0,0,21.73913043478261,0,0,0,0,0,5.434782608695652,10.869565217391305,0,5.434782608695652,0,0,0,0,5.434782608695652,0,0,5.434782608695652,0,0,0,0,0,21.73913043478261,0,0,0,0,0,0,0,5.434782608695652,0,0,0,0,0,0,0,0,0,10.869565217391305,0,0,0,5.434782608695652,0,0,0,0,0,0,0,0,0,0,0,0,0,0,0,0,0,0,0,0,0,0,0,0,0,0,0,0,0,0,0,0,0,5.434782608695652,0,0,0,0,0,0,27.17391304347826,0,0,0,0,0,5.434782608695652,0,5.434782608695652,5.434782608695652,5.434782608695652,0,0,0,0,0,0,0,0,0,0,0,0,0,0,0,0,0,0,0,0,0,0,0,0,0,0,0,0,0,0,0,0,0,0,0,0,0,0,0,0,0,0,0,0,0,0,0,0,0,0,0,0,0,0,0,0,0,0,0,0,0,5.434782608695652,0,0,0,0,0,0,0,0,0,0,0,0,0,0,0,0,0,0,0,0,0,0,0,0,0,0,0,0,0,5.434782608695652,0,5.434782608695652,0,5.434782608695652,0,5.434782608695652,0,0,0,0,0,0,0,0,0,0,0,0,0,0,0,0,0,0,0,0,0,0,0,0,0,5.434782608695652,0,5.434782608695652,5.434782608695652,0,0,5.434782608695652,0,5.434782608695652,0,0,0,0,0,0,0,0,0,0,0,0,0,0,0,0,0,0,0,0,0,0,0,0,0,0,0,0,5.434782608695652,0,0,0,0,0,0,10.869565217391305,0,0,0,5.434782608695652,0,0,0,0,5.434782608695652,5.434782608695652,0,0,5.434782608695652,0,0,0,0,0,0,0,0,0,0,0,0,0,0,0,0,0,0,0,0,0,0,0,0,0,0,0,0,5.434782608695652,0,5.434782608695652,0,0,10.869565217391305,0,0,0,0,0,0,0,0,0,0,0,0,0,10.869565217391305,0,0,0,0,5.434782608695652,0,0,0,0,0,0,0,0,0,0,0,0,0,0,0
lenin_ob_obstoyatelstvah.txt_chunk1,lenin,4,0,0,0,0,0,8,2,1,2,4,27,0,0,0,1,0,1,1,0,0,2,0,2,1,0,0,0,0,0,1,0,0,1,1,0,4,0,0,0,1,0,1,1,2,0,6,1,4,3,0,0,4,0,0,2,28,0,6,3,2,1,4,9,0,3,0,3,0,0,1,2,0,0,0,0,0,2,0,1,0,0,3,0,0,6,0,0,2,14,0,2,24,0,0,0,1,0,0,5,0,3,0,0,4,0,0,8,4,1,0,0,0,1,0,5,0,0,0,3,0,0,0,1,4,0,0,2,0,2,0,14,0,0,1,1,0,0,1,0,0,0,0,0,1,2,1,0,0,0,2,0,1,1,7,0,1,0,1,0,6,2,0,1,2,1,1,0,0,1,0,0,1,0,0,1,0,24,3,0,1,0,6,2,0,3,2,0,27,1,0,0,0,3,0,1,0,0,0,3,0,0,0,2,1,0,0,0,1,0,0,0,0,0,0,0,0,1,0,0,0,0,0,0,0,1,0,0,0,0,0,0,0,2,0,2,0,1,1,0,3,0,0,0,0,1,3,1,0,0,0,1,0,0,0,0,0,0,0,0,3,0,0,2,0,0,0,0,0,0,0,0,0,0,0,0,2,1,1,1,0,0,0,1,0,0,0,1,0,0,3,1,0,0,0,0,0,0,1,3,0,0,0,0,0,0,0,0,0,0,0,0,0,0,0,0,0,1,0,2,0,0,1,2,0,2,0,0,1,2,0,1,0,0,0,0,1,0,4,2,0,0,0,0,0,0,2,0,0,0,0,1,0,1,0,0,0,1,1,1,0,1,2,0,0,1,0,0,0,0,1,2,0,0,3,0,1,1,0,0,2,0,0,0,0,0,3,0,1,0,2,1,1,0,1,0,0,0,0,0,0,0,0,0,0,0,0,0,0,0,0,0,0,0,1,1,0,0,0,0,0,1,0,0,0,0,0,0,0,0,0,0,1,0,0,1,0,0,0,0,1,0,0,0,0,1,0,0,0,0,1,0,2,0,0,0,0,0,4,15,0,1,0,0,0,0,0,0,0,0,2,0,0,1,0,0,0,0,0,0,0,0,0,0,0,1,0,0,0,0,0,0,0,0,0,0,0,0,0,0
lenin_ot_narodnichestva_marx.txt_chunk1,lenin,4,0,0,1,1,0,5,0,1,1,2,34,0,0,0,4,2,0,1,0,1,0,3,2,0,0,1,0,0,0,0,1,0,3,0,0,2,0,1,0,1,1,0,4,0,1,1,2,3,6,3,0,0,0,0,0,42,0,3,3,1,0,3,7,0,8,2,0,1,2,0,1,1,0,0,2,0,2,0,2,0,0,0,0,0,2,0,0,0,15,2,0,18,0,0,0,1,1,0,1,0,0,2,1,4,0,0,5,1,1,0,0,0,0,2,0,4,2,0,5,2,1,0,1,2,0,1,3,0,1,0,13,0,0,1,2,0,0,0,0,3,0,2,0,1,2,1,1,0,1,0,1,0,1,2,0,1,0,3,2,6,0,0,3,1,1,2,0,1,2,2,0,0,0,0,1,0,14,1,2,0,1,4,3,2,1,1,0,1,3,0,0,0,1,0,0,0,0,1,2,0,1,0,1,1,0,0,4,0,0,0,0,0,0,0,0,1,0,0,0,1,2,0,0,0,0,0,0,0,0,0,1,1,6,0,0,0,0,2,1,0,0,0,0,2,1,0,1,2,1,1,0,0,0,0,0,2,3,2,1,2,1,0,0,6,1,0,0,0,0,0,0,0,1,3,3,2,0,0,0,1,0,1,0,0,4,0,0,0,1,1,1,4,2,0,1,0,6,0,0,0,0,0,0,1,0,2,0,0,1,0,1,6,0,3,1,2,3,0,2,0,1,2,2,0,0,1,0,0,0,2,2,1,0,0,0,1,0,0,0,0,0,1,0,0,0,0,0,0,0,0,0,0,0,0,0,0,0,0,1,0,0,0,0,0,0,0,1,0,1,0,0,0,0,0,1,5,2,0,0,1,0,0,1,1,0,0,0,0,0,0,0,1,2,0,0,0,0,0,1,0,0,0,1,0,0,0,0,0,0,3,0,0,0,0,0,0,1,2,0,0,0,0,0,0,0,0,0,0,0,0,1,0,0,0,0,0,0,0,0,1,0,0,0,0,2,0,1,0,0,0,7,0,3,0,0,0,0,0,0,2,1,0,4,0,0,0,0,0,0,0,0,0,0,0,1,0,2,0,2,0,0,1,0,1,0,1,0,0,0,0,0,0,0,0,0,0,0,0,0
lenin_otvet_na_kritiku.txt_chunk3,lenin,8,0,0,0,1,1,9,0,0,2,4,20,0,0,1,2,4,1,1,0,0,0,1,3,2,2,0,0,1,1,0,2,0,0,0,0,5,0,0,0,2,0,1,4,0,0,4,5,3,2,1,0,1,0,0,2,26,2,3,4,3,0,3,8,0,6,0,4,1,0,0,0,1,0,0,0,0,1,0,1,0,0,0,0,1,3,0,0,0,11,0,0,21,0,0,0,0,0,2,1,1,0,0,0,3,0,2,6,2,0,0,2,0,0,1,4,1,6,0,4,0,1,0,0,7,0,0,3,1,0,0,11,0,1,0,0,1,1,2,0,0,0,0,1,0,0,1,1,0,0,0,0,0,0,4,0,0,0,0,0,4,1,0,6,1,0,0,0,0,0,0,0,0,1,0,0,1,18,4,2,1,2,11,3,2,1,0,3,0,2,0,0,0,1,0,2,0,1,1,2,0,0,0,0,2,0,2,0,0,0,0,0,1,0,1,0,0,0,0,1,0,0,0,0,0,0,0,0,0,0,0,1,0,2,1,3,2,0,1,1,1,0,0,0,0,2,0,0,0,0,0,0,1,0,1,0,0,7,0,0,2,0,0,0,2,0,0,2,0,0,0,0,0,0,3,0,2,0,1,1,0,0,0,1,0,2,0,1,0,0,1,1,0,0,0,4,0,3,0,1,0,0,0,0,0,0,4,0,0,0,1,1,0,0,0,1,0,0,0,2,0,0,0,0,0,2,3,1,0,0,0,2,3,1,0,0,2,0,0,0,0,0,0,1,0,0,2,2,1,2,1,0,0,0,2,1,0,0,0,0,0,2,0,2,1,0,1,0,0,1,0,0,1,0,0,0,13,1,1,0,0,0,2,0,0,0,0,0,0,0,0,3,0,0,1,1,0,1,0,0,0,1,10,1,1,0,0,0,0,1,6,0,0,1,0,1,0,0,0,0,0,3,0,0,0,0,0,0,0,0,0,1,1,0,0,0,0,0,0,0,0,0,0,0,0,0,0,0,0,0,0,1,0,2,0,0,0,0,0,2,1,0,0,0,0,0,0,1,0,0,0,0,0,0,1,0,0,0,0,0,0,0,0,0,1,0,1,1,0,0,0,0,0,0,0,0,0,0,0,0
lenin_padenie_port_artura.txt_chunk3,lenin,19.704433497536947,0,0,0,0,0,0,0,0,0,0,54.187192118226605,0,0,0,0,0,0,0,0,0,0,0,0,0,0,0,0,0,0,0,4.926108374384237,0,0,0,0,0,0,0,0,0,0,0,0,4.926108374384237,0,4.926108374384237,4.926108374384237,0,0,0,0,9.852216748768473,4.926108374384237,0,0,19.704433497536947,4.926108374384237,0,0,0,0,0,4.926108374384237,0,4.926108374384237,0,0,0,0,0,0,0,0,0,0,4.926108374384237,4.926108374384237,0,0,0,0,0,0,0,0,0,0,0,4.926108374384237,0,0,14.778325123152708,0,0,0,0,0,0,0,0,4.926108374384237,0,0,14.778325123152708,0,0,19.704433497536947,0,0,0,0,0,0,0,4.926108374384237,0,0,0,0,0,0,0,0,0,0,0,0,0,0,0,19.704433497536947,0,0,0,0,0,0,4.926108374384237,0,0,0,0,0,0,0,0,0,0,0,0,4.926108374384237,0,0,0,0,0,0,0,0,4.926108374384237,0,0,0,0,0,0,0,0,0,4.926108374384237,0,0,0,0,9.852216748768473,0,9.852216748768473,4.926108374384237,0,0,0,9.852216748768473,0,0,0,0,0,0,0,0,0,0,0,0,14.778325123152708,0,0,4.926108374384237,4.926108374384237,0,4.926108374384237,0,4.926108374384237,0,0,0,0,0,0,0,0,0,0,0,0,0,0,0,0,0,0,0,0,0,0,0,0,0,0,0,0,0,9.852216748768473,0,0,0,0,4.926108374384237,0,0,0,0,4.926108374384237,0,0,0,0,0,0,0,0,4.926108374384237,0,0,0,0,0,0,0,0,0,0,0,0,0,0,0,0,0,0,0,0,0,0,0,0,0,0,0,0,0,0,0,0,0,0,0,0,0,0,0,0,0,0,0,0,0,0,0,0,0,0,0,0,0,0,0,0,0,0,0,19.704433497536947,0,0,0,0,0,0,0,0,0,0,9.852216748768473,0,0,0,0,0,0,0,0,4.926108374384237,0,4.926108374384237,0,0,0,0,0,0,0,0,0,0,0,0,4.926108374384237,0,0,0,0,0,4.926108374384237,0,0,0,0,0,0,0,0,0,0,0,0,0,0,0,0,0,0,0,0,0,4.926108374384237,0,0,0,0,0,0,0,0,0,4.926108374384237,0,0,0,0,0,0,0,0,0,0,0,0,0,0,0,0,0,0,0,0,0,0,0,0,0,4.926108374384237,0,4.926108374384237,0,0,0,0,0,0,0,0,4.926108374384237,0,0,0,0,0,0,0,0,0,0,0,0,0,0,0,0,9.852216748768473,0,0,0,0,0,0,0,19.704433497536947,0,0,0,0,0,0,0,0,9.852216748768473,0,0,0,0,0,0,0,0,0,0,0,0,0,0,0,0,0,0,0,0,0,0,0,0,0,0,0,4.926108374384237,0,0,0,14.778325123152708,0,0,0,0,0,0,0,0,0,0,0
lenin_pochemu_quit.txt_chunk1,lenin,3,0,0,0,0,1,1,0,1,3,0,36,0,0,0,3,2,0,5,0,0,0,0,2,1,1,1,0,0,1,1,0,0,1,4,0,1,0,0,0,0,0,0,2,1,0,1,1,4,4,0,0,1,0,1,0,46,0,9,2,0,0,0,7,0,4,0,0,1,1,0,0,1,0,1,0,0,1,0,1,1,0,0,0,0,0,0,0,1,19,0,0,12,1,0,0,1,0,0,1,1,0,0,0,4,1,0,11,4,0,0,2,0,0,1,0,0,0,3,1,2,1,2,0,14,0,0,4,0,2,0,10,0,0,0,2,0,0,0,0,1,0,0,0,0,1,1,0,1,0,0,1,0,0,3,0,0,0,0,0,0,1,0,5,2,0,0,0,1,0,0,0,0,0,0,0,0,10,1,1,2,0,9,6,2,3,0,0,6,1,4,0,0,0,0,3,1,0,0,1,1,1,0,0,2,0,0,0,0,0,0,0,1,0,0,0,0,3,1,0,0,0,0,0,0,0,1,1,0,1,0,0,0,3,0,1,0,1,1,3,0,1,0,0,0,0,5,0,0,0,2,0,0,0,0,0,1,0,0,0,3,0,0,5,3,0,0,1,0,0,0,0,0,0,1,1,0,12,3,0,0,0,0,0,0,0,0,2,1,0,1,3,0,1,0,0,0,0,0,0,2,0,0,0,0,1,0,0,0,0,0,0,1,0,1,0,0,1,0,1,0,4,0,1,0,1,0,0,2,1,0,1,0,0,0,1,1,0,0,0,0,0,2,0,1,0,0,0,0,0,0,0,0,1,1,1,0,3,2,0,0,1,0,0,1,0,0,0,0,2,0,1,0,0,1,0,4,2,1,0,0,0,0,0,0,1,1,1,0,1,0,0,1,0,0,0,0,1,0,0,0,0,0,0,0,0,0,1,0,0,0,0,0,0,0,0,0,0,0,0,0,0,0,0,0,0,0,0,0,0,0,0,0,0,0,0,0,0,0,4,0,0,0,0,0,0,0,0,0,3,0,0,0,0,3,0,0,0,7,0,0,0,0,0,0,0,0,0,0,0,0,0,0,0,0,0,1,0,0,0,0,0,0,0,0,0,0,0,0,2,0,0,0,0,0,0,0,0,0,0
lenin_polozhenie_bunda_I.txt_chunk3,lenin,6,0,1,0,2,0,6,2,1,2,3,23,0,0,0,1,4,1,0,1,2,0,1,1,0,1,0,0,0,3,0,0,3,0,2,0,0,2,1,0,2,1,0,5,3,1,3,1,3,4,1,0,5,1,0,2,40,0,7,1,0,0,4,13,0,3,0,1,0,1,2,0,0,0,1,2,0,1,1,0,1,1,0,0,0,2,1,0,0,6,0,0,14,1,0,1,0,1,5,6,0,0,2,1,3,0,0,2,2,1,0,2,0,0,0,2,1,2,1,1,1,0,2,0,7,0,0,0,0,0,0,13,0,0,0,0,0,0,2,1,0,0,0,1,1,2,0,0,0,0,0,1,1,0,1,0,1,0,2,0,3,1,1,6,0,0,2,0,0,4,1,0,0,0,0,1,0,10,2,1,0,0,6,3,1,0,1,0,6,0,0,0,0,1,0,1,1,0,0,4,2,3,0,2,2,0,0,1,0,0,0,3,0,0,0,1,0,1,0,0,0,1,0,0,1,0,0,1,0,0,0,2,0,1,0,1,1,0,1,1,1,0,1,0,3,1,2,0,0,0,0,1,0,0,0,0,0,0,0,0,2,1,0,0,2,0,0,0,0,0,0,0,0,0,4,3,0,0,0,0,1,0,0,2,2,0,0,1,0,0,2,0,0,1,0,0,0,0,0,0,0,5,0,0,0,0,0,0,0,0,0,0,2,4,0,0,0,1,1,0,0,0,2,1,2,0,0,0,0,0,0,1,2,0,0,1,1,0,0,0,0,1,1,1,0,1,0,0,1,0,0,0,0,0,1,3,0,0,1,1,0,0,0,0,1,0,2,1,0,0,1,1,1,1,0,0,6,1,0,0,0,0,0,0,0,0,0,0,0,1,0,1,1,1,0,0,0,0,0,1,1,0,0,0,0,0,3,1,0,0,6,0,0,0,0,0,0,0,0,0,1,0,0,0,0,0,0,0,0,0,0,3,0,1,0,0,0,0,0,0,1,1,0,0,0,0,0,0,0,0,0,0,0,0,0,0,0,0,0,0,0,0,1,0,0,0,0,0,0,0,0,0,0,0,0,0,0,0,0,0,0,0,0,0,0,0,0,0,0,0,0,0,0,0,0,0,0,0,0,0
lenin_rab_i_burzh_dem.txt_chunk1,lenin,7,0,0,1,0,0,4,2,0,2,1,32,0,1,0,0,3,2,0,0,0,0,2,2,0,0,0,0,0,0,0,0,0,2,1,0,1,0,0,0,2,0,0,1,3,0,1,2,3,3,0,0,4,0,0,0,32,0,0,4,1,0,1,7,1,7,0,4,0,0,1,1,1,0,0,0,0,0,0,1,0,0,0,1,0,0,0,0,0,11,0,0,16,0,0,0,0,0,1,0,1,1,0,0,4,4,0,9,2,0,0,0,1,0,1,2,5,1,0,6,2,0,0,0,1,0,2,1,2,0,0,18,0,0,0,0,0,0,1,0,0,1,0,0,1,0,0,0,0,0,0,0,0,0,2,0,1,0,3,0,7,1,1,2,0,1,0,1,0,2,0,0,0,0,0,0,2,6,2,2,1,3,3,3,1,0,0,1,0,1,0,0,0,0,0,2,0,0,0,0,0,0,2,0,1,1,0,0,0,0,0,0,1,0,1,0,0,0,0,0,0,0,0,1,0,1,0,0,1,1,0,1,0,1,0,0,2,2,3,0,1,0,0,6,12,1,6,0,1,0,0,0,0,0,0,0,0,1,0,0,1,0,1,0,4,0,0,2,0,0,0,1,1,0,10,1,2,1,0,0,0,0,3,4,0,5,0,0,0,0,1,0,1,4,0,5,0,0,0,0,0,1,0,1,0,1,0,0,1,0,1,1,3,0,2,2,0,0,0,2,1,0,0,0,0,3,0,0,0,0,0,0,0,0,0,0,1,1,0,0,0,0,1,0,0,0,0,0,0,1,0,0,0,0,0,1,0,0,1,0,0,0,0,0,0,0,0,0,0,0,2,0,1,1,0,0,5,2,0,0,2,1,0,0,0,0,0,0,1,3,0,1,0,0,0,0,1,0,1,1,0,1,0,0,0,0,0,0,0,0,1,0,0,0,0,0,0,0,5,0,0,0,0,1,0,0,0,0,1,0,0,1,0,1,0,1,0,0,0,0,1,1,0,0,1,2,0,0,0,1,1,1,0,0,1,0,0,2,1,0,8,0,0,1,0,0,8,1,0,0,0,0,0,0,0,3,0,2,0,1,0,0,1,0,0,0,0,0,0,1,0,0,0,0,0,0,0,0,0,0
lenin_rab_partya_krestvo_I.txt_chunk2,lenin,3,0,3,0,2,0,6,1,1,0,1,18,0,0,0,3,2,1,0,0,0,0,0,2,2,3,0,1,0,0,0,2,0,1,0,0,14,0,1,0,3,0,0,1,1,0,4,0,3,1,1,0,6,0,0,0,37,0,6,5,1,1,7,5,0,4,1,3,0,0,0,0,6,0,2,2,0,0,0,0,0,1,0,0,2,5,0,0,0,15,3,0,18,1,0,0,1,0,1,2,1,0,1,0,6,0,2,9,3,0,0,0,0,0,0,1,3,0,0,12,0,0,0,0,3,0,0,0,0,0,1,6,0,0,0,0,0,0,0,0,0,0,1,4,1,2,1,0,1,0,1,0,0,0,0,0,0,0,2,0,2,5,0,5,0,1,1,1,0,1,0,0,0,0,0,0,0,15,5,1,3,0,6,1,0,1,0,0,0,1,0,0,0,2,0,0,0,1,1,2,0,0,0,0,3,2,1,1,0,0,0,0,0,1,0,0,0,0,0,1,2,1,0,0,0,0,0,0,0,0,4,3,1,3,0,1,0,0,2,3,2,0,2,2,2,0,0,0,0,1,0,0,0,0,0,0,0,2,0,0,2,2,0,0,1,0,0,1,4,1,0,1,0,1,5,0,0,0,2,0,0,1,0,0,4,4,1,1,1,0,0,0,0,1,0,0,4,3,0,1,1,1,0,1,0,2,0,0,0,0,4,0,0,0,1,1,1,1,1,1,0,0,1,3,0,1,0,0,0,0,1,0,0,2,1,0,0,0,0,0,0,0,0,0,1,0,0,0,1,0,0,2,0,3,0,0,0,0,0,0,0,1,0,0,0,0,0,0,0,0,0,0,0,2,0,1,15,0,0,0,0,1,0,0,0,1,0,0,0,0,1,0,0,1,0,0,0,0,0,0,0,0,1,1,0,0,0,1,0,2,0,0,0,0,0,0,1,0,0,0,0,0,1,2,0,0,0,1,2,0,0,4,0,5,0,2,1,0,0,0,0,0,2,0,5,1,1,0,0,0,2,0,0,0,0,0,0,0,0,0,0,1,0,0,0,0,0,0,0,0,0,1,0,0,0,0,0,0,0,0,0,0,0,0,2,0,0,0,0,0,2,0,0,0,0,0,0,0,0,0
lenin_rab_partya_krestvo_I.txt_chunk3,lenin,11.811023622047244,0,0,0,11.811023622047244,0,0,0,3.937007874015748,0,0,15.748031496062993,0,0,0,0,0,0,0,0,0,0,3.937007874015748,7.874015748031496,0,3.937007874015748,3.937007874015748,0,3.937007874015748,0,0,0,0,0,0,0,11.811023622047244,0,0,0,3.937007874015748,0,0,0,0,3.937007874015748,3.937007874015748,0,0,0,0,0,11.811023622047244,0,0,0,74.80314960629921,3.937007874015748,0,0,0,0,3.937007874015748,7.874015748031496,0,0,0,3.937007874015748,0,0,0,0,0,0,0,0,0,0,0,0,0,0,0,0,0,0,0,0,0,3.937007874015748,3.937007874015748,0,27.559055118110237,3.937007874015748,0,0,0,0,0,0,0,0,0,0,0,0,0,3.937007874015748,0,0,0,0,0,0,0,0,0,0,0,7.874015748031496,0,0,0,3.937007874015748,11.811023622047244,0,0,0,0,0,0,11.811023622047244,0,0,0,0,0,0,0,0,0,0,0,0,0,0,0,0,0,0,0,0,0,0,3.937007874015748,0,0,0,0,0,3.937007874015748,7.874015748031496,0,11.811023622047244,0,0,0,0,0,0,0,0,0,0,0,0,0,11.811023622047244,3.937007874015748,0,3.937007874015748,0,3.937007874015748,0,3.937007874015748,0,0,0,0,0,0,0,0,3.937007874015748,0,0,0,0,0,0,0,0,0,0,0,0,0,0,0,0,0,0,3.937007874015748,0,0,19.68503937007874,0,3.937007874015748,0,0,0,0,0,0,0,0,0,0,0,0,0,0,0,11.811023622047244,3.937007874015748,0,0,0,0,3.937007874015748,0,0,3.937007874015748,0,0,0,0,0,0,0,0,0,0,0,0,0,3.937007874015748,0,0,0,3.937007874015748,0,0,0,0,0,0,0,3.937007874015748,0,0,0,0,0,0,0,0,0,0,0,3.937007874015748,0,0,7.874015748031496,0,3.937007874015748,0,0,0,0,0,0,0,0,0,0,0,7.874015748031496,0,0,0,3.937007874015748,0,0,0,0,0,0,3.937007874015748,0,3.937007874015748,0,3.937007874015748,0,3.937007874015748,0,0,0,0,0,0,0,0,3.937007874015748,0,3.937007874015748,0,0,0,0,0,0,3.937007874015748,0,0,0,0,0,0,0,0,0,0,0,0,0,0,0,0,0,0,0,0,0,3.937007874015748,3.937007874015748,0,0,0,0,0,0,3.937007874015748,0,0,0,0,0,0,0,0,0,0,0,0,0,11.811023622047244,3.937007874015748,0,0,0,0,0,0,0,0,0,0,0,0,0,0,0,3.937007874015748,0,3.937007874015748,0,0,0,3.937007874015748,0,0,0,0,0,0,0,3.937007874015748,0,0,0,0,0,0,0,0,0,0,0,0,0,3.937007874015748,3.937007874015748,0,0,0,0,0,0,0,0,0,0,0,0,3.937007874015748,0,0,0,0,0,0,0,0,0,0,0,0,0,7.874015748031496,0,0,0,0,0,0,0,0,0,0,0,0,0,0,0,0,0,3.937007874015748,0,0,0,0,3.937007874015748,0,0,0,0,0,0,0,3.937007874015748,0,0,0,0,0,0,0,0,0,0,0,0,0,0,0,0,0,0,0
lenin_rasskaz_o_II_cyezde.txt_chunk5,lenin,4.504504504504505,0,0,0,0,0,0,0,0,0,0,4.504504504504505,0,0,0,0,0,0,0,0,0,0,0,0,0,0,0,0,0,0,0,0,0,0,9.00900900900901,0,0,0,0,0,0,0,0,0,0,0,0,13.513513513513514,4.504504504504505,0,0,0,13.513513513513514,0,0,0,58.55855855855856,0,13.513513513513514,0,0,0,22.52252252252252,22.52252252252252,0,4.504504504504505,0,4.504504504504505,0,0,0,0,0,0,0,4.504504504504505,0,0,0,0,0,0,0,0,4.504504504504505,0,0,0,0,22.52252252252252,0,0,36.03603603603604,0,0,0,0,0,0,0,0,0,0,0,0,0,0,4.504504504504505,9.00900900900901,0,0,0,0,0,0,0,0,4.504504504504505,0,18.01801801801802,0,0,0,0,0,0,0,0,4.504504504504505,0,0,0,0,0,0,0,0,0,0,0,0,0,0,0,0,0,0,4.504504504504505,0,0,0,0,0,0,0,0,0,0,0,0,4.504504504504505,0,0,13.513513513513514,0,0,13.513513513513514,0,0,0,0,0,0,4.504504504504505,0,0,0,9.00900900900901,9.00900900900901,4.504504504504505,0,0,4.504504504504505,4.504504504504505,0,4.504504504504505,0,0,4.504504504504505,0,0,0,0,0,0,0,0,0,0,0,0,0,0,0,0,0,0,0,0,0,0,0,0,0,0,0,0,0,0,0,0,0,0,0,0,0,0,0,0,4.504504504504505,0,0,0,0,0,0,0,0,0,0,0,4.504504504504505,0,4.504504504504505,4.504504504504505,0,0,0,0,0,0,0,0,0,0,0,0,0,0,0,13.513513513513514,0,0,0,0,0,4.504504504504505,4.504504504504505,0,0,0,0,0,0,9.00900900900901,0,0,0,4.504504504504505,0,0,0,0,0,0,0,0,0,0,0,0,0,0,0,0,0,0,0,0,0,0,0,0,0,0,0,0,0,0,0,0,0,0,0,0,4.504504504504505,0,0,0,0,0,0,0,0,0,0,0,0,4.504504504504505,0,0,0,0,0,0,0,0,0,0,0,0,0,0,0,0,0,0,0,0,0,0,0,0,0,0,0,0,0,0,0,0,0,0,0,0,0,0,4.504504504504505,22.52252252252252,4.504504504504505,0,0,0,0,0,0,4.504504504504505,0,0,0,4.504504504504505,0,0,0,0,0,0,0,0,0,0,0,0,0,0,0,0,0,0,0,0,0,0,0,0,0,0,0,0,0,0,0,0,0,0,0,0,0,0,0,0,0,0,0,0,0,0,4.504504504504505,0,0,0,0,0,0,0,0,0,0,0,0,0,4.504504504504505,0,0,0,0,0,0,0,0,0,0,0,0,0,4.504504504504505,4.504504504504505,0,0,0,0,0,0,0,0,0,0,0,0,0,0,0,0,0,0,0,0,0,0,0,0,0,0,0,0,0,0,0,0,0,0,0,0,0,0,0,0,0,0,0
lenin_shag_vpered_2nazad.txt_chunk1,lenin,5,0,0,1,1,1,2,0,0,0,2,30,0,0,2,0,9,1,1,0,1,0,1,6,0,3,0,0,0,0,0,0,0,0,1,0,1,0,0,1,0,0,0,1,5,1,2,4,3,0,0,0,1,0,0,0,49,1,5,0,2,0,12,17,2,2,0,1,1,3,0,1,3,0,1,0,0,3,0,1,0,0,2,2,0,2,1,0,0,7,0,0,8,0,1,0,0,1,0,0,0,1,0,0,0,5,0,9,5,1,0,0,2,0,2,1,1,2,1,3,0,1,0,1,12,0,2,0,2,1,0,5,0,0,0,0,0,0,1,0,0,0,3,4,1,1,0,0,0,0,0,0,0,1,1,0,0,0,1,0,4,2,2,3,1,0,1,0,1,0,0,0,0,0,0,2,0,9,4,2,3,0,2,0,3,0,0,0,0,0,2,0,0,1,0,2,1,3,1,4,0,0,0,0,0,0,0,0,0,2,0,0,1,0,0,0,0,2,0,1,1,0,0,1,0,0,0,0,0,0,0,0,0,4,0,1,2,0,4,1,0,0,0,2,1,1,6,0,0,0,1,0,0,0,0,0,0,8,1,0,16,0,0,0,1,0,0,1,0,0,0,2,0,0,3,0,1,11,0,0,0,0,1,0,1,5,0,0,0,2,1,0,0,1,0,0,0,0,0,0,0,0,0,0,0,0,0,0,0,0,0,0,0,1,0,0,0,1,0,0,0,4,1,3,1,0,0,0,1,0,0,0,2,0,1,2,2,0,0,0,0,0,0,0,0,0,0,0,1,1,0,2,0,0,0,2,0,0,0,0,1,0,0,1,1,0,0,0,1,0,0,0,0,0,0,0,0,0,0,0,0,0,0,0,0,0,1,0,0,0,0,3,0,0,0,0,0,0,0,0,1,0,0,0,0,0,0,0,0,2,0,0,0,0,0,0,0,0,0,0,0,0,0,0,0,0,0,0,0,1,1,0,0,0,0,0,0,1,0,0,3,0,0,0,0,0,0,0,0,1,1,0,0,0,1,0,0,1,2,4,0,0,0,0,0,0,0,0,0,0,0,0,0,1,0,1,1,0,0,0,0,0,0,0,0,1,0,0,0,0,0,0,0,0,0,0,0,0,0,0
lenin_shag_vpered_2nazad.txt_chunk11,lenin,1,0,0,0,0,0,2,1,2,8,2,41,0,0,0,0,2,0,3,0,1,0,0,3,0,0,0,0,2,0,1,0,0,2,3,0,5,2,1,1,0,0,0,2,7,4,1,0,0,4,0,2,3,0,0,0,42,0,3,1,3,0,0,12,0,13,0,1,0,0,0,1,3,0,0,1,1,0,0,2,0,0,5,0,0,0,0,0,0,13,0,0,12,0,0,0,0,0,0,1,1,0,0,0,1,1,0,5,1,2,0,0,0,1,2,2,0,0,3,3,0,0,0,0,6,2,0,2,0,2,3,12,0,0,0,1,0,0,1,0,0,1,1,1,0,0,0,0,1,0,1,1,4,0,4,0,2,1,0,0,4,1,1,6,0,0,0,0,0,0,0,0,0,3,0,0,0,9,1,0,2,0,2,0,1,1,4,1,5,1,2,1,0,0,0,1,1,1,0,3,0,0,0,0,0,0,1,0,0,0,0,0,0,0,0,0,1,0,0,2,0,0,0,1,0,0,0,0,0,0,0,0,0,4,0,0,0,0,0,1,0,0,1,1,0,2,8,0,0,0,2,0,0,1,1,0,0,0,0,0,11,0,0,1,1,0,2,1,0,0,0,0,0,0,3,0,1,2,2,0,0,0,0,1,0,0,0,0,0,0,1,1,2,0,0,0,0,0,0,0,0,0,0,0,0,0,2,0,2,0,0,0,1,0,1,0,0,0,0,2,0,4,0,3,1,0,0,0,0,4,1,0,2,0,0,1,0,2,0,0,0,2,0,0,0,0,2,0,1,0,1,1,0,0,0,0,0,5,1,0,0,0,0,0,0,1,0,1,0,1,0,0,0,2,1,1,2,1,1,0,2,0,0,0,0,0,1,0,0,0,0,0,0,0,0,0,0,0,0,0,0,1,0,0,0,1,0,0,0,0,0,0,1,0,0,0,0,0,0,0,0,0,0,0,0,0,0,0,1,1,0,0,0,0,1,0,0,0,0,0,1,0,0,0,0,0,0,1,0,0,0,0,0,0,0,0,1,1,6,10,0,0,0,0,0,0,0,0,0,0,0,0,0,0,1,0,1,0,0,0,1,0,0,0,0,2,0,0,0,1,0,0,0,0,0,0,0,0,0,0
lenin_shag_vpered_2nazad.txt_chunk16,lenin,8,0,0,0,3,3,6,0,0,4,3,26,1,0,0,2,1,1,0,0,0,0,0,3,0,1,1,0,0,2,0,0,0,4,2,0,2,4,0,1,2,0,1,2,2,1,6,3,2,2,0,0,10,1,0,1,37,1,5,7,2,0,0,8,3,5,0,2,1,0,0,0,0,0,0,0,0,0,0,4,1,0,0,0,1,2,2,0,1,7,0,2,22,2,1,0,1,0,0,4,0,0,0,0,6,0,1,6,1,2,0,1,2,0,0,2,0,0,8,4,0,0,0,0,3,1,0,3,0,3,0,4,0,1,0,4,0,1,1,0,1,0,0,2,0,7,0,1,0,0,0,1,2,0,0,0,3,0,3,0,3,4,0,6,2,0,0,1,1,1,0,1,1,0,0,3,0,9,4,0,1,1,3,6,3,2,0,0,0,0,0,2,1,0,0,5,0,0,0,5,1,0,2,0,3,1,1,1,0,0,0,0,0,0,0,0,0,1,1,0,3,0,0,1,0,0,0,1,3,0,0,0,0,2,0,1,1,0,5,0,0,0,0,1,2,0,0,0,5,5,3,0,2,0,1,0,0,2,1,0,23,4,0,0,0,0,0,1,0,0,1,0,0,0,18,0,0,0,0,0,0,0,0,0,0,3,0,0,1,0,1,1,3,2,1,0,0,0,1,0,2,0,0,0,0,1,0,0,1,1,2,0,0,0,0,0,0,2,0,1,0,1,1,0,0,4,0,0,1,1,6,1,0,2,0,0,0,0,0,1,0,0,0,0,0,0,0,0,3,0,0,1,0,0,2,2,0,0,0,0,0,0,0,0,2,0,0,0,0,1,0,0,0,1,0,0,14,1,0,0,1,0,0,0,1,0,0,1,0,0,0,1,0,1,0,0,1,1,0,0,0,0,0,0,0,0,0,0,0,0,1,0,0,1,0,1,0,0,0,0,0,0,0,0,0,0,0,0,1,0,0,0,0,0,0,0,0,0,0,0,1,0,0,0,0,0,0,0,0,1,1,2,1,0,0,0,0,0,0,11,0,0,0,0,0,0,0,1,0,1,0,0,0,0,0,3,0,0,0,0,0,0,0,0,0,0,0,0,0,1,0,0,0,0,0,0,0,0,0,0
lenin_shag_vpered_2nazad.txt_chunk24,lenin,4,0,1,0,2,0,1,1,1,4,2,38,0,2,0,2,1,0,2,0,2,0,1,3,1,0,0,0,0,0,0,0,0,1,1,0,2,0,0,0,1,0,0,4,2,1,0,0,5,6,0,0,5,0,0,0,36,0,6,0,1,1,1,5,0,9,0,4,2,3,0,0,2,0,1,0,0,2,0,1,1,0,0,0,0,0,0,0,0,28,1,0,9,1,0,0,0,1,0,3,0,0,1,0,4,0,0,7,3,1,0,0,0,2,2,1,0,0,1,4,0,0,0,2,5,0,0,0,0,1,0,13,0,0,0,1,0,0,1,0,0,0,1,0,3,0,0,0,0,0,0,0,8,2,4,0,0,2,0,0,3,3,1,6,2,0,0,0,1,1,2,0,0,0,0,0,0,15,2,1,2,0,11,3,1,2,1,3,3,0,3,0,0,0,0,3,0,0,0,2,0,0,0,0,0,6,3,0,0,0,0,0,0,0,0,1,0,3,0,0,1,0,0,1,1,1,0,0,0,0,0,0,0,3,0,0,1,1,2,1,0,0,0,1,0,0,1,0,0,0,0,0,0,1,0,0,2,1,0,0,2,0,0,2,1,0,0,1,0,0,0,0,0,0,1,0,0,5,10,0,0,0,0,1,0,1,0,1,1,0,0,1,0,0,0,0,0,0,0,0,0,0,0,0,2,0,0,0,0,0,0,0,0,0,0,0,0,0,0,1,0,0,2,3,0,1,0,2,0,2,0,0,0,1,2,0,0,0,0,0,5,0,1,0,0,0,0,0,0,1,0,0,0,0,1,0,0,5,0,0,0,0,0,0,1,0,0,0,1,0,0,1,0,2,0,1,4,1,2,0,0,1,0,0,1,0,0,0,1,0,1,1,1,0,0,0,0,1,0,0,1,0,0,0,0,0,0,0,0,0,0,0,0,0,0,0,0,0,0,0,0,0,0,0,0,0,0,0,0,0,0,1,0,0,1,0,0,0,0,2,0,1,0,0,0,1,0,0,0,2,2,0,0,0,1,0,0,0,8,2,0,1,0,0,0,0,0,0,0,0,0,0,0,3,0,0,0,0,1,0,0,0,0,0,0,0,0,0,0,0,0,0,0,0,0,0,0,0,0,0
lenin_shag_vpered_2nazad.txt_chunk25,lenin,4,0,0,1,4,0,3,0,2,4,2,25,1,0,0,0,2,4,2,1,1,3,1,0,1,2,1,0,1,0,1,0,1,0,1,0,2,0,0,3,0,1,0,4,0,0,2,2,3,3,0,0,2,0,0,1,29,0,6,5,0,1,0,4,1,4,0,1,1,0,2,0,0,0,0,2,0,1,0,2,0,0,0,0,1,2,0,0,0,12,5,0,26,1,2,0,0,0,1,0,0,0,0,0,8,0,0,12,0,0,0,0,0,1,0,4,1,0,1,6,0,0,2,0,7,0,0,3,0,1,1,7,0,0,0,0,0,0,0,0,1,0,0,1,0,1,0,0,0,0,0,0,7,0,2,1,1,0,3,0,3,2,0,9,1,1,2,0,1,0,0,0,0,2,0,2,0,15,3,1,0,0,7,3,0,0,1,0,7,2,0,0,2,0,0,2,0,0,0,0,0,0,0,1,0,0,0,0,0,0,0,0,0,0,0,0,0,2,0,1,0,0,0,0,1,1,0,3,1,1,0,0,0,1,0,2,0,0,0,0,0,0,0,0,0,0,0,0,0,0,3,1,0,1,2,0,0,0,0,1,5,1,0,2,4,0,0,0,0,1,0,2,1,0,0,0,0,5,16,0,0,0,0,0,1,1,0,0,0,0,2,2,0,0,0,0,0,0,0,0,0,0,0,0,0,1,0,0,0,0,0,0,0,0,0,0,0,1,0,1,0,0,4,1,0,3,0,0,0,3,1,1,1,0,0,2,0,1,0,1,0,1,1,1,0,0,0,0,0,0,1,0,1,0,0,0,0,2,0,0,0,1,0,0,0,0,1,1,0,0,0,0,1,1,0,0,3,2,1,0,3,2,1,0,0,0,1,1,0,0,0,0,1,1,2,0,0,0,0,1,0,0,0,0,0,2,0,1,0,0,0,0,0,1,0,0,0,0,0,0,0,0,0,0,0,0,0,0,0,0,0,0,0,0,0,0,0,0,0,0,0,1,0,0,0,0,0,0,0,0,0,0,0,0,1,0,0,0,5,2,0,0,0,0,0,0,0,0,0,0,1,0,0,2,0,0,0,1,0,0,0,0,0,0,0,0,0,0,0,0,0,0,0,0,0,0,0,0,0,0
lenin_shag_vpered_2nazad.txt_chunk35,lenin,5,0,1,0,2,1,5,2,0,2,0,36,3,0,0,3,4,0,0,0,0,0,2,7,0,0,0,2,0,0,1,1,0,0,1,0,5,0,0,0,0,1,0,11,1,2,2,3,1,7,1,0,2,0,0,2,47,0,4,3,0,1,1,9,0,6,0,2,0,1,0,2,1,0,0,2,0,1,1,2,1,0,0,0,0,2,0,0,0,13,1,0,21,2,1,0,0,1,1,1,0,1,0,0,3,0,0,5,4,2,0,1,0,1,2,13,0,0,1,3,0,0,3,3,4,1,0,2,0,0,0,9,0,0,1,0,1,2,0,0,1,1,0,4,0,1,0,0,0,0,0,1,1,1,1,0,1,0,4,0,2,0,0,5,2,0,0,0,0,1,1,0,1,0,0,3,0,10,0,1,1,1,5,3,0,1,2,0,4,1,2,1,0,0,0,2,0,2,1,1,0,0,0,0,2,0,0,0,0,0,0,0,1,0,1,1,0,0,0,1,0,0,0,0,0,0,0,1,0,2,0,1,0,0,0,0,0,0,1,1,0,0,0,0,0,0,0,0,1,2,1,0,1,0,0,0,1,2,0,0,3,0,0,1,2,0,1,0,0,0,0,0,0,0,1,1,1,3,1,0,0,0,1,1,2,1,1,0,0,1,1,2,0,0,0,0,0,0,0,1,0,0,0,0,3,0,0,0,0,0,0,0,0,0,0,0,0,2,1,1,0,2,2,2,0,0,0,4,0,1,2,2,0,0,2,0,0,1,0,1,0,1,0,1,1,0,2,0,0,1,1,0,0,0,0,1,0,2,1,0,0,0,0,0,0,0,5,1,0,0,0,0,1,6,0,0,2,2,0,0,0,0,1,0,1,0,1,0,0,1,0,4,2,0,0,0,1,0,0,0,0,0,0,0,0,0,0,0,2,0,1,0,2,1,0,0,0,0,0,0,0,0,0,0,0,1,0,1,0,0,0,1,0,0,0,0,0,0,0,0,0,0,0,0,0,0,0,0,0,0,1,0,0,0,1,0,0,0,3,10,0,0,0,0,0,0,0,0,0,0,0,2,0,0,1,0,0,0,0,1,0,0,0,0,0,0,0,0,0,0,0,0,0,0,0,0,0,0,0,0
lenin_shag_vpered_2nazad.txt_chunk43,lenin,4,0,0,1,5,1,5,0,1,6,2,25,0,0,0,1,1,0,2,0,2,0,1,4,2,1,0,0,1,0,0,0,0,3,0,1,3,0,0,0,0,0,0,3,0,0,5,1,3,3,0,0,7,0,0,0,48,0,11,6,0,0,1,9,1,3,0,0,1,0,0,1,2,0,1,0,0,0,0,2,3,1,0,0,0,0,0,1,0,19,0,1,29,1,0,0,0,2,0,2,0,1,0,4,4,0,0,7,2,1,0,0,1,1,3,1,0,3,1,9,2,0,0,1,3,0,1,1,0,2,0,13,1,0,0,3,1,0,2,0,0,1,1,4,0,3,1,0,0,1,0,0,0,1,2,0,0,0,0,0,5,1,0,1,3,0,0,0,0,2,0,0,1,1,0,2,0,14,4,1,2,0,9,4,2,0,0,2,14,1,6,0,0,0,0,2,0,2,0,0,1,0,0,0,0,2,0,0,0,0,0,0,1,0,0,0,0,0,0,0,0,0,1,0,0,0,0,0,0,2,0,0,0,2,0,0,0,0,1,1,0,0,0,0,0,3,1,0,0,0,0,1,2,0,1,0,1,1,0,0,6,2,0,2,6,0,0,0,0,0,0,0,0,0,0,1,5,4,2,0,0,0,0,1,0,1,0,0,0,0,2,0,0,0,0,1,0,0,0,0,1,0,0,2,0,0,0,0,0,0,0,0,0,0,0,0,0,1,0,1,0,0,0,2,0,0,0,0,2,1,0,0,3,0,2,0,0,0,0,2,0,0,0,0,2,0,0,0,0,0,0,0,0,0,0,0,0,1,0,0,0,0,0,0,1,0,0,0,0,2,0,0,0,3,0,0,6,1,0,0,3,0,0,0,0,1,0,0,1,0,1,0,1,0,1,0,1,0,0,0,0,0,0,0,0,1,0,0,0,0,0,0,0,0,2,0,0,0,0,0,0,0,0,0,0,0,0,0,0,1,0,2,0,0,0,0,0,0,0,2,0,2,0,0,2,0,0,0,0,0,0,0,0,0,4,2,0,0,6,4,0,0,0,0,0,0,0,0,0,0,0,2,0,0,0,0,1,0,0,0,0,0,0,0,0,0,0,0,0,0,0,0,0,0,0,0,0,0,0,0
lenin_shag_vpered_2nazad.txt_chunk53,lenin,8,0,0,0,1,0,2,0,0,1,1,27,0,2,0,3,1,1,0,1,0,0,0,3,1,0,1,0,0,1,0,0,2,0,0,0,2,0,0,1,0,0,1,1,0,0,2,8,2,4,1,0,4,0,0,0,33,1,1,4,0,1,1,12,0,4,0,1,0,0,0,0,1,0,0,0,0,2,0,0,0,1,0,0,0,1,0,1,1,5,0,4,18,0,1,0,1,0,0,1,1,0,0,0,3,5,0,11,1,1,0,0,0,0,1,2,2,2,16,6,0,0,0,0,11,0,0,1,1,0,0,6,0,0,0,0,0,0,0,0,0,0,0,0,1,0,0,1,1,0,0,2,1,1,3,0,0,0,3,0,2,2,0,4,3,1,1,0,0,1,1,0,0,0,0,7,1,24,0,2,1,0,14,2,3,0,0,0,0,3,0,5,0,0,0,1,0,0,0,0,0,0,0,0,2,0,1,3,0,1,0,0,0,0,0,0,0,0,0,1,0,0,0,0,0,0,0,1,0,0,0,0,0,3,0,0,0,0,8,1,0,0,1,0,0,0,5,0,0,0,0,1,0,0,0,0,1,2,0,0,5,0,0,0,0,0,0,0,0,0,1,0,1,0,6,0,0,2,1,1,0,3,5,0,0,2,0,1,0,0,0,0,0,2,2,1,0,0,0,0,0,0,0,0,0,1,6,0,0,0,0,0,0,0,0,0,0,0,0,0,0,2,0,8,0,1,1,0,0,0,0,0,0,0,0,0,3,0,0,0,0,0,0,0,0,0,4,0,0,0,0,0,0,0,1,0,0,3,0,0,0,0,0,0,2,0,0,1,0,4,0,0,0,2,0,2,5,6,0,0,0,0,1,0,0,0,0,1,0,0,0,1,0,4,0,0,0,0,0,0,1,1,0,0,0,0,0,0,1,0,0,0,0,0,0,0,0,0,0,0,0,0,0,0,0,0,0,0,0,5,0,0,0,0,0,0,0,0,0,0,0,3,0,0,0,0,1,0,0,0,0,0,0,0,1,2,0,0,0,6,0,0,0,0,0,0,1,0,0,0,1,1,0,0,0,0,0,0,0,0,0,0,0,0,0,0,0,0,0,0,0,0,0,0,0,0,0,0,0,0
lenin_shag_vpered_2nazad.txt_chunk61,lenin,3,0,1,0,1,0,4,2,1,3,3,32,0,0,0,0,1,0,1,0,1,1,0,2,0,2,1,1,2,0,0,1,0,0,4,0,2,0,0,0,1,0,0,1,3,1,1,0,3,3,1,0,4,0,0,0,44,0,3,0,0,0,1,2,0,8,0,0,1,0,0,0,0,0,0,0,0,1,0,1,0,0,0,0,0,1,1,0,0,14,2,0,12,0,0,0,1,0,1,4,2,0,0,0,3,1,0,1,0,1,0,0,2,0,0,1,4,3,5,2,0,0,1,1,3,2,0,1,0,1,0,9,0,0,0,0,1,2,1,0,1,1,0,0,4,0,0,0,2,0,0,0,1,0,4,1,0,0,0,0,1,3,0,1,0,1,0,0,1,2,1,0,0,0,0,0,0,7,2,2,1,0,2,3,1,1,1,0,3,1,1,0,0,0,1,1,0,0,0,0,0,1,1,1,0,1,0,0,0,0,0,0,0,0,0,0,0,0,0,0,0,0,0,0,0,0,0,0,0,0,0,0,0,5,0,0,0,0,0,3,0,0,0,0,3,0,5,0,0,1,2,2,0,1,0,0,0,2,0,0,6,1,0,2,3,0,0,1,0,0,0,0,0,0,3,0,0,2,1,0,1,2,0,1,0,4,0,1,0,1,1,0,0,1,0,1,0,0,0,0,0,0,1,0,0,1,1,0,0,0,1,2,1,1,1,0,1,0,0,3,0,0,0,0,0,1,0,0,1,1,0,1,1,1,0,1,1,0,0,0,4,0,0,0,0,0,0,0,0,0,1,2,0,0,0,0,0,0,0,0,1,2,0,0,1,0,0,0,0,0,0,0,0,3,0,0,2,0,0,0,0,0,0,0,0,0,2,0,0,0,0,1,0,0,0,0,1,0,0,0,0,0,0,0,1,0,0,0,0,0,2,0,0,0,0,0,0,0,0,3,0,0,0,0,0,0,0,0,0,2,0,0,0,0,0,0,0,0,1,0,0,0,0,0,0,1,0,0,1,2,0,0,0,1,2,0,1,0,4,18,2,0,0,0,0,0,0,1,0,0,0,1,0,0,0,0,0,0,0,0,0,0,0,0,1,0,0,2,0,0,0,0,0,0,0,0,0,0,0,0
lenin_shag_vpered_2nazad.txt_chunk62,lenin,4,0,1,0,0,0,8,2,2,5,1,23,0,1,0,1,3,2,0,1,0,0,0,1,0,2,0,0,1,0,1,1,0,0,0,0,3,0,1,0,0,1,0,5,0,2,3,0,0,3,0,0,3,1,0,0,39,0,5,5,1,0,3,9,2,6,0,0,0,0,0,0,2,0,0,0,0,0,0,3,1,0,1,1,0,1,1,0,0,17,1,2,24,1,1,1,3,1,1,5,0,1,0,2,2,0,0,6,1,2,0,0,0,1,0,6,0,3,11,4,0,0,6,0,9,0,0,3,0,0,0,16,0,0,0,0,1,0,0,0,1,1,0,1,3,0,0,0,0,0,0,2,1,0,3,0,0,0,1,0,6,1,0,4,1,0,2,0,0,0,1,1,0,0,0,2,0,15,2,1,2,0,4,2,1,3,0,1,3,0,2,0,0,0,0,1,0,0,0,4,1,0,0,0,5,3,0,1,1,0,2,0,0,1,0,0,0,3,1,0,0,0,0,0,1,0,0,0,2,0,1,2,0,1,0,0,0,0,0,1,0,1,0,0,0,1,15,0,0,0,2,0,0,2,0,0,2,0,0,0,0,0,0,1,1,0,0,0,0,0,0,0,0,0,0,5,0,7,2,0,0,0,0,0,0,0,0,1,0,0,2,0,0,0,0,0,0,0,0,1,0,0,0,1,0,0,0,0,0,1,0,0,0,0,0,0,0,0,0,1,0,0,3,2,1,0,0,0,1,1,0,0,1,0,1,2,0,1,0,7,0,0,0,0,0,0,3,0,0,0,0,0,0,0,1,0,0,2,1,0,0,1,0,1,1,0,1,0,0,0,0,0,0,1,0,0,5,0,1,0,3,0,0,0,0,0,1,0,1,0,0,0,0,0,1,0,0,0,0,0,0,0,0,0,1,0,0,0,0,1,0,0,0,0,0,0,0,0,0,0,0,0,0,1,0,0,0,0,0,0,0,0,0,0,0,0,0,0,0,0,1,3,0,0,0,0,0,0,0,0,1,0,0,0,12,0,0,0,7,17,0,0,0,0,0,0,0,0,0,0,1,0,0,0,0,0,0,0,0,0,0,0,0,0,0,0,0,0,0,1,0,0,0,0,0,0,0,0,0,0
lenin_shag_vpered_2nazad.txt_chunk63,lenin,7,0,0,0,0,0,4,1,0,4,2,27,0,1,0,1,1,0,0,0,2,0,2,3,0,1,1,0,0,1,1,0,0,1,2,0,2,0,0,0,0,2,0,3,0,1,3,0,4,3,1,0,3,0,0,0,38,0,5,7,1,1,3,6,2,1,0,0,0,0,0,1,2,0,0,3,0,0,0,1,2,0,2,1,0,1,1,1,0,20,0,1,19,1,0,0,0,2,1,2,1,0,0,2,4,0,0,10,6,0,0,0,0,0,0,1,1,0,10,11,0,0,1,0,3,0,0,0,0,3,0,9,0,0,0,1,0,1,1,0,0,0,0,0,0,0,0,0,0,0,0,0,3,0,2,0,0,0,2,0,4,2,0,4,1,0,0,0,0,1,0,0,0,0,0,0,0,15,1,3,1,0,10,3,3,7,0,2,5,0,5,1,1,0,1,3,1,0,0,2,0,0,1,0,2,4,0,1,0,0,0,0,1,0,0,0,0,1,2,0,0,0,0,0,0,0,0,0,1,0,1,0,0,4,0,1,0,1,1,3,0,0,0,0,0,0,10,2,0,0,1,1,0,0,1,0,0,0,0,0,3,0,0,3,2,0,0,0,0,0,0,0,0,0,0,0,0,5,1,0,0,0,0,0,0,2,0,1,1,0,3,0,0,0,0,0,0,0,0,0,0,0,0,1,0,0,0,0,0,0,0,0,0,0,0,0,0,0,0,0,0,0,2,1,0,2,0,0,3,3,0,2,0,0,1,0,0,0,0,1,0,1,1,1,1,0,1,0,0,0,0,0,0,0,1,0,0,1,0,0,0,1,0,0,1,0,0,0,0,0,0,0,0,2,0,0,5,2,0,0,2,0,0,0,0,0,0,3,0,0,0,2,0,0,0,0,0,0,0,0,0,0,0,0,1,1,0,2,0,0,0,0,0,0,0,0,0,0,0,0,0,0,0,0,0,0,0,0,1,0,0,1,0,0,1,0,0,0,0,1,2,1,0,0,0,0,0,0,0,0,1,0,0,0,11,0,0,0,7,23,0,1,0,0,0,0,0,0,0,0,3,0,0,0,1,0,0,0,0,0,1,0,0,0,0,1,0,0,0,0,0,0,0,0,0,0,0,0,0,0
lenin_spb_stachka.txt_chunk1,lenin,4.9937578027465666,0,0,0,1.2484394506866416,0,1.2484394506866416,0,1.2484394506866416,3.745318352059925,0,34.95630461922597,0,0,0,3.745318352059925,0,0,0,0,1.2484394506866416,0,1.2484394506866416,2.4968789013732833,0,0,0,0,0,0,0,0,0,1.2484394506866416,2.4968789013732833,0,4.9937578027465666,0,0,0,0,0,1.2484394506866416,3.745318352059925,1.2484394506866416,0,1.2484394506866416,0,6.242197253433208,0,0,0,3.745318352059925,0,0,0,42.44694132334582,0,6.242197253433208,3.745318352059925,0,0,2.4968789013732833,4.9937578027465666,0,1.2484394506866416,0,0,0,0,0,0,2.4968789013732833,0,0,0,1.2484394506866416,0,0,0,0,0,0,0,0,1.2484394506866416,0,0,0,16.229712858926344,0,1.2484394506866416,11.235955056179774,0,0,2.4968789013732833,0,1.2484394506866416,0,0,1.2484394506866416,0,0,0,2.4968789013732833,0,0,2.4968789013732833,0,0,0,0,4.9937578027465666,0,0,0,2.4968789013732833,2.4968789013732833,0,3.745318352059925,0,0,1.2484394506866416,3.745318352059925,2.4968789013732833,0,0,0,1.2484394506866416,2.4968789013732833,0,9.987515605493133,0,0,0,0,0,0,0,0,3.745318352059925,0,1.2484394506866416,0,0,0,0,0,0,0,0,0,0,0,1.2484394506866416,0,0,0,0,0,1.2484394506866416,0,0,1.2484394506866416,1.2484394506866416,0,0,0,0,2.4968789013732833,0,0,0,0,0,0,1.2484394506866416,8.739076154806492,0,1.2484394506866416,1.2484394506866416,0,4.9937578027465666,0,0,0,0,0,0,0,0,0,0,0,0,1.2484394506866416,0,1.2484394506866416,0,1.2484394506866416,0,0,1.2484394506866416,0,0,0,0,0,0,0,0,0,0,0,0,1.2484394506866416,0,0,0,0,0,0,0,0,0,1.2484394506866416,0,0,0,1.2484394506866416,1.2484394506866416,1.2484394506866416,0,2.4968789013732833,3.745318352059925,0,0,0,3.745318352059925,1.2484394506866416,0,1.2484394506866416,9.987515605493133,9.987515605493133,1.2484394506866416,0,0,1.2484394506866416,0,3.745318352059925,0,0,0,0,0,2.4968789013732833,1.2484394506866416,1.2484394506866416,0,0,0,0,0,0,2.4968789013732833,0,1.2484394506866416,6.242197253433208,4.9937578027465666,1.2484394506866416,0,0,0,2.4968789013732833,6.242197253433208,0,0,0,1.2484394506866416,0,0,2.4968789013732833,0,0,0,4.9937578027465666,0,0,0,0,1.2484394506866416,0,0,1.2484394506866416,0,0,0,0,0,0,1.2484394506866416,3.745318352059925,0,1.2484394506866416,1.2484394506866416,0,1.2484394506866416,0,0,0,8.739076154806492,0,1.2484394506866416,1.2484394506866416,0,0,2.4968789013732833,0,1.2484394506866416,0,0,0,0,0,1.2484394506866416,0,0,2.4968789013732833,0,0,0,0,0,0,0,1.2484394506866416,1.2484394506866416,0,0,0,1.2484394506866416,0,1.2484394506866416,0,0,0,0,0,0,0,0,0,0,1.2484394506866416,0,1.2484394506866416,1.2484394506866416,4.9937578027465666,2.4968789013732833,0,0,0,0,1.2484394506866416,0,1.2484394506866416,0,0,0,0,0,0,0,1.2484394506866416,0,1.2484394506866416,1.2484394506866416,1.2484394506866416,0,0,0,0,0,3.745318352059925,0,0,0,0,0,1.2484394506866416,0,2.4968789013732833,1.2484394506866416,0,0,0,0,0,1.2484394506866416,0,1.2484394506866416,0,0,0,0,0,0,0,1.2484394506866416,0,3.745318352059925,0,0,0,1.2484394506866416,0,0,0,0,0,0,0,1.2484394506866416,0,3.745318352059925,0,0,0,0,0,0,2.4968789013732833,0,1.2484394506866416,0,0,1.2484394506866416,1.2484394506866416,0,0,0,0,1.2484394506866416,0,4.9937578027465666,0,2.4968789013732833,0,0,0,1.2484394506866416,0,1.2484394506866416,0,0,0,1.2484394506866416,0,0,0,0,1.2484394506866416,0,1.2484394506866416,0,0,0,1.2484394506866416,0,0,1.2484394506866416,0,0,0,1.2484394506866416,2.4968789013732833,0,0,0,0,2.4968789013732833,0,0,0,2.4968789013732833,0,0,1.2484394506866416,0,0,0,0,0,0,0,0,0,0,0,0
lenin_tostoy_i_ego_epoha.txt_chunk1,lenin,4,0,0,1,0,0,0,1,0,3,1,43,0,1,0,1,3,1,0,0,1,2,1,6,0,2,0,0,0,1,0,0,0,1,0,0,7,0,1,0,0,1,0,4,1,1,1,13,1,1,4,0,6,0,0,0,38,1,0,3,0,0,0,7,0,12,2,5,0,2,1,0,2,1,1,0,1,3,0,0,0,1,0,0,0,2,0,1,0,8,0,1,15,0,0,1,0,0,1,2,0,0,0,0,5,0,0,3,1,0,1,2,0,0,0,5,1,1,0,3,1,0,1,0,3,0,0,1,0,0,0,8,0,0,1,3,0,0,1,1,0,0,0,0,3,2,0,1,0,1,1,2,2,0,4,0,0,0,0,0,6,5,1,8,2,1,0,0,0,4,0,1,0,0,0,4,0,10,3,1,3,0,6,3,2,1,0,1,0,0,0,0,0,0,0,1,0,1,0,6,0,1,0,2,0,0,0,0,0,0,1,1,0,0,0,0,0,0,0,1,2,0,1,1,0,0,0,1,0,0,0,0,0,0,0,0,1,0,1,2,1,2,0,1,0,0,0,0,0,1,0,0,1,1,0,0,0,0,0,0,0,0,0,1,0,0,0,0,0,0,0,0,0,0,0,0,0,0,5,0,0,0,0,0,0,0,0,0,1,0,0,0,0,0,0,3,0,0,0,0,0,0,0,1,0,0,0,0,0,0,1,0,5,0,0,1,0,0,3,0,0,0,1,3,1,0,1,0,0,4,4,0,2,0,1,0,1,0,1,0,0,0,1,0,2,3,0,0,0,0,0,0,0,0,1,0,1,0,0,0,3,0,0,0,1,0,1,0,0,0,1,0,2,6,0,1,0,4,0,1,1,0,0,0,0,0,0,1,0,2,0,2,1,0,0,0,0,0,0,1,3,0,0,0,2,0,0,0,0,0,0,0,0,0,0,0,1,0,1,0,0,0,0,0,0,0,1,1,0,1,0,1,0,0,0,0,0,0,1,0,0,0,0,0,0,1,0,0,0,2,0,0,0,0,0,0,0,0,0,0,0,0,0,2,0,0,0,0,1,0,0,0,6,0,0,0,0,1,4,0,0,6,1,0,0,0,0,0,0,0,0,0,0,0,0,0,0,0,0,0
lenin_tsennoe_priznanie_I.txt_chunk2,lenin,5.050505050505051,0,0,2.0202020202020203,2.0202020202020203,1.0101010101010102,1.0101010101010102,0,0,0,2.0202020202020203,26.262626262626263,0,0,0,0,1.0101010101010102,1.0101010101010102,0,0,5.050505050505051,0,7.070707070707071,3.0303030303030303,0,3.0303030303030303,1.0101010101010102,1.0101010101010102,1.0101010101010102,1.0101010101010102,1.0101010101010102,1.0101010101010102,0,2.0202020202020203,2.0202020202020203,0,3.0303030303030303,0,0,0,1.0101010101010102,2.0202020202020203,0,4.040404040404041,0,1.0101010101010102,1.0101010101010102,1.0101010101010102,3.0303030303030303,3.0303030303030303,0,0,0,0,3.0303030303030303,1.0101010101010102,55.55555555555555,2.0202020202020203,2.0202020202020203,3.0303030303030303,0,0,3.0303030303030303,6.0606060606060606,0,5.050505050505051,0,2.0202020202020203,1.0101010101010102,0,0,0,4.040404040404041,0,0,0,0,0,2.0202020202020203,1.0101010101010102,0,0,0,0,0,2.0202020202020203,1.0101010101010102,0,0,17.17171717171717,0,0,21.212121212121215,0,0,0,0,0,0,1.0101010101010102,0,1.0101010101010102,1.0101010101010102,2.0202020202020203,6.0606060606060606,1.0101010101010102,0,8.080808080808081,0,2.0202020202020203,0,0,0,0,0,2.0202020202020203,1.0101010101010102,1.0101010101010102,0,8.080808080808081,0,0,1.0101010101010102,4.040404040404041,4.040404040404041,0,0,2.0202020202020203,0,0,0,6.0606060606060606,0,1.0101010101010102,0,1.0101010101010102,0,0,1.0101010101010102,2.0202020202020203,1.0101010101010102,1.0101010101010102,1.0101010101010102,0,1.0101010101010102,1.0101010101010102,0,1.0101010101010102,0,1.0101010101010102,0,0,0,0,5.050505050505051,1.0101010101010102,2.0202020202020203,0,0,0,1.0101010101010102,1.0101010101010102,0,5.050505050505051,3.0303030303030303,2.0202020202020203,0,0,0,4.040404040404041,0,0,1.0101010101010102,0,1.0101010101010102,5.050505050505051,0,18.18181818181818,3.0303030303030303,0,0,1.0101010101010102,9.09090909090909,3.0303030303030303,2.0202020202020203,0,0,1.0101010101010102,0,1.0101010101010102,0,0,0,0,0,0,0,0,0,2.0202020202020203,0,0,1.0101010101010102,0,1.0101010101010102,0,0,1.0101010101010102,0,0,0,0,0,0,0,3.0303030303030303,0,2.0202020202020203,1.0101010101010102,1.0101010101010102,0,0,0,0,0,0,0,0,0,0,0,0,1.0101010101010102,0,0,0,1.0101010101010102,1.0101010101010102,3.0303030303030303,3.0303030303030303,0,0,0,0,0,0,0,0,0,0,0,0,1.0101010101010102,0,0,0,0,0,1.0101010101010102,0,0,0,0,0,2.0202020202020203,0,0,4.040404040404041,8.080808080808081,0,1.0101010101010102,0,1.0101010101010102,0,0,0,0,0,2.0202020202020203,0,0,0,1.0101010101010102,1.0101010101010102,0,1.0101010101010102,2.0202020202020203,0,0,1.0101010101010102,2.0202020202020203,0,0,0,0,0,2.0202020202020203,0,3.0303030303030303,0,0,1.0101010101010102,0,1.0101010101010102,0,1.0101010101010102,0,0,1.0101010101010102,3.0303030303030303,15.151515151515152,0,1.0101010101010102,0,0,0,1.0101010101010102,0,0,1.0101010101010102,0,0,1.0101010101010102,1.0101010101010102,0,1.0101010101010102,0,0,0,0,0,0,0,0,4.040404040404041,0,2.0202020202020203,0,0,0,1.0101010101010102,0,1.0101010101010102,1.0101010101010102,1.0101010101010102,0,0,0,0,0,0,2.0202020202020203,0,1.0101010101010102,0,0,0,0,0,0,1.0101010101010102,0,0,0,1.0101010101010102,0,1.0101010101010102,0,0,1.0101010101010102,1.0101010101010102,0,1.0101010101010102,0,0,2.0202020202020203,3.0303030303030303,2.0202020202020203,1.0101010101010102,0,0,0,0,0,0,2.0202020202020203,0,0,0,0,0,0,1.0101010101010102,0,0,1.0101010101010102,1.0101010101010102,0,0,0,0,1.0101010101010102,0,0,0,0,1.0101010101010102,0,2.0202020202020203,0,0,0,1.0101010101010102,0,0,0,0,0,0,0,1.0101010101010102,1.0101010101010102,7.070707070707071,0,0,0,0,0,0,1.0101010101010102,0,0,2.0202020202020203,1.0101010101010102,0,1.0101010101010102,0,0,0,1.0101010101010102,0,0,0,4.040404040404041,0,0,0,0,0,1.0101010101010102,1.0101010101010102,0,0,0,0,0,0,0,0,0,0,0,0,2.0202020202020203,0,0,0,0,0,0,1.0101010101010102,0,0,1.0101010101010102,1.0101010101010102,0,0,0,0,0,0,0,0,0,0,0,0,0,0,0,1.0101010101010102,0,0,0,0,0,0,0,0,0
lenin_zemsk_kampania_iskra.txt_chunk1,lenin,4,0,0,2,0,0,5,2,1,2,0,26,0,0,0,1,2,1,3,0,1,0,2,2,0,0,1,1,0,0,1,1,1,1,0,0,7,0,1,1,1,0,0,4,5,0,1,0,4,4,0,0,3,0,0,0,36,0,0,2,0,1,3,11,0,8,0,5,0,3,0,0,0,0,0,0,0,1,0,1,0,0,1,0,0,1,2,0,2,17,0,1,10,0,0,0,1,0,0,3,0,0,1,0,6,3,0,10,1,3,1,0,0,1,2,0,3,2,0,1,1,0,0,0,6,3,1,0,0,0,1,15,0,0,0,1,0,0,2,0,0,0,0,1,2,0,0,0,0,0,0,1,0,0,1,0,0,0,4,0,2,1,1,4,2,0,0,0,0,1,1,0,0,0,0,5,0,8,0,3,1,1,4,0,3,0,1,0,0,0,0,1,0,2,0,5,2,0,0,1,0,0,0,0,2,2,1,0,0,0,0,0,1,0,3,2,2,1,0,1,0,0,0,1,0,0,0,0,1,1,0,1,0,4,0,1,0,2,3,0,1,0,2,2,11,2,9,0,0,0,1,0,0,1,0,1,0,1,2,0,3,0,1,1,1,0,0,1,0,0,0,0,0,0,8,3,4,1,1,0,0,0,2,0,2,3,0,0,0,0,3,0,1,0,2,0,0,0,1,0,0,2,0,1,1,1,1,0,1,0,0,1,3,1,0,1,0,0,0,1,0,0,2,2,0,0,0,0,2,0,1,3,0,0,0,1,0,1,0,0,0,0,4,0,0,3,0,0,1,1,0,0,0,0,1,0,0,0,0,0,2,0,0,0,0,0,0,0,0,0,0,0,1,3,0,0,6,0,1,0,0,0,0,1,0,0,0,0,0,1,1,0,0,0,1,0,0,0,0,0,0,2,0,0,0,0,0,1,0,0,5,0,0,0,1,0,0,0,3,0,0,0,0,1,0,0,0,1,0,1,0,5,0,0,0,1,0,0,0,0,1,0,0,0,1,1,1,0,0,1,2,0,0,2,0,0,0,0,0,0,3,0,1,0,0,1,6,0,0,0,0,0,0,0,0,2,0,0,0,0,2,0,0,0,2,0,0,0,0,0,0,7,0,0,0,0,0,0,0,0
lenin_zemsk_kampania_iskra.txt_chunk2,lenin,7,1,0,1,0,1,13,0,2,3,4,19,0,0,2,2,1,0,1,0,4,1,1,5,1,1,1,0,0,0,0,2,0,0,0,0,10,0,1,3,5,1,0,2,1,1,4,2,2,0,0,0,0,1,0,0,34,1,5,0,0,0,2,7,0,5,0,4,4,1,0,1,0,0,0,2,0,0,0,2,0,0,0,0,1,0,0,0,4,15,0,0,26,0,1,0,0,0,0,3,1,0,1,0,5,1,1,15,0,0,0,0,0,0,2,1,6,6,0,3,0,0,0,2,1,0,0,0,0,1,0,9,1,0,0,0,0,0,3,0,0,0,1,1,2,1,0,0,1,1,0,0,0,0,1,0,0,0,2,0,4,5,1,3,3,1,0,0,1,4,0,0,0,0,0,3,0,8,7,0,6,0,3,5,1,0,1,0,0,0,0,2,0,0,0,2,4,0,1,4,0,0,0,0,0,0,0,1,0,0,0,1,0,0,0,1,0,1,2,1,0,0,1,0,0,0,0,0,1,0,0,0,0,2,1,1,2,0,1,0,1,0,0,1,1,1,3,2,0,0,4,0,0,0,2,1,0,1,0,2,0,1,1,0,1,0,0,1,1,0,0,0,0,1,0,2,2,0,0,0,0,0,1,0,0,1,0,1,0,0,2,0,0,0,1,0,0,0,0,0,0,1,0,0,2,0,1,0,1,0,2,1,0,0,2,0,0,1,1,0,0,0,4,4,0,0,0,0,0,0,0,3,0,0,1,0,4,0,0,0,0,0,0,0,0,0,0,0,0,0,0,0,0,0,0,0,0,0,0,0,0,0,0,0,1,0,0,0,0,0,0,0,0,2,0,0,10,2,1,0,0,0,0,0,1,0,0,0,0,0,0,3,1,1,0,0,0,0,0,1,0,0,0,0,1,0,0,0,1,0,4,0,0,0,1,0,0,0,3,0,0,0,1,0,0,0,0,1,0,0,0,0,0,0,1,0,0,0,0,0,0,0,1,0,8,0,0,0,0,1,6,2,1,0,0,0,0,0,0,0,3,1,0,0,0,0,2,0,0,0,0,0,0,0,0,0,0,0,0,0,0,0,0,0,2,0,0,1,0,0,0,1,0,0,0,0,0,0,0,0
lenin_zemsk_kampania_iskra.txt_chunk5,lenin,6,0,0,0,3,0,5,0,0,2,2,33,0,0,0,0,0,0,0,0,2,0,1,3,1,3,0,1,0,0,2,0,0,0,2,0,8,0,1,0,0,1,0,4,0,0,5,0,5,4,0,1,3,0,0,0,43,0,0,0,2,0,2,2,0,5,1,5,0,2,0,1,5,0,2,1,0,0,0,1,0,0,0,1,1,0,2,0,0,16,0,1,12,1,0,0,1,0,1,0,1,0,0,0,2,2,0,13,0,0,0,0,0,0,0,1,0,2,0,0,1,0,1,4,4,0,0,0,0,1,0,15,0,0,0,0,0,0,1,0,0,1,0,1,1,0,1,0,0,1,1,1,0,0,3,0,1,0,0,0,3,0,1,2,3,0,0,0,1,1,0,0,0,0,0,0,1,5,0,0,1,1,11,2,0,0,0,0,0,0,0,1,0,0,0,1,0,0,0,6,0,0,0,2,3,0,0,1,0,0,0,0,1,0,1,2,0,0,0,1,0,1,0,1,0,0,0,0,0,0,1,3,0,0,0,1,0,0,3,1,0,0,2,0,1,0,2,0,0,1,0,1,1,0,0,1,0,1,0,0,1,0,0,3,1,1,0,3,1,2,0,0,0,1,0,0,1,0,1,0,1,0,0,0,0,2,0,0,0,0,1,1,0,0,3,1,0,0,0,0,0,1,0,0,1,0,0,2,2,0,7,0,1,0,1,0,1,1,0,1,0,0,2,7,0,3,0,0,0,1,2,0,0,0,1,0,2,0,0,0,0,1,1,0,1,0,1,0,0,0,0,0,0,0,1,0,0,0,0,0,0,1,0,0,1,0,0,0,1,0,1,6,1,3,1,1,3,0,0,0,0,1,0,0,0,0,0,1,0,0,1,1,0,0,0,0,0,0,0,0,0,2,0,0,1,0,0,0,0,0,6,0,0,0,0,1,0,0,1,0,2,0,5,1,0,0,0,1,0,0,0,1,0,0,0,1,0,0,0,0,1,0,0,1,1,0,0,0,1,1,0,0,1,0,0,1,1,0,0,0,2,0,0,2,0,0,0,0,0,1,0,1,0,1,0,0,0,1,0,0,0,0,0,0,0,0,0,0,0,0,0,1,0,0,0,0,0,0,0,0
martov_borba_za_svobodu_I.txt_chunk2,martov,3,0,0,0,2,1,7,0,0,1,2,35,0,0,1,0,5,1,0,0,1,0,1,4,0,1,0,0,0,0,0,0,0,2,3,0,7,0,1,1,1,1,0,7,0,0,4,1,0,2,2,0,9,0,0,0,29,2,2,3,2,0,2,6,0,4,0,4,0,4,1,0,2,0,1,0,1,2,0,0,0,1,0,0,1,4,0,0,1,15,0,0,16,0,1,0,1,0,1,2,0,0,2,0,3,0,0,13,3,0,0,0,0,2,0,2,4,4,1,6,0,0,0,0,2,1,0,1,0,0,1,12,1,0,0,1,1,1,3,0,0,0,3,1,0,0,0,0,0,0,2,2,1,0,5,0,0,0,0,0,6,4,1,3,1,1,0,1,0,0,0,0,0,0,0,1,0,15,2,1,2,1,2,1,1,0,1,2,0,0,0,0,0,0,1,1,0,0,0,3,0,0,0,0,4,0,0,0,0,0,0,0,1,0,1,0,0,1,0,0,2,0,0,0,0,0,2,0,2,2,2,3,0,1,0,1,0,3,1,3,4,0,0,0,1,0,0,0,0,0,1,0,0,1,0,3,1,0,0,0,2,1,0,1,2,0,0,0,0,0,0,0,0,0,3,1,0,0,1,0,0,0,0,0,0,3,2,1,0,0,2,0,0,1,0,0,1,0,0,0,0,0,0,1,0,0,2,0,0,0,1,0,0,1,0,0,4,0,0,0,0,0,1,1,0,0,0,0,0,0,0,0,0,0,0,1,0,1,0,0,0,0,0,1,0,0,1,0,0,3,0,2,0,0,1,1,0,0,1,1,0,1,0,0,1,0,1,0,0,0,0,0,0,2,0,0,3,0,1,0,0,0,0,0,0,0,0,0,1,0,1,0,2,0,0,0,0,0,0,0,1,0,0,0,0,0,0,0,0,0,1,0,0,0,0,1,0,0,2,0,0,1,0,1,0,0,0,0,0,1,0,1,0,2,0,2,0,0,0,0,0,0,0,0,0,0,1,0,0,1,1,0,0,1,0,0,1,0,1,0,0,0,0,0,0,1,1,0,0,0,1,0,0,0,1,0,2,6,0,2,0,0,1,0,3,0,0,0,0,0,1,1,3,0,0,0,0,0,0,0
martov_borba_za_svobodu_I.txt_chunk3,martov,3,0,0,1,0,0,4,0,1,1,1,25,0,0,0,2,3,0,1,0,3,0,0,1,0,2,0,0,0,2,0,0,0,0,2,0,7,1,1,3,0,0,0,5,0,3,2,1,1,3,0,0,4,0,0,0,40,0,3,2,3,1,3,7,0,6,0,3,0,2,0,0,0,0,2,0,1,0,0,2,1,0,0,0,0,1,0,1,0,12,0,0,20,0,0,0,0,0,0,2,1,0,1,0,6,0,0,3,3,0,1,1,1,1,0,4,1,4,0,7,0,1,0,1,1,2,0,1,0,0,0,10,0,1,0,0,0,0,0,0,1,3,1,0,2,4,0,0,1,0,0,1,1,0,3,0,0,0,2,0,4,5,1,7,1,0,2,1,0,3,0,0,0,0,0,1,1,10,3,0,2,0,2,1,1,2,0,0,0,1,0,1,0,4,2,0,0,1,0,2,0,0,0,2,4,1,1,0,0,0,0,0,0,1,1,0,2,0,1,0,0,0,0,0,0,1,0,0,0,0,1,1,0,3,0,0,1,0,0,5,10,1,0,1,0,0,0,0,0,1,0,0,0,0,0,2,0,2,1,0,1,0,0,2,3,1,0,0,0,0,0,0,2,1,3,0,0,0,1,0,0,0,0,2,0,1,0,0,0,2,0,0,0,0,0,0,0,0,0,0,1,1,0,1,0,1,0,0,0,0,0,0,1,2,1,2,0,0,1,2,0,0,0,1,0,0,0,0,0,0,1,0,1,1,0,0,1,1,0,0,0,0,0,0,0,0,0,0,1,0,0,1,0,0,0,0,0,2,1,0,1,0,0,0,2,0,0,0,0,0,0,0,2,5,2,0,6,2,0,0,1,0,0,0,0,0,1,0,0,1,0,3,0,0,0,0,1,0,0,0,2,1,0,0,1,0,0,1,0,0,3,0,0,0,0,1,0,0,3,0,0,0,0,0,0,0,0,0,0,1,0,1,0,3,0,2,0,0,0,0,1,1,0,0,0,0,0,3,1,0,2,0,0,0,0,0,1,0,0,0,1,1,0,2,0,0,2,0,0,1,0,0,0,0,2,1,0,0,0,0,1,0,2,0,0,0,3,1,3,0,1,0,5,0,0,0,0,0,0,0
martov_borba_za_svobodu_I.txt_chunk4,martov,0,0,0,0,21.164021164021165,0,5.291005291005291,0,0,0,0,52.910052910052904,0,0,0,0,0,0,0,0,0,0,0,5.291005291005291,0,0,0,0,0,0,0,0,0,0,5.291005291005291,0,0,0,0,0,0,0,0,5.291005291005291,0,5.291005291005291,5.291005291005291,0,0,5.291005291005291,0,0,15.873015873015872,0,0,5.291005291005291,26.455026455026452,0,0,0,0,0,5.291005291005291,0,0,0,0,0,0,0,0,0,5.291005291005291,0,5.291005291005291,0,0,0,0,0,0,0,0,0,5.291005291005291,0,0,0,0,0,0,0,10.582010582010582,0,0,0,0,0,0,0,0,0,0,0,0,0,0,5.291005291005291,0,5.291005291005291,5.291005291005291,0,0,0,0,10.582010582010582,5.291005291005291,0,0,15.873015873015872,0,0,0,0,0,0,0,0,0,0,0,10.582010582010582,0,0,0,0,0,5.291005291005291,0,0,0,0,0,5.291005291005291,5.291005291005291,0,0,0,0,0,0,0,0,0,5.291005291005291,0,0,0,15.873015873015872,0,5.291005291005291,0,5.291005291005291,0,5.291005291005291,0,0,0,0,0,0,0,0,0,0,15.873015873015872,0,0,0,0,0,0,10.582010582010582,0,10.582010582010582,0,0,0,0,0,0,0,0,0,0,0,0,5.291005291005291,5.291005291005291,0,0,0,0,5.291005291005291,0,0,0,0,0,0,0,0,0,0,0,0,0,0,5.291005291005291,0,0,0,0,0,0,5.291005291005291,0,0,5.291005291005291,0,0,5.291005291005291,0,0,0,0,0,0,5.291005291005291,5.291005291005291,0,0,5.291005291005291,0,0,0,0,0,0,0,0,0,0,0,0,0,0,0,0,0,0,0,0,0,0,0,0,0,0,5.291005291005291,0,0,0,0,0,0,0,0,0,0,0,0,0,15.873015873015872,0,0,0,0,0,0,0,0,0,0,0,0,0,0,0,0,0,0,0,0,0,0,0,0,0,0,0,5.291005291005291,0,0,0,0,0,0,0,0,0,0,0,0,0,0,0,0,0,0,0,0,0,0,0,0,0,0,0,0,0,0,0,0,0,0,0,0,0,0,0,0,0,0,0,0,0,0,0,0,0,5.291005291005291,0,0,5.291005291005291,0,0,0,0,0,0,0,0,5.291005291005291,0,0,0,0,0,0,0,0,0,0,0,0,0,0,0,0,0,0,0,0,0,5.291005291005291,5.291005291005291,0,0,0,0,0,0,0,0,0,0,0,5.291005291005291,0,5.291005291005291,0,0,0,0,0,0,0,0,0,0,0,0,0,0,0,0,0,0,0,0,0,0,10.582010582010582,0,5.291005291005291,5.291005291005291,0,0,0,0,0,0,0,0,0,0,5.291005291005291,0,0,0,0,0,0,0,0,0,0,0,0,5.291005291005291,0,0,0,0,0,0,10.582010582010582,0,0,0,5.291005291005291,0,0,5.291005291005291,5.291005291005291,0,0,0,0,0,0,0,0,10.582010582010582,0,0,0,0,0,0,0,0,0,0,0,0,0,0,0
martov_boykot_dumy_i_rev_samoupravlenie_I.txt_chunk1,martov,5,0,0,0,2,1,4,0,1,2,2,33,0,0,0,1,4,2,1,0,0,0,0,4,0,2,2,0,1,0,0,0,0,0,1,0,5,3,0,1,0,0,0,1,1,1,1,5,2,3,1,1,0,0,0,0,26,0,5,3,1,0,6,17,0,3,0,1,1,1,0,1,3,0,2,1,0,1,0,5,0,3,0,0,0,2,0,0,0,8,0,1,9,0,1,1,0,0,0,1,0,0,0,0,5,0,0,7,0,0,0,0,0,0,0,2,3,3,0,11,0,1,0,2,7,2,0,2,0,0,0,10,0,0,0,0,1,0,1,0,1,0,1,1,2,0,0,0,1,0,0,1,0,0,1,1,0,0,3,0,4,4,3,2,1,1,3,0,0,0,1,2,0,0,0,3,0,11,5,1,0,1,3,2,2,1,1,0,0,0,0,1,0,0,1,2,0,0,1,2,0,0,1,0,0,0,0,2,0,0,0,0,0,1,0,3,0,2,0,0,1,1,0,3,0,2,1,0,1,1,1,0,0,2,4,0,0,0,7,0,1,0,0,2,11,0,0,0,1,0,0,0,0,0,2,2,0,2,0,0,2,0,0,1,0,1,0,0,0,1,0,0,0,1,6,0,3,0,3,0,0,1,0,1,2,1,0,0,0,0,0,4,1,1,2,0,1,0,0,0,1,2,0,1,0,0,0,0,0,1,0,3,0,1,0,0,0,2,0,3,1,0,0,1,0,0,0,0,0,0,0,0,2,0,0,0,0,0,0,0,0,0,2,0,0,0,0,0,0,0,0,0,0,1,0,1,0,0,2,0,1,0,0,0,1,0,1,0,2,0,2,0,0,1,0,0,4,0,3,0,0,1,0,0,1,0,0,1,0,0,0,0,1,2,0,1,0,0,0,0,1,0,0,0,0,0,2,1,0,2,1,0,1,0,0,0,0,0,5,0,0,0,2,0,0,0,0,0,0,1,0,1,0,1,0,0,0,0,0,0,0,0,0,0,0,0,1,1,0,0,1,0,0,3,0,0,4,1,0,0,6,0,0,0,0,0,3,0,0,0,0,0,0,0,1,0,2,0,0,0,1,0,0,0,3,0,0,1,0,0,1,1,7,0,0,0,0,0,0,0
martov_boykot_dumy_i_rev_samoupravlenie_I.txt_chunk4,martov,6.091370558375634,0,0,0,5.076142131979695,0,4.060913705583757,2.0304568527918785,1.0152284263959392,1.0152284263959392,3.045685279187817,26.395939086294415,0,0,0,2.0304568527918785,2.0304568527918785,1.0152284263959392,1.0152284263959392,0,0,0,1.0152284263959392,3.045685279187817,0,3.045685279187817,1.0152284263959392,1.0152284263959392,1.0152284263959392,0,1.0152284263959392,0,0,0,2.0304568527918785,0,7.106598984771574,1.0152284263959392,1.0152284263959392,2.0304568527918785,2.0304568527918785,0,2.0304568527918785,7.106598984771574,1.0152284263959392,1.0152284263959392,4.060913705583757,2.0304568527918785,1.0152284263959392,3.045685279187817,1.0152284263959392,0,2.0304568527918785,1.0152284263959392,0,0,30.456852791878173,1.0152284263959392,6.091370558375634,2.0304568527918785,1.0152284263959392,0,2.0304568527918785,10.15228426395939,0,7.106598984771574,0,2.0304568527918785,1.0152284263959392,2.0304568527918785,2.0304568527918785,0,3.045685279187817,0,0,1.0152284263959392,0,0,0,1.0152284263959392,0,0,1.0152284263959392,0,1.0152284263959392,4.060913705583757,0,0,0,13.197969543147208,1.0152284263959392,2.0304568527918785,21.319796954314718,0,0,0,0,1.0152284263959392,0,2.0304568527918785,1.0152284263959392,0,0,0,4.060913705583757,0,0,8.121827411167514,0,0,0,2.0304568527918785,0,0,0,2.0304568527918785,1.0152284263959392,2.0304568527918785,1.0152284263959392,4.060913705583757,0,0,1.0152284263959392,0,4.060913705583757,2.0304568527918785,0,3.045685279187817,0,1.0152284263959392,2.0304568527918785,4.060913705583757,1.0152284263959392,0,2.0304568527918785,0,0,0,1.0152284263959392,0,0,0,2.0304568527918785,0,1.0152284263959392,1.0152284263959392,0,0,1.0152284263959392,0,1.0152284263959392,0,0,2.0304568527918785,2.0304568527918785,0,1.0152284263959392,1.0152284263959392,4.060913705583757,0,9.137055837563452,0,1.0152284263959392,6.091370558375634,1.0152284263959392,0,1.0152284263959392,0,0,1.0152284263959392,0,1.0152284263959392,0,0,0,2.0304568527918785,0,15.228426395939087,3.045685279187817,1.0152284263959392,1.0152284263959392,1.0152284263959392,3.045685279187817,1.0152284263959392,0,2.0304568527918785,0,0,1.0152284263959392,1.0152284263959392,1.0152284263959392,0,0,0,0,2.0304568527918785,0,0,0,3.045685279187817,1.0152284263959392,0,0,0,0,0,0,0,1.0152284263959392,0,1.0152284263959392,0,0,0,0,0,0,1.0152284263959392,1.0152284263959392,1.0152284263959392,0,1.0152284263959392,2.0304568527918785,0,0,0,0,0,0,0,1.0152284263959392,2.0304568527918785,0,3.045685279187817,0,1.0152284263959392,0,0,0,3.045685279187817,0,2.0304568527918785,1.0152284263959392,4.060913705583757,0,0,0,0,0,0,1.0152284263959392,0,1.0152284263959392,0,0,1.0152284263959392,0,1.0152284263959392,1.0152284263959392,0,1.0152284263959392,1.0152284263959392,1.0152284263959392,1.0152284263959392,1.0152284263959392,0,0,0,0,1.0152284263959392,1.0152284263959392,0,0,2.0304568527918785,0,0,0,0,5.076142131979695,0,0,0,1.0152284263959392,1.0152284263959392,0,0,1.0152284263959392,0,0,0,0,0,0,0,0,1.0152284263959392,0,0,2.0304568527918785,1.0152284263959392,0,3.045685279187817,0,0,0,1.0152284263959392,0,2.0304568527918785,0,1.0152284263959392,0,2.0304568527918785,1.0152284263959392,0,0,0,0,1.0152284263959392,1.0152284263959392,0,0,0,1.0152284263959392,1.0152284263959392,0,3.045685279187817,1.0152284263959392,0,0,0,0,0,0,0,1.0152284263959392,0,1.0152284263959392,1.0152284263959392,0,0,0,0,0,0,0,2.0304568527918785,0,1.0152284263959392,0,0,0,1.0152284263959392,0,0,0,0,0,0,0,0,0,0,1.0152284263959392,0,0,1.0152284263959392,1.0152284263959392,0,1.0152284263959392,0,0,0,1.0152284263959392,1.0152284263959392,0,0,5.076142131979695,0,2.0304568527918785,0,0,0,1.0152284263959392,0,1.0152284263959392,0,0,0,0,0,0,2.0304568527918785,0,2.0304568527918785,0,0,1.0152284263959392,1.0152284263959392,0,0,0,0,0,0,0,0,1.0152284263959392,0,2.0304568527918785,0,0,0,0,0,0,0,0,0,0,2.0304568527918785,0,1.0152284263959392,3.045685279187817,0,0,0,2.0304568527918785,0,0,1.0152284263959392,0,1.0152284263959392,0,0,0,1.0152284263959392,0,0,0,0,0,0,0,2.0304568527918785,0,0,0,5.076142131979695,0,0,0,1.0152284263959392,0,0,0,1.0152284263959392,8.121827411167514,2.0304568527918785,0,2.0304568527918785,0,1.0152284263959392,0,0,0,0,0,0,1.0152284263959392,0,1.0152284263959392,0,0,0,2.0304568527918785,0,0,0,0,0,0,0,0,0,0,0,1.0152284263959392,0,0,2.0304568527918785,0,0,0,1.0152284263959392,0,0,0,0,0,0
martov_demokraty_ponevole_I.txt_chunk1,martov,2,0,0,0,4,0,5,1,1,10,4,26,0,0,0,0,1,1,1,0,0,0,2,5,0,0,0,0,0,1,1,1,0,0,0,0,3,1,1,0,1,1,1,2,0,1,7,1,1,3,0,1,12,0,0,1,34,0,3,1,0,0,0,5,0,8,0,4,0,1,1,0,1,0,0,2,0,0,0,0,2,0,4,1,1,2,0,1,1,15,0,0,27,1,1,1,0,0,1,1,1,0,0,1,7,0,1,7,0,0,0,1,1,0,0,8,4,1,0,3,0,0,0,1,5,0,0,2,0,1,0,7,0,0,0,0,0,0,0,0,0,0,0,0,0,3,0,3,0,0,2,0,0,0,2,0,1,3,1,0,3,4,1,3,2,0,1,0,0,2,0,0,0,0,0,0,1,30,2,1,3,1,15,4,2,2,4,2,8,1,0,0,0,0,0,1,1,1,0,0,0,0,1,0,1,0,1,0,0,0,1,0,0,0,0,0,0,2,2,0,6,0,0,1,0,0,0,0,1,0,2,1,0,2,0,1,1,0,0,2,3,0,2,2,2,0,0,1,0,0,1,0,1,0,0,0,0,4,0,0,1,1,0,1,0,0,0,0,2,0,0,0,1,1,3,0,1,3,0,0,0,0,0,0,0,0,0,0,0,0,1,0,0,0,0,0,0,0,0,0,0,3,0,0,0,0,0,0,0,0,1,0,1,0,0,0,0,0,0,0,0,1,1,1,0,1,0,0,0,0,0,0,0,0,0,0,4,0,0,0,0,0,0,0,0,0,2,0,0,0,2,0,1,1,0,0,0,0,0,0,0,0,0,0,1,0,0,0,0,0,0,0,0,1,4,0,11,6,0,0,0,0,2,0,0,1,0,1,0,0,0,0,3,0,2,1,0,0,1,0,0,0,0,0,0,0,3,0,0,0,1,0,0,0,0,0,0,0,0,0,0,7,0,0,1,0,0,0,0,0,1,0,0,0,0,0,0,0,0,0,0,0,0,0,0,0,0,0,0,0,0,1,0,0,0,1,0,0,1,0,1,0,0,0,0,1,1,0,0,0,0,1,0,0,0,3,0,0,0,1,0,0,0,0,0,0,0,0,0,0,0,0,1,0,0,0,0,0,0,0
martov_gibel_port_artura_I.txt_chunk1,martov,1,0,0,0,1,0,1,1,1,2,0,33,0,0,0,2,4,0,0,0,0,0,0,6,1,0,0,0,0,0,0,0,0,0,1,0,7,0,0,0,0,0,0,8,0,0,1,0,1,2,0,0,8,0,0,1,41,0,3,1,1,0,1,3,0,13,0,3,1,0,0,2,1,0,0,0,1,0,0,0,0,1,0,0,0,1,1,0,0,11,1,0,6,1,3,1,0,0,0,2,0,1,0,0,2,1,0,8,2,0,0,1,2,0,0,2,2,3,0,5,0,1,0,4,6,0,0,1,0,0,0,19,0,0,0,0,1,0,1,2,2,0,2,0,2,1,0,1,0,0,0,0,0,1,0,0,0,0,2,0,2,1,0,3,4,0,0,1,0,1,0,0,0,0,0,1,1,11,0,0,2,1,4,3,5,0,0,0,0,0,1,0,0,0,0,3,0,2,0,1,0,1,2,1,1,1,0,0,0,0,0,0,0,0,2,0,0,0,0,1,1,0,0,0,0,0,0,0,0,0,1,1,0,0,0,3,0,1,0,2,0,0,0,0,0,0,1,0,2,1,0,0,1,0,0,0,0,0,0,0,0,0,0,4,1,0,0,0,0,0,0,0,0,0,1,0,0,0,0,0,0,0,2,1,0,0,0,1,0,0,2,0,0,1,0,1,0,0,0,0,0,1,0,1,0,0,0,0,0,0,0,0,2,1,3,1,0,0,1,1,0,0,0,6,0,0,1,0,0,0,0,0,0,0,0,1,0,3,0,0,0,0,0,0,0,0,0,1,0,0,0,1,0,0,0,0,0,0,0,0,0,0,0,1,1,0,0,0,2,0,0,0,0,3,0,0,2,0,0,0,0,0,0,0,1,0,1,0,0,0,0,0,0,0,0,0,1,0,0,0,0,1,0,0,0,0,0,0,0,0,0,1,2,0,0,0,0,0,0,0,0,0,0,0,0,0,0,0,0,0,0,0,0,0,0,1,0,0,0,0,0,0,0,0,0,0,0,0,0,0,2,0,7,0,0,0,0,2,0,1,0,0,0,0,0,0,0,0,0,0,0,0,0,0,0,0,1,0,1,0,1,0,0,0,0,0,0,0,0,0,0,1,1,0,3,0,0,0,0,0
martov_gibel_port_artura_I.txt_chunk2,martov,0,0,0,0,0,0,5.9171597633136095,0,0,0,0,17.75147928994083,0,0,0,0,0,0,0,0,0,0,0,0,0,0,0,0,0,0,0,0,0,0,0,0,17.75147928994083,0,0,5.9171597633136095,0,0,0,11.834319526627219,0,0,0,0,0,0,0,0,23.668639053254438,0,0,23.668639053254438,47.337278106508876,0,0,23.668639053254438,0,0,0,5.9171597633136095,0,5.9171597633136095,5.9171597633136095,5.9171597633136095,0,0,0,0,0,0,0,0,0,0,0,5.9171597633136095,0,0,0,0,0,0,0,0,0,0,0,5.9171597633136095,0,5.9171597633136095,0,0,0,0,0,5.9171597633136095,0,0,0,0,5.9171597633136095,0,0,0,0,0,0,0,0,0,0,0,5.9171597633136095,0,0,11.834319526627219,0,0,0,5.9171597633136095,0,0,0,0,0,0,0,17.75147928994083,0,0,0,0,0,0,0,0,0,0,0,0,5.9171597633136095,0,0,0,0,0,0,0,0,0,0,0,0,0,0,0,0,0,0,5.9171597633136095,0,5.9171597633136095,0,0,0,0,0,0,0,0,0,0,0,5.9171597633136095,5.9171597633136095,0,0,0,23.668639053254438,0,0,0,0,0,0,0,0,0,0,0,0,0,0,0,0,0,0,0,0,0,0,0,0,5.9171597633136095,0,0,0,0,0,0,11.834319526627219,0,0,0,0,0,0,0,0,0,0,0,0,5.9171597633136095,0,0,0,0,0,0,0,0,0,0,0,0,0,0,0,0,5.9171597633136095,0,0,0,0,0,11.834319526627219,0,0,0,0,0,0,0,0,0,0,0,0,0,5.9171597633136095,0,0,0,0,0,0,0,0,0,0,0,0,0,0,0,0,0,0,0,0,0,0,0,0,0,0,0,0,0,0,0,0,0,0,0,0,5.9171597633136095,0,0,0,0,0,0,0,0,0,0,11.834319526627219,0,0,0,0,0,0,0,0,0,0,5.9171597633136095,0,0,0,0,0,0,0,0,0,0,0,0,0,0,5.9171597633136095,0,0,0,0,0,0,0,0,0,0,0,5.9171597633136095,0,0,0,0,0,0,0,0,0,0,0,0,0,0,0,0,0,0,0,0,0,0,0,0,0,0,0,0,0,0,5.9171597633136095,0,5.9171597633136095,0,0,0,0,0,0,0,0,0,0,0,0,0,5.9171597633136095,0,0,0,0,0,0,0,0,0,0,0,0,5.9171597633136095,0,5.9171597633136095,0,0,0,0,0,0,0,0,0,0,0,0,0,0,0,0,0,0,0,0,0,0,0,0,0,0,0,0,0,0,0,0,0,5.9171597633136095,0,0,0,0,0,11.834319526627219,0,0,0,0,0,0,0,0,0,0,0,0,0,0,0,0,0,0,0,0,0,5.9171597633136095,0,0,0,0,0,0,0,0,11.834319526627219,5.9171597633136095,0,0,0,0,0,0,0,5.9171597633136095,0,0,0,0,0,0,0
martov_itogi_polit_razvitiya.txt_chunk3,martov,2,0,0,0,0,0,0,1,2,1,0,39,0,0,0,5,0,1,0,0,0,1,2,4,0,1,0,1,4,0,0,0,0,0,0,0,9,0,0,0,0,0,0,4,0,1,2,0,3,2,1,0,3,0,0,0,64,1,2,2,0,0,2,5,1,2,2,0,1,0,0,0,0,0,0,0,0,0,1,4,0,1,0,0,0,0,1,0,0,14,0,0,10,0,0,0,0,0,0,2,0,0,0,0,4,0,0,0,0,1,0,0,1,0,0,3,0,2,0,3,0,1,0,4,3,1,3,0,0,0,1,19,0,1,2,0,0,1,1,0,0,1,0,3,2,2,0,0,0,0,2,0,0,0,0,1,1,5,1,0,2,0,0,2,0,0,0,0,2,0,0,0,0,0,0,1,0,1,0,0,1,0,2,2,3,0,0,0,0,0,0,0,0,0,0,0,0,0,0,0,0,0,0,0,0,0,0,1,0,0,0,1,0,1,1,1,1,0,0,1,1,2,0,1,0,0,0,0,0,0,2,1,0,5,0,0,0,0,5,0,1,0,3,3,0,0,0,0,0,1,0,0,0,0,1,0,0,0,0,0,0,0,0,0,10,0,0,2,0,2,0,0,0,0,0,2,0,0,0,0,0,0,3,2,1,2,0,0,0,0,1,0,0,0,0,0,2,1,0,0,1,0,0,0,0,1,0,0,0,0,1,0,5,0,2,0,0,1,0,1,0,0,1,0,0,1,0,0,0,2,0,0,1,0,0,1,0,2,0,1,0,0,0,0,0,0,0,2,0,0,0,1,0,0,0,0,0,0,0,0,1,0,0,0,2,0,1,0,0,0,0,0,0,0,0,0,1,0,0,0,1,0,0,0,1,0,0,0,0,1,1,0,0,0,1,1,1,0,0,0,0,0,2,0,0,0,0,0,0,0,3,0,0,0,0,1,0,1,6,0,0,0,0,1,0,0,0,0,1,0,0,0,0,0,0,0,0,1,0,0,0,0,0,0,0,0,0,0,0,0,0,0,1,1,0,0,0,0,0,0,0,0,0,1,0,0,0,0,0,2,0,0,0,0,3,0,0,1,0,0,0,0,0,0,3,0,0,0,0,0,0,0,0,0,0,0,0,0,0,0
martov_itogi_polit_razvitiya.txt_chunk4,martov,1,0,0,0,0,0,0,3,1,2,0,41,0,0,0,3,0,1,0,0,0,0,3,3,0,0,1,0,1,0,0,0,0,0,0,0,4,0,0,0,0,0,0,6,1,0,0,0,2,7,0,0,9,0,0,0,47,0,2,3,1,0,1,12,0,3,0,1,0,1,2,1,1,0,1,0,0,7,0,3,0,0,0,0,0,0,0,0,0,9,0,1,11,2,0,0,0,0,0,2,0,0,2,0,6,0,0,3,0,1,0,0,0,1,0,4,0,0,0,5,0,0,0,2,3,1,3,5,0,0,1,15,1,1,0,0,2,1,1,2,0,0,3,3,1,1,0,1,0,0,0,0,0,0,0,0,1,0,3,0,2,1,1,3,1,0,1,0,0,0,0,1,0,0,0,1,3,1,1,0,2,1,6,0,1,0,0,2,0,0,0,0,0,0,0,1,0,2,0,0,0,0,1,0,0,3,0,0,0,0,0,2,0,0,1,0,0,0,0,0,0,0,0,1,1,2,0,0,0,0,0,1,0,1,0,0,0,0,2,2,0,0,3,4,1,2,0,0,0,3,0,0,0,1,0,1,0,0,0,0,0,0,0,0,1,0,0,0,0,0,0,2,0,0,2,0,1,0,0,0,0,0,3,2,0,2,0,0,0,0,2,1,0,0,0,0,0,4,0,0,0,0,0,0,0,0,0,0,0,0,3,0,3,0,1,1,0,0,0,1,0,0,0,0,0,1,0,2,0,1,0,0,0,0,0,1,0,0,1,4,0,1,0,0,0,2,0,0,0,0,0,0,0,0,0,1,0,0,0,0,1,0,0,0,0,0,1,0,0,0,0,0,1,1,0,0,0,0,0,0,0,0,0,0,0,0,1,0,0,0,1,0,0,0,0,0,1,0,0,0,1,0,1,5,0,0,0,0,0,1,10,0,0,0,0,2,0,1,0,0,1,0,0,0,1,0,0,0,0,0,0,2,0,0,0,1,0,0,0,0,1,0,0,0,0,0,0,0,0,0,0,0,0,1,0,0,0,0,0,0,0,1,0,0,1,0,0,0,0,1,0,1,0,0,3,0,1,0,0,0,2,0,2,0,3,0,0,0,0,0,1,0,0,0,0,0,0,0,0,0
martov_itogi_zemskogo_parlamenta_I.txt_chunk1,martov,2,0,0,1,2,0,4,2,2,7,3,22,0,2,0,1,0,0,0,0,1,0,1,4,0,1,0,0,2,0,0,0,0,0,1,0,3,0,1,0,0,0,0,9,2,2,1,0,4,1,1,0,4,0,0,0,28,0,7,2,1,1,2,9,0,5,0,1,1,1,1,0,1,0,0,0,0,0,1,0,0,0,1,2,0,2,0,0,1,9,1,6,12,1,1,0,0,3,0,3,0,0,0,0,5,0,0,2,1,0,0,3,0,1,0,6,0,3,0,3,0,0,1,0,5,1,0,0,0,2,0,12,0,0,1,1,5,2,0,0,1,0,1,3,2,2,0,2,0,0,1,0,0,0,4,0,0,0,1,0,6,6,0,3,0,0,1,0,0,0,1,0,0,0,0,0,1,10,5,6,0,2,2,1,2,0,1,0,0,2,0,0,0,1,1,0,0,2,0,0,1,0,0,1,0,0,0,3,1,0,0,0,0,0,0,0,0,1,1,0,0,0,0,0,0,1,1,0,0,1,0,0,0,1,0,0,0,1,4,2,2,0,0,1,1,0,0,1,0,0,1,1,1,1,0,0,0,0,1,0,1,0,0,0,2,0,1,0,0,0,0,0,2,0,0,0,0,4,0,0,0,0,0,0,0,0,0,2,0,1,2,0,0,0,0,0,0,0,0,0,2,0,0,1,1,0,1,0,0,0,0,2,0,0,0,1,2,0,0,0,0,1,0,0,0,0,0,0,1,0,0,1,0,0,0,0,0,0,0,0,0,0,0,0,0,0,0,0,2,0,1,1,1,0,0,1,0,0,2,0,0,0,0,1,0,0,0,0,0,0,0,1,0,2,0,0,4,0,0,0,2,0,0,0,0,0,0,0,1,0,0,1,0,0,0,0,1,0,1,0,0,0,1,0,0,2,0,0,0,0,0,0,0,0,0,0,0,0,0,0,0,1,1,0,1,0,0,0,0,1,1,0,0,0,1,1,0,0,0,0,0,0,0,0,1,0,0,0,0,0,0,0,1,0,1,0,0,0,1,0,0,0,0,0,0,1,0,0,0,1,0,0,0,0,0,2,1,0,0,0,1,0,1,0,0,0,0,0,0,0,0,0,3,0,1,1,0,0,0,0
martov_klass_protiv_klassa.txt_chunk2,martov,5,0,0,4,2,1,0,0,1,0,1,29,0,0,0,0,0,0,0,0,1,0,1,6,0,0,0,1,3,1,0,0,0,0,0,2,6,0,0,0,0,1,0,20,0,3,2,3,0,3,2,1,9,0,0,1,40,1,6,0,1,0,5,6,0,3,1,9,0,3,2,1,0,0,0,0,0,0,0,2,0,0,0,0,2,0,0,0,0,8,1,0,10,2,0,0,0,0,1,0,2,1,1,0,4,0,0,1,0,0,2,0,0,1,1,6,1,3,0,1,0,0,0,0,2,0,0,1,0,0,0,7,0,1,1,1,1,1,2,2,3,2,3,1,1,4,0,0,2,0,0,0,0,0,3,0,0,0,2,0,11,4,3,4,1,2,0,1,0,2,0,0,0,0,0,0,0,9,14,4,2,0,4,1,0,1,0,2,0,2,1,0,2,0,2,0,0,0,1,0,0,0,0,0,0,2,2,1,0,0,0,0,0,0,0,0,0,3,0,0,1,0,0,0,0,2,0,0,0,0,0,0,1,0,0,1,1,0,4,0,0,0,0,0,0,1,0,0,5,4,0,1,1,0,1,0,0,0,1,0,0,0,0,0,7,0,0,2,1,0,1,0,1,2,0,0,0,0,0,0,1,0,2,2,2,1,0,1,0,0,3,0,0,0,0,0,1,0,0,0,0,0,1,0,0,0,0,0,1,1,5,0,0,0,0,0,0,2,3,1,0,0,0,1,0,4,0,3,0,2,2,0,0,1,0,1,0,0,0,0,0,0,0,1,0,0,0,0,0,0,1,0,0,0,0,0,0,0,0,0,0,0,1,0,0,0,1,0,0,2,0,1,0,1,0,0,2,0,0,0,0,0,0,0,0,0,0,0,0,0,0,0,0,0,0,0,1,0,0,1,0,0,0,0,0,0,0,0,0,2,0,0,0,2,0,0,5,0,1,0,0,0,0,0,0,0,0,0,2,0,0,0,0,0,0,0,2,0,1,2,0,0,0,0,0,0,0,0,1,0,1,0,0,0,0,0,0,0,0,0,0,0,0,0,0,0,0,0,0,2,0,0,4,0,0,0,0,0,0,0,0,0,4,0,2,0,0,0,0,0,0,0,0,1,0,0,0,0,0,0
martov_klass_protiv_klassa.txt_chunk3,martov,3,0,0,0,3,1,0,0,0,1,1,19,0,1,0,7,0,0,0,0,0,0,0,4,1,2,3,1,1,4,0,1,0,0,1,0,6,3,0,0,0,0,0,6,1,4,1,2,3,4,0,1,10,0,0,0,47,2,3,1,2,1,4,5,1,3,1,5,0,3,1,3,1,1,1,1,1,1,0,2,0,0,0,0,0,1,0,1,0,12,0,0,11,2,1,0,0,0,0,1,0,0,0,0,5,0,0,1,0,0,1,4,0,1,1,1,1,2,0,16,0,0,0,1,3,1,0,0,0,0,0,14,0,0,0,0,0,4,1,0,0,0,0,2,1,9,0,0,0,0,0,0,0,0,0,0,1,0,1,0,1,4,2,5,2,0,2,1,0,8,0,0,0,1,1,0,0,8,6,0,0,0,1,2,5,2,1,1,3,1,0,0,0,0,2,4,0,0,0,0,0,0,0,1,0,0,1,0,0,0,1,0,0,0,0,0,0,2,0,0,0,0,0,2,0,0,0,0,0,0,1,1,0,2,0,0,0,0,0,3,0,0,0,1,0,2,0,0,9,5,2,0,1,0,0,0,0,0,1,1,0,1,3,0,11,3,0,3,0,0,1,0,3,0,2,0,1,0,0,0,1,0,4,1,5,9,6,0,0,2,0,0,0,0,0,0,0,0,0,2,0,0,1,0,0,1,0,1,1,1,5,0,1,1,0,0,1,2,0,1,0,0,1,0,0,3,0,7,0,1,0,0,0,0,0,0,0,0,0,0,0,0,0,3,0,0,0,2,0,0,1,0,0,0,0,0,0,0,0,0,0,0,0,0,0,0,0,0,2,0,1,0,0,1,0,1,1,1,0,0,0,0,0,0,0,0,0,0,0,0,0,0,0,0,1,0,0,0,1,0,0,0,1,1,0,0,2,0,0,2,2,0,0,0,0,0,1,0,3,3,0,2,1,1,0,2,1,0,1,0,0,0,0,0,0,1,0,0,0,0,0,0,0,0,0,0,0,0,0,0,0,0,0,0,0,0,0,0,0,0,0,0,0,0,0,0,2,1,0,0,0,0,4,0,0,0,0,0,0,0,0,0,2,0,4,0,2,0,0,0,1,0,0,0,0,0,0,0,0,0
martov_krovavoe_bezumie.txt_chunk1,martov,6,0,0,0,4,2,3,0,2,1,6,41,0,0,0,2,0,0,0,0,0,0,0,6,0,1,2,0,0,0,0,0,0,0,1,1,6,0,0,2,4,1,1,0,1,0,0,1,1,4,2,1,6,0,0,0,40,0,9,3,0,0,2,5,0,6,0,0,0,0,0,0,0,1,2,3,0,1,0,1,0,0,0,1,0,5,2,0,0,12,0,0,15,0,0,0,0,0,1,0,0,0,2,6,5,0,1,1,0,0,0,0,0,0,0,0,3,4,0,7,0,0,0,0,2,0,0,0,0,4,0,12,0,0,0,0,0,0,1,0,0,1,1,0,0,1,3,0,0,0,0,2,0,0,1,2,0,1,0,0,2,5,1,0,2,1,1,0,0,0,0,0,0,0,0,0,0,19,4,1,2,1,4,1,2,1,0,0,0,0,1,0,0,0,0,2,0,0,1,2,1,0,0,0,3,1,0,0,0,0,0,1,0,0,0,0,0,1,0,0,0,0,0,0,0,0,0,0,0,1,0,0,0,6,0,1,3,0,0,1,1,0,0,0,0,0,0,0,0,0,1,0,1,0,0,0,0,1,0,0,4,4,1,4,3,0,0,0,0,0,0,0,0,0,2,0,0,0,0,0,0,0,0,1,0,1,1,0,0,1,1,1,1,1,0,0,0,0,0,0,0,0,1,0,1,0,0,0,0,0,0,0,5,1,0,0,0,0,0,0,0,0,0,1,1,1,0,0,2,1,0,0,0,0,0,1,0,1,1,0,0,0,0,0,0,0,0,0,0,0,0,1,0,0,0,0,1,0,0,0,0,0,0,0,2,1,0,0,1,0,0,1,0,5,0,0,2,0,0,1,0,0,0,0,0,0,0,0,0,0,0,1,0,0,0,0,0,0,0,0,1,0,0,0,0,0,0,0,0,0,1,1,1,0,0,0,0,0,2,1,0,0,5,0,0,0,0,0,0,0,1,0,0,0,0,0,0,0,0,0,0,0,1,4,0,3,0,1,0,0,0,4,2,0,0,0,0,0,0,0,0,0,1,1,0,0,0,0,0,0,0,0,0,0,0,0,1,2,0,0,1,0,0,1,1,0,0,0,0,2,0,0,0,0,0,0,0,0,0,0
martov_liberal_izmeny_I.txt_chunk2,martov,3.6900369003690034,0,0,0,0,0,1.2300123001230012,0,0,0,0,34.44034440344403,0,0,0,1.2300123001230012,0,0,0,0,0,1.2300123001230012,0,0,0,0,0,0,0,1.2300123001230012,0,0,0,2.4600246002460024,2.4600246002460024,0,3.6900369003690034,2.4600246002460024,0,0,0,1.2300123001230012,0,2.4600246002460024,1.2300123001230012,0,3.6900369003690034,1.2300123001230012,2.4600246002460024,3.6900369003690034,1.2300123001230012,1.2300123001230012,4.920049200492005,0,0,2.4600246002460024,22.14022140221402,0,2.4600246002460024,1.2300123001230012,3.6900369003690034,0,3.6900369003690034,8.610086100861007,0,6.150061500615006,0,2.4600246002460024,2.4600246002460024,1.2300123001230012,1.2300123001230012,1.2300123001230012,2.4600246002460024,1.2300123001230012,1.2300123001230012,1.2300123001230012,0,0,0,2.4600246002460024,0,0,0,0,1.2300123001230012,1.2300123001230012,0,0,0,11.07011070110701,1.2300123001230012,0,12.300123001230013,0,0,0,1.2300123001230012,0,1.2300123001230012,0,0,0,0,0,4.920049200492005,0,0,7.380073800738007,0,0,0,0,0,0,1.2300123001230012,3.6900369003690034,0,13.530135301353015,0,9.84009840098401,0,0,0,0,3.6900369003690034,1.2300123001230012,0,1.2300123001230012,0,0,0,12.300123001230013,0,0,0,2.4600246002460024,0,0,4.920049200492005,0,0,1.2300123001230012,2.4600246002460024,2.4600246002460024,0,2.4600246002460024,0,0,0,0,0,0,0,0,1.2300123001230012,0,0,0,2.4600246002460024,0,6.150061500615006,0,1.2300123001230012,1.2300123001230012,1.2300123001230012,0,0,0,0,0,0,0,0,0,0,1.2300123001230012,0,14.760147601476014,7.380073800738007,1.2300123001230012,2.4600246002460024,0,3.6900369003690034,2.4600246002460024,1.2300123001230012,0,0,0,0,1.2300123001230012,1.2300123001230012,0,0,0,0,2.4600246002460024,0,0,0,2.4600246002460024,0,0,0,0,0,0,0,1.2300123001230012,0,0,0,0,0,0,1.2300123001230012,2.4600246002460024,0,0,0,0,0,0,0,1.2300123001230012,0,0,0,0,0,0,2.4600246002460024,0,0,1.2300123001230012,0,0,1.2300123001230012,0,1.2300123001230012,1.2300123001230012,1.2300123001230012,0,0,1.2300123001230012,1.2300123001230012,0,0,0,0,0,1.2300123001230012,0,0,0,0,0,0,0,0,0,1.2300123001230012,0,1.2300123001230012,0,9.84009840098401,0,0,0,0,0,0,1.2300123001230012,0,1.2300123001230012,1.2300123001230012,0,1.2300123001230012,0,0,0,0,0,2.4600246002460024,0,0,2.4600246002460024,0,0,0,0,1.2300123001230012,0,1.2300123001230012,0,0,1.2300123001230012,0,0,0,0,0,1.2300123001230012,0,0,0,1.2300123001230012,1.2300123001230012,0,0,0,0,3.6900369003690034,0,0,0,0,1.2300123001230012,0,0,2.4600246002460024,0,0,0,3.6900369003690034,0,0,1.2300123001230012,0,0,0,0,0,0,0,0,0,0,0,0,0,1.2300123001230012,0,0,0,0,0,1.2300123001230012,1.2300123001230012,0,0,0,1.2300123001230012,0,0,0,2.4600246002460024,1.2300123001230012,0,0,0,0,1.2300123001230012,0,0,0,0,3.6900369003690034,0,0,0,0,0,1.2300123001230012,1.2300123001230012,0,1.2300123001230012,2.4600246002460024,0,0,0,0,0,1.2300123001230012,0,1.2300123001230012,0,0,1.2300123001230012,0,0,0,0,1.2300123001230012,0,0,2.4600246002460024,0,0,0,0,0,0,0,0,0,0,0,1.2300123001230012,0,0,1.2300123001230012,0,0,1.2300123001230012,0,0,0,0,1.2300123001230012,0,1.2300123001230012,0,0,0,0,0,0,0,0,0,0,2.4600246002460024,0,0,2.4600246002460024,0,0,0,0,0,0,0,0,2.4600246002460024,0,0,0,0,0,0,0,0,3.6900369003690034,2.4600246002460024,0,0,2.4600246002460024,0,0,0,0,0,0,0,0,0,0,0,0,0,0,1.2300123001230012,0,0,0,0,3.6900369003690034,0,0,0,0,0,1.2300123001230012,1.2300123001230012,0,0,0,0,0,0,1.2300123001230012,1.2300123001230012,0,0,0,0,0,0,0,0
martov_liberal_realizm_I.txt_chunk1,martov,6,0,0,1,2,3,5,0,1,0,2,26,0,0,0,1,1,0,0,0,0,0,1,3,2,3,0,4,0,0,0,0,0,1,0,0,8,0,0,0,1,1,0,2,0,0,4,1,2,5,1,0,1,0,0,0,42,0,4,2,3,0,4,12,0,6,0,4,1,1,2,0,2,0,0,1,0,0,2,8,0,0,0,0,0,4,0,0,0,11,1,3,23,0,1,0,1,0,1,1,2,1,0,1,2,1,1,6,0,1,0,0,1,0,0,4,1,3,0,11,0,0,0,2,1,0,0,1,0,1,1,6,0,0,0,1,0,0,2,0,0,0,1,3,1,2,0,1,1,1,1,0,0,0,3,1,0,0,0,0,3,4,1,4,2,0,2,0,0,0,0,0,0,0,0,0,0,17,4,0,4,1,1,4,0,1,2,0,0,0,0,1,2,0,0,0,1,1,0,3,0,0,0,0,6,0,0,0,0,0,0,2,0,0,0,0,0,0,0,0,0,1,0,0,0,0,1,0,1,0,0,1,0,5,0,2,2,0,1,1,2,0,0,0,0,0,0,1,0,0,7,0,0,0,0,1,0,2,0,0,3,1,0,1,2,1,0,0,0,0,0,0,1,2,1,0,0,0,1,0,0,0,0,0,0,4,1,0,0,0,3,0,2,0,1,2,0,2,0,0,0,4,0,0,0,0,1,2,0,0,0,2,3,1,0,0,2,3,0,0,0,0,1,2,0,1,2,0,0,1,0,1,0,0,0,0,0,1,0,1,0,0,0,0,1,0,1,0,0,0,3,0,0,0,2,2,0,0,0,0,0,1,0,0,0,0,0,1,0,0,0,0,0,3,5,0,0,0,1,0,0,1,1,0,0,0,1,2,0,0,0,2,1,1,0,1,0,0,0,0,1,1,0,0,0,0,1,0,0,0,2,0,0,0,0,0,1,0,0,0,0,0,0,0,0,0,1,0,0,0,1,3,0,1,0,0,0,0,0,2,1,1,0,1,0,0,0,4,0,0,0,0,0,1,0,0,0,0,0,0,0,0,0,0,1,2,0,0,0,2,0,0,0,0,2,0,0,0,0,0,1,0,0,0,0,0,0,0,2,0,0,0,0,0,0,0,0,0,0,0
martov_liberal_realizm_I.txt_chunk2,martov,3,0,0,0,4,2,1,0,0,1,2,27,0,0,0,1,3,0,0,1,0,1,2,4,3,0,1,0,1,0,3,0,0,0,0,0,5,0,1,1,0,0,0,4,0,1,1,2,0,10,0,0,3,0,0,1,32,1,2,1,2,0,3,6,1,4,0,1,3,1,1,0,0,1,0,4,0,1,0,3,1,1,0,0,0,3,0,0,1,14,1,0,14,1,1,0,1,0,2,7,1,0,0,2,5,1,1,5,5,0,0,1,0,0,0,5,2,0,1,7,0,0,0,1,3,2,1,2,0,0,0,8,0,0,1,0,0,1,2,0,2,0,0,0,0,1,1,0,0,0,0,0,0,0,1,0,1,0,1,0,4,1,2,2,1,0,3,0,0,0,0,0,0,0,0,0,1,10,1,2,0,0,0,0,4,3,0,1,1,1,0,0,3,3,1,2,1,0,0,0,0,0,1,0,0,0,0,2,0,0,0,0,0,0,0,0,0,0,0,4,2,3,0,0,1,0,0,0,0,0,0,0,0,1,0,3,2,0,0,1,8,0,0,1,4,1,0,0,0,0,2,0,0,0,0,1,0,3,0,0,0,1,1,2,5,0,0,0,0,0,0,0,0,1,1,0,1,1,1,0,1,0,1,2,0,4,2,0,0,0,0,1,4,0,0,0,0,0,0,0,0,4,1,1,2,0,0,0,0,0,0,3,1,0,0,1,0,1,2,1,1,1,1,1,0,1,0,1,0,1,1,0,1,1,0,1,0,0,0,0,0,0,0,0,1,0,0,0,0,0,2,0,0,0,0,0,0,0,0,0,0,0,1,0,1,0,0,1,0,0,1,0,0,1,7,0,2,0,1,0,1,0,0,0,1,0,0,1,0,1,0,1,1,0,0,0,0,0,0,0,0,1,0,0,1,0,3,1,1,0,0,0,0,0,1,0,0,0,0,0,0,0,2,0,0,0,0,1,0,1,2,7,1,1,0,0,0,0,0,1,0,1,0,0,0,0,0,2,0,2,0,0,0,0,0,0,0,1,0,0,3,0,0,0,0,7,1,0,0,0,0,0,0,0,0,0,0,0,0,3,2,0,0,3,0,0,0,0,0,0,0,0,3,0,2,0,0,0,0,0
martov_mirovoy_bolshevizm_NQ.txt_chunk12,martov,4,0,0,0,0,0,2,3,0,0,2,41,0,0,0,2,0,0,0,0,0,0,2,1,0,0,0,0,0,4,0,0,0,1,0,0,5,0,1,0,1,0,0,7,5,1,3,1,2,5,0,0,0,0,0,0,41,2,3,2,1,0,1,8,0,7,0,2,1,0,1,1,0,0,2,0,0,2,0,2,0,0,0,0,0,3,1,0,1,15,1,0,18,0,1,0,0,1,1,0,0,0,1,1,3,1,0,12,0,1,1,0,1,0,0,3,0,1,2,4,0,0,0,1,3,0,0,3,0,1,0,6,0,0,0,1,0,0,2,0,0,0,0,2,0,1,0,1,0,0,0,2,0,1,5,0,1,0,3,0,6,3,0,3,2,0,0,1,0,1,0,0,0,1,0,0,0,16,1,2,1,0,3,0,0,0,0,0,2,1,0,0,0,0,0,3,0,0,0,7,1,0,1,0,1,0,0,0,0,0,0,1,0,0,3,0,0,0,0,4,2,0,0,0,0,1,0,0,1,0,0,0,0,0,0,2,1,3,0,2,3,3,0,0,2,0,0,1,1,1,0,0,0,0,0,0,0,0,0,1,1,0,0,0,1,0,0,1,0,0,0,0,0,0,0,0,1,0,3,0,0,0,1,0,2,0,3,0,0,0,0,0,5,0,0,0,0,0,0,1,0,2,0,0,0,0,1,0,0,0,0,0,0,0,0,0,1,0,0,1,0,0,1,0,0,1,0,0,0,0,0,1,0,0,0,0,0,0,0,2,1,0,0,0,1,1,1,0,0,1,0,0,0,0,1,0,0,0,0,1,0,0,0,0,3,0,2,1,0,0,0,0,0,1,0,0,0,0,1,0,0,1,0,0,0,1,0,0,1,2,0,0,2,1,1,0,0,0,0,0,0,1,0,0,0,0,0,1,0,0,14,0,0,0,0,1,0,0,4,1,0,2,0,0,0,1,1,0,2,0,1,3,0,0,2,0,0,1,0,0,0,0,4,0,0,0,0,2,0,0,0,0,0,0,2,0,1,0,0,0,0,0,0,2,0,0,0,1,6,1,1,3,0,0,1,0,3,0,4,0,1,0,1,0,6,5,0,0,0,1,4,0,0,0,0,5,6,0,0,0
martov_mirovoy_bolshevizm_NQ.txt_chunk14,martov,1,0,0,0,0,0,0,3,2,1,4,43,0,0,0,4,0,0,0,0,0,1,3,0,0,2,0,0,1,3,0,0,0,1,0,0,3,0,3,1,0,0,0,3,4,0,0,5,0,8,0,0,1,0,0,0,26,0,3,1,0,0,2,8,0,16,1,3,2,1,2,4,1,0,0,0,0,2,0,4,0,0,0,0,0,3,0,0,0,5,3,0,1,0,0,0,0,0,0,0,0,0,1,0,1,0,0,9,1,0,0,1,0,1,1,2,0,4,7,5,0,0,1,0,2,0,0,1,0,0,0,11,0,0,0,0,0,0,3,0,0,0,1,0,2,0,0,0,0,0,0,0,0,1,2,0,0,0,2,0,10,3,2,0,3,1,0,0,0,2,0,1,0,0,0,2,0,14,0,1,0,1,4,0,0,0,0,0,0,0,0,0,1,0,0,0,0,0,0,0,0,1,0,2,0,0,0,1,0,0,0,0,0,0,4,0,0,2,0,2,0,0,0,3,0,0,1,0,0,0,0,0,0,2,0,1,4,1,2,2,1,0,0,1,0,0,0,0,0,0,1,0,0,0,0,0,0,0,0,0,0,0,0,5,0,0,1,0,1,2,0,2,0,0,0,1,0,0,0,0,1,0,0,2,0,3,2,0,0,0,0,1,0,0,0,0,0,0,0,0,2,0,0,0,0,1,0,0,0,0,1,0,0,0,0,0,0,0,0,0,0,0,0,0,0,0,0,2,0,0,0,1,1,0,0,0,0,0,0,0,0,0,0,0,2,0,0,0,0,0,0,0,0,0,1,1,0,0,0,0,0,0,0,0,3,0,1,0,1,0,0,0,2,0,0,0,2,0,0,0,0,0,0,0,1,1,1,0,2,1,1,1,0,0,0,0,0,1,0,0,2,1,0,0,0,1,0,0,0,0,6,0,0,1,0,0,0,1,0,1,0,0,0,0,0,0,3,0,0,0,0,6,0,0,0,0,0,0,0,0,0,0,12,0,1,0,0,1,0,0,0,0,0,1,0,0,1,0,0,0,0,0,0,1,0,0,0,1,1,0,0,0,0,1,1,0,1,0,1,0,0,0,1,0,0,0,0,0,0,0,2,0,0,0,0,0,0,1,0,0
martov_mirovoy_bolshevizm_NQ.txt_chunk3,martov,1,0,1,0,2,0,3,1,1,4,1,37,0,0,0,0,0,0,0,1,0,0,0,4,0,0,0,1,0,0,0,0,0,0,0,0,4,0,0,1,0,0,0,14,1,0,0,1,4,1,2,0,3,0,0,0,33,0,7,2,0,0,1,4,0,8,2,4,0,0,0,0,2,0,1,0,2,2,0,0,1,3,0,1,0,0,1,0,0,9,3,0,14,1,0,1,0,0,0,2,4,0,0,0,3,1,0,0,0,1,1,0,0,0,2,3,0,1,3,4,0,0,0,0,2,2,0,1,0,2,0,7,0,0,0,1,1,4,1,0,0,0,1,0,3,1,1,0,3,2,1,0,0,0,2,0,0,0,1,1,4,4,2,0,1,1,1,0,0,0,1,0,0,0,0,3,0,14,1,0,3,0,8,2,1,0,0,0,0,1,0,0,0,0,0,1,0,0,0,1,0,2,2,0,2,1,0,0,0,0,0,0,0,0,1,2,0,0,0,0,0,0,0,0,1,1,1,0,1,0,1,0,0,0,0,0,1,1,2,2,0,1,3,9,1,1,0,0,0,4,1,0,1,1,0,0,0,0,0,0,1,0,0,1,2,0,0,2,1,10,0,0,1,3,3,1,1,0,1,0,1,3,1,1,0,0,1,0,0,0,0,0,0,0,0,0,0,0,0,0,0,0,0,0,0,0,0,0,0,0,0,0,0,0,0,0,0,0,2,1,0,0,0,0,4,0,0,1,0,3,0,0,0,0,0,0,0,0,0,1,0,0,0,0,0,1,0,0,0,0,0,1,0,0,0,0,0,1,0,1,0,0,0,1,2,0,1,1,1,1,0,1,0,2,0,0,1,0,0,0,2,0,0,0,0,0,0,1,0,0,0,0,0,0,0,0,0,0,0,0,1,1,0,0,0,0,0,1,3,1,6,0,0,1,0,0,1,0,0,0,0,0,0,0,0,0,0,0,1,3,0,0,0,1,0,0,0,0,0,1,0,0,0,0,0,0,1,0,1,0,0,0,1,0,0,0,5,0,0,0,0,1,0,0,0,0,0,1,1,2,2,0,0,0,3,0,0,0,0,0,1,0,0,0,1,0,0,0,0,0,0,0,0,0,0,0,0,2,0,0
martov_mirovoy_bolshevizm_NQ.txt_chunk8,martov,0,0,0,0,0,0,4,0,0,0,3,40,0,1,0,1,0,1,0,0,1,1,0,4,2,2,1,0,1,0,0,0,0,0,0,0,3,0,0,0,0,2,0,5,4,1,0,2,1,4,1,0,5,0,0,0,39,0,4,3,0,0,5,6,0,7,0,2,0,2,2,1,2,0,1,0,1,2,0,1,0,1,0,0,0,2,0,1,0,7,1,0,21,0,1,2,1,0,0,1,0,0,0,0,10,0,1,1,2,1,1,0,1,0,0,2,2,1,1,5,0,0,0,1,6,1,3,5,0,0,1,5,2,1,0,0,0,1,0,0,0,0,0,2,5,1,0,0,0,0,2,0,0,4,2,0,2,0,0,0,4,1,0,8,1,0,2,0,0,1,0,0,0,0,0,2,1,5,1,2,1,0,3,0,1,1,0,1,0,0,3,3,1,0,2,3,0,0,0,1,0,1,2,2,0,3,0,1,0,0,1,2,0,1,0,1,0,0,0,1,2,0,0,1,0,0,0,0,0,0,1,0,0,0,2,2,1,0,2,7,2,2,1,0,5,0,0,0,0,3,0,0,1,0,1,1,0,0,0,1,0,4,1,0,0,1,0,3,0,4,1,0,0,0,0,0,0,0,3,0,0,1,0,1,0,0,4,1,0,0,2,0,0,0,0,1,0,0,0,0,2,2,1,0,0,1,0,0,0,0,0,0,0,0,0,0,0,0,0,0,1,0,1,0,0,0,1,0,0,1,0,1,0,0,1,0,0,1,0,0,1,0,0,0,4,0,0,0,0,0,2,0,0,0,0,3,0,0,0,0,0,1,0,0,1,0,0,0,1,0,0,0,0,1,1,0,2,1,1,0,0,0,0,0,0,1,0,1,0,1,2,2,0,1,0,1,2,0,1,0,0,0,0,0,0,1,0,0,0,1,6,0,0,0,1,0,0,0,1,2,0,0,0,1,2,0,0,0,0,0,0,1,0,0,1,0,0,0,0,0,0,1,0,0,0,0,0,2,0,0,0,0,0,0,4,0,1,0,0,0,1,0,0,0,0,0,0,0,0,4,0,0,0,0,0,0,0,0,0,0,1,0,0,0,3,0,0,0,0,1,2,0,0,0,0,3,0,0,0,0
martov_mirovoy_bolshevizm_NQ.txt_chunk9,martov,2,0,0,0,0,0,0,1,1,1,4,42,0,0,0,3,1,0,0,0,2,0,1,3,0,0,2,1,0,0,0,0,0,0,2,0,4,1,0,0,0,1,0,9,0,0,1,5,1,3,0,1,1,0,0,0,35,1,5,0,1,1,2,8,0,9,2,6,1,0,0,2,3,1,1,1,0,2,0,1,0,1,0,0,0,2,2,1,0,11,5,0,6,0,0,2,0,1,0,3,0,0,0,0,2,0,0,5,1,0,0,0,1,0,0,4,0,2,1,11,0,0,0,2,4,2,0,3,0,1,2,5,0,0,0,1,3,0,0,0,1,0,0,0,1,1,0,1,0,0,0,2,0,0,2,1,0,0,0,1,4,0,0,2,5,0,2,0,0,5,0,0,0,0,0,1,2,9,1,0,1,1,3,6,2,1,0,0,0,1,1,1,0,0,0,1,0,0,1,4,0,0,1,0,1,1,0,0,0,1,0,0,0,0,3,1,0,0,0,0,0,0,0,1,1,0,0,0,0,0,0,1,0,2,0,0,1,0,1,0,3,0,0,0,0,0,0,0,1,2,3,0,2,0,1,0,0,0,0,1,0,0,0,1,0,0,0,4,0,0,2,0,0,0,0,0,0,2,0,0,0,0,0,0,0,0,6,1,0,3,1,0,0,0,0,0,1,0,0,0,0,1,0,0,0,0,0,0,1,1,2,0,0,0,0,0,0,0,0,0,0,2,2,0,0,2,0,0,0,1,0,0,2,0,1,0,0,1,0,0,1,0,0,0,4,0,0,1,0,0,0,0,0,0,1,0,0,0,2,0,0,0,0,1,0,0,2,0,0,0,0,0,1,1,0,0,5,2,0,0,0,0,0,0,0,0,1,0,1,0,1,0,0,1,0,0,1,0,1,0,3,0,0,0,0,1,1,1,0,2,2,0,0,0,0,1,0,0,0,5,0,1,0,0,0,1,1,0,0,0,0,0,1,1,1,0,0,0,0,0,1,0,1,1,0,0,0,2,0,0,1,0,0,0,2,0,1,2,3,0,0,0,0,0,0,0,0,0,0,3,2,0,0,0,6,0,1,0,1,0,0,0,0,0,1,0,0,0,0,2,0,0,0,0,0,4,0,0,0,0
martov_nash_cyezd_I.txt_chunk1,martov,3,0,1,0,1,0,4,4,0,7,3,24,0,0,0,0,4,0,0,0,0,0,1,5,0,3,0,1,0,0,0,0,0,1,1,0,6,3,0,0,5,0,0,4,0,0,1,0,4,4,3,0,4,0,0,1,29,0,3,0,2,0,2,4,0,4,0,4,1,4,0,0,2,0,0,0,4,0,0,1,0,0,0,0,0,2,0,0,2,8,2,2,13,0,0,1,0,0,0,0,1,0,0,0,3,0,0,5,0,1,0,0,0,0,0,1,0,1,8,4,0,0,0,0,2,2,0,0,0,0,1,10,0,0,0,1,1,1,2,0,0,0,0,1,2,1,0,0,1,0,0,0,0,0,0,0,2,0,4,0,3,2,3,10,0,0,1,0,0,0,1,0,0,0,0,0,0,9,3,1,0,1,2,3,4,0,0,2,0,0,0,0,1,0,0,1,1,0,0,0,0,0,0,0,0,0,0,0,0,0,0,0,1,0,0,0,0,2,0,0,0,4,0,0,0,0,1,0,0,0,0,2,0,1,0,4,0,0,1,0,0,0,1,2,7,0,0,0,0,2,2,0,0,2,0,0,1,2,1,0,8,4,1,2,2,0,0,1,0,0,0,0,1,0,11,0,0,5,0,0,0,0,2,1,1,4,0,0,0,0,0,1,1,2,3,0,0,0,0,0,1,0,0,0,0,1,1,0,1,0,0,2,0,1,1,1,0,0,0,1,1,2,3,3,3,2,0,0,0,5,0,0,1,1,0,1,0,1,0,0,1,0,1,0,0,0,0,0,0,0,0,2,0,0,0,0,0,1,0,0,1,1,0,1,1,0,0,0,0,1,0,0,0,0,0,0,7,0,0,0,1,0,1,0,0,0,0,1,0,1,0,1,1,0,0,0,0,0,1,0,1,1,0,0,0,0,0,0,1,0,6,0,0,2,0,0,0,0,0,0,0,0,0,0,0,0,0,0,0,2,1,6,0,0,0,0,0,0,0,0,0,0,0,0,0,0,1,0,1,2,2,2,0,0,0,0,3,0,0,0,2,0,0,0,0,0,0,1,0,0,0,1,0,0,0,0,1,0,1,0,5,0,0,0,1,0,0,0,0,0,0,0,1,0,0,0,0,0,0,0
martov_nash_cyezd_I.txt_chunk2,martov,5,0,1,1,3,3,1,1,2,0,2,22,0,1,3,1,1,3,0,0,2,2,1,5,0,3,1,1,0,0,0,0,2,1,1,0,5,0,0,1,3,0,0,7,0,1,0,0,4,2,1,0,2,0,0,3,42,0,6,2,1,0,1,6,1,5,0,0,0,0,1,0,3,0,0,0,0,3,1,4,0,0,0,1,1,1,2,0,0,14,1,3,12,0,1,0,0,1,0,2,0,0,0,0,7,0,1,2,4,1,2,0,0,1,2,2,0,0,6,1,0,1,3,0,6,1,1,5,2,0,1,9,0,0,0,1,0,0,3,0,0,0,1,1,3,1,0,1,0,1,0,0,0,0,5,0,0,0,6,0,5,3,0,3,1,0,0,0,0,1,0,0,0,1,0,8,1,15,3,1,0,4,5,1,4,2,1,4,0,0,0,0,0,0,0,1,0,1,0,1,0,0,0,0,0,0,0,3,0,0,0,0,0,1,0,1,1,0,2,0,0,0,0,0,1,0,0,0,0,0,2,0,0,0,0,1,0,2,6,1,0,0,0,0,1,2,0,0,0,0,0,0,0,0,1,0,0,3,1,0,15,1,1,0,0,0,0,0,0,1,0,1,0,1,1,1,5,4,1,1,1,0,0,0,0,0,0,0,0,0,0,0,0,0,1,1,0,0,0,0,2,0,0,0,0,3,0,1,0,0,0,0,1,1,0,0,0,0,1,2,0,1,2,0,0,0,1,0,1,2,0,0,1,2,0,0,1,0,0,0,0,0,0,0,0,2,0,0,2,0,0,0,0,2,0,0,0,0,0,0,0,1,0,0,1,0,0,1,1,2,0,0,0,1,0,0,3,1,1,0,0,0,1,0,0,0,0,3,0,3,1,1,0,0,1,0,1,1,0,0,0,0,0,0,0,1,0,0,0,0,0,0,1,0,0,0,0,0,0,0,0,1,0,0,0,0,0,2,0,0,0,0,1,0,1,0,0,0,0,0,0,0,0,0,1,0,0,0,0,0,0,1,0,1,1,0,0,0,2,0,0,0,0,0,0,0,0,0,0,0,0,0,0,0,0,0,0,0,0,0,0,0,0,0,0,0,0,1,0,0,0,0,3,0,0,0,0,0,0,0
martov_ne_nachalo_li_povorota_I.txt_chunk1,martov,3,0,0,0,0,0,6,1,1,4,2,40,1,0,0,2,2,2,1,0,0,0,1,1,0,2,0,0,0,0,0,0,0,0,0,0,3,0,0,1,2,0,0,6,2,0,6,3,1,2,1,0,2,1,0,1,26,0,1,1,2,1,4,4,0,7,0,1,0,1,2,2,1,0,0,0,0,1,0,0,0,1,0,1,1,1,0,0,0,16,1,0,12,1,0,2,1,0,0,3,0,1,1,0,5,0,0,6,3,1,0,0,0,0,0,5,1,4,1,8,0,0,1,2,6,1,0,0,0,0,1,12,1,1,0,0,1,1,2,0,1,1,4,3,2,2,0,1,0,1,1,0,0,0,1,0,0,0,1,0,7,3,0,5,1,1,2,1,0,1,0,0,0,1,0,2,0,7,1,3,2,3,9,1,1,3,1,2,0,0,0,0,1,0,0,5,0,1,1,0,0,0,0,1,4,0,2,1,0,1,0,0,0,0,0,0,0,0,0,0,0,0,0,3,1,1,0,0,0,0,1,1,0,1,0,1,0,0,4,1,0,0,1,1,1,1,0,0,0,0,0,1,2,0,0,1,0,0,0,0,2,1,1,0,2,0,0,2,0,0,0,0,1,0,2,0,1,5,0,0,0,1,0,1,1,1,0,0,0,0,1,0,0,0,0,0,0,0,1,1,0,0,0,3,1,2,1,0,0,0,0,1,3,0,0,1,1,0,0,3,0,4,0,1,1,1,0,0,0,0,0,0,1,1,0,0,0,0,0,0,1,0,0,0,0,0,0,0,0,0,0,0,0,0,0,1,0,0,0,0,0,0,0,0,1,0,0,2,0,0,1,0,0,1,0,2,1,1,0,0,0,0,0,0,0,0,0,1,0,1,0,0,0,0,0,0,0,0,0,1,2,0,5,0,0,1,2,0,0,2,1,6,0,1,0,0,0,0,0,0,0,1,0,0,0,0,0,0,0,2,2,2,0,0,0,0,0,0,0,0,0,0,0,2,0,0,1,3,1,0,0,0,0,1,0,0,0,0,6,0,0,2,0,0,0,0,0,0,0,1,2,0,0,0,1,1,0,0,0,0,1,0,0,0,0,0,0,0,0,0,0,1,0,0,0,0,0,0,0,0
martov_polit_partii_v_Rosii.txt_chunk1,martov,7,0,0,1,0,0,4,2,3,5,0,43,0,0,0,1,0,0,0,0,1,0,7,4,2,1,0,0,0,1,0,0,0,0,1,2,2,1,0,0,2,1,0,3,0,0,1,1,2,5,4,1,12,0,0,1,41,0,6,2,3,1,8,4,0,5,0,2,1,0,0,0,5,0,1,0,0,0,3,0,0,0,0,0,1,1,1,0,0,12,1,1,13,0,0,0,0,0,0,0,0,1,0,0,5,0,1,2,1,1,2,0,0,0,0,2,3,6,1,3,0,0,1,1,4,2,0,0,0,0,0,9,0,1,1,0,0,1,1,0,3,0,0,3,1,1,0,1,0,0,0,0,0,1,6,0,1,0,0,0,6,6,0,2,1,1,0,0,0,0,0,0,1,0,0,1,0,12,7,1,2,0,3,3,1,0,0,0,0,0,0,1,1,0,1,0,0,0,1,0,0,1,0,0,0,0,3,0,0,1,1,1,2,1,0,0,0,3,0,1,1,0,0,0,1,0,0,1,0,1,3,3,0,2,1,1,1,0,3,1,5,4,0,1,0,0,0,0,0,0,0,0,2,0,1,0,0,0,1,1,23,12,2,3,2,0,0,0,0,0,0,0,1,0,3,0,0,0,3,0,4,0,0,0,2,0,0,0,0,0,2,0,0,1,0,0,1,0,0,1,0,2,0,1,0,1,0,0,0,0,0,0,9,3,2,2,0,0,1,1,0,0,0,0,0,1,0,0,0,0,0,0,1,0,0,0,0,0,0,0,0,0,0,0,1,0,0,2,1,0,0,0,0,1,0,2,0,3,0,0,1,2,0,0,0,0,0,0,0,0,0,0,0,0,0,1,1,0,3,0,0,0,0,0,0,0,0,0,1,0,1,0,0,1,1,1,1,0,1,1,0,1,0,0,0,0,3,0,1,0,0,1,0,0,0,1,0,0,0,0,2,2,2,0,0,0,0,4,0,0,0,2,0,0,0,0,1,0,0,0,0,0,0,0,0,0,4,0,0,0,0,1,0,0,0,0,0,0,0,0,0,0,1,0,0,0,1,0,0,0,0,0,0,0,1,0,0,1,3,0,0,0,0,4,0,0,0,0,0,0,1,0,5,0,0,0,0,0,0,0
martov_polit_partii_v_Rosii.txt_chunk2,martov,6,0,0,0,0,0,2,0,3,1,4,28,1,0,0,0,0,1,0,0,1,1,0,4,1,2,1,1,2,2,0,0,0,0,0,0,4,2,1,1,5,2,0,2,1,0,0,4,2,2,3,0,12,0,0,1,46,0,4,3,1,0,6,4,0,3,1,0,1,1,1,0,2,0,0,2,0,3,0,3,0,1,0,0,0,3,0,0,0,15,0,1,17,0,0,0,0,0,0,2,0,0,3,0,7,0,1,3,0,0,0,0,0,0,0,1,2,13,0,5,1,0,1,0,5,1,0,3,0,0,1,6,0,0,0,0,2,0,1,0,1,0,3,0,3,0,0,0,0,0,0,1,0,0,5,0,0,0,2,0,4,2,0,2,2,2,1,0,1,1,0,0,0,0,1,0,0,10,5,0,3,0,2,0,2,2,0,1,0,1,0,1,0,0,1,2,0,0,0,0,2,0,0,2,0,0,2,3,1,0,0,1,0,0,0,0,0,1,0,0,2,1,0,0,0,0,0,1,0,1,1,1,1,2,1,3,2,1,2,2,0,2,1,0,0,0,0,0,0,0,0,1,2,0,1,0,0,0,0,0,8,8,0,3,1,0,0,0,1,0,0,0,2,0,0,0,0,0,4,0,0,0,0,0,0,2,4,0,1,0,2,0,0,0,0,0,2,0,0,1,0,4,0,1,1,2,0,1,0,0,0,0,1,0,5,1,1,1,0,0,0,0,0,1,0,0,0,0,0,1,0,1,1,0,0,0,0,0,0,0,1,0,0,0,0,0,0,3,0,0,0,0,0,1,0,0,1,0,0,0,0,0,0,0,1,0,1,0,0,0,0,0,0,0,0,0,0,0,2,0,0,0,0,0,0,0,3,0,0,1,2,1,2,0,0,4,1,1,0,2,0,0,0,1,0,0,0,0,0,0,0,2,0,0,0,1,0,0,0,5,0,2,0,1,4,0,0,0,0,0,0,1,1,2,0,2,4,0,0,0,0,0,2,1,0,0,0,2,1,0,0,0,0,0,0,0,0,0,0,0,0,0,1,0,0,0,0,0,0,0,1,0,0,0,0,0,1,0,0,0,0,0,0,2,0,0,0,0,0,0,1,0,0,0,0,0,0,0,0,0
martov_polit_partii_v_Rosii.txt_chunk3,martov,2,0,0,2,0,0,0,0,1,4,2,24,0,0,0,0,0,0,0,0,3,0,0,2,3,0,1,0,0,2,0,2,0,1,1,0,11,2,4,0,3,1,0,2,0,0,2,0,1,8,0,0,9,0,0,0,51,0,3,2,5,0,0,2,0,8,1,7,1,1,0,0,2,0,0,3,0,1,1,0,0,0,0,3,0,2,1,0,0,15,2,0,15,0,1,0,0,0,1,2,0,0,1,0,13,0,0,6,2,0,0,0,0,0,1,0,6,8,1,3,0,0,1,0,4,0,0,1,0,0,0,8,0,1,0,0,0,0,0,0,1,0,1,1,0,0,0,0,0,0,0,0,0,1,6,0,0,0,2,0,5,3,0,4,4,0,2,0,1,3,0,0,0,2,0,1,0,17,6,1,3,0,1,0,0,0,0,0,0,2,0,1,0,0,0,1,0,0,1,0,0,0,0,0,1,0,0,0,0,0,0,0,0,0,4,1,0,0,0,3,2,0,0,0,0,0,0,0,0,0,0,1,0,1,0,3,0,1,0,1,3,0,0,0,0,0,0,0,0,0,0,0,2,0,1,0,0,0,0,1,10,10,0,3,4,0,0,2,0,0,0,0,0,0,0,0,0,0,1,0,0,0,0,0,0,0,0,0,0,0,0,0,0,0,0,0,3,0,1,1,0,4,0,0,0,0,0,0,0,1,2,0,3,1,2,1,1,0,0,0,0,0,1,0,0,0,0,0,0,0,0,0,0,0,0,1,0,0,0,0,1,0,0,0,1,0,0,3,1,1,1,2,0,1,1,0,0,0,0,0,0,0,1,2,0,0,3,0,0,0,0,1,0,0,0,0,4,1,0,0,0,0,0,0,1,0,2,1,1,0,1,0,0,0,1,2,1,0,1,1,0,1,2,0,0,0,1,0,1,2,0,0,0,0,0,0,0,0,2,7,0,2,5,1,2,0,0,0,0,0,0,0,1,6,0,6,0,0,0,0,0,2,2,5,0,0,0,0,0,0,0,0,0,0,0,1,0,0,2,0,0,0,1,0,1,0,0,0,0,0,0,0,0,2,0,0,0,0,0,0,0,2,2,3,1,0,0,1,1,0,0,0,1,0,0,0,0,0,0,0
martov_polit_partii_v_Rosii.txt_chunk4,martov,8,0,0,0,0,0,1,4,0,2,2,15,1,0,0,2,1,0,1,0,0,0,0,2,1,1,2,1,1,0,0,0,0,0,1,0,1,0,4,0,2,0,0,1,1,1,1,2,4,6,0,0,11,1,0,1,44,0,4,3,1,0,5,6,0,5,1,4,0,2,1,2,1,0,0,0,0,0,0,2,0,0,0,0,1,1,1,0,0,13,3,0,22,0,0,0,0,0,2,4,0,1,2,0,12,1,0,0,0,2,0,2,0,0,0,0,1,8,0,4,0,0,1,1,9,1,0,3,0,0,0,15,0,0,0,0,1,1,1,0,1,1,1,3,0,2,0,0,0,0,0,0,0,0,3,3,1,0,1,0,4,2,3,3,1,0,0,0,0,3,0,0,0,0,0,0,0,7,5,1,0,1,8,1,2,1,0,1,0,2,0,0,0,3,0,1,0,0,1,0,1,0,0,0,0,0,0,1,3,0,0,0,0,0,0,0,0,3,0,0,0,0,0,0,0,1,0,0,0,0,0,2,0,2,0,1,1,0,1,2,1,2,0,0,1,0,0,0,0,0,0,0,0,0,2,0,0,0,0,0,13,16,0,3,3,0,0,1,1,0,0,0,1,0,0,0,0,0,1,0,0,1,1,2,1,1,2,0,1,0,0,0,1,3,0,0,1,0,0,0,0,3,0,0,4,0,1,1,0,2,0,0,1,0,0,0,2,0,2,0,1,0,0,0,0,1,0,0,3,0,0,0,3,0,1,0,1,0,0,0,1,0,1,0,0,0,0,1,0,0,0,2,1,0,0,2,0,1,1,0,1,1,1,1,0,0,0,0,1,0,1,0,1,0,0,0,1,1,1,0,0,0,0,0,0,0,1,0,1,0,0,0,1,1,1,0,0,0,0,3,1,0,1,1,0,0,5,0,0,1,0,2,0,1,0,0,0,0,1,0,0,1,3,0,1,0,0,0,0,0,0,0,0,12,0,3,0,0,0,0,0,1,0,2,1,0,0,1,0,0,0,0,0,0,0,0,0,0,0,0,0,0,1,0,0,0,0,0,0,0,0,0,0,0,0,3,0,0,0,0,0,0,1,0,0,0,0,0,0,0,0,0,1,0,0,0,0,0,0,0
martov_polit_partii_v_Rosii.txt_chunk6,martov,6,0,0,2,3,3,1,0,0,2,2,29,0,0,0,1,0,0,0,0,0,0,1,7,1,0,2,1,0,0,0,0,0,0,0,0,2,0,4,0,5,1,0,4,2,1,2,3,3,1,0,0,10,0,0,3,42,0,3,5,0,0,3,5,1,6,2,2,0,1,1,0,0,0,2,0,0,3,1,10,0,1,0,0,0,3,2,0,0,10,2,0,14,0,0,0,0,0,0,1,0,1,1,0,6,0,1,3,1,3,0,0,0,0,1,0,0,1,1,7,0,0,0,0,7,0,0,2,0,0,0,13,0,1,0,0,2,0,0,1,0,0,0,1,0,0,0,0,0,0,0,1,0,0,3,0,1,0,3,0,6,2,0,3,0,0,0,1,1,0,0,0,0,0,0,1,0,10,2,1,3,0,1,0,3,0,0,1,0,2,0,0,0,0,0,3,0,0,0,0,0,0,1,0,1,1,0,1,3,0,0,3,0,1,0,0,1,1,0,2,0,1,0,2,0,1,1,0,0,3,0,1,2,2,0,0,1,0,1,3,0,5,0,0,0,0,0,0,0,0,0,1,3,0,0,0,0,0,0,0,6,9,2,0,1,0,0,0,1,1,2,0,0,0,7,2,0,0,0,0,0,0,2,1,1,2,0,0,0,0,1,0,1,1,0,0,4,0,0,0,0,0,0,1,3,0,0,0,0,0,5,0,2,0,0,0,0,0,0,0,0,0,0,3,0,1,0,3,0,0,0,0,3,2,0,0,0,0,0,0,0,0,0,0,1,0,0,0,0,0,0,0,0,0,0,2,0,0,0,0,0,0,0,1,1,1,1,0,0,0,0,0,0,0,0,0,3,0,0,0,0,0,0,0,0,0,0,0,0,0,2,1,0,0,0,0,0,0,0,2,0,0,6,4,0,1,1,0,1,0,1,0,2,2,0,0,2,0,1,0,0,1,1,0,1,0,0,0,1,0,0,1,0,0,1,0,0,0,1,0,0,0,0,0,0,0,0,0,0,0,0,2,0,0,0,0,0,0,0,0,0,1,0,2,0,0,3,1,0,0,0,0,3,1,0,4,0,0,0,0,0,0,0,2,1,0,0,0,0,0,0,0,1,0,0,0,0,0,0,0
martov_polit_partii_v_Rosii.txt_chunk7,martov,4,0,0,0,4,2,1,0,0,0,0,36,3,0,0,1,0,0,3,0,0,0,2,4,1,2,3,0,0,0,0,0,0,1,2,0,0,0,0,1,0,2,0,0,0,0,2,1,2,4,2,0,7,0,0,0,40,0,5,1,4,1,6,9,0,10,1,1,0,3,0,0,3,0,1,0,0,0,0,6,0,0,0,3,0,0,0,0,0,15,0,4,13,0,1,0,0,0,1,0,0,0,2,0,10,0,1,5,0,1,3,0,0,2,0,0,0,4,1,11,0,0,1,1,6,0,0,5,0,0,0,14,0,1,0,1,0,1,2,1,2,0,3,0,8,0,0,0,0,0,1,0,0,0,4,0,1,0,2,0,5,4,0,2,1,1,1,0,0,0,0,0,1,0,0,3,0,6,4,1,2,0,2,0,2,1,0,1,0,2,0,0,0,0,0,2,0,0,0,0,0,0,2,0,0,1,2,1,0,0,0,1,0,0,0,1,0,0,0,0,0,0,0,0,0,0,0,1,0,0,1,1,0,0,0,2,1,0,5,4,0,3,0,0,0,0,0,0,0,0,0,0,1,0,0,0,0,0,0,1,8,8,1,0,8,0,0,0,0,0,4,0,0,0,3,3,1,0,1,0,4,0,4,3,1,4,1,0,0,0,2,1,0,1,1,1,3,2,0,0,0,2,0,0,0,0,0,0,0,0,0,0,1,0,0,0,0,1,0,1,0,0,1,3,0,3,0,0,0,0,0,0,2,0,0,0,0,0,0,0,0,0,1,0,0,0,0,2,0,0,0,0,0,0,2,0,0,0,0,0,0,1,0,0,3,0,0,1,5,0,3,0,0,0,0,0,1,0,1,0,0,0,0,0,0,1,1,0,1,0,2,0,0,0,2,1,1,0,0,2,0,0,1,1,0,0,1,1,1,0,1,0,0,2,0,0,4,0,0,1,1,0,2,0,0,1,0,0,0,0,0,2,0,2,0,0,2,0,0,0,1,0,1,0,0,0,1,0,1,0,0,2,0,1,0,1,0,0,0,0,0,0,0,0,0,0,2,0,0,1,0,0,0,0,1,0,0,0,0,2,1,0,0,0,1,0,0,2,0,0,1,1,0,0,0,0,0,0,0,0
martov_probuzhdenie_demokratii_I.txt_chunk1,martov,1,0,0,0,2,0,5,0,0,0,1,32,1,0,0,2,1,0,0,0,1,0,4,1,1,1,0,0,0,0,0,0,0,1,0,0,2,1,0,0,0,0,0,5,0,2,5,0,0,5,0,0,7,0,0,1,32,0,6,0,1,0,1,7,0,4,2,1,1,2,0,1,1,0,2,0,3,3,0,3,0,0,0,0,0,2,1,0,0,12,0,0,8,0,0,0,0,3,0,0,2,0,0,0,3,0,0,5,0,0,0,0,1,0,1,2,7,0,1,4,0,0,0,0,8,3,0,1,1,0,0,17,0,0,0,1,1,1,3,1,2,0,1,1,0,1,0,1,2,0,1,0,0,0,1,0,0,0,0,0,3,3,2,1,1,1,0,2,0,0,0,0,0,0,0,2,0,1,3,0,0,1,3,2,0,0,0,0,0,2,0,0,0,0,0,1,0,0,0,0,0,0,0,2,1,0,0,0,0,0,0,1,0,1,0,4,0,0,0,0,1,0,0,0,1,0,0,0,3,0,1,0,0,4,0,0,0,0,5,1,2,0,0,2,3,0,0,0,0,0,1,0,0,1,0,1,0,0,0,0,1,0,0,0,3,0,0,1,0,0,0,0,0,3,0,1,0,1,2,0,0,0,0,3,0,3,1,0,0,0,0,1,3,0,1,1,1,1,0,0,1,0,0,3,0,0,1,0,1,0,1,2,0,0,0,0,0,2,0,2,0,0,0,1,0,0,1,0,0,0,0,1,2,0,0,0,0,0,0,0,0,0,0,0,2,0,0,1,1,0,0,0,0,0,0,0,0,0,0,0,1,0,0,0,1,0,0,0,0,1,0,0,0,1,0,0,1,0,0,0,0,0,0,0,0,0,0,0,0,0,1,0,0,0,1,0,1,0,0,1,2,0,0,0,0,0,0,1,1,1,4,0,0,0,0,0,0,0,1,0,1,0,1,0,0,0,1,0,0,1,0,3,0,0,0,0,0,0,0,0,0,1,0,1,0,0,0,1,0,1,1,0,1,1,0,1,0,0,0,0,1,0,0,0,0,1,2,2,0,0,0,1,0,0,1,0,1,1,0,2,5,0,0,0,0,0,0,0,0,0,0,2,1,0,1,0,0,0,0,0
martov_probuzhdenie_demokratii_I.txt_chunk3,martov,4.514672686230248,0,0,0,0,0,7.900677200902935,0,0,0,1.128668171557562,32.7313769751693,0,0,1.128668171557562,5.643340857787811,1.128668171557562,1.128668171557562,0,0,0,0,2.257336343115124,3.386004514672686,3.386004514672686,1.128668171557562,0,0,0,0,0,0,0,6.772009029345372,4.514672686230248,0,5.643340857787811,0,1.128668171557562,1.128668171557562,3.386004514672686,1.128668171557562,0,2.257336343115124,2.257336343115124,0,3.386004514672686,0,0,0,9.029345372460496,0,5.643340857787811,0,0,1.128668171557562,27.08803611738149,1.128668171557562,3.386004514672686,3.386004514672686,1.128668171557562,0,5.643340857787811,6.772009029345372,0,5.643340857787811,1.128668171557562,0,0,0,0,1.128668171557562,0,1.128668171557562,0,1.128668171557562,0,1.128668171557562,2.257336343115124,2.257336343115124,0,0,0,0,0,2.257336343115124,0,1.128668171557562,0,12.415349887133182,0,0,15.80135440180587,0,0,0,4.514672686230248,0,1.128668171557562,0,0,0,0,0,6.772009029345372,0,3.386004514672686,4.514672686230248,1.128668171557562,0,0,0,0,0,1.128668171557562,0,0,2.257336343115124,3.386004514672686,6.772009029345372,0,0,1.128668171557562,1.128668171557562,5.643340857787811,0,0,3.386004514672686,0,0,0,9.029345372460496,0,0,2.257336343115124,0,0,1.128668171557562,3.386004514672686,0,0,0,2.257336343115124,0,2.257336343115124,0,0,0,0,0,0,1.128668171557562,0,0,0,0,0,0,2.257336343115124,0,3.386004514672686,3.386004514672686,1.128668171557562,11.286681715575622,1.128668171557562,1.128668171557562,0,1.128668171557562,0,2.257336343115124,0,0,0,0,0,0,0,6.772009029345372,5.643340857787811,0,1.128668171557562,0,2.257336343115124,4.514672686230248,3.386004514672686,0,0,0,0,0,1.128668171557562,0,0,0,0,2.257336343115124,0,0,0,0,0,0,1.128668171557562,1.128668171557562,3.386004514672686,0,0,1.128668171557562,0,0,0,0,0,1.128668171557562,1.128668171557562,0,1.128668171557562,0,0,0,0,0,0,1.128668171557562,2.257336343115124,0,1.128668171557562,0,0,0,0,0,0,0,5.643340857787811,0,1.128668171557562,0,7.900677200902935,4.514672686230248,0,0,0,1.128668171557562,3.386004514672686,0,0,0,0,3.386004514672686,0,0,0,0,0,0,4.514672686230248,4.514672686230248,1.128668171557562,0,7.900677200902935,1.128668171557562,1.128668171557562,0,2.257336343115124,0,0,3.386004514672686,1.128668171557562,0,0,0,0,1.128668171557562,7.900677200902935,0,0,1.128668171557562,1.128668171557562,0,2.257336343115124,1.128668171557562,0,2.257336343115124,2.257336343115124,1.128668171557562,0,1.128668171557562,0,0,1.128668171557562,0,0,0,1.128668171557562,0,0,0,0,0,0,0,0,1.128668171557562,0,0,0,1.128668171557562,3.386004514672686,0,2.257336343115124,0,2.257336343115124,0,0,0,0,0,0,0,0,0,1.128668171557562,1.128668171557562,0,0,0,0,0,0,0,0,0,1.128668171557562,1.128668171557562,0,1.128668171557562,0,0,0,0,0,0,0,0,0,0,0,0,0,0,0,0,0,1.128668171557562,2.257336343115124,0,0,0,0,1.128668171557562,3.386004514672686,0,0,0,0,0,0,2.257336343115124,1.128668171557562,1.128668171557562,0,0,2.257336343115124,0,0,11.286681715575622,4.514672686230248,1.128668171557562,0,1.128668171557562,0,0,0,0,2.257336343115124,1.128668171557562,0,0,1.128668171557562,0,3.386004514672686,1.128668171557562,1.128668171557562,0,0,1.128668171557562,0,0,0,0,2.257336343115124,0,0,0,0,0,0,0,0,15.80135440180587,0,0,0,2.257336343115124,0,0,0,0,0,0,0,0,0,0,0,0,0,0,0,0,11.286681715575622,0,0,0,0,0,2.257336343115124,0,0,0,0,1.128668171557562,0,0,1.128668171557562,0,0,0,0,2.257336343115124,0,0,1.128668171557562,0,0,0,1.128668171557562,0,0,2.257336343115124,0,0,0,0,0,4.514672686230248,3.386004514672686,0,0,0,2.257336343115124,0,0,0,0,0,0,0,0,1.128668171557562,0,0,0,2.257336343115124,0,0,2.257336343115124,0,0,0,0,1.128668171557562,0,0,0,0,0,0,0
martov_razgrom_I.txt_chunk1,martov,1,0,0,0,1,0,0,0,1,4,5,28,0,0,0,1,0,0,0,0,0,0,1,4,0,1,1,0,0,0,0,0,1,0,0,0,2,1,1,0,2,0,0,3,1,1,0,0,6,0,1,0,2,0,0,0,40,0,4,3,1,0,2,6,0,7,0,3,0,0,3,1,3,0,0,0,4,1,0,1,0,0,0,0,0,5,1,0,0,12,0,0,20,1,1,0,0,0,2,0,0,0,0,0,4,0,0,6,0,0,0,0,0,0,1,4,3,4,1,2,0,0,2,2,1,1,0,0,0,2,2,8,0,0,0,0,0,0,0,1,0,0,1,0,2,1,1,0,0,0,0,0,0,0,2,0,0,0,0,1,1,2,3,4,3,0,0,0,0,1,0,0,0,0,1,1,2,14,4,4,2,0,4,4,1,0,2,1,0,1,0,0,0,1,0,1,0,2,0,0,0,0,0,0,1,0,0,0,0,0,0,0,2,0,0,1,0,2,0,0,0,2,1,0,1,0,0,0,0,0,1,2,0,5,0,0,0,1,0,2,0,0,0,0,0,0,0,0,0,0,0,0,1,0,1,0,0,0,0,0,0,0,1,6,1,0,0,0,0,2,0,0,0,1,0,1,0,0,0,0,0,1,0,0,0,1,0,0,0,1,6,0,0,0,0,0,0,0,0,0,0,0,0,0,0,0,0,0,0,0,0,0,1,1,1,1,1,0,1,1,0,0,0,2,0,0,0,0,0,0,0,1,0,0,0,0,0,0,1,3,0,0,0,0,0,0,0,0,0,1,0,0,0,0,1,0,0,0,0,0,0,0,1,0,0,1,0,0,0,0,0,0,0,1,0,0,0,0,0,0,0,0,0,1,0,0,0,0,0,0,1,0,1,0,0,0,0,0,0,0,0,1,0,0,0,1,0,0,1,1,0,2,0,1,1,2,0,0,2,0,0,0,2,0,0,0,0,0,0,0,0,1,0,0,0,0,0,0,0,0,1,0,1,1,0,0,0,0,1,1,0,0,2,0,0,0,0,0,0,0,0,0,1,0,0,0,0,0,0,0,0,2,0,0,0,0,0,0,0,0,1,0,1,0,0,0,0,0,0,0,0,1,5,0,0,0,0,0,0,0
martov_razgrom_I.txt_chunk3,martov,4.3763676148796495,0,0,0,10.940919037199125,0,2.1881838074398248,0,0,0,8.752735229759299,39.38730853391685,2.1881838074398248,0,0,6.564551422319474,0,0,0,0,0,2.1881838074398248,0,8.752735229759299,4.3763676148796495,0,0,0,0,2.1881838074398248,0,0,0,2.1881838074398248,2.1881838074398248,0,0,0,0,0,0,0,0,10.940919037199125,2.1881838074398248,2.1881838074398248,2.1881838074398248,0,4.3763676148796495,2.1881838074398248,2.1881838074398248,0,4.3763676148796495,0,0,0,35.010940919037196,0,2.1881838074398248,4.3763676148796495,0,0,2.1881838074398248,8.752735229759299,0,4.3763676148796495,0,0,0,4.3763676148796495,0,0,0,0,2.1881838074398248,0,0,0,0,0,0,4.3763676148796495,0,0,2.1881838074398248,2.1881838074398248,0,0,0,4.3763676148796495,0,0,21.88183807439825,2.1881838074398248,0,0,0,0,2.1881838074398248,0,0,0,0,0,6.564551422319474,0,0,2.1881838074398248,0,0,0,0,0,0,0,10.940919037199125,0,0,0,19.693654266958426,2.1881838074398248,0,0,0,4.3763676148796495,0,0,2.1881838074398248,0,2.1881838074398248,0,13.129102844638949,0,0,4.3763676148796495,0,0,0,6.564551422319474,0,0,2.1881838074398248,4.3763676148796495,0,0,2.1881838074398248,0,0,0,2.1881838074398248,0,0,0,0,2.1881838074398248,0,0,0,0,0,2.1881838074398248,2.1881838074398248,2.1881838074398248,2.1881838074398248,2.1881838074398248,0,0,2.1881838074398248,0,0,0,2.1881838074398248,0,0,0,0,0,8.752735229759299,2.1881838074398248,0,0,0,4.3763676148796495,4.3763676148796495,2.1881838074398248,6.564551422319474,0,0,0,4.3763676148796495,0,0,0,0,0,0,2.1881838074398248,2.1881838074398248,2.1881838074398248,0,0,2.1881838074398248,0,0,2.1881838074398248,0,0,0,0,0,0,0,0,0,0,0,0,0,0,0,0,0,0,0,0,0,0,0,4.3763676148796495,0,0,0,0,4.3763676148796495,0,0,0,0,2.1881838074398248,2.1881838074398248,0,0,0,0,0,0,0,0,0,4.3763676148796495,2.1881838074398248,0,0,0,0,6.564551422319474,0,8.752735229759299,2.1881838074398248,0,4.3763676148796495,2.1881838074398248,0,0,6.564551422319474,0,0,2.1881838074398248,0,0,0,2.1881838074398248,0,0,0,0,0,0,0,2.1881838074398248,0,0,0,0,2.1881838074398248,0,0,0,0,0,0,0,0,0,0,0,0,0,0,0,0,0,2.1881838074398248,2.1881838074398248,2.1881838074398248,0,0,0,0,0,2.1881838074398248,0,2.1881838074398248,0,0,0,2.1881838074398248,0,2.1881838074398248,0,0,0,2.1881838074398248,0,0,4.3763676148796495,0,0,0,2.1881838074398248,0,0,0,0,0,0,0,0,0,0,0,0,2.1881838074398248,0,0,0,0,0,0,0,0,0,0,0,0,2.1881838074398248,0,0,0,0,0,0,0,0,0,0,0,0,0,2.1881838074398248,0,0,0,4.3763676148796495,0,0,6.564551422319474,0,0,0,0,0,2.1881838074398248,0,0,0,0,2.1881838074398248,4.3763676148796495,0,2.1881838074398248,2.1881838074398248,0,0,0,0,2.1881838074398248,0,0,0,2.1881838074398248,0,0,0,0,0,0,0,0,2.1881838074398248,4.3763676148796495,0,4.3763676148796495,0,0,0,0,0,0,0,0,0,0,0,0,0,0,0,0,0,0,6.564551422319474,0,0,0,0,0,0,0,0,0,0,0,0,0,0,0,0,0,0,0,0,4.3763676148796495,0,0,0,0,4.3763676148796495,0,0,0,0,0,0,0,0,0,0,0,0,0,0,0,0,2.1881838074398248,0,0,0,0,0,6.564551422319474,0,0,0,6.564551422319474,0,0,0,0,0,0,0,6.564551422319474,0,0,0,0,0,0,0
martov_slezy_starogo_krokodila_I.txt_chunk2,martov,8.333333333333334,0,0,0,0,1.1904761904761907,3.571428571428571,1.1904761904761907,0,1.1904761904761907,3.571428571428571,25,0,0,0,1.1904761904761907,0,1.1904761904761907,1.1904761904761907,0,3.571428571428571,0,0,4.761904761904763,0,1.1904761904761907,2.3809523809523814,1.1904761904761907,2.3809523809523814,2.3809523809523814,0,0,2.3809523809523814,1.1904761904761907,1.1904761904761907,0,2.3809523809523814,1.1904761904761907,0,0,1.1904761904761907,0,0,4.761904761904763,2.3809523809523814,1.1904761904761907,4.761904761904763,1.1904761904761907,0,3.571428571428571,1.1904761904761907,0,4.761904761904763,1.1904761904761907,1.1904761904761907,0,27.38095238095238,0,4.761904761904763,1.1904761904761907,1.1904761904761907,0,1.1904761904761907,7.142857142857142,0,10.714285714285714,0,1.1904761904761907,0,0,1.1904761904761907,0,1.1904761904761907,0,0,0,0,1.1904761904761907,1.1904761904761907,0,0,1.1904761904761907,0,2.3809523809523814,1.1904761904761907,0,1.1904761904761907,0,1.1904761904761907,9.5238095238095255,0,1.1904761904761907,15.476190476190476,0,0,0,0,0,1.1904761904761907,0,0,1.1904761904761907,0,2.3809523809523814,7.142857142857142,0,1.1904761904761907,3.571428571428571,0,0,0,3.571428571428571,0,0,1.1904761904761907,5.952380952380952,0,1.1904761904761907,0,13.095238095238095,0,0,2.3809523809523814,1.1904761904761907,2.3809523809523814,3.571428571428571,0,1.1904761904761907,0,0,1.1904761904761907,11.904761904761903,0,1.1904761904761907,0,0,0,5.952380952380952,2.3809523809523814,0,0,2.3809523809523814,0,0,1.1904761904761907,1.1904761904761907,0,0,0,0,0,0,0,0,3.571428571428571,0,0,1.1904761904761907,0,0,3.571428571428571,0,0,5.952380952380952,0,0,0,0,0,1.1904761904761907,0,0,0,0,2.3809523809523814,3.571428571428571,2.3809523809523814,19.04761904761905,1.1904761904761907,0,0,0,5.952380952380952,1.1904761904761907,0,0,1.1904761904761907,0,0,0,0,0,0,1.1904761904761907,0,1.1904761904761907,0,0,1.1904761904761907,0,0,0,0,2.3809523809523814,0,0,0,0,0,1.1904761904761907,0,0,0,0,0,0,0,1.1904761904761907,0,0,0,0,0,1.1904761904761907,0,1.1904761904761907,0,0,0,1.1904761904761907,0,0,0,0,3.571428571428571,0,1.1904761904761907,0,4.761904761904763,3.571428571428571,10.714285714285714,0,1.1904761904761907,0,0,1.1904761904761907,0,0,0,0,0,0,1.1904761904761907,0,0,0,0,0,1.1904761904761907,0,1.1904761904761907,0,0,0,3.571428571428571,0,0,0,0,0,0,0,0,0,2.3809523809523814,2.3809523809523814,0,0,1.1904761904761907,0,0,0,0,0,0,0,0,0,0,2.3809523809523814,0,0,0,1.1904761904761907,0,0,0,0,0,0,0,2.3809523809523814,0,2.3809523809523814,0,0,0,0,0,0,2.3809523809523814,0,0,1.1904761904761907,1.1904761904761907,0,0,0,0,1.1904761904761907,0,0,1.1904761904761907,0,0,0,0,0,0,0,0,0,0,0,1.1904761904761907,1.1904761904761907,0,2.3809523809523814,0,0,0,0,2.3809523809523814,0,0,0,0,0,0,0,0,0,0,1.1904761904761907,0,0,1.1904761904761907,0,0,0,0,0,0,0,0,0,2.3809523809523814,1.1904761904761907,1.1904761904761907,0,1.1904761904761907,0,0,1.1904761904761907,1.1904761904761907,0,7.142857142857142,0,0,0,0,0,0,0,0,0,0,0,0,0,0,1.1904761904761907,1.1904761904761907,0,0,1.1904761904761907,0,0,0,0,1.1904761904761907,0,0,0,0,0,0,1.1904761904761907,0,1.1904761904761907,0,1.1904761904761907,0,0,0,0,0,0,0,0,0,0,1.1904761904761907,0,4.761904761904763,0,0,0,0,0,0,1.1904761904761907,0,0,0,0,0,0,0,0,0,0,2.3809523809523814,0,0,0,0,0,0,1.1904761904761907,0,0,0,0,0,1.1904761904761907,0,0,0,0,0,0,0,0,0,0,0,0,0,0,0,0,1.1904761904761907,0,0,0,0,0,0,0,2.3809523809523814,0,0,1.1904761904761907,0,0,0,1.1904761904761907,0,0,0,0,0,0,0,0,0,0,0,0
martov_soc_dem_1905_1907.txt_chunk1,martov,1,0,2,0,1,0,1,0,1,1,2,43,0,0,0,3,1,0,1,0,0,0,3,0,0,0,0,0,0,0,0,0,1,0,0,0,6,0,2,1,0,0,0,5,3,0,1,1,1,4,1,0,2,0,0,0,36,0,1,1,1,0,4,8,0,9,0,0,0,0,0,0,1,0,2,0,0,4,0,1,0,0,0,0,0,1,0,0,0,11,1,0,7,0,0,0,0,0,1,0,1,0,0,0,5,0,0,3,1,1,0,0,0,0,0,0,2,0,3,6,1,1,0,0,4,0,3,7,0,0,3,12,0,0,1,0,0,0,2,1,0,0,0,1,1,0,0,0,0,0,0,1,0,0,2,0,1,0,2,0,5,1,0,3,1,1,0,0,0,3,0,0,0,0,0,0,0,2,1,3,2,1,1,0,1,0,1,0,0,0,0,0,0,0,1,0,1,0,0,2,0,0,1,0,0,1,0,0,0,0,0,0,0,0,0,0,0,0,0,2,0,0,0,2,0,1,0,0,0,1,0,1,0,1,0,3,0,0,1,3,0,0,4,7,5,0,1,0,1,0,1,1,0,0,0,0,0,0,0,0,3,1,0,3,2,0,0,0,1,2,1,0,1,6,2,1,1,0,0,6,0,0,1,0,2,2,2,0,0,0,0,0,1,0,2,0,0,1,0,1,1,2,0,2,0,0,1,0,1,0,1,1,3,0,0,0,0,0,0,1,2,0,0,0,1,1,0,0,0,0,0,0,0,0,0,0,0,0,0,0,1,0,1,0,0,0,0,0,0,0,0,0,0,0,1,0,0,0,0,0,0,0,0,1,2,0,0,0,0,1,0,0,0,2,0,0,0,0,0,0,0,0,0,0,0,0,0,0,0,1,0,0,0,0,1,0,1,0,1,0,1,1,0,0,0,0,0,0,0,0,8,0,0,0,0,1,0,0,0,1,1,0,0,0,0,0,0,1,0,0,1,10,1,0,0,1,0,0,0,0,0,1,0,0,0,0,1,2,1,0,0,0,0,0,0,0,2,0,0,0,2,0,0,0,0,0,1,0,0,7,0,0,0,0,0,0,1,0,1,0,1,4,0,0,2,2,1,0,1,0,0,0,0,0,0,0,0,0,0,0
martov_soc_dem_1905_1907.txt_chunk2,martov,4.040404040404041,0,2.0202020202020203,0,0,0,2.0202020202020203,0,0,4.040404040404041,0,46.464646464646464,2.0202020202020203,0,2.0202020202020203,4.040404040404041,2.0202020202020203,0,0,0,0,0,2.0202020202020203,0,0,0,0,0,0,0,0,0,0,0,2.0202020202020203,0,4.040404040404041,0,0,0,0,0,0,4.040404040404041,8.080808080808081,0,2.0202020202020203,0,0,4.040404040404041,2.0202020202020203,0,8.080808080808081,0,0,0,52.525252525252526,0,6.0606060606060606,0,0,0,2.0202020202020203,2.0202020202020203,0,10.101010101010102,0,0,0,0,0,2.0202020202020203,0,0,2.0202020202020203,0,0,0,0,2.0202020202020203,0,4.040404040404041,0,0,0,0,2.0202020202020203,0,0,14.141414141414142,0,2.0202020202020203,8.080808080808081,0,0,0,0,0,0,0,0,0,0,0,2.0202020202020203,0,0,2.0202020202020203,0,2.0202020202020203,0,0,0,0,0,0,2.0202020202020203,0,4.040404040404041,0,0,0,0,0,4.040404040404041,4.040404040404041,0,0,0,0,0,22.22222222222222,0,0,0,0,0,0,2.0202020202020203,0,0,0,2.0202020202020203,2.0202020202020203,0,0,0,0,0,0,0,0,0,0,2.0202020202020203,2.0202020202020203,0,0,0,0,4.040404040404041,4.040404040404041,4.040404040404041,2.0202020202020203,0,0,0,0,0,0,0,0,0,0,0,2.0202020202020203,0,4.040404040404041,4.040404040404041,2.0202020202020203,0,2.0202020202020203,2.0202020202020203,0,0,2.0202020202020203,2.0202020202020203,0,0,0,0,0,2.0202020202020203,0,0,6.0606060606060606,0,0,0,2.0202020202020203,0,0,0,0,0,0,0,0,0,2.0202020202020203,0,0,0,0,0,0,0,0,0,0,0,2.0202020202020203,0,0,0,0,0,0,0,0,0,0,0,0,0,0,2.0202020202020203,0,2.0202020202020203,2.0202020202020203,0,2.0202020202020203,6.0606060606060606,0,8.080808080808081,2.0202020202020203,0,0,0,0,0,0,0,2.0202020202020203,0,0,0,0,0,0,6.0606060606060606,2.0202020202020203,2.0202020202020203,2.0202020202020203,6.0606060606060606,0,2.0202020202020203,0,0,0,0,0,0,0,4.040404040404041,2.0202020202020203,2.0202020202020203,0,0,0,0,0,4.040404040404041,2.0202020202020203,0,0,2.0202020202020203,0,0,0,0,0,0,0,2.0202020202020203,2.0202020202020203,0,2.0202020202020203,0,0,0,0,0,2.0202020202020203,0,0,4.040404040404041,0,0,0,2.0202020202020203,0,0,2.0202020202020203,2.0202020202020203,2.0202020202020203,0,0,2.0202020202020203,0,0,0,0,0,0,0,0,0,0,0,0,0,2.0202020202020203,0,0,0,0,0,0,0,0,0,2.0202020202020203,0,0,4.040404040404041,0,0,2.0202020202020203,0,0,0,0,0,0,0,0,0,0,0,2.0202020202020203,0,0,0,0,0,0,0,0,0,2.0202020202020203,0,0,0,0,0,0,0,0,0,0,0,0,0,0,0,0,0,0,0,0,0,0,0,0,0,0,0,0,0,4.040404040404041,0,2.0202020202020203,0,0,0,0,0,0,0,6.0606060606060606,0,0,0,0,2.0202020202020203,0,0,2.0202020202020203,2.0202020202020203,0,0,0,0,0,0,0,2.0202020202020203,0,0,0,6.0606060606060606,0,0,0,0,0,0,0,0,2.0202020202020203,0,0,0,0,0,0,4.040404040404041,0,0,0,2.0202020202020203,0,0,0,0,0,0,0,0,8.080808080808081,0,0,0,0,0,2.0202020202020203,0,0,0,0,0,0,0,2.0202020202020203,2.0202020202020203,2.0202020202020203,0,0,0,4.040404040404041,2.0202020202020203,0,2.0202020202020203,0,0,0,0,0,2.0202020202020203,0,0,0,0,0,0,0,0,0,0
martov_tak_li_my_gotovimsya_I.txt_chunk1,martov,1,0,0,0,1,0,7,0,1,4,2,27,0,0,0,1,0,0,0,0,1,0,3,5,0,1,1,2,0,0,0,0,0,0,0,0,5,1,0,0,0,0,0,11,0,1,0,0,2,0,0,1,5,1,0,1,33,0,4,2,0,0,2,7,0,1,0,7,0,3,1,0,0,1,1,0,0,0,0,1,0,0,0,1,0,2,0,0,0,19,0,1,14,5,0,0,0,0,1,0,1,0,0,1,5,0,1,0,0,0,1,1,0,0,0,0,0,1,2,3,0,1,1,6,1,2,1,1,0,2,0,11,0,0,0,0,3,3,2,0,0,0,1,0,2,3,0,0,0,0,1,0,0,0,5,0,0,0,2,0,1,0,2,3,1,0,0,1,0,2,0,2,0,1,0,1,1,4,6,0,1,1,2,1,0,0,0,1,0,0,0,0,0,0,0,1,0,0,0,0,0,0,0,1,3,0,0,0,0,0,0,1,0,0,1,4,0,2,0,0,0,2,0,0,0,1,1,0,1,0,0,0,0,2,0,1,0,0,1,1,0,0,0,1,0,0,0,0,0,1,0,1,0,1,0,6,1,1,1,0,0,0,0,1,2,0,2,0,1,1,1,0,0,3,3,0,0,0,0,0,0,0,2,2,0,3,0,0,0,0,1,1,1,0,0,0,0,0,1,0,1,0,0,2,0,1,0,0,1,0,0,5,1,0,0,1,0,2,3,2,2,0,1,2,0,0,0,0,0,2,0,0,1,1,0,0,1,0,0,0,0,0,0,0,0,0,0,0,0,0,0,0,0,0,0,5,0,0,1,0,1,0,0,0,0,0,0,0,0,1,0,0,0,2,0,0,1,1,0,0,2,0,0,0,0,0,0,0,0,0,1,0,0,0,0,3,0,0,0,1,3,0,0,0,1,0,1,0,0,1,0,0,0,0,0,0,0,0,0,1,5,0,6,0,0,0,0,0,0,0,0,5,0,0,0,0,0,0,0,0,0,0,0,3,0,0,2,1,0,0,0,2,0,1,0,1,1,1,0,0,0,0,0,0,1,0,1,0,0,2,0,0,0,0,6,0,0,0,0,0,0,0,0,0,0,0,0,0,0,0,0,0,4,0,3,0,0,0,0,0
martov_tak_li_my_gotovimsya_I.txt_chunk2,martov,3,0,2,2,11,0,10,0,1,2,1,31,0,0,1,4,0,0,0,0,0,1,3,11,0,0,1,0,1,0,0,0,0,4,0,0,11,1,0,2,0,0,0,8,1,2,3,0,1,4,0,0,1,0,0,0,29,0,1,6,1,2,2,9,0,4,1,4,0,3,2,1,4,0,0,0,0,0,3,2,0,0,0,0,2,4,1,0,0,10,0,0,7,2,0,0,0,0,0,0,2,1,0,0,1,0,2,1,1,1,0,0,0,0,2,0,1,1,6,1,1,0,1,1,2,3,2,4,1,1,0,3,0,0,0,0,0,1,1,0,2,0,1,1,0,1,0,0,1,0,0,0,0,0,2,0,0,1,5,0,4,2,1,2,1,1,1,1,0,1,0,0,0,1,0,8,0,6,3,2,1,0,4,1,3,1,0,1,0,0,0,0,0,1,0,1,0,0,0,2,0,0,1,0,0,0,0,0,0,1,0,0,0,0,0,3,0,0,0,1,0,3,0,0,2,1,0,0,0,1,1,1,0,3,0,0,2,0,2,6,1,0,1,2,0,0,0,0,0,0,2,0,0,0,1,6,1,9,2,0,6,0,0,0,0,1,2,0,0,0,0,1,0,5,1,0,0,0,1,1,1,0,0,1,1,3,1,0,0,0,0,0,0,0,0,0,0,0,0,0,0,0,0,0,0,0,1,0,0,0,3,1,0,0,0,1,0,0,2,3,0,0,4,0,0,1,1,0,1,1,0,1,1,3,0,1,0,0,1,0,2,0,1,0,0,0,0,0,0,0,0,0,0,1,0,1,0,0,0,1,0,1,0,0,0,0,0,0,2,1,1,0,0,2,0,1,10,4,1,0,1,0,3,0,1,0,1,0,0,1,2,5,0,0,0,0,1,1,1,0,0,1,0,0,0,1,0,0,0,1,2,0,0,0,0,0,0,0,0,0,1,0,3,1,0,0,0,2,1,0,0,5,0,0,0,0,1,0,0,0,0,0,0,1,0,0,0,2,1,2,1,0,1,0,0,1,1,1,0,0,0,0,0,1,0,0,0,0,0,3,0,1,0,0,1,0,0,0,0,0,0,0,0,0,0,0,0,0,0,0,0,0,1,0,0,0,0,0,0,0
martov_voyna_i_ross_dem.txt_chunk4,martov,1,0,0,0,0,1,3,0,0,0,1,46,0,0,0,9,0,1,0,0,0,1,4,3,1,0,0,0,2,0,0,0,0,0,3,0,6,1,2,0,1,1,1,3,3,0,2,2,2,3,0,0,12,0,0,0,39,1,3,6,0,0,5,8,0,5,1,3,2,1,0,1,0,0,1,0,0,0,0,2,0,0,0,0,0,2,1,0,2,7,0,0,24,0,0,0,0,1,0,5,0,0,0,0,9,0,0,3,0,1,2,0,0,0,0,0,6,4,1,7,0,0,0,0,7,0,2,1,0,0,0,11,0,0,0,0,0,0,2,0,1,0,3,0,1,0,0,0,1,0,0,0,0,0,2,0,0,2,2,0,2,1,0,2,7,0,0,2,0,0,0,1,0,0,0,1,0,13,5,0,3,0,0,1,1,1,0,0,2,2,0,0,1,0,0,3,0,1,0,0,1,0,0,1,0,1,0,0,0,0,0,0,1,0,2,0,0,1,0,1,0,0,0,0,0,0,0,0,0,0,0,0,0,1,0,1,3,0,1,1,1,0,1,2,1,1,0,0,2,1,1,0,0,0,0,1,0,0,1,0,0,0,1,0,2,0,0,0,0,1,2,0,1,0,2,0,0,0,0,0,1,0,8,2,2,3,2,0,0,2,1,0,0,0,0,1,0,0,0,0,1,0,0,1,0,0,0,0,0,0,2,0,1,0,0,1,0,0,1,1,0,0,0,0,0,0,1,0,0,1,0,1,0,0,1,0,1,0,2,0,0,0,0,0,0,2,0,1,0,0,0,0,0,0,1,1,0,0,1,0,0,0,0,0,3,0,0,2,0,0,0,1,0,2,0,0,6,0,0,0,2,0,2,0,0,0,0,0,0,0,0,1,0,0,0,2,0,0,0,0,2,0,0,0,0,0,0,0,1,0,0,0,0,0,2,0,0,1,1,12,1,0,0,1,0,0,0,0,0,0,2,2,0,0,0,0,2,0,0,0,0,0,2,1,0,0,0,5,2,1,0,0,6,2,0,0,1,0,0,0,0,1,0,0,0,0,0,0,0,0,0,0,0,0,1,0,0,0,2,0,2,0,4,0,3,0,0,0,0,0,4,0,0,0,0,0,0,0,0,0
martov_voyna_i_ross_dem.txt_chunk8,martov,1.2919896640826873,0,1.2919896640826873,0,1.2919896640826873,0,5.167958656330749,0,0,0,5.167958656330749,36.17571059431524,0,1.2919896640826873,0,3.875968992248062,2.5839793281653747,1.2919896640826873,0,0,0,0,1.2919896640826873,1.2919896640826873,1.2919896640826873,1.2919896640826873,0,0,0,0,0,0,0,2.5839793281653747,1.2919896640826873,0,2.5839793281653747,2.5839793281653747,5.167958656330749,2.5839793281653747,0,1.2919896640826873,0,3.875968992248062,7.751937984496124,3.875968992248062,3.875968992248062,0,0,3.875968992248062,1.2919896640826873,0,6.459948320413436,0,0,3.875968992248062,31.007751937984494,0,7.751937984496124,5.167958656330749,0,0,5.167958656330749,6.459948320413436,0,7.751937984496124,2.5839793281653747,0,2.5839793281653747,1.2919896640826873,0,0,2.5839793281653747,0,0,0,0,2.5839793281653747,0,0,0,0,0,0,0,2.5839793281653747,2.5839793281653747,1.2919896640826873,0,12.919896640826872,1.2919896640826873,0,12.919896640826872,1.2919896640826873,0,1.2919896640826873,0,0,0,2.5839793281653747,0,0,2.5839793281653747,0,5.167958656330749,0,0,1.2919896640826873,1.2919896640826873,0,1.2919896640826873,0,0,0,0,3.875968992248062,5.167958656330749,0,5.167958656330749,6.459948320413436,1.2919896640826873,1.2919896640826873,0,0,1.2919896640826873,12.919896640826872,1.2919896640826873,2.5839793281653747,1.2919896640826873,0,3.875968992248062,6.459948320413436,0,0,0,1.2919896640826873,0,0,1.2919896640826873,0,5.167958656330749,0,1.2919896640826873,3.875968992248062,1.2919896640826873,5.167958656330749,1.2919896640826873,0,0,1.2919896640826873,0,1.2919896640826873,0,0,0,1.2919896640826873,0,0,2.5839793281653747,0,1.2919896640826873,1.2919896640826873,2.5839793281653747,2.5839793281653747,1.2919896640826873,1.2919896640826873,0,0,0,2.5839793281653747,0,1.2919896640826873,0,2.5839793281653747,0,0,0,7.751937984496124,2.5839793281653747,0,0,2.5839793281653747,5.167958656330749,2.5839793281653747,0,1.2919896640826873,1.2919896640826873,0,0,0,0,1.2919896640826873,1.2919896640826873,0,0,2.5839793281653747,0,0,0,0,0,1.2919896640826873,0,0,1.2919896640826873,0,0,0,0,0,0,0,1.2919896640826873,0,1.2919896640826873,2.5839793281653747,0,0,0,1.2919896640826873,0,0,0,0,1.2919896640826873,1.2919896640826873,0,0,0,0,0,2.5839793281653747,0,0,2.5839793281653747,2.5839793281653747,1.2919896640826873,0,0,1.2919896640826873,1.2919896640826873,1.2919896640826873,10.335917312661499,3.875968992248062,10.335917312661499,0,0,0,1.2919896640826873,2.5839793281653747,0,0,0,0,0,1.2919896640826873,0,0,0,0,0,0,0,0,2.5839793281653747,1.2919896640826873,0,2.5839793281653747,0,0,0,0,0,2.5839793281653747,0,1.2919896640826873,0,0,2.5839793281653747,0,1.2919896640826873,0,1.2919896640826873,0,0,5.167958656330749,0,0,0,0,0,0,1.2919896640826873,0,1.2919896640826873,1.2919896640826873,0,0,0,0,0,0,0,0,1.2919896640826873,1.2919896640826873,0,0,1.2919896640826873,1.2919896640826873,2.5839793281653747,0,3.875968992248062,0,0,1.2919896640826873,0,0,7.751937984496124,1.2919896640826873,0,0,0,1.2919896640826873,0,0,0,0,0,0,0,0,1.2919896640826873,0,0,0,0,0,1.2919896640826873,0,0,0,0,0,0,0,1.2919896640826873,0,0,0,0,0,0,0,1.2919896640826873,0,0,1.2919896640826873,0,1.2919896640826873,0,0,0,0,0,0,0,0,0,1.2919896640826873,0,1.2919896640826873,0,1.2919896640826873,0,0,3.875968992248062,0,0,0,0,0,0,0,1.2919896640826873,0,0,0,0,0,0,0,0,0,1.2919896640826873,1.2919896640826873,0,0,0,0,0,1.2919896640826873,0,0,1.2919896640826873,0,0,0,1.2919896640826873,0,0,0,1.2919896640826873,0,0,0,0,0,0,0,0,0,0,0,0,0,0,0,0,0,0,1.2919896640826873,0,0,0,0,0,0,0,0,0,1.2919896640826873,0,0,0,0,0,0,0,1.2919896640826873,0,0,2.5839793281653747,0,0,1.2919896640826873,0,0,1.2919896640826873,0,0,0,0,0,0,0,5.167958656330749,0,1.2919896640826873,2.5839793281653747,0,0,0,2.5839793281653747,1.2919896640826873,0,0,0,1.2919896640826873,0,1.2919896640826873,0,0,0,0,0,0,0,0,0,0,0,0,0,1.2919896640826873,0,0,0,0,0
ortodox_eshe1_kritik_Marxa.txt_chunk1,ortodox,4,0,0,2,0,0,3,0,0,1,1,30,0,0,1,1,0,0,0,0,0,1,1,2,0,1,1,0,1,3,0,0,0,0,1,0,1,0,0,0,1,0,0,11,1,2,0,2,3,6,0,0,0,0,0,0,26,0,6,2,0,0,0,7,0,16,3,0,0,1,1,0,0,0,0,0,0,0,0,0,0,0,0,0,1,0,1,1,3,4,2,0,15,0,0,0,1,0,2,1,1,1,0,1,1,0,0,1,0,1,0,1,0,2,1,8,0,0,0,4,0,0,0,0,4,1,0,1,0,1,0,11,0,0,0,0,0,1,2,0,1,1,1,2,1,0,0,0,0,2,1,1,0,1,6,1,1,0,1,1,3,2,1,2,3,0,2,2,0,0,0,0,0,0,1,2,1,12,0,1,0,1,1,3,4,0,0,2,0,0,0,0,0,0,1,2,0,0,0,1,0,1,0,0,0,0,0,0,3,0,1,0,0,0,0,0,0,0,1,0,0,0,0,2,0,1,0,1,2,0,0,1,0,1,0,1,0,1,0,0,0,12,0,0,1,1,0,0,0,0,2,2,0,1,0,0,0,0,0,0,0,0,1,0,3,0,0,0,0,0,0,1,1,0,0,0,1,0,4,0,1,0,0,1,2,0,0,0,0,0,0,0,0,0,1,3,0,0,0,0,0,0,1,0,0,0,0,0,0,0,0,0,0,0,0,0,0,0,1,1,0,0,1,0,0,2,1,0,0,2,0,0,0,0,0,1,0,0,0,0,0,0,0,0,2,0,0,0,0,0,0,0,1,1,3,1,2,0,0,0,1,0,0,0,3,2,0,0,0,0,0,1,0,1,1,1,1,1,2,0,0,0,0,1,0,0,0,1,0,0,2,0,0,1,0,1,0,1,0,1,0,0,0,0,0,1,0,1,0,0,1,0,0,1,1,0,1,0,1,0,0,0,0,0,0,0,0,1,0,0,0,0,0,6,0,1,0,0,0,0,0,1,0,0,0,0,0,1,0,0,0,0,0,0,0,0,1,0,0,0,0,1,0,6,0,0,0,0,3,0,0,0,8,1,0,0,0,0,0,0,0,0,1,0,0,0,0,1,1,0,0,0,0,0,0,0,1,0,0,0
ortodox_eshe1_kritik_Marxa.txt_chunk2,ortodox,3,0,0,0,0,0,6,1,1,6,1,20,1,1,2,5,3,1,1,0,0,2,0,3,0,1,1,2,0,1,0,0,0,0,0,0,6,0,1,0,2,0,0,5,3,4,4,2,0,5,1,0,3,0,1,0,31,0,2,6,1,0,1,8,0,9,1,1,1,1,1,0,3,0,0,1,0,0,0,4,0,0,0,0,1,1,0,1,1,12,0,1,20,1,0,1,1,1,1,3,0,1,1,1,7,0,0,8,0,2,0,0,0,0,0,9,2,0,0,3,0,1,3,1,4,1,0,0,0,1,0,5,0,0,0,0,1,0,0,0,0,2,0,2,0,1,0,1,0,2,0,2,0,0,3,0,2,1,2,3,4,1,0,0,5,0,0,1,0,0,0,1,0,0,0,2,0,13,2,1,1,2,10,2,1,0,1,1,0,0,0,0,1,0,1,0,0,0,3,2,0,1,3,0,6,0,0,1,0,0,0,0,0,0,0,0,2,0,0,1,0,0,0,0,0,0,0,1,0,0,0,0,0,1,0,1,3,0,0,0,2,10,0,0,0,0,0,0,0,0,1,0,1,0,0,0,0,0,0,0,0,0,0,0,3,0,0,0,0,0,0,0,0,0,0,0,1,0,2,0,0,0,0,0,0,0,0,0,0,0,1,0,0,0,0,4,0,0,0,1,0,0,0,0,0,0,0,0,0,0,0,1,0,0,0,0,0,0,0,1,0,0,1,0,0,0,2,0,0,8,0,0,1,0,1,1,1,1,3,0,0,1,0,1,0,0,1,0,0,0,0,0,1,0,1,0,2,0,0,0,0,0,0,0,1,0,0,0,0,0,0,0,0,1,0,0,4,1,2,0,0,0,0,0,1,0,0,0,0,0,0,2,1,1,0,0,0,1,0,0,0,1,0,0,0,0,0,0,0,0,0,0,0,0,0,1,0,0,1,0,0,0,0,0,0,0,0,0,0,0,0,0,0,0,0,0,0,0,0,0,0,0,0,0,0,0,0,1,0,1,1,0,0,0,0,0,0,0,0,0,0,1,0,5,0,0,0,1,2,0,1,0,3,0,0,0,0,0,0,0,0,0,0,0,0,0,0,0,2,0,0,0,0,0,0,0,0,0,0,0
ortodox_merged__Marxa.txt_eyam_I.txt_Bovu_I.txt,ortodox,7.366482504604051,12.89134438305709,0,0,3.6832412523020257,0,5.524861878453039,0,3.6832412523020257,3.6832412523020257,0,34.99079189686925,0,0,0,0,0,0,0,0,1.8416206261510129,0,0,5.524861878453039,0,0,0,0,1.8416206261510129,1.8416206261510129,0,0,1.8416206261510129,0,0,0,1.8416206261510129,0,0,0,0,0,0,1.8416206261510129,3.6832412523020257,0,3.6832412523020257,3.6832412523020257,0,5.524861878453039,1.8416206261510129,0,5.524861878453039,1.8416206261510129,0,0,33.14917127071823,0,3.6832412523020257,0,3.6832412523020257,0,3.6832412523020257,11.049723756906078,0,25.78268876611418,0,5.524861878453039,0,0,0,0,0,0,3.6832412523020257,0,0,0,0,1.8416206261510129,0,0,0,0,1.8416206261510129,3.6832412523020257,1.8416206261510129,0,0,9.208103130755065,0,0,7.366482504604051,0,0,1.8416206261510129,0,0,1.8416206261510129,5.524861878453039,0,0,0,1.8416206261510129,3.6832412523020257,0,1.8416206261510129,9.208103130755065,3.6832412523020257,1.8416206261510129,0,0,0,0,0,1.8416206261510129,0,0,0,3.6832412523020257,0,0,0,0,5.524861878453039,0,0,0,0,1.8416206261510129,0,5.524861878453039,0,0,0,0,1.8416206261510129,1.8416206261510129,1.8416206261510129,0,0,1.8416206261510129,0,3.6832412523020257,0,0,0,0,0,0,0,3.6832412523020257,0,1.8416206261510129,7.366482504604051,0,0,0,0,0,7.366482504604051,3.6832412523020257,0,5.524861878453039,3.6832412523020257,0,1.8416206261510129,0,0,0,1.8416206261510129,0,0,0,0,3.6832412523020257,0,29.465930018416206,0,0,0,0,3.6832412523020257,3.6832412523020257,1.8416206261510129,1.8416206261510129,0,0,0,0,0,0,0,0,1.8416206261510129,0,0,0,0,3.6832412523020257,1.8416206261510129,1.8416206261510129,0,0,0,0,0,0,5.524861878453039,0,0,1.8416206261510129,0,0,0,1.8416206261510129,1.8416206261510129,0,1.8416206261510129,1.8416206261510129,0,0,0,0,1.8416206261510129,0,0,0,0,1.8416206261510129,1.8416206261510129,0,0,0,0,0,5.524861878453039,1.8416206261510129,3.6832412523020257,0,0,0,0,0,0,3.6832412523020257,0,0,0,0,0,0,1.8416206261510129,0,0,0,3.6832412523020257,1.8416206261510129,0,0,0,0,0,0,1.8416206261510129,0,0,0,0,0,0,0,0,0,1.8416206261510129,3.6832412523020257,1.8416206261510129,0,0,0,1.8416206261510129,0,0,1.8416206261510129,0,0,0,0,0,0,3.6832412523020257,0,0,0,0,3.6832412523020257,0,0,0,0,1.8416206261510129,0,0,0,0,0,0,0,0,0,0,0,0,0,0,0,0,0,0,1.8416206261510129,0,0,0,0,1.8416206261510129,1.8416206261510129,3.6832412523020257,0,0,1.8416206261510129,0,0,0,0,0,0,1.8416206261510129,0,0,0,0,0,0,0,0,0,0,0,0,0,0,0,1.8416206261510129,0,0,0,1.8416206261510129,0,0,0,0,0,0,0,5.524861878453039,0,0,0,0,0,0,0,1.8416206261510129,1.8416206261510129,0,0,18.41620626151013,1.8416206261510129,0,0,0,0,0,0,0,0,0,0,0,0,1.8416206261510129,1.8416206261510129,0,1.8416206261510129,0,3.6832412523020257,0,0,0,0,0,0,0,0,0,0,0,0,0,0,0,0,0,0,0,1.8416206261510129,0,0,0,0,0,0,0,0,0,0,0,0,0,0,0,0,0,0,0,0,0,0,0,0,0,0,0,0,0,0,0,0,0,0,0,0,0,0,0,0,0,0,0,12.89134438305709,0,0,0,0,0,0,0,1.8416206261510129,0,0,1.8416206261510129,0,0,0,0,1.8416206261510129,0,0,0,0,0,0,0,0,0,0,0,0,0,0,0,0,0,0,0,0,0,0,0,0
ortodox_pismo_evreya_k_evreyam_I.txt_chunk1,ortodox,6,0,1,0,1,1,4,0,1,1,3,14,0,0,1,2,4,1,2,1,0,2,0,3,0,0,0,1,0,0,0,0,0,0,4,0,10,5,0,2,0,2,0,2,3,0,5,0,1,3,0,0,4,0,0,0,40,0,5,5,1,0,2,5,0,11,0,2,1,1,0,1,3,0,3,0,0,0,1,3,2,0,1,0,1,2,2,0,1,15,0,0,17,0,0,0,0,0,0,3,1,0,0,0,7,0,0,2,1,0,0,0,1,0,2,5,0,2,3,4,0,0,1,1,3,0,0,1,0,0,0,11,0,1,0,0,4,1,1,1,0,0,0,4,4,0,1,0,0,0,0,4,0,0,3,0,0,0,0,0,6,4,2,4,4,3,1,1,0,2,3,0,0,0,0,0,0,22,3,0,1,1,5,1,2,0,2,0,4,0,0,0,0,0,1,0,1,1,1,1,0,0,1,0,2,0,0,0,1,1,0,4,0,0,0,0,0,0,0,2,0,0,0,0,0,0,2,0,0,1,3,1,0,0,0,0,1,2,4,1,0,1,1,0,0,1,1,0,0,0,1,0,0,0,0,0,0,1,0,0,1,0,0,0,1,0,0,1,0,1,0,0,0,0,1,2,0,0,0,2,3,1,0,0,0,1,0,0,0,0,1,0,0,1,0,4,0,0,0,0,0,1,1,0,1,0,0,0,0,0,0,0,0,0,0,0,0,0,0,0,1,2,2,0,1,1,3,0,0,0,0,1,0,0,0,0,0,0,1,1,2,0,0,0,1,0,0,0,0,0,0,0,0,0,1,1,0,0,0,0,1,1,0,0,0,0,0,0,0,0,0,1,2,2,0,0,5,1,0,0,0,1,0,0,0,2,0,0,1,0,2,0,0,0,0,0,0,0,0,1,0,0,0,0,0,0,2,0,0,2,1,0,2,2,0,1,0,0,0,0,0,0,0,0,0,0,0,0,0,0,1,1,1,0,0,0,0,0,0,0,0,1,0,0,2,0,0,0,0,0,0,0,0,0,0,0,0,1,0,0,0,1,0,0,0,0,0,0,0,0,1,0,0,0,0,0,0,0,0,0,0,0,0,0,0,0,0,0,0,0,0,0,0,0,0,0,0,0,0,0
ortodox_pismo_evreya_k_evreyam_I.txt_chunk2,ortodox,4,0,1,0,3,0,11,0,2,1,3,28,3,1,0,0,3,4,1,0,0,2,1,4,0,0,2,0,0,0,0,0,0,0,1,0,6,2,0,0,0,2,0,4,1,0,5,2,0,6,1,0,0,0,0,0,33,1,2,1,1,1,2,10,0,10,1,3,1,2,1,0,2,0,0,0,0,0,0,3,0,0,2,0,0,7,1,0,0,20,0,0,9,1,0,1,1,2,1,3,0,0,0,0,7,0,0,3,0,3,0,0,1,1,2,7,3,0,4,2,1,0,1,0,3,1,0,1,0,0,0,10,0,0,0,0,1,1,1,1,0,1,0,3,0,3,0,0,0,0,0,0,0,0,0,0,2,1,3,0,5,3,2,8,5,1,1,0,0,5,0,0,1,0,0,2,0,14,3,1,0,1,3,4,1,0,0,0,0,0,0,0,0,0,0,1,0,0,0,0,0,0,0,0,0,0,0,0,0,1,0,2,0,1,0,0,0,1,0,1,0,0,0,0,0,0,1,0,0,0,1,0,0,0,0,0,2,0,4,0,0,0,2,0,0,2,0,0,0,1,2,0,0,0,0,0,0,1,0,0,1,0,0,1,1,0,0,1,0,1,0,0,0,1,8,1,1,0,1,0,0,0,0,0,0,1,0,1,1,0,0,0,2,0,0,4,0,0,0,0,1,0,0,1,0,0,0,1,4,0,2,1,1,0,0,0,0,0,0,1,0,0,0,0,0,2,3,0,0,6,0,2,2,1,0,0,0,1,0,0,0,0,0,0,0,0,0,0,1,1,1,0,2,0,0,1,0,2,1,0,0,0,1,0,1,0,0,0,3,0,1,2,0,0,0,0,1,0,1,0,0,0,0,0,0,0,0,1,0,0,0,0,0,0,0,0,0,0,0,1,0,0,0,0,0,0,1,1,0,0,5,0,0,0,0,2,0,0,0,0,0,0,1,1,0,0,0,1,0,0,0,0,0,0,0,1,0,0,0,0,0,0,0,0,0,0,0,0,0,0,0,0,0,2,0,0,1,1,0,0,0,0,0,3,0,0,0,1,0,2,0,0,0,1,3,0,0,0,0,0,1,0,2,0,2,0,0,1,0,0,0,0,0,0,0,0,0,0,0,0
ortodox_v_otvet_Bovu_I.txt_chunk1,ortodox,2,12,0,0,0,0,8,0,1,2,1,24,0,0,0,5,1,0,0,0,0,0,1,2,0,0,0,1,0,1,0,0,0,1,1,0,3,4,0,1,2,0,0,2,0,1,6,0,1,2,0,0,3,1,0,1,44,0,4,0,2,0,3,9,0,6,0,3,1,1,0,1,2,0,0,0,0,0,1,4,0,0,0,0,1,1,3,0,1,20,1,0,15,1,0,0,2,0,1,2,1,0,0,0,6,0,0,4,0,4,0,0,0,0,2,3,3,2,0,2,0,0,7,0,4,1,0,0,0,0,0,9,0,2,0,0,0,0,2,0,0,1,0,3,2,2,0,1,0,4,0,3,0,1,5,0,0,0,1,0,12,3,1,4,3,0,2,0,0,2,1,0,2,2,0,0,0,17,3,0,1,1,5,5,2,0,0,1,0,0,0,0,0,1,2,1,0,1,1,4,0,0,1,0,1,0,0,1,1,0,2,0,0,0,3,1,1,0,0,4,2,1,0,0,0,4,0,1,1,1,1,0,0,0,0,1,1,0,0,0,0,1,0,0,1,1,5,2,0,0,1,0,0,0,0,0,0,4,0,0,2,1,0,0,4,0,0,0,0,0,0,0,1,1,9,0,1,0,1,0,0,0,1,0,0,2,0,0,1,0,4,0,1,1,0,4,0,0,0,0,0,5,1,0,0,0,5,0,0,0,0,0,1,1,0,0,0,0,0,2,0,0,0,0,0,0,3,0,0,2,0,1,0,0,0,0,0,0,1,0,2,0,1,0,0,0,1,0,0,0,0,0,0,0,1,1,0,0,0,0,0,0,0,0,1,2,1,0,1,0,0,4,0,1,0,0,6,1,0,0,0,1,0,0,1,0,0,0,0,0,0,1,0,3,0,0,0,3,2,0,0,0,0,0,1,0,2,0,0,0,0,0,0,0,0,0,0,0,0,0,0,4,0,0,0,0,0,0,0,0,0,1,0,2,0,1,0,1,0,2,0,0,0,0,0,0,0,0,0,1,2,0,0,0,0,0,0,0,0,1,0,0,0,0,0,0,1,0,0,0,0,0,0,0,0,2,0,0,0,0,1,0,0,0,0,0,0,0,0,0,0,0,0,0,0,0,0,0,0,0
ortodox_v_otvet_Bovu_I.txt_chunk2,ortodox,2,8,0,0,0,0,5,1,1,1,1,27,0,0,0,2,3,0,2,0,0,1,0,2,0,1,0,0,2,4,1,0,0,1,1,0,4,0,0,0,0,0,0,1,2,0,5,1,0,6,0,0,1,0,0,0,50,0,0,2,0,0,3,13,0,7,1,4,0,0,2,0,0,0,1,0,0,2,0,1,0,1,0,0,0,2,1,0,3,18,0,0,15,1,1,0,0,1,1,2,0,0,2,0,3,0,0,3,2,2,0,0,0,0,3,2,5,2,2,3,2,1,0,0,1,0,0,2,0,1,0,17,0,0,0,0,1,1,1,0,1,1,0,4,0,1,0,3,0,0,0,1,0,0,5,1,0,0,0,0,9,4,2,7,5,0,0,1,0,1,0,0,0,0,0,2,0,12,4,1,1,3,2,0,0,6,1,0,0,1,0,0,0,0,1,1,1,0,3,1,0,0,0,0,1,0,0,0,0,0,0,0,0,0,0,2,1,0,0,3,0,0,1,1,0,0,1,1,0,0,0,5,0,1,0,0,3,0,1,1,0,0,1,0,0,0,3,1,2,0,0,0,0,0,0,0,0,0,0,0,1,1,2,0,3,0,0,0,0,1,0,0,0,1,9,1,1,0,0,2,1,0,0,0,2,0,0,0,0,0,0,0,0,0,0,4,0,0,1,0,0,1,0,0,0,1,0,0,0,0,0,1,0,0,1,0,0,0,0,0,1,1,0,1,0,1,0,0,0,1,0,0,0,0,0,0,0,0,0,0,0,0,0,0,0,0,0,0,0,1,1,2,0,0,1,0,1,0,0,0,1,0,0,0,0,0,1,3,0,0,0,1,0,0,0,0,2,0,0,0,0,1,0,0,1,0,0,1,0,0,0,2,0,0,1,0,0,0,0,1,0,1,0,0,0,0,0,1,2,0,3,0,0,0,0,2,0,0,2,0,0,1,0,0,1,3,1,0,0,0,0,1,0,0,0,0,0,0,0,0,0,0,0,0,0,0,0,0,1,0,0,0,0,0,0,0,1,3,0,7,0,0,0,0,0,0,8,0,0,0,0,0,0,0,1,0,1,0,0,0,0,0,5,0,5,0,0,0,0,0,0,0,0,0,0,0,0,0,0,0
ortodox_v_otvet_Bovu_I.txt_chunk3,ortodox,4,8,0,0,1,0,2,0,0,0,2,30,0,0,0,2,1,0,0,0,2,1,0,2,0,0,2,0,1,1,1,0,1,0,1,2,5,1,0,2,0,1,0,3,2,2,1,2,0,5,1,0,2,0,0,1,42,1,1,0,0,0,1,6,0,8,0,3,2,0,0,0,6,1,2,2,1,1,0,4,0,0,0,0,0,5,2,0,1,10,2,0,22,0,0,0,1,0,0,0,1,0,1,0,11,0,0,2,2,3,0,0,0,0,1,6,1,0,0,2,1,0,0,0,2,2,1,1,0,0,0,15,0,0,1,0,1,4,1,0,1,1,2,2,0,0,0,1,1,0,0,2,0,1,1,1,1,1,4,0,2,4,0,1,2,2,4,0,0,1,1,1,1,0,0,4,0,13,2,0,2,1,1,1,1,1,0,0,0,1,0,0,1,0,1,1,0,1,0,1,0,0,0,0,0,1,0,2,0,0,0,1,1,1,1,1,1,1,1,1,0,0,1,0,0,0,0,0,1,0,3,4,0,0,1,1,2,1,5,0,0,0,1,0,0,1,2,1,0,0,4,1,0,0,0,0,3,1,0,0,0,0,0,0,1,0,0,0,0,1,0,0,0,0,3,1,2,0,0,0,1,1,0,1,0,0,0,0,0,0,1,0,1,0,0,6,1,0,0,0,0,0,3,0,0,0,0,0,0,0,0,0,0,0,2,0,0,0,1,2,2,0,1,0,0,2,4,0,0,1,1,0,2,2,0,0,1,0,0,0,0,0,0,1,0,0,0,1,0,0,0,0,1,0,0,2,0,0,0,0,0,0,0,0,0,0,0,0,0,0,0,0,0,4,1,0,6,1,0,0,0,1,0,0,0,1,0,0,0,1,1,1,0,1,0,0,1,0,0,3,0,0,0,1,0,0,2,0,0,0,4,1,0,1,0,0,0,0,0,0,0,0,0,0,0,0,0,0,0,1,0,1,0,0,0,0,0,0,0,1,0,0,0,0,0,0,0,0,1,0,0,0,0,0,0,0,0,0,0,5,0,2,0,0,0,0,0,0,0,0,1,0,1,1,0,2,0,0,0,0,1,0,0,0,1,0,0,0,0,0,0,0,0,0,0,0,0,0,0,0
parvus_bez_tsarya_pravitelstvo_rabochee.txt_chunk1,parvus,12.064343163538874,0,0,0,13.404825737265416,1.3404825737265416,0,0,0,1.3404825737265416,0,10.723860589812332,0,0,0,0,0,0,0,0,0,0,0,8.04289544235925,1.3404825737265416,1.3404825737265416,0,0,0,0,0,0,0,0,0,0,2.680965147453083,8.04289544235925,0,0,0,1.3404825737265416,0,8.04289544235925,1.3404825737265416,8.04289544235925,5.361930294906166,0,2.680965147453083,1.3404825737265416,0,0,12.064343163538874,0,0,0,34.852546916890084,1.3404825737265416,4.021447721179625,2.680965147453083,2.680965147453083,0,1.3404825737265416,5.361930294906166,1.3404825737265416,6.702412868632708,2.680965147453083,5.361930294906166,0,2.680965147453083,0,0,1.3404825737265416,0,0,0,0,0,1.3404825737265416,0,0,0,0,0,2.680965147453083,0,0,0,0,6.702412868632708,0,1.3404825737265416,22.78820375335121,2.680965147453083,0,0,0,0,1.3404825737265416,2.680965147453083,0,0,2.680965147453083,0,8.04289544235925,0,4.021447721179625,4.021447721179625,0,0,0,2.680965147453083,1.3404825737265416,0,0,6.702412868632708,0,2.680965147453083,0,9.383378016085791,0,0,0,0,2.680965147453083,2.680965147453083,0,1.3404825737265416,0,1.3404825737265416,0,12.064343163538874,0,1.3404825737265416,0,0,1.3404825737265416,0,4.021447721179625,0,1.3404825737265416,0,2.680965147453083,2.680965147453083,1.3404825737265416,1.3404825737265416,1.3404825737265416,0,0,0,0,0,0,0,1.3404825737265416,0,0,0,1.3404825737265416,0,5.361930294906166,0,1.3404825737265416,9.383378016085791,1.3404825737265416,0,0,0,1.3404825737265416,8.04289544235925,0,0,0,0,0,2.680965147453083,0,9.383378016085791,2.680965147453083,0,0,1.3404825737265416,2.680965147453083,0,1.3404825737265416,0,0,1.3404825737265416,0,1.3404825737265416,0,0,0,0,0,0,0,0,0,0,1.3404825737265416,0,0,0,0,0,0,0,0,0,0,0,0,0,0,1.3404825737265416,0,0,0,0,1.3404825737265416,0,0,0,0,0,0,0,0,0,0,0,0,1.3404825737265416,0,1.3404825737265416,0,0,0,2.680965147453083,0,0,0,0,0,0,0,0,5.361930294906166,4.021447721179625,0,0,0,0,0,0,0,0,0,1.3404825737265416,0,0,0,1.3404825737265416,4.021447721179625,0,0,4.021447721179625,6.702412868632708,0,0,0,0,0,0,0,0,0,1.3404825737265416,0,0,0,0,2.680965147453083,1.3404825737265416,0,2.680965147453083,1.3404825737265416,0,0,2.680965147453083,0,0,0,0,0,0,0,0,0,0,8.04289544235925,0,0,1.3404825737265416,0,0,2.680965147453083,0,10.723860589812332,4.021447721179625,1.3404825737265416,1.3404825737265416,0,0,0,5.361930294906166,1.3404825737265416,0,0,2.680965147453083,0,0,5.361930294906166,0,2.680965147453083,0,0,0,1.3404825737265416,1.3404825737265416,0,2.680965147453083,0,4.021447721179625,0,0,0,0,0,0,0,0,0,0,0,0,0,0,0,0,0,0,0,0,0,1.3404825737265416,0,0,0,0,0,0,0,1.3404825737265416,0,0,1.3404825737265416,0,0,0,0,0,0,0,0,0,1.3404825737265416,1.3404825737265416,0,0,0,0,1.3404825737265416,0,0,0,0,0,0,0,0,0,0,0,5.361930294906166,0,0,0,0,0,0,0,0,0,0,10.723860589812332,0,0,0,0,2.680965147453083,1.3404825737265416,0,0,0,0,0,1.3404825737265416,4.021447721179625,0,6.702412868632708,12.064343163538874,0,1.3404825737265416,0,0,1.3404825737265416,1.3404825737265416,0,0,2.680965147453083,0,1.3404825737265416,0,5.361930294906166,0,0,0,0,0,0,0,1.3404825737265416,0,0,4.021447721179625,2.680965147453083,1.3404825737265416,0,0,0,0,4.021447721179625,0,1.3404825737265416,0,0,0,0,0,0,0,0,0,0,0,0,0,1.3404825737265416,0,2.680965147453083,0,0,0,0,5.361930294906166,0,0,0,1.3404825737265416,0,0,1.3404825737265416,0,0,2.680965147453083,2.680965147453083,1.3404825737265416,0,0,0,0,0,0,0,0,0,0,0
parvus_do_9_january_predislovie.txt_chunk2,parvus,5,0,1,2,3,0,0,3,0,0,3,23,1,0,0,7,0,1,0,0,0,0,2,6,1,2,0,1,0,0,0,1,0,0,1,0,3,1,3,1,4,4,0,6,4,0,4,0,3,4,0,1,6,0,0,2,29,1,0,3,0,0,3,7,0,5,0,0,0,2,1,0,2,1,0,0,0,0,0,0,0,0,0,0,0,3,1,0,0,10,0,0,21,2,0,0,1,0,0,3,0,1,0,0,11,0,3,5,1,0,0,0,2,0,0,8,4,2,4,5,0,0,2,1,1,2,0,3,1,0,0,10,0,0,2,0,0,0,6,0,0,2,1,3,0,1,0,1,0,0,0,1,0,0,2,0,1,0,2,0,5,1,1,6,3,0,1,0,0,0,0,0,0,0,0,3,0,9,5,1,0,3,7,0,1,2,1,2,1,0,0,0,0,0,0,5,0,0,0,1,1,0,0,1,1,0,0,1,0,0,0,0,0,0,3,1,0,1,0,0,1,2,0,1,0,0,0,0,0,0,0,1,0,3,0,1,0,1,1,4,0,0,0,2,3,0,0,1,2,0,1,0,0,0,0,0,0,0,0,0,2,0,1,4,4,1,0,1,0,3,0,0,1,1,4,0,2,0,0,1,0,1,3,0,1,4,0,3,0,0,0,0,1,2,1,0,0,0,0,1,0,1,1,4,0,1,0,1,1,1,0,7,4,0,1,1,7,4,2,2,4,0,0,1,0,0,0,0,0,0,0,0,1,1,0,0,0,0,0,0,0,2,0,0,0,0,0,0,0,1,0,0,2,0,0,0,0,1,1,1,0,0,1,0,0,0,1,2,0,0,0,1,0,2,0,0,7,1,0,0,0,0,1,2,0,0,0,0,0,1,0,2,0,0,0,0,0,1,0,0,1,0,0,0,0,0,1,0,0,0,10,1,0,0,1,1,1,0,2,1,0,0,1,0,0,0,1,0,0,0,0,7,1,1,1,0,0,0,0,0,1,0,0,1,0,0,0,11,0,0,0,0,0,3,0,0,8,0,0,0,0,0,0,0,0,0,2,3,0,0,0,2,0,0,0,2,8,0,1,0,2,0,2,0,7,0,1,0,1,0,1,0,0,0,0,0,0,0,0,0
parvus_do_9_january_predislovie.txt_chunk3,parvus,4.016064257028112,0,1.004016064257028,6.024096385542169,12.048192771084338,4.016064257028112,2.008032128514056,0,1.004016064257028,3.0120481927710845,0,33.13253012048193,0,0,0,7.028112449799196,0,0,0,0,0,0,2.008032128514056,6.024096385542169,2.008032128514056,0,0,0,0,0,0,0,3.0120481927710845,1.004016064257028,0,0,1.004016064257028,1.004016064257028,1.004016064257028,1.004016064257028,0,2.008032128514056,0,4.016064257028112,1.004016064257028,1.004016064257028,4.016064257028112,0,3.0120481927710845,1.004016064257028,0,0,5.020080321285141,1.004016064257028,0,0,30.120481927710845,0,4.016064257028112,0,0,0,2.008032128514056,6.024096385542169,0,4.016064257028112,0,3.0120481927710845,2.008032128514056,1.004016064257028,1.004016064257028,0,1.004016064257028,0,1.004016064257028,0,0,0,0,0,0,0,0,0,2.008032128514056,1.004016064257028,0,0,0,8.032128514056224,0,0,13.052208835341364,0,0,1.004016064257028,0,1.004016064257028,0,2.008032128514056,0,1.004016064257028,0,2.008032128514056,6.024096385542169,0,1.004016064257028,5.020080321285141,0,2.008032128514056,0,0,0,0,0,3.0120481927710845,1.004016064257028,9.036144578313253,0,5.020080321285141,0,1.004016064257028,2.008032128514056,3.0120481927710845,3.0120481927710845,0,0,5.020080321285141,1.004016064257028,1.004016064257028,1.004016064257028,11.04417670682731,0,0,0,1.004016064257028,0,1.004016064257028,2.008032128514056,0,3.0120481927710845,1.004016064257028,3.0120481927710845,2.008032128514056,1.004016064257028,2.008032128514056,3.0120481927710845,0,0,0,1.004016064257028,0,0,0,0,0,2.008032128514056,0,7.028112449799196,0,7.028112449799196,0,1.004016064257028,6.024096385542169,1.004016064257028,2.008032128514056,0,0,0,0,0,0,0,0,0,3.0120481927710845,0,9.036144578313253,5.020080321285141,0,1.004016064257028,3.0120481927710845,8.032128514056224,0,0,3.0120481927710845,0,1.004016064257028,0,2.008032128514056,0,0,0,1.004016064257028,0,4.016064257028112,1.004016064257028,0,0,0,0,1.004016064257028,0,0,0,2.008032128514056,0,0,0,0,0,0,0,0,0,4.016064257028112,0,0,0,2.008032128514056,0,3.0120481927710845,1.004016064257028,0,0,0,0,1.004016064257028,0,0,0,0,0,9.036144578313253,0,1.004016064257028,0,0,5.020080321285141,2.008032128514056,0,0,1.004016064257028,2.008032128514056,3.0120481927710845,1.004016064257028,0,0,0,0,1.004016064257028,1.004016064257028,2.008032128514056,0,1.004016064257028,2.008032128514056,0,1.004016064257028,0,0,2.008032128514056,0,0,0,2.008032128514056,0,0,2.008032128514056,4.016064257028112,0,0,0,1.004016064257028,0,12.048192771084338,0,2.008032128514056,0,0,1.004016064257028,0,0,1.004016064257028,1.004016064257028,1.004016064257028,3.0120481927710845,1.004016064257028,2.008032128514056,0,0,3.0120481927710845,1.004016064257028,1.004016064257028,1.004016064257028,1.004016064257028,0,0,0,0,0,0,2.008032128514056,0,5.020080321285141,1.004016064257028,0,0,0,1.004016064257028,0,6.024096385542169,9.036144578313253,5.020080321285141,1.004016064257028,2.008032128514056,0,1.004016064257028,1.004016064257028,0,1.004016064257028,0,0,0,1.004016064257028,0,0,0,0,0,0,1.004016064257028,1.004016064257028,2.008032128514056,0,0,0,0,0,0,0,0,0,0,0,0,0,0,0,0,0,0,0,0,0,1.004016064257028,2.008032128514056,0,0,0,0,1.004016064257028,0,0,0,1.004016064257028,0,2.008032128514056,0,0,2.008032128514056,0,2.008032128514056,0,0,0,0,4.016064257028112,1.004016064257028,0,0,0,0,0,0,0,1.004016064257028,0,0,0,0,0,1.004016064257028,0,0,1.004016064257028,0,0,1.004016064257028,0,0,0,0,0,0,0,1.004016064257028,3.0120481927710845,1.004016064257028,3.0120481927710845,1.004016064257028,7.028112449799196,4.016064257028112,0,1.004016064257028,0,0,0,0,0,1.004016064257028,2.008032128514056,0,18.072289156626507,1.004016064257028,0,0,0,0,0,0,4.016064257028112,4.016064257028112,0,0,0,1.004016064257028,1.004016064257028,0,0,0,0,0,0,3.0120481927710845,2.008032128514056,0,5.020080321285141,3.0120481927710845,0,0,0,0,0,0,0,0,1.004016064257028,4.016064257028112,0,0,0,1.004016064257028,0,0,4.016064257028112,0,3.0120481927710845,0,0,0,0,2.008032128514056,0,0,0,1.004016064257028,7.028112449799196,0,2.008032128514056,0,1.004016064257028,0,1.004016064257028,0,5.020080321285141,0,1.004016064257028,0,2.008032128514056,0,1.004016064257028,0,0,0,0,0,0,0,0,0
parvus_itogi_i_perspektivy_I.txt_chunk2,parvus,6,0,0,1,7,1,8,2,3,8,1,23,0,0,2,3,0,0,0,0,2,0,1,15,0,1,1,0,1,0,0,0,1,0,0,0,0,0,3,1,0,0,0,1,2,1,4,0,6,5,0,0,10,0,0,0,35,1,2,1,0,0,1,9,0,4,1,1,0,2,0,0,1,0,0,0,1,0,1,0,0,1,0,1,1,0,0,0,0,15,0,0,18,0,0,0,0,1,4,0,0,0,0,0,8,0,0,1,0,2,0,1,0,0,1,1,2,7,2,0,0,0,1,1,8,0,0,1,0,2,0,18,0,0,0,0,3,0,1,0,1,1,0,1,1,1,1,0,0,0,1,0,0,0,2,1,2,0,2,0,4,1,0,6,0,0,0,0,0,1,0,0,0,0,0,0,0,7,1,1,0,1,7,2,2,0,0,0,0,0,0,0,0,0,0,3,0,0,0,0,0,1,0,0,1,0,0,0,0,0,0,0,0,1,0,5,1,0,0,1,0,1,0,1,0,1,0,0,0,0,1,0,0,5,0,0,0,1,3,0,0,0,4,1,1,1,0,0,1,1,1,0,0,0,2,2,0,0,0,0,0,1,2,1,2,0,0,0,10,0,0,1,0,1,0,0,3,0,0,0,0,1,2,2,0,2,0,2,0,1,3,0,0,0,0,0,0,0,0,0,0,4,0,4,1,0,1,0,1,1,6,3,5,0,2,1,2,0,0,2,0,0,0,3,0,0,0,0,0,0,3,1,3,0,0,0,0,1,1,0,0,0,0,0,0,0,0,0,0,0,0,0,0,0,0,2,0,0,0,0,0,0,1,0,0,1,1,0,0,0,0,0,0,0,0,0,1,0,0,0,0,1,0,0,0,0,1,0,0,5,0,0,0,0,1,0,0,0,0,0,0,0,0,0,0,0,5,0,1,0,0,3,0,0,0,3,0,0,0,1,0,1,4,0,0,0,0,0,0,0,2,2,1,1,0,4,0,0,0,0,1,0,0,2,1,0,4,2,0,0,0,0,0,0,0,0,0,1,0,0,0,0,0,0,2,0,0,1,0,2,0,1,0,0,3,0,1,0,0,0,1,0,0,0,1,0,0,1,0,0,0,0,0,0,0,0,0,0,0,0
parvus_ministerstvo_Briana_France.txt_chunk1,parvus,6,0,1,2,0,0,1,4,3,7,2,45,0,0,0,9,0,1,0,1,1,0,3,2,0,3,0,0,2,0,0,0,0,1,0,0,1,0,0,1,0,1,0,6,1,0,3,0,4,5,0,0,4,0,0,1,32,0,0,1,0,0,5,6,0,5,0,1,0,1,0,0,0,0,1,0,3,0,1,1,0,0,0,0,1,1,0,0,0,9,1,0,19,0,0,0,3,1,1,0,0,1,1,1,9,1,2,1,0,2,0,0,0,0,0,3,4,3,0,2,0,0,2,2,1,0,1,4,0,1,0,11,0,0,0,1,1,4,0,0,1,1,0,0,0,1,0,0,0,0,0,0,0,0,5,1,2,1,1,0,7,1,1,2,3,1,1,0,0,4,0,0,0,3,0,3,0,11,7,0,0,0,5,1,1,2,0,0,0,1,0,0,0,0,0,0,0,0,0,0,1,0,0,1,1,0,0,1,0,0,0,0,0,0,0,1,0,0,0,2,0,0,2,1,0,0,1,0,0,0,1,0,0,2,0,0,1,0,6,0,0,0,1,0,0,0,0,0,0,0,0,1,0,1,0,0,1,0,0,0,1,0,0,0,1,0,0,0,4,1,0,0,1,1,0,0,0,0,0,0,0,0,1,0,2,1,1,0,0,0,2,0,0,0,0,2,0,0,0,0,0,0,0,0,0,1,0,1,2,2,6,0,0,0,0,0,0,1,1,0,1,0,1,5,0,0,2,0,0,2,0,1,0,0,0,0,1,0,0,0,1,2,0,0,0,0,0,0,0,0,2,0,1,0,0,0,0,0,0,0,0,0,1,0,0,2,1,0,0,1,0,1,2,0,0,0,1,1,0,0,0,0,1,0,0,0,0,0,0,1,0,1,0,1,1,2,0,0,0,2,0,1,0,0,0,0,0,0,0,1,5,0,3,0,0,0,0,0,9,0,2,1,0,2,0,0,6,2,0,2,1,1,0,0,0,0,0,0,0,1,0,0,3,1,0,0,1,2,0,0,0,0,0,0,0,0,0,0,0,0,0,1,0,1,0,0,0,1,0,2,0,1,2,0,5,0,2,0,0,0,3,0,3,0,2,0,0,0,0,0,0,0,2,0,0,0,0,0,0,0
parvus_ministerstvo_Briana_France.txt_chunk2,parvus,7.092198581560283,0,0,0,0,0,0,0,3.5460992907801416,0,0,28.368794326241133,0,0,0,10.638297872340425,0,0,0,0,3.5460992907801416,0,3.5460992907801416,0,0,0,0,0,0,0,0,0,0,0,0,0,14.184397163120567,0,0,0,0,3.5460992907801416,0,0,0,0,0,0,3.5460992907801416,7.092198581560283,0,0,14.184397163120567,0,3.5460992907801416,0,35.46099290780142,3.5460992907801416,3.5460992907801416,0,0,0,3.5460992907801416,17.73049645390071,0,14.184397163120567,0,0,0,0,0,0,0,0,0,0,0,0,0,0,0,0,0,0,0,7.092198581560283,0,0,0,7.092198581560283,0,0,24.822695035460995,0,3.5460992907801416,0,3.5460992907801416,0,0,0,0,0,0,0,10.638297872340425,0,0,7.092198581560283,0,3.5460992907801416,0,0,0,0,0,3.5460992907801416,3.5460992907801416,0,0,0,0,0,0,3.5460992907801416,0,3.5460992907801416,0,0,0,0,0,14.184397163120567,0,0,0,0,0,0,3.5460992907801416,0,3.5460992907801416,0,0,0,3.5460992907801416,0,0,0,0,0,3.5460992907801416,0,0,0,0,3.5460992907801416,3.5460992907801416,0,0,0,3.5460992907801416,0,0,3.5460992907801416,3.5460992907801416,0,0,0,0,0,0,0,0,3.5460992907801416,0,0,0,7.092198581560283,7.092198581560283,0,0,0,3.5460992907801416,3.5460992907801416,0,0,0,0,0,0,0,3.5460992907801416,0,0,0,0,0,0,0,0,0,0,0,0,0,0,0,0,0,0,0,0,0,0,0,0,0,0,3.5460992907801416,0,0,0,3.5460992907801416,0,0,0,0,3.5460992907801416,0,0,3.5460992907801416,0,0,7.092198581560283,0,0,3.5460992907801416,0,0,3.5460992907801416,0,0,0,3.5460992907801416,3.5460992907801416,0,0,0,0,0,0,0,0,0,0,0,0,0,0,3.5460992907801416,0,0,0,0,0,0,0,3.5460992907801416,14.184397163120567,0,0,0,0,0,0,0,0,0,3.5460992907801416,0,0,0,3.5460992907801416,0,3.5460992907801416,3.5460992907801416,0,0,0,0,0,0,0,0,0,0,0,0,0,0,0,0,0,0,0,0,0,0,0,0,10.638297872340425,0,0,0,0,0,0,0,3.5460992907801416,0,0,0,0,3.5460992907801416,0,0,0,0,0,0,0,0,0,0,0,0,0,0,0,0,0,0,0,0,0,0,0,0,0,3.5460992907801416,0,0,0,0,0,0,0,0,0,0,3.5460992907801416,0,0,0,0,0,3.5460992907801416,0,0,0,0,0,0,3.5460992907801416,0,3.5460992907801416,0,3.5460992907801416,3.5460992907801416,0,0,3.5460992907801416,0,0,0,0,0,0,0,0,0,0,0,0,0,0,0,3.5460992907801416,0,0,0,10.638297872340425,0,0,0,0,0,0,0,0,10.638297872340425,0,0,0,0,0,0,0,7.092198581560283,0,0,0,0,0,0,3.5460992907801416,7.092198581560283,0,0,0,0,0,0,0,0,0,0,0,0,0,0,0,3.5460992907801416,0,0,0,0,7.092198581560283,0,0,0,0,3.5460992907801416,0,0,0,0,0,0,0,0,0,0,0,0,0,0,3.5460992907801416,0,0,0,0,3.5460992907801416,0,3.5460992907801416,0,0,0,0,0,0,0,17.73049645390071,0,0,0,0,0,0,0,0,0,7.092198581560283,0,0,0,0,0,0,0
parvus_onp1_o_i_socrev_razvitie.txt_chunk1,parvus,2,0,0,0,0,0,0,1,1,3,0,33,1,0,0,3,0,0,0,0,0,1,3,3,1,5,0,1,1,0,0,0,0,0,0,0,2,0,1,0,0,0,0,8,0,0,2,1,3,4,0,3,6,2,0,0,42,0,5,2,0,1,0,3,1,6,0,4,0,0,0,0,1,1,0,1,1,0,1,1,1,1,0,1,1,2,0,0,0,18,1,0,20,1,2,0,0,0,0,2,0,0,0,1,4,0,0,0,0,0,1,0,0,0,1,3,3,0,1,5,0,0,0,0,1,0,0,1,0,5,0,11,0,0,0,0,0,0,1,0,0,0,2,1,0,1,0,0,2,0,0,1,0,0,2,0,0,0,5,0,6,0,1,4,0,1,0,0,0,1,2,0,0,1,0,2,0,5,2,0,0,0,7,2,1,0,0,1,3,0,0,0,1,0,0,0,1,0,0,0,0,0,0,2,1,0,0,1,0,2,0,1,1,0,1,0,0,0,0,1,0,3,0,0,2,0,0,1,0,0,0,0,0,4,0,1,0,1,0,1,3,0,2,4,4,1,0,0,0,1,1,1,0,0,0,0,1,2,0,1,5,2,0,2,1,0,1,0,0,3,0,0,1,0,7,0,1,0,0,0,0,0,4,2,1,2,0,1,0,0,0,0,0,0,0,0,0,0,0,0,0,0,0,0,0,2,0,0,0,0,3,2,0,0,0,0,0,1,0,0,1,0,0,3,0,1,0,0,0,2,0,1,1,0,0,1,0,2,1,2,0,1,1,0,0,1,0,0,0,0,2,0,0,1,1,0,0,1,0,2,1,0,0,0,0,1,0,0,0,0,0,1,0,2,0,0,3,0,0,0,0,0,0,0,0,0,0,0,0,3,0,0,0,0,0,0,1,0,0,1,2,1,0,0,0,0,0,0,0,0,5,0,0,0,0,1,0,0,0,0,0,0,0,0,0,1,2,0,0,1,2,1,0,0,0,0,0,1,0,0,0,0,1,1,0,0,1,0,0,0,1,0,0,1,0,2,0,3,0,0,0,1,0,0,0,0,3,0,0,0,0,0,0,0,1,0,3,0,0,0,2,0,1,0,1,0,0,0,0,0,0,0,3,0,1,0,0,0,0,0
parvus_onp1_o_i_socrev_razvitie.txt_chunk2,parvus,1,0,2,1,2,1,2,1,1,0,0,28,0,0,1,2,2,0,1,0,0,1,2,8,0,0,0,0,2,0,0,0,2,0,0,0,7,1,0,1,0,1,0,1,0,1,2,0,2,3,0,0,3,0,0,0,36,0,1,2,0,0,3,13,1,3,0,3,0,1,1,0,1,0,1,1,1,0,0,1,0,0,0,1,1,1,1,0,0,13,0,0,15,0,1,1,0,0,1,3,0,0,0,0,5,1,0,1,0,1,0,0,0,0,1,2,1,1,0,7,1,0,0,0,3,0,1,3,0,0,2,15,0,0,0,0,0,0,1,1,1,0,0,2,0,3,0,1,0,0,0,0,0,1,3,3,2,1,4,0,1,3,0,2,0,0,1,0,0,3,0,0,0,0,0,4,0,9,3,1,2,1,6,1,1,1,1,0,2,1,0,0,0,1,0,2,1,2,0,0,0,0,0,0,0,0,0,0,1,1,0,0,0,0,0,2,0,0,0,0,0,0,1,0,0,0,1,1,0,1,0,1,0,6,0,0,1,1,4,2,2,0,0,0,4,0,0,0,0,1,1,0,0,0,0,1,0,1,0,0,1,0,2,2,0,1,0,1,0,1,0,0,0,0,8,0,2,0,2,0,0,1,2,1,0,1,0,0,1,0,1,0,0,0,1,0,0,0,0,0,0,0,0,1,0,0,0,2,0,0,2,2,1,0,0,1,0,0,1,1,1,0,1,3,0,1,0,0,0,0,0,0,0,0,0,0,0,1,2,0,0,0,1,0,0,1,0,0,0,0,0,0,0,0,0,1,0,0,0,1,1,0,0,0,0,0,0,0,0,0,1,0,0,1,0,0,3,1,1,0,0,0,0,0,0,0,0,0,0,1,0,0,1,0,0,0,0,0,0,0,1,0,0,0,0,1,0,0,0,1,3,0,0,0,0,1,0,2,1,0,0,0,1,0,0,1,2,1,0,0,2,1,0,1,1,0,0,0,2,0,0,0,2,2,0,0,1,0,0,0,0,0,0,0,0,0,0,0,1,1,0,1,1,0,0,0,0,1,0,0,0,2,0,0,0,0,0,1,0,0,2,0,0,0,0,0,0,2,0,0,0,0,0,0,1,0,0,0,0,0
parvus_pismo_tverskomu_komitetu_I.txt_chunk2,parvus,11,0,2,0,3,0,4,1,0,1,1,35,0,1,0,4,0,0,0,1,0,0,1,1,3,1,0,0,0,0,0,0,0,0,0,0,1,1,0,0,2,0,0,0,5,0,3,0,4,3,0,3,4,0,0,2,32,1,3,6,0,1,3,2,1,4,1,1,0,2,0,0,1,0,1,0,1,0,0,0,0,2,0,0,1,1,1,1,1,16,0,0,17,0,1,0,2,0,2,4,0,0,2,2,10,0,4,1,0,2,0,0,1,0,0,2,5,4,5,2,0,0,0,0,6,0,0,6,2,1,0,11,0,2,0,0,0,2,2,1,1,0,1,4,0,2,0,0,0,0,1,0,0,1,2,1,2,0,4,0,6,2,2,7,1,1,0,0,0,1,0,0,0,0,0,1,0,13,4,0,0,1,8,2,1,1,0,0,1,1,4,0,0,1,1,2,0,0,2,1,1,0,1,0,0,0,1,2,0,1,0,0,1,0,0,0,1,2,0,0,0,2,0,1,0,0,0,0,1,2,0,0,0,1,0,1,0,0,3,2,0,1,0,0,4,2,0,0,0,0,0,0,0,0,1,0,0,0,0,0,15,3,0,2,3,0,0,0,0,1,0,2,1,1,7,2,0,8,1,1,0,1,3,1,2,2,0,1,0,0,2,0,0,0,1,1,0,0,0,0,2,0,0,3,0,1,0,1,0,0,3,2,2,1,0,0,0,1,0,0,0,4,0,0,1,2,0,0,0,2,0,0,0,0,1,0,0,0,0,0,0,0,1,0,0,1,0,0,0,1,0,0,0,0,1,0,0,0,0,1,1,1,0,0,0,0,0,0,0,2,0,0,0,0,0,0,2,0,0,0,0,1,0,0,1,0,1,0,0,1,0,0,0,0,0,3,0,2,1,0,0,1,0,0,0,0,0,1,0,0,4,0,0,1,0,0,0,0,0,0,0,0,0,0,0,0,0,1,0,0,1,1,2,0,1,0,0,0,0,0,0,0,0,0,0,0,0,0,1,0,1,0,0,1,0,1,0,0,5,0,0,0,0,1,1,0,3,1,0,1,0,0,0,0,1,0,1,0,0,0,0,0,0,0,0,0,0,0,0,0,0,0,0,0,0,0,0,0,0,0
parvus_pismo_tverskomu_komitetu_I.txt_chunk3,parvus,11.363636363636363,0,0,5.681818181818182,11.363636363636363,2.840909090909091,8.522727272727272,2.840909090909091,0,2.840909090909091,2.840909090909091,25.56818181818182,0,0,0,2.840909090909091,0,0,0,0,0,0,2.840909090909091,5.681818181818182,0,0,0,0,0,0,0,0,0,0,0,0,0,0,8.522727272727272,0,2.840909090909091,0,0,2.840909090909091,5.681818181818182,0,11.363636363636363,5.681818181818182,8.522727272727272,2.840909090909091,0,5.681818181818182,0,0,0,2.840909090909091,39.77272727272727,0,0,5.681818181818182,0,0,5.681818181818182,8.522727272727272,0,2.840909090909091,0,0,0,2.840909090909091,0,0,0,0,0,0,0,0,0,0,0,0,0,0,0,2.840909090909091,2.840909090909091,0,0,17.045454545454543,0,0,25.56818181818182,0,2.840909090909091,0,0,0,2.840909090909091,2.840909090909091,0,0,0,0,14.204545454545453,0,5.681818181818182,0,2.840909090909091,0,0,0,0,0,0,11.363636363636363,8.522727272727272,2.840909090909091,2.840909090909091,8.522727272727272,0,0,2.840909090909091,0,0,0,0,0,0,0,0,2.840909090909091,2.840909090909091,0,0,0,0,0,5.681818181818182,0,2.840909090909091,0,0,2.840909090909091,0,0,0,0,0,0,0,0,0,2.840909090909091,5.681818181818182,0,0,0,0,0,2.840909090909091,0,0,5.681818181818182,0,2.840909090909091,0,0,0,0,0,0,2.840909090909091,0,0,5.681818181818182,0,5.681818181818182,2.840909090909091,0,2.840909090909091,0,11.363636363636363,2.840909090909091,0,2.840909090909091,0,0,2.840909090909091,0,0,0,0,0,0,2.840909090909091,0,2.840909090909091,2.840909090909091,2.840909090909091,5.681818181818182,0,0,0,0,0,0,0,0,0,0,0,0,0,0,0,0,0,0,2.840909090909091,0,0,0,2.840909090909091,0,0,0,0,0,0,0,0,0,0,0,2.840909090909091,0,0,5.681818181818182,2.840909090909091,0,0,0,0,0,0,5.681818181818182,0,0,0,0,0,2.840909090909091,0,0,2.840909090909091,0,0,0,2.840909090909091,19.886363636363637,2.840909090909091,2.840909090909091,0,2.840909090909091,2.840909090909091,0,0,0,0,0,0,2.840909090909091,0,0,0,0,8.522727272727272,0,0,0,0,0,0,2.840909090909091,2.840909090909091,0,0,0,2.840909090909091,0,0,0,0,0,0,0,0,0,0,0,0,0,0,0,0,0,0,0,0,0,0,2.840909090909091,0,0,0,0,0,8.522727272727272,0,0,17.045454545454543,0,0,0,5.681818181818182,0,0,0,0,0,5.681818181818182,0,0,0,0,0,0,0,0,0,0,0,0,0,0,0,0,0,0,0,0,0,0,0,0,0,0,0,2.840909090909091,0,0,0,0,0,0,0,0,0,5.681818181818182,0,0,0,0,0,0,0,0,0,0,2.840909090909091,0,0,0,0,0,0,0,0,0,2.840909090909091,0,0,0,0,0,0,0,0,0,0,0,0,0,0,2.840909090909091,0,0,0,0,0,0,0,0,2.840909090909091,0,0,0,0,0,0,2.840909090909091,0,0,0,0,0,0,0,0,0,2.840909090909091,0,0,2.840909090909091,0,0,0,0,0,2.840909090909091,0,0,0,0,0,0,0,0,0,0,0,0,0,0,0,0,0,0,0,0,0,0,0,0,0,0,0,0,0,0,2.840909090909091,0,0,0,0,0,0,0,0,2.840909090909091,0,0,0,0,0,0,2.840909090909091,0,2.840909090909091,0,0,0,0,0,0,0,0,0,0
parvus_poTurmam.txt_chunk1,parvus,2,0,0,1,0,0,3,4,4,8,2,39,0,0,0,2,1,0,0,0,2,1,1,2,0,0,0,1,0,0,0,0,0,1,1,0,6,0,1,2,1,1,0,4,0,1,4,0,1,5,0,0,1,3,1,0,36,0,12,2,1,0,4,3,0,15,0,4,0,2,0,0,2,0,1,2,0,0,0,1,15,0,7,0,0,0,0,0,0,14,1,1,19,1,0,0,0,0,2,6,1,2,10,1,6,0,0,6,1,1,0,3,0,0,0,8,0,8,0,3,0,0,3,0,8,0,0,2,1,1,0,7,0,0,0,1,0,0,3,0,1,0,0,0,0,1,1,0,0,0,0,0,0,1,9,0,1,1,1,0,15,1,1,2,1,0,0,0,5,8,0,0,0,1,1,2,2,10,1,0,1,1,5,5,0,0,0,0,16,2,0,0,1,0,0,0,1,0,0,1,0,0,3,0,1,0,0,0,0,0,2,0,0,0,0,0,0,0,0,1,0,0,1,0,0,0,0,0,0,1,0,1,0,3,0,1,0,1,0,0,0,0,0,0,0,0,0,0,1,2,3,0,0,1,0,0,0,0,0,0,0,0,0,1,1,0,0,0,0,0,0,1,0,0,0,1,0,0,1,0,0,0,0,0,0,0,0,0,0,0,1,0,0,0,0,0,0,0,0,1,0,0,0,0,0,0,0,0,0,0,1,0,1,0,0,0,0,0,0,3,0,0,0,1,0,1,0,0,0,1,1,0,0,0,1,0,0,3,0,0,0,2,0,0,1,0,0,0,0,1,0,0,1,0,1,0,0,0,0,1,0,0,0,0,0,2,0,0,0,0,1,0,0,0,1,0,7,2,0,0,0,0,0,0,0,0,0,0,0,0,0,0,0,0,2,0,0,0,0,0,0,0,0,0,0,1,0,1,1,0,0,0,0,0,0,1,0,0,0,0,0,0,1,0,0,0,0,0,1,0,0,1,0,0,0,0,0,0,1,0,0,0,0,1,0,1,1,1,0,0,0,0,0,0,0,1,0,0,0,0,0,1,0,0,0,0,0,0,0,0,0,0,0,0,0,0,1,0,0,0,0,0,0,0,0,0,0,0,0,0,0,0,1,0,0,0,0,0,0,0
parvus_poTurmam.txt_chunk10,parvus,2,1,0,0,2,0,5,0,2,2,3,40,0,0,0,3,0,0,0,0,3,0,1,3,0,1,0,1,0,0,0,0,0,0,2,0,2,1,0,2,2,0,0,7,1,5,4,0,1,6,0,0,1,1,2,0,31,0,5,1,0,0,4,3,2,11,0,4,0,1,2,0,0,2,0,1,0,3,0,0,17,1,7,0,0,3,1,1,0,6,3,0,13,0,0,0,1,0,3,0,1,3,1,1,8,0,0,3,0,1,0,0,1,1,1,8,1,7,0,1,0,0,0,0,3,1,0,1,0,1,0,15,0,0,0,0,0,1,0,0,5,0,0,1,1,3,3,2,0,0,1,0,0,1,4,1,0,0,3,0,7,2,0,1,2,1,2,2,1,1,0,2,0,0,0,4,1,17,1,2,0,0,14,2,1,1,2,0,15,0,0,2,0,0,0,2,1,0,0,0,0,0,1,1,2,0,2,0,0,0,0,0,0,0,0,2,0,0,1,1,0,1,0,0,0,0,1,1,0,0,0,0,0,0,0,0,1,1,0,0,0,0,0,0,0,2,0,1,0,0,1,0,1,1,0,0,0,0,1,0,0,0,0,3,1,0,0,0,0,0,3,0,2,0,0,0,2,0,0,0,1,1,0,0,0,1,0,1,0,3,2,1,0,0,0,0,0,0,1,0,0,0,0,0,0,1,0,0,0,0,0,0,1,0,0,0,0,0,0,1,0,0,0,2,0,0,0,0,0,4,1,1,1,0,4,1,0,1,0,1,0,0,1,0,0,0,0,0,0,0,0,2,0,0,0,0,0,0,0,0,1,0,1,0,0,2,0,0,0,0,0,0,0,1,5,0,3,3,0,0,0,0,0,0,1,0,0,0,0,0,0,1,0,1,1,0,0,1,0,0,0,0,0,0,1,1,0,2,0,0,0,0,1,0,0,0,0,0,0,1,0,0,0,0,1,0,0,0,0,0,0,0,0,0,0,0,0,0,0,1,0,0,0,0,0,0,0,1,0,0,0,0,0,0,0,0,0,0,0,0,0,0,0,0,0,0,0,0,0,0,1,0,0,0,0,0,0,0,0,0,0,0,0,0,0,0,0,0,0,0,0,0,0,0,0,0,0,0,0,0
parvus_poTurmam.txt_chunk11,parvus,3,0,0,4,2,1,10,3,6,5,1,36,0,0,1,2,0,1,0,0,0,0,3,2,0,1,1,0,0,0,0,0,0,0,0,0,5,2,1,0,4,1,0,3,3,0,4,0,5,4,0,1,7,3,0,0,22,0,4,1,1,0,2,3,0,3,0,1,0,1,1,1,4,1,0,0,1,3,0,0,6,0,9,2,0,1,0,1,0,18,2,0,13,0,0,2,0,0,1,4,0,1,0,3,4,0,0,3,0,3,0,1,0,0,1,3,5,7,0,3,0,0,1,4,4,1,0,2,0,0,0,13,0,0,0,0,0,0,3,0,0,2,1,0,0,1,0,0,1,0,0,0,0,0,1,2,3,0,2,0,5,0,0,1,0,0,1,0,0,4,0,0,0,0,0,1,1,11,0,0,1,2,10,3,3,3,0,0,13,0,0,0,1,0,0,4,1,0,0,0,0,0,0,2,1,0,0,0,0,0,0,0,0,0,0,0,0,0,0,0,0,0,0,0,0,0,0,2,0,1,1,0,0,6,0,1,0,0,2,1,0,0,1,0,1,1,0,0,0,0,3,0,0,1,1,0,1,0,0,2,0,0,0,3,0,1,0,0,0,0,2,0,1,1,0,0,2,0,0,0,0,0,0,1,0,0,0,2,0,0,0,0,0,0,0,0,0,0,0,1,0,1,1,1,0,0,0,1,0,0,2,1,0,0,0,1,0,0,0,1,0,0,0,0,0,0,0,0,0,2,0,0,2,0,0,2,0,1,2,0,0,0,0,0,0,0,0,0,0,0,0,2,0,0,0,0,1,0,1,0,2,0,2,0,0,3,0,0,0,0,0,2,0,1,2,0,18,6,0,0,0,0,1,0,0,0,0,0,0,0,0,2,0,0,0,0,1,1,0,0,0,1,0,0,0,1,1,0,1,0,0,0,0,0,0,2,0,0,0,0,0,0,2,0,0,0,0,1,1,0,1,0,0,0,0,1,0,0,0,0,1,0,0,0,0,0,1,0,0,0,0,0,0,0,0,0,0,2,0,1,0,0,0,0,0,0,0,0,0,0,0,0,0,0,1,0,0,0,0,0,0,0,0,0,0,0,3,0,0,0,2,0,0,0,1,0,0,0,0,0
parvus_poTurmam.txt_chunk13,parvus,7,0,0,2,3,1,6,1,1,7,4,32,0,1,1,1,1,0,0,1,1,0,7,3,0,2,0,0,1,0,1,0,1,0,0,0,11,1,0,1,0,1,0,3,0,0,5,1,6,4,1,0,4,0,1,0,35,0,4,0,0,0,1,11,0,10,0,2,0,0,0,0,2,1,0,2,1,2,0,0,9,0,8,0,1,2,2,1,0,11,0,0,19,4,1,0,1,0,1,1,1,1,0,2,6,0,0,2,2,0,0,3,0,0,0,3,1,1,0,11,0,0,0,1,7,2,0,3,0,2,0,7,0,0,0,0,2,1,0,0,2,0,0,1,3,2,1,0,0,1,1,0,0,0,4,2,0,1,0,0,15,2,0,3,0,0,1,0,0,0,0,1,0,0,0,4,1,21,4,0,2,0,12,2,3,2,0,0,34,3,0,1,0,1,0,3,0,1,1,0,4,0,1,0,3,0,0,0,0,0,0,0,3,0,0,2,1,1,1,1,0,0,0,0,1,0,0,1,0,0,0,0,0,1,0,0,1,0,1,1,0,0,1,0,0,2,0,0,0,0,0,0,1,0,1,0,0,0,0,0,0,0,0,2,2,0,0,0,0,0,0,0,1,0,0,0,0,0,0,1,0,0,0,0,0,0,0,0,0,0,3,0,0,0,0,0,0,0,0,0,0,0,0,0,0,1,0,0,0,0,0,0,2,0,0,0,0,0,0,3,0,0,0,1,0,1,0,0,0,4,0,0,0,1,1,1,1,2,3,0,0,0,0,0,0,0,0,0,1,0,0,0,0,0,0,0,0,0,0,0,1,1,4,1,1,3,0,0,1,0,0,1,0,2,2,0,1,2,0,0,0,0,0,0,0,0,0,0,0,0,0,0,0,0,0,0,1,0,0,0,1,0,0,0,0,2,0,0,0,0,0,0,0,0,0,2,0,0,0,1,0,0,3,0,0,0,0,0,0,0,1,1,0,0,0,0,1,0,0,0,0,0,0,0,0,0,0,1,1,0,0,0,0,0,0,0,0,0,0,0,0,0,0,0,0,0,0,0,0,1,1,0,0,0,0,0,1,0,0,0,0,1,0,0,0,0,0,0,0,0,1,0,0,0,2,0,0,0,0,0
parvus_poTurmam.txt_chunk16,parvus,4,0,0,0,3,0,4,2,6,9,3,27,0,0,1,3,2,0,0,0,1,0,1,6,0,2,3,1,0,0,0,0,0,0,0,0,4,2,1,1,1,0,0,2,0,0,2,0,4,4,0,0,6,0,0,0,24,0,6,7,0,0,1,7,2,10,0,3,0,0,1,0,3,0,1,0,0,4,0,2,3,0,9,2,0,1,4,2,0,11,1,2,13,0,1,0,2,0,1,3,0,0,1,1,9,0,0,2,0,0,0,0,0,2,1,0,3,1,0,5,0,0,3,0,3,0,0,5,0,3,0,11,0,1,0,0,1,1,0,0,0,0,0,0,3,2,0,1,0,0,2,0,0,0,4,0,0,0,1,0,8,6,0,4,1,0,1,0,0,3,0,0,2,0,1,1,1,12,6,0,5,2,9,0,3,0,1,0,9,0,1,1,0,0,0,3,0,1,1,0,4,0,0,1,2,2,0,0,0,0,2,0,0,0,0,2,1,1,5,0,1,0,2,0,0,0,0,0,0,1,0,0,0,4,0,0,1,0,0,0,0,0,0,1,0,0,0,0,0,0,2,4,0,3,1,0,0,1,0,0,0,0,0,0,1,0,0,0,1,0,1,0,0,0,0,0,0,0,0,0,2,0,0,0,0,1,2,0,0,0,2,0,0,0,0,1,0,0,0,0,0,0,0,0,0,0,0,0,0,0,1,0,0,0,0,0,0,0,0,1,0,0,0,2,1,3,1,0,0,2,2,1,0,0,1,2,1,6,2,3,1,0,1,0,0,0,0,0,0,0,0,0,0,0,0,0,0,0,0,1,0,0,2,1,0,2,0,0,0,0,0,0,0,3,0,0,2,9,0,0,1,0,0,0,1,0,0,0,0,0,0,6,0,0,0,0,0,2,0,0,0,0,0,0,0,2,0,0,0,0,0,0,0,0,1,0,0,0,0,0,0,0,2,0,0,0,0,0,0,0,0,0,0,0,1,0,0,0,0,0,0,0,0,1,0,0,0,1,0,0,1,0,0,0,0,0,0,0,0,0,0,0,0,0,0,0,0,0,0,0,3,0,0,0,0,0,0,0,0,0,0,0,0,0,0,0,0,0,0,0,1,0,0,0,1,0,0,0,0,0
parvus_poTurmam.txt_chunk17,parvus,4,0,0,2,2,1,10,0,2,1,6,22,0,0,0,2,0,0,0,0,3,0,1,5,0,2,2,0,1,0,0,0,0,0,2,0,3,2,0,1,1,0,1,2,1,0,4,0,3,2,2,0,1,5,0,0,25,0,3,10,2,0,4,2,0,16,0,0,1,0,0,0,0,0,1,0,0,0,0,0,6,0,12,0,1,6,2,0,0,11,0,2,20,0,1,0,1,0,0,0,2,0,1,1,17,0,0,1,0,0,0,2,0,0,0,3,1,6,0,4,1,0,1,0,6,2,0,0,0,0,0,11,0,0,0,0,1,0,0,0,3,0,1,0,1,3,0,0,0,0,0,1,0,0,6,0,0,2,0,0,7,0,1,1,1,0,0,0,2,2,0,0,0,0,0,0,1,16,0,0,2,0,21,0,0,0,0,0,34,0,0,3,0,0,0,6,0,0,0,1,0,0,0,1,8,0,0,0,0,1,0,0,0,1,0,0,0,0,1,0,0,0,1,0,0,0,0,3,0,0,1,0,0,1,0,2,0,0,0,0,0,0,1,0,0,2,0,1,0,0,0,0,1,0,0,1,0,0,0,0,0,0,0,0,0,0,0,0,0,0,1,0,2,0,0,0,2,0,0,0,0,2,0,0,1,1,1,1,0,0,0,0,0,0,0,0,0,0,0,2,1,3,0,0,0,1,0,0,0,0,0,0,0,0,0,0,0,0,1,1,0,0,0,4,0,0,0,0,0,6,1,0,0,0,0,0,1,1,0,3,0,2,0,0,0,0,1,0,0,0,1,0,1,0,0,1,0,0,0,0,0,0,1,0,1,0,0,0,0,0,0,0,0,2,1,1,0,0,0,0,1,0,0,0,0,0,1,0,0,0,0,0,0,0,0,0,1,0,2,0,0,0,0,0,0,0,4,0,0,0,0,0,1,0,0,0,0,0,0,0,0,0,1,0,0,0,0,0,0,0,1,1,0,0,0,0,0,0,0,0,0,0,0,0,0,1,0,0,1,0,0,0,0,0,0,0,1,0,0,0,0,0,0,0,0,0,0,0,0,0,2,0,0,1,4,0,0,2,0,0,0,0,0,0,0,0,0,0,0,0,0,0,1,0,8,0,0,0,0,0
parvus_poTurmam.txt_chunk20,parvus,2,0,0,0,0,0,8,0,2,8,1,30,0,0,1,7,2,0,0,0,0,0,7,3,3,1,0,0,0,0,0,0,0,0,2,1,2,1,0,0,3,0,0,6,2,2,3,1,3,4,0,0,1,0,0,0,34,0,5,1,0,0,3,1,1,14,0,5,0,0,0,0,2,1,0,1,0,1,0,1,12,0,9,0,0,0,2,0,0,12,1,1,20,0,0,1,0,0,2,6,1,1,2,1,4,0,0,4,0,2,0,2,0,1,0,6,3,3,0,2,0,0,0,0,3,0,0,3,0,4,0,10,0,0,0,0,1,2,1,0,0,0,1,2,1,2,1,0,0,1,4,3,0,0,8,0,2,0,1,0,5,1,0,3,0,0,0,0,0,8,0,0,0,0,0,3,0,13,5,0,1,1,4,4,0,0,0,0,32,1,0,0,0,0,0,2,0,0,0,0,2,0,1,1,0,0,1,1,1,0,0,1,0,0,0,0,0,1,0,0,0,0,1,0,0,0,0,0,0,0,2,1,0,5,0,0,0,0,1,3,0,0,0,0,0,0,0,0,0,0,0,2,1,0,1,0,0,0,0,0,0,0,1,2,1,0,0,0,0,0,0,0,0,0,0,0,0,0,0,0,0,0,0,0,0,0,0,0,0,0,4,1,0,0,0,0,0,0,0,0,0,0,0,0,0,1,0,0,0,0,4,0,0,0,0,0,0,0,0,4,0,0,1,4,1,1,0,0,0,3,0,1,0,0,2,0,1,3,0,2,0,0,1,0,0,0,1,0,0,0,0,0,2,1,0,0,1,1,2,0,2,0,0,0,1,2,0,0,0,0,0,1,0,1,3,0,0,1,0,0,0,0,1,0,0,1,0,0,2,0,0,0,0,0,0,0,0,3,0,0,0,0,0,0,0,0,0,0,0,0,0,0,0,0,1,0,0,0,0,0,0,0,0,0,0,0,0,0,0,0,0,0,0,0,0,0,0,0,0,1,0,0,0,0,0,1,0,0,0,0,0,0,0,0,0,0,0,0,0,0,0,1,0,0,0,0,0,0,0,0,0,0,0,0,0,0,0,0,0,0,0,0,1,0,0,0,0,0,0,0,0,0,0,0,0,0,0,0,0,0
parvus_poTurmam.txt_chunk21,parvus,6,0,0,3,0,0,4,0,5,5,0,25,0,0,0,1,0,0,0,0,0,0,0,5,1,1,0,0,4,0,0,0,1,0,1,2,5,0,0,0,0,0,0,4,1,0,7,0,0,4,1,0,2,1,0,0,44,0,5,4,4,0,17,8,0,8,0,6,1,0,2,0,1,0,0,0,0,0,1,1,10,0,9,2,1,1,5,0,0,16,0,0,23,1,0,0,0,0,0,1,2,2,3,2,15,0,0,3,0,1,0,2,1,1,0,2,0,17,0,3,0,0,7,0,6,0,0,3,0,0,0,5,0,0,0,0,0,0,0,0,0,1,0,0,3,2,0,0,0,0,2,0,0,0,5,0,1,0,3,0,9,0,0,4,0,0,0,0,1,6,0,0,0,0,1,1,3,10,3,1,4,0,12,1,0,1,1,1,28,2,0,0,0,0,0,6,0,0,2,0,0,0,2,0,1,0,1,1,0,0,0,0,0,0,0,1,0,0,0,0,0,0,0,0,0,0,0,1,1,0,0,0,0,2,0,3,0,0,0,0,0,0,0,1,0,0,0,0,0,0,0,0,0,0,0,1,0,0,0,1,0,0,0,0,0,0,0,0,0,0,0,0,1,0,0,0,0,0,0,1,0,0,0,0,0,0,0,1,0,0,3,0,0,0,0,0,0,0,0,2,0,0,0,0,0,0,0,0,0,2,0,0,0,0,0,0,0,0,0,0,0,0,0,0,0,0,0,0,0,3,0,0,0,0,1,0,0,3,0,2,0,0,3,1,0,0,0,0,0,0,0,0,2,0,1,2,0,0,0,0,0,0,0,1,0,3,0,0,1,0,0,0,0,0,1,0,1,0,0,0,0,1,0,0,0,0,0,0,0,0,0,0,0,0,2,0,0,0,0,0,0,1,0,0,0,0,0,0,0,0,0,0,0,0,1,0,0,0,0,0,0,0,0,0,0,0,0,0,1,0,0,0,0,0,0,0,0,0,0,0,0,2,0,0,0,0,0,0,0,0,1,0,0,0,0,0,0,0,0,0,0,0,0,0,0,0,0,0,0,1,0,0,0,0,0,0,0,0,0,0,0,0,0,0,0,0,0,2,0,0,0,0,1,0,0,0,0,0,0,0
parvus_poTurmam.txt_chunk22,parvus,1,0,0,0,1,1,6,3,2,6,3,29,0,0,0,2,0,0,0,0,0,0,4,5,0,1,2,0,0,0,0,0,1,0,2,0,4,1,2,0,2,0,0,2,2,0,4,0,6,3,0,0,3,1,0,0,28,0,11,0,0,0,4,4,0,10,0,5,1,0,2,0,4,1,0,1,0,0,0,1,13,0,7,1,0,2,1,1,1,17,1,0,18,1,0,0,0,0,1,3,1,1,0,2,11,0,0,3,0,4,0,3,0,0,0,4,0,4,0,2,0,0,5,0,4,1,0,5,0,0,0,6,0,0,1,0,0,0,5,1,0,0,2,2,3,1,0,0,0,0,2,0,0,0,4,0,3,0,2,0,6,1,0,1,4,2,0,0,0,3,0,0,0,0,0,0,2,8,2,1,1,2,5,2,2,0,0,0,30,0,0,0,0,1,0,2,1,0,0,0,1,0,1,0,0,0,1,0,0,0,0,0,0,0,0,0,0,0,0,0,1,0,0,0,0,0,0,0,0,1,1,0,0,1,0,1,0,0,0,0,0,1,0,1,0,0,0,0,0,0,1,2,1,1,0,2,0,0,0,0,0,0,1,0,1,0,1,0,0,0,0,0,0,0,1,1,1,0,1,0,0,1,0,0,0,0,1,2,0,0,3,0,0,0,0,0,0,0,0,0,0,0,0,0,0,1,0,0,0,0,0,0,0,0,0,1,0,0,0,1,0,0,0,2,1,1,0,0,0,6,0,1,0,0,0,2,0,6,2,2,0,0,0,1,0,0,0,0,0,2,1,0,1,0,0,0,0,0,0,0,3,0,0,0,0,2,0,0,0,1,0,0,0,0,3,0,2,0,0,0,1,0,0,0,0,0,0,0,0,0,1,0,0,0,1,0,0,0,0,0,2,0,0,0,3,1,0,1,0,0,0,0,1,0,0,1,0,0,0,0,0,1,0,0,0,0,0,0,0,1,0,0,0,0,0,0,0,1,0,0,1,0,0,0,0,0,0,1,0,0,0,0,0,0,0,0,0,0,0,0,0,0,0,1,0,0,0,0,0,0,0,0,0,1,0,0,0,0,0,0,0,0,0,0,0,0,0,0,0,0,0,0,0,0,2,0,0,0,0,0
parvus_poTurmam.txt_chunk24,parvus,6,0,0,0,1,0,7,1,0,4,0,38,0,1,0,4,1,1,0,0,0,0,3,7,0,0,1,1,0,0,0,0,0,0,0,0,0,4,0,0,0,0,1,1,4,1,3,0,7,5,0,0,4,0,0,0,26,1,2,2,1,0,0,4,1,11,0,6,1,0,0,0,0,0,0,4,0,1,0,0,5,0,16,1,0,0,1,1,1,8,1,0,19,0,0,1,0,0,3,2,5,0,0,0,8,1,0,2,0,2,0,1,0,1,0,2,7,1,0,4,0,0,1,0,3,0,0,5,0,1,0,2,0,0,1,0,3,0,0,0,1,0,2,4,0,0,1,0,0,0,0,0,0,0,4,1,0,0,0,0,10,1,0,2,4,1,0,0,4,2,0,0,0,0,0,3,5,17,1,1,0,0,20,3,0,0,0,0,45,2,0,1,0,0,0,2,1,0,0,0,1,0,2,0,3,0,0,0,0,0,1,0,0,0,0,1,0,0,1,1,0,0,0,0,0,0,0,1,0,0,0,0,0,2,0,0,0,0,0,2,1,0,0,0,0,0,0,0,0,0,1,0,0,0,0,1,1,0,1,0,1,0,0,2,0,0,0,0,0,0,0,0,0,1,0,1,0,0,0,0,0,0,3,0,1,0,0,0,0,0,2,1,0,0,0,0,0,0,0,0,0,0,0,0,0,0,0,0,0,0,0,0,0,0,0,0,0,0,0,2,0,0,0,2,1,3,0,0,0,4,0,0,0,0,1,1,2,1,1,1,0,2,0,1,0,0,0,1,0,0,0,0,1,0,0,0,0,0,0,0,0,0,0,0,1,1,0,2,0,0,1,1,0,1,0,0,2,0,0,2,3,0,0,0,1,0,0,0,0,0,0,0,1,0,0,0,0,0,0,0,2,0,0,0,1,1,0,0,0,0,0,0,0,0,1,1,0,0,0,0,0,0,0,0,0,0,0,0,0,0,0,0,0,0,0,0,0,0,0,0,0,0,0,1,0,1,0,0,0,0,0,0,0,0,0,0,0,0,0,0,0,0,0,0,0,0,0,0,0,0,0,0,0,0,0,0,0,1,0,0,0,0,0,0,0,0,0,0,0,0,1,0,2,0,1,0,0,0,0,0
parvus_poTurmam.txt_chunk27,parvus,8,0,1,0,1,1,9,2,4,7,0,29,0,0,0,2,0,0,0,0,1,0,3,5,1,2,1,1,0,0,0,0,0,0,0,0,4,1,0,0,0,1,1,0,0,0,4,1,5,10,1,4,5,0,0,0,35,2,8,2,0,0,1,8,0,10,0,3,0,2,0,0,0,1,0,1,0,0,0,1,14,4,6,0,1,0,4,0,3,14,0,0,17,0,0,0,0,0,0,0,1,0,1,1,9,0,0,7,1,2,0,2,0,2,0,6,2,1,0,5,0,0,0,0,8,4,0,2,0,2,0,9,0,0,0,0,0,1,1,0,1,1,0,2,1,4,0,0,0,1,0,0,0,0,9,0,2,1,1,0,4,2,0,3,4,0,0,0,0,6,0,0,0,0,0,0,0,17,7,0,1,0,7,6,0,1,0,0,25,0,0,1,1,0,0,1,0,0,0,0,0,0,1,0,1,0,1,0,0,0,0,0,0,0,0,0,0,1,1,0,0,0,0,0,1,0,1,2,0,1,1,0,0,3,1,0,1,1,0,1,0,0,0,1,0,1,0,0,0,0,0,1,0,0,0,1,0,0,0,0,0,0,0,0,0,0,0,0,0,0,0,0,1,1,0,0,0,0,0,1,0,0,0,0,0,0,0,0,0,0,2,0,0,0,0,1,0,0,0,0,0,0,0,0,0,2,0,0,0,0,2,0,0,0,0,0,0,1,0,3,0,0,1,1,1,0,1,1,0,5,1,0,0,0,0,2,0,1,0,2,0,1,0,0,0,0,0,0,1,1,0,1,0,1,0,0,0,0,0,0,0,0,2,0,2,2,0,0,0,0,0,0,0,2,0,0,1,1,0,0,0,0,0,0,0,1,0,0,2,0,0,2,0,0,2,0,0,1,1,0,0,0,0,0,0,0,0,0,2,0,0,0,0,0,1,2,0,0,0,0,0,0,0,0,0,0,0,0,0,0,0,1,0,0,0,0,0,0,0,1,0,0,0,0,0,0,0,0,0,0,0,0,0,0,0,0,0,0,0,0,0,1,0,0,0,0,0,0,0,0,0,0,0,1,0,0,1,1,0,0,0,0,0,0,0,0,0,1,0,0,0,0,1,0,0,0,0,0,0,0
parvus_poTurmam.txt_chunk28,parvus,0,0,1,0,0,0,0,2,11,14,1,28,0,1,0,0,0,0,0,0,0,0,2,4,0,3,1,0,1,0,0,0,0,0,2,0,13,0,0,0,5,0,0,2,0,1,0,0,3,4,0,0,4,0,0,0,31,0,7,1,0,1,0,6,0,9,0,6,1,0,0,1,3,2,0,0,0,0,0,3,3,0,2,0,0,0,2,1,0,25,0,1,12,0,2,0,1,0,1,0,0,1,2,1,5,0,0,0,1,1,0,0,0,0,0,1,0,3,0,4,0,0,0,0,7,0,0,3,0,0,0,7,1,0,0,0,1,0,0,0,0,0,1,1,3,0,0,0,0,0,0,1,0,0,5,2,1,1,0,0,6,5,1,4,2,1,0,0,1,4,0,0,0,1,0,1,1,6,7,0,2,1,6,0,1,0,1,3,16,2,0,1,1,0,0,5,1,0,0,0,0,0,0,1,1,0,0,1,0,0,0,1,0,0,0,0,0,0,0,1,0,0,2,0,0,0,1,0,0,0,0,1,0,11,0,1,0,0,0,4,0,0,0,0,0,0,0,0,0,0,0,1,0,0,1,1,3,2,0,1,1,1,0,0,0,4,0,0,0,0,0,0,2,0,0,1,0,0,0,0,1,2,0,0,0,0,1,1,0,0,1,2,0,0,0,0,2,0,0,1,0,0,1,0,0,1,0,2,0,0,0,0,1,0,0,0,0,0,0,2,0,0,0,0,1,0,0,0,0,3,0,0,0,1,0,1,0,3,1,2,1,0,0,0,0,0,0,0,1,0,2,0,0,0,0,0,1,1,1,2,0,0,0,2,0,4,0,0,0,0,0,2,0,0,1,0,22,5,0,0,0,0,1,0,0,2,0,0,1,0,0,10,0,0,1,0,2,0,0,0,1,0,0,0,0,0,0,0,1,0,0,0,0,1,0,0,0,0,0,0,1,0,2,0,0,0,0,0,0,0,0,0,0,0,0,0,0,0,0,1,1,0,0,0,0,0,0,0,1,3,0,0,0,0,0,0,0,0,0,0,0,1,0,0,0,0,0,0,0,0,0,0,0,0,0,0,2,0,0,0,0,0,0,0,0,0,0,3,0,0,0,0,1,1,3,0,0,0,0,0
parvus_poTurmam.txt_chunk29,parvus,3,0,0,1,2,0,6,3,2,4,2,30,0,0,0,0,0,1,0,0,1,0,0,7,1,1,2,0,1,0,0,0,0,0,0,0,5,1,0,0,2,0,0,2,0,3,3,1,6,5,0,0,4,0,0,0,26,0,6,4,1,0,4,7,0,10,0,2,0,0,1,0,3,1,0,1,0,1,0,3,0,1,0,1,0,2,1,0,0,16,0,2,11,0,0,0,0,0,0,0,1,0,1,1,6,0,0,0,0,2,0,5,0,0,1,5,0,5,0,7,0,0,3,2,9,1,0,2,0,1,0,10,0,0,0,0,0,0,1,0,2,1,0,0,2,0,0,0,0,0,2,0,0,0,9,1,2,0,3,0,8,2,0,4,1,1,1,0,0,1,0,0,0,1,0,3,0,11,8,1,2,1,10,1,1,2,1,1,0,0,0,0,1,0,1,4,1,0,0,1,0,0,1,1,2,0,0,0,0,0,0,0,0,1,0,1,0,0,0,2,0,0,3,0,1,0,0,0,1,0,0,0,0,4,0,0,0,0,2,1,0,0,0,0,0,0,0,0,0,0,1,0,1,0,2,0,5,0,1,0,0,0,0,0,0,0,0,0,0,0,1,0,2,0,0,0,0,0,0,0,1,0,0,0,0,0,1,2,0,1,2,3,0,0,0,0,3,0,0,1,0,0,0,0,0,2,0,1,0,0,0,0,0,0,0,0,0,0,0,3,0,0,0,0,0,0,0,0,0,1,0,1,0,0,2,0,0,2,0,0,0,2,1,0,0,0,0,0,2,0,2,0,4,0,0,0,0,0,0,0,1,1,0,0,0,1,1,0,0,0,0,1,0,3,0,0,40,12,0,0,1,0,0,0,0,0,0,0,0,0,0,9,0,1,0,0,0,0,3,0,0,0,0,0,1,2,0,0,2,0,0,0,0,0,0,0,0,0,0,0,0,0,0,0,0,0,0,0,0,0,0,0,1,0,0,0,0,0,0,0,0,0,0,0,0,0,1,0,1,0,1,0,0,0,0,0,0,0,0,0,0,0,0,0,0,0,0,0,0,0,1,0,0,1,0,0,0,0,0,0,0,0,0,0,0,0,0,1,0,0,0,0,0,0,1,0,0,0,0,0
parvus_poTurmam.txt_chunk30,parvus,3,0,0,4,0,0,7,4,3,11,1,21,0,0,0,3,0,0,0,0,0,0,1,9,0,1,0,0,2,0,0,0,0,0,0,0,2,1,0,0,1,0,0,1,0,0,2,1,4,5,0,0,5,1,0,0,22,0,11,2,2,0,3,10,0,17,0,4,1,2,0,2,4,0,2,2,0,0,0,2,5,0,1,4,0,2,3,0,0,17,1,3,15,0,1,0,1,0,1,4,1,1,2,1,7,0,0,3,0,1,0,2,0,0,0,2,0,6,0,2,0,0,0,0,3,0,0,3,0,3,0,9,0,1,0,0,0,4,0,0,0,0,0,0,3,0,2,0,0,0,1,0,0,0,3,1,1,1,1,0,11,1,0,5,2,1,2,1,0,5,0,1,1,0,1,1,2,4,7,0,2,0,6,0,1,3,0,0,18,0,1,0,0,0,0,4,2,0,0,0,0,0,1,0,1,0,1,0,0,0,0,0,0,0,0,0,0,0,0,2,0,0,3,1,1,0,1,2,1,0,1,0,0,5,0,1,0,0,0,0,0,0,0,0,0,2,0,1,0,0,2,0,0,0,3,3,2,1,0,1,0,0,0,0,0,1,0,0,0,0,1,0,0,0,0,0,2,0,0,0,1,0,0,0,0,0,0,1,0,0,0,1,0,0,0,0,1,0,0,0,0,0,0,0,0,0,0,1,0,0,0,0,0,0,0,0,0,0,0,2,0,0,0,1,0,0,0,0,0,5,1,0,0,0,0,1,0,5,0,3,0,0,0,0,0,0,0,0,2,0,0,0,0,0,0,1,0,0,0,0,0,0,1,0,1,4,0,0,0,0,0,0,0,6,0,0,24,5,0,0,1,0,0,0,0,0,0,0,0,0,0,7,1,1,1,0,2,0,0,1,0,0,0,0,0,1,0,0,1,0,0,0,1,0,0,1,0,0,0,0,0,0,0,0,0,0,0,0,0,0,0,0,0,0,0,0,0,1,0,0,0,0,0,0,0,0,0,0,0,0,3,0,0,0,0,0,0,0,0,0,0,0,0,0,0,0,0,0,0,0,0,0,0,1,0,0,0,0,0,0,0,0,0,0,0,0,0,0,0,0,0,0,0,0,3,0,0,0,0,0
parvus_poTurmam.txt_chunk32,parvus,2,0,0,0,0,1,5,4,6,12,3,33,0,0,1,0,0,0,0,0,2,0,4,7,0,0,0,0,2,0,0,0,0,0,0,0,2,3,0,0,0,0,0,2,0,1,1,1,6,3,0,0,6,1,0,0,30,0,8,3,0,0,3,6,0,9,0,3,1,1,0,1,2,0,1,2,0,1,0,0,5,0,3,0,0,1,2,0,0,22,0,3,14,1,0,1,0,0,0,1,2,0,0,2,6,0,0,2,0,3,0,2,0,1,0,5,0,4,0,4,0,0,3,3,3,1,0,4,0,2,0,10,0,0,0,1,0,1,0,0,0,0,0,0,1,1,0,0,0,0,1,1,0,0,7,1,3,0,0,0,5,3,0,2,1,0,0,0,2,1,0,1,0,0,0,2,3,14,3,0,3,0,7,1,0,0,0,0,24,3,0,0,1,0,0,3,1,0,0,0,0,0,1,0,1,0,1,0,0,0,0,0,0,0,0,0,0,0,1,2,0,0,0,0,2,0,0,2,0,0,0,0,0,3,0,1,0,1,2,2,0,0,0,0,0,1,0,0,0,0,3,1,1,0,1,1,3,0,0,0,0,0,0,1,0,0,1,0,0,0,0,0,0,0,0,0,1,0,0,0,0,0,0,0,0,0,2,2,1,1,1,2,0,0,0,0,1,0,0,1,0,0,0,0,0,0,0,0,0,0,0,0,0,0,0,0,0,0,0,0,0,0,0,5,0,0,0,1,0,12,0,0,0,0,0,1,0,4,0,2,0,1,0,0,1,0,0,0,0,0,1,0,1,0,0,0,0,0,0,0,2,0,2,1,1,4,1,0,1,0,0,0,0,5,0,1,21,8,0,0,0,0,0,0,0,0,3,0,1,0,0,8,0,0,0,0,0,1,0,0,0,0,0,0,0,1,0,0,2,0,0,0,0,0,0,0,0,0,0,0,0,0,0,0,0,0,0,0,0,0,0,0,1,0,1,0,0,1,0,0,0,1,0,0,0,0,0,0,0,1,1,0,0,0,0,0,0,0,0,0,0,0,0,0,0,0,0,0,0,0,2,0,0,1,0,0,0,0,0,0,0,0,0,0,0,0,0,1,0,0,0,0,0,0,2,0,0,0,0,0
parvus_poTurmam.txt_chunk34,parvus,1.890359168241966,0,0,0,0,0,1.890359168241966,0,1.890359168241966,1.890359168241966,1.890359168241966,54.82041587901702,0,0,0,1.890359168241966,0,0,0,0,0,0,0,3.780718336483932,1.890359168241966,0,0,0,1.890359168241966,0,0,0,0,0,0,0,3.780718336483932,1.890359168241966,0,0,0,0,0,5.671077504725898,0,3.780718336483932,1.890359168241966,0,1.890359168241966,15.122873345935728,0,0,5.671077504725898,0,0,0,30.245746691871457,0,11.342155009451796,0,1.890359168241966,0,0,5.671077504725898,0,15.122873345935728,0,5.671077504725898,7.561436672967864,1.890359168241966,0,0,1.890359168241966,0,0,0,0,0,1.890359168241966,3.780718336483932,15.122873345935728,0,7.561436672967864,0,0,0,0,0,0,11.342155009451796,0,0,17.013232514177695,1.890359168241966,0,0,0,0,0,1.890359168241966,0,0,1.890359168241966,0,5.671077504725898,0,0,3.780718336483932,0,0,0,1.890359168241966,0,0,0,11.342155009451796,1.890359168241966,0,0,1.890359168241966,0,0,0,0,9.45179584120983,1.890359168241966,0,1.890359168241966,0,0,0,9.45179584120983,0,0,0,0,0,1.890359168241966,1.890359168241966,0,0,0,1.890359168241966,0,5.671077504725898,0,0,0,0,0,3.780718336483932,0,0,0,13.232514177693762,1.890359168241966,0,0,0,0,3.780718336483932,1.890359168241966,1.890359168241966,3.780718336483932,0,0,1.890359168241966,1.890359168241966,0,0,0,1.890359168241966,0,0,0,1.890359168241966,0,13.232514177693762,1.890359168241966,0,1.890359168241966,0,3.780718336483932,0,1.890359168241966,0,0,0,56.71077504725898,0,0,0,0,0,0,1.890359168241966,0,0,0,0,0,0,0,0,0,0,0,0,0,0,0,0,0,0,0,0,0,0,0,1.890359168241966,0,0,0,0,0,0,0,0,1.890359168241966,0,0,0,0,5.671077504725898,0,0,0,0,0,0,0,0,0,0,0,0,0,0,0,0,3.780718336483932,1.890359168241966,0,1.890359168241966,0,0,0,0,0,0,0,0,0,0,0,1.890359168241966,0,0,0,0,3.780718336483932,0,0,0,0,0,0,0,0,0,0,0,0,0,0,0,0,1.890359168241966,0,0,0,0,0,0,0,0,0,0,0,1.890359168241966,0,0,0,0,0,1.890359168241966,0,0,0,0,0,0,0,0,0,0,0,0,0,0,0,0,3.780718336483932,0,0,0,0,0,0,5.671077504725898,0,0,0,0,0,0,0,1.890359168241966,0,3.780718336483932,0,1.890359168241966,0,0,0,0,0,0,0,0,0,0,0,0,0,0,0,0,0,1.890359168241966,0,0,0,0,0,1.890359168241966,1.890359168241966,0,0,0,0,1.890359168241966,0,3.780718336483932,1.890359168241966,0,9.45179584120983,0,0,0,0,0,0,0,0,0,0,0,0,0,0,0,3.780718336483932,1.890359168241966,0,0,0,1.890359168241966,0,0,0,0,0,0,0,1.890359168241966,0,0,0,0,0,0,1.890359168241966,0,0,1.890359168241966,0,0,0,0,0,0,0,0,0,0,0,0,0,0,0,1.890359168241966,0,0,0,0,0,0,0,1.890359168241966,0,0,0,0,0,0,0,0,0,0,0,0,0,0,0,0,0,0,0,0,0,0,0,0,0,0,0,0,0,0,0,0,0,0,0,0,0,0,0,0,0,0,0,0,0,0,0,0,0,0,0,0,0,0,5.671077504725898,0,0,0,0,0
parvus_poTurmam.txt_chunk5,parvus,5,0,0,0,0,0,3,2,2,9,0,48,0,0,1,2,2,0,0,0,1,0,7,5,0,2,0,0,2,0,0,0,0,0,3,0,6,0,0,0,1,2,0,4,0,3,3,0,0,2,2,3,1,0,0,0,43,0,1,5,1,0,1,6,1,14,0,0,1,0,0,0,1,2,0,0,0,0,0,3,5,0,5,1,0,3,1,0,0,12,0,0,15,0,2,0,0,0,1,1,2,0,2,1,6,0,1,3,1,2,0,0,2,0,1,5,0,2,0,3,2,0,2,1,4,1,1,3,0,2,0,13,1,0,0,1,0,2,3,0,1,1,0,1,2,0,0,0,0,0,0,1,0,0,7,3,1,1,0,0,4,2,0,4,4,0,0,0,0,1,0,2,0,1,1,1,2,9,4,0,0,1,10,2,2,2,0,0,19,2,0,0,0,0,0,2,0,1,2,0,0,0,0,0,2,0,0,0,0,0,1,0,0,1,0,1,0,0,0,3,0,0,0,0,1,0,1,0,0,0,1,0,0,1,0,0,0,0,0,0,0,0,1,2,0,2,0,0,0,0,1,0,0,0,2,0,3,0,0,0,0,0,0,1,0,0,0,0,0,0,0,0,0,0,0,1,2,0,0,1,2,1,2,0,0,0,0,1,0,0,1,0,0,0,0,0,0,0,1,0,0,0,0,0,0,1,0,0,0,0,0,0,1,0,0,0,0,0,0,1,0,0,0,3,2,1,0,0,0,2,2,3,1,0,0,1,0,0,0,2,0,2,2,0,0,0,0,0,0,0,1,0,1,0,0,0,1,0,0,1,3,0,6,2,1,2,0,0,0,1,0,0,2,1,0,0,7,2,0,0,0,0,2,0,0,0,1,0,0,0,1,3,0,0,0,0,1,1,0,0,0,0,0,0,0,0,1,1,3,0,0,0,1,0,0,2,0,0,0,0,0,0,0,0,0,0,0,0,0,0,2,1,0,0,0,0,0,0,0,0,0,0,0,0,0,0,0,0,0,0,0,0,0,0,0,0,0,0,0,0,0,1,0,0,0,0,0,0,0,0,1,0,0,0,0,0,0,0,0,0,0,0,0,0,0,0,0,0,0,0,0,0,0,0,0,0,0,0,0,0
parvus_poTurmam.txt_chunk8,parvus,3,0,0,1,5,1,2,3,4,11,2,30,0,0,0,4,3,0,0,0,2,1,1,7,0,2,0,2,2,0,0,0,0,0,0,0,4,1,0,0,0,0,1,2,0,0,3,0,6,4,1,0,1,0,0,0,31,0,2,0,2,0,2,3,1,8,0,3,1,1,1,1,0,0,2,1,0,1,0,2,0,0,0,1,0,1,1,0,2,9,6,1,17,0,2,0,1,0,3,0,0,0,1,0,6,0,1,6,2,2,0,1,0,0,0,1,1,4,0,0,0,0,1,3,4,1,0,6,0,0,0,6,0,1,0,0,1,0,6,1,0,1,0,0,0,0,0,0,0,0,0,1,0,0,4,0,2,0,4,0,2,2,0,9,0,1,1,0,0,4,0,0,0,2,0,3,0,19,3,0,2,3,9,4,1,0,0,0,2,2,0,0,2,2,0,3,1,1,0,0,0,0,0,1,2,0,0,0,0,1,0,0,0,0,0,11,0,0,0,1,1,0,2,0,0,1,1,0,1,1,1,1,0,3,0,1,0,1,0,1,0,1,2,0,1,0,0,0,0,0,1,0,0,0,0,1,4,0,0,1,0,0,1,2,2,0,1,0,0,0,0,0,0,0,1,0,2,0,1,1,1,0,1,0,0,2,0,0,0,0,3,0,0,0,0,0,0,0,0,0,0,0,0,0,0,1,0,0,0,0,0,0,0,0,0,0,1,2,0,2,0,0,0,3,0,2,0,0,0,6,0,1,2,0,0,0,3,0,0,1,0,1,0,0,1,0,0,0,3,0,0,0,0,0,1,1,2,0,0,0,1,0,1,0,1,2,0,0,3,0,0,1,0,1,0,0,15,10,0,0,0,0,0,0,2,1,0,0,0,0,1,5,0,0,0,0,1,1,0,0,0,0,0,1,0,0,1,0,1,0,0,0,1,0,0,1,0,0,0,0,1,1,4,0,0,0,0,0,1,0,1,2,1,0,0,0,0,1,0,1,1,0,0,4,1,0,1,1,1,0,2,0,0,0,0,0,0,0,0,0,0,0,1,0,3,0,0,0,0,1,0,2,0,2,1,0,0,0,0,0,1,0,0,1,0,0,1,0,0,0,2,0,1,0,0,0,0,0,0,0
parvus_tua_res_agitur_I.txt_chunk1,parvus,1,0,0,0,0,0,10,0,2,2,1,38,0,0,0,2,0,0,0,0,1,0,0,1,0,0,2,0,2,0,0,0,0,1,2,0,2,1,1,0,1,1,0,3,0,1,2,0,4,1,0,1,5,1,0,1,32,2,9,0,3,1,6,7,0,9,0,1,2,2,0,0,1,1,0,2,4,0,0,0,0,1,0,0,1,2,0,0,0,11,3,0,22,0,0,0,0,0,0,3,0,0,0,0,13,0,1,5,1,0,1,0,0,0,0,8,1,12,0,2,0,0,1,2,6,2,0,2,0,2,0,6,0,0,0,0,0,0,3,0,0,3,0,3,1,0,0,0,0,0,2,1,0,0,4,0,0,1,1,0,2,3,1,6,2,1,2,0,0,0,0,0,1,0,1,3,1,16,2,0,4,0,4,4,1,4,1,0,0,2,0,0,0,0,0,1,0,0,0,0,0,0,0,1,2,2,2,0,0,0,0,0,0,0,0,1,0,1,0,1,0,0,0,1,0,0,0,1,0,0,0,0,0,0,0,1,1,1,2,1,1,0,0,0,1,0,0,0,0,0,0,0,2,0,0,0,1,0,0,0,1,1,0,3,2,0,0,0,0,0,0,0,1,0,3,0,0,0,0,0,0,0,0,1,0,0,1,0,0,0,1,0,1,1,0,0,0,0,0,0,0,0,0,1,0,0,0,0,0,0,0,0,1,6,0,2,0,1,1,2,0,0,0,0,0,0,0,0,0,3,0,2,2,0,0,1,0,1,0,1,0,0,0,0,0,0,1,0,0,0,0,0,0,0,0,1,0,0,0,0,2,0,0,1,0,0,0,0,0,0,0,2,0,1,1,0,2,1,0,0,0,0,0,0,0,1,1,0,0,0,0,0,2,0,1,0,1,1,0,0,0,0,0,0,0,1,0,0,0,1,0,0,1,0,0,0,0,0,0,1,0,1,3,0,0,0,0,0,0,0,1,2,0,0,0,0,0,0,0,0,0,0,1,2,1,1,2,0,0,0,0,0,0,0,0,0,0,1,0,0,0,0,0,0,1,0,0,0,0,0,0,0,0,1,0,0,1,0,0,1,0,0,1,0,0,0,0,0,0,0,0,0,0,0,1,0,0,0,0,0
parvus_v_chem_my_rashodimsya_otvet_leninu.txt_chunk1,parvus,4,0,0,2,1,4,2,1,2,5,2,34,2,0,0,4,3,1,0,0,1,0,3,8,0,0,0,0,0,3,0,1,0,1,0,0,2,1,0,1,4,1,1,2,1,1,6,2,6,3,1,0,5,0,0,2,40,0,2,2,0,2,3,5,0,2,0,4,2,0,0,0,0,0,0,2,1,0,0,0,2,0,5,0,0,0,0,0,0,11,0,0,19,1,1,0,1,0,3,0,0,0,1,1,12,0,4,0,1,0,0,0,0,1,0,3,0,3,0,0,0,0,1,2,10,1,0,1,0,1,0,6,1,4,0,2,2,1,2,2,1,0,0,1,2,1,0,3,1,0,0,0,0,0,3,1,0,2,1,0,4,2,0,6,1,1,1,0,0,3,5,0,0,0,0,3,2,11,2,0,0,1,16,2,0,2,0,0,7,0,0,1,0,0,0,5,0,0,1,0,0,1,0,0,4,0,0,0,0,2,0,0,0,1,0,0,0,0,0,0,0,0,0,1,0,0,0,0,1,0,0,1,0,8,4,1,1,0,0,2,0,0,1,1,1,1,0,0,0,0,1,0,0,0,0,0,2,0,0,0,0,0,2,1,4,1,0,0,0,0,0,1,1,1,2,0,2,1,1,1,0,0,2,0,0,0,0,1,0,0,4,0,0,0,0,0,0,0,1,0,0,0,0,0,0,1,0,0,0,0,2,3,1,2,1,1,0,0,0,2,0,0,0,1,0,1,0,0,0,0,0,0,1,0,0,0,0,0,0,2,0,1,0,0,1,0,0,0,0,0,0,0,0,0,1,0,0,0,0,0,2,0,0,0,0,0,0,1,0,0,0,0,0,2,1,2,14,4,0,0,1,0,0,0,0,0,0,0,0,0,0,5,1,1,0,0,0,0,0,0,0,0,0,0,1,0,1,0,1,0,0,1,1,0,0,2,0,0,1,0,2,0,0,1,0,0,0,0,0,0,1,4,0,0,0,0,0,0,0,0,0,0,0,1,0,0,2,1,2,2,1,0,0,0,0,1,1,2,0,0,0,1,0,3,0,0,0,0,0,2,0,0,2,1,0,0,3,0,0,1,1,0,0,0,0,5,0,1,2,1,5,0,0,0,0,0,0,0,0,0
parvus_v_chem_my_rashodimsya_otvet_leninu.txt_chunk3,parvus,5,0,0,0,4,2,7,1,1,2,1,24,0,0,1,2,0,0,1,0,0,0,1,5,1,0,2,1,2,0,0,1,0,2,1,0,2,0,0,0,2,1,0,3,2,1,7,0,0,5,0,0,4,0,0,1,29,0,2,4,2,0,7,9,1,6,0,0,0,1,0,1,1,0,1,0,0,0,0,0,3,0,1,0,0,1,1,0,0,23,0,0,30,1,0,0,2,0,1,5,0,0,2,0,6,0,0,2,1,0,0,0,0,0,0,1,1,18,1,12,0,0,0,2,7,1,0,1,0,0,0,9,0,0,1,1,3,0,1,0,0,2,2,2,2,3,2,0,0,0,0,2,0,0,2,1,0,0,1,0,9,1,1,8,2,0,0,1,1,2,0,0,0,0,0,3,0,15,4,0,1,5,5,1,1,1,2,0,14,0,1,0,1,0,1,1,1,0,0,1,0,0,0,1,4,0,0,0,0,0,1,0,0,0,0,3,1,0,2,1,4,0,0,0,0,0,0,0,0,0,0,0,0,7,0,0,0,0,1,3,0,0,0,1,0,1,0,0,0,0,0,0,0,0,0,0,0,0,0,0,2,0,0,1,5,0,0,0,1,0,0,1,0,0,3,0,0,0,1,0,0,0,1,1,1,2,0,1,0,1,2,0,1,0,0,0,0,0,0,1,0,1,0,3,1,2,1,1,0,0,2,1,1,0,0,0,2,1,0,1,1,3,0,1,0,0,0,0,0,2,0,0,1,0,0,1,0,0,0,0,0,1,0,1,0,0,1,0,0,0,0,0,0,0,1,0,0,0,0,1,0,0,0,0,1,0,0,0,0,0,1,0,1,0,0,2,11,0,1,0,1,0,0,0,2,0,0,0,0,0,0,1,1,0,0,0,0,0,0,0,0,0,0,0,1,0,3,0,2,0,0,0,0,0,1,0,1,0,1,0,0,1,0,1,0,0,0,0,0,0,0,5,2,0,1,0,1,0,0,0,0,0,0,2,3,1,2,0,0,0,0,0,0,1,2,0,1,0,0,0,0,0,0,0,0,0,1,0,0,1,0,4,0,2,1,0,1,0,0,0,0,0,0,0,2,3,0,0,1,1,2,1,0,0,0,0,0,0,0,0
parvus_v_chem_my_rashodimsya_otvet_leninu.txt_chunk4,parvus,11,0,1,0,2,1,2,1,0,7,2,31,0,0,4,4,0,1,0,0,2,0,4,4,1,1,1,0,0,1,0,0,0,3,1,0,3,0,1,0,5,0,0,10,0,2,2,0,6,5,0,0,2,0,2,2,36,0,6,2,2,2,6,8,0,5,1,6,0,0,1,0,2,1,0,0,1,2,0,2,1,1,0,0,0,2,1,0,0,18,0,1,20,2,0,0,0,0,1,3,0,1,0,0,8,0,2,1,0,1,0,0,0,0,1,13,0,6,2,4,0,1,1,1,6,0,0,3,1,1,0,16,0,0,1,0,5,0,4,0,0,2,1,0,1,1,0,0,0,0,0,0,0,0,0,3,1,0,3,0,9,2,1,6,2,2,2,0,0,2,0,0,0,0,0,1,0,22,3,0,1,1,7,1,2,0,1,0,7,0,0,0,0,0,0,1,0,0,0,0,0,0,0,0,0,1,0,0,0,0,0,0,0,1,1,1,4,3,1,0,1,1,2,0,1,0,1,0,0,0,0,0,0,1,0,0,0,0,0,1,0,0,0,1,1,1,0,0,0,0,0,0,0,0,2,1,0,3,2,0,0,2,1,2,6,1,0,0,2,0,0,0,0,1,2,0,0,0,0,1,0,1,0,1,2,3,0,1,0,0,1,0,0,0,0,0,0,0,1,0,0,2,0,0,0,0,1,2,1,0,0,1,2,0,0,0,1,1,0,1,1,0,1,7,0,0,0,0,0,1,0,0,1,0,3,0,0,0,0,0,0,1,0,1,0,0,0,0,1,1,1,0,1,0,0,0,0,0,0,0,0,1,0,0,2,0,0,0,0,0,0,0,1,0,0,0,10,3,0,0,0,2,2,0,0,0,2,0,0,1,0,1,0,0,0,0,0,0,0,0,3,0,0,0,0,0,1,0,0,0,2,0,0,0,1,0,0,0,1,0,0,0,0,0,0,0,1,1,1,2,0,2,1,0,1,0,0,0,0,0,0,1,0,1,1,0,1,3,0,1,0,0,0,1,0,0,0,1,0,0,0,1,0,0,1,2,0,2,0,0,0,0,0,0,1,0,2,0,0,0,1,0,2,0,0,8,1,0,1,0,1,0,1,0,0,0,0,0,0,0
parvus_v_chem_my_rashodimsya_otvet_leninu.txt_chunk6,parvus,11,0,2,1,4,1,2,0,0,0,2,26,0,0,0,3,2,0,0,0,1,0,2,3,1,3,2,1,0,0,0,0,0,2,1,0,9,1,1,0,1,2,0,6,1,1,2,1,5,3,2,1,2,0,0,1,43,0,4,9,0,0,5,6,0,5,0,2,1,2,0,0,0,0,0,0,1,1,0,0,2,0,1,1,0,1,1,0,0,10,1,0,20,1,1,0,0,0,1,2,0,0,1,1,9,0,0,5,0,0,0,0,3,0,1,7,1,6,1,0,0,2,0,1,2,1,0,1,0,1,1,15,1,0,0,1,0,0,4,0,0,1,1,1,0,2,2,0,1,0,0,0,0,0,1,1,0,1,2,0,5,1,2,4,4,1,0,0,0,0,1,1,0,1,0,2,0,15,3,1,1,2,6,0,1,1,0,0,7,0,0,1,1,0,1,0,0,0,0,1,0,0,1,0,1,0,0,0,0,0,0,0,1,0,0,1,2,4,0,0,0,1,1,1,0,0,0,0,1,0,0,1,0,1,1,0,0,0,3,2,0,1,0,1,0,2,1,0,0,0,1,0,0,0,0,0,0,0,0,0,1,1,0,1,5,0,0,0,0,0,0,1,0,0,1,0,1,0,0,1,1,0,1,0,4,8,0,0,1,2,1,0,0,1,0,2,0,0,0,0,0,0,0,3,0,1,0,0,0,0,3,3,2,0,0,0,1,0,0,1,3,0,0,3,0,2,2,0,0,0,1,0,0,0,1,1,1,0,0,0,0,0,0,0,1,0,0,0,0,0,0,0,0,0,0,0,1,0,0,0,0,0,0,0,1,1,0,1,0,0,0,1,0,0,2,1,6,2,0,0,1,1,0,0,0,0,0,0,0,1,0,2,0,0,0,0,0,0,0,2,0,0,0,0,0,0,0,0,0,0,7,0,0,0,1,0,0,0,0,1,0,0,0,2,0,0,0,0,1,0,0,7,0,0,0,0,0,0,0,0,0,0,0,0,0,1,2,7,0,1,1,1,0,0,0,0,3,5,0,0,0,1,0,0,0,0,1,2,0,0,0,1,2,1,1,0,1,0,0,0,0,0,0,0,1,7,3,0,4,1,0,0,1,0,0,1,0,0,0,0
parvus_v_chem_my_rashodimsya_otvet_leninu.txt_chunk8,parvus,6,0,0,2,0,0,1,2,1,2,1,40,0,1,2,1,0,0,1,1,1,1,2,8,1,1,0,0,1,0,0,0,0,2,0,0,7,0,2,0,1,0,0,3,3,2,4,0,3,3,0,0,3,0,0,0,34,0,5,1,3,0,3,10,0,7,0,4,2,0,0,2,2,0,0,2,0,0,1,1,0,0,5,0,0,3,1,0,0,16,1,2,12,2,0,0,0,0,3,0,0,1,0,0,5,0,2,3,0,0,0,0,1,1,1,5,0,3,9,3,0,0,0,2,3,0,0,1,0,4,0,5,1,0,0,1,1,0,0,1,1,1,1,1,0,0,0,0,1,1,0,0,0,0,3,0,0,0,1,0,7,2,0,4,5,2,3,2,0,1,0,0,0,1,0,2,0,19,11,0,0,0,10,4,3,0,0,0,11,0,1,0,1,0,0,1,1,1,1,0,0,0,0,0,0,0,0,0,0,0,0,0,1,0,0,0,1,1,1,0,0,1,1,1,0,0,0,0,0,1,0,0,0,5,0,1,1,0,1,1,0,0,1,2,5,1,2,0,0,2,1,0,0,0,0,1,0,0,1,0,2,2,0,1,7,0,0,4,2,0,1,0,0,0,8,1,1,0,0,0,0,0,1,2,4,4,0,2,0,2,1,0,1,0,0,0,0,0,0,2,0,0,0,2,0,1,0,0,0,0,6,0,2,0,0,2,2,1,2,1,0,0,1,1,0,3,0,0,0,0,0,0,0,2,0,0,0,0,0,1,0,0,0,0,0,0,0,0,0,0,0,0,0,0,0,0,0,0,0,2,0,0,0,0,0,1,0,0,0,0,0,0,0,1,1,0,1,0,0,0,0,1,2,0,0,0,0,1,0,2,0,4,0,0,1,1,0,0,0,0,1,0,0,0,0,1,0,3,1,0,1,1,0,0,0,0,0,0,0,0,2,0,0,0,0,0,0,1,0,0,1,3,0,0,1,0,0,0,0,0,2,0,0,0,0,1,0,4,2,0,0,0,0,0,0,0,1,0,1,0,0,0,0,1,0,0,1,3,0,3,0,1,0,0,5,0,2,0,0,0,1,0,0,0,2,1,1,0,1,3,0,0,2,0,0,0,0,0,0,0
parvus_virIII_9_mes_voyny_I.txt_chunk3,parvus,5,0,1,1,8,3,5,0,0,0,1,25,0,0,1,3,0,0,0,0,0,1,1,6,0,3,3,1,0,0,0,0,2,0,2,0,2,1,1,0,1,1,0,3,6,1,3,0,4,6,0,0,4,1,0,0,34,0,3,0,2,0,2,11,0,4,0,0,5,0,0,0,2,0,0,0,0,0,1,1,0,1,0,0,0,3,6,0,0,17,0,0,16,0,1,0,0,0,0,0,0,0,0,0,6,0,0,1,1,1,0,0,1,0,0,3,6,2,0,7,0,0,1,2,7,0,0,8,0,1,0,8,1,0,0,0,1,2,2,0,0,0,0,1,0,0,1,0,0,0,0,0,0,0,2,0,0,0,6,0,4,1,0,8,0,3,0,0,1,4,0,0,0,2,0,4,0,9,4,0,0,1,12,2,0,4,0,1,0,0,0,0,0,0,0,7,0,0,0,1,1,0,0,1,1,0,0,2,0,0,0,0,0,0,0,1,0,0,0,2,0,0,0,0,1,1,0,0,0,0,0,1,0,4,0,0,0,0,7,0,0,0,0,0,0,0,0,0,0,0,0,0,0,1,0,2,0,0,1,0,0,0,3,1,0,1,0,0,0,0,0,0,0,1,0,0,1,0,2,4,1,0,0,0,1,0,0,2,0,0,1,0,0,0,0,0,0,0,1,0,0,0,2,0,0,0,0,0,0,0,0,0,2,0,1,2,0,1,2,1,0,0,0,5,0,1,0,0,0,1,0,0,0,0,2,0,0,0,1,0,0,0,0,0,1,0,0,0,0,1,0,0,0,0,0,2,0,0,0,0,3,0,0,0,0,1,2,0,0,0,1,5,1,1,0,1,0,0,1,0,1,1,0,0,0,0,2,0,0,0,1,0,0,1,0,0,0,3,0,0,3,1,0,0,0,0,0,0,1,0,0,0,0,1,0,2,0,0,0,0,0,0,4,0,0,0,0,0,0,0,1,1,0,0,0,0,0,0,0,1,0,1,0,4,0,0,0,0,0,0,0,0,6,0,0,0,0,0,0,0,0,2,0,0,1,0,0,0,0,0,1,0,0,0,0,0,0,0,0,0,1,1,0,0,0,0,0,2,0,0,1,0,0,0,0,0,0,0,0,0
parvus_virII_padenie_samoderzhaviya_I.txt_chunk2,parvus,5,0,0,0,0,0,13,1,2,5,2,36,0,1,0,1,1,0,0,0,1,0,0,2,0,0,1,0,1,0,0,1,1,2,0,0,4,0,0,1,0,0,0,4,1,1,2,0,3,5,0,1,4,0,0,1,31,1,3,0,0,0,1,6,0,5,0,0,1,1,0,0,0,0,0,0,0,0,0,8,0,1,0,0,0,3,0,0,0,21,2,0,18,1,1,0,0,1,0,0,0,0,0,0,5,0,0,5,0,0,0,0,0,0,0,2,2,0,0,7,1,1,2,2,7,1,0,3,0,0,0,9,0,1,1,1,0,0,1,0,1,0,4,1,1,1,0,0,1,0,5,4,0,0,2,1,0,0,0,0,4,2,0,4,5,3,0,1,0,2,0,1,0,0,0,2,0,10,7,2,1,1,5,1,3,0,0,0,1,2,0,0,0,0,0,1,1,0,0,0,0,0,0,0,1,0,0,0,0,0,0,0,0,1,0,0,0,0,1,1,1,0,0,0,1,0,0,0,1,0,0,0,0,2,0,0,0,0,2,1,0,0,0,0,0,1,0,0,0,0,0,0,0,0,1,0,0,0,0,0,0,0,0,3,1,3,1,0,0,0,0,0,0,5,0,0,1,0,0,1,2,0,0,0,1,0,0,0,0,1,4,0,0,0,0,0,0,0,0,1,0,0,1,1,0,0,0,1,0,0,0,0,7,0,3,3,5,1,2,3,2,0,2,3,0,2,0,0,0,0,0,0,2,0,0,0,1,0,0,0,0,0,0,1,0,0,0,0,3,0,0,1,0,0,0,2,0,0,0,0,1,0,1,0,0,2,0,1,0,0,0,1,0,0,0,2,0,0,0,0,0,0,0,0,0,0,0,0,0,1,0,0,0,0,0,0,0,1,0,0,0,0,0,0,0,1,0,0,0,1,0,1,0,0,0,1,0,0,0,0,1,0,4,0,0,1,1,0,0,1,0,0,0,0,0,0,0,1,0,0,0,0,1,1,0,0,1,0,1,0,0,0,2,1,0,0,0,0,0,0,0,1,3,0,0,0,0,0,0,1,0,0,0,0,0,0,1,0,0,0,0,0,0,0,0,0,0,0,0,0,0,0,0,0,0,0,0,0,0,0
parvus_virII_padenie_samoderzhaviya_I.txt_chunk4,parvus,5,0,1,0,2,0,2,0,0,2,2,27,0,0,0,3,0,0,0,0,2,0,3,5,0,1,1,0,0,0,0,0,0,0,0,0,4,2,0,0,0,2,0,6,2,1,1,0,10,4,0,0,3,0,0,0,32,1,4,3,0,0,0,8,0,6,0,4,2,1,0,0,1,0,1,0,0,0,0,1,0,0,0,1,0,4,1,0,0,17,0,0,14,2,0,0,0,0,2,0,0,0,1,0,11,0,0,5,0,0,0,0,0,0,0,1,3,2,0,4,0,0,1,1,2,3,0,3,0,1,0,13,0,0,0,0,0,0,0,0,0,0,0,0,1,0,1,0,1,0,2,2,0,0,2,0,0,0,3,0,4,2,0,6,0,0,0,1,2,0,0,0,0,0,0,2,0,6,3,0,0,1,8,3,0,0,0,1,1,1,0,1,0,0,0,4,0,0,0,0,0,0,0,0,0,0,0,0,0,0,0,0,0,0,0,0,1,0,0,1,0,1,0,1,1,0,0,0,0,0,0,1,0,7,0,0,1,1,0,0,1,0,0,0,0,0,0,0,0,0,0,3,0,2,0,0,0,0,0,0,0,0,1,0,0,1,0,0,0,0,0,1,0,0,0,0,0,0,0,0,0,0,0,0,0,0,0,1,0,0,2,0,0,0,0,0,0,0,0,0,0,0,0,0,0,1,0,0,0,0,0,0,9,2,1,0,3,1,0,0,2,0,0,2,0,2,0,0,0,3,0,2,1,0,0,0,0,0,0,0,0,0,0,2,0,0,0,0,2,1,0,0,0,0,0,0,0,0,0,1,0,2,0,0,0,1,0,0,0,1,0,0,0,2,0,0,0,0,0,0,0,1,0,1,0,0,0,0,0,0,0,0,0,0,0,1,0,1,3,0,0,0,0,0,0,1,1,0,0,0,0,0,2,0,0,1,2,0,1,0,2,0,3,0,0,0,2,0,0,1,0,0,0,0,0,0,1,1,0,0,1,0,1,5,0,0,0,0,0,0,0,0,2,0,0,0,0,0,0,0,0,0,1,0,0,0,0,0,0,0,0,0,0,1,0,0,0,0,0,0,1,0,0,0,0,0,0,0,0,0,0,0,0,0,1,0,0,0,0,0
parvus_virIV_samoderzh_i_reformy_I.txt_chunk1,parvus,6,0,0,4,3,1,10,0,1,3,2,26,1,0,0,2,1,0,0,0,1,0,1,7,0,1,2,1,0,0,0,0,1,0,0,0,7,0,1,3,1,0,0,4,2,4,4,1,3,3,2,0,2,0,3,0,30,1,0,1,1,0,1,5,0,1,0,3,1,0,0,0,1,1,0,0,0,0,0,0,0,1,0,0,1,7,2,0,0,18,2,0,26,0,0,1,0,0,1,1,0,0,1,1,11,0,5,2,2,3,1,1,2,0,0,0,0,3,0,3,1,0,0,3,9,2,0,0,0,0,0,9,0,0,0,0,0,0,3,2,1,1,1,2,3,1,0,0,0,0,0,0,0,0,3,0,1,0,4,0,6,2,0,5,1,0,0,0,1,1,0,0,0,0,0,1,0,14,6,1,1,1,5,2,2,2,0,0,0,0,0,0,0,1,1,4,0,5,0,4,0,0,1,0,0,0,0,0,0,0,0,1,0,0,1,30,1,3,2,3,1,3,0,0,0,0,0,0,0,0,0,2,0,3,0,0,0,1,0,0,0,0,0,0,0,0,0,0,0,0,2,0,0,0,0,2,0,0,0,0,0,0,1,2,1,0,0,0,0,1,0,1,0,2,0,0,1,0,0,0,1,1,0,1,1,0,0,3,0,0,3,0,0,0,0,1,1,0,0,1,0,0,1,1,0,0,1,0,0,0,0,1,0,1,1,1,1,0,2,2,2,0,0,1,0,2,1,0,0,0,0,0,0,0,0,0,0,0,0,0,2,0,0,1,0,0,0,1,0,1,0,0,0,0,0,2,0,0,0,0,1,0,0,0,2,0,1,0,0,0,0,1,0,0,0,1,0,0,0,0,0,3,0,0,0,1,0,1,0,0,1,0,0,0,0,0,0,0,0,2,0,0,0,0,0,0,0,0,2,0,0,1,1,0,0,1,0,0,0,1,0,0,14,0,0,0,0,0,0,0,0,6,0,3,0,0,0,0,0,1,0,0,2,3,1,0,0,1,0,0,0,0,1,0,0,0,0,0,0,0,0,0,1,0,0,0,0,0,0,0,0,1,0,0,0,0,2,0,0,2,1,0,0,0,0,0,0,0,0,0,2,0,0,0,0,0,0,0,0,0
parvus_virIV_samoderzh_i_reformy_I.txt_chunk3,parvus,9,0,0,1,1,1,7,0,0,3,0,21,1,3,0,0,0,0,0,0,2,1,0,6,0,1,1,0,0,0,0,0,2,3,0,0,1,1,0,0,1,0,0,3,3,1,5,0,5,2,1,0,7,0,1,0,31,0,3,1,2,1,6,7,0,5,2,0,0,3,0,1,5,3,0,1,0,0,0,1,0,0,0,0,0,0,2,0,2,14,0,0,10,1,3,0,0,0,1,1,2,0,2,0,7,0,0,2,0,4,0,0,0,0,0,2,7,3,0,3,0,0,0,1,5,3,0,5,1,0,0,7,0,1,0,3,1,1,0,0,3,0,1,1,3,1,1,0,1,1,1,3,0,0,1,1,5,0,2,0,2,0,1,3,1,1,2,0,1,0,0,0,2,0,0,1,0,10,2,3,1,0,6,1,0,0,0,0,1,0,0,1,0,2,0,1,0,0,0,0,1,4,0,0,3,0,1,0,0,0,1,0,0,1,0,3,0,2,0,0,0,1,0,0,0,0,0,0,0,0,2,1,0,2,1,0,2,0,2,0,0,0,0,0,1,0,0,2,0,0,2,0,1,0,0,0,0,0,0,0,1,0,0,1,7,1,0,0,0,7,0,1,1,2,1,1,0,0,0,0,2,0,1,1,2,1,1,1,0,1,0,0,0,0,0,0,1,0,1,0,1,0,0,2,0,0,0,2,0,0,3,1,7,0,0,0,3,0,1,0,1,0,0,0,0,0,0,0,0,1,0,1,3,0,0,0,0,0,0,0,0,0,0,0,0,0,0,0,0,0,0,1,0,0,0,0,2,0,0,0,0,0,1,1,0,2,1,1,1,0,0,0,1,2,0,1,2,0,0,0,1,0,0,2,0,0,0,0,0,0,0,2,0,1,0,3,0,0,0,0,0,1,0,0,0,0,0,0,0,1,1,0,1,0,1,0,0,0,0,1,0,0,5,0,0,1,0,0,0,0,5,4,0,0,0,1,0,0,0,0,0,0,0,3,0,0,3,0,0,0,0,0,5,0,0,1,0,0,0,0,0,0,0,0,1,0,0,1,0,1,0,2,1,0,3,0,3,0,0,0,4,0,0,0,0,0,0,1,0,0,0,0,0,0,0,0,0,0,0,0
parvus_virI_kapitalizm_i_voyna_I.txt_chunk3,parvus,4,0,4,2,0,0,0,3,0,1,1,36,0,1,1,0,0,0,0,0,1,1,4,2,1,2,0,1,0,0,0,0,3,0,1,0,5,0,0,0,2,2,0,2,10,0,0,0,2,7,0,1,3,1,0,0,42,1,1,1,0,0,0,16,0,8,0,2,1,1,0,1,2,0,1,1,1,0,0,5,0,0,0,0,0,1,0,0,0,13,0,0,6,1,0,0,0,0,0,0,1,0,0,0,8,0,1,3,0,3,0,0,1,0,0,1,9,1,0,3,1,0,0,1,4,0,1,0,0,0,1,11,0,1,0,0,1,0,3,0,5,0,0,5,7,4,1,0,0,0,1,0,0,1,3,3,1,1,1,0,5,2,0,4,1,2,0,0,0,0,0,0,0,0,0,3,0,4,5,1,1,2,4,1,0,1,0,1,1,0,0,0,0,0,0,1,0,1,0,0,0,2,0,0,0,0,0,0,0,0,0,0,0,0,0,0,0,2,0,0,0,1,1,0,0,2,0,0,0,0,2,1,0,4,0,0,0,1,3,0,0,1,0,0,0,0,0,0,0,0,1,1,0,1,0,0,0,0,0,0,0,0,1,2,2,0,0,0,0,1,0,1,0,1,1,0,1,0,1,0,1,0,0,0,2,0,0,0,0,0,0,0,1,0,0,0,0,0,0,1,0,0,1,0,0,0,0,0,0,0,0,0,6,0,0,1,0,0,2,4,0,0,0,2,1,2,0,0,0,1,2,0,0,1,0,0,0,2,0,0,0,1,1,0,0,0,0,0,2,0,1,1,0,0,0,0,0,0,0,0,3,0,0,0,0,0,1,1,3,0,0,0,0,2,0,0,0,0,0,0,0,1,0,0,0,0,0,0,1,0,0,0,0,0,1,3,0,0,1,0,2,4,2,0,0,1,0,1,0,0,0,0,0,0,0,2,0,0,0,0,0,1,1,0,0,2,1,0,0,0,0,1,1,0,0,0,0,2,0,0,0,0,1,1,0,0,0,0,0,0,0,0,4,2,0,2,0,0,0,0,0,0,10,0,0,0,0,0,0,0,0,0,0,0,0,0,0,1,0,0,0,0,0,0,0,0,0,0,0,0,1,0,0,0,1,0,0,0,0,0
parvus_virI_kapitalizm_i_voyna_I.txt_chunk4,parvus,3,0,2,3,1,0,0,4,1,4,0,42,0,0,0,4,1,0,0,0,0,0,4,7,0,1,0,0,0,0,0,0,0,0,0,0,2,1,1,0,0,1,1,1,13,0,3,0,4,6,0,0,3,1,3,0,25,0,0,3,0,0,4,8,1,10,0,0,0,2,0,1,1,0,1,1,1,0,2,1,0,0,0,0,0,1,0,0,0,17,1,0,13,1,0,0,0,0,2,1,1,0,1,0,6,0,0,7,3,2,0,1,0,0,0,4,6,1,0,3,1,1,2,0,2,0,0,3,0,0,0,9,2,0,1,0,0,1,5,0,1,0,1,1,3,3,0,1,0,0,0,0,0,0,7,0,3,0,1,0,7,2,0,2,0,3,0,0,0,2,0,0,1,0,0,3,0,10,5,0,1,1,6,0,1,2,0,0,1,3,0,0,0,0,0,5,0,0,2,0,0,0,2,0,3,2,0,0,0,0,0,0,1,1,0,0,0,0,1,1,0,0,1,1,0,0,0,0,2,1,0,1,0,4,0,0,0,1,1,0,0,0,0,0,1,1,0,0,0,0,0,1,0,1,0,1,0,0,0,1,0,0,3,1,2,1,0,0,0,1,1,0,0,0,2,0,1,0,0,0,0,0,0,0,0,0,0,0,0,0,0,0,1,0,0,0,0,0,0,0,0,0,1,0,0,0,0,2,0,0,0,0,8,2,1,0,0,1,1,0,0,0,0,2,2,1,0,0,0,2,1,1,0,0,0,1,0,0,2,0,1,1,0,0,0,0,0,0,0,0,0,2,0,0,0,0,0,0,0,0,1,0,0,0,0,0,1,1,2,0,0,1,0,0,0,1,1,0,0,0,0,0,0,0,0,0,0,0,1,0,0,0,0,0,0,0,0,0,0,1,0,1,0,0,0,1,1,1,0,0,0,4,4,0,1,0,0,0,0,0,0,0,1,0,0,1,0,1,0,1,0,0,0,0,0,0,0,0,0,0,0,0,2,1,0,0,0,1,0,0,0,0,2,1,0,0,0,0,0,0,0,0,3,0,1,0,0,0,0,1,0,1,0,0,0,0,1,0,1,0,0,0,0,0,0,0,1,0,0,0,0,0,0,0,1,0,0,0,0,0
parvus_virI_kapitalizm_i_voyna_I.txt_chunk5,parvus,0,0,3.571428571428571,0,3.571428571428571,0,14.285714285714285,3.571428571428571,0,3.571428571428571,3.571428571428571,53.57142857142857,3.571428571428571,0,0,3.571428571428571,7.142857142857142,0,0,0,3.571428571428571,0,7.142857142857142,3.571428571428571,0,7.142857142857142,0,0,0,0,0,0,0,0,0,0,7.142857142857142,0,0,0,0,0,0,0,3.571428571428571,0,0,0,7.142857142857142,10.714285714285714,0,0,14.285714285714285,0,0,0,32.14285714285714,0,10.714285714285714,0,0,0,0,10.714285714285714,0,0,0,0,0,0,0,0,0,0,3.571428571428571,0,0,0,0,0,0,0,0,0,0,3.571428571428571,0,0,0,10.714285714285714,3.571428571428571,0,0,0,0,0,0,0,0,0,0,0,0,0,0,0,0,7.142857142857142,3.571428571428571,0,0,0,3.571428571428571,0,0,0,7.142857142857142,0,0,3.571428571428571,0,0,3.571428571428571,0,0,0,0,3.571428571428571,0,0,0,14.285714285714285,0,0,0,0,0,0,3.571428571428571,0,10.714285714285714,0,0,0,3.571428571428571,0,0,0,0,0,0,3.571428571428571,0,0,0,14.285714285714285,0,0,0,0,7.142857142857142,0,0,3.571428571428571,0,0,0,0,7.142857142857142,0,0,0,0,0,0,0,0,7.142857142857142,0,0,0,0,3.571428571428571,3.571428571428571,0,3.571428571428571,0,0,0,3.571428571428571,0,0,0,0,3.571428571428571,7.142857142857142,0,0,0,0,0,0,0,3.571428571428571,0,0,0,7.142857142857142,0,0,0,0,0,0,0,0,0,0,3.571428571428571,0,0,0,0,0,0,0,0,0,0,0,0,0,0,7.142857142857142,0,0,0,0,3.571428571428571,0,0,0,0,0,0,3.571428571428571,0,0,0,0,0,0,0,0,0,0,0,0,0,0,0,0,3.571428571428571,0,0,0,0,0,0,0,0,3.571428571428571,0,0,0,0,0,0,0,0,0,0,3.571428571428571,0,0,0,0,0,0,0,0,0,0,0,0,0,0,0,0,0,0,0,0,0,0,0,0,0,0,0,0,0,14.285714285714285,0,3.571428571428571,0,3.571428571428571,3.571428571428571,0,0,3.571428571428571,0,0,7.142857142857142,0,0,0,0,0,3.571428571428571,0,0,0,0,0,0,0,0,3.571428571428571,0,0,0,0,0,0,0,0,0,0,0,0,0,0,0,0,0,0,0,0,0,0,3.571428571428571,0,0,0,0,0,0,0,0,0,0,0,0,0,0,3.571428571428571,0,0,0,0,0,0,0,0,0,0,0,0,0,0,0,0,0,0,3.571428571428571,0,3.571428571428571,0,0,0,0,0,0,0,3.571428571428571,0,0,0,0,0,0,0,0,0,0,0,3.571428571428571,3.571428571428571,0,0,0,0,0,0,0,3.571428571428571,0,0,0,0,0,0,0,0,0,0,0,0,0,0,0,0,3.571428571428571,0,0,0,0,0,0,0,0,0,0,0,0,0,0,0,0,0,0,3.571428571428571,0,0,0,0,0,0,0,0,0,0,0,0,0,0,0,0,0,3.571428571428571,0,0,0,0,0,0,0,0,0,0,0,0,0,0,0,0,0,0,0
plehanov_cant_vs_kant.txt_chunk1,plehanov,3,0,0,0,0,0,6,0,1,2,0,33,2,1,0,1,0,0,0,0,2,0,1,3,4,1,0,1,1,2,0,0,0,0,0,0,2,0,1,1,3,0,0,9,4,2,7,1,2,6,2,0,2,0,0,0,34,0,1,1,0,0,6,8,0,8,0,2,0,0,1,0,2,0,0,1,1,4,2,0,0,1,0,2,0,3,2,1,1,10,0,0,19,4,0,1,0,1,6,0,3,0,1,1,6,0,0,7,2,1,0,2,0,0,0,10,1,2,0,3,0,0,3,0,5,0,0,1,0,1,0,7,0,1,0,0,1,1,3,3,0,1,0,2,2,0,0,0,0,0,0,0,0,1,7,0,0,1,1,1,10,1,1,3,1,1,0,1,1,3,0,0,0,0,0,1,1,16,0,1,0,0,5,2,3,7,0,1,0,0,0,1,0,0,0,1,0,1,0,0,0,4,0,0,0,0,1,0,1,0,1,0,0,0,0,0,0,2,4,1,0,1,0,0,0,0,0,0,0,0,2,0,1,1,0,0,1,0,1,0,22,0,0,0,1,0,0,0,0,0,0,0,1,0,1,0,0,0,0,0,1,0,0,0,3,0,0,0,0,0,0,0,0,0,1,0,1,0,4,0,0,0,0,0,0,0,0,0,0,0,1,0,0,0,0,0,0,0,0,0,0,0,1,0,0,1,0,0,2,0,0,0,0,0,0,0,0,0,0,1,0,0,0,4,0,0,0,0,0,1,0,0,0,0,5,0,1,1,1,0,0,0,0,1,1,0,0,0,3,0,1,0,2,0,0,0,0,0,0,0,0,0,0,0,1,3,0,0,2,0,1,2,0,0,2,0,8,0,3,0,0,0,0,0,0,0,1,0,1,0,0,0,1,1,1,0,0,0,0,0,0,0,0,0,0,0,0,2,0,0,0,1,0,1,0,1,0,0,0,0,0,0,0,0,0,0,0,0,0,0,0,0,1,0,0,0,0,1,0,0,0,0,0,0,0,0,0,2,0,0,0,0,0,0,0,0,0,0,0,0,0,0,0,1,0,0,0,0,5,0,1,0,0,1,0,0,0,0,0,0,0,0,0,0,0,0,1,0,0,0,0,0,0,0,1,0,3,0,0,0
plehanov_cant_vs_kant.txt_chunk2,plehanov,4,0,0,0,0,0,2,1,0,1,3,24,0,0,1,1,2,0,0,0,1,0,2,2,2,0,1,0,0,1,1,0,0,1,1,0,2,0,0,0,0,0,0,4,3,0,2,2,0,2,2,1,1,0,0,1,31,1,4,26,0,1,6,10,0,8,0,2,2,0,1,0,1,1,0,2,0,1,0,6,0,0,0,0,0,1,3,0,1,11,1,0,12,1,2,0,0,0,14,1,2,0,2,1,8,0,0,10,3,0,0,0,0,0,2,13,0,5,0,4,2,0,3,0,7,0,1,0,0,0,1,13,0,0,0,1,0,1,2,1,0,0,3,0,0,0,0,0,1,0,0,2,0,0,5,0,0,0,3,0,5,1,0,4,0,1,0,1,0,3,1,2,1,1,0,0,0,16,2,1,1,2,10,1,0,2,0,0,0,1,1,1,0,0,0,1,1,0,0,3,0,2,1,1,3,0,1,0,0,0,2,0,0,1,0,2,1,1,1,0,0,0,0,0,0,0,1,1,0,0,0,0,0,0,0,0,1,2,0,2,9,0,0,0,0,1,0,2,0,0,0,1,0,0,0,0,1,0,0,0,0,0,0,1,0,0,0,0,0,0,0,0,0,0,2,0,2,0,2,0,0,0,0,0,0,0,0,0,0,0,2,0,0,1,0,9,0,0,0,0,0,0,0,0,0,0,0,0,0,0,0,0,1,0,0,1,0,0,0,1,0,0,3,2,0,0,6,0,0,2,0,1,0,0,13,0,0,1,0,2,0,0,0,0,0,0,0,0,0,0,5,0,0,0,0,1,1,0,0,0,1,0,0,0,0,0,0,0,0,0,0,0,0,1,1,0,0,3,2,0,0,0,0,0,0,1,0,1,0,2,0,1,0,1,0,0,2,0,1,0,0,0,0,0,0,0,0,1,0,0,0,0,0,0,1,0,0,0,0,1,0,0,0,0,2,0,0,0,0,0,0,0,0,2,0,3,0,0,0,0,1,0,0,0,0,0,0,0,0,0,0,0,0,0,0,0,0,0,0,0,0,0,0,1,0,0,0,0,0,0,0,0,0,0,0,1,0,0,0,0,0,0,0,0,0,0,0,0,0,0,0,0,0,0,0,0,0,0,0,0
plehanov_cant_vs_kant.txt_chunk3,plehanov,8,0,2,0,0,0,5,1,0,3,1,41,2,0,0,0,0,0,0,0,0,0,0,1,1,2,0,0,0,2,0,0,0,0,2,0,3,1,0,0,0,0,0,15,2,5,2,2,1,5,0,0,1,0,3,0,35,0,7,5,1,1,3,8,0,8,0,0,3,0,1,0,2,1,0,1,0,2,1,0,0,0,0,0,1,1,2,1,1,12,0,1,15,3,1,2,1,0,0,4,2,1,0,0,14,0,0,3,0,0,0,0,0,1,2,8,3,5,0,3,0,1,3,0,4,0,0,1,0,1,0,6,0,1,2,0,0,2,5,0,1,0,1,1,0,0,0,0,0,1,0,2,0,1,5,0,0,0,0,1,6,4,0,3,4,0,2,0,1,1,0,1,0,1,0,1,0,20,4,1,1,0,4,4,1,3,0,2,1,3,0,0,1,0,1,6,2,0,0,2,0,0,0,0,3,0,0,0,0,0,3,0,0,1,1,2,2,0,1,1,0,3,0,0,0,0,1,1,0,1,0,1,0,2,0,2,0,0,0,1,13,1,0,0,0,2,0,0,0,0,1,0,0,0,2,0,1,0,0,0,0,0,1,2,0,0,0,0,0,0,0,0,3,0,0,1,0,0,2,0,0,0,0,0,0,0,0,0,0,0,3,0,0,0,0,2,0,0,0,0,0,0,0,0,0,1,0,2,0,0,0,0,0,0,0,0,0,0,1,1,0,0,1,3,0,0,1,1,0,2,0,1,0,0,0,0,0,1,0,1,0,0,0,1,0,0,0,0,0,0,1,0,1,1,0,1,0,0,0,0,2,0,0,0,1,0,0,1,0,0,0,3,0,2,0,0,1,0,1,0,0,0,0,0,0,0,1,0,5,0,2,1,1,0,1,0,0,0,0,0,0,1,0,0,1,0,0,0,1,0,0,0,2,0,0,0,0,0,0,0,0,1,0,0,0,0,0,0,2,0,0,0,0,0,0,0,0,0,0,0,0,0,0,0,0,1,0,0,0,1,0,0,0,0,0,0,0,0,0,0,0,1,0,1,0,0,0,0,2,0,0,0,1,0,0,0,0,0,0,0,0,0,0,0,0,0,0,0,0,0,0,0,0,0,0,0,4,0,0,0
plehanov_cant_vs_kant.txt_chunk9,plehanov,4.123711340206186,0,0,1.0309278350515465,0,0,2.061855670103093,0,2.061855670103093,0,1.0309278350515465,43.298969072164944,1.0309278350515465,0,0,2.061855670103093,4.123711340206186,0,0,0,0,0,3.092783505154639,4.123711340206186,0,0,0,0,1.0309278350515465,2.061855670103093,1.0309278350515465,1.0309278350515465,2.061855670103093,1.0309278350515465,0,0,3.092783505154639,1.0309278350515465,1.0309278350515465,0,1.0309278350515465,0,0,9.278350515463918,1.0309278350515465,0,4.123711340206186,0,2.061855670103093,5.154639175257732,0,1.0309278350515465,2.061855670103093,1.0309278350515465,1.0309278350515465,0,26.804123711340203,0,6.185567010309278,2.061855670103093,1.0309278350515465,0,4.123711340206186,5.154639175257732,0,6.185567010309278,0,1.0309278350515465,0,1.0309278350515465,0,0,0,1.0309278350515465,2.061855670103093,1.0309278350515465,1.0309278350515465,2.061855670103093,0,2.061855670103093,0,1.0309278350515465,0,1.0309278350515465,1.0309278350515465,2.061855670103093,0,0,1.0309278350515465,11.340206185567009,1.0309278350515465,0,20.61855670103093,2.061855670103093,1.0309278350515465,0,1.0309278350515465,0,2.061855670103093,0,1.0309278350515465,0,2.061855670103093,1.0309278350515465,8.247422680412372,0,0,7.216494845360825,0,3.092783505154639,0,1.0309278350515465,1.0309278350515465,1.0309278350515465,0,3.092783505154639,1.0309278350515465,1.0309278350515465,0,0,0,0,3.092783505154639,1.0309278350515465,6.185567010309278,0,0,1.0309278350515465,1.0309278350515465,1.0309278350515465,1.0309278350515465,8.247422680412372,1.0309278350515465,0,0,1.0309278350515465,0,0,2.061855670103093,1.0309278350515465,0,0,0,1.0309278350515465,1.0309278350515465,0,0,1.0309278350515465,1.0309278350515465,1.0309278350515465,0,0,0,0,2.061855670103093,0,1.0309278350515465,1.0309278350515465,1.0309278350515465,0,3.092783505154639,1.0309278350515465,2.061855670103093,4.123711340206186,5.154639175257732,0,2.061855670103093,0,0,3.092783505154639,2.061855670103093,0,0,1.0309278350515465,1.0309278350515465,2.061855670103093,0,22.680412371134018,3.092783505154639,2.061855670103093,0,2.061855670103093,3.092783505154639,3.092783505154639,2.061855670103093,2.061855670103093,1.0309278350515465,0,1.0309278350515465,0,1.0309278350515465,0,0,0,0,2.061855670103093,1.0309278350515465,0,1.0309278350515465,1.0309278350515465,0,0,0,2.061855670103093,4.123711340206186,0,1.0309278350515465,1.0309278350515465,0,1.0309278350515465,0,0,1.0309278350515465,0,1.0309278350515465,2.061855670103093,0,1.0309278350515465,0,1.0309278350515465,0,0,0,1.0309278350515465,0,0,1.0309278350515465,0,1.0309278350515465,1.0309278350515465,0,1.0309278350515465,0,2.061855670103093,0,0,1.0309278350515465,1.0309278350515465,1.0309278350515465,4.123711340206186,21.649484536082472,0,0,0,3.092783505154639,2.061855670103093,0,0,0,1.0309278350515465,1.0309278350515465,1.0309278350515465,1.0309278350515465,0,0,0,1.0309278350515465,0,1.0309278350515465,0,4.123711340206186,0,1.0309278350515465,0,1.0309278350515465,0,0,1.0309278350515465,1.0309278350515465,0,0,2.061855670103093,0,0,10.309278350515465,0,0,0,1.0309278350515465,1.0309278350515465,0,1.0309278350515465,0,0,0,1.0309278350515465,0,1.0309278350515465,0,0,1.0309278350515465,0,1.0309278350515465,3.092783505154639,0,1.0309278350515465,0,0,1.0309278350515465,1.0309278350515465,0,0,0,0,0,0,1.0309278350515465,0,0,0,0,1.0309278350515465,3.092783505154639,1.0309278350515465,0,1.0309278350515465,0,0,0,0,0,0,0,3.092783505154639,1.0309278350515465,0,0,1.0309278350515465,0,1.0309278350515465,0,0,0,0,0,1.0309278350515465,0,0,0,1.0309278350515465,1.0309278350515465,0,0,3.092783505154639,1.0309278350515465,0,0,0,1.0309278350515465,0,1.0309278350515465,0,0,0,0,0,0,0,0,1.0309278350515465,1.0309278350515465,1.0309278350515465,0,0,0,0,4.123711340206186,1.0309278350515465,0,0,1.0309278350515465,0,0,3.092783505154639,0,0,6.185567010309278,1.0309278350515465,1.0309278350515465,0,0,0,0,0,0,0,1.0309278350515465,2.061855670103093,0,0,0,0,0,2.061855670103093,0,0,0,0,0,1.0309278350515465,1.0309278350515465,1.0309278350515465,0,0,0,0,0,1.0309278350515465,0,1.0309278350515465,0,1.0309278350515465,0,1.0309278350515465,0,0,1.0309278350515465,1.0309278350515465,0,0,1.0309278350515465,0,0,0,2.061855670103093,2.061855670103093,0,0,0,0,0,0,0,0,0,0,1.0309278350515465,0,0,0,0,1.0309278350515465,0,0,0,0,0,0,1.0309278350515465,0,2.061855670103093,0,0,0,0,0,0,0,0,0,0,0,0,1.0309278350515465,0,0,0,0,1.0309278350515465,0,1.0309278350515465,0,0,0,0,1.0309278350515465,0,1.0309278350515465,0,0,0,0,0,0,1.0309278350515465,0,1.0309278350515465,0,0,0,0,0,0,0,0,0,0,0,0,0
plehanov_grustnoe_nedorazumenie_I.txt_chunk2,plehanov,8,0,2,0,1,0,10,1,1,3,2,24,0,0,0,2,3,2,0,0,2,1,2,1,0,2,4,2,1,1,0,0,0,1,0,0,1,1,0,0,1,0,0,3,0,1,8,1,5,1,0,0,1,0,0,1,27,0,2,6,2,3,9,7,0,4,0,2,1,0,2,0,4,2,1,0,0,1,0,1,4,1,4,1,1,0,2,3,0,8,0,0,23,4,1,0,2,0,3,2,2,2,1,1,7,0,0,6,0,1,0,2,0,0,0,9,0,4,1,6,0,0,5,0,8,1,0,1,0,3,0,16,0,0,0,0,0,0,0,0,0,1,1,0,2,4,0,1,0,0,0,1,0,0,5,0,1,1,5,1,7,3,2,3,3,0,2,0,2,4,0,0,0,1,1,2,0,18,0,0,2,0,10,0,0,2,1,0,13,0,0,0,2,0,0,3,0,1,1,1,0,0,0,1,3,0,0,0,1,0,0,0,1,2,0,0,0,1,2,1,0,0,0,0,0,2,0,2,0,1,1,1,1,2,0,3,0,1,0,1,0,0,1,0,0,2,0,0,0,0,1,0,2,0,0,0,2,4,3,0,1,0,2,1,2,0,0,0,0,0,0,0,2,0,0,0,0,0,2,0,0,0,0,1,0,0,0,0,0,1,2,1,0,0,0,1,0,0,0,0,0,0,0,0,0,1,0,0,0,0,1,0,0,0,0,0,0,0,0,0,0,0,1,3,0,0,1,0,0,0,0,0,0,0,3,0,0,0,0,1,0,0,1,1,1,0,2,0,1,0,1,0,1,3,0,0,1,0,0,1,0,0,0,1,1,0,0,0,0,0,0,0,0,1,2,0,4,2,1,0,0,0,0,0,0,0,0,1,0,0,1,0,0,1,0,0,1,0,1,0,0,0,0,2,0,0,0,0,0,0,1,0,0,0,0,0,0,0,0,0,0,0,0,0,0,0,0,0,0,0,0,0,1,0,1,0,0,0,0,0,0,1,0,0,0,0,0,0,0,2,0,0,0,0,0,0,0,0,0,0,0,1,0,0,0,0,0,0,0,0,0,0,0,1,0,0,0,0,0,1,0,0,0,0,0,0,0,0,0,0,0,0,0,0,0,0,0,0,0,0
plehanov_k_agrarnomu_voprosu_v_Rossii_NQ.txt_chunk2,plehanov,7,0,0,1,0,0,7,0,3,4,2,24,0,0,0,3,2,2,1,0,1,0,3,5,1,3,0,1,1,0,1,0,0,1,0,0,3,0,0,1,5,1,0,3,1,2,4,0,3,5,0,1,4,0,0,1,23,0,7,2,3,0,5,8,0,8,0,8,0,1,2,0,4,0,0,1,0,0,2,1,2,0,1,0,0,3,2,1,2,11,0,2,22,0,0,1,0,0,0,2,3,0,2,1,9,0,1,5,0,0,1,0,0,0,1,5,2,8,0,4,1,1,1,0,3,0,0,1,0,0,0,15,0,0,1,1,0,2,3,1,0,0,1,1,0,1,0,2,0,0,1,1,0,0,3,0,0,0,1,0,9,2,1,3,3,1,0,2,0,3,1,0,0,0,0,0,1,22,0,0,2,0,5,2,0,4,0,0,10,0,0,2,0,0,0,3,0,2,0,2,1,1,0,0,2,0,0,0,0,1,0,0,0,1,0,1,1,5,0,2,0,2,0,0,0,0,0,4,1,1,1,2,0,2,0,0,0,0,0,1,3,0,1,0,1,1,0,0,0,0,0,0,0,1,0,0,1,2,4,0,1,0,1,0,0,0,0,0,0,3,1,0,1,1,10,0,2,0,1,0,0,1,0,1,0,0,0,0,1,0,2,1,0,0,0,2,0,1,0,0,0,0,0,0,0,2,3,0,0,0,0,0,5,1,0,0,0,0,1,2,0,0,2,3,0,2,2,1,0,0,0,2,0,0,0,0,0,0,0,0,0,0,0,1,0,0,0,1,1,0,1,0,2,0,0,0,0,0,0,0,1,0,0,0,0,0,0,2,0,0,0,2,0,3,0,0,1,2,1,0,0,1,0,0,0,0,0,0,0,1,1,0,0,0,0,0,0,0,0,0,0,0,0,0,0,0,0,2,0,0,1,1,0,1,1,0,1,0,0,0,0,0,0,0,0,1,0,0,0,1,0,0,0,0,0,0,0,0,0,0,0,0,0,0,1,0,0,0,0,1,3,0,0,0,0,0,0,0,1,1,0,0,1,0,0,0,0,0,0,0,0,0,2,1,1,5,0,1,0,0,0,0,0,0,0,1,0,0,0,0,0,0,0,0,0,0,0,0,0,0
plehanov_k_agrarnomu_voprosu_v_Rossii_NQ.txt_chunk3,plehanov,11,0,1,0,3,1,3,0,2,3,2,26,0,0,0,1,4,1,1,1,3,0,3,3,1,1,0,0,1,2,0,0,1,1,0,1,8,3,1,0,2,2,0,6,3,2,1,1,1,8,1,0,1,0,0,0,20,1,3,10,2,0,3,6,0,9,0,1,0,0,2,0,1,0,0,0,0,0,0,1,1,0,0,1,0,2,0,0,1,17,1,2,32,1,0,0,2,1,0,1,0,0,2,1,12,1,2,12,0,1,0,0,0,0,1,3,2,3,0,0,0,0,0,0,2,0,0,0,0,1,1,3,0,0,0,1,1,0,1,0,0,0,1,0,2,3,0,1,0,4,1,1,0,0,0,1,0,0,3,0,10,2,2,5,7,1,3,0,0,0,0,0,0,0,0,2,0,26,1,2,3,2,12,2,0,0,1,0,15,2,0,2,0,0,0,0,0,1,0,3,0,0,1,0,2,0,0,1,0,0,0,0,0,0,0,0,0,2,0,1,0,0,0,0,0,0,1,2,0,1,0,0,0,3,0,1,0,0,2,0,0,1,0,0,0,1,0,1,0,2,0,0,1,0,0,0,0,0,0,1,2,1,0,0,0,0,0,1,0,0,2,0,0,0,6,0,1,0,1,0,0,0,0,0,0,0,0,0,0,0,1,0,0,1,0,1,2,0,1,0,3,0,0,0,0,2,1,0,0,0,0,0,0,0,0,0,0,0,0,2,0,1,1,2,0,2,7,0,0,0,1,1,0,0,1,0,0,0,0,3,0,0,0,0,0,0,0,1,0,2,0,0,0,0,0,1,0,0,1,0,1,0,0,0,0,1,0,0,0,0,0,0,0,5,0,0,2,0,0,0,0,0,0,0,0,0,0,0,0,0,0,8,0,0,0,2,0,0,1,0,0,1,3,0,0,2,0,4,0,0,1,0,2,1,0,0,0,0,0,0,0,0,0,1,0,0,1,0,0,0,0,0,1,0,0,0,0,0,0,0,0,0,0,0,0,1,0,0,0,1,1,0,0,1,0,0,1,1,2,17,0,0,0,0,0,0,1,0,0,0,1,0,0,2,0,0,0,0,0,0,0,0,2,0,1,0,1,0,0,0,0,0,0,0,0,0,0,0,0,0
plehanov_k_agrarnomu_voprosu_v_Rossii_NQ.txt_chunk4,plehanov,6,0,0,0,5,0,15,1,2,3,2,36,0,0,0,1,3,1,0,0,0,0,1,0,0,0,0,0,0,2,1,0,0,1,1,0,1,2,0,1,0,1,2,5,2,1,10,2,2,4,1,0,1,0,1,2,25,0,1,6,0,1,4,4,0,7,0,1,0,0,1,0,0,0,2,0,1,1,1,4,0,1,1,1,0,3,0,0,1,8,1,1,18,3,0,1,0,0,0,4,1,0,1,1,9,0,1,8,0,0,1,1,0,0,0,9,0,0,0,3,0,2,3,1,1,0,1,2,0,1,0,7,0,0,0,1,0,0,1,0,1,0,0,2,1,1,0,0,0,1,1,1,0,0,5,1,0,1,2,0,8,0,2,7,5,2,0,0,0,5,0,0,0,0,0,1,1,28,0,2,0,0,12,2,0,0,0,0,4,1,0,4,0,0,0,0,0,1,2,3,0,0,1,0,2,1,0,1,1,0,0,0,0,0,1,1,0,1,1,0,1,0,1,1,0,0,1,1,0,0,1,0,0,3,0,0,0,0,1,3,3,0,1,0,1,0,0,0,0,0,1,0,0,0,0,0,1,1,0,0,1,0,0,0,5,0,0,0,0,2,2,0,0,0,4,0,1,0,2,0,0,0,0,0,0,0,0,0,1,0,0,0,0,1,0,1,2,0,0,0,0,0,1,0,1,0,0,0,0,0,0,0,1,0,0,0,0,1,0,1,1,0,0,2,2,0,2,0,0,4,0,1,0,1,2,0,1,2,0,1,0,0,0,4,0,0,0,2,0,0,3,0,0,0,0,0,0,0,0,0,0,0,0,0,0,1,2,0,1,0,0,0,0,4,2,0,1,2,2,0,0,0,0,0,0,0,0,0,0,0,0,2,1,2,0,0,2,0,1,1,0,0,3,0,0,0,0,1,0,0,0,0,0,0,0,1,0,0,1,0,0,1,0,0,0,0,3,0,0,1,0,0,0,0,0,0,0,0,0,0,0,0,1,0,0,1,0,0,0,0,0,0,0,0,0,0,0,0,0,9,1,0,2,1,0,0,0,0,0,0,0,0,0,0,0,1,0,0,0,0,0,0,0,0,0,0,1,0,0,0,0,0,0,0,0,0,0,0,0,0
plehanov_k_agrarnomu_voprosu_v_Rossii_NQ.txt_chunk6,plehanov,5,0,0,1,1,0,11,3,0,2,2,39,0,0,0,3,1,0,0,0,0,1,1,3,0,1,1,0,2,0,0,0,1,1,0,0,2,1,1,1,4,0,0,9,0,4,5,0,0,2,1,1,6,0,0,1,20,0,4,1,1,0,4,4,1,5,0,3,0,1,1,0,3,0,0,0,1,0,0,1,0,2,0,1,0,1,2,1,0,8,0,0,31,0,0,1,0,0,2,1,3,0,1,2,4,0,4,4,1,0,0,0,0,2,0,6,2,1,0,3,0,2,3,0,1,2,0,4,0,3,0,3,1,1,0,1,0,0,2,0,1,0,0,1,1,1,0,1,1,1,1,1,0,0,3,0,0,3,2,0,7,1,3,3,4,2,0,1,0,2,0,1,0,1,0,1,0,15,4,2,2,2,5,3,4,0,0,1,4,1,0,2,0,1,0,0,0,0,0,1,0,1,2,0,2,0,1,0,0,0,0,0,0,1,0,2,0,6,0,1,0,1,0,0,0,0,1,1,1,1,1,1,0,2,0,0,1,1,4,0,0,0,2,5,1,0,0,1,0,3,0,0,0,0,0,0,0,4,0,1,1,1,0,2,2,1,0,1,0,2,0,0,0,1,1,0,0,0,3,0,0,0,0,2,0,1,0,0,0,0,0,2,0,0,0,1,1,2,0,1,0,0,0,0,0,0,1,0,0,0,0,1,1,0,0,1,0,0,0,2,0,0,1,2,1,1,0,1,0,0,0,0,0,0,0,0,0,0,0,0,0,0,0,0,2,0,0,1,0,0,0,0,1,0,0,1,0,0,0,0,1,1,0,0,0,0,0,0,0,0,0,1,1,0,0,0,11,5,2,0,0,1,2,0,1,2,0,2,0,1,0,5,0,1,0,4,0,0,0,0,0,2,5,0,2,0,0,1,1,0,0,0,0,0,0,0,2,0,0,0,2,0,0,0,0,0,0,0,2,3,0,0,0,0,1,0,0,2,0,0,0,0,0,0,1,0,0,0,0,2,1,0,0,0,1,2,0,0,0,11,0,1,0,0,0,0,0,0,0,0,0,0,0,1,0,0,0,0,0,0,1,0,0,0,0,0,0,0,0,0,0,0,0,0,0,0,0,0,0,0
plehanov_k_agrarnomu_voprosu_v_Rossii_NQ.txt_chunk7,plehanov,7.421150278293135,0,0,0,0,0,5.565862708719852,0,1.8552875695732838,3.7105751391465676,1.8552875695732838,20.408163265306122,0,0,0,3.7105751391465676,0,1.8552875695732838,0,0,0,0,0,0,0,0,0,0,3.7105751391465676,0,0,0,0,0,0,0,1.8552875695732838,0,1.8552875695732838,0,3.7105751391465676,0,0,7.421150278293135,5.565862708719852,3.7105751391465676,3.7105751391465676,0,0,12.987012987012989,0,0,0,0,1.8552875695732838,1.8552875695732838,24.118738404452692,0,3.7105751391465676,7.421150278293135,0,0,3.7105751391465676,11.131725417439704,0,11.131725417439704,1.8552875695732838,0,0,0,0,0,1.8552875695732838,0,0,1.8552875695732838,0,0,1.8552875695732838,3.7105751391465676,1.8552875695732838,0,1.8552875695732838,0,0,3.7105751391465676,1.8552875695732838,3.7105751391465676,1.8552875695732838,24.118738404452692,0,3.7105751391465676,18.55287569573284,0,1.8552875695732838,0,1.8552875695732838,0,1.8552875695732838,1.8552875695732838,0,3.7105751391465676,0,0,16.697588126159555,0,0,1.8552875695732838,0,0,0,0,0,0,0,25.974025974025977,0,0,0,3.7105751391465676,0,0,0,0,5.565862708719852,0,0,3.7105751391465676,0,0,0,3.7105751391465676,0,0,1.8552875695732838,0,0,0,5.565862708719852,0,0,0,0,1.8552875695732838,0,0,0,1.8552875695732838,0,0,1.8552875695732838,0,0,0,5.565862708719852,1.8552875695732838,0,0,0,0,1.8552875695732838,1.8552875695732838,1.8552875695732838,3.7105751391465676,3.7105751391465676,1.8552875695732838,0,0,1.8552875695732838,3.7105751391465676,0,1.8552875695732838,0,1.8552875695732838,0,0,0,18.55287569573284,0,0,1.8552875695732838,0,12.987012987012989,5.565862708719852,0,1.8552875695732838,0,0,12.987012987012989,0,0,0,0,0,0,1.8552875695732838,0,0,0,3.7105751391465676,0,1.8552875695732838,0,0,3.7105751391465676,0,0,0,0,0,0,0,0,0,0,0,0,0,1.8552875695732838,0,0,1.8552875695732838,0,0,0,0,0,0,0,0,1.8552875695732838,0,0,0,0,1.8552875695732838,0,0,0,0,0,0,0,0,0,1.8552875695732838,0,3.7105751391465676,0,0,1.8552875695732838,0,0,0,0,0,0,1.8552875695732838,0,0,0,1.8552875695732838,0,1.8552875695732838,0,0,0,0,0,0,0,0,0,0,0,0,3.7105751391465676,0,1.8552875695732838,1.8552875695732838,0,0,0,0,0,0,0,0,0,0,3.7105751391465676,3.7105751391465676,0,0,0,5.565862708719852,0,0,0,0,0,0,0,0,0,0,0,0,0,0,3.7105751391465676,0,0,0,0,0,0,0,0,3.7105751391465676,0,0,0,0,0,0,0,1.8552875695732838,0,0,0,1.8552875695732838,0,0,0,0,0,0,0,0,0,1.8552875695732838,0,0,0,0,0,0,0,1.8552875695732838,5.565862708719852,0,0,0,1.8552875695732838,1.8552875695732838,1.8552875695732838,0,0,1.8552875695732838,0,0,0,0,0,0,0,0,1.8552875695732838,0,0,0,0,0,0,0,7.421150278293135,3.7105751391465676,1.8552875695732838,0,1.8552875695732838,0,1.8552875695732838,0,1.8552875695732838,0,1.8552875695732838,0,0,0,0,0,0,0,0,0,0,3.7105751391465676,1.8552875695732838,1.8552875695732838,0,0,3.7105751391465676,0,0,0,0,0,0,1.8552875695732838,0,0,0,0,0,0,0,0,0,0,0,0,0,0,0,0,0,0,0,1.8552875695732838,0,0,0,0,3.7105751391465676,0,0,0,0,0,0,0,0,0,0,0,0,0,0,0,0,0,0,0,0,0,0,0,0,14.84230055658627,0,0,0,0,0,0,0,0,0,0,1.8552875695732838,0,0,0,0,0,0,0,0,0,0,0,0,0,0,0,0,1.8552875695732838,0,0,0,0,0,0,0,0,0,0,0,0
plehanov_k_voposu_o_zahvate_vlasti_I.txt_chunk3,plehanov,11.335012594458437,0,0,0,1.2594458438287153,0,22.670025188916874,1.2594458438287153,2.5188916876574305,5.037783375314861,2.5188916876574305,40.30226700251889,0,0,1.2594458438287153,0,2.5188916876574305,0,0,0,1.2594458438287153,1.2594458438287153,2.5188916876574305,2.5188916876574305,0,0,2.5188916876574305,0,0,3.778337531486146,0,0,0,2.5188916876574305,0,0,1.2594458438287153,2.5188916876574305,0,0,0,0,0,2.5188916876574305,1.2594458438287153,3.778337531486146,3.778337531486146,1.2594458438287153,2.5188916876574305,6.297229219143577,1.2594458438287153,0,2.5188916876574305,0,0,1.2594458438287153,35.26448362720403,0,1.2594458438287153,0,2.5188916876574305,2.5188916876574305,2.5188916876574305,7.556675062972292,0,6.297229219143577,0,2.5188916876574305,0,1.2594458438287153,2.5188916876574305,1.2594458438287153,1.2594458438287153,0,1.2594458438287153,0,0,1.2594458438287153,0,0,1.2594458438287153,0,0,0,1.2594458438287153,2.5188916876574305,0,0,0,10.075566750629722,0,0,15.113350125944583,1.2594458438287153,0,1.2594458438287153,0,0,2.5188916876574305,1.2594458438287153,0,0,0,0,7.556675062972292,0,0,1.2594458438287153,1.2594458438287153,0,0,0,0,0,0,7.556675062972292,0,10.075566750629722,0,0,1.2594458438287153,0,0,1.2594458438287153,3.778337531486146,0,0,0,0,0,0,6.297229219143577,0,1.2594458438287153,0,2.5188916876574305,1.2594458438287153,0,2.5188916876574305,0,0,0,1.2594458438287153,0,1.2594458438287153,2.5188916876574305,0,1.2594458438287153,1.2594458438287153,1.2594458438287153,0,0,0,0,2.5188916876574305,0,0,0,3.778337531486146,0,5.037783375314861,0,2.5188916876574305,6.297229219143577,2.5188916876574305,0,0,2.5188916876574305,1.2594458438287153,2.5188916876574305,0,0,0,0,0,1.2594458438287153,0,18.891687657430733,0,1.2594458438287153,1.2594458438287153,1.2594458438287153,3.778337531486146,5.037783375314861,2.5188916876574305,3.778337531486146,0,1.2594458438287153,3.778337531486146,0,0,0,0,0,0,1.2594458438287153,0,0,0,2.5188916876574305,0,1.2594458438287153,0,0,0,0,0,0,0,0,0,0,0,0,0,0,0,1.2594458438287153,0,0,0,0,0,0,1.2594458438287153,1.2594458438287153,0,1.2594458438287153,0,0,1.2594458438287153,0,0,3.778337531486146,0,0,0,1.2594458438287153,1.2594458438287153,0,2.5188916876574305,0,0,0,0,0,1.2594458438287153,0,0,1.2594458438287153,0,0,0,0,0,0,1.2594458438287153,0,0,0,1.2594458438287153,0,0,1.2594458438287153,2.5188916876574305,0,0,0,0,1.2594458438287153,0,0,0,0,0,0,1.2594458438287153,0,1.2594458438287153,0,0,0,0,0,0,0,1.2594458438287153,2.5188916876574305,0,0,1.2594458438287153,0,0,0,3.778337531486146,1.2594458438287153,0,0,0,0,0,0,0,0,0,0,0,0,0,0,0,0,0,0,0,0,0,0,0,1.2594458438287153,0,0,0,2.5188916876574305,1.2594458438287153,2.5188916876574305,1.2594458438287153,0,0,3.778337531486146,0,0,1.2594458438287153,0,1.2594458438287153,0,0,0,0,0,0,3.778337531486146,0,1.2594458438287153,0,0,0,1.2594458438287153,0,0,0,0,0,0,0,0,0,0,0,0,1.2594458438287153,0,0,0,0,0,0,0,0,0,0,0,1.2594458438287153,1.2594458438287153,6.297229219143577,0,5.037783375314861,2.5188916876574305,1.2594458438287153,0,0,0,1.2594458438287153,0,0,0,1.2594458438287153,0,0,0,0,2.5188916876574305,0,2.5188916876574305,0,0,0,2.5188916876574305,0,0,0,0,0,0,1.2594458438287153,0,0,0,0,1.2594458438287153,1.2594458438287153,0,0,0,0,0,1.2594458438287153,0,1.2594458438287153,0,0,0,1.2594458438287153,1.2594458438287153,0,0,0,0,0,0,0,0,0,0,0,0,0,0,0,0,2.5188916876574305,0,0,2.5188916876574305,0,1.2594458438287153,1.2594458438287153,3.778337531486146,0,0,0,0,0,0,0,0,0,0,0,0,0,0,0,1.2594458438287153,0,0,0,0,2.5188916876574305,0,0,0,0,0,0,0,0,0,5.037783375314861,0,0,0,0,0,1.2594458438287153,0,5.037783375314861,1.2594458438287153,0,0,0,0,0,0,0,0,8.816120906801007,0,0,0
plehanov_krasniy_cyezd_I.txt_chunk3,plehanov,1.2406947890818858,0,0,0,1.2406947890818858,1.2406947890818858,7.444168734491315,2.4813895781637716,1.2406947890818858,2.4813895781637716,2.4813895781637716,29.77667493796526,1.2406947890818858,0,1.2406947890818858,2.4813895781637716,0,0,0,0,0,0,3.7220843672456576,1.2406947890818858,0,1.2406947890818858,1.2406947890818858,0,1.2406947890818858,2.4813895781637716,0,0,3.7220843672456576,1.2406947890818858,1.2406947890818858,0,3.7220843672456576,0,0,0,1.2406947890818858,0,0,7.444168734491315,3.7220843672456576,0,2.4813895781637716,0,1.2406947890818858,2.4813895781637716,0,0,1.2406947890818858,0,0,0,26.054590570719604,0,7.444168734491315,0,1.2406947890818858,0,2.4813895781637716,6.20347394540943,0,11.166253101736972,0,1.2406947890818858,0,3.7220843672456576,0,0,1.2406947890818858,0,0,0,1.2406947890818858,0,0,1.2406947890818858,0,0,0,0,1.2406947890818858,0,1.2406947890818858,0,0,13.647642679900745,0,0,11.166253101736972,1.2406947890818858,0,1.2406947890818858,1.2406947890818858,0,0,1.2406947890818858,0,1.2406947890818858,1.2406947890818858,0,8.6848635235732,0,1.2406947890818858,2.4813895781637716,0,0,0,1.2406947890818858,0,0,0,3.7220843672456576,2.4813895781637716,1.2406947890818858,2.4813895781637716,3.7220843672456576,1.2406947890818858,0,4.962779156327543,0,4.962779156327543,2.4813895781637716,0,1.2406947890818858,0,1.2406947890818858,0,8.6848635235732,0,0,0,1.2406947890818858,0,0,3.7220843672456576,1.2406947890818858,1.2406947890818858,0,0,0,1.2406947890818858,1.2406947890818858,0,0,0,1.2406947890818858,0,1.2406947890818858,0,0,4.962779156327543,0,0,2.4813895781637716,3.7220843672456576,3.7220843672456576,9.925558312655086,2.4813895781637716,3.7220843672456576,4.962779156327543,0,1.2406947890818858,0,0,0,3.7220843672456576,0,1.2406947890818858,3.7220843672456576,0,0,4.962779156327543,0,21.091811414392062,2.4813895781637716,1.2406947890818858,0,1.2406947890818858,9.925558312655086,3.7220843672456576,1.2406947890818858,1.2406947890818858,0,2.4813895781637716,0,0,0,0,0,0,0,1.2406947890818858,0,1.2406947890818858,0,1.2406947890818858,0,0,0,1.2406947890818858,0,0,0,2.4813895781637716,0,1.2406947890818858,0,0,1.2406947890818858,0,0,1.2406947890818858,1.2406947890818858,0,0,2.4813895781637716,0,0,0,0,0,1.2406947890818858,0,0,0,0,0,0,0,1.2406947890818858,0,0,1.2406947890818858,0,2.4813895781637716,0,0,0,0,0,2.4813895781637716,0,0,0,0,2.4813895781637716,1.2406947890818858,0,0,0,1.2406947890818858,0,0,1.2406947890818858,0,1.2406947890818858,2.4813895781637716,2.4813895781637716,1.2406947890818858,0,3.7220843672456576,0,0,1.2406947890818858,1.2406947890818858,0,0,0,1.2406947890818858,0,4.962779156327543,0,0,1.2406947890818858,2.4813895781637716,1.2406947890818858,0,0,0,0,0,0,0,0,0,0,1.2406947890818858,0,0,0,0,1.2406947890818858,2.4813895781637716,0,0,1.2406947890818858,0,0,1.2406947890818858,0,0,1.2406947890818858,0,0,2.4813895781637716,0,0,0,1.2406947890818858,0,0,0,0,0,0,3.7220843672456576,0,4.962779156327543,0,3.7220843672456576,0,1.2406947890818858,1.2406947890818858,1.2406947890818858,0,0,0,1.2406947890818858,2.4813895781637716,1.2406947890818858,2.4813895781637716,0,0,0,0,2.4813895781637716,0,0,0,0,0,0,0,0,0,0,0,0,0,1.2406947890818858,0,0,0,0,0,0,0,0,0,0,1.2406947890818858,1.2406947890818858,1.2406947890818858,0,0,0,0,1.2406947890818858,0,0,0,0,8.6848635235732,0,2.4813895781637716,0,0,1.2406947890818858,0,0,0,0,2.4813895781637716,1.2406947890818858,0,0,1.2406947890818858,1.2406947890818858,1.2406947890818858,1.2406947890818858,0,0,0,0,0,0,1.2406947890818858,1.2406947890818858,0,0,0,0,0,0,0,0,4.962779156327543,0,0,1.2406947890818858,0,0,0,0,1.2406947890818858,0,0,0,0,0,0,0,0,0,0,1.2406947890818858,0,0,0,0,0,0,0,1.2406947890818858,0,0,1.2406947890818858,0,0,0,0,1.2406947890818858,0,0,0,0,0,0,1.2406947890818858,0,0,0,1.2406947890818858,1.2406947890818858,1.2406947890818858,2.4813895781637716,0,0,0,1.2406947890818858,0,0,2.4813895781637716,0,2.4813895781637716,0,2.4813895781637716,0,0,0,1.2406947890818858,0,0,0,0,0,0,0,0,0,0,0,0,1.2406947890818858,0,0,0,0,0,0,1.2406947890818858,0,0,0,0,0
plehanov_logika_rus_terrorizma_I.txt_chunk1,plehanov,6,0,1,0,5,1,6,2,0,1,0,27,0,2,0,4,0,0,0,0,1,0,2,3,1,0,0,0,0,2,1,0,0,0,1,0,4,1,1,2,1,0,0,4,0,1,4,3,1,10,1,1,6,1,0,0,17,0,0,2,0,0,1,3,0,8,0,4,0,1,2,0,0,0,0,0,0,3,0,0,0,1,0,0,0,4,1,1,1,9,1,1,15,0,1,0,0,0,0,4,0,0,0,0,11,0,0,3,1,0,0,0,2,0,0,3,6,0,1,0,0,0,1,1,8,0,0,1,0,2,3,6,1,0,1,0,0,0,1,0,1,0,0,0,1,0,1,2,0,0,0,2,0,1,4,0,1,0,0,0,8,4,1,5,4,2,1,1,1,2,0,0,0,2,0,4,0,23,1,1,0,0,13,3,2,3,0,0,0,0,0,0,1,0,0,1,0,5,0,1,2,0,1,0,3,0,0,0,4,0,0,0,0,0,0,3,0,1,1,2,1,0,0,0,0,0,0,2,1,1,0,0,0,4,0,0,0,1,2,0,2,0,0,1,0,0,0,0,0,0,2,0,2,2,0,0,1,0,0,0,0,0,0,1,1,0,0,1,0,0,0,0,0,0,0,0,0,0,1,0,0,0,2,0,0,5,1,0,0,0,1,0,0,0,0,0,0,0,0,2,0,0,0,2,1,2,0,0,1,0,3,1,3,1,2,0,0,0,0,1,0,0,2,5,0,1,0,0,0,2,0,1,0,1,0,0,1,0,0,0,0,0,0,2,0,0,1,0,0,0,0,0,1,0,2,1,0,1,0,0,2,0,0,0,0,0,1,4,0,1,0,1,0,1,0,0,8,2,1,0,0,0,0,0,1,0,0,0,0,0,0,5,1,1,0,0,0,0,0,0,2,1,0,0,0,0,0,0,1,0,0,0,0,0,1,0,0,0,0,0,0,0,2,0,6,0,0,0,0,2,0,0,0,0,0,1,0,0,0,0,0,1,0,6,0,2,0,0,0,0,0,0,0,0,0,0,0,0,0,0,0,0,0,0,0,0,0,0,0,1,0,0,0,1,0,0,0,0,0,0,0,0,0,0,0,0,0,0,0,0,0,0,0,0,0,0,0,0,0,0
plehanov_logika_rus_terrorizma_I.txt_chunk2,plehanov,6,0,0,0,2,0,9,2,1,0,4,24,0,1,0,2,0,0,0,0,1,0,4,7,0,0,0,1,0,1,0,0,0,1,1,0,8,0,1,0,1,0,0,1,5,1,6,1,8,6,0,2,3,0,1,2,34,0,6,2,2,0,3,8,0,9,0,1,0,0,0,0,0,0,1,1,0,0,2,1,0,1,0,0,1,2,0,1,2,13,1,0,31,0,0,0,0,0,2,4,1,0,0,0,6,0,0,5,1,0,0,0,1,0,0,0,12,3,1,1,0,0,5,0,6,0,0,4,0,0,0,5,3,0,1,1,0,0,0,0,0,3,1,1,1,0,0,0,0,1,0,1,0,0,2,0,1,0,1,0,4,5,3,3,6,1,1,0,1,2,2,1,1,0,0,1,0,17,3,1,0,0,8,3,3,0,0,1,1,1,1,0,0,0,1,0,0,1,0,1,0,0,2,1,2,1,1,0,1,0,0,1,2,0,0,0,0,1,2,0,0,1,0,1,2,1,1,1,3,1,0,1,0,4,0,1,1,0,1,0,0,1,1,1,0,5,0,0,0,1,0,1,1,0,1,0,0,1,0,0,0,1,0,0,2,0,0,1,2,1,0,0,0,0,0,0,0,0,1,0,0,0,2,3,3,5,0,0,1,1,2,0,0,0,0,0,0,0,0,0,0,1,0,1,0,0,0,1,4,0,1,0,0,2,1,0,0,0,1,0,0,0,0,2,0,1,0,0,0,0,0,2,1,1,0,0,0,0,0,0,1,0,0,0,0,0,0,0,0,0,0,0,1,0,0,5,2,0,0,0,0,2,0,0,1,0,0,0,0,0,0,0,1,3,0,0,2,3,1,0,2,0,1,0,0,2,1,0,0,0,0,0,0,1,0,0,0,0,0,2,0,1,0,0,0,0,0,0,2,0,2,3,0,0,0,0,0,0,0,0,0,0,0,0,6,0,0,0,0,0,1,1,2,3,1,0,1,1,0,0,0,0,0,0,0,0,0,0,0,0,0,0,0,0,0,0,1,0,0,0,0,0,0,0,0,0,0,0,0,0,0,0,0,1,1,0,0,0,0,0,0,0,0,0,3,0,0,0,0,0,0,0,0,0,0,0,0,0,0,0
plehanov_logika_rus_terrorizma_I.txt_chunk3,plehanov,4.279600570613409,0,0,0,2.8530670470756063,2.8530670470756063,2.8530670470756063,0,1.4265335235378032,0,2.8530670470756063,21.398002853067048,0,0,0,0,0,0,0,0,0,0,1.4265335235378032,12.838801711840228,0,0,0,0,0,0,0,0,0,0,2.8530670470756063,0,4.279600570613409,0,1.4265335235378032,0,2.8530670470756063,0,0,1.4265335235378032,1.4265335235378032,0,2.8530670470756063,1.4265335235378032,1.4265335235378032,4.279600570613409,0,1.4265335235378032,0,0,0,1.4265335235378032,35.66333808844508,0,1.4265335235378032,7.132667617689016,0,1.4265335235378032,14.265335235378032,8.559201141226819,0,9.985734664764621,0,4.279600570613409,0,1.4265335235378032,1.4265335235378032,0,1.4265335235378032,1.4265335235378032,0,4.279600570613409,0,2.8530670470756063,1.4265335235378032,1.4265335235378032,0,1.4265335235378032,0,0,1.4265335235378032,2.8530670470756063,2.8530670470756063,2.8530670470756063,1.4265335235378032,11.412268188302425,2.8530670470756063,0,19.971469329529242,0,0,0,0,0,1.4265335235378032,1.4265335235378032,1.4265335235378032,0,1.4265335235378032,0,7.132667617689016,0,0,1.4265335235378032,1.4265335235378032,0,1.4265335235378032,0,0,0,0,1.4265335235378032,1.4265335235378032,5.706134094151213,0,0,0,0,4.279600570613409,1.4265335235378032,5.706134094151213,1.4265335235378032,0,5.706134094151213,0,4.279600570613409,0,4.279600570613409,0,0,0,0,0,0,0,0,0,0,0,1.4265335235378032,1.4265335235378032,0,0,1.4265335235378032,1.4265335235378032,0,0,0,0,0,2.8530670470756063,0,1.4265335235378032,1.4265335235378032,2.8530670470756063,0,14.265335235378032,1.4265335235378032,1.4265335235378032,1.4265335235378032,1.4265335235378032,1.4265335235378032,1.4265335235378032,1.4265335235378032,0,4.279600570613409,0,0,0,0,0,2.8530670470756063,0,24.251069900142657,0,0,0,0,4.279600570613409,4.279600570613409,0,0,0,0,0,1.4265335235378032,0,1.4265335235378032,0,0,0,0,0,0,2.8530670470756063,2.8530670470756063,0,0,0,1.4265335235378032,1.4265335235378032,0,2.8530670470756063,1.4265335235378032,0,0,0,0,0,1.4265335235378032,0,0,0,0,0,0,1.4265335235378032,0,0,0,1.4265335235378032,0,0,0,0,1.4265335235378032,0,4.279600570613409,0,1.4265335235378032,0,1.4265335235378032,0,0,1.4265335235378032,0,0,0,1.4265335235378032,4.279600570613409,0,1.4265335235378032,0,0,0,1.4265335235378032,0,1.4265335235378032,2.8530670470756063,0,0,0,0,0,4.279600570613409,1.4265335235378032,1.4265335235378032,0,0,1.4265335235378032,0,0,1.4265335235378032,0,0,0,0,0,0,1.4265335235378032,0,1.4265335235378032,0,0,2.8530670470756063,2.8530670470756063,0,0,2.8530670470756063,1.4265335235378032,1.4265335235378032,4.279600570613409,0,0,0,0,0,0,0,0,0,0,0,0,0,1.4265335235378032,0,1.4265335235378032,1.4265335235378032,0,0,1.4265335235378032,0,0,0,0,0,0,1.4265335235378032,2.8530670470756063,0,0,0,0,4.279600570613409,1.4265335235378032,0,0,0,1.4265335235378032,0,5.706134094151213,0,0,0,2.8530670470756063,0,0,0,0,0,0,0,0,0,0,0,0,1.4265335235378032,0,1.4265335235378032,1.4265335235378032,0,0,0,0,0,0,1.4265335235378032,1.4265335235378032,0,0,1.4265335235378032,0,0,0,0,0,0,0,0,0,0,1.4265335235378032,0,0,0,0,0,2.8530670470756063,0,0,2.8530670470756063,2.8530670470756063,1.4265335235378032,0,0,0,0,0,0,0,0,1.4265335235378032,0,0,0,2.8530670470756063,1.4265335235378032,0,0,0,0,0,1.4265335235378032,0,0,0,1.4265335235378032,0,0,0,1.4265335235378032,0,0,1.4265335235378032,0,0,0,1.4265335235378032,0,1.4265335235378032,0,0,0,0,2.8530670470756063,1.4265335235378032,1.4265335235378032,0,4.279600570613409,0,0,1.4265335235378032,0,0,0,0,1.4265335235378032,2.8530670470756063,0,0,0,0,0,0,0,0,0,0,0,0,0,0,0,0,0,0,0,0,0,0,0,1.4265335235378032,0,0,0,0,0,0,0,0,0,0,0,0,0,0,1.4265335235378032,0,0,0,0,0,0,0,0,0,0,0,0,0,0,0,0,0,0,0,0,0,0,0,0,0,0,0
plehanov_martovskie_idy_I.txt_chunk3,plehanov,0,0,0,0,0,0,0,0,0,7.633587786259541,0,22.900763358778626,0,0,0,0,0,0,0,0,7.633587786259541,0,7.633587786259541,0,0,0,0,0,0,0,0,0,0,0,0,0,7.633587786259541,0,0,0,0,0,0,15.267175572519083,7.633587786259541,0,0,0,0,7.633587786259541,0,0,0,0,0,0,30.534351145038165,0,15.267175572519083,0,0,0,7.633587786259541,0,0,15.267175572519083,0,0,0,7.633587786259541,0,0,0,0,0,0,0,0,0,7.633587786259541,0,7.633587786259541,0,0,0,0,0,0,7.633587786259541,30.534351145038165,0,0,45.80152671755725,0,0,0,0,0,7.633587786259541,15.267175572519083,0,0,15.267175572519083,0,7.633587786259541,0,0,7.633587786259541,0,0,0,0,0,7.633587786259541,0,0,0,0,0,0,7.633587786259541,0,0,0,0,0,0,0,0,0,0,7.633587786259541,0,0,0,0,0,0,0,0,0,0,0,0,7.633587786259541,0,0,0,0,0,0,0,0,0,0,0,0,0,0,0,0,0,0,0,0,0,7.633587786259541,7.633587786259541,0,7.633587786259541,0,0,0,0,7.633587786259541,0,0,7.633587786259541,0,0,0,7.633587786259541,0,0,0,7.633587786259541,0,0,0,0,0,0,0,0,0,0,0,0,0,0,0,0,0,7.633587786259541,7.633587786259541,0,0,0,0,0,0,0,0,0,0,0,0,7.633587786259541,7.633587786259541,0,0,0,0,0,0,0,0,0,0,0,0,0,0,15.267175572519083,0,7.633587786259541,0,0,0,0,7.633587786259541,0,7.633587786259541,0,0,7.633587786259541,0,0,0,0,0,0,0,0,0,0,0,0,0,0,0,0,0,7.633587786259541,0,0,0,0,0,0,7.633587786259541,0,0,0,0,0,0,0,0,0,0,0,0,0,0,0,0,0,7.633587786259541,0,0,0,0,0,0,0,0,0,0,0,0,0,0,0,0,0,0,0,0,0,0,0,0,0,0,0,0,0,0,0,0,0,7.633587786259541,0,0,0,0,7.633587786259541,0,0,0,0,0,0,0,0,0,0,0,0,0,0,0,0,0,0,0,0,0,0,0,7.633587786259541,0,0,0,0,0,0,0,0,0,0,0,0,0,0,0,0,0,0,0,0,0,0,0,15.267175572519083,7.633587786259541,0,0,0,0,0,0,0,0,0,0,0,0,0,0,0,0,0,0,0,0,0,0,0,0,0,0,0,0,0,0,0,0,0,0,0,0,0,0,0,0,0,0,0,0,0,0,0,0,0,7.633587786259541,0,0,0,0,0,0,0,0,0,0,0,0,7.633587786259541,0,0,0,0,0,0,0,0,0,0,0,0,0,0,0,0,0,0,0,0,0,0,0,0,0,0,0,0,0,0,0,0,0,0,0,0,0,0,0,0,0,0,0,0,0,0,0,0,0,0,0,0,0,0,0,0,0,0,0,0
plehanov_na_poroge_20v_I.txt_chunk2,plehanov,0,0,0,0,4.385964912280701,0,4.385964912280701,0,0,0,0,8.771929824561402,0,0,0,4.385964912280701,0,0,0,0,0,0,0,0,0,0,0,0,0,0,0,0,0,0,0,0,8.771929824561402,0,8.771929824561402,0,0,4.385964912280701,0,4.385964912280701,4.385964912280701,4.385964912280701,8.771929824561402,0,0,0,0,0,0,0,0,0,30.70175438596491,0,0,13.157894736842104,0,0,4.385964912280701,0,0,0,4.385964912280701,0,0,4.385964912280701,0,0,4.385964912280701,0,0,0,0,0,0,8.771929824561402,0,0,0,0,0,8.771929824561402,0,0,0,17.543859649122805,0,0,8.771929824561402,0,0,0,4.385964912280701,4.385964912280701,4.385964912280701,0,0,0,0,0,4.385964912280701,0,0,4.385964912280701,4.385964912280701,0,0,0,0,0,0,0,4.385964912280701,0,0,0,0,0,4.385964912280701,4.385964912280701,0,0,0,0,0,0,0,13.157894736842104,0,0,0,0,0,0,0,0,0,0,0,0,0,4.385964912280701,0,0,0,0,0,0,0,0,0,0,0,0,0,0,17.543859649122805,0,0,0,4.385964912280701,0,0,0,0,13.157894736842104,0,0,0,0,0,0,0,13.157894736842104,0,0,0,0,0,4.385964912280701,4.385964912280701,0,0,0,0,0,0,0,0,0,0,0,0,0,0,0,0,0,0,0,0,0,4.385964912280701,4.385964912280701,0,0,0,0,0,0,0,0,0,0,0,0,0,0,0,0,0,0,0,0,0,0,0,4.385964912280701,0,4.385964912280701,0,4.385964912280701,0,0,4.385964912280701,4.385964912280701,0,0,0,0,0,0,0,0,0,0,0,0,0,4.385964912280701,0,0,4.385964912280701,8.771929824561402,0,4.385964912280701,8.771929824561402,4.385964912280701,0,0,0,0,0,0,0,8.771929824561402,0,0,0,0,8.771929824561402,0,0,0,0,0,0,0,0,0,0,0,0,0,0,0,0,0,4.385964912280701,0,0,0,0,0,0,0,0,0,0,4.385964912280701,0,0,0,0,8.771929824561402,0,0,0,4.385964912280701,0,0,0,4.385964912280701,0,0,0,4.385964912280701,0,4.385964912280701,4.385964912280701,0,0,0,0,0,0,0,0,8.771929824561402,0,0,0,0,0,0,0,0,0,0,0,0,0,0,0,0,0,0,0,0,0,0,0,0,0,0,0,0,0,0,0,0,0,0,0,0,0,0,0,0,0,0,0,0,4.385964912280701,0,0,0,0,0,0,0,0,0,0,0,0,0,8.771929824561402,0,0,0,0,4.385964912280701,0,0,8.771929824561402,0,0,0,0,0,0,0,0,0,0,0,0,0,0,0,0,0,0,0,0,0,0,0,0,4.385964912280701,0,0,0,0,0,4.385964912280701,0,0,0,0,0,0,0,0,0,0,0,0,0,0,0,0,0,0,0,0,0,0,0,0,0,0,0,0,0,0,0,4.385964912280701,8.771929824561402,4.385964912280701,0,0,0,0,0,0,0,0,0,0,0,0,0,0,0,0,0,0,0,0,0,0,0,0,0,0,0,0,0,0,0,0,0,0,0
plehanov_neosnovat_opaseniya.txt_chunk1,plehanov,5.167958656330749,0,0,3.875968992248062,5.167958656330749,0,10.335917312661499,0,1.2919896640826873,5.167958656330749,1.2919896640826873,19.37984496124031,1.2919896640826873,0,0,1.2919896640826873,0,0,0,0,1.2919896640826873,0,1.2919896640826873,2.5839793281653747,0,0,0,0,0,0,0,0,1.2919896640826873,0,5.167958656330749,0,6.459948320413436,1.2919896640826873,1.2919896640826873,0,1.2919896640826873,0,0,0,2.5839793281653747,1.2919896640826873,3.875968992248062,3.875968992248062,3.875968992248062,1.2919896640826873,0,0,0,0,0,0,25.839793281653744,0,1.2919896640826873,5.167958656330749,5.167958656330749,0,5.167958656330749,1.2919896640826873,0,3.875968992248062,0,6.459948320413436,2.5839793281653747,1.2919896640826873,0,0,0,0,0,2.5839793281653747,1.2919896640826873,0,0,0,0,0,2.5839793281653747,1.2919896640826873,0,2.5839793281653747,0,1.2919896640826873,0,9.04392764857881,2.5839793281653747,0,31.007751937984494,1.2919896640826873,2.5839793281653747,0,0,0,1.2919896640826873,3.875968992248062,0,0,2.5839793281653747,0,6.459948320413436,0,0,1.2919896640826873,0,0,0,0,0,0,0,5.167958656330749,9.04392764857881,5.167958656330749,0,2.5839793281653747,0,0,0,2.5839793281653747,3.875968992248062,0,0,0,0,1.2919896640826873,0,7.751937984496124,1.2919896640826873,0,0,0,0,1.2919896640826873,5.167958656330749,0,0,1.2919896640826873,0,0,2.5839793281653747,3.875968992248062,0,1.2919896640826873,1.2919896640826873,0,0,0,0,0,2.5839793281653747,0,0,0,0,0,10.335917312661499,2.5839793281653747,1.2919896640826873,3.875968992248062,3.875968992248062,2.5839793281653747,0,0,0,6.459948320413436,0,1.2919896640826873,0,0,0,2.5839793281653747,0,28.42377260981912,0,0,2.5839793281653747,0,7.751937984496124,1.2919896640826873,2.5839793281653747,0,0,1.2919896640826873,10.335917312661499,0,0,0,0,0,1.2919896640826873,0,0,0,0,0,1.2919896640826873,0,0,0,5.167958656330749,0,1.2919896640826873,0,0,0,0,0,0,0,0,1.2919896640826873,1.2919896640826873,0,1.2919896640826873,0,0,0,0,0,0,0,2.5839793281653747,0,1.2919896640826873,1.2919896640826873,0,0,0,2.5839793281653747,0,2.5839793281653747,0,0,5.167958656330749,1.2919896640826873,9.04392764857881,0,0,0,0,0,0,0,0,1.2919896640826873,3.875968992248062,0,2.5839793281653747,0,0,0,0,6.459948320413436,1.2919896640826873,0,5.167958656330749,1.2919896640826873,0,0,2.5839793281653747,0,0,1.2919896640826873,5.167958656330749,0,0,0,2.5839793281653747,0,2.5839793281653747,0,0,0,1.2919896640826873,0,0,0,0,1.2919896640826873,1.2919896640826873,0,0,0,0,0,5.167958656330749,0,1.2919896640826873,0,0,0,0,0,0,0,0,0,0,1.2919896640826873,0,0,0,0,0,0,5.167958656330749,0,1.2919896640826873,0,0,0,0,0,0,1.2919896640826873,0,0,0,2.5839793281653747,0,1.2919896640826873,0,0,0,1.2919896640826873,0,1.2919896640826873,0,0,0,0,0,0,0,1.2919896640826873,0,0,1.2919896640826873,0,0,0,1.2919896640826873,1.2919896640826873,1.2919896640826873,0,0,0,0,1.2919896640826873,1.2919896640826873,0,0,0,0,0,0,0,0,0,0,0,1.2919896640826873,1.2919896640826873,0,0,0,0,0,2.5839793281653747,0,0,0,7.751937984496124,1.2919896640826873,0,0,0,1.2919896640826873,0,0,1.2919896640826873,0,0,0,0,1.2919896640826873,0,0,0,0,0,0,0,0,0,0,0,0,0,0,0,0,0,0,0,6.459948320413436,0,0,0,0,1.2919896640826873,0,1.2919896640826873,3.875968992248062,0,0,0,0,0,0,0,0,0,1.2919896640826873,1.2919896640826873,0,0,0,0,0,0,0,1.2919896640826873,0,0,0,0,0,0,0,0,0,0,0,2.5839793281653747,0,0,0,0,0,0,0,0,0,0,0,0,0,1.2919896640826873,0,0,0,0,1.2919896640826873,0,0,0,0,0,0,0,0,0,0,0,0,0,2.5839793281653747,0,0,0,0,0,0,0,0,5.167958656330749,0,0,0,0,2.5839793281653747,0,0,0
plehanov_o_chernoy_sotne.txt_chunk2,plehanov,9,0,1,0,0,2,2,1,1,4,1,17,0,0,0,2,3,0,0,0,1,0,1,5,0,0,1,0,0,6,1,1,0,0,1,0,2,0,1,2,0,0,0,12,2,3,3,2,4,9,0,0,2,0,1,0,29,0,0,4,0,1,2,14,0,7,0,8,1,2,0,1,4,1,1,2,0,0,0,0,0,0,0,2,0,2,2,0,1,12,0,2,20,1,0,0,0,0,4,0,0,0,3,1,5,0,0,3,0,0,0,0,1,0,0,6,1,3,0,9,0,3,1,1,2,0,0,2,0,0,0,7,2,0,0,0,0,5,0,2,0,1,3,0,0,0,1,1,0,0,0,1,0,1,4,1,1,0,1,0,6,3,0,6,1,0,3,1,2,2,0,0,0,1,0,4,0,20,2,1,2,3,9,4,1,3,2,0,8,0,0,1,0,0,0,6,0,0,0,1,0,0,0,0,0,0,3,1,0,1,0,3,0,0,0,2,1,1,3,0,0,0,0,0,0,0,0,1,1,1,1,3,0,3,0,0,0,0,1,0,0,0,4,0,0,0,0,0,0,0,1,0,1,0,0,0,0,1,0,0,0,1,2,0,4,0,0,0,0,0,0,0,0,0,0,0,0,0,0,0,0,1,1,0,0,0,0,0,0,0,1,0,0,0,0,0,0,0,0,0,0,1,1,0,0,0,0,0,0,0,0,0,0,0,0,0,0,0,1,0,0,0,0,1,0,0,0,0,1,0,2,0,0,0,2,0,1,0,0,1,0,0,1,0,0,0,0,0,0,0,0,1,0,0,1,1,3,0,0,0,0,0,0,0,1,0,1,0,1,0,0,0,0,3,0,0,4,1,0,0,0,1,2,0,1,0,0,0,0,0,0,1,0,0,0,1,1,0,1,0,0,0,0,0,0,0,3,1,0,0,2,0,1,2,0,0,0,0,0,0,0,0,0,0,0,0,0,0,0,3,0,0,0,2,0,1,0,2,0,0,0,1,0,0,0,0,0,0,0,2,1,0,0,0,4,0,0,0,0,0,0,0,0,0,0,0,4,0,0,0,2,0,0,3,2,0,0,0,0,1,0,0,0,0,1,0,0,0,0,0,0,0,0,0,0,0,0,0,0,0
plehanov_pervie_frazy_uchenia.txt_chunk13,plehanov,6,0,0,0,0,0,2,0,0,0,1,34,0,0,0,3,1,0,0,0,1,0,4,1,0,2,0,0,0,2,0,0,0,1,0,0,7,0,0,0,0,0,0,5,3,2,4,2,3,5,0,0,2,1,0,0,32,0,3,1,1,1,4,8,0,7,3,2,1,0,0,0,1,0,2,2,0,2,1,0,0,1,0,0,1,3,2,0,0,11,0,0,17,0,1,1,0,0,1,2,2,0,1,0,9,0,0,14,1,0,1,0,0,0,0,4,5,0,0,3,0,2,1,1,5,1,0,1,0,0,0,7,0,0,1,0,0,0,3,0,0,0,3,0,0,0,0,2,0,0,0,1,0,0,2,1,1,1,2,2,8,2,0,3,5,2,2,0,0,3,0,0,0,0,0,0,0,18,3,0,2,0,5,2,3,1,0,0,0,0,0,0,0,0,0,3,0,0,1,1,0,0,0,0,2,0,0,0,0,0,1,0,2,0,2,0,0,6,0,1,0,1,0,0,1,0,0,1,1,1,1,2,0,1,0,4,0,0,2,2,11,3,0,0,2,0,0,0,0,3,0,1,4,0,0,0,0,0,2,1,1,0,1,0,2,0,0,0,0,3,0,0,0,4,2,0,1,0,3,0,1,0,2,1,0,1,0,0,0,0,2,1,0,0,2,0,0,0,1,1,1,0,1,0,1,1,0,0,0,0,0,0,0,0,0,0,0,0,3,0,0,0,1,1,0,0,0,0,0,1,0,0,0,0,0,0,0,1,1,0,0,1,0,0,0,0,1,0,0,0,1,0,1,0,0,0,0,0,0,0,0,1,0,0,0,0,0,0,1,0,0,0,3,0,0,0,1,1,0,0,0,0,0,0,0,0,0,1,0,0,2,0,2,1,0,2,0,0,1,0,0,0,0,0,1,1,0,1,0,0,7,0,0,1,0,0,0,0,4,0,1,0,0,1,0,0,0,0,0,1,2,0,0,0,0,0,0,0,0,0,0,0,0,0,0,0,0,0,3,0,0,0,0,1,0,2,0,0,0,0,0,0,0,1,0,0,0,0,2,0,0,0,0,0,0,0,0,0,0,0,0,0,1,0,0,0,0,1,0,0,0,0,0,0,0,5,4,0,0,0
plehanov_pervie_frazy_uchenia.txt_chunk15,plehanov,5,0,0,1,0,2,9,0,2,5,1,32,0,0,0,2,2,0,0,0,0,1,7,3,1,0,0,0,5,2,0,1,1,1,2,0,3,0,0,0,0,0,0,6,0,1,5,0,2,0,2,0,2,0,0,1,24,0,3,1,3,0,4,11,0,7,0,4,0,1,0,0,1,0,0,0,2,2,1,1,0,1,0,0,0,2,0,0,2,17,0,1,17,0,0,0,0,0,2,2,1,0,2,0,11,0,0,3,3,0,0,0,0,0,0,5,0,5,0,2,0,0,2,1,5,0,0,4,0,0,1,7,1,0,0,1,0,1,2,0,1,0,0,0,1,1,0,0,0,1,0,1,0,0,4,0,0,2,2,0,8,1,0,5,1,1,2,0,0,1,0,0,0,0,0,2,0,23,0,0,2,1,7,2,0,0,2,0,0,0,0,1,0,0,0,2,0,1,1,2,0,0,2,0,4,0,0,0,1,0,0,1,1,1,0,1,0,0,4,0,0,0,0,0,0,0,0,1,0,0,2,2,0,1,0,1,1,0,3,1,0,2,1,0,3,0,0,0,0,5,1,0,1,0,4,0,1,0,0,0,4,0,2,0,2,0,0,2,0,0,0,0,0,0,4,0,0,0,2,0,0,0,0,3,1,3,0,0,0,0,3,0,0,0,0,0,0,0,0,1,0,0,0,0,0,0,0,1,0,0,0,1,0,0,0,0,0,0,1,0,0,0,1,5,1,4,0,0,0,0,0,1,0,0,0,0,0,2,0,0,0,0,0,0,0,0,0,0,0,0,0,0,1,1,2,1,0,0,0,2,3,3,0,0,1,0,1,0,0,0,0,0,1,3,0,0,7,6,0,0,0,0,0,0,0,0,2,1,0,1,0,1,0,0,0,0,0,0,1,0,1,0,0,0,0,1,0,0,1,2,1,0,1,0,0,0,0,0,0,0,1,0,0,0,0,0,0,0,0,1,0,0,0,0,1,0,0,0,0,1,0,1,0,0,0,0,0,0,0,1,0,0,0,0,0,0,0,0,0,0,0,1,0,0,0,0,1,0,0,0,0,0,0,1,0,0,0,0,1,0,0,0,0,0,0,0,0,0,0,0,0,0,0,0,0,1,1,0,0,0
plehanov_pervie_frazy_uchenia.txt_chunk7,plehanov,7,0,0,1,0,0,1,1,2,2,0,35,1,0,0,3,3,0,0,0,0,0,5,3,1,0,0,0,0,1,1,1,0,0,4,0,4,1,0,0,3,0,1,7,4,1,3,2,1,2,0,0,1,0,0,1,26,2,3,3,2,1,5,10,0,14,3,4,1,0,0,0,4,0,0,0,1,1,0,1,0,0,0,0,1,1,1,0,0,12,2,1,24,0,0,0,0,0,0,0,0,0,2,1,6,0,1,9,1,0,0,0,0,0,0,7,3,8,0,5,0,0,2,3,5,1,0,1,0,0,2,10,0,0,0,0,1,1,5,0,1,2,3,0,0,0,0,0,0,1,1,0,0,0,3,0,1,0,0,0,4,0,0,2,1,2,2,0,0,3,0,2,0,0,0,1,1,18,0,0,0,0,5,1,2,1,3,0,5,1,1,0,0,0,1,0,0,2,0,1,0,3,0,1,2,0,1,0,0,0,0,0,2,0,2,0,0,2,0,0,1,1,0,1,1,0,3,0,0,0,2,0,0,4,0,1,0,0,0,2,6,0,0,1,0,3,0,0,2,5,2,0,1,0,1,0,0,0,0,0,0,0,0,1,2,0,0,2,0,2,0,0,0,0,2,0,1,0,0,0,0,0,1,4,6,6,0,0,0,1,0,0,0,0,0,1,0,0,0,0,0,0,0,0,0,0,0,0,0,1,3,1,0,0,0,0,0,0,0,0,0,0,1,3,0,0,0,1,1,1,0,0,0,0,0,0,0,0,0,0,0,1,0,0,0,0,0,0,0,2,0,2,0,1,1,0,0,0,0,0,1,0,0,0,0,0,0,0,0,0,0,0,0,0,1,0,4,0,0,0,1,0,0,1,0,0,0,0,0,0,0,0,0,1,0,0,0,0,0,0,1,0,0,0,1,1,1,3,1,0,3,0,0,0,0,1,0,0,5,1,0,1,0,1,0,0,4,0,0,2,0,0,0,0,0,0,0,0,0,0,0,0,0,1,0,1,1,1,0,0,1,0,0,0,0,1,0,0,0,0,0,0,0,1,0,0,0,5,0,0,0,0,2,1,0,1,0,0,0,0,1,0,1,1,1,0,0,0,0,0,0,0,0,0,1,0,0,0,0,0
plehanov_pervie_frazy_uchenia.txt_chunk9,plehanov,7,0,0,1,0,0,5,1,1,4,3,32,1,0,0,3,0,0,0,0,0,0,0,3,3,0,1,1,4,0,1,0,0,0,0,0,3,0,0,0,0,1,0,9,1,0,5,1,9,4,1,0,4,0,0,0,42,0,7,5,2,0,4,2,3,7,5,1,1,0,1,0,3,0,0,2,0,1,0,5,0,0,0,1,1,2,4,0,1,9,1,0,23,0,1,0,0,0,3,1,0,1,3,1,12,0,5,6,0,1,0,1,0,2,0,1,2,4,1,7,0,1,4,0,2,0,0,0,0,0,0,8,0,0,0,1,0,0,0,0,0,1,1,0,0,0,0,3,0,0,0,4,0,0,1,1,0,6,3,0,7,3,0,10,0,1,1,0,0,1,1,3,0,0,0,2,2,16,0,1,2,3,3,3,0,0,0,0,0,1,0,1,0,0,0,4,2,0,2,1,0,1,0,0,1,0,1,3,0,0,0,0,0,1,2,1,0,2,0,2,0,2,1,0,0,0,1,0,1,3,1,0,0,1,0,2,1,0,3,0,6,0,0,2,0,0,0,0,0,1,0,2,0,0,0,0,0,1,0,0,0,0,1,0,2,0,0,1,1,3,0,0,0,0,0,0,1,0,0,0,0,0,9,2,3,7,0,0,1,0,3,1,0,0,0,0,1,0,0,1,0,0,0,0,0,0,0,0,0,0,4,0,0,0,0,0,0,0,1,0,0,0,0,1,0,3,0,2,1,0,0,1,0,2,0,1,0,2,0,0,0,0,0,1,0,0,0,1,1,0,1,0,0,0,0,1,1,0,0,0,0,0,0,0,1,0,0,0,0,0,1,0,0,1,0,0,3,0,0,0,0,0,0,1,1,0,0,0,0,0,0,0,0,1,1,4,2,0,0,0,0,0,0,2,0,1,0,1,0,1,0,0,1,0,0,1,1,0,0,0,0,0,0,0,0,0,0,0,4,0,0,0,0,0,1,0,0,0,0,0,0,0,0,0,0,0,0,0,0,0,1,0,1,5,0,0,0,0,0,0,0,0,0,0,0,0,0,8,0,0,0,0,0,0,0,0,0,2,0,0,0,0,0,0,0,0,0,1,0,0,0,0,0,0,0,0,0,0,0,0
plehanov_pessimizm_kak_otrazhenie.txt_chunk1,plehanov,3,0,0,1,3,0,2,0,1,4,0,29,0,0,0,2,0,0,0,0,1,0,3,7,1,2,1,0,2,0,1,0,0,0,1,0,7,0,0,0,2,1,1,3,2,1,3,3,3,2,0,0,4,0,0,0,31,0,5,2,0,0,1,4,0,4,0,4,1,1,0,0,1,0,0,3,0,2,1,1,3,0,1,3,0,0,3,3,0,11,2,1,29,2,2,2,0,0,2,4,1,0,0,5,7,0,0,5,3,0,2,1,0,2,3,4,1,0,0,4,0,0,1,0,5,0,0,0,0,1,0,9,0,1,1,0,1,0,0,1,0,1,2,1,3,0,0,3,0,0,0,1,0,0,4,0,0,0,0,0,7,1,0,2,2,0,0,0,0,3,0,0,0,1,0,3,0,17,3,2,3,0,6,1,0,1,0,0,9,3,0,0,0,1,0,2,0,0,0,1,0,0,0,0,5,1,1,0,0,0,0,0,1,0,0,2,0,0,1,0,0,0,0,1,1,0,0,1,2,0,0,1,0,4,1,0,0,0,0,2,0,0,0,0,0,2,0,0,0,0,2,0,1,0,0,0,1,4,2,0,0,0,1,0,1,1,0,0,0,1,0,2,0,0,0,0,1,0,1,0,0,0,0,0,0,0,1,0,1,0,1,0,0,0,0,0,0,0,0,1,0,1,0,0,0,0,0,0,0,0,0,0,2,0,1,1,0,0,1,2,1,0,0,0,0,1,0,0,0,1,0,0,0,0,0,2,0,0,2,0,1,1,0,0,1,0,0,0,0,1,0,0,0,0,0,0,0,0,0,0,0,0,0,0,0,0,1,0,0,0,1,0,0,0,1,1,15,10,1,0,0,0,1,0,2,0,0,0,0,0,0,4,1,0,0,0,1,0,0,0,1,0,0,0,0,0,0,0,0,0,0,0,0,1,1,0,0,0,0,0,1,0,0,0,0,0,0,0,0,0,0,0,0,0,0,0,0,0,0,0,0,0,0,0,0,0,0,0,0,3,3,0,0,0,0,0,0,0,0,0,0,1,1,0,0,0,0,0,0,0,0,0,0,0,0,0,0,0,0,0,0,0,0,0,0,0,0,0,0,0,0,0,0,0,1,0,0,0,0,0
plehanov_pessimizm_kak_otrazhenie.txt_chunk3,plehanov,7,0,3,0,0,0,4,2,5,13,3,23,1,0,0,2,1,0,0,0,0,0,0,3,0,0,1,0,0,2,0,0,1,0,1,0,9,0,0,0,0,0,1,3,5,3,2,0,3,5,1,1,5,0,0,1,34,0,4,4,4,0,3,7,0,3,0,1,0,0,0,0,1,0,2,1,0,1,2,1,0,1,0,4,0,3,1,2,0,20,0,1,27,3,1,0,0,0,1,1,1,1,4,4,11,0,1,1,0,1,0,1,0,1,0,3,0,3,0,1,0,0,1,0,6,2,0,0,0,0,0,8,0,0,1,0,3,1,1,1,0,0,1,0,0,2,0,0,0,0,1,2,0,0,4,0,2,1,2,0,9,1,2,5,2,1,0,0,0,9,0,0,0,0,0,2,0,22,3,0,3,0,2,4,1,0,0,0,0,0,0,0,0,0,0,1,1,0,0,1,1,4,1,0,1,0,2,0,2,0,1,0,0,0,0,1,0,3,0,3,0,1,0,0,0,0,0,0,0,0,2,0,0,6,0,1,0,0,3,0,0,0,0,0,0,0,0,1,0,0,0,0,1,2,2,0,2,5,0,1,0,0,1,0,0,0,0,0,0,3,0,0,0,1,0,0,1,0,2,0,0,1,0,0,0,0,0,0,0,1,2,0,0,0,0,2,0,0,1,0,0,0,0,0,1,0,0,1,0,0,0,0,4,0,0,1,0,0,0,2,0,0,0,4,0,2,2,0,0,1,0,1,0,0,0,0,1,0,0,0,0,0,0,0,0,0,0,0,1,0,0,1,1,1,0,0,0,0,0,0,1,0,0,1,0,0,0,0,1,0,1,0,0,2,0,0,8,4,2,0,0,1,1,1,0,0,0,0,0,0,0,2,0,0,0,0,0,1,0,0,0,1,0,0,1,0,0,1,0,0,0,0,0,0,1,1,0,0,0,0,0,0,1,0,0,0,0,0,0,0,0,0,0,0,0,0,0,0,0,0,1,0,0,1,0,0,0,0,0,4,0,0,0,0,0,1,0,0,0,0,0,0,3,0,0,0,0,0,0,0,0,0,0,0,1,0,0,0,0,0,0,0,0,0,0,0,0,0,0,0,0,0,0,0,1,0,0,0,0,0
plehanov_pessimizm_kak_otrazhenie.txt_chunk7,plehanov,11,0,0,0,2,0,1,3,2,4,3,23,1,0,0,3,1,0,0,0,0,2,0,4,0,0,0,0,0,1,1,2,0,0,2,0,3,0,0,0,0,0,0,7,3,1,4,1,1,3,2,1,1,0,1,0,47,1,3,1,2,2,2,7,0,4,0,8,2,0,2,0,2,0,1,1,0,5,2,1,2,1,1,0,0,0,0,1,0,14,0,1,22,1,1,0,0,0,4,1,3,0,1,0,8,0,0,0,1,1,1,0,0,1,1,8,4,1,0,6,0,0,1,1,3,0,0,1,0,0,0,14,0,1,0,0,1,1,0,1,1,0,2,0,3,2,0,0,1,1,0,7,0,0,2,1,0,0,2,0,4,5,0,0,2,0,0,0,1,7,0,0,0,1,0,0,1,16,0,1,0,2,8,1,4,2,0,0,4,0,0,1,0,0,0,4,0,0,0,1,0,2,0,1,2,1,1,0,0,0,0,0,0,0,0,0,1,1,0,1,1,1,0,0,0,0,0,0,2,0,1,0,0,2,0,1,0,0,3,0,5,1,1,0,0,1,0,0,0,0,1,1,0,2,0,0,1,0,0,0,0,0,0,0,0,0,0,0,0,1,0,0,1,0,0,0,1,0,2,1,0,1,0,0,0,0,1,0,1,0,0,0,0,0,0,2,1,0,0,0,0,6,0,0,0,0,0,0,0,0,0,0,1,0,3,2,0,1,1,3,0,0,2,2,1,1,2,6,0,0,1,0,0,0,1,0,0,0,0,1,0,1,0,0,0,0,0,2,1,0,0,0,1,0,0,2,1,1,1,0,1,1,0,0,1,0,0,0,0,0,0,4,6,2,0,0,1,2,1,0,0,0,1,0,1,0,0,2,0,0,0,2,0,0,0,0,0,0,0,0,0,0,1,1,0,1,4,1,1,0,0,1,0,0,0,1,1,0,0,1,0,0,0,0,0,0,0,0,0,0,0,0,1,0,0,0,0,0,0,0,0,0,0,0,0,0,0,0,1,3,1,0,0,0,0,0,0,0,0,0,0,2,0,0,0,0,0,0,0,0,0,0,0,4,0,0,0,0,0,0,0,0,0,0,0,0,0,0,0,0,0,0,0,0,0,0,0,0,0,0
plehanov_pessimizm_kak_otrazhenie.txt_chunk8,plehanov,4,0,0,0,1,0,3,2,2,10,0,35,2,0,0,6,0,0,0,0,0,1,1,5,0,1,1,0,4,1,1,0,1,0,1,0,5,0,0,0,0,0,0,6,2,3,2,0,1,0,3,0,1,0,0,2,31,0,4,2,1,0,1,5,0,12,1,0,1,0,0,0,0,1,1,1,1,5,2,2,0,1,0,0,0,1,2,0,1,13,0,0,18,0,1,0,0,0,2,1,2,1,3,2,8,1,0,5,0,0,2,0,0,0,0,6,2,2,0,2,0,1,0,0,3,3,0,1,1,0,0,8,1,1,0,0,1,1,1,0,0,0,0,1,0,1,1,2,0,0,0,3,0,0,4,0,0,2,4,1,9,1,1,4,1,0,0,0,2,10,0,0,0,0,0,0,0,19,0,2,1,0,6,2,0,0,0,0,0,1,0,0,0,0,0,4,0,0,1,2,0,0,0,0,2,0,2,1,0,0,1,0,0,0,0,6,1,2,0,0,0,1,0,0,0,0,1,0,3,0,1,0,0,2,0,0,1,0,1,1,2,0,2,0,0,0,0,0,0,1,0,0,0,0,0,0,0,3,0,0,0,0,0,0,1,0,0,1,0,3,1,2,0,1,0,0,0,0,3,0,0,0,0,0,1,0,0,0,0,0,1,0,0,0,0,2,1,0,2,0,0,0,0,0,0,0,0,0,0,0,0,0,2,0,3,2,0,0,0,1,0,0,0,3,3,0,2,0,0,3,0,0,1,0,0,0,0,0,0,0,1,1,1,0,0,0,0,2,0,0,0,0,2,1,2,0,2,0,0,0,3,0,0,0,1,0,1,0,0,0,0,0,0,0,2,0,7,9,4,0,0,0,1,0,0,0,0,1,0,0,1,1,1,1,1,0,1,0,0,0,1,1,0,0,0,0,0,0,1,0,0,1,0,0,0,0,0,0,0,0,1,2,0,0,0,0,2,0,0,0,0,0,0,0,0,0,1,1,0,0,1,0,0,0,0,0,0,0,0,0,2,0,0,0,0,2,0,0,0,0,1,1,0,0,0,0,0,0,1,0,0,0,0,2,0,0,0,0,0,0,0,0,0,0,0,0,0,0,0,0,0,0,0,0,0,0,0,0,0,0
plehanov_pora_obyasnitsya.txt_chunk1,plehanov,7,0,0,0,2,2,6,3,0,1,4,20,0,0,0,3,0,1,0,0,4,0,3,0,0,2,1,0,1,1,1,0,1,0,1,0,1,0,2,1,0,0,1,2,6,2,5,3,0,7,0,0,2,0,1,2,26,0,4,3,1,2,3,7,0,9,0,1,0,1,0,2,3,0,0,2,0,1,1,0,0,0,3,0,2,3,1,0,1,12,0,1,25,1,2,0,0,1,2,1,1,0,1,1,12,0,2,1,2,2,0,2,3,1,1,4,8,0,0,7,0,0,3,1,9,0,0,2,0,1,0,10,0,0,0,0,0,1,2,0,0,0,0,1,2,1,0,0,0,0,1,2,0,1,3,0,1,1,1,0,7,2,1,10,0,1,3,2,1,3,0,2,0,0,2,2,0,18,0,0,0,0,13,6,0,4,1,1,6,1,1,2,1,0,1,6,0,0,0,2,0,0,2,1,1,1,2,0,2,0,0,0,0,0,0,0,0,1,2,0,0,0,0,2,0,0,2,0,0,0,1,1,0,1,1,0,0,0,1,1,0,1,0,0,0,1,0,4,0,0,2,1,1,1,0,0,1,0,1,2,4,4,0,0,2,0,0,0,0,0,0,0,0,0,0,0,1,0,1,0,0,0,0,0,0,0,3,1,1,0,2,0,0,0,0,2,0,0,0,0,0,1,0,0,2,0,0,1,0,0,0,0,0,0,0,0,0,1,0,1,0,0,1,0,0,0,3,0,0,2,0,1,2,0,1,1,1,0,1,0,0,0,0,0,0,0,0,0,0,5,0,0,1,2,0,1,1,0,0,0,0,0,0,0,0,0,0,0,0,0,0,1,0,1,0,0,4,0,0,0,0,0,0,0,1,1,0,0,0,0,0,0,0,0,0,0,0,0,0,0,0,2,0,0,0,0,0,0,0,0,0,0,0,1,0,0,0,0,0,1,0,0,1,0,0,0,0,0,1,0,0,0,3,6,0,0,0,0,0,0,0,0,0,0,0,1,1,0,0,0,0,0,0,0,0,1,0,0,0,0,0,2,0,0,0,0,1,0,0,0,0,0,0,0,0,0,1,0,0,0,0,0,0,0,0,0,0,2,0,0,0,0,0,0,0,0,0,0,0,0
plehanov_simptomat_mistake.txt_chunk1,plehanov,7,0,0,2,0,0,8,2,3,2,4,23,0,0,0,1,2,0,0,0,1,1,1,4,0,1,1,0,1,2,0,0,0,0,0,0,5,0,0,0,0,0,1,16,3,2,4,1,2,6,0,0,2,0,1,0,39,0,7,1,2,1,4,6,0,7,0,0,0,1,0,0,0,1,2,2,0,1,0,1,2,0,2,0,1,2,0,0,4,7,0,1,32,1,0,0,0,0,2,1,1,0,0,0,10,0,0,4,2,0,1,1,0,0,1,6,2,4,0,4,1,0,6,1,9,2,0,1,0,2,0,6,3,0,0,0,1,4,0,0,1,1,0,1,4,0,0,0,0,1,0,4,0,0,6,0,0,0,4,0,2,2,1,5,3,3,1,0,0,2,2,0,0,0,0,4,0,23,2,3,4,1,10,5,0,1,1,0,11,1,1,2,0,0,0,1,0,0,2,0,0,0,0,0,3,0,1,1,0,0,0,0,0,0,1,1,1,0,0,0,2,0,0,0,1,2,1,2,0,1,1,0,0,3,0,1,1,0,1,0,0,0,1,6,0,0,0,0,0,0,1,0,1,0,0,0,0,2,2,0,0,0,1,0,0,0,0,0,0,0,0,0,0,0,0,0,0,0,2,0,0,0,2,0,0,0,0,1,2,1,1,0,0,0,0,1,0,0,0,0,0,0,0,0,0,0,0,0,0,0,0,0,3,0,0,2,0,0,0,0,0,0,1,4,0,0,0,0,0,2,0,0,0,0,0,0,1,1,1,0,1,0,1,0,0,0,2,0,1,0,0,1,0,0,0,1,1,0,0,0,0,1,0,0,1,0,0,0,0,0,1,3,0,1,0,1,1,5,2,0,0,0,1,0,0,0,2,0,0,0,0,1,0,0,0,0,0,0,1,0,0,0,2,0,0,0,0,1,0,0,0,0,0,0,0,0,0,0,0,0,0,0,0,0,0,0,0,0,0,1,0,0,0,0,0,0,0,0,0,0,0,0,0,0,0,0,0,0,0,2,2,0,1,0,0,0,0,0,0,0,0,1,0,0,1,0,0,0,0,0,1,0,0,0,0,0,0,0,0,0,0,0,0,0,0,0,0,1,0,0,0,0,0,0,0,0,0,0,0,0
plehanov_slovo_prinadlezhit_menshevikam.txt_chunk1,plehanov,11,0,0,0,0,0,17,4,1,3,5,29,0,0,0,3,2,0,0,0,1,0,1,3,1,1,0,0,0,0,1,0,0,4,1,0,6,0,1,1,0,0,1,5,2,0,9,1,5,3,0,0,1,0,0,0,29,0,4,2,0,0,3,10,2,5,0,0,3,0,1,0,2,0,2,0,0,1,0,3,6,0,7,0,1,5,1,2,0,10,0,1,30,1,2,0,0,0,2,0,0,0,1,0,8,0,2,11,1,0,0,0,0,0,0,1,4,1,0,3,0,0,2,0,8,0,1,4,0,0,0,14,1,0,1,3,2,0,4,2,0,0,1,1,2,1,0,1,0,0,0,0,0,0,4,1,0,0,1,0,5,1,1,11,5,3,1,0,0,2,0,0,0,0,1,0,0,19,1,1,1,1,5,1,2,4,0,0,16,0,0,0,1,0,0,2,0,0,1,2,0,0,1,1,1,0,1,0,0,0,1,0,0,2,0,5,0,0,0,1,1,0,0,0,0,0,1,1,0,1,1,1,0,1,0,1,1,0,0,1,1,0,0,1,0,2,0,0,0,0,1,1,0,0,0,0,1,8,1,0,7,3,0,1,0,0,0,1,0,0,0,0,0,0,0,0,1,0,0,0,0,0,0,0,0,1,0,0,0,0,0,0,0,0,0,4,0,0,2,0,0,0,1,1,0,0,0,0,0,0,0,0,1,0,0,0,0,0,0,1,0,0,0,0,0,1,4,0,0,0,1,1,0,0,2,0,0,0,0,2,1,0,0,0,0,0,2,0,0,0,0,0,1,0,0,3,0,0,0,0,1,0,1,0,0,0,2,0,0,0,0,2,0,1,12,1,2,3,0,0,0,0,2,0,0,0,0,2,0,0,0,0,0,1,0,0,0,0,1,0,0,1,0,0,0,1,0,0,0,0,0,0,1,1,0,1,0,0,0,0,0,0,0,0,0,0,0,1,1,0,1,0,0,0,0,0,0,2,0,0,0,1,0,0,0,1,1,0,0,3,1,0,0,0,0,0,0,0,0,0,0,0,0,0,0,0,0,0,0,0,0,1,0,0,0,0,0,0,0,0,0,0,0,0,0,0,0,0,0,0,0,0,0,0,0,0,0,0,0,0
plehanov_torzhestvo_sr_I.txt_chunk2,plehanov,11.904761904761903,0,0,0,0,0,0,0,0,0,0,23.809523809523807,0,0,0,0,0,0,0,0,0,0,0,29.76190476190476,0,0,0,5.952380952380952,0,0,0,0,0,0,0,0,0,0,0,0,0,0,0,0,5.952380952380952,0,0,5.952380952380952,5.952380952380952,0,0,0,0,0,0,0,47.61904761904761,0,0,0,0,0,5.952380952380952,0,0,0,0,0,0,0,0,0,0,0,5.952380952380952,0,0,0,0,0,0,0,0,0,0,0,0,0,0,17.857142857142858,0,0,17.857142857142858,0,0,0,0,0,0,0,5.952380952380952,0,0,0,5.952380952380952,0,5.952380952380952,11.904761904761903,0,0,0,0,0,0,0,0,0,0,0,11.904761904761903,0,0,0,5.952380952380952,0,0,0,0,0,0,0,5.952380952380952,0,0,0,0,0,0,0,0,0,0,11.904761904761903,0,0,5.952380952380952,0,0,0,0,0,0,0,0,0,0,0,0,0,0,0,0,0,5.952380952380952,0,0,0,0,0,0,0,0,0,0,0,5.952380952380952,0,0,11.904761904761903,0,0,0,35.714285714285715,0,0,0,0,0,0,0,0,0,0,0,0,5.952380952380952,0,0,0,0,0,0,5.952380952380952,0,0,0,0,0,0,0,0,0,0,0,0,0,0,0,0,0,0,0,0,0,0,0,0,0,0,0,0,5.952380952380952,0,0,0,0,0,0,0,0,0,0,0,0,0,0,0,5.952380952380952,0,0,0,0,0,0,0,0,0,0,5.952380952380952,0,0,17.857142857142858,0,11.904761904761903,0,0,0,0,0,0,0,0,0,0,0,0,0,0,0,0,0,0,0,0,0,0,0,0,0,0,0,0,0,0,0,0,0,0,0,0,0,0,0,0,0,0,0,0,0,0,0,0,5.952380952380952,0,0,0,0,0,0,0,0,0,0,5.952380952380952,0,0,0,0,0,0,0,0,0,0,0,0,0,0,0,5.952380952380952,0,5.952380952380952,0,0,0,0,0,0,0,0,0,0,0,0,0,0,0,0,0,0,0,0,0,0,0,5.952380952380952,0,0,0,0,0,0,0,0,0,0,0,0,0,0,5.952380952380952,0,0,0,0,0,0,0,0,0,0,0,0,0,0,0,0,0,0,0,0,0,0,0,0,0,0,0,0,0,0,0,5.952380952380952,0,0,0,0,0,0,0,0,0,0,0,0,0,0,0,0,0,0,0,0,0,0,0,0,0,0,5.952380952380952,0,0,0,0,0,0,0,0,0,0,0,5.952380952380952,0,0,0,0,0,0,0,0,0,0,0,0,0,0,0,0,0,0,0,0,0,0,0,0,0,0,0,0,0,0,0,0,0,0,0,0,0,0,0,0,0,0,17.857142857142858,0,0,0,0,0
plehanov_uspenskiy.txt_chunk10,plehanov,10,1,0,0,2,0,6,0,1,2,2,24,1,0,2,4,0,0,0,0,3,1,2,3,0,0,0,0,1,1,1,0,0,0,1,1,2,2,0,0,0,2,1,8,7,4,2,1,1,12,0,0,6,0,0,1,31,1,7,6,0,0,0,7,1,13,0,0,0,1,0,0,2,0,1,0,1,1,1,2,0,0,4,3,1,4,5,0,0,10,0,0,13,1,4,0,0,0,11,2,2,1,1,1,6,0,4,1,0,1,1,3,4,2,0,9,1,1,1,1,0,0,1,0,3,2,0,3,1,0,0,8,0,0,2,1,0,0,2,0,1,0,3,1,1,3,0,1,0,0,0,2,0,0,4,0,0,0,2,0,5,1,1,6,0,1,0,0,5,3,0,0,0,1,1,0,1,17,0,0,1,0,4,8,0,0,0,0,7,2,0,4,0,2,0,0,0,0,1,1,0,0,2,1,2,2,0,0,0,0,0,0,0,0,0,1,2,1,0,0,0,0,0,1,1,0,0,0,0,1,0,0,1,0,0,1,0,0,0,1,1,2,0,0,0,4,0,0,0,0,0,0,0,0,0,0,0,1,0,0,0,0,0,0,3,1,0,0,0,0,0,0,2,1,0,0,1,0,3,1,0,0,0,0,0,0,0,0,0,0,6,0,0,0,0,0,3,0,0,1,0,0,0,0,0,0,0,0,0,0,0,0,0,0,1,0,0,1,1,0,0,0,0,3,0,1,0,1,0,0,0,0,1,0,6,1,1,0,0,1,0,1,0,1,0,0,0,1,0,0,3,1,0,1,1,1,2,0,0,0,0,0,0,0,1,0,1,0,0,0,3,0,1,0,0,0,1,1,1,0,0,0,0,0,1,0,0,0,0,1,0,0,0,1,1,0,0,0,0,0,0,0,2,1,0,0,1,0,1,1,0,0,0,0,3,0,0,0,0,1,0,0,0,0,0,0,0,0,1,0,0,0,1,0,0,0,0,1,0,0,0,0,0,0,0,0,0,1,1,0,1,0,0,2,0,1,0,0,0,0,0,0,0,0,0,0,0,0,0,0,0,0,0,0,0,0,0,2,0,0,0,0,0,0,0,0,0,0,1,0,0,0,0,0,0,0,0,0,0,0
plehanov_uspenskiy.txt_chunk11,plehanov,5,0,0,1,6,0,5,1,3,2,2,20,1,0,0,0,1,0,1,0,2,0,1,4,2,1,2,1,2,1,0,0,0,1,0,1,7,3,0,0,2,0,0,8,0,2,1,2,1,3,5,2,1,0,0,0,34,1,6,4,5,0,5,9,0,11,0,2,0,0,0,0,0,0,0,1,4,0,1,1,0,1,0,4,0,5,1,0,0,5,1,7,21,4,2,1,1,0,1,4,1,3,2,1,9,0,1,8,1,1,0,0,1,0,0,13,0,1,0,1,0,0,0,1,6,0,0,0,0,0,0,13,0,1,0,2,1,0,0,0,0,0,1,0,4,1,0,1,0,2,0,1,0,0,3,1,0,1,1,1,6,5,0,3,3,2,3,0,0,4,0,0,0,0,2,2,0,20,2,0,0,0,3,1,0,1,1,0,1,2,0,0,0,0,1,4,0,0,0,2,1,1,1,1,0,0,0,1,1,0,0,0,0,0,0,1,0,3,1,2,0,0,0,1,0,0,0,2,1,0,0,2,0,3,0,0,1,0,2,1,2,0,0,0,0,0,0,0,0,0,1,0,2,1,2,0,0,2,4,0,0,0,2,0,0,0,0,0,0,0,1,1,0,0,0,0,0,0,3,0,1,0,0,0,0,1,0,0,0,0,1,0,0,0,0,2,0,0,1,0,0,0,0,0,0,0,0,1,0,0,0,0,0,0,0,1,0,0,0,2,0,0,0,1,1,1,2,0,0,0,1,0,0,0,2,0,1,0,1,1,0,0,0,3,0,0,0,0,0,0,1,2,1,1,0,0,1,0,0,0,0,1,0,0,0,2,1,1,0,0,0,0,0,0,0,2,8,1,3,0,0,0,0,0,0,0,0,0,1,0,1,1,0,1,0,0,0,0,1,0,0,0,0,0,0,1,4,0,2,2,0,0,0,0,2,0,0,0,0,0,0,1,1,0,0,0,0,1,1,1,0,0,0,0,0,0,0,0,0,0,0,0,0,0,0,0,0,0,0,1,0,0,0,0,0,2,0,0,0,0,0,0,0,0,0,0,0,0,0,0,0,0,0,0,0,0,0,0,0,0,0,0,0,0,0,0,0,0,0,0,0,0,0,0,0,0,0,0,0,0
plehanov_uspenskiy.txt_chunk12,plehanov,9,0,0,4,2,0,10,0,1,1,0,22,0,0,0,1,0,0,0,1,2,0,0,3,0,0,0,0,2,3,0,3,0,0,4,0,8,1,0,0,0,0,1,5,2,2,4,2,3,3,2,0,1,0,0,0,33,0,8,2,1,1,2,8,1,10,0,2,2,0,0,0,2,0,0,3,1,1,0,1,6,0,1,0,1,1,4,0,0,15,1,0,17,5,1,0,0,0,2,2,1,0,0,1,6,0,3,1,1,1,1,0,0,0,0,7,0,1,0,6,0,0,1,0,1,1,0,1,0,1,0,4,0,1,0,0,0,0,1,1,1,0,3,0,2,1,1,0,0,0,0,1,1,0,3,1,1,1,0,1,12,2,0,4,1,1,0,0,1,6,0,1,0,1,3,2,4,18,4,0,0,0,5,2,0,0,1,1,6,1,0,0,1,0,0,1,0,0,0,0,1,0,3,0,8,1,1,0,0,0,0,0,0,0,0,4,0,0,1,1,0,0,0,1,1,0,0,0,0,1,2,1,1,2,0,1,0,0,2,2,3,0,0,0,0,0,0,0,0,0,1,0,1,0,0,0,0,0,0,0,0,0,1,0,0,0,0,0,0,1,0,0,0,0,0,0,0,0,2,0,0,0,0,0,0,1,0,0,0,0,4,0,0,0,0,0,0,0,3,1,0,1,1,0,0,1,0,0,0,0,0,0,3,0,0,2,0,0,1,0,0,0,2,1,0,0,0,0,0,1,0,0,0,0,2,0,0,0,0,2,0,1,1,0,0,0,0,0,0,0,1,0,0,0,1,0,2,0,0,1,0,0,0,0,0,3,0,1,0,0,0,3,0,4,2,0,3,0,1,0,0,0,1,0,0,0,0,0,1,0,0,1,0,0,0,0,0,0,1,0,0,2,2,6,1,0,0,1,1,0,0,1,0,0,0,0,0,0,0,0,0,1,2,0,0,0,0,0,0,0,0,0,0,0,0,0,0,0,0,0,0,1,0,0,0,0,0,0,0,0,1,0,0,1,0,1,0,0,0,0,0,1,0,0,0,0,0,0,0,0,1,0,0,0,0,0,0,0,0,2,0,0,0,0,0,0,0,0,0,0,1,0,0,0,0,0,0,0,0,0
plehanov_uspenskiy.txt_chunk15,plehanov,9,0,0,0,1,0,6,0,0,7,1,23,0,0,0,5,1,0,0,0,2,1,1,5,0,1,1,1,1,1,0,0,0,1,1,0,4,0,0,0,0,0,0,21,0,4,1,1,1,3,1,4,7,0,0,0,32,0,2,0,2,0,1,10,1,8,0,1,0,0,1,1,1,0,0,2,0,0,0,0,1,0,1,4,0,2,0,1,0,13,1,2,19,5,1,2,0,0,1,7,0,1,0,2,12,0,2,5,0,0,0,1,1,1,1,34,0,1,0,3,0,0,1,0,9,0,0,1,1,4,0,11,1,0,0,1,0,2,2,1,0,3,1,1,1,4,0,0,0,0,1,0,0,0,3,1,1,1,1,0,13,0,0,3,2,0,0,0,2,8,0,1,0,0,0,1,0,15,4,0,0,0,7,2,3,1,0,0,2,2,0,2,1,0,0,0,0,0,1,0,0,0,2,1,0,0,0,0,0,0,0,0,0,1,0,0,0,3,0,1,0,0,0,0,0,0,0,1,0,1,0,0,0,0,0,0,0,0,1,1,1,1,0,0,0,0,0,1,0,0,2,1,0,0,1,0,0,0,0,0,0,0,0,2,0,0,0,0,1,0,0,0,0,0,0,0,1,0,1,1,0,0,0,0,0,1,0,0,0,0,2,0,0,0,0,0,0,0,0,0,0,0,0,0,0,1,0,0,0,0,0,0,0,0,0,0,0,0,0,2,0,0,1,1,0,1,0,2,0,4,0,0,0,0,1,0,0,0,0,0,0,0,0,0,0,0,0,0,0,0,3,0,0,0,0,1,0,0,0,0,1,1,1,0,1,0,0,0,0,1,0,1,0,2,0,0,1,0,0,0,0,0,0,0,0,0,2,0,0,0,0,1,0,0,0,0,1,0,1,0,0,0,0,0,0,1,0,0,0,0,0,0,0,0,0,0,0,0,0,0,0,0,0,0,0,0,0,0,0,0,0,0,0,1,0,1,1,0,0,0,0,0,0,0,0,0,0,0,1,0,0,0,0,0,0,0,0,0,0,0,0,0,0,0,0,0,0,0,0,0,0,0,0,1,0,0,0,1,0,0,0,0,0,0,0,0,0,0,0,0,0,0,0,0,0,0,0,0,0,0
plehanov_uspenskiy.txt_chunk3,plehanov,3,0,0,0,1,1,9,0,0,2,1,25,0,0,2,0,0,0,0,0,0,3,3,5,1,1,0,2,1,2,0,0,0,0,1,0,2,0,2,0,0,0,0,5,4,2,0,1,0,2,4,3,1,0,0,1,37,1,5,5,1,0,2,6,0,8,1,1,1,2,0,0,1,0,0,2,0,1,0,0,0,2,0,2,3,3,3,0,0,14,0,2,26,2,1,0,1,1,0,4,1,0,2,1,6,1,0,6,0,1,2,2,0,0,0,9,2,5,0,2,0,2,3,1,5,0,0,1,0,1,0,11,0,0,3,0,2,2,1,0,0,0,2,0,1,0,0,1,0,1,0,1,0,0,2,2,1,1,1,1,5,4,0,3,2,1,1,0,0,3,0,1,0,0,1,1,0,19,2,0,0,1,3,1,1,3,2,3,0,0,0,0,0,0,1,2,0,0,0,1,1,1,2,0,2,2,0,0,0,1,2,0,0,1,1,0,0,0,0,1,1,0,0,1,0,1,0,0,0,1,0,0,0,5,0,1,1,0,2,0,0,0,0,0,0,0,0,2,0,0,1,0,0,0,0,0,0,0,2,0,0,0,0,0,2,0,0,0,0,1,0,0,0,0,0,1,5,0,0,1,0,0,0,1,0,0,0,2,1,1,2,0,0,0,0,1,1,0,0,1,0,1,0,0,0,0,0,0,0,0,0,0,1,0,1,0,0,0,1,2,0,0,1,3,2,1,0,0,0,2,0,2,0,0,0,0,0,0,0,0,0,0,0,1,0,0,1,0,0,0,0,0,0,0,0,1,1,0,0,0,2,0,0,1,0,0,0,0,0,0,0,0,0,0,2,2,1,1,0,0,0,0,0,0,1,1,1,1,0,3,0,0,0,3,1,0,1,0,0,0,1,2,1,0,0,0,1,0,0,0,0,0,0,0,0,1,0,0,1,0,1,0,0,0,0,0,0,1,1,0,0,0,1,0,0,0,0,1,0,0,0,0,0,0,0,0,0,0,0,2,2,0,0,0,0,0,0,0,0,0,0,0,1,0,0,0,0,0,0,0,0,0,0,0,0,0,0,0,0,1,0,0,0,0,0,0,0,0,0,0,0,0,0,0,0,0,0,0,0,0
plehanov_uspenskiy.txt_chunk5,plehanov,5,0,0,2,2,0,7,0,0,0,0,24,1,0,2,2,0,0,0,0,1,0,1,6,0,3,4,0,2,2,0,1,1,1,2,0,2,0,0,1,0,0,1,13,1,2,1,2,1,6,3,1,3,0,3,0,44,1,5,2,1,0,4,9,0,12,0,0,3,1,0,0,2,0,1,2,0,1,0,0,1,0,1,1,0,0,3,1,1,12,3,0,20,2,2,0,0,0,3,4,0,0,0,2,6,0,1,5,3,0,0,0,0,1,0,10,0,2,0,5,0,7,2,0,2,2,0,0,0,0,0,9,1,0,1,1,0,0,0,0,0,1,1,1,0,0,0,1,0,0,0,0,0,0,10,1,1,1,0,1,10,0,1,3,0,2,0,0,0,4,0,1,0,0,6,1,0,14,1,0,2,4,4,5,0,0,0,1,1,2,0,1,0,0,1,0,0,0,3,3,0,0,1,0,1,0,1,0,0,1,0,0,0,0,0,1,1,4,1,1,0,0,0,0,1,0,0,0,1,1,1,1,1,1,0,0,0,0,0,4,0,4,0,0,0,0,0,0,0,0,0,1,1,0,1,0,0,2,0,1,0,0,0,0,0,0,0,0,0,1,0,0,0,2,0,0,1,0,9,3,0,0,0,0,0,0,4,1,0,0,1,0,0,0,0,1,2,0,0,0,0,0,2,0,0,3,0,0,0,0,0,0,0,0,0,0,0,1,1,0,2,0,0,1,0,1,0,10,0,0,1,1,1,0,4,0,0,1,0,0,0,1,0,0,2,0,0,1,1,0,2,0,1,0,0,1,1,0,0,1,0,1,0,0,0,1,0,0,0,0,0,1,2,2,1,0,4,1,3,0,0,0,0,0,0,0,2,0,1,0,1,0,0,2,0,0,0,0,1,0,0,0,2,4,0,0,0,1,0,0,0,0,0,0,0,0,0,0,0,3,0,0,0,0,0,0,0,1,0,0,0,0,0,0,0,0,0,0,0,0,0,1,0,0,0,0,1,0,1,3,0,0,0,0,0,0,0,0,0,0,0,0,0,0,0,0,0,0,0,0,0,0,0,1,0,0,0,0,0,0,0,0,0,0,0,0,0,1,0,0,0,0,0,0,0,0,0,0,0,0
plehanov_uspenskiy.txt_chunk7,plehanov,8,0,0,1,5,0,6,1,1,2,4,27,0,0,0,0,1,0,0,0,4,0,1,6,0,1,1,0,3,0,0,2,0,0,1,0,3,1,0,0,0,1,2,9,0,3,2,2,1,12,3,0,7,0,1,0,37,0,6,0,2,0,0,5,1,12,0,1,0,0,1,0,0,0,1,2,4,1,1,2,0,0,1,2,3,1,3,2,0,10,3,0,18,2,0,0,0,0,5,7,0,0,0,7,4,1,1,8,1,1,0,0,1,2,0,10,1,1,0,5,0,0,2,0,1,1,0,4,1,0,0,7,0,0,0,2,0,4,0,1,0,2,0,0,6,0,0,0,0,0,0,2,0,2,2,0,0,0,2,0,9,3,1,3,8,1,1,0,0,2,0,0,0,2,1,1,1,25,3,1,0,0,4,2,1,4,0,1,2,0,0,1,1,0,1,0,1,0,0,0,1,1,1,0,2,0,1,0,0,0,2,0,1,0,0,0,0,0,0,0,0,0,0,0,1,0,1,2,0,1,2,1,3,4,0,2,0,0,2,0,0,0,0,0,0,0,0,2,0,0,1,0,0,0,1,0,0,0,0,0,0,0,0,1,0,0,0,0,0,1,1,0,1,2,0,0,0,0,1,3,0,0,0,0,0,0,0,0,0,0,1,0,0,0,0,0,0,0,0,1,0,0,0,0,0,1,0,0,0,0,0,0,1,0,0,0,0,0,1,0,0,0,0,1,0,0,0,5,0,0,0,0,0,0,2,1,0,2,0,0,0,0,0,0,1,0,0,0,0,0,0,0,0,1,0,0,0,0,0,0,0,0,0,0,1,0,0,0,0,0,0,1,0,4,2,2,10,1,0,0,0,0,0,0,0,0,0,2,1,0,0,3,0,0,0,0,0,0,0,0,0,0,0,0,1,1,2,0,0,0,0,1,0,1,0,0,0,0,0,1,1,0,0,0,0,0,0,0,0,1,0,0,0,0,0,0,0,0,0,1,0,0,0,0,0,0,0,0,1,1,2,0,1,0,0,0,0,0,0,0,0,0,0,0,0,0,0,0,1,0,0,0,0,0,0,0,0,0,0,0,0,0,0,0,0,0,0,0,0,0,0,0,0,0,0,0,0,0,0,0
plehanov_uspenskiy.txt_chunk9,plehanov,2,0,1,0,0,1,7,0,0,1,4,26,0,0,0,1,4,0,0,0,0,0,0,5,0,1,0,1,1,5,0,0,0,1,2,0,6,1,2,1,1,2,0,7,4,2,3,2,0,5,2,1,2,0,2,2,33,0,6,1,1,1,2,9,0,11,1,1,2,1,3,0,0,0,0,0,0,2,0,0,0,0,0,2,1,7,4,2,1,11,0,1,14,1,0,1,0,0,3,6,1,0,0,0,9,0,0,5,1,0,0,3,2,1,0,3,3,1,0,0,0,0,0,1,5,0,0,0,0,0,0,5,0,1,0,1,0,1,4,1,0,1,0,2,2,2,0,0,0,1,2,5,0,2,2,0,1,3,2,0,8,0,1,6,2,0,1,0,1,0,0,1,0,0,0,1,1,25,1,0,0,1,3,1,2,3,0,0,0,4,0,1,0,0,0,0,1,1,0,0,0,1,1,2,3,0,1,0,1,0,0,0,0,0,0,2,0,1,0,3,0,0,0,0,1,0,1,1,1,0,0,0,1,5,1,1,2,0,0,1,0,1,0,0,0,0,0,1,0,0,1,0,0,0,0,0,0,2,1,1,0,0,0,0,0,0,0,0,0,0,0,0,0,0,0,0,1,0,2,0,0,0,0,0,0,1,0,0,0,1,1,0,0,0,0,0,0,1,1,0,0,2,0,0,0,0,0,0,0,0,0,0,1,0,1,0,0,0,0,0,1,0,0,1,0,1,0,2,0,1,0,2,0,0,0,0,2,0,0,0,0,0,0,1,0,0,0,0,0,0,3,0,0,0,0,0,0,0,0,0,1,1,0,0,0,0,0,0,1,0,0,1,0,3,4,1,10,2,1,0,0,0,1,0,0,1,0,1,0,4,1,2,0,0,1,0,0,0,0,0,0,2,0,0,2,1,0,0,1,0,0,0,0,0,0,1,0,0,0,0,1,0,1,0,0,0,0,0,1,0,0,0,0,0,2,0,0,1,0,1,0,0,0,0,0,0,0,0,0,2,0,0,0,1,0,0,0,0,0,0,0,1,0,0,0,0,0,1,0,0,0,0,0,0,2,0,0,0,0,0,0,0,0,0,0,0,0,0,0,0,0,0,0,0,0,0,0,0,0,0
plehanov_vremena_menyayutsya_I.txt_chunk1,plehanov,0,0,0,1,0,0,4,0,3,3,1,31,0,0,3,8,1,0,0,0,0,0,5,3,0,1,1,0,0,1,0,0,1,1,0,0,4,0,0,0,4,2,0,3,2,0,1,2,2,1,1,0,3,2,0,0,25,0,4,2,0,0,5,5,0,3,0,4,1,2,1,2,1,1,0,0,0,1,0,0,0,0,0,3,0,0,1,0,0,16,0,0,21,2,0,0,0,0,0,0,1,1,0,0,8,0,0,2,0,0,0,1,0,1,0,2,2,2,0,5,0,0,2,1,3,0,0,3,0,0,0,6,0,0,0,0,0,0,3,0,0,0,2,0,1,1,0,2,0,0,0,2,1,2,1,0,0,0,0,0,3,1,0,6,1,0,3,0,0,3,1,0,0,0,0,5,0,13,2,0,4,1,5,2,1,1,0,1,0,2,0,0,0,2,0,0,1,0,0,0,0,1,0,1,1,0,0,1,0,0,0,1,1,0,0,2,0,0,0,0,0,0,0,0,1,0,2,0,0,1,1,1,0,6,0,1,2,1,3,1,7,0,0,1,0,0,0,0,1,1,1,0,0,0,0,0,2,0,0,0,1,1,1,0,3,0,0,0,0,0,0,0,1,1,0,0,0,0,0,0,0,0,0,1,0,1,0,0,0,0,2,0,0,0,0,1,0,0,0,1,0,2,1,0,0,2,0,0,0,0,0,0,4,0,0,0,0,1,1,1,0,0,2,4,1,0,0,0,0,4,0,0,1,0,1,0,0,2,1,0,0,0,0,0,0,0,1,1,1,0,1,0,0,0,1,0,0,1,0,0,1,0,0,0,0,2,0,0,0,0,0,0,0,1,0,0,8,0,0,1,0,0,1,0,1,0,0,0,0,0,1,1,0,0,0,0,1,0,1,0,1,3,0,0,0,0,2,0,1,0,0,0,0,0,0,0,0,0,1,0,0,0,2,0,0,0,3,0,0,0,0,0,0,0,0,0,0,0,0,0,0,0,0,0,0,1,0,2,0,1,2,1,0,0,0,0,1,0,0,0,0,0,0,1,0,0,0,0,0,0,2,0,0,0,1,0,0,0,0,0,0,0,0,0,1,0,0,1,0,0,0,0,0,0,0,0,0,0,0,0
plehanov_vroz_idti_vmeste_bit_I.txt_chunk1,plehanov,2,0,0,0,2,0,1,1,0,4,3,44,0,0,1,0,1,0,0,0,1,0,6,2,0,1,1,0,2,0,0,0,0,1,0,0,3,2,0,0,0,1,0,4,2,0,1,0,0,6,1,0,3,0,0,0,31,0,6,0,0,0,2,9,0,5,0,2,1,1,0,0,4,1,2,0,1,2,0,0,0,0,0,0,1,3,0,0,2,16,0,0,21,2,1,0,1,0,1,7,0,0,1,0,2,0,0,4,1,1,1,1,0,1,0,1,5,3,0,0,0,0,2,1,9,1,0,3,0,0,0,6,0,1,0,1,0,0,1,0,0,1,2,0,0,0,0,1,0,0,0,2,0,0,1,1,0,4,1,0,9,2,1,3,6,0,1,0,2,3,0,1,1,0,0,3,0,14,0,0,1,0,6,3,0,1,1,1,1,2,0,0,0,0,0,3,0,0,0,1,0,0,1,1,3,0,2,1,0,0,0,0,0,0,0,0,0,2,0,0,0,0,0,4,0,1,1,0,0,0,1,2,0,1,0,2,0,0,3,6,1,0,1,1,2,1,4,0,0,1,1,1,5,1,0,1,1,6,1,0,1,0,0,0,0,0,0,0,0,0,1,0,0,1,5,0,2,0,1,0,0,0,0,0,1,1,1,1,0,0,1,0,0,0,0,0,0,0,0,0,3,0,0,0,0,1,1,0,0,0,0,0,3,0,0,0,1,0,0,4,0,0,0,6,0,0,0,2,0,0,0,0,2,0,0,0,0,1,0,0,0,1,0,0,0,0,1,0,1,0,0,0,1,1,0,0,1,0,0,0,2,1,0,0,1,0,2,0,0,0,0,1,0,1,0,0,1,7,1,0,2,0,0,0,0,0,2,1,0,0,2,1,0,0,0,1,0,0,0,0,0,0,0,0,0,1,0,1,0,0,0,0,1,0,1,0,0,0,0,0,0,0,2,0,0,1,0,0,0,0,0,2,1,1,0,0,2,0,0,0,0,0,1,0,2,0,0,0,0,1,0,1,0,0,0,0,1,0,0,0,0,0,0,0,3,0,1,0,0,0,0,0,0,0,0,0,0,0,0,0,0,0,0,0,0,0,0,0,0,0,0,0,0,0,0,0,0,0,0,0
plehanov_vroz_idti_vmeste_bit_I.txt_chunk4,plehanov,0,0,0,0,0,0,0,0,0,0,0,20.408163265306122,0,0,0,0,0,0,0,0,6.802721088435374,0,0,13.605442176870747,0,0,0,0,0,0,0,0,0,0,0,0,6.802721088435374,0,0,0,6.802721088435374,0,0,0,40.816326530612244,0,0,0,0,0,0,0,0,0,0,0,47.61904761904761,0,0,0,0,0,0,13.605442176870747,0,6.802721088435374,0,0,0,6.802721088435374,0,0,0,0,0,0,0,0,0,0,0,0,0,0,0,6.802721088435374,0,0,0,0,6.802721088435374,13.605442176870747,20.408163265306122,6.802721088435374,0,0,0,0,0,0,0,0,0,0,6.802721088435374,0,0,0,0,0,0,0,0,0,6.802721088435374,0,0,0,0,6.802721088435374,0,0,0,6.802721088435374,0,0,0,0,0,0,0,34.013605442176875,0,0,0,0,0,0,0,0,0,0,0,0,0,6.802721088435374,0,0,0,0,0,0,0,6.802721088435374,6.802721088435374,0,0,0,6.802721088435374,0,0,6.802721088435374,0,0,0,0,0,0,0,0,0,0,0,0,0,0,0,6.802721088435374,13.605442176870747,6.802721088435374,0,0,0,6.802721088435374,0,0,0,0,0,6.802721088435374,0,0,0,0,0,0,0,0,0,0,0,0,0,0,0,0,0,0,0,0,0,0,0,0,0,0,0,6.802721088435374,0,6.802721088435374,0,0,0,0,0,0,0,0,0,0,0,0,0,0,0,0,0,0,13.605442176870747,0,0,0,0,0,0,6.802721088435374,0,0,0,0,13.605442176870747,0,0,0,0,0,6.802721088435374,0,0,0,0,0,0,0,6.802721088435374,0,0,0,0,0,0,0,6.802721088435374,0,0,0,6.802721088435374,0,0,0,0,0,0,0,0,0,0,0,0,0,0,0,0,0,0,0,0,0,0,0,0,0,0,6.802721088435374,0,0,0,0,0,0,0,0,0,0,0,0,0,0,0,0,0,0,0,13.605442176870747,0,0,0,0,0,0,0,0,0,0,0,0,0,0,0,0,0,0,0,0,0,0,0,0,0,0,0,0,0,0,0,0,0,0,0,0,0,0,0,0,0,0,0,0,0,0,0,0,0,0,0,0,34.013605442176875,13.605442176870747,0,0,0,0,0,0,0,0,0,0,0,0,0,13.605442176870747,0,0,0,0,0,0,0,6.802721088435374,0,0,0,0,0,0,0,0,0,0,6.802721088435374,0,0,0,0,0,0,0,0,0,0,0,0,0,0,0,0,0,0,0,0,0,0,0,13.605442176870747,0,0,0,0,0,0,0,0,0,0,0,0,0,0,6.802721088435374,0,0,0,0,0,0,0,0,0,0,0,0,0,0,0,0,0,0,0,0,0,6.802721088435374,0,0,0,0,0,0,0,0,0,0,0,0,0,0,0,0,6.802721088435374,0,0,0,0,0,0,0,0,0,0,0
trotsky_chto_dalshe.txt_chunk2,trotsky,7,0,0,0,2,1,4,0,0,3,4,24,1,0,0,2,0,0,0,3,1,0,1,0,1,2,0,1,1,0,1,0,0,0,1,0,10,0,1,1,2,2,0,2,3,0,2,0,2,6,0,0,1,0,0,2,32,0,4,5,1,0,4,6,0,7,0,0,0,0,2,0,1,0,0,0,0,2,0,0,0,0,0,1,2,3,1,1,3,8,2,0,14,0,0,0,2,1,0,0,0,0,1,0,12,0,2,4,0,0,0,2,0,0,1,4,2,7,1,3,0,0,1,1,8,3,1,1,0,0,1,11,1,0,3,1,0,0,1,0,0,0,0,1,4,1,0,0,1,0,0,1,0,1,2,1,0,0,2,0,3,4,1,6,0,0,0,0,1,0,0,1,0,0,0,0,0,6,7,2,0,2,5,4,0,2,1,1,0,0,0,1,0,0,0,2,2,1,0,2,2,1,1,0,0,0,1,0,0,0,0,1,0,0,0,1,0,1,0,0,0,0,0,1,0,0,0,0,0,0,0,2,0,4,0,0,0,0,0,1,1,0,0,1,0,1,0,0,0,0,2,0,1,0,1,0,0,0,0,1,2,0,0,1,1,1,0,0,0,0,0,0,0,0,0,0,2,0,1,0,0,0,0,0,0,1,0,0,0,0,0,1,0,0,0,0,0,0,0,2,0,8,0,1,0,1,0,0,0,0,6,5,2,0,0,0,0,0,0,1,0,0,0,2,0,0,0,0,0,1,0,0,2,0,0,0,0,2,0,0,0,1,0,0,0,0,0,0,0,0,0,0,1,0,0,3,0,0,0,0,0,0,1,0,0,0,0,0,1,0,0,1,0,2,0,0,2,0,1,0,0,0,0,1,0,0,0,0,0,0,0,0,1,0,0,0,0,0,0,0,1,0,0,0,0,0,2,1,0,0,1,0,0,2,0,2,0,0,0,0,0,0,0,0,0,0,0,0,0,0,0,0,0,0,0,0,0,3,0,0,0,0,0,0,1,1,1,2,0,1,0,1,0,0,0,0,1,0,0,0,0,1,0,0,0,0,0,0,0,5,0,0,0,0,0,0,0,0,0,0,1,1,0,0,3,0,2,1,0,0,0,0,0,0,0,0,0,0,0,0
trotsky_chto_dalshe.txt_chunk4,trotsky,2.512562814070352,0,0,0,2.512562814070352,0,10.050251256281408,0,2.512562814070352,7.537688442211055,0,5.025125628140704,0,0,0,7.537688442211055,0,0,0,0,0,0,5.025125628140704,2.512562814070352,2.512562814070352,2.512562814070352,0,2.512562814070352,0,0,0,0,0,0,7.537688442211055,0,5.025125628140704,0,0,0,5.025125628140704,2.512562814070352,0,5.025125628140704,2.512562814070352,0,2.512562814070352,0,0,0,0,0,0,0,0,0,27.638190954773872,5.025125628140704,2.512562814070352,0,0,0,2.512562814070352,5.025125628140704,0,0,0,0,0,2.512562814070352,0,0,2.512562814070352,0,0,0,0,0,0,0,0,0,0,2.512562814070352,0,2.512562814070352,0,0,0,12.56281407035176,0,0,22.613065326633166,0,0,0,0,0,7.537688442211055,7.537688442211055,0,0,0,2.512562814070352,10.050251256281408,0,2.512562814070352,0,0,0,0,0,0,0,2.512562814070352,5.025125628140704,5.025125628140704,0,5.025125628140704,7.537688442211055,0,0,0,5.025125628140704,10.050251256281408,0,0,0,2.512562814070352,0,0,10.050251256281408,0,2.512562814070352,0,0,0,0,0,2.512562814070352,0,0,0,0,0,0,0,0,0,0,0,0,0,0,0,0,0,0,0,0,10.050251256281408,2.512562814070352,0,5.025125628140704,0,0,0,0,0,0,0,0,0,0,0,0,0,7.537688442211055,5.025125628140704,0,0,0,2.512562814070352,5.025125628140704,5.025125628140704,0,0,0,0,2.512562814070352,0,0,0,5.025125628140704,0,2.512562814070352,0,0,0,0,0,0,0,2.512562814070352,0,0,0,0,0,0,0,0,0,0,0,0,0,0,0,0,0,0,0,0,0,0,0,0,0,0,2.512562814070352,0,0,2.512562814070352,0,0,0,0,0,0,0,0,2.512562814070352,0,7.537688442211055,0,0,0,0,0,0,17.587939698492463,0,0,0,0,0,10.050251256281408,0,0,12.56281407035176,2.512562814070352,0,0,0,0,0,0,0,0,0,0,0,0,12.56281407035176,0,0,0,0,0,0,0,0,0,0,0,0,0,0,0,0,0,0,0,2.512562814070352,0,0,0,0,0,0,0,2.512562814070352,0,0,0,0,0,0,0,2.512562814070352,5.025125628140704,0,0,0,2.512562814070352,0,0,2.512562814070352,0,0,0,0,7.537688442211055,0,0,0,0,0,0,0,0,2.512562814070352,0,0,0,0,0,2.512562814070352,5.025125628140704,0,0,0,0,0,0,0,0,5.025125628140704,0,0,0,0,0,0,0,0,0,0,2.512562814070352,0,2.512562814070352,0,0,2.512562814070352,0,0,0,0,0,0,0,0,0,0,0,7.537688442211055,5.025125628140704,0,0,7.537688442211055,0,7.537688442211055,0,0,0,0,0,0,0,0,0,0,0,0,0,0,0,0,0,0,0,0,0,0,0,0,0,0,0,2.512562814070352,0,0,0,0,0,0,0,0,0,0,0,0,0,0,0,0,0,0,0,0,0,0,0,0,0,0,0,0,15.07537688442211,0,0,0,0,0,0,0,10.050251256281408,0,0,5.025125628140704,0,0,2.512562814070352,0,0,2.512562814070352,5.025125628140704,0,0,0,0,0,0,0,0,5.025125628140704,0,0,2.512562814070352,0,0,0,0,2.512562814070352,0,2.512562814070352,0,0,0,0,0,0,0,7.537688442211055,0,5.025125628140704,0,2.512562814070352,0,0,0,0,0,0,0,0,0,0,0
trotsky_dem_i_rev.txt_chunk1,trotsky,6,0,1,1,8,0,5,1,0,1,3,23,0,0,0,1,4,0,0,0,0,0,0,0,1,0,0,0,0,1,0,0,0,0,2,0,13,0,3,2,0,0,0,7,4,1,5,4,2,1,0,0,4,0,0,7,27,0,2,4,0,1,3,6,0,5,0,1,0,1,2,0,0,0,0,1,0,2,0,1,0,0,0,0,0,7,3,0,1,10,0,0,18,2,1,0,0,0,2,0,0,0,1,3,8,0,0,1,1,0,0,1,1,0,0,2,8,7,0,2,0,0,0,0,1,2,0,1,1,0,0,6,0,0,0,0,3,1,0,0,3,1,1,3,1,2,0,2,0,2,1,0,1,0,4,0,0,0,3,0,2,1,0,6,0,0,1,0,0,1,0,0,0,0,0,2,0,12,1,0,2,1,3,3,0,0,0,2,4,3,0,0,2,0,0,2,1,0,0,0,1,0,1,1,1,3,0,0,0,0,0,1,0,0,0,1,0,1,0,0,0,1,0,0,0,0,1,0,0,0,1,0,0,0,0,2,1,3,3,0,3,0,0,0,6,0,0,0,0,0,0,0,0,0,0,0,0,0,0,0,1,1,0,2,0,0,0,0,0,2,0,0,2,0,0,0,2,0,3,1,0,1,0,0,0,0,0,1,0,0,0,1,2,0,0,0,0,0,0,0,0,6,0,0,1,0,0,6,0,0,0,2,3,0,0,0,0,2,3,1,0,0,0,0,0,0,0,1,0,0,0,0,0,0,0,0,1,0,0,0,0,0,0,2,0,0,0,1,0,0,1,0,0,0,1,0,0,0,0,0,0,1,0,0,2,0,0,0,1,0,0,1,0,3,0,0,1,1,3,0,0,0,1,0,0,0,0,0,1,0,0,0,0,2,0,0,1,0,0,2,0,0,0,0,0,1,0,0,0,0,0,0,0,0,0,0,0,0,0,0,0,2,3,0,0,0,0,0,0,1,0,2,1,3,0,0,1,0,0,0,0,0,0,3,0,0,0,2,0,0,0,0,0,2,0,1,0,1,0,0,0,0,0,0,0,4,12,0,0,0,0,1,0,0,0,1,2,0,0,0,1,0,0,0,0,0,4,2,1,0,4,0,0,0,0,0,0,0,0,0
trotsky_dem_i_rev.txt_chunk2,trotsky,5,0,0,0,6,2,1,0,0,1,5,27,0,0,0,1,3,0,0,2,0,0,1,1,0,2,0,0,0,1,2,3,0,0,0,0,9,0,6,1,1,0,0,1,5,1,3,2,4,3,1,1,4,0,0,1,32,0,7,2,0,1,6,6,0,10,0,1,1,2,0,1,1,1,2,1,0,1,0,2,0,0,0,0,0,8,0,0,1,15,0,0,31,0,0,0,1,0,4,2,0,1,2,0,10,0,4,3,1,1,1,0,0,0,1,1,10,11,0,3,0,0,0,0,2,1,0,1,0,0,0,15,0,0,0,0,1,3,3,0,1,1,1,2,1,2,1,1,0,0,0,0,0,1,7,0,0,0,0,0,1,0,2,9,1,0,0,0,0,4,0,0,0,0,0,0,0,12,1,3,0,1,5,0,2,0,1,0,0,3,0,1,0,0,0,2,0,0,1,0,0,2,1,0,2,0,0,0,0,0,0,0,0,1,1,1,0,2,0,0,3,0,1,0,1,1,0,0,0,1,0,1,0,0,0,1,1,0,0,0,0,0,0,0,1,1,0,0,0,0,0,0,0,1,0,0,0,1,0,0,0,2,2,0,0,0,1,0,0,0,0,0,1,0,0,0,3,0,0,0,0,0,0,2,0,1,1,1,0,0,0,1,2,0,0,0,0,0,0,0,0,6,0,1,4,1,0,0,0,0,0,2,1,0,1,3,0,0,0,3,0,0,0,1,0,0,0,0,0,0,0,0,1,0,1,0,1,0,0,0,0,0,0,0,0,0,0,0,0,0,0,0,0,0,0,0,0,0,0,0,1,1,0,0,0,0,0,0,1,1,0,0,0,3,0,0,2,2,0,0,1,0,1,0,0,0,1,0,0,0,0,0,0,0,0,0,0,0,0,0,0,0,0,0,0,0,7,2,0,0,0,0,0,2,0,0,0,0,0,0,0,1,0,0,0,0,0,0,0,0,0,1,0,0,0,0,0,0,0,0,0,0,0,0,0,1,0,3,2,0,0,0,0,0,0,0,0,1,0,0,0,0,3,0,0,0,8,0,0,0,0,1,0,1,3,1,0,0,0,4,0,0,0,0,0,0,1,0,0,0,0,1,0,0,0,0,0,0,0,0
trotsky_dem_i_rev.txt_chunk3,trotsky,2,2,0,0,3,0,6,1,0,1,0,25,0,2,0,2,1,0,0,1,1,0,4,6,0,0,1,0,1,0,1,3,0,2,0,1,3,1,0,0,1,0,1,0,2,0,3,2,2,3,1,0,1,0,2,7,47,0,2,2,0,0,3,7,2,8,0,1,0,3,0,2,0,1,0,0,0,0,0,0,0,0,0,0,1,1,0,0,1,16,1,0,20,1,0,0,0,0,4,6,0,0,0,1,6,0,0,2,0,0,0,0,0,0,0,2,10,19,0,10,0,0,0,0,3,0,0,3,0,0,1,8,1,3,0,1,0,3,0,0,1,0,3,1,4,0,0,0,0,0,0,0,0,0,6,0,0,0,0,0,11,6,3,6,1,0,0,0,0,1,0,0,0,2,0,1,1,15,5,0,0,1,8,1,1,1,1,0,0,1,0,0,1,0,0,0,0,0,0,1,0,2,2,0,0,0,1,0,0,0,1,0,0,2,0,1,1,0,0,1,1,0,0,1,0,1,1,0,0,0,0,2,0,0,0,1,2,0,0,1,2,0,0,0,3,0,0,0,0,0,1,0,0,3,1,0,1,2,0,0,3,0,0,2,2,0,0,1,0,0,1,0,0,0,4,0,0,0,1,0,0,0,0,0,0,1,1,2,0,0,0,0,0,1,0,0,0,0,0,1,0,3,0,1,3,0,0,0,0,0,0,0,2,0,1,3,0,0,0,1,0,0,0,0,1,5,0,0,0,0,0,0,3,0,3,1,0,1,0,0,0,0,0,0,0,0,0,0,0,0,0,0,0,1,0,0,1,0,0,0,0,0,0,0,0,0,0,0,0,1,0,0,0,2,4,0,4,0,1,0,0,0,0,0,0,0,0,0,1,0,0,2,1,0,1,0,0,0,1,1,1,1,0,0,0,0,7,0,0,0,0,2,0,0,0,0,0,0,0,1,0,0,1,0,0,0,0,0,0,0,1,1,0,0,0,0,0,0,0,0,0,3,1,0,1,0,0,1,0,0,1,0,0,0,0,0,0,0,0,0,0,0,2,1,0,2,5,0,0,0,0,0,0,0,1,1,0,0,0,0,1,0,0,0,0,0,0,0,0,0,0,1,0,0,0,0,0,0,0,0
trotsky_demokratia.txt_chunk1,trotsky,4,0,0,0,2,0,2,1,2,0,1,24,1,1,0,0,0,0,0,0,0,0,1,1,1,0,0,0,1,1,0,0,0,0,0,0,1,0,0,0,1,0,0,1,0,0,3,1,4,7,2,2,4,0,1,4,38,0,1,3,3,0,7,6,0,4,0,2,0,2,0,0,4,0,1,0,0,2,1,0,0,0,0,1,1,3,0,0,1,20,1,0,17,0,0,0,0,0,4,5,0,0,0,0,4,0,2,3,1,1,0,1,0,1,1,0,11,1,1,3,0,0,0,0,0,1,0,1,0,0,0,10,0,0,0,0,3,0,1,0,0,0,1,6,0,1,0,0,0,0,1,0,1,0,3,0,2,0,0,0,2,2,1,6,1,0,2,0,0,0,0,0,0,0,0,0,0,11,2,1,0,0,4,0,0,2,0,0,0,2,0,0,0,0,0,0,0,1,0,0,1,0,1,0,2,7,1,0,0,0,0,0,0,0,0,1,0,0,0,0,1,0,1,0,0,0,0,0,0,0,0,1,0,2,1,0,1,2,0,1,4,0,0,0,5,0,0,0,0,0,2,0,0,0,1,1,1,2,0,0,0,0,0,1,3,1,0,0,0,0,0,0,0,0,0,0,2,1,0,0,0,0,0,1,0,0,0,0,0,1,0,0,3,0,0,0,0,0,0,0,1,2,0,1,1,0,0,4,0,0,0,2,1,0,0,1,0,2,2,2,3,1,1,2,0,0,0,0,0,1,0,0,1,0,3,0,0,0,0,0,0,0,2,0,0,0,0,0,0,0,0,1,0,1,0,1,0,1,0,2,0,1,0,0,1,0,0,0,0,0,0,0,0,2,0,0,12,1,0,0,0,1,3,0,0,0,0,0,0,0,0,1,0,0,0,0,0,0,1,0,1,0,0,1,0,0,2,0,1,0,0,0,2,0,0,1,0,0,0,0,0,0,0,0,0,0,0,0,0,0,0,2,0,1,2,0,0,0,0,0,0,0,0,0,0,2,0,1,0,0,0,0,2,0,0,0,0,1,0,0,0,0,0,0,1,2,7,0,0,0,1,2,0,0,1,0,4,0,0,2,0,0,0,0,0,0,1,0,0,0,0,1,0,0,0,0,0,0,0,0
trotsky_demokratia.txt_chunk2,trotsky,3.5650623885918002,0,0,0,1.7825311942959001,0,3.5650623885918002,0,0,3.5650623885918002,3.5650623885918002,16.042780748663102,0,0,0,0,3.5650623885918002,0,0,0,0,0,0,1.7825311942959001,0,1.7825311942959001,0,0,0,1.7825311942959001,1.7825311942959001,0,0,0,0,0,7.1301247771836005,5.347593582887701,0,5.347593582887701,0,0,0,0,0,3.5650623885918002,10.695187165775401,0,0,5.347593582887701,0,0,0,1.7825311942959001,0,1.7825311942959001,23.172905525846705,0,3.5650623885918002,1.7825311942959001,0,0,3.5650623885918002,1.7825311942959001,0,8.9126559714795,0,0,1.7825311942959001,0,1.7825311942959001,0,0,0,1.7825311942959001,0,0,0,0,0,0,0,0,0,0,0,3.5650623885918002,0,0,19.607843137254903,1.7825311942959001,0,26.737967914438503,0,0,0,0,0,1.7825311942959001,0,0,0,0,1.7825311942959001,3.5650623885918002,0,3.5650623885918002,1.7825311942959001,0,0,0,0,0,0,0,1.7825311942959001,1.7825311942959001,0,0,12.477718360071302,0,0,1.7825311942959001,0,3.5650623885918002,0,0,1.7825311942959001,0,0,0,3.5650623885918002,0,0,0,0,0,0,1.7825311942959001,0,0,1.7825311942959001,0,1.7825311942959001,0,3.5650623885918002,0,0,0,1.7825311942959001,1.7825311942959001,0,0,0,5.347593582887701,0,0,0,1.7825311942959001,0,5.347593582887701,1.7825311942959001,0,5.347593582887701,0,0,0,0,0,5.347593582887701,0,0,0,0,0,0,0,21.390374331550802,0,3.5650623885918002,0,0,7.1301247771836005,1.7825311942959001,0,0,0,0,1.7825311942959001,1.7825311942959001,0,0,1.7825311942959001,0,0,1.7825311942959001,0,0,1.7825311942959001,0,0,0,0,0,5.347593582887701,0,0,0,0,0,0,0,0,0,0,3.5650623885918002,0,0,0,1.7825311942959001,3.5650623885918002,0,0,1.7825311942959001,0,0,1.7825311942959001,0,0,1.7825311942959001,0,1.7825311942959001,0,0,0,0,1.7825311942959001,3.5650623885918002,1.7825311942959001,1.7825311942959001,1.7825311942959001,0,0,0,3.5650623885918002,0,0,0,0,0,0,0,0,0,0,0,0,0,0,0,0,0,1.7825311942959001,0,0,0,0,0,0,0,0,0,0,0,0,0,1.7825311942959001,3.5650623885918002,0,0,0,0,0,0,0,0,0,0,0,1.7825311942959001,0,0,3.5650623885918002,0,0,0,0,0,0,0,0,1.7825311942959001,3.5650623885918002,0,7.1301247771836005,1.7825311942959001,3.5650623885918002,1.7825311942959001,0,0,0,0,0,0,0,0,0,0,0,1.7825311942959001,0,7.1301247771836005,0,0,0,0,0,0,0,0,0,0,0,1.7825311942959001,0,0,0,0,0,0,0,0,0,0,0,0,0,0,0,0,0,0,0,0,3.5650623885918002,0,0,0,0,0,0,0,0,0,0,0,3.5650623885918002,0,0,0,0,3.5650623885918002,0,1.7825311942959001,0,0,1.7825311942959001,0,0,0,0,0,0,0,0,1.7825311942959001,0,0,1.7825311942959001,0,0,1.7825311942959001,3.5650623885918002,0,1.7825311942959001,0,0,0,0,0,0,0,1.7825311942959001,0,0,0,0,0,0,1.7825311942959001,0,0,1.7825311942959001,5.347593582887701,0,0,0,0,0,0,0,8.9126559714795,5.347593582887701,0,0,0,0,0,0,0,0,0,0,7.1301247771836005,0,0,0,0,0,0,0,0,0,0,3.5650623885918002,0,1.7825311942959001,0,0,0,0,0,0,0,0,0,0,0,0,0,0,1.7825311942959001,0,0,0,0,1.7825311942959001,0,0,1.7825311942959001,0,0,0,0,0,0,1.7825311942959001,0,0,3.5650623885918002,0,0,0,0,0,0,0,0,0,0,0,0,0,0,0,0,0,0,0,0
trotsky_dve_tolpy_I.txt_chunk1,trotsky,0,2,0,1,0,0,2,0,1,7,3,30,1,0,0,3,2,0,0,0,0,0,2,5,1,0,3,0,0,0,0,0,0,0,0,0,1,0,0,1,0,0,0,2,0,0,2,0,0,1,0,2,4,0,0,0,50,0,8,3,1,0,3,4,0,5,0,2,0,2,1,3,2,1,0,0,1,0,0,1,0,0,0,0,1,1,0,0,2,13,1,0,23,0,1,0,0,1,1,2,0,0,3,0,2,0,0,1,2,0,0,0,0,0,0,4,2,7,0,1,0,0,0,0,8,0,1,1,0,3,0,10,1,0,1,0,0,1,0,0,1,1,2,2,2,2,0,0,0,0,2,0,0,1,6,0,0,0,3,0,2,0,0,2,0,0,0,0,0,0,1,0,0,0,0,2,1,9,0,3,2,0,6,0,1,2,0,1,0,1,0,0,2,0,0,2,0,0,0,0,0,0,0,0,0,0,1,0,0,1,0,0,0,0,0,1,0,2,0,0,0,0,0,0,0,0,1,2,1,0,1,0,0,1,0,1,0,0,0,0,1,0,0,0,0,3,0,0,0,0,2,0,0,0,2,0,0,0,0,0,0,0,0,1,2,1,0,0,1,0,1,0,0,0,0,1,0,0,1,0,1,2,0,0,0,0,0,1,0,0,0,0,0,0,0,0,0,0,0,0,1,0,0,0,0,0,0,0,0,0,1,1,0,1,0,0,0,3,0,1,0,0,0,1,0,0,0,0,1,1,0,0,0,0,2,0,0,0,0,0,0,0,0,0,0,0,1,0,0,0,1,2,0,3,0,0,0,0,0,0,1,0,0,0,2,1,0,1,0,0,1,0,0,0,0,0,4,1,0,1,0,0,0,1,0,0,1,0,1,1,0,0,0,1,1,0,0,0,0,0,1,1,0,0,1,0,0,0,1,0,0,0,0,0,0,0,0,0,0,0,0,0,0,0,0,0,0,0,1,0,0,0,0,2,4,0,0,0,0,0,0,1,0,0,0,0,0,3,0,1,0,0,0,0,0,0,1,0,0,0,0,0,0,0,0,0,0,0,0,0,1,0,0,0,0,0,0,0,0,0,0,0,0,0,0,0,0,0,2,0,0,0,3,0,0,0,0,0,0,0
trotsky_dve_tolpy_I.txt_chunk2,trotsky,2.5839793281653747,0,0,0,0,0,7.751937984496124,0,0,5.167958656330749,0,20.671834625322997,0,0,0,0,0,0,0,0,0,0,0,5.167958656330749,0,0,0,0,2.5839793281653747,2.5839793281653747,0,0,0,0,0,0,0,0,0,0,0,0,0,0,0,0,0,0,0,2.5839793281653747,2.5839793281653747,0,7.751937984496124,2.5839793281653747,0,0,43.927648578811365,2.5839793281653747,7.751937984496124,0,0,0,0,7.751937984496124,0,5.167958656330749,0,5.167958656330749,0,0,0,0,0,2.5839793281653747,0,0,0,0,0,0,0,0,0,0,0,0,0,0,0,12.919896640826872,0,0,20.671834625322997,0,0,0,0,0,0,15.503875968992247,0,0,2.5839793281653747,0,0,0,0,5.167958656330749,2.5839793281653747,0,0,2.5839793281653747,0,5.167958656330749,2.5839793281653747,0,0,5.167958656330749,0,5.167958656330749,0,0,0,0,2.5839793281653747,2.5839793281653747,0,0,0,2.5839793281653747,0,12.919896640826872,0,0,0,0,0,0,0,0,0,0,2.5839793281653747,5.167958656330749,2.5839793281653747,5.167958656330749,0,2.5839793281653747,0,0,2.5839793281653747,0,0,0,0,0,0,0,0,0,0,0,0,5.167958656330749,2.5839793281653747,5.167958656330749,0,0,0,0,0,0,0,0,0,0,0,10.335917312661499,0,2.5839793281653747,2.5839793281653747,0,5.167958656330749,0,2.5839793281653747,0,0,0,0,0,0,0,0,0,0,0,0,0,0,0,0,2.5839793281653747,0,2.5839793281653747,0,0,0,0,0,0,0,0,0,0,0,2.5839793281653747,0,2.5839793281653747,0,0,0,0,0,0,0,0,0,0,0,0,0,0,0,0,0,0,0,0,2.5839793281653747,5.167958656330749,2.5839793281653747,0,0,0,0,0,0,2.5839793281653747,0,0,0,0,0,0,0,0,0,0,0,0,0,0,0,2.5839793281653747,2.5839793281653747,0,0,0,0,0,0,0,0,0,0,0,0,0,2.5839793281653747,0,0,0,0,0,0,0,0,5.167958656330749,0,0,0,0,0,0,0,0,0,0,0,0,0,0,0,2.5839793281653747,0,0,0,0,0,0,0,2.5839793281653747,0,0,0,0,0,5.167958656330749,0,5.167958656330749,0,0,0,0,2.5839793281653747,2.5839793281653747,0,0,2.5839793281653747,0,0,0,0,0,0,0,0,0,0,0,2.5839793281653747,2.5839793281653747,0,0,0,0,0,2.5839793281653747,2.5839793281653747,0,0,0,0,0,0,2.5839793281653747,0,0,0,0,2.5839793281653747,0,0,0,0,0,0,0,0,0,0,0,0,2.5839793281653747,0,0,5.167958656330749,0,0,0,0,0,0,0,0,0,0,0,0,0,0,0,0,0,0,0,0,0,0,0,5.167958656330749,0,2.5839793281653747,0,0,0,0,0,0,0,0,0,0,0,0,0,0,0,0,0,0,0,0,0,0,0,2.5839793281653747,0,0,2.5839793281653747,0,2.5839793281653747,0,0,0,0,0,0,0,0,2.5839793281653747,0,0,0,0,0,0,7.751937984496124,0,0,0,0,0,0,0,0,0,0,0,0,2.5839793281653747,0,0,0,0,0,0,0,0,0,0,0,0,0,2.5839793281653747,0,0,0,0,0,0,0,0,0,0,0,5.167958656330749,0,0,0,0,0,0,0,2.5839793281653747,0,0,0,0,0
trotsky_intellig_dem.txt_chunk11,trotsky,5,0,0,1,0,0,3,1,5,6,1,15,1,0,0,0,0,0,0,0,0,0,1,5,0,0,0,0,0,0,0,0,2,0,0,0,4,0,1,0,0,1,0,0,1,0,2,0,2,3,0,2,7,0,0,0,32,0,3,3,1,0,1,12,0,2,0,2,0,1,2,0,0,1,2,0,0,1,0,3,0,0,0,0,1,1,1,0,2,17,0,0,18,0,1,0,0,0,0,1,1,0,1,0,5,2,2,6,3,4,0,1,0,0,0,0,0,1,1,2,0,0,0,1,5,1,0,1,0,0,2,10,0,0,2,0,0,0,1,0,0,0,1,0,0,0,0,0,0,0,1,0,0,0,5,0,3,0,1,0,3,4,4,1,0,0,0,1,0,2,0,0,0,0,0,3,0,12,3,0,1,1,4,2,1,1,1,1,0,0,0,0,0,0,0,6,1,0,0,1,0,1,1,0,0,2,0,1,0,0,0,0,1,0,3,0,0,1,0,0,0,0,0,0,0,1,1,0,2,0,0,0,0,3,1,1,0,1,2,2,0,0,0,1,1,1,0,0,1,1,0,0,0,0,0,0,0,1,0,2,0,0,0,1,1,0,0,0,0,1,0,0,0,2,0,1,0,3,2,0,0,0,0,1,0,0,1,0,0,0,0,2,0,0,0,0,0,0,0,0,1,0,0,1,0,1,2,3,0,0,3,0,0,0,0,2,0,0,1,0,1,3,0,0,1,0,0,2,0,1,0,0,0,1,0,1,0,0,0,0,0,0,0,0,0,0,0,1,1,0,0,0,0,0,1,0,1,0,0,0,1,1,1,1,1,1,1,0,1,1,0,0,1,0,0,1,5,0,2,0,0,0,0,1,0,1,0,0,0,0,0,0,0,0,0,0,0,0,0,2,0,0,0,0,0,1,0,0,0,2,1,0,0,1,0,0,0,0,0,0,0,3,0,1,0,0,0,0,0,0,2,2,2,0,1,1,1,0,3,0,0,0,0,0,0,0,0,1,0,0,0,0,0,0,0,1,0,0,1,0,0,2,1,0,1,0,0,0,0,0,0,0,0,0,0,0,0,0,0,4,1,0,0,5,0,0,0,1,0,0,0,2,0,0,0,0,0,0,0,0
trotsky_intellig_dem.txt_chunk15,trotsky,1,0,0,0,1,1,4,3,3,7,1,34,0,0,2,3,2,1,0,0,0,0,1,3,0,1,1,1,2,0,0,0,0,0,1,0,0,0,1,1,0,0,0,2,3,1,0,0,2,7,0,0,2,1,0,0,37,1,1,2,0,1,0,14,0,13,0,6,2,0,1,0,3,0,0,0,0,0,0,1,0,1,0,0,2,0,0,0,0,10,2,0,12,1,0,0,0,0,2,1,1,1,0,0,7,1,0,3,0,2,0,0,0,0,0,3,2,2,5,7,1,0,1,1,4,1,0,3,0,0,0,7,0,0,0,0,0,0,1,0,1,0,0,1,0,1,0,0,0,0,1,2,0,0,5,0,2,0,1,0,6,1,0,2,1,0,0,0,0,2,1,0,0,1,0,2,0,12,1,3,0,0,2,3,3,0,0,0,0,2,0,0,0,1,0,0,1,0,0,1,1,0,1,1,0,0,0,0,0,0,0,0,1,0,1,2,0,0,0,0,0,0,0,0,0,0,0,0,0,0,1,0,0,3,0,1,0,0,0,1,0,2,0,1,1,0,0,0,1,0,0,0,0,2,0,1,0,0,1,0,0,0,0,2,0,0,0,0,1,0,2,0,0,1,0,0,1,0,3,0,0,0,3,0,0,1,0,0,0,0,0,0,0,0,0,0,0,0,1,0,1,1,0,0,0,0,0,1,0,2,2,0,0,0,1,0,0,1,0,1,0,2,2,0,0,2,0,0,0,3,0,1,2,0,0,0,0,2,1,1,1,1,0,0,0,1,1,0,1,0,1,0,0,0,0,6,0,2,0,0,0,0,1,0,0,0,0,0,1,0,0,1,0,3,0,0,4,1,3,1,1,0,0,0,0,0,0,0,0,3,0,0,0,1,0,0,0,0,1,0,0,0,0,0,0,1,1,0,0,0,4,1,3,0,0,1,0,0,0,0,0,1,1,0,0,0,0,0,0,0,1,2,0,0,2,0,0,0,0,0,0,1,0,2,0,0,3,0,0,0,0,0,0,0,0,1,0,0,1,0,0,1,0,0,0,0,0,0,0,0,1,0,0,0,1,0,2,0,0,6,0,0,0,6,2,0,0,1,0,0,0,3,0,0,5,1,0,0,0,0
trotsky_intellig_dem.txt_chunk18,trotsky,6.430868167202572,1.607717041800643,0,0,3.215434083601286,0,11.254019292604502,0,0,4.82315112540193,1.607717041800643,19.29260450160772,0,0,0,1.607717041800643,0,0,0,0,0,0,1.607717041800643,11.254019292604502,0,0,0,0,0,1.607717041800643,0,0,0,0,1.607717041800643,0,3.215434083601286,0,1.607717041800643,0,0,0,0,0,1.607717041800643,0,4.82315112540193,1.607717041800643,1.607717041800643,1.607717041800643,0,0,11.254019292604502,0,0,0,46.62379421221865,0,0,0,1.607717041800643,0,6.430868167202572,12.861736334405144,0,1.607717041800643,1.607717041800643,0,1.607717041800643,0,0,0,0,0,0,0,0,1.607717041800643,0,1.607717041800643,0,0,1.607717041800643,0,0,0,0,0,0,6.430868167202572,0,0,9.64630225080386,0,0,0,0,0,3.215434083601286,0,0,0,1.607717041800643,0,12.861736334405144,0,1.607717041800643,1.607717041800643,0,1.607717041800643,0,0,0,1.607717041800643,0,3.215434083601286,4.82315112540193,14.469453376205788,0,1.607717041800643,0,0,0,1.607717041800643,1.607717041800643,0,1.607717041800643,0,0,0,0,16.07717041800643,0,0,0,0,0,0,1.607717041800643,0,0,0,0,0,1.607717041800643,0,0,0,1.607717041800643,0,3.215434083601286,0,0,0,0,0,1.607717041800643,1.607717041800643,1.607717041800643,0,3.215434083601286,3.215434083601286,0,3.215434083601286,0,0,0,0,0,3.215434083601286,0,0,0,0,0,0,3.215434083601286,11.254019292604502,1.607717041800643,0,1.607717041800643,3.215434083601286,3.215434083601286,1.607717041800643,1.607717041800643,0,0,0,3.215434083601286,1.607717041800643,0,0,0,0,0,1.607717041800643,0,0,0,0,0,0,1.607717041800643,0,1.607717041800643,0,1.607717041800643,0,0,0,0,0,0,3.215434083601286,0,0,0,3.215434083601286,0,0,0,0,0,0,0,0,0,0,0,0,1.607717041800643,1.607717041800643,0,3.215434083601286,1.607717041800643,0,0,0,1.607717041800643,6.430868167202572,3.215434083601286,0,1.607717041800643,0,4.82315112540193,0,0,1.607717041800643,0,0,0,0,0,0,0,1.607717041800643,0,0,0,0,0,0,0,0,0,1.607717041800643,1.607717041800643,0,0,0,0,0,0,3.215434083601286,0,1.607717041800643,0,0,1.607717041800643,0,1.607717041800643,1.607717041800643,0,0,0,0,0,0,0,0,3.215434083601286,0,0,0,0,0,1.607717041800643,0,0,0,0,3.215434083601286,0,0,1.607717041800643,0,1.607717041800643,1.607717041800643,0,0,1.607717041800643,0,1.607717041800643,0,0,0,0,0,0,0,0,0,0,3.215434083601286,0,0,0,0,0,0,0,0,0,0,0,0,1.607717041800643,0,0,0,0,0,0,0,0,0,0,0,0,0,0,0,0,0,0,1.607717041800643,0,0,0,0,0,0,0,0,0,1.607717041800643,0,0,0,0,0,0,0,1.607717041800643,0,0,1.607717041800643,0,1.607717041800643,0,3.215434083601286,1.607717041800643,0,0,0,0,0,0,0,0,0,0,0,0,0,0,0,0,0,4.82315112540193,0,0,0,0,0,0,0,0,0,0,0,0,0,0,0,0,1.607717041800643,0,0,0,0,0,0,0,0,0,0,0,0,0,0,1.607717041800643,0,0,0,0,0,0,0,0,0,0,0,0,1.607717041800643,0,0,0,0,0,0,0,0,0,0,0,0,1.607717041800643,1.607717041800643,0,0,0,0,0,0,0,0,0,0,3.215434083601286,0,0,0,0,1.607717041800643,1.607717041800643,0,0,0,3.215434083601286,0,0,0,4.82315112540193,0,0,0,3.215434083601286,0,0,0,0,0,0,6.430868167202572,0,0,0,0,0
trotsky_intellig_dem.txt_chunk2,trotsky,4,0,0,2,0,0,0,1,2,3,1,19,0,0,0,2,2,0,0,0,1,0,2,6,2,2,1,0,0,0,0,0,2,1,1,1,2,0,0,0,1,1,0,1,4,0,2,0,2,2,2,3,6,0,0,0,44,0,5,1,0,0,2,6,0,7,0,1,1,1,0,1,1,0,2,1,0,3,1,3,0,0,0,0,3,3,0,0,0,10,0,0,13,0,0,0,0,0,0,2,0,0,1,0,8,0,1,3,0,3,0,0,0,0,0,0,5,4,0,0,0,0,1,0,3,1,0,4,0,0,0,6,1,0,0,0,2,0,1,0,0,0,0,0,1,0,0,0,0,0,0,1,0,0,1,0,2,2,3,0,4,3,0,2,1,0,1,0,0,1,0,0,0,0,0,2,1,13,1,1,3,0,3,1,1,1,1,2,0,3,0,0,0,0,0,1,0,0,0,2,0,0,0,0,0,0,0,2,0,0,0,0,0,2,1,2,0,0,0,0,1,0,0,1,0,0,0,0,0,1,3,0,0,4,0,1,0,1,5,1,4,0,0,0,0,0,0,0,0,0,1,0,0,0,0,0,0,4,0,0,0,0,0,3,3,0,0,0,0,0,0,0,0,1,0,0,0,0,0,0,0,1,0,0,0,1,1,1,0,0,0,0,1,0,0,0,0,0,0,1,0,4,0,0,1,0,0,0,0,0,0,0,1,0,0,1,0,1,0,1,4,2,0,1,0,0,0,0,1,1,1,0,0,1,0,0,0,0,0,0,0,0,0,0,0,0,0,0,1,0,0,1,0,0,0,0,0,0,0,0,0,0,1,1,0,1,0,0,0,0,0,1,0,2,0,0,9,1,0,0,0,0,0,4,1,0,0,0,0,1,1,1,2,0,0,0,0,0,0,1,0,3,0,0,0,1,1,1,0,1,0,0,0,0,0,1,0,0,0,1,0,2,4,0,0,0,0,0,0,0,0,0,0,0,0,0,0,1,0,0,0,0,0,1,0,0,1,1,0,1,0,0,0,0,0,0,0,0,0,0,0,2,0,0,2,0,0,0,0,2,1,0,0,0,0,0,0,0,0,1,0,0,0,0,0,0,0,0,0,0,0,2,0,0,0,0,0,0,0,0
trotsky_intellig_dem.txt_chunk4,trotsky,3,2,0,0,0,0,19,6,4,4,2,27,2,2,0,0,4,0,0,0,3,0,1,2,2,0,0,1,0,1,0,0,0,1,0,0,6,0,1,0,1,1,0,0,6,0,10,0,2,1,1,1,0,0,0,0,28,0,3,0,2,0,4,1,0,7,0,2,1,1,1,0,2,1,4,0,0,2,0,0,0,1,0,3,1,2,3,0,1,13,0,0,21,0,0,0,0,0,0,1,2,0,1,1,6,1,0,1,3,0,1,1,0,0,2,0,7,10,0,6,0,0,0,1,6,0,1,2,1,0,2,5,0,1,0,1,1,0,0,0,1,2,2,0,1,0,1,1,1,0,0,0,0,0,1,0,0,0,1,0,2,3,0,3,0,0,0,1,0,3,0,0,0,3,0,2,2,9,5,3,4,0,3,2,0,2,0,0,0,0,0,0,2,0,0,0,0,3,0,0,1,1,0,0,5,0,0,3,0,0,0,0,0,0,1,0,0,0,0,0,1,0,0,0,0,0,0,0,0,0,2,0,0,0,0,1,1,0,0,1,0,0,0,1,1,1,0,0,0,0,0,0,0,1,2,1,2,0,3,0,0,0,0,5,0,0,1,0,1,0,0,0,3,0,0,3,2,0,0,1,0,0,0,0,0,2,0,0,0,1,1,0,0,0,0,0,0,0,0,0,0,0,1,0,0,0,0,1,1,0,3,1,1,0,1,1,0,1,1,0,0,0,0,1,0,0,0,1,0,0,0,2,0,0,0,0,1,0,0,0,0,0,0,0,0,0,1,2,0,0,0,0,1,0,0,1,0,0,0,0,0,0,1,0,1,0,0,0,0,0,1,0,0,2,5,0,4,0,0,0,0,0,0,0,1,0,2,0,0,0,1,0,0,1,0,0,0,0,0,1,0,0,0,0,1,0,1,0,0,0,2,0,0,0,1,0,0,0,0,1,0,1,1,2,0,0,0,0,0,1,1,3,0,1,0,0,1,1,0,0,0,1,0,0,0,0,0,0,0,0,1,0,0,0,0,0,0,0,0,0,0,0,0,0,1,0,0,0,0,3,1,0,0,0,2,0,0,0,0,1,1,0,0,0,1,0,0,0,0,0,0,2,0,0,2,0,0,0,0,0
trotsky_intellig_dem.txt_chunk6,trotsky,2,0,0,0,0,2,0,0,0,1,3,24,0,0,0,0,0,0,0,0,1,0,1,7,0,3,0,0,1,1,0,0,0,2,0,0,3,0,0,0,0,0,0,1,2,1,2,1,3,5,1,1,0,1,0,0,40,3,3,0,0,1,2,9,1,11,0,2,0,3,1,0,3,0,0,0,1,2,0,2,0,1,0,1,1,1,0,0,0,13,1,1,18,2,1,0,2,0,1,2,0,0,0,2,5,1,1,1,0,0,0,0,1,0,1,1,1,3,0,4,0,0,0,1,5,3,0,0,0,1,0,10,0,0,0,1,0,1,4,0,0,0,0,0,0,0,0,0,0,0,0,1,0,1,3,0,0,0,2,0,8,3,0,3,0,1,0,1,1,5,0,0,0,0,0,1,2,12,4,1,2,0,3,0,1,1,0,0,0,2,0,0,0,0,0,1,0,0,0,0,0,3,1,0,3,0,1,0,0,0,0,0,0,0,2,2,0,0,0,0,8,0,0,0,0,0,1,0,0,0,1,0,0,4,0,0,0,0,2,1,1,0,0,0,1,0,0,0,0,0,1,1,0,0,0,0,0,3,0,2,0,0,0,4,0,0,1,0,0,0,0,0,0,1,0,0,1,0,1,0,1,0,0,0,0,1,2,0,1,0,1,1,1,0,0,0,0,0,1,0,0,5,0,0,4,2,0,1,0,0,0,0,2,0,1,0,0,0,0,2,1,0,1,2,1,0,0,0,0,0,1,1,1,0,0,2,0,0,0,1,1,0,0,0,0,0,0,0,1,0,0,1,0,0,0,0,0,0,0,0,1,0,1,0,1,1,0,0,1,1,0,0,0,2,0,2,8,0,1,0,0,0,1,7,0,0,0,0,0,0,0,0,2,0,0,0,0,0,1,0,1,0,0,0,0,0,1,1,0,0,0,0,0,0,0,1,0,0,0,0,0,0,3,0,0,0,0,0,0,0,0,0,0,0,0,0,0,1,0,1,0,0,0,1,1,0,0,0,0,0,3,0,0,0,0,3,0,0,0,0,0,0,0,0,0,0,0,0,0,0,1,0,0,0,1,0,0,0,0,5,0,1,0,0,0,0,0,1,0,0,1,1,0,0,10,0,0,0,0,0
trotsky_intellig_dem.txt_chunk7,trotsky,4,0,1,0,1,0,8,0,1,3,3,34,1,0,0,2,1,1,0,1,0,1,2,2,0,1,2,1,1,1,1,0,0,1,2,0,4,0,1,1,1,0,0,4,5,1,3,2,4,5,4,2,5,0,0,0,35,0,6,3,0,0,3,10,0,13,1,3,0,1,0,0,6,0,2,0,0,4,0,1,0,0,0,0,1,5,2,2,0,14,0,0,16,1,0,0,1,0,2,0,0,1,1,0,5,0,1,1,1,2,0,1,1,0,1,7,2,4,0,1,0,0,0,1,4,2,0,0,0,0,0,12,0,0,0,1,0,2,0,0,4,1,0,0,0,1,1,2,0,0,1,1,0,0,5,1,1,0,0,0,4,0,0,3,2,0,1,0,1,2,0,0,0,1,0,0,0,9,3,0,3,1,5,2,0,2,1,1,0,0,0,1,1,0,0,0,0,0,0,1,0,0,0,0,1,0,0,0,0,1,0,0,0,0,1,0,0,1,0,0,4,0,0,1,0,0,0,0,0,0,3,2,0,1,0,1,0,0,0,0,3,0,0,0,4,1,0,0,0,0,0,0,1,0,0,0,0,0,0,0,0,0,1,0,1,1,0,0,0,0,2,0,1,1,1,0,2,0,0,0,0,0,0,1,1,0,1,2,2,1,0,0,3,0,0,0,0,0,0,0,0,3,0,0,0,0,0,4,0,0,0,0,1,0,1,2,0,1,4,1,2,0,0,0,0,0,0,0,0,2,0,0,1,0,0,2,0,1,0,0,0,0,1,0,0,0,0,0,1,1,0,0,0,1,0,0,0,0,0,0,0,1,0,0,0,1,0,0,0,1,0,0,0,0,0,1,10,0,0,0,0,0,0,1,0,0,1,0,0,2,0,0,1,0,0,1,0,0,0,0,0,1,0,0,2,2,0,0,0,0,0,0,1,0,0,1,0,0,0,0,1,3,0,0,0,0,0,0,0,0,0,2,0,0,1,0,0,0,0,0,0,0,0,0,1,0,1,1,1,0,0,0,0,0,0,0,0,0,0,0,0,0,0,0,0,0,0,0,0,2,0,0,0,0,0,0,0,1,0,2,1,2,0,0,0,0,0,0,0,0,0,1,0,0,0,0,0,0,0,0
trotsky_intellig_dem.txt_chunk8,trotsky,5,0,0,0,5,3,6,1,3,1,4,22,0,1,0,1,1,0,0,1,1,1,3,8,0,2,0,0,0,0,1,0,0,0,0,0,0,0,1,2,1,1,1,0,1,0,2,0,7,4,0,1,4,1,0,0,44,0,6,2,2,0,3,9,0,3,1,3,0,0,0,0,4,0,0,1,0,1,0,0,0,0,0,0,0,1,0,1,0,10,1,0,6,0,0,0,0,0,0,0,2,0,0,0,6,0,0,5,0,0,0,0,0,0,1,1,1,6,0,6,0,0,0,1,6,1,0,1,0,1,0,4,0,0,0,0,0,0,2,2,0,0,1,0,1,1,0,0,1,0,0,0,0,0,4,2,0,0,1,0,3,5,1,0,1,0,1,1,0,2,2,0,0,0,0,1,1,10,8,0,1,1,4,1,0,1,0,1,0,1,0,0,1,0,0,0,1,0,0,0,0,0,0,0,3,0,0,1,0,1,0,3,0,0,0,1,0,0,2,0,3,0,1,0,0,0,0,0,0,1,0,0,1,2,0,1,1,0,5,4,3,0,1,0,0,0,0,0,0,0,1,1,0,0,1,0,0,0,0,0,0,0,0,0,1,0,0,0,1,0,1,0,0,1,0,0,0,1,0,0,0,0,0,0,0,1,0,0,0,0,1,0,2,1,0,0,1,0,0,0,0,0,1,0,1,1,0,0,0,0,0,0,2,0,0,0,0,0,1,0,0,0,0,0,1,2,0,0,0,1,0,1,0,1,1,0,0,1,1,0,0,0,0,0,0,2,0,0,0,0,0,1,0,0,0,0,0,2,1,0,0,1,0,0,0,0,0,0,1,0,0,0,0,1,0,0,7,0,0,0,0,0,0,5,0,0,1,0,0,0,0,1,1,0,0,0,0,0,0,0,1,0,0,0,0,3,1,0,0,0,0,0,0,0,0,0,0,0,0,0,0,1,0,0,0,0,0,0,0,0,0,3,1,1,0,0,1,0,0,0,0,0,0,0,0,0,0,1,0,0,0,0,0,0,0,0,0,0,0,0,0,0,0,0,0,0,0,0,0,0,0,0,0,0,0,1,1,0,0,0,0,1,0,0,2,0,0,0,0,0,0,0,0,0,3,0,0,0,0,0
trotsky_k_smerty_parvusa.txt_chunk1,trotsky,4,0,0,1,0,0,3,0,0,3,2,33,1,0,1,1,2,0,0,0,0,0,1,2,1,0,1,0,2,1,0,0,1,0,0,0,6,0,0,0,0,0,0,14,2,2,1,1,4,3,1,0,4,2,0,0,28,1,2,1,3,1,2,9,0,5,0,2,1,3,0,0,1,0,1,0,2,0,0,0,2,0,1,2,1,1,0,4,0,16,0,2,13,3,1,1,0,1,0,2,0,0,1,2,9,0,1,11,0,0,0,0,0,0,0,16,4,3,0,5,1,0,1,0,5,4,0,1,0,1,0,14,0,0,0,0,0,0,2,0,0,0,0,1,0,1,0,0,0,0,1,3,0,1,1,0,0,2,2,0,9,2,0,1,2,0,1,1,0,3,0,0,0,0,2,2,2,14,0,0,2,1,3,4,4,0,0,2,4,0,0,0,0,0,0,0,0,0,0,0,0,0,0,0,0,0,0,1,0,0,0,0,0,0,0,0,1,3,1,0,0,0,0,1,0,0,0,0,0,0,1,0,0,2,1,0,0,0,2,2,0,0,0,0,1,0,2,1,0,0,1,0,0,0,0,0,1,0,0,0,0,0,0,4,3,0,0,1,0,0,0,0,0,0,1,0,0,0,2,1,1,0,0,0,0,1,1,0,0,0,2,0,0,0,0,0,0,0,0,0,1,0,0,0,0,0,0,0,1,0,0,3,0,0,1,0,0,0,0,2,0,0,0,0,0,1,0,0,0,6,0,1,0,0,1,0,0,0,0,1,1,0,0,0,0,3,2,0,0,0,1,0,0,0,1,1,0,0,0,0,2,0,0,0,0,0,0,0,0,1,0,0,0,0,0,0,2,1,1,0,0,0,0,0,1,0,0,0,0,1,0,1,1,1,0,0,0,0,2,0,3,0,0,0,1,0,0,1,0,0,0,0,1,0,1,1,0,0,0,0,0,0,0,0,0,0,0,0,0,0,0,0,1,0,0,0,0,0,0,0,0,0,0,0,0,0,0,7,0,1,0,0,0,0,0,0,1,0,0,0,0,0,0,0,0,0,0,0,1,0,0,0,1,1,0,1,0,0,3,0,0,2,0,0,0,6,2,1,1,0,0,0,0,0,0,0,0,0,0,0
trotsky_kapital_v_opozicii.txt_chunk2,trotsky,3,0,1,0,0,0,1,0,0,2,2,26,0,0,0,0,0,1,0,0,1,0,2,1,0,2,0,0,1,3,0,1,2,0,1,0,4,0,0,0,0,2,0,2,3,0,0,0,3,5,4,0,2,0,0,0,36,1,1,0,1,0,1,9,0,5,0,1,0,0,0,0,1,0,0,0,4,1,0,1,0,0,0,0,1,2,1,1,0,20,0,0,10,0,0,0,0,0,2,2,0,0,2,0,3,0,0,3,1,1,0,0,0,0,0,2,3,1,0,12,0,0,1,0,1,0,0,4,0,0,0,8,0,0,1,0,0,0,2,0,1,2,1,0,1,0,0,0,0,0,0,1,0,0,2,1,0,1,0,0,1,2,0,5,0,0,0,0,0,2,0,1,0,0,0,0,0,8,1,0,2,0,5,2,0,1,0,0,0,2,0,0,1,0,0,1,0,0,0,0,0,0,0,0,1,0,0,0,0,2,0,5,2,0,2,0,0,1,1,0,0,3,0,0,1,0,0,1,0,0,1,1,0,1,0,1,0,1,2,0,2,0,0,0,0,1,0,0,0,0,0,0,0,0,1,0,0,4,0,1,0,0,1,2,0,0,0,0,0,1,1,0,0,0,0,3,0,0,0,1,0,1,0,0,0,0,0,0,0,0,4,0,0,0,0,0,0,0,0,0,2,0,0,0,0,1,0,1,0,0,0,0,2,0,2,1,0,0,1,0,2,2,1,0,0,1,0,0,0,0,0,0,0,0,0,1,0,0,0,0,2,0,1,1,0,0,0,1,1,0,0,1,0,0,0,1,0,0,1,0,1,1,0,0,1,0,3,1,0,0,0,0,0,0,0,0,0,1,0,0,0,0,0,0,0,0,0,0,0,0,0,0,0,1,0,0,0,0,0,1,0,1,0,0,0,0,1,0,0,2,0,0,0,0,0,0,0,13,0,0,0,0,0,0,0,0,0,0,0,0,0,1,0,1,1,0,0,0,0,0,0,0,0,0,0,0,1,0,0,0,1,0,0,0,0,0,0,0,0,0,0,0,0,0,0,0,0,0,0,1,0,0,0,0,0,0,1,0,0,0,0,2,0,0,0,0,0,0,0,0,0,1,0,0,0,0,0,0,0,0
trotsky_kapital_v_opozicii.txt_chunk3,trotsky,2,0,1,0,1,1,2,1,0,2,3,26,0,0,0,5,0,0,2,0,1,0,0,2,0,3,0,0,2,0,0,1,1,1,1,0,6,0,0,0,1,0,0,2,0,0,2,0,1,7,4,2,2,0,1,1,42,0,2,3,2,0,2,5,0,6,0,0,0,0,0,0,1,1,0,0,0,0,1,4,0,0,0,0,0,2,1,0,0,10,0,0,12,1,2,0,0,0,2,3,0,0,0,0,7,0,0,0,0,0,0,2,0,0,0,2,1,3,0,2,0,1,0,1,2,1,1,7,0,0,0,10,0,0,0,0,1,1,0,0,0,1,1,0,0,0,0,0,0,1,1,1,0,0,3,1,0,0,2,0,5,3,0,2,1,3,0,0,0,0,0,0,1,0,0,3,0,10,1,0,3,0,3,1,0,1,1,0,0,1,0,0,0,0,0,0,0,0,1,0,0,0,0,2,0,0,0,0,0,0,0,2,0,1,1,1,0,0,0,0,0,1,1,0,0,1,0,0,0,1,1,2,0,4,1,1,1,0,3,2,0,0,3,2,0,1,0,0,2,3,0,0,0,0,0,0,0,1,0,0,0,0,0,2,0,0,0,3,4,2,0,0,0,1,0,0,1,0,0,1,0,0,1,0,0,2,0,0,0,0,2,0,0,0,0,0,0,0,0,1,0,0,0,0,1,3,0,2,0,0,9,0,2,0,0,1,0,0,0,1,2,0,1,0,0,0,0,2,0,1,0,0,1,0,0,0,0,0,0,1,0,0,0,1,0,0,0,1,0,0,1,0,0,0,1,0,0,0,0,0,0,0,0,0,1,0,1,1,2,0,0,1,0,1,0,0,0,0,0,0,0,2,0,1,0,0,0,0,0,0,2,0,1,1,0,0,1,0,0,0,1,1,1,0,1,2,0,2,0,0,1,1,0,0,0,0,0,4,1,0,1,1,0,0,0,0,0,0,0,1,0,1,0,4,1,0,0,1,5,0,0,1,0,1,3,0,1,0,1,0,0,0,0,2,0,1,0,0,0,0,0,0,1,0,1,0,0,1,0,1,0,0,0,0,0,0,1,1,0,0,0,1,0,0,4,0,0,1,0,0,2,0,0,0,0,0,0,0,0,0
trotsky_kapital_v_opozicii.txt_chunk4,trotsky,4,0,0,0,2,0,3,0,0,2,2,27,0,0,0,3,1,1,1,1,1,0,0,2,0,0,0,0,0,5,0,2,0,0,0,0,8,1,0,0,0,2,1,3,1,0,2,1,2,2,1,2,1,0,0,0,38,1,2,0,0,0,2,8,0,5,1,0,0,1,1,0,0,0,3,0,0,0,0,3,0,2,0,0,1,3,0,0,0,12,0,1,16,0,1,0,2,0,1,3,0,0,1,0,7,0,0,4,2,0,0,0,0,0,0,1,0,2,0,0,0,3,0,0,7,0,2,2,0,0,0,7,0,0,0,0,0,0,2,0,0,1,3,0,2,0,0,0,0,0,0,1,0,0,2,0,0,0,0,0,2,0,0,5,2,0,0,0,0,3,0,0,0,0,0,1,2,6,1,0,1,2,1,4,0,0,0,0,0,5,0,0,0,0,1,1,0,0,0,1,0,0,0,0,0,1,0,0,0,0,0,6,0,0,1,1,0,0,1,0,1,0,0,0,0,0,0,0,1,0,0,1,0,2,2,2,3,1,3,4,1,0,3,2,0,0,0,0,0,0,0,0,0,0,1,0,1,1,0,0,0,0,0,3,1,0,0,6,1,4,0,0,0,1,0,0,0,1,1,0,0,0,1,0,0,1,0,0,1,1,4,0,0,0,0,0,0,0,0,0,1,0,0,0,5,1,0,0,0,0,6,0,0,0,0,1,0,0,0,0,1,0,1,0,0,1,0,1,0,0,0,1,1,1,0,0,0,0,0,0,0,0,2,0,0,0,0,1,1,1,0,0,0,0,0,2,0,0,0,0,0,0,0,0,1,1,3,0,2,0,0,0,0,2,0,0,3,1,0,0,2,0,0,1,0,0,0,0,0,2,0,0,0,1,0,0,0,1,0,0,0,1,0,0,0,1,0,0,0,1,1,0,0,0,0,1,1,8,1,0,0,1,0,0,1,0,0,0,0,0,0,1,0,1,1,0,0,0,1,0,0,0,1,1,2,0,0,0,0,1,0,0,0,2,0,0,0,0,0,0,0,0,0,0,0,0,0,0,0,2,0,0,0,0,0,0,1,0,0,0,1,1,1,0,0,0,0,1,0,0,1,1,0,0,0,0,0,0,0,0
trotsky_perm_rev.txt_chunk1,trotsky,2,1,0,0,2,3,1,4,2,7,2,35,0,0,0,2,5,3,1,0,0,0,3,4,0,2,0,0,0,0,0,0,0,0,3,0,6,0,1,1,0,0,0,2,2,0,2,0,3,5,0,0,4,1,0,0,35,1,7,1,0,0,1,6,0,8,0,1,0,3,0,0,0,0,0,0,0,1,1,3,1,2,2,0,0,3,0,0,0,8,1,1,16,1,0,0,0,0,0,5,0,0,2,0,6,0,0,9,0,0,0,3,0,0,0,2,0,4,0,2,2,0,0,0,8,1,0,0,0,0,4,15,0,1,0,0,1,0,1,0,0,0,2,1,0,3,1,0,0,0,0,1,0,0,3,0,0,0,3,1,5,2,0,5,3,0,0,0,0,2,0,0,0,0,0,0,1,11,0,0,0,1,1,3,4,0,0,1,1,2,1,0,0,0,0,3,0,0,0,2,0,1,0,0,1,0,0,0,0,0,0,1,0,1,3,0,0,0,0,0,0,0,0,0,0,0,1,1,0,0,1,0,0,1,0,1,0,0,1,0,1,0,0,0,1,0,0,0,0,1,0,0,0,0,0,2,0,1,0,0,5,1,0,2,4,1,0,0,0,0,0,0,0,2,4,0,1,0,4,0,0,0,0,4,1,4,0,0,1,1,1,0,8,0,2,1,1,5,0,0,1,0,0,0,0,2,0,0,0,0,1,4,0,1,0,1,0,0,0,1,0,0,1,1,0,1,0,0,0,4,0,0,0,0,0,1,0,0,0,0,0,0,0,0,0,0,0,0,0,0,1,0,0,0,1,0,0,0,0,0,0,0,0,0,0,0,0,0,1,1,0,1,0,2,0,1,4,1,4,0,0,0,0,0,0,0,0,1,0,3,0,0,0,1,0,2,0,1,1,0,4,0,0,0,1,1,0,0,0,1,10,0,0,0,1,1,0,0,3,2,0,0,0,1,0,1,0,0,0,0,1,0,0,0,0,0,0,0,0,1,1,0,0,0,0,0,1,17,1,0,0,0,0,0,0,0,0,0,0,0,5,1,1,0,0,0,1,1,0,0,0,0,0,0,0,0,1,0,2,0,0,3,1,0,0,3,4,0,2,4,0,3,0,0,0,7,0,0,5,0
trotsky_perm_rev.txt_chunk12,trotsky,4,0,0,0,4,1,3,2,2,2,2,40,0,0,0,0,0,1,1,0,2,0,1,1,0,2,0,0,1,1,0,0,0,0,0,0,4,0,2,0,0,2,0,4,6,0,3,2,1,3,0,0,3,0,0,0,32,0,3,2,0,0,0,7,1,3,0,3,0,3,1,0,2,1,1,0,1,1,1,2,0,0,0,0,0,4,2,0,1,10,0,0,25,0,1,0,0,0,1,2,0,1,0,1,7,0,0,5,0,2,0,0,0,0,0,3,2,0,0,7,0,0,0,1,1,0,0,2,0,2,0,7,0,0,0,0,1,0,3,0,1,0,0,2,2,0,0,0,0,0,2,3,6,0,1,0,2,2,2,0,5,2,2,4,0,1,0,0,0,6,0,0,0,1,0,2,1,6,0,2,1,1,8,2,1,3,0,0,4,2,0,0,1,0,0,5,0,0,2,3,0,0,2,0,1,0,0,0,0,2,0,2,1,0,1,1,0,1,1,1,0,2,1,0,0,2,1,0,0,1,0,1,0,2,0,0,1,0,1,1,7,0,0,1,1,2,0,0,1,2,3,1,0,0,0,0,0,0,0,1,2,1,0,3,2,0,1,2,0,3,3,0,0,5,1,0,1,0,3,0,0,0,0,1,0,2,6,1,1,0,1,0,5,0,3,0,0,2,0,0,0,0,1,0,0,1,1,0,0,1,0,3,6,0,0,1,0,0,1,0,1,0,2,0,0,0,0,1,0,1,1,0,0,0,0,0,0,2,0,1,0,0,1,0,0,0,0,0,0,0,0,0,0,1,0,0,0,0,0,0,1,0,1,1,0,0,2,1,1,0,0,1,2,1,0,1,1,1,2,0,2,0,4,0,0,0,0,3,0,2,0,0,0,0,0,0,0,0,0,1,0,0,0,0,0,0,0,0,0,1,12,0,1,0,1,0,0,0,1,4,1,0,1,0,0,0,0,0,0,0,0,0,1,0,0,0,0,0,0,0,0,0,0,0,0,0,0,20,3,1,0,0,0,0,0,0,1,0,0,0,7,0,0,0,3,0,1,1,0,0,0,0,0,0,0,0,0,0,0,0,0,4,2,0,6,0,9,1,1,3,0,0,0,0,0,5,0,0,2,1
trotsky_perm_rev.txt_chunk13,trotsky,7,0,0,0,3,2,6,0,0,3,6,30,0,0,1,4,2,0,0,0,1,0,2,5,0,2,1,0,1,1,0,0,0,0,1,0,2,7,0,0,1,1,0,2,2,0,2,2,3,3,0,1,2,0,1,0,29,0,3,0,1,0,4,7,0,11,1,0,0,2,0,0,1,1,0,0,0,1,0,0,0,0,0,0,0,4,1,1,0,9,0,0,21,1,0,0,1,1,2,3,0,0,1,1,8,0,0,8,1,1,0,0,1,0,0,2,0,1,0,6,1,0,1,1,7,1,0,2,0,0,0,10,1,0,1,0,1,1,1,0,0,0,0,2,2,0,0,0,0,0,0,2,5,0,4,0,2,0,1,0,1,2,1,3,2,0,0,0,1,7,0,1,0,0,0,1,3,8,1,1,2,0,5,3,1,0,1,0,4,4,0,0,1,0,1,2,0,0,0,1,0,0,0,0,3,0,0,1,0,1,0,1,0,0,0,0,1,1,0,0,0,0,0,0,0,1,0,1,0,1,1,1,0,1,0,1,0,0,0,2,3,0,1,0,1,0,0,0,1,1,1,0,0,0,0,0,0,0,0,0,1,0,1,1,1,1,0,2,1,2,0,0,0,0,0,0,0,0,4,1,0,0,0,0,0,0,4,0,0,0,1,0,2,0,0,0,1,5,0,1,2,0,0,1,0,0,0,0,0,0,0,2,1,0,0,2,0,1,0,0,0,0,1,1,1,1,0,0,0,1,1,0,3,0,1,0,0,2,0,1,1,0,1,0,0,0,1,0,1,2,0,0,1,0,1,1,0,1,0,0,0,0,0,0,0,0,0,0,0,0,1,2,0,1,0,0,0,1,2,0,1,0,2,0,0,1,0,0,0,1,0,0,1,0,0,0,0,0,0,0,1,0,0,0,0,1,0,0,3,0,6,0,2,0,0,1,0,0,1,4,0,0,2,0,0,0,0,0,1,0,1,1,0,0,0,0,1,1,0,0,0,0,0,1,0,1,1,9,0,0,0,0,0,1,0,0,0,0,0,0,3,1,0,0,0,1,0,1,0,3,0,0,0,0,4,0,0,0,2,0,1,6,0,0,14,0,9,0,5,2,0,0,0,0,0,0,0,0,1,0
trotsky_perm_rev.txt_chunk14,trotsky,5,0,0,0,3,0,3,0,1,0,0,42,0,1,0,2,7,2,1,1,1,0,0,4,0,0,0,0,1,1,1,0,1,0,1,0,1,0,0,0,0,0,0,1,2,0,3,0,1,1,0,0,0,1,0,0,41,0,1,3,1,0,2,12,0,5,4,4,0,2,0,0,1,0,0,0,1,1,0,4,0,0,0,0,0,2,1,0,1,8,0,2,24,0,0,0,0,0,1,0,0,0,1,0,5,1,0,13,1,0,0,0,0,0,0,8,1,0,0,11,1,0,1,0,3,1,2,1,0,0,1,4,0,0,0,0,0,0,0,1,2,1,0,0,0,1,0,1,0,0,0,1,0,0,2,0,1,0,3,0,1,3,0,4,3,1,1,1,0,3,1,1,0,0,0,1,2,8,3,1,2,0,5,1,2,1,3,1,0,0,0,0,0,0,0,3,1,1,1,1,0,2,0,0,5,0,1,1,0,0,0,0,0,0,0,1,0,0,1,1,0,0,0,0,0,1,0,1,1,0,0,0,0,3,0,1,0,1,0,1,4,0,0,0,4,0,0,0,0,1,0,0,0,0,1,0,0,0,0,0,1,2,0,1,0,0,0,3,1,0,0,0,0,0,2,0,1,0,5,0,1,1,0,0,0,1,1,0,2,0,1,3,7,0,2,1,6,5,0,1,0,0,1,0,1,0,0,1,1,0,6,0,2,0,0,2,0,0,0,0,0,0,1,0,1,3,1,0,0,0,1,0,1,0,1,1,1,0,1,0,0,0,1,0,0,1,1,0,0,0,3,0,0,0,1,0,0,1,1,1,2,1,0,0,0,0,0,0,1,0,0,1,0,0,0,1,0,4,5,0,0,0,0,0,0,0,0,0,0,2,0,0,0,0,0,0,0,0,0,0,3,0,0,0,1,1,0,0,0,0,7,0,0,0,0,4,0,0,3,0,0,0,1,0,0,0,0,0,0,2,1,3,1,0,0,0,0,2,0,0,1,0,0,2,1,2,2,8,0,0,0,0,0,0,0,0,2,0,0,0,0,0,0,0,1,0,0,1,0,1,0,1,1,0,0,0,2,0,0,0,0,3,0,3,0,9,0,0,1,0,0,3,0,0,0,9,0,0,3,6
trotsky_perm_rev.txt_chunk16,trotsky,3,0,0,0,3,0,2,1,1,0,0,41,0,1,0,1,1,2,0,2,1,0,3,2,0,1,1,0,1,0,0,0,0,0,0,0,5,0,0,0,0,2,0,0,3,0,2,0,3,9,0,0,2,0,0,0,50,0,5,3,0,0,0,4,0,10,0,4,1,1,1,1,1,0,0,0,0,1,0,0,1,1,1,1,1,1,2,0,2,14,0,0,10,1,1,0,0,0,0,0,0,0,0,1,6,0,0,8,0,0,0,0,0,0,0,5,1,1,1,3,0,0,0,0,5,1,0,0,0,0,3,12,0,1,1,1,2,0,1,0,0,0,1,2,0,2,1,2,0,0,1,1,3,1,0,0,0,0,1,1,5,4,2,2,3,0,0,1,1,1,0,0,0,0,0,2,1,13,2,2,0,1,6,3,1,1,2,0,6,0,1,0,0,0,0,2,0,1,0,3,1,0,0,0,1,1,0,0,0,0,0,0,0,0,1,0,0,0,0,0,0,0,1,0,1,1,3,1,0,0,0,0,0,1,2,1,0,1,1,3,8,0,1,0,0,0,0,0,0,1,0,1,0,0,0,0,0,0,0,1,7,2,0,4,3,0,0,1,0,1,0,1,0,0,1,1,1,0,3,0,1,0,0,1,0,0,0,0,0,0,0,0,1,1,0,0,2,10,0,0,2,0,1,1,0,1,0,0,0,0,2,0,3,0,0,1,0,0,0,1,0,0,0,1,0,1,0,0,0,0,0,2,0,0,0,0,2,2,0,0,0,0,0,3,0,0,1,0,0,0,1,0,0,0,1,0,0,4,0,0,0,0,0,2,2,1,1,0,0,0,0,0,0,2,0,0,2,1,2,0,0,0,1,0,0,1,1,0,0,0,0,0,1,1,1,0,0,3,0,0,2,0,0,0,1,1,0,0,0,0,14,0,0,0,0,0,0,0,3,1,0,0,1,0,0,0,0,0,2,0,0,0,0,0,1,0,0,0,0,0,0,0,0,0,0,0,1,6,0,0,0,0,0,0,0,0,0,0,0,0,0,2,0,0,2,0,0,0,0,0,1,0,0,0,0,0,0,0,1,3,0,5,1,1,7,4,1,0,0,4,0,2,0,0,0,4,0,0,2,1
trotsky_perm_rev.txt_chunk20,trotsky,8,0,1,0,3,0,1,0,2,2,2,30,0,0,0,7,1,2,2,0,1,1,0,2,0,3,0,0,0,0,1,0,1,2,1,0,3,0,3,0,1,0,0,1,4,0,5,3,1,6,0,0,2,0,0,0,24,0,2,6,4,0,4,7,0,9,0,1,1,2,0,0,1,1,0,1,1,1,0,1,3,0,0,0,0,3,0,0,1,22,1,0,22,0,0,0,2,0,3,1,1,0,0,0,6,1,0,4,1,2,0,0,0,0,0,5,1,0,1,2,2,0,2,2,1,1,0,0,0,2,4,11,0,0,0,1,0,0,0,0,0,0,0,1,0,1,1,1,0,0,1,1,3,0,0,0,1,0,2,1,6,1,1,3,1,1,2,0,1,3,0,0,0,0,0,2,1,11,6,1,0,1,8,2,5,1,2,1,7,0,0,1,1,0,0,1,0,0,0,2,0,0,0,0,4,2,0,0,0,0,0,1,0,1,0,0,1,0,0,0,0,1,0,1,0,0,1,0,1,0,0,0,0,3,0,0,0,0,0,0,5,0,0,1,3,0,0,0,0,0,1,1,0,0,0,0,1,0,0,0,1,0,0,0,2,0,0,0,0,1,0,0,0,0,0,0,1,0,4,0,0,0,1,1,0,0,0,0,0,0,2,0,0,0,0,0,0,3,0,1,0,0,0,1,0,2,1,0,0,1,0,1,0,1,0,1,0,0,0,0,0,0,1,2,0,1,0,0,0,3,0,0,1,0,0,0,0,1,1,0,1,1,0,1,0,0,0,0,0,0,1,0,0,0,0,2,0,0,0,0,0,0,1,0,1,0,0,1,0,0,0,3,0,0,2,0,6,3,1,0,0,0,1,0,1,0,0,1,0,0,0,2,0,0,0,0,0,0,1,0,2,0,0,0,2,1,0,0,0,0,2,0,1,1,0,0,0,0,2,0,0,0,0,0,0,0,0,0,0,0,1,0,0,0,0,0,1,0,0,0,0,0,0,0,0,0,0,10,0,0,0,0,0,0,0,0,2,0,1,0,3,1,0,0,0,0,5,0,0,0,0,0,1,0,0,0,0,0,0,0,0,2,1,0,1,1,0,0,2,3,0,1,0,0,1,0,0,0,1,8
trotsky_perm_rev.txt_chunk21,trotsky,3,0,0,0,0,1,4,2,0,3,2,20,1,0,1,4,2,0,0,0,1,0,1,2,0,1,0,1,1,0,0,1,0,0,0,0,3,1,0,1,1,0,1,4,4,0,4,0,2,2,0,0,4,1,1,0,32,0,5,3,0,0,9,11,0,7,0,0,0,2,1,1,1,0,0,0,0,3,0,1,0,0,1,1,1,2,0,0,0,21,0,0,22,1,2,0,2,0,4,1,0,0,1,1,7,0,0,4,1,1,0,0,1,0,1,7,1,4,0,3,0,1,0,0,2,2,0,1,1,2,4,8,0,0,1,1,0,0,0,0,0,0,1,0,2,3,1,0,0,0,1,1,1,1,1,0,0,0,1,0,2,1,1,4,0,1,0,0,0,11,2,0,0,0,0,1,1,13,1,4,0,2,4,3,1,1,0,0,8,0,0,0,3,0,0,1,0,0,0,1,0,0,1,1,2,0,0,0,0,0,0,1,0,2,1,1,2,0,0,0,0,0,0,0,0,0,0,0,0,1,0,0,0,2,0,1,0,1,2,0,2,0,2,0,3,0,0,0,1,0,4,1,0,0,0,0,0,1,3,0,3,1,0,0,0,2,0,0,0,1,0,1,0,0,0,0,0,2,0,1,0,0,0,0,0,1,2,0,2,0,1,0,0,0,0,1,0,2,0,1,0,0,0,1,0,1,0,1,0,0,0,1,0,0,0,0,0,0,1,2,1,1,1,0,1,1,0,0,0,1,1,1,1,0,1,0,0,0,0,0,0,0,0,0,0,0,0,0,0,1,1,0,0,0,0,1,0,2,0,0,0,0,0,0,0,0,1,0,0,0,0,0,1,1,4,0,0,8,0,0,0,0,1,1,0,0,0,1,0,0,0,2,1,1,0,0,0,0,0,0,0,1,0,0,0,0,0,0,0,0,5,0,1,0,0,0,0,0,4,2,0,0,1,0,0,0,0,0,0,0,0,0,0,0,0,0,0,0,1,0,1,0,0,1,0,0,0,17,0,0,0,0,0,1,2,0,3,2,0,1,4,0,0,0,0,0,7,0,0,0,0,0,0,0,2,0,0,0,0,0,1,1,2,0,7,1,0,0,0,0,0,1,0,0,1,1,0,0,1,0
trotsky_perm_rev.txt_chunk22,trotsky,7,0,0,0,0,0,3,0,0,1,1,39,0,0,0,1,0,5,1,2,1,1,0,6,0,1,0,0,0,2,0,0,0,0,0,0,4,0,0,0,0,2,0,2,2,0,3,2,5,7,1,1,0,0,0,0,30,0,1,3,0,1,1,10,1,14,0,3,1,1,0,1,3,0,0,0,0,0,0,0,2,0,1,0,0,0,0,1,1,8,0,0,24,1,0,0,0,0,0,0,0,0,0,0,6,0,0,12,5,0,0,0,0,1,0,4,0,3,0,3,3,0,1,0,3,1,1,4,0,1,0,9,0,0,0,0,0,0,2,0,0,0,2,0,0,0,0,1,0,0,0,2,3,0,2,0,0,0,2,7,4,1,1,4,1,0,0,0,1,6,0,1,0,0,0,3,2,16,1,3,3,0,6,1,3,1,1,0,10,5,0,0,0,0,1,3,1,0,0,3,0,0,1,0,3,1,0,1,0,1,0,0,0,0,0,0,0,1,2,0,0,0,2,0,0,1,0,0,0,0,2,1,0,0,0,1,1,1,2,2,6,0,0,0,0,0,0,0,0,0,0,0,0,0,0,1,0,0,0,0,0,1,0,2,2,0,1,0,0,0,0,0,1,0,0,0,1,0,6,0,0,0,0,0,0,0,1,1,2,0,1,0,1,0,0,1,0,2,0,0,1,0,0,0,0,0,0,0,0,0,0,1,1,0,0,0,0,0,0,2,0,0,0,3,0,0,0,0,0,1,0,0,1,0,1,0,0,1,0,0,1,0,2,0,0,0,0,0,2,1,2,0,2,0,0,0,0,0,0,1,1,0,1,0,0,1,0,0,0,1,0,1,0,1,0,0,1,1,2,0,3,0,1,0,0,0,0,0,0,1,0,0,2,0,0,0,0,1,0,0,5,1,0,0,1,0,0,1,0,1,2,0,0,1,0,1,0,0,3,0,0,0,2,0,0,0,0,1,1,0,0,1,2,0,1,0,0,1,0,2,0,0,0,0,0,1,0,20,0,0,0,0,0,0,0,0,0,0,0,0,0,0,0,1,0,0,0,0,0,0,0,0,0,0,0,0,0,0,2,0,0,8,0,0,1,9,3,0,2,6,0,3,0,0,0,1,0,0,10,4
trotsky_perm_rev.txt_chunk25,trotsky,8,0,0,0,0,0,2,3,0,0,1,37,0,0,0,2,2,1,0,0,2,0,1,2,0,1,1,0,0,0,0,0,0,1,2,0,2,0,0,0,0,0,0,2,3,0,1,0,2,8,0,0,3,0,0,0,25,0,6,3,1,0,1,6,0,8,1,2,1,1,0,0,2,0,0,0,2,0,0,0,2,0,0,0,0,0,2,1,0,9,0,0,24,0,0,0,0,1,0,0,0,0,1,0,2,0,0,5,1,1,0,1,0,0,0,3,1,2,2,2,0,0,1,1,4,2,0,1,2,0,0,11,0,0,2,0,0,0,1,0,0,0,1,1,1,2,1,0,0,0,0,1,1,0,3,0,0,0,2,5,3,0,0,6,3,1,0,0,0,1,0,0,0,0,0,2,2,8,0,1,1,1,1,0,1,1,1,0,1,0,0,1,1,0,1,3,0,1,0,1,0,4,0,0,0,0,0,0,0,0,0,0,0,0,0,2,0,0,1,1,1,0,0,0,2,1,0,0,0,1,1,0,0,0,0,0,0,0,2,0,4,0,4,1,0,0,0,0,3,4,1,0,0,3,0,0,0,0,0,0,0,0,0,3,2,1,1,3,1,2,0,0,1,2,0,0,1,0,2,0,0,0,0,0,0,0,2,0,0,0,2,1,2,0,1,0,1,1,0,0,1,0,0,0,0,1,0,0,0,2,0,0,2,0,0,2,0,2,0,0,1,0,0,0,0,1,0,0,0,0,0,1,2,0,0,2,0,0,0,2,0,0,0,1,0,0,0,0,1,0,1,1,0,0,0,0,0,4,0,0,0,1,0,0,0,0,0,1,0,2,0,3,0,1,0,0,4,0,1,0,1,0,0,0,0,1,0,0,0,0,0,0,0,0,1,0,0,0,0,0,3,0,0,0,0,2,0,1,0,0,3,0,1,0,0,1,0,0,7,0,0,0,0,1,0,0,0,0,0,1,0,1,1,0,1,0,0,0,0,0,0,0,0,0,0,0,0,26,0,0,0,0,1,0,0,0,0,1,0,2,1,0,1,0,0,0,0,0,0,0,0,0,0,0,0,0,0,0,3,0,0,3,0,0,0,0,2,1,0,1,1,0,0,0,0,0,0,0,7,0
trotsky_perm_rev.txt_chunk27,trotsky,5,0,0,0,0,0,3,1,1,3,0,40,0,0,0,3,0,0,0,0,1,0,1,4,1,3,1,0,0,1,0,0,0,2,2,0,4,1,0,0,1,0,0,7,3,0,7,4,1,2,0,0,2,0,0,0,30,0,7,7,0,2,1,8,1,9,0,0,1,1,0,0,2,0,1,0,1,0,0,6,2,0,0,0,2,5,2,0,0,9,0,1,19,0,4,0,1,0,0,2,0,0,0,1,9,1,1,2,0,0,0,0,0,0,2,3,2,1,0,5,0,0,1,1,1,0,0,0,0,1,0,6,0,0,0,0,0,1,0,0,1,1,0,0,0,0,1,2,0,0,0,0,1,0,4,0,0,0,7,2,3,5,0,6,2,0,0,0,0,6,0,0,0,0,0,4,14,18,1,2,1,0,8,1,0,0,1,0,2,0,0,2,0,0,0,3,0,0,0,4,0,4,0,0,3,0,0,1,0,0,0,0,0,0,0,0,0,1,1,0,0,0,3,0,1,0,0,2,0,0,1,1,0,2,0,3,0,0,0,0,1,0,0,1,0,1,0,0,0,0,1,1,0,1,0,1,0,0,0,0,0,0,2,0,1,0,0,0,0,7,0,0,0,0,1,0,1,0,4,1,0,0,0,0,0,0,1,1,0,0,0,1,0,0,0,0,0,1,1,1,0,0,0,0,0,1,0,0,0,0,1,1,6,0,1,0,0,0,0,1,0,0,1,0,0,0,0,0,0,1,1,2,1,0,1,0,0,1,0,0,0,0,2,0,0,1,0,0,0,0,1,0,0,0,1,1,0,0,0,0,0,0,0,0,0,1,0,1,0,0,0,0,1,0,0,0,6,5,3,0,0,2,0,0,0,0,1,0,0,0,0,0,0,1,1,0,0,0,0,0,2,0,0,0,2,0,0,1,2,0,1,0,0,0,0,1,0,1,0,0,0,0,0,0,0,0,0,0,0,1,0,1,2,0,0,0,0,0,0,0,0,1,0,0,0,2,0,6,0,0,0,0,0,0,0,0,1,0,0,0,4,0,2,0,0,0,0,0,0,1,0,0,0,0,1,0,0,0,1,0,1,2,0,0,1,5,2,0,0,0,0,0,0,0,0,1,0,0,1,5
trotsky_perm_rev.txt_chunk29,trotsky,6,0,0,1,2,0,4,0,4,1,6,40,0,0,0,4,3,1,1,0,1,0,2,3,0,2,1,0,2,1,0,0,0,0,4,0,3,0,2,0,0,0,0,2,2,0,3,0,5,3,0,0,0,0,0,2,36,2,4,5,2,1,1,6,1,12,0,5,0,0,0,0,1,0,0,1,2,2,0,2,0,0,0,0,0,4,1,0,0,6,0,3,22,0,0,0,0,0,5,0,0,0,0,1,6,0,1,8,3,1,0,0,0,0,0,4,0,1,0,2,0,1,0,1,6,0,1,0,0,2,2,8,0,0,1,0,0,0,0,0,1,1,0,3,1,0,1,1,0,0,0,0,0,0,4,0,1,0,0,0,4,2,0,6,2,1,2,0,0,2,0,0,0,0,0,2,2,5,1,0,2,1,8,1,0,2,1,0,0,0,0,2,1,0,0,0,0,1,1,0,1,0,0,0,5,3,0,0,0,1,0,0,0,0,1,2,0,0,0,0,0,0,0,0,1,0,0,2,2,0,0,0,0,5,1,0,2,0,1,1,2,0,0,0,6,0,0,0,0,1,1,0,0,0,1,0,0,0,0,0,0,0,0,3,1,0,0,0,0,3,0,1,0,0,0,0,0,0,3,1,0,0,0,1,0,2,3,0,0,0,1,0,5,0,1,0,0,5,0,0,1,0,0,0,0,0,0,1,0,0,0,0,1,0,0,1,0,0,0,0,2,0,0,1,0,4,0,0,0,1,0,1,1,0,1,0,0,0,0,0,0,0,1,0,0,1,0,0,0,0,0,0,0,0,0,4,0,0,0,0,0,1,0,0,0,1,0,0,0,0,0,0,0,3,0,0,1,3,3,0,2,1,0,0,0,0,1,0,0,0,0,0,1,0,1,0,0,0,0,2,2,0,0,0,0,0,0,1,0,0,5,0,0,0,0,1,0,0,12,0,0,0,0,0,0,2,0,0,0,0,0,0,0,0,0,0,0,0,0,0,0,0,0,0,0,1,0,13,1,1,0,0,2,0,0,0,0,0,0,0,3,0,0,0,1,0,2,2,2,0,0,0,0,0,0,0,0,0,0,0,1,0,3,0,3,2,1,0,2,4,0,0,0,0,0,2,7,0,1,4
trotsky_perm_rev.txt_chunk3,trotsky,4,0,1,0,0,0,3,2,2,1,2,36,0,0,0,1,3,1,0,0,0,0,0,3,0,5,0,1,0,0,0,0,0,1,1,0,10,0,0,1,0,1,0,1,2,0,3,1,0,0,0,0,1,0,0,0,33,2,4,2,1,1,1,11,0,10,0,0,0,1,1,0,0,0,1,0,1,6,0,2,0,0,0,0,0,3,1,1,0,9,0,0,18,2,0,0,0,0,1,0,1,0,2,0,2,0,0,2,2,2,0,1,0,0,0,4,6,7,0,4,0,1,0,0,3,3,0,2,0,1,0,13,0,0,0,0,0,0,0,0,0,1,1,0,0,0,1,0,1,0,0,1,0,0,1,0,1,0,1,7,4,1,0,1,0,1,0,0,0,1,0,0,0,0,0,2,3,9,1,2,0,4,2,1,2,2,2,0,4,0,0,0,1,0,0,0,0,2,0,1,0,0,0,0,0,0,0,0,0,0,0,0,0,0,3,0,0,0,1,0,0,0,1,0,0,3,1,0,0,0,0,0,0,5,0,2,2,0,1,4,3,0,0,0,2,0,0,0,0,0,0,0,0,0,0,0,0,0,0,0,0,0,0,1,3,0,0,0,0,2,0,0,1,2,0,0,0,0,1,0,0,0,2,1,0,3,2,1,0,0,0,0,1,0,3,1,1,0,0,0,0,0,0,1,0,2,1,2,0,0,1,0,3,0,1,1,0,0,0,1,0,0,0,0,1,0,1,0,0,0,0,1,0,0,0,0,1,1,0,0,2,0,0,0,0,2,1,0,0,0,0,0,0,0,0,2,0,1,1,0,1,1,0,1,0,0,0,0,0,0,0,0,1,1,0,1,2,1,1,0,0,0,0,1,0,0,0,0,0,4,0,1,0,0,0,0,0,0,0,0,1,0,0,0,1,2,0,1,0,0,10,0,0,0,0,1,0,0,1,1,0,0,0,0,0,2,0,0,1,0,0,0,0,0,0,0,0,0,0,0,0,0,0,0,0,0,0,16,1,0,0,0,1,0,0,0,2,0,0,0,1,0,0,4,2,0,1,1,0,0,0,1,1,0,0,0,0,0,4,0,0,4,1,0,1,0,6,1,5,0,0,0,0,0,0,3,0,2,10,0
trotsky_perm_rev.txt_chunk32,trotsky,5,0,0,0,2,0,2,2,0,0,0,37,0,0,0,0,2,1,1,1,0,0,0,5,0,1,1,0,0,1,0,0,0,2,3,0,4,0,0,0,2,2,1,3,1,2,3,7,1,5,0,0,1,0,0,1,32,2,0,2,0,0,2,7,0,11,0,1,0,0,0,0,2,0,0,0,0,1,0,2,0,1,0,0,1,4,1,0,1,17,1,0,21,0,0,0,1,1,0,4,0,0,0,0,9,0,0,5,1,2,0,1,0,0,0,3,2,2,0,6,2,0,0,2,8,0,0,6,0,3,0,6,1,0,0,1,1,0,0,0,0,0,0,0,6,1,1,4,0,0,0,0,0,0,2,0,2,0,3,1,3,0,1,7,2,0,1,0,0,5,0,2,0,0,0,1,1,17,0,6,0,0,5,1,5,2,1,0,0,1,0,1,0,0,0,4,0,1,0,2,1,0,0,0,2,2,0,0,0,0,0,0,1,0,0,0,0,0,0,0,0,1,0,0,2,1,1,0,0,0,1,0,0,2,0,0,2,0,2,0,4,0,0,0,2,0,0,0,1,1,0,0,1,0,0,0,0,1,0,0,1,1,0,3,1,0,0,1,0,3,0,1,0,1,0,0,1,1,2,0,0,0,0,0,0,1,0,2,1,0,0,0,5,0,0,0,3,2,1,1,0,0,0,0,0,1,0,0,0,2,3,4,5,0,0,0,0,0,1,1,0,0,0,0,0,2,0,0,0,1,1,1,0,0,0,0,0,0,0,0,0,1,0,0,0,1,0,1,0,0,1,0,1,0,1,0,0,0,0,0,0,0,0,0,0,0,0,0,0,0,1,2,0,1,4,1,7,4,1,0,1,0,0,0,0,0,0,2,0,0,0,3,0,0,0,0,0,0,0,0,6,2,0,0,0,0,0,1,0,0,5,0,0,0,0,0,0,0,0,0,0,0,0,1,0,0,0,0,0,0,0,1,0,0,0,0,0,0,0,0,0,0,0,0,0,1,0,8,0,0,0,1,0,0,0,0,0,0,0,0,0,1,0,3,2,0,0,0,0,0,0,0,1,0,0,0,0,0,5,0,0,6,0,1,2,10,1,0,1,4,0,0,0,0,0,6,0,0,0,3
trotsky_perm_rev.txt_chunk33,trotsky,8,0,0,0,2,0,1,1,0,2,1,35,0,0,0,3,2,0,0,0,1,0,2,3,1,1,0,0,0,0,0,0,0,0,1,0,3,1,2,0,1,0,0,1,0,0,4,0,4,6,0,0,0,0,0,0,33,1,3,6,1,1,1,0,0,10,0,3,0,1,0,0,0,1,0,1,1,1,0,4,0,2,0,0,0,1,2,0,0,15,1,0,29,1,0,0,0,0,1,3,1,0,1,0,9,0,0,5,0,0,0,0,0,0,0,5,0,1,0,4,0,0,3,0,6,0,0,4,1,1,0,10,0,0,0,0,0,0,1,0,1,0,0,1,1,1,1,1,0,0,0,0,2,0,5,1,0,0,0,0,3,1,0,10,3,0,0,0,1,1,0,1,0,0,0,2,1,16,2,0,1,1,12,1,0,4,1,2,7,3,0,4,1,0,0,2,2,0,0,1,0,0,0,0,4,0,0,0,0,0,1,0,0,0,0,1,0,1,1,0,0,1,0,0,0,0,0,0,0,0,0,0,0,4,0,0,0,1,1,1,5,0,2,1,2,0,0,0,0,0,0,0,0,0,0,2,1,1,0,0,0,0,0,6,2,1,0,1,0,1,0,1,0,1,0,0,1,0,7,1,0,0,0,1,0,0,2,2,0,0,1,0,0,0,0,0,0,0,0,1,0,0,2,0,0,0,0,1,0,0,0,2,1,0,0,1,0,0,1,0,0,0,2,1,0,1,0,0,0,2,0,3,0,0,1,0,0,1,2,1,1,0,0,0,0,0,0,0,0,0,0,0,0,0,0,0,0,0,0,1,0,1,0,0,0,0,0,0,0,0,0,2,1,1,0,0,11,5,3,0,1,1,1,0,0,0,0,0,1,0,0,4,0,0,0,0,0,0,1,0,5,0,0,0,0,0,0,0,0,0,9,0,0,0,1,2,0,0,3,2,0,0,0,1,0,0,0,0,0,1,0,1,1,0,0,0,0,0,0,0,0,1,0,0,0,2,0,13,0,0,0,0,1,0,0,0,0,0,0,0,0,0,0,0,0,0,0,0,0,0,0,0,0,0,0,0,0,0,3,0,0,7,0,0,1,7,1,0,2,1,1,0,0,0,0,3,0,0,0,7
trotsky_perm_rev.txt_chunk35,trotsky,4,0,0,0,0,0,0,0,2,1,1,30,0,0,0,2,0,0,1,0,1,0,0,2,1,1,1,0,0,1,0,0,0,0,1,0,9,0,0,0,0,0,0,4,2,0,0,5,1,2,0,0,5,0,0,1,31,0,4,3,0,0,2,5,0,5,0,0,1,2,0,0,1,0,0,1,0,1,1,1,0,0,1,0,0,4,0,0,0,15,1,0,20,0,0,0,0,0,3,4,0,0,0,2,7,0,0,1,0,0,0,0,0,1,2,3,1,2,0,7,0,0,1,2,3,2,0,1,0,1,0,12,0,0,0,0,0,0,1,1,2,0,0,0,0,2,0,1,0,0,1,1,0,0,0,0,0,0,1,0,3,3,0,4,1,0,1,0,1,1,0,0,0,0,1,4,5,6,0,3,2,0,9,2,6,0,0,1,3,0,0,0,0,0,0,3,0,0,3,1,0,1,1,1,1,1,2,1,0,0,0,0,0,0,0,0,0,0,0,0,1,0,0,1,2,0,1,1,1,0,2,1,0,4,0,3,1,0,1,1,1,0,0,0,5,2,0,0,0,0,0,0,0,1,0,0,0,0,0,0,2,1,1,4,0,0,1,0,0,0,0,0,0,0,1,0,3,0,3,0,0,0,0,0,1,1,0,0,0,1,1,0,2,0,0,0,1,2,0,1,0,0,0,0,0,0,2,0,0,1,3,0,0,1,0,0,0,1,0,0,1,0,0,0,1,2,0,0,0,1,0,0,1,0,0,0,0,1,0,0,0,0,0,1,0,1,1,0,0,0,0,0,0,1,0,0,0,0,0,0,1,0,1,0,1,0,0,0,0,0,0,2,0,0,0,0,2,1,3,0,1,0,1,0,0,0,1,0,0,0,0,0,0,0,0,0,0,0,0,1,3,0,0,0,0,0,0,1,1,0,6,0,0,0,0,0,0,0,0,1,1,0,1,2,0,1,0,0,1,0,0,0,1,0,0,0,0,0,0,0,0,1,0,0,0,0,0,9,0,0,0,0,0,0,0,0,1,0,0,0,2,1,0,0,0,0,0,0,1,0,0,1,1,0,1,0,0,0,0,0,1,0,0,0,0,0,3,0,0,3,0,0,0,0,0,3,0,0,5,12
trotsky_perm_rev.txt_chunk36,trotsky,2,0,0,0,2,1,5,4,1,1,3,36,0,0,0,1,4,0,0,0,0,0,0,0,1,1,0,0,0,0,0,0,0,0,2,0,5,0,1,0,0,0,0,0,5,0,2,1,1,1,0,0,5,0,0,2,42,2,3,3,2,1,4,7,0,7,1,0,0,1,3,1,0,0,0,0,0,4,0,3,0,0,0,0,3,3,0,0,0,9,0,0,16,0,0,0,0,0,1,4,0,1,0,1,5,1,0,4,1,1,0,0,0,0,2,2,2,0,0,4,1,1,1,1,1,2,2,2,0,0,1,10,0,0,0,0,0,1,0,1,1,0,1,1,1,1,1,0,1,0,0,0,0,0,1,0,2,0,4,2,1,1,1,9,3,0,0,0,0,0,0,0,0,0,0,0,3,6,0,1,0,0,3,1,1,1,0,0,1,1,0,0,0,0,0,3,0,1,0,1,1,1,0,0,1,2,0,0,0,0,0,1,0,0,2,0,0,0,0,0,0,0,1,1,0,3,2,0,0,0,0,0,0,0,0,1,1,0,4,1,0,0,0,0,2,1,0,0,0,0,0,0,0,0,0,0,0,1,0,1,1,2,0,0,2,1,0,0,1,2,0,0,0,1,0,0,2,0,3,3,0,0,1,1,0,2,4,0,0,0,1,1,9,0,3,0,1,10,0,2,1,0,0,0,0,1,0,0,0,0,1,1,1,1,0,0,0,1,2,1,2,0,0,0,0,0,0,1,0,0,0,2,2,0,0,0,0,0,0,0,0,0,2,0,0,0,0,0,0,0,0,0,0,0,0,0,0,1,1,0,0,0,0,0,0,0,0,0,1,0,0,1,1,3,0,1,0,0,3,0,0,1,0,0,0,0,0,1,0,1,1,0,1,1,0,1,0,1,0,0,0,0,0,0,1,0,0,0,0,1,18,0,2,0,0,2,0,0,5,0,0,1,0,1,0,2,0,0,0,0,1,0,0,0,2,0,0,0,0,0,0,0,1,0,0,0,1,17,0,0,0,0,2,0,0,0,2,0,0,0,1,0,0,4,5,0,0,2,0,1,0,0,0,0,1,0,0,0,0,0,0,0,0,2,2,0,4,0,1,1,0,2,0,0,0,5,0,0,5,0
trotsky_perm_rev.txt_chunk4,trotsky,1,0,0,0,1,0,1,6,0,4,0,50,0,1,0,0,0,0,0,0,0,0,0,4,0,0,0,0,0,0,0,0,1,2,1,0,5,0,1,0,0,2,0,2,4,0,3,0,3,5,0,0,4,1,0,0,40,1,3,0,0,0,1,11,0,5,0,0,0,1,0,1,0,0,1,0,0,2,0,0,1,0,0,0,0,3,1,0,2,12,0,0,12,1,0,0,0,0,1,0,0,0,0,0,2,0,1,3,1,1,0,0,0,0,0,2,0,5,0,2,0,0,0,1,4,3,1,2,0,1,1,10,0,0,1,2,0,0,1,0,2,1,2,2,1,0,1,1,0,0,0,1,0,1,1,0,1,0,3,2,4,3,2,4,1,1,0,0,0,0,0,0,0,1,0,4,2,14,2,0,2,0,2,2,0,1,0,3,3,0,0,0,1,0,0,3,0,0,0,3,0,0,0,2,1,0,0,2,0,0,0,0,0,0,1,2,0,1,0,0,0,0,1,0,1,0,0,0,0,0,0,0,0,0,0,0,1,0,3,0,7,0,2,1,0,0,0,0,0,0,0,0,0,0,0,0,0,0,0,0,2,2,0,5,3,0,0,1,0,1,0,0,0,0,0,0,0,1,5,0,0,0,0,1,0,1,2,2,0,0,2,0,1,0,0,2,2,0,0,0,0,0,0,0,0,0,0,0,0,0,3,0,4,0,1,0,1,1,0,0,0,0,0,0,2,0,0,1,0,2,0,2,0,0,1,1,0,1,0,0,0,0,0,0,0,0,0,0,0,0,0,0,0,0,0,1,0,0,0,1,0,0,0,1,0,1,0,1,0,0,0,1,0,1,0,0,0,0,5,0,0,0,0,0,0,0,0,0,0,0,0,0,0,0,0,0,0,1,0,0,6,0,0,0,0,0,0,0,0,0,5,1,0,0,0,0,0,0,2,1,0,0,0,1,0,0,0,0,0,0,0,0,0,0,0,0,0,1,0,0,0,0,0,0,0,1,0,9,2,0,0,0,0,0,0,0,0,0,0,0,2,0,2,3,1,0,0,0,0,0,0,0,1,0,0,0,0,0,6,0,1,8,0,0,3,1,2,0,1,1,0,1,0,0,0,1,0,1,4,0
trotsky_perm_rev.txt_chunk6,trotsky,1,0,0,1,1,0,5,3,2,2,1,38,0,0,0,1,2,0,0,4,0,0,3,9,0,0,0,0,0,0,0,1,0,1,0,0,6,0,0,0,0,0,0,1,4,0,0,2,1,1,0,0,3,0,0,0,38,1,0,4,0,1,1,8,0,11,0,1,0,4,0,1,1,1,0,0,1,0,0,0,1,1,0,0,0,0,4,1,0,11,0,1,16,1,0,0,0,0,1,6,1,0,0,1,6,2,1,5,1,1,0,0,0,2,2,0,1,3,0,4,0,0,0,0,8,0,1,1,0,0,0,22,1,1,0,1,2,0,0,2,0,0,0,1,3,2,1,1,2,0,0,1,0,0,1,1,0,1,2,3,1,2,1,5,0,0,1,0,0,3,0,0,0,1,0,0,0,10,1,1,4,0,6,2,5,1,0,0,5,4,0,0,0,2,0,0,2,0,0,1,0,3,1,0,0,0,0,2,0,0,0,0,0,0,0,0,0,3,1,0,1,0,0,0,1,0,1,3,0,0,0,1,0,3,0,3,0,0,1,1,1,0,0,0,0,1,0,1,0,0,2,0,0,0,0,1,0,0,1,0,3,0,0,0,7,0,0,0,0,0,0,1,0,0,0,0,3,0,2,0,0,0,4,2,0,1,0,1,1,0,0,0,0,0,3,0,0,0,0,0,2,0,0,0,0,0,0,0,0,0,0,0,0,1,0,0,0,0,0,1,0,0,1,0,0,1,0,0,0,1,0,0,0,0,0,0,0,0,0,1,0,0,1,0,0,1,0,0,1,0,0,0,0,0,0,1,0,2,0,0,1,0,0,2,0,0,0,1,0,2,0,0,0,0,0,1,0,1,2,0,1,0,0,0,0,0,0,0,0,1,0,0,0,0,0,0,0,0,2,0,2,0,0,0,0,1,0,0,1,0,1,0,0,1,0,1,0,0,0,0,2,0,0,1,0,0,0,0,0,0,0,3,0,0,0,0,0,0,0,0,0,0,0,0,0,1,1,8,0,0,1,0,0,0,0,1,0,0,0,0,0,1,0,2,1,0,0,0,0,0,0,1,0,0,0,0,0,0,2,0,0,3,0,1,0,1,1,0,0,6,0,0,0,0,1,0,0,0,5,0
trotsky_perm_rev.txt_chunk8,trotsky,12,1,0,0,0,0,10,3,1,6,1,36,0,0,0,8,1,1,2,0,0,0,2,2,0,1,1,0,1,0,0,0,0,1,2,0,3,1,0,0,0,0,1,5,2,1,3,0,0,4,0,3,1,0,0,0,27,0,7,3,0,0,2,7,1,7,1,1,1,0,0,0,0,0,1,1,0,0,0,0,2,2,6,0,0,1,2,1,0,14,0,0,27,2,1,0,0,0,2,1,0,0,1,2,5,0,1,5,1,1,0,0,0,0,0,5,0,2,0,2,0,0,2,1,6,3,0,3,1,1,0,9,0,0,1,0,0,0,2,0,0,0,1,1,1,2,1,1,1,1,1,2,1,0,3,0,1,0,2,4,5,2,0,8,3,0,3,0,1,3,0,0,0,0,0,0,2,24,1,1,1,2,5,0,3,2,1,0,9,2,0,0,0,2,0,3,1,0,0,4,0,1,0,0,2,0,0,0,0,1,0,0,0,0,0,0,0,0,0,1,1,1,0,0,0,0,0,0,0,0,0,2,1,1,0,2,0,1,1,2,2,0,0,0,0,0,0,0,0,0,0,1,0,0,0,1,2,1,0,0,0,0,0,1,3,0,0,0,0,0,0,2,0,0,0,0,1,0,3,1,0,0,0,0,0,0,0,0,0,0,2,1,1,0,1,0,0,0,0,0,0,0,1,0,0,1,0,0,0,0,0,0,1,0,0,0,0,0,0,0,0,0,0,2,0,3,0,0,0,1,1,0,0,0,0,0,0,1,0,1,1,0,3,0,0,1,1,0,2,0,0,0,0,0,0,3,0,2,0,0,1,0,0,0,3,0,0,0,0,2,0,4,0,1,0,1,1,0,1,0,0,1,1,0,0,0,1,0,0,0,0,1,1,0,0,0,0,0,1,0,0,0,0,0,0,0,0,0,1,0,0,0,1,0,3,3,0,0,0,0,1,0,0,0,0,0,0,1,0,0,0,1,1,0,1,0,0,0,0,0,0,1,0,0,0,1,0,13,0,0,0,0,1,0,0,0,1,0,0,0,0,0,0,0,0,0,0,0,0,0,0,0,0,0,0,0,0,0,7,0,0,3,0,0,0,9,2,0,0,6,0,0,0,0,1,1,0,0,8,3
trotsky_perm_rev.txt_chunk9,trotsky,7,0,0,1,0,0,1,0,0,2,1,36,0,0,0,1,0,0,0,0,1,1,0,2,0,2,0,1,2,0,0,0,1,1,3,0,4,1,0,0,0,1,0,5,1,0,4,1,2,9,0,0,5,0,0,1,31,0,6,3,0,0,3,13,1,5,0,2,2,0,2,0,4,2,3,0,1,1,0,2,8,0,2,0,1,0,0,2,0,15,0,1,23,2,0,0,0,0,0,3,0,0,1,0,7,1,1,11,0,0,0,1,0,0,1,6,1,1,0,4,1,0,4,0,7,2,1,2,0,1,1,12,0,0,0,0,0,0,1,0,0,0,2,1,0,2,0,0,0,0,0,4,0,0,3,0,0,0,4,1,3,2,1,3,2,1,0,0,0,6,0,0,0,0,0,2,2,14,3,0,3,1,6,1,0,1,2,1,15,0,0,1,0,0,1,1,1,0,0,0,0,0,0,0,0,0,0,1,0,0,0,0,0,0,0,1,0,0,1,0,0,0,1,2,0,0,0,0,0,2,3,1,0,0,0,0,0,1,2,1,3,0,0,0,0,1,0,0,0,0,2,0,0,0,0,1,0,0,0,0,4,0,0,2,6,0,0,0,0,0,0,0,0,0,0,0,0,0,2,1,0,0,0,1,0,0,0,1,1,0,2,1,1,0,0,0,0,1,2,0,0,0,0,0,0,1,0,2,0,0,0,0,1,0,0,0,0,0,0,1,0,0,0,0,0,5,0,0,0,2,1,0,0,0,2,0,0,2,0,0,0,0,1,0,0,1,2,0,1,0,1,0,0,0,0,0,1,0,0,3,0,0,0,0,0,1,0,0,0,0,1,0,0,3,0,0,0,0,1,0,2,0,0,0,0,0,0,1,0,0,0,0,1,0,0,0,0,0,0,0,3,0,0,0,0,0,0,0,0,0,1,0,0,0,1,1,0,0,0,0,0,0,0,0,0,0,0,0,0,0,0,0,1,0,0,0,0,0,0,1,1,0,0,0,0,1,1,5,1,0,0,0,0,0,0,0,0,0,1,1,1,1,0,0,0,0,0,0,0,0,1,0,0,0,0,0,0,0,1,0,0,2,0,0,0,12,1,0,1,11,0,0,0,0,0,2,0,0,3,8
trotsky_voyna_i_oppoz.txt_chunk2,trotsky,5,0,0,0,1,0,2,3,0,3,1,24,0,3,0,3,0,0,0,0,0,0,1,6,0,0,0,0,0,0,0,0,0,2,2,0,3,1,3,1,0,1,0,6,1,2,0,0,1,3,0,0,8,0,1,0,52,0,2,0,1,0,2,3,1,2,0,1,0,1,1,0,0,0,1,0,1,1,0,1,0,0,0,0,0,1,0,0,0,21,0,0,25,1,0,0,0,0,2,4,0,0,0,0,6,0,0,6,0,1,0,0,2,1,0,1,6,5,0,5,0,0,0,0,4,0,0,0,0,1,0,16,0,0,0,0,1,4,1,0,1,1,0,1,0,7,1,0,1,0,0,0,0,0,0,0,1,1,4,0,2,4,0,5,1,0,1,0,3,2,2,0,0,0,0,0,0,11,1,2,0,0,5,3,1,0,0,1,0,2,0,0,0,0,0,1,2,0,0,0,0,0,0,0,4,1,0,0,0,1,0,2,1,0,0,1,0,0,0,0,1,0,0,1,0,0,0,0,0,0,0,1,0,2,0,2,0,0,0,1,1,0,0,0,0,1,0,0,0,0,2,0,0,0,0,0,1,4,1,1,0,0,1,1,0,1,0,0,0,1,1,0,0,0,0,0,0,0,1,0,0,0,0,0,0,2,0,0,0,2,1,0,0,0,0,2,0,0,0,1,0,0,0,0,0,0,0,0,0,0,0,0,3,0,0,0,0,0,0,0,1,0,0,2,0,0,2,0,0,0,1,0,0,0,0,0,0,0,1,0,0,0,0,0,0,0,0,0,0,0,0,0,0,1,0,0,0,0,0,0,0,0,0,0,1,1,2,0,1,0,0,0,1,1,0,0,1,0,1,0,0,1,0,0,1,0,1,0,0,0,0,0,0,0,0,0,0,0,1,0,0,0,0,0,0,1,2,0,1,0,0,3,0,2,1,1,0,0,0,0,0,1,2,0,0,0,0,0,0,0,0,1,0,0,0,0,0,0,0,0,0,0,0,1,0,0,0,0,0,3,1,0,4,1,0,0,0,0,0,0,0,0,0,0,0,0,0,0,0,0,0,0,0,0,0,0,0,0,0,0,0,0,0,0,0,0,0,0,0,0,0,4,0,0,0,0,0,0,0,0
zasulich_dobrolubov_I.txt_chunk1,zasulich,8,0,1,0,0,1,3,1,0,1,0,38,0,0,0,2,0,0,0,0,0,0,0,6,2,1,0,0,2,1,4,0,0,0,0,0,4,0,0,0,2,1,0,13,0,2,1,2,3,6,3,2,4,0,0,0,30,0,0,2,0,0,2,6,0,2,1,1,1,0,1,0,1,0,4,2,2,1,1,0,0,0,0,0,0,1,2,3,2,13,1,0,20,1,0,2,0,0,1,2,2,1,0,1,10,0,3,5,2,1,0,0,1,0,1,15,2,3,0,6,0,0,1,2,1,0,0,5,1,0,0,9,0,1,1,0,3,0,3,1,2,2,1,3,2,0,0,0,0,0,0,0,0,0,1,0,2,2,3,0,2,3,1,4,0,2,2,0,0,6,0,0,0,2,0,3,2,11,2,1,4,0,2,1,3,2,1,0,0,0,2,0,0,0,0,0,0,0,0,0,0,0,0,0,0,0,1,1,0,0,0,0,0,0,0,1,0,1,0,0,0,0,0,0,0,1,1,0,0,0,2,2,0,2,1,0,0,1,0,1,1,0,0,0,0,0,0,0,0,0,0,0,0,0,0,0,0,2,1,1,0,0,0,1,1,0,0,0,0,0,0,0,0,0,0,1,0,0,0,0,0,0,0,0,1,0,0,0,1,1,1,0,0,0,0,0,0,0,1,1,0,0,0,0,0,0,0,0,0,0,0,0,0,1,1,1,1,0,1,2,0,0,2,0,0,0,0,0,0,2,4,1,0,0,1,0,0,2,0,0,0,0,0,1,0,0,0,0,0,0,0,0,0,0,1,1,0,0,0,0,1,0,1,0,0,0,0,0,1,0,1,1,0,0,0,2,4,5,0,0,0,1,0,0,0,0,1,0,0,0,0,1,0,0,1,0,0,0,0,0,0,1,0,0,1,2,1,1,0,0,0,1,0,0,1,0,0,0,0,0,0,0,0,0,0,0,0,1,0,0,0,0,3,0,1,0,0,0,0,2,0,0,0,0,0,0,0,0,0,0,0,1,0,0,0,0,0,1,0,0,0,0,0,0,0,0,0,0,0,0,0,0,0,0,0,0,0,0,1,0,0,0,0,0,0,0,0,0,0,0,0,0,0,0,0,0,0,0,0,0
zasulich_dobrolubov_I.txt_chunk2,zasulich,2,0,0,1,3,0,4,2,0,1,1,30,1,0,0,2,0,0,0,0,0,1,1,3,1,2,1,0,1,1,1,0,0,0,1,0,5,2,0,0,0,1,0,9,0,4,2,1,3,6,1,0,3,0,0,0,42,0,6,0,2,0,7,8,2,8,0,4,0,2,2,1,0,2,2,0,0,1,0,0,0,0,0,1,0,1,1,1,0,16,0,1,26,1,0,1,1,0,2,0,2,1,2,2,15,1,2,3,0,1,1,1,1,0,0,17,3,3,1,13,0,1,0,1,4,1,0,0,0,0,1,7,1,0,0,0,0,2,1,3,0,0,1,0,0,2,0,0,0,0,0,0,0,3,2,0,1,1,3,0,7,1,1,3,1,1,0,1,0,2,0,0,0,0,3,3,1,18,3,1,2,1,6,2,0,0,1,0,5,1,0,1,0,0,0,2,0,0,1,2,0,0,0,1,2,0,3,0,1,0,0,0,0,0,2,2,0,0,0,1,0,2,1,0,1,1,0,0,0,1,0,0,0,3,0,2,0,0,0,1,0,0,0,0,0,1,0,0,0,0,0,0,5,0,1,0,0,0,0,0,0,0,0,0,0,0,0,0,0,0,0,0,0,0,0,1,0,0,1,0,0,0,0,0,1,0,0,1,0,1,1,0,0,0,0,0,1,0,1,0,0,1,0,0,0,0,0,0,0,0,0,0,1,1,1,0,0,0,1,0,0,0,0,7,0,1,0,0,0,3,0,1,0,0,1,0,0,0,0,1,1,0,0,0,0,0,1,0,1,0,1,0,0,0,2,0,0,0,0,0,0,2,0,2,0,0,0,0,1,0,0,0,0,3,0,0,2,0,1,0,0,0,0,1,0,0,1,0,0,0,1,0,0,0,0,0,0,0,1,0,1,0,0,0,0,2,1,0,2,1,0,1,0,0,0,1,0,0,0,0,0,0,0,0,0,0,0,3,0,0,0,0,0,1,0,0,0,0,0,0,0,0,0,0,0,0,0,1,2,0,0,0,0,0,0,1,0,0,0,0,0,0,0,0,0,0,0,0,0,0,0,0,0,0,1,0,0,0,0,0,0,0,0,0,0,0,0,0,0,0,0,0,0,0,0,0,0,0,0,0
zasulich_dobrolubov_I.txt_chunk3,zasulich,7.782101167315175,0,0,0,0,0,19.45525291828794,5.188067444876784,1.297016861219196,5.188067444876784,1.297016861219196,29.831387808041505,0,1.297016861219196,0,1.297016861219196,0,0,0,0,0,0,3.8910505836575875,7.782101167315175,2.594033722438392,1.297016861219196,0,0,3.8910505836575875,0,0,0,0,0,0,0,5.188067444876784,0,0,0,0,0,0,2.594033722438392,1.297016861219196,0,6.485084306095979,0,2.594033722438392,5.188067444876784,0,3.8910505836575875,3.8910505836575875,0,1.297016861219196,0,38.91050583657588,1.297016861219196,2.594033722438392,2.594033722438392,1.297016861219196,0,3.8910505836575875,7.782101167315175,0,6.485084306095979,0,2.594033722438392,0,0,1.297016861219196,1.297016861219196,1.297016861219196,0,1.297016861219196,0,0,2.594033722438392,0,0,0,0,0,0,1.297016861219196,3.8910505836575875,0,0,3.8910505836575875,3.8910505836575875,0,1.297016861219196,29.831387808041505,1.297016861219196,0,0,1.297016861219196,0,0,0,2.594033722438392,1.297016861219196,0,2.594033722438392,10.376134889753567,0,5.188067444876784,2.594033722438392,1.297016861219196,0,0,0,0,0,0,2.594033722438392,0,6.485084306095979,0,12.970168612191959,0,0,0,0,0,0,0,0,0,0,0,9.079118028534372,0,1.297016861219196,1.297016861219196,0,0,1.297016861219196,1.297016861219196,0,0,1.297016861219196,0,3.8910505836575875,3.8910505836575875,0,0,0,0,0,0,0,0,0,2.594033722438392,0,1.297016861219196,1.297016861219196,0,0,7.782101167315175,2.594033722438392,0,6.485084306095979,0,1.297016861219196,0,1.297016861219196,0,3.8910505836575875,0,0,0,5.188067444876784,0,0,0,6.485084306095979,9.079118028534372,0,0,1.297016861219196,2.594033722438392,0,0,0,0,0,0,2.594033722438392,0,0,0,0,0,2.594033722438392,0,0,0,1.297016861219196,0,0,1.297016861219196,1.297016861219196,0,1.297016861219196,1.297016861219196,0,0,0,0,0,0,0,0,2.594033722438392,0,0,0,0,0,0,0,0,0,1.297016861219196,0,1.297016861219196,0,0,1.297016861219196,0,0,1.297016861219196,1.297016861219196,0,0,0,0,1.297016861219196,0,2.594033722438392,1.297016861219196,0,0,0,0,0,0,0,0,2.594033722438392,2.594033722438392,0,0,0,0,0,0,0,0,0,0,1.297016861219196,0,0,0,0,1.297016861219196,0,0,0,0,0,0,0,0,0,2.594033722438392,0,0,0,0,0,0,0,0,0,0,2.594033722438392,3.8910505836575875,0,0,0,0,0,0,0,0,0,0,0,0,0,0,0,0,0,1.297016861219196,0,0,0,1.297016861219196,0,0,0,1.297016861219196,0,0,1.297016861219196,1.297016861219196,0,2.594033722438392,5.188067444876784,0,0,0,0,0,0,1.297016861219196,0,0,0,1.297016861219196,2.594033722438392,1.297016861219196,0,0,0,1.297016861219196,0,0,0,0,0,0,0,1.297016861219196,0,0,0,0,0,1.297016861219196,0,0,0,0,0,0,0,2.594033722438392,5.188067444876784,0,0,0,0,0,0,0,1.297016861219196,0,1.297016861219196,0,0,1.297016861219196,1.297016861219196,0,0,0,0,1.297016861219196,0,0,1.297016861219196,0,0,0,0,0,0,0,0,0,0,0,0,0,0,0,1.297016861219196,0,0,1.297016861219196,1.297016861219196,0,0,2.594033722438392,1.297016861219196,0,0,0,2.594033722438392,5.188067444876784,0,0,0,0,0,0,0,6.485084306095979,0,0,0,0,2.594033722438392,2.594033722438392,0,0,0,0,0,0,0,0,0,0,2.594033722438392,0,0,0,1.297016861219196,0,0,0,0,0,0,1.297016861219196,0,0,0,0,0,0,1.297016861219196,0,0,0,1.297016861219196,2.594033722438392,0,2.594033722438392,0,0,0,0,0,0,0,0,0,1.297016861219196,0,1.297016861219196,0,0,0,0,0,0,0,0,0,0,0,0,0,0,0,1.297016861219196,0,2.594033722438392,0,0,0,0,0
zasulich_merged_skiy_I.txt_ionala.txt_icha_I.txt,zasulich,7.022471910112359,0,0,0,1.4044943820224718,2.8089887640449436,5.617977528089887,0,1.4044943820224718,4.213483146067416,0,25.280898876404493,0,0,0,2.8089887640449436,1.4044943820224718,0,0,0,0,0,5.617977528089887,12.640449438202246,0,0,0,0,1.4044943820224718,1.4044943820224718,0,1.4044943820224718,0,0,1.4044943820224718,0,7.022471910112359,1.4044943820224718,0,0,0,0,1.4044943820224718,8.426966292134832,0,1.4044943820224718,8.426966292134832,1.4044943820224718,4.213483146067416,4.213483146067416,2.8089887640449436,1.4044943820224718,8.426966292134832,0,0,0,22.47191011235955,0,7.022471910112359,8.426966292134832,2.8089887640449436,0,4.213483146067416,5.617977528089887,0,4.213483146067416,0,0,1.4044943820224718,0,0,0,1.4044943820224718,0,1.4044943820224718,4.213483146067416,1.4044943820224718,2.8089887640449436,2.8089887640449436,1.4044943820224718,0,0,1.4044943820224718,2.8089887640449436,2.8089887640449436,1.4044943820224718,1.4044943820224718,0,0,16.853932584269664,1.4044943820224718,1.4044943820224718,18.258426966292134,2.8089887640449436,1.4044943820224718,1.4044943820224718,0,0,1.4044943820224718,1.4044943820224718,0,0,2.8089887640449436,0,9.831460674157302,0,4.213483146067416,1.4044943820224718,1.4044943820224718,0,0,1.4044943820224718,1.4044943820224718,4.213483146067416,0,12.640449438202246,1.4044943820224718,4.213483146067416,0,7.022471910112359,0,0,0,0,4.213483146067416,0,0,1.4044943820224718,0,1.4044943820224718,0,14.044943820224718,1.4044943820224718,0,1.4044943820224718,0,0,1.4044943820224718,1.4044943820224718,0,1.4044943820224718,1.4044943820224718,0,0,1.4044943820224718,4.213483146067416,0,1.4044943820224718,0,0,0,0,0,0,1.4044943820224718,0,0,2.8089887640449436,0,4.213483146067416,5.617977528089887,0,0,14.044943820224718,0,1.4044943820224718,0,0,0,4.213483146067416,0,1.4044943820224718,0,0,1.4044943820224718,0,0,15.44943820224719,5.617977528089887,0,0,0,7.022471910112359,1.4044943820224718,5.617977528089887,0,0,0,0,1.4044943820224718,0,0,0,0,0,0,0,0,0,0,0,0,1.4044943820224718,1.4044943820224718,4.213483146067416,0,1.4044943820224718,0,1.4044943820224718,1.4044943820224718,0,0,0,1.4044943820224718,1.4044943820224718,0,0,0,0,0,0,0,0,0,1.4044943820224718,0,1.4044943820224718,0,0,0,4.213483146067416,0,0,1.4044943820224718,1.4044943820224718,0,1.4044943820224718,0,0,1.4044943820224718,1.4044943820224718,0,0,0,1.4044943820224718,1.4044943820224718,0,0,0,0,0,0,0,0,1.4044943820224718,1.4044943820224718,0,0,0,0,0,0,0,0,0,0,0,0,1.4044943820224718,0,4.213483146067416,0,0,0,1.4044943820224718,0,1.4044943820224718,0,0,0,0,1.4044943820224718,0,1.4044943820224718,1.4044943820224718,2.8089887640449436,0,0,0,0,1.4044943820224718,0,0,0,0,0,1.4044943820224718,0,0,0,0,0,0,0,0,0,0,0,0,2.8089887640449436,0,0,2.8089887640449436,1.4044943820224718,0,1.4044943820224718,2.8089887640449436,0,0,0,1.4044943820224718,0,1.4044943820224718,2.8089887640449436,1.4044943820224718,0,0,0,0,4.213483146067416,0,0,0,1.4044943820224718,0,0,0,0,0,0,0,0,0,1.4044943820224718,0,1.4044943820224718,0,0,0,0,1.4044943820224718,1.4044943820224718,0,0,0,0,0,0,0,0,1.4044943820224718,1.4044943820224718,0,0,0,0,0,0,0,1.4044943820224718,0,1.4044943820224718,0,2.8089887640449436,0,0,1.4044943820224718,0,0,0,0,0,0,0,0,0,0,0,0,0,0,0,0,0,0,0,0,0,0,1.4044943820224718,0,1.4044943820224718,0,0,0,0,0,0,0,0,0,0,0,0,1.4044943820224718,0,0,0,0,0,0,0,0,0,0,0,0,0,0,1.4044943820224718,0,0,0,4.213483146067416,0,0,0,0,0,0,0,0,0,0,0,0,0,0,1.4044943820224718,1.4044943820224718,0,0,0,0,0,0,0,0,0,0,0,0,0,0,0,0,0,1.4044943820224718,0,1.4044943820224718,0,0,0,0,0,0,0,0,0,1.4044943820224718,0,0,0,0,0,0,0,0,0,0,0,0,4.213483146067416,0,0,0,0,1.4044943820224718,0,0
zasulich_mihailovskiy_I.txt_chunk1,zasulich,3,0,0,0,2,0,2,2,4,1,2,37,0,0,0,0,0,0,0,2,0,0,4,3,1,2,0,1,1,0,0,1,0,0,0,1,7,1,0,0,0,0,0,11,0,4,0,1,5,0,1,1,5,2,0,0,38,0,6,2,1,0,2,9,1,10,0,5,0,1,0,0,2,0,2,0,0,3,0,0,0,0,0,0,0,0,1,1,0,13,0,0,29,2,1,0,0,2,0,3,0,1,4,0,8,0,0,0,1,1,1,2,0,0,1,5,1,1,0,4,0,0,0,0,8,1,0,0,1,0,0,12,0,0,0,0,1,3,2,0,1,0,2,1,0,1,0,2,0,2,0,0,0,1,6,0,0,0,2,2,4,2,0,3,0,0,0,0,0,0,0,0,1,0,1,1,0,6,3,0,0,1,6,2,3,0,0,0,0,4,0,0,0,0,0,0,0,1,0,3,0,0,0,2,1,0,1,2,2,0,0,0,0,0,2,1,1,1,0,0,0,0,1,1,0,0,0,0,1,0,2,1,0,6,0,2,0,0,1,2,0,0,0,1,2,0,0,0,0,1,1,0,1,1,0,2,0,0,0,0,0,0,0,1,1,0,0,0,0,3,0,0,0,0,0,0,1,0,0,0,0,1,0,2,2,1,0,0,0,2,1,1,0,0,2,1,0,0,0,0,1,2,0,0,1,1,0,0,0,0,0,1,3,0,1,4,0,1,0,1,0,0,0,2,0,1,1,2,0,5,0,1,1,0,0,0,1,1,0,4,1,0,1,0,0,0,0,1,1,0,0,1,0,0,0,0,0,0,0,0,1,0,0,0,0,0,2,0,0,0,0,0,0,1,0,0,1,0,0,0,0,2,0,0,0,0,0,1,0,0,0,0,1,0,0,0,0,0,0,0,1,0,0,0,0,0,0,1,1,0,1,0,2,1,0,1,0,0,0,0,1,0,0,0,0,0,0,3,0,0,0,0,1,0,0,0,0,0,0,0,0,0,0,0,0,0,0,0,0,1,0,0,0,0,0,1,3,2,0,0,0,0,0,0,0,0,1,0,1,0,0,0,0,0,0,0,0,0,0,7,0,0,0,0,0,0,0,0,0,0,0,0,0,0,0,0,0,0,0,0
zasulich_o_chem_govoryat_nam_I.txt_chunk1,zasulich,6,0,0,0,1,0,4,0,3,2,2,42,0,1,0,0,0,0,0,2,0,0,1,6,0,0,0,0,1,1,1,1,0,0,1,0,0,0,1,0,0,0,0,1,0,1,4,0,5,3,0,1,1,1,0,0,43,0,8,5,0,0,7,4,0,7,0,2,1,1,3,0,0,0,0,0,2,3,0,1,0,0,0,0,0,3,0,0,1,18,0,0,22,0,0,1,0,1,2,0,2,2,2,1,7,0,0,3,1,0,1,1,1,2,1,3,2,0,1,0,0,0,2,1,4,1,0,0,2,3,0,15,1,0,3,0,0,0,2,0,1,2,2,0,0,2,0,1,0,0,0,0,0,0,1,0,0,1,2,0,5,2,1,3,0,2,0,1,1,3,0,0,0,0,0,6,0,11,1,1,4,0,4,1,1,0,1,0,0,3,0,0,0,0,0,3,0,0,0,2,0,1,0,0,1,0,0,0,1,2,0,0,0,0,0,2,0,1,0,0,0,0,0,0,0,2,1,0,1,2,1,0,0,3,0,0,0,0,2,6,0,0,2,4,1,2,0,0,0,1,0,0,0,0,0,1,0,0,0,0,1,0,2,1,5,0,0,0,6,0,0,0,0,0,1,1,1,0,0,0,0,0,0,1,0,1,0,0,0,0,1,0,0,0,0,0,0,0,0,0,1,0,0,1,0,0,0,0,0,1,5,0,2,1,0,1,0,0,0,3,0,0,1,0,0,0,0,0,0,0,0,0,0,0,1,0,1,0,0,0,1,0,2,1,0,0,0,0,1,0,2,0,0,0,0,2,1,0,1,0,0,1,1,1,1,0,1,0,0,0,2,0,0,0,0,1,3,1,0,0,0,0,0,1,0,0,1,0,1,3,1,2,1,0,1,0,0,0,0,0,0,0,0,0,1,0,0,0,1,0,1,0,0,1,1,0,0,0,0,0,0,0,0,1,0,0,0,0,0,2,0,0,1,0,0,2,0,1,0,0,0,0,0,0,3,0,0,2,0,1,2,0,0,0,0,0,0,0,0,0,0,1,1,0,0,0,0,0,0,1,0,0,0,1,1,0,0,1,0,0,3,0,0,0,0,0,0,1,0,0,0,0,2,1,0,0,0,0,0,0
zasulich_o_chem_govoryat_nam_I.txt_chunk2,zasulich,5,0,0,2,2,1,7,0,3,6,0,35,1,1,0,4,0,0,0,0,0,0,2,11,3,0,0,0,3,1,0,0,0,1,1,0,3,0,1,1,0,1,0,4,0,3,5,1,3,4,1,0,3,0,1,0,23,0,0,1,1,1,2,4,0,7,0,3,3,0,1,0,1,0,0,1,0,1,0,0,0,1,2,2,3,7,2,0,0,18,0,0,24,2,1,3,0,0,2,1,1,0,0,3,12,0,0,3,1,0,0,0,0,1,0,2,2,3,0,4,0,0,1,0,2,4,2,0,0,1,1,11,0,0,0,2,0,1,1,0,2,0,2,0,1,0,0,0,1,0,0,1,0,1,1,0,0,0,4,0,6,0,0,10,1,1,2,0,1,4,1,0,0,0,0,2,1,10,1,0,2,2,6,3,0,1,0,0,0,0,0,0,0,1,0,3,0,0,1,1,0,0,0,0,0,0,0,0,0,0,0,1,1,1,0,5,0,0,0,0,0,0,0,0,0,0,2,0,2,2,0,0,0,4,0,0,0,0,2,5,0,0,6,5,3,2,0,2,1,1,1,1,0,2,2,0,0,0,0,0,0,0,1,2,2,0,0,1,0,0,0,0,0,2,6,0,4,0,0,0,0,1,0,0,0,0,0,2,1,0,2,0,0,0,0,0,0,0,0,0,0,0,0,0,0,0,0,1,1,1,2,1,2,0,1,1,1,1,2,5,0,0,4,3,0,0,0,0,0,0,0,1,0,0,1,0,0,0,0,0,1,1,0,0,0,0,0,2,0,0,0,0,0,1,0,1,1,0,0,0,1,0,1,1,0,1,0,1,0,1,0,1,0,0,0,0,1,0,0,0,0,1,0,0,0,1,0,1,0,1,0,1,1,0,1,0,0,0,0,0,0,1,0,0,1,0,2,0,1,0,0,0,0,0,0,0,0,0,0,0,0,0,4,2,0,0,0,1,0,0,0,0,0,0,0,0,0,0,0,0,0,1,0,2,0,0,1,1,1,0,0,0,0,0,0,0,2,1,0,0,0,0,0,0,1,0,1,0,0,3,0,0,0,0,2,1,0,0,0,0,0,0,0,0,0,0,0,2,0,0,0,0,2,0,0,0,0,0,0,0
zasulich_o_chem_govoryat_nam_I.txt_chunk3,zasulich,8,0,0,3,2,2,11,2,2,5,4,31,0,0,0,2,0,0,0,0,0,0,2,3,1,4,0,0,0,0,0,0,2,0,3,0,5,0,1,3,0,0,3,4,1,0,2,0,2,6,1,0,4,1,0,0,27,0,4,5,0,1,3,7,0,9,0,5,3,1,1,0,0,1,0,0,0,5,0,0,0,0,1,0,0,5,2,0,1,20,0,3,27,0,2,0,0,1,1,7,2,0,1,1,8,0,3,9,1,0,0,0,0,1,0,2,5,4,0,2,0,0,3,1,2,1,1,7,0,2,0,8,1,0,1,0,1,0,0,0,0,0,1,0,1,2,1,0,2,2,0,3,0,1,1,0,0,2,0,0,4,1,1,2,5,0,1,0,1,7,1,1,0,0,0,3,0,15,2,1,2,0,6,0,0,0,0,0,0,1,0,2,0,0,1,2,0,0,0,3,0,0,1,1,2,1,0,1,0,0,0,0,0,0,0,0,0,0,0,1,0,0,0,0,0,0,0,2,0,2,0,0,0,7,0,2,0,0,1,1,0,0,1,1,0,1,0,5,0,0,0,0,1,0,0,0,1,1,0,1,0,0,1,0,3,1,0,1,1,0,1,0,0,0,1,2,2,0,0,1,2,0,1,0,0,1,1,0,0,1,1,0,0,0,0,0,0,0,3,1,0,3,0,0,0,0,0,0,1,0,3,0,1,0,0,1,0,0,0,1,0,0,0,1,1,2,0,0,0,0,0,0,0,0,1,0,0,0,0,0,0,0,0,1,0,0,0,0,1,0,0,0,0,0,0,2,0,0,0,0,0,0,0,0,1,0,0,0,0,1,0,2,0,0,0,1,1,0,0,0,0,0,0,0,1,0,1,0,0,0,0,4,2,1,0,0,1,2,0,0,0,0,0,0,0,0,0,4,4,0,0,0,0,0,0,0,0,0,0,0,0,0,0,0,0,0,0,0,0,0,0,0,2,0,0,0,0,1,0,1,0,0,0,0,2,0,0,4,1,0,1,3,0,0,0,0,2,1,0,0,0,0,0,0,0,0,0,0,0,2,0,0,0,0,4,1,0,0,0,0,0,0,0,0,0,0,1,0,2,0,0,0,1,0,1,0,0,0,0,0
zasulich_o_chem_govoryat_nam_I.txt_chunk4,zasulich,6.25,0,0,2.0833333333333335,6.25,1.0416666666666667,12.5,3.125,2.0833333333333335,6.25,4.166666666666667,43.75,0,0,0,3.125,0,0,0,0,0,0,1.0416666666666667,6.25,1.0416666666666667,1.0416666666666667,0,0,2.0833333333333335,0,0,0,1.0416666666666667,0,1.0416666666666667,0,4.166666666666667,0,5.208333333333333,3.125,0,0,5.208333333333333,4.166666666666667,1.0416666666666667,0,5.208333333333333,0,7.291666666666667,3.125,0,1.0416666666666667,0,2.0833333333333335,1.0416666666666667,0,29.166666666666668,0,2.0833333333333335,3.125,0,1.0416666666666667,1.0416666666666667,8.333333333333334,0,6.25,0,2.0833333333333335,3.125,1.0416666666666667,0,0,0,0,2.0833333333333335,1.0416666666666667,0,4.166666666666667,0,0,0,0,2.0833333333333335,0,2.0833333333333335,5.208333333333333,4.166666666666667,3.125,1.0416666666666667,7.291666666666667,0,0,13.541666666666668,2.0833333333333335,0,0,1.0416666666666667,1.0416666666666667,1.0416666666666667,4.166666666666667,2.0833333333333335,2.0833333333333335,1.0416666666666667,0,10.416666666666666,0,1.0416666666666667,9.375,0,0,1.0416666666666667,0,0,1.0416666666666667,1.0416666666666667,0,3.125,1.0416666666666667,0,5.208333333333333,1.0416666666666667,0,1.0416666666666667,1.0416666666666667,8.333333333333334,1.0416666666666667,0,2.0833333333333335,1.0416666666666667,3.125,1.0416666666666667,6.25,1.0416666666666667,0,1.0416666666666667,0,0,1.0416666666666667,1.0416666666666667,1.0416666666666667,0,0,1.0416666666666667,0,2.0833333333333335,0,0,0,2.0833333333333335,0,0,2.0833333333333335,0,0,1.0416666666666667,0,0,0,0,0,3.125,2.0833333333333335,1.0416666666666667,3.125,3.125,2.0833333333333335,1.0416666666666667,0,0,2.0833333333333335,0,0,0,0,0,3.125,0,10.416666666666666,7.291666666666667,2.0833333333333335,0,0,4.166666666666667,3.125,2.0833333333333335,2.0833333333333335,0,0,0,1.0416666666666667,1.0416666666666667,1.0416666666666667,1.0416666666666667,0,0,5.208333333333333,2.0833333333333335,0,0,2.0833333333333335,0,1.0416666666666667,0,1.0416666666666667,2.0833333333333335,2.0833333333333335,0,0,1.0416666666666667,0,0,1.0416666666666667,0,0,1.0416666666666667,0,0,0,0,2.0833333333333335,0,0,0,0,0,1.0416666666666667,0,1.0416666666666667,2.0833333333333335,0,0,1.0416666666666667,0,7.291666666666667,0,0,0,1.0416666666666667,1.0416666666666667,0,0,0,1.0416666666666667,4.166666666666667,5.208333333333333,0,0,2.0833333333333335,1.0416666666666667,2.0833333333333335,2.0833333333333335,0,0,1.0416666666666667,1.0416666666666667,2.0833333333333335,0,0,0,0,0,1.0416666666666667,0,0,0,0,1.0416666666666667,2.0833333333333335,0,0,0,0,0,3.125,9.375,0,1.0416666666666667,0,0,0,0,0,0,0,0,0,1.0416666666666667,0,1.0416666666666667,0,3.125,1.0416666666666667,0,2.0833333333333335,1.0416666666666667,0,0,0,0,0,0,0,0,0,0,0,0,1.0416666666666667,0,1.0416666666666667,3.125,1.0416666666666667,0,0,0,1.0416666666666667,0,1.0416666666666667,1.0416666666666667,2.0833333333333335,0,0,1.0416666666666667,2.0833333333333335,0,1.0416666666666667,0,0,0,1.0416666666666667,1.0416666666666667,0,1.0416666666666667,0,0,0,0,4.166666666666667,0,1.0416666666666667,0,0,0,1.0416666666666667,0,2.0833333333333335,0,0,0,0,0,1.0416666666666667,1.0416666666666667,0,1.0416666666666667,2.0833333333333335,0,0,0,0,0,0,0,0,0,0,0,0,0,0,0,2.0833333333333335,0,4.166666666666667,0,1.0416666666666667,0,1.0416666666666667,0,0,0,0,0,1.0416666666666667,2.0833333333333335,1.0416666666666667,0,0,0,0,0,0,0,0,0,0,1.0416666666666667,0,0,1.0416666666666667,1.0416666666666667,0,0,0,0,2.0833333333333335,0,2.0833333333333335,2.0833333333333335,0,1.0416666666666667,1.0416666666666667,0,0,1.0416666666666667,1.0416666666666667,0,0,0,0,0,0,0,0,0,0,1.0416666666666667,0,1.0416666666666667,0,0,0,0,0,0,0,0,0,0,0,0,0,0,0,0,0,0,9.375,2.0833333333333335,0,1.0416666666666667,1.0416666666666667,0,0,0,0,1.0416666666666667,0,0,0,0,1.0416666666666667,0,0,0,0,0,0,0,3.125,0,0,0,1.0416666666666667,0,1.0416666666666667,0,0,0,0,0,0,0,0,1.0416666666666667,0,4.166666666666667,1.0416666666666667,2.0833333333333335,0,0,0,3.125,0,0,0,0,0,0,0
zasulich_ocherk_istorii_1internacionala.txt_chunk1,zasulich,2,0,0,0,1,1,1,2,4,3,1,45,1,0,0,4,0,0,0,1,0,1,2,4,1,0,1,0,2,1,1,0,0,0,0,0,4,0,1,0,2,0,0,11,1,0,0,0,3,4,0,1,6,0,0,0,36,0,4,5,1,0,6,11,0,2,0,0,2,0,1,0,0,0,1,1,0,6,0,1,0,1,1,0,0,0,0,0,0,7,1,0,15,2,0,2,0,0,0,3,0,3,2,1,6,1,1,6,1,2,1,0,1,0,0,4,0,3,5,6,0,0,2,0,8,0,1,2,0,0,0,12,0,0,2,0,0,1,1,0,0,0,2,1,0,0,0,0,0,0,0,1,0,0,2,2,1,1,0,2,1,3,3,1,1,0,0,0,0,1,0,0,0,0,0,0,0,5,0,0,1,2,0,4,0,1,1,1,0,0,1,0,0,0,0,1,0,0,0,0,0,1,0,0,2,0,0,0,0,0,0,0,0,0,3,2,0,0,0,0,0,1,0,0,0,0,0,0,0,1,0,0,0,1,1,0,0,0,2,2,0,0,3,2,1,2,0,1,0,5,0,0,1,0,0,1,0,0,0,0,0,0,1,3,3,0,0,5,2,1,1,0,0,1,0,0,1,0,0,0,0,1,2,0,1,0,0,2,0,0,1,0,0,0,0,0,0,0,0,0,1,0,0,0,1,0,1,0,2,0,9,2,0,0,0,0,0,0,1,1,1,0,0,2,0,1,0,0,0,1,0,1,0,0,0,0,0,1,0,0,0,0,0,1,0,1,0,1,2,0,0,0,1,1,0,1,0,1,1,0,1,0,0,0,0,0,1,0,0,1,0,0,0,0,0,0,5,0,0,0,0,1,0,1,0,0,0,0,0,0,1,0,0,0,0,0,2,0,0,0,2,0,0,0,0,0,0,0,0,0,0,0,0,1,0,0,0,1,5,0,0,0,0,2,0,2,4,2,0,0,1,0,0,0,0,0,0,2,0,0,0,0,1,4,0,0,0,0,0,0,0,0,0,0,0,0,0,0,0,0,1,0,0,1,0,0,0,0,0,1,0,0,0,1,1,0,0,2,0,1,0,0,0,0,0,0,0,0,0,0,0,0,0,0,1,0,0,6,0,0
zasulich_ocherk_istorii_1internacionala.txt_chunk10,zasulich,2,0,0,0,1,0,2,0,1,3,1,32,0,0,1,1,4,1,1,0,0,0,2,2,0,1,0,0,1,0,0,0,1,0,0,0,3,1,0,1,1,0,0,2,0,0,0,1,3,8,0,0,2,0,0,1,32,0,7,0,1,0,9,7,0,6,0,0,1,1,0,0,0,0,1,0,0,6,1,3,0,0,0,0,4,0,1,1,1,20,0,0,10,2,0,2,0,0,0,2,1,0,0,1,7,2,0,7,4,0,0,0,0,0,0,4,0,2,0,5,0,0,1,0,8,2,0,4,0,2,1,7,1,0,2,0,0,1,1,0,1,1,1,0,1,1,0,0,0,1,1,0,0,0,3,3,0,1,6,0,5,0,0,4,1,1,0,1,0,0,0,0,1,1,0,1,0,7,6,1,1,0,1,0,2,2,0,1,5,2,1,0,1,0,0,0,1,0,0,1,1,0,0,1,1,0,0,2,1,0,0,0,0,0,3,1,1,0,0,1,1,0,0,1,2,0,0,0,0,0,2,1,0,6,2,2,0,0,3,2,0,0,0,0,0,1,0,0,0,4,1,2,2,0,0,0,0,0,0,0,0,0,0,0,4,2,0,3,1,1,0,0,1,0,0,2,2,0,2,0,0,2,0,0,0,1,0,0,0,0,0,0,0,0,1,1,0,0,1,0,0,0,0,0,0,0,0,1,0,0,4,0,0,0,0,0,0,0,0,1,0,0,4,2,0,0,1,5,2,1,1,0,0,0,0,1,0,0,0,0,0,0,0,0,0,0,0,0,0,0,0,0,0,0,1,1,0,0,0,0,0,0,0,0,0,1,1,0,1,0,0,1,1,0,0,1,1,0,2,1,0,1,0,0,0,0,0,0,1,0,1,0,0,0,0,0,2,0,0,0,0,0,2,4,0,0,0,1,0,0,0,0,0,2,0,2,1,1,0,0,0,2,0,2,0,0,0,0,0,0,0,1,0,1,0,0,0,0,0,0,0,0,1,0,0,0,0,0,2,0,0,0,0,0,1,0,0,0,0,0,0,0,0,0,0,0,0,0,0,0,0,0,0,1,3,0,0,1,1,0,0,0,0,0,0,0,0,0,0,0,0,0,1,0,4,0,0,1,0,0
zasulich_ocherk_istorii_1internacionala.txt_chunk11,zasulich,5,0,0,0,1,2,4,1,1,3,3,22,0,0,1,1,2,2,0,0,0,1,0,8,0,0,0,0,0,0,0,0,0,1,0,0,0,2,0,0,1,1,0,2,2,0,2,2,1,4,0,0,3,2,0,0,34,0,3,4,1,0,5,7,1,5,0,0,0,0,0,0,0,1,0,0,0,1,0,1,1,0,1,1,0,1,0,0,0,23,0,0,16,1,0,1,1,0,1,3,2,0,1,0,6,0,0,4,2,1,1,0,0,2,1,3,0,4,0,4,1,0,1,1,5,1,0,0,0,0,0,10,0,0,0,1,1,0,2,0,1,1,1,4,0,0,0,0,0,0,0,1,0,1,4,4,0,0,1,1,4,1,1,1,1,0,0,0,0,0,0,0,0,0,0,2,0,15,3,1,1,0,4,2,3,3,2,0,9,3,1,0,0,0,0,2,0,0,1,0,0,0,0,0,2,0,0,1,0,0,1,0,0,0,1,0,0,2,1,0,0,0,0,0,0,0,0,0,0,0,0,0,2,3,1,0,2,0,1,0,1,0,0,0,0,1,0,0,0,1,0,1,0,0,0,0,0,0,0,0,0,0,0,0,7,0,0,2,2,1,0,0,1,0,0,0,4,0,1,0,0,2,0,0,0,0,2,0,0,0,0,0,0,0,0,1,0,0,1,0,0,1,0,0,0,2,0,0,0,0,3,0,0,0,0,0,0,0,0,3,0,0,0,1,0,0,1,4,2,3,0,0,0,0,0,0,0,0,2,0,0,0,0,0,0,0,0,0,1,1,1,0,0,0,0,1,0,0,0,0,0,0,0,0,0,0,0,0,0,0,0,1,0,0,1,1,0,0,1,0,0,0,0,1,0,0,1,0,0,0,0,1,1,0,0,0,0,1,1,0,1,1,5,2,0,1,0,0,0,0,2,0,0,2,1,2,0,1,2,0,1,2,0,1,1,0,0,0,0,0,0,4,0,7,0,1,0,0,1,1,1,0,1,1,0,0,0,0,0,0,0,0,1,0,0,0,0,0,0,0,0,0,0,0,0,0,0,0,0,0,0,0,0,0,0,0,0,0,0,0,2,0,1,0,0,0,0,0,0,0,0,1,5,0,1,0,0,9,0,0
zasulich_ocherk_istorii_1internacionala.txt_chunk12,zasulich,6,0,2,2,1,0,4,0,5,2,1,34,0,1,0,5,0,0,0,0,0,1,3,4,1,1,0,0,3,2,4,0,0,1,1,0,5,0,1,0,2,1,0,8,2,0,0,0,1,7,3,0,4,1,0,0,33,0,5,1,0,1,2,5,1,6,0,0,1,0,1,0,2,0,1,0,3,3,1,1,0,0,0,1,1,0,0,0,0,12,1,0,20,0,0,0,1,0,1,3,0,1,1,2,7,0,0,6,1,1,0,0,0,1,0,6,2,2,3,7,0,0,1,1,5,2,0,1,0,0,0,9,0,0,0,0,1,2,2,0,2,0,1,0,0,1,0,0,0,1,0,1,0,0,6,0,0,1,2,2,5,0,1,2,4,0,0,0,0,0,0,0,0,0,0,2,0,10,4,0,0,0,3,2,2,0,0,0,0,3,0,0,0,0,0,0,1,0,0,1,0,0,1,1,0,0,2,1,1,0,0,0,0,0,5,2,0,0,0,0,0,0,1,0,0,0,0,1,0,0,0,0,1,4,0,1,0,1,2,2,0,0,1,0,0,1,0,0,0,0,1,1,0,0,1,0,1,0,0,0,4,0,0,1,0,2,0,2,2,0,1,0,0,0,0,1,1,0,0,0,1,0,0,0,0,0,0,1,0,0,1,2,0,0,0,0,0,0,0,0,0,0,0,1,1,0,0,0,0,0,3,0,0,0,0,0,0,1,0,2,0,0,0,2,0,0,0,0,2,1,0,0,0,0,0,0,1,0,0,1,0,0,0,1,0,0,0,1,1,0,0,0,0,0,0,1,1,0,1,0,0,1,0,1,2,1,0,0,0,1,0,1,0,1,3,0,9,1,0,0,0,0,0,4,1,0,0,0,1,2,1,1,0,0,0,0,0,0,1,0,0,0,0,0,0,0,0,0,0,0,0,0,0,1,0,0,0,1,1,0,2,0,3,0,0,1,1,1,0,0,1,1,0,0,0,0,1,0,0,1,0,1,0,0,0,0,0,0,0,1,0,0,0,0,0,1,0,0,0,0,0,0,0,0,0,0,0,0,0,0,0,0,0,0,0,0,0,1,0,0,0,0,0,0,0,0,0,0,0,0,0,0,1,0,0,0,0,3,0,0
zasulich_ocherk_istorii_1internacionala.txt_chunk13,zasulich,2,0,0,0,2,0,0,1,4,1,0,21,0,0,0,2,1,0,0,0,0,0,2,6,0,1,1,0,2,0,0,0,0,0,1,0,5,0,0,0,2,0,0,3,1,0,1,0,1,3,0,0,3,1,0,0,37,0,8,0,2,0,7,4,0,4,0,2,0,0,1,0,2,0,2,1,0,1,0,5,0,0,0,0,0,0,0,0,0,22,0,0,17,0,0,0,0,0,0,1,0,0,0,0,11,0,0,7,2,2,0,0,0,2,1,0,1,8,0,4,0,0,0,0,9,1,0,3,1,3,0,15,0,1,0,0,0,0,0,0,2,0,0,1,0,0,0,0,0,0,1,1,0,0,1,3,0,1,2,1,3,0,0,3,0,0,0,0,0,0,0,0,0,0,0,1,0,12,0,0,2,0,1,1,0,1,0,1,0,0,0,0,0,0,0,4,0,1,2,0,1,0,0,0,0,0,0,0,0,0,1,1,0,1,4,0,0,0,1,0,0,0,0,0,0,1,0,0,0,0,0,2,0,4,0,2,0,0,5,3,2,1,1,1,0,1,0,0,1,0,0,1,0,0,0,0,0,0,0,0,0,0,0,0,0,0,0,0,4,0,1,1,1,0,0,1,2,0,2,0,0,1,0,0,0,0,0,1,2,0,1,0,0,0,0,0,0,0,0,1,1,0,0,0,0,0,0,0,1,0,7,0,0,0,0,0,0,0,0,4,0,0,0,1,0,1,0,1,3,4,0,1,1,1,0,2,1,0,0,0,0,1,0,0,1,0,0,0,4,0,0,0,0,0,0,2,0,0,0,0,0,2,0,0,0,2,0,0,0,1,0,1,0,1,0,0,2,0,0,2,0,0,0,0,1,0,0,0,0,1,0,1,0,1,1,1,0,0,0,0,2,0,0,0,0,1,0,0,0,0,0,0,1,0,0,0,0,0,0,0,0,0,0,3,0,0,1,0,0,0,0,0,0,0,0,0,0,1,0,2,0,0,0,0,2,0,0,0,0,0,0,1,0,0,0,0,0,0,0,0,1,0,0,1,0,0,0,0,0,1,0,0,1,0,1,0,0,1,0,0,0,0,0,0,0,0,0,0,0,0,0,0,1,0,3,0,0,7,0,0
zasulich_ocherk_istorii_1internacionala.txt_chunk14,zasulich,4,0,2,0,0,0,0,2,6,4,1,40,0,0,0,5,0,0,0,0,0,0,1,3,0,1,2,0,2,0,0,0,0,0,2,0,0,0,1,0,0,0,0,5,0,0,1,1,2,6,0,0,12,0,0,0,45,0,10,1,3,1,7,10,0,1,0,1,0,0,3,0,4,0,1,0,0,1,0,3,0,1,0,1,0,0,0,0,0,15,0,0,16,0,0,0,0,0,0,0,0,0,1,0,7,0,0,4,0,2,0,0,0,0,0,0,3,2,0,1,1,0,0,1,8,2,0,2,1,1,0,13,0,0,0,0,0,1,0,0,1,0,0,1,0,0,0,0,0,0,0,0,0,0,1,3,1,2,2,0,0,1,0,2,0,0,0,0,0,0,0,0,0,1,0,1,1,4,1,1,2,1,1,2,1,2,0,1,0,1,0,0,0,0,0,7,0,0,0,0,1,0,0,1,0,1,0,1,0,1,1,0,0,0,3,0,0,1,0,0,0,0,0,0,0,0,0,0,1,0,0,2,0,4,0,0,0,0,1,1,1,0,1,1,0,1,0,0,0,0,2,0,0,0,1,0,0,0,0,2,0,0,0,0,3,0,0,0,4,1,0,0,0,0,0,1,0,0,0,0,0,0,0,1,1,0,1,0,2,2,1,0,0,0,0,0,0,0,0,0,0,0,0,0,1,0,0,0,0,0,14,0,0,0,0,0,0,0,0,1,0,0,1,1,0,0,0,0,4,0,0,0,0,0,1,0,1,1,1,0,0,0,0,0,0,0,1,0,2,0,0,1,0,0,0,1,0,0,0,0,1,1,0,1,0,2,0,0,0,3,0,2,0,0,0,0,1,0,0,0,0,0,0,1,0,0,0,0,0,1,0,0,0,0,1,0,0,0,0,0,3,0,0,0,0,0,0,0,0,0,0,0,0,3,0,0,0,0,1,0,0,0,0,1,0,1,0,0,0,0,0,0,0,0,0,0,0,0,0,1,1,0,0,0,0,0,0,0,0,0,0,0,0,0,0,0,0,0,0,0,0,0,0,0,0,0,0,0,0,0,0,0,0,1,1,0,0,0,1,0,0,0,3,2,0,0,0,0,0,0,0,0,1,0,0,0,0,8,0,0
zasulich_ocherk_istorii_1internacionala.txt_chunk15,zasulich,0,0,0,0,0,0,1,1,2,0,0,26,1,0,0,2,4,0,0,0,0,0,5,3,1,0,0,0,0,0,0,1,0,0,1,0,1,0,0,0,3,2,0,9,0,0,1,1,1,4,2,0,3,0,0,0,49,0,6,2,2,0,1,3,0,4,0,0,0,1,1,0,2,0,0,0,0,4,0,5,0,0,0,0,1,2,0,0,0,12,1,0,8,1,0,0,0,0,0,2,0,0,1,0,3,0,0,4,2,1,0,1,0,0,1,3,1,1,1,8,2,0,0,1,6,2,0,3,0,1,0,9,0,0,0,0,0,3,2,0,0,0,1,2,0,1,0,0,1,0,1,0,0,0,3,2,1,1,1,1,3,2,2,3,0,0,0,0,0,1,1,0,0,0,0,0,0,9,2,2,0,0,2,0,2,0,1,2,0,0,0,0,0,0,0,2,0,0,2,1,0,0,0,1,0,0,0,1,2,1,0,0,2,0,3,2,0,0,0,1,4,0,0,0,0,0,0,0,0,0,0,1,0,4,1,1,3,0,2,2,0,0,0,1,0,0,0,0,0,2,0,2,1,0,0,0,0,0,0,0,0,0,1,0,9,1,0,1,3,2,0,0,0,1,0,1,1,0,0,1,0,2,0,0,2,2,1,2,0,0,1,0,0,0,0,1,0,0,0,0,0,0,0,0,2,0,0,0,0,2,8,0,2,0,0,0,0,0,2,2,2,0,1,1,0,0,1,0,1,2,0,0,0,1,0,1,1,0,1,0,0,0,0,0,0,0,1,0,0,0,0,0,0,0,2,0,0,0,0,0,0,0,1,0,0,0,1,1,0,0,1,1,0,2,0,0,1,0,0,0,0,0,0,3,0,0,0,0,0,0,0,2,2,0,1,0,1,0,0,0,2,0,0,0,0,0,0,0,0,0,3,0,1,3,0,0,0,1,3,0,0,1,1,2,1,1,2,1,0,0,0,0,0,0,0,2,0,0,0,0,0,0,0,0,0,0,0,0,0,0,0,0,7,0,0,1,0,0,0,0,0,0,0,0,0,0,0,0,1,0,1,0,0,0,0,0,2,2,1,0,0,0,0,0,0,0,0,0,0,0,1,1,1,0,0,0,0,3,0,0
zasulich_ocherk_istorii_1internacionala.txt_chunk16,zasulich,2,0,0,0,2,3,2,0,0,3,4,32,0,1,0,3,1,0,3,0,0,0,2,5,0,0,1,1,4,0,1,0,0,1,2,1,9,1,0,0,5,2,0,3,0,0,0,0,1,4,0,0,4,0,0,0,38,0,10,3,0,1,3,7,0,5,0,1,0,0,0,0,3,0,1,0,1,2,0,1,0,0,0,1,2,6,0,0,0,11,0,0,12,0,1,0,1,1,0,1,1,0,2,0,4,0,1,7,1,0,0,0,0,0,2,4,1,3,6,3,0,0,2,0,10,1,0,7,0,2,0,5,0,1,1,0,0,1,2,0,0,1,0,0,0,0,0,0,0,0,1,2,0,0,8,1,0,0,1,0,2,0,0,5,2,0,0,0,0,0,0,0,0,1,0,3,0,12,3,0,1,0,4,3,0,3,3,0,0,7,0,0,0,0,0,1,1,0,0,0,0,0,0,0,1,0,0,1,0,3,0,0,1,0,1,1,0,1,0,0,0,0,0,0,0,0,0,0,0,3,3,1,0,6,0,1,0,0,0,2,0,1,0,0,0,0,0,0,0,0,1,1,0,0,1,0,0,0,0,1,0,0,0,1,4,0,0,0,4,0,1,0,0,0,0,0,0,0,1,1,1,0,0,0,0,1,1,0,0,0,1,0,0,0,0,0,0,0,0,0,0,0,0,0,0,0,0,0,0,1,7,0,0,0,0,0,0,0,0,2,0,0,0,0,0,0,0,6,1,2,0,0,0,0,0,0,0,1,0,0,0,1,0,0,0,0,2,0,0,0,0,1,0,2,0,1,1,0,0,1,1,0,1,1,0,1,1,0,0,0,0,2,1,2,0,0,0,0,0,0,0,1,0,0,0,0,1,0,2,0,0,0,0,0,2,0,0,1,0,0,0,0,0,0,2,1,0,0,2,0,1,0,1,1,1,1,4,3,0,0,0,0,0,2,0,1,0,0,0,0,0,1,0,1,0,1,0,1,1,0,0,0,2,0,0,1,0,0,1,0,0,0,0,0,0,2,0,0,0,0,0,0,0,0,0,0,0,0,1,0,0,0,0,0,0,0,0,1,0,0,0,0,0,2,0,0,0,0,0,0,0,0,1,1,2,0,0,0,0,0
zasulich_ocherk_istorii_1internacionala.txt_chunk17,zasulich,1,0,0,1,1,0,3,2,0,2,1,26,0,0,2,0,6,2,1,0,0,1,0,5,0,4,1,1,2,0,1,0,1,1,0,0,8,0,2,0,1,0,0,5,0,1,0,0,2,5,1,0,3,1,0,0,41,0,7,2,2,1,7,5,1,10,0,0,0,1,1,0,1,0,2,0,0,4,1,2,0,0,0,0,0,0,1,0,1,24,0,0,17,1,0,0,0,0,1,2,0,0,2,0,8,0,0,8,1,2,1,0,0,1,2,3,0,2,3,2,0,2,1,0,10,1,0,1,0,4,1,11,0,0,0,1,1,2,3,0,0,0,1,0,1,1,0,0,0,0,1,2,0,0,6,2,1,0,2,3,0,0,1,4,0,0,0,1,2,5,0,0,1,0,0,0,0,8,0,0,1,0,3,2,1,0,1,1,0,0,2,0,0,0,0,2,1,2,0,3,1,0,0,1,0,0,0,2,0,1,0,0,0,0,3,0,0,0,0,0,1,1,0,1,0,0,1,0,1,2,3,0,0,3,0,1,0,0,1,5,0,0,0,0,0,0,0,1,0,0,3,0,0,0,1,0,0,0,0,0,0,0,0,0,2,1,0,0,0,0,0,1,0,0,0,1,1,0,0,2,2,1,0,0,0,1,0,1,3,1,1,0,0,0,1,1,0,0,1,0,0,0,0,0,0,1,3,0,0,0,2,0,0,0,0,0,0,0,0,2,1,0,1,1,0,0,1,3,2,3,0,0,0,2,0,2,0,0,0,1,0,0,1,0,1,0,0,0,1,0,0,0,0,0,1,0,0,0,0,0,1,1,0,0,1,0,0,0,0,0,0,0,0,3,0,0,0,0,0,0,0,0,0,0,0,0,1,0,0,0,0,0,1,0,1,0,0,0,0,0,0,1,0,3,0,0,0,0,0,0,1,0,0,0,0,1,1,1,0,0,0,0,0,2,0,3,0,0,0,0,0,1,0,0,0,0,0,0,0,1,0,0,1,0,1,0,0,0,0,0,0,0,0,0,0,1,0,0,0,0,0,0,0,0,0,0,0,0,2,1,0,0,0,0,0,0,0,0,0,0,0,0,0,0,0,0,0,0,0,0,0,0,1,0,1,0,0,4,0,0
zasulich_ocherk_istorii_1internacionala.txt_chunk18,zasulich,4,0,0,3,0,1,3,0,1,4,1,28,0,1,0,0,0,0,0,0,0,0,0,12,1,1,2,0,1,0,2,1,1,0,0,0,5,0,0,2,1,1,0,12,2,4,1,0,2,7,1,1,2,0,0,0,25,1,3,2,0,1,3,4,0,3,0,0,1,0,0,1,1,0,2,0,0,5,0,2,0,0,1,0,2,3,0,0,2,14,3,1,13,3,1,1,0,1,0,2,1,1,0,0,7,0,0,4,0,0,0,0,0,0,1,5,1,6,1,7,0,0,2,0,8,1,0,2,0,2,0,14,1,1,0,0,0,0,0,0,1,0,1,3,1,1,0,0,0,0,1,1,0,1,1,0,0,0,3,0,1,1,0,2,0,1,1,1,0,2,0,0,0,0,0,5,0,5,0,1,0,0,4,0,0,1,0,3,0,4,0,1,0,0,0,0,0,0,0,1,0,0,0,1,0,0,0,0,0,0,0,0,0,1,2,2,0,1,2,0,1,1,1,2,1,0,0,1,0,0,1,1,0,2,0,1,0,0,0,3,0,0,0,1,0,0,0,0,0,2,1,1,0,2,0,2,0,0,0,0,0,0,0,0,3,0,0,1,2,0,0,1,0,0,0,1,1,0,1,1,0,1,0,1,0,0,0,2,0,2,4,0,0,0,0,0,0,0,0,0,0,0,0,0,0,0,0,0,0,4,5,0,0,0,0,0,0,2,1,2,0,0,0,2,1,0,0,5,4,0,0,0,1,1,0,0,0,0,1,1,0,0,0,1,1,0,0,0,0,0,0,0,2,0,1,2,0,0,0,0,0,0,1,1,0,0,0,0,0,0,0,1,0,0,0,1,0,1,1,0,0,0,0,0,0,1,0,0,0,0,0,0,0,0,0,0,1,1,0,0,0,0,1,3,0,0,1,1,1,0,0,0,0,0,0,1,0,0,0,0,0,2,0,1,0,0,0,0,0,2,0,0,0,0,0,0,0,0,0,0,0,0,1,0,0,0,0,1,1,0,0,0,0,0,0,3,1,0,0,0,0,0,0,0,0,0,0,0,0,0,0,0,0,0,1,0,0,0,0,0,0,0,0,0,0,0,0,1,0,0,3,0,1,0,0,0,0,4,0,0
zasulich_ocherk_istorii_1internacionala.txt_chunk2,zasulich,1,0,0,0,0,0,5,2,3,5,0,35,0,0,0,2,1,0,0,0,1,0,1,6,2,2,0,0,0,2,0,0,0,0,0,0,9,1,1,0,0,3,0,8,0,0,0,1,0,4,1,0,1,0,0,0,42,0,7,1,1,0,3,6,0,5,1,1,0,2,1,0,2,0,0,0,0,2,0,2,0,0,0,0,0,1,3,0,0,8,0,0,9,0,0,1,0,0,0,4,0,0,0,1,4,0,0,2,1,1,0,1,0,0,1,0,0,7,1,6,1,1,1,0,5,2,0,1,1,0,1,17,0,0,1,0,0,0,1,1,1,1,1,1,2,3,0,1,0,0,1,1,0,1,2,3,0,0,3,0,1,1,2,1,0,0,0,0,0,0,0,0,0,1,1,0,1,10,0,0,1,1,1,3,0,0,0,0,0,1,0,0,0,0,0,1,0,1,0,2,1,0,2,1,0,1,0,0,1,0,0,0,0,0,5,0,0,0,0,2,0,0,0,1,0,0,0,0,1,0,1,0,0,3,0,0,0,0,0,3,2,1,4,4,0,2,0,0,0,3,4,1,1,0,1,0,1,0,1,0,1,0,0,0,5,0,0,5,1,2,0,0,0,0,0,0,5,0,1,0,0,0,1,1,0,4,1,1,1,0,1,0,0,0,0,0,0,0,0,0,0,0,0,0,0,0,0,0,2,1,8,0,0,0,0,0,0,0,0,0,0,0,0,0,0,0,0,2,2,4,0,1,0,0,1,1,0,1,0,0,0,0,0,0,0,0,1,0,0,0,0,0,0,2,0,0,0,0,0,0,0,1,0,0,0,0,0,0,0,0,0,2,0,0,0,0,3,1,0,0,0,1,0,0,0,0,0,0,0,1,0,0,0,0,1,3,2,0,0,0,2,0,0,0,0,1,0,0,0,3,2,0,0,1,1,0,0,1,2,0,0,0,1,1,0,4,0,1,1,0,0,1,0,0,0,0,0,0,0,0,0,0,0,1,0,0,1,0,0,0,0,0,0,1,0,0,0,1,0,0,0,0,0,1,0,0,0,2,2,0,1,0,0,0,1,0,1,5,0,0,0,0,0,1,0,0,0,0,0,0,0,0,0,0,2,0,4,0,0,0
zasulich_ocherk_istorii_1internacionala.txt_chunk3,zasulich,3,0,0,0,2,0,3,0,1,2,6,31,0,0,2,1,0,1,0,1,0,0,1,5,2,0,1,0,0,0,0,0,0,0,0,0,8,2,0,3,2,1,0,6,0,0,2,1,1,0,0,0,5,0,0,0,31,0,8,5,2,0,4,14,4,3,0,5,0,1,2,0,0,0,0,0,1,1,0,3,0,0,0,0,0,8,1,1,0,7,0,0,10,0,0,0,0,0,1,3,0,0,1,2,3,0,0,4,0,2,0,1,0,0,3,4,1,1,1,4,0,0,0,0,4,1,0,2,0,0,0,12,0,0,0,0,1,0,2,0,1,0,5,1,0,0,0,0,0,0,0,0,0,0,3,0,1,0,1,1,2,1,2,3,2,0,0,0,0,0,0,0,0,0,0,0,1,11,5,0,0,1,3,0,2,0,1,0,0,2,0,0,0,0,0,1,0,1,2,2,0,0,2,0,0,0,0,1,0,0,0,0,0,0,14,1,0,0,0,1,2,0,0,0,0,0,1,0,0,0,0,0,0,0,0,1,2,0,0,4,0,1,2,2,0,1,0,0,0,7,0,0,0,0,2,0,0,0,0,0,0,0,1,0,2,0,0,7,3,2,0,0,0,0,0,0,4,0,2,0,3,1,1,0,2,0,0,1,0,0,2,0,0,0,0,0,0,0,0,2,1,0,0,2,1,0,0,0,0,1,13,0,0,0,0,0,0,0,0,3,4,0,0,1,0,1,0,1,5,1,0,0,1,2,0,0,1,0,0,0,0,0,1,0,0,0,0,0,0,0,0,0,0,0,0,1,0,1,1,2,0,0,0,0,1,1,0,0,0,0,0,4,0,0,0,0,0,0,1,0,0,0,0,4,1,1,0,0,0,0,1,0,0,0,0,2,0,0,0,0,0,0,0,0,1,0,0,2,1,2,0,0,0,0,0,0,1,0,0,0,1,0,0,1,0,3,0,1,0,0,0,1,0,0,0,0,0,0,0,0,0,1,0,0,0,0,0,0,0,0,0,0,0,0,0,2,0,0,0,0,0,1,0,0,2,0,0,0,2,1,1,1,0,1,0,0,0,7,0,0,1,0,0,1,1,0,0,0,0,0,0,0,2,0,0,0,0,1,0,0
zasulich_ocherk_istorii_1internacionala.txt_chunk4,zasulich,5,0,1,0,1,2,5,1,0,3,0,23,0,0,0,5,0,0,0,0,0,0,1,4,0,0,0,1,1,0,0,0,0,0,0,0,4,1,0,0,0,0,0,5,2,0,1,1,1,4,0,0,6,0,0,0,42,0,3,5,1,0,4,8,0,7,2,0,0,0,1,0,0,0,0,0,0,5,0,4,0,1,0,0,3,0,1,0,0,9,0,0,14,0,0,0,0,0,0,7,0,1,1,0,6,0,0,3,0,2,0,1,1,0,0,2,0,5,1,1,0,1,0,1,7,0,0,1,0,2,0,11,0,0,0,0,1,0,1,1,0,0,1,0,0,1,0,0,0,0,0,0,0,1,2,2,1,0,2,0,3,1,1,5,0,0,1,1,0,2,0,0,0,0,0,0,0,14,1,1,2,1,2,1,4,0,0,0,0,1,0,0,0,0,0,3,0,2,0,0,0,1,1,1,0,0,1,2,0,0,0,0,0,0,2,0,0,0,0,2,0,2,0,0,0,0,0,0,0,0,0,0,2,4,1,1,0,0,3,5,4,0,0,1,0,1,0,0,2,5,1,0,0,0,1,0,0,0,0,0,1,0,0,2,0,0,0,8,2,1,0,0,0,0,0,0,0,0,0,0,2,0,1,2,0,2,0,2,0,0,2,0,0,0,0,0,0,0,0,0,0,0,1,0,0,1,0,0,1,2,8,0,0,0,0,0,0,0,1,1,1,0,0,3,0,0,0,3,0,2,0,0,0,0,0,1,0,0,0,2,1,0,0,0,0,2,0,0,1,0,0,0,0,0,0,2,0,0,0,0,2,0,0,1,0,2,1,1,1,0,0,0,1,3,0,0,0,0,0,0,0,1,0,2,0,0,0,0,0,0,0,0,0,1,0,0,0,1,0,0,1,0,0,0,1,0,0,0,2,0,0,0,0,0,1,1,2,5,1,1,0,0,0,1,0,3,1,0,0,1,1,3,0,0,0,0,0,0,0,0,2,1,0,1,0,0,0,1,1,0,0,0,0,0,0,1,0,0,0,0,1,0,0,0,0,0,0,0,0,1,0,0,0,0,1,0,0,2,0,0,1,0,1,1,0,0,0,0,0,0,0,0,1,0,0,0,0,2,0,0
zasulich_ocherk_istorii_1internacionala.txt_chunk5,zasulich,6,0,1,0,0,0,1,1,5,6,1,41,1,1,0,3,1,2,2,2,0,0,3,2,0,0,0,0,1,0,0,0,0,0,1,0,6,0,0,1,0,0,0,4,0,1,2,0,2,1,0,0,4,2,0,0,35,0,6,2,2,0,2,9,0,4,0,1,1,0,0,0,1,0,1,0,0,4,0,0,0,0,0,1,1,1,0,1,0,15,0,0,10,0,0,1,0,0,0,2,0,1,2,0,7,0,0,5,1,2,0,1,0,1,0,1,2,8,1,7,0,1,1,1,9,1,0,2,0,0,0,11,0,0,0,0,1,0,0,0,1,0,2,1,0,2,0,0,0,1,0,0,0,0,1,5,0,0,1,0,1,0,0,2,2,0,0,0,0,0,0,0,0,0,0,2,0,8,4,0,0,0,4,0,2,1,1,0,0,0,2,0,0,0,0,2,0,0,0,1,0,1,0,0,0,0,1,0,1,0,0,0,0,0,4,2,0,0,0,0,0,0,0,0,0,0,0,0,1,0,1,0,0,0,1,5,0,0,2,0,0,0,1,0,0,0,0,0,0,0,0,0,0,0,1,0,0,0,0,0,0,0,2,2,2,0,0,1,0,0,0,0,0,0,0,2,2,0,0,0,0,0,0,0,0,0,0,1,1,0,1,0,0,0,0,0,0,0,0,0,2,0,0,1,0,1,1,1,0,1,5,0,0,0,0,0,0,0,2,3,0,0,0,0,1,1,0,2,7,3,0,1,0,1,0,0,0,0,0,0,1,0,0,0,0,0,0,0,2,0,0,1,0,0,0,2,2,0,0,0,1,0,0,0,0,0,1,0,0,0,0,2,0,1,0,0,0,0,0,0,0,0,0,3,0,0,0,0,0,0,1,0,0,0,1,0,0,0,0,0,3,1,0,0,1,0,0,1,3,0,0,0,1,0,0,0,0,1,0,0,2,2,0,4,0,0,2,1,0,0,0,0,0,0,0,0,0,0,0,0,1,1,0,0,0,0,2,0,0,0,0,0,0,0,0,0,0,0,0,0,0,0,0,0,0,0,0,0,2,1,1,0,0,0,0,0,0,3,1,0,1,0,0,0,0,0,0,0,0,0,0,0,1,0,0,0,1,4,0,0
zasulich_ocherk_istorii_1internacionala.txt_chunk6,zasulich,1,0,0,0,0,1,4,1,1,3,2,35,0,0,1,1,1,0,3,1,0,0,2,4,0,2,0,1,0,0,2,0,0,0,0,0,10,1,2,1,4,0,0,6,2,0,0,1,3,6,0,0,2,1,0,0,31,0,5,2,0,0,6,4,0,7,0,0,0,1,2,1,2,0,0,0,0,4,0,4,0,1,0,0,0,3,1,0,0,12,0,0,16,0,0,0,1,0,0,4,1,0,1,2,8,0,3,4,3,0,0,0,2,0,1,1,1,5,3,4,1,0,0,0,9,0,0,2,0,1,1,6,0,1,1,0,0,0,5,0,1,3,0,4,0,2,0,0,0,1,0,1,0,0,4,0,0,0,0,0,1,1,0,4,1,1,0,1,0,0,0,0,0,0,0,0,2,4,3,1,1,0,1,2,2,3,1,0,0,0,0,0,0,0,0,1,0,2,0,0,0,0,0,0,0,0,0,0,1,0,0,0,1,1,6,0,0,0,0,2,0,0,0,0,0,0,1,1,0,0,1,0,1,0,0,0,1,0,0,3,0,0,0,1,0,0,0,0,2,6,1,3,0,0,0,0,0,0,0,0,0,0,1,0,1,0,0,7,2,0,2,0,0,0,0,0,1,0,0,0,2,0,0,4,0,2,2,0,0,1,0,0,0,0,3,1,0,0,0,0,0,0,0,0,2,0,0,0,3,3,7,0,0,0,0,0,0,0,1,3,0,0,2,1,0,1,1,5,0,0,0,0,0,1,0,0,0,0,0,0,0,0,1,0,0,0,0,0,1,0,0,0,0,2,0,0,1,0,0,1,2,1,0,1,0,0,0,0,0,0,0,1,2,1,0,0,4,2,0,0,0,1,0,2,1,0,0,1,1,0,0,2,0,1,0,1,0,0,0,0,0,0,0,0,0,0,0,0,1,1,1,0,0,0,0,0,3,1,1,0,0,0,0,2,0,4,0,0,0,1,0,0,0,0,0,0,0,0,3,0,1,0,0,0,0,0,0,0,1,0,0,0,0,0,0,0,0,0,0,0,0,0,0,0,0,0,0,0,0,0,0,0,0,1,0,0,0,1,0,0,0,0,0,0,0,0,0,0,0,0,2,0,0,0,1,1,0,1,0,0
zasulich_ocherk_istorii_1internacionala.txt_chunk7,zasulich,3,0,0,1,3,0,1,1,0,1,4,26,0,1,1,5,1,2,4,0,0,2,3,3,1,0,2,1,2,3,0,1,0,0,0,4,7,2,0,3,1,1,0,3,0,0,2,1,0,5,0,0,4,0,0,0,26,1,1,0,1,3,5,7,0,4,0,0,1,0,1,0,0,0,0,0,3,2,0,2,0,0,0,0,1,0,2,0,0,7,0,1,11,0,0,0,0,1,1,3,0,0,0,0,3,0,1,6,3,0,1,1,0,0,0,4,1,3,0,4,1,1,1,1,14,0,0,7,0,0,0,4,0,0,1,0,1,1,0,0,2,0,0,0,1,0,0,1,0,1,0,0,0,0,2,2,0,1,1,0,2,0,0,2,1,0,1,0,0,0,0,0,0,0,1,1,1,8,1,0,1,2,1,3,0,0,1,0,0,4,3,0,0,0,0,7,0,1,1,0,1,0,0,2,0,0,0,0,2,0,1,0,0,0,2,1,0,0,0,0,0,0,0,0,0,0,0,0,0,3,0,0,1,2,0,0,1,0,1,2,0,0,0,0,0,0,0,0,1,1,0,0,0,0,0,0,1,0,0,0,0,0,0,0,1,1,0,6,3,0,0,1,0,0,0,0,1,0,2,1,1,0,0,1,0,0,1,0,0,0,1,0,0,0,0,0,0,0,0,0,0,0,0,0,0,1,1,0,2,3,3,0,0,0,0,0,0,0,0,0,0,0,1,0,0,0,0,6,0,0,0,0,0,0,0,0,1,2,0,0,1,0,0,0,0,0,0,0,1,0,0,0,0,1,0,1,0,1,3,1,1,2,2,3,0,0,0,1,1,3,0,2,2,1,0,0,1,0,2,0,0,1,0,2,0,0,2,0,0,0,1,0,0,0,1,2,0,0,0,0,1,1,0,0,0,1,0,0,0,0,0,0,1,0,0,0,2,1,0,0,0,0,0,1,0,2,0,1,0,0,0,0,0,2,0,0,0,0,0,0,0,0,1,0,0,0,0,0,0,0,0,0,0,0,0,0,0,0,0,0,0,0,0,0,1,0,0,0,0,1,0,0,0,2,0,0,0,2,0,0,0,0,0,0,0,0,0,0,0,0,2,0,3,0,1,0,0,2,0,0
zasulich_ocherk_istorii_1internacionala.txt_chunk8,zasulich,2,0,0,0,1,0,6,0,3,5,2,30,1,0,0,3,1,0,2,0,0,1,4,4,1,0,0,0,1,1,0,0,0,0,1,0,5,0,0,0,1,0,0,6,1,1,0,0,2,5,0,1,4,1,0,0,44,0,4,0,2,0,4,8,0,3,0,1,0,1,0,0,0,1,0,0,0,2,2,1,0,1,0,0,0,0,3,0,0,19,0,0,13,1,0,0,0,0,0,8,0,0,2,1,5,0,0,6,4,4,0,0,0,2,1,4,0,4,0,4,1,0,1,0,16,1,0,4,0,0,0,6,1,1,0,1,0,0,1,0,0,0,0,0,1,1,0,1,0,0,0,0,0,0,2,2,2,0,0,1,2,1,0,0,1,0,0,1,0,1,0,0,1,1,0,0,0,8,1,0,1,0,4,0,1,3,2,0,0,2,0,0,0,0,0,1,1,2,0,0,0,0,0,0,0,0,1,0,2,0,0,0,0,0,4,1,0,0,0,1,0,0,0,0,0,0,0,0,0,0,2,0,0,1,0,1,2,1,0,3,0,1,1,1,0,3,0,0,0,1,0,0,0,0,3,1,0,1,0,0,0,0,0,0,4,0,0,2,1,0,0,0,1,1,0,1,2,0,3,0,2,0,0,1,0,0,0,0,0,0,0,0,0,0,1,0,0,0,0,0,0,0,0,0,1,0,0,0,1,0,1,0,1,0,1,0,0,1,1,0,0,0,0,3,0,2,0,1,4,2,0,0,0,0,0,0,0,0,0,0,1,0,0,0,2,0,1,0,2,0,0,0,0,0,0,0,0,0,0,0,1,1,0,0,0,0,0,0,0,0,0,0,0,1,0,0,2,0,0,0,0,1,0,0,0,0,1,1,0,1,2,0,1,1,1,0,0,0,0,0,2,0,0,0,0,2,0,0,1,0,1,0,0,0,0,0,2,0,1,0,0,0,0,0,0,0,0,1,0,0,0,0,0,0,0,0,2,0,0,0,0,1,0,0,0,0,0,0,1,0,1,0,0,0,0,0,0,0,0,0,0,0,1,0,0,0,0,0,0,0,0,0,1,0,0,0,0,3,0,0,0,0,0,0,0,0,0,0,0,0,0,0,1,0,0,0,0,1,0,0
zasulich_ocherk_istorii_1internacionala.txt_chunk9,zasulich,2,0,1,0,1,0,6,2,0,5,2,36,0,1,1,5,0,0,0,0,0,2,5,3,1,0,0,0,1,0,1,0,0,2,3,0,4,0,2,0,1,1,0,3,0,1,1,1,6,6,0,0,11,0,0,0,30,0,10,4,0,0,5,9,0,2,0,0,1,0,0,0,1,0,2,0,0,5,3,0,0,0,0,1,1,2,3,0,0,17,1,0,19,0,1,0,0,1,1,1,0,0,1,0,8,0,1,3,1,3,0,1,0,0,0,2,1,4,0,3,0,0,0,1,2,1,0,3,0,1,0,8,1,0,0,0,2,0,1,0,3,1,0,0,0,0,0,0,0,0,0,0,0,0,0,1,1,0,1,1,5,2,0,1,0,0,0,0,0,1,0,1,0,0,0,1,0,6,1,1,0,0,3,1,3,3,0,0,0,2,0,0,0,0,0,0,0,1,0,0,0,0,0,2,0,1,0,1,1,0,0,0,0,0,2,1,0,1,0,1,0,1,0,0,0,0,0,0,0,0,1,2,1,4,1,0,0,0,2,4,2,0,0,0,0,0,0,0,0,0,1,2,1,0,2,1,0,0,0,1,0,0,0,0,1,1,0,1,0,0,0,1,0,0,0,0,2,0,1,0,0,0,0,1,1,1,0,0,0,0,5,0,0,0,0,0,0,0,0,0,0,0,1,0,0,1,0,1,1,1,13,0,0,0,0,0,0,1,0,2,0,0,2,1,0,0,0,0,4,2,0,0,2,0,1,0,0,1,0,0,1,0,0,0,1,0,0,0,0,0,0,0,0,3,0,0,0,0,0,1,0,1,0,0,0,3,0,0,0,1,0,0,0,1,0,0,0,0,0,0,1,1,0,1,1,0,1,0,0,2,0,1,0,0,0,0,2,0,0,0,3,1,0,0,0,0,0,2,1,0,0,0,2,0,0,1,2,0,0,0,0,0,0,3,0,0,1,0,0,1,0,0,0,0,1,0,0,0,0,0,0,0,0,0,0,0,0,0,1,0,1,0,0,0,0,0,0,0,0,0,0,0,0,0,0,0,0,0,0,0,0,0,0,0,0,0,0,0,0,0,0,0,0,2,0,0,0,0,0,0,0,0,2,2,0,0,0,4,0,0
zasulich_po_povodu_uprazdneniya_Marx'a.txt_chunk1,zasulich,6,0,0,0,0,2,8,0,0,1,0,24,0,0,1,1,0,1,0,0,0,0,0,6,1,0,1,0,0,1,1,0,0,0,0,0,7,0,0,1,0,0,0,3,0,1,2,0,0,5,1,0,4,1,0,0,36,0,7,5,1,0,1,4,0,10,0,1,1,2,0,0,0,0,1,0,0,3,2,2,1,0,1,1,0,2,5,0,0,12,1,0,16,2,0,1,0,0,0,2,0,0,1,0,7,0,1,5,2,0,1,0,2,0,0,0,1,1,0,7,0,0,0,0,4,0,0,3,0,0,1,9,1,0,0,0,2,0,2,0,0,0,1,2,2,1,0,0,0,0,0,2,0,0,4,4,0,0,1,4,1,2,2,3,1,0,0,0,0,4,0,0,0,0,0,2,0,12,0,2,3,0,1,1,1,1,0,1,8,0,0,0,1,0,0,1,0,2,0,0,0,0,1,0,3,0,0,0,0,0,0,0,0,2,0,0,0,0,0,0,0,0,0,1,0,1,1,1,0,2,1,0,0,0,0,0,1,0,2,2,4,0,0,0,0,0,0,0,0,0,0,0,0,2,0,0,1,1,1,0,0,0,0,0,1,0,0,0,1,0,0,0,0,0,0,0,0,0,0,0,0,1,0,0,0,0,0,1,0,0,0,1,0,0,0,0,0,0,0,0,0,0,0,0,1,0,0,0,0,0,1,0,0,0,0,1,0,0,0,1,2,0,0,0,0,0,0,0,0,1,0,0,0,1,1,0,0,1,1,0,0,0,0,0,0,0,1,0,0,0,1,0,2,1,0,0,0,4,5,0,0,1,0,0,0,0,0,1,0,0,0,0,0,0,0,0,1,2,0,0,0,0,0,0,0,1,0,3,0,0,0,2,0,2,0,0,1,0,0,0,0,0,0,0,0,0,0,0,0,0,0,0,3,0,3,0,12,2,0,0,0,0,0,0,0,1,0,0,1,0,0,2,0,0,0,0,8,0,0,0,0,1,0,0,0,0,0,0,0,1,0,0,0,0,0,0,0,0,0,0,0,1,0,0,0,3,0,0,12,0,0,0,0,0,0,0,0,1,0,0,0,0,0,0,0,0,0,0,0,0,0,0,3,7,0,0,0,0,0,0
zasulich_po_povodu_uprazdneniya_Marx'a.txt_chunk2,zasulich,10,0,0,3,1,0,6,0,0,2,3,20,0,1,0,0,0,0,0,0,0,0,1,5,1,0,1,0,0,3,1,1,0,0,0,0,5,0,1,3,2,0,0,4,2,0,3,0,1,11,0,0,1,1,0,0,30,0,4,3,0,1,0,4,0,6,0,1,0,1,1,0,0,0,2,0,0,7,0,1,0,0,0,0,2,5,1,0,0,7,0,0,28,2,0,0,0,0,3,5,0,0,1,1,10,1,1,3,0,1,0,1,0,0,0,3,2,5,0,2,0,0,1,0,6,1,0,8,0,2,0,5,0,0,0,0,0,1,2,0,0,0,3,0,3,1,0,0,0,0,0,4,0,1,4,1,2,0,2,5,8,2,1,1,2,2,0,0,0,2,0,0,1,0,1,2,0,13,0,0,1,3,3,4,2,2,0,0,0,1,0,0,0,0,0,3,0,1,0,0,0,0,0,0,0,0,0,0,0,0,0,0,0,0,0,1,0,1,0,0,0,0,1,0,1,0,0,0,0,1,1,0,1,3,0,1,1,0,0,2,8,0,0,0,0,0,0,0,0,0,0,0,0,0,0,0,0,0,0,0,0,0,0,1,0,0,0,0,0,1,0,0,0,0,0,0,0,0,2,0,0,1,0,0,0,0,0,2,0,0,1,0,0,0,0,0,0,0,0,0,0,0,0,0,0,1,0,0,0,0,6,0,0,0,0,0,0,0,0,0,1,0,0,1,0,1,0,8,0,0,0,0,1,1,0,0,0,0,0,0,0,2,0,1,0,0,0,0,0,0,1,0,1,1,0,3,1,1,0,0,0,0,0,0,0,0,1,0,0,0,1,1,0,0,0,0,1,0,1,0,1,0,0,1,0,2,0,0,0,0,0,1,0,0,1,0,0,3,0,0,0,1,0,0,0,0,0,0,0,0,0,0,0,3,0,0,17,3,0,0,1,0,0,0,0,0,0,0,0,0,0,0,0,0,0,0,5,1,9,1,0,0,0,0,0,0,0,0,0,0,0,0,0,0,0,0,0,0,0,0,0,0,0,0,1,0,0,0,5,0,1,0,0,0,2,0,0,0,0,0,0,0,0,0,0,0,0,0,0,0,0,0,5,6,0,0,1,0,0,0
zasulich_po_povodu_uprazdneniya_Marx'a.txt_chunk3,zasulich,8,0,0,0,0,0,5,1,0,1,1,23,1,0,0,2,0,0,0,0,0,1,0,5,0,1,0,0,1,0,0,0,0,1,2,0,5,0,1,0,0,1,0,4,1,1,1,3,2,8,0,0,2,0,0,0,26,1,10,1,0,0,1,1,0,12,5,0,0,0,1,0,0,0,2,0,0,4,0,2,0,0,0,0,0,4,0,0,0,14,1,0,17,0,0,0,0,0,0,5,0,0,0,0,7,0,1,2,7,1,1,0,0,0,2,7,2,0,0,2,1,0,1,0,5,1,0,5,0,0,0,6,0,0,0,0,1,0,2,0,0,0,0,1,2,0,0,1,0,0,0,1,0,0,5,0,1,0,0,0,7,5,1,2,0,0,1,0,0,4,0,0,0,0,0,1,0,8,2,0,2,1,5,1,0,0,0,0,0,1,0,0,0,0,0,2,1,0,0,2,1,0,0,2,1,0,0,0,0,0,0,0,0,0,0,0,0,0,1,1,0,0,0,0,0,0,0,0,0,0,0,0,0,1,0,0,1,0,1,0,6,0,0,0,0,1,0,0,0,3,0,1,0,0,0,0,0,0,0,1,0,0,0,2,1,0,0,4,1,0,0,0,0,0,0,0,3,0,1,0,1,3,1,0,0,0,0,1,0,0,2,1,0,0,0,0,0,0,0,0,1,0,0,0,0,0,0,0,0,0,13,0,0,0,0,0,0,0,0,1,0,0,0,1,0,0,0,6,0,0,1,0,0,0,1,0,0,1,0,1,0,0,0,2,0,0,0,0,0,0,0,0,0,0,1,0,0,13,6,4,0,1,0,0,1,0,0,0,0,0,0,1,1,0,0,0,2,0,1,0,0,0,0,1,0,2,0,0,0,0,0,1,0,0,0,0,0,1,0,0,0,0,0,0,0,0,0,0,0,0,0,0,0,1,0,0,22,2,0,0,0,0,0,0,0,0,0,0,0,0,0,1,0,0,0,0,6,0,8,0,0,0,0,0,0,0,0,0,0,0,0,0,0,0,0,0,0,0,0,0,0,0,0,0,0,1,0,0,5,0,2,0,0,0,1,0,0,0,0,0,0,0,0,0,0,0,0,0,0,0,0,0,1,10,0,0,2,0,0,0
zasulich_po_povodu_uprazdneniya_Marx'a.txt_chunk4,zasulich,10,0,1,2,0,0,5,1,1,1,0,30,0,0,0,1,0,0,0,0,1,2,1,3,0,2,0,1,1,0,2,0,0,0,1,0,3,1,0,1,1,1,0,8,0,0,9,5,1,8,0,0,0,0,1,1,32,2,4,4,1,1,6,7,0,9,0,0,0,0,0,0,0,0,0,0,0,5,0,2,0,0,0,0,2,0,2,0,0,12,0,0,28,2,0,0,0,0,1,4,0,2,0,1,8,0,0,6,2,1,0,0,0,0,0,4,1,0,0,6,1,0,0,0,8,0,0,1,1,1,0,2,1,0,0,0,0,0,0,0,0,2,0,0,4,1,0,0,1,0,0,0,0,0,3,2,4,0,2,4,6,2,1,11,4,0,1,0,0,1,2,0,0,1,0,4,0,14,1,2,1,0,5,3,2,0,0,1,2,2,2,1,0,0,1,0,0,0,3,3,0,0,1,1,0,0,0,0,3,0,0,0,0,0,6,1,0,2,2,0,2,0,1,2,0,0,0,0,0,0,1,0,3,1,0,1,1,2,0,1,3,0,1,0,0,0,0,0,0,0,0,0,0,0,0,1,0,0,0,2,0,0,0,0,0,0,0,3,0,0,0,0,0,0,0,0,0,0,1,0,0,2,0,0,0,0,0,0,0,0,1,0,0,0,0,1,0,0,0,0,0,0,0,0,0,1,0,0,0,1,1,0,0,0,0,0,0,1,0,1,1,0,0,0,0,1,1,14,0,0,0,0,0,0,2,0,3,0,0,2,0,0,0,0,0,0,0,0,0,2,0,0,0,0,0,2,0,0,0,2,1,0,1,0,0,0,0,0,4,1,0,0,0,3,0,0,3,0,1,0,0,0,0,4,0,2,0,2,0,0,0,0,0,1,1,0,0,3,0,0,2,0,0,0,0,0,0,1,0,0,0,0,1,1,0,0,8,1,0,0,1,0,0,1,0,0,0,0,1,0,0,0,0,0,1,0,1,0,3,0,0,0,0,0,0,0,0,0,0,1,0,0,0,0,0,0,0,0,0,0,0,1,0,0,0,0,0,0,3,0,1,0,0,0,0,0,0,0,0,0,0,0,0,0,0,0,0,0,0,0,0,0,2,9,0,0,3,0,0,0
zasulich_po_povodu_uprazdneniya_Marx'a.txt_chunk5,zasulich,3,1,0,1,0,0,2,1,0,1,1,26,0,0,0,0,0,0,0,0,0,1,0,4,0,3,0,0,0,0,1,0,1,1,0,0,3,1,1,0,0,0,0,6,0,1,1,4,4,11,0,0,2,3,0,1,25,0,5,7,1,1,2,8,0,6,0,3,1,0,0,0,0,0,0,0,1,4,0,1,0,1,2,0,0,2,0,0,4,8,0,0,20,1,0,0,0,0,1,2,1,0,0,1,13,0,0,2,0,2,6,0,0,2,1,4,1,4,0,3,1,0,0,1,4,0,1,3,1,1,0,7,0,0,0,2,0,1,0,0,0,0,0,1,1,1,0,0,1,1,0,0,0,3,3,0,2,1,2,2,4,1,1,4,0,1,0,0,0,0,0,1,0,0,1,3,0,18,2,2,0,0,10,2,1,2,0,0,5,5,0,1,0,0,1,3,0,0,2,2,0,0,1,1,1,0,4,0,0,0,0,0,0,1,4,1,2,0,0,0,2,0,2,0,0,0,0,0,0,0,0,1,4,4,0,0,2,0,0,0,4,2,0,1,0,1,0,2,0,0,0,1,0,0,0,0,0,0,0,0,0,0,0,0,0,0,0,0,0,0,0,0,0,0,0,0,1,0,5,0,0,1,0,0,0,0,0,1,0,0,0,0,0,0,0,1,0,0,0,0,0,0,1,0,0,1,0,0,0,1,1,0,0,0,0,0,0,0,0,0,0,0,0,1,0,1,1,12,0,0,0,0,2,0,0,0,0,0,0,0,0,0,0,0,1,0,0,0,0,0,2,1,1,0,1,2,2,1,1,0,0,0,3,1,1,0,0,0,3,4,1,0,0,0,0,0,0,0,3,0,0,0,0,0,1,0,0,0,1,0,0,0,1,1,0,0,0,0,0,0,0,0,0,0,0,0,0,1,1,1,0,0,0,1,1,1,0,1,0,0,0,0,0,0,0,0,0,0,0,1,0,0,0,0,0,0,0,0,8,0,0,0,0,0,0,0,0,0,0,0,1,0,0,0,0,2,0,0,0,0,0,0,0,0,0,5,0,0,2,0,0,0,0,0,0,0,0,0,0,0,0,0,0,0,0,0,0,4,0,0,0,0,2,2,0,0,1,0,0,0
zasulich_po_povodu_uprazdneniya_Marx'a.txt_chunk6,zasulich,8,0,0,0,0,0,10,0,0,0,0,30,0,0,0,2,0,0,0,0,0,1,2,1,1,2,1,0,1,0,2,0,0,0,0,0,5,0,0,0,0,0,0,10,0,0,3,6,2,6,0,0,1,2,0,0,23,2,5,2,1,0,3,5,0,5,0,1,0,0,2,1,1,0,0,0,0,5,0,4,0,1,0,0,0,3,1,0,0,6,1,0,19,0,1,0,0,1,2,2,1,1,0,0,12,0,3,4,3,1,0,0,0,0,0,6,0,0,0,4,3,0,1,0,10,0,1,2,0,1,0,6,0,0,1,0,1,0,2,2,2,0,0,1,1,0,0,2,0,1,0,0,0,2,2,0,1,1,1,2,6,1,1,4,4,0,0,0,0,0,1,0,0,0,1,0,0,24,2,0,0,0,9,3,2,1,0,1,2,2,0,1,0,0,2,0,0,1,1,0,0,0,1,0,0,0,1,0,1,0,0,0,0,0,0,3,2,1,0,1,0,0,0,4,1,1,0,0,0,1,0,0,0,0,0,1,0,0,2,0,2,0,0,0,0,1,0,0,0,0,1,1,0,0,0,0,2,0,0,0,0,0,0,0,0,0,0,0,1,1,0,0,0,0,0,0,1,0,6,0,0,0,0,0,0,0,1,1,0,1,2,0,0,0,0,2,0,0,0,1,0,0,0,0,0,0,0,0,1,0,2,0,0,0,0,0,0,0,4,0,0,0,0,0,0,0,1,11,0,0,0,0,0,0,0,1,0,0,1,1,0,0,0,1,0,0,0,0,0,2,1,0,0,0,1,0,0,0,0,1,0,0,0,0,0,1,0,0,0,0,0,0,0,3,0,0,2,1,6,0,0,0,0,0,0,0,0,2,0,0,2,3,0,2,0,0,0,2,0,0,0,0,0,0,0,0,0,0,2,0,0,0,0,0,0,3,6,2,0,0,0,0,0,0,0,0,0,0,0,0,0,0,1,0,0,0,1,0,16,0,1,0,0,0,0,0,0,0,0,0,0,0,0,0,0,0,0,0,0,0,0,0,0,0,0,8,0,0,11,0,0,0,0,0,2,0,0,0,0,0,0,0,0,1,0,0,0,0,0,0,0,0,2,13,1,0,7,0,0,0
zasulich_po_povodu_uprazdneniya_Marx'a.txt_chunk7,zasulich,6,0,1,4,0,0,0,0,1,0,0,42,1,0,0,1,0,0,0,0,0,0,2,5,0,2,1,0,3,0,1,0,4,1,0,0,3,0,0,0,0,1,0,10,1,2,3,1,0,9,0,0,5,1,0,1,44,1,8,1,0,0,1,3,0,10,0,0,1,0,0,1,0,0,2,0,0,1,0,4,0,1,0,1,0,0,2,0,0,27,2,0,12,1,0,0,0,1,1,3,0,0,0,0,6,0,1,0,0,0,0,0,1,0,0,1,0,1,0,1,1,1,0,0,5,0,0,3,0,4,1,6,0,0,0,1,2,0,1,0,2,1,0,0,3,0,0,0,0,0,0,2,0,1,6,0,0,0,2,4,7,1,0,3,0,0,0,0,0,1,0,0,0,0,0,6,1,13,0,0,0,0,3,3,2,1,0,0,0,1,0,1,0,0,0,5,0,1,2,0,1,1,0,1,1,2,0,1,0,0,0,0,0,0,0,4,0,0,0,1,0,0,0,2,0,0,0,0,1,0,0,1,4,1,0,1,1,0,1,2,6,0,0,0,0,1,0,0,0,2,0,0,0,0,1,0,0,0,0,0,0,0,0,0,0,0,0,0,1,0,1,0,0,0,0,0,0,0,3,0,0,0,0,0,0,0,0,1,0,0,2,2,0,0,0,0,0,0,0,1,0,0,0,0,0,1,0,0,0,0,2,0,0,0,0,0,0,0,0,0,0,0,2,1,0,0,0,13,0,1,0,0,0,1,1,0,0,2,0,0,0,0,0,1,0,0,0,0,1,0,1,0,0,0,0,2,0,1,4,0,1,1,0,0,1,2,0,0,0,0,0,0,0,1,0,0,2,0,3,0,0,0,0,0,1,0,0,2,0,0,1,0,0,0,0,0,0,0,0,1,0,0,0,0,0,0,0,0,1,0,0,0,0,0,0,0,7,4,0,0,0,0,0,1,0,0,0,0,0,0,0,0,0,0,1,0,0,1,4,0,0,0,0,0,0,0,0,0,0,0,0,0,0,0,0,0,0,0,0,0,0,0,0,0,1,2,0,0,7,0,0,0,0,1,1,0,0,1,0,0,0,0,0,0,0,0,0,0,0,0,0,0,3,10,0,0,0,0,0,0
zasulich_po_povodu_uprazdneniya_Marx'a.txt_chunk8,zasulich,4,0,0,3,0,0,11,0,1,1,3,28,0,2,0,1,0,0,0,0,0,0,0,7,2,1,2,0,1,2,0,0,0,0,1,0,6,1,1,0,1,0,0,16,0,2,3,0,1,6,0,0,3,0,0,2,26,0,1,0,0,0,5,10,0,8,0,0,1,0,1,1,1,0,2,0,0,4,1,1,0,0,1,0,4,9,0,0,0,7,1,0,16,1,0,1,0,0,0,4,1,0,1,0,9,0,0,2,0,0,1,0,0,0,0,8,0,2,0,10,1,0,2,0,6,0,1,3,0,0,1,10,0,0,0,0,0,0,2,1,1,0,0,0,1,0,0,0,0,0,0,3,0,0,4,2,0,2,0,1,1,2,1,1,2,0,0,0,0,1,2,0,0,0,0,0,0,17,3,1,0,0,7,2,2,0,0,0,0,2,0,0,1,0,0,1,0,0,0,3,0,0,4,3,1,0,0,1,0,0,2,0,0,0,4,1,3,0,0,2,0,1,0,0,0,0,2,1,0,1,1,0,2,2,0,1,1,1,0,1,5,0,0,0,0,0,0,1,0,0,1,2,1,0,1,0,1,0,0,0,0,0,0,0,1,0,0,3,0,3,0,0,0,2,0,0,0,0,4,1,0,0,0,1,0,0,0,1,0,0,0,0,0,0,0,1,0,0,1,0,0,0,0,0,0,0,0,0,0,0,0,0,0,0,0,0,0,0,0,0,1,0,2,0,0,0,1,14,0,0,0,0,1,1,1,0,1,3,0,2,0,0,0,0,0,0,0,0,0,0,2,0,0,0,1,1,0,0,0,0,4,0,0,1,1,0,0,0,0,0,0,0,1,3,0,0,0,0,3,0,0,0,0,1,0,1,1,1,0,0,0,4,0,0,0,0,0,1,1,0,0,0,0,0,1,0,0,0,0,0,0,0,1,0,0,1,3,1,0,0,0,0,0,0,1,0,0,0,0,0,0,0,0,1,0,0,0,0,10,0,0,0,0,0,0,1,0,0,0,0,0,0,0,0,0,0,0,0,0,0,0,0,0,0,2,8,0,0,2,0,0,0,0,0,1,0,0,1,0,0,0,0,0,0,0,0,0,1,0,0,0,0,0,6,0,0,7,0,0,0
zasulich_po_povodu_uprazdneniya_Marx'a.txt_chunk9,zasulich,8.635578583765112,0,0,0,0,0,10.362694300518134,0,1.7271157167530224,1.7271157167530224,3.454231433506045,18.998272884283246,0,1.7271157167530224,0,1.7271157167530224,0,0,0,0,0,1.7271157167530224,0,3.454231433506045,1.7271157167530224,3.454231433506045,0,0,1.7271157167530224,0,5.181347150259067,0,0,1.7271157167530224,1.7271157167530224,0,3.454231433506045,1.7271157167530224,0,0,0,1.7271157167530224,1.7271157167530224,5.181347150259067,0,3.454231433506045,1.7271157167530224,0,0,6.90846286701209,0,0,1.7271157167530224,1.7271157167530224,1.7271157167530224,0,36.269430051813465,5.181347150259067,1.7271157167530224,3.454231433506045,0,0,3.454231433506045,3.454231433506045,0,10.362694300518134,0,1.7271157167530224,3.454231433506045,1.7271157167530224,0,0,1.7271157167530224,0,1.7271157167530224,0,0,6.90846286701209,0,1.7271157167530224,0,0,0,0,0,3.454231433506045,0,1.7271157167530224,0,8.635578583765112,0,0,22.452504317789295,0,0,0,0,0,0,6.90846286701209,1.7271157167530224,0,0,0,13.81692573402418,0,0,12.089810017271159,0,1.7271157167530224,0,0,0,0,1.7271157167530224,3.454231433506045,0,0,0,8.635578583765112,0,0,0,0,10.362694300518134,0,0,3.454231433506045,0,0,0,3.454231433506045,0,0,3.454231433506045,1.7271157167530224,1.7271157167530224,1.7271157167530224,0,0,0,0,0,0,1.7271157167530224,0,0,0,1.7271157167530224,0,0,0,0,0,6.90846286701209,0,1.7271157167530224,0,0,0,5.181347150259067,3.454231433506045,1.7271157167530224,1.7271157167530224,3.454231433506045,0,5.181347150259067,0,1.7271157167530224,5.181347150259067,0,0,0,0,0,1.7271157167530224,0,20.72538860103627,0,0,1.7271157167530224,0,10.362694300518134,6.90846286701209,0,0,0,0,6.90846286701209,0,0,1.7271157167530224,0,0,0,0,0,0,0,0,0,0,0,0,1.7271157167530224,0,5.181347150259067,0,3.454231433506045,0,0,0,0,0,0,3.454231433506045,0,0,1.7271157167530224,1.7271157167530224,0,0,0,5.181347150259067,0,0,3.454231433506045,0,0,0,0,1.7271157167530224,1.7271157167530224,3.454231433506045,0,0,0,0,0,1.7271157167530224,1.7271157167530224,0,0,0,0,0,0,0,0,0,6.90846286701209,0,0,0,0,0,0,0,0,0,0,0,0,0,0,0,0,0,0,0,0,0,1.7271157167530224,0,0,0,0,0,1.7271157167530224,0,0,0,0,0,0,0,0,0,0,0,0,0,0,0,0,0,0,0,0,0,0,0,0,0,0,0,0,0,0,0,0,0,0,0,0,0,0,0,0,0,0,0,0,0,0,0,0,13.81692573402418,0,5.181347150259067,0,0,0,0,0,0,0,0,0,0,5.181347150259067,0,0,3.454231433506045,0,0,0,0,0,3.454231433506045,5.181347150259067,0,1.7271157167530224,0,1.7271157167530224,1.7271157167530224,0,0,0,0,0,0,0,0,3.454231433506045,0,0,0,0,0,0,1.7271157167530224,0,0,0,0,3.454231433506045,1.7271157167530224,1.7271157167530224,0,0,0,0,0,0,0,0,6.90846286701209,0,0,0,0,0,0,0,0,0,1.7271157167530224,1.7271157167530224,0,0,0,0,0,0,0,0,0,0,0,0,0,0,0,0,1.7271157167530224,3.454231433506045,0,0,0,0,0,0,0,0,0,0,0,0,0,0,0,0,0,0,0,0,0,1.7271157167530224,0,0,0,0,0,0,0,0,0,0,0,1.7271157167530224,0,0,0,0,0,0,0,0,0,0,0,0,0,0,17.271157167530223,0,0,5.181347150259067,0,0,0,0,0,0,0,0,0,0,0,0,0,0,0,0,0,0,0,0,0,0,0,0,13.81692573402418,0,0,5.181347150259067,0,0,0
zasulich_rev_studenchestvo1_I.txt_chunk1,zasulich,4.643962848297213,0,0,0,0,0,1.5479876160990713,0,1.5479876160990713,0,0,43.343653250774,0,0,0,0,0,0,0,1.5479876160990713,0,0,0,4.643962848297213,0,0,0,1.5479876160990713,0,1.5479876160990713,0,0,0,0,0,0,3.0959752321981426,0,0,0,0,0,0,3.0959752321981426,0,0,0,1.5479876160990713,0,1.5479876160990713,0,0,0,0,0,0,32.5077399380805,0,7.739938080495356,1.5479876160990713,0,0,4.643962848297213,3.0959752321981426,0,10.8359133126935,0,0,1.5479876160990713,0,3.0959752321981426,0,1.5479876160990713,0,1.5479876160990713,0,0,3.0959752321981426,0,3.0959752321981426,0,0,0,0,0,3.0959752321981426,1.5479876160990713,0,0,9.287925696594426,0,0,17.02786377708978,0,0,0,0,0,0,0,0,0,0,0,6.191950464396285,0,0,3.0959752321981426,1.5479876160990713,3.0959752321981426,0,0,0,0,1.5479876160990713,0,0,1.5479876160990713,4.643962848297213,3.0959752321981426,1.5479876160990713,0,0,0,9.287925696594426,0,0,4.643962848297213,0,1.5479876160990713,0,13.93188854489164,0,0,0,0,1.5479876160990713,0,1.5479876160990713,1.5479876160990713,0,0,0,0,1.5479876160990713,0,0,0,0,0,0,0,0,0,1.5479876160990713,0,3.0959752321981426,0,1.5479876160990713,0,1.5479876160990713,0,0,0,0,1.5479876160990713,1.5479876160990713,0,0,1.5479876160990713,4.643962848297213,0,1.5479876160990713,0,0,1.5479876160990713,0,9.287925696594426,0,0,0,0,0,3.0959752321981426,1.5479876160990713,3.0959752321981426,1.5479876160990713,1.5479876160990713,0,0,0,0,0,0,0,1.5479876160990713,0,0,0,1.5479876160990713,0,0,0,0,0,0,0,1.5479876160990713,0,0,0,0,0,0,1.5479876160990713,0,0,0,0,1.5479876160990713,0,0,0,0,1.5479876160990713,0,0,0,1.5479876160990713,3.0959752321981426,0,0,0,3.0959752321981426,0,3.0959752321981426,1.5479876160990713,0,3.0959752321981426,3.0959752321981426,1.5479876160990713,1.5479876160990713,0,1.5479876160990713,0,1.5479876160990713,0,0,0,0,1.5479876160990713,0,1.5479876160990713,0,4.643962848297213,1.5479876160990713,1.5479876160990713,0,0,0,3.0959752321981426,0,0,1.5479876160990713,0,0,0,0,0,1.5479876160990713,0,0,0,0,3.0959752321981426,0,3.0959752321981426,3.0959752321981426,1.5479876160990713,0,0,0,0,1.5479876160990713,1.5479876160990713,4.643962848297213,0,1.5479876160990713,0,0,0,0,0,0,0,0,0,0,0,0,1.5479876160990713,0,0,0,0,1.5479876160990713,1.5479876160990713,0,0,0,0,0,3.0959752321981426,0,0,0,0,0,3.0959752321981426,0,0,7.739938080495356,1.5479876160990713,0,0,0,0,0,0,0,0,0,0,0,0,0,1.5479876160990713,0,0,0,0,0,0,0,0,0,0,0,0,0,0,0,0,0,1.5479876160990713,1.5479876160990713,0,1.5479876160990713,0,0,0,0,1.5479876160990713,0,0,0,1.5479876160990713,1.5479876160990713,0,0,3.0959752321981426,0,0,1.5479876160990713,0,0,3.0959752321981426,0,0,0,0,0,0,0,0,1.5479876160990713,0,0,0,0,0,3.0959752321981426,0,1.5479876160990713,0,0,1.5479876160990713,1.5479876160990713,0,0,0,0,0,0,0,0,0,0,0,3.0959752321981426,0,0,0,1.5479876160990713,0,0,0,0,0,0,1.5479876160990713,0,0,0,0,0,0,1.5479876160990713,0,1.5479876160990713,0,1.5479876160990713,0,0,0,0,0,0,0,0,0,0,0,0,0,1.5479876160990713,1.5479876160990713,0,1.5479876160990713,0,0,4.643962848297213,0,0,0,0,1.5479876160990713,1.5479876160990713,1.5479876160990713,0,0,1.5479876160990713,1.5479876160990713,0,0,0,0,0,0,1.5479876160990713,0,0,0,0,0,0,3.0959752321981426,4.643962848297213,0,0,1.5479876160990713,0,0,0,0,0,0,0,0,0,0,0,0,0,0,0,0,0,0,0
zasulich_rev_studenchestvo2_I.txt_chunk1,zasulich,10,0,0,1,1,0,2,0,0,1,6,38,1,0,0,6,0,0,0,2,1,0,3,5,0,0,1,0,0,1,0,0,1,1,0,0,4,1,1,0,3,1,0,7,1,3,1,0,0,5,1,0,4,3,1,0,29,1,3,5,4,0,4,8,0,4,0,6,7,0,0,1,0,0,0,0,0,1,1,0,0,1,0,1,2,2,1,2,0,11,3,0,16,1,1,1,0,0,1,0,0,0,1,1,9,0,1,3,3,1,0,0,1,0,0,3,1,5,0,2,0,0,1,0,2,1,0,3,0,2,0,7,0,0,0,1,1,1,2,0,1,0,3,0,2,0,0,0,0,0,0,0,0,1,2,0,1,0,1,0,7,1,1,4,3,2,3,0,0,2,0,1,0,1,0,1,0,18,7,0,4,0,6,2,1,3,0,1,0,0,0,0,1,0,0,0,0,0,0,3,0,0,1,0,0,0,1,2,0,2,0,0,0,0,1,0,0,0,3,0,0,0,0,0,0,1,2,0,0,0,1,0,0,2,0,1,1,0,2,3,5,0,0,0,0,0,0,0,0,0,3,1,0,0,0,1,0,1,0,0,1,0,0,0,3,0,0,0,0,1,0,0,0,0,12,3,0,0,1,0,1,1,0,2,1,0,0,0,0,2,0,0,0,3,2,1,0,0,0,1,0,0,0,0,1,0,2,0,0,0,2,2,0,1,0,1,0,1,0,1,0,0,0,2,0,0,0,0,0,1,0,0,0,0,0,0,1,0,0,0,1,0,0,0,0,0,0,0,0,0,0,0,0,0,0,1,0,0,0,0,1,0,0,0,0,1,0,0,0,0,1,0,0,1,0,0,4,2,1,0,0,0,0,0,1,0,0,0,0,0,0,0,0,0,1,0,0,1,0,0,0,0,1,1,0,0,1,0,0,0,2,0,0,4,0,0,0,0,6,0,0,0,0,1,0,0,0,0,0,1,0,3,0,3,0,1,0,2,0,0,0,0,0,0,0,1,1,1,0,0,4,3,0,0,0,1,0,1,1,0,0,0,0,4,0,0,0,1,0,1,0,0,1,0,1,3,0,0,0,1,0,0,2,0,1,0,1,0,0,0,0,0,0,0,0,0,0,0,0,0
zasulich_rev_studenchestvo2_I.txt_chunk2,zasulich,8,0,0,0,0,1,6,2,1,3,0,34,0,0,0,7,0,0,0,0,0,0,3,9,1,4,0,1,2,0,0,1,1,0,2,1,0,0,0,0,1,0,0,6,0,1,3,0,2,10,1,0,3,2,0,0,39,0,8,2,2,1,4,3,0,6,0,6,3,2,1,1,3,0,0,0,0,2,0,0,0,0,0,3,0,1,0,0,0,2,0,0,15,0,1,1,1,1,1,0,1,0,3,0,5,0,0,6,2,1,0,0,1,0,1,2,2,8,0,3,0,0,1,0,3,1,1,3,0,0,1,6,0,0,1,0,0,1,2,0,0,0,1,0,1,1,0,1,0,0,0,1,0,1,4,1,0,0,4,0,7,2,4,7,2,1,1,0,0,1,0,1,0,0,0,3,0,13,0,0,1,1,4,1,0,1,0,0,0,0,1,0,1,0,0,1,0,0,0,3,0,1,0,0,1,0,0,0,0,0,1,0,0,0,1,0,0,2,0,0,0,0,0,1,0,2,0,0,0,1,0,2,0,3,0,2,0,0,0,2,2,0,0,2,0,2,0,0,0,0,2,2,2,0,0,0,1,1,1,0,3,0,0,0,0,0,0,1,0,0,0,0,0,0,4,4,1,0,0,0,0,1,0,0,0,0,0,0,1,0,0,0,1,2,0,0,0,0,1,0,0,2,0,1,0,1,0,0,0,0,1,1,3,1,1,1,0,0,0,0,2,0,1,2,0,0,0,0,0,0,0,1,3,0,0,0,1,0,0,0,0,0,1,0,0,0,0,0,0,1,0,0,0,1,0,1,1,0,0,0,0,0,0,0,2,0,0,0,0,0,0,1,0,1,1,0,5,4,0,0,0,0,1,3,0,0,1,3,1,0,0,2,3,0,1,0,0,2,0,0,0,0,0,1,0,1,2,1,1,0,5,0,0,3,0,1,0,0,13,0,0,0,0,0,0,0,0,0,0,0,0,2,0,0,0,0,0,2,0,1,0,0,0,0,0,0,0,4,0,0,1,0,0,3,0,0,0,1,0,0,0,1,0,2,0,0,0,0,0,0,0,2,0,0,0,1,1,0,0,4,0,0,7,0,1,0,0,0,1,0,0,1,1,0,0,0,0,0,0,0
zasulich_rev_studenchestvo2_I.txt_chunk3,zasulich,1.8518518518518519,0,0,0,0,1.8518518518518519,20.370370370370374,0,1.8518518518518519,0,1.8518518518518519,22.22222222222222,0,0,0,1.8518518518518519,0,0,0,0,0,0,1.8518518518518519,5.555555555555555,0,0,1.8518518518518519,0,0,0,1.8518518518518519,0,0,1.8518518518518519,5.555555555555555,0,5.555555555555555,0,0,0,0,1.8518518518518519,0,3.7037037037037037,1.8518518518518519,3.7037037037037037,1.8518518518518519,0,0,12.962962962962962,0,0,3.7037037037037037,0,1.8518518518518519,0,37.03703703703704,1.8518518518518519,3.7037037037037037,3.7037037037037037,0,0,7.407407407407407,9.25925925925926,0,5.555555555555555,0,1.8518518518518519,1.8518518518518519,1.8518518518518519,1.8518518518518519,0,0,1.8518518518518519,0,0,0,7.407407407407407,1.8518518518518519,0,0,0,0,0,3.7037037037037037,1.8518518518518519,0,0,0,11.11111111111111,0,0,18.51851851851852,0,0,0,0,0,0,3.7037037037037037,0,0,3.7037037037037037,1.8518518518518519,11.11111111111111,0,0,3.7037037037037037,1.8518518518518519,0,0,0,0,0,0,1.8518518518518519,1.8518518518518519,11.11111111111111,0,5.555555555555555,0,0,1.8518518518518519,0,5.555555555555555,1.8518518518518519,0,0,0,0,3.7037037037037037,11.11111111111111,0,3.7037037037037037,0,1.8518518518518519,0,0,3.7037037037037037,0,3.7037037037037037,1.8518518518518519,0,1.8518518518518519,3.7037037037037037,5.555555555555555,0,0,0,0,0,0,0,0,3.7037037037037037,0,0,0,1.8518518518518519,0,11.11111111111111,0,1.8518518518518519,5.555555555555555,0,1.8518518518518519,0,1.8518518518518519,1.8518518518518519,1.8518518518518519,0,0,0,0,0,0,0,12.962962962962962,1.8518518518518519,1.8518518518518519,1.8518518518518519,0,1.8518518518518519,0,0,3.7037037037037037,0,0,0,0,0,3.7037037037037037,9.25925925925926,3.7037037037037037,0,1.8518518518518519,0,0,0,0,0,0,0,0,1.8518518518518519,0,1.8518518518518519,0,0,0,0,0,0,3.7037037037037037,0,0,0,0,0,0,0,0,1.8518518518518519,0,1.8518518518518519,0,0,0,0,0,0,1.8518518518518519,0,7.407407407407407,0,1.8518518518518519,0,1.8518518518518519,0,0,1.8518518518518519,0,0,0,0,0,0,0,0,0,0,1.8518518518518519,1.8518518518518519,1.8518518518518519,0,0,0,0,0,0,0,0,0,1.8518518518518519,1.8518518518518519,0,0,0,1.8518518518518519,0,0,0,0,0,0,0,0,0,0,0,0,1.8518518518518519,0,0,0,1.8518518518518519,0,1.8518518518518519,0,0,0,0,0,0,0,0,0,0,0,0,0,0,0,0,0,0,0,1.8518518518518519,0,0,5.555555555555555,5.555555555555555,0,0,0,0,0,3.7037037037037037,0,0,0,0,0,0,0,0,0,0,0,0,1.8518518518518519,0,0,0,1.8518518518518519,0,3.7037037037037037,0,0,0,0,0,0,0,0,0,0,0,0,1.8518518518518519,1.8518518518518519,1.8518518518518519,0,0,0,0,0,0,0,0,0,0,0,0,1.8518518518518519,0,0,0,0,0,0,0,0,0,0,0,0,1.8518518518518519,0,0,0,0,0,0,0,0,0,0,0,0,0,3.7037037037037037,0,0,0,0,1.8518518518518519,0,0,0,0,1.8518518518518519,0,0,1.8518518518518519,1.8518518518518519,0,0,0,1.8518518518518519,5.555555555555555,0,0,1.8518518518518519,0,0,0,0,5.555555555555555,0,0,0,0,1.8518518518518519,0,0,0,0,0,0,0,0,0,0,0,0,0,0,0,0,0,3.7037037037037037,0,0,0,0,0,3.7037037037037037,0,0,0,1.8518518518518519,0,0,0,0,0,0,0,0,0,0,0,3.7037037037037037,0,0,0,0,0,0,0,0,1.8518518518518519,0,0,0,0,0,0,3.7037037037037037,0,0,1.8518518518518519,0,0,0,0,0,0,0,0,0,0,0,0,0,0,0,0,0
zasulich_vystrel_Karpovicha_I.txt_chunk1,zasulich,8,0,0,0,0,3,7,0,3,1,2,23,0,0,0,2,1,0,0,0,0,0,1,10,1,2,0,0,5,0,0,0,0,1,0,0,6,1,0,0,0,0,0,3,0,3,3,0,1,4,2,1,4,0,0,0,37,0,4,2,1,0,4,9,0,2,0,2,1,0,2,0,1,0,0,1,2,1,1,0,0,0,0,3,1,1,0,1,0,11,2,3,21,2,3,0,0,1,2,3,2,2,1,0,6,0,1,2,2,0,0,0,0,2,1,1,2,5,0,1,0,0,1,1,4,2,0,3,0,7,0,14,0,0,0,1,1,1,0,0,1,1,1,1,3,1,0,1,0,0,0,1,0,0,4,0,1,1,0,0,7,1,1,2,1,1,1,0,0,8,0,1,0,1,2,4,0,16,2,1,1,0,7,1,6,1,0,1,0,3,0,1,0,0,0,3,0,0,0,0,0,0,0,1,1,1,0,0,0,1,0,2,0,0,3,6,0,0,0,0,0,0,0,2,3,2,2,0,0,0,0,0,0,2,0,0,0,0,0,1,1,0,0,0,0,2,0,0,0,1,1,1,0,0,0,0,1,1,0,1,0,0,1,0,2,0,0,1,0,0,1,0,0,0,0,0,3,0,0,0,0,0,1,0,1,1,0,0,0,0,3,0,0,0,0,1,1,0,0,0,0,0,1,0,0,1,0,0,1,0,3,0,0,0,0,2,1,0,0,1,0,0,0,1,1,0,1,0,0,0,0,0,0,0,2,0,0,1,0,1,0,0,0,0,0,0,0,0,0,0,0,1,0,2,0,0,1,0,0,0,0,0,0,0,0,1,0,1,0,0,1,1,0,1,0,1,6,1,0,0,0,0,0,0,1,1,0,0,0,0,2,2,2,2,0,0,0,1,0,0,0,0,0,0,0,2,0,0,0,0,0,0,0,1,2,0,0,0,0,0,2,0,4,0,0,0,0,0,0,0,0,0,0,1,0,0,0,1,0,0,2,0,0,1,0,0,0,0,1,1,1,0,0,0,0,0,0,0,0,0,0,0,1,0,0,0,0,0,0,0,0,1,0,1,0,0,0,0,0,0,0,0,0,0,0,0,0,0,0,0,0,0,0,0,0,0,0,0,0,0
zasulich_vystrel_Karpovicha_I.txt_chunk2,zasulich,14,0,0,0,2,0,7,2,1,5,4,24,0,0,0,1,2,0,0,0,1,0,0,7,0,2,3,0,0,1,0,2,1,1,0,0,3,0,0,1,0,0,1,9,0,0,5,0,1,3,1,0,3,0,0,0,35,0,2,3,1,0,4,5,1,5,0,1,2,2,0,0,2,1,0,0,3,6,0,3,0,1,0,0,3,4,2,0,0,9,0,0,34,0,1,1,3,1,1,6,0,0,2,0,8,0,2,4,1,0,1,0,1,0,1,3,1,4,0,2,0,0,3,2,12,1,0,2,0,1,0,4,0,0,1,1,1,1,1,2,0,1,0,0,3,0,0,0,0,0,0,1,0,0,3,1,1,0,2,0,5,1,1,5,4,3,0,1,0,0,0,0,0,0,0,3,1,8,2,2,2,1,6,2,1,2,1,0,0,1,0,0,0,0,0,0,0,0,0,0,0,0,3,1,1,0,2,1,1,0,0,0,0,1,1,0,0,1,1,0,0,0,0,0,0,0,2,0,1,1,1,1,0,2,1,1,0,0,1,0,0,0,1,2,0,2,0,2,0,2,0,1,0,2,1,3,0,0,0,0,0,0,0,0,4,1,1,2,0,1,0,0,1,0,0,1,3,0,0,0,0,1,1,0,0,5,0,0,0,3,0,0,0,0,0,0,1,0,0,0,0,0,0,0,0,1,0,0,0,0,0,1,0,0,0,1,0,0,3,2,1,0,2,4,0,0,0,0,0,0,1,0,0,0,0,0,0,0,0,2,0,0,1,0,0,1,0,0,1,0,1,0,0,1,0,0,0,0,0,0,0,2,0,0,0,1,0,0,3,0,0,3,0,0,0,1,1,0,0,0,0,1,0,1,0,1,0,0,0,0,0,3,0,0,1,0,1,0,0,1,0,0,0,0,0,0,0,0,0,0,0,0,1,0,0,0,0,0,0,0,0,0,0,0,0,0,0,2,0,3,0,0,0,2,0,1,0,0,0,0,0,0,0,2,0,0,2,0,1,0,0,0,0,0,0,0,1,1,0,0,0,0,2,0,0,0,0,0,0,0,0,0,0,0,0,0,0,1,0,0,1,0,0,0,0,0,0,0,0,0,0,0,1,0,3,0,0,0,0,0
