file_name,а,армии,без,больше,борьба,борьбе,борьбу,будут,было,в,ведет,вести,вместо,возможности,войну,восстания,время,все,всей,всем,всех,год,государства,государственного,давно,даже,далеко,дела,делает,демократической,для,до,достаточно,другие,другим,других,его,ему,если,же,за,задача,и,из,их,как,когда,комитет,которые,который,крестьяне,меньше,миллионов,многие,может,мы,на,надо,народ,народа,народного,народом,настоящее,не,него,необходимо,несмотря,нет,никогда,никто,ним,но,один,одно,он,оно,освобождения,от,открыто,партии,перед,по,политического,после,последние,потому,поэтому,правительства,правительство,правительством,при,причем,работы,рабочей,рабочих,революционеров,русский,с,самодержавие,самодержавия,свое,свои,своих,силы,скорее,следует,со,собой,собрание,совершенно,совет,содержание,солдат,состоянии,сотни,социал,социалистической,социалистов,союза,средства,стране,страны,счет,так,те,тем,теперь,того,только,тысяч,у,уже,хозяйства,царское,чисто,что,чтобы,это,этой,6,агитации,более,борьбой,борьбы,бы,был,быть,весь,взять,внимание,во,вовсе,возможность,вообще,вопрос,вопроса,вопросам,вопросов,восстание,времени,всегда,всего,всеми,всю,всякий,второй,вторых,г,говорить,говорят,года,гораздо,групп,группы,два,движение,движением,движению,движения,делом,демократии,демократических,демократическую,демократия,демократы,деятельности,деятельность,должна,должно,должны,друг,другого,другой,ее,ей,естественно,есть,еще,жизни,жизнь,задач,задачи,заранее,здесь,значение,ибо,идеи,или,им,имеет,интересов,истории,история,к,каждой,какая,каким,какой,капиталистического,класс,класса,классов,классовой,конечно,которой,которую,кто,лет,лишь,людей,марксизма,масса,между,места,местных,место,мнению,много,могли,можно,мысли,мысль,над,назад,наконец,нам,нами,нас,начале,наша,наше,нашего,нашей,наших,ней,нем,необходимость,ни,нибудь,ничего,нового,о,об,общества,одни,одним,одной,одну,она,они,опять,организации,организаций,организацию,освобождение,особенно,остается,отдельные,отдельных,отношении,отсюда,очень,партий,партию,первых,период,план,под,политику,политические,политических,политическое,политической,политическую,полиции,положения,попытки,поскольку,последнее,поставить,почву,право,представителей,представители,признать,программе,программы,пролетариат,пролетариата,просто,против,процесс,прямо,путем,путь,работа,работу,рабочего,рабочее,рабочему,рабочие,рабочий,рабочим,раз,развитию,различных,революции,революционного,революционное,революционной,революционную,революционных,революцию,решения,решительно,рода,россии,русская,русские,русских,русского,русской,ряд,сама,самих,самой,самые,самых,свободу,свободы,своей,своими,свою,связи,сделать,себе,себя,сил,сильно,сказать,слишком,слова,смысле,снова,собою,состоит,социализм,социализма,социалисты,становится,старых,стоит,стороны,странах,сущности,съезд,та,такая,также,таких,такой,тактики,такую,то,товарищей,тогда,том,тому,тот,требование,требования,труда,тут,условий,условиях,цели,целом,часто,чем,число,члены,экономической,эти,этих,этом,этому,этот,эту,1,2,3,4,бороться,будет,будто,буржуазной,были,видим,виду,власть,военной,войска,вопросе,вот,всяких,всякое,где,главным,го,говорили,да,две,действия,дел,деле,дело,день,е,её,знаем,зрения,имели,именно,иметь,иногда,интересах,какие,какое,классы,которое,которыми,которых,кроме,легко,ли,лучше,массы,менее,многих,можем,момент,момента,напротив,неизбежно,несколько,несомненно,них,новое,новой,новые,образом,одного,п,победа,поводу,политическая,политический,политическим,положение,порядка,посредством,потом,почему,пр,правда,прибыли,придется,притом,приходится,пролетариатом,промышленности,пусть,раб,рабочими,разных,революционная,самого,самое,самом,своего,своим,силой,силу,случае,сначала,событий,современного,союзы,сразу,стала,стали,стало,старого,стачки,степени,т,такие,таким,таком,тех,товарищи,точки,трех,три,удалось,уж,условия,участие,характер,хотим,хоть,хочет,целью,энгельса,эта,этими,этого,является,б,бернштейн,благодаря,большинство,будем,была,взглядов,возможно,вопросы,вполне,вся,вывод,выше,газеты,главе,движении,действительно,демократического,демократию,демократов,довольно,значит,идей,идет,иначе,интеллигенции,исключительно,искра,искры,каждый,кого,конце,которая,которым,крайне,либо,лиц,лозунг,люди,маркса,мере,мнение,мог,могут,наиболее,наоборот,наш,нее,нельзя,непосредственно,общего,общей,общественной,организация,ответ,партийной,партия,первой,печати,плеханова,пор,пред,прежде,принять,программа,программу,развитие,революционный,редакции,решение,руки,рядом,свой,сих,словом,создать,среде,среди,стать,столь,стремление,струве,съездом,такого,ту,факт,форме,хотя,чего,чему,членов,шаг,элементы,этим,весьма,вопросу,говорит,далее,думает,искровцев,которого,котором,меньшинства,меньшинство,письма,письмо,позиции,полное,раньше,съезда,съезде,тов,той,8,бунд,бунда,вам,виде,говоря,дает,дальше,дать,двух,должен,известно,имел,качестве,конца,куда,мало,массе,могло,например,невозможно,никакой,основании,отношения,первый,положении,права,проект,пролетариату,работать,работе,своему,сказал,словами,слово,см,собрания,события,совсем,существу,такое,устава,части,часть,чрезвычайно,являются,ясно,ведь,власти,влиянием,воли,всякие,всякого,гг,говорил,году,делать,дети,дня,думать,зависит,идея,идти,ими,каком,крестьян,крестьянства,крестьянство,либералов,либеральной,минуту,начала,неужели,никаких,никакого,ними,новая,новый,новых,нужно,области,общественного,общественных,общество,одна,оказывается,очевидно,политика,политики,пользу,почти,правительству,пути,разве,революционеры,реформы,роли,своем,сколько,средств,столько,сторону,строя,течение,формы,ход,цель,элементов,ii,автор,быстро,вместе,вне,всякой,вы,знает,интересы,каждого,каких,какую,кому,крайней,крестьянин,крестьянина,либералы,масс,могла,народных,населения,наши,одном,особенности,отношение,помещиков,понять,прав,пришлось,проч,развития,руках,сами,слоев,собственной,статьи,стороне,тоже,требований,хорошо,царя,частью,человека,10,безусловно,буржуазии,буржуазия,буржуазного,вероятно,видно,вперед,демократическая,закон,имеют,кажется,капитала,нашем,немедленно,пока,политически,полной,производства,разумеется,роль,сам,само,следовательно,смысл,союзов,стал,требует,участия,целиком,через,взгляд,взгляды,видит,влияние,вокруг,вопросом,делу,детей,другими,другом,ею,затем,значения,казалось,ко,меня,мне,некоторые,необходимости,относительно,самым,сейчас,сознания,стр,там,теории,труд,ты,я,великой,влияния,д,денег,комитеты,либерализма,мартов,организацией,отношению,партией,писал,помощи,редакция,связь,соц,старой,статье,тактика,тактику,числе,18,9,всяком,итак,месте,мира,найти,нашу,опыт,почве,речь,самый,таки,товарищ,трудно,человек,видеть,думы,европы,представляет,видели,действий,другое,которому,моей,н,отношений,точно,буржуа,германии,господа,европе,земли,землю,крестьянской,некоторых,обществе,однако,окончательно,победы,показывает,речи,свобода,свободно,сила,скоро,сознание,стран,франции,хотят,века,л,народной,признание,х,января,война,мир,народу,россия,союз,революция,совета,большинства,внутри,войны,имя,лиги,партийного,плеханов,рост,цк,цо,англии,войне,политике,буржуазией,вас,вопросах,годов,голосов,государственной,диктатуры,исторического,исторической,капитализма,классового,критики,ленин,маркс,мой,насчет,означает,оппозиции,подобно,пролетарской,р,реакции,революционные,резолюции,сегодня,социально,социальной,теория,читатель,1905,дни,мартова,собственности,ok,либерализм,мною,диктатура,ленина,троцкий,интернационала,радек,перманентной,author_folder
dubia_finans_manifest.txt,1,1,3,1,1,1,1,1,1,12,1,1,1,1,2,1,1,2,2,3,3,1,4,2,1,1,1,1,1,1,2,1,1,1,1,1,3,1,1,1,4,1,31,3,1,2,1,4,1,1,1,2,1,1,1,2,10,1,1,1,1,2,1,8,3,1,1,2,1,1,1,1,1,1,1,4,1,2,1,3,2,7,1,1,1,1,1,2,11,1,4,1,1,2,1,1,1,6,1,1,2,1,1,1,1,1,1,1,1,1,1,1,1,1,2,1,1,1,1,2,2,3,1,1,1,1,1,1,2,1,2,1,1,1,1,1,1,3,1,0,0,0,0,0,0,0,0,0,0,0,0,0,0,0,0,0,0,0,0,0,0,0,0,0,0,0,0,0,0,0,0,0,0,0,0,0,0,0,0,0,0,0,0,0,0,0,0,0,0,0,0,0,0,0,0,0,0,0,0,0,0,0,0,0,0,0,0,0,0,0,0,0,0,0,0,0,0,0,0,0,0,0,0,0,0,0,0,0,0,0,0,0,0,0,0,0,0,0,0,0,0,0,0,0,0,0,0,0,0,0,0,0,0,0,0,0,0,0,0,0,0,0,0,0,0,0,0,0,0,0,0,0,0,0,0,0,0,0,0,0,0,0,0,0,0,0,0,0,0,0,0,0,0,0,0,0,0,0,0,0,0,0,0,0,0,0,0,0,0,0,0,0,0,0,0,0,0,0,0,0,0,0,0,0,0,0,0,0,0,0,0,0,0,0,0,0,0,0,0,0,0,0,0,0,0,0,0,0,0,0,0,0,0,0,0,0,0,0,0,0,0,0,0,0,0,0,0,0,0,0,0,0,0,0,0,0,0,0,0,0,0,0,0,0,0,0,0,0,0,0,0,0,0,0,0,0,0,0,0,0,0,0,0,0,0,0,0,0,0,0,0,0,0,0,0,0,0,0,0,0,0,0,0,0,0,0,0,0,0,0,0,0,0,0,0,0,0,0,0,0,0,0,0,0,0,0,0,0,0,0,0,0,0,0,0,0,0,0,0,0,0,0,0,0,0,0,0,0,0,0,0,0,0,0,0,0,0,0,0,0,0,0,0,0,0,0,0,0,0,0,0,0,0,0,0,0,0,0,0,0,0,0,0,0,0,0,0,0,0,0,0,0,0,0,0,0,0,0,0,0,0,0,0,0,0,0,0,0,0,0,0,0,0,0,0,0,0,0,0,0,0,0,0,0,0,0,0,0,0,0,0,0,0,0,0,0,0,0,0,0,0,0,0,0,0,0,0,0,0,0,0,0,0,0,0,0,0,0,0,0,0,0,0,0,0,0,0,0,0,0,0,0,0,0,0,0,0,0,0,0,0,0,0,0,0,0,0,0,0,0,0,0,0,0,0,0,0,0,0,0,0,0,0,0,0,0,0,0,0,0,0,0,0,0,0,0,0,0,0,0,0,0,0,0,0,0,0,0,0,0,0,0,0,0,0,0,0,0,0,0,0,0,0,0,0,0,0,0,0,0,0,0,0,0,0,0,0,0,0,0,0,0,0,0,0,0,0,0,0,0,0,0,0,0,0,0,0,0,0,0,0,0,0,0,0,0,0,0,0,0,0,0,0,0,0,0,0,0,0,0,0,0,0,0,0,0,0,0,0,0,0,0,0,0,0,0,0,0,0,0,0,0,0,0,0,0,0,0,0,0,0,0,0,0,0,0,0,0,0,0,0,0,0,0,0,0,0,0,0,0,0,0,0,0,0,0,0,0,0,0,0,0,0,0,0,0,0,0,0,0,0,0,0,0,0,0,0,0,0,0,0,0,0,0,0,0,0,0,0,0,0,0,0,0,0,0,0,0,0,0,0,0,0,0,0,0,0,0,0,0,0,0,0,0,0,0,0,0,0,0,0,0,0,0,0,0,0,0,0,0,0,0,0,0,0,0,0,0,0,0,0,0,0,0,0,0,0,0,0,0,0,0,0,0,0,0,0,0,0,0,0,0,0,0,0,0,0,0,0,0,0,0,0,0,0,0,0,0,0,0,0,0,0,0,0,0,0,0,0,0,0,0,0,0,0,0,0,0,0,0,0,0,0,0,0,0,0,0,0,0,0,0,0,0,0,0,0,0,0,0,0,0,0,0,0,0,0,0,0,0,0,0,0,0,0,0,0,0,0,0,0,0,0,0,0,0,0,0,0,0,0,0,0,0,0,0,0,0,0,0,0,0,0,0,0,0,0,0,0,0,0,0,0,0,0,0,0,0,0,0,dubia
dubia_nasushnie_zadachi_I.txt,8,0,2,5,4,3,7,0,1,49,0,3,0,0,0,0,2,9,1,0,4,0,0,0,1,1,0,2,0,1,7,4,0,0,0,2,6,0,2,3,4,4,57,3,1,3,1,0,3,0,0,0,1,1,2,12,24,4,1,0,0,0,2,20,0,1,1,1,1,0,0,7,1,1,3,1,0,12,0,8,1,1,1,0,0,0,0,2,0,4,5,0,3,3,6,2,2,17,0,4,1,2,2,3,0,0,1,0,0,1,0,1,0,0,0,17,1,0,0,1,1,0,0,1,2,0,0,2,10,0,0,6,0,0,0,13,5,9,3,1,3,1,1,8,1,1,2,1,1,2,8,1,2,1,2,1,1,2,1,1,1,4,1,2,1,3,2,1,2,1,2,1,1,1,1,7,4,3,15,1,4,1,1,5,3,5,2,1,2,3,1,1,2,3,1,1,3,2,1,1,5,4,1,2,1,1,2,2,2,1,1,1,2,11,2,1,1,1,1,3,1,1,1,2,2,1,6,2,4,2,1,1,2,1,2,1,1,1,1,2,1,2,1,2,1,1,1,2,2,1,1,3,2,2,1,1,2,1,1,1,1,5,1,2,2,1,4,3,1,1,1,6,1,1,2,2,1,2,5,2,1,2,1,4,2,3,3,2,4,1,4,1,8,6,1,2,3,1,1,1,1,1,2,3,1,1,2,1,4,1,5,2,2,1,1,2,1,9,4,2,2,2,7,1,1,1,1,1,1,2,2,1,1,1,1,1,5,3,2,3,4,4,1,1,1,1,1,1,1,2,4,1,2,2,1,1,1,1,1,1,1,1,1,1,1,1,2,6,1,3,1,1,3,4,1,1,1,1,1,1,4,1,1,2,1,1,4,3,1,1,2,2,1,1,1,2,2,1,1,2,1,2,5,2,3,2,1,4,0,0,0,0,0,0,0,0,0,0,0,0,0,0,0,0,0,0,0,0,0,0,0,0,0,0,0,0,0,0,0,0,0,0,0,0,0,0,0,0,0,0,0,0,0,0,0,0,0,0,0,0,0,0,0,0,0,0,0,0,0,0,0,0,0,0,0,0,0,0,0,0,0,0,0,0,0,0,0,0,0,0,0,0,0,0,0,0,0,0,0,0,0,0,0,0,0,0,0,0,0,0,0,0,0,0,0,0,0,0,0,0,0,0,0,0,0,0,0,0,0,0,0,0,0,0,0,0,0,0,0,0,0,0,0,0,0,0,0,0,0,0,0,0,0,0,0,0,0,0,0,0,0,0,0,0,0,0,0,0,0,0,0,0,0,0,0,0,0,0,0,0,0,0,0,0,0,0,0,0,0,0,0,0,0,0,0,0,0,0,0,0,0,0,0,0,0,0,0,0,0,0,0,0,0,0,0,0,0,0,0,0,0,0,0,0,0,0,0,0,0,0,0,0,0,0,0,0,0,0,0,0,0,0,0,0,0,0,0,0,0,0,0,0,0,0,0,0,0,0,0,0,0,0,0,0,0,0,0,0,0,0,0,0,0,0,0,0,0,0,0,0,0,0,0,0,0,0,0,0,0,0,0,0,0,0,0,0,0,0,0,0,0,0,0,0,0,0,0,0,0,0,0,0,0,0,0,0,0,0,0,0,0,0,0,0,0,0,0,0,0,0,0,0,0,0,0,0,0,0,0,0,0,0,0,0,0,0,0,0,0,0,0,0,0,0,0,0,0,0,0,0,0,0,0,0,0,0,0,0,0,0,0,0,0,0,0,0,0,0,0,0,0,0,0,0,0,0,0,0,0,0,0,0,0,0,0,0,0,0,0,0,0,0,0,0,0,0,0,0,0,0,0,0,0,0,0,0,0,0,0,0,0,0,0,0,0,0,0,0,0,0,0,0,0,0,0,0,0,0,0,0,0,0,0,0,0,0,0,0,0,0,0,0,0,0,0,0,0,0,0,0,0,0,0,0,0,0,0,0,0,0,0,0,0,0,0,0,0,0,0,0,0,0,0,0,0,0,0,0,0,0,0,0,0,0,0,0,0,0,0,0,0,0,0,0,0,0,0,0,0,0,0,0,0,0,0,0,0,0,0,0,0,0,0,0,0,0,0,0,0,0,0,0,0,0,0,0,0,0,0,0,0,0,0,0,0,0,0,0,0,0,0,0,0,0,0,0,0,0,0,0,0,0,0,0,0,0,0,0,0,0,0,0,0,0,0,0,0,0,0,0,0,0,0,0,0,0,0,0,0,0,0,0,0,0,0,0,0,0,0,0,dubia
dubia_novoe_poboishe_I.txt,6,0,2,1,7,2,2,0,4,24,0,0,0,2,0,0,7,5,0,1,3,0,0,0,0,5,0,1,0,0,2,2,0,0,1,0,1,1,3,7,11,0,72,3,5,6,7,0,6,2,0,0,0,0,1,12,21,1,0,0,1,1,0,37,1,0,0,2,0,1,0,11,3,0,1,3,0,11,0,1,0,6,0,3,0,1,0,3,5,3,6,1,3,2,19,0,0,19,0,0,0,1,0,2,0,0,4,0,0,1,0,0,0,0,0,0,0,1,0,0,0,0,0,4,3,4,3,2,10,2,4,10,0,0,2,18,1,3,2,0,0,3,1,5,1,4,0,0,0,0,4,1,2,0,0,0,0,0,3,3,2,0,0,1,0,0,0,0,0,0,0,0,0,0,1,3,0,0,0,0,0,0,0,0,0,0,0,0,0,4,0,0,2,0,0,0,2,2,2,1,0,0,0,1,1,2,0,2,3,0,0,0,0,10,0,0,0,0,0,2,0,0,0,2,0,0,4,1,1,2,0,0,0,0,0,0,0,1,0,0,0,0,3,1,1,1,0,3,0,0,1,0,1,0,0,0,1,2,1,1,0,9,3,0,0,0,1,0,0,3,1,1,0,0,0,2,0,0,1,0,0,2,0,0,0,2,1,0,0,0,0,0,2,1,3,1,0,0,3,0,1,0,0,0,0,0,0,0,0,0,2,0,0,0,0,0,2,0,5,0,12,3,3,2,0,0,0,0,0,2,1,0,0,0,0,0,0,0,0,0,0,0,1,0,0,0,1,0,1,1,0,2,0,0,1,0,1,1,0,2,0,1,0,0,0,0,0,0,0,0,0,0,3,0,0,0,0,2,3,2,0,0,0,5,0,1,3,2,2,1,3,2,0,1,1,0,0,0,2,1,0,1,5,0,4,0,1,1,1,1,1,1,1,5,1,1,5,1,1,1,1,1,1,4,1,1,1,1,7,1,2,1,1,2,1,2,1,1,1,1,1,1,3,1,1,1,1,1,1,2,1,1,1,3,5,2,1,2,2,2,1,1,1,1,4,1,3,1,1,2,1,2,1,1,1,1,1,1,3,1,2,1,2,1,1,2,2,1,1,1,2,1,1,1,1,1,1,1,2,1,2,1,2,2,1,1,1,1,1,1,2,1,1,2,1,2,1,1,2,2,1,1,1,1,1,1,3,1,1,1,1,1,1,1,1,1,3,1,0,0,0,0,0,0,0,0,0,0,0,0,0,0,0,0,0,0,0,0,0,0,0,0,0,0,0,0,0,0,0,0,0,0,0,0,0,0,0,0,0,0,0,0,0,0,0,0,0,0,0,0,0,0,0,0,0,0,0,0,0,0,0,0,0,0,0,0,0,0,0,0,0,0,0,0,0,0,0,0,0,0,0,0,0,0,0,0,0,0,0,0,0,0,0,0,0,0,0,0,0,0,0,0,0,0,0,0,0,0,0,0,0,0,0,0,0,0,0,0,0,0,0,0,0,0,0,0,0,0,0,0,0,0,0,0,0,0,0,0,0,0,0,0,0,0,0,0,0,0,0,0,0,0,0,0,0,0,0,0,0,0,0,0,0,0,0,0,0,0,0,0,0,0,0,0,0,0,0,0,0,0,0,0,0,0,0,0,0,0,0,0,0,0,0,0,0,0,0,0,0,0,0,0,0,0,0,0,0,0,0,0,0,0,0,0,0,0,0,0,0,0,0,0,0,0,0,0,0,0,0,0,0,0,0,0,0,0,0,0,0,0,0,0,0,0,0,0,0,0,0,0,0,0,0,0,0,0,0,0,0,0,0,0,0,0,0,0,0,0,0,0,0,0,0,0,0,0,0,0,0,0,0,0,0,0,0,0,0,0,0,0,0,0,0,0,0,0,0,0,0,0,0,0,0,0,0,0,0,0,0,0,0,0,0,0,0,0,0,0,0,0,0,0,0,0,0,0,0,0,0,0,0,0,0,0,0,0,0,0,0,0,0,0,0,0,0,0,0,0,0,0,0,0,0,0,0,0,0,0,0,0,0,0,0,0,0,0,0,0,0,0,0,0,0,0,0,0,0,0,0,0,0,0,0,0,0,0,0,0,0,0,0,0,0,0,0,0,0,0,0,0,0,0,0,0,0,0,0,0,0,0,0,0,0,0,0,0,0,0,0,0,0,0,0,0,0,0,0,0,0,0,0,0,0,0,0,0,0,0,0,0,0,0,0,0,0,0,0,0,0,0,0,0,0,0,0,0,0,0,0,0,dubia
dubia_ot_red_iskry_I.txt,8,0,0,2,0,1,3,0,3,36,0,1,0,0,0,0,2,12,1,1,5,0,0,0,0,3,2,1,0,1,7,1,0,0,0,1,10,2,0,2,2,1,63,5,1,9,2,0,3,2,0,0,0,0,2,24,14,1,0,1,0,0,1,16,1,5,1,1,0,0,0,6,0,0,0,0,0,5,0,8,0,5,0,0,1,0,2,0,0,0,2,0,0,4,1,0,0,15,0,0,0,3,0,1,0,0,1,0,0,1,0,1,0,1,0,24,0,0,0,0,0,1,0,3,1,3,1,2,8,0,0,5,0,0,1,12,3,4,3,0,0,3,0,2,7,1,2,0,0,1,4,1,0,0,2,0,0,4,0,0,0,3,2,1,0,1,1,1,0,0,1,0,1,3,0,7,1,0,12,0,3,2,2,0,1,3,2,1,0,4,1,0,1,5,0,0,2,1,0,0,0,2,1,0,1,1,1,4,1,0,0,1,1,8,0,0,0,1,0,2,1,0,0,0,0,0,1,0,2,0,2,0,4,1,0,0,2,0,0,0,6,1,1,0,1,2,1,1,0,0,2,3,3,3,0,1,1,0,0,0,0,8,0,0,0,2,0,0,3,0,0,0,2,3,2,1,0,0,1,0,0,1,0,4,1,1,2,3,0,0,0,0,3,0,0,1,0,0,1,0,0,0,2,2,0,0,0,1,2,0,3,0,0,0,2,0,0,4,1,0,0,1,2,0,0,2,0,2,0,2,2,0,0,0,2,1,5,1,2,6,4,4,0,1,0,0,0,0,0,0,2,2,0,2,1,0,1,1,0,2,0,1,0,1,2,2,0,0,0,0,0,1,2,0,0,0,1,1,2,0,3,0,2,1,0,1,3,1,2,0,0,2,0,1,1,0,1,0,2,0,0,0,1,0,2,1,3,0,1,1,0,0,1,5,1,1,0,0,0,0,0,0,0,1,0,0,0,0,0,1,1,0,0,1,0,0,0,1,0,0,1,0,1,0,0,0,0,0,0,0,0,1,0,0,2,0,0,0,1,0,2,0,0,1,1,0,0,0,0,0,1,0,3,0,0,1,1,0,0,0,0,0,1,0,0,0,0,0,0,0,0,0,0,1,0,0,0,0,1,1,2,2,0,0,1,0,2,0,0,0,0,0,0,0,0,1,0,1,1,2,1,1,0,0,0,0,0,1,1,1,0,0,0,1,2,0,3,1,2,1,1,1,3,1,2,2,1,2,1,1,2,1,1,2,1,1,3,9,1,1,2,1,1,1,1,1,1,1,1,1,2,2,1,1,1,1,1,1,1,1,1,1,1,2,1,1,2,1,1,1,2,1,1,1,1,1,1,1,1,1,1,1,1,1,2,1,3,1,1,1,2,1,1,2,1,3,1,1,3,1,1,2,1,1,1,1,1,1,1,1,1,2,0,0,0,0,0,0,0,0,0,0,0,0,0,0,0,0,0,0,0,0,0,0,0,0,0,0,0,0,0,0,0,0,0,0,0,0,0,0,0,0,0,0,0,0,0,0,0,0,0,0,0,0,0,0,0,0,0,0,0,0,0,0,0,0,0,0,0,0,0,0,0,0,0,0,0,0,0,0,0,0,0,0,0,0,0,0,0,0,0,0,0,0,0,0,0,0,0,0,0,0,0,0,0,0,0,0,0,0,0,0,0,0,0,0,0,0,0,0,0,0,0,0,0,0,0,0,0,0,0,0,0,0,0,0,0,0,0,0,0,0,0,0,0,0,0,0,0,0,0,0,0,0,0,0,0,0,0,0,0,0,0,0,0,0,0,0,0,0,0,0,0,0,0,0,0,0,0,0,0,0,0,0,0,0,0,0,0,0,0,0,0,0,0,0,0,0,0,0,0,0,0,0,0,0,0,0,0,0,0,0,0,0,0,0,0,0,0,0,0,0,0,0,0,0,0,0,0,0,0,0,0,0,0,0,0,0,0,0,0,0,0,0,0,0,0,0,0,0,0,0,0,0,0,0,0,0,0,0,0,0,0,0,0,0,0,0,0,0,0,0,0,0,0,0,0,0,0,0,0,0,0,0,0,0,0,0,0,0,0,0,0,0,0,0,0,0,0,0,0,0,0,0,0,0,0,0,0,0,0,0,0,0,0,0,0,0,0,0,0,0,0,0,0,0,0,0,0,0,0,0,0,0,0,0,0,0,0,0,0,0,0,0,0,0,0,0,0,0,0,0,0,0,0,0,0,0,0,0,0,0,0,0,0,0,0,0,0,0,dubia
dubia_ot_red_na_pismo_parvusa_I.txt,0,0,0,0,0,0,0,0,0,4,0,0,0,0,0,0,0,0,0,0,0,0,0,0,0,0,0,0,0,0,0,0,1,0,2,0,4,1,1,0,0,0,5,0,0,3,0,0,0,0,0,0,0,0,1,1,2,0,0,0,0,0,0,4,0,0,0,0,0,0,0,2,0,0,2,0,0,5,0,0,0,4,0,0,0,0,0,0,0,0,0,0,0,0,0,0,0,2,0,0,0,0,0,0,0,1,0,0,0,0,0,0,0,0,0,0,0,0,0,0,0,0,0,1,0,0,0,0,0,0,0,0,0,0,0,6,0,1,0,0,0,0,0,0,0,0,0,0,0,1,2,0,0,0,0,0,0,0,0,0,0,0,0,0,0,0,0,0,0,0,0,1,0,0,0,0,0,0,0,0,0,0,0,0,0,0,0,0,0,1,0,0,0,0,0,0,0,0,0,0,0,0,0,0,0,0,0,0,1,1,0,0,0,1,0,0,0,0,0,0,0,0,0,1,0,0,0,0,0,0,0,0,0,0,0,0,0,1,0,0,0,1,1,1,0,0,0,0,0,0,0,0,0,0,0,0,0,0,0,0,0,2,0,0,0,0,0,0,0,0,0,0,0,0,0,0,0,0,0,1,0,1,0,0,0,0,0,0,0,0,0,0,0,0,0,0,1,0,0,0,0,1,0,0,0,0,0,0,0,0,1,0,0,0,0,0,0,0,0,0,0,0,0,0,0,0,0,0,0,0,0,0,0,0,0,0,0,0,0,0,0,0,0,0,0,0,0,0,0,0,0,0,2,0,0,0,0,0,0,1,0,0,0,0,0,0,0,0,0,0,0,0,0,0,0,1,0,0,1,0,0,0,0,1,0,0,0,0,0,0,0,0,0,0,0,0,0,0,1,0,0,0,0,0,2,1,0,0,0,0,0,0,0,2,0,0,0,0,0,0,0,0,3,0,0,0,0,0,0,0,0,0,0,0,0,0,0,1,0,0,0,0,0,0,0,0,0,0,0,0,0,0,0,0,0,0,0,0,1,0,0,0,0,1,1,0,0,0,0,0,0,1,1,0,2,0,0,0,0,0,0,0,0,0,0,0,0,0,0,0,0,0,0,0,0,0,0,0,0,0,0,0,0,0,0,0,0,0,0,0,0,0,0,0,0,1,0,0,0,1,0,0,0,0,0,1,0,0,0,0,0,0,1,0,0,0,0,2,0,0,0,0,0,0,0,0,0,0,0,0,0,0,0,0,0,0,0,0,0,0,0,0,0,0,0,2,1,0,0,0,2,0,0,0,0,0,0,0,0,0,0,0,0,0,0,0,0,0,0,0,0,0,0,1,0,0,0,0,1,0,0,2,0,0,0,0,1,0,0,0,0,0,0,0,0,0,0,0,0,0,0,2,0,0,0,0,0,0,0,0,0,1,1,1,1,1,1,1,1,1,1,2,1,1,1,1,1,3,2,7,1,0,0,0,0,0,0,0,0,0,0,0,0,0,0,0,0,0,0,0,0,0,0,0,0,0,0,0,0,0,0,0,0,0,0,0,0,0,0,0,0,0,0,0,0,0,0,0,0,0,0,0,0,0,0,0,0,0,0,0,0,0,0,0,0,0,0,0,0,0,0,0,0,0,0,0,0,0,0,0,0,0,0,0,0,0,0,0,0,0,0,0,0,0,0,0,0,0,0,0,0,0,0,0,0,0,0,0,0,0,0,0,0,0,0,0,0,0,0,0,0,0,0,0,0,0,0,0,0,0,0,0,0,0,0,0,0,0,0,0,0,0,0,0,0,0,0,0,0,0,0,0,0,0,0,0,0,0,0,0,0,0,0,0,0,0,0,0,0,0,0,0,0,0,0,0,0,0,0,0,0,0,0,0,0,0,0,0,0,0,0,0,0,0,0,0,0,0,0,0,0,0,0,0,0,0,0,0,0,0,0,0,0,0,0,0,0,0,0,0,0,0,0,0,0,0,0,0,0,0,0,0,0,0,0,0,0,0,0,0,0,0,0,0,0,0,0,0,0,0,0,0,0,0,0,0,0,0,0,0,0,0,0,0,0,0,0,0,0,0,0,0,0,0,0,0,0,0,0,0,0,0,0,0,0,0,0,0,0,0,0,0,0,0,0,0,0,0,0,0,0,0,0,0,0,0,0,0,0,0,0,0,0,0,0,0,0,0,0,0,0,0,0,0,0,0,0,0,0,0,0,0,0,0,0,0,0,0,0,0,0,0,0,0,0,0,0,0,0,0,dubia
dubia_poslednee_slovo_bund_I.txt,2,0,2,0,1,1,0,0,4,21,0,0,0,0,0,0,0,4,0,2,4,0,0,0,0,4,1,1,0,1,2,3,0,0,2,1,2,0,3,2,0,0,31,4,0,9,2,3,5,0,0,0,0,0,2,2,11,0,0,0,0,0,0,22,0,0,0,1,0,0,0,3,0,0,3,1,0,6,0,15,0,6,0,1,1,0,1,0,0,0,1,0,0,1,2,0,0,10,0,0,1,2,0,0,0,0,1,0,0,2,1,0,0,0,0,3,0,0,0,0,0,0,0,0,1,1,1,6,6,0,1,2,0,0,0,11,3,6,1,0,0,1,0,0,9,1,3,0,0,0,0,0,0,0,0,1,0,0,0,1,0,0,0,0,1,0,0,0,0,0,0,0,0,0,0,1,0,0,0,0,0,0,2,0,0,0,1,1,0,1,1,1,1,0,0,2,3,4,0,0,0,0,0,1,0,0,0,2,0,1,0,0,0,9,0,0,0,2,0,0,0,0,0,0,2,1,2,0,2,0,0,0,1,1,0,2,0,3,0,1,1,0,1,0,0,2,0,1,0,0,0,0,0,1,0,0,0,4,0,1,1,10,0,0,0,0,2,0,0,1,0,4,0,0,0,1,0,2,1,0,0,0,0,2,0,0,0,0,0,0,0,0,0,0,0,0,0,0,1,0,0,1,0,0,0,0,0,0,4,2,0,0,0,1,0,0,0,0,1,0,1,0,1,2,0,0,0,0,0,0,0,0,0,1,0,0,1,0,0,3,0,0,0,0,0,1,0,0,0,0,2,0,1,1,0,2,0,0,0,2,0,1,0,0,0,0,0,0,0,0,0,0,3,0,0,5,0,0,0,0,0,0,0,2,1,1,2,0,1,1,0,0,1,0,1,0,0,0,0,0,0,0,1,0,0,2,1,0,1,2,1,0,0,0,0,0,0,0,0,0,0,0,0,0,1,0,1,0,0,0,1,0,0,0,0,0,0,0,0,0,2,0,1,0,0,0,0,0,0,0,1,0,0,0,0,0,0,0,0,0,0,0,0,2,0,0,0,0,0,0,1,0,0,0,0,0,0,0,0,0,0,0,0,0,0,0,1,0,0,1,0,2,0,0,0,0,0,0,0,1,0,0,0,0,1,0,0,0,1,0,0,0,1,0,0,0,3,1,0,2,1,1,0,0,0,0,1,0,0,1,0,1,0,0,1,1,3,0,1,0,0,0,1,1,0,0,1,0,1,0,0,1,0,0,0,0,0,0,0,1,0,0,1,0,0,0,1,0,0,0,1,1,0,2,0,0,0,0,0,0,0,0,0,0,3,0,0,0,0,1,0,2,0,0,2,0,0,0,0,0,0,0,0,0,0,0,0,1,0,0,0,0,0,0,0,2,0,0,0,0,0,0,0,0,0,0,0,0,0,1,0,0,0,0,1,0,0,0,0,0,0,0,0,0,2,1,0,3,1,0,1,2,8,20,1,1,2,1,2,1,1,2,1,1,1,1,1,1,1,1,1,1,1,1,2,1,3,2,3,2,1,1,1,1,1,1,2,1,1,1,2,2,6,3,4,1,1,1,0,0,0,0,0,0,0,0,0,0,0,0,0,0,0,0,0,0,0,0,0,0,0,0,0,0,0,0,0,0,0,0,0,0,0,0,0,0,0,0,0,0,0,0,0,0,0,0,0,0,0,0,0,0,0,0,0,0,0,0,0,0,0,0,0,0,0,0,0,0,0,0,0,0,0,0,0,0,0,0,0,0,0,0,0,0,0,0,0,0,0,0,0,0,0,0,0,0,0,0,0,0,0,0,0,0,0,0,0,0,0,0,0,0,0,0,0,0,0,0,0,0,0,0,0,0,0,0,0,0,0,0,0,0,0,0,0,0,0,0,0,0,0,0,0,0,0,0,0,0,0,0,0,0,0,0,0,0,0,0,0,0,0,0,0,0,0,0,0,0,0,0,0,0,0,0,0,0,0,0,0,0,0,0,0,0,0,0,0,0,0,0,0,0,0,0,0,0,0,0,0,0,0,0,0,0,0,0,0,0,0,0,0,0,0,0,0,0,0,0,0,0,0,0,0,0,0,0,0,0,0,0,0,0,0,0,0,0,0,0,0,0,0,0,0,0,0,0,0,0,0,0,0,0,0,0,0,0,0,0,0,0,0,0,0,0,0,0,0,0,0,0,0,0,0,0,0,0,0,0,0,0,0,0,0,0,0,0,0,0,0,0,0,0,0,0,0,0,0,0,0,0,dubia
dubia_priznaki_bankrotstva_I.txt,6,0,1,0,0,1,0,0,3,52,0,0,1,0,0,0,5,4,0,2,4,3,0,1,0,1,2,0,1,0,7,2,0,0,0,1,11,2,2,9,4,0,51,7,6,9,3,0,0,0,0,0,1,0,3,7,17,0,0,1,1,0,0,32,1,1,1,3,0,0,1,6,0,2,2,9,0,6,2,0,4,3,2,7,0,0,0,6,3,2,4,0,0,0,0,0,0,21,2,3,3,0,0,0,0,0,3,0,0,0,0,1,0,1,0,1,0,0,0,2,0,1,0,3,0,3,3,8,2,1,4,4,0,0,0,23,4,7,0,0,0,0,0,4,5,1,5,0,1,0,1,0,1,0,2,1,0,0,0,5,0,3,1,1,1,0,0,2,0,0,4,0,0,0,0,2,0,0,1,0,0,0,0,0,0,0,0,1,2,1,0,0,1,2,0,0,1,1,1,3,0,0,1,0,0,0,0,6,3,0,0,0,1,9,1,0,0,0,0,0,0,0,0,0,2,2,2,4,1,0,0,0,3,1,1,1,0,0,0,2,0,1,1,0,1,1,1,2,0,0,2,1,0,1,0,1,1,2,2,2,1,6,4,4,0,1,0,0,0,3,0,1,2,0,0,0,1,0,0,0,0,1,0,0,1,0,0,3,0,0,0,1,1,1,0,0,1,0,1,0,0,3,1,0,1,0,0,0,1,0,1,0,0,0,0,0,0,0,0,0,2,0,0,1,0,0,0,1,0,2,0,0,0,1,0,0,1,0,0,0,1,0,2,0,0,0,0,0,1,1,0,0,0,0,1,0,1,1,2,1,1,0,0,6,0,0,0,0,0,1,0,1,1,0,0,0,2,1,0,0,0,0,0,4,0,0,5,0,1,0,0,0,0,0,0,0,0,0,3,1,0,1,2,3,3,1,1,1,0,0,0,0,0,5,0,0,1,0,0,0,0,0,0,2,0,1,0,0,0,1,3,0,1,1,0,2,1,1,0,0,1,0,0,0,0,0,0,0,0,1,1,0,1,0,4,0,0,1,1,0,0,0,0,1,0,2,1,2,1,2,0,0,0,0,1,1,1,0,0,1,0,0,0,0,0,0,0,0,2,0,0,0,0,0,0,1,1,0,0,1,1,0,2,0,0,0,6,0,0,0,1,0,0,0,1,1,2,0,0,4,0,2,1,0,0,0,1,0,0,0,0,0,0,0,1,1,8,2,1,0,0,2,0,1,0,1,0,0,0,0,0,1,0,0,2,0,0,0,1,0,0,0,1,0,0,0,0,0,0,0,2,2,0,2,1,0,1,0,0,0,0,0,0,0,1,0,1,0,1,0,1,0,0,0,0,0,0,0,1,0,1,0,0,0,0,1,0,1,1,1,0,1,1,0,0,0,0,1,0,0,0,0,0,0,1,2,2,0,0,1,0,2,0,0,0,0,1,0,1,3,0,0,0,0,0,1,0,0,0,0,4,0,0,0,0,1,0,2,2,2,0,0,1,0,0,0,0,1,0,0,0,0,0,0,1,0,0,0,0,0,0,0,1,0,0,0,0,0,0,0,0,0,0,0,1,1,0,3,2,1,1,1,1,1,2,1,1,1,1,1,1,1,1,1,2,1,2,2,1,2,1,1,1,3,1,1,1,1,1,3,2,1,2,2,4,2,2,2,2,3,1,1,1,1,4,1,2,2,1,1,1,1,1,2,2,1,1,1,1,0,0,0,0,0,0,0,0,0,0,0,0,0,0,0,0,0,0,0,0,0,0,0,0,0,0,0,0,0,0,0,0,0,0,0,0,0,0,0,0,0,0,0,0,0,0,0,0,0,0,0,0,0,0,0,0,0,0,0,0,0,0,0,0,0,0,0,0,0,0,0,0,0,0,0,0,0,0,0,0,0,0,0,0,0,0,0,0,0,0,0,0,0,0,0,0,0,0,0,0,0,0,0,0,0,0,0,0,0,0,0,0,0,0,0,0,0,0,0,0,0,0,0,0,0,0,0,0,0,0,0,0,0,0,0,0,0,0,0,0,0,0,0,0,0,0,0,0,0,0,0,0,0,0,0,0,0,0,0,0,0,0,0,0,0,0,0,0,0,0,0,0,0,0,0,0,0,0,0,0,0,0,0,0,0,0,0,0,0,0,0,0,0,0,0,0,0,0,0,0,0,0,0,0,0,0,0,0,0,0,0,0,0,0,0,0,0,0,0,0,0,0,0,0,0,0,0,0,0,0,0,0,0,0,0,0,0,0,0,0,0,dubia
dubia_slovo_mosc_vedomostyam_I.txt,14,0,1,4,2,0,1,1,13,51,0,0,0,1,0,0,3,10,1,1,2,0,0,1,0,5,0,0,0,0,18,5,1,3,0,0,18,0,12,6,9,0,65,10,11,8,9,0,1,0,1,1,0,0,5,0,17,0,2,2,1,0,0,48,2,1,0,4,0,1,0,16,0,1,5,3,0,13,0,2,1,7,0,1,1,0,2,17,10,0,4,0,0,0,0,0,0,27,5,7,0,1,0,3,0,0,2,0,0,3,1,0,0,0,0,1,0,0,0,0,1,1,0,5,2,6,3,3,2,1,2,4,0,0,0,26,2,7,2,1,1,4,0,3,24,0,7,0,0,0,5,0,1,1,0,0,0,0,0,0,2,4,1,1,0,0,0,1,1,0,1,0,0,0,1,0,0,0,0,0,1,0,0,1,0,0,3,2,5,1,0,0,1,3,0,0,1,3,0,1,0,1,0,1,1,1,0,9,3,0,3,3,0,12,0,0,0,0,0,0,0,0,0,1,1,0,3,0,4,0,0,0,1,0,2,0,1,0,0,2,2,0,5,0,0,0,4,2,0,0,1,0,1,0,1,2,2,13,0,1,1,14,1,1,1,2,0,0,2,4,0,0,0,0,3,0,2,0,0,0,1,2,0,0,0,0,0,2,0,0,0,0,1,0,0,0,0,1,0,0,0,0,1,0,1,0,0,0,0,0,4,0,1,1,0,0,0,0,0,0,0,0,0,1,0,0,0,1,0,1,0,1,0,0,0,0,7,0,0,0,2,0,0,1,0,0,0,2,0,1,2,1,4,0,0,0,3,1,0,0,0,0,0,0,0,0,0,0,0,1,0,0,3,0,0,0,0,0,2,0,0,1,1,18,0,1,2,0,4,1,1,0,0,0,0,0,0,0,6,2,0,0,1,4,0,0,1,1,0,0,0,0,0,8,1,0,0,0,0,1,0,0,0,0,0,0,3,0,3,0,1,0,0,0,0,1,1,1,3,0,4,0,1,1,1,2,1,0,0,0,0,0,4,0,1,7,1,1,1,1,0,1,0,1,1,2,0,1,0,1,2,0,0,0,0,1,1,0,0,0,0,1,0,0,0,0,0,0,0,0,0,1,0,0,0,0,0,2,3,1,1,1,1,2,0,0,0,0,0,0,0,2,0,0,0,1,3,1,2,2,0,3,0,0,0,0,0,0,0,0,0,0,0,0,1,0,8,2,0,0,0,1,0,4,0,1,0,4,3,2,0,0,0,0,1,0,0,0,0,0,0,0,0,2,0,0,0,0,0,0,0,2,0,1,2,0,0,0,3,0,0,1,1,0,0,0,2,0,2,0,0,0,0,0,1,0,4,0,3,0,2,0,0,0,0,0,0,0,0,0,1,2,0,0,0,1,0,0,0,0,0,1,1,0,1,0,0,0,0,0,1,1,0,0,1,0,0,0,2,0,0,0,0,0,0,0,0,0,0,0,0,0,0,0,0,3,0,0,1,0,0,0,0,0,0,0,0,1,0,1,0,0,1,0,0,0,1,2,0,0,0,0,0,1,0,1,0,1,0,0,0,0,0,1,0,0,0,1,1,4,0,0,1,1,0,0,0,1,0,1,1,0,0,0,0,1,5,0,0,1,5,0,1,0,1,0,0,0,2,0,0,1,0,0,0,1,2,2,0,0,0,0,1,2,2,0,0,0,0,0,2,0,3,0,0,0,0,0,0,2,4,3,1,6,1,1,1,2,2,1,1,1,1,1,1,1,1,3,1,6,1,1,1,1,1,1,1,1,1,1,1,2,1,2,2,1,3,1,1,1,2,1,0,0,0,0,0,0,0,0,0,0,0,0,0,0,0,0,0,0,0,0,0,0,0,0,0,0,0,0,0,0,0,0,0,0,0,0,0,0,0,0,0,0,0,0,0,0,0,0,0,0,0,0,0,0,0,0,0,0,0,0,0,0,0,0,0,0,0,0,0,0,0,0,0,0,0,0,0,0,0,0,0,0,0,0,0,0,0,0,0,0,0,0,0,0,0,0,0,0,0,0,0,0,0,0,0,0,0,0,0,0,0,0,0,0,0,0,0,0,0,0,0,0,0,0,0,0,0,0,0,0,0,0,0,0,0,0,0,0,0,0,0,0,0,0,0,0,0,0,0,0,0,0,0,0,0,0,0,0,0,0,0,0,0,0,0,0,0,0,0,0,0,0,0,0,0,0,0,0,0,0,0,0,0,0,0,0,0,0,0,0,0,0,0,0,0,0,0,0,dubia
dubia_zakon_o_voznagr_I.txt,13,0,3,2,1,0,0,7,1,45,0,1,0,0,0,0,0,13,0,2,8,1,1,0,1,6,0,2,0,0,10,7,0,0,0,1,11,0,5,4,22,0,104,11,9,7,2,0,11,2,0,2,0,0,4,4,18,1,0,0,0,0,0,37,1,1,0,1,0,0,0,10,1,1,4,0,0,17,0,0,0,10,0,1,0,1,2,2,5,0,9,1,1,2,24,0,0,17,0,2,0,0,0,1,0,1,0,1,0,4,1,4,0,2,0,1,0,0,0,0,0,0,0,3,1,5,1,4,16,0,3,5,0,0,0,17,5,19,2,0,1,6,0,1,6,1,6,1,0,0,3,1,0,3,0,0,0,0,0,1,4,3,1,1,0,0,1,0,1,0,0,0,0,1,1,2,0,0,0,0,0,0,0,0,1,0,0,1,1,1,0,0,2,1,0,0,2,8,0,2,0,0,0,2,1,1,0,9,3,2,1,0,0,10,0,2,0,1,0,3,2,1,0,4,0,0,6,6,3,0,0,1,3,0,0,0,0,0,1,2,0,0,3,3,2,1,1,2,0,1,0,2,2,1,0,0,0,3,3,1,3,16,3,0,0,1,1,0,0,0,1,0,0,0,0,4,2,1,0,0,1,1,0,0,1,0,0,5,1,0,1,0,1,0,4,1,0,1,0,0,0,4,2,0,0,0,7,3,1,1,1,0,1,1,0,0,0,10,2,0,7,7,5,1,0,0,0,0,0,0,0,0,0,0,0,0,2,0,1,1,0,0,0,0,0,0,0,0,0,0,0,0,1,0,1,3,4,0,0,0,0,0,0,0,1,0,0,0,0,0,0,0,3,0,0,0,0,0,1,2,0,1,1,4,0,3,2,3,2,0,1,2,4,2,1,0,0,1,9,0,0,0,5,0,3,0,2,0,0,1,1,0,0,4,0,0,0,0,0,0,0,0,0,1,2,1,0,1,0,0,0,1,0,0,5,3,0,2,0,0,2,0,3,0,0,0,3,0,2,1,0,2,1,0,1,0,2,0,0,1,0,0,0,0,0,2,3,0,0,0,2,0,3,0,1,0,0,0,0,1,0,0,0,0,1,0,1,1,0,0,2,1,0,1,0,0,1,0,1,0,1,1,1,4,0,0,0,0,0,0,0,0,0,0,2,4,2,0,1,3,0,2,0,3,0,0,1,0,0,0,3,1,1,0,0,1,6,1,0,0,0,2,1,1,0,1,0,1,0,0,0,0,0,1,0,0,0,0,1,4,0,0,0,0,1,0,0,1,0,0,1,0,0,2,0,0,0,0,0,0,0,2,4,1,1,0,2,0,1,1,0,0,0,1,1,0,0,0,1,0,0,0,1,0,0,0,0,0,0,0,0,0,0,1,0,3,0,0,0,0,0,1,1,0,0,2,0,1,0,1,0,0,0,0,0,1,0,0,2,0,0,0,0,0,0,0,0,0,0,0,1,0,0,0,0,1,0,2,1,1,1,1,1,0,1,0,0,1,1,1,2,0,0,2,0,0,1,1,2,1,1,3,0,0,1,0,0,0,0,0,1,1,0,1,1,0,0,0,0,1,0,0,0,3,0,0,2,1,0,1,0,1,0,0,0,0,0,0,0,0,0,0,1,0,1,1,0,0,5,1,0,1,0,0,0,0,0,0,0,0,1,0,2,0,1,0,1,1,0,3,0,0,1,1,0,0,0,0,0,0,0,1,1,1,0,0,0,2,0,2,0,0,0,0,0,0,0,0,0,0,0,0,0,0,0,0,2,0,2,0,0,0,1,0,1,0,0,0,0,0,0,0,1,2,1,1,2,1,1,2,1,17,1,1,1,1,2,1,1,2,2,1,1,1,1,2,1,1,1,4,1,1,1,0,0,0,0,0,0,0,0,0,0,0,0,0,0,0,0,0,0,0,0,0,0,0,0,0,0,0,0,0,0,0,0,0,0,0,0,0,0,0,0,0,0,0,0,0,0,0,0,0,0,0,0,0,0,0,0,0,0,0,0,0,0,0,0,0,0,0,0,0,0,0,0,0,0,0,0,0,0,0,0,0,0,0,0,0,0,0,0,0,0,0,0,0,0,0,0,0,0,0,0,0,0,0,0,0,0,0,0,0,0,0,0,0,0,0,0,0,0,0,0,0,0,0,0,0,0,0,0,0,0,0,0,0,0,0,0,0,0,0,0,0,0,0,0,0,0,0,0,0,0,0,0,0,0,0,0,0,0,0,0,0,0,0,0,0,0,0,dubia
krupskaya_k_voposu_o_shkole.txt,6,0,1,4,0,0,0,7,2,58,0,0,2,0,0,0,3,8,0,1,0,0,0,0,0,0,0,0,1,0,4,1,2,0,4,2,10,3,10,6,2,0,66,5,15,12,2,0,2,0,0,1,0,0,6,0,19,5,0,0,0,0,1,27,3,2,0,1,0,0,2,11,2,2,20,1,0,5,0,0,1,10,0,0,0,2,1,0,0,0,4,0,0,0,0,0,0,19,0,0,1,2,3,0,0,1,0,4,0,2,0,0,0,0,0,0,0,0,0,0,0,0,0,3,1,4,0,6,5,0,4,2,0,0,0,16,9,17,7,0,0,0,0,0,6,0,8,0,1,2,2,0,1,0,1,1,1,1,0,0,1,1,0,1,2,0,0,0,1,4,0,6,0,0,0,0,0,0,0,3,0,0,0,0,0,0,1,1,1,3,2,0,0,3,0,0,1,4,3,5,0,0,0,0,3,0,0,6,6,1,0,1,0,19,0,0,3,1,0,0,0,1,0,6,4,2,4,1,6,0,0,0,5,0,0,0,1,4,0,2,1,2,2,0,0,0,0,0,0,0,0,0,0,0,0,2,1,1,6,1,2,12,1,1,0,0,2,1,7,7,0,4,0,0,0,0,0,0,0,6,0,8,0,0,0,0,0,1,0,0,0,0,0,0,0,0,0,1,0,0,0,1,0,0,0,0,0,0,0,0,0,0,0,0,0,0,3,0,0,0,0,0,0,2,0,0,0,0,0,0,0,0,0,0,0,1,0,0,0,0,0,0,0,1,4,2,0,0,0,0,1,2,2,0,0,4,3,0,2,1,0,0,0,0,1,0,0,0,0,1,1,0,0,0,0,0,1,0,2,1,0,0,1,11,2,0,2,2,2,0,0,0,4,0,0,0,0,2,5,0,0,0,1,2,5,3,0,4,0,0,0,0,0,7,0,0,2,0,0,0,0,0,1,2,0,0,6,0,0,0,0,0,0,0,4,7,0,0,0,0,0,0,1,1,1,0,0,1,0,0,1,2,0,0,1,0,0,1,1,0,0,0,1,0,0,1,6,0,2,0,3,1,0,0,0,0,0,0,0,0,0,0,1,4,1,0,1,0,0,0,0,0,0,0,0,0,2,1,1,2,4,0,0,0,0,0,0,0,1,0,0,0,0,0,1,0,0,2,0,1,0,0,0,0,1,0,0,1,0,0,0,1,1,0,4,0,3,2,1,0,3,1,0,1,0,0,2,2,0,0,0,0,0,0,0,0,0,0,1,1,2,1,1,0,1,0,0,4,0,0,3,1,1,2,1,0,1,0,1,0,0,1,0,0,0,0,2,0,0,1,2,1,0,0,0,0,1,0,0,0,0,1,0,0,1,0,0,0,0,0,0,0,0,0,0,0,1,0,2,0,0,0,1,1,0,0,2,1,0,0,0,1,2,4,1,1,2,0,1,0,0,0,0,0,0,0,1,0,0,0,3,0,0,0,0,0,0,0,0,3,0,8,0,0,0,0,0,1,0,0,3,0,0,0,2,0,0,0,0,0,3,0,2,0,0,0,0,0,0,1,0,0,0,0,0,3,0,1,1,0,0,0,0,0,0,0,0,3,7,0,1,2,1,0,1,0,0,0,0,0,0,0,1,0,0,0,1,2,0,0,2,1,1,0,0,0,0,0,0,0,1,0,0,0,0,0,0,4,0,4,0,1,1,0,0,0,0,0,0,0,0,0,0,0,2,0,2,0,0,0,0,1,0,0,0,0,0,0,0,1,0,0,0,1,0,0,0,0,0,0,0,4,0,0,0,0,0,0,3,0,0,1,2,0,0,0,0,0,0,0,0,0,0,0,0,0,1,0,0,0,0,0,4,0,0,0,0,0,0,1,0,0,1,1,1,1,1,1,1,8,15,2,1,1,1,1,1,1,1,1,1,1,1,1,1,1,2,1,1,1,2,6,0,0,0,0,0,0,0,0,0,0,0,0,0,0,0,0,0,0,0,0,0,0,0,0,0,0,0,0,0,0,0,0,0,0,0,0,0,0,0,0,0,0,0,0,0,0,0,0,0,0,0,0,0,0,0,0,0,0,0,0,0,0,0,0,0,0,0,0,0,0,0,0,0,0,0,0,0,0,0,0,0,0,0,0,0,0,0,0,0,0,0,0,0,0,0,0,0,0,0,0,0,0,0,0,0,0,0,0,0,0,0,0,0,0,0,0,0,0,0,0,0,0,0,0,0,0,0,0,0,0,0,0,0,0,0,0,0,0,krupskaya
krupskaya_o_staroy_iskre.txt,3,0,5,2,2,1,10,1,2,40,0,2,0,0,0,0,1,8,0,0,3,0,0,0,0,1,0,0,0,2,3,2,0,0,0,0,1,1,4,1,14,0,26,7,4,9,1,0,1,1,0,1,0,0,1,0,15,4,0,1,0,0,0,19,0,1,0,0,0,0,2,6,0,0,6,0,2,2,0,6,0,9,0,3,0,0,0,0,0,0,1,0,0,2,10,0,0,29,0,1,0,0,0,2,0,0,1,0,0,2,0,0,0,0,0,5,0,0,1,0,0,3,0,0,1,1,1,0,3,0,1,0,0,0,0,10,1,2,2,0,0,0,1,9,14,0,1,0,0,0,1,1,1,0,0,0,0,0,0,0,0,4,0,1,0,0,0,1,0,0,0,0,0,1,0,1,0,0,3,0,3,0,0,0,0,0,0,1,0,1,0,0,1,8,0,0,2,2,1,0,2,1,1,0,1,0,0,0,1,0,0,0,1,10,1,0,0,0,0,3,7,0,0,1,0,2,0,2,0,0,0,0,1,0,0,1,1,0,0,0,0,0,0,0,0,0,0,0,1,0,0,0,1,1,0,0,0,0,0,0,0,5,1,0,0,0,0,0,7,6,0,1,1,0,4,0,0,1,1,1,0,0,0,0,0,0,3,0,1,0,0,0,0,1,0,0,0,0,0,0,0,0,1,0,0,0,1,0,0,0,1,0,0,0,2,2,1,9,1,1,0,4,0,0,0,0,0,0,0,1,0,0,0,0,0,0,7,0,0,3,2,1,1,0,0,0,1,0,0,0,3,1,1,4,0,1,2,1,0,0,0,0,0,0,0,0,0,0,0,1,0,0,1,0,1,2,1,0,1,0,1,1,1,1,0,1,6,0,0,0,0,3,1,0,1,2,1,1,1,0,2,0,0,0,0,0,0,2,0,0,0,0,1,2,0,0,2,0,0,0,0,0,0,0,0,0,0,0,0,1,0,0,0,0,1,1,0,0,0,0,2,1,2,0,0,0,0,0,0,0,0,0,1,0,1,1,0,3,0,0,1,1,1,0,0,0,1,0,0,0,0,0,0,0,0,0,0,0,0,0,0,0,0,0,0,0,0,0,0,0,0,0,0,1,0,0,0,0,1,0,1,1,1,0,0,0,0,0,0,0,0,0,0,0,0,0,0,1,0,0,1,1,0,0,0,0,0,0,0,0,0,0,2,0,1,0,3,0,0,0,1,0,0,6,0,1,3,0,1,0,0,6,1,0,0,0,0,1,0,0,0,0,0,0,0,14,16,1,0,0,5,0,0,0,0,0,0,0,0,0,0,0,3,0,0,1,1,0,0,1,0,1,0,3,1,0,1,1,1,0,3,0,1,2,0,0,2,0,1,0,0,1,0,4,0,0,0,0,0,0,1,0,0,0,0,0,0,0,1,0,0,1,0,0,0,0,0,0,0,0,0,0,0,0,0,0,0,1,0,0,1,0,0,0,0,0,0,1,0,0,2,2,0,0,0,1,0,0,0,0,0,1,0,0,0,0,0,0,0,0,0,2,0,0,0,0,0,0,1,0,0,0,0,0,0,0,0,0,0,1,0,1,0,0,0,0,0,0,0,0,0,0,0,0,0,0,2,4,1,1,0,0,0,0,0,0,0,0,1,0,0,0,0,0,0,1,0,0,0,0,0,0,0,2,0,0,0,2,0,0,0,0,0,0,1,0,0,1,0,1,0,0,3,0,1,0,0,0,0,0,0,0,0,0,0,0,0,1,0,0,0,0,1,0,0,1,0,0,0,1,1,0,0,0,1,1,0,0,0,0,0,0,0,0,0,0,0,0,0,1,0,0,0,0,0,0,0,0,0,0,0,0,2,0,0,0,0,0,1,0,0,0,0,0,0,1,3,1,0,0,0,0,0,1,0,1,0,1,0,0,1,0,0,0,0,0,0,1,0,0,0,0,1,1,4,1,1,2,1,1,2,1,1,1,1,2,3,1,1,1,1,1,0,0,0,0,0,0,0,0,0,0,0,0,0,0,0,0,0,0,0,0,0,0,0,0,0,0,0,0,0,0,0,0,0,0,0,0,0,0,0,0,0,0,0,0,0,0,0,0,0,0,0,0,0,0,0,0,0,0,0,0,0,0,0,0,0,0,0,0,0,0,0,0,0,0,0,0,0,0,0,0,0,0,0,0,0,0,0,0,0,0,0,0,0,0,0,0,0,0,0,0,0,0,0,0,0,0,0,0,0,0,0,0,0,0,0,0,0,0,krupskaya
krupskaya_samoubiystva_uchashihsya.txt,19,0,0,0,0,1,1,2,3,83,2,0,0,0,0,0,6,10,1,1,2,0,0,0,0,0,0,2,1,0,5,3,1,0,1,1,14,8,4,7,10,0,80,6,10,20,5,0,1,1,0,0,0,0,8,0,27,12,0,0,1,0,0,41,5,2,1,2,0,0,0,14,2,2,22,0,0,7,0,0,0,13,0,0,0,5,0,0,0,0,3,0,1,0,0,0,0,41,0,0,0,5,3,1,0,0,3,1,0,6,0,0,0,0,0,0,0,0,0,0,0,0,2,14,0,5,1,4,15,0,3,2,0,0,0,31,15,14,2,1,0,5,0,0,5,1,13,2,0,0,4,0,3,1,3,0,0,1,0,1,1,2,1,0,1,0,0,6,3,1,0,1,0,0,2,0,0,0,0,0,0,0,0,0,0,0,0,2,2,0,2,0,1,7,0,1,0,2,11,8,0,0,1,1,0,0,0,9,3,1,0,0,0,17,0,1,0,3,0,2,0,0,0,6,0,0,2,1,8,6,0,0,3,0,0,2,1,0,1,1,1,1,2,0,0,0,0,0,0,0,0,0,0,1,0,0,0,2,2,0,0,16,2,2,0,0,0,0,6,3,1,2,0,0,0,2,3,0,0,4,0,0,0,0,0,2,0,1,0,0,0,0,0,0,0,0,0,0,0,0,0,0,0,0,0,0,1,0,0,0,0,0,0,1,0,0,2,1,0,0,1,0,0,1,1,0,0,0,0,0,0,0,0,0,0,1,0,0,0,0,0,0,0,4,0,1,0,1,0,0,0,1,0,0,3,10,3,3,0,2,1,0,0,0,0,0,0,0,0,0,0,0,1,0,0,0,0,2,1,2,2,0,2,12,1,0,5,2,2,0,0,1,0,0,1,0,0,3,2,2,0,0,3,1,8,0,2,0,1,1,1,2,1,8,0,0,3,0,2,0,0,0,0,1,0,2,1,0,0,0,1,0,0,0,1,2,1,0,0,0,1,0,0,1,0,0,0,0,0,2,0,1,2,1,2,1,0,2,0,0,0,0,1,0,1,0,3,0,1,0,0,1,1,0,1,0,0,0,1,1,0,3,4,9,1,0,0,0,1,0,0,1,0,0,1,0,1,0,0,1,1,0,0,4,0,0,0,0,0,0,0,0,0,0,0,2,1,0,0,0,1,1,0,1,0,0,1,1,0,0,0,0,2,0,0,0,4,0,0,0,2,0,0,0,0,0,1,0,0,0,0,0,0,0,1,0,0,0,2,0,0,8,1,0,0,0,0,1,0,0,3,0,0,3,2,0,1,0,0,0,2,1,0,0,0,0,2,0,0,1,2,0,0,0,0,0,0,0,0,0,0,0,0,0,0,0,0,0,0,2,0,0,0,2,0,6,1,0,0,0,0,3,0,1,0,2,0,1,0,0,0,4,4,0,2,0,0,0,0,0,0,0,0,0,0,1,0,0,0,0,2,0,0,0,0,0,1,1,0,2,0,10,0,0,0,0,0,3,0,0,0,0,1,1,1,0,0,0,0,0,3,1,0,0,0,0,0,0,0,0,0,0,0,0,0,0,0,2,4,0,2,0,0,0,0,0,0,1,4,1,1,0,1,0,1,0,0,0,0,0,0,0,0,0,0,0,3,0,0,0,2,0,0,1,0,1,0,0,0,0,1,2,0,0,1,0,0,1,0,0,0,0,0,0,0,1,1,1,0,0,0,0,1,1,0,0,3,0,0,0,2,0,0,0,0,0,0,0,0,0,0,0,0,0,0,0,0,0,0,1,0,0,1,0,0,0,0,0,1,0,0,1,1,0,0,0,0,0,2,0,0,0,0,0,0,0,0,0,0,0,0,0,3,2,0,0,0,0,0,0,0,2,0,0,0,3,3,0,0,0,8,0,0,0,0,0,0,0,0,0,0,1,0,0,2,0,0,1,1,7,0,1,0,0,1,0,0,0,0,0,1,0,0,0,0,0,0,0,0,0,0,0,1,2,2,1,1,1,2,1,2,1,2,1,1,1,2,3,0,0,0,0,0,0,0,0,0,0,0,0,0,0,0,0,0,0,0,0,0,0,0,0,0,0,0,0,0,0,0,0,0,0,0,0,0,0,0,0,0,0,0,0,0,0,0,0,0,0,0,0,0,0,0,0,0,0,0,0,0,0,0,0,0,0,0,0,0,0,0,0,0,0,0,0,0,0,0,0,0,0,0,0,0,0,0,0,0,0,0,0,0,0,0,0,0,0,0,0,0,0,krupskaya
krupskaya_shkolnie_kolonii.txt,5,0,0,0,0,1,0,0,1,30,0,0,0,0,0,0,1,2,0,0,1,0,0,0,1,2,0,0,0,0,14,2,0,0,0,0,0,0,2,4,4,0,35,2,3,3,0,0,1,1,0,0,0,0,0,2,8,1,0,0,0,0,0,13,0,0,0,2,0,0,0,8,0,0,0,2,0,1,0,0,0,4,0,0,0,1,0,0,0,0,2,0,0,0,1,0,0,7,0,0,0,1,1,0,0,0,0,0,0,0,0,0,0,0,1,0,0,0,0,0,0,0,0,2,0,0,0,2,4,1,3,1,0,0,0,3,1,2,0,0,0,1,0,0,15,0,0,1,0,0,0,0,2,0,0,0,0,0,0,0,0,0,0,1,0,0,0,0,1,0,0,0,0,0,0,0,0,0,0,0,0,0,0,0,0,0,0,2,0,1,0,0,1,0,0,0,0,1,1,1,0,0,0,4,0,0,0,0,0,0,0,0,0,0,0,0,0,0,0,0,0,0,0,0,0,0,1,0,3,1,0,0,1,0,0,1,0,0,0,1,0,0,0,0,0,0,0,2,0,0,2,0,0,0,0,0,0,0,1,0,0,3,2,1,0,0,1,0,1,3,0,0,0,0,0,0,0,0,0,1,0,0,0,0,0,0,0,1,0,0,0,0,0,0,0,0,0,0,1,1,0,0,0,0,0,0,0,0,0,0,0,0,0,0,0,0,0,2,0,0,0,0,0,1,0,0,0,0,0,0,0,0,0,0,0,1,0,0,0,0,0,0,0,0,0,0,2,1,0,0,0,0,0,0,0,0,4,0,0,0,0,0,0,0,0,0,0,0,0,0,0,0,2,0,0,0,0,0,0,2,0,0,0,2,0,0,0,0,0,0,0,0,0,0,1,0,0,0,1,0,0,0,1,0,3,0,0,0,0,0,0,0,0,0,0,0,0,0,0,0,0,0,0,0,0,0,1,0,0,0,0,0,0,0,0,2,1,0,0,0,0,0,0,2,0,1,0,0,0,0,0,2,0,0,3,2,0,0,0,0,0,0,0,0,1,0,3,0,0,0,1,0,1,0,0,0,0,0,0,0,0,0,0,0,2,0,0,1,0,0,0,1,0,0,0,0,0,0,1,1,1,0,0,0,0,0,0,0,0,0,0,0,0,0,0,2,0,1,0,0,0,0,0,0,0,0,1,0,0,0,1,0,0,0,0,0,1,0,0,0,0,0,1,0,0,0,0,0,2,0,0,0,0,0,0,0,0,0,0,0,0,0,0,0,0,0,0,1,0,0,0,0,0,0,1,0,1,0,1,0,0,2,0,0,0,0,0,0,0,0,1,1,0,0,0,0,0,0,1,0,0,0,0,0,0,0,0,0,0,0,0,1,0,0,0,3,0,0,0,0,0,1,0,0,0,4,0,0,0,0,0,0,0,0,0,0,1,0,0,0,0,0,0,0,0,0,0,0,0,0,0,0,0,0,0,0,0,1,0,3,0,1,0,1,1,0,0,2,0,0,2,0,0,0,0,0,0,0,0,0,0,0,1,0,0,0,0,0,0,1,0,0,0,0,0,0,0,0,0,0,0,0,0,0,0,0,0,0,3,0,0,0,0,0,0,0,0,0,0,0,0,0,0,0,0,0,0,0,0,0,2,0,0,1,0,0,0,0,0,0,0,2,0,0,1,0,0,0,0,2,0,0,0,0,0,0,0,0,0,0,0,0,0,0,0,3,1,0,0,0,0,0,1,0,0,0,0,0,0,4,0,0,1,0,0,0,0,0,0,0,0,0,0,0,0,0,0,0,0,0,0,0,0,0,0,0,0,0,0,0,0,0,0,0,0,0,0,0,0,0,0,0,0,0,0,0,0,0,0,0,0,0,0,0,0,0,0,0,0,0,8,0,0,0,0,0,0,0,0,0,0,0,0,0,0,0,0,4,0,0,0,0,0,0,1,0,0,0,0,0,0,0,0,0,0,0,0,0,0,0,0,0,0,0,0,0,0,0,1,0,0,0,0,0,0,0,1,0,2,1,1,1,0,0,0,0,0,0,0,0,0,0,0,0,0,0,0,0,0,0,0,0,0,0,0,0,0,0,0,0,0,0,0,0,0,0,0,0,0,0,0,0,0,0,0,0,0,0,0,0,0,0,0,0,0,0,0,0,0,0,0,0,0,0,0,0,0,0,0,0,0,0,0,0,0,0,0,0,0,0,0,0,0,0,0,0,0,0,0,0,0,0,0,0,0,0,0,0,0,0,krupskaya
krupskaya_sovmestnoe_obuchenie.txt,19,0,2,3,0,0,1,2,2,93,2,0,0,0,0,0,0,7,0,0,2,0,0,0,0,4,0,0,2,0,7,1,1,1,0,2,14,3,7,7,6,0,111,8,9,23,7,0,3,1,0,0,0,0,18,5,48,17,0,0,0,0,0,48,3,3,0,4,0,0,0,17,0,1,19,2,0,10,0,0,1,7,0,0,0,3,2,0,0,0,12,0,1,0,0,0,0,30,0,0,0,1,3,0,0,6,0,3,0,6,0,0,0,1,0,0,0,0,0,0,0,0,0,14,3,4,0,8,5,0,9,7,0,0,0,43,11,9,4,0,0,5,0,1,10,2,12,2,0,2,5,1,0,3,19,8,0,2,0,0,2,5,0,1,0,0,1,16,4,1,0,1,0,0,0,0,0,0,0,0,0,0,0,0,0,0,1,3,0,1,6,0,0,5,0,1,1,3,6,5,0,3,0,2,6,2,0,15,2,4,0,0,0,24,0,1,0,3,0,0,1,0,0,4,4,4,0,0,4,1,0,2,14,0,0,3,1,6,1,2,0,3,2,0,0,1,2,0,0,1,0,0,0,0,0,3,1,0,4,4,0,26,4,3,0,0,0,0,6,9,1,0,0,0,0,1,0,0,1,6,0,5,0,0,2,0,0,1,0,0,0,0,0,0,0,0,1,2,0,3,0,1,0,0,0,0,0,0,0,0,4,0,0,1,0,3,0,0,0,0,0,0,0,2,2,0,0,0,0,0,0,0,0,0,0,2,0,0,0,0,0,0,1,0,0,2,0,1,0,0,2,0,2,2,3,3,1,2,0,0,1,2,3,0,0,0,0,0,0,0,0,2,0,0,1,0,1,3,2,2,4,0,0,16,0,3,3,2,1,0,0,0,0,0,0,1,0,4,11,0,0,0,8,5,8,0,5,4,0,0,0,0,1,8,0,0,0,1,1,0,0,0,1,4,1,0,8,2,0,1,2,0,0,0,1,3,0,1,0,0,5,1,1,1,3,0,0,1,0,2,1,2,3,0,16,2,0,1,2,0,0,0,1,0,1,0,4,2,0,0,8,0,4,0,0,0,0,0,0,0,0,3,0,1,1,0,1,1,2,0,0,1,0,0,1,0,1,1,1,2,0,0,2,2,0,0,0,0,1,1,0,1,0,0,1,5,1,0,4,2,0,4,0,0,0,1,1,0,1,1,0,0,0,0,3,0,6,4,0,0,0,0,0,0,0,0,3,5,0,4,0,0,0,0,0,0,0,0,2,3,0,3,0,0,0,0,0,0,0,0,0,1,2,3,1,0,3,0,1,1,1,5,0,2,0,1,3,1,0,1,0,0,2,0,0,0,0,0,1,0,3,0,0,0,1,0,0,1,0,0,0,1,0,1,0,1,0,1,1,0,0,2,0,2,0,3,0,0,0,0,0,2,2,2,6,2,0,0,2,1,0,0,0,0,0,0,0,0,0,0,5,0,0,0,0,0,0,1,0,1,0,0,1,0,1,0,0,2,0,1,3,0,1,4,7,0,0,0,0,0,2,5,0,0,0,0,0,1,0,0,0,2,0,2,0,1,0,1,3,0,1,1,0,2,0,0,0,3,3,0,1,0,0,1,0,0,0,0,0,0,0,0,0,0,1,2,1,0,0,0,0,0,0,0,2,0,0,0,0,0,1,0,0,0,3,0,0,1,1,6,0,0,0,0,3,0,0,2,0,0,0,0,5,0,1,0,0,1,0,1,1,2,0,0,0,0,0,0,0,0,0,0,2,3,0,0,2,0,0,3,0,0,0,0,3,1,0,0,1,0,0,4,0,0,0,0,0,0,0,0,0,0,1,1,0,0,0,0,0,0,0,0,2,0,1,1,0,0,0,0,0,0,2,1,1,2,4,0,8,2,9,1,1,0,3,0,2,0,0,3,0,0,2,4,0,0,0,0,0,1,0,8,0,4,0,0,0,0,0,0,1,0,0,0,0,1,0,0,0,0,0,0,0,0,0,0,1,0,0,0,5,0,0,2,1,0,1,0,1,0,0,1,1,1,1,1,1,5,4,2,0,0,0,0,0,0,0,0,0,0,0,0,0,0,0,0,0,0,0,0,0,0,0,0,0,0,0,0,0,0,0,0,0,0,0,0,0,0,0,0,0,0,0,0,0,0,0,0,0,0,0,0,0,0,0,0,0,0,0,0,0,0,0,0,0,0,0,0,0,0,0,0,0,0,0,0,0,0,0,0,0,0,0,0,0,0,0,0,0,0,krupskaya
krupskaya_zhenshina_rabotnitsa.txt,49,1,17,16,3,8,4,28,14,312,1,2,0,0,0,0,20,48,0,2,24,2,1,0,0,6,1,3,1,0,32,13,2,6,0,7,21,10,26,44,62,1,326,21,35,77,16,0,12,4,0,7,2,2,34,17,172,10,5,2,0,0,5,183,5,3,0,20,8,1,4,40,6,2,20,3,0,44,3,2,1,34,0,3,2,14,6,1,2,0,21,2,17,2,28,0,1,85,0,0,3,7,18,3,2,3,2,2,0,10,0,3,0,6,1,0,0,3,0,3,0,0,1,35,7,9,10,23,34,2,27,10,0,0,0,138,49,33,5,5,0,10,0,4,33,1,15,2,0,2,18,2,1,0,0,0,0,0,0,3,6,5,3,3,2,0,1,8,2,3,1,8,0,1,1,3,0,1,1,1,0,0,0,0,0,1,0,9,2,8,2,4,1,43,14,0,9,19,0,7,0,0,0,0,1,0,0,18,22,7,0,0,0,36,0,4,1,8,0,4,9,2,0,7,5,1,6,8,16,3,0,0,9,1,0,2,0,5,3,7,1,0,5,1,1,0,0,4,0,0,0,0,1,0,7,0,2,28,15,6,0,38,7,3,4,9,3,3,74,51,5,1,0,0,1,6,4,1,0,1,0,16,0,0,1,1,2,4,0,0,0,0,4,2,0,4,0,0,1,0,0,3,2,2,0,0,0,0,2,1,3,0,1,1,2,21,17,13,17,2,36,6,8,3,0,0,0,0,0,0,0,0,0,0,0,2,10,0,0,0,0,1,0,11,2,0,2,1,3,3,6,0,8,2,4,12,19,1,0,0,1,5,0,0,1,1,0,0,2,5,0,0,1,6,0,0,3,2,4,5,9,0,3,37,2,7,16,4,6,0,1,11,6,1,4,1,0,12,28,4,0,0,11,4,2,0,4,1,4,4,1,5,0,30,0,0,5,4,0,2,0,5,0,9,2,2,20,1,0,2,18,1,0,4,8,23,7,4,0,1,0,0,0,1,7,2,4,2,1,7,1,3,9,4,11,13,0,2,6,0,0,0,0,0,3,0,12,0,0,3,6,3,4,3,0,3,0,0,17,3,0,0,7,2,4,0,1,0,16,0,12,0,0,4,0,0,1,3,0,10,4,1,4,4,1,0,0,2,1,0,3,0,0,3,0,9,1,7,0,14,4,0,2,0,1,5,2,11,0,0,2,0,0,0,2,0,9,4,0,0,1,3,0,6,0,5,4,4,6,0,1,1,0,4,1,0,0,0,0,1,0,4,2,0,0,0,0,7,1,0,8,3,1,6,2,0,6,0,3,0,4,10,1,0,0,12,5,0,0,1,0,0,0,0,0,0,2,0,3,0,3,0,0,0,0,0,0,0,1,6,8,0,4,0,1,5,0,0,0,0,0,4,0,1,0,4,2,4,1,1,0,3,0,1,4,1,0,0,2,1,0,0,0,0,0,3,0,0,0,0,1,4,0,0,1,0,0,3,0,1,0,1,0,0,0,0,2,9,0,1,7,1,2,1,0,1,2,4,0,0,13,5,3,0,0,1,0,0,0,3,0,4,0,0,5,1,1,0,3,2,0,0,1,2,1,0,0,4,27,7,2,2,0,2,1,1,2,0,0,0,0,2,0,1,5,6,2,1,0,0,6,0,3,2,6,1,1,0,0,0,1,5,1,0,1,0,0,2,2,4,1,7,3,2,3,0,0,1,0,1,0,0,2,2,2,3,9,11,0,1,1,3,1,1,4,0,0,2,2,1,0,1,1,0,0,0,1,0,5,0,2,9,0,0,0,5,0,2,3,2,2,5,4,0,1,0,0,1,0,0,0,9,1,1,2,2,0,5,0,2,2,0,0,1,2,2,1,2,0,1,8,0,1,3,0,6,0,0,0,0,34,0,1,1,1,0,0,0,0,0,0,1,1,0,0,1,0,10,0,23,1,1,0,1,1,3,0,0,0,0,0,0,0,3,0,2,0,0,0,0,0,2,3,0,1,4,2,0,5,0,0,0,2,0,3,0,5,3,1,0,0,0,3,0,0,0,0,0,1,0,3,2,2,1,5,2,1,2,2,1,1,2,1,3,5,1,3,1,1,5,1,6,0,0,0,0,0,0,0,0,0,0,0,0,0,0,0,0,0,0,0,0,0,0,0,0,0,0,0,0,0,0,0,0,0,0,0,0,0,0,0,0,0,0,0,0,0,0,0,0,0,0,0,0,0,0,0,0,0,0,0,0,0,0,0,0,0,0,0,0,krupskaya
lenin_183_students_I.txt,4,0,1,2,1,0,1,0,5,33,0,0,0,1,0,0,1,7,1,2,3,0,0,0,1,2,0,1,1,0,5,5,2,0,0,1,5,1,4,0,6,0,64,3,10,10,1,0,2,1,0,1,0,1,5,1,20,0,1,6,3,0,1,20,1,0,0,3,0,0,0,10,0,2,3,6,0,8,0,0,2,3,0,1,0,1,0,1,11,1,0,0,0,0,2,1,0,15,0,0,2,1,1,0,0,0,3,0,0,1,0,0,1,0,1,2,0,1,0,0,0,0,0,6,3,1,2,3,3,1,4,3,0,0,1,14,6,8,2,0,0,2,0,1,6,1,3,0,0,0,5,0,0,0,0,0,0,0,0,0,1,4,1,1,1,0,0,2,0,0,3,2,0,1,0,0,0,0,0,0,0,0,0,0,0,0,0,0,0,1,0,1,1,1,0,0,5,2,1,0,0,0,0,0,0,0,0,1,0,0,0,0,0,10,0,0,0,0,0,2,0,1,0,1,1,0,1,0,1,0,0,0,1,0,0,1,2,0,0,0,1,1,3,1,0,0,0,3,0,0,1,1,0,2,0,0,0,0,0,1,1,1,1,3,0,0,2,0,2,7,0,3,0,0,2,0,0,0,0,0,0,2,0,0,0,0,0,1,0,1,0,0,1,0,1,1,0,0,0,0,0,0,0,0,0,0,0,0,0,0,4,0,0,0,0,0,0,0,0,1,3,3,0,0,0,0,1,0,0,0,0,0,0,0,0,1,0,0,0,0,1,1,0,0,0,0,0,0,0,0,2,0,1,1,1,0,3,0,0,0,0,1,0,0,0,0,0,0,0,0,0,0,3,0,2,1,0,0,0,0,2,0,0,2,0,1,1,1,2,0,0,0,0,0,0,1,0,0,3,0,0,0,1,1,0,0,2,1,1,0,0,0,0,2,1,0,2,0,0,0,3,0,0,2,1,2,2,0,4,0,0,0,0,0,2,0,0,0,0,0,0,0,0,0,0,0,0,0,1,1,0,2,0,0,3,1,0,1,1,0,0,0,1,0,0,1,1,0,0,0,0,0,1,0,1,0,1,1,1,0,1,0,1,0,0,0,0,0,0,0,0,1,0,0,0,0,1,0,1,0,0,0,3,0,0,0,0,0,0,0,0,0,0,0,0,1,1,0,0,2,0,0,0,1,0,0,0,0,0,0,0,1,0,0,4,0,1,0,0,0,0,0,0,2,0,0,0,1,0,0,0,1,1,0,0,0,0,0,0,0,0,0,0,0,0,0,0,0,1,0,1,2,0,0,0,0,0,0,0,0,0,0,1,1,0,0,0,0,0,0,1,0,0,0,0,0,0,0,0,0,1,0,0,0,0,0,0,0,0,0,0,0,0,0,0,0,0,0,2,0,0,0,0,0,0,0,0,0,0,0,1,3,0,0,0,0,0,0,1,0,0,0,0,0,0,0,0,0,0,0,0,0,0,0,0,0,0,0,0,1,0,2,0,0,0,0,0,0,0,0,0,0,0,0,0,0,0,0,0,0,0,0,0,0,0,0,0,0,0,0,0,0,0,0,0,0,1,0,0,0,0,0,0,1,0,0,0,0,0,0,0,0,0,1,0,0,1,0,0,0,0,0,0,0,0,0,1,3,0,0,0,0,0,0,0,0,0,0,0,0,0,0,2,0,1,0,0,0,1,0,0,0,0,0,0,1,0,0,1,0,0,0,1,0,0,1,0,0,0,0,0,0,0,0,1,0,0,1,0,0,1,0,0,0,0,0,1,0,0,0,0,0,0,0,0,0,0,1,1,0,0,0,0,0,0,0,2,0,0,0,2,0,0,0,0,0,0,1,0,0,0,0,0,0,1,0,0,0,0,0,0,0,1,0,0,0,0,0,0,0,0,0,0,0,0,0,0,0,0,0,0,0,0,1,0,0,0,1,0,0,0,0,0,0,0,0,0,0,0,0,0,0,0,0,0,0,0,0,0,0,0,0,0,0,0,0,0,0,0,0,0,0,0,0,0,0,0,0,1,0,0,0,0,0,0,0,0,0,0,3,0,0,0,0,0,0,0,0,0,0,0,0,2,0,0,1,0,0,0,0,0,2,1,1,1,1,2,1,0,0,0,0,0,0,0,0,0,0,0,0,0,0,0,0,0,0,0,0,0,0,0,0,0,0,0,0,0,0,0,0,0,0,0,0,0,0,0,0,0,0,0,0,0,0,0,0,0,0,0,0,0,0,0,0,0,0,0,0,0,0,lenin
lenin_1st_of_may.txt,10,1,0,0,1,9,1,0,1,24,0,0,0,0,3,0,0,11,1,4,5,0,0,0,0,0,0,0,0,0,4,2,0,0,0,0,7,0,0,1,15,0,52,3,5,2,5,0,2,0,0,0,2,0,1,0,16,1,4,1,1,0,0,7,0,0,1,2,0,0,0,4,0,0,1,0,0,8,0,1,0,3,1,0,0,1,0,3,7,0,1,0,1,1,6,0,1,2,4,1,3,1,0,5,0,0,1,0,0,0,0,0,0,3,0,2,0,0,1,0,0,0,0,0,1,2,1,2,5,1,3,1,0,6,0,4,3,2,2,0,0,8,0,1,2,0,3,0,0,1,0,0,0,0,0,0,1,0,0,0,0,2,0,4,0,0,0,0,0,0,1,0,0,0,1,0,0,0,0,0,0,0,0,1,0,0,0,0,1,1,1,0,1,1,0,0,0,2,4,4,0,0,0,0,0,0,0,0,0,0,0,0,0,16,0,0,0,2,0,0,0,0,0,0,0,0,2,0,0,0,0,0,0,0,0,1,0,1,0,0,0,0,1,0,0,2,0,0,0,0,0,0,0,0,0,0,0,0,0,0,0,0,0,1,0,1,1,0,1,12,0,0,0,0,3,0,0,0,0,0,0,0,1,0,0,0,0,2,0,0,1,0,0,0,0,0,0,0,0,0,0,1,0,0,0,0,0,4,3,0,4,0,0,0,0,0,0,0,2,0,9,3,4,0,0,0,0,0,0,0,0,0,0,0,0,0,6,0,0,0,0,0,0,0,0,0,0,0,4,1,2,0,1,0,1,1,1,2,0,0,0,0,0,0,0,0,1,0,0,0,0,0,2,0,0,0,0,0,0,0,2,0,0,0,0,0,0,0,0,0,1,4,0,0,0,0,0,0,0,1,0,0,1,0,0,0,3,0,0,0,0,0,0,0,0,0,0,0,0,0,0,1,0,1,0,1,0,0,0,0,2,0,0,0,0,2,2,0,0,0,0,0,0,0,0,0,1,0,1,0,0,0,0,0,0,0,2,0,0,0,1,0,0,1,0,0,1,0,3,1,0,0,0,0,0,0,0,1,0,1,0,0,0,0,0,0,0,0,1,0,0,4,0,0,0,1,0,0,0,1,1,2,1,0,0,0,0,1,0,0,0,0,0,1,0,0,1,0,0,0,2,0,0,0,0,0,0,0,0,0,0,0,0,0,0,0,0,2,0,0,0,0,0,0,0,0,0,0,0,0,0,1,0,0,0,0,0,1,0,0,0,1,0,0,0,0,0,0,0,0,2,1,0,0,0,0,0,0,0,0,0,0,1,0,4,0,0,0,0,0,0,0,0,0,0,0,0,0,0,0,0,0,0,0,0,0,0,0,1,0,0,0,0,0,0,0,0,0,1,0,0,0,0,0,0,0,0,0,0,1,0,1,0,0,0,0,0,0,0,1,0,0,0,0,0,0,0,0,0,0,0,1,0,0,0,1,0,0,0,1,0,0,0,0,0,0,0,0,0,0,0,0,1,0,0,0,0,1,0,0,1,1,0,0,0,0,0,1,1,0,0,1,0,0,0,0,0,0,0,0,0,0,0,2,0,0,0,0,0,0,0,0,0,0,1,0,0,0,0,0,0,0,0,0,0,0,0,0,0,3,0,0,0,0,0,0,0,0,0,0,1,0,0,0,0,0,0,0,1,0,0,0,0,0,0,0,0,0,0,0,0,1,0,0,1,0,0,0,0,0,0,0,0,0,0,0,1,0,1,0,1,0,0,0,0,0,0,0,0,0,1,1,1,0,0,2,0,0,0,0,0,1,0,0,1,1,0,0,0,0,0,0,0,0,4,0,0,0,0,1,0,0,0,0,0,0,0,0,0,3,0,0,0,0,0,0,0,0,0,0,0,0,1,0,0,0,0,0,0,0,0,0,0,0,0,0,0,0,0,0,0,0,3,0,0,1,0,0,0,0,0,0,0,0,0,0,0,1,0,0,0,0,0,0,0,0,0,2,0,0,0,0,0,0,0,0,0,0,0,0,0,0,0,0,0,0,0,0,0,0,0,0,0,0,1,0,0,0,0,0,0,0,1,0,0,0,0,0,0,3,0,1,0,0,0,0,0,0,9,4,1,3,1,0,0,0,0,0,0,0,0,0,0,0,0,0,0,0,0,0,0,0,0,0,0,0,0,0,0,0,0,0,0,0,0,0,0,0,0,0,0,0,0,0,0,0,0,0,0,0,0,0,0,0,0,0,0,0,0,0,lenin
lenin_anarhizm_i_socializm.txt,5,0,0,1,0,0,2,1,1,20,0,0,0,0,0,0,0,2,1,0,1,0,0,0,0,2,0,1,0,1,4,1,0,0,0,1,3,0,3,2,6,2,27,3,8,4,0,6,0,0,0,0,0,0,1,4,7,0,0,0,0,0,2,12,0,1,0,0,0,0,0,1,0,0,0,1,0,1,0,3,0,2,1,0,1,0,2,0,1,0,0,1,0,2,13,1,0,5,0,1,0,2,1,0,0,0,2,0,0,0,4,0,0,0,0,1,0,2,3,2,0,0,0,1,0,2,0,0,1,0,0,2,0,0,0,1,1,3,1,0,0,1,0,4,4,1,1,0,0,0,1,0,0,2,1,0,0,0,0,0,0,1,0,1,0,0,0,0,0,0,0,0,0,0,0,0,0,0,0,0,0,0,1,0,0,0,0,0,0,0,0,0,0,0,0,1,1,1,0,0,0,0,0,0,2,2,0,9,0,0,0,0,0,4,0,0,1,0,0,0,1,0,0,3,1,1,1,0,2,0,0,0,2,0,0,1,0,1,0,0,0,0,2,0,2,1,0,0,0,0,0,0,2,0,0,0,1,1,0,0,0,4,0,0,0,0,0,0,0,4,0,3,1,2,0,1,0,0,0,0,0,0,0,2,0,0,0,0,0,0,2,1,2,1,1,0,1,0,0,0,0,0,3,1,0,0,0,0,4,0,1,0,0,0,0,0,0,1,0,0,0,1,0,1,0,0,5,2,0,1,0,1,2,1,0,0,3,0,0,1,0,0,1,0,0,0,0,0,0,0,0,0,0,0,0,0,0,1,0,1,0,0,0,0,0,0,1,2,0,0,0,0,1,0,0,0,0,1,0,0,0,1,0,1,0,1,1,0,0,0,1,1,0,0,0,0,0,0,3,1,0,0,1,0,0,0,0,2,1,1,0,0,0,1,0,2,0,0,0,0,0,0,0,0,0,0,0,0,0,0,0,0,0,0,1,0,0,0,0,0,1,0,0,0,0,1,0,0,0,0,0,0,0,0,2,0,1,0,0,0,0,0,0,0,0,1,0,0,0,0,1,0,0,1,0,0,0,0,0,1,2,0,0,0,0,0,0,0,0,0,0,0,0,1,0,0,0,0,0,1,0,1,1,0,0,0,0,0,0,0,0,0,0,0,1,0,0,0,2,0,0,1,0,0,0,0,0,0,0,0,0,0,0,0,1,0,4,1,0,0,0,0,1,0,0,0,0,3,0,0,0,0,0,0,0,0,0,1,0,0,0,0,0,0,0,0,0,0,0,0,0,0,0,0,0,0,0,0,0,0,0,1,0,0,0,0,1,0,1,0,0,1,0,0,2,0,0,0,1,0,1,0,0,0,0,0,0,3,0,0,0,1,0,0,1,0,0,1,0,0,0,0,0,0,0,0,0,0,0,0,0,1,0,0,0,0,0,0,0,0,0,0,0,0,0,0,0,0,0,0,1,0,0,0,0,0,0,0,0,0,0,0,0,0,1,0,0,0,0,0,1,1,0,0,0,0,0,0,0,0,0,0,0,0,0,0,0,0,0,0,1,0,0,0,0,0,1,0,0,0,0,0,0,0,0,0,0,0,0,0,0,0,0,0,1,0,0,0,0,0,0,0,0,0,0,0,0,0,0,0,0,0,0,0,0,0,0,0,0,2,0,0,0,0,0,0,0,0,1,0,0,0,0,2,0,0,0,1,0,1,0,0,0,0,0,0,0,0,0,0,0,0,0,0,0,0,0,0,0,1,0,0,0,0,0,0,0,0,0,0,0,1,0,0,0,2,0,0,0,0,0,0,0,0,0,0,1,0,0,1,0,0,1,1,0,0,0,0,0,0,0,1,0,1,0,0,0,0,0,1,0,0,0,0,1,0,2,0,0,0,0,1,0,0,0,1,0,0,0,0,0,0,0,0,0,0,0,0,1,0,0,0,0,0,0,0,0,0,0,0,0,0,0,0,0,0,0,0,0,1,0,0,0,0,0,0,0,0,0,1,0,0,0,0,0,0,0,0,0,0,0,0,0,0,0,0,0,0,0,0,0,0,0,1,0,0,0,0,0,1,0,0,1,0,0,0,0,0,0,1,0,0,0,0,0,1,0,0,0,0,0,0,1,1,3,0,0,0,0,0,0,0,0,0,0,0,0,0,0,0,0,0,0,0,0,0,0,0,0,0,0,0,0,0,0,0,0,0,0,0,0,0,0,0,0,0,0,0,0,0,0,0,0,0,0,0,0,0,0,0,lenin
lenin_chego_dobivaemsya.txt,9,0,3,2,6,2,2,1,6,52,0,0,0,1,0,0,1,13,7,3,7,0,0,0,3,1,0,3,0,1,10,3,0,0,0,1,9,0,7,0,8,0,119,11,4,13,1,1,11,2,0,0,0,0,1,35,24,1,0,0,0,0,0,35,2,3,0,5,0,0,0,5,2,0,1,0,0,6,0,42,1,7,0,4,0,0,0,0,0,0,2,0,4,2,2,5,0,15,0,1,0,2,2,3,0,0,1,1,1,1,1,0,0,0,0,7,0,1,0,2,0,0,0,5,4,1,5,1,11,0,13,8,0,0,1,23,7,4,3,1,0,3,0,14,13,0,3,1,1,0,8,0,1,2,1,0,0,2,0,0,1,2,2,1,0,4,0,0,3,0,0,0,1,1,0,0,0,0,5,0,2,0,0,0,0,1,0,0,2,1,0,0,0,8,0,0,3,3,0,0,0,0,0,1,0,1,0,3,2,0,1,0,0,14,0,0,0,0,0,1,0,0,0,0,2,0,7,0,12,0,0,0,4,0,0,0,0,1,0,4,1,0,4,1,2,1,0,10,1,1,1,6,13,1,0,0,0,7,2,0,1,12,2,0,0,2,2,0,0,3,1,6,3,1,0,0,1,0,0,0,0,0,0,5,0,1,2,7,0,0,0,0,1,0,0,1,0,1,0,0,0,2,2,0,0,2,3,0,1,0,14,0,2,2,0,0,2,4,0,0,0,1,1,1,0,0,0,1,2,2,0,0,0,1,0,0,3,0,0,3,2,0,0,0,1,1,1,2,0,0,0,0,4,0,1,1,7,3,0,1,0,0,0,1,1,0,0,0,0,1,1,0,1,0,0,3,1,0,0,2,1,1,0,12,0,0,1,0,5,0,1,0,0,1,1,2,0,0,3,1,0,0,2,2,1,0,6,4,2,1,0,1,1,0,0,0,4,3,0,0,0,0,1,2,0,0,0,1,0,0,0,0,0,0,3,0,0,0,0,0,2,0,1,0,1,1,1,0,0,1,1,1,1,0,5,0,0,0,0,0,2,0,0,2,0,0,0,0,5,2,1,1,0,0,1,0,0,0,2,0,1,0,0,0,0,0,0,0,0,0,0,0,0,0,0,0,0,0,1,0,0,1,1,1,0,0,0,0,0,0,0,2,3,0,0,2,0,1,1,5,1,0,1,1,0,0,0,0,0,1,0,3,0,0,3,0,4,2,0,0,2,0,1,1,1,1,2,0,1,0,1,0,1,0,0,0,0,2,0,1,0,0,2,0,0,1,9,1,1,0,3,0,0,2,1,1,0,0,0,1,0,2,0,0,0,3,1,0,1,1,0,1,1,5,6,2,0,0,0,0,0,0,0,1,0,0,1,0,1,0,0,0,1,0,0,0,1,0,0,0,2,1,0,1,0,1,5,0,4,0,0,0,1,1,0,0,0,0,0,0,9,5,0,0,2,1,0,18,3,2,0,0,0,0,0,0,1,1,0,4,0,0,0,0,0,1,0,0,0,0,0,0,0,0,0,1,3,1,1,0,1,2,0,0,0,0,0,0,0,0,0,2,3,0,0,0,0,0,1,0,0,1,1,1,0,0,0,0,0,0,0,0,1,0,0,0,0,0,0,0,0,0,0,0,0,0,0,1,0,2,0,0,0,0,0,0,0,0,3,0,0,0,0,0,0,0,0,0,0,2,1,0,0,0,0,0,0,0,0,6,0,0,2,0,0,1,0,1,0,0,0,0,0,0,0,0,0,0,0,1,1,0,2,0,0,0,0,0,0,0,2,1,0,0,0,0,0,0,0,0,0,2,0,0,0,0,0,0,0,0,0,0,0,0,0,1,1,0,0,3,0,0,0,0,0,0,0,0,0,2,0,1,0,0,0,0,0,1,0,0,0,1,0,1,0,0,0,1,0,0,0,1,1,0,0,0,0,0,0,0,0,0,0,1,2,0,2,0,1,1,0,2,0,0,5,1,0,1,0,0,0,1,0,0,0,0,0,2,0,0,2,0,0,0,0,0,1,0,0,0,0,0,0,0,0,0,0,0,0,0,0,0,0,0,0,0,0,0,0,0,3,0,3,0,0,0,0,0,0,0,0,0,0,0,0,0,2,0,1,0,0,0,0,0,3,6,2,1,3,1,7,1,1,4,1,0,0,0,0,0,0,0,0,0,0,0,0,0,0,0,0,0,0,0,0,0,0,0,0,0,0,0,0,0,0,0,0,0,0,0,0,0,0,0,0,0,0,0,0,0,lenin
lenin_china_war_I.txt,7,0,1,0,0,0,0,0,2,37,2,0,0,0,5,1,1,3,0,1,2,0,0,0,2,2,0,2,0,0,4,3,0,2,1,0,5,0,1,5,6,0,58,8,3,11,2,0,8,0,0,0,3,0,0,1,23,2,7,6,1,0,2,29,3,0,0,1,1,1,1,8,0,2,0,10,0,12,1,0,5,7,0,0,0,1,1,10,14,1,0,0,0,0,6,0,3,18,0,0,0,0,1,0,0,1,1,0,0,0,0,0,2,1,2,0,0,0,0,0,0,0,0,6,0,0,7,1,11,1,4,7,0,2,0,12,4,4,2,0,0,5,0,0,2,0,0,0,0,1,3,0,0,0,0,0,0,0,1,0,1,2,1,1,0,0,0,2,0,0,1,0,0,0,0,0,0,0,0,0,0,0,0,0,0,0,0,0,0,1,0,1,0,1,0,0,3,6,0,0,0,0,0,0,1,0,0,4,1,0,1,0,0,12,1,1,1,0,0,1,0,0,0,0,2,0,1,1,0,1,0,1,0,1,0,0,0,1,1,2,0,0,4,1,0,0,0,0,0,0,3,0,0,0,2,0,0,0,1,1,1,9,0,0,0,0,1,0,4,8,0,0,0,0,0,0,0,0,0,0,0,1,0,0,0,0,0,1,5,0,0,1,1,0,0,1,0,0,0,0,0,1,2,0,0,0,0,0,0,0,5,0,0,0,0,0,0,2,0,2,0,3,2,0,0,0,0,0,0,0,0,0,1,0,0,0,2,1,2,2,0,1,3,0,0,0,0,0,0,0,1,0,0,0,1,1,2,0,0,2,0,0,0,0,0,0,0,0,0,0,0,0,1,1,0,0,0,1,0,1,0,0,0,2,0,0,2,1,0,0,0,0,0,0,0,0,0,0,2,0,0,0,4,2,3,0,2,3,1,0,0,0,0,0,1,0,0,0,0,0,2,2,1,2,0,1,0,0,1,0,2,0,1,0,0,0,1,1,0,0,0,0,1,0,0,1,0,0,0,5,0,4,0,0,4,0,0,1,0,0,0,0,0,0,1,1,2,0,0,0,0,0,1,0,3,0,0,0,0,0,0,0,0,0,1,0,0,0,1,0,1,0,0,0,0,0,0,0,0,1,1,2,0,1,0,0,0,0,1,0,0,1,0,0,0,2,0,1,0,2,0,0,0,1,0,0,0,0,0,0,0,0,0,0,1,0,1,0,0,0,0,0,0,0,0,0,0,0,1,0,0,2,0,0,1,0,0,0,0,0,0,0,0,0,0,0,0,0,1,0,1,0,0,1,0,0,0,0,0,0,0,1,0,0,1,0,0,0,0,0,0,0,0,0,0,0,1,0,0,0,2,0,0,0,0,0,0,0,1,0,0,0,0,0,0,0,0,0,1,0,0,0,1,0,0,0,0,0,0,0,0,0,0,0,0,0,0,0,0,0,0,0,0,0,0,0,0,0,0,0,2,0,0,0,0,0,1,0,0,0,0,0,0,0,0,0,1,0,0,0,0,0,0,0,0,0,0,0,0,0,0,0,0,0,0,0,0,0,0,0,0,0,0,0,0,0,0,0,0,1,0,0,0,0,0,0,1,0,0,1,0,0,0,0,0,0,0,1,0,0,0,0,0,0,0,0,1,0,0,4,0,1,0,0,0,0,1,0,6,0,0,0,2,0,0,0,0,0,1,1,1,1,0,0,0,0,0,0,0,0,0,1,1,0,0,0,0,1,0,2,0,1,0,0,0,0,1,0,2,0,0,0,0,0,0,0,0,0,4,0,0,0,0,0,0,0,0,0,0,0,0,0,1,0,0,0,0,0,0,0,0,0,0,0,1,0,0,0,0,0,0,0,0,1,0,0,0,0,0,2,0,0,0,0,0,0,0,0,0,0,2,0,0,0,1,0,0,0,0,0,1,0,0,0,0,0,0,0,0,0,0,0,0,0,0,4,0,0,0,0,1,0,0,0,0,0,0,0,0,0,0,0,0,0,0,0,0,0,0,0,0,0,0,0,0,0,0,0,0,0,1,1,0,0,0,0,0,0,0,1,0,0,0,0,1,0,0,0,0,0,0,0,0,0,0,0,0,1,1,1,1,0,0,0,0,0,0,1,7,0,2,1,0,0,0,0,0,5,0,0,0,0,1,0,0,2,1,1,0,0,0,0,0,0,0,0,0,0,0,0,0,0,0,0,0,0,0,0,0,0,0,0,0,0,0,0,0,0,0,0,0,0,0,0,0,0,0,0,0,0,lenin
lenin_chto_delat'.txt,307,4,51,27,60,63,57,25,79,1175,4,20,9,14,6,6,50,165,30,41,115,3,1,1,16,64,6,64,11,29,214,96,17,9,7,34,125,20,124,177,170,21,2051,174,103,302,72,7,93,51,0,3,2,13,98,331,517,43,4,8,6,3,16,846,21,25,9,45,23,11,10,236,22,22,98,44,2,144,5,52,33,223,22,17,9,55,33,14,13,29,73,4,48,34,151,73,4,498,4,17,14,20,28,22,3,10,44,13,0,54,0,5,2,8,3,283,6,8,20,11,10,6,3,118,30,75,66,109,268,4,114,108,0,1,13,601,132,302,75,8,36,93,35,117,243,24,99,14,5,9,99,28,17,46,49,14,7,9,2,10,34,51,20,12,22,7,9,24,31,15,29,25,9,20,20,72,17,17,111,14,80,15,8,19,28,46,14,29,17,57,4,10,27,62,8,10,78,100,40,4,23,42,5,19,23,69,4,133,29,19,9,8,6,286,5,9,11,19,2,13,32,23,16,21,32,16,48,16,20,43,25,16,51,4,30,6,3,24,23,55,47,23,30,18,15,70,19,110,7,23,22,35,38,37,15,7,19,82,32,22,18,290,65,10,11,24,44,7,44,95,16,130,31,27,8,25,8,6,8,34,3,55,4,8,10,22,33,31,11,38,29,26,91,30,10,14,11,11,10,9,4,7,1,6,9,5,14,9,29,18,54,6,15,8,6,18,13,74,35,13,40,24,32,51,2,9,12,24,7,49,6,24,5,5,14,11,51,4,5,26,9,32,4,11,3,36,18,27,18,16,59,10,28,28,15,71,58,32,2,27,26,24,23,0,10,14,17,12,8,7,1,11,53,7,18,7,16,17,28,28,61,7,22,207,8,40,83,26,32,10,34,18,11,9,12,5,2,22,93,10,5,69,74,39,59,14,48,33,16,14,10,11,10,42,13,17,39,4,13,1,1,3,8,30,10,19,19,15,2,4,50,4,8,8,53,100,1,32,0,5,25,4,116,7,9,7,16,7,11,26,9,19,14,5,76,11,50,25,3,28,16,8,13,9,10,10,24,6,7,12,36,20,38,1,24,18,24,11,10,3,15,5,14,13,8,0,7,11,8,1,3,13,79,12,21,9,24,22,33,21,11,5,12,12,9,10,11,8,9,6,13,8,1,8,19,75,21,27,7,46,5,16,8,6,2,2,14,10,30,17,6,16,0,2,41,8,95,27,32,4,12,13,10,34,8,20,16,24,8,8,26,53,13,21,36,16,10,44,7,14,13,24,10,15,11,28,49,17,8,6,32,7,11,24,17,6,37,4,9,4,12,20,37,12,17,18,21,5,13,13,4,57,9,15,16,12,6,10,19,40,20,6,6,14,14,5,8,4,5,7,6,8,14,10,5,25,6,10,6,4,0,21,15,16,13,38,23,4,24,10,2,36,7,17,14,7,8,0,11,8,0,2,14,3,5,10,3,17,2,0,20,4,3,5,12,8,18,9,6,15,17,16,8,2,6,7,7,37,19,8,16,9,10,5,5,22,5,5,1,1,8,19,10,5,7,12,1,4,7,13,8,25,6,11,6,4,9,12,30,1,2,2,13,19,9,3,4,12,1,3,15,0,2,22,5,1,4,2,0,5,2,10,11,11,11,7,9,2,5,4,19,12,5,5,3,8,12,12,14,19,5,34,11,13,14,11,11,8,10,24,5,5,7,5,5,4,9,4,6,1,16,7,14,1,18,48,8,7,12,9,3,3,6,0,1,3,25,8,2,20,24,6,8,4,0,12,6,4,34,23,3,20,15,2,10,2,13,5,6,1,5,5,25,11,3,0,1,7,3,17,7,4,2,9,0,5,4,10,7,3,4,24,6,8,17,11,6,13,4,14,8,5,4,13,7,5,5,13,5,13,4,4,3,2,9,12,1,8,8,16,4,23,1,16,15,18,49,13,18,1,1,49,2,4,32,0,8,1,0,16,14,8,8,2,2,12,0,2,13,9,7,10,7,8,7,4,11,1,5,9,11,14,14,11,15,4,7,8,9,0,3,9,7,5,5,3,2,2,2,8,2,6,13,2,0,1,0,2,7,7,3,2,20,8,31,2,4,5,23,4,2,14,1,7,1,5,19,2,0,2,1,3,11,0,0,4,3,8,4,0,3,5,14,2,0,0,2,4,1,7,6,14,1,1,2,2,2,2,3,45,1,3,3,3,11,5,7,11,74,2,6,5,2,4,2,3,16,0,0,0,0,0,0,0,0,0,0,0,0,0,lenin
lenin_era_reform_I.txt,14,0,6,3,1,3,1,9,3,48,0,0,1,0,0,0,3,5,0,0,2,1,0,0,1,7,0,0,0,1,15,2,1,0,0,1,4,2,1,3,5,0,83,10,13,13,6,0,7,1,0,0,0,0,11,6,30,1,0,2,0,0,0,35,0,0,2,3,0,0,0,6,1,0,1,2,1,12,0,1,3,16,1,0,1,1,0,3,1,1,7,1,2,1,31,0,1,11,4,3,1,0,3,2,0,4,4,1,1,2,0,0,0,0,1,5,0,0,0,1,0,0,1,3,2,2,3,2,17,0,1,2,0,1,1,8,8,12,2,0,2,11,1,1,7,0,11,0,0,1,6,1,0,3,0,0,0,0,0,1,7,1,2,0,0,0,1,0,0,1,1,3,0,0,0,0,0,0,0,0,1,2,0,0,0,0,0,0,0,3,0,0,0,0,1,0,0,4,1,0,0,0,1,0,0,4,0,7,0,1,0,0,0,15,4,0,1,1,1,2,0,0,1,2,0,0,0,4,1,1,0,0,4,1,0,0,0,2,0,0,0,0,0,0,0,0,0,0,0,0,0,1,1,0,0,1,0,7,1,2,4,14,5,0,0,1,0,1,1,3,0,3,0,0,1,1,0,0,0,0,0,3,0,0,1,0,0,0,0,0,1,1,3,0,10,1,1,0,0,0,0,10,1,1,1,0,2,3,0,1,4,0,0,0,0,0,0,5,1,0,10,4,5,3,0,0,1,0,0,0,0,0,0,0,0,0,1,0,0,1,1,0,0,0,1,1,0,3,1,4,2,0,0,0,1,2,1,0,0,1,1,3,0,0,0,2,0,0,0,0,0,0,1,0,0,0,0,0,1,3,3,0,1,4,0,0,5,0,0,0,0,0,1,3,4,0,0,1,5,0,0,0,4,3,3,1,3,0,0,0,0,1,1,7,0,0,0,0,0,0,0,0,0,0,1,0,0,0,0,0,1,0,0,2,3,0,0,1,0,0,1,0,3,1,2,0,2,0,0,0,0,2,1,0,6,0,3,3,2,0,0,0,0,0,0,3,0,0,0,1,2,1,0,0,0,0,0,0,0,0,1,0,0,0,0,0,0,3,0,0,0,1,0,3,6,0,1,0,2,0,0,0,1,2,0,0,0,1,0,0,0,0,0,0,1,3,2,4,0,2,0,1,0,0,0,1,1,0,0,0,0,1,0,0,4,0,2,1,0,0,0,1,0,1,0,1,0,0,2,0,0,0,0,0,0,0,0,1,1,3,1,0,0,0,2,0,0,0,1,0,0,0,0,0,1,0,0,0,0,0,0,6,1,0,0,0,2,0,0,0,0,0,0,0,0,0,0,0,0,0,2,1,0,0,0,0,0,0,0,1,0,0,0,0,0,0,0,1,1,0,0,1,0,0,0,2,0,0,1,0,0,4,1,0,2,2,0,0,0,0,0,0,0,0,0,1,0,0,0,0,0,0,0,0,0,0,0,0,0,3,0,3,0,0,0,0,0,1,0,0,2,0,0,1,0,0,0,2,2,0,0,0,2,0,0,0,0,7,1,0,0,1,0,0,0,0,2,0,3,0,0,0,1,2,0,0,0,0,0,0,0,0,0,1,0,1,0,0,0,0,0,0,1,1,0,0,0,0,2,2,0,2,0,0,0,0,0,1,0,1,2,2,0,0,0,0,6,0,1,0,0,0,0,0,0,1,0,0,0,0,0,0,2,0,0,0,0,1,1,0,0,0,0,0,0,0,1,0,0,1,0,2,1,0,0,0,0,0,0,1,1,2,0,0,0,0,0,3,0,0,2,0,0,2,0,0,1,0,1,0,0,5,1,1,1,0,0,0,0,1,0,1,1,0,0,0,0,0,0,1,3,1,0,0,0,0,0,0,0,0,0,0,0,0,0,0,0,0,0,0,0,0,0,3,0,0,0,0,0,0,0,0,0,0,2,0,0,0,0,0,0,0,0,1,0,0,0,0,0,1,0,0,0,0,0,0,1,0,0,0,0,0,0,0,1,0,0,1,0,0,0,0,0,0,0,0,0,0,1,0,0,1,0,0,0,0,0,0,1,2,0,0,0,1,0,0,0,0,1,0,0,2,0,0,0,0,0,0,0,0,0,0,3,0,0,0,0,0,0,0,0,0,0,0,0,0,0,0,0,0,0,0,0,0,0,0,0,0,0,0,0,0,0,0,0,0,0,0,0,0,0,0,0,0,0,0,0,0,0,0,0,0,0,0,0,0,0,0,0,0,lenin
lenin_k_der_bednote_cdprogramma.txt,206,1,51,71,12,26,25,34,32,457,1,16,6,2,4,2,8,164,54,33,86,17,9,0,7,40,0,7,3,2,138,39,3,11,1,20,28,22,36,70,140,0,981,99,79,125,47,1,57,8,98,11,54,9,40,90,260,83,56,56,3,13,6,399,15,2,2,48,20,10,1,87,45,6,34,13,7,137,6,7,7,113,0,10,2,37,25,8,30,2,33,1,17,4,92,0,16,130,10,0,7,36,21,0,9,10,27,3,15,12,1,5,4,0,14,124,0,1,8,7,4,0,5,47,13,24,57,29,92,32,162,49,15,15,0,184,120,105,27,1,0,26,2,38,37,9,47,10,6,0,32,8,3,4,5,1,0,1,8,3,20,79,20,25,20,3,0,2,10,25,16,14,0,0,14,0,0,0,0,0,0,3,5,0,64,0,0,7,6,44,2,5,6,19,4,0,55,64,12,12,0,0,2,8,1,1,0,71,33,11,0,0,0,60,8,3,2,11,0,11,15,0,0,11,5,3,36,9,3,32,0,7,22,1,1,2,0,38,9,31,1,0,19,4,8,29,1,24,2,0,6,5,5,0,0,1,0,47,5,5,3,64,22,6,7,2,14,6,11,82,7,0,0,0,9,8,8,0,3,0,0,33,0,9,0,0,0,8,0,0,1,0,10,7,10,2,0,0,0,0,0,22,3,0,0,5,6,3,5,8,47,0,9,2,1,5,8,40,2,7,79,38,23,10,0,1,0,0,0,0,0,0,0,0,0,0,58,0,6,3,3,3,0,1,7,5,11,11,25,28,23,5,22,0,10,23,27,2,3,6,1,13,0,0,3,2,7,5,3,10,0,3,1,14,0,2,1,2,17,28,16,0,3,47,2,47,26,14,9,11,16,9,10,0,0,2,0,12,41,6,0,0,52,22,20,3,14,14,2,2,4,3,12,60,4,0,21,2,0,11,1,4,0,44,21,2,9,0,0,11,37,7,0,2,6,32,9,12,0,6,0,3,2,18,11,0,18,2,2,2,2,13,20,4,22,12,2,7,4,5,0,0,0,0,3,1,26,4,1,3,2,3,1,2,0,12,0,0,6,0,2,4,22,0,1,0,4,7,11,2,1,24,0,35,11,1,7,8,7,10,12,9,8,3,7,0,0,7,14,1,8,8,0,4,0,12,29,6,1,16,0,0,5,12,0,1,1,2,0,4,7,11,1,0,8,3,30,0,1,0,0,4,6,8,0,1,1,3,12,0,2,10,0,0,5,2,0,16,6,39,0,9,6,0,0,1,1,29,17,0,11,1,0,13,0,0,40,0,1,2,4,17,0,0,5,4,13,0,2,3,0,1,4,0,14,3,2,0,18,0,29,3,7,8,0,0,0,0,14,2,5,9,1,0,0,5,0,0,2,0,0,9,1,0,0,9,20,3,1,16,0,7,0,0,11,11,4,0,2,1,0,0,0,0,0,6,5,1,0,0,2,4,0,0,0,6,2,1,6,5,7,21,0,5,0,5,7,16,1,0,17,0,7,0,0,12,0,20,2,0,14,4,3,0,1,2,0,10,0,23,0,13,0,3,5,0,0,13,1,3,0,2,31,13,0,1,4,5,4,1,3,0,0,19,0,0,109,7,7,0,0,1,2,1,4,2,5,1,0,4,10,0,0,1,13,12,2,0,0,0,11,17,0,0,13,3,0,0,7,15,0,5,15,0,0,0,0,0,0,1,0,4,26,0,12,3,14,1,8,14,7,9,1,55,35,0,1,0,6,2,2,1,2,0,34,14,4,1,0,0,14,19,0,0,0,0,28,3,9,3,2,9,7,1,22,20,0,3,2,3,12,1,13,0,6,0,5,19,0,16,0,5,0,10,2,0,0,6,2,2,1,3,3,1,0,1,0,1,0,1,4,1,0,1,3,0,0,4,1,0,6,1,0,2,21,0,1,7,0,0,7,3,14,0,2,35,27,0,0,0,0,0,0,7,0,0,0,1,0,0,0,5,0,2,1,0,1,3,4,2,1,0,2,2,3,0,5,16,0,3,0,0,5,0,1,0,0,0,0,12,5,7,0,1,79,36,5,3,5,0,2,1,0,9,22,28,13,6,0,3,0,34,0,1,5,1,0,0,0,6,18,3,50,0,0,0,2,2,0,0,0,0,0,0,0,0,0,0,13,0,0,0,4,3,0,0,0,0,0,0,0,0,0,3,5,0,6,0,0,0,0,0,0,0,0,0,0,9,2,1,4,0,0,0,0,0,0,0,0,0,lenin
lenin_k_partii.txt,6,0,3,1,4,2,5,1,1,52,0,0,0,2,0,1,1,14,1,3,4,0,0,0,0,3,1,0,0,0,7,9,1,0,0,3,5,3,3,5,7,0,84,12,8,7,1,0,8,1,0,1,0,0,9,17,16,0,0,0,0,0,0,33,7,2,0,2,2,0,2,7,2,1,10,9,0,5,2,41,2,10,1,0,0,3,3,0,0,0,2,0,5,0,1,1,0,21,0,1,1,4,5,4,1,1,2,0,1,2,2,0,0,1,0,4,0,0,0,0,0,1,0,2,4,3,6,0,12,0,6,5,0,0,0,6,8,5,3,0,0,14,0,11,8,1,2,0,0,0,4,0,3,1,3,0,0,0,0,0,1,3,1,0,2,1,0,0,0,2,0,0,0,2,0,0,0,0,1,0,2,0,0,0,0,2,0,1,0,2,0,0,2,8,1,1,0,4,9,1,1,1,0,1,0,1,0,4,2,0,2,0,0,21,1,0,1,0,0,1,1,0,0,1,2,0,1,0,3,0,0,0,1,0,0,0,1,1,1,1,0,0,2,0,2,2,0,5,0,2,0,0,3,1,0,0,3,2,0,0,0,5,1,1,0,0,2,0,4,3,0,3,3,0,0,0,0,0,0,2,0,0,0,0,0,1,0,1,0,0,0,0,0,0,0,1,0,0,0,0,0,1,1,0,0,0,0,0,0,0,7,0,1,4,0,1,0,2,0,0,0,2,0,1,0,1,0,1,2,0,0,0,0,0,3,0,1,0,0,0,0,0,1,0,0,1,1,1,0,0,3,0,2,0,1,1,3,8,0,1,1,0,2,0,0,0,0,0,0,1,0,0,6,0,0,7,0,0,1,2,1,0,0,4,0,2,1,0,0,1,1,0,0,1,0,1,1,0,5,0,1,0,0,3,3,1,0,3,1,0,0,0,0,0,0,0,2,2,0,0,0,0,0,0,0,0,6,0,0,0,1,0,0,0,0,1,0,0,0,0,4,0,0,0,0,1,0,2,0,1,0,1,0,0,2,0,0,0,0,0,1,1,1,0,0,0,1,0,1,2,2,1,1,0,0,0,0,0,4,0,0,0,1,0,0,0,0,0,0,1,0,0,0,0,0,0,0,0,0,0,1,1,2,0,0,0,0,0,0,1,1,2,1,0,0,2,1,0,1,0,2,2,0,0,1,0,0,0,0,0,0,0,0,0,2,0,1,1,0,0,1,3,1,2,0,0,0,0,0,0,1,0,1,0,2,0,0,0,0,0,0,1,0,0,0,1,3,0,0,0,2,0,0,1,1,1,0,0,0,0,0,1,3,0,0,1,1,1,0,0,0,0,0,8,6,0,0,0,3,0,0,0,0,1,0,0,3,0,3,0,0,3,1,1,0,1,2,0,1,0,3,1,1,0,0,0,1,0,2,0,4,3,1,1,1,0,0,0,0,0,7,7,0,0,1,1,1,6,0,0,0,0,0,0,0,1,0,0,0,0,0,4,0,0,0,1,0,0,0,1,2,0,0,1,2,0,1,2,1,0,0,1,0,0,0,0,0,0,0,0,1,0,3,0,4,0,0,0,0,0,0,0,0,2,0,0,0,0,0,0,0,0,0,1,0,1,0,0,0,0,0,0,0,0,0,0,3,1,0,2,0,0,0,0,0,0,0,0,0,0,1,0,0,1,3,0,1,0,1,0,2,0,0,0,1,2,0,0,1,2,0,0,0,0,1,0,0,1,0,0,0,0,0,0,0,0,0,1,0,0,0,0,0,1,0,0,0,0,0,0,1,0,0,0,0,0,0,1,0,0,0,0,0,1,0,0,0,0,1,0,0,0,0,0,0,1,0,0,0,0,0,0,0,0,0,1,0,0,2,1,0,1,1,0,0,0,2,0,0,0,0,0,0,1,0,0,1,2,0,0,1,0,1,0,0,1,0,1,2,0,0,0,0,1,1,0,1,0,0,0,1,2,0,0,0,1,0,0,0,0,0,0,0,0,0,0,0,0,1,0,0,0,0,0,0,0,0,1,0,0,0,0,0,2,0,0,0,0,1,0,0,0,0,0,0,0,0,1,0,0,1,0,0,0,0,0,1,0,0,0,0,1,0,0,0,1,1,0,1,0,0,2,0,0,1,4,0,1,0,2,4,0,1,7,3,0,0,0,1,0,0,0,0,0,0,1,0,0,0,1,0,0,0,0,0,2,0,0,0,0,0,0,1,0,0,0,0,0,0,0,0,0,0,0,0,0,0,0,0,0,lenin
lenin_l_n_tolstoy.txt,12,0,2,0,4,2,0,1,1,41,1,0,0,0,0,0,4,3,2,1,1,0,2,0,0,1,0,0,0,0,7,2,0,0,0,0,14,2,0,1,6,0,67,7,2,6,3,0,9,2,0,0,1,0,0,0,18,3,1,2,0,0,0,18,1,0,0,0,0,0,0,4,0,1,5,0,0,4,0,1,0,3,0,1,0,3,1,0,0,0,1,0,0,0,0,0,0,16,0,1,1,0,3,1,0,0,0,0,0,1,0,0,0,0,0,1,0,0,0,0,0,1,0,1,0,3,0,6,7,0,1,1,0,0,0,12,6,8,1,0,0,3,1,5,0,0,1,1,0,0,6,0,0,0,1,0,0,3,0,1,1,1,0,0,0,0,0,0,0,0,1,0,0,0,0,0,0,0,1,0,4,0,0,0,0,1,0,0,0,0,0,0,0,4,0,0,3,1,5,0,1,1,0,0,3,2,0,2,2,0,0,0,0,8,0,0,0,0,0,0,1,1,0,0,2,2,0,0,0,0,0,0,0,0,0,0,0,0,0,1,1,0,1,0,0,0,0,0,0,0,0,1,2,0,0,1,0,0,0,0,2,6,2,1,0,0,2,0,0,7,0,0,0,0,1,1,0,0,0,0,0,1,0,0,1,0,2,0,0,0,0,0,1,0,0,0,0,0,0,1,1,0,0,0,0,0,0,2,1,0,4,0,1,0,0,0,0,0,0,0,0,0,0,0,1,2,5,0,0,1,1,0,0,0,0,0,3,0,0,0,1,2,0,0,0,0,0,2,1,0,6,0,2,0,1,1,0,0,0,1,0,0,0,0,1,1,0,1,0,0,0,0,0,0,0,0,0,0,0,0,2,0,0,6,0,0,2,0,0,0,0,0,0,2,0,0,0,0,1,0,0,0,0,1,0,0,1,1,0,0,0,0,0,0,0,1,1,0,0,0,0,0,0,0,0,0,0,1,0,0,0,0,1,0,0,0,0,1,0,0,2,0,1,0,0,0,0,0,0,1,2,0,0,0,0,1,4,1,0,0,1,0,0,1,0,0,0,2,1,0,1,0,0,0,0,0,0,0,2,0,0,0,0,0,0,0,0,0,0,0,0,0,0,0,0,0,2,0,0,0,0,1,1,0,0,0,0,0,0,0,0,1,1,0,1,1,0,0,0,2,0,2,0,0,0,0,3,0,0,0,0,0,0,0,0,0,0,0,0,0,1,0,0,3,1,0,0,0,0,0,0,0,0,0,1,1,0,0,0,0,0,0,0,0,0,0,0,0,0,0,0,0,0,0,0,0,0,0,0,0,0,1,0,1,0,0,0,0,0,0,0,0,0,0,0,2,0,0,0,0,0,0,0,0,0,0,0,0,0,0,0,0,0,0,0,0,0,0,0,0,0,1,0,0,0,0,0,0,0,1,0,1,0,0,0,0,0,0,1,0,0,0,0,0,0,1,0,0,0,0,1,0,0,0,0,0,0,0,0,0,0,0,0,0,0,0,0,0,0,0,0,0,0,0,0,2,0,1,0,0,1,0,1,0,0,0,0,0,0,0,0,1,0,0,0,0,0,1,0,2,0,0,0,1,1,0,1,0,0,0,0,0,0,0,0,0,0,1,1,0,1,0,0,0,0,0,0,0,1,0,0,0,1,0,1,2,0,0,0,2,0,0,0,0,3,0,0,0,1,0,1,1,0,1,1,0,0,0,0,0,0,0,3,0,0,0,0,0,0,0,0,0,0,0,2,2,4,0,0,0,0,0,1,0,1,0,0,0,0,1,0,0,1,0,0,0,0,0,0,0,0,1,0,0,1,0,0,0,0,1,0,0,0,0,1,0,0,0,0,0,0,0,0,0,0,0,0,0,1,0,0,0,0,0,0,0,0,0,0,1,0,0,0,0,0,0,0,0,0,0,0,0,0,0,0,0,0,0,0,1,0,0,0,0,0,1,0,0,0,0,0,0,0,0,0,0,0,0,0,0,0,1,0,0,0,0,0,1,0,0,0,0,0,0,0,0,0,0,0,0,0,0,0,0,1,0,0,1,0,0,0,0,0,0,1,0,3,0,0,0,1,0,0,0,0,0,1,0,0,1,0,0,1,2,1,0,0,0,0,0,0,1,0,3,0,0,0,0,0,0,0,0,0,0,0,0,0,1,0,0,0,1,0,0,0,2,1,6,1,1,0,0,0,0,0,0,0,0,0,0,0,0,0,0,0,0,0,2,0,0,3,0,0,0,0,0,0,0,0,0,lenin
lenin_les_beaux_esprits_I.txt,2,0,0,0,0,0,0,0,0,33,0,0,0,0,0,0,1,4,1,1,3,0,0,0,0,2,0,0,1,1,1,2,0,0,0,0,3,0,0,2,1,0,63,2,1,7,2,0,0,3,0,0,0,0,2,3,9,3,0,0,0,0,0,20,1,0,0,0,1,0,0,4,1,0,2,0,0,4,1,1,0,7,0,0,0,0,1,0,0,0,0,0,1,0,0,2,2,11,0,0,0,0,0,0,0,0,3,0,0,4,1,0,0,0,0,3,0,2,0,0,0,0,0,1,0,0,2,0,4,0,4,5,3,0,0,15,1,4,0,0,0,0,1,0,1,2,6,1,0,0,4,0,0,0,0,0,0,0,0,0,1,0,0,0,0,0,1,0,1,1,2,1,0,0,1,1,0,0,0,0,1,0,0,0,0,0,0,0,0,1,0,0,1,4,1,2,0,1,1,0,0,1,0,0,0,0,2,0,3,0,0,0,0,7,0,0,0,0,0,0,1,0,0,1,1,1,0,0,0,0,0,0,1,0,0,0,0,0,0,3,2,2,0,0,1,1,0,0,0,0,0,0,0,2,0,0,0,4,0,2,2,3,0,2,0,1,0,0,0,8,0,0,0,0,0,0,0,0,0,0,1,2,0,0,1,0,0,0,0,0,0,0,0,0,0,1,0,0,0,0,0,2,0,0,0,0,2,0,1,3,5,0,0,1,0,0,0,0,0,0,0,0,0,1,1,0,0,0,1,2,1,0,0,0,4,0,2,0,1,4,1,0,0,0,0,0,0,1,0,0,1,0,1,0,0,2,0,0,0,2,0,1,0,0,0,0,1,1,1,1,0,2,3,1,0,0,0,0,0,0,1,2,0,2,2,1,3,0,0,0,0,1,0,1,0,0,0,0,0,0,0,1,0,5,1,0,1,1,0,0,0,0,0,0,0,0,0,0,0,0,0,0,1,2,0,0,2,0,0,0,2,1,0,0,0,0,0,1,0,0,2,0,3,1,0,0,0,0,0,0,0,0,0,1,1,0,0,0,0,0,1,0,3,1,0,0,1,0,0,0,1,0,0,0,1,0,0,0,3,0,0,0,0,0,0,0,0,0,0,1,2,1,0,0,0,1,0,0,0,1,0,0,0,0,0,0,0,0,0,0,0,0,1,0,1,1,0,1,0,0,0,1,0,0,0,0,0,0,0,0,0,3,0,4,1,0,2,2,0,0,0,0,0,1,0,0,0,0,0,0,0,0,0,0,0,0,0,1,0,0,3,2,0,1,0,0,0,0,0,0,1,0,0,0,0,0,1,2,2,0,0,1,0,0,0,1,2,0,1,0,0,0,0,0,0,0,0,0,0,0,0,0,2,3,2,0,0,0,1,0,0,0,0,0,0,0,1,1,0,0,0,0,0,0,0,0,0,0,0,0,0,2,0,0,0,0,2,0,0,0,0,0,0,0,0,0,0,0,0,0,1,0,0,0,0,0,0,0,0,1,0,0,0,0,0,0,0,0,2,0,0,0,0,0,0,1,0,0,0,0,0,0,0,0,0,0,0,0,0,3,0,0,0,0,0,0,0,0,0,0,0,0,0,0,0,0,0,0,0,0,0,0,0,0,0,0,2,0,0,0,0,0,0,0,0,0,1,0,0,0,0,0,0,0,1,0,1,0,0,0,0,1,0,0,0,2,0,1,0,0,0,0,1,0,0,0,0,0,0,0,0,0,0,0,0,2,0,1,0,0,0,0,2,0,3,0,0,0,0,0,2,0,1,0,0,0,0,0,0,0,0,0,0,0,0,1,1,0,0,0,0,0,0,0,3,0,1,0,0,1,0,0,0,0,0,0,0,0,0,1,0,0,0,0,0,0,0,2,0,1,0,0,1,1,0,1,0,0,0,0,0,0,0,0,0,0,0,0,0,0,1,0,0,0,0,0,0,1,1,2,0,0,0,0,0,0,0,0,0,0,1,0,0,0,0,0,11,0,0,0,2,1,0,0,0,0,0,0,0,0,0,0,0,1,0,0,0,0,1,0,0,0,0,0,0,0,0,0,0,0,3,0,2,0,3,1,0,1,2,0,0,0,0,1,0,0,0,0,0,0,0,0,0,0,0,0,0,0,0,0,0,1,0,0,0,0,0,0,0,0,0,0,2,0,0,0,0,0,1,0,0,0,0,0,0,0,0,0,0,0,0,0,0,0,1,0,0,0,0,0,0,0,0,1,0,0,1,0,0,0,1,0,0,0,0,0,0,0,0,0,lenin
lenin_lntolstoy_i_rab_dvizhenie.txt,2,0,0,1,0,0,0,0,3,36,0,0,0,0,0,0,4,1,0,0,3,0,0,0,0,0,0,1,0,0,0,3,0,0,0,0,8,0,0,2,5,0,32,2,6,1,1,0,7,3,1,0,2,0,0,0,11,0,0,0,0,0,0,8,2,0,0,0,1,0,0,3,0,0,3,1,0,3,0,0,0,7,1,1,1,1,0,0,0,0,1,0,0,0,1,0,0,3,0,0,3,0,2,0,0,0,2,1,0,0,0,0,0,0,0,0,0,0,0,0,1,1,0,2,0,3,0,0,2,0,2,2,1,0,0,10,0,5,1,0,0,0,0,0,1,2,0,0,0,1,3,0,0,1,0,0,0,1,0,0,0,4,1,3,0,0,0,0,0,0,1,0,0,0,0,1,0,0,2,0,0,0,0,0,0,0,2,0,0,0,0,0,1,2,0,0,1,0,1,2,0,0,0,0,1,1,0,1,1,0,0,1,0,8,0,0,0,0,0,1,0,1,0,0,0,0,2,0,0,0,0,0,2,0,0,0,0,0,0,0,0,0,0,0,0,0,0,0,0,0,0,0,0,0,0,0,0,0,0,1,0,0,0,0,0,0,0,0,1,0,0,0,0,0,0,2,0,0,0,0,0,0,0,0,1,2,0,1,0,0,0,0,0,1,0,0,0,0,0,0,0,0,1,1,0,0,0,1,0,0,1,0,0,0,0,0,0,2,1,0,1,0,0,0,0,0,0,0,0,0,0,0,0,0,0,0,11,0,1,0,0,2,2,0,0,0,0,2,1,0,0,0,2,0,0,0,0,0,0,0,0,0,0,0,0,1,0,0,0,0,3,1,1,0,1,0,0,0,0,1,3,0,0,1,0,0,3,0,1,0,0,0,0,0,0,0,1,0,2,1,0,0,0,0,0,0,1,0,0,0,0,0,1,0,0,0,1,0,0,0,0,0,0,2,0,0,0,1,0,0,0,0,0,0,0,0,0,0,0,0,1,0,3,0,0,0,0,0,0,0,0,0,0,0,0,0,0,0,0,0,0,0,0,1,0,0,0,0,0,1,1,0,0,0,1,0,1,0,0,0,0,0,0,0,0,0,0,0,0,0,0,0,0,1,0,0,0,0,0,0,0,3,0,0,0,0,3,0,0,1,0,0,0,0,0,2,1,0,0,1,0,0,0,0,0,0,0,0,0,0,0,0,0,0,4,0,2,0,0,0,1,0,0,0,1,0,0,0,0,0,0,0,0,0,1,0,0,0,0,0,0,0,1,0,0,0,0,0,0,0,1,0,0,0,0,0,0,0,0,0,0,0,0,0,0,0,0,0,0,0,0,0,0,0,0,0,0,0,0,0,1,0,0,0,0,0,0,0,0,0,0,0,0,0,0,1,0,0,0,0,0,1,0,0,0,0,1,0,0,0,0,0,0,0,0,0,0,0,0,0,0,0,0,0,0,0,0,0,0,0,0,0,0,0,0,0,0,0,0,0,0,0,0,0,0,0,0,0,0,0,0,0,0,0,0,0,0,4,0,0,0,0,0,1,0,0,0,0,0,0,0,1,0,0,0,0,0,0,0,1,1,0,0,0,0,0,2,0,0,0,0,0,0,0,0,0,6,0,0,0,0,0,0,0,0,0,0,0,0,0,0,0,1,0,0,0,0,0,0,1,1,1,0,0,0,0,0,0,0,0,0,0,0,0,1,0,0,0,0,0,0,1,0,0,0,0,0,0,0,0,0,0,0,0,2,0,3,0,1,0,0,0,0,2,2,0,0,0,0,0,2,0,0,0,0,1,2,0,0,0,0,0,0,0,0,0,0,0,1,0,0,0,0,0,0,0,0,0,0,0,0,0,0,1,0,0,0,0,0,0,0,0,0,0,0,1,0,1,0,0,0,0,0,0,0,0,0,0,0,0,0,0,0,0,0,0,0,0,0,0,0,0,0,0,2,1,0,0,0,0,0,0,0,0,0,0,0,1,0,0,0,1,0,0,1,0,0,2,1,0,0,0,0,0,0,0,0,0,0,1,0,0,0,0,0,0,0,1,0,0,0,0,0,0,2,1,3,0,1,0,0,0,0,0,1,0,0,0,0,0,0,0,0,2,0,0,0,0,0,0,0,1,0,0,0,0,0,0,0,0,0,0,0,0,0,0,0,0,0,0,0,0,0,0,0,0,0,3,0,2,0,0,0,0,1,0,0,0,0,0,0,0,0,0,0,0,0,2,1,0,0,0,0,0,0,0,0,0,0,0,lenin
lenin_max_min_I.txt,15,0,4,1,0,0,0,1,3,59,0,0,1,0,0,0,2,7,6,2,1,0,0,0,1,2,0,1,0,1,4,2,0,0,0,1,2,0,5,5,7,0,62,7,0,10,2,1,2,3,0,0,0,0,3,14,15,2,0,0,0,0,0,44,0,0,1,2,0,0,0,7,0,0,5,2,0,9,2,19,3,3,0,0,2,3,0,0,0,0,5,2,0,1,0,0,0,14,0,0,0,1,1,0,0,0,2,0,0,0,0,0,0,0,0,2,0,0,0,0,0,0,0,8,0,1,4,4,8,0,4,3,0,0,1,33,7,20,3,0,0,0,0,1,6,0,7,0,1,0,4,1,1,0,1,4,0,0,0,0,1,1,0,2,0,0,1,0,1,0,1,1,0,0,3,1,0,0,2,0,0,0,0,1,0,0,0,0,1,1,1,0,1,4,0,0,4,7,0,0,0,0,0,0,1,3,0,8,2,2,0,0,0,11,0,0,0,3,0,0,0,0,0,1,1,0,0,1,2,1,0,0,3,0,0,0,0,0,1,4,0,0,1,2,0,3,1,3,0,0,0,0,0,0,0,0,0,7,1,2,0,10,5,0,0,0,2,2,1,3,0,4,1,0,0,1,0,0,0,1,0,1,0,3,1,0,0,1,0,0,0,0,0,0,0,0,0,0,4,0,1,0,0,0,2,0,0,0,1,0,2,0,3,0,1,0,0,1,1,0,0,0,0,0,0,0,0,0,0,0,0,0,0,0,3,0,0,0,0,0,0,0,0,0,0,2,0,0,0,0,2,0,1,1,0,0,3,0,1,1,1,3,0,0,0,0,0,0,0,0,0,1,2,0,0,4,0,0,0,0,2,0,2,8,0,8,3,3,1,4,1,0,1,0,0,0,1,0,0,0,0,0,2,2,4,0,4,0,4,1,0,0,0,3,0,0,2,0,0,0,0,0,0,2,0,0,0,0,0,1,3,0,0,0,0,1,2,1,0,0,0,0,7,1,0,0,2,0,0,0,0,0,2,0,10,0,0,0,0,0,0,0,1,1,0,0,0,0,0,0,1,0,0,0,1,1,0,0,0,0,1,0,1,0,3,0,2,1,1,0,0,0,0,0,0,0,1,0,0,2,0,0,0,2,0,0,0,0,2,0,0,0,1,0,1,1,0,0,0,0,0,0,0,0,0,0,1,0,0,0,0,1,0,0,0,0,2,2,0,0,0,0,0,0,0,0,0,1,1,0,0,0,0,0,1,0,0,0,0,0,0,0,1,0,1,1,3,0,1,1,0,0,0,1,0,0,2,0,0,0,0,0,0,0,1,0,0,0,0,0,0,1,0,0,0,0,0,0,0,0,0,0,0,0,0,0,0,1,0,0,1,0,1,0,0,0,1,0,0,0,0,1,0,0,1,0,0,1,0,0,0,1,1,0,1,0,0,0,2,0,0,0,0,0,1,0,0,2,0,0,0,0,7,18,1,0,0,0,0,0,2,1,0,1,0,0,0,0,0,0,0,0,0,0,0,0,3,1,1,1,0,0,0,0,0,6,0,0,1,0,0,3,5,0,3,1,0,1,4,0,0,1,0,0,0,0,0,2,0,1,0,1,0,0,2,0,0,0,0,0,0,0,1,0,0,0,0,0,0,0,0,0,0,0,0,0,1,1,0,0,0,0,0,1,3,0,0,0,1,0,0,0,0,0,0,0,0,0,1,1,0,0,0,0,1,18,0,0,0,0,0,1,0,0,0,0,0,0,0,0,1,0,0,0,0,0,0,0,1,0,0,3,0,0,1,0,0,1,1,0,3,1,0,0,0,0,0,0,0,0,0,0,0,0,0,0,0,0,0,0,0,0,0,0,0,0,0,0,0,1,0,0,2,0,0,0,0,0,0,0,0,0,1,0,1,2,0,1,0,0,2,0,0,1,0,0,1,1,0,1,1,0,0,0,0,0,2,0,0,0,0,4,0,0,0,0,0,0,0,0,0,0,0,2,0,0,0,0,1,0,0,0,0,2,1,0,0,0,0,0,0,0,0,0,0,0,0,0,0,0,0,0,6,0,0,0,0,1,0,1,0,0,0,0,0,0,0,0,0,0,0,0,0,0,0,0,0,0,0,0,0,0,1,0,0,0,0,0,0,0,0,0,0,9,0,0,0,1,0,3,0,0,0,0,0,0,0,0,0,0,0,0,1,3,0,0,0,0,0,0,0,0,0,0,0,0,0,0,0,0,0,2,0,0,0,0,0,0,0,0,lenin
lenin_nacionalniy_vopros_I.txt,13,0,4,2,0,2,1,0,4,64,0,1,0,0,0,0,4,5,1,0,5,0,4,0,0,6,2,1,0,6,4,6,0,0,0,0,5,2,9,3,14,0,91,3,0,16,6,0,3,4,0,1,0,0,5,34,27,1,0,1,0,0,3,51,0,1,0,3,1,0,0,14,0,0,4,2,1,10,0,4,0,11,3,1,0,1,4,0,2,0,8,0,0,1,2,1,3,31,1,6,1,2,1,0,0,0,5,0,0,2,0,0,1,0,0,14,1,2,3,0,1,0,0,14,2,2,6,7,13,0,2,3,0,0,0,18,8,10,4,0,1,5,1,10,8,0,3,1,0,0,3,3,0,3,5,10,0,0,0,1,7,2,3,1,0,0,0,2,1,0,1,1,0,0,0,1,1,0,1,0,6,2,0,5,1,1,0,2,2,5,0,1,0,9,0,0,2,6,0,0,0,0,0,0,3,2,1,9,1,1,2,0,1,24,2,0,1,1,0,2,1,2,3,2,0,0,0,1,6,0,2,1,2,1,0,0,0,1,0,0,1,0,0,1,0,3,0,5,0,0,1,2,4,1,2,1,1,3,0,1,2,4,0,0,0,1,0,0,2,6,0,1,0,0,3,0,2,0,1,0,0,0,0,0,0,0,2,4,0,1,1,1,6,0,0,0,1,1,0,0,1,2,0,1,0,3,3,9,13,1,11,0,2,2,0,0,0,1,0,2,1,2,0,3,0,0,5,0,1,1,0,1,0,1,1,0,6,1,3,2,1,1,0,0,0,2,0,1,3,1,3,1,4,0,1,2,2,2,0,1,0,1,0,0,1,1,1,1,0,0,0,1,2,1,2,0,1,1,1,0,3,0,0,9,0,8,1,1,0,7,7,0,0,0,2,1,1,0,5,0,0,0,2,1,3,0,2,2,0,1,0,0,3,4,2,0,1,0,0,0,0,0,1,3,1,2,0,0,0,0,0,0,0,0,1,1,0,0,0,0,6,0,9,0,0,0,0,0,3,0,0,2,1,0,3,1,0,1,0,3,1,0,1,0,0,3,0,0,1,0,5,2,2,1,0,0,0,0,2,0,1,0,3,1,0,0,0,0,1,3,0,0,0,0,1,1,1,1,1,0,1,0,1,3,0,0,0,1,0,0,0,1,0,0,0,4,0,2,1,3,1,6,1,0,0,0,2,0,0,1,0,3,0,0,6,0,7,3,0,0,0,0,2,5,0,1,1,1,1,1,1,0,0,0,4,0,0,5,0,2,0,1,1,1,0,0,0,0,0,0,1,2,1,0,0,0,0,0,0,0,0,0,0,0,0,0,3,0,3,0,0,0,0,3,2,0,0,0,1,2,0,0,2,1,2,2,0,1,0,0,1,0,0,1,0,2,0,2,1,0,0,0,0,0,0,1,1,1,0,1,0,3,0,5,1,0,0,0,0,1,0,0,0,0,0,1,0,0,0,0,0,0,1,0,0,0,1,0,0,0,0,3,0,0,1,0,0,0,0,0,2,2,0,0,0,1,0,8,0,0,0,0,0,0,0,0,0,0,0,0,1,4,0,1,1,0,0,0,1,1,0,0,0,4,0,1,4,0,0,0,0,0,0,1,1,0,0,0,1,0,0,0,1,1,0,0,0,1,1,0,1,0,0,0,0,2,0,1,0,0,1,1,0,0,0,0,0,0,2,0,0,0,2,0,0,0,0,0,0,0,0,0,1,0,4,1,0,3,1,2,0,0,0,0,0,0,0,2,0,0,0,0,0,1,0,0,0,0,2,0,0,3,0,0,0,0,0,1,0,1,2,0,0,5,4,6,0,0,0,0,0,0,0,0,0,0,0,2,0,0,0,0,0,0,0,1,0,0,0,3,0,1,0,0,1,0,0,0,1,0,0,0,0,0,0,0,1,1,0,0,0,1,0,1,2,1,0,0,0,0,0,0,0,0,2,0,0,0,0,0,0,0,1,1,0,1,1,1,2,0,0,0,1,0,1,0,0,0,0,2,0,1,0,2,0,0,0,0,1,0,1,0,2,0,0,1,0,0,0,0,0,4,0,1,0,0,0,0,0,1,0,0,0,0,0,0,0,0,1,1,1,1,1,0,1,7,0,0,0,0,0,1,5,1,0,0,0,1,0,0,0,0,0,0,0,0,0,1,1,0,0,0,0,0,0,1,0,2,2,0,0,5,0,0,1,0,0,4,0,1,2,0,0,0,2,0,0,0,0,0,0,0,0,0,0,0,0,0,0,0,lenin
lenin_narodnichestvo_I.txt,10,0,0,0,1,2,2,0,3,83,0,0,1,0,0,0,3,3,1,1,1,0,1,0,2,1,0,0,0,3,3,5,0,0,0,1,11,0,2,9,5,0,96,8,5,21,1,1,2,2,0,0,0,1,2,3,31,4,1,0,1,0,1,36,0,0,0,1,0,0,0,9,1,0,9,1,1,12,0,0,1,8,0,1,0,1,1,0,1,0,4,0,0,0,1,0,2,24,0,0,1,0,1,0,0,0,0,1,0,1,0,0,0,0,0,9,0,1,0,0,0,0,2,6,0,5,0,5,5,0,4,9,3,0,0,19,6,11,2,0,0,4,0,2,6,1,5,1,1,0,3,0,1,4,1,1,0,1,0,0,2,1,1,1,0,0,1,18,0,1,1,0,0,0,1,0,0,0,0,0,1,0,0,0,6,3,0,0,2,1,1,1,1,7,0,1,2,2,1,0,1,0,0,1,2,4,2,10,0,1,0,1,0,14,0,0,0,0,1,1,3,3,1,4,2,0,1,0,4,0,1,0,2,0,0,0,0,1,1,0,0,2,0,0,2,2,0,3,0,1,1,0,0,0,1,0,0,1,2,0,2,10,3,5,0,1,1,0,4,5,2,0,0,0,1,1,2,0,0,0,0,4,0,0,1,0,0,1,0,0,0,1,1,0,0,0,0,0,0,0,1,1,2,0,0,0,5,3,0,0,4,0,1,2,1,0,0,0,0,1,0,0,0,1,0,1,2,1,0,3,1,0,0,0,0,0,7,1,1,2,3,0,0,1,0,1,0,0,0,0,1,0,1,0,1,2,5,0,0,1,0,2,3,0,1,2,4,3,3,0,1,1,1,0,0,0,0,0,1,0,0,0,1,9,0,1,4,1,0,1,1,1,2,0,1,0,0,0,0,0,0,0,5,1,3,1,1,0,0,0,0,0,0,1,0,1,1,0,0,0,0,0,0,1,0,1,0,0,0,0,3,0,0,0,3,3,0,2,0,0,0,0,6,1,1,1,1,0,0,2,0,0,0,0,3,0,1,0,0,1,1,0,0,0,0,0,0,0,2,0,1,0,2,0,1,1,1,0,3,0,2,0,0,0,1,0,0,1,0,0,2,0,0,0,1,1,1,0,0,1,0,0,0,1,0,0,1,0,0,0,0,0,1,0,4,6,0,0,0,0,0,0,0,0,0,1,0,0,2,0,0,0,1,0,3,2,6,1,0,0,0,0,0,0,1,0,0,2,0,0,0,0,0,0,0,2,1,0,0,0,2,1,0,2,0,0,1,0,0,0,1,0,0,0,0,0,0,0,0,0,0,2,0,0,0,0,2,1,0,1,0,0,0,0,0,0,0,0,0,0,1,0,3,3,1,0,1,0,1,0,1,0,1,0,0,0,0,0,0,2,0,0,1,0,0,1,1,0,0,1,1,0,5,1,1,1,0,0,0,0,0,0,0,0,0,0,0,0,0,0,0,0,0,0,0,3,1,2,2,0,1,2,2,0,0,0,0,0,0,1,4,0,0,0,2,0,0,3,0,0,0,0,1,0,0,0,1,0,0,1,0,0,0,2,0,2,0,1,0,1,0,0,0,0,3,0,0,0,0,0,1,0,0,1,1,0,1,6,2,5,3,0,1,0,1,0,0,0,0,1,0,2,0,0,0,1,0,1,1,2,0,4,0,0,0,0,2,0,3,2,0,0,0,2,1,0,1,1,0,0,3,1,3,0,0,4,1,0,0,0,0,0,0,0,0,5,1,0,1,0,1,0,0,0,1,0,0,0,1,4,0,0,2,0,1,0,0,1,1,0,0,0,0,0,4,2,4,1,0,1,3,0,1,0,0,0,2,1,0,0,1,0,0,0,0,0,0,0,0,1,0,1,0,0,1,0,2,0,0,0,0,0,0,0,0,0,0,0,0,0,1,0,0,0,0,0,0,0,2,0,0,1,0,0,3,0,0,6,0,0,1,0,0,2,0,0,0,0,1,0,0,1,0,1,1,0,0,0,0,0,0,1,0,0,2,0,0,0,3,0,0,0,0,0,0,1,0,2,3,0,2,0,2,0,2,1,2,3,1,1,0,0,0,1,3,0,0,0,0,0,1,3,1,13,0,0,0,0,0,0,0,1,1,0,0,1,0,0,0,0,0,0,1,0,0,0,0,0,1,0,0,1,0,0,0,1,1,1,0,0,0,0,0,3,1,2,0,1,0,0,0,0,0,3,1,0,0,0,0,0,1,0,3,0,0,0,0,0,0,0,lenin
lenin_ne_potuhla_iskra.txt,38,0,4,3,0,0,0,3,26,179,0,5,1,3,0,0,2,25,1,4,3,1,0,0,1,5,1,3,0,1,12,16,1,0,0,0,29,7,12,21,18,0,205,11,7,35,13,0,2,5,0,0,0,0,8,94,53,9,0,0,0,0,0,133,6,3,0,5,6,0,6,22,5,1,59,4,0,24,0,2,2,30,0,7,0,5,0,0,0,0,6,3,0,0,0,0,0,61,0,0,0,0,3,0,0,0,5,1,1,6,0,1,0,1,0,3,0,0,0,0,0,0,0,28,1,5,6,7,18,0,17,16,0,0,1,140,3,50,5,0,0,3,0,0,19,13,13,2,1,1,2,1,1,5,4,0,5,2,0,2,6,1,1,2,0,1,0,52,4,0,0,0,0,4,2,0,0,0,0,0,0,0,0,0,0,0,0,2,0,2,0,0,4,2,2,1,1,10,1,0,0,0,0,1,2,11,0,6,1,0,0,1,0,30,0,2,0,3,0,0,0,0,0,7,1,0,0,0,1,0,1,0,12,0,0,0,1,0,1,3,2,1,1,3,2,13,9,29,0,3,4,3,3,2,1,5,0,11,0,4,2,23,8,0,2,0,0,2,4,8,4,1,0,0,2,3,0,0,0,2,0,10,0,0,0,0,0,2,1,0,0,0,1,0,0,1,0,0,3,0,0,0,0,0,1,1,0,0,0,5,9,0,8,0,0,0,5,0,0,0,1,0,0,5,0,0,0,0,0,0,0,0,0,2,2,0,3,1,0,2,0,1,0,1,0,0,1,2,0,0,5,0,3,1,0,3,15,0,0,7,0,6,1,0,1,0,0,0,0,0,0,1,0,0,1,1,0,1,0,5,10,2,0,27,0,5,7,6,3,0,0,3,7,2,1,2,0,0,8,0,1,0,10,4,6,3,7,4,2,5,3,1,0,12,9,0,7,0,0,0,0,0,0,7,0,1,1,0,0,2,4,0,0,1,3,22,5,2,0,0,2,0,13,0,0,0,1,1,0,0,0,2,1,1,6,5,0,1,0,1,0,1,1,1,5,0,2,0,0,0,2,1,24,0,0,0,0,0,1,1,0,2,2,3,0,0,0,2,1,0,0,1,0,0,0,0,1,1,1,2,3,0,0,1,3,0,0,0,7,0,2,1,0,0,6,5,1,3,0,0,1,1,0,2,0,5,2,0,1,5,2,3,0,0,3,0,9,0,18,0,0,0,5,5,0,1,1,6,2,0,0,0,0,0,3,0,0,0,3,2,0,1,4,0,0,3,0,0,0,0,0,3,4,0,1,0,2,0,1,0,3,0,0,0,0,2,4,0,0,0,0,0,0,0,1,0,0,17,1,2,1,0,0,0,0,0,1,1,3,1,1,1,0,0,0,0,0,0,0,4,0,3,0,0,0,2,0,2,0,0,0,3,0,4,9,1,0,0,1,0,0,0,1,0,0,0,5,3,4,0,0,0,1,0,1,1,3,1,1,4,0,1,1,1,0,2,0,2,0,4,0,1,2,0,5,0,0,0,8,0,2,0,1,7,0,0,0,0,0,5,1,3,0,0,0,0,0,3,4,0,0,0,0,0,0,4,0,1,0,2,0,0,1,0,0,0,0,0,0,0,0,1,3,2,2,0,0,1,1,0,0,0,0,0,0,0,0,3,0,0,0,5,0,0,0,0,0,0,4,1,0,0,1,0,1,1,3,1,0,0,0,0,6,0,0,3,1,0,0,0,0,0,0,0,0,0,0,0,0,0,3,1,0,1,0,0,0,1,1,0,2,3,0,0,3,0,3,0,1,0,0,5,0,4,0,0,0,1,1,0,0,0,0,1,0,4,0,5,0,0,0,0,0,2,1,0,0,0,3,0,0,0,2,0,0,1,0,0,0,2,1,0,0,0,4,0,1,2,11,9,0,2,0,1,1,1,0,5,0,0,3,58,0,0,2,0,0,0,0,0,3,0,2,0,1,0,0,0,0,0,0,1,0,0,0,0,0,0,0,1,0,1,0,1,3,0,1,5,1,0,0,0,0,0,0,0,1,3,6,6,0,1,2,0,0,0,0,0,0,0,1,0,0,0,0,0,0,0,0,0,0,0,0,0,0,0,1,0,0,0,0,0,0,0,0,0,1,1,0,0,0,21,0,0,0,0,0,0,0,2,0,0,1,0,0,0,0,0,0,0,0,0,1,2,0,0,0,0,0,0,0,1,1,0,0,0,0,0,0,0,0,0,0,0,0,0,0,0,0,0,lenin
lenin_nepodan_zayzvlenie.txt,5,0,3,0,0,0,1,0,9,23,0,0,0,0,0,0,0,4,1,0,2,0,0,0,0,1,0,0,0,0,4,4,3,0,0,0,5,0,8,2,5,0,40,6,1,2,0,0,3,2,0,0,0,0,3,3,15,0,0,0,0,0,0,15,0,2,0,0,0,0,0,1,3,1,4,0,0,2,0,4,2,9,2,2,0,4,1,0,0,0,3,1,0,0,0,0,0,4,0,0,0,0,0,0,0,0,2,1,0,1,1,0,0,0,0,0,0,0,0,1,0,0,0,0,0,1,4,0,1,0,0,2,0,0,0,17,3,5,0,1,0,1,0,1,7,0,4,0,0,0,0,0,2,3,3,1,0,0,0,0,0,0,0,0,1,0,0,0,3,0,0,0,0,0,2,0,0,0,0,0,0,0,0,0,0,0,0,0,1,0,0,0,0,2,0,0,1,4,0,0,0,0,0,0,0,2,0,3,1,0,0,0,0,7,0,0,0,1,0,0,0,0,0,0,0,0,3,0,1,0,0,0,1,1,0,0,0,0,1,1,0,0,1,0,1,1,1,0,0,0,0,1,0,0,1,1,0,1,0,0,0,14,2,0,0,0,0,0,0,1,0,0,0,0,0,0,0,0,0,0,0,0,0,0,0,0,0,0,0,0,1,0,0,0,0,0,0,0,0,0,0,0,0,0,0,0,0,0,0,0,5,0,3,1,0,0,0,0,0,0,0,0,0,1,0,0,0,0,0,0,0,0,0,0,0,0,0,0,0,2,0,0,0,0,0,2,1,0,0,0,4,0,1,0,0,0,1,0,0,0,1,3,0,0,0,0,0,0,0,0,0,0,2,0,2,1,0,0,1,2,2,0,0,4,2,5,2,2,2,0,0,0,0,0,0,0,0,0,0,0,0,0,2,2,0,0,4,1,0,1,4,1,0,2,0,0,1,0,0,0,0,0,1,1,0,0,0,0,1,0,0,0,0,0,0,2,0,0,0,0,0,0,4,0,0,0,1,0,0,1,1,0,0,0,0,0,0,1,0,0,0,0,0,0,0,2,0,0,0,0,1,2,1,0,0,0,0,0,0,1,0,0,0,0,0,0,0,0,0,0,0,1,0,0,0,0,0,0,0,2,0,0,0,0,1,0,0,0,0,0,0,0,0,0,0,0,0,1,0,0,1,0,2,1,0,0,0,0,1,0,0,0,0,0,1,0,4,1,0,0,0,1,0,1,0,0,0,1,0,0,0,0,0,0,0,0,0,0,1,2,0,0,0,0,3,0,1,0,0,0,0,0,0,5,3,0,0,0,1,0,0,2,0,0,0,0,0,0,0,0,0,0,0,0,0,0,0,0,0,0,0,0,1,0,0,0,17,1,0,0,0,0,0,0,0,0,0,0,0,0,2,0,0,0,0,0,0,2,4,0,0,2,0,0,0,1,0,0,2,0,0,0,0,0,0,0,0,5,3,0,0,0,0,0,0,1,0,0,1,0,4,0,0,0,0,0,0,0,0,1,0,0,0,3,0,0,0,0,0,0,0,0,1,1,0,0,0,0,0,0,0,0,0,0,0,0,0,3,0,0,0,2,0,0,0,2,0,0,0,2,0,0,0,0,0,0,0,0,0,0,0,0,0,0,0,0,0,0,0,0,0,0,0,0,0,0,0,2,1,0,0,0,0,0,0,0,0,0,2,0,1,0,1,0,0,0,0,0,0,0,0,0,2,0,0,0,0,0,0,1,0,0,0,0,0,0,0,0,0,0,0,1,0,0,0,0,0,0,2,0,0,0,0,0,0,0,0,0,0,0,0,2,0,0,0,0,0,0,0,0,0,0,1,0,0,0,1,0,0,0,0,0,0,0,0,6,0,0,0,0,0,0,0,0,0,0,0,0,0,0,0,0,0,0,0,0,0,0,4,1,0,2,0,0,0,0,0,0,0,0,0,16,0,0,0,0,0,0,7,0,0,2,0,1,0,0,0,2,0,0,0,0,0,0,0,0,0,0,0,0,0,0,1,0,0,0,0,0,0,0,0,1,0,0,0,0,1,1,0,1,0,0,0,0,0,0,0,0,0,0,1,0,0,1,0,0,0,0,0,0,0,1,0,0,0,0,4,0,0,0,0,0,0,0,1,0,1,0,0,0,1,0,0,7,6,0,0,0,0,0,0,0,0,0,0,0,0,0,0,0,1,0,3,0,0,0,0,0,0,0,0,0,0,0,0,0,0,0,0,2,0,0,0,1,0,0,0,0,0,0,lenin
lenin_nuzhna_li_partiya_I.txt,8,0,4,0,0,0,0,1,1,34,0,0,2,0,0,0,0,3,1,2,1,0,0,0,0,4,0,1,0,9,2,5,0,1,0,0,3,2,3,5,5,0,57,6,7,4,2,9,1,1,0,0,0,0,1,11,16,0,0,0,0,0,0,31,1,2,0,1,3,0,0,5,0,0,2,0,0,5,0,15,0,6,1,0,0,0,0,0,0,0,3,0,0,9,11,0,0,21,0,0,1,1,0,1,0,0,3,0,0,3,0,0,0,0,0,13,0,0,2,0,0,1,0,2,0,2,2,0,5,0,0,3,0,0,1,17,2,8,2,0,0,0,0,6,9,2,2,1,0,0,2,0,1,3,1,0,0,1,0,0,0,2,0,1,0,0,0,3,0,0,0,0,0,0,2,3,1,1,2,0,0,0,0,0,0,0,0,1,0,2,0,0,0,4,0,0,3,7,0,0,0,0,0,0,0,1,1,5,0,0,1,0,0,12,0,0,0,0,0,0,1,0,1,0,0,0,0,0,1,0,0,0,1,2,1,0,0,1,1,2,1,1,1,0,1,1,0,0,0,0,0,0,0,0,0,0,2,2,1,0,1,11,2,0,0,0,2,0,2,5,0,6,3,0,0,1,1,1,1,0,0,0,0,4,0,0,0,1,0,1,0,0,4,4,0,0,0,0,1,0,0,1,0,0,0,0,1,3,5,0,4,0,2,1,0,0,0,2,1,1,1,0,6,3,0,0,1,0,0,0,0,0,0,1,0,0,5,0,0,2,0,0,0,0,0,1,0,0,1,0,2,1,0,2,0,1,1,2,0,0,0,2,0,0,0,0,1,0,0,1,0,0,4,0,0,1,0,0,0,1,1,0,1,9,1,1,1,0,0,0,0,0,1,0,1,0,0,0,2,0,0,0,3,2,2,0,2,3,1,1,0,0,0,0,0,0,0,0,0,0,0,0,1,3,0,0,2,0,0,0,0,0,0,0,1,0,0,1,0,1,2,0,6,1,0,2,0,0,0,1,0,0,0,0,3,0,0,3,0,0,0,0,1,1,0,1,0,0,2,1,0,0,1,0,1,1,1,0,0,0,0,1,3,0,1,0,0,0,0,1,0,0,0,1,0,0,0,0,1,2,1,0,0,0,0,0,1,0,0,0,0,1,0,0,0,1,0,0,1,1,2,2,0,0,0,0,0,1,1,0,0,0,0,0,2,0,2,1,0,0,0,0,0,1,0,0,1,1,1,0,0,0,0,1,3,0,0,2,0,1,0,0,0,0,0,1,1,0,0,0,1,0,0,0,0,0,0,0,0,1,0,1,0,0,0,0,0,1,0,1,0,2,0,0,2,0,0,0,2,0,0,0,0,0,1,0,0,0,0,0,0,2,2,0,0,2,0,1,0,0,0,0,0,1,0,2,2,0,0,2,0,3,0,2,1,1,0,0,0,0,0,0,0,0,0,1,0,1,1,0,2,0,9,16,1,0,0,0,0,0,1,0,0,0,0,0,0,0,1,0,0,0,1,0,2,0,0,0,0,1,0,1,0,0,0,0,0,0,0,1,1,0,3,2,0,0,0,0,1,0,0,0,0,1,0,0,0,1,0,0,0,0,0,0,1,0,0,0,0,0,0,0,0,0,1,0,0,0,0,1,1,0,0,0,0,0,1,1,0,0,0,0,0,0,0,0,0,0,1,1,0,0,0,0,0,0,0,0,0,0,0,0,1,0,0,1,0,0,0,0,0,0,0,0,0,0,0,0,0,3,1,0,0,1,0,0,0,1,0,1,0,0,3,0,0,0,0,1,0,0,2,0,1,0,0,0,0,0,0,0,1,0,0,0,0,0,0,0,0,0,0,0,0,1,0,0,0,0,0,0,1,1,1,0,0,0,0,0,1,1,0,1,0,1,0,0,0,0,0,0,0,1,1,0,1,1,0,0,0,0,0,0,0,0,0,0,0,0,0,0,0,4,0,0,1,1,0,0,0,0,0,0,0,0,0,0,0,0,0,0,0,0,0,0,0,0,0,0,0,0,0,1,0,1,0,0,0,0,1,0,0,1,0,0,0,0,0,0,0,0,0,0,0,0,0,0,0,0,0,0,0,1,0,0,0,0,0,1,0,0,0,0,0,0,0,0,0,0,0,0,0,0,0,1,0,0,0,0,1,0,2,0,0,0,0,0,0,0,1,0,0,0,0,0,0,0,0,1,0,0,0,0,0,0,1,0,0,0,0,0,0,0,0,0,0,0,0,0,0,0,lenin
lenin_o_manifeste_armyan_I.txt,5,0,0,0,1,2,1,0,1,28,0,0,0,0,0,0,1,1,1,1,3,0,2,0,0,0,0,0,0,4,8,3,0,0,0,0,4,0,1,2,5,0,39,4,5,6,0,0,0,0,0,0,0,0,2,14,15,0,0,0,0,0,1,10,1,0,0,0,0,0,0,2,1,0,3,1,0,3,0,2,0,6,1,0,0,0,0,0,0,0,0,0,0,2,6,0,0,9,0,1,0,0,0,2,0,0,2,0,0,1,0,0,0,0,0,16,0,0,3,0,0,0,0,1,1,0,1,0,3,0,0,2,0,0,0,6,2,3,0,0,0,5,0,5,2,0,2,0,0,1,3,0,0,3,0,0,0,0,0,0,3,2,2,0,0,0,1,0,1,0,0,0,0,0,1,1,0,1,1,0,2,0,1,0,1,2,1,2,0,3,0,0,0,0,1,1,0,3,1,0,0,0,0,0,0,0,0,2,0,1,0,0,0,13,3,0,0,0,0,0,2,0,1,0,1,0,0,0,4,0,0,0,1,0,1,0,1,1,0,2,0,0,0,0,0,2,1,1,0,0,0,0,0,0,0,0,0,2,0,0,0,5,0,0,0,0,0,0,1,0,0,1,0,0,0,2,0,0,1,0,0,0,0,0,1,0,0,0,0,2,0,1,2,0,0,2,1,1,0,0,0,1,0,0,0,0,1,1,10,0,2,1,0,0,0,0,0,3,0,1,0,0,0,1,0,1,1,0,0,0,0,0,0,0,0,0,6,0,0,0,1,1,1,0,0,0,0,0,0,3,5,0,3,0,0,2,0,0,0,0,0,0,0,0,0,0,2,1,0,0,0,0,1,0,0,0,0,0,0,1,1,0,0,4,0,0,0,0,0,5,2,0,0,0,0,0,0,0,0,0,0,2,1,1,0,0,3,1,1,0,0,0,1,1,0,0,0,0,1,0,0,0,1,0,1,0,0,0,0,0,0,0,0,0,1,3,0,1,0,0,1,0,1,0,0,0,0,0,0,0,2,0,0,0,1,0,1,1,0,0,0,0,0,0,0,0,2,0,0,0,1,0,1,0,0,1,1,0,1,0,3,0,0,0,0,0,0,0,0,1,0,0,0,0,1,0,0,0,1,0,0,1,0,0,0,0,0,0,0,0,0,0,0,0,0,3,0,1,0,0,0,1,0,0,0,0,1,0,1,0,0,0,0,0,3,0,2,3,0,0,0,0,2,2,0,2,0,4,0,0,1,0,0,0,0,0,0,9,0,0,0,0,0,0,0,0,0,0,0,0,1,0,1,0,0,0,0,0,0,0,0,0,2,0,1,0,0,0,0,0,0,1,0,0,2,0,0,0,1,0,0,0,1,2,2,0,0,0,0,0,2,1,0,1,0,0,1,0,0,0,0,0,0,0,0,0,0,0,0,0,0,0,1,4,0,2,0,0,0,0,0,0,0,0,0,0,0,0,0,0,0,0,0,0,0,0,0,0,0,1,0,1,1,0,0,1,0,0,0,0,0,0,0,0,0,0,1,3,0,0,0,0,0,0,0,0,0,0,0,0,0,0,0,0,0,0,1,0,0,0,0,0,0,0,0,0,0,0,0,0,0,0,0,0,0,0,0,0,0,0,0,0,0,0,0,0,0,1,0,0,0,0,0,0,0,0,0,0,0,0,0,0,0,0,0,0,0,0,0,0,0,0,0,1,0,0,0,0,2,0,0,0,1,0,1,0,0,2,0,0,0,0,0,0,0,0,0,1,0,1,0,0,1,1,0,0,0,0,0,1,0,1,0,0,0,0,0,1,0,0,0,0,0,1,0,0,0,0,0,0,2,0,0,0,0,0,0,0,0,1,0,0,0,0,1,0,0,0,0,0,0,0,0,0,0,0,0,0,0,0,0,0,0,0,1,1,0,0,0,0,0,1,1,0,0,0,0,0,0,0,0,0,0,0,1,0,0,0,0,0,2,0,0,0,0,0,2,0,1,0,0,0,0,0,0,0,0,0,0,1,0,0,0,0,0,0,0,0,0,0,0,0,0,0,0,0,0,0,0,0,0,0,0,0,0,0,0,0,0,1,0,0,0,0,0,0,1,0,0,0,0,0,0,0,0,0,0,0,0,0,0,0,9,0,0,0,0,0,0,0,0,0,0,0,0,0,0,0,0,0,0,0,0,0,0,0,0,1,0,0,0,0,0,0,1,0,0,0,0,0,0,0,0,0,1,0,0,0,0,0,0,0,0,0,1,0,0,0,0,0,lenin
lenin_ob_obstoyatelstvah.txt,7,0,1,0,1,1,1,0,2,36,0,0,0,0,0,0,0,2,0,1,0,0,0,0,0,4,0,1,0,0,6,4,0,1,0,0,2,2,8,4,9,0,51,7,5,4,3,0,0,0,0,0,0,0,6,1,29,5,0,0,0,0,0,38,0,1,0,0,1,0,3,5,0,0,6,0,0,5,0,4,3,4,0,3,0,1,0,0,0,0,5,0,0,0,0,0,0,19,0,0,0,0,1,0,0,0,2,3,0,0,0,0,0,0,0,1,0,0,0,0,0,0,0,13,0,1,5,5,3,0,3,3,0,0,0,35,4,14,0,1,0,1,3,0,9,3,5,0,0,0,3,0,0,1,0,1,0,0,0,0,1,0,0,2,2,0,1,3,1,0,0,1,0,1,1,0,0,0,0,0,0,1,0,0,0,0,0,0,0,1,1,0,1,2,0,0,1,6,0,0,0,0,0,0,0,2,0,3,2,0,0,0,0,15,1,0,0,0,0,0,0,0,0,0,1,2,3,0,5,0,0,0,1,0,0,3,1,1,0,0,0,4,0,0,0,1,0,1,0,0,0,0,0,1,0,0,0,6,0,0,0,14,7,0,0,2,0,0,0,1,0,0,0,0,0,1,0,0,0,0,0,1,0,0,1,0,0,0,0,0,0,0,0,0,0,1,0,0,0,0,0,1,0,0,2,0,0,0,0,1,6,0,0,0,0,0,0,0,0,0,0,0,0,3,0,0,0,0,0,0,0,0,0,1,0,2,0,0,0,0,0,0,0,0,0,3,1,1,1,0,1,0,0,0,1,2,3,0,0,0,2,1,0,0,0,0,0,0,0,0,0,0,2,0,0,0,1,0,1,0,1,0,0,9,0,2,2,1,1,0,0,0,0,1,1,0,0,1,4,0,1,0,1,2,3,2,1,0,1,1,0,0,0,1,1,0,1,0,1,0,0,0,0,1,0,0,2,0,0,0,0,0,2,0,2,1,2,0,0,0,0,1,8,0,2,0,0,0,0,0,0,0,1,0,5,1,0,0,0,0,0,0,0,0,1,0,0,0,1,0,1,2,0,0,2,0,0,0,0,0,0,0,0,0,0,0,2,0,1,0,0,0,0,0,0,0,0,0,1,0,0,0,1,2,0,0,0,0,0,0,0,0,0,0,0,1,1,1,0,0,1,0,0,0,0,1,0,0,0,0,1,0,0,0,0,0,3,1,0,0,0,0,1,3,1,1,1,2,0,0,1,0,0,0,2,0,0,0,0,2,0,0,1,0,0,0,4,0,0,0,0,0,0,0,1,0,0,0,0,2,2,0,0,0,1,0,0,0,0,0,0,0,0,1,1,0,1,8,0,0,0,0,0,0,0,0,3,0,0,0,0,0,0,0,0,0,1,0,0,0,0,0,0,0,0,0,0,1,1,1,0,0,1,2,0,0,1,0,2,0,3,0,1,2,0,0,0,3,5,19,0,1,0,0,0,0,1,0,0,3,2,0,0,2,0,3,0,0,0,0,0,1,0,0,0,1,2,1,0,0,0,0,0,3,1,0,1,0,0,0,0,0,1,0,0,0,0,1,2,0,0,0,0,2,0,1,0,0,0,0,1,0,0,0,1,0,0,0,0,0,0,0,0,0,0,0,0,0,0,2,0,0,0,0,0,0,0,2,0,0,0,0,0,0,0,0,0,0,4,0,0,0,0,0,0,0,1,0,0,0,0,0,2,0,0,3,0,0,0,1,0,0,0,0,0,0,0,0,0,0,1,0,0,0,0,0,0,0,1,0,0,0,0,0,0,0,1,0,0,0,0,0,1,0,0,0,0,0,1,0,0,0,0,1,0,1,1,2,0,0,0,2,0,0,0,0,0,0,0,0,0,0,0,0,0,0,0,0,0,0,0,0,0,0,0,0,0,1,3,5,0,1,0,1,1,0,2,0,0,0,0,29,0,0,0,0,0,0,1,0,0,0,1,0,1,0,0,1,0,1,0,0,0,0,0,0,0,6,1,0,0,0,0,0,0,0,0,0,0,0,0,0,0,1,0,0,0,1,0,1,0,0,0,0,0,0,0,0,0,1,0,0,0,0,0,0,0,1,0,0,0,0,0,1,0,0,0,1,0,1,0,0,0,0,3,1,0,2,0,5,0,27,0,4,0,0,0,0,0,2,0,0,0,0,0,0,0,0,0,0,2,0,2,0,1,2,0,0,0,0,0,0,0,0,0,0,0,0,0,4,0,0,0,1,0,0,0,0,0,0,lenin
lenin_ot_narodnichestva_marx.txt,4,0,3,1,1,1,0,0,1,54,0,0,0,0,0,0,3,6,3,6,1,0,0,0,1,3,0,1,0,7,2,1,0,0,0,1,5,1,1,10,4,3,77,6,3,16,2,0,2,1,0,0,0,0,4,7,19,1,0,0,0,0,0,32,0,1,1,0,0,0,0,7,1,1,0,2,1,6,0,2,1,2,1,0,0,1,1,0,1,0,4,0,1,0,0,9,0,25,2,7,0,4,2,0,0,1,6,0,0,1,0,0,0,1,0,5,1,9,0,0,0,5,0,3,0,4,3,0,5,0,8,8,0,0,2,23,1,7,2,0,0,6,2,4,7,0,2,2,0,0,7,0,0,4,3,0,0,0,0,0,2,2,0,0,0,1,1,0,0,1,1,1,0,0,0,0,0,0,1,0,4,2,0,3,1,0,0,2,0,1,0,1,1,4,0,1,5,3,3,0,0,0,0,1,0,3,0,5,1,2,5,1,2,13,0,0,1,0,0,5,2,5,2,1,0,1,2,0,3,0,2,1,4,0,0,0,0,0,0,0,0,0,2,0,0,0,2,6,0,0,1,1,3,2,0,0,0,2,0,2,0,9,2,1,0,0,2,0,4,6,0,0,0,0,0,1,0,0,0,3,0,1,0,0,1,0,0,0,0,0,0,0,2,0,0,0,1,1,1,0,0,1,1,1,0,1,2,2,5,1,16,0,0,0,0,0,0,1,0,0,0,1,0,1,0,2,1,0,0,2,0,1,0,0,0,0,7,2,0,0,3,1,0,0,0,1,0,0,0,1,3,1,0,0,0,2,3,1,0,1,0,1,0,0,0,1,2,4,2,2,2,1,2,1,1,1,1,1,1,0,6,0,1,6,0,2,1,1,2,0,0,0,1,0,0,2,1,0,3,0,0,0,0,2,1,2,3,0,0,0,0,0,0,2,2,3,2,1,1,1,0,0,0,5,0,0,1,0,0,0,0,0,0,0,3,0,0,0,0,0,2,0,6,0,0,4,0,0,2,1,0,0,0,0,2,0,0,5,0,0,1,0,0,0,0,1,2,0,0,0,1,0,0,0,0,0,1,1,0,0,0,0,0,0,0,0,1,0,1,1,1,0,0,0,1,1,0,0,2,0,0,1,3,0,0,0,0,0,0,0,0,0,1,0,0,0,0,1,1,1,0,2,0,1,0,0,0,0,0,0,1,0,0,0,2,0,3,0,0,0,0,0,0,0,0,0,0,0,2,0,1,0,0,0,2,0,3,2,0,0,1,0,0,4,0,0,0,0,1,0,2,0,0,1,0,2,0,0,0,3,0,1,0,0,1,0,0,0,2,0,0,0,0,0,1,0,0,0,0,1,0,2,2,0,2,0,0,1,1,0,0,0,0,0,0,4,1,0,1,0,1,0,0,2,1,1,0,0,0,1,1,1,0,2,0,0,0,0,1,1,0,0,0,0,0,0,0,0,0,0,0,0,0,0,0,1,1,1,1,1,2,1,0,0,0,0,0,0,0,0,0,0,0,0,3,1,0,0,4,0,0,0,0,1,0,0,0,0,0,0,0,3,0,0,0,0,0,1,0,1,0,0,0,0,0,0,0,0,0,0,0,0,0,0,0,0,0,7,4,0,0,1,0,5,0,0,0,0,0,0,0,0,0,0,4,1,0,0,0,0,0,0,0,1,1,4,0,0,0,0,0,0,0,0,0,3,1,0,0,0,0,0,4,0,0,0,0,0,0,0,0,0,1,0,0,0,1,0,0,0,1,0,3,1,2,0,0,0,1,0,2,1,0,0,0,0,0,0,0,0,0,0,0,1,10,1,3,1,0,1,1,0,0,1,0,0,0,0,0,0,0,1,0,0,0,0,0,0,0,1,0,0,1,4,0,0,0,0,0,0,0,0,0,1,0,0,0,0,0,0,0,0,0,0,1,0,0,0,2,1,0,1,0,0,0,0,0,0,0,0,0,0,0,1,0,0,3,0,0,0,0,0,0,0,0,0,0,0,0,0,0,0,0,0,0,0,0,0,0,0,0,3,0,0,0,0,0,0,1,1,4,0,0,1,0,1,1,1,0,0,0,0,0,0,0,0,0,0,0,0,0,0,0,0,0,3,0,0,0,0,0,0,0,1,0,0,1,0,0,0,0,0,1,0,0,0,0,0,2,0,0,0,0,0,0,0,1,7,3,1,0,0,0,0,0,3,0,0,0,0,0,0,0,0,1,1,0,0,0,0,0,0,1,0,0,0,0,0,0,0,lenin
lenin_otvet_na_kritiku.txt,44,0,6,1,0,1,0,4,12,113,0,1,0,0,0,0,4,10,6,0,4,0,4,0,0,3,0,3,1,2,15,6,2,3,0,2,11,1,15,10,8,4,138,18,6,20,11,0,3,5,4,0,0,1,11,43,40,0,0,0,0,0,2,92,2,0,2,3,0,0,0,10,5,1,16,5,1,19,0,4,2,24,1,1,0,3,3,0,1,1,10,0,2,0,3,1,0,34,0,0,1,1,1,0,3,0,3,0,0,6,0,0,0,0,0,7,1,1,0,0,0,0,2,11,0,6,1,7,21,4,9,6,9,0,1,46,7,26,9,1,0,5,0,3,34,1,9,0,2,1,6,4,0,9,9,4,0,0,0,0,3,5,1,1,1,1,1,5,0,3,1,3,0,0,0,0,0,0,1,0,1,1,0,1,0,0,0,0,1,6,0,0,4,2,2,2,9,11,1,0,2,2,1,4,5,13,0,17,4,2,2,0,0,22,1,0,0,6,1,2,2,2,1,2,0,1,1,0,5,1,0,0,6,0,0,1,1,0,3,4,1,0,2,0,0,5,5,2,0,7,1,4,11,0,0,1,0,5,2,3,0,31,9,1,0,1,4,1,2,8,2,0,1,0,0,2,3,1,1,2,0,0,1,0,1,0,1,0,0,1,1,0,1,0,0,1,0,2,0,0,0,1,0,0,0,9,12,5,8,2,11,2,1,3,0,0,1,3,0,0,0,0,0,2,1,4,0,0,0,3,0,0,0,0,2,2,4,0,0,0,0,1,0,0,0,1,0,3,0,0,5,0,5,3,0,6,3,0,0,2,0,4,2,0,1,3,0,1,2,0,1,0,7,1,0,0,0,0,2,0,4,0,0,18,0,6,9,1,1,4,4,1,2,3,6,1,3,0,6,1,0,0,6,5,6,1,4,3,0,0,0,0,1,5,0,1,4,0,0,0,0,0,2,1,5,1,4,2,0,0,2,1,0,0,3,1,0,8,0,0,7,0,13,0,1,1,2,1,1,3,0,2,1,0,6,0,1,3,0,1,0,0,1,0,2,1,1,0,0,0,6,2,3,0,2,0,1,0,2,3,7,1,3,0,0,0,0,0,0,1,1,0,0,0,0,0,0,1,3,2,1,0,0,2,1,0,2,0,2,0,0,0,1,0,1,11,0,3,2,2,0,6,2,0,0,0,3,1,0,4,2,1,1,0,3,1,10,6,0,0,0,0,1,1,0,2,0,2,5,0,2,0,0,0,4,3,0,0,0,2,0,2,1,0,2,0,0,0,0,1,1,0,2,1,0,2,2,0,0,1,0,3,4,1,2,0,2,0,1,1,0,0,2,0,2,0,0,0,0,0,0,0,7,2,0,0,0,1,5,1,1,0,0,0,0,0,0,0,0,0,0,5,0,0,1,5,1,0,0,0,0,4,1,4,8,1,0,0,1,0,0,0,0,0,1,0,0,0,0,17,2,0,0,0,0,0,5,0,7,3,1,2,0,0,2,0,0,0,1,2,1,0,1,0,2,2,1,6,7,0,0,0,1,0,0,0,1,0,0,1,2,1,0,5,3,0,2,1,0,0,0,0,0,1,1,0,0,1,0,3,2,0,0,4,2,2,20,7,3,0,2,1,0,4,0,1,0,0,1,0,5,2,0,1,1,0,0,0,0,0,1,2,0,0,3,2,2,0,0,1,0,1,1,2,0,3,0,2,0,0,10,1,7,0,3,0,0,1,0,4,1,1,0,0,0,1,0,1,0,2,0,0,1,1,2,1,1,2,1,1,2,1,0,0,0,0,2,0,0,0,1,0,1,2,2,0,2,0,1,1,0,0,2,0,0,1,0,0,0,1,0,2,0,3,1,7,0,0,0,0,0,3,1,0,0,2,1,0,0,0,0,0,0,0,1,0,0,0,0,1,0,0,1,1,1,3,1,2,0,0,0,0,0,0,1,0,1,0,0,0,1,0,0,1,0,3,0,1,1,0,0,2,1,2,1,0,0,0,0,2,0,3,3,1,2,2,1,1,1,0,0,1,0,1,0,0,0,0,5,3,3,0,0,0,31,2,4,2,0,2,0,0,0,1,0,0,0,0,0,0,0,0,0,0,0,0,1,0,0,0,1,0,0,1,0,0,2,0,0,0,0,0,0,0,0,0,0,0,1,0,0,1,0,0,0,0,0,6,3,1,0,0,0,2,1,0,0,0,0,0,0,0,1,0,0,0,0,0,0,0,3,0,0,0,2,0,0,0,0,0,lenin
lenin_padenie_port_artura.txt,14,3,2,1,0,0,0,2,1,45,0,0,0,0,3,0,3,6,8,3,1,1,0,0,3,4,1,3,1,0,8,8,0,0,0,0,3,2,3,4,12,0,87,7,1,13,2,0,6,3,1,0,5,1,4,3,24,1,5,3,0,2,2,35,0,1,1,1,1,2,1,15,2,1,3,0,0,10,0,0,2,10,1,5,0,1,2,0,2,1,7,0,0,0,0,1,8,19,12,8,0,2,1,2,1,1,5,1,0,2,0,0,0,0,3,2,0,1,0,1,0,3,0,8,2,1,12,5,12,3,4,6,0,0,0,23,2,6,2,0,1,6,0,3,5,1,2,0,0,0,7,0,0,4,2,0,0,0,1,0,2,4,2,1,1,0,0,1,0,4,0,0,0,0,0,0,0,0,1,0,2,0,0,0,0,0,0,1,0,2,0,0,0,5,1,0,7,10,0,0,0,0,0,0,4,0,0,3,1,1,0,4,1,4,0,1,0,1,1,0,0,0,1,3,2,1,2,3,3,5,0,2,3,0,0,0,0,1,0,0,2,0,2,1,0,1,0,2,0,0,0,1,2,0,0,0,0,2,0,0,2,13,0,0,1,0,2,0,6,3,0,2,0,0,0,1,1,0,0,0,0,3,0,0,0,0,0,4,0,0,0,0,2,0,0,0,0,0,0,0,0,2,1,1,0,0,0,4,5,0,4,0,0,0,0,0,0,0,0,0,0,1,0,1,0,0,8,2,0,1,3,0,3,0,0,0,11,0,3,3,4,6,2,0,0,1,1,0,1,2,5,0,0,1,0,0,5,1,1,1,1,1,0,0,0,0,1,0,1,0,0,0,3,0,0,0,0,0,2,1,2,0,0,7,0,0,3,1,0,0,0,0,0,0,0,0,0,0,6,2,0,0,2,2,3,0,3,2,0,0,0,0,1,0,0,0,0,0,0,0,5,1,2,2,0,0,1,0,0,1,2,0,0,1,2,2,0,0,0,0,1,0,1,0,0,0,0,0,0,3,0,0,1,0,1,0,1,1,0,1,1,0,0,0,0,0,2,0,1,0,0,2,0,0,0,0,0,0,0,2,0,0,1,0,1,0,0,1,2,0,0,0,0,0,0,1,2,0,0,0,0,1,2,0,1,1,0,0,0,0,2,2,3,0,0,0,1,0,0,2,0,1,0,1,1,0,0,0,0,0,1,0,0,0,4,0,1,2,0,0,0,0,0,2,0,0,0,1,3,0,0,2,1,0,2,0,0,0,0,1,0,1,0,0,0,1,0,1,0,0,4,1,0,0,0,0,0,0,1,2,1,3,3,0,0,2,1,0,0,0,0,0,0,0,0,0,0,0,3,0,1,0,0,0,0,3,0,0,0,0,0,2,0,0,0,1,0,2,0,0,0,0,0,2,0,0,1,1,0,1,1,0,0,0,1,0,1,0,2,0,0,0,0,1,0,0,0,0,0,0,0,0,0,0,0,0,0,0,0,1,1,1,0,0,0,0,0,0,1,0,0,0,1,0,1,0,0,1,0,1,0,0,0,0,2,0,0,0,3,0,0,1,0,0,2,0,0,0,0,1,0,0,0,1,0,0,0,0,0,0,0,1,0,0,0,0,0,1,0,0,0,0,1,0,0,0,0,1,1,2,0,1,1,0,0,2,0,0,0,0,1,0,0,0,1,1,0,0,0,1,0,0,0,2,0,0,0,1,0,0,0,0,1,0,4,0,5,0,1,0,0,0,0,0,0,0,0,1,1,0,0,1,0,0,0,0,0,1,0,2,0,0,0,0,0,0,0,1,2,1,0,0,0,0,13,4,3,0,1,0,0,0,0,1,0,0,0,1,0,0,0,0,3,1,1,0,0,0,0,1,0,0,0,0,0,0,0,0,0,0,0,0,0,0,2,0,0,0,0,0,0,0,0,0,0,0,0,0,0,0,0,0,2,0,0,0,0,0,0,1,0,0,0,1,0,1,0,0,0,0,0,0,0,0,0,0,0,6,0,0,0,0,0,0,1,0,1,2,0,0,0,0,0,0,0,2,0,0,0,0,0,0,0,2,0,0,1,0,0,0,2,2,0,0,0,0,3,1,0,1,1,0,0,0,1,1,0,0,4,1,1,2,0,0,0,0,0,16,0,0,0,0,0,0,0,1,4,0,1,0,0,0,0,0,0,1,2,0,1,0,0,0,0,0,2,0,0,0,0,1,0,0,0,0,1,0,0,0,0,0,0,0,0,0,0,0,0,0,0,0,lenin
lenin_partiynaya_organizaciya_i_literatura.txt,7,0,2,0,1,0,1,1,0,34,0,0,0,0,0,0,1,9,2,2,1,0,0,0,0,4,1,9,0,5,8,3,0,0,0,0,2,2,2,5,8,1,64,3,0,5,1,0,4,1,0,0,1,1,8,11,9,0,0,0,0,0,0,30,0,1,0,4,1,0,0,10,0,1,1,2,0,16,1,10,1,3,0,1,1,3,0,1,2,0,1,0,3,1,2,0,0,13,0,0,0,1,0,1,0,0,0,0,0,0,0,0,0,0,0,11,0,0,0,0,0,1,0,2,1,0,4,5,6,0,5,1,0,0,1,10,7,13,3,0,0,1,0,0,4,1,11,2,0,0,6,0,0,1,2,0,0,0,0,0,0,3,0,2,0,0,1,1,1,0,0,0,1,0,0,1,2,0,1,1,2,0,0,0,0,0,0,4,4,4,0,0,1,7,0,0,4,4,0,1,0,1,0,0,0,1,0,12,0,0,0,0,0,4,0,0,0,1,0,0,2,0,0,0,1,0,2,0,4,3,0,0,4,0,0,0,0,0,0,0,5,0,2,0,1,1,1,5,0,1,0,1,1,0,0,0,0,1,2,1,0,6,1,2,0,0,0,0,3,1,0,3,1,0,0,0,2,1,0,0,0,0,0,0,1,0,0,1,0,0,0,0,0,0,0,2,0,0,1,0,1,2,0,0,0,0,0,5,5,1,0,0,0,0,0,0,3,1,0,0,1,0,1,0,0,0,2,1,0,1,0,0,1,0,0,0,5,0,0,0,0,0,0,0,0,0,0,0,3,9,1,0,0,1,0,0,1,0,0,1,0,3,3,0,0,1,1,2,1,1,0,0,0,0,1,0,0,0,4,1,0,0,0,7,1,3,4,0,0,0,0,0,0,0,0,0,0,0,1,0,0,0,1,2,1,0,2,2,0,0,0,0,0,6,0,4,2,0,0,0,0,0,0,0,0,1,1,0,0,0,0,0,0,0,3,7,0,0,1,0,1,0,0,0,0,0,0,0,0,0,0,0,2,0,1,0,1,2,0,0,0,0,0,0,0,0,0,1,0,3,1,1,0,0,1,0,0,0,0,0,0,1,0,0,0,0,0,0,0,1,0,0,0,0,1,0,0,0,1,0,0,0,1,0,1,0,0,2,2,0,0,0,0,0,0,3,0,1,0,2,1,1,0,0,0,0,1,0,0,2,0,0,0,0,1,0,0,0,0,0,0,0,0,3,2,2,1,0,4,0,0,3,0,0,2,1,0,0,0,0,0,1,1,0,0,0,0,2,0,0,1,0,2,0,1,0,1,0,0,0,0,0,0,0,0,0,1,0,1,0,0,1,0,10,4,0,3,0,0,0,0,0,1,0,1,0,0,2,0,0,1,0,0,1,0,0,7,0,0,0,0,3,0,1,2,0,0,1,2,0,1,0,0,0,1,0,0,0,0,0,0,0,0,0,0,1,0,0,0,0,1,0,0,0,1,1,0,0,0,0,0,2,0,0,0,1,0,1,0,1,0,0,0,0,0,0,0,0,0,0,0,0,0,0,0,1,0,0,0,3,1,1,0,0,1,0,0,1,2,1,0,0,0,0,0,0,0,0,0,0,0,0,1,1,0,0,0,0,0,0,0,0,0,0,0,0,0,1,0,1,0,1,0,0,0,0,0,0,0,0,0,0,0,0,0,0,0,0,0,1,0,0,0,0,0,0,0,0,0,0,0,0,0,0,0,4,0,0,0,0,1,0,0,0,0,0,0,0,0,0,0,0,0,0,0,0,0,0,0,0,0,0,0,0,0,0,0,0,0,0,3,0,1,1,2,0,3,0,0,0,2,0,0,0,1,0,2,1,0,1,0,1,0,0,0,0,0,3,0,1,0,1,0,0,2,0,0,0,0,0,0,1,0,0,0,0,0,0,0,1,2,0,0,0,0,0,0,0,0,0,1,1,0,0,3,1,0,0,0,0,0,0,0,0,0,0,0,0,0,0,0,1,0,1,0,0,0,0,0,0,1,0,2,0,0,0,0,0,0,0,0,0,0,0,0,0,0,0,1,0,0,0,3,0,0,0,0,0,4,0,0,0,0,1,6,0,0,0,0,0,0,0,0,0,0,0,0,0,0,0,0,0,3,2,1,1,2,0,2,0,2,0,0,0,0,0,0,0,2,1,0,0,1,0,0,0,0,0,0,3,0,0,0,1,0,0,0,0,0,0,0,1,0,0,0,0,1,0,0,0,0,0,0,0,0,0,0,0,0,0,lenin
lenin_pervaya_pobeda_revolucii.txt,6,1,1,2,2,4,0,1,5,55,0,2,1,2,0,2,2,7,2,0,4,1,1,0,0,5,6,3,0,1,7,7,0,0,0,1,5,2,1,5,9,1,66,9,2,5,7,1,5,1,1,0,0,0,3,6,20,0,3,3,0,3,0,34,0,0,0,3,2,0,0,10,3,0,3,6,0,11,0,1,4,6,0,0,1,0,0,2,6,0,2,0,1,1,3,1,0,15,4,4,0,4,1,5,1,0,1,2,0,0,0,0,2,1,0,4,0,0,0,1,0,0,0,1,1,1,8,2,12,0,3,10,0,1,1,17,5,9,1,0,0,7,0,4,4,0,2,0,0,1,5,1,0,0,1,1,0,0,3,0,0,6,0,2,0,0,0,0,0,1,0,1,0,0,0,1,0,0,0,0,1,0,0,1,0,1,0,2,0,3,1,1,2,8,0,0,3,23,0,1,1,0,0,1,0,2,0,3,0,0,0,1,0,8,0,0,0,0,0,2,0,0,0,0,1,1,1,0,3,1,0,0,1,0,1,0,0,2,1,0,0,0,0,2,0,2,0,1,0,0,0,0,0,0,0,0,0,2,0,0,0,13,1,0,2,1,1,0,2,1,0,4,0,0,1,0,3,1,1,0,0,2,0,0,1,0,0,2,0,0,0,1,4,1,0,0,0,0,0,0,0,1,0,0,0,0,0,4,5,1,2,0,0,0,0,0,0,0,0,0,6,2,1,2,0,0,12,2,0,1,0,1,3,1,0,0,6,1,0,2,0,6,2,1,0,0,0,0,3,7,3,0,1,2,0,2,1,2,0,0,2,4,0,0,0,0,0,2,0,0,1,1,2,0,0,0,0,0,1,0,0,0,1,10,0,0,1,2,1,0,1,0,0,0,0,0,0,0,1,0,0,0,4,0,0,0,3,0,1,0,0,0,0,3,0,1,3,0,0,1,2,6,0,0,1,1,0,0,3,0,1,2,0,0,1,1,2,0,0,0,1,0,0,0,0,0,1,0,2,4,0,1,0,0,3,3,0,0,0,0,1,0,0,0,1,1,0,0,3,0,0,1,0,5,1,0,0,0,1,0,0,1,0,0,0,0,0,0,0,2,0,0,0,0,0,2,0,0,0,4,0,3,1,2,1,1,0,0,1,0,1,0,0,4,1,0,2,0,1,3,0,1,0,0,0,0,0,0,3,0,0,0,0,0,3,0,1,0,0,0,0,0,0,2,0,0,0,1,0,0,1,0,0,0,2,0,0,0,0,0,0,0,1,0,1,0,0,0,0,0,1,0,0,0,0,1,1,0,0,0,0,1,0,0,0,0,1,0,0,0,0,0,0,0,0,3,1,0,1,0,1,0,0,0,0,3,0,0,0,0,1,1,0,0,0,1,0,0,0,0,0,0,0,0,0,1,1,0,0,0,1,0,0,0,0,0,0,0,1,0,0,0,0,0,0,3,0,0,0,0,0,0,0,0,1,0,0,1,2,1,0,2,0,0,0,2,1,1,0,1,0,0,0,1,0,0,0,2,0,2,0,0,0,0,1,0,0,4,0,0,0,0,0,0,0,1,0,2,0,1,0,0,0,0,0,0,0,0,0,1,0,2,0,0,0,1,0,2,2,0,3,1,0,1,1,1,0,0,0,2,0,0,0,0,0,1,0,0,0,0,1,0,0,0,0,1,0,0,0,0,0,1,2,0,0,0,1,0,0,0,0,0,0,0,0,1,0,0,0,1,0,0,0,0,0,0,2,0,1,0,0,0,0,0,0,0,2,0,0,0,1,1,2,0,0,0,1,0,0,8,0,0,0,1,2,2,0,0,0,0,0,1,0,2,1,0,0,1,0,3,0,0,0,0,0,0,0,1,0,1,0,0,1,0,0,0,0,0,0,0,0,0,0,0,0,0,0,0,0,0,0,0,1,0,0,0,0,1,0,0,0,0,3,0,0,0,0,0,0,0,0,0,1,1,0,1,0,0,0,1,0,0,1,1,0,0,0,1,0,0,0,0,0,2,0,0,0,1,1,0,0,0,0,0,0,0,0,0,0,0,4,0,1,1,1,0,0,0,0,0,0,3,2,0,1,0,0,0,0,0,0,0,0,0,0,1,0,1,1,0,1,1,0,5,0,0,0,0,0,0,0,0,0,0,0,0,0,0,0,0,0,0,0,0,0,0,0,0,0,0,0,0,0,0,0,1,0,0,0,0,0,0,0,0,0,0,0,0,2,0,0,0,0,0,0,0,0,0,0,0,lenin
lenin_pismo_v_iskru_I.txt,3,2,2,1,0,2,0,2,2,25,0,0,0,2,0,0,1,5,4,0,5,0,0,0,0,3,0,1,1,0,11,3,0,0,0,1,1,0,1,2,6,0,51,7,6,2,4,0,6,0,0,0,0,0,1,7,18,1,0,0,0,0,0,22,1,4,0,0,0,0,0,6,1,0,2,0,0,14,0,9,3,13,1,0,0,1,1,0,0,0,1,0,0,0,0,0,0,10,0,0,0,1,1,0,0,0,1,1,0,1,0,0,0,0,0,2,0,0,0,0,0,0,0,2,1,2,0,7,11,0,2,2,0,0,0,7,19,4,0,0,0,3,0,0,6,0,3,2,0,0,2,1,3,2,1,0,0,0,0,0,3,3,1,1,0,0,0,0,0,0,0,0,0,0,0,0,0,0,2,0,0,1,0,0,0,0,1,0,1,3,0,1,0,0,1,0,0,0,1,0,0,0,0,0,1,0,0,10,1,1,2,0,0,18,0,0,0,1,0,0,0,0,0,0,0,0,0,0,0,1,0,0,0,0,0,0,5,0,2,2,0,0,0,0,0,3,1,7,0,0,0,0,1,2,0,1,0,2,1,1,0,4,0,0,0,1,0,0,5,4,0,0,0,0,0,3,0,0,0,0,0,0,0,1,0,0,0,0,0,0,0,0,0,0,0,0,0,0,0,1,0,0,0,0,0,0,0,0,0,0,0,0,0,0,0,0,0,0,0,0,4,0,1,1,0,0,0,0,0,0,0,0,0,1,2,1,0,0,0,0,1,0,0,0,0,1,0,0,1,0,2,0,0,0,1,2,0,0,0,0,1,0,0,0,0,0,0,0,0,0,0,0,2,0,0,0,0,0,0,1,2,0,0,6,0,1,0,1,0,0,0,0,0,0,0,0,1,0,1,0,0,0,2,1,0,0,1,0,0,0,0,0,0,4,0,0,0,0,1,0,0,0,0,1,0,0,1,0,0,0,0,0,0,0,3,1,0,0,0,0,1,0,7,0,2,0,0,0,0,0,0,2,0,0,2,0,5,0,0,0,3,0,0,0,0,0,1,0,0,0,0,0,0,0,0,0,1,0,1,0,0,0,0,0,0,0,0,0,0,0,0,4,0,0,0,0,0,1,2,3,2,0,1,1,0,0,0,0,0,0,1,0,0,0,2,1,3,0,1,3,0,1,0,0,0,0,0,0,0,0,0,0,0,0,0,0,2,0,0,0,0,0,0,0,0,0,1,1,2,0,0,0,0,0,2,0,0,1,0,1,0,0,0,0,0,0,2,1,0,0,0,0,0,0,0,1,0,0,0,0,0,1,0,0,2,0,0,0,1,0,0,1,0,2,3,0,0,0,0,0,2,0,1,0,0,0,1,0,0,0,2,0,0,0,0,0,1,0,0,0,0,1,0,0,0,2,4,1,0,0,0,4,0,0,2,0,0,0,0,0,0,0,0,1,0,0,0,0,0,0,0,0,0,0,0,0,0,0,0,2,0,0,0,0,0,0,0,0,1,0,0,0,0,0,0,0,0,0,0,0,0,0,0,0,0,0,0,0,0,0,0,1,0,0,0,0,1,0,0,0,0,1,0,0,0,0,0,4,0,0,0,1,0,0,1,0,0,0,0,0,0,0,0,0,0,0,0,0,0,1,1,0,0,0,0,0,0,1,0,0,0,0,0,0,0,0,0,1,0,0,0,0,0,0,0,0,0,0,0,0,4,0,0,0,1,0,1,0,2,0,0,0,0,0,0,0,2,0,0,0,0,0,2,0,0,0,2,0,0,0,0,0,0,0,2,0,0,1,0,0,0,0,0,1,0,0,0,0,0,0,0,0,0,1,0,0,1,0,0,0,0,0,1,0,0,0,0,0,0,0,0,0,0,0,0,0,0,0,0,0,0,0,0,0,0,0,0,0,0,1,2,1,0,0,0,0,0,0,0,0,0,2,0,0,1,0,0,0,0,0,2,2,0,0,0,0,0,0,0,0,0,0,0,0,0,0,0,0,0,0,1,0,0,0,0,0,3,0,0,0,0,0,0,0,0,0,0,0,0,0,0,0,0,0,0,0,0,2,0,0,0,0,0,0,0,0,0,0,0,0,0,0,0,0,0,0,0,0,0,0,0,0,0,0,0,0,0,0,0,0,3,0,0,0,0,0,0,0,0,0,0,0,0,0,0,0,0,0,0,0,1,0,0,0,0,0,0,0,0,0,0,0,0,0,0,0,0,0,0,0,0,0,0,0,0,0,0,0,0,0,lenin
lenin_po_povodu_bunda_I.txt,13,0,2,2,2,0,0,0,8,53,0,0,3,4,0,0,2,1,1,5,7,0,0,0,2,2,0,3,0,4,3,4,0,0,1,2,9,1,6,3,3,0,57,6,2,9,3,4,1,0,0,0,0,0,1,21,19,1,0,0,0,0,1,49,1,0,0,0,1,1,0,8,2,1,8,2,0,10,1,7,3,15,0,3,0,2,0,0,0,0,0,0,0,4,0,0,0,18,0,0,4,6,0,0,1,1,0,0,0,0,0,0,0,0,0,8,0,0,0,0,0,0,0,2,0,1,1,1,3,0,0,5,0,0,5,39,2,9,2,0,1,1,0,0,10,3,2,0,0,0,2,1,0,2,3,2,0,0,0,1,0,0,0,1,0,0,1,3,0,0,1,2,0,0,2,0,0,0,1,0,0,0,2,0,0,1,0,1,1,1,0,0,0,0,0,0,1,4,0,0,0,2,2,0,0,5,0,7,0,2,0,1,0,6,0,0,1,0,0,0,0,0,0,5,0,2,2,0,1,0,0,0,2,0,0,0,0,0,1,1,0,0,1,0,0,6,2,0,0,0,1,1,1,0,0,1,0,3,0,1,0,15,1,0,0,1,1,1,0,2,0,2,2,3,0,3,1,1,0,0,0,2,0,2,1,0,0,1,0,0,0,0,1,1,0,0,0,0,0,1,1,2,0,0,0,0,0,1,2,0,3,0,3,4,1,0,0,0,0,0,0,1,0,1,0,0,0,1,0,0,0,0,0,3,0,0,3,1,0,2,0,1,0,0,0,0,0,0,0,0,1,0,0,1,3,0,1,0,0,4,0,1,0,0,0,0,0,0,0,0,2,1,2,0,0,3,0,0,1,0,1,0,0,7,1,2,3,0,1,0,1,0,1,0,0,0,0,0,4,0,1,0,3,2,2,0,2,0,0,0,1,0,0,1,3,0,5,0,0,0,0,0,1,3,2,1,0,1,0,0,2,0,1,0,1,1,0,0,0,0,0,2,3,0,0,0,0,0,0,0,0,1,0,0,5,0,0,1,0,1,0,0,0,0,2,2,0,0,0,0,3,2,0,0,6,0,0,0,0,0,0,0,0,0,0,0,0,0,0,0,0,1,0,0,0,0,2,1,0,6,0,0,0,0,0,0,0,0,1,0,2,0,0,0,2,0,0,0,0,0,0,0,0,0,0,1,2,0,1,0,1,1,1,0,0,0,8,0,0,0,0,1,0,1,0,0,0,1,0,0,0,0,0,0,0,0,0,0,0,1,0,0,2,0,0,0,5,0,0,1,1,0,0,0,0,0,1,0,1,2,3,0,0,1,0,0,2,0,1,0,0,0,0,0,1,0,2,0,0,0,2,0,0,0,0,0,0,2,0,0,0,0,1,0,0,0,0,0,0,0,2,0,0,2,0,1,0,0,1,0,0,1,0,2,2,2,0,0,3,1,0,0,3,1,0,0,0,6,3,0,2,0,23,26,0,0,1,0,1,0,1,2,1,1,0,0,0,0,0,0,0,1,0,2,1,0,0,1,0,1,3,0,0,2,0,0,0,0,0,2,0,0,1,0,0,1,0,2,0,0,0,0,0,1,0,0,0,0,0,1,1,2,0,2,0,0,0,0,0,0,0,0,1,1,0,1,1,0,0,0,0,0,0,0,0,0,1,1,0,0,0,1,0,0,0,0,0,0,2,0,0,0,0,0,1,0,0,0,0,0,0,0,1,0,0,10,0,0,0,0,0,0,2,0,0,0,0,0,0,0,1,1,0,0,0,0,0,0,0,0,0,3,0,0,0,0,3,0,0,0,0,1,0,0,0,0,0,2,0,0,1,0,0,1,0,1,1,2,0,1,0,1,1,3,0,0,0,0,0,0,3,0,2,0,3,1,0,0,0,0,0,1,0,0,0,0,0,0,0,0,0,0,0,1,0,0,0,0,0,0,0,0,0,0,0,0,0,0,0,2,0,1,0,0,0,0,0,0,0,0,0,0,0,0,0,0,0,0,0,0,1,0,1,0,0,1,0,0,0,0,0,0,0,0,0,0,0,0,1,0,0,0,3,1,0,0,0,0,0,0,0,0,0,0,0,0,0,0,0,0,0,1,0,0,0,0,0,1,0,0,0,0,0,0,0,0,0,0,0,0,1,0,1,9,0,0,0,0,0,0,0,0,0,0,0,0,0,0,0,0,0,0,0,0,0,0,0,0,0,0,0,0,0,0,0,0,0,0,0,0,0,0,0,0,0,0,0,0,0,0,lenin
lenin_pochemu_quit.txt,8,0,2,0,0,0,1,1,6,63,0,0,0,1,0,0,0,3,0,1,5,0,0,0,0,3,0,2,1,0,3,3,1,0,0,0,5,0,2,5,4,0,76,14,0,8,2,2,3,4,0,0,0,0,0,8,31,0,0,0,0,0,1,21,1,1,0,0,0,4,0,6,3,2,1,1,0,4,1,15,0,20,0,7,0,4,1,0,0,0,6,0,4,0,0,0,0,12,0,2,0,3,0,0,0,0,1,0,0,2,1,0,0,0,0,1,0,0,0,0,0,0,0,4,1,2,2,6,7,0,0,5,0,0,0,24,1,10,2,0,0,1,0,1,4,2,1,0,0,0,5,1,1,1,3,0,3,1,0,1,1,1,0,1,2,1,1,0,1,0,0,0,0,0,1,0,0,0,0,0,0,0,0,0,0,1,0,0,1,0,0,1,1,1,0,0,1,7,0,0,0,0,0,0,0,0,0,2,0,1,0,1,0,12,0,0,0,3,0,0,0,0,0,1,0,1,2,0,1,0,0,0,5,1,0,0,2,1,0,1,0,1,0,0,0,0,2,4,1,0,0,3,0,0,1,0,0,3,3,0,0,19,5,0,0,0,2,1,1,0,0,4,0,0,0,2,0,0,0,2,0,3,0,1,1,0,0,2,0,0,1,0,0,0,0,0,0,0,0,0,0,1,1,0,0,0,0,0,0,1,6,0,0,0,0,0,1,1,1,0,0,0,0,4,0,0,0,0,0,0,0,0,0,0,0,1,2,0,1,0,1,0,0,0,0,0,0,0,0,0,0,0,0,0,0,0,2,0,0,0,1,2,3,0,1,2,0,0,0,2,1,0,2,0,0,7,0,0,0,1,0,0,0,4,0,2,4,0,0,0,0,0,1,0,0,0,0,0,0,1,0,0,4,1,6,1,1,0,5,2,3,0,0,0,1,0,2,1,0,0,0,0,1,0,0,0,0,0,0,0,0,0,0,1,1,4,0,2,0,0,0,0,2,1,0,0,0,0,0,2,0,1,0,1,5,0,0,1,0,0,0,2,0,0,0,0,0,0,1,0,0,2,4,0,0,0,0,0,1,0,0,0,1,1,0,0,0,0,0,0,0,2,0,1,1,0,0,0,2,0,2,0,1,1,1,0,0,0,0,0,0,0,0,0,0,7,2,0,0,0,1,0,5,0,0,0,1,0,2,0,0,1,0,0,1,0,8,0,0,0,0,5,0,2,0,0,0,0,1,0,0,0,1,0,2,0,0,1,1,1,0,0,0,0,2,0,7,0,0,0,2,0,0,0,3,0,0,0,0,0,0,1,2,1,5,0,0,0,0,0,0,0,0,0,1,2,0,0,0,0,1,0,0,0,0,0,6,1,0,0,0,0,0,0,0,1,1,0,0,0,1,1,0,0,0,3,1,0,2,2,0,2,0,7,1,0,0,8,0,0,5,5,0,3,0,1,0,18,7,0,0,0,0,3,0,0,0,0,0,0,5,0,1,0,0,0,0,0,0,0,0,0,1,0,1,0,0,0,0,0,0,1,0,0,0,0,0,0,0,1,0,1,5,0,0,0,1,1,0,0,0,0,0,1,0,0,0,0,0,0,0,0,0,0,0,0,0,0,0,0,0,0,0,0,0,1,0,1,1,0,0,0,0,0,0,1,0,0,0,0,0,1,0,1,0,0,0,0,1,2,0,0,0,0,0,1,0,0,2,0,2,0,2,1,1,1,1,0,0,0,0,0,0,0,0,0,0,0,0,0,0,0,0,0,0,0,0,0,0,0,0,0,0,0,4,0,0,0,0,0,0,0,0,0,0,0,0,0,1,0,0,0,1,0,0,1,1,0,0,0,0,0,0,1,1,1,0,0,0,0,1,0,0,0,2,0,0,1,0,0,0,0,0,0,0,0,0,1,1,1,0,0,0,0,1,0,0,0,0,0,0,8,0,0,1,0,1,0,0,0,0,0,0,0,4,0,0,2,0,0,0,0,0,0,0,0,0,3,0,0,0,1,0,0,0,0,0,0,0,0,0,0,0,1,0,1,0,0,0,0,0,0,0,0,0,0,0,0,0,0,0,0,0,0,0,0,0,0,0,0,0,0,0,0,0,0,0,0,0,2,0,0,0,0,1,7,0,0,0,5,6,3,0,11,8,0,0,0,0,0,0,0,3,0,0,0,0,0,0,0,0,0,1,0,0,4,0,0,0,0,0,2,0,0,0,0,1,0,0,2,0,3,0,0,0,2,0,0,0,0,lenin
lenin_polozhenie_bunda_I.txt,23,0,2,1,0,2,3,0,2,97,0,0,2,0,0,0,4,7,6,1,6,0,0,0,0,5,0,0,0,0,5,1,2,0,1,4,12,3,9,18,13,0,99,17,9,23,4,1,7,5,0,0,0,0,6,7,28,3,3,6,0,1,0,40,2,0,0,7,0,1,2,9,5,3,8,3,0,6,1,30,3,16,0,0,0,2,1,0,0,0,7,0,1,0,2,0,0,25,0,0,0,0,0,1,0,1,2,0,1,6,0,0,0,0,0,13,0,0,0,0,0,1,0,2,1,3,1,7,17,0,4,4,0,0,0,41,3,19,8,0,4,3,1,1,12,2,6,0,0,0,7,0,0,2,8,1,0,8,0,1,0,2,1,0,1,1,0,2,2,5,3,4,0,0,3,1,0,0,2,0,7,1,0,0,0,1,0,1,0,2,0,1,1,8,0,0,11,9,2,1,0,0,0,1,0,2,1,6,1,2,2,8,2,34,1,0,0,0,0,0,0,0,0,1,2,0,3,2,1,1,0,0,4,0,2,1,1,0,0,4,0,0,0,0,3,4,2,2,0,0,1,0,2,0,1,1,1,9,1,4,0,10,7,0,0,0,0,1,2,10,1,3,7,3,0,1,1,0,2,1,3,2,0,1,1,1,1,5,0,0,0,0,3,0,0,3,0,1,0,1,0,0,0,1,3,0,4,3,23,0,6,0,2,1,1,3,1,2,0,0,0,2,1,2,0,0,0,1,0,0,0,0,0,0,1,0,4,0,0,4,0,0,0,0,0,0,0,1,0,1,3,1,5,0,0,1,3,1,0,0,0,1,1,0,0,2,0,0,0,0,0,1,0,0,1,0,1,3,0,1,4,1,1,16,0,2,4,0,4,5,3,0,2,4,0,1,1,0,4,0,1,0,4,3,2,1,3,1,0,1,1,0,1,3,1,0,3,0,2,0,0,0,1,3,0,0,1,0,0,0,0,1,0,0,1,7,0,2,0,1,1,1,8,4,0,0,0,0,0,1,2,3,4,1,6,1,3,1,0,0,0,0,0,0,2,2,2,0,0,1,1,2,1,0,2,0,0,0,8,0,1,0,1,0,0,0,0,0,3,0,0,0,0,0,3,0,2,2,1,0,1,0,1,2,0,0,0,0,0,0,0,0,0,0,1,7,0,2,0,3,0,1,0,0,0,0,1,1,2,0,0,1,0,0,5,0,6,5,0,0,1,0,0,4,0,0,6,0,0,5,0,0,0,0,4,0,0,1,1,6,2,2,0,0,1,0,2,2,0,0,4,1,0,0,0,0,1,1,1,0,0,4,0,0,0,0,0,2,2,2,0,2,0,1,3,0,0,0,0,1,0,0,2,0,1,0,0,0,0,1,1,0,0,0,1,9,0,1,0,0,0,1,0,1,0,3,0,0,0,0,0,2,0,1,5,1,0,0,2,0,0,0,0,0,0,0,0,2,0,0,1,0,20,20,1,0,0,0,0,2,1,4,0,1,0,0,0,1,0,0,1,0,2,2,1,2,2,0,0,2,0,1,1,0,0,2,1,0,0,1,0,2,0,5,3,1,2,0,0,0,0,0,0,1,0,0,2,2,0,0,0,0,4,0,0,1,0,0,0,0,0,0,0,5,0,0,0,0,0,0,0,2,0,1,0,0,0,0,0,0,1,2,0,2,1,0,0,0,0,0,0,0,0,0,3,0,0,0,0,0,5,0,1,0,3,1,0,0,0,1,0,0,1,0,0,0,0,0,0,3,0,2,2,0,0,1,0,0,4,0,0,1,0,0,1,0,0,6,0,0,3,0,0,1,0,0,0,0,0,0,1,0,1,0,0,0,0,0,0,0,0,1,0,2,0,5,0,0,0,1,0,1,0,1,0,0,0,0,1,0,0,1,1,1,2,0,1,2,1,0,4,1,1,0,0,0,1,2,0,0,0,6,0,0,4,0,0,0,0,0,5,0,1,0,0,4,0,0,0,0,0,0,1,0,0,1,2,0,0,0,0,0,2,1,0,0,0,0,0,0,1,0,0,0,1,2,0,0,0,0,0,0,3,1,0,0,0,4,0,0,0,0,1,0,0,0,0,0,0,0,0,0,0,0,0,1,0,0,0,0,0,1,1,0,0,0,0,0,0,0,1,0,0,0,0,0,0,0,0,1,14,0,0,0,0,0,2,0,0,1,0,0,0,2,3,0,1,0,0,0,0,0,0,0,0,0,0,0,0,0,0,0,0,0,0,0,0,0,0,0,lenin
lenin_pril_k_chto_delat'_I.txt,7,0,0,0,4,0,2,0,3,66,0,1,0,0,0,0,2,4,0,0,3,0,0,0,0,2,0,7,0,0,5,3,1,0,1,0,9,1,1,4,9,0,68,8,2,5,3,0,5,1,0,0,0,0,1,13,33,0,0,0,0,0,0,28,0,0,2,0,1,0,1,4,7,0,2,0,0,13,0,2,0,6,2,6,0,1,1,0,0,0,4,1,1,0,0,0,1,27,0,4,3,0,0,0,0,0,1,0,0,3,0,1,0,0,0,10,0,0,17,0,0,0,0,5,1,5,1,2,10,0,2,4,0,0,2,34,3,8,1,0,0,1,0,7,5,4,1,1,0,0,2,0,1,1,1,0,0,0,0,0,2,0,1,0,0,0,0,1,0,0,3,0,0,10,4,0,0,0,4,1,2,1,0,1,0,2,0,1,0,1,0,1,1,2,0,2,1,5,0,0,0,0,0,0,0,4,0,3,0,0,0,0,0,16,1,0,0,1,0,0,0,0,0,0,1,1,1,0,2,1,1,0,0,0,0,0,1,0,1,0,0,0,1,0,0,2,2,3,0,1,0,3,3,0,0,0,1,6,3,0,1,13,1,0,0,0,1,1,1,4,3,4,4,0,1,2,2,0,0,2,0,1,0,0,0,0,0,2,0,1,0,0,0,1,0,0,3,0,1,0,0,2,1,0,1,0,0,0,3,0,6,0,0,0,0,0,0,1,1,0,0,0,1,2,0,0,0,2,0,2,0,0,0,0,1,0,1,0,0,3,2,0,0,0,0,1,1,1,2,0,2,0,0,0,3,3,1,0,0,0,0,4,1,0,2,1,0,0,0,0,0,0,5,0,0,1,0,0,1,1,3,2,0,9,0,1,2,0,1,0,1,5,4,0,0,1,0,0,1,0,0,1,5,2,0,0,1,2,5,3,3,3,0,0,2,0,3,0,1,0,0,0,0,1,1,0,0,0,0,0,1,2,0,0,2,6,0,1,0,0,1,0,9,0,0,0,0,0,0,1,0,2,1,2,1,0,1,0,0,0,0,0,0,1,1,0,1,0,1,0,1,1,3,0,0,1,0,0,0,0,2,0,0,3,2,0,0,0,0,0,0,0,3,0,0,0,1,1,3,0,1,0,0,0,1,1,0,0,2,0,1,0,0,0,1,3,0,1,0,0,1,0,3,1,0,0,0,0,0,0,0,0,0,0,2,2,2,1,4,0,0,0,0,2,0,0,0,1,0,0,0,0,0,0,1,0,0,3,0,0,0,0,0,0,2,3,11,0,5,1,0,0,0,1,1,0,0,0,0,0,1,1,1,0,0,1,0,1,0,0,0,0,0,0,0,1,0,1,0,0,0,0,0,0,0,0,1,1,0,0,1,0,0,0,0,1,0,0,0,0,0,0,2,0,0,4,0,0,3,0,0,3,0,0,0,0,0,0,0,1,0,0,0,0,1,1,0,4,4,0,0,0,0,0,0,0,1,0,0,1,1,0,0,1,0,0,0,1,0,1,0,0,0,0,0,0,0,0,1,0,1,0,0,0,0,1,0,0,0,0,1,3,0,1,0,0,0,2,1,0,0,0,2,0,0,0,1,2,0,0,0,1,0,0,0,0,0,0,0,0,0,5,1,0,0,1,0,0,2,1,0,1,0,0,0,0,0,1,0,1,0,1,0,0,0,0,0,0,2,3,0,0,1,0,0,0,0,0,0,0,0,0,0,0,0,0,0,0,0,0,0,0,0,0,0,0,0,0,0,0,1,0,0,1,0,1,0,0,1,0,0,1,0,0,2,0,0,1,0,0,0,0,6,1,0,0,0,0,0,0,0,0,0,0,0,0,0,0,0,0,0,0,0,1,1,1,0,0,0,0,1,0,1,0,0,1,0,0,0,1,0,0,0,0,0,0,0,0,2,0,0,0,0,1,0,0,3,0,2,0,0,6,0,0,6,0,0,0,0,3,1,0,0,0,1,0,0,0,1,1,1,0,0,0,0,0,0,0,0,0,0,2,0,0,0,0,1,1,1,0,0,0,0,0,0,0,0,1,0,1,0,0,0,0,0,0,0,0,0,2,1,0,1,1,0,0,0,0,0,0,0,0,0,0,0,0,0,0,0,0,0,0,12,0,0,2,0,1,0,0,0,1,0,0,0,0,0,0,0,1,2,0,0,0,0,0,0,0,0,1,1,0,0,0,0,0,0,0,13,0,0,8,1,0,0,0,0,0,0,0,0,0,0,0,0,0,0,0,0,0,lenin
lenin_proekt_ustava_rsdrp.txt,3,0,0,0,0,0,0,0,1,13,0,0,0,1,0,0,0,6,1,1,1,0,0,0,0,0,0,2,0,0,2,1,0,0,0,0,2,0,3,0,2,0,25,3,2,4,0,1,0,0,0,1,0,0,0,0,5,0,0,0,0,0,0,4,0,0,0,0,0,0,0,0,0,0,2,0,0,0,0,13,0,2,0,0,0,0,0,0,0,0,1,0,0,0,0,0,0,2,0,0,0,0,0,0,0,0,1,0,0,0,5,0,0,0,0,1,0,0,0,2,0,0,0,2,0,1,0,0,2,0,0,0,0,0,0,1,1,0,1,1,0,1,0,0,0,0,0,0,0,0,0,0,0,0,0,0,0,1,0,0,0,0,1,1,1,0,0,1,0,0,2,0,1,0,2,0,0,3,0,0,1,0,0,0,0,0,1,0,0,0,0,0,0,3,0,0,0,0,0,0,0,0,0,0,0,0,0,8,0,3,0,0,0,4,0,0,0,0,0,0,0,0,0,0,0,0,0,0,0,0,0,0,2,0,0,0,0,0,0,0,0,0,0,0,0,0,0,0,0,0,0,0,0,0,0,1,0,0,0,0,0,1,0,0,0,0,1,0,1,0,0,1,2,0,0,0,0,1,0,0,0,0,0,1,0,0,0,0,0,0,0,0,0,0,0,0,0,0,0,0,0,1,0,0,0,0,0,0,0,0,0,0,0,0,0,0,0,0,0,0,0,0,0,0,0,0,0,0,0,1,0,0,0,0,0,0,0,0,0,0,0,1,0,0,0,0,0,0,0,0,0,0,0,0,0,0,0,0,0,0,0,0,0,0,0,0,0,0,0,0,0,0,0,0,0,4,0,0,0,0,0,0,0,0,0,0,0,0,0,0,0,0,0,0,0,0,0,0,0,0,0,0,0,0,0,0,0,0,4,4,3,1,0,0,0,0,0,0,0,0,0,0,0,0,0,1,0,0,0,0,0,0,0,0,0,1,0,0,0,0,0,0,0,0,0,0,0,1,0,0,0,0,0,0,0,0,0,0,0,0,1,0,0,0,0,0,0,0,0,2,0,1,0,0,0,0,0,0,0,0,0,0,0,0,0,0,0,0,0,0,0,0,0,0,0,0,0,0,0,0,0,0,0,1,0,0,0,5,0,0,0,0,0,0,0,0,0,0,0,0,0,0,0,0,0,0,0,0,0,0,0,0,1,0,0,0,2,1,1,0,0,0,0,0,0,0,0,0,0,0,0,0,0,0,0,0,0,0,0,0,0,0,1,0,1,0,0,2,0,0,0,0,0,1,2,0,0,0,0,0,0,0,0,0,0,0,0,0,0,0,0,2,0,1,0,0,0,0,0,0,0,0,0,1,0,0,1,0,0,0,0,0,0,0,0,0,0,0,0,0,1,0,0,0,0,0,0,0,3,0,0,0,0,0,0,0,0,0,0,0,0,0,0,0,0,0,0,2,4,0,0,1,0,0,0,1,0,0,0,0,0,0,0,0,0,0,0,0,0,0,0,0,0,0,0,0,0,1,1,0,0,0,0,0,0,0,0,0,0,0,0,0,1,0,0,0,0,0,0,0,0,0,0,0,0,0,0,0,0,0,0,0,0,0,0,0,0,0,0,0,0,0,0,0,0,0,0,0,0,1,0,1,0,0,0,0,0,0,0,0,0,0,0,0,0,0,0,0,0,0,0,0,0,0,0,0,0,0,0,0,0,0,1,0,0,0,0,0,0,0,0,0,0,0,0,0,0,0,0,0,0,0,0,0,0,0,0,0,0,0,0,0,0,0,0,0,0,0,0,0,0,0,1,0,0,0,0,0,0,0,0,0,2,0,0,0,0,0,0,0,0,0,0,0,0,0,0,0,0,1,0,0,1,0,0,0,0,0,0,0,0,0,0,0,0,0,0,0,0,0,0,0,0,0,0,0,0,0,0,0,0,0,0,0,1,0,4,0,0,0,0,4,0,0,2,0,0,0,0,0,0,0,0,1,0,0,0,0,0,0,0,0,0,0,0,0,0,0,0,0,0,0,0,0,0,0,0,0,0,0,0,0,0,0,0,0,0,0,0,1,0,0,0,0,0,0,0,0,0,0,0,0,0,0,0,0,0,0,0,0,0,0,1,0,0,0,1,0,0,0,0,0,0,12,9,0,0,0,0,0,0,0,3,0,0,0,0,0,0,0,0,0,0,0,0,0,0,0,0,0,0,0,0,0,0,0,0,0,0,0,0,0,0,0,0,0,0,0,0,0,lenin
lenin_rab_i_burzh_dem.txt,16,0,5,1,4,8,0,0,5,74,0,0,1,0,0,0,3,8,0,0,3,0,0,0,0,3,0,0,0,6,5,4,0,0,0,0,9,0,3,7,10,0,92,2,6,14,7,0,2,0,0,0,0,2,2,8,37,0,0,2,0,0,1,37,0,1,0,5,1,0,1,6,1,2,4,0,2,12,1,2,0,3,1,0,2,0,2,0,0,0,2,2,0,1,1,2,1,40,0,3,1,0,0,3,0,0,3,2,0,0,0,0,0,0,3,17,0,1,1,0,0,1,0,3,0,3,0,2,6,0,5,2,0,0,2,27,6,9,1,0,0,4,1,5,9,0,5,1,0,1,3,0,0,1,4,2,0,0,0,0,1,1,0,1,5,1,1,2,1,0,1,0,1,1,0,0,1,0,6,2,28,0,0,16,5,0,0,2,1,3,1,1,1,7,1,0,6,7,0,0,0,0,1,1,0,5,0,7,2,0,1,0,3,15,1,1,0,2,0,1,0,1,1,1,4,1,3,0,3,1,1,0,2,1,0,0,0,1,0,2,0,1,1,1,1,4,1,2,0,1,0,2,2,0,1,0,2,1,1,2,0,19,2,2,0,1,1,0,7,3,0,0,0,0,0,2,0,0,1,2,0,0,0,0,1,0,4,2,0,1,0,0,2,1,0,0,0,5,2,0,0,2,1,0,0,1,1,3,7,0,6,0,2,0,1,0,2,2,0,0,0,0,1,2,0,2,0,0,3,1,0,3,0,0,0,0,4,1,0,0,4,3,0,0,0,0,0,2,1,3,3,0,0,1,1,1,1,0,0,1,0,3,1,0,0,0,0,1,1,0,0,2,2,0,0,0,0,1,2,1,1,0,1,14,0,5,2,3,2,0,3,0,1,5,2,0,0,0,0,1,0,0,6,4,0,0,3,2,1,3,2,1,1,1,3,16,0,0,1,0,0,0,0,0,2,0,0,0,0,0,0,1,1,0,6,1,0,2,0,0,8,0,6,0,0,1,0,0,0,1,0,3,3,0,2,0,2,1,0,1,0,0,0,1,0,0,0,1,7,1,0,0,1,0,0,0,0,0,0,0,0,0,0,1,1,0,1,0,0,3,0,0,0,0,2,0,1,1,1,1,2,2,0,0,0,0,0,0,0,1,1,1,0,0,1,4,0,2,0,1,0,1,0,2,1,0,3,0,3,0,1,1,0,0,4,0,5,3,0,0,0,0,1,3,0,1,0,0,1,0,0,0,0,1,1,0,1,6,0,4,0,1,0,5,1,3,14,1,1,0,0,0,0,1,0,0,0,0,0,1,1,1,1,1,1,0,0,1,1,1,2,0,0,0,2,0,0,1,1,0,1,0,0,0,0,0,2,0,0,1,0,0,1,0,1,2,1,0,2,2,0,0,1,0,0,4,0,0,1,2,1,4,0,0,0,0,0,0,1,1,1,0,0,0,1,0,0,1,1,0,2,1,0,0,0,0,0,2,0,0,1,0,1,0,3,2,1,0,0,1,0,0,1,2,0,2,0,2,0,1,0,0,0,0,0,1,2,0,0,0,0,0,0,0,1,1,0,2,0,0,0,0,0,0,0,0,0,0,0,0,0,0,1,0,1,0,0,1,0,1,0,0,0,0,0,0,0,3,2,0,0,0,0,0,0,0,0,0,0,0,0,0,0,0,3,0,0,0,1,0,0,0,1,0,0,0,0,0,1,0,0,0,0,0,0,1,1,2,0,1,0,2,1,0,0,3,0,1,0,0,1,0,0,0,1,1,0,0,0,0,0,0,0,0,1,0,0,2,1,0,0,0,0,1,6,1,0,1,0,1,4,0,1,0,0,0,0,0,0,1,0,1,0,0,1,0,0,0,0,1,3,0,3,0,0,2,0,0,1,0,0,0,0,0,0,0,0,0,0,0,0,1,0,1,0,1,0,0,1,0,0,0,1,1,1,0,0,7,0,0,0,1,0,0,1,0,3,3,0,0,0,0,0,0,0,0,0,0,0,0,0,1,2,1,0,0,0,0,0,0,0,1,2,0,1,0,0,1,0,1,1,0,0,0,0,0,0,0,0,0,0,1,1,0,0,0,0,1,1,0,0,0,0,0,0,2,0,0,0,0,0,0,0,0,0,1,0,0,0,0,0,0,1,0,0,0,1,0,1,1,0,0,0,0,0,1,1,0,2,0,1,0,1,0,0,2,0,2,0,1,0,3,1,1,0,1,1,0,0,1,0,0,8,0,0,2,0,0,0,0,lenin
lenin_rab_partya_krestvo_I.txt,10,1,2,0,1,4,4,1,4,43,0,0,0,0,0,0,2,9,3,4,4,0,3,1,1,4,0,1,0,0,19,2,0,0,0,1,5,3,6,4,17,1,108,11,13,9,5,0,8,1,4,0,2,0,6,22,33,2,0,2,0,0,1,42,3,1,1,1,0,0,0,14,1,0,2,5,3,26,0,3,3,8,1,1,0,2,2,2,4,2,4,0,0,1,7,0,0,13,0,1,0,1,1,1,0,0,3,1,0,0,0,0,0,2,2,8,0,0,0,1,0,1,1,2,4,2,4,10,14,2,4,7,1,1,0,30,7,9,2,0,1,2,2,6,10,1,2,1,2,1,8,1,0,0,2,1,0,0,0,2,4,5,3,1,1,0,1,2,0,2,0,1,0,0,0,3,1,1,2,0,2,2,0,1,1,1,0,2,0,6,0,2,0,2,0,1,2,6,2,0,0,0,0,0,2,1,0,6,2,2,0,0,0,12,0,0,0,1,0,0,1,1,2,0,0,0,3,2,0,1,0,2,2,0,1,1,0,0,0,0,0,0,4,0,0,1,1,2,0,1,1,4,3,0,2,0,0,3,1,1,0,11,3,0,0,0,0,0,4,1,0,0,0,0,5,0,0,0,0,0,0,0,0,0,1,0,0,1,0,1,0,1,4,1,0,2,0,0,0,0,0,2,0,0,0,0,0,2,0,0,3,2,1,0,0,0,1,1,1,1,5,0,2,0,0,0,0,0,0,0,0,0,0,0,0,1,2,0,0,1,2,2,0,0,1,0,1,0,5,5,2,0,6,1,0,1,2,1,0,0,2,0,0,0,0,0,1,0,0,0,0,2,0,0,0,0,1,1,0,1,2,0,0,4,0,2,0,2,2,3,5,0,0,0,0,1,0,0,2,0,0,0,5,2,1,1,2,1,0,0,0,0,1,5,1,0,7,0,0,3,0,0,0,2,0,1,1,0,2,0,1,0,0,0,4,2,3,0,0,0,0,1,3,0,0,1,0,0,1,0,2,2,0,0,3,0,0,1,0,1,0,0,1,0,0,0,2,0,0,0,0,0,1,0,0,0,0,0,3,0,1,0,1,1,0,0,0,1,0,0,1,0,0,1,0,0,0,0,3,2,0,0,1,0,0,0,1,0,0,2,4,1,0,0,2,2,3,1,0,5,0,0,0,0,0,0,0,1,0,0,1,1,0,0,2,0,2,1,0,0,4,0,1,2,0,2,0,1,1,0,1,1,1,1,0,0,0,2,0,0,0,1,1,0,0,0,0,0,0,0,2,0,0,2,1,1,3,0,1,0,0,2,3,1,2,1,0,0,0,1,0,0,0,0,3,0,0,0,0,0,2,0,0,3,2,0,0,0,0,0,0,0,0,0,0,0,0,1,0,0,0,1,1,0,1,2,0,0,0,0,1,0,0,0,0,0,0,0,1,0,0,1,0,0,0,0,0,0,0,0,0,0,0,0,0,0,1,0,0,3,0,0,0,1,0,0,1,1,1,0,0,1,0,0,0,0,0,1,0,0,0,0,1,0,0,0,0,0,0,1,0,2,0,1,0,0,0,0,0,2,0,0,0,1,0,0,0,0,0,0,0,0,0,1,0,0,12,6,5,0,0,0,0,0,0,0,1,0,0,0,3,0,1,0,1,0,0,0,0,0,0,1,0,0,1,0,2,0,0,2,1,1,0,0,1,0,0,0,0,0,0,0,2,0,0,0,0,1,0,1,0,0,1,5,5,0,0,1,1,0,2,0,0,0,1,1,0,0,1,3,0,1,0,0,0,0,0,2,0,0,0,0,0,0,1,0,0,0,0,0,1,0,0,0,3,0,0,1,0,3,2,1,1,1,1,0,0,0,1,0,0,0,0,0,0,1,0,1,0,0,0,1,0,0,0,1,0,0,0,0,0,2,0,0,2,1,0,0,0,2,0,0,1,0,0,3,2,0,0,0,1,0,0,8,0,0,0,1,0,0,0,0,0,0,0,0,0,0,1,0,0,1,0,0,1,0,0,0,0,0,0,0,2,0,0,0,0,0,0,0,0,0,0,0,8,4,0,0,0,0,0,1,0,1,0,3,0,0,1,0,0,0,0,0,2,2,0,0,0,0,2,0,0,0,0,1,0,0,1,0,0,0,0,0,0,0,0,0,0,0,0,0,0,2,0,0,0,2,2,0,0,0,0,0,0,0,0,0,0,0,2,0,0,0,0,0,0,0,0,0,1,0,0,0,0,0,0,0,0,0,lenin
lenin_rasskaz_o_II_cyezde.txt,12,0,8,2,2,0,1,1,17,113,0,0,4,0,1,0,5,13,1,5,9,0,0,0,0,10,0,5,1,1,13,12,1,2,0,0,11,1,3,10,30,0,176,22,18,23,14,0,5,6,0,2,0,1,2,6,72,3,0,0,0,0,0,69,0,1,2,1,1,0,2,13,14,3,8,2,0,16,0,24,1,35,1,16,0,2,2,0,0,0,6,7,3,1,0,0,0,38,0,0,2,0,2,0,0,1,5,0,1,0,0,0,0,0,0,5,0,0,2,1,0,0,0,5,0,9,1,4,13,0,7,10,0,0,1,47,9,21,1,2,0,3,0,8,10,22,6,3,0,1,10,2,1,1,6,8,2,0,0,3,5,6,3,1,1,0,0,1,2,0,1,0,1,3,0,0,0,0,1,1,2,0,0,0,0,1,0,0,1,0,0,0,4,5,2,0,6,18,0,0,0,0,0,2,0,13,0,12,1,0,0,0,0,32,0,0,0,1,0,0,0,0,0,10,1,1,2,0,8,0,0,0,5,0,0,4,1,0,2,2,0,1,0,0,1,0,0,0,3,0,0,0,0,0,1,2,0,5,0,2,0,31,15,0,2,1,3,0,2,4,1,22,2,1,1,3,1,0,2,2,0,5,1,2,1,0,0,3,0,2,3,1,0,3,0,1,0,0,2,0,0,2,0,0,1,0,2,0,1,1,22,0,4,5,0,1,2,4,2,0,0,1,1,9,0,0,0,1,0,1,0,0,0,3,1,0,1,0,0,1,0,2,1,0,0,0,0,0,0,0,1,1,2,0,1,3,3,0,0,4,0,5,2,0,1,0,0,0,0,0,0,1,6,0,0,19,0,1,2,1,6,0,1,7,0,13,3,1,4,1,1,1,4,0,0,0,1,1,3,1,6,0,6,5,10,3,8,3,15,17,19,8,0,4,1,0,9,0,2,0,0,0,3,0,0,0,2,1,2,0,0,2,0,0,2,9,1,2,0,1,1,1,3,1,0,0,0,1,0,2,2,1,3,1,3,1,0,5,2,0,0,1,0,0,3,1,4,0,0,0,6,4,13,0,2,2,1,0,0,1,1,2,0,0,1,0,0,3,1,0,0,2,0,0,0,0,1,0,1,0,1,0,1,0,3,0,0,0,2,0,1,2,0,0,2,17,3,1,2,0,1,2,2,2,1,0,1,0,0,0,1,3,0,0,2,0,9,0,0,0,2,7,0,8,1,0,1,5,1,0,1,0,0,2,2,1,0,1,1,2,0,0,1,0,0,1,33,2,3,3,2,0,0,3,11,0,2,0,0,0,2,3,2,0,0,1,0,0,1,0,0,1,0,2,0,0,0,3,0,0,2,0,2,2,0,0,17,2,0,1,1,0,0,0,0,2,0,0,1,0,6,2,0,3,0,5,1,0,5,4,0,5,0,7,0,1,0,11,0,0,1,2,1,0,0,0,0,39,25,0,1,1,3,5,0,0,2,1,0,0,1,0,0,2,2,0,0,0,1,0,1,1,0,0,1,0,1,0,0,0,0,2,1,3,0,1,0,3,0,0,0,1,7,1,2,1,0,3,0,0,0,0,2,5,0,3,0,1,0,1,0,0,0,1,0,1,0,0,0,0,0,0,2,0,0,1,3,0,0,1,0,0,0,0,0,2,0,0,0,0,1,2,0,0,0,0,0,0,3,0,1,1,3,0,1,0,0,0,1,1,0,1,1,1,0,0,0,0,2,0,1,0,0,0,0,0,0,0,0,0,0,0,0,0,0,0,0,1,0,0,0,1,0,0,0,1,3,0,0,0,2,1,3,3,0,0,0,0,1,2,0,0,0,1,0,0,0,0,0,1,0,2,0,1,1,2,0,0,2,0,1,1,1,0,0,0,0,0,0,0,0,0,0,0,5,2,0,0,1,2,1,1,0,2,0,0,0,1,0,0,0,20,0,0,5,0,0,0,19,2,1,0,0,0,5,0,0,4,0,0,0,3,0,9,0,1,0,0,0,1,0,0,2,0,0,2,0,0,0,0,0,0,0,0,2,0,0,0,1,2,0,0,0,0,0,0,0,0,0,2,7,0,0,4,0,0,1,0,0,0,0,0,0,0,0,1,11,0,1,0,0,0,0,0,1,3,1,1,0,0,1,6,1,10,8,0,0,0,0,0,0,0,13,0,0,0,0,0,0,0,2,0,0,0,0,0,0,0,0,0,0,0,0,0,0,0,0,0,0,12,0,26,0,2,0,2,0,0,0,0,lenin
lenin_rec_parvus.txt,0,0,0,0,0,0,0,0,0,15,0,0,0,0,0,0,2,1,1,1,0,0,0,0,0,0,0,0,2,0,4,1,0,1,0,0,0,0,1,0,0,0,16,2,1,0,0,0,2,0,0,0,0,0,0,1,7,0,0,0,0,0,0,2,0,0,0,0,0,0,0,0,0,0,1,0,0,1,0,0,0,1,0,0,0,0,0,0,0,0,0,1,0,0,0,0,0,8,0,0,0,0,0,0,0,0,0,0,0,0,0,0,0,1,0,0,0,0,0,0,0,1,0,0,0,1,0,1,1,0,0,0,3,0,1,2,1,2,1,0,0,1,0,0,0,0,0,0,0,1,1,0,0,0,0,1,1,0,0,0,0,1,0,0,0,0,0,0,1,0,0,0,0,0,0,0,0,0,0,0,0,0,0,0,0,0,0,0,0,0,0,0,0,1,0,0,1,0,0,0,0,0,0,0,1,0,0,0,1,0,0,0,0,3,0,0,0,0,1,0,0,1,0,0,0,1,0,0,0,0,0,0,1,0,0,0,0,0,0,1,0,0,0,0,0,0,0,0,0,0,0,0,0,0,0,0,0,0,0,0,0,6,1,0,1,0,0,0,1,0,1,0,0,0,0,0,0,0,1,0,0,0,0,0,0,0,0,1,0,0,0,0,0,0,0,0,0,0,1,0,0,0,0,0,1,0,0,0,0,0,1,0,0,0,0,0,0,0,0,0,0,0,0,0,0,0,0,0,0,0,0,0,0,0,0,0,0,0,0,0,0,0,0,0,0,0,0,0,0,0,0,0,0,1,0,0,0,0,0,0,0,0,0,0,0,1,0,0,0,0,0,0,0,0,0,0,0,0,0,0,0,0,0,1,0,0,0,0,0,0,0,1,0,0,0,0,1,0,0,0,0,0,1,0,0,0,0,0,0,2,0,0,0,1,0,0,0,0,0,0,0,0,0,0,0,0,0,0,0,0,0,0,0,0,0,0,0,0,0,0,2,0,0,0,0,0,1,0,0,0,0,1,0,0,0,0,0,0,0,0,0,0,0,0,0,0,0,0,0,0,2,0,1,0,0,0,0,0,0,0,0,0,0,0,0,0,0,0,0,0,0,0,0,0,0,0,0,0,0,0,0,0,0,0,1,0,1,0,0,0,0,0,0,0,1,1,0,1,0,0,0,2,0,0,0,0,0,0,0,0,0,0,0,1,0,0,1,0,0,0,0,0,0,0,0,0,0,0,0,1,0,0,1,0,0,0,0,0,0,0,0,0,0,0,1,0,0,0,0,0,0,0,0,0,0,0,0,0,1,0,0,0,0,0,0,0,0,0,1,0,0,0,0,0,0,0,0,0,0,0,1,0,0,0,2,0,0,0,0,0,0,0,0,0,0,0,0,0,0,0,0,0,0,1,0,1,0,0,0,0,0,0,1,0,1,0,0,0,0,0,0,0,0,0,0,0,0,0,0,0,1,0,0,0,0,0,0,0,0,0,0,0,0,0,0,0,0,0,0,0,0,0,0,0,0,0,0,0,0,0,0,0,0,0,0,0,0,0,0,0,0,0,0,0,1,1,0,0,0,0,0,0,0,0,0,0,0,0,0,0,0,0,0,0,0,0,0,0,0,0,0,0,0,0,0,0,0,0,0,0,0,0,0,1,0,0,0,0,0,0,0,0,0,0,0,0,0,1,0,0,0,0,0,0,0,1,0,0,0,0,1,0,0,1,0,0,0,0,0,0,0,0,0,0,0,0,0,0,0,0,0,0,0,0,0,0,0,0,0,1,0,0,0,0,0,0,0,0,0,0,0,0,0,0,0,0,0,0,0,0,0,0,0,0,2,0,0,0,0,0,0,0,0,0,0,0,0,0,0,0,0,0,0,0,0,0,1,0,0,0,0,0,0,0,1,0,0,0,0,0,1,0,0,0,0,0,1,0,1,0,0,2,0,0,1,0,0,0,0,0,0,0,0,0,0,0,0,0,0,0,0,0,0,0,0,0,0,0,0,0,0,0,0,0,0,0,0,0,0,0,0,0,0,0,0,1,0,0,0,0,0,3,0,0,0,2,0,0,0,0,0,0,0,1,0,0,0,0,0,1,0,0,0,1,0,0,0,0,0,0,0,0,0,0,0,0,0,0,0,0,0,0,0,0,0,1,0,0,0,0,0,0,0,0,0,0,0,1,0,0,0,0,0,0,0,0,0,0,0,0,0,0,0,0,0,0,0,0,0,0,2,0,0,0,0,0,0,0,0,0,lenin
lenin_s_chego_nachat'_I.txt,15,2,4,1,0,5,1,0,1,59,0,2,0,0,0,0,5,8,2,0,4,0,0,0,0,2,1,2,1,0,10,1,5,0,0,2,5,0,4,1,3,4,103,4,6,9,2,0,4,1,0,1,0,1,10,27,28,3,1,1,0,0,4,45,2,1,0,3,3,0,0,16,1,1,4,1,0,14,0,6,3,11,5,0,2,0,1,1,3,0,17,0,2,1,2,2,1,18,3,1,0,3,1,6,0,1,5,2,0,3,0,0,0,2,0,5,0,0,0,0,0,0,0,5,1,3,5,7,15,0,6,8,0,0,1,17,11,6,2,1,6,6,0,5,6,3,15,0,0,0,3,0,0,3,7,3,1,0,0,0,2,4,0,1,0,0,0,0,1,1,0,1,0,0,0,5,1,0,2,0,2,0,0,0,0,7,1,4,2,6,1,1,2,3,0,0,3,4,0,0,1,1,0,0,2,1,0,4,2,0,0,0,0,18,0,1,0,3,0,1,1,1,0,1,3,1,1,0,2,1,0,1,3,0,4,0,1,0,3,6,3,1,1,0,2,6,3,5,1,1,2,1,4,2,1,0,0,1,3,0,0,17,2,1,0,2,2,0,1,2,1,11,1,2,0,3,1,0,1,2,0,2,0,0,0,1,1,3,0,0,4,0,10,0,0,1,0,0,1,0,0,1,0,0,1,0,0,1,3,0,2,0,0,1,0,2,4,2,0,0,0,1,0,0,0,0,0,1,2,4,0,3,0,0,1,0,0,0,0,0,1,1,0,1,0,1,0,1,0,0,3,0,4,3,2,2,0,3,1,2,0,2,0,0,0,0,0,1,0,0,0,0,6,0,0,0,1,2,1,2,8,2,1,7,1,1,4,0,0,0,0,2,0,0,3,0,1,0,1,0,0,0,1,0,1,0,1,1,0,0,0,0,0,4,0,0,0,0,0,0,1,2,0,2,3,1,1,1,0,2,4,0,0,1,3,5,0,1,0,0,1,0,9,1,0,1,1,0,0,3,0,1,0,0,7,0,1,1,0,2,4,1,1,0,1,0,1,1,0,0,0,1,2,0,2,3,0,1,1,0,3,0,0,1,0,0,0,0,0,0,0,0,4,0,0,0,0,0,2,0,1,2,0,1,0,2,0,0,1,0,0,0,0,0,1,4,2,0,1,3,0,1,0,0,0,1,1,1,0,0,0,0,0,0,2,0,3,0,0,0,0,1,1,0,0,1,0,3,0,0,1,8,0,0,0,0,0,1,0,0,1,2,0,0,1,0,1,0,0,1,2,0,0,0,0,1,2,0,1,0,0,1,8,0,1,1,0,0,0,2,0,3,0,1,1,0,1,0,0,0,2,1,0,1,0,1,0,1,0,0,0,0,0,2,0,0,1,0,0,0,0,1,0,0,0,1,1,1,1,2,1,1,0,1,0,1,1,0,0,0,0,0,0,0,0,0,0,0,0,0,3,0,0,0,0,0,0,0,0,1,0,1,1,0,0,0,0,0,2,1,0,1,0,0,0,1,0,0,0,0,1,0,0,0,1,0,0,0,2,0,0,2,0,0,0,0,0,1,1,0,0,0,1,2,0,0,0,2,0,0,0,0,0,2,2,0,1,0,0,0,0,1,0,0,0,0,0,0,3,0,1,0,0,0,0,3,1,0,0,0,0,1,0,4,0,0,0,0,1,1,0,0,0,0,0,0,0,0,0,0,0,1,0,0,4,0,0,0,0,0,0,0,1,0,0,0,0,0,0,3,0,1,0,0,0,0,0,0,1,0,0,0,1,0,0,0,0,0,0,0,0,0,0,1,0,0,0,1,0,1,1,0,0,0,0,0,0,1,1,0,0,0,1,0,0,0,0,0,0,0,0,0,1,1,2,0,1,1,0,0,0,1,1,0,0,0,0,0,0,0,0,0,0,0,0,0,0,1,0,0,0,0,0,0,1,0,0,0,0,0,0,1,0,2,0,0,0,0,0,0,6,0,0,0,0,0,0,0,0,0,0,0,2,0,1,0,0,0,0,0,0,0,0,1,0,0,0,0,0,0,0,0,0,1,0,0,0,0,0,1,0,0,0,1,0,0,1,0,0,0,0,0,0,0,1,0,2,0,0,0,0,0,0,0,0,0,0,0,1,0,0,0,0,0,0,0,0,1,0,0,0,1,0,0,0,1,0,0,0,0,0,0,0,0,0,0,0,0,0,0,1,0,4,0,0,0,0,0,0,0,0,0,0,0,0,0,0,0,0,0,lenin
lenin_samoderzh_kolebletsya_I.txt,4,0,3,0,1,1,0,2,1,38,0,0,0,1,0,0,0,8,1,2,7,0,0,0,3,1,0,0,0,0,11,6,1,0,0,0,0,0,3,6,6,0,81,1,5,7,4,0,3,0,4,0,1,0,4,13,23,2,2,3,1,2,0,20,1,1,0,2,0,0,0,4,1,0,1,1,2,7,2,0,2,10,0,2,0,0,1,1,5,1,1,0,0,0,5,0,2,10,6,0,1,3,0,2,0,0,3,0,1,0,0,0,0,0,0,4,0,0,0,0,0,0,0,2,1,0,8,0,5,1,1,7,0,3,0,15,5,6,2,0,3,1,0,1,1,0,7,2,0,0,4,0,0,0,2,0,1,0,0,0,1,1,3,0,0,0,2,0,0,0,1,0,0,0,0,1,0,0,1,0,1,0,0,1,1,0,0,0,3,7,0,0,0,0,0,0,1,4,4,1,0,0,0,0,1,0,0,5,3,0,0,0,0,5,0,0,1,0,0,1,1,0,0,0,0,0,0,2,0,3,0,0,0,0,3,0,0,0,0,0,0,0,3,0,1,1,1,0,0,0,0,0,0,1,0,0,0,1,0,0,0,15,3,1,1,0,0,1,4,5,1,1,0,0,0,2,0,0,0,0,0,1,0,0,2,0,0,0,0,0,0,0,0,0,0,1,0,0,0,0,0,0,0,0,0,0,0,1,1,0,1,0,2,1,0,0,0,1,0,0,2,1,1,1,0,0,0,1,1,1,1,1,0,1,0,0,4,3,1,0,2,1,0,1,1,1,0,0,1,5,1,1,0,1,0,0,1,1,0,1,1,3,0,0,0,0,0,0,0,0,0,0,0,0,0,0,0,0,0,1,1,0,0,5,0,0,2,1,1,1,5,1,1,0,0,0,0,0,1,0,0,0,2,1,6,0,1,0,0,0,0,0,0,3,0,0,0,0,0,1,0,0,3,2,2,2,0,1,0,0,0,0,0,0,0,0,0,1,0,0,0,0,0,0,0,0,0,0,0,2,0,0,0,0,0,0,0,0,0,0,0,1,0,1,0,0,0,0,0,0,1,1,0,0,0,1,0,1,0,0,0,0,0,2,0,0,0,0,0,0,0,6,0,0,0,1,0,0,1,0,0,0,1,0,0,0,0,0,0,0,0,0,0,1,0,1,3,0,0,4,0,0,1,1,0,0,0,0,0,0,1,1,0,0,1,0,6,0,0,0,0,0,0,0,0,1,0,1,3,0,0,1,0,2,1,0,0,1,6,2,0,0,0,0,0,0,0,0,1,0,0,0,0,0,1,0,0,0,1,1,0,0,0,0,0,0,0,0,0,0,3,1,7,0,0,0,3,0,3,0,2,0,0,0,0,1,0,0,1,0,4,0,0,0,0,0,0,0,0,0,0,0,1,0,0,1,0,0,0,0,0,0,0,0,6,2,1,0,0,0,0,0,0,0,0,0,0,0,0,0,0,0,0,0,0,0,2,0,0,0,0,0,0,0,0,0,0,1,0,1,0,0,0,0,0,0,0,2,0,0,0,2,0,0,0,3,0,3,0,0,0,0,0,0,1,0,0,0,0,3,0,0,4,0,2,0,0,0,0,1,0,0,0,0,0,0,5,3,0,0,0,0,0,0,0,0,0,0,0,0,0,0,0,0,0,0,0,0,0,1,1,0,0,0,0,0,1,0,0,0,0,0,0,0,0,0,1,0,0,2,0,1,1,0,0,0,0,0,0,0,0,0,0,0,0,1,0,0,0,1,5,0,0,0,0,1,0,0,0,0,0,1,0,0,0,0,0,2,1,1,0,0,0,0,0,0,0,0,0,0,0,0,0,0,0,0,0,6,0,1,0,0,0,2,0,0,0,0,0,0,0,0,0,0,0,0,0,0,0,0,0,0,0,0,1,1,0,2,0,0,0,0,0,0,0,0,0,1,0,0,0,0,0,0,0,0,1,0,0,0,1,0,0,0,0,0,0,0,0,0,0,0,0,0,0,0,0,0,0,0,0,0,1,0,1,0,0,0,0,0,0,0,2,0,0,0,0,0,0,0,0,0,0,0,0,0,0,0,0,0,0,0,0,1,1,0,0,0,0,0,0,0,1,0,0,0,0,0,0,0,2,0,0,0,0,0,0,0,0,0,0,0,0,0,0,0,0,0,0,0,0,0,0,0,0,1,0,0,0,0,0,0,0,0,0,0,0,0,0,0,0,0,0,0,0,0,0,0,0,0,0,0,0,0,0,0,0,0,0,0,lenin
lenin_shag_vpered_2nazad.txt,309,1,46,22,37,34,23,18,216,1796,8,5,14,10,0,1,51,170,48,39,99,5,0,0,14,85,3,46,11,25,180,128,22,17,10,21,215,43,141,211,255,6,2524,333,132,331,160,25,110,80,0,10,0,11,66,293,962,57,0,4,1,1,15,1075,35,24,24,43,11,14,18,221,39,31,189,30,3,236,16,436,50,379,12,110,11,64,30,0,0,2,121,13,39,13,28,25,6,663,3,1,35,24,37,5,5,21,80,13,13,58,17,16,0,5,3,170,0,6,17,1,0,0,3,114,37,77,104,136,225,1,63,144,1,0,15,811,130,367,77,12,10,89,11,89,252,86,121,29,7,10,107,19,14,41,139,66,25,21,2,15,28,55,25,10,27,26,11,19,23,23,13,17,19,43,47,8,6,1,23,6,53,16,4,13,19,10,6,28,25,56,4,11,29,137,11,19,83,148,18,18,11,7,4,42,44,71,17,239,43,17,7,16,3,503,9,7,15,25,0,13,18,2,8,32,24,25,79,3,73,19,10,2,71,9,5,21,4,14,26,56,15,11,50,28,22,58,36,71,3,16,8,37,82,12,12,9,11,120,34,33,12,500,144,2,4,16,32,14,52,91,21,194,41,25,11,36,16,14,16,14,5,63,7,54,18,3,20,34,5,17,20,11,35,11,0,18,12,17,11,7,3,30,21,6,12,19,44,12,26,6,199,4,44,24,2,9,12,55,3,1,5,14,11,85,2,8,7,13,11,26,3,0,2,14,16,8,19,1,5,12,8,9,12,4,2,12,8,13,2,1,55,4,47,14,17,50,95,7,5,29,19,46,42,1,11,9,0,1,0,9,4,23,46,2,12,87,21,15,24,34,55,20,12,244,22,67,94,35,49,11,13,16,37,13,7,9,16,16,105,25,24,3,77,65,82,35,113,37,99,47,33,28,14,62,17,10,71,8,18,9,0,0,29,64,3,11,38,17,9,7,33,7,4,5,57,68,4,38,0,2,63,3,175,17,11,10,26,13,3,40,9,42,32,11,111,6,11,34,12,16,11,5,9,29,11,21,23,8,62,11,54,32,21,1,38,12,6,4,22,8,17,19,27,19,15,0,4,7,17,3,0,12,0,1,14,2,19,12,36,29,28,5,26,23,11,6,1,6,20,5,13,4,9,0,31,248,22,44,10,44,18,39,25,25,3,6,13,9,22,3,13,22,4,0,48,12,128,26,6,5,14,79,12,50,21,13,20,42,14,13,24,4,7,4,56,9,1,21,6,29,9,17,18,12,23,30,200,25,19,11,55,17,11,59,33,4,30,2,17,9,42,31,24,17,21,9,38,4,5,10,3,41,11,59,45,3,5,29,5,6,18,9,12,21,5,6,110,17,9,8,14,6,17,2,1,17,6,6,8,10,37,24,12,29,2,36,21,7,56,14,26,38,14,90,37,17,2,51,27,16,100,73,13,17,25,18,13,278,288,593,30,11,7,21,11,14,12,18,9,20,42,30,6,12,11,6,3,11,6,27,12,5,9,13,16,33,25,24,13,8,13,10,2,24,7,23,40,4,3,13,26,27,90,30,19,17,13,55,25,11,2,12,4,18,5,33,3,19,0,10,6,2,16,12,5,8,0,0,1,1,0,3,10,6,7,14,14,15,6,12,16,16,2,0,0,11,11,22,1,11,10,20,0,2,17,0,4,2,33,24,2,3,22,0,19,18,6,3,24,8,5,8,33,9,14,39,3,12,9,13,10,12,6,0,1,1,2,14,0,2,16,10,9,14,0,10,13,6,11,6,3,8,6,8,8,8,32,6,9,0,7,2,8,12,7,2,8,9,15,8,3,2,10,14,2,19,3,11,10,7,2,17,11,30,12,14,12,11,7,6,9,12,3,12,11,11,14,8,15,7,1,7,5,6,5,12,10,9,35,38,5,4,15,12,27,4,200,12,3,2,13,234,3,5,30,0,16,5,240,14,20,20,5,6,39,11,3,35,9,2,5,4,12,2,7,5,10,5,7,13,0,5,36,7,8,24,8,7,12,0,0,11,13,2,7,8,18,2,6,21,3,4,10,1,1,0,0,10,1,15,9,5,19,38,4,2,2,3,3,2,2,8,0,13,2,14,9,0,1,8,0,0,8,5,26,80,9,3,17,87,47,69,0,164,72,0,0,5,1,7,35,3,40,0,1,0,2,0,3,4,13,0,29,23,14,2,4,8,1,1,4,30,0,3,1,0,9,0,5,158,0,51,0,18,0,12,26,0,0,0,lenin
lenin_sorvalos_I.txt,8,0,0,1,0,0,0,0,3,29,0,0,3,0,0,0,0,5,0,3,0,0,0,0,2,2,0,1,0,0,6,3,0,0,1,0,2,0,8,3,6,0,46,3,2,5,2,0,2,1,0,1,0,0,2,9,10,0,0,0,0,0,0,29,0,0,0,2,0,2,0,3,0,0,0,1,0,4,0,6,4,14,0,5,0,0,1,0,0,0,0,0,0,0,0,0,0,13,0,0,2,0,1,0,0,0,2,0,0,0,0,0,0,0,0,4,0,0,0,0,0,0,0,2,0,1,6,5,5,0,2,5,0,0,0,30,5,12,1,0,0,4,0,1,6,1,2,0,0,0,1,0,2,0,2,6,0,1,0,0,0,6,0,0,1,2,0,4,2,2,1,0,0,0,0,0,0,0,0,0,3,0,0,1,0,0,0,0,0,0,0,0,1,4,0,0,5,0,0,0,0,0,0,1,0,0,0,1,0,0,0,0,1,8,0,0,1,1,0,0,0,0,0,0,3,0,4,0,2,0,0,0,2,0,0,0,1,0,1,1,0,0,2,0,1,9,2,4,1,0,0,4,3,0,0,0,0,4,1,0,0,23,7,0,0,0,0,1,0,4,0,5,1,0,0,0,0,0,0,0,0,3,0,0,1,0,0,0,0,1,0,0,0,0,0,0,0,0,1,0,0,4,0,0,1,0,0,0,0,0,1,0,1,0,0,0,0,0,0,0,0,0,0,0,0,0,0,0,1,3,0,1,0,1,0,0,1,1,0,0,0,2,1,0,0,0,0,1,0,0,1,0,3,0,1,0,4,0,0,1,0,3,0,0,0,0,0,0,0,0,0,0,2,0,0,2,0,1,0,1,0,0,0,6,2,8,3,0,0,1,0,0,0,0,0,0,0,0,5,0,0,0,1,1,1,0,0,0,2,1,0,0,0,1,1,0,0,0,0,0,0,0,0,0,0,0,1,0,0,0,0,0,0,0,1,1,0,1,0,0,1,1,4,1,0,0,1,1,0,1,1,0,2,0,4,0,0,0,0,0,0,0,0,0,1,0,0,0,1,0,0,1,1,0,6,0,0,0,0,0,0,0,2,0,0,0,0,0,1,0,0,0,0,0,0,3,1,0,2,0,1,0,0,0,0,0,0,0,0,0,0,0,0,0,0,2,0,1,0,2,2,1,0,0,0,0,0,0,0,0,0,0,0,0,2,0,1,0,0,0,0,0,0,2,0,0,1,2,0,0,1,0,0,0,2,0,0,0,0,0,0,0,0,0,0,5,12,0,0,0,0,0,0,4,0,0,1,0,0,1,2,0,0,0,1,1,0,0,0,0,0,2,2,0,0,0,0,0,0,0,1,0,0,0,0,0,0,0,1,0,0,0,1,0,0,0,0,0,0,0,0,0,0,0,0,0,0,0,0,0,0,0,1,0,3,1,0,0,3,0,0,0,0,3,0,1,0,1,0,0,0,0,0,0,8,0,0,0,0,3,0,0,1,1,0,1,0,0,0,0,0,0,0,0,1,0,0,0,0,0,0,0,0,0,0,0,0,0,0,0,0,1,0,0,1,0,0,0,0,0,0,0,0,1,1,0,0,0,0,0,0,0,0,0,0,1,0,0,0,0,0,0,0,0,0,0,0,0,0,1,0,0,0,0,0,0,0,0,0,0,0,0,0,0,2,0,0,0,0,0,0,0,1,0,0,0,0,0,0,0,0,0,0,0,0,9,0,0,0,2,0,0,0,0,0,0,0,0,0,0,3,0,0,0,0,1,0,0,0,0,0,1,0,0,3,0,0,0,0,0,0,2,0,0,0,0,0,1,0,0,0,0,1,0,0,0,1,0,0,0,0,0,0,0,0,0,0,0,0,0,0,0,0,0,0,0,0,0,0,1,0,0,0,0,0,1,0,1,0,0,1,0,0,1,0,0,0,0,0,0,0,13,0,0,0,0,1,0,0,0,0,0,0,0,2,0,2,0,0,0,0,0,0,0,0,1,0,0,0,1,0,0,0,0,1,0,0,1,0,0,0,1,0,0,0,0,0,0,0,0,0,0,3,0,0,0,0,0,0,2,0,0,0,0,0,3,0,0,0,0,0,0,0,0,0,0,0,0,0,0,0,3,0,0,0,0,0,0,0,0,0,0,0,0,0,0,0,0,0,1,0,0,0,0,0,0,0,0,0,0,0,0,0,0,0,0,0,0,2,0,0,0,0,0,0,0,0,0,0,0,0,0,0,0,0,0,0,0,0,0,lenin
lenin_spb_stachka.txt,4,0,0,0,0,0,0,0,3,28,0,1,0,0,0,0,1,2,0,0,1,0,1,0,1,1,1,0,0,0,4,1,0,0,0,0,3,0,1,0,3,0,34,5,2,1,0,0,2,0,0,0,0,0,1,1,13,1,0,3,0,0,0,9,0,0,1,0,1,0,0,2,0,4,0,1,0,3,0,0,3,2,2,0,0,0,0,0,1,0,0,0,0,0,7,0,0,8,1,2,0,3,1,1,1,0,0,0,0,0,0,0,0,0,0,5,0,0,0,1,0,0,0,1,1,0,0,0,1,2,2,2,0,0,2,7,0,4,0,0,0,3,0,4,1,0,0,0,0,0,3,0,0,0,0,0,0,0,0,0,0,0,0,0,0,0,0,0,0,0,1,0,0,0,1,8,0,0,8,0,1,0,0,0,2,0,0,0,0,0,0,0,0,1,0,0,0,5,0,0,0,0,0,0,1,0,1,3,0,0,0,0,0,4,0,0,0,1,0,0,3,0,1,0,0,0,0,1,0,0,0,0,0,0,0,0,0,0,0,0,0,0,0,0,0,2,1,1,0,0,0,0,1,0,0,2,0,0,1,0,0,2,0,0,0,0,0,0,2,2,0,0,0,0,0,1,0,0,1,0,0,1,0,0,0,0,0,0,0,2,0,0,2,1,1,0,0,0,0,0,1,0,1,0,0,0,1,2,3,0,2,0,0,0,0,1,1,5,2,0,4,0,0,2,0,0,0,1,0,0,0,2,0,0,0,0,1,0,0,1,0,0,0,0,0,0,0,0,0,1,0,0,0,0,0,0,0,2,0,0,0,1,0,0,0,0,0,1,0,1,0,0,0,0,0,0,0,0,0,1,0,0,0,1,1,0,1,0,0,0,4,2,0,1,0,0,0,0,0,0,0,2,1,0,0,0,1,0,4,2,2,2,0,1,0,0,1,0,0,0,0,0,0,1,0,0,0,0,0,1,0,1,0,0,1,2,0,0,0,0,0,0,1,0,0,3,0,0,0,0,1,0,0,0,0,0,1,0,0,0,2,0,0,0,1,1,0,0,0,0,0,0,0,0,0,0,2,2,0,0,0,0,0,0,0,0,0,0,0,0,0,0,0,1,0,1,0,0,0,0,0,0,0,0,0,1,0,0,0,2,1,1,0,1,0,1,1,0,0,1,0,0,0,2,0,0,0,3,1,0,0,0,0,0,1,0,0,0,0,0,0,0,0,0,0,0,0,0,0,0,0,3,0,0,1,1,0,1,0,0,1,0,0,0,0,0,0,0,1,0,0,0,0,0,0,0,0,0,0,0,0,0,1,0,0,0,0,0,0,0,0,0,0,0,0,1,1,0,0,0,0,1,0,0,0,0,0,0,0,0,0,0,0,0,0,0,0,0,0,0,0,0,0,0,0,1,0,0,0,0,0,0,0,0,0,0,0,0,0,0,0,0,0,0,0,0,0,0,0,0,0,3,0,0,0,2,0,0,1,0,0,0,0,0,0,0,0,0,0,0,0,0,0,0,0,0,0,0,0,0,0,0,0,0,0,0,0,2,0,0,0,0,0,2,0,1,0,0,0,0,0,0,0,0,0,0,0,0,0,1,1,0,0,0,0,0,0,0,0,0,0,0,0,0,0,0,0,1,0,0,0,0,0,0,3,0,0,1,0,0,2,0,0,0,0,0,0,0,0,0,0,0,0,0,1,1,0,0,1,0,0,1,0,0,0,0,0,0,0,0,0,0,0,0,0,0,0,0,0,0,1,0,0,0,0,0,1,0,0,1,0,0,0,0,0,0,0,0,0,1,0,0,0,0,0,0,0,0,0,0,0,0,0,1,0,0,0,1,0,1,0,1,0,0,0,0,0,1,0,0,0,0,1,0,0,0,0,0,1,0,0,0,0,0,0,0,0,0,0,0,2,0,0,1,0,1,0,0,0,0,0,0,0,0,1,0,0,0,0,0,0,0,0,1,0,0,2,0,0,0,0,0,1,1,0,0,0,0,0,0,0,0,0,0,0,0,0,1,0,0,0,0,0,0,1,0,0,0,0,0,0,0,0,0,0,0,0,3,1,0,0,0,3,0,3,0,0,1,0,0,0,0,0,0,0,0,2,2,0,0,1,0,0,0,0,0,0,1,0,0,0,0,0,0,0,0,0,0,0,0,0,0,1,0,0,0,0,0,0,0,0,0,0,0,0,0,0,1,0,0,0,1,0,0,0,0,0,0,0,0,0,0,0,0,0,0,0,0,0,0,lenin
lenin_struve_izoblichen_I.txt,15,0,0,3,0,1,0,1,7,57,0,0,0,0,0,0,5,3,1,1,1,1,0,0,2,3,0,1,0,3,13,2,0,0,0,0,4,0,2,9,2,0,83,5,5,10,8,0,0,2,0,1,0,2,0,3,14,0,0,0,0,0,0,40,2,0,1,2,1,0,1,4,0,1,7,0,2,10,2,7,0,13,2,1,0,5,0,0,1,0,1,0,0,1,0,1,1,34,0,3,0,0,1,0,0,0,2,0,0,5,0,0,0,1,0,1,1,0,1,0,0,0,0,2,1,1,5,3,10,0,3,5,0,0,0,30,2,16,3,0,0,3,0,6,4,5,4,0,0,0,0,1,0,2,3,2,0,1,0,0,0,3,0,0,0,0,0,60,3,3,0,1,0,0,0,1,0,1,1,0,0,0,0,0,0,2,1,1,0,0,0,0,0,2,1,0,3,5,0,0,0,0,0,0,2,0,2,7,3,1,0,0,0,11,0,0,0,0,0,0,2,1,0,2,0,0,5,1,1,1,0,0,0,0,0,0,0,1,0,1,0,0,0,0,0,2,0,1,0,0,0,0,1,0,0,0,1,2,0,1,2,19,7,1,0,0,0,0,2,1,2,2,0,0,0,1,0,0,0,1,0,1,0,1,0,0,0,0,0,0,1,0,5,0,0,0,0,0,0,0,0,1,0,0,1,2,0,0,1,1,4,0,2,0,0,0,1,1,0,0,0,0,0,1,0,0,1,2,0,4,2,1,0,0,2,0,0,0,0,2,2,0,0,0,0,1,0,0,0,0,1,0,0,0,0,1,1,1,0,0,0,1,6,0,0,0,2,2,0,0,0,0,2,0,0,0,0,0,0,0,1,2,0,11,0,3,2,0,3,3,0,0,3,0,0,0,0,0,1,0,0,0,2,0,3,0,2,1,1,2,2,0,0,2,2,0,0,0,0,1,0,0,0,4,0,1,0,1,0,0,4,0,2,0,3,1,0,1,0,0,0,0,2,1,0,0,0,1,1,0,0,2,0,0,7,1,2,0,0,0,0,0,0,0,1,0,0,0,1,1,1,0,2,0,0,0,1,0,1,0,0,2,2,0,1,0,0,1,0,0,0,0,0,0,0,1,0,1,2,0,1,0,0,2,1,0,0,0,0,0,0,0,0,0,2,4,0,0,0,0,0,0,0,0,0,1,0,1,1,1,0,0,0,0,0,1,4,1,0,0,1,0,0,0,1,0,0,0,1,0,0,0,0,0,1,0,0,1,0,0,0,1,0,0,0,0,3,0,1,0,3,1,0,0,0,5,0,0,0,0,0,1,0,0,1,1,4,0,0,0,0,0,0,0,4,0,0,0,0,0,2,0,0,1,0,0,0,0,0,0,0,0,0,1,0,0,0,0,0,45,0,0,0,0,0,1,0,0,1,0,1,0,0,0,0,1,0,0,1,0,0,0,0,0,2,0,0,0,0,0,0,0,0,0,0,0,2,0,2,0,0,0,0,0,0,0,0,1,0,0,0,0,0,0,1,0,0,4,0,0,0,0,0,1,1,0,0,0,0,0,5,0,0,0,0,0,0,0,2,0,0,0,0,0,2,3,0,0,0,0,0,0,0,0,0,0,0,0,0,4,0,0,0,0,0,0,0,1,0,0,0,0,0,1,0,0,0,0,0,0,1,0,0,0,1,0,3,0,0,0,0,0,0,0,0,0,1,0,0,0,0,0,1,0,0,1,0,1,1,0,1,0,0,0,0,2,0,1,0,0,0,0,1,0,0,2,4,0,1,0,0,0,0,0,0,1,0,0,1,0,0,0,0,1,1,0,0,0,0,0,1,0,0,4,0,0,0,0,0,0,0,1,0,0,0,0,0,0,1,2,0,0,0,0,0,1,0,0,0,2,0,0,0,0,0,1,0,0,1,1,0,0,0,1,0,0,2,1,0,0,0,17,0,0,2,0,0,1,0,0,1,2,3,1,0,0,0,0,1,0,0,0,1,0,0,0,0,0,0,0,0,0,0,0,0,0,1,0,3,0,0,0,0,1,1,0,0,14,0,2,0,2,0,1,0,0,0,1,0,0,0,0,0,0,0,0,0,0,0,0,0,0,0,0,0,0,0,0,0,0,0,0,0,0,0,0,0,0,0,0,0,0,0,0,0,0,0,1,0,0,0,0,2,0,0,0,0,0,0,0,0,0,0,1,2,0,0,0,3,1,0,0,0,0,3,0,0,0,0,0,1,0,0,0,0,0,0,0,0,0,lenin
lenin_tolstoy_kak_zerkalo_rev.txt,3,1,0,2,0,4,1,1,4,33,0,0,0,0,0,2,0,5,1,1,1,0,1,1,0,1,0,0,0,0,2,2,0,0,0,0,7,0,1,2,4,0,74,5,5,10,0,0,7,2,0,1,1,0,1,0,11,2,0,0,0,0,0,19,1,1,0,1,0,0,0,9,0,1,5,0,0,6,0,1,3,5,0,0,0,2,2,0,1,0,3,0,0,0,1,0,1,22,0,0,0,0,2,0,0,0,1,0,0,0,0,1,1,1,0,2,0,0,0,0,0,0,0,1,1,0,1,2,5,0,2,0,1,0,0,7,2,6,4,0,1,4,1,1,1,3,3,0,0,0,4,0,0,0,1,0,0,0,0,1,1,1,0,0,0,0,0,0,0,1,0,3,0,0,0,1,0,0,2,0,0,0,1,0,0,0,1,0,1,0,0,0,6,3,0,0,3,0,2,2,1,0,0,0,0,2,1,0,0,0,0,0,0,9,0,0,0,1,0,0,0,1,0,1,3,0,0,1,0,0,0,0,2,0,0,2,0,1,0,0,0,0,0,0,0,0,1,0,0,1,0,1,6,0,1,1,1,4,2,1,0,2,0,0,0,0,6,0,1,3,0,0,0,0,0,1,0,0,0,0,0,2,0,0,2,0,0,5,0,0,0,0,1,0,0,0,0,0,0,1,0,0,0,0,0,0,0,1,0,0,3,0,0,0,0,0,0,2,0,0,0,0,0,3,0,0,15,0,0,4,0,2,0,0,0,2,1,2,1,0,1,5,0,0,0,1,0,1,1,0,0,0,0,0,0,1,1,1,0,0,0,0,1,1,1,0,1,1,0,0,0,0,11,0,0,0,0,1,0,2,2,0,0,2,0,0,1,1,0,0,0,0,0,2,0,1,0,0,2,0,0,0,1,1,0,1,0,0,0,0,0,0,0,0,1,2,0,0,0,1,0,0,0,0,0,0,1,0,0,0,0,0,0,0,1,0,0,2,0,0,4,0,2,0,2,0,3,0,1,0,0,0,0,0,0,0,3,1,0,0,0,0,1,1,1,2,0,0,0,1,0,0,0,0,1,0,1,0,0,0,0,0,1,0,0,0,0,0,0,3,0,0,0,0,0,0,0,2,1,0,0,0,0,0,0,1,2,0,0,0,1,0,0,0,0,2,0,0,0,5,0,4,0,0,0,0,2,0,0,0,1,0,0,0,1,0,1,0,0,0,0,1,0,3,2,0,1,0,2,0,0,0,0,0,4,0,0,1,0,0,1,0,0,0,0,0,0,1,0,0,0,1,0,0,0,0,0,0,0,0,1,1,0,0,1,0,0,0,0,0,1,0,0,1,0,1,0,0,0,0,0,0,0,0,1,0,0,0,2,0,1,0,0,1,0,1,0,0,4,0,0,0,0,0,0,1,0,0,0,1,0,0,0,0,1,0,0,0,0,0,0,1,0,0,0,1,0,0,0,0,0,0,0,0,0,0,0,0,0,0,0,2,1,0,0,0,0,0,0,0,0,0,0,0,0,1,0,1,0,0,0,0,0,0,0,0,0,1,0,4,0,0,0,0,3,1,0,0,0,3,0,1,0,0,0,0,0,0,0,0,0,0,0,0,0,0,2,6,1,0,0,0,0,0,0,0,1,0,0,0,0,0,0,0,0,1,0,2,0,2,0,1,1,0,0,0,0,1,0,1,0,0,1,1,1,1,0,0,1,0,0,0,1,0,0,0,0,0,0,0,0,0,0,0,0,0,4,1,0,0,0,1,1,0,2,1,0,0,0,0,1,0,0,0,0,0,2,0,1,0,0,0,0,0,0,1,0,0,0,0,0,0,0,0,0,0,0,1,0,0,0,1,1,0,1,0,0,0,0,0,0,0,3,1,0,0,0,0,0,1,0,0,0,0,1,0,0,1,0,0,1,0,0,0,0,0,0,0,0,0,4,4,0,0,0,1,0,0,0,0,0,0,0,0,0,0,0,0,0,0,0,0,0,0,0,0,0,0,0,0,0,0,0,1,0,0,0,0,0,0,0,0,0,0,0,0,0,0,0,1,0,0,0,0,0,1,3,0,0,0,0,0,1,1,0,0,0,0,0,0,0,0,2,1,1,0,0,0,0,0,0,0,0,1,0,0,0,0,0,0,0,0,1,0,0,0,0,0,0,0,0,1,0,0,0,0,0,2,1,0,0,0,0,0,0,1,0,0,0,0,0,0,1,0,0,0,0,1,0,0,0,0,0,0,0,0,0,0,0,0,lenin
lenin_tostoy_i_ego_epoha.txt,5,0,0,1,0,0,0,0,3,49,0,0,1,0,0,0,1,6,2,0,2,2,0,0,1,1,0,0,0,0,7,2,0,0,0,1,9,1,1,1,6,0,45,0,0,13,7,0,3,0,0,0,0,0,2,0,8,1,0,0,0,0,0,17,0,0,0,1,0,0,0,5,2,0,5,0,0,4,0,0,0,3,0,2,0,1,1,0,0,0,1,1,0,0,1,0,0,9,0,0,0,0,0,3,0,1,0,1,0,2,0,0,0,0,0,0,0,0,0,0,0,0,0,5,0,1,3,6,8,0,4,0,0,0,0,12,3,7,2,0,0,2,0,0,0,4,2,4,0,0,1,1,0,0,3,1,0,0,0,3,0,2,0,0,0,0,0,1,0,0,3,0,0,0,0,0,0,0,1,0,0,0,0,0,0,1,2,1,0,0,0,0,0,1,0,0,13,1,4,0,1,0,0,0,1,1,2,4,0,0,0,1,0,9,0,0,0,0,0,0,1,2,0,0,1,0,0,1,3,1,0,1,0,1,0,0,0,0,1,0,1,0,0,2,0,2,0,4,0,0,0,2,0,0,0,1,0,2,0,0,0,3,1,0,1,0,0,0,1,1,0,0,0,0,0,1,0,0,0,1,2,1,0,0,0,3,0,0,0,0,0,0,1,1,0,0,0,0,0,0,0,2,0,0,0,0,0,0,0,0,0,0,0,0,0,0,0,0,0,0,0,0,0,0,1,1,0,0,0,0,0,0,0,0,0,1,5,0,0,0,0,1,1,0,0,1,1,1,0,0,1,0,0,0,0,3,2,1,0,1,0,1,2,0,0,0,7,2,0,0,0,1,0,1,0,0,0,1,0,0,1,0,1,6,0,0,2,2,0,0,0,0,0,1,0,0,1,0,5,0,0,0,4,0,1,0,6,1,0,0,0,0,0,0,1,0,0,0,0,0,0,0,0,1,0,0,0,0,0,0,1,0,0,0,1,0,0,0,0,0,3,0,6,0,1,0,2,0,0,1,0,1,0,0,0,0,0,0,0,0,0,0,0,1,0,0,0,1,0,0,0,0,3,0,0,0,0,0,1,0,0,0,0,0,1,0,0,0,0,0,0,0,0,0,0,0,1,0,3,0,0,0,0,0,0,1,0,0,0,0,0,0,1,0,0,6,0,0,0,1,0,1,0,0,0,0,2,0,3,0,0,1,0,0,1,0,3,1,0,0,0,0,0,1,0,0,0,2,0,0,1,0,0,0,1,0,0,0,0,0,0,1,0,0,0,0,0,0,0,0,2,1,0,0,0,0,0,1,1,0,0,0,0,0,0,0,0,0,1,0,0,0,0,0,0,0,0,0,0,0,0,0,0,0,1,0,0,0,0,0,0,0,0,0,0,1,0,0,0,0,0,1,0,0,0,0,0,0,0,0,2,0,1,0,1,1,0,0,2,0,0,0,0,0,0,0,1,0,0,0,1,0,0,0,0,1,0,0,0,0,0,0,1,0,0,2,0,1,1,1,1,0,1,0,0,0,1,0,0,0,0,0,1,0,0,0,0,0,1,1,0,1,0,0,1,1,0,0,0,0,0,0,0,2,0,0,4,0,0,0,0,0,0,0,0,0,0,0,0,1,1,0,1,0,0,0,0,0,1,0,0,0,1,1,0,0,0,0,0,0,1,0,0,0,0,0,0,0,0,0,0,0,0,8,3,1,0,0,2,1,0,0,0,0,0,0,0,0,0,0,0,0,1,0,0,0,0,1,0,2,3,0,0,0,0,0,0,0,0,0,0,0,0,0,0,0,0,0,1,0,0,0,0,1,2,1,0,0,0,2,0,1,0,0,1,0,0,0,0,0,1,0,0,0,0,0,0,0,0,0,0,0,0,1,0,1,0,0,0,1,0,0,0,0,0,0,0,0,0,0,0,0,0,0,0,0,2,0,0,0,0,0,0,0,2,1,0,0,0,0,1,0,0,0,0,1,0,0,1,0,0,0,0,0,0,0,0,1,0,0,0,0,0,2,0,0,1,1,2,0,0,0,0,0,0,0,0,1,0,0,0,1,0,0,0,0,0,0,0,0,0,0,0,0,0,0,0,0,0,0,1,0,2,6,0,1,1,0,0,1,1,0,0,0,0,0,0,0,0,0,0,0,0,0,0,4,0,0,0,0,0,4,0,0,0,0,0,0,0,0,0,0,0,0,0,0,1,0,0,0,0,0,0,0,0,0,0,6,3,0,0,0,0,0,0,0,0,0,0,0,lenin
lenin_tsennoe_priznanie_I.txt,12,0,2,2,1,1,0,1,0,68,0,0,0,0,1,0,13,4,0,1,3,1,0,0,2,5,0,0,1,0,6,0,0,0,0,2,6,1,1,6,2,0,109,7,7,8,2,0,8,0,1,2,1,0,3,4,33,1,1,1,1,0,0,35,0,1,1,1,2,1,1,10,1,0,4,8,0,10,0,0,5,7,0,2,1,4,2,7,12,0,4,0,1,1,26,0,0,12,0,1,0,3,1,0,0,1,1,0,0,0,0,0,0,0,0,1,0,1,0,0,0,0,0,8,2,1,2,7,7,1,4,1,0,0,0,30,9,12,2,0,1,4,0,2,2,0,4,1,0,0,3,0,0,0,2,3,0,0,1,2,2,3,0,1,0,0,0,5,2,1,0,0,0,0,0,1,0,0,0,0,0,0,0,0,1,0,0,0,0,1,0,0,0,1,1,0,1,5,0,0,0,0,1,1,0,0,0,4,1,0,0,0,1,12,0,0,0,5,0,0,0,1,0,5,0,0,1,4,0,3,0,0,2,1,0,0,0,3,0,3,0,0,0,1,1,1,1,2,0,0,1,1,1,2,1,0,0,1,3,2,2,21,3,0,0,2,1,1,1,2,1,0,0,0,0,4,1,0,0,0,0,2,1,0,0,0,0,2,4,0,1,0,0,1,3,0,1,0,2,0,0,0,0,0,2,1,0,0,0,2,3,0,0,0,0,0,0,8,0,0,12,3,3,5,0,0,0,0,0,0,0,0,0,0,0,1,4,1,1,0,0,0,1,0,0,1,2,3,1,2,2,1,1,0,1,5,1,0,0,2,3,1,0,3,0,0,0,2,3,0,0,1,0,0,1,0,0,0,1,0,2,0,1,4,0,1,6,3,0,2,0,1,1,0,0,0,0,1,6,1,0,0,1,2,1,0,3,2,0,2,0,0,0,2,1,0,0,0,0,0,0,0,0,6,1,2,1,0,0,0,5,0,0,2,4,3,0,1,0,2,0,0,4,0,0,1,0,0,0,1,0,0,0,0,1,4,2,2,0,0,0,0,0,0,2,0,1,10,1,3,2,0,3,0,2,0,0,0,2,0,2,0,1,0,0,0,0,1,0,0,1,1,0,2,0,0,0,0,3,0,1,1,0,0,1,1,0,0,0,0,0,0,0,2,0,4,1,2,0,2,0,0,0,0,0,1,1,0,0,0,0,0,0,0,0,1,3,1,0,0,0,0,0,0,0,0,0,0,1,0,1,0,0,0,2,0,0,0,1,1,1,2,0,0,0,0,0,0,0,1,3,0,1,2,0,0,0,0,0,0,0,1,0,0,0,0,0,0,0,0,0,0,0,0,0,0,1,0,0,0,3,0,2,0,0,0,0,0,1,0,1,0,0,0,1,0,0,0,0,0,0,0,0,0,0,0,0,0,0,0,0,1,1,0,1,0,0,0,0,2,0,0,0,0,0,0,0,0,0,0,0,0,0,0,1,0,1,1,0,1,0,0,0,0,0,0,0,3,0,0,0,0,0,0,0,0,2,1,0,0,2,0,2,0,0,0,1,0,0,0,0,1,0,0,0,0,0,1,0,2,0,0,0,0,0,0,1,0,0,1,0,0,0,0,0,0,2,0,0,0,0,0,0,0,0,0,0,1,3,0,0,1,0,0,1,0,1,1,1,2,1,0,5,0,1,0,0,0,0,0,0,0,0,0,0,0,1,0,0,1,0,1,0,0,1,0,3,1,0,0,0,0,0,2,0,0,0,0,0,0,1,0,0,0,0,0,0,0,2,0,0,1,0,0,2,0,1,0,0,2,1,1,1,0,1,0,0,1,0,0,0,6,0,0,0,0,0,2,0,0,0,0,0,0,3,0,1,0,0,2,0,1,2,0,0,1,0,0,0,0,0,0,2,0,0,0,0,0,0,0,0,0,0,0,0,0,0,1,0,1,0,0,0,0,0,0,0,0,0,0,1,0,0,0,0,0,0,1,0,0,0,2,0,0,0,0,1,0,1,0,0,0,0,0,0,0,0,0,1,0,0,1,1,0,0,0,0,0,0,0,0,1,1,1,0,0,0,0,1,0,0,0,0,1,0,0,0,0,1,0,1,1,0,0,0,2,1,0,0,0,0,0,0,0,0,0,0,0,0,0,0,0,0,0,0,0,0,0,0,0,0,1,0,4,0,0,0,0,0,0,0,0,0,0,0,0,1,0,0,0,0,0,2,0,0,0,0,0,0,0,2,0,0,0,0,0,0,0,0,0,lenin
lenin_zadachi_rev_molodezhy.txt,26,0,5,2,3,0,2,0,10,98,0,0,2,0,0,0,3,9,2,5,5,0,0,1,2,3,0,1,1,8,16,7,2,0,0,1,9,0,9,8,3,1,179,15,8,19,4,0,5,2,0,0,0,0,7,8,45,5,0,2,1,0,1,62,2,1,1,5,1,0,1,8,2,1,3,6,1,10,0,15,2,16,6,2,1,3,4,0,0,0,1,1,2,1,1,10,2,47,2,2,2,1,2,1,1,0,1,2,0,7,1,2,0,1,0,21,2,11,0,0,1,1,1,6,1,7,0,3,12,0,6,13,1,0,4,47,4,17,4,0,0,11,2,7,14,3,9,0,0,1,17,0,0,5,6,2,0,0,0,0,8,11,0,2,1,0,2,2,2,1,1,1,10,7,0,4,2,2,6,1,5,2,1,2,4,3,0,2,5,2,0,1,4,7,2,0,12,6,0,0,0,3,0,2,0,2,0,18,1,1,7,0,0,27,0,0,2,6,0,3,2,2,0,7,1,5,7,0,5,1,3,0,15,0,0,0,0,0,2,6,0,0,5,2,1,1,1,4,0,0,0,3,1,2,1,0,1,7,4,3,0,22,2,11,0,1,7,0,1,8,0,7,2,0,1,5,1,0,0,4,1,5,2,0,2,0,0,7,0,2,9,1,25,2,0,0,3,0,2,1,2,0,1,0,0,0,4,2,3,0,3,0,1,2,1,1,1,2,1,1,0,0,0,0,0,1,1,3,1,8,0,0,0,0,0,1,13,0,0,0,6,2,0,0,0,1,0,1,0,1,3,0,6,0,1,4,2,0,0,1,1,0,3,0,1,1,0,4,6,1,0,1,8,1,3,0,0,1,0,0,4,1,4,16,3,0,8,3,4,2,0,0,0,0,1,2,0,0,2,2,0,0,6,4,5,2,4,1,6,1,2,2,0,1,0,4,2,0,1,0,0,0,3,1,0,1,3,0,0,0,3,0,0,0,3,1,1,6,0,0,11,0,14,0,1,0,1,0,0,1,0,0,0,1,12,0,2,2,0,1,0,0,2,4,0,2,0,2,0,0,4,2,3,0,2,6,0,5,1,0,0,1,0,0,1,0,0,1,1,0,0,0,0,0,2,6,2,0,3,2,0,0,2,0,1,0,0,0,0,1,1,2,0,0,2,13,4,1,1,7,0,7,0,0,0,2,0,0,1,0,1,1,1,0,4,2,10,7,0,0,1,0,0,0,1,8,0,6,2,1,4,2,0,2,1,1,0,4,1,1,3,2,0,6,1,1,0,0,2,0,4,0,0,3,0,0,4,0,2,0,1,3,0,1,1,0,0,0,3,0,1,1,1,3,4,0,0,0,0,0,0,1,0,1,2,0,1,0,0,0,0,0,1,1,1,4,0,1,2,2,0,2,0,4,0,2,0,0,0,1,0,0,6,0,1,0,0,0,2,0,0,0,1,1,2,0,0,1,0,0,5,0,0,0,0,0,0,0,0,0,3,1,1,0,0,2,0,0,1,1,6,0,0,1,1,1,0,0,0,0,1,0,3,1,0,0,1,0,0,1,1,3,0,4,2,2,0,3,3,0,0,0,0,3,2,0,2,1,0,0,0,0,1,0,0,0,1,0,0,1,1,0,2,0,0,0,1,1,0,0,0,0,2,1,0,0,0,0,1,2,2,2,0,0,0,6,0,1,0,4,0,0,3,0,0,2,2,0,3,1,5,0,0,1,3,2,1,3,2,0,0,0,0,0,0,2,1,0,0,3,3,1,0,1,0,0,0,0,1,3,0,0,2,0,1,0,0,0,0,0,1,0,0,1,2,0,2,0,0,2,0,0,1,2,0,1,1,0,2,1,0,2,0,1,3,4,0,2,0,4,0,0,2,2,1,0,3,0,0,3,0,0,0,0,1,0,1,1,0,0,1,0,0,2,1,0,1,0,0,0,0,4,1,0,4,0,0,1,0,3,0,2,0,1,1,1,3,3,1,1,0,1,0,0,0,1,0,0,0,0,0,2,2,1,1,0,1,1,0,0,0,0,0,0,0,0,0,2,0,1,2,1,1,0,0,0,0,2,4,0,0,0,2,2,0,0,0,1,1,1,0,1,0,0,0,0,0,0,0,0,0,4,0,2,2,0,1,0,2,0,2,0,2,0,0,0,0,1,0,0,1,0,0,0,0,1,0,1,0,0,1,0,0,0,5,1,1,0,0,1,1,0,0,1,0,0,0,0,0,0,0,0,1,0,0,0,0,0,0,0,lenin
lenin_zemsk_kampania_iskra.txt,32,0,1,3,3,2,3,1,9,144,1,3,0,2,0,2,9,15,1,2,4,0,1,1,1,10,0,3,0,2,40,10,7,1,0,2,15,3,20,17,9,4,197,12,10,26,15,0,10,7,0,0,0,0,6,34,84,4,0,20,2,1,3,100,3,2,0,6,3,0,0,25,4,0,10,5,3,25,3,11,10,23,3,5,0,2,3,3,12,4,7,0,0,8,19,2,0,70,2,1,0,0,3,6,0,2,4,1,0,5,0,1,0,2,1,12,0,0,1,0,0,0,1,12,3,7,16,12,20,1,15,13,0,2,2,40,21,28,5,0,2,8,0,12,33,2,9,4,0,2,5,1,1,10,4,1,0,0,2,2,3,4,0,2,4,1,0,5,7,3,0,2,0,1,1,4,0,0,4,1,17,2,0,8,2,4,1,8,5,7,1,2,3,14,6,2,4,18,0,2,2,8,5,1,1,4,0,14,4,8,2,0,0,40,0,0,2,0,0,0,2,1,0,7,0,3,5,0,4,1,0,0,5,1,0,0,1,1,3,8,2,7,1,1,0,7,2,4,0,4,6,3,8,2,1,1,1,15,7,2,2,59,7,5,0,0,6,0,14,23,1,2,1,1,2,8,1,2,0,2,1,2,3,1,1,3,8,7,1,4,3,1,10,3,7,0,0,8,0,1,2,11,5,0,1,1,4,5,21,2,12,1,2,1,4,0,0,7,1,0,8,0,3,4,0,1,0,5,0,2,2,1,0,1,4,1,4,0,0,1,3,2,0,4,0,0,1,1,8,2,9,0,5,0,1,6,2,4,0,4,1,2,1,0,0,1,0,3,0,1,0,1,8,0,0,0,0,3,2,1,11,0,1,19,1,7,13,3,1,1,13,0,3,3,3,2,0,0,8,0,1,0,11,5,4,3,8,1,1,1,2,0,0,7,2,8,4,2,0,0,0,0,0,8,0,0,3,1,0,0,4,1,1,1,4,3,0,3,0,0,3,3,19,3,0,0,3,5,1,4,1,7,4,1,8,3,1,2,0,1,7,0,0,7,0,0,2,2,9,2,6,1,1,0,1,0,1,0,1,1,1,1,2,2,1,0,0,1,1,1,0,0,0,2,0,0,4,2,3,2,3,5,3,8,0,1,0,0,1,0,0,1,0,0,3,4,3,4,3,6,0,2,0,0,0,3,5,1,1,0,7,0,5,0,3,0,11,3,1,0,0,0,2,3,1,1,0,3,0,0,2,0,0,0,7,0,3,1,0,3,0,1,2,0,0,2,18,0,1,0,7,0,0,7,0,0,1,0,1,0,0,2,0,1,0,1,1,0,0,0,0,1,1,0,2,1,3,2,2,0,1,2,0,1,1,2,11,0,0,0,0,1,2,0,0,7,1,0,1,3,1,7,0,1,0,5,0,1,4,1,0,3,2,4,3,0,0,0,5,2,1,0,3,4,2,0,1,1,1,2,5,0,0,0,3,2,1,1,2,4,1,2,1,1,3,2,1,0,0,0,0,0,0,0,0,2,0,3,0,1,0,0,0,1,1,0,1,7,0,1,1,4,0,0,1,0,0,5,6,0,3,0,0,5,15,0,0,1,0,0,0,1,3,1,1,0,0,0,0,9,11,0,1,2,2,3,1,1,4,1,1,0,2,0,1,2,0,0,0,1,2,2,7,3,0,0,0,0,3,1,0,0,2,1,0,0,2,1,4,2,0,0,1,0,0,3,1,0,1,1,1,0,1,0,0,8,5,3,1,1,9,1,3,2,0,0,0,0,0,2,1,0,1,0,1,0,1,6,0,0,1,0,0,1,8,0,5,0,1,0,1,0,0,3,1,0,2,2,1,2,0,2,1,0,0,1,3,0,0,0,0,0,2,0,2,1,0,0,0,1,0,0,1,1,2,1,0,2,0,1,0,0,1,0,3,0,0,1,0,0,0,2,0,0,0,0,0,2,0,0,2,2,0,1,19,0,0,4,1,1,7,4,1,0,0,0,2,0,1,4,0,0,1,1,0,0,1,0,1,0,0,1,0,0,0,1,0,4,0,1,5,0,2,0,1,0,0,0,1,1,0,0,0,3,0,1,2,1,2,0,0,0,0,0,0,0,1,0,0,1,2,2,1,0,1,2,0,2,1,0,1,0,0,0,0,0,1,0,0,0,2,0,0,0,0,0,0,0,3,1,0,0,0,4,0,8,0,0,0,10,0,5,0,0,0,0,0,0,0,0,0,0,0,0,0,0,0,0,0,0,lenin
martov_borba_za_svobodu_I.txt,10,0,1,1,2,8,1,2,6,101,1,1,0,1,1,0,2,10,2,3,13,0,0,0,1,3,0,4,3,0,25,3,0,0,1,1,28,4,9,9,22,0,122,7,6,20,12,0,4,1,0,1,0,0,5,11,39,2,0,2,0,1,1,53,0,1,0,3,0,0,2,13,3,1,9,1,6,21,1,3,5,3,3,4,1,1,2,0,0,1,3,0,0,0,1,1,3,33,2,4,3,1,5,1,1,0,3,3,0,3,0,0,0,0,0,10,0,2,0,1,0,0,0,12,3,5,2,11,12,0,3,6,0,0,0,39,9,8,4,0,0,3,2,9,17,0,4,1,0,1,3,0,0,0,8,1,0,0,1,2,0,4,2,1,2,1,0,22,0,0,3,0,0,2,2,8,0,1,4,0,3,0,0,3,2,0,1,2,4,1,3,0,0,2,1,1,2,3,6,0,0,1,0,2,2,4,0,6,5,1,5,0,1,23,0,0,0,0,0,0,2,0,6,0,1,0,3,2,2,1,0,1,5,0,0,0,0,0,0,1,1,1,0,2,0,4,3,3,0,0,1,1,2,3,1,0,1,6,2,0,1,21,9,2,0,1,0,0,6,10,1,1,1,0,2,1,2,0,0,1,0,0,5,0,0,0,1,5,0,3,5,2,8,2,0,0,0,1,0,1,1,2,0,1,0,0,2,10,7,0,11,0,1,0,1,0,0,1,2,0,0,0,1,2,0,6,4,2,0,1,1,1,3,0,0,0,4,0,1,4,1,2,1,1,0,1,0,0,9,10,5,1,3,0,5,4,4,1,0,1,3,2,2,1,2,0,1,2,5,2,0,1,0,0,0,0,0,1,0,2,2,1,1,18,0,2,5,2,2,0,1,0,0,0,0,0,0,0,6,0,0,0,5,1,5,1,11,2,2,2,0,0,0,10,0,2,1,0,1,0,0,0,0,4,0,0,0,0,1,0,0,0,1,0,3,7,0,2,8,0,1,0,7,0,0,3,1,0,1,5,0,4,0,0,9,0,4,1,1,0,7,0,0,1,0,0,3,0,0,0,1,4,1,0,1,0,1,0,1,0,0,0,2,0,2,0,1,0,0,2,0,3,0,0,0,0,1,1,1,2,5,0,1,0,0,1,4,0,0,0,0,0,0,1,4,4,1,0,0,7,0,1,0,0,0,0,2,0,2,1,0,2,0,0,1,1,5,2,0,0,0,0,0,0,0,1,1,0,2,0,1,0,0,1,1,1,0,3,1,2,1,2,1,3,0,0,0,3,0,0,6,0,0,1,0,0,1,0,1,1,0,5,1,0,4,0,1,0,5,4,0,0,4,0,1,0,0,0,0,0,1,0,1,0,0,3,0,0,1,1,1,0,1,0,0,2,0,2,0,1,1,2,2,1,0,1,0,0,0,0,1,1,4,1,2,0,0,0,3,3,0,0,0,1,2,0,0,0,1,0,3,0,0,0,1,1,0,1,1,4,0,2,0,0,1,1,0,0,0,0,0,0,2,0,1,1,0,1,0,3,0,0,2,0,1,0,2,0,0,0,0,0,0,0,0,0,0,3,1,3,0,0,0,1,5,0,0,1,2,2,0,0,0,1,1,0,1,1,0,3,1,1,0,0,0,0,1,0,1,0,0,0,3,2,0,0,1,1,0,1,1,1,0,1,0,2,0,0,1,3,0,1,1,0,0,0,0,0,2,2,1,0,1,0,1,2,0,1,4,0,0,0,1,0,0,0,1,1,3,0,3,0,0,2,0,0,1,0,0,1,0,1,1,2,2,0,0,2,1,0,0,0,0,0,5,3,3,0,0,0,0,0,1,0,1,0,0,1,2,0,0,1,1,0,0,0,1,0,0,2,0,0,1,1,0,0,0,0,0,8,0,0,0,1,0,0,0,0,1,0,0,1,0,2,2,0,2,0,0,0,0,0,3,1,1,0,0,2,0,0,1,0,0,0,0,0,0,0,0,0,3,1,1,0,0,0,0,0,0,0,0,1,5,2,1,0,0,0,0,0,0,0,1,8,0,0,0,1,2,2,2,0,0,0,0,0,0,0,1,2,0,1,0,1,0,0,0,0,0,0,0,0,1,0,1,0,0,0,0,1,1,0,0,3,0,0,0,0,0,0,0,0,0,0,0,0,0,0,0,0,1,0,0,2,0,2,2,1,0,0,0,0,0,0,0,2,0,0,1,2,1,0,0,0,0,0,0,0,1,0,0,0,1,0,0,0,0,0,0,0,martov
martov_boykot_dumy_i_rev_samoupravlenie_I.txt,25,1,1,0,1,2,3,3,5,117,0,2,1,0,0,3,6,10,2,5,4,1,0,0,0,2,0,1,1,1,16,10,0,0,1,1,13,3,17,17,8,0,110,15,16,22,6,0,8,1,1,0,0,0,13,17,51,3,4,11,0,3,0,68,0,0,1,1,0,0,1,23,3,1,9,6,0,33,0,4,4,23,1,3,1,5,1,3,6,2,9,0,0,0,0,2,0,25,1,0,2,3,8,1,2,1,5,2,1,2,0,0,0,0,1,10,0,0,1,0,0,1,0,11,6,10,10,10,17,0,6,9,0,0,0,59,13,23,4,0,7,15,0,3,21,1,10,1,1,0,8,1,1,0,6,4,0,0,0,2,2,7,1,2,0,1,0,6,1,1,1,1,0,3,0,1,1,0,7,0,17,1,1,6,2,0,0,3,3,6,0,0,0,6,0,0,10,8,6,3,0,2,2,3,1,3,0,10,6,2,4,0,0,45,0,2,0,2,0,1,0,0,0,5,5,4,3,0,3,2,1,3,9,0,0,1,1,0,2,2,0,0,4,3,0,7,0,4,0,2,0,2,4,2,1,1,2,6,3,1,2,22,2,0,0,2,1,1,5,15,1,3,0,5,0,3,0,1,0,0,0,5,0,1,2,2,1,9,0,2,3,0,5,2,1,2,3,0,0,0,1,1,1,0,0,0,0,6,7,1,5,0,0,4,3,0,0,0,0,0,1,2,2,3,0,0,6,17,10,13,3,3,0,0,0,0,3,0,0,1,0,0,0,1,0,5,0,2,1,1,4,0,4,0,1,12,2,4,0,2,1,1,1,0,1,0,0,3,0,0,0,0,4,0,0,0,2,1,1,1,2,12,2,33,0,3,6,4,6,0,0,0,0,0,0,1,2,0,6,1,0,0,1,2,9,3,2,3,0,3,1,0,0,15,0,8,4,1,0,2,0,1,3,0,1,1,3,0,0,0,2,1,2,0,1,7,1,6,10,1,1,0,7,1,0,0,0,1,0,4,0,7,1,2,1,2,7,3,1,1,4,1,0,1,1,1,4,0,1,0,0,0,1,1,2,0,0,0,2,1,0,0,3,0,0,1,3,0,1,0,0,0,0,0,0,1,4,2,1,1,0,0,3,2,1,0,0,0,0,0,0,1,0,0,1,10,1,3,0,4,3,1,0,0,1,0,2,5,0,0,0,2,1,1,6,1,4,0,0,0,0,1,1,3,0,1,0,1,0,0,2,0,1,2,2,0,1,6,0,1,0,3,2,0,0,4,3,0,2,1,4,0,0,0,0,0,1,1,4,0,0,5,3,1,2,1,1,0,0,0,1,4,0,0,2,0,1,1,3,0,2,0,0,0,2,2,1,1,1,1,3,0,2,0,0,1,0,3,1,4,0,0,0,2,1,4,0,2,0,0,6,2,0,2,2,2,1,0,2,1,0,0,0,2,0,0,2,1,1,5,6,2,0,0,1,2,2,0,1,0,4,6,1,0,1,0,0,1,0,0,1,1,0,2,1,1,1,1,0,1,0,0,0,1,1,0,1,0,0,0,1,4,0,1,1,0,0,1,4,1,0,0,2,0,0,2,1,0,0,0,2,0,0,2,1,1,1,2,1,6,1,0,3,0,1,1,1,0,0,1,0,0,2,1,0,1,0,2,0,1,2,0,0,3,3,1,0,0,1,3,0,1,1,0,0,0,1,1,1,0,6,0,0,0,0,3,2,1,0,3,2,0,1,0,0,3,0,0,3,0,1,2,0,0,0,0,2,2,0,3,1,1,1,2,2,0,1,1,3,0,0,0,0,1,6,0,1,0,0,1,1,1,0,0,0,0,2,4,2,1,0,3,4,1,1,1,0,2,0,2,4,2,0,0,0,0,2,1,1,1,0,0,0,1,1,1,1,0,0,1,2,0,0,2,0,0,0,2,0,0,1,3,1,0,2,0,3,3,0,0,2,0,0,0,1,0,1,0,0,6,9,0,0,0,1,1,0,0,1,1,0,1,2,1,1,0,0,0,0,5,0,0,0,0,0,0,0,4,0,0,0,0,1,0,0,0,0,1,0,2,1,1,0,0,0,0,0,0,1,0,2,0,0,0,1,0,0,0,0,0,8,0,0,1,0,1,3,0,0,0,0,1,0,0,0,0,1,1,1,2,0,0,0,1,2,0,0,0,0,0,5,0,0,0,1,0,0,0,0,0,3,1,0,1,0,1,1,0,2,0,0,0,0,0,0,4,0,0,0,0,martov
martov_demokraty_ponevole_I.txt,3,0,1,0,1,2,0,0,11,42,0,0,0,0,0,0,4,5,0,1,3,0,0,0,0,2,0,0,1,1,5,2,1,2,0,1,6,3,10,3,12,0,46,4,1,13,5,0,3,1,0,0,0,0,2,12,20,0,4,4,0,0,0,44,3,0,0,1,0,0,0,9,1,1,12,1,0,3,1,1,1,8,0,2,0,4,0,0,0,0,2,0,0,0,1,1,0,11,0,0,1,0,1,0,0,0,0,2,0,0,0,0,0,0,0,4,1,2,0,0,0,0,0,3,2,1,1,4,7,0,2,3,0,0,0,40,4,22,2,1,0,0,0,1,8,0,4,1,0,0,1,0,0,0,3,1,0,0,0,0,0,0,0,0,0,0,0,4,1,2,0,0,0,0,0,3,0,0,3,0,3,0,0,2,4,0,0,1,0,1,0,0,0,1,0,0,3,2,0,1,0,0,0,0,1,0,0,1,0,0,1,0,0,7,0,0,0,1,0,0,1,2,2,0,1,0,2,0,0,1,0,0,0,0,0,0,0,1,0,0,2,4,0,0,0,0,0,6,0,5,0,0,4,0,0,2,1,3,1,1,0,12,1,0,0,0,0,0,5,5,0,0,0,0,0,0,1,0,0,0,0,1,0,0,0,0,0,1,0,0,2,1,0,0,0,0,0,0,0,0,0,7,0,5,0,1,1,1,2,0,2,0,1,0,0,0,0,1,0,0,2,1,0,1,0,0,1,0,1,0,0,1,0,1,0,0,1,0,0,0,0,3,0,0,0,0,0,1,0,0,0,0,1,0,1,1,3,1,0,3,0,3,1,0,0,0,0,0,1,0,0,0,1,0,0,1,0,0,0,1,1,0,1,5,0,1,3,1,1,4,0,0,0,0,0,0,0,0,0,0,0,0,4,1,3,4,3,2,0,0,1,0,0,5,0,1,2,1,0,0,0,0,1,1,0,0,0,0,0,1,0,0,0,0,0,0,0,0,2,0,0,0,0,0,0,1,1,0,0,1,0,1,0,0,3,0,0,0,0,3,0,0,0,0,0,0,0,0,0,0,0,0,0,0,2,1,0,0,0,0,0,0,2,0,1,0,0,0,0,0,0,0,0,0,0,0,1,0,0,0,1,0,0,0,0,1,0,0,0,0,1,1,0,0,1,0,1,1,0,2,0,0,0,0,0,1,0,0,0,1,0,3,0,0,2,2,5,1,1,0,0,0,0,2,1,0,0,0,0,0,0,0,0,0,6,1,0,4,0,1,0,0,0,1,0,0,0,0,0,0,1,0,0,0,0,0,1,0,0,0,0,1,0,0,1,0,2,0,1,0,0,0,0,0,1,0,0,0,0,0,0,0,0,0,0,0,0,0,0,0,0,0,0,0,1,1,0,0,0,1,0,1,0,0,1,1,0,0,0,0,0,1,0,1,1,1,0,0,0,0,0,0,0,0,0,0,0,3,2,0,1,0,0,0,0,0,1,0,0,0,0,3,1,0,0,0,0,0,0,0,1,0,0,0,0,0,1,7,0,0,1,0,0,0,1,0,0,1,1,0,0,0,0,0,0,0,0,0,2,0,0,0,0,0,3,1,0,1,0,0,1,0,0,1,1,0,1,0,0,1,1,0,1,0,1,1,0,0,0,1,2,0,0,0,0,0,0,0,0,1,0,0,0,0,0,1,0,0,0,0,0,0,1,0,0,0,0,0,1,0,0,0,1,0,0,4,1,2,0,0,1,0,0,0,0,0,0,0,1,0,0,0,0,0,2,0,4,0,0,0,0,0,0,0,0,0,0,1,0,0,0,1,1,0,1,0,0,0,0,1,1,0,0,1,0,1,0,0,0,0,0,0,1,3,1,0,0,0,0,1,1,0,1,0,0,0,0,0,0,0,0,0,0,0,0,0,0,1,2,4,0,1,1,0,0,0,0,3,0,0,0,8,0,0,0,0,0,1,1,0,0,0,0,0,0,0,0,0,1,0,0,0,0,1,0,1,0,0,0,0,0,0,0,1,1,0,0,0,0,0,0,1,0,0,0,1,0,2,0,0,0,0,0,0,0,0,0,1,0,0,0,1,0,0,1,0,1,0,0,0,0,0,0,1,0,0,0,1,0,0,3,1,0,0,0,0,0,0,0,0,0,0,0,0,0,0,0,0,0,0,0,0,7,0,0,0,0,0,0,0,0,0,0,0,0,0,0,0,0,0,0,3,0,0,0,0,3,0,1,0,0,0,0,0,0,0,0,0,0,0,martov
martov_gibel_port_artura_I.txt,1,2,0,0,2,1,0,0,2,36,0,0,0,0,1,0,0,6,0,0,2,1,0,0,0,2,0,0,0,0,10,3,0,0,0,0,10,0,1,2,12,0,49,3,1,14,4,0,1,2,0,0,1,0,1,2,11,1,0,2,0,0,0,6,2,0,0,0,0,0,1,3,1,2,2,0,0,7,0,0,5,6,1,4,1,0,1,0,0,1,1,0,0,0,0,0,1,22,0,0,1,2,2,1,0,0,1,0,0,0,0,0,1,0,0,1,0,0,0,0,0,0,0,0,1,2,7,1,4,0,1,0,1,0,0,12,1,8,5,0,0,0,0,0,2,0,0,0,0,0,2,0,0,0,4,0,0,0,0,0,1,0,0,0,0,1,0,0,0,0,0,0,0,0,1,0,0,0,0,0,1,0,0,0,0,0,0,0,1,0,0,0,0,0,1,0,0,1,0,0,0,0,0,3,2,0,0,5,1,0,0,1,2,4,0,0,0,2,0,2,1,1,0,1,0,2,0,1,0,1,0,0,1,0,0,0,0,0,0,1,0,0,1,0,0,0,0,0,1,0,0,0,0,0,0,1,0,3,0,0,1,8,2,4,0,0,0,1,3,3,0,0,0,0,0,0,0,0,0,0,0,0,0,0,1,0,0,0,0,1,1,0,0,1,0,0,0,0,0,1,0,1,0,1,0,0,0,1,1,0,2,0,0,2,0,0,0,0,0,0,0,0,0,0,0,0,0,0,2,0,1,0,0,0,1,0,4,0,0,1,3,1,0,0,0,0,0,0,1,0,1,2,0,0,0,3,1,0,0,1,1,0,0,3,0,1,0,0,0,0,0,0,0,0,0,0,1,0,0,0,0,0,0,2,0,0,4,1,0,1,0,0,0,0,0,0,0,0,1,0,0,0,2,3,0,0,3,0,0,0,0,0,1,1,0,0,1,0,0,0,2,0,0,0,0,1,0,0,0,0,0,0,0,0,0,1,0,0,2,1,1,0,1,0,0,0,0,0,0,1,0,0,0,0,1,0,1,1,0,0,0,0,0,3,0,0,0,0,1,0,0,0,0,0,0,0,0,1,0,1,0,0,0,0,0,0,0,0,0,1,0,0,0,0,0,0,0,0,0,0,0,0,0,0,0,1,0,0,0,0,0,0,0,0,0,0,0,0,0,1,0,1,0,0,0,0,0,0,0,0,0,0,1,0,0,1,3,0,0,0,0,1,0,1,0,0,0,0,0,1,0,0,0,0,0,0,0,1,0,5,0,0,0,0,0,0,1,0,1,0,0,0,0,1,0,1,0,0,1,0,0,0,0,1,0,0,3,0,0,0,0,0,0,0,0,0,0,0,0,0,0,0,0,0,0,0,0,0,0,1,3,0,0,0,0,0,0,2,0,0,0,0,1,0,0,0,0,0,0,0,1,1,0,0,0,0,0,0,1,1,0,0,0,0,0,0,0,0,0,1,0,0,0,0,0,0,0,0,0,0,0,0,0,0,0,0,0,0,0,0,0,1,1,0,1,0,0,0,0,0,0,0,2,0,0,0,0,1,0,1,0,0,0,0,0,0,1,1,0,0,0,0,0,0,0,1,1,0,0,1,0,0,0,0,0,0,0,0,0,0,1,0,0,0,0,0,0,0,0,0,0,0,0,0,1,0,0,0,0,1,0,0,0,0,0,0,1,1,1,0,0,0,0,1,0,0,0,0,0,0,0,0,1,0,0,0,0,0,0,0,0,0,1,0,0,1,0,0,0,0,2,0,0,0,0,0,0,0,0,0,0,0,0,0,0,0,0,0,0,0,3,0,0,0,0,0,0,0,0,0,0,0,0,0,0,0,1,0,0,0,0,0,0,1,0,1,0,0,0,0,0,0,1,0,0,0,0,0,0,0,0,0,0,1,0,0,0,0,0,0,0,1,1,0,0,1,0,0,0,0,0,0,0,0,0,1,0,0,1,0,0,0,0,0,0,0,0,0,0,0,0,0,0,0,0,0,0,1,0,0,0,0,0,0,0,0,0,0,0,0,0,0,0,0,0,0,0,0,0,0,0,0,1,0,0,0,0,0,0,0,1,0,0,0,0,0,1,0,0,0,0,0,0,1,0,0,0,1,0,1,0,0,2,0,0,0,0,9,0,0,0,0,0,0,0,0,1,0,0,0,0,0,0,0,0,0,0,0,0,1,0,0,0,0,1,0,0,0,0,0,0,0,0,0,0,0,0,0,3,0,0,0,0,0,0,0,0,0,0,0,martov
martov_golod_idet_I.txt,2,0,0,0,1,1,0,3,0,17,0,0,1,0,0,0,2,2,0,0,6,1,0,0,0,0,0,0,1,0,2,0,0,0,1,0,1,1,6,1,10,0,31,0,6,3,1,0,5,2,0,0,0,0,0,0,13,0,3,0,1,1,2,10,0,0,0,1,0,0,0,2,0,3,1,0,0,2,1,0,1,1,0,1,0,0,0,2,4,2,1,0,0,0,2,0,0,6,0,1,0,1,0,1,0,1,0,1,0,0,0,0,0,0,0,0,0,0,0,1,0,0,0,1,0,1,0,1,1,0,1,1,0,0,0,4,1,3,0,0,0,1,0,4,0,0,0,0,0,0,1,0,0,0,0,0,0,0,0,0,0,3,0,0,0,0,0,2,0,1,0,0,0,0,0,0,0,0,0,0,0,0,0,2,0,0,0,0,0,1,0,0,0,1,0,0,0,5,3,0,0,0,0,0,0,0,0,2,0,0,0,0,0,7,0,0,0,0,0,0,0,0,0,0,0,1,1,0,0,0,0,0,0,0,1,0,0,0,0,1,0,0,1,0,0,0,0,0,0,0,0,0,1,0,0,0,0,0,0,0,0,5,1,1,1,0,0,0,1,0,0,2,0,0,0,0,0,0,0,1,0,0,0,0,1,0,0,0,1,0,0,0,1,0,0,0,0,0,1,0,0,1,0,0,0,0,0,1,2,0,10,1,0,0,0,0,0,0,0,0,0,0,1,2,0,0,0,1,0,1,0,0,0,0,0,0,2,2,0,0,0,0,0,0,0,0,0,0,1,0,0,0,1,0,1,0,1,0,0,0,1,0,0,2,0,0,0,0,1,0,0,0,0,0,0,0,0,0,0,1,0,0,0,2,0,0,0,0,1,0,0,0,0,0,0,0,0,0,0,0,0,1,0,1,3,0,3,0,0,0,0,0,0,1,0,0,0,0,0,0,0,0,0,0,0,1,0,0,0,0,0,0,0,0,1,0,0,0,1,0,0,0,0,0,0,0,0,0,0,0,0,0,0,0,1,1,0,0,0,0,2,0,0,0,0,0,0,0,1,0,0,0,0,0,0,0,1,0,0,0,0,0,0,0,0,0,0,0,0,0,0,4,0,0,0,0,0,0,0,0,0,0,1,0,0,0,0,0,0,0,0,0,0,0,0,0,0,0,0,4,1,0,0,0,0,0,0,0,1,0,0,0,1,0,0,0,0,0,0,0,0,0,0,1,0,0,0,0,0,0,0,0,0,0,0,0,0,0,0,0,0,1,0,1,0,1,0,2,0,0,0,0,0,0,0,1,0,0,0,1,0,1,0,0,0,0,0,0,0,0,4,0,0,0,0,1,1,0,0,0,1,0,0,0,0,1,0,0,1,0,1,0,0,0,0,0,0,0,0,0,0,0,0,1,0,0,1,0,0,0,0,0,0,0,0,0,0,0,0,0,0,0,0,0,0,0,0,0,0,0,0,0,0,0,3,0,0,0,0,0,0,0,0,0,0,0,0,0,0,0,0,0,0,0,0,0,1,0,0,0,0,0,1,0,0,0,0,0,0,1,0,0,0,2,0,0,1,0,0,1,0,0,1,0,0,0,0,0,0,0,0,0,0,0,0,0,0,0,0,0,1,0,0,0,0,0,1,0,0,0,0,1,0,1,0,0,0,0,0,0,1,0,0,0,0,0,0,0,0,0,0,0,0,1,0,0,0,0,0,0,0,0,0,1,0,2,0,0,0,0,0,0,0,0,0,0,0,0,0,2,0,0,0,0,0,0,0,0,0,1,0,0,0,0,0,0,0,0,0,0,0,0,0,0,0,0,0,0,0,0,0,0,0,0,0,0,0,0,0,0,0,0,1,0,0,0,0,0,0,0,0,0,2,0,0,0,0,0,0,0,0,0,0,0,0,0,0,0,0,0,0,0,0,0,0,0,0,0,0,0,0,0,0,0,0,0,0,0,0,1,0,0,0,7,0,0,0,0,0,0,0,0,0,0,0,0,0,0,0,0,1,0,0,1,0,0,0,0,0,0,0,0,0,0,0,0,0,0,0,0,0,0,0,0,0,0,0,0,0,0,0,0,0,0,0,0,0,0,0,0,0,0,0,0,0,0,1,0,0,0,0,0,0,0,0,0,0,0,0,0,0,0,0,0,0,0,0,0,0,0,0,2,0,0,0,0,0,0,0,0,0,0,0,0,0,0,0,0,0,0,0,0,0,0,0,0,0,0,0,0,0,0,0,0,0,0,0,0,0,0,martov
martov_itogi_polit_razvitiya.txt,6,0,0,0,6,11,5,0,12,206,1,0,0,1,0,0,15,23,2,2,7,0,0,4,0,4,3,0,0,1,34,11,0,2,0,3,24,5,4,21,22,2,249,12,9,18,3,0,4,2,0,0,0,0,1,2,60,1,0,0,1,0,0,45,6,1,1,0,0,0,4,28,1,2,13,3,2,21,0,3,9,11,6,0,0,0,6,3,1,1,13,0,0,0,5,0,2,67,0,0,7,3,7,4,0,0,9,3,0,1,0,3,0,1,0,5,0,2,0,0,1,3,1,2,2,14,1,6,11,0,1,16,1,0,4,4,4,16,9,0,0,24,2,13,3,10,4,0,0,0,11,0,0,0,0,2,0,0,0,4,0,5,0,2,0,0,0,1,0,0,2,1,5,6,2,11,8,5,19,0,1,2,0,2,0,0,0,1,4,1,0,1,4,10,0,0,0,10,4,0,3,0,0,7,4,3,0,15,5,0,6,0,0,51,1,0,0,1,5,1,8,13,3,1,5,1,0,0,18,0,0,3,14,0,0,1,0,0,2,2,0,0,2,0,2,0,0,0,0,0,0,0,0,0,1,0,1,9,1,0,2,10,1,8,0,0,1,0,5,4,1,0,0,0,1,0,0,0,1,1,4,0,3,0,1,7,0,7,2,2,2,1,4,1,0,2,0,11,0,0,0,1,0,1,0,1,0,11,25,1,19,5,0,1,2,0,0,4,0,0,0,0,2,0,0,3,6,1,0,0,0,0,0,0,3,2,25,0,0,0,5,6,1,3,2,5,1,1,2,0,5,2,11,3,0,5,7,4,1,1,3,0,0,0,0,0,1,3,0,5,1,0,6,1,0,0,2,0,1,0,2,0,1,17,0,2,1,0,2,1,0,3,2,2,0,1,4,0,9,0,0,2,7,5,1,0,2,5,0,0,0,0,2,0,0,2,6,1,0,1,0,0,0,0,0,0,6,0,0,0,0,0,0,0,1,1,0,0,0,0,0,2,3,0,0,3,1,1,2,2,2,6,0,3,0,1,10,6,0,0,3,3,2,0,0,0,4,1,2,5,4,2,0,0,0,3,0,2,6,9,0,0,0,0,2,0,0,0,0,2,3,0,0,0,1,1,4,2,1,4,2,4,5,0,0,1,1,0,0,0,0,0,11,0,1,0,0,3,1,8,0,0,0,0,0,0,1,1,1,0,0,0,0,0,5,1,6,1,0,0,2,0,0,9,0,0,0,1,1,0,0,0,0,10,0,0,2,0,0,0,1,1,0,1,0,0,0,1,0,0,4,0,2,3,0,1,0,0,5,2,8,1,6,0,0,0,0,0,1,1,2,0,0,0,1,0,0,0,1,0,4,0,0,0,5,0,0,0,0,3,2,0,0,0,0,5,0,0,0,0,0,2,1,0,1,3,0,0,0,2,10,2,2,0,0,1,0,0,4,3,0,0,0,0,0,0,0,0,0,0,3,0,0,0,0,0,0,0,0,1,1,4,0,2,1,0,0,1,2,3,1,0,0,0,1,1,3,1,0,1,0,0,6,0,0,0,0,0,0,0,0,0,0,1,4,1,0,0,0,3,2,0,0,2,1,0,2,0,0,0,0,0,0,0,0,0,5,7,4,0,3,0,5,0,1,0,1,0,1,3,0,1,1,6,0,0,0,0,4,1,4,0,0,1,0,0,2,6,2,1,0,1,1,4,1,0,1,0,2,0,0,1,1,0,0,0,0,6,0,1,0,0,1,1,1,0,4,4,0,7,0,0,0,4,2,0,1,1,0,15,1,2,7,1,0,1,0,1,1,0,2,0,0,0,19,6,6,0,0,5,0,0,1,0,0,0,0,1,1,1,2,2,3,0,0,0,0,0,0,0,1,2,6,0,0,0,3,2,0,0,0,0,1,3,0,1,0,1,0,0,0,3,7,4,0,2,0,6,0,0,0,0,1,4,0,0,0,3,0,0,1,0,0,0,0,3,0,4,0,0,0,0,0,0,0,0,0,1,0,0,1,2,0,1,0,0,0,0,2,0,1,0,0,0,0,1,0,0,3,0,0,1,0,1,3,6,6,0,0,4,0,1,0,0,1,0,2,0,2,0,0,0,3,0,0,1,1,0,0,1,0,0,0,0,0,0,5,1,2,0,0,0,0,0,0,0,2,1,6,0,0,2,0,3,0,2,5,3,5,1,0,0,0,0,0,1,0,2,0,2,0,0,0,1,5,0,0,0,0,0,0,0,9,0,0,0,0,0,0,0,martov
martov_itogi_zemskogo_parlamenta_I.txt,5,0,2,1,0,0,0,2,11,47,0,0,2,1,0,0,2,7,0,0,2,1,0,0,0,2,0,0,1,0,8,0,0,0,0,0,17,4,3,2,5,1,53,7,9,9,5,0,2,2,0,0,0,0,4,6,28,8,0,2,1,0,0,30,3,0,0,0,0,0,2,10,3,1,9,0,1,8,0,2,2,10,3,1,0,1,0,1,1,0,0,0,0,1,0,0,0,15,1,2,8,2,2,3,0,1,0,1,2,0,0,1,0,0,0,1,0,0,0,0,0,1,1,6,1,1,1,8,8,0,0,1,0,0,0,13,12,3,3,4,1,5,0,1,7,1,4,0,0,0,1,0,1,1,0,0,0,0,0,0,0,2,0,0,0,1,0,3,0,0,0,0,0,1,0,1,1,2,5,0,2,1,1,1,3,0,0,1,0,0,0,0,0,2,1,0,0,6,2,0,1,0,1,0,3,2,0,2,1,0,0,0,0,16,0,0,0,0,0,0,0,0,0,1,2,0,0,0,0,1,0,0,1,0,0,0,1,2,0,0,1,1,2,3,2,4,0,0,0,1,1,0,0,2,0,0,0,5,0,1,2,3,2,0,0,0,0,0,2,6,0,1,0,1,1,0,0,0,0,0,0,1,0,1,0,0,0,3,1,0,1,2,4,1,1,0,0,0,0,0,0,0,1,1,0,0,1,1,4,0,7,3,0,2,1,1,1,0,0,0,0,0,0,2,0,0,2,1,3,3,0,0,0,0,2,0,1,1,0,0,2,1,0,0,1,1,1,0,1,0,1,0,5,0,2,2,2,0,0,3,1,0,0,2,1,0,0,0,0,0,0,0,0,0,1,4,0,0,0,1,0,1,1,6,1,1,1,0,2,1,1,0,0,0,0,0,0,0,0,1,0,0,1,1,1,1,3,0,0,2,1,1,0,3,0,1,2,0,0,0,0,0,0,1,1,0,2,0,2,1,0,0,0,0,1,1,1,0,3,0,1,0,0,2,0,0,0,0,0,0,1,1,1,0,0,0,1,3,0,1,0,0,0,1,0,4,1,0,1,0,0,1,0,0,0,1,0,3,0,0,0,0,1,0,0,0,1,0,0,1,0,0,0,0,0,0,0,0,1,2,0,0,1,2,0,1,0,0,0,0,0,1,1,0,0,0,0,0,0,1,1,0,0,0,1,0,1,0,1,0,1,0,0,0,6,0,4,0,0,0,0,1,0,2,0,1,0,0,1,0,1,0,0,0,0,1,0,0,0,0,0,0,1,0,0,0,0,1,0,0,1,0,0,0,0,0,0,0,0,3,1,1,2,0,0,0,2,1,0,0,1,0,0,0,0,1,1,0,0,0,0,0,0,1,0,1,0,0,0,1,1,0,0,0,0,0,1,0,0,1,0,0,0,1,0,1,0,1,1,1,3,3,0,0,0,0,0,0,2,1,1,0,0,0,0,0,0,5,1,0,0,3,0,0,1,0,0,0,0,2,0,0,0,0,2,0,0,2,0,2,0,0,0,0,0,0,1,3,0,0,0,0,0,0,0,1,1,2,3,0,0,1,0,0,0,0,0,1,0,0,0,1,0,0,0,0,0,0,0,1,1,1,0,0,0,1,0,0,0,1,2,1,0,0,0,0,0,0,0,0,0,1,0,0,0,0,0,0,1,0,0,3,0,0,0,0,0,1,0,0,0,1,0,0,0,0,1,0,0,0,0,0,2,0,0,0,0,0,0,0,0,0,1,0,0,1,2,1,2,0,0,0,0,0,0,0,0,1,0,2,0,0,0,1,0,0,0,1,0,0,0,0,0,0,2,1,1,1,0,0,0,0,0,1,0,0,0,0,0,0,0,0,2,1,0,0,1,0,1,0,0,0,1,1,0,0,1,0,0,0,0,0,0,0,0,2,0,0,0,1,0,0,0,1,0,0,0,0,0,0,1,0,0,0,0,0,0,2,0,0,1,0,2,1,0,0,1,1,0,0,0,0,0,0,1,0,0,0,0,0,1,0,0,1,1,1,0,0,0,0,0,0,0,2,0,1,0,1,0,1,0,0,0,0,1,0,0,2,1,0,0,2,1,0,1,0,1,1,1,0,0,0,0,0,2,0,1,0,0,0,0,0,0,0,0,0,0,1,0,0,0,0,1,0,0,0,0,0,0,0,0,0,0,0,1,2,2,0,0,0,0,0,0,0,0,2,0,0,0,1,1,3,1,0,0,0,0,0,2,0,0,0,1,0,0,0,0,0,0,0,martov
martov_klass_protiv_klassa.txt,12,0,5,8,6,4,10,2,2,81,2,2,1,1,0,0,3,16,1,4,5,0,0,0,1,3,0,1,5,0,17,4,0,1,0,1,34,7,4,9,24,0,141,13,13,7,16,0,5,4,0,0,4,0,3,3,26,0,3,0,0,0,0,43,4,0,0,3,0,2,1,14,4,3,8,2,0,22,0,0,2,6,0,0,1,7,0,0,1,0,2,0,4,2,12,0,0,28,0,1,3,5,5,5,1,0,6,1,0,0,0,0,0,0,8,2,0,2,0,3,0,1,1,4,3,7,2,10,9,9,11,4,0,0,0,26,22,7,5,0,0,5,0,10,4,3,2,2,0,0,7,0,2,0,0,0,0,0,0,0,2,6,3,2,0,0,0,0,1,1,0,0,0,0,1,4,0,0,1,0,0,0,0,2,0,0,0,0,0,2,1,3,3,5,2,0,8,3,7,5,0,0,0,0,0,0,0,1,4,2,0,0,0,18,0,2,2,1,0,15,12,3,1,0,4,4,3,1,1,9,0,0,6,0,0,2,0,1,3,0,2,3,2,0,0,0,0,1,0,0,2,0,1,2,0,0,0,3,5,0,1,3,0,0,0,0,3,5,9,5,0,0,0,0,3,0,4,0,2,0,0,0,0,0,0,0,0,2,0,0,0,0,0,0,0,4,0,0,0,0,0,1,0,1,0,0,0,6,2,0,24,0,0,3,2,0,1,6,0,0,3,3,1,0,0,0,0,0,0,0,0,0,0,0,0,0,1,0,0,1,0,0,0,0,1,1,0,1,1,0,7,1,6,0,5,4,14,3,0,0,2,0,0,0,0,0,8,1,2,0,0,1,1,2,0,0,0,3,0,0,3,0,0,14,0,7,3,2,6,0,0,12,0,1,0,2,0,0,5,0,0,0,4,4,3,1,4,3,0,0,0,0,1,6,0,0,1,0,0,4,1,0,0,3,1,0,8,0,0,1,0,0,1,0,0,2,2,0,0,0,0,0,0,2,0,0,0,1,0,2,0,1,1,0,1,0,0,1,0,0,0,0,0,0,0,0,3,0,0,0,0,3,0,0,0,0,0,0,1,2,0,0,1,0,0,1,0,0,0,3,0,0,0,3,1,0,2,1,1,5,2,1,4,1,0,0,2,0,0,1,1,1,0,0,1,0,0,1,0,1,0,0,0,0,0,0,1,0,0,1,2,0,0,0,10,1,4,2,0,0,0,1,0,2,1,1,0,0,2,0,0,0,1,0,0,0,0,0,0,1,0,4,1,0,0,0,0,5,0,2,8,1,0,3,0,0,5,0,0,0,0,2,0,0,0,2,1,0,0,2,0,0,0,0,1,0,0,0,3,0,2,0,0,0,0,0,0,0,2,1,0,3,0,0,2,0,0,0,1,0,0,0,2,0,0,0,1,0,0,1,0,0,0,0,5,0,0,0,1,1,0,0,0,0,0,0,0,0,0,0,5,0,0,0,1,1,0,1,0,0,0,3,0,0,0,0,0,0,1,3,1,0,0,0,0,0,0,2,0,1,1,0,2,0,0,0,0,0,0,0,0,1,0,0,3,0,0,0,0,6,1,1,0,0,0,0,0,0,0,0,0,0,0,0,1,1,1,0,0,0,0,2,0,0,2,0,0,0,0,0,0,0,3,2,0,3,0,0,0,0,0,0,0,3,0,0,0,0,0,2,2,1,0,1,1,0,0,1,0,0,0,1,1,0,2,3,1,0,1,0,2,0,0,1,0,0,4,0,0,0,3,0,0,0,0,2,0,0,0,1,8,1,0,0,0,2,0,0,0,0,0,5,0,0,4,6,0,0,0,0,0,0,1,0,2,0,0,0,0,0,6,0,0,2,0,0,4,0,0,0,0,0,1,0,0,0,0,1,0,0,4,0,0,0,0,0,0,0,0,0,1,0,0,2,0,0,0,0,0,11,4,3,0,0,0,0,0,0,0,0,0,0,0,1,0,0,0,0,0,0,0,0,0,0,0,0,0,3,1,2,0,0,0,1,0,0,0,2,0,0,0,0,0,0,0,1,0,0,0,1,5,0,0,0,1,2,0,0,1,0,0,0,0,0,0,0,5,0,0,2,1,1,2,0,0,0,0,0,3,3,0,0,0,3,0,0,0,0,2,0,0,0,0,0,0,1,0,0,2,3,0,0,0,1,0,0,0,0,1,0,0,0,0,0,0,0,0,1,0,0,0,0,1,0,0,0,0,0,1,0,0,0,0,0,0,0,0,0,0,0,martov
martov_krovavoe_bezumie.txt,6,0,0,0,0,2,1,2,1,43,0,0,0,0,1,0,0,7,0,2,1,0,1,0,0,1,0,0,0,1,6,2,0,0,0,1,0,0,1,4,7,0,43,11,2,6,0,0,0,2,0,0,0,0,6,3,12,0,0,0,0,0,0,17,0,0,0,1,0,0,0,5,0,0,0,0,0,7,1,4,0,2,1,4,0,1,0,4,5,1,0,0,0,0,0,4,1,12,0,0,0,0,1,0,0,0,0,0,0,2,0,0,0,0,0,2,0,4,0,0,0,0,0,1,0,0,1,5,0,0,0,6,0,0,0,19,4,4,2,1,0,0,0,1,3,1,9,0,0,0,2,0,0,0,0,0,0,0,0,0,0,1,0,1,1,0,0,1,0,0,1,0,2,7,1,0,0,0,0,0,0,0,0,0,0,0,1,0,2,5,0,0,0,1,0,0,1,1,2,1,0,0,0,2,0,1,0,3,0,1,0,0,0,5,0,0,0,0,0,1,0,0,0,0,0,0,3,0,1,1,0,0,2,0,1,0,0,1,0,2,0,0,0,0,0,1,0,0,0,0,0,0,1,1,0,0,0,0,0,6,1,1,0,0,0,0,0,0,3,4,0,0,1,0,0,0,0,0,1,0,0,0,0,0,0,0,0,0,0,0,1,0,0,0,2,0,0,0,0,0,0,0,1,0,0,0,0,1,2,0,3,0,0,1,0,0,0,0,0,0,0,0,0,4,0,2,1,1,0,0,0,0,0,0,0,0,6,1,0,1,0,0,0,0,0,0,0,0,0,0,1,0,0,0,0,0,1,0,0,0,1,0,0,0,0,1,0,1,1,0,0,0,0,0,0,0,0,0,2,1,0,0,0,2,1,1,2,1,2,0,0,0,0,0,0,0,0,0,0,2,1,0,2,1,1,0,5,0,0,0,0,1,0,4,3,0,2,0,0,1,0,0,0,0,0,0,0,0,0,0,0,0,1,0,0,2,0,0,0,0,0,0,2,1,0,0,0,0,0,2,0,3,0,0,3,0,0,0,0,0,0,0,0,0,1,0,2,0,0,0,0,0,0,0,0,1,1,0,0,0,0,0,0,0,0,0,1,0,0,0,0,2,0,0,1,0,0,0,0,0,1,0,0,1,0,0,0,0,0,0,0,0,0,0,0,0,0,0,0,0,1,0,1,0,0,0,0,0,0,0,0,0,1,0,1,2,1,3,0,0,0,1,0,0,0,0,0,0,1,0,0,0,0,0,0,0,0,1,0,0,0,0,0,0,0,0,0,0,1,0,0,1,0,1,0,0,0,0,0,0,0,1,0,0,0,1,0,0,4,0,0,0,1,0,4,0,0,0,1,0,0,0,0,0,0,1,0,0,0,0,1,1,0,0,0,0,0,0,0,0,0,0,0,0,0,0,0,0,2,0,0,1,0,0,0,1,0,0,0,0,0,0,0,0,0,0,0,0,0,0,1,0,0,0,0,0,0,0,0,0,1,0,0,0,0,0,0,0,0,0,0,0,0,2,0,0,0,0,0,1,0,0,0,0,0,0,0,0,0,0,0,0,0,0,0,0,0,0,0,1,0,0,1,0,0,0,0,0,0,0,1,0,0,0,1,1,0,0,0,0,0,0,0,2,0,0,0,0,1,0,1,0,0,0,0,0,0,0,0,0,0,0,1,0,0,1,0,0,0,0,0,0,0,0,1,0,1,1,0,0,0,0,0,0,0,0,0,0,1,0,0,0,0,0,0,0,0,0,0,1,0,0,0,0,0,0,0,0,0,0,0,0,0,0,0,0,0,0,0,0,0,0,0,0,2,0,1,0,1,0,0,0,0,0,0,0,0,0,0,0,0,0,0,0,0,0,0,1,0,0,0,0,2,0,0,0,0,0,1,0,1,1,0,1,0,0,0,2,0,0,0,0,1,0,3,0,0,1,0,0,0,0,1,0,0,0,0,0,0,0,0,0,0,0,0,0,0,0,0,0,0,0,0,0,0,0,0,1,0,0,2,1,0,0,0,0,0,1,0,0,0,0,0,1,0,0,0,0,0,0,0,0,1,1,0,0,0,1,0,0,1,0,0,0,0,0,0,0,0,0,0,0,0,0,0,0,0,0,0,1,0,1,1,0,0,0,0,3,2,0,0,0,0,0,0,0,0,0,0,0,0,0,0,0,0,0,1,0,0,0,0,0,0,0,0,0,0,0,0,0,0,0,1,0,0,0,0,0,0,0,0,0,0,0,0,2,0,0,0,0,martov
martov_liberal_izmeny_I.txt,4,0,1,0,2,0,0,1,0,63,1,1,0,0,1,0,5,2,4,0,3,1,0,0,1,1,0,4,0,1,6,2,0,0,0,1,4,1,4,11,7,0,44,4,11,11,3,0,4,3,0,0,0,0,3,3,18,0,0,1,0,1,2,19,1,2,1,1,1,0,0,10,0,0,5,4,1,15,0,1,1,11,1,1,1,0,1,2,1,0,4,0,0,0,0,0,1,22,1,1,1,3,4,1,0,0,3,2,0,0,0,0,0,1,0,1,0,0,2,0,0,0,1,2,4,4,6,0,4,0,0,1,0,0,1,23,7,4,2,3,0,1,1,3,3,0,2,0,0,0,1,0,0,1,1,0,0,0,0,0,0,2,0,0,0,0,0,1,1,0,0,0,3,0,0,0,0,3,2,0,2,0,0,0,0,1,0,1,0,2,0,0,0,4,0,1,1,5,2,1,0,0,0,0,0,0,0,1,5,0,2,0,0,19,0,0,0,0,0,0,0,0,0,2,1,3,1,0,0,0,0,0,4,0,0,0,0,0,0,0,0,0,2,1,0,0,0,0,1,1,0,0,0,0,1,1,2,1,0,0,0,14,4,1,0,2,1,0,0,17,0,1,1,0,0,0,0,0,0,0,0,1,0,0,1,0,0,2,0,1,5,1,3,0,1,0,0,0,1,0,0,1,2,0,0,0,1,0,1,0,9,0,0,0,0,0,1,0,0,2,0,0,0,1,0,0,0,3,1,3,0,0,0,0,0,2,0,0,0,0,0,0,1,0,2,0,0,0,1,1,7,2,3,1,0,0,2,1,0,0,1,1,2,0,0,1,0,0,0,1,0,0,3,1,0,0,2,0,0,1,0,1,0,8,0,0,3,3,0,0,1,0,0,0,0,1,2,0,1,0,0,0,2,3,1,1,4,0,0,0,0,0,1,1,0,0,2,0,1,0,0,0,0,0,1,0,0,0,4,1,0,0,1,0,2,4,0,0,1,0,1,0,2,1,0,0,0,0,0,1,0,2,0,0,1,0,0,1,0,0,0,0,0,0,1,1,0,2,0,1,0,0,0,0,1,0,0,0,4,2,0,0,0,0,0,0,0,0,0,0,1,1,0,0,0,1,1,1,3,1,2,0,0,0,0,0,0,0,0,0,0,0,0,0,0,0,0,0,0,1,1,1,0,0,0,1,1,0,0,0,0,0,1,0,2,1,4,1,0,0,1,2,0,2,0,0,0,1,0,0,2,0,1,0,0,0,0,0,0,2,0,0,0,0,0,0,0,0,0,0,2,2,0,0,0,0,0,0,0,0,1,1,0,0,0,0,0,0,0,0,0,2,0,1,0,0,1,0,1,0,2,0,0,0,0,0,0,0,0,2,1,1,0,0,1,0,1,1,1,0,0,1,1,0,0,3,0,0,0,0,2,0,0,2,1,1,0,0,0,1,0,0,0,0,2,0,0,0,0,0,2,0,0,0,0,0,0,0,0,0,0,3,0,0,0,0,0,0,0,0,1,0,0,0,1,0,1,0,0,2,0,0,0,0,0,0,1,1,0,0,1,0,0,0,1,0,3,0,0,1,0,0,1,0,2,0,0,0,0,0,0,0,0,0,3,1,0,0,0,2,1,0,0,0,0,0,0,0,0,0,0,1,0,0,1,0,0,0,0,4,1,0,0,3,0,0,2,1,0,0,0,0,1,1,1,0,0,0,1,0,0,1,1,0,0,0,0,3,0,0,0,0,0,0,0,0,0,0,2,0,0,0,0,0,0,0,0,0,0,0,0,0,0,1,0,1,0,1,0,0,0,0,0,0,3,2,0,0,0,0,0,0,0,0,0,0,0,0,1,0,0,0,1,0,0,0,0,0,1,0,0,0,0,0,0,0,0,0,0,0,0,0,1,0,0,0,0,0,0,0,0,1,0,0,0,0,0,0,0,0,0,0,0,0,0,1,0,5,0,0,0,0,0,1,0,0,0,0,0,0,0,0,0,1,0,0,1,0,0,0,0,0,0,1,0,0,0,1,1,0,0,0,0,1,0,0,0,1,0,0,0,0,1,0,0,0,0,1,0,0,0,0,0,0,1,1,0,0,0,0,0,0,0,0,0,0,0,1,0,2,1,0,1,0,0,1,0,4,0,0,0,0,0,0,0,0,0,0,0,0,0,0,0,3,0,0,0,0,0,0,0,0,0,0,2,1,1,0,0,1,1,2,3,0,0,0,0,0,0,0,0,0,5,0,0,0,0,0,0,0,martov
martov_liberal_realizm_I.txt,10,0,2,1,1,2,0,6,2,68,5,3,0,0,1,0,3,7,1,1,3,0,0,0,0,4,0,1,1,7,17,2,2,0,0,2,6,1,6,16,5,2,91,7,8,14,6,0,2,9,0,0,0,0,7,4,36,4,4,12,0,0,0,56,2,3,0,3,1,3,1,10,1,1,9,0,3,25,0,3,3,6,3,4,2,2,4,1,2,0,5,0,0,0,0,0,0,24,0,2,0,2,1,2,0,1,1,1,0,0,0,0,0,0,0,2,0,0,0,0,1,2,0,4,1,4,3,6,7,0,1,8,0,0,0,37,9,3,4,1,2,1,0,8,6,2,4,1,0,0,3,0,6,1,5,0,0,0,1,0,5,3,1,4,1,0,0,17,4,1,1,0,0,1,1,0,1,0,1,2,6,1,0,4,0,1,0,1,1,2,0,0,1,5,3,0,4,2,1,0,0,1,0,2,1,4,1,5,5,0,1,0,0,24,1,0,0,1,0,0,0,0,0,7,3,0,12,0,1,0,0,0,11,0,0,0,1,0,0,1,0,1,5,1,0,3,0,0,1,1,0,2,6,0,1,0,0,10,3,3,0,12,5,0,0,0,1,0,7,6,0,1,0,0,1,0,0,0,0,0,0,0,6,0,1,0,0,3,0,0,0,0,10,1,0,0,0,1,0,0,0,2,2,2,0,1,1,0,2,2,7,0,2,0,2,0,0,0,0,0,1,0,0,1,0,0,11,0,1,5,0,2,2,0,1,1,4,0,0,1,1,2,0,0,0,1,0,1,0,4,6,0,3,0,1,2,3,5,0,1,0,2,3,2,1,1,0,0,0,0,0,0,1,0,0,1,0,2,2,0,2,11,1,8,1,2,3,0,5,1,1,1,0,0,0,3,0,0,0,0,0,0,4,6,5,2,4,1,0,0,0,0,2,6,0,4,1,0,0,0,0,0,0,0,2,0,1,0,1,1,1,0,0,0,2,0,1,3,3,0,2,0,3,1,0,2,2,0,0,1,1,0,0,0,6,0,2,3,0,0,2,0,0,2,0,0,0,0,2,0,1,0,2,2,1,3,1,3,0,0,0,1,0,0,0,0,0,0,2,1,0,4,0,1,0,2,0,1,1,2,0,0,4,1,0,2,1,0,1,0,0,0,0,0,1,3,0,1,1,3,1,3,0,0,0,0,0,0,1,0,0,1,0,0,2,0,4,4,0,0,0,0,0,0,0,0,1,1,0,1,0,0,0,2,0,2,3,0,0,1,1,2,0,3,0,0,0,1,0,2,2,1,0,0,0,0,0,0,1,0,1,1,0,1,1,1,2,0,0,1,1,0,0,0,2,0,0,0,1,0,0,0,1,1,4,0,0,0,1,0,0,1,0,0,0,0,1,1,0,13,0,2,0,0,0,3,0,1,0,0,1,1,0,1,1,0,0,0,0,0,0,0,0,0,1,1,1,1,1,0,3,0,0,0,1,0,0,0,0,5,1,0,0,0,0,0,0,2,1,0,0,1,0,0,0,1,0,2,0,1,1,0,0,0,0,0,1,3,1,0,0,2,0,0,0,0,0,1,1,4,0,0,1,0,0,0,0,0,0,0,0,1,3,0,1,1,0,3,0,0,0,0,0,4,0,0,0,0,0,1,2,0,0,0,0,0,1,0,0,0,1,0,0,1,0,0,1,0,1,1,0,0,2,0,0,0,1,0,2,0,0,0,0,1,0,12,1,1,0,1,0,2,0,0,0,0,2,0,2,2,1,0,0,0,0,0,1,0,0,0,0,0,2,0,1,0,0,1,1,1,0,0,0,0,0,1,0,1,0,1,0,0,0,2,0,0,0,1,0,0,1,0,1,5,0,0,2,1,0,2,2,0,1,0,0,1,0,0,0,1,0,0,0,2,0,0,0,0,1,0,1,1,0,0,1,0,0,0,0,0,0,1,0,1,0,0,0,0,0,0,0,0,0,0,0,3,0,3,2,1,0,0,0,0,0,0,0,0,2,0,1,0,1,0,0,0,2,0,1,0,0,0,0,2,0,0,0,0,0,0,0,0,0,0,0,0,0,0,0,0,1,0,0,0,0,0,3,0,3,0,1,0,0,0,1,0,0,0,0,0,2,0,3,0,0,0,0,0,1,0,1,0,0,0,0,0,1,0,0,2,0,0,1,0,0,0,2,0,0,0,0,0,0,0,0,2,0,0,0,0,0,0,0,1,2,0,0,0,0,0,0,0,1,0,0,0,0,0,0,0,martov
martov_mirovoy_bolshevizm_NQ.txt,40,4,5,0,3,10,4,1,19,630,2,3,1,6,3,2,24,40,10,5,27,2,36,10,0,9,5,1,3,7,78,26,3,4,0,10,91,5,23,53,27,2,558,58,53,124,47,0,37,17,0,1,0,1,28,33,168,4,2,10,6,1,3,185,6,3,6,4,2,1,5,57,2,4,31,10,2,82,0,11,14,54,6,15,3,6,15,2,0,0,34,0,5,2,11,1,0,120,0,1,14,4,11,7,0,3,7,12,3,22,5,4,5,6,0,12,1,7,3,2,3,4,3,32,15,20,6,36,48,0,15,20,6,0,7,143,23,61,26,1,1,22,2,16,33,14,30,5,1,0,31,0,9,4,10,2,0,4,1,5,5,15,3,7,1,3,1,16,0,0,32,0,2,2,0,14,6,0,29,1,21,1,4,1,0,0,1,7,5,7,1,6,4,35,8,2,27,31,9,4,6,2,0,7,3,4,10,31,12,3,5,5,2,125,3,2,5,13,7,13,25,12,11,13,16,15,4,6,23,7,3,2,29,2,0,8,2,3,7,11,3,5,27,4,8,4,0,3,4,0,1,1,1,2,6,7,2,22,8,2,9,69,9,29,1,1,5,1,14,39,1,21,0,2,3,5,0,2,4,6,5,1,3,1,5,6,0,19,1,3,13,5,25,2,5,6,3,8,3,3,3,5,7,1,2,0,2,21,82,5,17,6,4,14,2,1,1,22,2,0,7,10,2,7,4,2,57,27,7,13,0,9,6,4,0,0,8,0,3,2,3,2,1,5,3,9,1,3,1,4,15,4,17,4,3,21,12,8,1,2,3,5,12,2,5,0,2,10,3,3,4,2,8,14,4,4,10,0,1,3,12,1,5,61,1,11,32,10,10,0,2,10,2,6,6,6,3,1,16,1,0,5,23,20,13,1,22,8,2,7,5,8,0,6,1,1,19,3,3,30,4,1,1,6,3,2,7,1,11,3,6,0,1,0,6,7,3,5,0,1,8,2,35,2,2,2,3,0,7,20,8,13,1,3,18,2,31,9,6,1,9,3,11,2,0,4,7,1,6,3,10,3,17,2,3,4,0,2,7,3,1,0,0,0,2,0,0,3,4,12,3,0,0,3,1,0,12,5,8,11,1,2,8,8,0,2,7,1,0,1,1,4,6,2,9,14,5,9,4,17,0,6,0,0,6,1,5,6,16,0,0,0,3,7,16,2,24,23,1,1,2,6,0,17,0,6,3,5,8,3,6,1,4,11,3,5,3,0,2,3,9,6,3,1,2,0,0,0,0,4,7,5,2,14,4,6,2,19,15,0,7,2,14,1,0,1,4,7,2,0,10,11,2,0,5,0,2,3,5,0,6,1,1,1,3,5,0,1,5,8,5,2,2,3,1,6,2,6,6,0,0,6,3,3,12,6,1,0,2,2,2,9,4,0,11,0,0,0,11,9,30,7,1,0,0,2,1,2,5,0,14,1,0,0,0,4,5,3,4,0,1,9,5,2,3,6,0,1,1,5,2,0,0,1,2,2,1,5,0,6,0,2,3,0,2,3,2,0,0,0,2,5,0,9,2,0,3,6,5,44,2,5,0,10,0,3,13,0,0,2,0,0,12,1,4,0,2,2,0,1,0,0,1,0,1,1,1,1,0,5,2,2,14,3,2,8,6,11,3,3,1,3,2,6,0,1,0,1,9,6,3,2,1,7,13,13,5,3,8,1,2,0,5,5,10,3,1,3,0,1,1,0,6,0,0,0,36,5,7,5,1,4,1,2,0,1,4,0,0,34,7,6,6,5,0,1,5,0,1,0,7,0,1,2,14,6,12,1,0,1,2,1,1,1,0,0,1,6,2,3,11,5,6,4,3,4,10,3,4,1,0,4,20,2,1,0,6,0,2,0,0,1,1,7,1,0,2,2,1,2,2,7,4,9,3,11,0,3,7,1,1,3,0,5,6,0,4,0,0,1,2,0,11,3,0,5,1,3,0,0,0,3,12,1,1,4,2,0,1,0,3,7,4,3,2,0,0,0,5,0,5,0,7,0,2,4,0,1,4,5,3,13,0,2,0,0,2,0,5,5,0,2,1,1,2,2,1,0,5,11,11,0,9,1,3,5,1,0,4,1,0,2,1,6,2,12,11,15,5,1,4,4,1,0,0,7,10,2,5,1,0,6,0,24,33,12,5,7,7,2,16,25,0,0,1,0,3,9,2,0,7,0,0,15,14,4,0,1,3,0,0,0,0,1,17,9,2,11,1,0,martov
martov_nash_cyezd_I.txt,8,0,3,1,2,1,1,4,9,71,0,0,1,1,0,0,4,13,3,2,2,0,0,1,0,0,0,2,0,1,17,3,1,1,2,0,12,1,1,9,9,0,92,11,6,10,4,0,5,3,0,2,0,0,4,11,30,5,0,0,0,0,1,31,0,0,1,2,1,0,0,13,0,0,4,1,0,7,0,37,1,15,5,2,4,2,0,0,0,0,8,0,3,2,0,4,0,22,0,0,1,0,2,1,1,1,3,0,0,0,0,0,0,1,0,17,1,0,0,0,0,1,0,7,2,12,3,5,18,0,1,3,0,0,1,37,6,7,8,0,0,10,0,4,5,7,6,0,0,3,1,0,3,0,7,3,6,5,0,2,0,8,3,2,0,3,0,0,0,0,1,2,3,0,1,1,0,1,6,2,9,1,0,0,0,3,1,1,2,8,0,0,2,0,1,0,1,9,5,1,3,4,0,1,1,1,1,2,3,0,2,0,0,17,1,1,0,0,1,0,2,0,1,1,3,0,0,4,3,0,0,1,8,0,3,0,0,2,1,2,0,2,4,2,1,5,1,1,1,3,0,2,7,2,0,1,0,4,1,0,0,15,5,0,0,1,2,0,0,2,0,20,2,4,0,1,0,1,1,0,0,4,0,3,0,3,0,3,0,1,1,1,6,1,0,0,0,1,0,3,0,0,0,0,0,2,2,2,7,1,2,1,0,1,1,0,2,1,0,2,0,0,0,0,1,0,1,3,0,2,0,0,0,0,1,0,1,0,0,3,1,1,2,1,0,0,1,0,0,0,6,1,2,1,1,8,2,1,0,1,2,1,4,0,1,0,0,0,1,0,0,0,5,1,0,11,0,0,0,1,5,2,1,13,3,3,2,1,3,0,1,0,0,2,2,1,1,0,8,0,2,0,2,5,3,1,2,6,1,0,0,0,0,6,0,2,2,0,0,0,0,0,2,2,0,0,0,2,0,1,0,0,0,0,3,2,0,1,4,0,1,0,1,0,0,0,1,0,0,2,1,0,0,2,4,0,0,3,0,0,0,1,0,0,0,1,2,0,0,0,2,1,0,1,0,2,0,1,0,1,0,0,2,0,0,0,1,0,3,0,0,0,1,0,1,0,0,2,2,1,0,2,0,0,0,0,0,0,1,0,0,1,0,0,1,2,2,2,0,3,1,1,1,0,2,0,0,1,5,0,0,0,1,0,2,2,6,0,0,0,2,0,1,5,0,0,0,2,0,0,1,0,0,0,1,2,1,4,1,4,0,0,0,0,2,0,0,2,0,1,4,1,1,0,0,0,0,0,0,0,1,2,3,0,3,0,1,0,0,0,1,5,1,17,7,0,1,0,2,0,6,1,3,1,5,0,0,0,0,0,2,1,0,2,0,1,2,2,0,0,5,1,0,2,0,0,1,0,1,0,3,7,1,2,0,2,0,3,0,2,1,2,0,0,1,1,0,13,3,0,4,0,2,3,0,0,0,1,1,1,1,4,0,0,0,0,0,1,0,2,0,0,0,0,2,0,0,1,0,0,4,5,0,0,0,0,0,0,0,0,2,1,5,1,3,0,0,2,0,0,0,0,0,1,0,0,1,2,0,2,0,0,2,1,0,0,0,0,0,0,0,0,0,0,0,1,1,0,0,1,2,0,2,0,0,0,0,0,2,2,0,2,0,1,0,1,0,0,0,1,0,0,0,2,3,0,0,1,2,0,0,0,1,0,0,0,0,0,1,0,0,0,0,0,0,0,0,2,0,0,2,0,0,2,0,0,0,2,0,1,0,0,0,0,0,0,1,0,2,0,0,0,0,0,0,0,0,0,0,1,0,0,0,0,0,0,0,1,0,0,0,0,2,0,0,1,0,0,1,1,2,0,1,2,1,0,0,1,0,0,0,0,0,2,0,1,1,0,0,0,1,0,0,1,0,0,0,0,0,0,0,0,0,1,1,0,0,0,0,1,1,1,0,0,0,0,2,0,0,0,0,0,0,0,0,0,2,0,0,0,0,1,0,1,0,0,0,0,1,0,1,1,0,0,0,2,0,0,3,0,0,0,0,0,0,0,0,1,0,0,1,1,0,1,0,0,0,0,1,0,0,0,0,0,0,0,0,0,0,0,0,0,0,0,0,6,0,0,0,0,6,0,1,0,0,0,0,1,0,0,1,1,1,0,0,0,0,0,3,0,0,0,0,0,0,0,0,0,0,0,1,0,0,0,0,0,0,0,0,0,0,0,0,0,0,0,0,0,0,0,martov
martov_ne_nachalo_li_povorota_I.txt,7,0,1,0,1,6,4,6,5,110,1,0,0,1,0,0,3,3,2,0,2,1,0,2,2,4,1,0,0,1,19,6,0,0,0,0,15,0,14,7,9,2,68,3,10,15,7,0,5,2,0,0,0,0,11,11,37,1,8,9,4,2,0,42,2,2,1,1,0,0,3,17,4,0,10,3,1,17,0,9,5,11,1,2,0,0,2,2,2,1,7,0,0,0,1,0,6,42,0,5,1,3,5,0,1,1,5,3,0,3,0,1,0,0,0,4,0,0,0,1,0,0,1,3,2,8,5,9,12,0,3,4,0,0,0,23,11,19,7,1,1,9,2,5,12,1,5,1,3,0,4,0,1,1,7,3,0,0,0,0,0,3,1,0,0,1,0,0,0,0,2,0,0,0,0,1,0,2,5,0,3,0,0,0,1,0,0,1,2,2,0,0,2,5,1,0,4,7,1,1,0,2,0,0,3,1,1,9,4,2,2,0,1,23,0,0,1,0,0,2,2,2,0,4,2,4,0,0,5,4,0,3,5,0,0,1,0,1,2,2,0,0,1,3,1,1,0,2,0,0,0,0,0,0,0,2,2,5,2,2,0,12,6,0,0,1,1,0,1,24,0,6,2,2,0,1,0,0,0,1,0,5,1,2,1,0,0,1,0,1,2,4,7,3,3,2,0,0,0,1,1,1,3,1,0,0,1,5,6,0,3,2,0,0,2,1,0,2,0,0,1,0,0,0,0,2,6,1,0,2,2,1,0,0,1,0,6,0,0,1,1,1,0,1,0,1,1,1,1,0,8,0,6,3,6,4,6,0,0,1,1,1,2,1,0,0,0,0,0,1,0,1,2,0,0,7,0,0,0,0,2,0,2,13,0,4,3,2,3,0,1,0,0,1,0,0,1,0,4,0,0,0,4,4,9,2,3,3,0,0,0,0,0,5,0,0,1,1,0,0,0,0,1,3,0,0,0,0,1,1,0,0,2,0,2,1,1,0,1,0,0,1,1,2,0,1,0,0,1,3,0,0,2,0,10,1,3,2,1,0,2,1,1,0,1,1,2,0,1,0,2,0,0,0,0,2,0,0,2,0,0,0,2,0,0,0,0,0,3,2,0,0,0,0,0,0,5,2,0,4,1,0,0,3,0,1,0,0,0,0,0,0,0,2,0,0,1,1,2,4,0,0,0,0,1,0,1,2,1,0,0,0,0,0,3,1,4,2,0,0,2,1,0,2,0,1,0,0,0,1,0,1,2,1,2,0,0,0,0,2,0,1,1,0,0,0,0,1,0,0,4,1,0,1,0,0,2,0,2,0,1,4,0,0,0,0,1,1,1,0,1,0,0,0,3,1,1,0,2,0,2,1,0,1,2,2,0,4,0,0,1,2,0,0,0,1,3,1,0,0,0,1,2,1,1,3,1,0,0,4,2,3,0,1,0,0,0,0,4,1,0,0,0,0,1,0,0,9,6,0,0,0,0,0,0,2,2,0,0,2,1,4,1,1,0,0,0,1,1,0,0,0,0,0,0,0,1,2,0,1,0,0,0,0,1,1,0,3,0,0,0,0,0,2,1,0,1,0,0,1,0,0,0,0,0,0,0,1,0,0,0,0,0,1,0,1,1,0,0,3,3,1,2,0,0,0,1,0,1,1,1,0,1,0,0,0,0,2,0,0,0,0,1,3,0,0,0,1,1,2,1,0,1,0,2,0,0,0,1,0,0,0,1,1,1,0,0,0,0,1,0,1,2,0,0,4,3,1,3,1,0,0,0,1,1,0,0,0,0,1,0,2,1,0,0,0,0,1,0,0,0,1,0,0,1,1,0,1,0,2,1,0,0,0,0,0,0,2,0,1,0,4,3,0,0,2,2,0,0,0,2,0,1,0,0,0,1,2,0,0,0,2,0,1,1,0,1,0,0,0,0,1,0,1,0,0,0,0,0,0,0,0,1,0,0,0,0,2,1,1,1,6,0,1,0,1,0,0,0,2,3,0,0,0,0,0,0,0,0,0,1,1,0,1,0,0,1,1,0,3,0,1,1,0,1,0,0,0,0,0,0,0,0,0,6,0,0,0,0,0,0,0,0,0,0,0,0,0,0,0,0,0,0,1,2,1,0,0,0,1,5,0,0,0,0,0,0,0,0,0,0,0,0,0,0,0,0,0,0,0,0,0,0,0,0,0,1,0,0,0,0,0,0,0,2,2,0,0,1,2,0,0,0,1,1,0,0,0,1,0,0,0,7,0,0,0,0,0,0,0,martov
martov_o_4_syezde_Bunda_I.txt,2,0,0,1,0,0,0,0,1,34,0,0,0,0,0,0,3,2,2,0,2,0,0,0,0,0,0,0,0,0,10,6,0,0,1,1,1,0,1,3,0,0,17,7,0,9,2,0,1,0,0,0,1,0,5,4,12,1,0,0,0,0,1,13,0,0,0,0,0,0,0,4,0,0,3,0,0,7,0,7,0,4,0,0,0,1,2,1,0,0,1,0,0,0,1,0,0,10,0,0,0,1,0,0,0,1,0,2,0,2,0,0,0,0,0,4,0,0,1,0,0,0,0,0,0,0,0,0,4,0,0,0,0,0,0,14,1,5,1,1,1,2,0,0,3,0,2,0,0,0,5,0,0,0,3,1,0,1,0,0,0,1,0,0,0,0,1,5,0,0,1,1,0,0,0,1,1,0,0,0,2,1,0,0,0,0,0,1,0,0,0,1,0,4,0,0,0,1,0,0,2,0,0,0,0,1,0,1,0,0,0,0,0,3,1,0,1,0,0,0,0,0,0,0,1,0,0,0,1,0,0,1,2,2,0,0,0,1,0,1,0,0,1,0,0,0,0,1,0,1,0,0,0,0,0,0,0,1,0,0,1,8,5,0,0,0,0,2,2,0,0,0,4,1,0,0,1,1,0,2,0,0,1,7,2,0,0,0,0,0,1,0,1,0,0,1,0,0,0,0,0,0,0,0,0,0,0,0,4,0,1,1,0,0,0,0,0,1,1,0,1,0,1,0,0,0,0,0,0,0,0,0,0,0,0,0,6,0,0,0,1,1,0,0,0,0,0,0,0,0,1,0,0,1,0,3,0,0,0,0,0,0,1,1,1,0,0,0,0,0,0,1,2,0,0,7,0,0,0,0,0,0,0,5,1,2,2,0,0,0,0,0,0,0,0,0,1,0,1,0,0,0,0,1,1,0,1,1,0,0,0,2,0,1,0,0,0,0,1,0,0,0,0,0,0,0,0,2,1,0,0,0,0,0,1,0,0,2,0,0,1,0,1,0,1,0,0,2,0,0,0,0,0,0,3,1,0,0,0,2,0,0,0,0,0,0,2,0,0,0,2,0,0,0,0,0,0,0,2,0,0,0,0,0,0,0,0,0,0,0,0,0,2,0,0,0,0,0,0,0,0,0,0,0,0,0,0,0,0,0,0,0,0,0,0,4,0,2,0,2,0,1,0,0,0,0,0,0,1,0,0,1,0,0,1,0,4,2,0,0,0,0,0,1,0,0,0,0,0,0,0,0,0,0,0,0,0,0,0,0,0,0,1,0,0,0,0,0,0,0,0,0,0,0,0,0,0,0,0,0,0,0,1,0,0,2,1,0,0,0,0,2,0,0,2,0,0,0,4,0,1,0,0,0,2,0,0,2,0,0,0,3,0,0,0,2,1,0,1,0,2,0,0,0,0,0,0,0,0,1,0,0,0,2,1,0,0,0,1,0,0,1,0,0,1,0,0,6,7,0,0,0,9,12,0,0,1,0,0,0,1,1,1,0,0,0,0,1,0,0,0,0,0,0,2,1,0,0,0,0,0,0,0,0,0,0,1,0,0,0,0,0,0,0,2,0,0,0,0,0,0,0,0,0,0,0,0,0,0,0,0,0,0,0,0,0,0,0,0,0,0,0,0,0,1,0,1,0,0,2,0,0,0,0,0,1,0,0,1,0,0,0,0,1,0,0,0,0,1,0,0,1,1,0,0,0,0,0,0,0,0,0,0,1,0,0,0,0,1,1,0,0,0,0,0,0,0,0,0,1,0,0,0,1,0,1,1,1,0,0,0,0,0,0,0,0,0,1,0,0,0,0,0,0,0,0,0,0,0,0,0,0,0,0,0,0,1,0,0,1,0,0,0,0,1,0,0,0,0,0,0,0,0,0,0,0,0,0,3,1,0,0,0,1,0,0,0,0,0,0,0,0,0,0,0,0,0,0,0,0,0,0,0,0,4,0,0,0,0,0,0,0,0,0,0,0,0,0,0,0,0,0,0,0,0,1,0,0,0,0,0,1,1,0,0,0,0,0,0,0,0,1,0,0,0,0,0,0,0,0,0,0,0,0,0,0,0,0,0,1,0,0,0,0,0,0,0,0,0,0,0,0,0,0,0,0,0,0,0,0,0,1,0,0,0,0,0,0,1,0,1,0,0,0,0,0,0,0,0,0,1,0,0,0,0,0,0,0,0,0,0,0,0,0,0,0,0,0,0,0,0,1,0,0,0,0,0,0,0,0,0,0,0,0,0,0,0,0,0,0,martov
martov_o_terrore_I.txt,9,0,1,0,6,8,4,0,6,99,1,0,1,0,0,0,3,15,1,4,3,0,2,0,0,0,2,7,0,2,20,3,0,0,0,2,12,1,6,10,15,1,79,8,3,18,11,0,9,3,0,0,0,1,6,10,39,1,0,3,3,0,0,32,2,0,0,4,1,1,0,15,2,1,1,3,1,9,1,7,3,9,4,0,0,1,3,4,2,1,4,0,0,3,5,8,1,30,2,3,3,2,0,9,0,0,0,3,0,4,0,0,0,2,0,29,0,2,2,1,0,0,0,2,7,3,6,7,13,0,1,2,0,0,1,31,10,9,4,0,3,4,2,17,14,6,6,0,2,2,8,1,0,2,12,3,0,0,0,3,1,3,0,1,0,0,0,5,0,0,0,0,0,2,0,12,1,1,15,2,8,0,1,6,2,2,2,10,2,3,0,0,3,0,1,1,1,2,1,0,2,2,0,1,1,0,1,5,4,0,0,0,0,22,0,0,1,1,0,3,4,2,2,0,5,3,2,2,1,0,1,1,0,0,0,4,0,0,1,1,5,2,4,1,1,1,1,4,2,2,3,1,1,2,1,1,1,7,0,0,1,11,3,2,0,0,1,0,4,6,1,5,0,1,0,1,0,3,1,2,0,4,0,1,0,0,0,6,0,4,2,5,11,7,0,1,0,0,1,1,2,2,0,1,0,3,5,7,6,2,3,1,0,3,0,0,0,8,3,0,3,4,1,1,2,0,2,5,1,10,1,6,1,0,0,1,7,1,0,6,3,6,0,0,0,0,0,0,1,0,3,0,3,0,1,2,2,6,0,0,1,0,0,1,1,0,1,0,0,1,1,0,2,0,0,0,0,1,1,2,5,2,0,12,3,7,4,1,3,3,4,2,0,1,1,0,0,0,3,0,0,1,2,1,4,2,9,3,0,0,0,0,2,3,0,0,3,1,2,0,0,0,0,4,0,1,1,1,0,0,2,0,0,2,3,10,0,0,4,1,0,0,3,4,1,0,0,0,1,2,1,3,1,0,3,0,3,1,3,0,13,0,1,1,0,0,1,0,1,1,1,0,2,0,1,3,2,1,0,0,0,1,1,0,0,0,0,0,0,0,0,1,15,0,2,4,1,2,1,1,0,2,7,2,1,1,1,0,1,2,0,2,1,0,2,0,0,2,2,2,1,0,0,0,0,0,0,0,0,0,0,0,0,0,2,0,5,1,1,0,1,1,0,4,1,2,3,1,0,1,0,0,1,2,1,1,1,6,0,1,0,1,1,0,2,0,0,2,1,0,5,2,0,1,1,1,2,0,1,0,2,1,2,0,2,1,0,0,0,1,0,1,2,0,5,0,0,0,1,0,0,0,1,0,0,1,0,0,0,2,1,1,0,1,2,6,5,1,0,0,0,2,2,0,1,0,0,0,0,0,3,0,0,1,0,0,0,0,3,1,0,0,0,1,1,0,0,0,0,0,5,0,0,0,0,1,2,0,0,0,1,2,1,0,0,0,0,2,1,1,0,0,1,0,0,0,3,1,0,0,1,1,2,0,0,0,3,0,2,0,0,0,0,0,1,0,0,1,0,2,2,2,1,2,0,0,0,3,0,1,0,0,0,0,2,2,0,0,0,0,1,0,1,0,0,0,0,1,7,0,0,1,4,1,2,1,0,0,0,0,0,1,0,0,0,2,0,1,1,0,2,0,0,0,1,0,0,1,2,0,0,2,1,0,0,3,0,1,1,1,0,0,1,0,0,0,4,1,2,2,4,0,0,0,1,0,1,0,0,5,0,0,4,0,0,0,0,2,0,0,1,0,0,0,0,0,0,0,0,3,0,0,0,0,0,0,0,0,0,1,0,1,0,0,1,1,1,0,0,2,0,0,1,0,0,0,0,1,0,0,0,1,0,0,0,1,0,2,0,0,0,0,0,0,0,0,0,0,0,0,0,0,0,0,0,0,0,1,0,0,0,4,0,0,0,0,0,1,1,0,1,2,0,0,1,0,0,0,0,0,0,2,0,2,1,0,1,0,0,0,0,1,2,0,0,0,0,0,0,0,0,0,1,0,0,0,0,0,0,0,0,1,1,2,1,0,1,0,1,0,0,0,0,0,1,1,5,0,1,0,1,0,0,0,0,0,0,0,0,0,0,0,1,0,0,0,0,0,0,1,0,5,0,0,0,0,1,0,0,1,0,0,0,0,0,0,0,0,0,1,3,0,0,1,0,0,1,0,0,0,0,0,0,0,0,0,0,0,0,0,martov
martov_polit_partii_v_Rosii.txt,52,2,13,7,16,10,7,6,15,229,1,4,0,2,0,1,14,34,14,13,15,0,6,7,1,7,1,7,3,2,27,11,0,8,2,9,18,4,9,32,91,0,344,28,33,48,23,0,16,2,7,1,1,3,11,13,108,7,16,26,4,7,2,126,2,0,3,4,1,0,4,67,2,1,5,5,2,51,1,75,7,38,1,12,1,11,7,10,24,9,16,1,0,0,11,6,5,81,2,7,9,12,10,4,0,1,2,2,3,2,1,0,0,0,2,15,0,4,3,7,1,1,3,28,8,12,12,26,27,0,9,12,7,1,1,102,45,23,16,0,0,14,1,14,14,1,10,0,1,0,6,3,2,2,2,1,2,1,1,2,10,10,3,4,1,0,0,10,0,3,2,0,0,2,1,5,1,0,3,3,1,2,0,6,10,4,4,13,3,18,0,1,1,5,2,0,15,17,11,5,0,1,0,0,0,0,0,21,21,3,4,1,0,47,2,2,2,3,2,3,2,13,1,3,3,3,5,0,7,13,0,1,25,0,2,3,7,7,6,7,0,2,12,0,2,2,0,2,0,0,0,0,0,1,1,0,3,11,0,0,0,30,5,5,5,1,2,2,16,59,0,4,1,0,1,2,0,2,2,1,1,5,22,8,1,0,1,5,1,5,2,0,7,4,2,5,0,0,0,0,1,5,8,2,2,6,1,3,5,2,27,0,3,8,4,0,1,4,0,1,6,4,2,1,0,1,6,0,0,2,1,1,1,1,1,1,18,1,3,5,10,4,0,1,0,3,0,5,14,25,9,2,14,0,5,15,5,0,2,1,5,3,1,1,1,0,4,2,5,1,1,11,2,1,0,0,4,1,3,5,4,0,0,50,0,7,14,5,5,1,2,4,5,0,1,9,0,3,6,0,2,1,15,10,4,1,1,4,4,1,0,0,7,10,0,0,11,2,0,14,1,0,7,9,1,2,5,2,13,7,2,1,1,3,4,8,2,7,9,0,1,1,1,3,1,2,1,2,6,8,2,4,2,0,2,2,3,6,1,1,0,0,0,1,1,0,13,0,2,7,8,2,3,0,1,1,0,0,11,12,1,0,1,0,0,0,0,2,1,0,0,0,4,1,0,3,2,1,1,3,3,5,3,4,0,1,1,3,0,1,7,2,1,3,0,10,4,6,1,11,0,0,0,0,0,0,1,2,1,0,0,4,1,0,9,2,7,6,0,0,1,0,1,8,1,2,0,2,0,0,1,0,1,0,1,0,2,6,2,6,0,1,2,2,0,0,0,4,0,2,12,0,0,2,3,0,9,0,2,0,0,2,1,0,0,0,2,0,1,0,0,0,2,0,69,6,6,0,6,0,4,0,2,2,3,0,0,1,7,4,3,2,2,0,0,5,3,0,0,0,0,3,2,0,0,7,4,2,3,0,0,4,1,4,5,1,1,0,2,4,0,0,0,0,0,0,0,0,2,0,4,4,3,0,0,1,0,2,3,4,1,6,0,0,0,0,0,5,0,0,1,0,1,0,0,1,1,9,0,0,1,1,2,0,0,1,0,1,0,3,0,2,0,1,8,0,4,2,3,10,1,0,1,9,3,1,4,2,0,4,0,1,0,0,0,1,21,3,3,2,1,0,0,0,1,2,3,1,1,3,5,2,5,0,1,3,0,1,1,0,3,5,3,0,0,7,0,1,8,0,2,0,4,8,0,0,4,2,0,1,2,1,1,0,3,0,0,25,3,0,1,0,0,2,1,0,1,0,6,6,1,0,0,2,12,2,7,3,0,1,7,8,0,0,0,4,3,1,0,1,3,1,0,0,4,3,0,2,2,0,1,4,0,0,1,0,0,4,0,1,6,2,1,1,4,1,0,8,0,6,1,1,0,3,0,0,7,0,0,1,2,4,0,1,2,0,0,0,0,0,3,1,0,3,1,0,0,2,0,4,0,0,0,5,16,1,0,0,0,0,1,8,0,3,0,0,4,2,0,0,1,0,0,0,0,1,0,0,0,0,0,0,1,0,1,0,0,1,1,15,0,0,6,0,0,0,0,0,0,4,0,0,1,0,19,11,5,1,2,4,1,2,1,0,10,0,0,0,0,1,0,6,0,0,6,0,0,0,0,0,11,4,12,1,1,1,0,1,0,0,0,0,0,0,0,0,0,1,1,0,0,0,1,4,0,0,0,0,0,0,0,0,0,0,1,0,2,0,11,1,7,0,6,0,0,0,0,4,2,0,1,0,0,0,0,0,0,0,0,0,martov
martov_pravitelstvo_na_skamye_podsudimyh_I.txt,9,0,2,0,1,0,0,0,3,67,0,0,0,0,0,0,3,12,1,3,2,0,0,0,0,3,0,3,0,0,6,0,0,2,1,0,7,0,0,6,3,0,57,10,7,7,8,0,1,4,1,0,0,0,1,0,34,1,8,0,0,0,0,19,0,0,0,1,0,0,0,10,2,0,3,2,1,3,0,0,10,9,0,2,0,2,0,4,7,2,1,0,0,0,3,1,0,15,0,0,2,1,1,1,0,0,1,0,0,0,0,0,0,0,2,3,0,0,0,0,0,0,0,1,1,5,0,5,3,1,2,3,0,0,0,22,8,8,10,3,1,2,0,0,2,2,0,2,0,0,6,0,0,0,0,0,0,0,0,1,1,4,1,3,0,0,0,2,1,0,1,0,0,0,0,0,1,0,0,1,0,0,0,0,2,0,0,1,0,0,0,0,0,1,2,0,2,3,3,0,0,0,0,0,0,1,0,2,2,0,0,0,0,6,0,1,0,0,0,0,0,0,0,1,0,1,1,0,1,1,0,2,2,1,1,0,0,3,2,1,0,1,5,1,1,0,1,0,1,0,0,0,0,0,1,0,0,3,0,0,1,10,1,0,2,0,2,1,2,3,1,0,0,0,0,0,0,0,0,0,0,0,0,0,0,0,0,3,0,0,0,1,1,0,4,0,0,0,0,1,0,0,0,1,0,0,0,0,0,0,4,2,1,0,0,0,2,0,0,0,0,0,0,0,0,0,2,0,0,0,0,0,0,0,0,0,2,0,0,1,0,3,0,0,4,0,0,1,0,0,2,0,0,0,0,1,0,0,0,1,0,1,2,1,1,0,0,1,0,0,0,1,1,0,0,0,0,0,0,2,0,0,1,4,0,0,4,0,0,0,0,0,0,0,0,1,1,0,2,0,0,0,1,2,4,1,5,2,0,0,0,0,0,0,0,0,4,0,0,0,0,1,0,2,0,0,0,1,0,0,1,0,0,0,2,3,1,1,2,0,0,1,2,0,0,0,0,0,0,0,0,2,0,0,0,2,1,0,0,0,1,0,1,1,0,1,3,0,0,0,2,3,0,0,0,2,0,0,0,1,0,0,1,0,0,0,0,0,2,0,0,0,0,0,1,1,2,1,0,0,1,0,0,0,1,1,0,0,0,0,0,0,0,0,0,1,0,0,0,1,0,0,0,0,0,0,0,0,0,0,0,0,0,0,3,1,4,0,0,0,0,0,0,0,0,0,0,0,0,0,0,2,1,0,1,0,0,0,0,1,0,0,0,0,0,0,1,2,0,2,3,0,0,5,1,0,1,0,0,0,1,0,0,0,1,0,1,0,0,0,0,0,0,0,0,0,2,0,0,0,1,0,0,0,0,0,1,0,0,2,1,0,1,0,0,0,0,0,0,0,0,0,0,0,0,3,0,0,0,0,0,1,0,0,1,0,0,0,1,1,0,0,0,1,0,1,1,0,0,0,3,0,0,0,0,2,1,0,0,1,0,1,0,0,2,0,0,0,0,0,0,0,0,0,0,0,0,0,0,0,0,0,0,1,0,0,1,0,0,0,0,1,0,0,0,0,1,1,0,1,1,0,0,0,0,0,0,0,0,0,0,0,0,0,0,0,0,0,0,0,0,0,0,0,0,0,1,0,0,0,1,0,0,0,1,0,1,0,2,1,0,0,3,0,0,0,0,3,0,0,0,1,0,1,0,0,0,0,0,0,0,0,0,0,1,0,0,0,1,0,0,0,0,0,0,0,0,0,0,0,0,0,0,0,0,0,0,1,0,0,0,0,0,0,0,1,0,0,0,0,0,0,0,0,0,0,0,0,0,0,0,0,0,0,0,0,0,0,0,0,0,1,3,0,0,0,0,0,0,0,0,0,0,1,0,0,0,0,0,2,0,0,0,2,2,0,1,0,1,1,1,0,0,2,0,0,0,0,0,0,0,2,0,0,0,0,0,0,0,0,0,0,1,0,0,0,0,0,0,0,0,1,0,0,0,0,1,0,0,0,2,0,1,0,0,1,0,0,0,0,0,1,0,0,0,0,0,0,0,0,1,0,0,0,0,0,0,1,0,0,0,0,0,1,0,0,1,0,0,1,0,0,0,0,0,0,0,0,0,0,0,0,0,0,0,0,0,0,0,0,0,0,0,0,0,0,0,0,0,0,0,0,0,0,0,0,0,0,0,0,0,0,0,0,0,0,0,1,0,0,0,0,0,0,0,0,1,0,3,0,0,0,0,0,0,0,0,0,0,0,martov
martov_probuzhdenie_demokratii_I.txt,6,0,4,0,0,6,2,0,0,84,0,0,0,0,0,0,9,7,2,0,6,1,1,0,0,2,2,4,0,3,12,3,0,1,0,2,9,2,10,5,15,0,98,10,7,12,3,0,2,2,0,0,0,0,5,32,33,0,0,0,0,0,0,36,0,4,0,1,2,0,0,10,0,1,2,4,0,16,0,9,5,18,10,0,2,1,1,1,2,2,5,1,2,4,4,0,1,37,1,1,1,2,4,2,0,1,3,2,0,1,0,1,0,0,0,8,0,0,0,0,0,0,0,1,1,3,2,10,13,0,2,5,0,0,1,20,10,9,8,0,3,15,2,6,18,0,2,1,0,1,11,0,1,1,3,1,1,1,0,4,5,3,1,0,0,0,0,3,0,0,2,1,1,2,1,0,3,0,4,0,12,2,0,6,1,3,1,1,1,7,0,0,0,3,2,0,0,1,9,0,2,2,0,0,1,1,0,6,6,0,2,0,0,22,0,0,1,3,0,0,5,4,5,1,0,2,1,4,4,0,1,0,5,1,0,1,0,0,2,1,1,0,0,1,1,5,5,4,2,2,2,2,8,1,3,0,1,1,3,0,0,13,5,3,0,1,2,1,7,3,0,4,1,1,1,2,0,0,0,1,0,3,0,0,0,0,0,3,1,3,4,4,18,5,0,1,0,3,1,1,0,2,0,2,0,0,2,6,21,0,8,1,2,3,1,1,3,7,0,1,1,1,0,0,0,1,1,0,1,2,0,2,1,1,0,1,2,2,0,1,1,0,0,0,0,2,0,2,0,4,9,0,5,0,0,2,1,5,1,2,2,1,0,1,2,0,0,0,0,0,0,1,0,0,0,2,0,0,2,2,2,1,3,7,2,0,4,3,0,2,5,0,0,0,1,3,0,1,3,0,0,2,2,1,1,1,4,3,0,0,0,0,0,4,1,5,3,0,0,0,0,0,0,1,0,1,0,0,0,0,1,1,1,0,8,4,1,2,2,3,2,0,1,0,0,0,0,2,1,1,0,4,0,0,7,0,1,4,0,0,1,0,0,0,1,3,0,1,1,3,1,0,2,0,0,0,2,3,0,2,0,0,0,2,0,0,0,0,0,2,0,0,0,1,0,0,1,4,1,3,0,2,2,0,0,0,1,1,0,0,0,0,1,0,3,4,1,1,0,1,0,2,0,0,3,0,0,6,2,0,0,1,0,0,2,1,7,1,0,0,0,1,1,0,1,1,0,1,1,0,0,0,1,0,1,1,2,2,0,3,0,2,0,2,0,0,0,1,0,0,2,2,0,0,1,0,0,0,0,1,0,0,4,0,0,0,0,2,1,0,5,0,0,0,2,0,3,0,1,0,0,0,1,3,1,1,0,1,0,2,1,1,0,0,0,1,1,1,1,1,0,2,3,0,3,3,0,0,0,2,1,2,1,1,0,0,0,0,3,2,0,0,0,0,0,1,0,7,3,0,3,0,0,0,0,0,1,1,2,0,1,2,0,0,1,0,0,3,1,1,0,0,0,0,0,0,0,1,0,1,0,1,3,0,0,0,0,2,0,0,0,1,0,1,0,0,0,1,1,1,0,0,0,1,1,0,0,0,0,0,0,0,0,1,1,0,1,1,1,0,3,0,0,2,0,0,2,0,2,1,4,3,0,3,0,0,0,0,2,5,1,1,1,1,0,0,0,0,2,3,0,0,0,0,0,2,0,1,0,0,0,0,2,0,1,1,0,0,0,0,0,1,0,0,0,0,0,1,1,1,3,0,0,1,0,0,0,0,0,0,0,1,2,1,1,0,0,4,1,0,0,0,0,0,1,0,0,1,0,2,3,0,0,0,0,1,0,1,2,0,0,3,0,1,2,0,1,6,0,0,4,0,0,0,0,0,1,2,0,0,0,1,0,3,0,0,0,0,0,0,0,0,0,1,0,0,0,0,0,0,0,0,0,1,0,0,0,4,1,0,0,1,0,1,0,2,1,0,0,1,0,0,0,0,0,0,1,0,0,1,0,2,0,0,0,0,0,0,2,0,0,2,0,2,0,2,0,0,0,0,0,0,0,0,0,0,0,0,2,1,0,0,1,1,1,0,0,0,0,0,1,0,0,1,0,0,0,1,0,0,0,0,0,0,0,0,0,1,2,0,1,0,0,0,0,0,0,1,0,0,0,0,0,0,0,0,0,0,1,0,0,0,0,0,0,0,1,3,0,0,0,0,0,1,1,0,0,0,0,0,0,0,2,0,0,0,0,0,0,0,martov
martov_razgrom_I.txt,7,2,5,1,0,0,1,0,5,76,0,1,0,1,1,0,2,10,1,2,5,0,5,0,0,6,0,1,1,0,9,1,2,0,0,0,14,5,3,3,8,0,96,8,3,13,3,0,4,3,0,0,0,0,12,3,25,3,0,0,0,1,2,54,6,0,0,3,1,0,0,10,2,0,11,2,0,17,0,3,8,5,5,6,0,3,0,2,3,0,2,0,1,0,2,0,3,25,1,7,2,1,5,2,0,1,2,0,0,0,0,1,1,1,1,0,0,0,0,0,0,0,0,5,1,3,7,3,7,0,2,10,0,0,0,31,9,7,2,0,1,5,0,2,3,1,10,0,0,0,4,0,0,1,0,0,0,0,0,0,2,3,0,0,0,0,0,0,0,0,1,1,0,0,0,0,0,0,1,2,0,0,0,0,0,0,0,2,0,2,0,0,0,4,1,0,0,13,3,0,0,2,1,0,3,0,1,8,2,1,1,2,0,12,0,0,0,0,0,2,2,1,0,0,3,1,0,4,1,1,0,0,2,0,0,0,0,2,1,1,0,0,0,0,3,1,0,0,0,3,0,1,4,2,1,0,0,4,0,1,1,11,0,1,1,0,1,2,9,4,0,1,0,0,0,1,1,1,0,1,0,2,0,0,0,0,1,4,1,0,2,2,10,1,0,5,1,0,0,0,0,0,1,0,1,1,0,5,2,0,7,2,0,0,0,0,0,2,0,0,0,0,0,3,0,0,0,0,2,0,1,0,0,0,0,1,2,3,3,1,1,1,0,0,0,2,1,0,0,0,4,0,2,2,4,2,2,4,0,0,0,1,1,1,0,0,0,0,0,0,0,0,0,0,0,0,0,0,0,0,1,1,0,4,0,2,7,0,0,0,0,0,0,0,1,0,2,0,2,1,0,0,2,0,3,2,3,2,0,0,0,0,0,6,0,0,1,0,1,0,2,2,0,2,0,2,0,0,0,0,0,0,0,3,1,3,1,2,9,0,1,0,1,0,0,1,0,0,0,0,0,1,0,1,3,0,2,0,0,1,3,1,0,0,1,0,0,2,0,0,0,0,0,0,0,2,2,0,0,0,0,0,1,2,0,0,0,0,0,0,0,0,0,0,1,0,0,2,0,1,2,3,2,0,0,1,3,0,0,0,0,0,0,1,2,2,0,0,1,2,0,1,1,1,0,0,0,0,0,0,0,2,1,0,5,0,12,2,0,0,0,0,0,0,0,0,0,2,2,1,0,0,0,0,0,0,0,0,0,0,0,0,0,0,0,0,0,0,0,0,6,1,0,0,0,0,0,0,2,0,3,1,0,0,0,2,1,0,0,0,0,0,0,0,1,1,0,0,1,0,2,0,0,0,6,0,0,0,1,0,3,0,0,0,0,1,0,1,0,0,0,2,2,0,0,1,0,0,0,0,0,1,0,0,1,0,0,0,0,1,0,0,0,0,2,0,1,0,0,0,6,0,0,0,0,2,2,1,0,1,0,1,0,0,0,1,1,0,2,0,0,0,0,1,0,1,0,0,0,0,0,0,1,0,0,0,0,0,0,0,0,0,0,1,1,0,1,1,0,0,0,0,1,2,0,0,0,0,0,0,0,3,0,0,2,0,0,0,0,1,1,0,1,2,1,1,0,0,0,0,0,0,0,0,1,0,0,0,2,1,0,0,0,0,1,0,0,0,3,0,1,1,0,1,0,0,0,1,0,0,0,0,0,1,1,0,0,3,0,1,0,0,0,0,0,0,2,1,2,0,0,0,0,0,0,1,0,0,0,4,1,0,0,0,0,0,0,1,1,0,1,1,0,0,4,2,2,0,0,1,0,0,0,0,0,0,0,3,4,2,0,0,2,0,0,0,5,0,0,0,2,1,4,1,0,2,1,1,0,0,0,0,1,2,0,0,0,2,0,0,0,0,0,0,1,0,0,0,1,0,0,0,1,0,0,0,0,2,0,2,1,1,0,0,0,1,0,0,0,0,0,1,0,0,0,0,0,1,1,0,0,0,1,1,0,0,0,0,0,0,0,0,0,0,0,0,0,0,0,2,0,0,0,0,0,0,0,0,1,2,1,0,0,0,0,0,1,0,1,0,0,0,0,0,0,1,0,0,2,0,0,1,0,0,0,0,0,5,2,0,0,0,0,0,0,0,4,0,0,0,0,0,0,1,0,1,4,0,3,0,0,0,0,0,1,0,0,1,0,1,0,0,0,0,1,6,0,0,2,0,0,0,2,0,0,0,0,0,0,0,martov
martov_slezy_starogo_krokodila_I.txt,8,0,1,0,0,0,0,1,1,67,0,0,0,0,0,0,3,5,0,2,4,0,3,0,0,2,0,0,0,0,8,1,0,0,0,1,11,2,5,8,9,0,63,12,8,14,5,0,1,2,0,0,2,0,2,7,20,4,0,2,2,0,0,24,0,0,0,5,2,1,2,10,3,1,6,0,0,17,0,1,1,8,2,1,2,1,0,0,1,0,1,0,0,0,2,0,1,17,0,0,1,2,2,0,0,0,2,0,1,0,0,0,0,0,0,2,0,0,0,0,0,0,0,5,0,3,1,1,7,0,4,4,0,0,0,33,5,11,1,0,0,4,0,1,6,0,5,1,0,0,1,0,1,1,0,1,0,0,0,0,0,4,0,2,0,0,0,15,0,0,1,2,0,0,1,2,0,0,0,0,0,0,0,0,0,0,0,1,1,1,0,0,1,3,0,0,2,1,2,0,0,0,0,2,0,3,0,2,1,1,0,0,0,15,0,0,0,1,0,0,0,0,0,0,1,0,1,0,1,2,0,0,0,0,0,0,0,2,0,1,0,1,1,0,0,3,0,1,0,0,0,2,0,1,1,0,0,1,1,3,1,11,5,1,0,1,2,0,0,4,0,0,0,0,0,4,0,0,0,1,1,2,0,0,0,0,0,5,0,0,0,0,1,2,6,1,1,0,1,0,0,0,0,0,0,0,0,0,0,0,6,1,0,1,0,0,0,1,1,0,0,0,0,1,0,0,0,0,0,0,0,0,0,0,0,0,0,0,0,1,2,0,0,0,2,0,1,3,0,2,3,0,2,0,0,2,3,0,1,0,0,1,0,0,0,0,1,0,1,0,0,0,1,0,0,0,0,0,2,2,2,0,0,10,0,0,3,0,2,0,1,1,0,0,0,0,0,0,3,0,0,0,1,4,0,2,1,0,0,0,0,1,0,0,1,0,0,0,1,1,0,0,0,4,0,0,3,1,0,0,3,0,0,1,1,1,0,0,0,0,0,0,0,0,1,1,0,0,0,0,0,3,0,0,2,0,0,1,1,0,0,0,0,0,0,1,2,0,0,0,1,1,0,0,2,0,0,1,2,0,0,0,0,0,0,0,0,0,1,0,0,0,0,0,0,0,1,0,0,7,2,1,0,0,0,0,1,0,0,0,0,0,2,0,0,1,2,0,0,1,0,0,0,1,0,0,0,3,0,0,0,0,1,0,0,0,1,1,0,0,0,0,0,2,0,0,0,0,3,1,0,0,0,2,0,0,0,1,0,0,2,1,0,1,0,0,0,0,0,0,0,0,1,0,0,0,1,0,1,2,0,1,0,0,1,1,1,0,0,0,1,0,0,0,0,0,1,0,0,0,2,0,0,0,0,0,0,0,1,2,0,0,1,0,3,2,1,1,1,0,0,0,0,0,0,0,0,0,0,0,1,0,0,1,3,1,0,0,2,0,0,0,0,0,0,0,0,0,0,0,0,0,0,0,0,0,0,1,1,1,0,1,1,0,0,0,0,1,0,0,0,1,0,0,0,0,0,0,0,0,0,0,0,1,0,2,0,1,0,0,0,0,0,1,0,0,0,0,2,2,1,0,0,0,4,0,0,1,0,0,0,0,0,1,0,0,0,0,0,0,1,0,0,0,0,0,1,0,1,1,1,0,0,0,0,1,0,0,0,0,2,0,0,0,0,0,0,0,0,0,0,1,0,1,0,0,0,0,1,0,0,0,0,0,0,2,1,1,0,0,0,0,1,0,0,0,0,0,1,0,0,0,0,0,0,0,1,1,0,0,0,1,0,0,0,1,0,0,0,1,0,2,0,0,0,0,0,0,0,0,0,1,0,0,0,0,0,0,0,1,0,0,1,0,0,0,0,0,0,0,0,0,2,0,0,0,1,0,0,2,3,0,0,0,1,0,1,0,0,0,2,1,1,2,0,0,0,1,0,0,0,0,0,0,0,0,0,0,0,0,0,0,0,0,0,0,0,0,0,0,0,1,0,0,0,1,0,0,0,0,0,1,0,0,0,0,1,1,0,0,0,1,0,0,1,0,0,1,0,0,0,0,0,0,0,0,0,1,1,1,0,0,1,0,4,0,0,0,0,0,0,1,0,1,0,0,0,0,0,0,0,1,1,0,0,0,0,0,1,0,0,0,0,0,0,0,0,0,0,1,0,0,0,0,0,0,0,0,0,0,0,0,0,0,0,0,0,0,0,0,0,0,0,2,0,0,1,0,0,0,1,0,0,0,0,0,0,0,0,0,martov
martov_soc_dem_1905_1907.txt,3,0,0,0,3,1,2,0,3,66,0,0,0,1,0,0,4,0,1,0,4,0,0,1,0,0,0,0,1,1,8,3,1,1,0,0,7,0,2,6,6,1,62,4,5,14,0,0,1,1,0,0,0,0,1,0,18,1,0,2,0,0,0,11,0,0,1,1,0,0,0,6,0,0,0,0,0,6,0,6,0,6,3,4,0,0,2,0,0,0,7,0,1,1,2,1,0,23,0,0,0,0,1,1,0,0,1,0,0,1,0,2,0,0,0,4,1,1,1,0,0,2,0,3,0,2,0,3,4,0,3,1,0,0,0,4,3,2,1,0,1,2,1,2,2,0,2,0,0,1,5,0,1,0,2,0,0,0,0,1,0,0,0,0,0,0,0,0,0,0,3,1,0,1,0,7,2,1,7,0,9,0,0,2,1,2,2,2,1,0,0,0,1,7,1,2,1,1,2,0,0,3,0,0,0,0,0,1,1,0,0,0,1,9,0,1,0,1,0,1,0,0,0,0,0,1,0,0,4,0,0,0,2,0,0,1,0,0,0,1,0,0,1,0,0,0,0,0,0,0,0,0,0,0,0,0,0,0,1,0,0,4,1,0,0,1,0,1,3,0,0,5,3,0,1,2,0,0,0,1,1,0,0,2,0,2,1,2,0,1,2,0,13,3,0,0,0,3,1,0,0,0,0,0,0,0,3,2,11,1,5,2,1,0,0,1,0,0,0,0,1,0,0,0,1,0,4,2,0,1,0,0,1,0,1,0,3,0,0,1,1,1,1,0,0,1,0,1,1,0,3,0,2,0,1,1,0,6,1,0,0,0,0,0,0,0,0,0,0,1,1,0,2,0,0,0,0,0,1,1,0,2,0,7,0,1,1,1,0,0,0,0,0,1,6,0,0,0,1,0,0,2,2,3,1,2,2,0,0,0,0,0,0,1,0,6,1,0,0,2,0,0,1,0,0,0,0,0,1,0,0,0,0,1,0,1,0,0,0,0,1,0,3,0,0,0,0,0,0,2,0,3,1,0,0,0,1,0,1,0,0,1,0,0,0,0,0,0,0,1,2,0,0,1,0,1,0,0,0,0,0,0,0,0,0,0,0,0,0,4,0,0,0,0,0,0,2,0,0,0,0,3,0,0,0,3,0,0,1,0,0,1,1,0,0,0,0,1,0,1,0,0,0,0,0,0,0,0,1,0,0,0,0,0,4,0,0,1,0,0,3,0,0,0,0,0,0,0,0,1,0,0,0,1,0,1,0,0,0,0,0,0,0,0,1,1,1,0,0,0,0,0,0,1,0,2,0,0,2,0,0,0,1,0,0,0,0,1,0,0,2,0,0,2,2,0,0,0,1,0,0,0,0,1,1,0,0,0,1,2,0,1,0,0,0,2,1,0,0,0,0,1,0,0,0,0,0,0,0,0,2,2,0,1,0,0,0,0,0,1,0,0,0,0,0,1,0,0,0,0,2,0,0,0,0,0,0,0,0,0,0,0,0,0,0,0,0,0,0,0,0,0,0,0,1,1,1,0,0,0,0,0,1,0,0,0,0,0,0,0,0,0,0,0,0,0,1,0,0,3,0,0,0,0,2,0,1,0,0,1,0,0,0,0,1,0,0,2,1,0,0,0,2,0,0,0,0,0,0,0,0,0,0,6,0,0,0,0,0,0,0,1,0,0,0,0,0,1,0,0,0,0,1,0,1,0,1,0,1,0,0,0,0,0,0,0,0,0,0,0,0,0,1,0,0,0,7,1,5,0,0,0,0,0,0,0,1,0,0,2,0,0,2,0,0,0,0,0,0,0,2,0,0,0,1,0,1,0,0,1,0,0,0,0,0,0,1,0,3,1,0,0,3,0,0,0,0,0,0,0,0,0,0,1,0,0,1,0,0,0,0,1,0,0,0,0,0,0,0,0,0,1,2,1,0,0,0,0,0,0,0,0,0,2,1,0,0,2,0,1,1,1,0,0,0,0,0,0,1,2,0,0,0,6,0,0,0,0,0,0,0,1,0,1,0,0,0,0,0,0,0,0,0,0,0,0,0,3,1,0,0,0,0,0,1,0,1,0,0,2,0,0,0,0,0,0,1,0,0,0,0,0,0,0,0,1,0,6,0,0,0,0,1,1,0,0,1,0,2,0,0,0,0,0,0,0,0,0,0,0,0,0,0,0,0,1,0,0,0,0,2,0,0,0,0,0,1,0,2,0,1,0,0,0,1,0,0,5,0,0,0,0,0,0,0,1,3,0,0,0,martov
martov_tak_li_my_gotovimsya_I.txt,6,2,1,7,2,4,1,0,8,83,1,1,1,1,0,2,7,21,4,2,10,2,0,1,1,2,1,2,0,1,20,3,2,0,0,0,20,4,5,6,6,1,97,7,7,13,13,0,7,3,0,0,0,1,10,14,37,2,1,0,1,0,0,34,7,1,2,1,0,0,1,7,1,1,0,7,0,5,0,12,12,7,0,1,0,2,1,4,9,1,6,0,6,1,3,2,0,21,0,0,6,3,2,6,2,0,5,1,0,0,0,1,0,1,0,7,0,0,0,1,1,2,0,9,1,11,2,6,10,1,4,6,0,0,2,20,13,7,6,0,12,5,2,8,24,3,6,0,1,1,8,0,1,2,1,0,0,0,0,2,1,5,4,2,1,0,0,2,0,1,3,0,1,0,1,1,2,0,4,1,1,1,0,2,0,3,0,2,2,1,0,1,0,1,1,0,0,4,0,1,4,1,0,0,0,3,0,8,4,0,1,0,1,20,0,0,0,2,0,0,1,1,2,0,3,1,0,0,0,0,0,2,6,0,0,0,0,1,1,2,0,0,0,0,1,5,3,6,0,3,4,2,17,4,0,0,1,5,3,1,2,8,1,1,0,1,3,1,4,4,1,17,0,0,0,1,0,0,2,1,0,3,0,2,1,0,0,5,2,3,3,2,13,3,0,2,3,3,0,0,1,0,1,1,0,0,2,0,6,1,2,0,0,4,0,5,1,0,0,0,1,0,1,3,0,2,3,3,3,8,2,4,0,0,1,2,1,0,0,0,0,2,1,0,2,0,0,2,0,1,4,0,1,1,0,3,6,9,0,0,1,1,3,3,1,0,0,1,0,0,0,2,0,0,0,0,0,4,0,1,8,1,1,10,5,2,2,1,2,0,0,0,0,1,1,2,0,0,12,0,0,2,2,2,1,1,5,2,0,1,0,0,0,14,0,1,2,0,1,1,0,0,0,1,1,2,1,0,0,0,1,0,0,0,6,0,1,1,6,0,0,0,3,0,0,0,1,1,0,0,1,1,1,1,6,1,9,1,1,0,12,3,0,1,0,0,0,0,0,6,1,1,0,0,0,2,0,0,1,0,0,0,0,0,0,0,0,0,1,0,0,0,1,0,0,1,0,3,0,4,0,3,2,0,0,1,0,0,0,2,1,1,0,0,1,1,1,0,1,2,3,1,1,0,1,0,0,0,1,0,0,0,0,0,3,1,3,2,0,0,2,1,0,0,0,1,1,2,0,0,1,0,0,0,1,0,1,0,0,1,0,0,2,0,0,0,0,0,1,0,11,1,0,0,0,0,0,0,0,0,0,2,1,0,0,0,0,1,0,0,0,4,0,3,1,2,0,0,0,0,1,1,0,0,6,0,0,0,1,1,0,0,0,3,0,1,0,0,1,0,0,1,2,0,2,6,2,0,1,0,1,1,0,0,0,0,0,0,1,1,0,1,0,0,0,0,0,0,0,0,6,0,0,0,0,2,2,0,0,1,1,2,0,0,0,1,0,3,0,3,0,0,0,1,1,0,0,0,0,0,0,0,0,0,0,0,0,0,0,0,0,2,0,0,0,0,2,0,0,1,1,0,1,3,0,0,0,0,0,1,1,0,0,1,1,0,0,0,0,0,0,1,1,0,1,0,0,3,0,5,3,0,1,2,0,0,0,0,0,2,0,0,0,1,0,2,0,4,2,1,1,0,0,0,0,0,0,0,3,0,0,1,0,1,0,1,0,3,0,1,1,0,1,0,0,0,7,3,0,1,1,1,0,0,0,1,0,0,0,1,1,1,0,1,0,2,0,0,4,0,0,0,0,1,0,0,0,1,0,0,0,0,0,0,0,2,0,0,0,1,0,1,0,0,0,1,0,0,0,1,0,0,2,0,0,1,1,3,0,1,0,0,0,1,1,0,2,1,0,0,2,1,0,4,0,0,0,2,0,0,0,0,0,1,0,0,0,0,0,2,0,2,0,0,0,0,1,0,0,0,1,0,0,0,0,0,0,1,0,1,0,1,1,1,1,0,0,0,1,0,0,0,0,0,0,0,0,0,0,0,0,0,0,0,0,0,0,0,0,0,0,0,0,0,0,0,0,0,0,0,0,0,1,0,3,0,2,0,0,1,0,0,0,0,0,0,1,1,2,0,0,0,0,0,0,0,2,0,0,0,0,1,0,0,0,0,1,0,0,0,0,0,0,0,0,0,0,0,0,1,1,1,1,0,0,0,0,0,2,0,0,0,0,0,0,0,0,0,0,0,martov
martov_voyna_i_ross_dem.txt,25,5,7,0,16,17,9,2,6,302,1,3,1,4,5,0,17,20,4,4,7,4,5,2,0,7,4,0,1,6,52,14,2,2,4,10,21,7,22,20,49,2,273,25,20,44,8,0,11,12,1,0,0,1,23,35,101,3,2,6,2,0,2,128,3,0,2,5,3,1,3,29,1,3,8,8,3,41,1,1,11,17,9,2,1,4,7,4,5,1,18,0,1,3,5,0,1,74,0,0,0,8,7,14,1,4,6,3,3,6,0,2,0,0,0,9,0,1,2,2,0,4,0,8,3,16,4,24,15,0,10,14,2,0,1,80,22,25,15,1,1,12,5,19,56,9,13,3,1,0,41,3,4,2,12,3,0,0,0,0,3,7,0,6,0,2,3,3,1,0,9,1,3,2,0,12,2,3,12,1,27,2,3,13,0,0,1,20,5,3,0,0,5,33,4,1,9,12,4,0,7,11,1,1,2,5,0,30,3,2,8,5,4,61,0,0,0,2,2,5,7,15,4,9,7,4,2,2,6,0,0,0,9,0,0,0,0,1,1,6,1,2,5,3,0,5,2,4,1,2,4,5,1,3,1,1,1,30,1,2,2,18,1,7,1,3,4,1,23,5,0,11,0,3,1,2,0,0,0,2,2,3,1,1,4,7,3,13,4,2,3,1,4,1,0,1,5,10,0,3,4,1,3,1,1,0,0,18,19,2,18,3,1,10,7,0,1,7,2,0,0,1,1,0,0,0,22,7,1,6,3,4,5,1,1,0,49,3,1,1,5,8,1,0,1,6,0,1,1,0,3,1,10,1,3,18,16,9,0,2,2,3,3,1,6,0,3,1,0,0,3,2,5,6,1,0,2,4,2,0,3,1,3,34,2,2,18,3,2,0,1,1,0,0,3,6,3,0,1,0,1,1,8,8,3,4,15,3,4,3,2,1,2,13,0,9,2,0,1,28,5,0,0,1,1,1,3,1,1,0,3,1,1,1,8,5,0,1,0,2,3,0,1,2,0,1,5,0,1,8,2,8,3,0,15,0,9,3,1,6,10,3,3,4,1,2,6,2,5,9,5,1,0,4,1,3,1,1,3,1,0,0,3,0,0,0,3,0,4,4,4,0,0,1,0,5,2,2,1,3,0,1,2,8,1,3,0,0,1,2,1,2,0,0,3,3,0,2,1,13,1,2,0,0,2,1,0,4,8,0,0,2,1,0,11,2,14,7,0,0,2,0,1,11,0,3,0,2,2,0,0,0,5,3,2,1,2,0,2,7,0,3,1,1,0,0,0,0,0,3,4,4,0,3,0,7,2,1,2,1,5,4,4,0,0,2,1,5,2,0,2,2,1,0,0,1,0,0,3,0,4,5,0,0,5,1,0,1,3,0,2,2,0,3,0,7,5,1,1,2,0,5,6,1,1,6,4,0,0,0,1,10,2,0,0,0,1,0,1,2,1,0,0,0,3,1,1,0,1,3,7,0,0,0,0,1,0,0,1,3,0,13,0,2,2,3,0,1,0,0,1,0,2,1,2,2,0,1,0,5,1,0,2,0,0,0,0,2,0,0,0,2,0,3,2,2,0,0,2,11,0,0,0,1,5,0,7,0,0,1,1,1,0,2,2,0,0,1,1,0,0,0,3,1,1,1,2,3,0,5,0,0,7,9,1,0,1,2,8,13,4,1,0,3,0,0,1,8,2,1,0,0,2,1,3,2,4,1,2,0,0,1,3,2,3,1,1,6,0,0,1,1,1,0,0,0,10,3,8,4,3,1,0,0,0,0,0,3,0,15,6,1,2,0,1,1,2,0,3,1,2,0,0,0,22,14,3,1,0,1,2,0,0,0,0,1,2,5,0,0,1,5,9,2,4,11,1,0,3,0,1,0,6,0,0,0,0,1,0,0,0,0,1,3,1,1,1,0,0,0,0,0,0,7,2,0,0,3,0,1,0,4,2,2,1,0,1,0,0,2,2,0,1,2,0,1,0,3,1,0,0,3,0,0,0,0,0,9,0,0,0,2,0,3,1,0,2,0,2,2,2,0,1,0,1,1,0,0,5,0,0,4,0,0,0,0,2,1,0,1,2,6,0,1,0,0,0,0,1,5,1,0,0,1,0,1,1,0,16,7,2,3,1,4,0,0,0,36,13,0,0,4,1,0,0,1,7,5,5,1,1,0,0,8,0,7,2,4,2,1,1,0,0,0,3,0,2,0,1,9,2,0,0,1,0,0,0,10,1,0,2,0,1,0,0,0,2,0,0,0,martov
ortodox_eshe1_kritik_Marxa.txt,7,0,0,2,0,1,2,0,7,51,0,0,1,0,0,0,1,5,1,2,0,0,0,0,1,1,0,0,2,0,7,2,0,0,0,0,16,6,4,11,3,0,57,8,1,25,1,0,3,3,0,0,0,0,1,5,16,1,0,0,0,0,0,35,1,2,0,3,1,0,2,8,1,0,17,0,0,7,0,0,1,8,0,0,0,0,1,0,0,0,1,0,0,0,0,0,0,16,0,0,1,1,1,1,0,4,2,1,0,3,0,1,0,1,0,0,1,0,0,0,0,0,0,10,0,3,0,3,2,0,0,2,0,0,0,25,2,11,5,0,0,0,0,0,9,10,2,0,0,3,6,0,1,0,3,1,0,0,0,1,0,2,0,2,2,0,1,2,0,0,0,0,0,0,2,0,0,0,0,0,1,0,0,0,0,1,0,1,0,3,0,0,1,4,1,0,4,3,1,0,0,1,0,1,0,0,1,8,1,3,0,2,0,15,0,1,0,3,1,0,0,4,1,1,2,0,1,0,0,1,5,0,4,0,0,1,3,0,0,1,2,4,2,0,1,2,0,2,0,0,0,1,0,0,1,1,1,4,1,2,1,9,0,0,0,0,1,0,2,0,1,0,0,0,0,0,1,0,0,0,0,3,0,0,1,0,0,2,0,0,0,0,0,0,0,0,0,0,0,0,0,0,0,1,0,0,0,0,1,0,6,0,1,0,0,0,0,0,0,0,0,0,0,2,1,0,2,1,0,1,0,2,3,0,1,1,0,0,0,0,0,0,0,0,0,0,0,0,1,6,2,0,4,1,1,1,1,0,0,1,0,1,1,0,0,2,11,11,0,0,0,1,2,0,2,0,1,0,1,0,2,0,0,7,0,2,8,0,2,0,0,0,0,0,0,1,0,0,4,0,0,0,1,2,0,1,2,3,0,0,0,0,0,0,0,0,1,0,0,0,0,0,0,0,0,0,1,2,0,1,1,1,1,0,0,1,0,4,0,0,7,0,3,0,0,0,0,1,1,4,0,0,2,1,6,0,0,1,0,1,0,2,1,0,2,1,1,0,0,0,3,2,2,0,1,0,0,0,0,0,1,0,1,0,1,0,0,0,0,0,0,0,1,0,0,1,2,0,0,1,3,1,0,1,0,0,0,0,0,0,0,0,0,0,2,6,1,3,0,1,0,3,0,1,0,0,0,0,0,0,0,0,1,2,2,0,5,3,0,0,0,0,0,1,0,0,0,3,0,0,0,0,0,0,1,0,0,0,0,0,0,0,0,0,0,0,0,0,0,0,2,0,1,0,0,0,0,5,0,1,0,2,0,0,2,1,0,0,1,0,0,0,1,0,0,0,0,0,1,0,0,0,0,0,0,0,0,0,0,0,0,0,0,0,0,0,0,0,1,0,0,4,3,0,0,1,0,0,0,0,1,3,0,1,4,1,2,0,0,0,0,0,0,0,0,0,0,0,0,0,1,0,0,0,0,1,0,1,1,0,0,0,2,0,0,1,0,0,0,0,1,0,0,1,1,0,0,0,0,0,0,0,0,0,1,0,0,0,0,2,3,2,0,0,1,0,0,1,0,0,1,0,0,2,0,0,0,0,0,0,0,0,3,0,0,0,0,0,0,0,0,0,1,0,0,1,0,0,2,0,0,1,0,0,1,0,1,1,0,0,0,0,0,0,0,0,0,0,0,0,0,0,0,0,0,0,0,1,0,0,4,0,0,2,0,1,1,1,0,0,1,0,0,0,0,0,0,1,0,0,1,0,0,2,0,0,0,0,1,0,0,0,0,0,0,0,1,0,1,0,0,1,0,0,2,1,0,0,3,0,0,0,0,0,0,0,0,0,0,0,1,2,0,0,0,2,0,0,0,0,0,0,1,0,0,1,1,0,0,0,0,1,0,0,0,0,1,0,0,0,0,0,0,1,0,0,0,1,4,0,0,0,0,1,22,0,0,0,0,0,1,0,0,0,0,0,0,0,0,0,0,0,0,0,0,1,1,3,0,0,0,0,0,0,2,0,1,4,0,0,0,1,0,0,0,2,0,0,0,0,0,0,0,0,0,0,0,1,0,1,0,0,0,0,0,0,0,0,0,0,0,0,0,0,0,0,0,0,0,1,0,0,0,0,0,0,0,0,0,0,0,0,0,0,0,0,0,0,0,0,0,0,0,0,0,1,1,0,1,3,0,1,0,1,0,0,0,0,11,0,0,0,0,0,2,1,3,0,0,0,0,0,0,0,0,0,0,0,0,0,ortodox
ortodox_pismo_evreya_k_evreyam_I.txt,11,0,0,0,0,1,0,1,2,47,0,0,1,0,0,0,1,9,2,2,1,0,0,0,0,3,0,1,1,2,16,1,1,0,0,4,6,0,10,10,7,0,82,8,5,28,7,0,5,3,0,0,0,0,10,9,38,0,3,1,0,0,0,29,1,1,2,1,0,0,0,14,0,2,12,1,0,7,0,2,1,6,1,1,0,1,4,0,1,0,2,0,0,4,2,0,0,23,0,0,5,0,0,0,2,0,2,0,0,5,0,0,0,1,0,10,2,0,0,0,0,1,0,5,4,3,0,8,13,0,7,0,0,1,3,42,6,8,3,0,1,10,0,2,15,7,6,0,0,1,2,1,0,3,7,5,0,1,0,1,0,0,1,1,1,1,0,0,0,0,0,1,1,0,0,3,2,0,0,0,0,0,1,0,1,1,0,0,2,0,0,0,4,4,0,1,3,1,2,0,1,0,0,1,1,0,1,6,3,1,2,1,0,20,0,0,0,1,0,0,1,1,2,2,1,1,0,0,0,1,0,0,6,0,0,0,1,0,0,3,0,1,0,0,0,0,0,2,0,0,0,0,3,0,1,1,1,6,1,0,0,5,1,0,0,0,4,0,3,2,0,7,0,1,0,0,0,0,0,1,0,2,0,0,0,0,1,1,0,0,0,0,1,1,0,2,0,0,0,1,3,0,1,0,2,0,0,2,6,1,2,1,1,3,1,0,0,2,0,0,0,0,1,0,3,0,0,1,2,1,0,1,0,2,0,1,1,0,0,0,0,0,0,0,0,0,0,1,1,0,2,1,7,0,0,4,3,1,1,0,0,0,1,0,3,1,0,3,0,1,0,2,2,0,0,2,0,0,0,2,2,0,0,11,0,3,10,4,3,0,2,0,0,0,2,4,0,1,3,0,0,2,1,0,0,2,3,0,2,1,1,0,1,5,0,0,3,1,0,0,0,0,1,0,0,1,1,1,0,0,0,1,0,0,0,5,1,1,0,0,9,0,2,0,0,0,0,1,0,3,1,3,0,0,2,0,3,0,2,0,0,1,1,0,0,2,0,0,0,0,3,1,1,0,0,1,0,0,0,0,3,0,0,0,1,0,0,0,0,1,0,0,1,0,0,0,0,0,0,2,2,0,0,3,0,0,0,0,0,0,2,0,0,0,0,1,0,2,0,1,0,7,1,0,1,0,2,0,0,1,1,0,0,0,1,0,5,4,0,0,2,0,0,0,1,0,1,4,0,0,0,0,0,0,0,0,0,1,0,0,1,1,1,0,2,2,1,0,0,0,3,0,0,0,0,0,0,0,0,1,1,1,2,1,0,1,0,0,0,0,0,2,0,0,0,0,0,0,0,0,0,0,0,3,0,0,0,0,0,0,2,0,0,1,0,5,1,0,1,0,0,1,1,4,0,2,0,0,0,0,2,2,2,3,0,2,0,0,0,0,0,0,0,1,1,1,0,0,0,0,4,0,14,11,1,0,0,0,1,0,0,7,2,0,0,1,0,1,0,0,0,0,0,3,0,0,0,0,0,2,1,0,2,1,0,0,0,0,0,0,1,1,0,1,2,1,0,2,0,0,1,0,0,3,0,0,0,0,0,0,0,1,0,1,0,1,0,0,0,0,0,0,2,0,0,0,1,0,0,0,0,0,0,0,0,0,0,1,2,0,0,1,1,0,0,0,0,0,0,0,0,0,0,1,2,0,0,1,1,0,0,0,1,1,2,0,0,2,0,0,0,0,0,0,0,0,2,0,0,6,0,0,3,1,0,0,1,0,0,2,0,1,0,1,2,0,1,0,0,0,0,0,0,0,0,2,0,0,0,0,1,0,0,0,0,0,0,0,0,1,0,1,0,1,2,0,0,0,0,0,0,0,0,1,0,0,3,0,0,0,0,2,0,0,0,0,0,0,2,3,1,0,0,0,1,1,0,1,0,0,0,4,1,1,1,0,0,0,0,0,0,1,0,0,0,2,2,0,1,0,0,0,0,0,0,0,0,1,1,0,0,3,1,0,2,0,0,1,0,0,0,1,1,0,1,0,0,0,0,1,0,0,0,0,0,0,0,0,0,3,0,0,0,0,0,0,0,1,0,0,0,0,0,0,0,2,0,0,0,1,1,0,0,0,0,0,0,0,1,0,0,0,0,0,0,0,0,0,0,1,0,0,0,0,0,3,1,0,1,1,0,0,0,0,0,0,0,0,2,0,0,0,0,0,2,0,2,0,0,0,0,0,0,0,0,0,0,0,0,0,ortodox
ortodox_v_otvet_Bovu_I.txt,11,2,2,0,1,1,2,0,5,94,2,0,0,2,0,0,1,7,2,2,1,0,0,0,0,5,1,0,5,2,13,3,1,1,0,1,7,3,14,15,6,0,145,6,8,28,11,0,8,5,0,1,0,0,9,21,50,0,4,6,0,0,1,53,2,3,2,3,0,3,0,22,0,0,12,4,1,8,0,3,0,10,2,0,0,1,8,0,0,0,3,1,0,0,0,0,1,42,0,0,3,2,2,1,2,4,4,0,0,7,0,1,0,0,0,21,0,0,0,0,0,3,0,12,5,5,1,12,14,0,4,1,0,0,2,52,9,10,4,0,0,6,0,2,18,4,4,1,0,0,9,1,1,1,5,0,0,0,1,1,0,1,2,1,1,0,2,0,2,0,0,1,0,0,0,2,0,0,0,0,1,0,1,9,4,0,0,0,3,2,0,0,3,6,1,1,4,1,1,0,0,0,0,0,2,0,2,2,3,4,0,0,1,29,1,0,1,1,0,2,0,1,0,3,2,1,2,1,3,0,0,0,10,0,0,0,4,0,0,7,0,5,3,1,0,5,5,2,0,0,0,1,5,0,1,1,2,7,2,1,0,14,6,4,1,2,6,0,9,4,0,2,0,1,2,1,1,2,0,3,0,7,0,1,2,0,0,3,1,0,1,0,3,0,0,0,0,1,0,0,1,2,0,0,2,1,5,6,7,0,9,0,0,1,0,0,0,0,0,1,0,0,0,2,0,0,0,1,3,1,0,2,0,0,2,2,1,0,0,1,3,0,0,0,0,1,1,0,1,2,5,1,11,0,1,2,3,2,0,5,2,0,1,0,1,0,1,0,0,3,1,4,4,0,0,1,3,0,2,1,1,0,0,27,0,4,11,2,6,0,0,0,0,0,2,2,0,3,7,0,0,0,4,2,8,1,5,1,0,0,1,0,1,2,0,0,4,0,0,0,0,0,1,3,1,1,3,6,0,2,0,1,0,0,2,3,0,0,0,0,15,0,7,1,1,0,1,1,1,2,2,5,1,1,2,1,1,3,0,1,0,0,1,0,2,1,3,0,0,0,10,0,0,0,1,0,0,1,2,1,0,1,2,0,1,0,0,0,3,1,0,0,1,0,2,2,1,1,0,6,3,1,0,5,0,0,0,0,0,0,0,2,2,0,2,1,0,1,1,9,1,8,0,0,1,1,1,1,1,0,1,1,1,0,1,1,8,8,35,0,0,0,3,1,0,2,0,2,0,0,0,0,0,0,2,0,0,1,0,2,1,1,0,0,2,1,10,0,1,0,1,1,0,1,0,0,0,0,1,0,0,2,0,3,1,4,1,0,0,0,1,0,2,1,2,0,0,0,2,0,1,0,0,0,1,0,0,0,0,1,0,0,1,0,0,2,2,0,1,0,0,2,1,2,0,3,2,2,0,0,1,5,0,2,7,1,1,0,0,1,0,0,0,1,0,1,2,0,0,20,3,0,5,7,0,0,0,2,0,1,0,5,0,0,0,1,1,1,0,0,2,0,0,4,1,0,0,5,0,5,0,0,0,0,3,1,0,0,0,2,0,4,0,1,1,0,2,2,0,0,0,0,0,1,0,0,0,0,0,0,0,0,0,0,0,0,1,0,0,0,0,0,1,0,1,1,1,0,0,0,1,0,0,0,0,0,0,2,1,0,0,0,1,0,1,0,0,0,0,1,0,0,0,0,0,3,0,0,0,0,4,0,0,0,2,1,0,0,0,0,1,1,0,1,0,0,0,0,0,2,2,0,2,3,0,0,1,0,0,2,0,2,0,0,12,1,1,0,1,1,1,0,0,0,2,5,0,0,1,0,0,0,1,4,0,0,0,2,0,1,0,2,0,1,1,3,1,2,1,1,0,0,0,2,0,1,0,0,0,0,2,0,1,0,2,0,0,3,0,0,1,0,0,4,0,1,0,1,0,0,0,0,0,0,1,0,0,0,0,0,1,0,0,0,1,1,1,0,1,0,0,3,0,0,2,0,1,1,2,1,0,1,1,0,2,10,1,1,0,0,0,0,0,0,0,1,0,0,0,0,0,0,0,1,0,1,0,1,0,3,2,0,0,2,1,0,0,1,3,3,1,2,0,0,1,1,0,0,0,0,1,0,0,0,0,1,0,0,0,0,0,0,0,0,0,0,0,0,0,0,0,0,0,0,0,2,0,0,0,0,0,0,0,0,0,0,0,1,0,1,2,0,0,0,0,0,1,0,0,0,0,0,0,0,0,0,0,0,0,0,ortodox
parvus_bez_tsarya_pravitelstvo_rabochee.txt,9,0,1,0,0,2,1,1,1,8,1,0,0,1,0,0,0,6,2,0,2,0,0,0,0,2,0,0,0,0,2,0,0,0,1,1,6,6,4,1,9,1,26,3,1,5,4,0,1,0,0,0,0,4,0,0,5,1,8,6,1,2,0,17,2,0,0,1,0,0,0,6,2,1,5,1,0,7,0,0,0,2,1,1,0,0,0,1,9,1,1,0,0,0,3,0,2,9,0,4,1,1,2,0,0,0,0,0,0,0,0,0,0,0,0,0,0,0,1,0,0,2,0,1,0,1,4,0,7,0,6,1,0,5,0,7,2,2,1,0,0,0,0,0,0,1,0,1,0,0,0,0,0,0,0,0,0,0,0,0,1,1,0,0,0,0,0,0,0,0,0,0,0,0,0,0,0,0,0,0,0,0,0,0,0,1,0,0,0,0,0,1,0,1,0,0,0,2,0,0,0,0,0,0,0,0,0,2,2,0,3,0,0,4,0,0,0,0,0,4,3,2,0,0,0,0,0,0,0,0,0,0,0,1,0,0,0,0,0,0,0,0,0,0,0,0,0,1,0,0,0,0,0,0,0,0,0,2,0,0,0,3,0,0,0,0,0,0,0,2,0,0,0,0,1,0,0,0,0,0,0,0,0,0,0,0,0,2,0,3,4,2,2,0,1,0,0,0,1,0,1,1,1,0,0,0,0,0,0,0,3,0,0,0,2,0,0,3,3,3,5,8,0,1,0,0,2,0,0,1,0,0,1,0,0,0,1,0,0,0,0,0,0,0,0,0,0,0,4,1,3,0,2,0,0,1,1,0,0,0,0,0,0,0,0,0,0,0,0,1,0,0,0,0,0,0,0,0,0,0,0,0,0,4,0,2,1,0,0,0,0,0,1,0,0,0,0,0,2,0,0,0,0,1,0,0,0,1,0,0,0,0,0,10,0,0,0,0,0,3,0,0,0,0,0,0,0,0,0,0,3,0,0,0,0,0,0,1,0,0,0,0,0,1,0,1,0,0,0,1,0,0,0,0,0,0,0,0,0,0,0,0,0,0,0,0,2,0,0,0,0,0,0,0,0,0,2,0,0,0,0,0,0,0,0,0,0,0,1,0,0,0,0,0,0,0,0,0,0,0,0,1,1,0,0,1,0,0,0,0,0,0,0,0,0,1,0,0,0,0,0,0,0,0,0,0,0,0,0,0,0,0,1,0,0,0,0,0,0,0,0,0,0,0,0,0,0,0,0,0,0,0,0,0,0,0,1,0,0,0,0,1,0,0,0,0,0,1,0,0,2,0,0,0,0,0,0,0,0,0,0,2,0,0,0,0,0,0,0,0,0,0,0,0,0,0,0,0,0,0,0,0,0,0,0,0,0,0,0,0,1,0,0,0,0,0,1,1,0,0,0,0,0,0,0,0,0,0,0,0,0,1,0,0,0,0,0,0,0,0,0,0,0,0,0,0,0,0,0,0,1,0,0,0,0,0,0,0,2,0,0,6,0,0,0,0,0,1,0,0,0,0,0,0,0,0,0,5,0,0,0,0,0,0,0,0,0,0,0,0,0,0,0,0,0,0,0,0,0,2,0,0,0,0,0,0,0,0,0,0,0,0,0,0,0,0,0,0,0,0,0,0,0,0,0,0,0,0,0,1,3,0,0,0,1,1,0,0,0,0,0,0,0,0,0,0,0,0,0,0,0,0,0,0,0,0,1,0,0,0,0,0,1,1,0,0,0,4,0,0,0,0,0,0,0,0,1,0,1,0,0,0,0,0,0,0,1,0,0,0,1,1,0,1,0,0,0,0,0,10,0,0,0,0,1,0,0,0,0,1,0,0,0,0,0,0,0,0,0,0,0,0,0,0,0,0,0,0,0,0,0,0,0,0,0,0,0,0,0,0,0,0,0,0,0,0,0,0,0,0,0,0,0,0,1,0,0,0,0,0,0,0,0,0,0,0,0,0,0,0,0,0,0,0,0,0,0,0,0,0,0,0,0,0,0,0,0,0,0,0,0,0,0,0,0,0,0,1,0,0,0,0,0,0,0,0,0,0,0,0,0,0,0,0,0,0,0,0,0,0,0,0,0,0,1,0,0,0,0,0,0,0,0,0,2,0,0,0,0,0,4,0,1,2,0,0,0,0,0,0,0,0,0,0,0,0,0,0,0,0,0,0,0,0,0,0,0,0,0,0,0,0,0,0,0,0,0,0,0,0,0,0,0,0,0,0,0,0,0,0,0,0,1,0,0,0,0,0,0,0,parvus
parvus_borba_protiv_tsarizma.txt,2,1,3,1,3,2,0,0,1,36,0,0,0,0,5,0,4,2,0,0,0,0,0,0,1,2,0,0,0,0,6,2,1,0,0,2,1,1,4,4,1,0,34,3,1,13,0,0,4,2,0,0,1,0,6,7,14,0,0,0,0,0,1,10,1,0,0,1,0,0,0,6,2,1,7,0,0,3,0,1,1,2,1,0,0,0,2,1,2,0,3,0,0,0,2,0,2,2,0,0,3,1,0,1,0,0,3,0,0,0,0,0,0,0,0,0,0,0,0,0,0,3,0,3,0,5,1,0,5,0,1,3,0,2,0,5,3,3,6,0,1,2,1,1,6,0,5,1,0,0,0,0,1,0,1,0,0,0,0,0,0,3,1,0,0,0,0,0,0,0,0,0,0,0,0,0,0,0,0,0,4,0,0,0,0,0,0,0,2,1,0,0,1,2,2,0,0,5,1,0,0,0,0,0,0,0,0,4,6,1,1,1,0,9,0,0,1,2,0,1,1,1,2,2,0,2,1,1,0,0,0,0,4,0,0,0,0,1,0,1,0,0,0,0,1,1,2,1,0,0,1,0,1,1,0,0,0,1,1,0,1,1,0,0,0,0,0,0,5,1,0,0,1,0,0,0,0,0,1,0,0,0,1,0,0,1,1,1,0,0,0,0,1,1,0,0,0,0,1,0,0,1,0,0,0,0,0,1,2,0,5,0,0,0,1,0,0,0,0,0,1,0,0,0,0,0,1,0,0,0,0,0,0,0,0,0,5,4,3,1,0,2,0,0,0,0,0,0,0,0,2,0,0,0,0,7,3,0,1,1,0,0,0,2,0,0,0,1,3,0,0,0,2,1,0,0,0,0,2,1,0,0,0,7,0,1,1,0,0,0,0,1,1,0,0,0,0,0,2,0,0,1,0,0,0,0,1,2,0,0,0,0,1,9,0,1,0,0,1,1,2,0,0,1,0,0,0,0,0,0,1,0,0,0,0,0,0,0,0,0,0,0,0,0,0,0,0,0,0,0,1,1,0,0,1,0,0,0,1,1,1,0,0,0,1,0,1,1,0,0,2,0,0,2,0,0,0,0,0,0,0,1,1,0,0,0,0,0,1,0,1,0,0,0,0,0,0,1,0,0,1,0,0,1,0,0,0,0,0,1,0,0,0,0,1,0,0,0,0,1,0,0,0,0,0,0,0,0,0,1,0,2,0,0,1,0,2,0,0,0,0,0,1,0,0,0,0,0,0,0,0,0,0,0,0,1,2,0,0,1,0,0,0,1,0,0,0,1,0,0,2,1,0,0,0,0,0,0,0,0,1,1,0,0,1,1,0,0,0,0,1,0,1,0,0,0,0,0,2,0,3,1,0,0,0,0,0,1,0,0,0,2,0,0,2,0,0,0,0,0,0,0,0,0,1,0,0,0,0,0,0,2,0,0,0,0,0,0,2,0,0,0,0,0,1,0,0,0,0,0,1,0,0,0,0,0,0,0,0,1,0,1,0,1,0,0,0,0,1,0,0,0,0,0,0,0,0,1,0,0,0,0,0,0,0,0,0,0,1,0,0,0,0,0,0,0,0,1,0,3,0,0,0,0,0,0,0,0,0,0,1,0,0,0,0,0,0,0,0,0,0,0,0,0,0,1,0,0,0,0,1,1,0,1,0,0,0,0,0,0,0,0,0,1,1,1,0,1,0,0,1,0,0,0,2,0,1,0,0,0,0,0,2,1,0,0,0,1,0,0,0,0,0,0,0,0,3,0,2,0,0,0,0,3,0,1,0,0,0,1,0,0,0,0,0,0,0,0,0,1,0,0,0,0,1,4,0,0,0,1,0,0,0,0,0,0,0,2,1,0,0,0,0,0,0,0,1,0,0,0,0,1,0,0,0,1,0,0,0,0,0,0,0,0,0,0,0,0,0,0,0,0,0,0,1,0,0,0,0,0,0,3,0,0,0,0,0,1,0,0,1,0,0,3,0,1,0,0,0,0,0,0,0,0,0,0,0,1,0,0,0,0,1,1,0,0,0,1,0,0,1,0,1,0,0,0,0,0,0,0,0,2,0,1,0,0,0,0,0,0,0,1,0,0,0,0,1,1,0,0,1,0,0,0,1,0,0,0,4,1,0,2,0,2,0,0,1,3,0,0,0,0,0,0,0,1,4,0,0,0,0,0,0,2,0,1,0,0,0,0,0,0,0,0,0,0,0,0,0,0,0,0,0,0,0,0,0,0,0,0,0,0,4,0,0,0,0,0,0,0,parvus
parvus_do_9_january_predislovie.txt,14,1,6,10,4,5,2,4,7,96,0,1,0,0,0,0,5,15,4,1,6,0,0,1,1,5,0,0,0,3,6,12,1,1,1,8,10,2,8,7,15,2,97,9,16,12,4,0,4,4,1,1,0,0,5,11,30,1,4,3,1,1,0,45,2,1,0,1,1,0,4,21,0,2,14,7,0,11,0,7,6,10,6,4,0,1,3,5,19,2,12,1,2,2,7,0,5,33,3,8,2,3,4,3,0,0,3,1,0,1,0,0,0,1,0,18,0,0,1,1,5,5,0,4,0,13,3,2,15,0,0,13,0,2,1,25,10,19,3,0,0,11,2,8,3,0,3,1,1,0,15,0,0,3,0,1,0,1,0,2,3,3,1,1,0,0,0,0,0,1,1,3,0,0,0,1,0,0,4,0,8,0,0,6,3,0,0,4,2,4,4,0,1,6,0,0,2,12,1,1,2,3,0,0,1,0,1,4,0,0,4,1,0,25,0,0,0,0,0,2,0,1,5,2,4,0,0,0,1,2,0,0,2,0,0,1,0,0,1,1,0,2,0,0,2,3,0,2,0,1,1,0,1,0,2,1,0,5,0,2,0,11,1,5,0,1,0,0,6,14,4,4,1,0,0,0,0,0,1,1,0,5,5,1,0,2,0,4,0,10,19,8,13,12,0,1,0,2,0,0,1,1,1,0,0,1,1,12,19,1,7,7,0,0,1,0,2,3,0,1,4,1,2,1,5,0,15,10,4,20,4,2,3,0,1,0,25,1,1,1,4,1,0,0,0,3,0,0,1,1,9,3,7,2,2,3,3,4,1,1,0,1,1,0,0,0,0,0,0,0,0,0,4,0,0,0,1,0,0,1,0,1,0,16,0,0,4,3,1,0,2,1,1,0,3,0,0,0,12,0,0,1,3,2,6,1,3,4,1,1,1,1,2,15,0,0,3,2,1,3,1,0,0,0,0,1,1,0,0,0,0,0,0,0,2,1,1,0,0,1,0,0,2,2,0,3,0,0,0,3,1,3,1,3,1,0,1,1,0,0,4,1,0,0,1,1,1,0,0,3,3,0,0,0,0,5,5,1,3,2,0,1,0,0,1,0,1,1,3,3,1,0,0,2,1,3,1,0,3,2,5,3,6,3,1,1,0,0,2,0,0,0,1,0,0,0,0,4,0,3,0,0,0,0,0,0,0,0,5,1,0,0,0,0,2,0,1,0,0,0,2,0,0,4,0,1,0,0,1,0,1,0,5,2,0,1,0,3,0,2,0,1,0,0,1,0,0,0,0,0,5,1,0,4,0,0,0,0,1,1,0,4,0,0,0,1,0,0,0,1,0,0,0,0,0,0,0,0,2,0,1,1,0,3,6,6,0,0,0,0,1,2,0,0,1,0,4,0,1,0,0,1,0,1,4,2,1,0,0,0,2,7,0,0,0,1,0,0,1,0,0,0,0,0,0,0,1,0,0,0,2,1,0,0,0,0,0,0,0,2,1,2,1,1,0,0,0,0,0,2,1,0,0,0,1,1,0,0,0,1,0,0,0,0,1,0,0,0,4,1,0,0,0,2,2,0,0,1,0,2,1,0,0,0,0,0,3,0,0,0,0,0,1,1,1,0,0,0,0,2,0,0,0,0,1,0,0,0,1,0,5,0,0,3,2,1,0,0,1,2,1,0,4,1,0,0,1,0,1,0,0,0,2,0,1,1,1,0,1,0,0,2,6,3,1,0,0,0,0,0,0,0,0,0,0,1,0,0,0,0,0,1,1,2,0,0,2,0,0,9,1,0,3,0,0,3,0,0,0,1,0,0,0,0,6,4,1,0,0,3,0,1,0,1,0,0,1,3,1,0,1,1,1,0,1,2,0,0,2,3,1,1,0,0,0,0,1,3,0,0,0,1,1,0,2,1,1,2,0,0,1,1,0,0,3,1,0,0,0,0,0,1,1,0,0,0,0,3,0,0,0,0,0,1,0,0,0,0,0,3,1,0,0,3,2,1,0,0,0,0,1,0,2,2,3,0,0,0,0,0,3,0,0,0,2,0,0,0,3,0,0,0,0,5,0,0,1,0,0,2,0,0,1,0,0,0,2,0,1,0,1,0,0,0,0,0,0,4,0,0,0,1,0,8,0,0,0,0,0,0,0,0,0,0,0,0,1,0,1,0,0,0,0,2,0,1,1,4,2,2,0,0,0,0,0,1,0,0,0,0,2,0,0,0,2,0,0,0,0,0,0,0,0,0,0,0,0,0,0,0,parvus
parvus_hod_revolucii.txt,5,1,1,3,1,2,0,1,0,35,0,0,0,0,0,0,1,6,3,0,4,0,1,1,0,1,1,0,0,1,4,1,0,2,0,2,12,4,3,8,6,0,42,3,2,7,3,2,1,0,0,0,0,0,3,3,14,3,1,0,0,1,0,23,1,1,0,1,0,1,1,9,0,0,1,15,0,2,0,4,3,3,1,0,0,2,1,8,13,0,8,0,0,0,5,0,0,9,0,0,2,1,2,5,0,0,1,3,1,0,0,0,0,1,0,4,0,0,0,0,4,3,0,1,2,3,1,1,6,0,3,7,0,0,0,10,6,5,2,0,0,1,0,3,1,0,4,0,0,0,6,0,0,1,2,0,0,0,0,0,0,1,0,0,0,0,0,0,0,0,0,1,0,0,0,0,0,0,0,0,1,0,1,1,1,1,0,0,2,2,1,0,0,0,1,0,1,0,0,0,0,2,0,0,0,0,0,7,0,0,1,1,1,3,1,0,0,0,1,0,1,1,0,0,1,2,0,0,1,0,0,0,4,0,0,0,0,0,0,0,1,0,1,0,0,1,1,3,0,0,0,0,0,0,0,0,0,3,0,0,0,0,0,1,1,1,0,0,3,2,0,1,0,0,0,0,0,0,0,0,0,0,1,1,0,0,2,1,2,4,5,1,7,1,1,1,0,0,0,0,0,0,1,0,0,0,0,5,5,0,1,1,0,0,1,1,0,1,0,0,2,0,0,1,0,0,6,4,1,3,1,0,1,0,0,0,0,0,0,0,0,0,0,1,0,0,0,0,0,0,2,0,3,2,1,2,1,1,1,0,0,0,0,0,0,0,0,0,0,1,1,1,1,0,1,0,1,0,0,0,1,0,0,9,0,2,1,0,1,0,0,0,0,0,0,1,0,0,3,0,0,0,0,0,1,0,1,1,0,0,0,0,1,8,0,0,1,0,0,4,1,0,0,1,0,0,1,0,0,0,0,1,0,2,0,0,0,0,3,1,0,0,1,0,0,1,0,0,1,1,0,0,0,0,1,0,2,1,1,0,2,0,0,1,0,0,1,1,0,0,0,0,0,0,0,2,1,0,1,0,0,0,0,0,0,0,0,0,2,1,0,0,0,1,0,0,0,0,1,2,0,1,3,1,0,1,0,0,0,0,0,0,0,2,0,0,0,0,1,0,0,0,0,0,0,0,0,0,0,0,0,0,0,0,3,0,3,1,0,0,1,0,0,0,0,0,0,1,1,0,0,1,0,0,0,0,0,0,0,0,0,0,0,0,0,0,0,0,1,0,1,1,0,1,0,0,0,0,0,0,0,0,1,1,0,0,0,1,1,2,0,1,1,0,0,0,0,0,0,0,0,0,0,0,0,1,0,0,0,0,1,0,0,2,0,1,0,0,0,0,0,0,3,0,0,0,0,0,0,0,0,1,0,0,0,1,0,0,0,0,0,0,0,0,0,0,1,0,0,0,1,0,0,0,0,0,0,0,0,1,0,0,0,0,0,0,1,0,0,0,1,0,0,0,0,0,1,1,0,2,0,1,1,0,0,0,0,2,0,0,0,0,0,0,0,1,0,1,0,3,0,0,0,0,0,0,0,0,0,0,0,0,0,0,0,0,0,0,1,0,0,0,0,0,0,0,0,1,0,0,1,0,0,1,0,0,0,0,0,0,0,1,1,0,0,0,0,0,1,0,0,0,0,0,1,0,3,1,0,0,0,0,1,0,0,0,0,0,0,0,0,0,0,0,0,0,2,0,1,2,2,0,1,0,0,0,0,0,0,2,0,0,0,1,0,0,0,0,0,0,0,0,0,0,3,1,0,0,0,0,0,0,0,0,0,0,0,1,1,0,2,1,0,1,1,0,0,1,0,0,0,0,1,0,0,0,0,1,1,0,0,0,0,1,0,0,0,0,0,0,0,0,0,0,0,0,0,0,0,0,0,0,1,0,0,0,0,1,0,1,0,0,0,2,0,2,0,2,0,0,1,0,0,0,1,0,0,0,0,0,0,0,0,1,0,0,0,0,0,0,0,0,0,0,1,0,0,0,2,0,0,0,0,0,0,0,0,0,0,0,0,0,0,0,0,0,4,1,1,0,0,1,0,0,0,0,0,0,0,0,0,0,1,5,1,0,0,0,0,0,0,0,0,0,0,0,0,0,0,0,0,0,0,1,0,0,0,1,0,0,0,0,0,0,0,0,0,0,0,0,0,0,0,0,1,0,0,0,0,0,1,0,0,0,0,0,0,0,0,0,parvus
parvus_itogi_i_perspektivy_I.txt,20,1,0,2,2,5,1,1,14,58,0,0,1,0,0,2,5,19,5,2,0,0,1,0,1,5,0,0,0,0,1,5,0,1,0,0,2,3,7,10,17,1,74,6,8,10,2,0,2,3,0,0,0,0,0,8,40,2,6,5,0,3,0,46,1,0,2,4,0,0,1,28,3,0,8,6,0,2,0,0,3,11,5,2,0,0,1,4,15,4,2,0,0,1,13,0,5,37,0,2,4,3,1,3,0,0,4,5,0,0,0,0,0,1,5,4,0,0,0,0,4,1,1,2,2,5,5,5,12,8,3,7,0,3,1,16,8,13,4,0,0,4,0,6,19,4,1,4,0,2,8,0,1,2,0,0,0,0,4,1,0,2,0,2,1,0,0,0,0,0,0,1,0,0,0,7,1,0,3,0,2,0,0,1,0,0,0,4,2,1,0,0,1,9,0,0,0,8,0,1,0,1,0,1,0,0,1,3,4,0,0,1,0,26,0,0,0,1,1,1,1,2,3,1,0,0,0,1,0,1,0,1,0,1,0,0,0,1,4,1,0,0,0,2,0,0,1,1,0,0,0,0,0,0,1,0,0,1,0,0,0,4,0,2,2,0,2,0,17,12,0,7,1,2,1,0,0,1,1,0,0,2,1,2,0,1,1,2,1,7,5,2,6,9,0,0,0,0,0,0,0,0,1,0,0,1,2,2,1,1,4,0,0,1,1,0,1,1,0,0,13,1,1,6,0,0,6,2,2,6,2,0,5,1,0,0,7,2,1,0,2,3,0,2,1,0,0,0,5,1,5,2,2,1,0,2,8,1,0,0,0,0,0,0,0,0,0,0,2,0,0,0,3,0,0,0,1,0,2,0,0,0,0,13,0,0,0,1,0,0,2,0,1,1,1,1,0,0,3,0,0,1,5,0,2,1,1,1,0,0,0,0,1,10,0,0,5,0,0,2,1,1,0,8,0,0,1,0,0,0,0,0,2,0,1,0,1,1,0,0,0,0,1,0,0,2,0,0,0,1,0,2,0,1,5,0,17,0,0,2,8,1,1,1,2,2,1,0,0,0,2,0,0,2,0,3,3,0,3,0,0,0,3,0,0,0,1,0,0,1,0,1,0,2,1,2,2,1,2,3,1,4,2,2,0,6,0,0,2,1,0,0,0,2,0,1,0,2,0,0,0,0,0,0,1,0,0,0,9,0,0,0,0,0,5,0,3,0,0,0,0,0,0,5,0,0,0,2,2,0,1,1,1,1,0,0,0,0,1,0,0,1,0,0,0,0,0,0,0,2,3,0,0,4,0,0,0,0,1,0,2,4,0,1,0,3,2,2,0,0,0,3,1,1,2,1,0,0,3,0,1,0,3,0,2,5,0,0,0,0,1,3,0,2,0,0,0,0,0,0,0,0,0,0,1,4,0,0,0,0,0,1,0,0,0,0,0,0,1,0,0,0,0,0,0,0,0,0,0,0,0,0,0,0,0,0,0,0,2,0,0,0,0,1,1,0,0,1,1,0,0,1,0,1,0,2,0,1,0,0,0,0,0,0,0,1,0,0,4,0,0,0,0,1,1,1,1,2,0,0,2,0,0,0,0,1,0,1,0,0,0,1,1,0,0,0,0,0,0,2,0,0,1,0,0,1,2,0,1,0,2,0,1,0,1,0,0,0,0,0,0,0,2,0,0,0,0,0,2,0,1,0,1,0,1,0,0,0,1,0,0,1,5,2,0,0,0,0,0,0,0,0,0,0,0,7,6,1,1,0,1,0,1,1,0,0,1,0,0,0,1,0,0,1,0,0,0,1,0,2,0,0,0,0,0,0,1,0,0,1,1,0,0,0,0,0,2,2,1,0,0,1,2,0,0,1,1,0,0,0,0,1,1,0,1,0,0,7,0,0,0,0,0,0,1,0,0,0,0,0,0,0,1,1,1,0,0,0,0,0,0,0,0,0,0,0,0,2,0,2,0,0,0,0,0,0,0,0,0,0,0,0,0,2,1,1,0,1,0,0,0,1,0,0,0,0,1,0,0,0,0,0,0,0,0,0,0,0,0,0,0,0,0,1,0,0,0,0,0,3,0,1,1,0,0,0,0,0,0,0,0,0,0,0,0,1,0,2,1,1,2,1,1,5,0,0,0,0,0,0,0,0,0,0,0,0,0,0,0,0,0,0,0,0,0,0,1,0,0,0,0,0,0,0,0,1,0,1,0,2,1,0,0,0,0,0,0,0,2,0,1,0,0,0,0,0,0,0,0,0,parvus
parvus_ministerstvo_Briana_France.txt,8,0,1,2,2,0,3,0,7,53,2,0,0,0,0,0,4,2,0,0,1,0,4,1,1,2,0,0,0,0,5,0,0,1,1,2,6,0,3,7,8,1,42,1,6,9,1,0,0,0,0,0,0,0,3,1,11,0,0,0,0,0,0,26,0,4,1,1,0,1,1,12,0,0,4,1,0,2,0,1,3,1,3,0,0,0,2,1,0,0,4,0,1,2,9,0,0,15,0,0,1,2,0,2,0,0,0,1,0,0,0,0,0,0,0,0,1,3,0,0,0,1,0,5,2,1,6,1,3,0,4,4,0,0,0,13,9,6,1,0,0,6,1,2,1,2,2,0,0,0,12,0,0,1,0,1,0,0,0,1,0,3,0,0,0,0,0,0,0,0,0,0,0,0,0,1,0,0,1,0,1,0,0,0,0,2,1,0,1,0,0,0,0,1,4,0,0,5,0,0,0,0,0,0,0,0,1,1,0,0,0,0,0,11,0,0,0,0,3,0,0,0,2,0,0,0,0,3,0,0,0,0,1,0,0,0,0,0,0,0,0,0,1,2,0,1,1,2,1,1,0,0,0,0,0,0,0,0,0,1,0,3,0,0,0,0,0,0,5,3,2,0,0,0,0,0,0,0,1,0,0,2,2,0,0,0,0,1,1,1,2,1,1,0,0,1,0,1,0,0,0,0,0,0,0,0,0,2,8,0,1,0,0,0,1,0,0,1,0,0,8,2,2,1,0,0,4,0,0,0,1,0,0,0,0,0,0,0,0,0,0,0,0,0,0,0,0,0,0,0,1,0,0,0,1,1,1,1,1,0,0,0,0,0,1,0,3,1,2,0,0,2,0,0,1,0,0,0,2,0,1,1,0,8,0,0,4,1,1,0,0,0,0,0,0,0,0,0,3,0,0,0,0,0,2,0,1,0,0,0,0,0,2,0,0,0,4,2,0,0,3,0,0,2,0,0,2,0,0,0,0,0,0,0,1,0,1,1,4,0,2,0,0,1,0,1,0,0,0,0,0,1,1,0,1,0,6,1,0,0,0,2,1,0,2,1,1,0,1,2,3,0,0,1,0,1,0,2,2,0,0,0,1,0,2,0,0,0,0,0,0,0,0,5,0,0,1,0,1,4,1,3,1,1,0,0,0,0,0,0,1,0,0,0,0,1,0,3,2,0,0,2,0,0,3,1,2,0,1,0,0,0,0,0,0,0,2,2,0,0,1,0,0,4,0,0,1,0,0,0,0,0,2,0,1,0,0,0,0,1,0,1,0,0,0,0,0,0,0,0,1,0,0,0,1,1,0,0,0,0,0,1,0,1,1,0,1,0,0,0,0,0,0,0,0,0,0,0,0,0,1,0,0,0,0,0,0,0,0,1,3,0,0,0,3,0,1,0,0,0,0,0,0,0,0,0,4,0,0,0,0,0,0,0,0,0,1,0,1,0,0,0,0,0,0,0,3,0,0,0,1,0,0,0,0,1,0,1,0,0,0,0,1,0,0,0,0,1,0,0,0,0,0,0,0,0,0,1,0,1,0,0,0,0,0,0,0,0,0,1,0,1,0,0,0,0,0,0,1,1,0,0,0,0,1,0,0,0,0,0,0,1,3,0,0,0,0,0,0,0,0,0,0,0,0,0,0,1,0,0,2,1,0,0,0,1,0,0,0,0,2,0,0,0,0,0,0,0,0,0,0,0,0,0,0,0,0,0,0,0,0,1,0,0,0,0,1,2,0,0,0,0,0,0,0,0,2,1,0,0,0,0,0,0,0,0,0,3,1,1,0,0,0,0,0,0,0,1,0,0,0,0,1,0,11,8,0,0,0,1,0,1,0,0,0,0,0,0,2,0,0,1,0,2,0,1,0,0,1,0,0,0,0,0,0,0,0,0,0,0,0,1,0,1,0,0,1,0,0,0,0,0,0,0,0,0,0,1,0,0,0,0,1,0,0,0,0,0,0,0,1,0,0,0,0,0,0,1,0,2,0,0,0,0,1,1,0,0,0,0,0,0,1,0,1,0,1,0,0,0,0,0,0,0,0,0,0,0,0,0,0,1,0,1,0,0,0,0,0,0,0,0,0,0,0,0,1,0,0,1,8,0,0,0,0,0,0,0,0,1,0,0,0,0,0,0,0,1,0,0,0,0,0,0,0,1,2,0,2,0,0,0,0,0,0,0,0,0,0,0,0,0,0,0,0,0,0,2,0,2,0,0,0,0,2,0,0,0,0,0,0,0,0,0,0,0,0,0,0,0,parvus
parvus_nashi_zadachi.txt,12,1,1,1,5,5,3,1,2,98,0,0,0,4,1,0,9,12,4,1,8,0,3,2,2,2,1,0,1,5,8,2,0,0,0,2,15,1,3,8,9,6,105,3,9,6,3,0,5,5,1,1,0,0,2,12,25,4,2,2,0,0,0,32,0,1,0,1,1,0,1,20,1,0,4,4,0,13,0,5,2,5,3,2,0,3,3,2,3,1,9,0,0,8,10,0,0,24,3,3,0,3,3,3,1,1,2,1,0,1,0,0,0,5,0,13,0,0,1,0,2,0,0,5,1,0,4,5,8,0,1,8,0,0,1,11,4,9,2,0,0,9,2,14,8,1,2,2,0,0,11,0,1,0,3,0,1,0,2,3,0,2,3,3,0,0,0,0,0,0,2,1,0,0,0,0,0,0,0,0,11,1,1,4,0,1,0,1,1,2,2,0,2,0,2,0,1,1,1,1,1,1,0,0,0,0,1,6,0,1,0,0,0,26,0,0,0,0,4,5,3,3,6,0,0,0,0,1,0,0,0,0,7,0,0,0,0,0,0,1,0,0,0,0,3,7,0,2,1,7,0,0,3,1,1,0,0,1,0,0,0,1,0,1,0,0,0,1,15,4,0,2,3,1,0,2,0,0,2,1,1,4,3,1,0,4,0,2,0,3,3,2,13,6,0,0,0,1,1,1,0,0,0,1,0,1,4,11,20,0,7,2,1,0,1,0,0,2,0,0,1,4,0,0,2,0,21,3,0,3,7,0,8,0,0,0,24,1,0,0,1,1,1,3,0,2,1,0,1,2,8,0,2,6,1,4,3,1,2,0,0,1,0,0,0,0,1,0,0,1,0,2,3,1,0,0,0,0,1,0,1,0,0,11,0,1,2,4,1,0,6,0,1,1,1,0,0,0,4,0,0,1,3,1,1,2,0,1,0,0,0,0,0,3,0,6,4,0,0,6,1,1,0,0,0,0,0,0,1,0,2,0,0,0,0,0,2,0,12,0,1,0,2,0,0,3,0,0,1,2,0,1,0,0,0,0,1,3,1,1,1,1,1,0,0,1,1,0,1,2,4,1,0,1,0,3,0,1,1,2,0,0,0,3,1,0,0,0,2,2,0,0,0,2,0,4,2,1,0,3,0,3,3,0,0,2,0,1,2,0,0,1,0,0,0,0,0,3,0,1,0,1,0,0,1,0,2,0,3,0,0,0,2,0,1,0,1,0,0,0,3,0,4,6,0,1,0,2,2,0,2,1,0,0,0,0,0,0,0,0,0,0,0,1,2,0,0,1,0,0,5,0,0,1,0,0,0,0,1,0,1,1,3,1,0,0,0,1,1,1,1,4,0,0,1,0,0,0,1,0,1,0,1,2,2,3,0,0,1,0,3,0,0,0,2,3,0,0,0,0,0,2,0,0,1,0,0,0,0,1,0,4,0,0,0,1,0,0,1,1,0,0,0,0,0,0,0,0,0,0,1,0,0,0,0,1,1,0,2,1,0,2,0,0,0,0,0,0,0,0,0,0,0,0,4,0,0,1,0,4,0,0,0,0,0,0,0,1,0,0,0,0,0,0,1,2,0,0,0,3,1,1,0,0,0,0,0,0,0,0,0,0,0,0,0,0,2,4,1,0,1,0,1,0,0,0,1,1,0,1,0,0,2,2,0,0,1,0,2,0,2,1,0,3,1,0,0,0,2,0,0,0,0,2,1,2,2,2,0,0,0,3,0,0,0,0,0,3,0,1,0,0,0,0,1,0,1,0,1,1,2,0,0,0,1,0,2,0,0,5,0,0,0,1,0,0,0,2,0,0,0,0,0,0,8,5,1,0,0,0,2,0,0,0,1,0,1,3,1,0,1,0,1,0,0,1,0,1,2,1,0,0,2,0,0,1,0,0,0,0,0,0,0,0,0,0,0,1,0,0,0,1,0,0,1,0,0,0,0,0,0,0,1,0,0,0,0,2,0,1,0,0,0,1,1,5,0,0,0,1,0,0,1,0,0,0,0,1,0,1,0,2,0,0,0,0,0,0,0,0,7,0,0,0,1,1,0,0,6,0,0,1,0,2,1,0,0,0,0,2,0,1,0,0,2,0,0,0,0,2,1,0,0,0,0,0,0,0,0,1,0,0,0,13,0,0,0,0,0,0,0,0,0,0,0,0,0,0,0,0,0,0,0,3,0,0,1,0,0,0,0,0,0,0,0,2,0,0,0,1,1,0,1,6,0,0,0,0,0,0,0,0,0,0,2,0,0,0,0,0,parvus
parvus_onp1_o_i_socrev_razvitie.txt,4,0,2,1,6,4,2,2,3,80,1,0,0,0,0,0,7,14,3,0,3,2,3,0,0,1,2,0,0,0,9,3,2,0,0,1,12,2,6,11,11,0,100,10,6,15,8,0,2,3,0,0,0,2,3,7,43,0,0,0,0,0,1,44,1,0,0,1,0,0,0,14,0,0,8,6,0,14,0,7,1,6,4,4,3,0,1,3,1,0,4,0,0,0,7,0,0,30,0,0,0,1,3,2,0,0,1,0,0,1,0,1,0,1,0,18,0,1,0,0,0,2,1,9,0,10,6,4,10,0,4,11,1,0,0,19,5,13,3,0,2,5,0,4,4,2,0,1,1,1,8,1,2,2,3,0,0,0,0,2,3,5,0,1,0,0,0,5,0,0,3,2,0,0,1,2,1,0,5,0,9,0,0,4,0,2,3,1,1,0,0,0,2,0,1,0,1,6,0,3,1,1,1,3,2,0,3,7,0,0,1,1,0,19,0,0,0,1,4,0,2,0,3,0,1,0,3,2,0,0,0,0,2,1,0,0,1,4,0,3,1,0,1,1,1,1,1,1,0,0,0,0,3,0,0,1,0,7,0,1,1,5,0,1,0,1,2,0,4,3,1,2,1,1,0,2,0,0,0,1,0,0,3,1,0,2,0,0,3,3,4,4,3,1,0,1,1,1,2,0,0,0,0,0,2,0,0,2,14,0,1,2,0,0,2,1,0,2,0,1,0,0,0,6,1,1,1,0,3,4,2,0,0,1,0,0,2,0,0,0,0,1,0,0,0,0,1,1,0,1,2,0,3,0,1,1,7,0,1,1,0,1,0,2,1,0,1,0,1,5,2,1,3,0,1,0,1,0,3,1,1,1,0,10,0,2,0,1,2,0,0,0,0,0,0,0,2,1,8,0,1,0,2,1,2,2,3,1,1,0,0,0,1,4,1,0,2,1,3,0,0,0,0,0,0,0,4,0,0,1,0,0,1,0,0,0,0,1,3,0,1,0,1,0,0,0,1,0,0,1,0,2,1,1,3,0,1,2,3,0,1,3,0,0,1,0,0,0,2,0,1,0,0,0,0,4,0,0,0,0,0,0,0,0,0,0,1,0,0,0,3,1,0,0,0,2,0,2,0,0,0,1,1,1,0,2,0,0,0,0,0,0,0,0,0,2,1,2,0,2,0,1,0,1,1,0,0,0,5,0,1,2,0,0,2,0,5,2,0,0,3,0,0,2,0,1,0,2,0,0,1,0,0,0,0,0,1,0,1,0,0,1,1,0,0,0,0,2,0,0,2,2,0,0,0,0,1,0,2,0,2,2,0,0,0,0,3,0,1,0,0,0,1,0,2,0,0,0,3,1,2,1,0,1,8,1,0,0,0,0,0,1,1,0,0,0,2,2,1,0,0,1,0,2,0,1,1,1,0,1,0,2,0,1,0,0,0,0,2,1,0,0,0,0,0,0,1,0,1,1,2,0,0,0,0,3,0,1,2,1,0,1,0,0,0,0,0,1,0,0,0,0,0,0,0,0,0,0,0,0,0,0,2,0,0,1,0,0,1,3,0,0,0,1,0,0,2,2,1,0,0,0,0,0,1,0,0,0,0,0,0,0,1,1,0,0,0,0,0,0,0,0,0,0,0,0,1,1,3,2,0,0,3,0,0,1,1,0,2,1,0,0,0,1,0,0,0,0,0,2,0,0,1,0,0,0,1,1,0,0,0,1,1,0,0,0,0,0,0,0,0,1,1,0,0,0,0,0,0,1,1,2,1,0,0,0,0,0,0,7,0,0,0,0,1,0,1,0,0,0,1,0,0,0,1,1,2,0,0,0,0,0,1,0,2,0,0,1,1,0,0,2,2,3,0,0,0,1,0,1,0,0,0,0,0,1,2,1,0,0,0,0,0,0,2,2,0,0,1,0,0,0,0,0,0,1,0,1,0,0,0,5,0,4,0,0,0,1,0,0,1,1,1,0,0,1,0,1,0,0,1,0,0,0,0,0,0,3,0,0,1,0,0,2,0,0,0,0,1,0,8,0,0,0,0,0,0,0,0,0,0,5,0,1,0,0,0,1,0,2,0,0,0,0,0,0,0,0,3,2,4,0,0,0,0,0,1,0,2,3,0,1,0,0,0,0,2,0,0,0,0,0,2,0,0,7,0,0,0,0,0,0,0,0,0,3,1,2,0,0,0,0,0,0,0,0,0,0,0,1,0,0,0,11,1,0,1,0,0,0,2,0,3,0,0,0,0,0,0,0,parvus
parvus_pismo_tverskomu_komitetu_I.txt,21,1,1,3,3,1,3,1,2,74,2,2,2,2,0,0,2,6,2,1,3,0,0,0,1,4,1,1,1,2,2,7,0,0,0,0,2,0,8,10,5,0,77,5,7,10,3,0,3,1,0,0,0,0,4,2,30,1,0,0,0,1,1,32,2,2,0,6,1,0,2,17,0,1,14,2,0,10,0,36,7,13,3,3,0,3,1,3,0,0,10,0,4,1,5,0,0,27,0,1,0,4,3,5,2,0,2,1,0,0,0,2,0,4,0,16,1,0,0,0,1,2,0,6,0,8,0,4,14,0,2,6,0,0,0,18,7,17,1,0,0,6,1,5,11,4,4,1,0,1,7,0,0,2,3,0,0,0,1,1,3,1,0,1,0,2,0,0,0,0,0,0,0,3,0,0,0,0,0,0,8,0,1,6,0,1,5,3,1,4,0,0,3,11,1,0,4,9,2,5,0,3,2,1,2,1,1,13,0,3,1,1,0,16,0,0,0,1,1,1,1,2,1,0,1,0,1,1,0,1,0,0,1,0,0,1,0,0,1,2,1,1,0,0,2,1,0,0,0,0,1,0,0,0,2,1,0,5,0,2,1,1,1,0,0,0,0,2,14,5,0,12,8,3,0,1,0,1,2,0,1,1,4,9,2,3,0,1,2,6,2,2,6,9,1,1,0,0,0,1,0,0,1,0,0,1,0,2,5,2,6,1,0,0,1,0,2,0,0,0,0,1,0,3,1,0,3,2,0,2,0,1,1,3,0,1,7,0,0,1,1,0,0,1,1,2,0,0,0,0,9,2,7,5,2,1,6,1,0,0,0,0,0,1,0,0,1,1,0,0,1,3,0,0,1,16,2,0,1,3,0,1,1,8,0,4,1,2,1,0,1,1,0,0,3,0,0,1,4,0,1,1,1,2,2,0,2,0,0,0,0,0,0,9,0,0,0,0,2,2,0,0,0,0,0,0,0,1,0,0,1,1,0,0,0,0,0,2,0,0,1,0,3,3,0,1,1,0,0,0,0,1,0,1,3,0,1,2,1,0,2,1,0,0,0,0,2,0,0,3,3,0,0,0,0,3,0,1,0,0,0,0,0,0,0,0,2,0,3,0,0,0,0,0,0,1,3,0,0,2,0,1,2,0,0,0,0,0,0,1,1,1,0,0,1,3,0,2,0,0,3,0,0,0,0,0,0,1,1,0,0,0,1,0,0,2,3,0,0,0,2,5,0,4,3,0,4,1,1,0,2,0,1,0,2,0,0,0,0,3,0,1,1,0,0,1,2,1,0,0,5,0,0,5,0,0,1,0,2,0,0,1,2,1,0,0,2,0,1,4,0,6,0,2,7,0,0,0,2,0,2,3,0,2,4,1,1,0,0,1,0,2,0,2,1,3,1,0,0,0,1,1,0,0,1,0,1,1,0,0,0,4,0,0,0,0,0,0,0,0,0,1,0,0,0,0,0,14,5,0,3,0,1,0,0,0,1,0,1,2,0,6,0,1,0,0,1,0,0,0,0,0,0,0,1,1,2,1,0,1,0,0,2,0,0,0,0,0,1,0,1,0,1,2,1,1,0,0,1,1,0,0,0,1,0,0,0,0,0,0,0,0,0,0,1,0,0,0,0,0,0,0,0,1,0,0,0,0,0,1,6,1,1,0,0,1,0,0,0,0,1,2,1,4,0,0,0,0,1,0,0,0,0,0,1,1,1,0,0,0,0,0,3,4,0,2,0,3,0,0,0,0,2,0,0,0,3,0,0,1,1,0,1,2,0,0,0,0,0,4,2,2,0,0,0,0,0,0,0,0,0,0,0,1,3,1,0,0,0,1,0,0,0,0,2,0,0,0,0,0,2,0,0,0,0,2,0,0,0,2,0,0,0,0,0,0,0,0,0,0,0,0,1,1,0,0,0,0,0,1,0,0,0,0,2,0,0,0,0,0,0,4,0,0,1,1,0,1,0,1,0,2,0,0,1,5,0,0,0,4,1,0,0,0,0,0,0,0,0,0,0,0,1,1,0,0,0,0,0,0,1,0,0,0,1,0,0,0,0,0,0,0,0,2,0,0,0,0,0,0,0,0,0,0,0,0,1,0,0,1,0,2,0,0,0,0,0,0,0,1,0,1,0,5,0,2,0,0,1,0,1,0,1,0,0,0,0,1,0,0,1,0,3,3,0,0,0,0,0,1,0,0,0,0,0,3,0,0,0,1,0,0,0,1,2,0,0,0,0,0,0,0,0,0,0,1,0,0,0,0,parvus
parvus_poTurmam.txt,137,4,30,34,13,6,7,10,229,1037,1,4,5,8,0,2,94,183,11,23,30,2,3,0,9,43,9,5,3,1,152,88,15,16,7,8,129,32,94,161,101,3,1046,199,107,323,106,0,69,49,7,5,4,6,60,264,459,26,9,6,4,1,4,564,25,16,8,41,7,7,20,270,42,15,157,31,3,134,1,2,31,191,4,37,6,12,29,10,27,6,91,3,6,3,20,0,0,296,0,1,16,34,26,4,5,4,45,33,0,15,0,3,20,7,3,4,0,1,0,1,3,1,4,166,14,38,69,65,114,6,131,96,1,0,5,419,122,301,31,1,2,22,0,11,192,120,67,20,6,17,76,1,13,15,17,3,2,1,7,35,10,45,2,13,5,7,3,9,4,2,13,9,0,1,23,13,1,0,11,1,2,0,0,0,1,12,16,10,13,30,28,7,22,34,9,0,12,119,22,32,0,0,7,75,5,17,1,83,21,10,1,1,0,196,5,8,8,24,0,3,3,1,2,33,18,11,29,5,32,17,0,4,41,10,1,20,2,21,24,54,24,17,27,8,20,78,32,107,4,7,7,11,10,5,17,9,0,60,31,38,2,97,13,1,3,2,12,8,63,128,25,0,0,0,3,20,4,6,3,5,7,53,2,0,8,0,7,34,1,6,7,3,13,4,28,4,4,1,5,3,1,5,0,0,0,0,0,0,1,6,19,8,5,13,15,12,8,12,0,1,7,9,2,49,1,5,10,2,3,2,0,1,0,1,3,4,12,4,0,2,0,4,3,4,5,6,2,3,3,1,49,4,32,4,17,67,59,9,14,9,9,9,3,47,11,0,0,2,1,12,2,4,19,0,0,0,2,5,36,14,8,0,0,217,11,33,42,17,20,2,3,9,32,2,14,16,1,9,55,4,1,0,42,22,36,13,47,9,2,4,5,2,4,57,12,1,108,0,9,8,1,2,1,34,1,4,34,3,5,4,21,8,2,2,3,33,53,0,21,4,3,8,9,19,9,1,8,12,3,23,1,11,24,12,73,6,10,10,3,5,20,5,2,2,68,0,51,1,1,4,44,18,3,2,5,10,1,3,11,2,0,14,25,0,3,1,4,2,7,0,0,10,2,0,0,2,8,11,7,25,13,4,7,17,14,1,1,0,11,1,17,14,1,2,5,5,4,34,12,10,11,2,0,11,14,10,2,4,3,3,4,5,8,0,11,0,54,13,3,0,3,6,4,72,0,12,5,5,8,1,6,6,4,0,19,0,0,0,7,4,0,8,12,0,5,0,1,22,6,11,32,16,1,11,3,0,13,0,13,3,51,7,2,6,19,5,28,1,2,2,0,2,14,0,2,2,1,0,7,2,27,0,0,0,2,3,1,3,19,4,19,1,1,6,1,12,2,8,5,0,0,5,6,0,2,22,13,4,0,1,0,26,5,1,2,4,1,0,13,14,0,0,9,5,1,0,24,0,0,1,8,4,0,0,14,4,0,3,15,10,15,36,8,11,7,2,11,7,1,16,13,6,6,4,4,7,5,5,0,0,9,4,3,13,3,1,0,1,4,18,0,10,0,11,3,9,2,16,30,14,2,7,0,3,0,2,0,11,7,18,11,2,0,0,1,3,8,0,3,0,0,6,4,5,5,13,10,3,4,1,7,3,1,1,1,11,0,19,0,3,8,16,3,11,13,1,0,1,11,7,2,2,6,1,18,2,3,3,1,1,0,20,27,3,2,61,6,0,5,3,4,4,10,4,8,0,5,14,1,2,17,9,3,2,0,6,1,9,0,3,6,6,0,5,3,8,9,0,12,1,2,15,3,0,1,3,0,9,0,12,0,2,4,7,1,4,7,29,2,5,0,14,1,21,10,18,1,1,33,1,0,2,45,1,1,1,2,8,1,3,5,4,15,2,24,1,26,14,251,220,3,0,1,3,17,1,0,15,0,15,12,714,1,2,5,1,0,0,0,0,6,0,7,11,0,0,0,2,2,1,0,3,1,1,5,21,10,17,6,7,2,0,10,1,19,8,9,16,6,8,1,6,1,1,11,8,34,1,0,10,0,1,0,2,2,1,1,5,3,22,4,2,1,7,2,3,6,14,3,0,0,10,0,0,0,1,1,1,1,11,1,1,1,5,11,0,4,0,11,0,0,0,0,0,0,0,0,1,0,24,0,0,5,11,0,3,0,1,0,0,0,0,22,0,1,1,7,0,0,0,2,0,23,2,0,0,0,1,12,1,0,0,0,9,1,0,5,0,0,0,parvus
parvus_rus_and_rev_predislovie.txt,1,0,1,0,0,0,0,0,1,17,0,0,0,0,0,0,1,1,0,0,0,3,1,2,1,3,0,0,0,0,2,0,0,0,0,0,3,0,0,0,1,0,12,3,0,2,3,0,0,0,0,0,0,0,0,1,6,0,0,0,0,0,0,7,0,0,0,0,0,0,0,2,0,0,0,0,0,3,0,0,0,2,0,0,0,1,0,0,0,0,1,0,0,0,0,0,0,2,0,0,0,0,0,0,0,0,0,0,0,0,0,0,0,1,0,0,0,0,0,0,0,2,0,1,1,0,0,1,3,0,0,2,0,0,0,1,0,0,1,0,0,0,0,0,0,1,0,0,0,0,0,0,0,0,0,0,0,0,0,1,0,0,0,0,0,0,0,1,0,0,0,1,0,0,0,0,0,0,0,0,0,0,0,0,0,0,0,0,0,0,0,0,0,3,0,0,0,1,0,0,0,0,0,1,0,0,0,0,0,0,0,0,0,5,0,0,0,0,0,0,0,0,0,1,0,0,0,0,0,0,0,0,0,0,0,0,0,0,0,0,0,0,1,0,0,0,0,0,0,0,0,0,0,1,0,0,0,0,0,0,0,2,0,0,0,0,0,0,0,0,1,0,0,0,0,0,0,0,0,0,0,0,0,0,0,0,0,0,0,2,0,0,0,1,0,1,0,0,0,0,0,0,0,0,0,0,0,0,0,0,0,0,0,1,0,0,0,0,0,0,0,0,0,0,1,0,0,0,0,0,0,0,0,0,0,0,3,0,0,1,1,0,0,0,0,0,0,0,0,0,0,0,0,0,0,0,0,0,0,0,0,0,0,1,0,0,0,0,0,0,0,0,0,0,0,0,0,0,2,0,0,0,0,1,0,0,0,2,1,0,0,0,0,0,0,0,0,0,1,0,0,0,0,0,1,0,0,1,0,0,0,0,0,1,0,0,1,0,0,0,0,0,0,0,0,0,0,1,1,0,0,1,0,0,0,0,0,0,0,0,1,0,0,0,0,0,0,0,0,0,0,0,1,0,2,0,0,0,0,0,1,0,0,0,0,0,1,0,0,0,1,0,0,0,1,0,0,0,1,0,0,0,0,0,0,0,0,0,0,0,0,0,0,0,0,0,0,0,0,1,0,0,0,0,0,0,0,0,0,0,0,0,0,0,0,0,0,0,0,1,0,1,0,0,0,0,0,0,1,0,0,0,0,0,0,0,1,0,0,0,0,0,0,0,0,0,0,0,1,0,1,0,0,0,0,0,0,0,0,0,0,0,1,0,0,0,0,0,0,0,1,0,0,0,1,0,0,0,0,0,0,0,0,0,0,2,0,0,0,0,0,0,0,0,0,0,0,0,1,0,0,0,0,0,0,0,0,0,0,0,0,0,0,0,0,0,0,0,0,0,0,0,0,0,0,1,0,0,0,0,0,0,0,0,0,0,0,0,0,1,0,0,0,0,0,0,0,0,0,0,0,0,0,0,0,0,0,0,0,0,0,0,0,0,0,0,0,0,0,0,0,0,0,0,0,0,0,0,0,0,0,0,0,0,0,0,0,0,0,0,1,0,0,0,2,0,0,1,0,0,0,0,0,0,0,0,3,0,0,0,0,0,0,0,0,0,0,0,1,0,0,0,0,0,0,0,0,0,0,0,0,0,0,0,0,0,0,0,0,0,0,1,0,0,0,0,0,0,0,0,0,0,0,0,0,0,0,0,0,0,0,0,1,0,0,0,0,0,0,0,0,0,0,0,0,0,0,0,0,0,0,0,0,0,0,0,0,2,0,0,0,0,0,0,4,0,0,0,0,0,0,0,0,0,0,0,0,0,0,0,0,0,0,0,0,0,0,1,0,0,0,0,0,0,0,0,0,0,0,0,0,0,0,0,0,0,0,0,0,0,0,0,0,0,1,0,0,0,0,1,0,0,0,0,0,0,0,0,0,0,0,3,0,0,0,0,0,0,0,0,0,0,1,0,0,0,0,0,0,0,0,0,0,1,0,0,0,0,0,0,0,0,0,0,0,0,0,0,0,1,0,0,1,0,0,0,0,0,0,1,1,1,0,0,0,0,0,0,0,1,0,0,1,0,0,0,0,0,0,0,0,0,0,0,0,0,0,1,1,0,0,2,0,0,0,0,0,0,0,0,0,0,0,0,0,0,1,0,0,0,0,0,0,2,0,0,0,0,0,1,0,0,1,0,0,0,0,0,0,0,0,0,0,0,0,0,0,0,0,0,0,0,0,0,0,0,0,0,0,0,parvus
parvus_samoderzh_i_fin_I.txt,24,0,2,6,0,1,0,0,10,52,1,0,1,0,0,0,4,7,0,0,1,2,3,5,2,4,1,0,0,0,1,6,0,0,0,2,4,1,6,14,6,0,35,12,1,13,3,0,0,0,0,3,4,1,3,0,35,0,0,2,0,0,1,22,1,0,2,2,0,0,0,10,0,0,7,3,0,15,0,0,6,14,0,3,0,3,2,3,4,2,0,0,0,0,0,0,0,16,1,1,0,0,0,1,0,1,1,0,0,2,0,0,0,0,0,0,0,0,0,0,0,0,3,9,0,7,3,3,8,0,2,8,0,0,0,18,5,6,2,0,0,5,0,0,3,6,1,1,2,0,1,0,0,3,0,0,0,0,0,0,0,3,0,0,0,0,0,13,0,0,5,1,0,0,1,0,0,0,0,0,0,0,0,0,0,1,0,0,0,0,0,0,1,0,0,0,0,6,0,0,0,0,0,0,0,0,0,3,0,1,0,0,0,9,0,2,0,1,0,0,0,0,0,1,0,0,0,4,0,0,0,0,6,0,0,0,0,2,0,0,0,0,1,0,1,0,0,2,1,0,0,0,0,0,0,0,0,2,1,0,0,4,1,1,0,0,0,0,2,3,3,0,0,0,0,0,0,0,0,0,0,1,0,0,1,0,1,1,0,0,0,1,1,0,0,0,0,0,0,0,0,0,1,0,0,0,0,0,0,1,5,0,0,0,0,0,0,0,0,0,0,0,0,5,0,0,0,0,0,0,0,0,0,0,0,0,4,1,2,1,5,0,0,0,0,0,2,0,0,0,0,0,0,0,1,0,2,0,1,0,0,0,0,0,0,0,0,0,0,2,0,1,0,1,0,0,0,0,0,0,0,0,0,14,0,1,2,1,0,0,0,0,1,0,0,0,0,0,3,0,0,0,0,0,1,0,2,1,7,0,0,0,0,1,0,0,1,0,0,0,0,0,0,3,0,0,2,0,1,0,5,0,0,0,0,0,1,0,0,0,0,0,1,0,0,0,0,0,0,0,0,1,0,1,1,0,0,1,0,0,1,0,0,0,0,0,1,0,0,0,0,0,0,0,0,0,0,0,4,0,0,0,1,0,0,0,1,0,1,0,0,0,0,0,0,0,0,1,0,0,0,0,0,0,0,0,0,0,0,0,0,1,0,0,0,0,0,0,0,0,0,0,0,2,1,1,1,0,0,0,0,0,0,0,0,0,3,0,0,0,0,0,0,1,0,0,0,1,0,0,1,1,0,0,0,0,0,0,0,3,0,1,1,0,0,0,0,0,1,0,0,0,0,0,0,0,0,0,1,0,0,0,0,1,0,0,1,0,0,0,0,0,1,0,0,0,0,0,0,0,0,0,0,0,0,0,0,0,0,0,1,0,0,0,0,0,0,0,0,0,0,0,0,1,0,2,1,0,0,0,0,2,0,0,0,0,0,0,0,0,0,0,0,0,0,0,0,0,0,0,0,1,0,0,0,0,2,1,0,1,1,0,1,0,0,2,2,1,0,0,0,0,1,0,0,0,1,0,0,0,0,0,0,0,0,0,0,0,0,1,0,1,0,0,0,2,0,0,2,0,0,0,0,0,0,0,3,0,0,1,0,0,0,0,0,0,0,0,0,0,0,0,1,0,0,0,0,0,1,0,0,0,0,0,0,0,2,1,0,0,0,2,2,0,1,0,2,0,2,2,0,1,0,0,0,0,1,1,0,1,0,0,1,0,0,0,1,0,1,1,0,1,1,0,0,0,0,0,0,0,0,0,1,0,0,0,0,0,0,0,1,0,0,0,0,1,1,0,0,1,0,0,2,0,0,2,0,0,0,0,0,0,0,0,0,0,0,0,0,0,0,0,0,2,1,1,0,0,1,3,0,0,0,0,0,0,0,0,0,0,0,0,0,0,2,0,1,0,0,0,0,0,0,0,1,0,0,0,0,0,0,0,0,0,0,3,0,0,0,0,0,0,0,0,0,1,0,0,0,0,0,0,0,0,0,0,0,0,0,0,0,0,0,0,1,0,0,0,0,0,1,0,0,0,0,1,0,0,0,0,0,1,0,0,0,0,0,0,0,2,1,0,0,0,0,0,0,0,0,0,1,0,0,0,0,0,1,6,0,0,0,0,0,0,0,0,0,0,0,0,0,0,0,0,0,1,0,0,0,0,0,0,0,0,0,0,0,0,0,0,0,0,0,0,0,0,0,0,0,0,0,0,1,0,0,0,0,0,0,0,0,0,0,0,0,0,0,0,0,0,parvus
parvus_soldatskie_mitingy.txt,3,1,0,3,0,0,0,0,1,8,0,0,0,0,0,2,0,1,0,1,0,0,1,0,0,0,0,1,0,0,1,0,0,0,1,1,2,0,2,6,2,0,15,1,3,5,2,0,3,0,1,1,0,0,0,0,7,4,1,0,0,3,0,10,0,1,0,1,0,0,0,1,0,0,1,0,0,2,0,0,1,1,0,0,0,0,0,1,1,1,0,0,0,0,1,0,0,5,0,0,1,1,0,0,0,0,0,0,0,0,0,0,4,0,1,0,0,0,0,0,0,4,0,1,1,0,0,1,2,1,3,0,0,0,0,2,8,2,0,0,0,0,0,0,1,1,1,1,0,0,0,0,0,0,1,0,0,0,0,0,0,1,0,0,0,0,0,0,0,0,0,0,0,0,0,0,0,0,0,0,0,0,0,0,0,0,0,0,0,1,1,1,0,0,0,0,0,0,1,0,0,0,0,0,0,0,0,2,0,0,0,0,0,1,0,0,0,0,0,0,0,0,0,0,0,0,1,0,0,1,0,0,0,0,0,0,0,0,0,0,0,0,2,0,0,1,0,0,0,1,0,0,0,0,0,0,0,0,0,0,0,1,0,0,0,0,0,0,0,1,0,0,0,2,0,0,0,0,0,0,0,0,0,0,0,0,0,1,0,1,1,0,1,0,1,0,0,0,0,0,0,2,0,0,0,0,0,0,0,0,0,0,0,0,1,0,0,0,0,0,4,1,1,0,0,0,0,0,0,0,0,0,0,0,0,0,1,0,0,0,0,0,0,0,0,0,0,1,0,1,1,0,0,0,0,1,1,0,0,0,0,1,0,0,0,0,0,0,0,1,0,0,0,0,0,0,0,0,5,0,0,0,0,1,0,1,1,0,1,0,0,0,0,0,0,0,0,0,1,0,0,0,1,0,1,0,0,0,0,0,0,0,1,0,0,0,0,0,0,0,0,0,0,0,0,0,0,0,0,0,0,0,0,0,0,0,0,0,2,0,0,0,0,0,0,0,0,0,0,0,0,1,0,0,0,1,0,0,0,0,0,0,0,0,0,0,1,0,0,0,0,1,0,0,0,0,0,0,0,0,0,0,0,0,0,0,0,0,0,0,0,0,0,0,0,0,0,0,0,0,0,0,0,0,0,0,0,0,0,0,0,0,0,0,1,0,0,0,0,0,0,0,0,0,0,0,0,3,0,0,0,0,0,0,0,0,1,0,0,0,0,0,0,0,0,0,0,0,0,0,0,0,0,0,0,0,0,0,0,0,0,0,0,0,0,0,0,0,1,0,0,1,0,0,0,0,0,0,0,0,0,0,0,0,0,0,2,0,0,1,0,0,0,0,0,0,0,0,0,0,0,3,0,0,0,0,0,0,0,0,0,0,0,0,0,0,0,0,0,0,0,0,0,0,0,0,0,0,0,0,0,2,0,0,0,0,0,0,0,0,0,0,0,0,0,0,0,0,0,0,0,0,0,0,0,0,0,0,0,1,0,0,0,0,0,0,0,0,0,0,0,0,0,0,0,0,0,0,0,0,0,0,0,0,0,0,0,1,0,0,0,0,0,0,0,0,0,0,0,0,0,0,0,0,0,0,0,0,0,0,0,0,0,0,0,0,1,0,0,0,0,0,0,0,0,0,0,0,0,0,3,0,0,0,0,0,0,0,0,0,0,0,0,1,0,0,0,0,0,0,0,0,0,0,0,0,0,0,0,0,0,0,0,0,0,0,1,1,0,0,0,0,0,1,0,0,0,0,3,0,0,0,0,0,0,0,1,1,0,0,0,0,0,1,0,0,0,0,0,0,0,0,0,0,0,0,0,0,0,0,0,0,0,0,0,0,0,0,0,0,0,0,0,0,1,0,0,1,0,0,0,0,0,0,0,0,0,0,0,0,0,0,0,0,0,0,0,0,0,0,0,0,0,0,0,0,0,0,0,0,0,0,0,0,0,0,0,0,0,0,0,0,0,0,0,1,0,0,0,0,0,0,0,0,0,0,0,0,0,0,0,0,0,0,0,0,0,0,0,0,0,0,0,0,0,0,0,0,0,0,0,0,0,0,0,0,0,0,0,1,0,0,0,0,0,0,0,0,0,0,0,1,0,0,0,0,0,0,0,0,0,0,0,0,0,0,0,0,0,0,0,0,0,0,0,0,1,0,0,0,0,0,0,0,0,0,0,0,0,0,0,0,0,0,0,0,0,0,0,0,0,0,0,0,0,0,0,0,0,0,0,0,0,0,0,0,0,0,0,0,parvus
parvus_tua_res_agitur_I.txt,1,0,2,1,2,2,1,0,5,56,0,0,0,0,0,0,2,3,2,3,5,0,1,0,0,1,0,1,0,1,3,3,0,1,0,1,5,3,5,2,13,0,54,12,6,15,4,0,3,0,0,1,0,0,5,4,16,0,0,0,0,0,0,28,0,0,0,0,1,0,0,20,0,0,10,2,0,4,0,2,2,6,1,5,0,3,3,3,3,0,4,0,0,0,1,0,0,15,0,0,2,2,1,5,1,0,2,2,1,1,0,0,0,0,0,10,0,1,0,0,1,0,0,7,1,2,2,4,9,0,1,3,0,0,0,24,5,12,1,0,0,2,1,1,15,4,4,0,0,0,3,0,1,3,0,0,0,0,0,2,1,1,0,0,0,0,0,1,0,0,0,0,0,0,1,0,1,0,1,1,4,0,0,0,0,0,1,3,2,2,0,0,0,1,1,0,0,6,2,1,0,0,0,1,0,1,0,0,3,0,0,2,1,9,0,1,0,0,0,0,1,0,0,2,0,0,3,4,0,2,0,0,0,0,0,1,0,0,1,0,2,0,4,0,1,1,1,3,0,0,0,0,0,1,0,1,0,4,0,0,0,12,2,0,0,0,0,0,10,14,0,0,0,0,0,0,0,0,0,1,0,1,0,0,0,0,0,3,0,4,1,2,3,1,0,1,0,0,0,0,0,0,0,0,2,0,0,1,1,0,4,0,0,0,0,0,0,1,0,0,1,0,0,3,1,0,0,2,1,0,0,1,0,0,0,0,2,1,5,8,3,2,0,1,0,0,1,0,0,0,6,0,4,0,1,2,1,0,0,0,0,3,0,2,1,0,0,0,0,1,0,0,1,0,0,0,0,0,0,0,0,0,1,7,0,0,2,1,2,1,1,0,0,0,0,1,0,1,5,0,0,0,6,1,4,1,1,0,0,0,0,0,1,0,1,0,2,0,0,1,0,0,1,3,0,0,2,0,0,0,1,0,0,0,1,5,0,0,2,0,2,0,0,0,0,1,0,0,0,0,0,0,0,1,5,0,1,0,0,0,0,0,0,0,0,0,0,0,0,1,0,0,0,3,1,1,0,1,0,0,1,0,0,0,0,0,0,0,0,0,0,0,0,0,0,0,1,1,0,1,3,0,1,2,0,0,0,0,0,1,0,2,0,0,0,0,2,0,0,1,0,2,0,0,1,0,0,0,0,0,1,0,0,0,0,0,7,3,0,0,0,0,0,1,0,1,0,0,1,0,0,2,0,0,0,0,0,2,0,1,0,4,2,1,0,0,0,0,0,0,2,1,0,2,0,0,2,0,1,3,1,3,0,1,0,0,0,0,1,0,0,0,1,0,1,0,0,0,1,0,0,0,0,0,1,0,0,0,0,0,1,1,0,0,0,0,0,2,0,0,0,0,0,1,0,3,0,0,0,0,0,1,0,0,0,0,0,0,1,1,0,0,0,0,1,0,0,0,0,0,1,0,0,0,0,0,0,0,0,1,0,1,0,0,0,0,0,0,0,1,0,0,0,0,0,0,0,1,0,0,0,0,0,1,1,1,0,0,0,1,0,0,0,0,0,0,0,2,0,1,0,1,0,1,0,0,0,0,0,1,0,0,0,0,0,0,0,0,0,0,0,0,0,0,0,1,0,0,0,0,1,0,2,0,0,0,0,0,0,0,0,0,1,0,0,0,0,0,2,0,1,0,0,0,1,0,1,0,0,0,0,0,0,0,1,1,0,1,0,0,0,0,1,0,0,0,0,0,0,0,0,0,0,0,0,1,0,0,0,1,0,0,0,0,0,0,1,0,0,3,0,1,0,0,5,9,2,0,0,0,0,1,0,0,0,0,0,0,1,0,0,0,0,1,1,1,0,0,0,0,0,0,1,0,1,1,0,0,0,2,0,0,0,0,1,0,0,1,0,0,0,0,0,1,0,0,0,1,0,0,0,0,0,0,0,1,0,0,0,0,2,0,0,2,0,0,0,0,0,0,0,0,0,0,1,0,0,0,0,0,0,0,0,0,0,0,0,0,0,0,0,1,0,0,0,0,0,1,0,0,0,2,0,0,0,0,0,0,1,0,0,2,0,0,0,0,0,0,0,0,0,1,0,0,0,0,0,0,0,1,0,0,0,0,0,0,1,0,0,0,0,0,0,0,0,0,0,1,1,1,0,0,0,0,0,2,0,0,0,0,0,0,0,0,0,1,1,0,0,0,0,0,0,0,2,0,0,0,0,0,1,0,0,0,0,0,0,0,0,0,parvus
parvus_v_chem_my_rashodimsya_otvet_leninu.txt,67,3,2,7,12,12,23,10,28,270,4,3,4,4,0,11,14,47,5,8,14,0,1,0,5,20,1,1,5,2,39,10,2,5,4,4,58,11,36,36,29,4,311,33,40,58,24,1,7,5,0,5,0,0,15,71,130,5,5,5,2,3,2,180,12,3,0,16,3,0,4,75,1,6,73,9,0,40,1,17,20,46,6,8,1,16,6,10,3,5,17,0,1,2,35,1,2,86,3,6,13,3,9,3,0,1,11,1,2,5,0,1,0,4,0,30,2,0,1,2,1,7,0,19,1,18,22,21,41,0,14,30,0,0,1,140,42,66,8,0,15,10,4,34,41,7,11,1,1,11,19,1,4,1,6,2,1,1,11,4,7,14,3,5,0,0,0,0,1,2,6,2,0,0,4,4,2,1,8,0,13,0,3,7,2,3,2,6,3,18,4,2,9,13,3,0,6,28,10,8,0,1,1,0,3,6,0,27,13,3,5,2,6,56,0,0,0,1,2,0,3,5,17,7,1,7,9,4,4,0,0,0,8,3,0,4,0,1,3,8,0,2,4,3,5,32,4,17,1,6,8,4,6,5,4,0,1,16,3,4,2,12,5,2,2,0,4,0,14,48,8,20,3,2,3,0,2,0,2,0,4,4,7,4,2,0,2,9,3,9,12,11,43,22,0,2,0,0,1,3,1,8,1,1,4,0,3,9,19,5,43,6,1,1,5,0,3,5,3,1,9,1,6,12,2,0,31,15,9,14,9,3,12,3,2,1,12,1,2,3,1,7,2,6,1,5,1,1,0,0,19,5,13,6,6,9,14,2,1,4,1,2,2,1,1,0,7,4,0,2,0,5,7,1,3,3,1,0,10,1,4,5,0,54,1,9,23,12,7,3,4,0,4,1,3,2,0,1,21,0,0,7,5,5,10,3,7,1,0,0,0,0,4,23,3,1,11,2,4,3,0,1,0,14,1,2,8,2,0,2,8,2,0,0,14,4,1,3,9,3,3,0,5,3,2,6,2,2,0,6,0,2,2,1,11,5,12,2,2,14,3,1,1,0,3,0,10,0,0,7,5,2,2,0,1,9,19,8,2,0,0,2,12,0,1,0,1,1,3,1,0,4,0,6,1,10,3,2,8,3,11,2,6,2,0,1,0,0,0,3,4,0,0,3,5,5,0,2,0,4,0,2,0,2,3,2,2,9,6,1,3,2,3,0,6,0,18,3,0,1,4,2,5,9,1,2,1,2,7,0,3,0,1,1,2,2,2,2,1,6,2,1,6,2,1,6,6,1,1,1,10,1,0,1,0,1,0,0,3,0,4,2,0,7,0,2,4,1,2,1,1,5,4,3,8,0,1,0,4,0,9,4,2,3,9,6,3,1,2,0,6,3,2,2,3,1,3,2,0,3,2,2,3,7,2,2,3,1,0,1,1,14,0,3,5,1,2,1,2,0,2,3,0,0,0,1,7,2,2,0,6,0,0,1,4,2,0,2,1,1,0,4,0,0,0,0,1,4,0,0,1,2,0,0,5,2,0,4,0,0,1,0,5,3,1,3,0,7,1,0,0,4,0,4,0,1,2,3,3,1,1,2,0,2,1,2,0,4,0,1,2,2,0,0,1,0,0,0,1,21,5,0,1,3,0,0,5,1,3,1,12,0,0,1,0,2,0,1,2,5,1,1,3,5,0,1,1,1,3,6,3,2,3,1,0,8,2,0,1,2,0,0,5,8,1,14,2,2,0,1,1,0,1,0,1,14,9,2,3,0,2,0,1,10,0,0,3,3,0,8,2,5,0,1,2,1,4,1,2,1,0,0,0,0,4,2,1,0,1,5,1,0,1,4,1,2,2,5,1,0,3,3,1,7,0,1,0,0,1,3,4,1,2,2,1,6,3,2,0,1,0,1,3,1,0,1,0,0,13,13,0,0,1,0,8,0,0,5,0,1,0,65,0,0,2,0,1,11,0,0,3,4,2,2,0,4,0,1,2,9,16,1,0,0,0,2,0,1,0,5,2,8,1,8,2,1,1,1,1,8,0,0,0,0,3,0,3,0,3,0,1,3,2,5,0,0,0,0,0,9,0,1,1,1,0,4,7,0,0,0,2,2,0,0,1,0,2,0,2,1,3,0,1,6,0,0,1,0,0,0,0,0,0,0,0,0,0,1,1,6,0,1,1,12,2,1,3,2,2,5,36,0,3,0,0,1,2,0,2,1,2,0,0,14,2,0,1,0,1,0,1,0,12,1,0,9,0,0,0,0,parvus
parvus_virIII_9_mes_voyny_I.txt,16,10,4,5,0,0,2,6,6,101,0,2,1,0,7,0,5,16,0,5,4,0,2,3,1,10,1,1,1,0,11,15,2,0,0,2,9,4,12,18,15,1,106,12,10,18,7,0,7,2,0,5,1,0,8,1,66,0,0,1,0,0,0,42,2,0,2,2,0,1,0,27,1,2,9,7,0,23,0,1,6,16,7,5,0,1,5,13,9,1,25,1,1,0,1,0,6,39,4,0,4,3,4,5,0,0,10,1,0,3,0,1,1,3,0,0,0,0,1,0,1,1,1,7,0,14,15,4,22,2,8,15,0,6,0,41,17,32,1,1,0,11,0,0,18,4,2,2,0,1,8,0,1,1,2,0,0,0,0,4,0,6,1,1,1,0,0,0,0,0,3,4,0,0,0,2,0,0,0,0,0,0,0,0,0,0,0,4,1,1,0,1,2,24,5,0,1,19,0,0,0,1,0,1,3,1,1,5,6,1,0,0,0,40,0,0,2,1,0,0,0,0,0,8,1,0,0,0,0,0,0,0,2,0,0,1,0,0,0,10,1,0,0,1,2,0,0,0,2,0,0,0,0,1,3,0,0,1,3,1,1,9,2,0,0,1,1,0,19,9,1,0,0,0,0,0,2,0,0,1,1,9,1,0,0,1,0,5,5,3,5,1,2,2,0,0,0,0,0,0,0,0,0,0,1,0,0,0,0,0,7,0,1,0,0,0,0,0,0,0,0,0,0,4,0,0,0,0,0,0,0,0,0,0,1,0,41,5,4,22,10,10,0,2,0,0,0,2,0,0,6,3,4,2,1,2,2,4,1,1,0,1,0,1,1,0,0,0,0,1,1,1,10,0,0,0,0,0,1,2,0,0,0,21,0,5,5,5,0,0,0,0,3,0,7,1,0,0,9,0,0,0,3,0,4,1,5,5,0,0,0,3,0,19,1,0,1,0,0,0,2,1,0,4,0,0,1,0,0,0,2,0,2,1,0,5,0,1,0,0,1,0,3,1,0,1,0,0,0,4,1,1,2,1,5,1,0,2,0,0,8,0,0,0,3,1,4,2,1,1,2,0,2,0,0,1,4,1,7,0,0,1,0,0,0,0,6,0,0,0,0,0,0,0,0,0,1,1,1,4,1,1,6,9,0,3,0,0,1,4,2,2,0,0,1,4,0,1,0,3,0,0,0,0,6,0,1,0,2,0,0,0,0,0,4,0,5,3,0,0,2,0,0,10,0,1,0,2,0,0,0,2,0,0,0,0,0,0,0,0,0,0,0,0,0,0,0,0,1,1,1,1,0,1,0,0,0,0,2,1,2,2,0,4,0,6,1,0,1,0,0,0,0,0,0,0,0,0,7,0,1,1,0,0,0,0,0,2,0,0,7,5,0,0,1,0,0,1,0,0,0,0,0,0,0,2,2,1,0,2,0,5,1,0,1,0,1,0,3,0,0,0,0,0,3,0,3,0,0,0,0,0,0,0,0,0,0,0,4,2,0,1,1,0,0,0,1,1,0,1,0,1,1,2,0,0,2,0,0,0,0,0,1,0,0,0,0,0,0,0,0,3,0,1,4,3,0,3,0,1,1,0,0,1,0,0,1,0,0,0,0,1,4,2,2,0,0,0,0,0,0,0,1,0,0,1,0,1,2,2,2,0,0,0,0,3,2,2,2,2,2,2,6,5,0,0,0,0,3,0,0,0,3,0,1,0,2,2,0,0,0,0,7,1,0,0,1,0,1,0,0,0,0,0,0,0,0,4,0,0,0,0,1,1,0,0,0,1,0,0,1,0,0,0,0,0,1,0,0,4,1,0,0,0,4,5,0,0,1,2,0,0,0,2,0,0,2,5,1,0,0,6,1,1,1,4,2,0,1,1,0,1,0,0,0,0,1,0,0,0,0,0,0,0,3,0,2,0,0,0,0,0,1,1,5,0,0,0,0,0,0,1,0,1,0,2,0,0,0,0,1,0,1,4,0,1,0,0,0,0,0,0,0,0,1,4,0,4,0,0,1,0,1,0,0,0,0,0,0,0,3,0,1,0,0,0,0,0,1,0,0,7,0,1,0,0,0,0,0,4,3,2,0,0,0,0,0,1,0,0,10,0,0,0,0,0,3,0,13,5,0,7,3,0,0,0,0,19,0,0,0,0,0,0,0,7,4,4,0,0,0,0,0,1,0,0,1,0,0,0,0,0,0,1,1,0,0,0,2,0,0,0,0,0,0,0,0,1,2,0,0,0,0,0,0,0,0,0,0,0,parvus
parvus_virII_padenie_samoderzhaviya_I.txt,30,20,8,2,1,2,1,0,19,185,4,3,2,1,5,1,13,19,7,6,5,1,7,1,2,17,4,3,1,0,23,8,4,1,0,2,21,7,9,20,19,1,174,14,6,25,9,0,8,2,0,1,4,0,16,1,77,1,3,1,0,0,0,81,5,1,1,2,1,0,2,40,0,1,7,18,0,22,1,0,8,22,5,4,2,5,5,11,14,0,18,1,2,0,1,0,2,52,22,13,7,3,7,8,0,0,7,13,0,9,0,2,3,5,1,0,0,0,0,2,0,10,2,15,1,4,10,13,33,2,8,20,0,8,0,51,17,23,6,0,0,5,0,1,24,4,9,4,0,0,9,0,2,3,4,0,0,0,1,2,2,5,1,1,1,0,1,1,0,1,0,2,0,0,1,1,0,0,0,0,0,0,0,0,0,1,2,1,1,1,0,0,3,15,1,0,0,24,0,2,0,1,0,0,1,0,1,5,2,3,2,1,3,32,0,0,0,1,5,0,1,1,0,5,4,0,0,3,0,0,0,1,18,1,0,2,0,3,4,4,1,0,4,2,4,0,0,3,0,0,1,0,2,1,1,1,2,1,0,0,2,16,1,2,0,0,2,0,19,7,9,1,0,1,0,0,3,0,0,2,1,6,0,0,2,1,0,5,5,3,10,1,1,2,0,3,2,0,0,2,0,1,0,0,1,0,0,0,0,3,9,2,0,0,2,1,0,0,0,0,0,0,0,2,5,1,3,1,1,1,2,0,0,0,0,0,34,4,6,5,7,7,1,1,0,1,1,1,0,0,4,1,4,2,1,10,8,10,2,0,3,0,1,2,0,1,0,0,0,0,0,0,4,0,0,0,1,0,6,0,2,0,0,18,0,5,7,6,1,0,0,0,3,0,3,2,0,0,7,0,0,0,2,3,5,0,4,2,0,0,0,0,1,7,2,0,7,1,2,2,8,11,0,8,1,2,2,0,0,0,1,1,1,1,3,4,2,2,0,0,1,0,1,1,0,2,2,0,0,2,1,2,4,1,3,2,3,2,1,0,3,0,0,1,6,2,2,3,0,5,0,1,1,0,0,1,3,2,4,0,1,1,2,0,1,0,5,0,3,0,0,0,1,0,1,0,2,5,2,1,1,2,3,2,0,3,1,0,3,2,1,3,0,0,2,3,0,0,1,4,0,1,0,4,3,4,1,0,1,0,1,0,1,0,3,0,4,5,0,0,1,0,0,3,0,2,0,0,4,0,0,0,0,0,1,0,0,0,0,1,0,3,0,0,0,1,0,2,0,1,5,1,0,1,0,0,0,0,1,0,1,1,1,6,1,2,2,0,1,0,0,0,0,0,0,0,0,0,3,0,3,0,0,0,3,1,0,0,0,1,2,2,0,1,2,3,1,2,1,0,0,1,2,1,0,3,1,0,0,2,0,5,0,0,0,2,0,0,1,0,0,0,0,0,0,2,0,0,0,0,0,0,0,0,0,0,1,1,1,1,0,2,2,0,0,0,0,1,0,0,0,0,0,0,1,1,1,0,0,0,0,0,2,0,0,0,0,0,0,0,0,0,0,0,1,3,1,1,6,1,0,2,0,1,0,0,1,1,0,0,0,3,3,1,0,1,1,0,0,0,0,0,0,0,0,0,3,2,2,1,1,0,1,2,2,0,3,2,4,3,4,7,3,7,0,0,2,0,1,4,3,3,0,1,1,0,5,1,0,2,0,0,2,0,1,0,1,1,0,0,0,0,0,0,0,0,2,3,1,1,0,1,2,1,0,1,0,2,0,10,1,1,0,1,0,1,1,0,1,4,0,0,0,0,2,1,0,1,1,5,0,0,0,0,1,1,2,0,3,2,5,1,1,0,0,2,3,0,1,4,0,3,1,1,0,1,0,1,0,0,0,0,0,0,2,0,0,1,0,0,0,1,3,1,4,0,0,0,0,0,0,3,1,2,0,5,1,0,0,0,1,0,0,1,0,0,0,0,1,1,0,1,0,0,1,2,1,0,0,0,0,0,1,2,2,0,2,0,0,0,10,0,0,6,0,0,0,0,0,0,0,4,0,2,0,0,0,0,0,5,2,2,1,1,1,0,0,2,0,5,3,0,0,0,0,0,1,0,17,1,2,7,0,2,0,0,0,17,0,0,0,0,0,0,0,3,0,6,0,0,0,2,0,1,0,2,3,6,0,2,0,0,0,0,1,0,0,0,0,0,0,0,0,1,2,0,0,0,0,0,0,0,1,0,0,0,0,0,0,0,parvus
parvus_virIV_samoderzh_i_reformy_I.txt,24,1,3,7,1,3,3,3,10,72,2,0,8,0,1,0,1,18,3,5,0,1,3,4,2,4,0,0,1,0,11,9,0,0,1,0,14,9,13,9,12,2,93,5,12,8,5,0,7,5,1,0,0,0,13,4,50,0,0,0,0,0,0,52,2,0,2,2,1,1,0,26,1,2,8,44,0,8,0,1,6,17,7,3,0,6,5,11,32,0,11,0,0,0,3,0,2,21,3,6,1,4,2,9,1,1,6,2,0,3,0,0,0,5,0,1,0,0,0,0,4,11,0,6,2,13,2,4,15,3,2,7,1,18,0,33,12,14,3,0,4,7,2,1,39,5,3,0,1,0,3,0,2,1,1,0,0,0,0,1,0,4,0,1,0,0,0,0,0,0,0,4,0,0,0,0,1,0,0,0,1,0,0,0,0,1,1,2,5,2,0,0,0,8,1,0,1,12,3,0,1,0,0,0,6,4,2,2,3,2,1,4,2,20,2,0,2,1,4,0,2,2,1,1,1,1,1,1,0,1,0,0,2,0,1,2,0,0,0,4,0,2,2,1,0,2,0,1,1,0,1,0,0,0,0,1,0,3,2,1,0,4,2,1,0,0,0,0,8,8,0,2,0,0,0,0,1,0,1,1,1,1,3,0,0,0,0,10,1,5,8,7,21,3,0,1,0,0,0,3,1,1,1,0,0,0,1,1,3,0,9,2,0,2,4,1,1,1,0,1,0,0,0,0,2,0,3,0,0,4,0,3,0,0,0,0,17,1,0,2,1,1,0,0,0,0,1,0,1,8,7,1,3,3,3,6,4,6,1,0,1,0,1,0,0,0,1,1,0,1,0,2,3,0,0,1,0,0,2,1,0,1,0,10,0,3,4,2,2,0,2,0,4,0,2,3,0,2,6,1,0,0,3,1,3,0,6,0,0,0,0,0,0,9,0,0,4,1,0,2,1,0,0,4,0,0,1,0,0,0,0,0,0,1,3,0,1,1,0,0,1,0,5,2,0,1,0,1,0,2,1,0,0,0,3,1,3,0,0,0,3,0,0,0,2,0,3,0,0,2,7,1,1,0,0,7,3,1,3,1,0,0,3,0,0,0,0,0,2,0,1,0,0,0,0,1,1,0,3,2,1,0,2,1,0,0,0,0,2,1,1,1,0,0,0,2,0,6,0,5,0,1,0,0,0,0,1,1,1,0,0,1,0,0,4,0,11,3,0,0,0,0,0,1,0,1,0,1,1,0,0,0,0,0,0,0,0,0,0,0,1,1,1,2,0,0,0,0,0,0,4,5,0,0,0,0,1,0,1,0,1,1,1,3,0,1,5,1,1,0,1,0,2,1,0,0,1,0,2,0,1,0,0,1,7,0,0,0,0,0,3,1,0,2,0,1,0,0,0,0,0,1,0,0,1,3,0,0,0,0,1,3,0,0,0,0,0,0,1,0,0,0,0,0,0,0,1,0,0,0,2,0,0,0,0,1,0,0,1,3,0,6,1,0,0,2,0,0,0,1,1,0,1,1,0,0,0,3,0,0,0,0,3,0,0,0,0,0,2,0,0,2,0,1,0,0,0,1,1,1,0,0,0,2,0,0,0,0,0,1,0,0,2,1,0,1,2,0,0,0,0,0,0,0,0,0,1,0,1,1,5,0,1,1,2,0,0,0,3,6,1,0,4,3,0,0,9,0,0,1,1,1,1,1,0,1,2,0,0,1,0,0,5,3,1,0,4,3,1,0,1,0,1,0,0,0,1,0,2,2,1,0,1,1,0,4,0,1,0,11,1,1,0,0,1,0,0,0,0,1,0,0,0,0,0,0,0,0,0,4,0,0,1,2,0,0,0,2,1,1,0,1,1,0,4,0,1,0,0,0,0,0,0,0,0,2,3,0,1,0,0,0,1,1,0,1,0,0,0,0,0,1,0,0,1,0,0,0,0,0,0,1,0,0,0,0,0,1,0,0,0,0,0,0,0,1,0,0,0,1,0,0,0,0,0,0,0,1,0,0,1,1,1,0,0,0,0,2,0,0,2,0,1,0,0,0,0,0,0,0,0,0,0,1,0,0,0,0,0,1,1,2,0,0,1,0,1,0,1,2,0,0,0,0,0,0,1,0,7,1,2,2,0,1,0,0,0,9,0,0,0,0,2,0,0,0,2,0,0,1,0,0,0,2,0,3,1,1,0,0,0,0,0,0,0,1,0,0,0,1,1,0,1,0,1,0,0,0,0,0,0,0,1,0,0,0,0,0,0,0,parvus
parvus_virI_kapitalizm_i_voyna_I.txt,21,1,7,6,3,0,2,0,10,143,3,3,1,0,2,1,15,25,0,3,1,0,6,1,1,7,4,3,1,2,14,15,0,3,2,4,7,2,3,22,18,0,163,9,9,29,3,0,5,3,0,0,0,0,6,3,67,0,1,3,0,0,2,33,3,0,1,2,1,0,0,28,1,2,15,2,0,10,0,0,3,17,1,3,0,9,1,5,3,0,7,0,0,0,1,0,4,46,1,2,2,14,1,8,1,0,6,2,0,2,0,0,0,6,0,4,0,0,0,1,2,5,3,16,2,8,6,6,12,1,5,14,1,2,0,35,13,19,2,0,0,10,0,0,7,9,4,7,0,2,8,0,0,1,5,0,0,0,2,5,2,6,1,1,0,0,0,0,0,0,4,3,0,1,1,0,0,0,0,0,3,0,0,0,0,1,1,1,1,2,4,0,2,38,6,0,0,16,1,2,0,0,0,4,3,0,2,4,0,2,8,3,0,42,1,1,1,2,7,2,0,0,0,1,1,3,2,3,0,2,0,0,13,0,0,1,0,0,0,1,1,1,3,2,4,0,0,0,0,0,0,0,0,0,2,2,0,2,2,0,0,14,4,0,1,0,0,1,24,8,3,0,0,0,0,1,0,0,1,3,0,4,0,0,0,0,1,3,6,2,2,3,2,3,0,1,2,1,0,0,0,0,0,0,0,0,0,1,0,1,5,1,0,5,3,1,0,0,0,0,0,0,0,0,3,1,2,0,0,0,0,0,0,0,0,0,20,3,1,2,4,1,0,2,0,1,0,0,1,0,12,1,8,2,0,15,9,2,2,1,3,0,0,3,0,0,0,0,0,2,1,4,3,4,0,0,1,0,9,1,1,0,0,24,0,3,2,7,0,0,0,1,2,0,0,1,0,1,10,0,0,1,4,0,5,1,4,1,0,0,0,0,1,2,1,0,3,1,0,1,2,3,1,5,0,0,2,1,0,0,0,1,0,1,0,1,0,1,0,0,0,0,1,0,0,1,0,0,0,0,1,3,2,2,4,0,0,2,0,0,1,1,0,1,0,0,1,0,0,2,7,1,0,1,0,2,0,1,3,0,0,0,3,0,0,0,1,0,3,1,1,0,0,1,0,1,3,2,1,4,1,1,3,1,0,4,1,0,1,5,3,3,0,0,3,1,0,6,1,5,0,0,0,0,2,0,0,0,1,0,0,0,1,0,3,0,3,0,0,0,11,0,0,14,0,0,0,2,0,0,0,0,0,0,0,0,0,0,0,0,1,1,0,0,3,0,0,1,1,1,6,0,0,2,0,0,0,0,1,1,1,0,1,1,0,4,0,3,0,0,0,0,0,0,0,0,1,0,9,0,0,0,0,0,8,0,0,1,1,0,5,4,0,0,0,0,2,1,1,0,0,0,1,0,1,0,0,0,0,0,0,4,0,0,0,0,0,0,1,0,0,0,0,0,0,1,4,0,0,0,1,0,0,0,0,1,0,0,2,0,0,3,2,1,1,2,1,2,0,0,0,0,0,0,2,0,2,1,0,0,0,0,4,0,0,0,0,0,0,0,0,0,0,0,2,1,1,3,0,3,1,0,0,0,1,0,1,2,0,0,1,0,2,2,0,0,0,0,0,0,0,0,5,0,1,0,1,0,3,5,1,0,2,0,0,1,0,0,8,4,0,2,0,3,0,0,2,0,0,0,0,0,2,0,3,0,2,2,0,3,0,1,3,1,0,0,3,7,0,0,0,0,0,0,0,0,1,2,0,0,0,1,0,0,0,0,0,0,0,7,0,1,0,1,1,0,0,0,0,3,0,0,0,0,5,2,0,0,0,3,0,0,1,0,1,0,0,0,0,0,3,0,2,1,1,2,0,0,7,0,0,0,0,1,1,0,2,1,1,0,0,2,2,1,4,0,0,0,0,0,0,1,0,2,1,0,0,2,0,1,0,3,1,0,1,1,0,0,0,0,1,0,0,1,0,3,0,0,1,0,0,0,0,0,0,2,1,7,0,0,0,2,0,0,0,0,1,1,0,0,7,0,0,1,1,0,1,0,3,2,0,6,0,4,3,1,0,0,0,4,0,0,1,0,0,0,0,2,1,6,3,0,0,0,0,0,1,0,15,14,0,14,0,1,0,0,0,10,0,0,0,0,1,0,0,14,9,8,0,0,0,1,0,2,0,1,0,1,0,0,0,0,0,0,0,0,1,0,0,0,0,0,0,0,0,1,0,0,0,0,0,0,0,1,0,0,0,0,0,0,parvus
parvus_vnesh_politika_germanii.txt,4,0,1,0,0,0,0,0,1,19,0,0,0,0,2,0,1,3,1,0,0,0,1,0,1,0,0,0,0,0,6,0,1,0,0,0,1,0,1,1,4,0,27,4,0,4,3,0,1,3,0,0,0,0,0,1,8,0,0,1,0,0,0,14,0,0,0,1,0,0,1,6,0,0,2,1,0,3,0,0,0,1,0,0,0,1,0,3,4,0,3,0,0,0,0,0,0,9,0,0,0,4,0,1,0,0,1,0,0,0,0,0,0,1,0,0,0,0,2,0,0,0,0,1,0,2,3,1,4,0,2,6,0,0,0,7,2,3,0,0,0,2,0,0,3,2,0,0,0,1,0,0,1,0,0,1,0,0,0,1,0,0,0,0,0,0,0,0,0,0,1,2,0,1,0,0,0,0,0,0,0,0,0,0,0,0,0,1,0,0,0,0,0,2,0,0,0,0,0,0,0,0,1,1,1,0,0,0,0,0,1,0,0,5,0,0,0,0,0,0,0,0,0,0,1,1,0,1,0,0,0,0,3,0,0,1,0,0,0,0,0,0,1,0,0,0,0,1,0,0,0,0,0,0,0,0,1,1,0,0,0,5,1,0,0,0,0,0,3,1,0,0,0,0,0,1,0,0,0,0,0,0,0,0,0,0,0,0,2,0,0,1,1,2,0,0,0,0,0,0,0,0,0,0,0,0,0,0,0,0,0,0,0,1,0,0,0,0,0,0,0,0,0,0,0,0,0,0,0,0,0,0,0,0,0,0,6,1,0,0,1,0,0,0,0,0,0,0,0,0,1,0,1,0,0,2,0,2,0,0,0,1,0,0,1,0,0,0,0,0,0,0,0,0,0,0,0,0,1,1,0,0,0,3,0,1,1,0,1,0,0,0,0,0,1,0,0,0,0,0,0,0,0,0,2,1,0,0,0,0,0,0,0,0,1,0,1,0,0,0,0,0,0,0,0,0,0,1,0,0,0,1,0,0,0,0,0,0,0,0,0,0,1,1,1,0,0,0,0,0,0,1,0,0,1,1,0,1,1,0,0,0,0,0,1,0,1,1,0,0,2,0,0,0,1,0,0,0,5,0,0,0,0,0,0,0,0,0,0,0,0,0,0,0,0,0,0,0,0,0,1,0,0,0,0,0,0,0,0,0,0,0,0,0,0,0,0,0,0,0,0,0,0,0,0,0,0,0,1,0,0,0,0,0,1,1,0,0,0,0,1,0,0,2,0,0,0,0,0,0,0,0,0,0,0,0,0,0,0,0,0,0,0,0,0,0,0,0,0,0,2,0,1,0,0,0,0,0,0,0,0,0,1,0,0,2,0,0,0,0,0,0,0,0,0,0,0,0,0,0,0,0,0,0,0,0,0,0,0,0,0,0,0,0,0,1,0,0,0,0,0,0,0,0,0,1,0,0,0,0,0,2,1,0,0,0,0,0,3,0,0,0,0,0,0,0,0,0,0,0,0,0,0,0,0,0,0,0,0,1,0,0,1,0,0,0,0,0,0,0,0,0,0,0,0,0,0,0,0,0,0,0,0,0,0,0,0,0,0,0,0,0,0,0,0,0,0,0,0,0,0,0,0,0,0,0,0,0,0,0,0,0,1,0,0,0,0,0,0,0,0,1,1,0,0,0,0,0,0,1,0,0,0,0,0,0,0,0,5,0,0,0,1,0,0,0,0,1,1,0,0,0,0,0,1,0,0,0,0,0,0,0,2,0,0,0,0,0,0,0,0,0,0,0,0,0,0,2,0,0,0,0,0,1,0,2,0,0,0,0,0,0,0,0,0,1,0,0,0,0,0,0,0,0,3,1,0,0,0,0,0,0,0,2,0,0,0,0,1,1,0,0,0,0,1,0,0,0,0,1,0,0,0,0,0,0,0,0,0,0,0,0,0,0,0,0,0,0,0,0,0,0,1,0,0,0,0,0,0,0,0,0,0,0,0,0,0,0,0,0,0,0,0,0,0,0,0,0,0,0,0,0,0,0,0,0,0,0,0,0,0,0,1,0,0,0,1,0,0,0,0,0,0,0,0,0,0,0,0,0,0,5,0,1,0,0,0,0,0,1,1,0,0,1,0,0,0,0,0,0,0,0,0,0,0,0,0,0,2,1,0,1,1,0,1,0,0,3,0,0,0,0,0,0,0,0,1,3,0,0,0,0,0,0,0,0,0,0,0,0,0,0,0,0,0,0,0,0,0,0,0,0,0,0,0,0,0,0,0,0,0,0,0,0,0,0,0,0,0,0,parvus
plehanov_beliy_terror_I.txt,8,1,1,2,2,0,1,2,4,62,1,0,0,0,0,0,6,7,0,1,2,0,1,0,1,3,0,1,0,0,11,4,0,0,0,0,20,3,5,4,7,0,85,6,4,13,5,0,1,2,0,0,0,1,6,20,36,0,0,3,0,0,1,26,5,0,0,1,0,0,1,13,1,3,11,15,0,4,0,1,3,14,1,2,2,5,1,4,4,1,2,0,1,0,5,2,0,17,0,0,1,2,2,3,0,0,1,1,0,3,0,0,0,0,0,1,0,1,0,1,0,0,0,5,1,1,18,3,12,0,5,5,0,1,0,45,6,11,1,0,1,12,0,4,8,5,7,0,0,0,2,0,2,0,4,0,0,0,0,1,0,4,0,1,0,0,0,0,0,0,2,0,1,0,0,6,0,3,3,1,1,0,0,0,0,0,1,1,3,6,0,3,1,2,4,2,1,9,2,3,0,1,0,0,1,0,0,9,1,1,0,0,2,16,0,0,1,2,0,2,4,0,1,1,4,0,3,0,2,0,0,1,0,0,0,1,0,2,0,2,0,2,3,1,0,6,3,6,0,1,2,0,3,9,0,1,0,5,0,0,0,6,0,0,0,0,1,0,2,1,2,1,0,3,1,0,0,0,1,1,0,2,0,2,0,0,0,8,0,0,1,2,0,1,2,0,0,0,0,0,3,0,0,0,0,0,0,1,4,0,2,0,1,0,1,0,0,4,1,0,3,4,1,1,0,0,1,5,0,3,1,1,0,0,0,2,3,0,0,0,0,1,0,0,0,1,2,0,0,1,1,2,1,0,0,1,5,0,0,0,0,2,0,0,0,1,0,0,0,2,0,0,1,0,0,0,0,0,1,0,1,2,0,8,3,1,4,2,4,0,0,1,3,0,1,0,0,0,10,0,0,0,2,2,2,3,5,2,1,1,0,0,2,0,0,0,4,1,0,0,0,0,0,4,0,1,0,0,0,0,2,0,0,0,3,1,1,1,0,0,2,1,3,0,0,0,0,0,0,1,0,0,0,0,0,1,3,3,0,2,0,0,0,0,0,0,3,0,0,1,1,1,0,0,0,0,0,0,0,1,0,0,2,0,1,0,0,0,0,0,0,0,0,0,0,3,0,0,3,2,0,1,3,0,0,0,0,0,0,0,1,3,2,2,1,1,2,1,0,1,0,2,0,0,0,0,1,1,0,1,0,0,2,0,1,1,6,2,0,0,0,0,2,2,0,0,0,3,0,0,1,0,1,0,0,0,0,0,0,0,0,0,1,0,0,0,1,0,0,0,2,0,0,0,1,0,2,0,0,0,0,3,1,1,1,2,2,0,0,0,2,0,3,0,0,0,0,0,2,0,2,0,0,0,0,1,0,0,0,0,0,1,0,1,0,0,0,0,1,0,0,4,2,0,0,2,0,0,0,0,0,0,1,0,2,0,0,0,0,0,0,0,2,2,0,0,1,0,0,0,1,0,0,0,0,1,0,0,0,0,0,0,0,0,0,0,0,0,6,1,1,0,0,0,0,0,0,0,0,0,0,0,2,0,0,0,0,0,1,0,0,2,0,0,0,2,1,3,2,3,1,0,0,2,2,0,0,0,0,0,0,0,0,1,0,1,0,0,0,0,0,0,0,0,0,0,0,0,0,1,1,0,0,0,0,0,1,2,0,0,0,0,1,2,1,1,0,0,2,0,0,0,0,1,0,0,0,0,0,0,2,0,0,0,0,1,2,1,0,1,1,0,0,0,0,0,0,0,1,1,1,1,0,0,0,0,0,0,0,1,1,0,0,0,0,0,0,0,0,0,0,0,1,0,0,0,0,1,1,0,0,0,0,0,0,1,0,1,0,0,0,0,0,1,1,0,0,0,1,0,0,0,1,0,0,2,0,0,0,2,0,0,0,0,0,1,1,1,1,3,0,1,0,1,0,2,0,0,0,0,0,9,0,1,0,0,0,0,0,0,0,0,1,0,0,0,0,0,0,1,0,0,0,0,0,0,0,0,0,1,0,0,0,2,0,1,0,0,0,0,0,1,0,2,1,0,1,0,0,0,0,0,0,0,0,0,0,0,0,0,0,0,2,0,0,1,1,1,1,0,0,0,0,0,2,0,0,0,0,0,0,2,0,0,0,0,0,0,0,0,0,0,2,0,0,0,0,1,0,0,0,0,0,0,0,0,0,0,1,0,0,0,0,0,0,0,0,0,0,1,1,0,2,0,0,0,0,0,0,0,0,0,0,0,0,0,0,0,0,0,plehanov
plehanov_cant_vs_kant.txt,44,0,5,2,1,2,2,1,9,283,1,0,2,1,0,0,15,26,4,3,8,0,0,1,1,17,1,2,1,1,33,18,5,3,3,3,82,11,38,42,11,0,275,46,33,69,14,0,15,8,0,0,0,3,20,58,88,8,0,2,0,0,2,167,13,4,1,33,7,3,4,81,7,2,78,12,0,29,0,6,3,37,0,4,0,12,5,0,0,0,8,0,0,3,1,2,2,74,0,0,4,3,9,3,1,4,7,1,0,12,0,0,0,2,0,22,1,1,0,1,2,0,1,38,7,21,22,17,32,0,21,11,2,0,1,174,19,58,11,0,0,14,0,5,48,20,14,1,2,3,10,4,1,8,16,1,0,1,0,9,10,7,3,1,7,1,1,155,3,1,1,5,0,0,5,2,0,1,0,0,10,0,0,4,2,0,2,2,1,6,1,3,6,19,2,1,17,12,9,2,0,0,1,11,2,0,0,55,11,3,1,10,0,77,3,0,6,8,1,1,2,3,1,9,6,3,15,5,13,5,11,0,14,2,1,2,3,5,4,9,3,7,5,4,2,8,5,7,0,3,4,4,4,4,6,5,0,29,13,10,0,53,13,3,2,1,8,1,23,23,2,0,0,0,0,1,5,1,0,5,2,27,1,0,2,0,0,2,0,1,1,0,0,0,0,1,0,2,0,2,3,0,0,0,4,1,1,2,3,5,22,2,1,3,4,0,1,1,0,2,1,0,0,5,0,2,9,1,0,2,2,3,0,0,4,3,4,1,0,1,0,2,1,1,2,2,2,2,3,2,16,0,6,2,4,8,3,2,0,3,2,6,6,1,8,3,1,6,1,1,0,2,3,0,1,0,3,1,11,2,11,0,2,61,1,8,21,5,10,1,0,2,3,0,1,0,0,1,17,7,0,1,13,6,21,3,13,5,1,0,0,0,3,1,4,2,6,4,2,1,0,0,1,7,0,3,4,0,0,1,26,1,1,1,7,7,0,15,0,3,13,1,15,0,4,0,2,2,0,3,2,9,6,6,15,2,0,8,2,2,0,0,0,0,4,2,8,0,0,1,7,6,5,0,1,0,0,1,7,0,0,0,7,0,2,0,1,0,2,0,1,0,0,1,2,0,2,3,4,7,1,1,1,8,0,0,2,0,0,0,1,5,1,0,4,18,1,3,2,7,0,7,0,1,1,0,0,0,4,1,6,2,2,10,9,1,21,11,0,65,2,3,1,2,4,2,1,7,2,0,1,0,1,0,5,0,1,4,1,5,0,3,5,0,0,0,0,1,2,6,2,4,0,0,0,0,6,16,4,0,6,5,2,0,4,7,6,0,0,0,4,0,3,0,0,0,0,3,4,0,5,2,0,0,6,0,1,0,0,0,2,2,3,1,2,1,1,3,3,2,0,1,6,6,0,4,4,3,0,0,0,7,0,1,22,2,8,0,5,2,0,1,0,0,0,0,1,0,0,0,8,1,0,0,1,1,3,2,1,1,1,4,4,0,0,0,0,6,1,0,6,2,0,3,2,1,1,1,0,0,0,0,6,2,3,2,0,0,0,3,2,4,0,3,6,2,1,5,3,0,2,1,1,2,1,0,0,0,0,0,1,2,0,3,1,3,0,0,0,0,0,2,1,1,0,1,3,1,1,0,1,6,5,1,0,1,2,4,0,0,1,7,0,1,3,0,1,0,4,4,0,1,0,0,1,3,1,1,1,1,0,0,3,1,3,6,6,0,0,1,0,0,2,0,0,0,0,1,0,0,2,1,2,4,0,3,4,0,3,4,0,4,1,2,1,1,2,0,8,0,2,4,2,2,11,2,1,3,1,0,1,2,2,4,0,0,0,4,0,0,1,4,2,11,2,1,4,0,4,3,0,1,1,1,3,1,6,1,1,1,0,1,1,0,2,0,1,1,3,0,4,2,1,0,1,0,0,5,2,1,0,12,0,2,1,0,0,0,0,0,1,0,2,0,0,1,0,1,4,0,0,2,0,3,1,0,1,2,1,1,1,0,1,2,5,0,2,8,1,0,0,4,1,0,2,2,1,2,1,7,0,6,1,0,0,0,0,2,3,3,0,0,1,1,4,0,2,1,3,2,0,0,3,8,0,2,0,0,2,3,0,0,0,3,0,0,0,0,0,0,0,2,5,0,0,2,2,1,3,1,2,0,0,0,0,3,3,0,1,6,0,13,0,1,2,0,1,0,0,0,0,0,0,2,2,2,4,0,0,0,3,0,0,0,2,0,0,0,0,0,plehanov
plehanov_grustnoe_nedorazumenie_I.txt,27,0,0,0,0,1,0,0,15,92,0,2,0,0,0,0,5,8,1,4,1,0,0,0,1,5,2,4,0,1,8,8,0,0,0,0,14,4,13,15,4,0,88,16,17,25,12,1,9,4,0,0,0,1,4,12,27,2,0,0,0,0,1,85,6,6,0,7,0,0,4,32,9,0,32,2,0,14,0,15,1,25,0,3,1,3,1,0,0,0,3,0,0,0,3,0,0,37,0,0,2,0,2,0,2,1,0,0,0,4,0,0,0,0,0,4,0,1,0,0,0,0,0,11,5,9,8,10,14,0,12,6,0,0,0,78,4,34,1,0,0,4,0,1,30,2,11,0,0,0,15,0,2,0,10,2,2,0,0,0,1,4,2,2,0,0,0,3,2,2,0,0,1,2,1,1,0,0,1,0,0,0,0,0,0,0,0,0,0,7,0,0,3,3,1,0,3,11,2,1,0,0,0,2,1,0,0,14,5,1,0,0,0,26,0,1,1,1,0,0,0,0,0,3,4,0,1,0,2,3,5,0,4,1,0,1,2,4,0,5,8,2,4,0,0,5,3,9,0,1,1,3,9,10,0,1,0,9,4,3,0,20,2,1,0,0,4,0,3,12,4,1,0,0,0,1,1,0,0,1,1,12,0,1,0,1,1,3,0,0,0,0,2,0,0,1,0,0,0,1,0,1,1,0,0,0,0,1,5,2,3,0,4,0,0,0,0,1,0,0,0,0,0,7,0,0,0,0,0,0,0,0,0,0,0,0,1,0,0,0,0,0,0,1,0,0,0,0,0,0,1,0,1,0,2,5,6,1,1,5,3,4,3,1,2,2,0,0,1,1,0,1,0,0,0,1,0,2,1,6,3,0,0,24,5,6,4,3,2,2,0,0,3,0,0,0,0,0,7,2,0,0,7,5,5,3,5,0,0,0,0,0,1,3,0,0,6,0,1,0,0,0,1,3,0,0,3,1,0,0,7,1,0,2,3,2,1,3,0,0,5,0,1,0,2,0,0,1,0,2,4,5,2,1,11,0,1,1,2,0,0,0,0,0,2,1,6,0,1,0,4,0,1,0,5,0,0,0,1,0,0,3,6,1,3,0,1,0,0,0,0,3,0,0,0,0,1,0,2,0,2,0,0,4,1,0,0,0,0,0,2,4,0,0,0,17,5,4,2,2,5,5,1,0,0,1,0,0,0,0,2,1,0,0,1,1,12,1,0,0,2,1,0,1,1,0,1,4,1,0,2,0,0,1,0,0,0,2,1,2,0,0,4,1,0,1,7,1,0,0,1,2,0,0,0,0,10,3,3,0,2,3,0,0,5,0,1,0,0,0,0,0,3,0,0,0,0,0,3,0,3,1,0,0,0,0,0,0,0,1,1,2,1,0,2,0,0,1,1,0,0,0,1,0,1,3,6,1,0,0,1,1,0,0,4,0,2,0,1,2,0,0,14,0,3,0,0,1,1,2,4,0,0,0,2,1,0,2,0,0,1,7,0,1,0,0,2,0,0,1,0,1,0,1,0,1,1,0,0,0,0,0,1,1,0,1,0,0,0,5,2,3,2,2,0,2,0,1,3,0,1,0,0,1,1,0,0,6,0,1,2,0,0,0,0,0,0,0,0,0,0,1,0,1,1,0,2,0,0,0,2,0,0,0,0,0,2,1,0,0,0,2,0,0,1,0,0,0,0,1,0,0,1,0,1,0,1,0,0,1,8,0,0,0,0,5,1,0,0,1,1,3,1,0,0,0,0,0,0,0,4,1,0,0,0,1,1,0,0,0,0,0,0,0,2,0,2,0,3,0,1,1,0,1,0,0,0,0,2,0,0,0,0,1,0,3,0,1,0,1,0,2,0,2,0,0,1,0,2,1,1,0,0,0,0,1,0,0,2,0,0,0,0,1,0,0,2,0,18,17,0,1,1,2,0,1,0,3,1,1,0,46,0,0,3,0,0,0,0,0,0,0,0,0,2,0,0,1,5,0,0,0,0,0,3,0,0,1,0,1,0,0,0,0,2,5,0,5,1,0,0,0,0,0,1,0,6,0,0,0,0,0,1,0,0,4,0,3,0,0,0,0,1,0,0,0,0,1,0,0,0,1,0,0,0,0,0,0,0,1,0,0,0,0,0,0,2,0,3,0,0,0,0,1,0,0,0,0,0,1,1,0,0,0,0,0,0,0,0,1,0,2,0,0,0,0,0,0,0,0,0,0,1,0,0,0,2,0,0,0,0,0,0,10,0,1,0,0,0,0,plehanov
plehanov_gzha_breshkovskaya_I.txt,5,0,2,1,1,0,0,0,7,55,0,0,0,1,0,0,1,2,1,0,4,0,0,0,0,4,1,2,0,0,6,5,0,1,0,0,12,2,8,13,6,0,73,9,4,11,4,0,3,2,2,0,0,2,1,10,22,2,1,2,0,0,0,38,1,1,0,0,1,1,2,13,2,0,5,2,0,5,0,4,0,13,0,0,0,3,4,0,0,0,4,0,0,0,0,2,0,19,0,0,1,0,2,0,1,0,2,0,0,1,0,0,0,0,0,2,0,0,0,0,0,0,0,5,1,5,0,2,8,0,9,0,0,0,0,38,3,14,6,0,2,2,0,0,11,1,3,0,0,0,3,2,0,1,2,1,0,0,0,2,1,1,0,0,0,0,0,27,0,1,1,0,1,1,3,2,0,0,1,1,0,0,0,0,0,1,0,2,1,1,1,1,0,5,8,1,2,3,0,0,0,0,0,1,0,0,0,7,0,2,0,0,0,24,0,1,0,0,0,0,2,0,0,1,0,1,3,0,2,2,0,0,4,0,0,0,0,2,0,1,1,1,0,0,0,2,0,5,0,0,0,2,1,1,3,1,0,1,2,2,0,15,3,1,0,0,0,0,18,1,0,1,0,0,1,2,1,0,0,1,0,8,0,1,0,0,0,1,0,0,0,0,0,0,0,1,0,0,0,0,0,0,0,0,0,0,0,0,0,3,4,0,0,0,0,2,0,2,0,0,0,0,0,1,0,1,0,1,0,2,1,1,0,0,1,0,3,0,0,4,0,2,0,1,0,0,0,0,0,0,3,1,3,0,0,1,2,0,0,2,1,0,0,0,0,0,1,0,0,1,1,0,0,0,0,0,2,0,3,0,2,0,0,14,1,1,9,1,2,0,0,3,1,0,0,0,0,2,4,0,1,0,3,0,5,3,1,1,1,0,0,0,0,0,0,0,4,0,1,0,0,0,0,1,0,0,0,0,0,2,2,0,0,0,3,2,1,5,0,1,0,2,5,1,0,0,0,0,0,0,0,0,2,0,2,0,1,0,1,0,0,0,0,1,1,1,3,0,0,0,0,0,4,0,2,0,0,0,0,0,0,0,3,0,1,0,0,1,0,0,0,0,0,0,0,1,1,0,0,1,2,0,0,2,0,0,0,0,0,0,0,1,0,0,1,8,2,0,0,1,1,0,0,0,0,0,0,1,2,0,1,0,0,0,4,1,2,0,0,0,1,5,0,4,0,1,0,2,3,0,0,0,0,1,0,0,0,0,1,1,1,1,0,0,0,0,2,0,0,0,0,1,0,0,1,0,1,0,0,0,0,1,2,0,0,1,2,0,0,0,0,0,0,0,1,0,0,0,1,0,3,0,0,1,0,0,0,0,0,0,0,0,0,0,1,1,0,0,1,0,0,0,0,0,0,3,1,0,0,0,0,1,1,0,8,1,0,0,2,3,0,0,0,3,0,0,0,0,0,8,1,0,0,0,0,0,1,0,0,1,1,1,2,0,0,0,0,0,0,0,0,0,0,0,0,1,0,0,0,0,1,0,0,0,1,0,0,0,0,0,0,0,0,0,0,0,0,0,1,0,0,0,0,1,0,0,1,0,0,0,0,0,0,0,2,1,0,0,0,0,0,0,0,1,0,0,0,0,0,0,1,0,0,0,0,0,0,0,0,0,0,0,0,0,0,0,0,0,0,0,0,0,0,0,0,0,0,0,0,0,0,0,1,0,0,1,1,0,0,0,0,0,0,0,0,0,0,1,1,0,1,1,0,1,1,0,0,0,0,0,0,0,0,0,0,0,1,0,3,2,0,0,0,2,0,0,0,0,1,0,0,0,0,1,0,2,0,1,0,1,0,0,0,2,0,0,0,0,0,0,0,0,0,1,0,0,0,0,0,2,0,1,0,0,1,0,0,1,0,8,1,0,0,0,2,0,1,0,0,0,0,21,0,0,2,0,0,0,0,0,0,0,0,0,0,0,0,0,0,0,0,1,0,0,0,0,0,0,0,0,0,1,2,0,0,2,0,0,0,0,0,0,0,1,0,0,0,0,0,0,0,0,0,0,0,1,0,0,0,1,0,0,1,0,0,0,0,0,0,0,2,0,0,0,0,0,2,0,0,0,0,0,0,1,0,0,1,0,1,0,0,0,0,0,0,0,0,0,0,0,0,3,0,0,0,0,0,0,0,2,0,0,0,2,0,0,0,0,1,0,0,0,0,3,0,0,1,0,0,0,0,0,0,0,0,0,0,0,0,0,plehanov
plehanov_k_agrarnomu_voprosu_v_Rossii_NQ.txt,50,0,6,3,1,3,0,3,21,196,0,0,0,3,0,0,8,19,1,3,4,0,6,4,0,8,3,1,0,0,27,6,1,0,2,5,35,11,33,36,17,0,147,26,21,52,18,0,14,4,4,0,0,6,16,26,78,9,0,0,1,1,0,152,5,4,0,6,1,0,2,60,2,0,45,6,0,17,0,9,2,26,1,4,0,15,4,1,0,0,13,0,0,0,3,0,1,46,0,0,3,4,8,1,0,9,9,8,0,5,0,3,0,1,0,25,0,1,0,0,0,3,6,24,5,16,13,17,27,0,20,15,2,0,0,139,14,70,12,0,0,12,0,1,42,6,15,1,0,0,15,4,1,6,16,6,0,1,0,5,2,6,1,1,1,1,3,7,3,1,1,4,0,1,0,4,0,1,5,0,3,0,0,1,9,0,0,6,5,13,1,3,6,13,3,1,5,7,4,2,0,0,0,3,7,1,0,34,11,3,3,6,4,51,2,1,2,5,0,0,8,1,0,1,7,0,3,3,3,1,1,0,12,1,0,1,1,4,1,7,4,5,5,6,4,16,2,13,1,4,1,8,10,4,8,3,0,10,8,7,1,35,5,1,0,0,2,2,11,15,1,0,0,0,2,0,5,0,0,2,0,8,2,1,3,1,0,4,0,0,0,0,0,0,0,2,1,2,1,2,0,2,1,0,3,4,6,1,2,1,8,0,0,2,0,0,0,4,0,0,0,1,1,6,7,1,2,1,1,2,0,1,0,1,1,1,11,0,1,4,0,2,0,1,0,3,1,0,0,0,16,1,5,0,2,11,8,4,7,8,1,1,4,0,4,0,2,1,0,0,0,3,8,0,0,3,0,4,6,3,5,6,0,48,4,9,25,10,5,4,2,4,2,2,2,0,0,0,8,0,0,5,9,2,9,1,16,4,0,1,1,0,0,15,2,1,10,0,1,0,0,0,1,6,0,2,6,1,0,1,5,0,0,4,6,1,2,9,0,0,8,3,11,1,2,2,2,4,0,0,2,3,2,1,14,1,1,2,3,6,0,0,2,1,2,2,8,0,2,3,3,2,2,1,0,0,0,0,2,5,1,0,5,0,2,0,4,0,2,0,0,4,0,0,0,0,1,1,4,2,0,0,2,8,0,0,0,0,1,1,2,5,3,0,2,11,2,2,2,8,3,12,0,1,2,0,1,0,2,0,1,3,1,2,10,0,14,1,0,1,2,1,2,8,1,0,1,3,2,1,3,0,0,0,2,1,0,2,6,7,0,2,2,0,1,0,0,3,0,2,2,1,1,1,1,0,3,1,5,0,4,0,3,2,2,1,1,0,2,0,1,0,0,2,5,0,1,0,3,0,5,0,2,1,4,0,0,1,5,1,3,2,0,0,0,0,1,1,0,0,0,1,4,1,0,3,2,1,0,0,0,4,4,4,9,2,2,0,2,3,1,1,0,0,0,0,3,1,3,57,9,0,0,0,2,0,1,2,1,2,5,10,3,4,0,1,0,6,0,2,0,3,0,1,6,0,4,1,9,0,0,0,1,5,1,1,1,0,0,10,2,3,0,2,2,0,0,3,10,0,1,0,0,1,1,2,0,0,0,1,2,1,0,0,0,2,8,4,2,0,0,5,0,0,1,3,3,1,2,2,13,4,2,5,0,2,0,2,0,1,1,2,0,1,0,0,0,0,1,3,0,3,1,0,4,0,1,0,0,0,1,0,0,0,2,2,2,7,2,1,2,1,1,1,3,0,0,2,0,0,7,2,0,1,6,3,1,1,2,7,1,2,0,0,4,1,4,3,2,0,0,0,0,2,1,2,0,1,6,1,0,0,1,5,0,1,0,1,1,0,3,2,2,9,5,2,1,0,1,2,0,0,3,1,0,1,3,1,0,0,1,2,4,3,0,1,0,2,7,4,4,2,1,0,1,0,0,5,0,0,1,45,1,1,1,0,0,0,0,0,2,2,0,1,0,1,0,2,1,6,0,1,0,1,3,1,2,0,0,1,1,3,4,0,4,6,1,1,1,0,0,5,0,0,0,0,1,2,2,0,0,0,1,0,21,5,1,1,1,4,1,0,3,1,0,0,0,1,0,1,4,0,5,0,0,0,0,0,0,0,0,3,0,4,0,0,0,0,1,0,0,0,0,0,0,0,0,2,0,0,0,1,0,0,0,0,1,10,0,2,1,0,0,1,0,0,5,3,0,2,0,1,0,1,0,0,2,0,0,0,3,0,0,3,0,0,0,0,0,0,plehanov
plehanov_k_voposu_o_zahvate_vlasti_I.txt,16,0,2,1,0,0,0,5,7,91,0,0,0,0,0,0,7,7,1,3,1,0,2,0,1,3,0,1,0,1,11,3,1,0,0,0,11,7,8,12,6,1,97,7,6,21,5,0,5,3,1,0,0,0,3,11,27,7,0,0,0,0,1,45,2,3,1,6,1,0,0,27,0,1,11,1,0,2,0,4,2,15,0,9,1,2,2,3,2,0,4,0,0,0,3,0,0,26,0,1,3,2,1,0,0,1,3,0,0,3,1,2,0,3,0,1,3,1,2,0,0,0,0,8,1,5,7,6,12,0,4,7,0,0,1,38,8,9,5,0,0,4,0,2,30,5,7,0,0,1,6,0,1,0,7,1,0,2,0,1,0,3,1,0,1,1,0,6,2,1,1,1,0,0,0,1,0,0,0,0,6,0,0,1,3,1,0,3,1,9,0,0,0,4,1,0,1,6,1,0,0,5,0,3,0,0,0,3,12,0,0,4,0,24,0,0,0,1,0,1,2,0,0,3,5,5,5,0,3,2,2,0,0,0,0,0,2,0,0,1,1,0,3,0,1,5,4,5,1,3,0,2,1,0,4,2,0,1,1,0,4,8,6,1,1,0,0,1,2,17,3,1,0,2,0,0,1,2,0,2,0,7,0,2,0,0,1,0,0,2,0,0,3,2,0,1,0,1,0,0,0,1,0,1,0,0,1,6,10,0,6,0,0,1,0,0,0,0,0,1,6,0,1,2,0,0,13,3,1,1,1,0,1,0,2,0,0,0,0,0,0,0,0,0,1,0,0,0,0,0,5,0,2,0,2,4,6,1,2,1,0,0,0,1,4,1,0,4,1,0,0,1,3,2,0,0,0,1,3,1,1,3,1,12,0,3,7,0,5,0,3,0,2,1,1,0,1,0,1,0,0,0,3,3,6,1,2,1,2,2,1,0,0,6,4,6,4,0,0,1,0,0,0,2,1,0,0,1,1,0,1,0,0,2,3,3,0,4,0,0,3,0,6,1,0,2,1,0,0,0,0,1,1,0,1,0,0,3,0,0,0,0,1,0,0,0,0,1,0,0,1,1,1,1,0,1,0,0,2,4,2,1,1,0,1,0,0,0,0,2,0,0,0,0,0,1,2,1,4,1,1,1,1,1,2,0,1,0,0,0,0,0,1,0,1,5,1,2,0,1,0,2,0,1,0,0,2,0,0,0,1,0,0,2,5,0,12,0,0,0,2,2,0,3,2,2,0,2,0,0,1,1,0,0,1,0,0,2,2,1,0,0,3,0,0,3,2,0,0,0,7,1,0,0,1,2,1,10,0,0,1,9,0,2,1,0,0,0,2,0,1,1,1,1,2,0,0,0,0,0,4,0,0,0,1,1,0,0,0,2,1,0,1,1,0,0,0,0,0,0,0,0,3,1,0,2,0,0,0,2,0,2,0,1,5,3,0,0,0,2,0,0,1,1,0,1,0,0,0,0,6,0,0,0,5,2,0,1,1,0,0,8,0,2,2,0,0,0,0,0,2,0,1,0,2,3,0,0,0,5,1,0,0,0,1,0,2,0,0,2,0,4,0,1,0,2,0,1,0,7,0,0,0,1,4,2,5,0,0,0,0,0,0,2,3,1,0,0,0,0,1,0,1,0,0,0,0,2,0,0,3,0,1,1,1,0,0,0,0,1,2,1,0,0,0,0,0,1,2,1,0,0,0,1,1,0,1,0,0,0,2,1,6,0,0,6,0,1,0,0,1,0,1,0,0,1,1,0,0,0,2,0,0,0,0,0,1,0,0,1,0,1,0,1,3,0,2,1,0,0,0,0,0,1,2,3,0,0,1,10,3,0,0,1,1,0,2,0,0,0,2,1,1,0,0,3,1,0,0,0,1,0,0,1,1,0,1,0,0,0,0,2,1,1,1,0,0,1,1,1,1,0,0,3,0,0,0,2,0,0,0,6,0,0,0,0,0,0,0,0,3,1,0,0,0,0,0,0,0,2,3,0,0,0,0,1,0,1,0,0,0,0,1,2,1,1,0,0,0,0,2,3,1,0,0,0,0,0,2,0,5,1,1,2,0,0,0,0,0,0,2,5,0,0,0,0,0,1,0,0,1,1,0,0,0,0,0,0,0,0,1,0,0,6,0,0,0,0,2,0,0,0,0,0,0,0,0,0,3,1,0,0,0,0,0,0,1,1,0,2,0,16,0,0,1,0,1,0,0,0,1,0,0,0,3,0,2,1,0,0,0,0,0,0,1,0,0,0,0,0,plehanov
plehanov_krasniy_cyezd_I.txt,12,3,6,1,1,1,1,1,8,80,0,1,0,0,0,0,3,6,4,3,3,0,0,0,0,4,1,3,0,1,17,5,1,0,0,0,16,2,10,6,5,0,71,14,9,19,7,0,6,2,3,0,0,1,6,14,32,2,0,0,0,0,1,44,2,1,0,2,0,1,1,22,1,0,6,2,0,9,0,15,2,14,0,2,2,3,5,0,0,0,1,0,0,2,0,0,0,26,0,0,0,2,4,0,1,1,6,0,0,3,0,0,0,1,0,28,0,0,0,0,3,1,1,12,3,11,7,2,16,0,7,4,0,0,0,49,3,17,2,0,0,6,0,0,26,5,10,0,0,1,6,1,1,2,3,0,0,1,0,0,2,2,2,1,0,0,1,12,1,2,3,3,0,0,0,0,0,0,1,1,7,0,1,9,0,0,0,7,0,4,0,1,2,13,5,0,1,5,0,0,0,0,1,0,4,0,0,6,4,3,0,1,0,13,0,1,0,0,0,1,2,0,1,2,0,1,2,2,2,2,0,0,3,3,0,2,0,0,2,2,4,3,2,2,0,2,0,2,0,0,0,0,1,1,0,1,0,6,2,1,0,18,1,0,0,3,1,0,6,11,0,3,0,0,0,0,0,0,0,1,0,16,0,2,1,0,0,2,0,0,0,0,1,0,0,0,1,0,0,0,0,3,1,1,0,0,0,2,11,0,6,0,1,0,0,1,0,1,0,0,1,1,0,3,0,0,1,3,1,0,0,2,0,0,3,0,1,0,0,0,0,0,1,0,0,0,1,0,3,2,8,2,2,0,2,2,7,0,1,3,3,3,1,2,3,1,0,3,0,0,0,0,2,0,1,13,0,0,1,1,0,2,3,20,1,3,6,2,3,0,0,1,0,0,1,0,0,3,9,0,0,0,4,2,3,1,6,2,1,0,0,0,1,1,2,0,5,0,0,0,0,0,0,1,0,1,2,0,0,0,2,1,0,2,3,2,0,3,0,0,1,1,3,0,0,0,1,0,0,1,1,2,0,1,3,0,1,4,1,0,0,0,0,0,1,0,2,0,1,0,4,1,1,2,0,1,0,0,2,0,0,0,1,0,0,0,2,0,0,0,0,0,0,0,0,0,1,2,3,1,3,0,0,2,0,0,0,0,0,0,1,0,0,0,1,4,1,0,1,3,2,1,0,1,0,0,0,1,1,1,0,0,1,1,3,2,5,2,0,6,0,0,0,6,1,0,0,2,1,1,1,0,0,0,0,0,3,1,0,3,0,2,2,1,0,0,0,0,2,0,4,0,1,0,0,0,4,2,0,0,2,3,0,1,0,3,2,0,0,0,0,0,0,1,4,0,1,0,3,0,1,0,0,0,0,0,0,0,0,1,1,3,1,0,4,0,0,0,1,0,3,0,2,1,0,2,0,0,2,0,0,3,0,1,2,0,0,0,1,2,0,0,0,0,2,1,0,6,2,3,6,0,0,0,0,1,1,1,2,0,0,0,1,0,1,0,0,0,0,1,1,0,0,0,0,1,0,2,0,0,0,0,2,2,0,0,0,0,0,1,0,1,0,1,1,1,0,0,0,0,2,0,1,3,0,0,0,0,0,0,1,1,0,1,1,0,2,0,0,0,0,0,0,0,0,1,2,0,0,1,2,0,0,0,0,1,0,2,0,2,1,1,0,0,0,0,1,0,3,0,0,0,2,0,0,0,1,0,0,1,0,0,0,0,0,1,0,0,1,1,0,1,0,0,0,0,0,1,0,0,2,0,0,1,0,2,0,0,0,0,0,1,0,2,1,0,1,0,2,0,0,1,0,1,1,0,0,0,0,0,1,0,2,1,0,0,0,4,0,0,0,1,0,0,1,0,0,0,1,0,0,0,0,1,3,0,2,0,0,1,0,0,0,0,0,0,0,1,3,1,2,1,0,4,0,0,0,2,4,0,0,6,2,1,0,0,0,0,0,0,0,2,0,0,0,0,0,0,0,0,1,0,0,0,1,0,0,2,1,0,0,0,2,0,0,7,0,0,0,0,0,1,0,1,1,2,1,0,0,0,0,2,0,0,0,0,0,2,0,0,0,2,1,3,3,0,0,1,0,0,0,1,0,0,0,0,0,0,0,1,0,0,1,0,0,0,0,1,1,0,0,0,0,0,0,0,0,0,0,2,1,0,0,0,0,0,0,1,0,2,0,0,1,1,0,0,0,0,0,0,0,0,0,0,2,0,0,0,0,0,0,0,0,0,0,0,0,0,0,0,plehanov
plehanov_logika_rus_terrorizma_I.txt,15,0,2,0,6,4,4,3,1,66,0,0,3,0,0,0,7,19,1,0,0,0,0,0,0,3,1,2,1,0,15,1,0,0,2,0,6,2,12,19,9,0,76,7,14,24,8,0,1,2,0,0,0,1,8,12,30,1,1,2,0,0,2,60,0,0,1,3,1,0,0,22,0,3,4,3,1,1,0,1,2,18,0,2,0,2,2,6,3,3,9,0,1,5,4,0,3,14,0,0,0,1,1,4,1,1,2,0,0,3,0,0,0,1,0,0,1,0,0,1,0,0,2,8,0,3,8,10,9,0,7,9,0,0,0,57,4,24,5,0,1,4,0,13,17,4,6,0,0,0,6,1,1,3,0,0,0,0,0,2,1,0,2,1,2,0,1,2,1,0,2,0,0,1,0,2,1,3,5,0,0,0,0,0,0,1,1,3,2,4,0,0,6,6,2,0,5,10,1,4,0,0,1,0,6,2,1,9,2,2,0,0,1,17,0,0,1,3,0,0,2,0,0,0,3,0,4,0,5,5,0,1,2,0,0,3,5,0,1,3,4,4,4,2,0,7,1,7,0,1,0,0,1,3,0,0,1,9,2,0,0,9,3,0,0,1,0,1,19,7,0,2,0,0,0,1,2,0,1,0,1,9,0,0,1,1,5,1,0,0,0,0,1,3,0,1,0,0,0,0,1,2,1,0,2,0,0,3,2,3,3,0,1,0,1,1,0,2,2,2,2,0,0,5,0,0,0,1,1,1,1,1,0,0,1,1,4,0,0,5,3,0,0,4,1,2,0,0,1,5,1,1,2,0,0,3,0,1,0,3,0,2,1,0,1,1,1,0,1,0,0,2,0,0,0,0,1,4,0,3,2,0,0,22,1,6,11,4,3,0,0,0,2,0,2,0,0,1,7,0,0,0,0,2,3,0,6,1,1,0,0,0,0,9,2,0,2,1,0,0,0,0,0,2,0,1,0,0,0,1,0,0,4,0,1,4,0,3,0,2,0,0,4,2,0,0,0,0,0,1,0,1,2,0,6,0,1,1,0,1,0,0,0,1,0,0,1,2,0,2,0,0,1,0,1,1,0,0,1,0,0,1,3,0,1,0,0,0,5,0,0,1,0,0,0,0,1,3,1,0,3,0,0,1,1,0,0,0,0,0,0,1,0,0,4,4,1,3,2,4,0,0,0,0,0,0,1,0,0,0,0,2,0,0,2,0,9,1,0,0,1,1,0,4,0,0,0,0,1,0,1,0,0,0,1,0,0,0,0,3,0,0,1,0,0,0,0,0,2,0,2,1,1,1,1,0,3,0,3,1,0,2,0,0,1,1,1,0,0,0,0,1,0,0,1,0,0,0,0,0,3,0,0,0,1,0,3,0,0,0,0,0,1,0,1,1,0,1,0,0,0,2,2,2,0,6,2,0,0,0,1,0,2,0,3,2,2,0,2,0,0,0,0,0,0,0,0,0,0,0,5,0,0,0,0,0,1,0,0,0,0,1,1,0,1,0,1,3,3,0,0,1,0,0,0,0,0,1,0,0,1,0,0,1,2,1,1,0,1,3,0,2,0,0,1,0,0,1,1,1,0,1,1,0,0,0,0,1,0,0,0,0,1,1,0,0,0,0,0,0,0,1,0,2,1,1,1,0,0,0,0,0,1,0,0,1,0,0,0,0,0,0,2,0,0,2,0,0,1,1,0,0,0,0,0,0,0,0,0,0,2,0,0,0,1,0,1,0,0,0,1,0,2,0,0,0,1,2,0,1,0,0,0,0,0,1,0,0,0,1,1,0,0,0,0,0,2,0,1,0,0,0,0,0,0,0,0,0,1,0,0,0,0,0,0,0,0,3,0,0,0,0,3,0,2,0,0,0,0,0,0,1,0,4,1,1,0,0,0,1,0,0,2,1,1,1,0,0,0,0,0,1,0,1,1,0,0,1,0,0,0,1,0,0,1,0,0,0,0,2,0,1,1,0,1,0,0,0,2,0,0,0,0,0,1,0,1,0,0,0,0,0,0,1,3,0,0,3,0,0,0,0,0,2,0,0,0,0,0,0,0,0,0,0,1,0,0,1,0,1,0,0,0,0,15,0,0,2,0,0,0,0,0,0,0,0,1,0,0,0,0,0,0,0,0,1,0,0,0,0,0,0,0,0,0,0,0,0,0,0,0,0,0,0,0,0,0,0,1,0,0,0,0,0,0,0,2,0,0,0,1,0,2,0,0,0,2,0,0,0,0,0,0,0,0,0,0,0,0,0,plehanov
plehanov_martovskie_idy_I.txt,5,0,2,3,3,3,0,0,18,70,0,0,1,0,0,2,5,6,2,0,2,0,0,0,2,1,0,0,1,0,8,2,1,0,0,0,16,2,5,8,3,0,77,13,6,15,4,0,5,1,0,0,0,1,1,3,19,0,0,0,0,0,0,34,1,0,0,1,0,2,1,15,0,0,3,1,0,1,0,1,1,5,0,3,0,2,0,0,0,1,1,0,0,0,9,0,0,19,0,0,3,1,3,3,0,0,1,0,0,0,0,0,1,0,0,0,0,2,0,0,0,0,0,5,0,5,2,6,10,0,2,7,0,0,1,22,3,7,4,0,0,7,0,2,15,1,2,0,0,0,4,1,0,2,1,0,0,0,2,5,0,1,0,1,1,0,0,8,0,2,3,2,0,0,0,8,1,0,7,1,0,0,0,0,0,0,0,0,1,2,0,0,1,3,1,0,0,4,2,1,0,0,0,0,3,0,2,4,4,0,2,2,1,5,0,0,1,4,0,1,5,2,0,0,1,1,3,1,2,2,0,0,9,0,0,0,1,4,1,4,0,3,3,0,1,2,0,1,0,0,0,0,0,0,1,5,0,8,3,0,0,9,1,1,0,0,0,0,1,8,1,1,0,1,0,0,1,0,0,1,1,3,0,0,1,0,0,5,0,0,1,0,0,0,0,0,0,0,0,0,0,0,2,1,2,0,0,3,6,0,1,1,0,0,2,0,0,5,1,0,0,2,0,1,0,1,4,4,2,1,0,2,1,1,1,1,0,0,1,0,0,1,0,1,1,3,1,1,0,0,4,0,3,0,1,7,0,1,0,0,2,0,0,0,7,1,2,5,0,3,0,0,1,0,0,0,0,0,2,2,2,0,1,6,0,4,3,3,5,0,0,2,1,1,1,0,1,0,5,0,0,0,4,2,4,0,1,0,0,0,1,0,0,1,0,2,10,0,0,0,0,1,0,2,0,1,0,0,9,1,1,0,1,1,2,4,1,1,0,0,1,1,3,1,0,0,1,0,0,2,0,0,1,0,3,1,0,2,1,1,0,0,1,0,0,0,4,0,0,0,1,2,0,0,0,1,0,0,0,1,0,1,3,1,1,0,0,0,1,1,0,0,0,0,1,0,0,0,2,0,0,0,4,2,0,1,1,0,0,0,0,0,3,0,2,0,0,2,0,3,0,1,0,0,0,1,0,1,1,0,0,0,1,1,4,0,4,2,0,0,0,1,0,3,1,0,0,0,0,0,0,0,0,1,0,0,0,0,0,0,2,0,0,0,2,0,0,0,0,0,5,1,0,0,0,0,1,1,4,0,1,0,0,0,0,3,2,0,0,0,1,1,0,0,1,0,0,0,2,0,0,0,0,1,3,2,0,0,1,0,0,0,0,0,1,0,0,0,0,0,0,0,1,0,0,3,0,0,0,1,0,4,1,0,1,0,0,0,2,1,0,0,0,0,0,1,0,0,0,0,4,0,0,0,0,0,0,1,0,0,0,0,0,0,0,0,0,8,0,0,0,0,0,0,0,0,0,0,0,1,0,0,0,0,0,0,0,0,0,0,0,1,0,0,0,0,0,0,0,1,0,0,0,2,0,0,0,1,0,1,1,0,0,0,0,0,0,0,0,0,0,1,0,0,0,0,2,0,1,1,0,0,0,1,2,0,1,0,0,1,0,2,0,1,0,3,0,0,0,1,0,0,1,0,1,2,1,1,0,2,0,0,0,0,1,0,0,1,0,1,0,0,0,0,0,0,0,0,0,0,0,0,0,0,0,0,1,0,0,2,1,0,0,0,0,1,1,0,3,0,0,1,0,0,1,1,0,0,1,2,0,0,1,0,0,0,0,1,0,0,0,1,0,1,2,0,2,0,0,0,0,1,0,0,0,1,3,0,0,0,0,0,0,1,0,0,0,0,0,0,0,0,0,0,0,0,0,1,0,0,0,0,1,0,0,0,0,0,0,1,0,0,0,0,0,1,1,0,0,2,0,0,10,0,0,0,0,0,0,0,0,1,0,0,0,0,0,0,0,0,0,0,0,2,0,0,0,0,0,0,0,0,0,0,0,0,0,0,1,2,0,0,0,1,0,0,4,1,0,1,2,0,0,0,0,0,2,0,0,0,0,0,0,2,0,1,0,1,0,0,0,0,0,0,0,0,0,0,0,0,0,2,0,0,0,1,0,0,2,0,0,0,0,1,0,0,0,0,0,1,0,0,0,1,1,0,0,0,0,0,0,0,0,0,0,0,0,1,0,0,plehanov
plehanov_na_poroge_20v_I.txt,4,0,1,0,2,1,1,0,1,35,0,0,0,0,0,0,2,2,2,0,4,0,0,0,0,1,2,0,0,2,10,1,0,0,0,1,11,1,3,2,7,0,50,3,9,6,1,0,3,0,0,0,0,1,6,5,10,0,0,0,0,0,1,13,1,1,0,1,0,0,1,9,0,1,5,1,0,2,0,2,3,2,0,0,0,1,0,0,0,0,1,1,0,2,3,0,0,6,1,1,0,0,1,5,0,0,0,1,0,0,0,0,0,0,0,4,1,1,0,1,1,2,0,4,0,3,2,0,1,0,3,4,0,0,0,15,0,5,1,0,0,5,0,2,7,3,2,0,0,0,2,1,1,0,0,0,0,0,0,0,0,1,0,0,0,0,0,0,0,1,0,1,0,0,1,2,3,0,2,1,0,0,0,0,0,0,0,2,1,0,0,0,0,4,0,0,1,2,1,4,0,0,0,0,0,0,0,6,2,1,1,1,0,3,1,0,0,0,0,2,2,2,0,0,0,1,0,0,4,2,0,0,5,0,0,1,0,1,1,1,0,1,0,0,0,3,3,3,0,0,0,0,2,1,2,1,0,6,0,1,0,3,1,0,0,0,0,0,2,0,0,0,0,0,1,0,0,0,1,1,0,3,0,0,0,0,0,0,0,0,0,0,1,1,0,0,0,0,0,0,1,0,0,0,0,0,0,2,2,0,1,0,0,1,1,0,0,4,0,1,1,1,0,0,0,1,0,0,0,0,1,0,0,0,0,0,1,1,0,0,0,0,0,0,2,0,0,0,0,0,1,0,0,0,0,0,3,4,0,1,0,0,0,0,1,1,0,3,0,1,0,3,0,0,0,0,0,0,1,0,1,0,1,7,0,5,3,2,0,0,0,0,0,0,0,1,0,0,4,0,1,1,1,2,2,1,1,0,0,0,0,0,0,6,0,0,1,0,0,0,0,0,0,1,0,0,2,0,0,1,1,0,0,0,0,1,0,2,0,1,0,0,0,0,0,0,0,0,0,0,0,1,1,0,0,0,0,1,0,0,0,0,1,0,0,2,5,0,0,0,2,0,0,3,0,1,0,0,0,0,0,0,1,0,1,0,0,0,0,1,0,0,0,0,0,1,2,0,0,1,0,0,0,1,0,0,0,0,0,0,0,0,0,0,0,2,0,1,0,3,0,0,0,0,0,0,1,0,0,1,0,0,2,0,0,0,6,0,0,0,2,0,0,0,0,0,0,0,0,0,0,0,0,1,0,0,0,0,0,1,0,0,0,0,0,0,0,0,0,0,1,0,0,0,0,0,1,0,1,0,2,0,1,1,0,0,0,0,0,0,0,0,0,0,1,0,0,0,0,0,2,0,0,0,2,1,0,0,0,0,0,0,0,1,0,0,0,0,0,0,0,0,0,0,0,0,2,0,1,0,0,1,0,0,0,0,0,0,0,1,0,0,0,0,0,0,0,0,0,0,1,0,0,0,0,0,0,0,0,1,0,0,0,0,0,0,0,1,0,0,0,1,0,0,0,0,0,0,0,0,0,0,0,0,0,0,0,0,0,0,0,0,0,2,0,1,0,1,0,1,0,0,0,0,0,0,0,0,0,0,0,0,0,0,0,0,0,0,0,0,0,0,0,0,0,0,0,0,0,0,0,0,0,0,0,1,0,0,0,0,2,0,0,1,1,0,0,0,0,0,0,0,0,0,0,0,1,1,1,0,0,1,0,0,0,0,0,0,0,0,0,0,1,0,0,0,0,1,0,0,0,0,1,0,0,0,0,0,0,3,0,0,0,0,0,1,1,0,2,0,1,0,0,0,4,1,0,1,0,0,1,0,0,0,0,1,0,1,0,0,0,0,0,0,0,1,0,0,0,0,0,0,0,0,0,0,0,0,0,0,0,1,1,0,0,0,0,0,0,0,1,0,0,0,0,0,0,2,0,0,0,0,2,0,0,0,0,0,0,0,0,1,0,0,0,0,0,0,0,1,0,1,0,0,0,0,0,0,1,0,0,0,0,1,0,0,0,0,0,0,0,0,0,0,0,0,0,0,0,0,0,0,0,0,0,0,0,0,0,0,0,0,0,0,1,0,1,0,1,1,0,0,7,0,0,0,0,0,0,0,0,2,0,0,0,1,0,0,1,0,0,0,3,0,0,0,0,0,0,0,0,0,0,0,0,0,0,2,0,0,0,1,0,0,1,0,1,0,0,0,0,0,0,0,0,0,0,0,0,0,0,0,0,0,0,0,0,0,0,0,plehanov
plehanov_neosnovat_opaseniya.txt,4,0,0,3,0,1,1,0,4,15,0,0,0,0,0,0,1,2,0,0,1,0,0,0,0,4,1,0,1,1,5,0,0,0,0,0,0,1,3,1,0,0,20,1,4,3,5,0,0,3,0,1,0,0,2,0,7,0,0,0,0,0,0,24,1,0,0,1,0,0,0,5,0,0,4,1,0,2,0,4,2,3,0,0,0,0,0,0,0,0,0,0,0,0,4,0,0,6,0,0,0,0,0,0,0,0,1,0,0,0,0,0,0,0,1,2,0,0,0,0,0,0,0,2,0,0,2,2,3,0,5,2,0,0,0,22,0,6,2,0,0,4,0,0,8,1,1,0,0,0,1,0,0,1,0,0,0,0,0,0,0,0,0,0,0,0,0,7,0,0,0,1,0,0,0,0,0,0,0,0,0,0,1,0,0,0,0,1,0,1,0,1,0,2,0,0,3,3,0,0,0,0,0,0,0,0,0,4,4,0,0,0,0,1,0,0,0,0,0,0,1,0,0,2,0,0,2,1,0,2,0,0,0,0,0,0,0,1,0,0,1,0,2,1,0,0,0,6,0,1,0,2,5,1,0,0,0,3,0,0,0,1,0,0,0,0,0,0,7,4,0,0,0,0,0,1,0,0,0,0,0,0,0,2,0,0,0,0,0,0,0,0,0,1,0,0,0,0,0,0,2,0,0,0,0,0,0,0,5,0,2,0,0,0,0,0,0,1,0,0,4,0,0,1,0,0,0,0,0,0,0,0,0,0,1,0,1,0,0,0,0,0,0,1,0,0,1,0,0,0,4,0,0,0,2,2,3,0,0,1,0,0,0,0,2,0,0,1,0,0,0,0,0,0,0,0,0,1,0,1,0,1,1,8,0,1,3,2,0,0,0,0,0,0,0,0,0,0,2,0,0,0,2,2,0,0,2,1,0,0,0,0,0,4,0,0,1,0,0,0,0,0,0,1,0,0,0,0,0,0,0,0,0,0,0,4,0,1,0,0,0,0,0,1,0,1,0,0,0,0,0,0,0,0,4,0,0,0,0,0,0,0,0,0,0,0,2,0,0,0,0,0,0,1,1,0,0,0,1,1,0,0,1,0,0,0,0,0,1,0,1,0,0,0,0,0,0,0,0,1,1,0,0,0,0,0,1,0,0,0,0,0,1,0,1,1,1,0,0,0,0,0,0,0,0,0,0,0,0,0,0,0,1,0,0,0,1,0,0,0,0,0,0,0,1,0,0,0,0,0,0,0,0,0,0,0,0,0,0,0,0,0,0,0,0,0,0,0,0,0,1,0,0,0,0,0,1,1,0,0,1,0,0,0,0,0,2,0,0,1,0,0,0,0,1,1,0,0,0,0,0,0,0,0,0,0,0,0,0,0,0,0,0,0,2,0,0,0,0,0,0,1,0,0,0,0,0,0,0,0,1,0,0,0,0,0,0,0,0,0,0,0,0,0,1,0,0,0,0,0,1,0,0,0,0,0,1,0,0,0,0,1,2,0,0,1,0,0,1,1,0,0,0,0,0,0,0,0,0,0,0,0,0,1,1,0,0,0,0,0,0,0,0,0,0,0,0,0,0,0,0,2,1,1,0,0,0,1,0,0,0,0,0,0,0,0,0,0,0,0,4,1,0,0,0,2,0,0,0,0,0,0,0,0,0,0,0,0,0,0,0,1,0,0,0,0,0,0,0,1,0,1,0,0,0,0,0,0,0,0,0,0,0,0,0,0,0,0,0,0,0,0,0,0,0,0,0,0,0,0,0,0,0,1,0,2,0,0,0,0,0,0,0,1,0,0,0,0,1,0,0,0,0,0,3,2,0,0,0,0,0,0,0,0,0,0,0,0,0,0,0,0,0,0,1,0,0,0,0,0,0,0,0,0,0,0,1,0,0,0,0,0,0,0,0,0,0,0,0,2,1,0,0,0,0,0,0,0,0,0,0,8,0,0,0,0,0,0,0,0,0,0,1,0,0,0,0,0,0,1,0,0,0,0,0,0,0,0,0,2,0,0,0,0,0,0,0,0,0,0,0,0,0,0,0,0,0,0,0,0,0,1,0,0,0,0,0,0,0,1,0,1,0,0,0,0,0,0,0,0,0,0,0,0,0,0,0,0,0,0,0,0,0,0,0,0,0,0,0,0,1,0,0,0,0,0,0,0,2,0,0,1,0,0,0,0,0,0,0,0,0,2,0,0,0,0,0,0,0,0,0,1,0,0,0,0,0,0,0,0,0,0,0,0,0,0,0,0,0,0,plehanov
plehanov_o_chernoy_sotne.txt,18,0,2,1,2,0,0,2,5,44,0,0,0,0,0,0,1,11,0,2,0,1,0,1,1,4,4,1,0,0,7,6,0,0,0,0,18,5,5,14,4,0,69,7,14,15,9,0,8,2,0,0,0,0,4,7,19,9,3,1,0,0,0,43,2,1,0,4,0,0,1,9,1,1,14,5,0,16,0,0,1,12,0,1,0,2,0,0,0,0,4,0,0,0,1,0,0,17,0,0,0,1,4,1,1,0,2,1,0,5,0,0,0,0,6,1,0,0,1,0,0,0,1,6,2,4,3,5,12,0,6,7,0,0,0,36,5,22,1,0,0,3,0,0,11,1,3,2,0,0,2,1,0,0,3,0,0,0,0,1,3,0,0,0,0,0,0,0,1,1,1,0,0,0,3,4,1,1,1,0,0,0,0,4,0,0,1,1,2,0,0,0,0,3,0,1,2,5,1,0,0,0,0,1,0,0,0,6,2,0,0,0,1,24,0,0,0,0,0,0,0,0,0,2,0,1,3,0,0,1,0,0,1,1,1,1,0,3,0,4,2,2,0,4,1,2,0,4,0,3,2,3,1,1,1,1,0,2,0,2,0,8,0,0,0,0,0,0,5,13,0,0,0,0,0,1,0,0,0,0,0,6,0,0,1,0,0,1,0,0,0,1,2,0,0,0,0,0,0,0,0,0,0,1,0,0,0,1,2,1,7,1,1,1,0,0,0,0,0,0,0,0,0,0,0,0,0,0,0,0,0,0,0,0,1,0,1,0,0,0,2,0,0,2,1,0,1,0,1,3,2,0,1,0,1,0,2,0,3,4,1,1,3,0,0,3,0,0,0,0,0,0,1,0,0,0,1,0,2,1,0,0,0,14,1,0,3,1,7,0,0,0,3,0,0,0,0,1,4,0,0,0,4,2,5,2,5,0,0,0,0,0,0,1,0,0,1,0,0,0,0,0,0,2,1,0,0,0,0,0,3,0,0,0,1,3,0,0,0,0,0,0,3,0,1,1,0,0,0,1,0,3,1,1,0,1,2,1,1,2,0,0,1,0,2,0,7,0,0,0,0,3,0,0,0,0,0,0,2,0,0,3,3,0,1,0,0,0,0,0,0,0,0,0,0,0,0,0,1,5,1,0,0,1,0,0,0,0,0,1,0,1,0,0,2,1,0,1,0,5,0,0,0,0,0,0,0,1,0,1,1,0,0,0,1,1,5,0,0,0,1,1,1,5,0,0,1,1,0,0,0,0,0,0,1,0,0,0,0,0,0,1,1,1,0,0,0,0,1,0,2,1,0,0,0,0,5,0,1,0,1,0,0,1,1,1,1,1,0,0,0,0,0,0,1,0,0,0,2,0,0,0,0,0,0,0,0,0,0,0,1,2,0,0,1,1,0,0,0,0,0,2,1,1,0,2,2,0,1,1,2,5,2,0,8,1,0,0,3,1,4,0,7,3,0,0,1,0,0,1,0,0,0,0,0,0,1,0,0,1,0,0,0,0,0,0,1,0,1,0,0,1,0,1,3,1,1,0,0,0,1,1,2,0,0,2,0,0,0,1,1,1,0,3,3,1,0,0,2,0,0,0,0,0,0,2,0,0,3,0,0,0,0,4,0,1,3,0,0,0,0,0,0,0,0,0,0,0,0,0,0,0,1,0,0,0,0,2,0,0,0,2,0,0,3,0,0,0,0,0,0,0,0,0,0,0,1,0,2,0,5,1,0,0,0,0,1,1,0,0,0,1,1,0,1,0,1,0,0,3,3,0,0,2,0,0,1,1,0,1,0,1,0,0,1,1,3,0,3,0,0,1,0,0,0,0,0,0,1,2,0,0,0,0,0,0,0,1,0,0,0,1,0,1,1,0,0,0,1,0,0,1,0,1,0,1,0,0,0,1,0,0,0,0,0,0,0,0,0,3,1,0,0,0,1,2,0,0,0,0,7,12,0,1,1,0,0,0,0,0,1,0,0,0,0,0,0,0,1,0,0,0,0,0,0,0,0,1,1,0,1,0,1,0,0,1,2,3,1,0,0,1,1,0,0,1,0,0,0,0,2,0,0,0,0,0,0,0,0,1,0,0,2,2,0,0,0,0,1,0,0,0,0,0,2,0,0,0,0,0,1,0,0,0,0,0,0,0,1,0,0,0,0,0,0,0,0,0,0,2,0,0,0,0,0,0,0,0,0,0,0,0,0,0,0,0,0,0,0,1,0,0,0,0,0,0,0,0,0,0,0,0,0,3,0,0,0,0,0,0,plehanov
plehanov_otvet_sionistam_I.txt,7,0,1,0,0,0,0,0,9,29,0,0,0,0,0,0,0,4,0,0,0,0,1,0,1,1,1,0,0,2,5,0,1,0,0,0,7,1,4,5,1,0,26,5,2,8,1,0,0,1,0,0,0,0,4,0,17,1,0,0,0,0,0,31,2,0,0,0,0,0,1,12,0,1,8,4,0,4,0,2,0,4,0,2,0,3,1,0,0,0,1,0,0,0,0,1,0,11,0,0,0,0,2,0,0,0,0,0,0,2,0,1,0,0,0,4,0,1,0,0,0,0,0,3,0,3,1,4,4,0,1,1,0,0,0,34,4,14,2,0,0,4,0,0,9,4,3,0,0,0,0,1,0,1,2,0,0,0,0,0,0,0,0,1,0,0,0,0,0,0,0,2,0,0,0,1,0,0,0,0,1,0,1,0,0,0,0,0,0,1,0,0,0,2,1,0,0,0,0,0,0,0,0,1,0,0,0,3,1,0,0,0,0,5,0,0,0,0,0,0,0,0,0,1,3,0,1,0,0,1,0,0,0,1,0,3,0,0,1,0,0,0,0,0,0,0,0,1,0,0,0,0,2,0,0,0,0,4,0,2,0,11,3,0,0,0,0,0,0,8,1,1,0,1,0,0,1,0,0,1,0,3,0,2,0,0,0,0,0,0,0,0,0,0,0,0,0,0,0,0,0,0,0,0,0,0,0,0,1,0,2,0,0,0,0,0,0,0,0,0,2,0,0,0,0,0,0,0,0,0,0,0,0,0,1,1,6,0,2,1,0,1,0,0,0,0,0,0,0,0,2,0,1,0,1,1,2,0,0,2,1,2,2,0,0,0,0,0,0,0,0,1,1,0,0,0,0,0,0,0,0,0,0,12,1,0,4,1,0,1,0,0,2,0,0,0,0,0,5,0,0,0,1,1,2,1,1,0,0,0,0,0,0,0,3,0,2,0,0,0,0,0,0,2,0,0,2,0,0,0,1,0,0,0,4,3,0,0,0,0,1,0,2,1,0,0,0,0,0,1,0,0,0,0,0,0,0,3,0,0,0,0,0,0,0,0,2,0,0,0,0,2,1,0,1,0,0,0,0,0,0,0,1,0,0,0,0,0,0,0,0,1,0,0,0,0,0,0,3,1,1,0,0,0,0,0,0,0,0,0,0,1,0,0,0,3,0,0,0,0,0,0,0,0,0,0,0,0,0,0,0,0,0,0,2,0,7,0,0,0,0,0,0,0,0,0,0,1,1,0,0,0,0,0,1,0,0,0,0,3,0,0,2,0,0,0,0,0,0,1,0,0,0,0,0,0,1,0,0,0,0,0,0,0,0,0,0,0,0,0,0,1,1,0,0,0,0,0,0,0,1,0,0,0,0,0,0,0,0,0,1,0,0,0,0,0,0,0,0,0,0,0,0,0,0,2,0,0,0,0,0,0,0,2,3,0,0,0,0,0,0,0,2,6,0,0,0,0,0,1,1,0,3,22,0,0,0,0,0,0,0,0,0,0,0,0,0,0,0,0,0,0,1,0,0,0,0,1,0,0,0,0,0,3,0,0,0,0,0,1,0,0,0,0,0,0,0,0,1,0,0,1,0,0,0,1,0,0,0,0,0,0,0,0,2,0,0,0,0,0,0,0,0,1,1,0,0,0,0,0,2,0,0,0,0,0,0,0,0,0,2,0,0,0,0,0,0,0,2,0,0,0,0,0,0,0,2,0,0,0,1,0,0,0,0,0,0,0,0,1,0,0,0,0,0,0,0,0,0,0,1,1,0,0,0,0,0,0,0,0,0,0,0,1,0,1,0,0,1,0,0,0,0,0,0,0,0,3,1,0,0,0,0,0,0,0,0,0,0,0,0,0,1,2,0,0,1,0,0,0,0,0,0,0,0,0,0,3,0,0,0,0,0,0,0,0,1,0,6,3,0,0,0,1,1,0,0,1,0,1,0,11,0,0,1,0,0,0,0,1,0,1,0,0,0,0,0,0,0,0,0,0,0,0,0,0,1,0,0,0,0,0,0,0,2,1,0,1,1,0,0,1,0,0,0,0,1,0,0,1,0,0,0,0,0,0,0,1,0,1,0,0,2,3,0,0,0,0,0,0,0,0,0,0,0,0,0,0,0,0,0,0,1,0,0,0,0,0,0,0,0,1,0,0,0,0,0,0,0,0,0,0,0,0,0,0,0,0,0,0,0,0,0,0,0,0,0,0,0,0,0,0,0,0,0,0,3,0,0,0,0,0,0,0,0,0,0,0,0,0,plehanov
plehanov_pervie_frazy_uchenia.txt,75,1,15,6,38,27,26,4,47,465,5,0,1,3,0,4,38,43,4,8,20,3,4,0,1,18,2,5,2,2,51,34,5,7,6,12,111,16,47,55,38,1,560,50,72,102,40,1,33,11,0,0,0,2,23,68,168,10,9,13,1,0,5,248,8,2,0,14,3,4,9,116,6,7,68,12,1,59,0,17,8,57,2,8,1,30,10,3,1,0,14,0,1,1,13,1,0,139,0,1,10,7,28,15,0,3,10,5,0,21,1,2,0,3,0,13,2,6,2,1,4,6,5,49,20,36,25,32,55,0,29,36,0,0,0,269,27,93,29,0,0,33,7,44,66,13,20,3,1,3,48,3,0,11,7,0,0,0,5,19,14,19,5,6,6,5,3,71,7,10,7,7,0,0,8,8,0,2,4,2,6,1,0,5,1,5,6,5,3,13,2,10,14,43,2,2,24,43,14,4,1,2,0,21,18,3,9,41,28,7,20,24,22,109,1,2,8,9,0,10,43,44,30,5,12,2,9,6,24,27,6,0,36,7,1,12,7,8,7,25,12,15,10,6,5,11,4,11,6,1,3,5,2,5,11,4,2,25,10,8,6,81,21,36,2,4,7,3,33,63,5,2,0,0,2,3,6,2,4,6,1,24,3,0,4,0,1,15,0,3,5,5,9,0,0,8,0,2,1,0,3,3,3,5,2,0,1,8,21,1,35,4,3,2,3,1,0,8,0,2,2,4,4,6,6,10,12,2,2,3,0,1,0,0,3,5,0,0,0,0,0,0,1,5,2,4,1,2,0,1,26,2,6,3,1,13,4,17,4,13,4,5,7,3,26,3,2,6,3,2,2,0,17,2,0,0,4,2,10,8,4,0,2,89,0,19,32,14,15,0,1,7,0,3,0,5,1,2,23,0,0,5,24,19,18,12,16,3,4,3,3,0,3,4,4,0,27,2,4,7,1,6,0,7,1,3,16,0,0,4,2,1,6,0,8,15,0,7,0,11,17,6,13,1,5,1,2,4,14,10,0,10,5,3,17,1,2,8,1,0,0,0,2,2,1,0,23,4,1,2,11,4,0,0,2,6,3,4,3,8,0,3,6,0,2,0,2,0,2,0,1,1,0,1,2,2,5,6,9,8,9,7,2,4,3,0,6,0,1,3,4,4,6,0,8,11,11,8,2,16,0,7,1,3,0,0,7,1,5,2,4,2,2,37,18,1,26,6,0,12,1,1,3,28,8,2,0,3,10,5,3,0,3,2,3,1,1,1,4,7,6,2,10,2,4,0,0,4,1,2,10,4,0,2,3,0,13,36,7,1,2,7,5,1,4,5,6,0,2,0,1,0,4,0,2,2,1,0,15,0,9,0,1,0,20,0,0,0,2,1,9,10,4,2,6,1,3,0,2,0,0,4,2,6,1,6,2,0,5,3,2,7,2,0,22,1,4,0,6,3,0,0,1,0,0,1,2,0,0,0,8,0,0,0,1,1,3,2,3,0,6,4,2,2,0,0,1,5,1,4,3,1,3,0,22,3,3,8,0,4,1,0,5,1,4,3,0,2,2,13,2,10,0,6,4,7,8,6,3,8,4,2,1,4,1,5,1,0,1,0,4,3,0,0,2,6,1,0,1,0,1,3,1,2,5,5,5,3,9,5,17,8,14,7,8,4,0,4,0,0,3,7,0,1,1,1,0,5,7,1,1,2,4,5,12,7,3,6,2,0,0,1,6,1,1,5,1,22,3,4,0,2,3,0,0,0,2,0,3,3,6,0,0,6,1,5,6,0,1,26,2,2,1,3,2,1,8,0,15,0,3,2,0,0,32,12,3,0,4,2,1,1,8,3,0,1,0,5,0,3,13,6,8,8,3,1,6,0,3,1,0,2,6,20,9,3,6,1,0,1,1,1,3,6,6,7,2,4,4,2,4,6,2,5,0,8,0,17,10,2,0,14,1,2,7,0,0,0,0,1,4,1,5,0,0,2,0,2,1,0,0,0,0,0,1,1,2,4,0,2,0,5,5,3,3,0,1,1,1,0,3,1,4,5,4,1,0,0,17,4,8,1,5,1,0,2,1,1,7,5,1,1,5,0,0,0,6,1,8,5,17,3,4,0,0,5,1,0,7,11,3,0,3,5,0,0,4,3,5,0,0,0,3,0,0,5,1,0,10,3,0,3,0,1,7,5,11,1,5,11,0,27,0,1,3,2,9,0,0,0,1,0,0,3,8,10,3,0,1,0,1,0,0,0,6,0,0,0,0,0,plehanov
plehanov_pessimizm_kak_otrazhenie.txt,61,0,8,4,0,2,1,1,52,266,0,1,1,1,0,0,11,41,3,6,9,0,0,2,5,13,3,2,0,0,40,28,2,3,4,2,73,20,23,24,26,1,377,28,26,72,24,0,12,6,1,0,1,1,10,65,99,4,5,13,2,2,1,210,13,0,3,19,5,1,4,88,11,3,68,14,0,46,0,0,4,49,0,1,2,22,7,1,1,2,15,1,0,1,1,0,3,85,0,0,9,2,13,5,1,2,16,4,0,18,2,0,0,2,0,0,0,0,0,1,4,4,1,35,5,26,23,21,32,1,50,22,0,0,0,157,12,51,15,1,0,11,0,0,54,19,12,2,1,0,27,5,0,3,6,0,0,0,0,10,3,5,2,1,5,2,3,29,4,5,6,4,1,0,2,4,0,1,0,1,0,0,0,0,0,2,1,0,0,3,1,3,3,21,4,6,10,24,15,10,0,0,0,2,0,0,6,18,18,1,1,9,2,68,1,4,6,7,0,1,4,1,0,5,4,0,8,3,18,13,0,0,15,3,0,2,2,11,4,12,9,2,4,3,2,17,7,40,0,10,3,16,17,7,4,4,0,31,21,16,3,45,6,2,2,2,5,2,14,33,7,0,0,0,0,1,0,1,1,0,0,15,0,0,4,1,1,8,0,0,0,0,0,0,0,2,0,0,1,2,3,1,1,1,1,0,0,1,0,2,8,1,0,3,1,0,1,4,0,0,1,1,0,6,8,1,0,0,0,0,0,0,0,0,3,2,13,3,1,2,9,9,0,5,2,2,3,4,0,0,13,2,4,4,3,17,18,3,4,11,3,3,6,2,9,0,0,1,0,1,1,2,6,2,2,0,1,2,4,0,3,0,1,59,0,7,18,3,3,0,0,9,4,2,3,0,0,0,16,0,0,2,19,8,10,2,11,0,1,1,0,0,1,10,2,1,28,2,0,1,0,0,0,6,2,0,10,0,0,1,12,1,0,1,3,12,0,14,0,5,9,4,21,1,2,0,2,1,0,5,4,10,5,0,28,6,2,5,0,1,0,0,1,2,1,1,11,0,3,4,5,8,5,0,4,0,0,0,7,5,2,7,6,1,7,0,0,1,3,0,0,1,0,0,1,0,4,4,4,10,5,0,1,8,0,0,0,0,0,2,1,0,3,0,10,15,3,7,1,5,0,9,0,0,3,0,7,2,0,2,6,2,1,1,6,1,18,4,0,0,5,0,1,10,0,1,0,5,1,1,2,0,3,1,3,0,0,0,3,5,9,6,4,3,0,0,0,3,1,0,4,2,3,3,2,0,10,2,9,0,9,0,0,2,6,2,11,0,2,1,6,1,2,0,0,1,1,0,2,0,6,1,0,0,10,0,0,0,5,1,5,2,3,0,3,1,1,1,0,0,0,4,0,0,3,5,2,3,0,3,0,5,3,0,10,3,5,0,2,6,0,0,5,4,0,2,0,0,0,0,3,0,0,0,4,1,3,1,3,2,1,2,1,0,1,2,0,11,1,4,3,4,3,2,1,2,1,3,0,0,1,0,9,3,0,2,0,0,0,5,0,5,0,5,1,0,1,1,4,2,3,2,0,3,2,2,0,1,0,1,3,0,0,1,4,3,2,0,0,0,0,2,6,1,2,3,1,0,0,3,3,1,6,4,3,2,1,1,0,0,3,4,0,3,2,0,2,0,6,3,0,0,1,0,4,1,0,2,0,2,7,0,1,4,5,17,3,0,1,1,5,1,7,2,2,0,0,4,4,0,8,0,2,2,0,3,1,2,0,12,0,5,0,3,1,0,11,0,1,1,0,1,1,3,0,0,0,3,0,2,0,1,1,1,1,6,0,5,0,2,3,9,0,3,0,4,3,0,0,0,1,0,2,4,5,1,6,1,0,0,0,2,2,1,0,1,1,1,6,6,6,1,0,2,2,1,0,7,1,0,2,24,0,1,2,0,0,0,0,0,0,0,7,0,0,0,0,3,0,0,0,0,0,0,0,2,1,2,3,2,1,2,2,1,7,0,5,13,3,0,1,2,3,0,1,4,0,2,6,3,1,3,1,4,2,1,1,5,0,2,5,0,1,0,0,0,1,2,2,0,6,0,3,0,6,0,0,0,0,3,1,5,0,0,0,2,0,0,0,0,0,0,1,0,0,2,0,0,0,2,0,4,0,1,0,1,2,10,0,1,0,2,0,1,0,0,2,0,0,1,0,0,2,0,1,2,3,0,0,0,0,0,0,0,0,0,0,0,0,0,plehanov
plehanov_pismo_k_rabochim.txt,5,0,0,1,0,0,0,0,2,12,0,0,0,0,0,0,1,4,2,1,1,0,0,0,0,0,0,1,0,0,3,1,0,0,0,0,3,0,2,3,4,1,11,1,0,3,3,0,1,1,0,0,0,0,1,6,7,0,3,3,0,0,0,17,1,1,1,0,0,0,0,2,0,0,3,5,0,2,0,2,0,0,0,0,0,4,0,1,3,0,0,0,0,0,1,0,0,7,0,0,0,0,0,0,0,0,1,0,0,0,0,0,0,0,0,0,0,0,0,0,1,0,0,1,0,4,7,0,0,0,2,2,0,0,0,12,1,3,0,0,0,0,0,1,3,0,1,2,0,0,1,1,0,0,1,0,0,0,0,1,0,2,0,0,0,0,0,5,0,0,0,0,0,0,0,3,0,1,0,0,0,0,0,0,0,0,0,0,0,2,0,0,0,2,1,0,0,2,1,0,0,0,0,0,0,0,0,1,1,0,0,0,0,5,0,0,0,0,0,0,1,0,0,0,0,1,0,0,0,1,0,0,1,0,0,0,0,0,0,0,1,0,0,0,0,1,1,2,0,0,2,1,3,0,2,0,0,1,0,1,0,0,1,0,0,0,0,0,0,1,0,0,0,0,0,0,0,0,0,0,0,1,0,0,0,0,1,0,0,0,0,0,0,0,0,0,0,0,1,0,0,0,0,0,0,0,0,0,0,0,2,0,0,0,0,0,0,1,0,0,2,0,1,0,0,0,0,0,0,0,0,0,0,0,0,0,0,0,0,0,0,0,0,0,0,1,0,0,1,2,0,0,0,0,1,1,1,0,0,0,0,0,0,0,0,1,1,0,0,0,0,0,0,0,0,0,0,0,0,0,1,0,0,3,0,0,0,2,0,0,2,0,0,0,0,0,0,0,2,0,0,0,0,0,3,0,1,0,0,0,0,0,0,3,0,0,0,0,0,0,0,0,0,1,0,2,0,0,0,0,0,0,0,0,0,0,0,0,0,0,0,0,0,0,0,2,0,0,0,1,0,1,1,0,0,0,0,0,0,1,1,0,0,0,0,0,0,0,0,0,0,0,0,0,0,3,0,0,0,0,0,1,1,0,0,0,0,0,0,0,0,0,0,0,0,0,1,0,0,0,0,0,0,1,0,0,0,0,0,0,0,0,0,0,0,0,0,0,0,0,2,0,0,0,0,0,0,0,0,0,0,3,0,0,0,1,0,0,0,0,1,0,0,1,0,0,0,0,0,0,0,0,1,0,0,0,0,0,0,1,0,0,0,0,0,0,0,0,0,0,0,0,0,0,0,0,0,0,0,0,0,0,0,0,2,0,0,0,0,0,0,0,0,0,0,0,0,0,0,0,0,1,0,0,0,0,0,0,0,0,0,0,0,0,0,0,0,0,0,0,0,0,1,0,0,0,0,0,0,0,0,1,0,0,1,0,0,0,1,0,0,0,0,1,0,0,0,0,0,0,0,0,0,0,5,0,0,1,0,0,0,2,0,0,0,0,0,0,0,0,0,0,0,0,0,0,0,0,0,0,0,0,0,0,0,0,0,0,1,1,0,0,0,0,0,0,0,0,0,0,0,0,0,0,0,0,0,1,0,0,0,0,0,0,0,0,0,1,0,0,0,0,1,0,0,0,0,0,0,2,0,0,0,0,0,0,0,0,0,0,0,0,0,0,0,1,0,0,0,0,0,0,0,0,0,0,0,0,0,0,0,0,0,0,0,5,0,0,0,0,0,0,0,0,0,0,0,0,0,0,1,0,0,0,0,0,0,0,0,0,0,0,0,0,0,0,0,0,1,0,0,0,0,0,1,1,0,0,0,0,0,0,0,0,0,0,0,1,0,0,0,0,0,0,0,0,0,0,0,1,0,0,0,0,0,1,0,0,0,1,0,0,0,1,0,0,0,0,0,0,0,0,0,0,0,0,0,0,0,0,0,1,0,0,0,0,0,0,0,0,0,0,0,0,0,0,0,0,0,0,0,0,0,0,0,0,0,0,0,0,0,0,0,0,1,0,0,0,0,3,0,0,0,0,0,0,0,0,0,0,0,0,0,0,2,0,0,0,0,0,0,0,0,0,2,0,2,0,0,0,0,0,0,0,0,0,0,0,0,0,0,0,0,0,0,0,0,0,0,0,0,1,0,0,0,0,0,0,0,4,0,1,0,2,0,0,0,0,0,0,0,0,0,0,0,0,0,0,0,1,0,0,0,0,0,0,0,0,0,0,0,0,0,0,0,0,0,0,0,0,plehanov
plehanov_police_anisemitizm_I.txt,13,0,5,0,0,0,1,1,18,65,0,1,1,1,1,0,2,16,0,4,3,1,0,1,0,0,2,0,0,1,6,3,1,0,0,1,14,2,12,11,7,0,93,15,9,16,8,1,1,3,1,1,0,0,0,18,32,5,0,0,0,0,0,82,1,2,1,0,0,0,2,25,2,3,5,3,0,8,0,2,3,7,1,1,1,6,2,1,2,0,4,0,0,0,3,0,1,24,0,0,1,1,0,1,0,0,2,0,0,5,0,0,1,1,0,8,0,0,0,0,0,0,0,7,0,4,10,5,7,0,5,10,0,1,0,56,7,21,4,0,1,2,0,4,22,2,6,3,0,1,5,3,0,2,2,0,0,0,0,1,1,3,2,2,0,0,0,20,0,1,1,0,0,0,0,2,0,0,2,0,1,0,0,3,0,0,0,0,1,1,0,0,2,9,1,0,5,7,0,0,0,0,1,4,0,1,0,4,5,2,0,0,0,14,0,0,0,1,0,0,0,0,0,2,3,1,3,4,5,1,0,0,4,1,0,1,2,3,2,1,0,2,0,2,0,4,4,6,1,0,0,0,2,3,1,1,0,11,2,5,0,7,0,1,0,4,0,0,1,7,3,1,0,0,0,0,1,0,0,1,0,7,0,0,0,0,0,4,0,0,2,0,1,3,2,0,0,0,0,0,0,0,0,1,1,0,0,2,5,0,3,0,0,0,1,0,0,1,0,0,4,0,0,0,0,0,0,0,0,0,0,0,0,0,1,1,1,0,3,0,0,0,0,0,0,1,0,0,0,0,0,0,3,0,2,1,5,1,0,3,1,1,3,0,1,0,1,1,0,0,0,0,2,0,0,0,0,4,0,2,1,0,0,20,0,7,6,2,1,0,0,0,1,0,1,0,0,0,2,0,0,0,1,5,7,1,7,0,0,0,0,0,1,2,0,0,8,0,0,0,0,1,0,6,0,1,2,0,0,0,2,0,1,1,3,4,0,4,0,2,0,2,3,0,0,2,0,0,0,2,0,0,0,1,2,1,1,1,0,1,0,0,0,0,1,2,7,0,0,0,1,0,0,1,1,0,0,0,0,1,0,0,5,2,2,0,1,0,3,0,0,0,0,1,1,1,1,0,3,1,1,0,0,1,1,0,0,0,0,0,1,3,0,1,2,4,1,1,1,0,0,0,0,0,0,0,0,0,1,2,2,1,0,0,2,0,6,2,0,0,0,0,0,5,0,0,0,0,0,0,0,0,0,0,0,0,0,1,0,0,1,2,1,0,0,0,1,0,0,2,1,0,1,0,0,1,1,0,0,1,1,1,0,0,3,0,1,0,2,0,0,0,0,0,0,0,0,0,1,0,1,0,0,0,2,0,0,0,3,1,1,1,1,0,0,0,0,0,0,0,1,0,3,1,0,2,0,1,0,0,0,2,0,0,2,0,0,0,1,0,0,0,0,0,0,0,1,0,0,1,0,0,2,1,2,1,1,1,0,2,1,2,2,0,0,0,1,1,0,0,2,1,0,0,1,1,1,0,0,0,0,0,0,0,0,0,0,0,0,2,0,2,0,0,0,1,4,2,1,1,2,0,0,1,1,1,0,0,0,0,1,0,0,0,0,0,0,0,0,0,0,0,0,1,0,1,3,0,0,0,0,0,0,0,0,1,1,0,2,0,0,1,1,0,0,0,0,1,1,0,1,0,0,0,0,0,0,0,0,0,0,0,2,0,0,3,0,0,0,2,0,1,0,0,0,0,0,0,0,2,1,0,0,0,0,0,0,0,0,0,1,5,0,0,0,0,3,0,1,0,0,1,0,0,0,0,0,0,2,0,0,0,1,0,0,0,0,0,0,0,0,0,3,3,1,0,1,0,0,0,0,0,0,0,0,0,1,0,0,1,0,0,2,0,0,1,0,0,0,1,2,0,0,1,0,0,1,6,0,0,0,5,0,3,0,0,0,0,0,0,0,0,0,0,0,0,0,0,0,0,0,1,0,0,0,0,2,0,0,0,0,0,5,1,5,0,1,0,0,0,0,1,0,0,0,0,0,0,0,0,0,0,3,0,0,0,0,0,0,1,1,0,0,3,0,0,0,3,0,0,0,0,1,0,0,0,0,0,0,0,0,0,0,0,0,0,0,0,0,0,0,0,0,0,0,0,0,0,0,1,0,2,0,0,0,0,0,0,1,0,0,0,0,1,0,0,0,0,0,0,0,0,0,0,0,0,1,0,0,0,0,0,0,0,0,0,0,0,0,0,plehanov
plehanov_pora_obyasnitsya.txt,8,0,1,0,0,0,1,2,2,25,0,0,0,0,0,0,3,2,2,1,1,0,0,0,0,2,0,0,1,0,2,8,0,0,0,0,3,2,5,8,3,0,33,6,3,14,3,0,3,3,0,0,0,0,4,4,17,1,0,1,1,0,0,35,1,0,0,3,0,0,0,16,3,4,5,0,0,8,1,4,1,12,0,0,0,1,1,0,1,0,2,0,0,0,0,0,0,14,0,0,0,0,0,0,0,0,1,1,0,2,0,0,0,0,0,1,0,0,0,0,0,0,1,4,1,1,1,3,11,0,3,1,0,0,0,29,0,18,2,0,0,1,0,1,8,4,5,1,0,0,3,1,1,1,0,2,0,0,0,0,1,2,0,0,0,0,0,1,1,1,0,1,0,0,1,0,0,0,0,0,0,0,0,1,0,0,0,3,2,1,4,1,1,7,2,0,3,1,0,0,1,0,0,0,0,0,3,3,1,0,1,0,0,9,0,0,2,2,0,1,0,0,0,0,0,2,2,0,1,1,0,0,1,0,0,0,2,0,0,2,0,1,0,0,0,0,2,1,0,0,2,0,0,1,0,0,0,1,1,2,0,2,3,0,0,0,1,1,8,1,1,0,0,0,0,0,0,0,0,0,0,4,1,0,1,0,0,0,0,1,1,0,0,0,0,0,0,0,0,1,0,0,2,0,0,0,0,0,0,3,3,0,1,0,1,0,0,0,0,0,1,1,1,1,0,0,0,0,0,0,0,0,0,0,1,0,0,0,0,0,0,0,0,0,0,0,1,0,0,7,2,0,1,0,0,2,3,0,3,0,0,0,0,0,2,0,0,0,0,0,0,0,1,0,0,0,1,2,0,0,1,0,0,11,0,1,0,1,3,0,0,0,1,0,0,0,1,0,2,0,0,0,0,0,5,1,2,1,0,0,0,0,0,2,1,0,0,0,0,1,0,0,0,4,0,0,3,0,0,0,1,1,0,1,0,1,1,0,0,0,2,0,2,0,0,0,0,0,0,0,0,0,1,0,1,0,0,1,0,0,0,0,0,0,0,1,1,0,0,0,3,1,0,0,0,0,0,0,1,0,0,0,2,0,2,0,0,1,0,0,0,0,0,0,0,0,2,0,0,1,1,0,1,1,0,0,0,0,0,1,0,0,0,0,0,1,4,1,0,1,2,3,0,0,0,0,0,1,1,0,0,1,0,0,1,0,6,0,0,0,0,1,0,5,0,0,0,0,0,0,0,0,0,0,1,0,0,0,1,2,0,0,2,0,0,0,0,0,2,0,1,0,1,1,0,2,2,0,0,0,0,2,0,0,0,0,3,0,0,1,0,0,0,0,8,0,0,0,1,0,0,0,0,0,0,0,1,0,0,0,0,1,0,0,1,0,0,1,1,0,0,0,2,0,0,2,0,0,0,0,0,0,0,0,2,0,0,0,1,0,0,0,0,2,0,0,0,0,0,0,1,0,0,0,1,0,0,0,2,0,0,0,1,1,0,0,0,1,0,0,0,0,0,1,0,0,1,0,0,0,0,0,0,0,0,0,0,0,0,1,0,0,0,0,1,0,0,2,4,3,0,0,0,0,0,0,0,0,0,0,2,0,1,1,0,1,0,0,0,0,0,1,0,1,0,0,0,0,0,1,3,0,0,0,0,2,0,0,1,1,0,0,0,0,0,0,0,0,0,0,1,0,0,0,0,0,0,1,0,0,0,0,1,0,0,3,1,0,0,0,0,0,0,0,0,0,0,1,2,0,0,1,0,0,0,0,0,0,0,0,0,0,0,0,0,0,0,0,2,0,0,3,0,0,0,0,0,0,0,0,0,0,1,4,0,0,0,2,0,0,0,2,0,0,1,0,0,0,0,1,0,0,0,0,0,0,1,0,0,0,0,0,0,1,0,0,1,0,0,6,0,0,0,0,0,0,0,3,0,0,0,13,0,1,1,0,0,0,0,0,0,2,0,0,0,0,0,0,0,1,0,0,0,0,0,0,0,1,0,0,0,0,7,0,3,0,0,1,0,8,0,0,1,0,0,0,1,0,0,0,0,0,0,0,0,0,0,0,0,1,0,0,0,5,0,0,0,2,0,0,0,0,0,0,7,0,0,0,0,0,0,0,0,0,0,1,0,0,0,0,0,0,0,0,0,0,0,0,0,0,0,0,0,0,0,0,0,0,0,0,0,0,0,0,1,0,0,0,0,0,0,0,0,0,0,0,0,0,0,0,0,0,0,1,0,0,0,0,0,0,plehanov
plehanov_simptomat_mistake.txt,11,0,1,2,2,0,0,0,9,35,0,0,0,1,0,0,1,5,0,1,0,0,0,0,1,1,0,1,0,0,6,2,0,0,0,0,19,2,6,10,2,0,61,8,6,12,0,0,4,1,0,1,0,0,5,1,19,1,0,0,0,0,0,45,2,0,1,2,0,0,1,16,1,1,8,2,0,5,0,0,3,10,1,0,0,2,0,0,0,0,1,0,0,0,0,0,0,12,0,0,1,1,2,0,1,1,1,1,0,5,0,0,0,0,0,0,0,0,0,0,1,1,0,6,3,7,6,3,10,0,4,3,0,0,0,33,5,13,4,0,0,1,0,0,13,2,10,0,0,0,2,2,0,0,3,0,0,0,0,1,0,1,0,0,2,0,0,0,0,0,0,0,0,0,0,3,0,2,6,0,0,0,0,0,0,0,0,2,1,0,0,0,0,6,0,0,2,3,0,1,1,1,0,1,0,0,0,1,5,4,0,0,0,12,0,0,0,1,0,0,0,0,0,3,0,0,4,0,1,2,0,0,3,1,0,0,0,0,0,5,0,4,0,1,0,1,0,5,0,5,3,4,3,2,1,0,0,1,1,2,0,5,2,2,0,1,1,1,9,8,0,0,0,0,0,2,1,0,0,1,0,7,0,0,0,0,0,4,0,0,0,0,0,0,0,1,0,0,1,0,0,2,0,0,2,0,0,0,0,0,1,0,0,0,0,0,0,0,0,0,0,0,0,2,0,0,0,0,0,0,0,0,0,0,3,2,4,1,0,0,0,3,0,3,0,0,1,1,0,1,0,2,2,0,0,5,0,0,3,0,2,0,0,0,1,1,0,0,0,0,0,0,1,0,2,0,0,0,0,1,4,0,0,5,0,1,6,3,2,0,0,0,1,0,0,0,0,0,4,0,0,0,4,3,2,1,2,1,0,0,0,0,0,0,0,0,3,0,0,2,0,0,0,2,1,2,1,0,0,0,0,0,1,0,1,0,1,2,0,0,2,0,1,0,1,0,0,0,0,1,0,2,1,0,4,0,0,1,0,0,0,0,1,0,2,0,0,0,0,0,0,0,0,0,2,0,0,0,0,0,0,0,3,0,0,0,0,0,0,0,0,0,0,0,0,0,1,1,1,5,1,0,0,3,0,0,0,0,0,0,0,2,0,0,1,2,1,0,2,0,0,1,0,0,0,1,0,0,0,0,4,0,1,0,4,0,8,1,0,0,0,1,0,5,2,1,0,3,1,0,0,0,0,0,1,0,0,0,0,1,0,0,1,0,0,0,0,0,0,0,1,3,0,0,0,0,2,0,0,0,1,1,0,0,0,0,0,0,0,0,0,0,1,0,0,0,0,0,1,0,0,0,0,0,0,0,1,0,0,0,0,1,0,0,1,0,0,0,0,0,0,0,0,2,0,3,0,0,0,0,1,1,3,0,2,0,0,0,0,0,0,0,0,0,0,1,0,0,0,0,1,0,0,0,0,0,0,1,1,0,1,1,0,0,0,0,0,0,0,0,0,0,0,0,0,0,0,0,0,0,0,0,0,0,0,0,0,0,0,5,0,1,0,0,0,0,1,1,3,0,2,0,0,0,2,0,0,1,0,0,1,0,0,0,0,0,0,0,0,0,0,0,0,1,0,0,1,0,0,0,5,0,2,1,0,0,1,1,0,0,0,1,1,0,0,1,0,0,3,0,0,0,0,0,0,0,0,1,0,0,1,0,1,0,0,0,1,0,0,1,0,1,1,0,0,0,0,2,0,0,2,0,0,1,0,2,0,0,0,0,0,0,0,0,2,0,0,0,0,0,0,0,0,0,0,0,0,0,0,0,0,0,0,1,0,0,0,0,0,0,0,2,0,1,0,0,0,0,0,0,0,0,0,0,1,0,0,0,0,1,0,0,0,0,0,0,0,1,2,4,0,1,0,2,0,2,0,0,0,0,0,13,0,0,0,0,0,0,0,0,0,0,0,0,0,0,0,0,0,0,0,1,0,0,1,0,0,1,1,0,0,0,0,1,0,0,1,2,1,0,0,0,0,0,0,2,0,7,0,0,0,0,1,0,3,0,0,1,0,1,0,0,0,0,0,0,0,0,0,0,0,0,0,9,0,0,0,0,0,0,0,0,0,0,0,0,0,1,1,0,0,0,0,0,0,0,0,0,0,0,0,0,0,0,0,0,1,0,0,0,0,0,0,0,0,0,0,0,0,1,0,0,0,0,0,0,0,0,0,0,0,0,0,1,0,0,0,0,0,0,plehanov
plehanov_slovo_prinadlezhit_menshevikam.txt,12,0,0,0,0,0,0,0,3,29,0,0,0,0,0,0,1,3,0,0,1,0,0,0,1,0,2,0,0,0,6,2,0,0,0,0,5,0,9,4,2,0,31,4,3,5,0,0,2,2,0,0,0,1,5,2,12,1,0,0,0,0,0,33,1,1,1,2,0,0,0,10,0,0,1,5,0,3,1,7,1,8,0,1,0,0,1,0,0,0,4,0,0,0,0,0,0,14,0,0,2,0,1,0,0,0,1,0,0,0,0,0,0,0,1,0,0,0,0,0,0,0,0,4,1,1,0,1,11,0,3,1,0,0,0,19,1,5,2,0,0,0,0,1,18,0,6,1,0,0,3,0,1,1,3,0,0,0,0,1,1,1,0,0,0,1,0,1,1,0,0,0,0,0,0,0,0,0,1,0,0,0,0,0,0,1,2,1,2,0,0,1,2,2,1,0,1,5,0,0,0,0,0,0,0,0,0,2,0,1,0,0,0,11,0,0,1,1,0,0,0,0,0,3,1,0,0,0,1,0,0,0,3,0,0,0,0,0,0,1,2,0,0,0,1,0,1,3,0,2,0,3,8,1,0,0,1,1,0,0,0,11,1,0,0,0,0,0,4,1,0,0,0,0,0,0,0,0,0,0,0,2,0,0,0,0,0,0,0,1,0,1,0,1,0,0,0,1,0,0,0,1,0,0,0,0,0,0,0,0,0,0,1,0,0,0,0,1,0,0,0,0,0,0,1,0,0,0,0,0,0,0,0,0,0,0,1,0,0,0,0,0,0,1,0,1,0,0,0,0,4,0,1,0,0,2,1,0,0,1,0,0,2,0,1,0,0,0,0,0,0,0,1,0,0,0,0,0,1,1,0,1,0,6,0,1,5,3,2,0,0,0,0,0,0,0,0,0,0,0,0,0,1,1,4,0,1,0,0,0,0,0,1,1,1,0,1,0,0,0,0,0,0,1,0,0,0,0,0,0,2,0,0,0,4,1,1,0,0,0,4,0,2,0,0,0,0,0,0,0,0,2,1,0,1,2,0,0,0,1,0,0,0,0,0,0,1,0,0,0,0,0,0,1,2,1,0,0,2,0,0,0,0,0,0,0,0,1,0,0,0,0,0,0,0,0,0,0,3,0,0,0,0,2,0,0,0,0,0,0,0,1,0,0,0,0,0,0,1,1,0,4,0,0,0,0,0,0,0,0,0,0,0,0,1,0,1,1,0,0,0,0,0,5,0,0,0,0,0,0,0,0,0,0,1,0,0,0,0,0,0,0,0,0,0,0,0,2,1,0,0,0,0,0,0,0,1,0,0,4,2,1,0,0,0,1,2,0,0,0,0,0,1,0,3,0,0,0,0,0,0,0,0,0,0,0,0,0,0,0,1,0,0,0,0,0,1,0,0,0,0,0,0,0,0,3,0,0,0,0,0,1,1,0,0,1,0,0,1,0,0,0,0,1,0,0,0,0,0,0,1,0,0,0,5,0,0,0,0,0,0,0,0,0,0,0,0,0,0,0,1,0,0,0,0,0,0,0,0,0,0,0,2,2,0,3,0,0,0,2,0,1,0,0,1,0,0,0,0,0,0,0,1,0,0,1,0,0,0,0,1,0,0,0,0,0,0,0,0,0,0,1,0,0,0,1,2,0,0,0,2,0,0,0,0,0,0,0,0,0,0,0,0,0,0,0,0,0,1,0,0,0,0,0,0,0,0,0,0,0,0,0,0,0,0,12,0,0,0,0,0,0,0,0,0,0,0,0,0,0,1,0,0,0,0,0,0,0,0,0,0,0,0,0,1,1,0,0,0,0,0,1,0,0,0,0,0,0,1,0,0,0,0,0,0,0,0,0,1,0,0,0,0,0,0,0,0,0,1,0,0,0,0,1,1,0,0,0,1,0,0,0,0,0,0,0,0,0,6,7,4,0,0,0,0,0,0,0,0,0,0,16,0,0,0,0,0,0,1,0,0,0,1,0,0,1,0,0,3,0,1,0,0,0,0,0,0,0,0,1,0,0,0,0,1,0,0,0,0,0,0,0,0,0,0,0,3,0,0,0,0,0,0,0,0,0,0,0,0,1,0,0,0,0,0,0,0,0,0,0,0,0,0,1,0,0,0,0,0,0,0,0,0,0,0,0,0,0,0,0,1,0,0,1,0,0,0,0,0,2,0,0,0,0,0,0,0,0,0,0,0,0,0,0,0,0,1,0,0,0,0,4,0,0,0,0,0,0,0,0,0,0,0,1,0,0,0,0,0,0,plehanov
plehanov_torzhestvo_sr_I.txt,3,0,0,1,0,0,1,0,3,26,0,1,0,0,0,0,0,9,0,0,0,0,0,0,0,1,0,0,0,1,4,8,0,0,0,0,3,0,1,3,2,0,34,2,4,5,3,0,1,2,0,1,0,0,4,10,12,0,0,0,0,0,0,25,0,0,0,1,0,2,0,8,1,0,0,0,0,4,0,5,7,18,1,5,0,2,0,0,0,0,0,0,0,0,0,7,1,7,0,0,0,2,3,0,0,0,3,0,0,0,0,0,0,0,0,6,0,7,0,0,0,0,0,6,0,1,1,1,6,0,1,1,0,0,0,23,3,7,1,0,0,0,0,1,3,1,0,0,0,0,2,0,1,3,0,0,0,0,0,1,2,1,0,1,1,0,0,3,1,0,0,1,0,0,0,0,0,1,1,0,2,1,0,0,0,1,0,0,0,0,0,0,0,1,0,0,2,4,0,0,0,0,0,1,0,3,0,4,1,0,0,0,0,5,0,2,1,1,0,0,0,0,0,3,1,0,0,0,2,0,0,0,0,2,0,1,0,0,0,0,0,1,0,0,1,4,0,2,0,1,0,0,7,3,0,0,0,11,1,1,0,10,3,0,0,1,0,0,2,3,1,1,0,0,0,1,0,0,0,0,0,0,5,0,1,0,0,0,0,0,0,0,0,0,0,0,1,0,0,0,0,0,0,0,0,0,1,0,1,0,3,0,0,0,0,0,0,0,0,0,0,0,0,0,0,0,0,1,0,5,1,0,0,0,1,0,5,0,3,1,0,0,0,1,1,1,0,0,0,0,2,1,0,0,0,4,1,0,0,1,0,2,0,3,0,0,0,0,7,0,0,0,2,0,0,0,0,0,0,0,0,4,0,7,4,1,1,1,1,1,0,0,0,0,0,0,0,0,1,0,0,0,1,0,3,1,0,0,0,0,0,0,0,0,0,0,4,0,0,0,0,0,0,1,0,0,0,0,0,0,3,0,0,0,1,1,0,1,0,0,0,0,2,0,1,0,0,0,0,1,0,2,0,3,2,0,0,0,0,0,0,0,0,0,2,0,0,0,0,0,0,0,0,0,3,0,0,0,0,0,0,0,0,0,2,0,1,0,1,0,0,0,0,0,0,2,0,0,0,2,0,0,0,2,0,0,0,0,0,0,0,1,0,0,0,2,1,0,0,3,0,0,0,0,0,4,0,0,0,0,0,0,1,0,0,0,0,0,0,0,1,0,0,0,1,0,0,0,0,0,0,0,0,0,0,0,0,0,0,0,0,0,2,0,1,0,1,0,0,0,0,0,2,0,0,0,0,0,3,0,1,2,0,0,2,1,0,0,0,0,0,1,1,0,5,0,0,1,0,0,0,0,0,0,0,0,0,0,0,0,1,0,0,0,1,1,0,1,0,0,0,0,1,0,0,1,0,0,0,0,0,0,0,3,0,0,0,0,0,0,0,0,0,0,0,0,0,0,1,1,1,0,0,0,0,1,1,0,0,1,0,0,1,0,0,0,1,1,0,0,0,0,0,0,0,0,0,0,0,0,0,0,0,0,0,1,0,0,0,1,0,0,0,1,0,0,0,1,1,0,0,0,0,1,6,0,0,0,0,0,0,0,0,0,2,2,0,0,0,0,0,0,1,0,0,0,0,0,0,0,2,0,0,0,0,1,0,0,0,0,0,1,0,0,0,6,0,0,0,0,0,0,0,0,0,0,1,0,0,0,0,0,0,0,0,1,0,0,0,0,0,0,2,0,0,0,0,0,0,0,3,1,0,0,0,3,1,0,0,0,0,0,0,0,1,0,0,0,0,0,0,0,0,0,0,0,0,1,0,0,1,0,1,1,0,0,0,0,0,0,0,1,0,0,0,0,0,0,0,0,0,0,0,0,0,0,0,0,0,0,0,0,0,0,0,1,0,0,0,0,0,0,0,0,0,0,1,0,0,0,0,0,0,0,0,0,0,0,0,0,0,0,0,0,1,0,2,0,0,0,0,1,0,0,1,1,0,0,0,0,0,0,0,1,1,0,1,0,0,0,0,0,0,0,0,0,0,0,0,0,0,0,0,0,0,0,0,0,0,1,0,0,0,0,0,0,0,0,0,0,0,0,0,0,0,0,0,0,0,0,0,4,0,0,0,0,0,0,0,0,0,0,0,0,0,0,0,0,0,0,0,0,0,0,0,0,0,0,1,0,0,0,0,1,0,0,0,0,0,0,1,0,0,1,0,0,1,0,0,0,0,0,0,0,0,0,0,1,0,0,plehanov
plehanov_uspenskiy.txt,123,1,20,20,1,2,1,3,49,494,5,2,3,6,1,0,21,85,10,15,21,0,0,2,8,41,5,8,6,0,65,31,3,6,5,10,181,51,30,106,57,2,668,73,44,176,30,0,21,15,3,2,3,2,44,83,193,16,18,13,7,4,5,367,40,5,2,38,8,2,13,144,21,15,240,15,2,52,0,0,10,88,0,3,1,20,17,1,4,0,25,4,1,2,4,0,8,186,1,0,9,5,20,8,2,5,14,10,0,26,0,1,3,1,0,3,1,0,0,2,1,5,6,63,13,30,26,36,81,2,68,40,2,0,6,321,34,81,12,0,0,25,0,8,88,22,21,9,3,9,30,6,6,17,9,0,5,2,0,8,7,17,2,9,4,0,4,16,4,7,1,10,0,0,7,1,1,0,3,1,0,1,0,0,1,7,3,9,4,5,3,13,11,36,10,2,32,29,33,21,0,0,0,8,4,0,1,52,25,7,8,9,7,149,0,8,11,23,0,0,2,2,1,13,9,3,18,11,14,12,2,0,21,2,0,7,6,29,8,36,12,7,18,4,9,27,1,16,0,10,4,17,14,13,13,7,0,66,23,24,3,70,21,3,0,2,6,4,31,35,11,6,0,2,0,1,8,0,0,3,5,24,0,2,4,1,1,12,0,1,1,1,1,1,0,7,0,1,1,2,1,4,0,1,2,0,0,2,5,6,9,0,2,1,1,1,5,6,0,1,1,1,1,17,0,8,1,0,1,2,0,1,1,0,5,3,16,1,6,5,9,10,1,4,1,9,3,7,1,1,26,6,15,1,9,32,21,11,5,16,4,4,7,1,9,1,1,1,0,2,2,2,20,1,0,0,8,2,12,10,12,0,3,139,0,17,33,16,14,0,3,63,14,12,12,1,0,5,37,1,0,2,17,11,27,17,26,10,0,0,0,0,1,26,3,0,10,6,2,11,0,2,0,26,3,1,25,3,4,0,28,0,0,1,8,21,4,15,0,6,10,1,15,6,12,0,8,7,1,6,0,6,11,7,33,12,4,9,3,5,0,0,3,2,9,1,17,5,3,12,13,11,5,0,5,0,2,0,5,3,0,6,4,0,5,0,0,4,2,0,1,0,0,0,0,0,13,6,12,25,15,1,7,16,0,0,1,1,2,1,3,6,2,0,10,29,8,12,1,10,0,3,2,4,7,11,10,3,11,1,11,6,0,0,5,0,43,9,1,0,4,0,2,5,4,2,6,9,2,0,7,3,0,1,6,0,0,0,4,6,1,6,3,7,2,0,0,6,9,4,12,3,2,5,2,0,14,5,5,3,13,12,1,2,24,8,19,1,2,0,5,0,5,0,0,0,1,0,6,0,11,2,0,1,5,0,0,0,4,8,7,2,6,0,3,2,2,1,1,0,0,4,5,0,0,8,7,3,0,1,0,13,12,3,27,0,11,0,10,5,0,0,3,2,0,4,0,0,0,0,6,0,0,0,10,4,5,7,5,2,1,17,5,2,2,1,10,14,0,3,10,7,7,2,16,2,4,7,0,0,5,2,8,4,3,1,0,0,0,15,0,16,0,3,4,2,2,3,20,9,4,3,1,7,4,9,0,9,0,1,7,1,0,3,4,7,11,1,0,0,0,2,1,5,1,1,7,1,2,9,23,1,6,9,1,5,1,4,2,1,5,11,1,2,5,1,0,2,8,6,1,3,5,0,3,3,0,1,0,1,13,2,7,1,5,25,20,3,0,4,8,4,3,16,13,0,0,4,2,1,11,1,7,8,0,5,1,0,0,12,3,7,0,4,2,1,5,0,9,7,2,23,1,0,3,0,0,2,1,1,0,0,1,11,1,1,1,7,0,1,8,2,6,30,8,1,4,0,14,3,0,0,11,2,8,5,6,0,4,2,2,3,1,2,2,1,4,7,15,14,2,1,7,3,3,0,1,19,6,19,15,37,1,1,8,4,0,0,0,1,1,0,1,0,0,1,0,0,2,0,0,1,0,0,3,2,4,1,2,0,4,2,2,4,8,1,0,11,2,0,1,6,7,0,2,5,0,1,11,6,0,0,5,0,15,16,18,1,2,6,3,0,3,1,0,0,0,7,1,0,0,0,2,1,10,0,0,0,1,5,0,4,0,0,0,0,0,1,1,0,0,0,0,0,0,0,0,0,0,8,1,0,0,1,0,1,2,1,0,5,0,0,3,6,1,0,4,0,0,0,1,0,1,1,0,0,2,0,0,0,0,0,0,0,0,0,0,0,0,0,plehanov
plehanov_vremena_menyayutsya_I.txt,0,0,2,1,0,1,0,0,3,32,0,0,0,0,0,0,5,3,1,1,1,0,0,0,0,2,0,0,0,0,4,1,1,1,0,2,3,0,1,1,3,0,30,4,6,3,4,1,1,1,0,0,0,1,0,10,17,0,2,2,0,0,1,25,2,0,0,0,0,0,1,8,1,0,2,2,0,5,0,1,1,3,0,0,0,0,1,0,2,0,3,1,0,0,0,1,0,7,0,0,0,0,2,1,1,0,1,0,0,2,0,0,0,0,0,0,0,0,0,0,0,0,0,1,1,0,6,1,7,0,3,7,0,0,1,13,3,5,1,1,0,3,0,1,4,4,1,0,0,3,8,0,0,0,1,0,0,0,0,1,0,1,0,0,0,0,0,7,0,0,1,1,0,0,0,0,1,1,1,0,0,0,0,0,0,0,0,0,0,4,0,0,0,2,3,1,2,2,1,0,0,0,0,2,0,0,0,2,0,0,0,1,0,5,0,0,0,1,0,1,1,0,0,1,1,2,0,1,1,0,0,0,0,0,1,1,0,3,0,1,0,0,0,1,0,1,2,0,0,1,0,1,0,0,0,0,0,0,1,0,0,2,0,0,0,0,0,1,2,2,0,0,0,0,0,0,0,0,0,0,0,2,0,0,1,0,0,0,0,0,0,0,0,0,2,0,0,0,0,0,0,0,0,0,0,0,0,2,0,0,3,0,0,0,0,0,0,0,0,0,0,0,0,0,0,0,2,1,0,0,0,3,0,0,1,0,4,0,0,0,0,0,0,0,0,0,0,0,0,0,3,0,0,0,1,1,1,1,0,2,0,0,0,0,2,0,0,1,4,0,0,0,0,0,0,0,2,0,0,1,2,0,0,4,0,1,1,1,4,0,0,0,0,1,0,0,0,0,5,0,0,0,4,1,1,0,1,1,1,0,0,1,0,0,1,0,3,0,0,0,0,0,0,0,0,0,0,0,1,0,2,0,0,2,1,0,0,0,0,1,1,0,0,0,0,0,0,0,0,1,0,0,0,0,1,0,1,1,0,0,0,0,0,0,2,0,0,0,0,0,0,1,0,0,1,0,0,0,1,1,0,0,0,0,0,0,0,0,0,0,0,0,0,0,0,0,0,1,0,0,0,1,1,0,0,0,0,0,0,0,1,1,2,0,1,0,0,0,0,1,0,0,0,0,0,1,0,0,0,0,0,1,0,0,0,0,2,2,0,0,0,0,0,0,0,0,0,0,0,0,0,1,0,1,0,0,0,0,1,0,0,0,0,0,0,0,0,0,0,0,2,1,0,0,0,0,0,0,0,0,0,0,0,0,0,1,0,0,0,0,0,0,1,0,1,0,0,0,1,0,2,0,0,0,0,0,0,0,0,0,0,0,1,0,0,0,0,0,0,0,0,1,0,1,0,0,0,0,0,0,1,1,0,0,1,1,0,0,1,1,0,0,0,0,0,0,0,0,0,0,0,0,0,0,0,0,0,0,1,2,0,0,0,0,0,0,0,0,1,0,0,0,0,0,0,0,0,0,0,0,0,0,0,0,0,0,1,0,1,2,0,0,0,0,0,3,1,1,0,0,0,1,0,1,0,0,0,0,0,0,0,0,0,0,0,0,0,0,0,0,0,0,1,1,0,0,0,0,0,0,0,0,0,0,0,0,0,2,0,0,0,1,1,0,0,0,0,1,0,0,0,0,0,0,1,0,0,0,1,0,1,0,0,0,0,0,0,0,0,0,0,0,0,0,0,0,0,0,1,1,2,0,0,0,0,0,0,0,0,0,0,0,0,0,0,0,0,0,0,0,0,0,0,0,1,0,0,0,1,0,0,0,0,0,0,1,0,1,0,0,0,0,0,1,0,0,0,0,0,0,0,0,0,2,0,0,0,0,0,0,0,0,0,1,3,0,0,0,0,0,0,0,0,0,0,0,1,0,0,0,0,0,0,0,0,0,0,0,0,0,0,0,0,0,0,0,0,0,0,0,0,0,0,0,0,0,0,1,0,0,0,0,0,0,0,0,0,0,0,0,0,0,0,0,0,0,0,0,0,0,0,0,0,0,0,0,0,0,0,0,0,0,0,0,0,0,0,0,1,0,3,0,1,0,1,0,2,0,0,0,0,0,0,0,0,0,0,0,1,0,0,0,0,0,0,0,0,0,0,0,0,1,1,0,0,0,1,0,0,0,0,0,0,0,0,0,0,0,0,0,0,0,0,0,1,0,0,0,0,0,0,0,0,0,0,0,0,0,0,0,plehanov
plehanov_vroz_idti_vmeste_bit_I.txt,16,0,8,1,1,5,3,2,8,97,0,1,0,1,1,17,13,11,3,2,9,0,1,0,0,8,1,1,2,1,14,7,0,1,0,3,20,4,8,8,7,2,96,8,5,21,6,0,10,4,0,2,0,0,7,25,45,3,4,3,0,0,1,58,5,3,1,4,3,0,2,12,1,1,4,1,0,15,1,4,2,14,0,1,0,5,6,3,4,3,15,0,0,0,1,4,0,28,1,1,3,0,2,1,0,2,11,2,0,6,0,0,1,1,0,8,1,0,0,2,3,0,0,7,6,12,19,7,12,0,12,5,0,2,1,41,7,19,1,0,2,13,0,5,12,3,5,0,0,2,4,3,0,0,2,0,0,0,10,5,2,2,0,0,1,0,0,1,1,1,4,0,0,1,0,1,0,1,2,3,3,2,0,1,0,1,0,1,0,7,1,0,2,8,2,1,1,8,1,2,0,1,3,1,2,2,0,8,1,5,0,2,2,27,1,0,1,3,0,0,1,1,0,2,0,0,7,1,2,5,0,4,5,1,1,2,0,1,0,0,4,2,1,0,1,12,4,20,2,1,3,7,9,1,1,2,0,15,3,1,0,21,4,10,0,0,1,1,9,4,2,1,0,0,2,0,1,0,0,4,0,5,0,0,0,0,0,1,0,1,1,1,2,4,3,0,1,0,1,2,0,0,0,0,1,1,1,6,7,1,4,0,1,0,1,0,0,1,0,0,0,0,0,1,0,0,1,3,0,4,1,1,1,0,1,1,6,1,0,0,0,0,1,0,1,2,0,0,0,1,5,0,2,1,4,4,4,3,2,1,0,0,1,0,5,0,0,1,0,0,0,1,11,0,0,0,1,0,4,3,0,1,0,22,0,3,9,1,7,0,2,2,3,4,3,0,0,1,10,0,0,0,1,4,6,3,2,2,0,0,0,0,0,10,0,0,0,0,2,1,3,1,0,4,1,0,4,0,0,2,0,0,2,0,3,6,0,3,0,0,2,1,6,0,2,1,0,1,0,1,0,4,2,0,4,1,5,2,1,1,1,1,0,2,0,0,2,1,0,0,2,2,0,2,1,0,0,0,6,1,0,0,1,0,0,0,1,0,0,0,0,1,0,0,0,2,4,1,3,0,4,1,0,2,0,0,0,0,0,1,0,1,1,0,4,4,1,0,0,5,0,1,0,1,0,0,2,0,0,1,0,4,0,0,3,0,6,1,0,0,0,0,1,1,0,0,0,0,2,0,2,0,0,0,1,0,0,0,1,1,0,1,1,0,0,1,6,0,2,0,3,3,0,0,0,0,2,1,1,2,0,3,3,1,3,0,1,0,0,0,0,0,1,0,3,0,0,0,0,1,1,0,0,0,0,3,0,0,1,0,1,0,0,0,1,0,0,0,0,0,0,2,2,0,0,1,0,0,0,1,1,2,1,0,0,1,0,0,1,0,0,0,0,1,1,0,0,0,0,0,3,0,0,0,0,0,0,0,0,0,1,4,3,0,0,0,1,1,5,0,1,2,1,0,0,1,1,1,0,2,1,0,0,0,0,0,0,0,0,2,0,1,0,0,0,2,0,3,1,4,1,1,0,3,1,0,0,0,0,1,0,6,0,3,0,1,0,0,0,0,0,3,0,0,0,0,0,0,0,0,2,0,1,0,2,0,1,1,0,0,1,1,0,0,0,1,0,1,3,0,0,0,1,0,1,0,0,0,0,0,1,1,5,1,0,0,2,1,1,3,1,0,2,0,0,0,0,2,0,2,1,0,0,2,0,1,0,0,0,0,2,1,1,0,0,1,0,0,2,1,0,0,1,0,0,0,0,1,1,0,1,0,2,1,0,1,1,3,0,1,0,1,2,1,1,1,1,0,0,0,0,0,0,2,0,1,0,0,0,1,0,3,1,0,0,0,0,1,0,0,0,0,0,2,0,0,0,6,0,0,2,3,0,1,1,0,0,0,0,0,0,0,0,0,0,0,0,0,3,1,1,1,0,5,0,1,0,0,0,1,0,0,1,0,2,0,0,1,0,0,1,2,0,4,0,0,0,0,0,0,0,0,0,0,0,0,0,0,0,2,1,0,0,0,0,0,0,1,1,2,3,0,0,0,4,1,0,7,0,0,0,0,0,0,0,0,0,0,0,0,0,0,0,0,0,0,0,0,0,0,0,1,0,0,0,0,0,0,0,0,0,0,0,0,0,0,0,0,0,1,1,0,0,0,0,0,1,0,0,0,0,0,0,0,0,0,0,0,0,0,plehanov
trotsky_chto_dalshe.txt,12,9,8,0,1,2,0,2,11,90,0,1,0,0,0,8,10,8,5,1,5,0,0,0,0,1,3,2,0,1,23,8,6,0,1,3,9,0,8,13,11,3,105,12,13,20,2,0,3,9,0,1,0,0,7,11,43,0,5,16,1,4,1,56,1,2,1,7,1,6,2,34,3,0,10,2,1,12,0,8,3,21,4,1,1,2,0,2,2,0,2,0,1,1,9,1,2,37,1,0,3,2,2,1,0,0,3,0,0,1,0,2,5,0,1,9,0,0,0,0,0,3,0,8,2,6,7,7,14,1,4,10,0,0,0,25,13,16,4,1,0,2,1,3,14,3,5,2,2,0,12,3,0,1,6,0,1,0,4,1,5,4,0,4,0,0,1,5,1,0,2,1,0,0,1,3,1,0,1,0,3,1,0,6,1,0,0,1,3,5,1,0,1,10,1,0,2,13,0,0,0,1,1,2,4,4,0,14,1,2,1,1,4,19,1,1,1,2,0,0,0,0,0,3,6,0,1,2,4,1,0,8,0,2,0,3,0,3,2,3,1,3,4,1,0,1,0,6,1,6,1,2,7,0,3,0,0,6,0,3,0,10,1,0,0,2,2,0,16,14,1,5,1,2,0,1,1,0,1,0,1,2,0,0,2,5,6,5,0,3,3,2,5,1,0,0,0,1,0,0,0,1,0,0,0,0,1,8,7,0,4,0,0,3,0,1,2,0,0,0,1,1,0,2,0,0,22,8,4,9,5,3,3,0,1,1,5,4,0,0,0,3,0,1,0,4,0,0,0,0,6,0,3,0,0,7,5,0,0,1,2,3,0,0,1,0,0,0,0,0,0,1,2,0,0,0,1,2,1,1,2,0,2,11,0,0,1,1,2,1,1,0,1,0,0,0,0,0,3,0,0,0,4,1,3,1,4,1,1,2,1,1,0,12,1,0,1,0,2,0,3,3,0,2,0,0,1,1,0,0,1,0,2,0,0,5,2,2,0,0,0,1,3,4,0,0,2,0,0,1,1,0,8,0,2,0,4,0,1,2,0,0,0,2,5,1,1,0,0,0,1,5,0,3,0,0,1,0,1,1,1,0,0,0,0,0,0,0,1,0,0,2,0,0,0,10,1,1,1,1,1,0,2,2,1,2,0,0,0,1,0,0,2,3,1,2,0,0,0,2,3,0,0,0,0,0,0,0,0,0,0,0,0,0,5,1,10,1,2,0,0,0,4,5,0,0,4,0,1,1,0,0,4,0,0,0,0,0,1,3,2,2,1,0,0,0,0,0,0,2,1,2,0,0,0,2,3,0,2,0,3,2,1,2,3,1,1,1,0,0,0,4,1,0,2,0,0,0,0,4,2,0,1,0,2,6,0,0,1,1,1,0,2,0,1,0,0,0,0,2,0,2,0,2,0,5,0,1,0,0,1,2,0,0,0,0,0,0,5,0,0,0,0,0,0,0,0,0,0,0,1,0,0,0,0,0,0,0,2,2,1,0,1,0,0,1,0,1,3,1,0,0,0,0,0,1,0,0,0,0,0,0,2,1,0,0,0,0,3,0,0,0,0,0,2,0,1,0,2,0,2,0,0,0,0,0,1,0,0,2,0,1,1,1,0,0,0,0,0,1,1,2,0,1,0,1,1,0,0,0,6,0,0,0,2,1,0,0,0,0,0,3,0,1,0,1,0,0,1,2,1,2,3,0,2,1,1,0,0,2,0,0,2,1,0,0,0,0,0,1,2,0,1,0,0,2,8,1,0,1,2,1,1,0,0,0,0,0,0,1,2,1,0,0,0,2,0,0,1,2,2,0,0,0,0,0,0,0,0,4,1,0,0,0,0,0,1,0,0,0,0,2,8,0,0,0,1,0,1,1,0,0,1,1,0,0,2,1,4,3,0,0,0,1,1,2,2,0,0,0,1,3,0,0,0,0,0,1,0,0,0,1,2,1,0,0,0,1,0,1,2,0,3,0,0,1,0,0,0,4,0,1,0,9,0,0,1,2,0,1,1,0,0,0,1,0,0,0,1,0,0,0,0,4,1,0,0,0,0,0,0,0,1,1,0,0,0,0,0,2,0,1,0,0,1,0,3,0,1,0,0,0,0,0,1,0,0,12,0,0,1,0,1,7,0,0,0,0,0,0,0,0,0,0,0,0,0,0,0,0,0,0,0,0,0,0,1,0,0,1,0,0,0,0,0,1,0,0,0,1,2,0,2,0,0,0,0,4,1,0,0,0,3,0,0,0,0,0,0,0,trotsky
trotsky_dem_i_rev.txt,21,1,9,1,0,6,0,5,8,128,0,1,2,2,0,0,6,16,5,3,2,0,1,0,0,6,0,5,0,9,33,9,2,2,1,2,21,2,19,15,19,3,192,18,19,33,10,0,8,4,0,0,0,2,24,30,81,0,15,19,2,5,0,115,4,1,0,13,0,1,2,36,3,1,11,6,2,37,3,8,1,9,6,5,2,4,1,4,5,0,6,0,2,0,4,0,2,51,4,2,6,8,9,4,0,2,7,2,4,0,0,0,0,0,1,8,0,0,1,1,0,0,3,28,3,7,2,11,29,0,10,0,0,0,0,82,16,26,4,1,1,6,0,4,22,0,13,0,1,1,9,0,3,0,12,2,0,1,0,1,1,3,1,2,1,0,1,7,3,9,2,0,0,1,2,2,0,0,0,1,14,2,3,29,7,0,1,10,4,6,0,0,2,16,2,0,12,16,2,4,0,0,0,2,0,3,1,13,2,1,4,4,0,44,0,1,1,5,0,0,1,2,0,1,4,3,2,0,5,0,0,0,4,0,1,3,0,1,1,4,0,3,1,1,2,4,3,6,1,6,0,2,6,0,2,0,0,15,0,4,0,11,4,4,0,0,1,0,31,56,1,1,2,1,6,0,3,0,0,0,2,0,0,1,1,0,2,6,0,1,4,2,7,2,0,0,0,0,0,3,2,8,8,3,1,2,2,4,3,2,2,0,3,2,8,1,1,2,0,0,4,1,1,3,0,0,12,2,2,9,2,0,2,2,3,2,7,0,1,0,2,7,1,1,0,1,0,0,0,10,7,2,12,1,4,7,9,0,0,3,0,1,0,0,2,0,0,2,2,2,0,3,6,1,0,1,1,2,1,2,2,2,1,25,0,7,9,1,1,2,5,2,0,0,2,1,0,0,3,0,0,0,5,5,2,2,9,3,0,0,0,0,3,20,1,1,5,0,0,1,0,0,0,4,1,2,3,0,0,2,6,1,1,1,2,5,0,4,0,0,1,1,3,1,0,1,0,1,2,3,2,4,2,0,8,0,6,3,0,1,0,0,0,1,0,0,7,0,0,0,1,1,0,0,0,1,1,1,0,3,0,1,0,0,0,0,0,1,0,0,0,2,0,0,0,2,4,1,1,9,3,0,3,2,0,0,0,0,0,0,3,1,0,1,0,4,2,1,1,4,2,0,0,0,0,0,0,0,0,0,0,2,3,0,4,0,8,4,3,0,1,0,2,3,0,0,3,1,0,0,1,2,0,0,2,3,2,3,3,16,0,0,2,7,2,1,0,2,1,0,11,2,1,3,0,0,4,0,0,0,0,4,0,1,2,1,1,0,0,1,0,0,5,0,5,0,0,0,2,10,1,1,1,7,1,1,0,0,1,1,0,1,4,4,0,0,2,0,0,6,0,1,1,0,2,1,3,1,0,0,0,6,0,0,2,1,1,0,2,3,0,0,0,0,2,0,2,0,0,0,6,1,0,0,4,1,1,2,6,0,3,3,0,0,3,1,0,0,3,1,1,0,0,0,0,1,0,3,0,1,0,1,0,5,4,1,0,4,0,1,0,4,0,2,2,0,0,3,2,2,0,4,0,1,1,0,0,1,1,0,3,1,1,3,0,0,0,0,0,4,7,1,2,2,1,1,4,1,1,1,8,0,1,1,0,0,0,0,2,1,0,0,0,0,0,0,2,1,1,0,0,0,0,0,1,0,0,0,0,0,0,2,6,1,1,20,2,0,1,0,1,0,0,0,0,6,0,4,6,1,2,2,0,1,0,3,2,0,0,2,0,3,0,4,0,0,1,3,1,5,1,0,0,0,0,0,0,0,0,0,7,0,0,0,0,1,1,1,1,1,0,0,1,2,0,2,0,0,0,3,0,0,4,1,0,0,0,2,0,2,2,2,1,0,1,0,0,1,0,0,0,1,0,2,2,0,1,1,0,0,0,5,1,0,0,0,0,0,0,0,0,5,0,0,0,0,0,1,1,3,1,0,0,1,0,1,0,0,0,5,1,1,1,0,0,0,0,1,1,4,0,0,1,2,1,2,0,0,0,3,0,0,3,0,0,0,0,0,1,1,0,0,0,1,0,1,3,0,2,0,0,3,1,0,3,1,0,0,1,0,8,5,0,5,0,0,1,0,2,0,0,0,0,0,0,0,1,0,0,9,0,0,0,4,0,0,3,0,0,0,0,0,0,0,0,6,1,0,0,0,1,0,2,0,1,0,0,0,1,0,0,0,1,0,0,0,0,0,0,0,trotsky
trotsky_demokratia.txt,6,0,3,0,0,1,0,0,2,33,0,0,1,0,0,0,1,2,1,0,2,0,0,1,0,0,0,1,0,5,5,1,0,1,0,0,1,2,9,10,4,1,51,3,9,9,2,0,4,2,0,1,0,0,3,13,31,0,2,3,0,0,0,32,0,0,0,5,0,0,0,6,1,0,1,3,1,10,0,0,0,2,0,1,0,0,1,0,3,0,2,0,0,0,0,0,0,12,6,0,3,0,1,2,0,1,3,2,7,0,0,0,0,1,0,0,0,0,0,0,1,3,0,6,0,1,2,3,9,0,3,2,0,0,1,23,2,8,0,0,0,1,0,0,4,1,3,0,0,0,0,0,1,0,2,0,0,0,0,0,1,1,1,0,0,0,0,5,1,0,1,0,0,0,0,0,0,0,0,0,7,3,2,8,0,0,0,0,3,1,0,0,0,0,0,0,1,4,2,2,0,0,0,0,1,0,0,4,3,1,0,0,1,7,0,1,0,1,0,0,0,0,0,1,1,0,0,0,2,0,0,0,0,0,0,0,0,1,1,2,0,1,2,0,0,2,1,1,0,3,0,0,2,0,0,0,0,5,0,1,0,4,1,0,1,0,1,0,12,1,0,1,0,0,1,2,0,1,0,0,0,1,0,0,0,0,0,1,0,1,5,2,2,1,0,1,0,0,0,0,0,3,5,0,0,1,2,0,0,0,3,1,0,0,5,0,0,0,0,0,0,0,0,0,0,0,1,0,1,2,0,0,0,1,4,2,1,0,0,0,0,1,0,0,0,0,0,0,0,5,2,1,7,0,0,0,3,0,0,0,1,2,0,0,1,0,0,0,0,0,0,0,3,0,1,5,0,0,0,1,1,0,0,5,0,0,1,0,2,2,2,0,0,0,0,0,0,0,0,0,0,0,0,0,2,0,3,0,1,0,0,0,1,3,2,0,2,0,2,0,1,0,1,0,0,0,1,1,0,0,3,0,0,0,0,0,0,0,0,0,0,0,0,1,0,0,0,0,0,1,0,2,0,0,5,0,1,0,0,1,1,1,0,0,0,0,0,0,0,0,1,1,0,0,0,0,0,0,2,0,0,0,0,2,1,0,0,1,0,0,0,0,0,0,0,0,1,0,0,0,1,1,2,2,0,0,0,0,0,0,1,1,0,0,0,0,1,2,2,2,0,0,0,0,0,1,0,1,0,0,1,1,0,0,3,0,1,2,0,0,0,0,0,1,0,1,0,0,2,0,2,0,0,0,0,3,1,0,0,5,0,0,0,4,1,0,0,0,1,0,2,0,0,7,1,2,1,0,0,0,0,1,1,1,0,2,0,0,0,0,0,0,1,0,0,0,3,0,1,1,1,0,0,4,0,0,0,0,0,0,3,1,2,0,0,0,0,1,0,2,0,2,0,0,0,1,0,1,0,0,2,0,0,0,2,2,1,0,0,0,0,0,0,0,0,1,1,3,0,0,1,0,0,0,0,0,0,2,0,0,0,3,0,0,0,0,0,1,0,0,0,0,0,3,0,0,0,5,2,0,0,0,0,0,1,2,0,6,0,0,0,0,0,0,3,0,0,4,0,0,0,0,0,0,0,0,0,2,0,0,0,0,0,0,0,0,0,0,1,1,1,3,1,1,0,0,0,0,0,0,4,0,0,2,0,0,0,1,2,0,0,0,2,1,0,0,0,0,0,0,0,0,0,1,0,0,0,0,0,0,0,0,0,0,0,0,1,0,0,0,1,0,0,0,0,1,1,0,3,0,0,2,0,0,0,0,1,0,0,0,0,0,0,1,0,1,0,5,0,0,0,0,0,0,0,0,0,0,0,1,0,0,0,0,0,0,1,1,0,0,0,1,0,0,1,0,0,2,0,0,0,1,0,0,0,2,1,2,1,0,0,1,0,0,1,0,0,0,0,0,0,1,1,0,0,1,1,0,0,0,0,1,0,1,0,0,0,0,0,0,0,0,0,1,0,0,0,0,0,2,0,0,0,0,0,0,0,0,0,0,0,1,0,0,0,0,0,0,0,0,0,1,0,1,0,0,0,1,0,1,0,0,0,0,1,1,0,0,0,1,0,0,0,0,0,0,0,0,0,0,0,1,0,0,0,0,0,0,2,0,0,0,0,1,0,0,0,2,0,0,0,0,0,0,0,0,0,0,0,0,1,0,0,0,0,1,0,0,2,0,0,0,0,1,0,4,0,0,0,1,0,3,2,0,0,0,0,0,0,0,0,0,0,0,0,0,0,0,0,0,trotsky
trotsky_dve_tolpy_I.txt,1,1,1,1,0,0,0,0,9,38,0,0,0,0,0,0,2,7,0,3,2,0,0,0,0,0,0,0,0,0,1,2,0,1,0,0,2,0,2,2,7,0,67,11,3,7,4,1,2,2,0,1,0,0,1,6,18,0,0,0,0,1,0,31,0,0,1,1,0,0,0,2,1,0,4,2,0,3,0,0,0,9,0,2,0,3,0,0,0,0,1,0,0,0,1,0,0,15,0,0,0,1,3,0,0,0,3,3,0,0,0,0,0,0,0,0,0,0,0,0,0,0,0,6,1,3,1,0,4,0,0,1,0,0,0,13,0,8,2,0,0,1,0,0,5,1,3,0,0,0,3,0,2,0,2,0,0,0,0,2,1,0,0,0,0,1,0,2,0,0,3,0,0,0,0,0,0,0,0,0,0,0,0,0,0,0,0,0,1,0,0,1,3,0,1,0,0,0,1,2,0,0,0,0,0,0,0,3,1,0,0,1,0,7,0,0,0,0,0,0,0,0,0,0,1,3,0,1,0,0,0,2,1,0,0,0,0,0,2,0,0,2,1,1,0,0,0,1,0,0,0,1,0,0,0,0,0,8,0,0,0,3,3,0,0,0,1,0,2,9,1,0,0,0,0,0,0,0,0,0,0,0,0,0,0,0,0,1,0,0,0,0,1,1,1,0,0,1,0,0,0,0,0,0,0,0,0,0,0,0,3,0,1,0,0,0,0,0,0,0,1,0,0,4,0,0,6,1,0,2,0,0,2,0,0,0,0,0,0,1,0,0,0,1,0,1,0,1,0,2,0,0,4,0,0,3,4,0,0,1,2,0,0,1,1,0,0,0,0,1,0,0,0,1,0,0,1,0,0,0,0,0,0,2,0,1,1,2,0,0,0,0,0,0,0,1,0,0,2,2,0,0,3,1,2,0,1,1,0,0,0,0,0,0,0,1,1,0,0,0,0,0,0,0,0,0,1,0,0,1,2,1,0,0,0,0,0,0,3,0,0,0,0,0,0,0,1,0,0,2,0,0,0,1,0,0,1,0,1,0,0,0,0,0,1,1,4,0,0,0,0,2,0,0,1,0,0,0,0,1,0,0,0,0,0,0,0,0,1,0,0,1,0,0,1,0,0,0,0,1,1,0,5,0,0,2,0,0,0,0,1,0,0,0,1,2,3,0,0,0,0,0,0,0,0,0,0,0,1,1,0,0,0,0,4,0,0,0,2,0,0,0,0,0,0,0,0,0,0,0,4,0,0,0,0,0,0,0,0,0,0,1,0,0,0,1,0,0,0,0,2,2,0,0,0,1,1,0,0,0,0,1,1,0,0,0,1,1,0,0,0,0,2,0,0,0,0,0,0,0,0,0,0,0,0,2,0,0,1,1,0,0,0,0,0,1,0,0,0,0,0,0,0,1,0,1,0,0,2,0,0,0,0,0,1,0,0,0,1,0,0,0,1,0,0,0,0,0,0,0,0,0,0,0,1,0,0,0,0,0,0,0,0,0,0,0,1,0,0,0,0,0,0,0,0,1,0,0,0,0,0,0,0,0,0,0,1,0,0,2,0,1,0,2,0,0,0,0,0,0,0,0,0,0,0,0,0,0,0,0,0,0,0,0,0,0,0,0,0,0,0,0,0,0,1,0,0,0,0,0,0,0,0,0,1,0,0,1,0,0,0,1,0,1,0,0,0,1,1,0,0,5,0,0,1,0,0,1,0,0,0,0,3,0,0,0,0,0,1,1,0,0,0,0,0,0,0,0,0,0,0,0,0,0,0,0,0,0,0,0,0,0,0,0,0,0,0,0,0,1,0,0,0,0,0,0,1,0,0,0,0,0,0,1,0,0,0,1,0,0,0,0,0,1,0,0,0,0,0,0,0,0,1,0,0,0,1,0,0,0,0,0,0,0,1,0,1,0,0,0,1,0,0,0,0,0,0,0,0,0,0,0,0,1,0,0,0,0,0,0,0,0,1,0,0,1,0,0,0,0,0,1,3,0,0,0,1,0,0,0,0,0,0,0,0,0,0,0,0,0,1,0,0,0,0,0,0,0,0,1,0,0,0,0,1,0,0,1,0,0,0,0,0,0,0,1,0,0,0,0,1,0,0,0,0,0,0,0,2,0,0,0,0,2,0,0,0,0,0,0,0,0,0,0,0,0,0,0,0,0,0,0,0,0,0,0,0,0,0,0,0,0,0,0,0,0,0,1,0,2,0,0,1,0,0,0,0,0,5,0,2,0,0,0,0,0,0,0,0,0,trotsky
trotsky_idealisticheskaya_gamma_I.txt,5,0,0,0,0,0,0,0,2,14,0,0,2,0,0,0,0,4,0,0,0,0,0,0,0,0,0,0,0,0,2,0,0,0,0,1,2,2,2,0,3,0,19,2,1,3,0,0,0,3,0,0,0,0,0,2,7,0,1,0,0,0,0,7,0,0,0,3,0,0,0,0,0,0,0,0,0,2,0,0,3,2,0,1,0,0,0,0,0,0,0,0,0,0,0,0,1,5,0,0,0,0,0,0,0,1,0,0,0,0,0,0,0,1,0,0,0,0,0,0,0,0,0,0,0,0,0,1,2,0,3,0,0,0,0,9,1,5,1,0,0,1,0,0,2,0,0,0,0,0,0,0,0,0,0,0,0,0,0,0,0,0,0,0,0,0,0,17,0,0,0,0,0,0,0,0,0,0,0,0,0,0,0,0,0,0,0,0,0,0,0,0,0,1,0,0,4,0,3,0,0,0,0,1,0,1,1,3,0,0,0,0,0,4,0,0,0,0,0,0,0,0,0,0,0,0,1,0,1,0,0,0,0,1,0,2,0,1,0,0,1,0,0,1,0,0,0,0,0,0,0,0,0,0,0,0,0,3,0,1,0,1,0,1,0,0,0,0,1,0,0,0,0,0,0,0,0,0,0,0,0,0,0,0,0,0,0,0,0,0,0,0,0,0,0,0,1,0,0,0,0,0,0,0,0,0,0,0,0,1,0,0,0,0,0,0,0,0,0,0,0,0,0,1,0,0,0,0,0,0,0,0,0,0,0,0,0,0,0,0,0,0,0,0,0,0,0,0,0,0,0,0,1,0,1,0,0,0,0,1,0,0,0,0,0,1,0,0,0,0,0,0,0,0,0,0,0,0,0,0,0,0,0,2,0,0,0,0,0,0,0,0,1,0,0,0,0,0,1,0,0,0,0,1,0,0,0,0,1,0,0,0,0,2,0,0,0,0,0,1,0,0,0,1,0,0,0,0,0,0,0,0,0,0,2,1,0,0,0,0,0,0,0,0,0,0,1,0,0,0,0,0,0,0,0,0,0,1,0,0,0,0,0,0,0,0,1,0,0,0,0,0,0,0,0,0,0,0,0,0,0,0,0,0,0,0,0,0,0,0,0,0,0,0,0,0,1,0,2,1,0,0,0,0,0,0,0,0,0,0,0,0,0,0,1,0,0,0,0,0,0,0,0,0,0,0,0,0,0,0,0,0,0,0,1,0,0,0,0,0,0,0,0,0,0,0,0,1,0,0,1,1,0,0,0,0,0,0,0,0,1,0,0,0,0,0,0,0,0,0,0,0,0,0,1,0,0,1,0,0,0,0,0,0,0,0,0,0,0,0,0,0,0,0,0,1,0,0,0,0,0,0,0,0,2,0,0,0,2,0,0,0,0,0,0,0,0,1,0,0,0,0,0,0,0,0,2,0,0,0,0,1,1,0,0,0,0,0,0,0,0,0,1,0,0,0,0,0,0,0,0,0,0,0,0,0,0,0,0,1,0,0,0,0,0,0,1,0,0,0,0,0,0,0,0,0,0,0,0,0,0,0,0,0,0,0,0,0,0,0,0,1,0,1,0,0,0,2,1,0,0,0,0,0,0,1,0,0,0,0,1,0,0,0,0,0,0,0,0,0,0,0,0,0,0,0,0,0,0,0,0,0,0,0,1,0,0,2,0,0,0,0,0,0,0,0,0,0,0,0,0,0,1,0,0,0,0,2,0,0,2,1,0,0,0,0,1,0,0,0,0,0,0,0,0,0,1,0,0,0,0,0,0,0,0,0,0,0,0,0,0,0,0,0,0,0,0,0,1,0,0,2,0,0,0,0,0,0,0,0,0,0,0,0,0,0,0,0,0,0,0,0,0,0,0,0,0,0,0,0,0,0,2,0,0,0,0,0,0,0,0,0,0,0,0,0,0,0,0,0,0,0,0,0,0,0,0,0,0,0,0,0,0,0,0,0,0,0,0,0,0,0,0,0,0,0,0,0,0,0,0,0,0,0,0,0,0,1,0,0,0,0,0,0,0,0,0,3,0,0,0,0,0,0,0,0,0,0,0,2,0,0,0,0,0,0,0,0,0,0,0,0,0,0,1,0,0,1,1,0,0,0,1,0,0,0,0,0,0,0,0,0,0,0,0,0,0,0,0,0,0,0,0,0,0,0,0,0,0,0,0,0,0,0,0,0,0,0,0,0,0,0,0,0,0,0,0,0,0,0,0,0,0,0,0,0,0,0,0,0,0,0,0,0,0,0,0,0,0,0,trotsky
trotsky_intellig_dem.txt,61,4,20,14,6,6,4,8,52,477,1,0,4,3,0,0,19,83,11,11,36,2,2,10,5,18,4,5,1,12,65,21,10,2,0,9,28,6,50,61,73,6,684,70,52,145,28,1,37,6,0,4,0,0,32,93,206,2,8,26,3,1,3,260,7,5,3,14,3,6,4,111,5,6,26,17,1,74,1,3,17,86,11,21,0,10,1,5,11,4,36,3,7,1,17,0,2,135,2,0,10,14,14,20,1,0,8,6,24,15,3,2,0,2,0,6,1,0,27,6,7,15,1,55,14,30,12,40,46,0,27,42,2,0,6,194,50,75,16,11,4,35,0,16,79,19,43,5,1,2,24,8,5,9,26,11,1,1,0,7,6,16,6,3,3,0,2,38,3,0,6,4,9,7,7,4,6,0,6,3,28,7,4,6,5,4,2,12,9,17,4,4,7,53,9,1,7,41,14,13,1,3,1,11,8,4,2,39,15,4,1,6,2,152,1,3,7,8,0,2,1,4,1,11,8,3,13,2,32,3,0,1,17,0,1,3,1,5,3,12,8,12,9,2,17,6,5,11,5,3,0,3,11,6,9,0,1,26,10,12,3,61,22,28,1,3,13,3,58,67,1,15,4,3,1,3,4,1,3,3,2,9,1,3,4,6,5,22,0,11,11,11,32,3,3,6,2,4,2,1,5,25,27,8,5,1,13,7,15,4,20,6,5,8,16,5,3,9,0,2,4,3,5,3,0,2,7,2,1,2,0,0,0,2,5,2,12,1,5,1,6,15,1,3,1,4,4,2,6,10,30,4,9,1,10,12,14,17,0,10,6,17,3,27,8,2,1,1,4,5,1,16,10,0,8,32,2,3,5,4,10,10,7,70,2,11,19,2,4,6,8,8,4,7,2,4,2,0,22,5,4,4,25,13,17,8,25,7,7,6,3,6,1,18,3,4,31,5,0,4,2,0,4,15,2,0,9,4,1,0,5,4,1,4,5,10,7,13,0,8,4,1,8,3,0,1,6,3,1,8,1,17,4,0,21,3,7,11,3,5,9,3,0,1,9,2,13,1,5,4,22,6,1,0,6,15,7,6,4,5,7,2,5,9,12,0,1,4,3,3,0,3,0,1,6,0,7,1,5,11,7,3,5,11,0,6,3,24,2,1,4,6,0,2,2,16,1,15,4,15,0,1,1,4,2,5,4,4,10,3,4,2,5,0,18,1,30,8,6,0,3,2,5,24,2,4,4,2,4,6,11,7,1,1,5,5,6,1,1,5,1,6,5,43,1,0,0,3,8,4,16,4,9,4,6,8,5,0,7,3,2,14,7,4,0,9,3,2,4,4,6,5,2,0,1,1,11,0,2,6,5,6,4,4,0,0,3,3,13,0,7,1,3,1,1,5,3,5,8,1,2,2,5,5,4,16,5,5,4,5,2,15,1,5,11,4,1,0,3,3,0,1,0,0,6,1,2,24,5,0,9,13,0,0,3,4,1,2,9,2,8,4,8,0,2,3,0,1,1,3,0,0,1,3,0,8,0,29,1,3,0,3,2,1,2,3,2,30,9,1,5,7,1,5,4,4,1,4,3,22,5,1,4,3,3,1,0,3,1,7,2,2,10,1,6,1,3,0,0,2,13,2,2,0,4,1,5,2,2,13,12,2,4,12,38,6,2,4,0,4,4,6,1,3,4,0,9,3,9,5,2,1,3,10,5,4,3,3,5,1,1,2,8,0,3,7,1,2,1,9,2,0,7,0,0,0,11,5,13,9,10,0,0,1,0,3,5,3,0,4,1,4,1,1,0,1,0,7,2,1,2,1,3,2,0,0,2,0,1,5,7,3,2,2,5,1,6,3,5,5,5,10,8,3,1,0,3,43,2,12,8,0,14,2,0,5,5,2,6,1,2,0,1,1,9,2,4,3,0,1,2,10,2,2,6,0,0,4,0,1,2,4,2,1,7,0,0,3,0,1,1,0,4,1,0,1,0,2,1,7,2,1,15,30,2,1,0,2,3,1,1,4,3,3,3,0,1,4,2,6,2,3,1,7,1,1,0,0,1,5,0,0,4,0,1,0,0,2,4,8,1,1,1,3,2,13,2,4,4,0,0,1,0,1,3,0,0,40,1,0,1,2,38,1,1,0,0,3,7,0,0,0,0,0,0,0,2,3,0,3,0,0,9,6,1,1,2,0,1,0,0,0,0,2,6,11,1,2,2,2,0,24,0,3,4,0,0,10,13,0,0,0,0,0,0,0,0,0,0,0,trotsky
trotsky_k_smerty_parvusa.txt,4,0,0,1,0,0,0,0,3,33,0,1,0,0,0,0,1,2,0,1,2,0,0,0,0,3,0,0,0,0,6,0,0,0,0,0,15,2,1,3,5,0,29,2,2,6,2,0,1,1,0,0,0,0,1,2,16,3,0,0,0,0,0,14,3,0,1,0,1,0,0,9,0,0,17,0,0,5,0,0,0,6,0,4,0,3,0,0,0,0,1,0,1,1,0,0,0,14,0,0,0,0,0,0,0,0,2,1,0,4,0,0,0,0,0,1,0,0,0,0,0,0,0,2,1,2,0,2,1,0,3,2,0,0,0,15,1,4,4,0,0,2,0,1,3,6,2,0,1,1,1,0,0,1,2,0,1,0,0,2,1,0,0,0,0,0,0,0,0,0,3,1,0,0,0,0,0,0,0,0,1,0,0,0,1,0,0,0,0,0,0,0,0,2,0,0,1,4,1,0,0,0,0,0,0,0,0,1,3,0,0,0,0,9,0,0,1,0,0,0,0,0,0,1,0,0,0,2,0,0,1,0,0,0,0,0,0,2,0,0,4,0,0,0,0,1,1,1,2,0,0,1,0,0,1,1,0,2,0,2,0,11,0,0,0,1,0,0,4,3,0,0,0,0,0,0,0,1,0,1,0,1,0,0,1,3,0,4,0,0,0,0,0,0,0,0,1,0,0,1,0,0,0,0,0,0,0,0,0,1,3,0,0,0,0,0,0,1,0,0,0,0,0,1,0,0,7,1,0,3,0,0,1,0,0,1,0,0,0,0,1,0,1,0,0,0,0,0,0,0,2,0,1,0,0,0,1,0,0,0,0,1,0,0,0,0,1,0,0,1,0,0,0,0,0,0,1,0,0,0,0,0,0,10,0,1,2,0,1,0,0,0,0,0,1,1,0,0,2,0,0,0,2,0,0,0,0,2,0,0,0,0,0,0,0,0,0,0,0,0,0,0,0,0,0,0,2,0,0,0,1,0,0,0,0,0,0,1,0,0,0,0,0,0,0,0,1,0,0,0,0,1,0,0,0,0,0,1,0,0,0,0,0,0,0,1,1,0,0,0,0,0,0,0,2,0,0,0,0,0,0,0,1,1,0,0,0,0,0,1,0,0,0,0,0,1,1,0,0,0,0,0,0,0,0,0,0,0,2,0,0,2,0,0,0,2,0,0,0,0,0,0,1,0,0,1,0,1,1,0,0,0,1,0,0,0,4,0,0,0,0,0,0,0,0,0,0,0,0,0,0,2,0,0,0,0,0,0,2,0,0,1,1,0,1,0,2,0,0,1,3,0,0,0,0,0,0,1,0,0,1,1,1,0,0,0,1,0,0,0,0,0,0,1,0,0,0,0,0,0,0,0,0,0,0,0,1,0,0,0,1,0,0,0,0,0,0,0,0,0,0,1,1,0,1,1,0,0,0,0,0,1,0,0,1,0,0,0,0,0,0,0,0,1,0,0,0,0,0,0,0,0,0,0,0,0,0,0,1,0,0,0,0,0,0,1,0,0,0,0,0,1,0,0,0,0,0,0,0,0,0,0,0,0,1,0,0,0,0,0,0,1,0,0,0,0,0,0,0,1,0,0,0,0,0,1,3,1,0,0,1,0,0,0,0,0,0,0,0,0,0,0,1,0,0,0,0,0,0,0,1,0,0,0,0,0,0,0,0,0,0,0,0,0,0,0,0,0,0,0,0,0,0,0,0,0,0,0,0,0,0,0,0,0,0,0,0,0,0,1,1,0,0,0,0,0,0,0,0,0,0,0,0,1,0,0,0,0,0,0,0,0,0,0,2,0,1,0,0,0,0,2,0,0,0,0,0,0,0,0,0,0,0,1,0,0,0,0,1,0,0,0,0,1,0,0,0,0,1,0,0,0,2,0,0,0,1,0,0,1,0,0,0,0,2,0,1,0,2,1,1,0,0,0,0,0,0,2,0,0,0,4,0,0,0,1,0,0,0,0,0,0,0,0,0,0,0,0,0,0,0,0,0,0,0,0,0,0,1,0,0,0,0,0,0,0,2,0,1,0,0,0,0,0,1,0,0,1,0,0,0,2,0,0,0,0,0,0,0,1,1,0,0,0,0,1,0,0,0,0,0,2,0,0,0,0,1,0,1,0,0,0,0,2,0,0,0,0,0,0,0,1,0,0,0,0,0,0,0,0,0,2,0,0,0,0,0,0,0,0,6,0,0,1,0,0,0,0,0,0,1,0,0,2,4,0,0,2,0,0,0,0,0,0,0,0,0,0,0,0,trotsky
trotsky_kapital_v_opozicii.txt,19,1,10,0,6,1,0,1,12,138,0,0,0,1,1,0,5,17,6,2,10,0,1,6,0,13,1,2,3,2,40,9,1,0,1,4,14,4,7,23,20,0,240,12,11,41,3,2,7,3,0,0,4,0,11,13,77,1,1,2,2,0,2,86,1,3,3,6,2,0,2,36,2,0,12,3,0,26,0,0,4,20,4,10,3,1,1,2,1,1,27,0,1,6,24,0,4,51,1,2,3,4,10,5,1,1,5,4,0,5,1,0,0,3,2,0,0,0,0,0,1,11,2,14,4,7,3,9,23,0,7,9,1,0,0,57,6,16,1,1,0,14,1,7,22,3,14,1,0,0,10,1,2,3,2,3,0,2,0,5,1,6,1,0,0,0,0,4,0,4,1,3,4,2,1,7,0,0,5,0,0,1,1,5,0,1,1,3,3,3,0,0,2,13,3,1,4,8,10,4,0,0,0,1,0,3,1,8,6,1,17,0,0,42,0,0,0,2,4,2,5,3,8,0,2,1,2,6,4,0,1,0,10,1,0,1,1,1,2,5,1,2,4,1,9,2,1,3,1,1,1,3,6,0,7,1,3,16,1,3,4,16,4,7,1,2,2,0,13,8,0,2,0,0,0,3,3,2,2,1,0,3,0,0,2,1,2,16,0,4,5,2,9,0,0,4,0,4,2,0,2,4,8,1,1,3,3,8,7,1,3,0,1,5,6,0,2,18,2,4,7,5,1,1,0,1,1,0,0,0,0,1,0,0,3,2,8,3,0,0,7,6,1,1,1,1,0,0,7,9,7,3,3,1,0,3,2,4,0,1,1,1,1,1,4,0,0,0,0,1,0,2,2,1,0,2,1,0,4,2,4,0,0,10,0,5,6,5,3,4,9,11,2,5,5,0,0,2,9,0,1,2,8,4,8,1,7,1,2,3,2,0,1,3,0,0,0,3,0,0,0,0,1,5,0,0,5,3,0,0,0,2,0,1,4,2,1,6,0,0,1,0,3,0,0,2,1,1,0,5,1,8,0,0,1,0,2,2,2,0,0,1,1,2,1,1,4,3,1,1,4,2,0,0,1,3,0,2,9,5,2,1,3,0,1,1,0,1,3,0,28,0,0,5,1,0,0,2,2,4,4,1,0,2,0,1,0,0,0,1,1,1,0,5,1,7,1,2,1,8,0,0,0,1,0,0,2,6,3,0,1,1,3,0,6,1,8,6,2,0,2,0,0,4,0,0,3,2,1,0,4,0,0,2,1,0,1,0,1,1,1,2,2,2,1,0,0,0,1,0,4,2,7,1,3,1,0,0,4,0,1,2,5,7,0,3,4,3,1,2,1,0,1,0,0,0,1,0,2,2,7,0,5,4,5,0,0,0,3,1,0,2,1,1,0,3,0,3,0,0,0,3,1,4,0,4,0,0,0,0,2,4,1,5,13,4,0,0,6,1,1,0,0,0,1,1,2,1,0,0,2,1,0,0,0,0,0,1,2,0,1,2,1,0,0,1,0,2,0,1,1,1,1,0,6,0,0,2,0,1,2,1,0,0,0,1,0,1,1,2,1,3,2,1,2,0,1,2,0,1,6,2,2,2,1,0,0,0,1,1,2,3,0,1,1,0,1,0,0,0,7,0,0,0,1,0,1,0,1,1,0,0,1,1,2,1,0,0,0,1,1,3,1,1,0,0,2,1,3,1,0,0,2,1,2,1,2,0,2,2,1,2,2,3,1,0,1,4,0,0,1,0,3,1,0,0,4,1,2,13,1,0,0,0,0,1,5,4,0,13,1,0,1,0,0,0,1,0,3,0,1,0,3,0,7,11,3,0,0,0,1,0,0,0,16,0,0,1,1,2,2,0,2,2,1,1,0,4,0,4,1,1,2,1,0,0,1,0,0,0,0,2,0,1,0,0,0,0,0,0,2,3,0,1,1,1,0,3,0,0,3,0,1,1,0,1,0,4,0,0,0,0,2,0,0,2,0,2,0,0,0,3,3,3,1,0,0,0,1,0,0,4,1,0,0,0,1,0,0,1,0,4,0,4,0,1,0,0,4,0,0,0,0,1,1,0,1,2,0,4,0,0,0,1,4,1,1,0,0,0,0,0,0,1,3,1,0,4,1,0,0,1,0,0,0,0,1,0,4,0,0,0,3,0,0,0,0,1,0,0,1,1,2,5,0,0,0,2,1,0,0,0,0,0,0,11,1,0,0,2,0,2,1,0,0,0,0,4,0,0,0,0,8,0,0,0,0,0,0,0,trotsky
trotsky_opekaemoe_studenchestvo_I.txt,8,0,0,0,2,1,2,0,2,32,0,0,1,0,0,0,1,2,0,0,0,0,0,0,0,1,0,3,0,1,4,2,1,1,0,1,4,0,2,3,0,1,33,4,0,14,1,1,1,0,0,0,0,0,5,6,11,0,0,0,0,0,1,22,1,0,0,0,0,0,0,6,0,0,3,5,0,8,0,4,3,1,0,1,0,0,0,0,0,0,0,0,1,0,0,2,0,15,0,0,1,1,1,0,0,1,0,0,0,0,2,0,0,0,0,0,2,0,0,0,0,0,0,5,0,0,1,2,4,0,0,2,0,0,2,9,4,3,0,0,0,2,2,3,3,0,0,1,0,0,1,0,0,0,2,0,1,0,0,0,2,0,0,1,0,0,0,5,1,1,1,1,1,1,0,0,0,0,0,0,3,1,1,1,0,0,0,0,2,0,0,0,1,0,0,0,0,1,0,0,0,0,1,0,0,1,0,5,1,1,1,0,0,5,0,1,0,0,0,0,0,0,0,2,1,1,0,0,3,0,2,0,3,0,1,1,0,0,0,1,1,1,0,2,0,0,0,0,1,0,0,0,0,0,0,0,0,2,1,0,0,3,1,0,0,0,0,0,0,1,0,1,1,1,0,0,1,0,1,0,0,0,1,1,0,0,0,2,0,1,1,0,2,0,0,0,0,1,0,0,0,0,0,0,0,0,0,1,2,1,2,0,0,0,1,0,0,0,0,0,0,0,0,1,0,0,0,2,3,3,1,1,0,0,0,0,0,0,0,1,0,0,0,0,1,0,0,0,0,0,0,0,1,0,0,2,2,0,0,2,0,0,0,2,1,0,1,2,0,0,0,1,0,0,1,3,1,0,0,0,0,0,0,2,0,1,1,0,1,0,0,0,0,0,0,0,0,0,0,0,0,0,0,0,1,1,3,2,0,0,1,0,0,0,0,1,0,1,1,0,0,0,0,0,0,0,0,0,0,0,1,0,0,0,0,0,0,2,0,0,0,0,0,0,0,0,0,0,0,0,0,1,0,0,2,0,0,0,0,3,0,0,0,0,0,1,0,0,0,0,0,1,0,0,0,1,0,0,0,0,0,0,2,0,1,0,0,0,0,1,0,0,1,0,0,0,0,1,0,0,2,0,1,1,0,0,0,1,0,0,0,0,0,0,0,2,0,0,0,1,0,0,0,1,0,0,0,0,0,0,0,0,0,0,1,0,3,1,0,0,0,0,0,0,1,0,0,1,0,0,0,0,0,1,0,0,0,0,0,1,0,0,0,0,0,0,0,0,0,0,1,0,1,0,0,0,0,0,0,0,1,1,0,0,0,1,1,0,0,0,0,0,0,0,0,0,0,0,0,0,0,0,0,1,0,1,0,0,0,2,0,0,0,1,1,0,0,2,0,2,0,0,0,2,0,1,1,0,1,0,0,0,0,0,1,1,0,0,1,0,0,0,3,2,0,0,0,6,0,0,2,0,0,0,0,0,0,0,0,0,0,0,1,0,0,0,0,0,0,0,0,1,0,0,1,0,0,0,0,0,0,1,1,0,0,0,0,0,0,0,1,0,0,1,1,0,0,0,1,0,1,0,0,0,0,0,0,0,0,0,0,0,0,0,0,0,0,0,0,0,0,0,0,1,0,0,0,0,0,0,0,1,0,0,0,1,0,0,0,3,0,0,0,0,0,1,0,0,1,0,0,0,2,0,1,0,0,0,1,0,1,0,0,1,0,0,0,0,0,0,1,0,0,0,0,0,0,1,0,0,0,0,0,0,0,0,0,0,0,2,0,0,0,0,0,0,0,1,0,0,0,0,0,0,0,0,0,0,0,0,1,0,0,0,0,0,0,0,2,0,0,2,1,0,0,1,2,0,0,2,0,0,1,0,0,0,0,0,0,0,0,0,0,0,0,0,1,1,0,0,0,0,0,0,0,0,0,1,2,0,0,0,0,0,1,0,1,2,0,0,0,1,0,0,0,0,20,0,0,0,2,0,0,0,0,1,1,1,0,0,0,2,0,0,0,0,0,0,0,0,0,2,0,0,0,0,0,0,0,0,0,0,0,0,0,0,0,1,0,1,0,0,0,0,0,0,0,0,0,0,0,0,0,0,0,0,1,0,0,0,0,0,1,0,1,0,0,0,0,0,0,0,0,0,0,0,0,0,0,0,0,1,0,0,0,0,0,0,0,0,0,0,0,0,0,0,0,0,0,0,2,1,0,0,0,0,0,0,0,0,0,0,0,0,0,0,0,0,0,0,trotsky
trotsky_perm_rev.txt,184,4,41,10,22,27,9,12,81,1369,5,1,4,14,5,6,41,113,20,20,35,4,3,1,12,46,7,9,9,107,147,79,21,10,5,17,85,14,99,170,104,2,1224,155,68,289,49,1,40,37,3,7,1,2,85,89,435,16,2,4,1,1,3,755,20,10,16,53,14,7,5,235,14,5,131,22,0,149,1,69,25,164,11,67,2,19,16,7,27,4,61,6,19,4,43,2,3,355,1,2,12,19,28,7,0,3,26,9,4,40,4,10,2,2,4,19,36,2,14,2,27,18,11,76,19,66,29,63,167,3,117,67,3,0,9,453,48,224,71,5,0,53,5,37,117,37,52,14,6,4,79,15,13,30,74,39,5,4,10,12,9,50,3,6,2,4,4,115,6,2,94,10,2,2,9,12,1,1,7,4,50,6,15,18,0,2,0,19,10,10,8,8,13,93,10,3,52,83,8,11,20,27,11,33,13,24,4,105,18,10,3,19,12,259,1,1,3,12,9,9,14,13,12,12,19,17,11,21,45,1,13,3,56,5,0,14,1,7,3,34,18,15,17,10,18,22,7,63,4,28,1,3,12,4,12,5,7,74,6,17,4,195,38,19,0,3,21,11,52,58,5,6,0,2,1,20,12,5,9,19,10,35,4,16,5,21,3,49,10,11,11,8,27,7,0,6,2,12,2,5,1,9,7,2,9,3,11,80,197,22,93,7,9,7,11,16,11,16,15,2,10,8,16,38,0,1,389,24,6,35,13,9,40,0,2,8,57,7,5,8,5,16,8,3,3,17,1,8,1,0,24,5,33,12,5,32,29,20,1,27,10,19,22,8,12,10,10,29,7,7,27,7,29,19,5,2,6,10,5,7,21,2,2,134,4,41,82,16,23,1,1,7,18,7,19,4,13,1,69,3,0,2,41,34,54,37,44,18,29,5,5,9,5,55,22,49,31,2,10,42,6,1,16,33,3,0,25,6,14,5,21,11,3,0,25,45,8,78,0,8,11,7,58,8,13,2,16,4,6,16,1,14,10,3,65,7,17,18,6,3,13,5,0,13,9,5,16,3,11,8,24,9,0,14,18,12,4,3,5,2,0,4,21,24,7,0,4,9,10,15,1,4,0,2,8,16,12,17,15,11,7,5,12,38,4,6,2,0,2,8,7,8,4,1,12,122,6,21,12,14,3,3,9,10,3,8,9,7,25,0,13,9,4,0,46,5,59,20,6,0,4,6,4,57,6,6,17,7,9,11,14,1,10,0,12,13,15,3,3,20,5,27,20,4,2,0,0,10,0,6,43,7,9,32,2,28,6,8,14,2,15,19,19,10,1,13,24,16,3,1,1,4,5,5,19,9,7,2,7,2,25,2,5,10,10,6,1,1,3,7,16,2,1,5,0,3,8,3,1,1,0,12,11,8,8,23,8,5,0,2,4,24,3,24,13,7,2,0,7,1,5,0,3,0,16,3,15,7,4,7,23,5,0,0,5,16,4,5,5,8,14,15,8,9,12,11,1,6,0,6,4,2,7,5,7,9,0,2,0,14,0,6,7,6,9,2,2,4,7,22,7,9,0,4,7,2,5,10,23,55,1,0,0,2,2,22,72,5,0,11,3,8,3,4,2,11,36,95,48,0,20,3,4,6,0,8,6,11,1,2,20,3,1,0,3,6,4,4,6,14,3,11,2,10,6,5,3,15,9,5,2,2,8,0,17,5,6,5,4,19,2,1,25,6,1,17,4,3,2,4,2,1,10,5,0,0,15,11,4,8,2,9,3,4,7,8,5,5,4,46,9,4,1,5,20,5,3,0,9,9,0,5,5,5,79,23,15,3,0,2,35,3,0,2,3,0,2,9,8,7,0,19,30,20,3,10,5,0,6,3,5,12,69,4,7,0,2,10,3,2,0,8,10,3,13,2,3,8,44,32,9,2,1,20,29,0,54,11,58,1,0,179,3,1,5,0,0,1,1,1,13,8,27,7,2,5,0,6,17,7,3,11,1,3,13,2,2,11,8,1,27,3,9,4,10,1,9,1,1,0,6,11,6,3,1,3,24,1,6,2,5,7,1,11,1,1,23,0,1,31,11,15,7,13,1,0,1,2,2,16,1,2,13,16,2,3,1,2,3,2,0,8,9,98,6,6,5,23,4,0,1,2,0,3,0,5,3,11,12,4,9,4,0,3,111,15,16,6,4,18,135,10,5,7,17,15,2,27,7,20,4,6,9,3,5,31,3,120,1,2,4,0,0,26,61,109,38,5,150,115,trotsky
trotsky_predisl_nasha_rev.txt,1,0,2,0,0,0,0,0,1,10,0,0,0,0,0,0,0,1,0,0,0,0,0,0,0,0,0,0,0,2,2,1,0,0,0,0,6,0,3,5,1,0,11,5,0,2,1,0,0,3,0,0,0,0,2,7,5,0,0,0,0,0,0,6,0,0,0,1,0,0,0,2,0,0,3,0,0,1,0,1,2,5,1,1,0,0,0,0,0,1,2,0,0,0,1,0,0,7,0,0,0,2,0,0,0,0,0,0,0,1,1,0,0,0,0,2,1,0,0,0,0,0,0,3,0,1,2,1,1,0,0,0,0,0,0,6,0,3,0,0,0,0,0,1,3,0,0,0,0,0,0,0,0,0,0,0,0,0,0,0,0,0,1,0,0,0,0,1,0,0,0,0,0,0,0,0,0,0,0,0,2,0,0,0,0,0,0,0,0,0,0,0,0,0,0,0,2,0,0,0,0,0,0,2,0,1,0,0,1,0,0,0,0,2,0,0,1,0,0,0,0,0,0,0,0,0,0,1,1,0,0,0,0,1,0,1,0,0,0,0,0,0,0,1,0,2,1,0,0,3,0,0,0,0,0,0,0,0,0,0,0,4,1,0,0,0,1,0,1,0,0,0,0,0,0,0,0,0,0,0,0,0,0,0,0,0,1,0,0,0,0,0,1,0,0,1,0,0,0,0,0,0,0,0,0,0,1,1,1,0,0,0,0,0,0,0,0,0,0,0,0,0,0,0,0,0,1,0,1,1,0,0,0,0,0,0,0,0,0,0,0,1,0,0,0,0,0,1,0,0,0,0,0,0,0,0,0,0,0,1,0,1,0,0,1,0,0,0,0,0,0,0,0,0,0,0,0,0,0,0,1,1,0,4,0,0,0,1,0,0,0,0,0,0,0,0,0,0,1,0,0,0,0,1,0,1,2,0,0,0,0,0,0,0,0,0,0,0,0,0,0,0,0,0,0,0,0,0,0,0,0,0,0,0,0,0,0,0,0,0,0,0,0,1,0,0,0,0,0,0,0,1,0,0,0,2,0,0,0,0,0,0,0,0,1,1,0,1,0,0,0,0,0,0,2,0,0,1,0,0,0,0,0,0,0,0,0,0,2,0,0,0,0,0,0,1,0,0,0,0,0,0,0,0,0,1,0,0,0,0,0,0,0,0,0,0,0,0,0,1,0,0,0,0,0,0,0,0,0,1,0,0,0,0,0,0,2,0,0,0,0,0,0,0,0,0,0,0,1,0,0,0,0,0,0,0,0,0,0,0,0,0,0,2,0,0,0,0,1,0,1,0,0,0,0,0,2,0,0,1,0,0,0,0,0,0,0,0,0,0,0,1,0,0,0,1,0,0,0,0,0,0,0,0,0,1,0,0,0,0,0,0,0,1,0,0,0,0,0,0,0,0,0,0,0,0,0,0,0,0,0,0,0,0,0,0,0,0,0,0,0,0,0,0,0,0,0,1,0,0,1,0,0,0,0,0,0,1,0,0,1,0,0,0,0,0,0,0,0,0,0,0,0,0,0,0,0,0,0,0,0,0,0,1,0,0,0,0,0,0,1,0,0,0,2,0,0,0,0,0,0,0,0,0,0,0,0,0,0,0,0,0,0,0,0,0,0,0,0,2,0,0,0,0,0,0,0,0,0,0,1,0,0,0,1,0,0,0,0,0,0,1,0,0,0,0,0,1,0,0,0,0,0,0,0,0,0,0,0,0,0,0,0,0,0,0,1,0,0,0,0,0,0,0,0,0,0,0,0,0,0,0,0,0,0,0,0,0,0,0,0,0,0,0,0,0,0,0,0,0,0,1,0,0,0,0,0,0,0,0,0,0,0,0,0,0,0,0,0,1,0,0,0,1,0,0,0,0,0,0,0,0,0,0,0,0,0,0,0,0,0,0,0,0,0,0,1,0,0,0,0,0,0,0,0,0,2,0,0,0,0,0,0,0,0,0,0,0,0,1,1,0,0,0,0,0,0,0,0,0,0,0,0,3,0,0,0,0,0,0,0,0,0,0,0,0,0,0,0,1,0,1,0,1,0,0,0,0,0,0,0,0,0,0,0,0,0,0,0,0,1,0,0,0,0,0,0,0,1,0,0,0,0,0,0,0,0,3,0,0,0,0,0,1,0,0,0,0,0,0,0,0,0,0,0,0,0,0,0,0,0,0,0,0,0,0,1,0,0,0,0,0,0,0,0,0,0,0,0,0,2,0,0,0,0,0,1,0,0,0,0,0,1,0,0,0,0,0,0,0,trotsky
trotsky_prolet_i_rev.txt,8,9,4,5,0,1,0,2,8,89,0,1,0,0,1,0,9,20,5,5,6,4,0,0,0,2,2,0,1,1,16,3,0,0,0,0,7,2,5,5,9,1,103,9,11,11,2,0,2,5,2,2,1,0,10,0,42,0,4,4,0,2,0,64,1,8,0,3,1,2,1,20,3,3,3,1,1,17,1,1,1,10,3,1,3,0,0,0,2,1,9,0,1,1,6,0,0,16,1,2,1,4,4,3,0,0,2,1,2,1,0,0,6,0,1,0,0,0,0,1,0,1,2,9,2,9,2,4,14,2,3,8,0,0,0,29,13,23,4,0,3,4,0,2,11,2,11,3,1,4,12,1,0,0,1,0,0,0,0,2,1,9,1,0,1,0,0,1,0,0,4,1,1,1,0,1,0,0,1,0,1,2,0,0,0,0,0,3,6,11,0,0,0,4,1,0,5,9,1,1,0,0,1,1,0,0,0,3,1,2,0,0,1,29,1,0,0,2,0,0,0,0,0,1,2,0,0,0,3,0,0,5,1,3,1,1,0,1,1,4,0,4,1,0,1,4,0,1,0,1,0,0,2,1,1,1,0,9,1,1,0,4,2,6,0,2,2,1,11,3,0,1,0,0,0,1,1,0,2,1,1,0,0,0,2,3,1,3,0,1,0,0,4,2,0,1,0,0,0,0,0,0,0,0,0,0,0,7,8,1,3,0,0,1,1,1,3,0,0,1,3,0,0,1,0,0,7,3,0,8,2,7,2,0,1,0,3,0,0,0,0,1,0,1,1,1,1,1,0,0,3,0,3,0,3,2,4,2,0,2,0,1,1,2,4,0,0,0,0,0,0,1,0,0,1,0,2,1,0,1,2,0,1,7,0,1,2,1,3,6,2,0,0,2,1,1,1,0,10,3,0,0,3,1,4,2,2,3,0,0,0,0,0,9,0,0,2,0,0,0,0,0,0,2,0,3,0,1,0,0,1,0,2,0,0,1,5,1,0,0,0,0,2,2,0,0,1,0,0,1,0,1,0,0,0,0,13,0,0,0,2,1,0,1,0,2,7,0,0,1,4,4,0,0,1,4,2,1,0,2,0,0,0,0,0,0,0,0,1,0,0,0,0,1,0,2,0,0,0,0,2,0,0,2,0,2,0,0,0,0,1,0,0,6,0,1,1,4,0,1,0,0,0,1,0,2,0,2,1,0,0,1,0,0,5,0,4,1,0,0,0,1,0,2,0,0,1,0,0,0,2,0,2,1,0,0,0,1,0,6,0,0,1,1,0,0,0,3,0,1,5,0,0,0,0,3,0,0,0,1,0,4,2,2,1,0,2,1,1,1,0,0,0,0,1,0,1,0,0,2,4,1,0,0,0,4,0,0,0,0,1,0,0,2,1,0,2,0,0,0,0,0,0,2,0,1,0,0,0,1,1,1,0,0,0,1,0,0,1,0,0,0,0,0,1,0,0,0,0,0,2,0,0,0,0,0,0,0,2,2,1,4,0,0,0,0,1,0,1,1,2,1,0,0,0,1,0,1,0,0,0,0,0,0,0,1,0,11,0,0,0,2,0,0,0,0,0,0,0,0,0,1,0,0,0,0,1,2,0,3,0,0,0,3,3,0,0,0,0,2,1,1,0,0,0,1,0,0,1,0,15,0,4,2,0,0,0,0,0,0,1,2,0,0,0,0,0,0,1,1,1,0,0,0,1,0,1,1,2,0,0,1,0,0,0,0,0,1,0,0,0,1,0,0,0,0,7,2,4,9,5,1,0,0,0,1,1,0,0,0,0,0,1,0,0,0,0,1,0,0,0,1,0,0,0,0,0,0,0,0,0,0,0,0,0,0,0,0,0,1,0,5,0,1,2,0,4,0,0,0,0,1,1,1,0,0,2,1,0,0,0,0,0,1,1,0,0,3,0,0,0,0,0,2,1,0,0,3,0,0,0,0,0,0,0,0,0,0,0,0,0,1,0,0,0,0,0,0,0,0,0,0,0,0,0,2,0,0,0,2,1,0,0,1,0,0,0,1,1,0,0,1,0,1,1,2,0,0,0,1,0,0,0,0,0,0,0,0,0,0,0,0,1,1,0,0,0,0,5,0,0,0,0,0,0,0,0,0,6,0,0,0,0,2,0,1,0,6,0,0,0,0,1,0,0,0,2,0,0,0,0,0,1,0,0,1,0,0,0,0,0,0,0,0,2,1,0,2,0,0,6,0,6,0,0,0,0,0,1,0,0,0,0,0,0,0,0,0,0,0,trotsky
trotsky_treb_zemtsy.txt,18,0,2,0,0,0,0,1,4,81,0,0,0,3,0,0,3,5,1,1,5,0,0,3,0,5,0,2,4,3,16,1,0,2,0,0,9,0,6,9,13,0,88,11,6,15,1,0,2,4,0,0,0,0,6,5,22,0,6,22,3,2,1,70,1,0,0,5,2,0,1,23,2,1,9,0,0,9,1,1,2,11,5,0,1,4,0,0,1,0,10,0,0,0,0,0,2,20,4,1,0,4,8,2,0,0,1,0,5,4,0,1,0,0,0,3,0,0,0,0,0,1,1,4,2,5,1,2,21,0,1,1,0,1,0,33,11,13,1,0,1,1,1,0,11,1,7,1,2,0,2,1,1,2,3,1,1,2,0,0,2,3,0,2,1,2,0,10,0,5,0,0,0,0,0,0,0,0,0,1,3,0,0,2,0,0,0,3,0,5,3,0,4,4,0,0,3,5,4,3,0,0,1,3,2,0,0,8,2,1,0,0,1,16,0,0,0,1,0,0,0,0,0,2,4,1,5,0,7,0,0,2,4,0,0,0,0,0,2,1,0,1,1,1,0,1,0,2,0,1,3,1,1,1,2,1,0,11,0,3,0,18,2,2,0,1,0,0,11,24,0,1,0,1,3,1,0,0,0,0,0,1,0,0,0,2,0,1,0,3,7,1,6,0,0,0,0,0,0,1,0,14,16,5,0,2,2,0,1,1,3,0,0,1,5,0,1,1,0,0,0,0,0,0,0,0,0,0,1,1,0,0,1,1,0,0,4,0,0,1,0,5,0,0,0,0,0,0,0,0,8,1,2,0,0,3,3,0,0,0,0,3,2,0,0,0,0,0,0,0,0,2,3,0,0,5,0,0,1,2,4,0,1,5,0,1,7,2,4,2,3,0,0,0,1,1,0,0,4,0,0,0,3,1,4,2,5,1,2,1,1,1,0,6,1,0,4,0,3,7,0,0,0,2,0,0,1,0,0,1,1,2,0,1,1,1,1,1,0,0,1,1,3,0,1,1,1,0,0,2,0,0,1,0,7,2,1,0,0,0,0,0,0,0,1,0,1,1,0,0,4,0,2,0,1,3,1,0,0,0,0,0,3,0,1,0,0,0,1,0,0,0,0,0,0,0,0,0,0,0,0,0,0,4,0,0,0,0,0,0,0,0,0,0,2,1,0,4,3,0,0,0,0,0,0,2,0,2,0,0,0,4,0,0,4,0,5,2,1,0,0,0,0,2,0,1,0,0,1,0,0,0,0,0,2,0,0,2,0,3,0,0,0,0,1,0,0,0,0,1,1,2,1,7,0,0,0,0,0,0,0,2,1,1,0,0,0,1,0,1,0,1,0,0,0,0,0,0,0,2,2,0,4,1,0,0,0,1,2,0,0,0,3,1,0,0,0,1,0,0,1,0,0,0,1,0,3,0,0,0,0,5,0,0,8,2,0,0,0,1,0,0,0,0,1,0,0,6,0,0,1,1,0,0,0,0,0,1,1,0,1,2,0,0,0,0,0,0,1,0,0,0,0,0,0,0,0,21,4,0,0,2,2,0,2,2,0,2,0,0,1,2,0,0,0,0,0,4,2,9,0,1,0,0,0,1,0,0,0,1,1,0,1,0,0,0,0,0,0,0,1,1,0,0,0,1,1,0,2,0,2,0,1,2,0,1,0,0,0,0,0,0,0,0,0,0,1,1,3,0,0,0,0,0,0,0,0,0,0,1,0,0,0,1,0,2,2,2,0,0,0,3,0,0,0,4,0,0,3,1,0,0,0,0,0,0,9,0,0,1,2,1,2,1,0,0,0,2,0,3,1,0,1,2,0,0,0,0,0,0,2,0,2,0,0,0,0,1,0,0,0,2,0,1,1,1,0,0,0,3,0,1,5,0,0,0,0,0,0,0,0,2,0,2,1,0,0,0,0,0,0,1,0,0,0,1,0,0,0,0,0,1,0,0,0,0,0,1,0,0,0,0,0,2,0,0,0,0,0,0,0,1,0,2,1,1,0,0,0,1,0,0,0,0,0,0,1,0,0,0,0,0,0,1,0,0,0,0,0,2,0,0,0,0,3,0,0,0,0,0,0,0,0,1,0,3,0,0,0,0,0,6,0,0,0,1,0,0,0,0,1,0,0,0,0,0,0,0,1,0,0,0,0,0,0,0,0,0,0,0,0,0,1,5,0,0,0,0,0,1,0,0,0,0,5,2,0,0,0,0,0,7,0,0,0,0,0,0,0,0,0,0,2,0,0,0,0,0,0,0,trotsky
trotsky_voyna_i_oppoz.txt,6,3,2,0,0,0,0,0,4,58,0,0,3,0,3,0,4,14,0,1,3,0,0,1,0,2,0,2,0,0,7,2,2,0,2,1,9,4,1,6,12,2,106,2,3,11,8,0,1,2,0,0,0,0,1,1,39,0,5,4,1,0,1,43,2,0,0,3,1,1,0,10,1,2,3,3,0,12,0,0,0,5,3,1,1,0,0,2,5,0,1,0,0,0,0,0,3,30,3,2,1,2,4,0,0,0,2,0,0,0,0,0,0,0,0,0,0,0,0,0,0,2,0,3,1,6,3,6,8,1,3,2,1,0,0,20,3,8,2,0,0,1,0,2,3,0,3,2,0,0,4,0,2,1,1,0,0,0,0,0,0,1,0,1,0,0,0,2,0,1,0,0,0,2,0,0,0,0,0,0,0,0,0,0,0,0,0,4,1,0,3,0,2,3,0,0,3,5,1,0,1,0,0,0,0,1,0,1,1,0,4,0,0,10,0,0,1,0,0,0,0,0,0,0,3,0,0,1,2,1,0,0,1,0,0,2,0,1,0,0,0,0,2,1,1,1,1,0,0,1,0,3,4,1,2,0,0,6,0,0,0,9,0,0,0,0,0,0,13,8,0,0,0,1,0,0,0,0,0,0,1,0,2,0,1,3,1,0,1,1,2,1,2,0,0,0,2,0,0,1,0,1,1,0,0,1,0,0,0,0,4,1,0,1,0,0,0,0,0,0,0,0,0,3,0,0,0,0,0,0,0,0,0,0,0,0,4,0,2,0,0,1,5,0,0,0,0,0,0,0,4,0,3,0,3,1,12,0,0,0,0,0,0,0,0,1,0,0,0,1,0,0,4,0,0,2,1,0,0,0,0,0,0,6,0,1,3,0,4,0,2,0,3,0,0,0,1,0,1,1,1,0,0,2,1,0,1,3,1,0,0,1,0,1,0,0,1,0,0,1,2,0,0,0,0,0,2,0,0,0,1,0,0,0,2,2,0,2,0,0,3,0,0,0,0,1,1,1,1,2,0,3,1,0,4,0,0,0,1,1,2,0,0,0,2,0,1,1,0,0,4,2,0,0,0,0,1,2,3,0,0,0,0,0,0,0,1,0,1,0,0,0,0,1,1,1,1,1,0,5,2,0,0,0,0,1,0,0,2,0,0,2,0,1,0,2,1,4,0,1,0,3,0,0,0,1,1,1,0,0,1,1,0,0,3,0,4,1,0,0,0,0,0,6,0,0,0,1,2,2,0,0,0,0,0,0,0,0,0,1,0,1,0,0,0,0,0,2,0,0,3,0,0,2,0,0,0,0,0,1,0,0,2,1,1,0,0,0,0,0,0,0,0,0,2,0,3,0,1,1,0,1,0,1,0,0,0,0,1,0,2,0,1,1,1,0,1,1,1,1,0,0,0,3,0,1,3,2,0,0,0,2,0,0,0,0,0,0,1,1,0,0,0,0,0,0,0,1,0,0,1,1,0,0,0,1,0,1,1,2,0,1,0,0,0,0,0,0,0,0,0,0,0,0,0,1,1,4,0,0,0,1,0,0,1,1,1,0,1,0,0,0,0,0,4,0,0,1,1,0,0,0,0,0,1,0,0,1,0,2,1,1,0,0,0,0,0,0,0,0,5,1,2,0,0,0,0,0,0,0,1,0,0,0,3,1,0,0,1,1,0,0,0,1,2,0,0,0,2,1,2,1,0,0,0,1,0,1,1,1,0,0,1,0,0,0,1,0,0,1,0,0,0,0,0,1,0,3,0,2,1,0,0,0,0,1,0,0,0,2,2,0,0,0,1,0,0,0,0,2,0,0,1,0,0,0,0,0,0,1,0,0,0,0,0,0,0,1,0,0,0,1,0,0,0,0,0,0,1,0,0,0,0,0,0,0,0,2,0,0,0,1,1,0,0,1,0,0,0,0,0,0,0,0,2,0,0,2,0,0,0,0,0,0,0,0,0,2,0,1,0,0,0,1,0,0,0,0,0,2,0,0,1,2,0,0,0,1,0,0,0,0,0,0,0,0,0,0,0,4,0,0,0,0,0,0,0,0,0,0,0,0,0,0,0,0,0,0,0,1,0,2,0,0,0,0,0,0,0,0,0,1,0,0,0,0,0,0,5,0,2,1,0,1,1,0,0,8,0,0,0,0,0,0,0,0,2,1,0,1,0,0,0,0,0,0,0,0,0,0,0,0,0,0,0,2,0,0,0,3,0,1,0,0,0,0,0,0,1,0,0,0,1,0,0,0,0,0,0,0,trotsky
zasulich_dobrolubov_I.txt,16,0,3,1,0,0,2,1,6,91,0,0,1,2,0,1,4,15,0,1,3,1,0,0,2,5,0,2,0,0,13,4,0,1,0,2,24,6,8,16,10,1,102,8,12,15,7,0,2,0,2,0,0,2,5,7,32,2,2,1,0,1,0,69,3,2,2,3,5,4,3,33,1,2,34,5,0,29,0,0,3,5,0,2,0,1,1,1,5,0,5,0,0,1,0,1,2,23,0,2,3,2,2,2,0,0,3,0,0,0,0,0,0,0,0,0,0,0,0,0,2,1,0,5,3,6,11,6,12,0,11,6,0,0,1,34,12,10,3,0,0,0,0,0,22,5,2,5,1,0,5,1,0,2,0,0,0,0,4,1,5,4,0,0,0,0,0,1,5,0,1,0,0,0,2,1,0,0,0,0,0,0,0,0,0,6,2,0,0,2,0,2,1,1,2,0,3,8,4,5,0,0,1,2,0,0,2,4,3,1,0,0,0,20,0,1,1,1,0,0,0,1,0,1,4,2,2,2,4,7,0,0,0,0,0,1,1,1,1,3,4,5,1,0,5,1,0,6,0,1,0,0,2,1,1,3,1,2,6,5,0,10,3,2,2,0,1,0,5,11,0,1,0,0,1,0,1,0,0,0,0,1,0,0,0,0,0,1,0,0,1,0,0,0,0,2,0,0,1,0,0,0,0,0,1,0,0,0,0,3,1,0,0,2,0,0,1,0,0,0,1,0,0,0,1,0,1,0,2,0,1,0,0,0,1,1,2,0,1,2,2,1,1,1,0,2,0,1,0,1,5,1,6,0,0,5,2,0,0,0,0,0,0,2,1,0,0,0,0,1,0,0,0,0,1,0,3,0,0,1,4,0,0,15,0,1,1,4,2,0,0,0,0,0,0,0,0,0,6,0,0,0,6,2,2,2,4,0,0,0,0,0,0,3,0,0,1,0,0,0,0,0,0,0,1,1,6,0,2,0,3,0,0,0,0,1,3,1,1,1,0,0,3,0,1,0,2,1,0,0,3,7,2,0,2,2,2,1,0,0,0,0,3,0,0,0,2,1,1,0,2,0,0,0,1,0,0,0,0,0,0,2,0,0,2,0,0,0,0,0,0,0,0,0,0,0,0,1,0,3,3,0,0,2,0,0,0,0,0,1,0,1,0,0,0,3,0,4,1,2,0,0,0,0,1,4,0,2,0,0,0,1,1,0,2,0,3,0,0,0,1,2,0,7,1,0,0,1,4,0,1,1,0,0,1,0,0,0,0,0,1,1,0,0,0,0,0,2,1,0,2,2,0,1,0,0,5,0,0,2,1,1,0,1,1,0,0,2,3,1,1,0,0,0,0,0,1,0,0,0,0,0,0,0,2,0,0,0,0,1,0,0,0,0,0,2,0,0,0,0,0,4,2,0,1,1,6,2,0,0,0,2,0,0,2,0,1,0,2,0,0,0,0,0,0,0,1,0,0,0,2,0,0,0,0,0,0,0,0,0,0,2,0,0,0,0,1,1,0,0,0,0,0,0,1,0,1,0,0,0,0,1,4,0,0,0,0,0,0,1,0,0,0,0,2,0,1,1,1,0,0,3,0,1,0,1,1,2,1,6,0,2,0,0,1,1,1,0,0,0,0,0,0,0,3,0,0,0,0,1,9,1,1,1,1,1,0,0,0,0,1,2,0,0,0,0,4,0,2,0,0,0,0,0,0,2,0,2,0,0,1,1,1,0,1,0,1,0,1,0,1,0,0,0,0,0,0,0,0,0,1,1,0,0,0,0,0,0,0,0,0,2,0,0,3,0,0,0,0,1,0,3,1,0,0,0,0,1,0,1,0,0,1,0,0,1,0,4,0,0,0,1,1,1,1,0,0,0,0,0,0,0,3,0,0,1,1,0,1,3,0,1,0,1,0,0,0,0,0,0,0,0,3,3,0,0,0,4,0,0,0,5,0,0,2,0,0,0,0,0,0,0,0,1,0,0,0,0,2,0,0,0,0,0,2,0,2,0,0,0,0,0,0,0,0,0,1,0,1,0,0,0,0,0,1,0,0,1,1,0,0,0,0,0,0,0,0,0,1,1,0,0,0,0,0,0,0,1,0,0,0,0,2,0,0,0,1,0,0,0,0,2,0,0,0,0,0,0,1,0,0,0,0,0,0,0,0,0,0,0,0,1,0,0,0,0,0,0,0,0,0,0,0,0,0,0,0,0,0,1,2,0,0,0,0,0,0,0,0,0,0,0,0,0,0,0,0,0,0,0,zasulich
zasulich_mihailovskiy_I.txt,5,0,4,0,0,2,2,0,2,42,0,0,0,0,0,0,5,3,1,0,3,0,0,0,0,1,0,0,0,0,8,0,0,0,0,0,13,5,0,2,6,1,42,10,2,11,5,0,3,1,0,0,0,0,0,2,14,0,0,2,0,1,0,34,2,0,1,0,1,0,1,9,2,0,8,1,0,5,0,0,0,9,0,1,1,1,0,0,0,0,0,0,0,0,0,0,0,16,0,0,1,2,2,0,0,2,1,0,0,0,0,1,0,1,0,1,0,0,0,0,0,0,0,6,2,2,2,2,4,0,1,7,0,0,0,7,4,7,7,0,0,1,0,2,3,7,2,0,1,0,0,0,0,1,0,0,0,0,0,1,1,2,0,1,0,0,0,0,0,1,1,0,0,0,0,0,0,0,1,0,3,0,0,1,0,3,0,0,0,0,0,0,0,0,0,0,2,5,3,1,0,2,0,1,1,0,3,4,2,0,0,0,0,9,0,0,0,0,0,0,1,0,1,0,0,0,0,0,3,1,0,0,0,0,0,0,3,0,0,2,1,0,1,0,0,0,0,0,0,0,0,1,0,0,1,0,0,3,0,0,2,0,2,2,0,1,1,0,1,1,0,0,0,0,0,1,0,0,0,0,0,0,0,0,0,0,0,1,0,0,0,0,0,0,0,0,0,0,0,0,0,0,1,0,0,0,0,0,1,1,1,0,0,0,0,0,1,0,0,0,0,0,0,0,0,0,0,3,2,1,4,0,0,0,0,0,4,0,0,1,1,5,0,0,0,1,1,0,0,0,3,0,1,0,0,0,1,0,0,2,1,1,1,0,0,0,0,0,0,2,0,0,1,0,0,0,1,0,0,0,1,0,0,5,0,1,0,0,0,0,0,2,0,0,0,0,0,1,1,0,0,0,0,2,0,0,1,0,0,0,0,0,0,2,0,0,4,0,0,0,0,0,0,0,0,0,1,1,0,0,0,0,0,0,0,0,0,0,1,0,1,0,3,0,0,0,0,0,0,0,0,2,0,0,1,0,0,2,0,1,2,1,0,0,0,2,4,0,0,1,1,0,0,1,0,0,0,0,2,1,2,0,0,0,0,0,0,0,0,0,0,0,0,0,0,0,1,0,0,3,0,0,1,1,0,0,0,0,2,0,0,0,0,0,1,0,0,0,0,1,0,1,0,0,0,0,0,0,0,1,0,0,0,0,0,0,2,0,0,0,0,0,1,2,2,0,2,0,2,0,0,0,0,0,1,0,0,0,0,0,0,0,0,8,1,0,0,1,0,0,1,0,0,0,0,0,1,1,0,0,4,0,1,2,0,0,1,0,0,0,0,0,0,0,0,0,0,0,0,2,1,0,0,1,0,0,0,0,1,0,2,0,0,0,1,0,0,0,0,0,0,0,0,0,0,0,0,0,0,0,0,1,0,0,0,0,0,0,2,0,0,0,0,0,0,0,1,0,0,0,0,0,0,0,0,0,0,0,0,0,1,2,0,0,0,0,0,0,0,2,0,0,0,0,0,0,0,0,0,0,0,0,0,0,1,0,0,0,0,0,0,0,0,2,1,0,0,0,0,0,0,0,0,0,0,1,0,1,0,0,0,0,0,0,0,0,0,0,0,0,0,0,0,0,0,0,0,0,0,1,0,0,1,0,0,0,0,0,0,0,0,1,0,0,0,0,0,0,0,0,0,0,0,0,1,0,0,0,0,0,0,0,0,0,0,0,0,0,1,0,1,0,0,0,2,0,1,1,1,0,0,0,0,1,0,1,0,0,0,3,0,0,0,2,2,0,0,0,0,0,0,1,0,0,0,0,0,2,1,0,0,0,0,0,0,0,0,1,0,0,0,0,0,1,0,0,0,0,0,0,0,0,0,0,1,0,0,0,1,0,1,0,0,0,2,0,1,0,0,0,1,0,0,0,0,0,0,0,5,0,0,0,0,0,0,0,0,0,0,0,0,0,1,1,0,1,0,0,0,0,0,0,0,0,0,0,0,0,0,0,0,2,0,0,0,0,0,0,0,0,1,0,0,0,0,0,0,2,0,0,0,0,0,0,0,0,0,0,0,1,0,1,0,0,0,0,1,0,0,0,0,0,0,0,0,0,2,0,0,0,0,0,0,0,0,0,0,0,0,0,0,0,0,0,0,0,0,0,0,0,1,2,0,0,0,0,0,0,0,0,0,0,0,0,0,0,0,0,0,1,0,0,0,0,0,1,0,0,0,0,0,0,0,0,0,0,0,0,0,0,zasulich
zasulich_o_chem_govoryat_nam_I.txt,25,0,5,7,1,1,0,4,19,150,0,2,2,4,0,1,6,26,1,0,12,0,0,0,3,7,2,1,1,0,12,13,2,2,0,1,13,4,16,16,8,0,121,14,13,29,12,1,1,3,0,1,0,4,20,5,63,3,2,3,0,0,1,86,4,1,2,6,2,1,4,37,1,1,7,7,2,11,0,1,3,16,3,3,0,1,3,2,4,0,9,1,2,2,13,4,1,40,1,1,1,3,6,3,3,2,11,0,0,6,0,0,4,2,0,17,0,0,0,0,1,0,0,4,1,6,6,5,18,1,16,21,0,0,0,46,11,20,3,0,1,6,0,2,34,1,10,1,1,0,9,2,1,1,0,0,0,0,3,1,5,5,0,0,0,0,0,0,1,1,1,3,0,1,0,10,0,0,14,0,9,0,0,1,3,1,0,8,7,0,0,1,5,2,1,0,1,17,2,2,0,1,4,4,0,0,0,14,1,1,0,2,0,23,0,0,1,1,0,2,4,0,0,10,5,0,2,2,13,1,0,4,1,1,0,1,2,2,3,8,3,3,0,2,2,7,1,2,2,0,1,1,1,0,6,4,0,12,7,5,1,24,3,1,0,1,2,0,12,8,1,1,0,1,0,2,3,1,2,1,0,7,0,0,3,2,2,7,0,1,0,0,0,1,6,0,0,3,0,1,0,0,0,0,0,0,0,1,2,3,10,0,1,0,2,1,3,4,0,1,7,3,3,9,0,1,16,5,2,2,0,1,4,0,1,0,5,0,0,1,1,4,1,3,1,5,0,2,2,0,4,2,0,0,0,4,4,5,0,1,1,4,1,1,3,0,0,0,0,1,0,1,8,1,0,0,2,0,0,6,6,0,1,18,3,3,9,5,4,2,5,0,3,0,1,2,0,0,14,1,0,0,8,2,3,1,4,0,0,1,1,0,1,11,0,0,10,0,0,0,1,7,0,0,1,2,6,0,0,0,3,0,1,1,1,6,2,0,8,0,0,0,8,0,0,0,2,0,0,2,0,2,1,0,5,3,7,1,2,0,3,2,0,0,1,3,4,0,0,0,0,5,0,2,0,0,0,0,1,2,0,0,0,0,0,1,1,0,1,0,0,1,0,0,0,1,0,0,2,2,2,1,2,5,0,2,0,0,3,1,0,0,0,10,5,0,1,0,0,1,1,0,0,1,1,0,0,0,4,1,1,0,0,0,4,2,7,0,0,0,0,1,0,5,0,0,2,0,1,0,0,1,0,1,1,0,0,2,0,0,0,0,3,0,0,0,0,0,1,0,3,1,0,3,0,1,0,0,1,0,1,5,1,1,0,0,3,1,1,0,0,0,0,0,1,0,1,0,4,0,0,0,0,0,0,2,0,0,1,1,0,4,1,0,0,3,0,0,0,0,0,1,1,2,1,7,0,0,0,1,1,2,0,0,2,1,0,0,2,2,0,0,0,0,0,0,0,0,0,0,3,1,0,0,0,0,2,0,4,1,1,0,0,0,2,0,0,0,1,1,0,1,2,0,0,0,1,0,0,0,1,0,1,0,0,1,0,0,4,3,0,1,0,1,1,0,0,1,3,2,2,0,0,1,1,0,0,0,0,2,8,0,0,0,0,3,0,0,1,0,0,1,1,0,2,1,1,0,0,0,4,0,2,0,2,1,0,0,0,0,0,2,1,1,1,1,0,2,2,5,0,1,3,4,1,1,5,1,1,0,1,2,2,0,0,0,2,0,0,0,2,0,0,0,0,0,9,3,0,2,4,3,0,0,0,0,3,0,1,0,2,0,0,0,0,1,2,6,1,0,0,0,0,0,0,0,0,0,0,0,1,0,1,9,0,3,1,8,0,2,0,2,2,2,2,2,0,0,0,0,1,1,1,0,0,0,1,0,0,1,0,1,1,0,4,0,0,0,0,5,0,0,0,3,1,0,0,3,0,0,0,0,1,0,0,0,3,0,0,0,2,0,0,0,0,0,1,0,0,0,0,0,0,0,0,0,2,0,0,0,0,0,0,2,1,6,2,2,1,0,4,1,0,2,2,0,0,1,0,1,0,2,0,3,0,0,0,1,0,1,0,3,1,2,0,0,2,0,1,0,1,0,1,0,1,0,2,0,0,1,0,1,0,5,0,1,0,0,0,0,0,0,0,0,0,0,0,0,0,0,1,1,0,0,0,0,0,0,0,0,0,0,0,0,0,0,0,0,0,0,3,0,0,0,1,0,0,0,7,0,0,0,0,0,0,0,0,0,0,0,zasulich
zasulich_ocherk_istorii_1internacionala.txt,51,2,32,7,5,12,7,10,55,568,4,2,6,9,1,0,38,83,5,11,46,9,8,3,3,24,4,11,0,0,95,35,5,10,7,13,103,8,14,83,79,4,653,107,84,83,12,3,21,16,0,1,0,5,27,29,256,3,1,1,1,0,4,249,12,4,5,6,4,6,7,111,7,4,54,16,6,80,2,6,8,143,5,9,2,6,11,7,5,2,48,4,10,13,120,1,0,181,0,0,9,17,17,9,2,5,32,7,7,11,18,1,1,3,0,0,2,0,8,3,3,9,2,52,15,29,22,15,47,5,13,51,0,0,0,158,35,43,25,4,3,25,1,14,51,31,30,1,5,9,48,9,1,4,23,10,6,7,0,12,11,13,10,5,2,8,0,13,12,4,22,3,3,6,8,14,1,5,15,3,1,0,0,0,0,9,7,10,11,27,6,1,14,13,5,2,11,33,8,3,1,6,3,7,13,1,3,39,21,8,1,3,4,128,8,0,0,6,1,6,37,3,2,8,15,2,3,8,58,6,0,1,40,2,5,3,12,7,14,16,3,4,7,5,7,8,3,5,5,0,1,2,1,1,7,9,9,51,6,10,5,91,27,68,2,4,14,3,15,70,2,26,2,0,7,3,4,5,6,8,1,14,3,0,5,4,1,19,1,3,3,1,13,4,2,6,3,1,2,0,4,9,9,2,2,6,6,1,11,0,51,1,5,3,3,0,3,51,2,7,37,21,29,19,3,31,2,1,1,2,2,0,0,16,0,3,3,0,0,0,1,0,2,4,3,8,5,1,4,11,24,3,19,5,4,7,14,3,3,3,3,5,2,16,3,3,2,3,0,2,1,0,30,9,4,0,4,4,35,9,12,1,3,41,3,7,16,3,3,2,3,44,2,1,6,14,2,3,19,5,17,3,15,17,23,14,18,10,3,6,2,7,3,17,1,3,37,2,6,1,0,2,8,1,6,6,23,13,5,3,3,4,1,1,6,12,5,7,23,0,5,4,12,6,0,0,5,5,2,4,2,14,15,3,7,3,9,13,6,0,5,0,0,1,13,4,19,3,3,6,25,9,6,3,6,3,0,2,6,2,11,2,4,0,2,3,3,0,3,2,18,1,0,14,0,0,5,3,3,13,8,4,5,21,0,1,6,15,10,0,2,2,0,16,4,16,11,9,6,10,0,5,4,0,3,1,7,8,8,1,3,0,4,1,9,4,27,11,0,0,7,10,2,17,4,3,5,9,6,0,1,2,1,4,6,0,0,0,2,1,5,2,8,1,5,0,0,7,2,2,8,2,3,3,2,0,5,10,5,4,5,16,5,9,0,2,3,1,2,5,8,4,3,0,0,8,2,0,6,0,7,4,3,5,6,1,2,13,6,2,7,2,2,4,15,11,4,1,1,0,0,5,6,1,7,16,5,1,43,0,5,8,3,16,10,1,1,0,13,10,1,1,1,3,0,2,2,0,0,0,13,7,0,0,0,3,3,3,1,0,2,11,0,4,4,0,4,10,0,4,4,5,6,0,6,6,3,9,14,0,1,1,2,0,0,2,0,10,1,3,3,4,8,11,14,2,1,2,1,9,5,2,0,8,0,2,4,0,2,9,0,3,1,0,6,4,0,0,0,0,2,0,5,1,4,6,3,0,3,11,8,3,4,3,24,4,1,4,0,4,6,18,3,8,0,0,1,4,7,1,2,2,2,10,2,2,1,4,2,1,0,2,14,5,7,4,0,9,8,2,1,3,2,0,0,0,7,2,1,1,2,4,9,1,0,1,7,8,14,11,3,5,0,2,1,1,7,3,1,0,0,2,9,0,17,5,1,2,0,1,0,5,1,2,5,0,1,12,0,4,18,1,4,1,2,4,0,13,2,5,4,3,6,1,2,0,4,0,4,5,5,3,3,2,9,1,2,5,1,3,10,9,11,1,0,1,0,9,13,8,0,14,5,1,5,2,1,0,0,3,1,0,0,8,1,2,0,1,0,0,0,2,1,4,4,0,2,5,5,0,2,2,1,1,3,0,1,5,2,0,4,3,1,3,1,4,0,1,5,5,1,11,0,3,8,12,0,3,8,9,1,0,0,3,2,1,2,2,0,25,12,3,0,0,0,0,4,1,2,0,0,1,9,0,29,3,2,8,2,8,0,0,2,0,0,14,2,4,3,1,1,1,2,8,1,2,0,0,1,0,0,5,3,0,0,1,2,0,0,1,0,0,0,0,0,3,0,0,1,0,32,0,0,0,0,0,0,61,0,0,zasulich
zasulich_po_povodu_uprazdneniya_Marx'a.txt,60,0,14,13,1,1,0,2,8,234,2,0,4,0,0,0,6,38,4,6,9,2,0,0,0,8,2,3,4,0,39,15,1,2,1,4,64,9,26,68,19,0,263,45,21,72,7,0,3,6,0,0,1,0,27,13,98,0,0,0,0,0,0,169,9,0,3,8,4,1,3,80,1,3,35,13,0,40,0,0,1,54,0,3,0,4,6,0,0,0,30,0,5,1,26,0,0,53,0,0,7,5,4,4,2,2,3,0,0,12,0,0,0,1,0,0,0,0,0,21,4,5,2,35,4,10,4,18,30,0,16,14,4,0,1,131,10,49,12,0,0,6,0,0,53,5,10,1,0,1,9,0,2,0,0,1,0,0,0,6,6,13,4,1,1,4,0,39,11,1,2,5,0,0,1,1,0,0,1,0,0,0,0,0,0,0,0,4,5,4,2,2,4,4,1,0,19,11,1,0,0,0,1,7,5,1,0,25,4,8,0,1,0,44,3,2,4,8,8,0,5,5,0,6,5,3,0,1,37,1,0,6,18,0,1,2,6,2,2,11,1,4,6,1,0,11,4,4,2,0,0,2,1,1,2,2,1,31,4,3,1,31,14,14,1,0,4,2,7,13,2,0,0,0,0,0,7,0,0,8,3,5,0,0,2,0,0,2,0,0,0,0,3,0,0,1,0,3,2,0,0,4,1,0,2,0,0,0,0,1,3,2,1,7,0,0,2,10,0,0,4,2,2,9,0,3,0,0,0,0,0,0,0,0,0,2,0,0,0,0,0,1,0,2,0,3,2,2,0,1,11,0,5,0,1,18,4,2,1,3,1,1,14,1,5,2,0,0,0,1,2,1,5,0,2,0,7,1,9,5,4,0,2,43,0,3,15,3,5,0,0,86,1,2,1,1,2,1,19,3,0,0,8,5,7,0,10,3,20,16,9,8,0,1,1,0,4,0,7,0,0,0,0,1,0,2,8,0,1,0,6,1,0,0,4,5,4,19,18,4,5,0,10,2,0,0,1,3,0,6,1,10,5,0,8,1,7,2,0,3,1,1,0,2,3,2,3,0,1,2,7,2,1,0,1,0,0,0,1,0,5,0,4,0,4,71,3,0,1,0,16,1,0,1,1,0,12,2,4,3,3,0,1,3,0,0,1,1,2,0,0,2,1,0,1,23,2,11,2,3,0,4,2,2,0,2,2,0,0,0,0,4,3,0,7,0,23,8,1,0,2,2,0,3,1,2,0,6,1,1,2,0,1,0,4,0,0,0,0,5,1,9,3,0,4,0,0,0,0,1,4,0,0,2,1,0,8,50,3,0,6,8,1,0,0,1,1,0,2,0,1,0,1,0,0,1,0,0,0,2,4,0,0,0,1,0,0,0,1,1,5,0,3,0,0,0,0,0,0,37,0,5,0,5,2,11,1,0,0,0,1,4,0,0,6,2,0,0,8,1,0,0,0,0,0,3,4,0,0,0,9,2,0,0,1,2,4,4,5,0,4,4,1,1,4,1,1,3,1,2,2,1,0,2,1,1,0,0,0,0,0,1,3,2,2,0,0,0,0,2,1,6,0,8,6,0,0,3,5,1,1,0,0,3,0,1,0,1,1,2,1,7,0,0,3,1,0,0,0,0,0,0,0,0,3,5,3,2,1,2,7,3,9,3,7,3,0,4,0,0,0,1,0,0,4,0,0,1,1,3,19,1,0,1,0,1,0,2,4,0,6,1,8,0,0,0,2,0,0,1,1,1,1,0,0,0,0,2,0,0,2,0,1,7,0,1,1,2,7,5,0,0,0,2,2,0,1,0,1,0,1,3,1,0,0,0,0,4,1,1,0,2,2,3,59,0,0,4,0,0,77,2,3,11,8,11,10,0,2,1,1,2,1,2,0,2,2,0,0,0,0,4,2,0,9,0,1,4,1,4,0,3,3,2,0,0,0,4,22,15,1,21,0,1,2,1,0,0,0,0,1,0,0,3,0,1,0,1,5,0,0,2,0,1,2,2,0,2,0,0,3,1,6,0,5,0,0,3,4,0,0,2,0,0,4,3,0,1,2,1,0,0,0,0,0,0,0,0,4,6,0,0,1,0,1,0,0,0,0,1,0,0,2,0,0,0,0,0,0,2,0,0,1,0,0,2,1,0,0,0,0,0,24,0,0,4,0,0,0,0,0,0,0,0,0,0,0,5,0,3,0,24,0,0,1,0,0,0,0,0,0,0,0,0,0,16,5,0,0,0,1,0,0,1,0,0,0,0,0,0,zasulich
zasulich_rev_studenchestvo1_I.txt,3,0,0,0,0,1,1,0,0,28,0,0,0,1,0,0,0,3,0,0,2,1,0,0,0,0,0,0,0,0,2,1,0,0,0,0,2,0,0,1,0,0,21,5,3,7,0,0,1,1,0,0,0,0,2,2,6,0,0,0,0,0,0,11,0,0,0,0,0,0,0,4,0,0,0,0,0,2,0,2,0,6,1,1,0,0,1,0,0,0,3,0,0,0,0,3,0,9,3,0,1,0,0,2,0,0,0,0,0,0,1,0,0,0,0,2,0,1,0,0,0,0,0,1,0,1,0,0,0,0,1,2,0,0,1,6,0,0,1,0,0,2,0,3,1,0,0,0,0,0,0,0,0,0,0,0,0,0,0,0,0,0,0,1,0,0,0,1,0,0,0,0,3,1,0,0,0,0,1,0,0,0,0,0,0,1,0,0,0,0,0,0,1,0,0,0,1,0,0,0,0,0,0,0,0,0,0,1,0,0,0,0,0,2,0,0,0,0,0,0,0,0,0,1,2,0,0,0,2,1,0,0,2,0,0,0,0,0,3,1,0,0,0,1,0,2,1,0,0,0,0,0,0,0,0,0,0,0,0,0,0,2,1,1,0,0,1,0,0,1,0,3,3,0,0,0,0,0,0,1,0,0,0,0,0,0,0,0,0,1,2,0,1,0,0,2,0,0,0,0,0,0,0,1,0,0,1,0,0,0,0,2,0,0,0,0,0,0,0,0,0,0,0,1,0,3,0,1,1,0,0,1,0,1,0,0,2,0,0,0,0,0,0,0,0,0,0,2,0,0,1,0,0,0,0,1,0,0,0,0,0,0,0,0,0,0,0,0,0,0,2,0,2,0,0,5,0,0,0,2,1,0,0,1,1,0,0,1,1,0,0,0,0,0,0,0,0,1,1,0,0,0,0,2,2,1,1,1,1,0,2,1,0,0,1,0,1,0,0,0,0,0,0,0,0,0,0,0,0,0,0,0,0,0,0,0,1,0,0,0,0,0,1,0,0,0,0,0,0,0,0,1,0,0,0,0,0,1,0,1,1,1,0,1,0,0,0,0,0,1,2,0,0,0,0,0,0,0,1,0,0,0,0,1,0,0,0,0,1,0,0,0,0,0,0,0,0,1,0,0,0,0,0,0,0,1,1,0,0,0,0,0,2,0,1,1,0,2,0,0,0,0,0,0,0,0,0,0,0,0,0,0,0,0,0,0,2,1,0,0,0,0,0,0,0,0,1,0,0,0,0,0,0,0,1,0,0,0,0,0,0,0,0,0,0,1,0,0,0,0,0,0,1,0,0,2,0,0,0,0,0,0,1,0,0,0,0,0,0,0,0,0,0,0,0,0,0,0,0,0,1,0,0,0,0,0,0,0,0,0,0,0,0,0,1,0,0,0,1,0,1,1,0,3,0,1,0,0,0,0,0,0,0,0,1,0,0,0,0,1,0,0,0,0,0,0,0,2,1,0,0,1,0,0,0,0,0,1,0,0,0,0,0,0,0,0,0,0,0,0,0,1,1,1,0,0,0,0,0,0,0,0,1,0,0,0,0,0,0,0,1,1,0,0,1,0,0,0,0,0,0,0,0,0,0,0,0,0,0,0,0,0,0,0,0,0,0,0,0,0,0,0,0,0,0,0,0,0,0,0,0,0,0,1,0,0,0,0,0,0,0,0,0,0,0,0,0,0,0,0,0,0,0,0,0,0,0,0,2,0,0,0,1,0,0,0,0,0,0,0,0,0,0,0,0,0,1,0,0,0,0,1,0,0,0,0,0,1,0,1,0,0,0,0,0,0,0,0,0,0,0,0,0,0,0,0,0,0,0,0,0,0,0,0,0,0,0,0,0,0,0,1,0,0,1,1,0,0,0,0,0,0,0,0,0,0,0,0,0,0,0,1,0,0,0,0,0,0,0,0,0,0,0,0,0,0,0,0,0,0,0,0,0,1,1,0,0,0,0,0,0,0,0,0,0,0,2,0,1,0,0,0,0,0,0,0,0,0,0,0,0,1,0,0,0,0,0,0,0,0,0,0,0,1,0,1,0,0,0,0,0,0,0,0,0,0,0,0,0,0,0,0,0,0,0,0,0,0,0,0,0,0,0,0,0,0,0,0,0,0,0,1,0,0,0,0,0,0,0,0,0,0,0,0,0,0,0,0,0,0,0,0,0,0,0,1,0,0,0,1,0,0,0,0,0,0,0,0,0,0,0,0,0,2,0,0,0,0,2,0,0,0,0,0,0,0,0,0,0,0,zasulich
zasulich_rev_studenchestvo2_I.txt,19,0,0,1,0,2,1,2,4,84,0,0,0,0,0,0,7,17,3,2,5,1,0,0,0,0,4,0,0,1,7,2,0,2,0,2,15,6,5,22,9,1,88,13,12,13,13,0,3,5,0,0,0,2,4,9,19,0,3,2,1,0,0,41,1,1,1,2,0,1,0,20,0,2,6,0,1,8,0,4,0,8,0,1,0,2,0,0,0,0,6,1,0,0,6,4,0,19,2,0,1,3,4,0,0,0,1,0,0,1,0,0,0,0,0,16,1,3,0,0,0,2,0,8,1,6,4,3,14,0,4,9,0,0,0,38,8,11,1,1,0,2,0,1,19,1,7,1,0,0,14,1,7,1,0,0,0,0,0,1,1,4,0,1,1,1,0,8,1,1,0,2,0,2,0,0,0,0,2,0,0,1,2,0,4,0,0,1,0,4,0,0,2,2,1,0,0,2,2,0,1,2,1,0,0,0,0,9,6,0,3,1,3,16,0,0,0,1,0,0,0,0,1,11,2,2,0,0,7,3,0,2,0,0,0,1,0,4,0,1,2,0,3,1,2,4,1,7,0,1,0,0,2,1,1,2,0,2,1,2,0,11,6,2,0,3,1,0,4,19,0,0,0,0,5,1,0,0,0,0,0,3,2,3,1,0,0,3,0,1,1,2,5,1,0,1,0,1,0,0,0,0,1,2,0,0,2,2,10,0,4,0,2,0,1,0,0,1,0,1,1,0,2,2,0,0,7,0,2,6,1,2,1,0,0,0,3,1,0,2,1,2,0,0,0,1,1,1,1,3,6,3,1,0,0,5,4,0,1,1,1,3,3,0,2,0,2,8,7,0,1,0,1,0,0,0,2,0,1,1,1,1,0,20,0,0,5,4,4,2,0,0,1,1,0,1,0,0,4,1,0,0,6,4,6,0,2,1,0,0,0,0,0,1,1,0,2,0,0,0,0,0,0,1,0,0,2,1,0,0,1,0,0,0,2,5,0,1,1,3,1,0,6,0,0,0,1,0,3,3,0,0,4,2,2,1,1,2,2,0,1,0,0,0,1,1,6,0,0,0,2,0,0,0,0,0,3,0,0,0,1,0,3,0,1,0,1,0,0,1,0,0,0,1,0,0,1,1,2,2,1,2,3,1,0,0,0,0,0,0,0,0,0,1,0,1,1,1,0,3,0,0,0,0,0,3,0,0,0,0,0,0,1,0,1,1,3,1,0,0,0,1,0,2,2,3,2,0,2,0,0,0,0,1,4,0,0,5,1,0,0,2,1,7,3,1,0,0,2,0,3,1,0,0,0,0,2,0,1,0,0,4,0,0,0,0,2,0,0,0,0,0,0,0,0,2,0,0,0,2,1,0,0,0,0,0,0,0,0,0,0,0,1,0,0,7,2,2,0,0,0,0,1,0,1,2,1,0,0,0,0,1,0,0,1,0,1,0,0,1,0,0,0,0,0,0,1,0,1,0,6,0,0,0,0,0,2,1,0,2,0,1,0,0,1,0,0,2,0,0,1,2,0,0,0,0,1,0,0,5,0,0,0,0,0,2,0,0,0,0,0,0,0,3,8,1,1,1,2,0,0,1,0,0,1,0,0,0,3,0,0,1,0,1,1,1,0,0,0,0,1,0,0,0,1,0,2,0,0,1,1,0,0,0,3,0,0,0,0,0,0,0,0,0,0,13,0,1,1,0,0,0,0,1,0,0,0,0,2,1,0,1,1,0,0,1,2,0,0,0,2,2,0,0,0,1,1,1,0,0,5,0,0,0,0,2,0,1,1,1,0,2,0,1,1,0,0,2,2,0,0,0,0,0,22,10,2,0,1,0,0,0,1,0,0,0,1,1,0,1,0,1,3,1,0,3,2,0,0,0,1,1,0,0,2,0,1,1,0,0,1,1,0,0,5,1,0,0,0,0,0,0,1,3,0,0,0,0,0,0,0,0,2,0,0,0,0,0,0,0,0,0,0,0,0,0,9,0,1,0,0,1,0,0,0,1,0,0,0,0,0,0,2,1,0,0,0,1,0,0,2,0,0,0,1,1,0,0,0,1,1,0,0,0,1,2,0,0,0,1,0,0,0,2,0,1,0,0,0,0,0,1,3,0,0,0,1,0,0,1,2,0,0,1,0,0,0,0,9,0,0,0,0,0,0,0,0,0,2,1,1,0,0,0,0,0,0,0,1,0,0,0,0,0,0,0,0,0,0,0,3,0,0,0,0,0,0,0,1,0,1,0,0,0,0,0,0,0,0,0,zasulich
zasulich_vystrel_Karpovicha_I.txt,25,0,5,0,2,1,2,5,8,55,0,0,0,2,0,0,3,26,0,3,1,1,0,0,2,3,1,3,0,0,11,3,0,1,0,0,14,3,14,8,12,1,82,7,10,7,3,1,3,1,0,0,0,1,6,7,29,3,0,0,0,0,0,60,3,3,0,4,2,0,2,19,1,2,6,6,1,7,0,0,3,18,1,0,0,1,0,3,4,3,5,0,1,1,3,0,0,23,0,3,2,1,1,3,0,0,3,0,0,2,0,0,0,1,0,0,0,0,0,0,0,2,0,7,4,2,7,2,14,0,10,4,0,0,1,32,7,16,7,0,0,1,0,7,17,1,6,1,2,0,5,0,0,0,4,0,0,0,0,0,1,4,0,0,0,0,0,1,0,2,0,1,0,1,0,1,0,0,2,0,0,0,0,0,0,2,0,0,1,0,0,0,5,0,1,0,0,4,3,2,0,0,0,1,0,0,0,9,3,0,0,0,0,18,0,0,0,4,0,0,3,0,0,4,2,0,3,6,9,0,0,1,4,0,0,0,1,4,2,2,1,0,2,4,2,5,1,1,0,0,0,1,1,0,0,1,0,10,2,0,0,6,3,4,1,3,2,0,4,12,0,0,1,0,1,1,0,0,0,0,0,4,0,0,1,1,0,3,0,2,0,1,0,0,1,0,0,0,0,0,0,0,0,0,0,0,0,0,0,0,6,0,0,3,0,1,0,3,0,0,0,0,0,9,1,1,0,1,1,1,0,0,0,0,0,0,1,0,1,0,0,3,1,1,0,1,1,1,1,6,1,1,1,0,1,7,4,0,1,2,2,2,0,3,5,0,0,0,0,1,0,2,7,0,0,0,0,0,1,1,2,0,1,15,3,0,5,5,1,0,0,0,0,0,0,0,0,0,7,1,0,0,3,1,3,1,2,1,0,0,0,0,0,3,0,0,5,0,0,0,0,0,0,1,3,0,6,0,0,0,2,0,2,0,2,1,0,0,3,0,1,0,0,0,0,0,0,0,0,0,0,1,2,0,4,0,0,1,2,0,4,0,0,0,2,2,4,0,0,2,0,5,0,1,0,0,0,0,0,0,1,0,1,0,2,0,0,0,1,0,0,0,0,0,0,0,2,4,2,2,3,2,0,4,0,0,0,1,0,0,0,0,0,0,1,0,3,2,1,1,0,1,0,0,1,2,0,2,0,0,1,0,0,0,3,0,3,1,0,0,0,0,0,2,0,1,0,0,3,0,0,0,0,0,0,0,0,0,0,0,0,0,0,0,1,0,0,1,2,0,2,1,0,1,0,0,3,0,1,1,3,6,0,1,0,1,5,0,2,0,3,1,0,0,0,0,1,0,1,0,2,0,0,1,0,0,0,0,3,2,1,1,0,0,1,1,1,0,0,0,0,0,1,0,0,0,1,0,0,1,0,1,0,0,1,1,0,0,2,1,0,0,0,0,0,0,0,0,0,0,2,0,0,0,0,0,0,0,0,0,0,1,0,0,1,0,0,1,0,1,0,0,0,0,0,2,0,0,0,0,0,1,2,0,0,0,0,0,0,0,1,2,0,1,1,0,1,0,1,0,0,1,0,2,0,0,0,1,1,0,2,0,0,0,0,2,3,0,0,1,0,2,2,0,1,0,2,0,0,0,5,1,1,2,1,1,0,0,0,0,0,1,2,1,1,0,1,0,0,0,0,0,0,0,1,0,1,0,1,0,0,0,0,0,1,0,0,0,1,0,0,1,0,0,0,0,0,2,1,2,1,0,0,0,0,0,0,0,0,1,0,0,2,2,0,0,1,0,2,0,0,3,0,0,0,0,0,0,0,0,0,1,0,2,0,0,1,0,0,2,0,0,0,1,2,1,0,1,0,0,0,0,1,0,0,0,0,0,0,0,0,0,0,0,0,0,2,0,0,1,0,0,1,2,0,2,0,2,0,0,0,0,0,0,0,0,0,0,0,0,0,0,0,0,0,0,0,0,0,0,0,0,0,0,1,0,0,0,0,0,1,1,0,0,0,0,2,1,0,0,1,1,0,0,0,0,0,1,0,0,0,0,0,0,0,0,0,1,0,0,0,0,0,0,0,0,1,0,0,0,0,0,0,0,0,0,4,0,0,0,0,3,0,0,0,1,0,0,0,0,0,0,0,0,0,0,0,0,0,0,0,2,0,0,0,0,0,0,0,0,0,0,0,0,0,0,0,0,0,0,0,0,0,0,0,0,0,0,0,0,0,0,0,0,0,0,0,0,0,0,zasulich
