file_name,а,без,больше,борьба,борьбе,борьбу,будут,было,в,время,все,всей,всем,всех,даже,дела,демократической,для,до,других,его,ему,если,же,за,и,из,их,как,когда,которые,который,может,мы,на,надо,народ,народа,не,него,необходимо,нет,но,один,одно,он,оно,от,партии,перед,по,политического,после,потому,поэтому,правительства,правительство,при,работы,рабочих,с,свое,свои,своих,силы,со,собой,совершенно,социал,так,те,тем,теперь,того,только,у,уже,что,чтобы,это,этой,более,борьбы,бы,был,быть,во,вообще,вопрос,вопроса,времени,всегда,всего,всю,г,года,гораздо,движение,движения,демократии,демократия,должна,должно,должны,другой,ее,есть,еще,жизни,жизнь,здесь,значение,ибо,или,им,имеет,к,какой,класса,классов,конечно,которой,кто,лет,лишь,людей,между,много,могли,можно,мысли,мысль,над,наконец,нам,нами,нас,нашего,нашей,ни,нибудь,ничего,о,об,общества,одной,она,они,организации,особенно,очень,под,политические,политических,политической,политическую,право,пролетариат,пролетариата,против,рабочего,рабочие,рабочий,раз,революции,революционного,революционной,россии,русской,самой,свободы,своей,свою,сделать,себе,себя,сил,сказать,слова,смысле,собою,стороны,съезд,также,таких,такой,то,тогда,том,тому,тот,труда,тут,чем,эти,этих,этом,этому,этот,эту,1,будет,были,власть,вот,где,да,деле,дело,е,зрения,именно,которое,которых,кроме,ли,массы,менее,момент,несколько,них,образом,одного,п,положение,почему,самого,самом,своего,своим,силу,случае,степени,т,такие,таким,тех,точки,характер,эта,этого,является,была,вполне,действительно,значит,искры,которая,либо,люди,мог,могут,наиболее,нельзя,партия,пор,прежде,среди,хотя,этим,вопросу,говорит,которого,съезда,съезде,тов,той,должен,мало,права,совсем,такое,ясно,ведь,власти,крестьян,нужно,почти,своем,вместе,вы,масс,наши,развития,буржуазии,пока,сам,через,меня,мне,стр,там,я,д,мартов,земли,однако,революция,войны,цк,author_folder
dubia_finans_manifest.txt,1,3,1,1,1,1,1,1,12,1,2,2,3,3,1,1,1,2,1,1,3,1,1,1,4,31,3,1,2,1,1,1,1,2,10,1,1,1,8,3,1,2,1,1,1,1,4,2,3,2,7,1,1,1,1,2,11,4,1,1,6,2,1,1,1,1,1,1,1,1,1,1,1,1,2,2,1,1,1,3,1,0,0,0,0,0,0,0,0,0,0,0,0,0,0,0,0,0,0,0,0,0,0,0,0,0,0,0,0,0,0,0,0,0,0,0,0,0,0,0,0,0,0,0,0,0,0,0,0,0,0,0,0,0,0,0,0,0,0,0,0,0,0,0,0,0,0,0,0,0,0,0,0,0,0,0,0,0,0,0,0,0,0,0,0,0,0,0,0,0,0,0,0,0,0,0,0,0,0,0,0,0,0,0,0,0,0,0,0,0,0,0,0,0,0,0,0,0,0,0,0,0,0,0,0,0,0,0,0,0,0,0,0,0,0,0,0,0,0,0,0,0,0,0,0,0,0,0,0,0,0,0,0,0,0,0,0,0,0,0,0,0,0,0,0,0,0,0,0,0,0,0,0,0,0,0,0,0,0,0,0,0,0,0,0,0,0,0,0,0,0,0,0,0,0,0,0,0,0,0,0,0,0,0,0,0,0,0,0,0,0,0,0,0,0,0,0,0,0,0,dubia
dubia_nasushnie_zadachi_I.txt,8,2,5,4,3,7,0,1,49,2,9,1,0,4,1,2,1,7,4,2,6,0,2,3,4,57,3,1,3,1,3,0,2,12,24,4,1,0,20,0,1,1,7,1,1,3,1,12,8,1,1,1,0,0,0,2,0,5,3,6,17,1,2,2,3,1,0,1,17,1,2,0,0,2,10,0,6,13,5,9,3,1,8,1,1,2,8,1,2,1,1,1,4,2,1,2,1,7,15,4,5,1,2,3,2,3,3,2,1,1,2,1,1,2,2,1,11,1,1,1,2,2,6,2,4,2,2,1,1,2,1,2,1,1,1,1,2,3,2,1,1,1,5,1,2,4,1,1,6,2,2,2,1,4,8,6,1,1,4,5,9,2,2,1,1,1,2,5,4,1,2,4,2,1,1,1,1,1,1,1,1,3,1,1,1,4,2,1,4,3,1,2,1,1,5,2,3,2,1,4,0,0,0,0,0,0,0,0,0,0,0,0,0,0,0,0,0,0,0,0,0,0,0,0,0,0,0,0,0,0,0,0,0,0,0,0,0,0,0,0,0,0,0,0,0,0,0,0,0,0,0,0,0,0,0,0,0,0,0,0,0,0,0,0,0,0,0,0,0,0,0,0,0,0,0,0,0,0,0,0,0,0,0,0,0,0,0,0,0,0,0,0,0,0,0,0,0,0,0,0,dubia
dubia_novoe_poboishe_I.txt,6,2,1,7,2,2,0,4,24,7,5,0,1,3,5,1,0,2,2,0,1,1,3,7,11,72,3,5,6,7,6,2,1,12,21,1,0,0,37,1,0,2,11,3,0,1,3,11,1,0,6,0,3,1,0,3,5,6,3,19,19,0,1,0,2,4,0,1,0,4,3,4,3,2,10,4,10,18,1,3,2,3,5,1,4,0,4,0,0,0,3,2,0,1,0,0,0,3,0,0,0,0,0,4,2,0,2,2,2,1,1,1,2,2,3,0,10,0,0,0,2,0,4,1,1,2,0,1,0,0,0,0,3,1,1,0,3,0,1,2,1,1,9,3,0,1,0,3,1,2,2,0,0,0,2,1,0,0,0,2,0,12,3,2,0,0,2,0,0,0,1,0,0,1,0,1,1,2,1,0,0,3,0,3,2,0,5,1,3,2,2,2,0,2,5,0,4,0,1,1,1,5,5,1,4,1,2,1,2,1,1,3,2,1,1,5,1,2,1,4,3,1,2,1,3,2,1,2,1,2,2,2,1,2,1,1,2,1,1,1,3,1,0,0,0,0,0,0,0,0,0,0,0,0,0,0,0,0,0,0,0,0,0,0,0,0,0,0,0,0,0,0,0,0,0,0,0,0,0,0,0,0,0,0,0,0,0,0,0,0,0,0,0,0,0,0,0,0,0,0,dubia
dubia_ot_red_iskry_I.txt,8,0,2,0,1,3,0,3,36,2,12,1,1,5,3,1,1,7,1,1,10,2,0,2,2,63,5,1,9,2,3,2,2,24,14,1,0,1,16,1,5,1,6,0,0,0,0,5,8,0,5,0,0,0,2,0,0,2,0,1,15,0,3,0,1,1,0,1,24,3,1,3,1,2,8,0,5,12,3,4,3,3,2,7,1,2,4,0,2,0,0,0,3,1,1,1,0,7,12,3,0,1,0,4,1,5,2,1,0,0,0,1,1,4,1,0,8,1,1,0,0,0,1,0,2,0,4,0,0,0,6,1,1,1,2,1,1,3,3,0,0,0,8,0,0,0,3,0,0,1,1,3,0,0,3,0,0,1,2,3,4,0,1,0,0,2,2,5,4,0,0,2,0,1,0,1,1,2,1,0,2,2,0,2,0,3,1,1,3,1,2,2,0,2,1,0,2,1,3,0,1,5,0,0,1,0,1,0,0,1,1,1,0,1,0,2,0,0,2,1,0,1,0,3,0,1,0,1,1,2,0,0,0,1,0,1,2,1,1,2,3,1,1,2,1,1,1,2,1,1,1,1,1,2,1,1,1,3,1,2,0,0,0,0,0,0,0,0,0,0,0,0,0,0,0,0,0,0,0,0,0,0,0,0,0,0,0,0,0,0,0,0,0,0,0,0,0,0,0,0,dubia
dubia_ot_red_na_pismo_parvusa_I.txt,0,0,0,0,0,0,0,0,4,0,0,0,0,0,0,0,0,0,0,0,4,1,1,0,0,5,0,0,3,0,0,0,1,1,2,0,0,0,4,0,0,0,2,0,0,2,0,5,0,0,4,0,0,0,0,0,0,0,0,0,2,0,0,0,0,0,0,0,0,1,0,0,0,0,0,0,0,6,0,1,0,0,0,0,0,0,2,0,0,0,0,0,0,0,0,0,1,0,0,0,0,0,0,1,0,0,0,0,0,0,0,0,0,0,1,1,1,0,0,0,1,0,0,0,0,0,0,1,0,0,0,1,1,0,0,0,0,0,0,0,0,0,2,0,0,0,0,0,0,0,1,0,0,0,0,0,1,0,0,1,0,0,0,0,0,0,0,0,0,0,0,0,2,0,0,0,0,1,0,0,0,0,1,1,0,0,1,0,0,0,0,0,0,1,0,0,2,1,0,0,0,2,0,0,0,0,0,0,0,1,0,0,0,0,0,0,0,0,0,1,0,0,1,1,0,0,0,0,0,0,0,0,0,1,0,0,1,0,0,0,0,2,0,0,0,0,1,2,0,0,0,0,0,0,0,1,0,0,0,1,1,1,1,3,2,7,1,0,0,0,0,0,0,0,0,0,0,0,0,0,0,0,0,0,0,0,0,0,0,0,0,0,0,0,0,0,0,0,0,0,dubia
dubia_poslednee_slovo_bund_I.txt,2,2,0,1,1,0,0,4,21,0,4,0,2,4,4,1,1,2,3,1,2,0,3,2,0,31,4,0,9,2,5,0,2,2,11,0,0,0,22,0,0,1,3,0,0,3,1,6,15,0,6,0,1,0,1,0,0,1,0,2,10,1,2,0,0,1,0,2,3,0,1,1,1,6,6,1,2,11,3,6,1,1,0,9,1,3,0,0,0,1,1,0,0,0,0,0,0,1,0,0,0,1,0,1,1,0,3,4,0,0,1,0,0,2,0,1,9,2,0,0,0,2,2,0,2,0,1,3,0,1,1,0,1,0,2,0,1,0,0,4,0,1,10,0,0,2,0,1,4,1,0,0,0,0,0,0,1,0,4,0,0,1,0,2,0,0,0,1,0,1,0,2,1,0,2,0,0,2,1,0,0,3,5,0,0,0,2,1,2,0,1,0,1,0,1,0,0,2,1,0,1,0,0,0,0,1,1,0,0,0,2,1,0,0,0,0,0,0,0,0,0,1,0,0,0,0,0,0,1,0,0,0,0,0,3,1,2,1,0,1,3,0,1,0,0,1,1,1,2,0,0,0,0,0,2,0,0,2,0,0,0,1,0,3,1,0,1,2,1,2,1,2,1,0,0,0,0,0,0,0,0,0,0,0,0,0,0,0,0,0,0,0,0,0,0,0,0,0,0,0,dubia
dubia_priznaki_bankrotstva_I.txt,6,1,0,0,1,0,0,3,52,5,4,0,2,4,1,0,0,7,2,1,11,2,2,9,4,51,7,6,9,3,0,0,3,7,17,0,0,1,32,1,1,3,6,0,2,2,9,6,0,4,3,2,7,0,0,6,3,4,0,0,21,3,0,0,0,3,0,0,1,3,0,3,3,8,2,4,4,23,4,7,0,0,4,5,1,5,1,0,2,1,5,0,3,1,2,4,0,2,1,0,0,1,2,1,1,2,1,1,1,3,0,0,0,6,3,0,9,0,0,0,0,2,2,4,1,0,3,0,0,2,0,1,1,1,1,1,2,1,0,2,2,2,6,4,4,0,0,3,1,0,1,3,0,0,1,1,3,0,1,1,0,2,0,1,0,1,2,1,0,0,1,0,0,1,0,1,1,1,0,0,0,1,0,0,0,0,4,0,5,0,1,0,0,3,2,3,3,1,1,1,0,5,1,0,2,0,3,0,2,1,1,0,1,0,1,4,0,1,0,0,1,0,0,0,0,0,1,0,1,1,2,0,1,1,2,0,4,2,0,1,8,2,1,0,2,0,0,2,2,1,0,0,0,1,0,1,1,0,2,2,0,0,1,0,0,0,4,0,1,0,0,0,3,2,1,2,2,1,1,0,0,0,0,0,0,0,0,0,0,0,0,0,0,0,0,0,0,0,0,0,dubia
dubia_slovo_mosc_vedomostyam_I.txt,14,1,4,2,0,1,1,13,51,3,10,1,1,2,5,0,0,18,5,0,18,0,12,6,9,65,10,11,8,9,1,0,5,0,17,0,2,2,48,2,1,4,16,0,1,5,3,13,2,1,7,0,1,0,2,17,10,4,0,0,27,0,1,0,3,2,0,3,1,5,2,6,3,3,2,2,4,26,2,7,2,4,3,24,0,7,5,1,0,0,0,2,4,1,1,1,0,0,0,1,1,2,5,1,1,3,1,3,0,1,1,1,1,9,3,0,12,0,0,0,1,1,3,0,4,0,1,0,0,2,2,0,5,0,0,4,2,0,1,13,0,1,14,1,1,0,2,4,0,0,2,2,0,0,1,0,0,0,0,4,0,0,0,1,0,1,1,7,0,0,1,2,4,0,0,3,1,0,0,0,0,3,0,2,0,0,18,1,2,0,4,0,0,6,1,4,0,0,1,1,0,8,0,1,0,3,1,0,1,1,4,1,0,0,4,1,1,1,0,1,0,2,0,0,0,0,0,3,1,1,1,2,0,1,3,1,2,3,0,1,8,2,4,4,1,0,0,0,1,0,0,1,1,2,1,3,2,1,0,1,0,1,2,0,0,0,0,0,1,2,0,0,1,1,4,5,0,0,0,1,1,1,1,1,0,0,0,0,0,0,0,0,0,0,0,0,0,0,0,0,dubia
dubia_zakon_o_voznagr_I.txt,13,3,2,1,0,0,7,1,45,0,13,0,2,8,6,2,0,10,7,1,11,0,5,4,22,104,11,9,7,2,11,2,4,4,18,1,0,0,37,1,1,1,10,1,1,4,0,17,0,0,10,0,1,1,2,2,5,9,1,24,17,0,0,0,1,0,1,4,1,3,1,5,1,4,16,3,5,17,5,19,2,6,1,6,1,6,3,3,0,0,1,4,3,1,0,0,0,2,0,0,0,1,1,1,2,1,2,8,0,2,2,1,1,9,3,2,10,1,2,1,4,0,6,6,3,0,3,0,1,2,0,0,3,2,1,1,2,2,2,3,3,1,16,3,0,1,0,0,0,4,1,5,0,1,1,0,4,3,1,1,10,7,7,1,0,0,0,2,0,0,0,0,1,1,3,4,0,0,0,0,1,3,0,1,2,0,4,3,2,3,2,2,4,9,5,0,3,0,2,0,0,4,0,0,1,0,0,5,3,2,2,3,1,2,1,1,2,0,0,0,3,2,0,3,0,0,1,1,0,1,1,4,2,4,2,0,3,2,0,0,6,1,1,1,0,4,0,1,2,0,0,2,4,2,1,1,0,3,2,0,0,0,2,0,0,0,1,1,1,1,0,1,0,0,1,0,0,0,0,1,0,0,0,0,1,1,1,1,0,0,0,0,0,0,0,0,0,0,0,0,dubia
krupskaya_k_voposu_o_shkole.txt,6,1,4,0,0,0,7,2,58,3,8,0,1,0,0,0,0,4,1,2,10,3,10,6,2,66,5,15,12,2,2,0,6,0,19,5,0,0,27,3,2,1,11,2,2,20,1,5,0,1,10,0,0,2,1,0,0,4,0,0,19,1,2,3,0,0,4,2,0,3,1,4,0,6,5,4,2,16,9,17,7,0,0,6,0,8,2,0,1,1,0,1,1,1,0,0,6,0,0,0,0,1,1,3,0,3,1,4,3,5,0,3,0,6,6,1,19,1,0,1,6,4,4,1,6,0,5,4,0,2,1,2,2,0,0,0,0,0,0,1,6,1,12,1,1,2,7,7,4,0,8,1,0,0,0,0,1,0,0,0,0,0,0,2,0,0,0,0,0,2,0,1,2,0,4,3,0,1,0,0,1,0,0,2,1,0,11,0,2,2,2,0,4,5,1,2,5,3,0,4,0,7,2,0,2,6,0,4,7,0,0,1,0,2,0,1,0,1,0,0,6,3,1,0,0,1,2,1,2,4,0,0,1,0,0,2,1,0,0,4,3,2,1,2,0,1,0,3,2,1,0,1,0,2,0,0,0,0,0,1,4,1,1,0,0,0,3,8,1,0,1,0,1,1,0,0,2,0,0,0,0,0,0,0,0,0,0,1,1,1,2,1,6,0,0,0,0,0,0,0,krupskaya
krupskaya_o_staroy_iskre.txt,3,5,2,2,1,10,1,2,40,1,8,0,0,3,1,0,2,3,2,0,1,1,4,1,14,26,7,4,9,1,1,1,1,0,15,4,0,1,19,0,1,0,6,0,0,6,0,2,6,0,9,0,3,0,0,0,0,1,0,10,29,0,0,0,2,1,0,2,5,0,1,1,1,0,3,1,0,10,1,2,2,0,9,14,0,1,1,0,0,0,0,0,4,1,1,0,0,1,3,3,0,1,0,1,1,8,2,2,1,0,0,1,0,0,1,0,10,0,7,0,1,0,0,2,0,0,1,0,0,0,0,0,0,0,0,0,0,0,1,0,0,0,5,1,0,0,7,6,1,0,0,0,0,0,0,1,0,0,0,1,9,0,4,0,0,0,1,7,1,0,0,3,1,0,1,2,1,0,0,0,0,1,2,1,0,1,1,1,6,0,0,3,1,1,0,0,0,0,0,2,0,2,2,0,0,0,0,1,1,0,2,2,0,0,1,1,0,3,1,0,1,0,0,0,0,0,0,1,0,1,1,0,0,0,0,1,0,1,0,1,3,0,6,0,0,0,16,5,0,0,0,0,3,1,1,1,3,0,0,1,0,0,0,1,0,0,1,2,0,0,0,0,0,0,1,2,0,0,0,3,0,0,0,1,0,0,0,0,0,0,0,1,0,4,1,0,0,0,0,0,krupskaya
krupskaya_samoubiystva_uchashihsya.txt,19,0,0,0,1,1,2,3,83,6,10,1,1,2,0,2,0,5,3,1,14,8,4,7,10,80,6,10,20,5,1,1,8,0,27,12,0,0,41,5,2,2,14,2,2,22,0,7,0,0,13,0,0,5,0,0,0,3,1,0,41,0,5,3,1,3,1,6,0,14,0,5,1,4,15,3,2,31,15,14,2,5,0,5,1,13,4,1,3,0,1,1,2,0,6,0,1,0,0,0,0,2,2,0,1,7,0,2,11,8,1,0,0,9,3,1,17,3,0,0,6,0,2,1,8,6,3,0,1,1,1,1,2,0,0,0,0,0,0,2,2,0,16,2,2,0,6,3,2,2,0,1,0,0,0,0,0,0,0,0,1,1,0,1,0,0,0,0,0,1,0,0,0,3,10,3,3,2,0,0,0,1,0,1,2,2,12,0,5,2,2,1,0,2,3,1,8,0,2,0,1,8,3,0,1,1,1,1,2,0,1,0,2,1,2,2,0,2,0,1,3,0,1,1,1,4,1,0,1,1,0,4,0,2,1,0,0,1,0,0,4,0,0,0,1,0,0,3,3,1,2,1,0,2,0,0,0,6,2,4,0,2,0,0,0,0,2,10,3,0,0,0,2,4,0,0,2,2,0,1,0,0,0,1,0,0,2,0,0,0,0,1,1,1,0,0,0,0,0,0,krupskaya
krupskaya_shkolnie_kolonii.txt,5,0,0,0,1,0,0,1,30,1,2,0,0,1,2,0,0,14,2,0,0,0,2,4,4,35,2,3,3,0,1,1,0,2,8,1,0,0,13,0,0,2,8,0,0,0,2,1,0,0,4,0,0,1,0,0,0,2,0,1,7,0,1,1,0,0,0,0,0,2,0,0,0,2,4,3,1,3,1,2,0,1,0,15,0,0,0,0,0,0,0,0,0,1,0,0,0,0,0,0,0,2,0,1,1,0,0,1,1,1,4,0,0,0,0,0,0,0,0,0,0,0,1,0,3,1,1,0,0,1,0,0,0,0,0,0,2,0,0,0,1,0,3,2,1,1,1,3,0,0,0,1,0,0,0,0,0,0,0,0,2,0,0,1,0,0,0,0,0,0,0,0,0,0,0,4,0,0,0,0,0,2,0,0,2,0,2,0,0,0,0,0,0,1,1,0,3,0,0,0,0,0,0,0,0,1,0,0,2,0,0,0,0,2,0,3,0,0,0,1,3,1,0,1,0,0,0,1,1,1,0,0,0,2,0,1,0,0,0,0,1,0,0,0,0,0,0,0,0,1,0,2,0,0,0,1,0,3,4,0,0,0,0,0,0,0,0,1,2,0,1,0,0,0,0,0,2,2,0,0,3,0,0,0,0,0,0,0,0,0,0,4,0,1,0,0,0,0,0,0,krupskaya
krupskaya_sovmestnoe_obuchenie.txt,19,2,3,0,0,1,2,2,93,0,7,0,0,2,4,0,0,7,1,2,14,3,7,7,6,111,8,9,23,7,3,1,18,5,48,17,0,0,48,3,3,4,17,0,1,19,2,10,0,1,7,0,0,3,2,0,0,12,1,0,30,0,1,3,0,0,3,6,0,14,3,4,0,8,5,9,7,43,11,9,4,5,1,10,2,12,5,3,19,8,0,2,5,1,16,0,1,0,0,0,0,3,0,1,0,5,1,3,6,5,2,6,2,15,2,4,24,3,1,0,4,4,0,0,4,1,14,6,1,2,0,3,2,0,1,2,0,0,0,0,4,4,26,4,3,0,6,9,0,1,5,1,0,0,0,0,1,0,0,4,0,0,0,2,0,0,0,0,0,2,0,2,2,3,3,1,2,0,2,3,0,0,0,2,2,4,16,3,3,2,1,0,0,11,8,5,8,0,5,4,0,8,0,0,4,8,2,1,3,1,5,1,2,2,3,16,0,1,0,1,4,8,0,4,0,0,1,1,2,0,2,2,1,5,1,0,2,4,1,3,6,4,0,5,0,3,0,0,3,3,1,5,0,3,0,1,3,1,3,2,2,6,2,0,0,0,5,0,2,0,0,2,1,3,0,0,0,0,1,5,0,0,0,3,0,0,0,2,0,3,0,0,8,0,0,0,0,0,0,0,krupskaya
krupskaya_zhenshina_rabotnitsa.txt,49,17,16,3,8,4,28,14,312,20,48,0,2,24,6,3,0,32,13,7,21,10,26,44,62,326,21,35,77,16,12,4,34,17,172,10,5,2,183,5,3,20,40,6,2,20,3,44,2,1,34,0,3,14,6,1,2,21,17,28,85,3,7,18,3,2,2,10,0,35,7,9,10,23,34,27,10,138,49,33,5,10,4,33,1,15,18,0,0,0,3,6,5,3,8,1,8,3,1,0,0,9,2,8,1,43,9,19,0,7,0,1,0,18,22,7,36,8,9,2,7,5,6,8,16,3,9,5,3,7,1,0,5,1,0,0,4,0,1,28,15,6,38,7,3,3,74,51,1,6,16,4,0,0,4,2,3,0,2,3,13,36,6,3,0,0,0,10,1,0,3,6,8,4,12,19,1,0,5,0,1,1,0,4,5,9,37,7,16,4,6,11,6,28,11,4,2,0,4,1,4,30,5,2,9,20,18,8,23,4,0,0,7,3,9,11,0,2,0,3,12,6,3,4,17,7,1,0,10,4,4,4,0,9,1,7,14,0,0,2,9,4,6,4,1,1,0,8,6,6,4,10,1,5,0,3,3,5,4,3,1,4,2,0,0,0,1,1,9,4,3,4,0,3,2,2,6,5,2,2,3,0,0,0,1,5,1,1,0,0,0,10,1,1,0,5,1,0,0,0,krupskaya
lenin_183_students_I.txt,4,1,2,1,0,1,0,5,33,1,7,1,2,3,2,1,0,5,5,1,5,1,4,0,6,64,3,10,10,1,2,1,5,1,20,0,1,6,20,1,0,3,10,0,2,3,6,8,0,2,3,0,1,1,0,1,11,0,0,2,15,2,1,1,0,3,0,1,2,6,3,1,2,3,3,4,3,14,6,8,2,2,1,6,1,3,5,0,0,0,0,1,4,1,2,3,2,0,0,0,0,0,0,1,1,1,5,2,1,0,0,0,0,1,0,0,10,0,0,1,1,1,1,0,1,0,1,0,0,0,1,1,3,0,0,0,3,1,0,0,0,1,1,1,3,2,2,7,3,0,2,1,1,0,1,0,0,0,0,4,0,3,3,0,1,0,0,0,1,0,0,2,1,1,0,3,0,0,1,0,0,3,1,0,0,2,2,1,1,1,2,0,0,3,1,1,0,0,2,1,1,2,2,0,2,2,0,2,0,0,0,0,1,2,0,3,0,1,0,0,1,0,0,1,1,1,1,1,0,0,3,0,0,1,1,0,2,0,0,4,1,0,2,1,0,0,0,1,0,0,0,0,1,0,0,0,1,0,0,3,0,0,1,0,0,0,0,2,0,0,0,0,0,0,0,1,0,0,1,1,1,0,1,0,0,1,0,1,0,0,0,1,0,0,0,0,0,0,0,0,lenin
lenin_1st_of_may.txt,10,0,0,1,9,1,0,1,24,0,11,1,4,5,0,0,0,4,2,0,7,0,0,1,15,52,3,5,2,5,2,0,1,0,16,1,4,1,7,0,0,2,4,0,0,1,0,8,1,0,3,1,0,1,0,3,7,1,1,6,2,3,1,0,5,1,0,0,2,0,1,2,1,2,5,3,1,4,3,2,2,8,1,2,0,3,0,0,0,0,0,0,2,4,0,1,0,0,0,0,1,0,1,1,1,1,0,2,4,4,0,0,0,0,0,0,16,2,0,0,0,0,2,0,0,0,0,1,0,0,0,0,1,0,2,0,0,0,0,0,0,0,0,0,1,1,1,12,0,0,0,2,0,1,0,0,1,4,3,4,0,9,3,0,0,0,0,6,0,0,1,2,1,1,1,1,2,0,0,0,0,2,0,0,0,2,0,0,0,0,0,4,0,0,1,0,0,0,3,0,0,0,0,0,1,0,2,0,2,0,0,0,0,0,0,0,2,0,1,0,1,0,0,0,0,0,0,0,1,1,1,0,0,0,1,0,0,0,0,0,0,2,0,0,0,0,0,2,0,0,0,0,1,0,0,0,0,0,0,1,0,0,0,0,0,0,0,0,0,1,0,1,0,0,0,0,0,0,1,0,0,1,1,0,1,0,0,0,0,0,0,0,0,0,0,1,0,0,0,0,lenin
lenin_anarhizm_i_socializm.txt,5,0,1,0,0,2,1,1,20,0,2,1,0,1,2,1,1,4,1,1,3,0,3,2,6,27,3,8,4,0,0,0,1,4,7,0,0,0,12,0,1,0,1,0,0,0,1,1,3,0,2,1,0,0,2,0,1,0,0,13,5,0,2,1,0,2,0,0,1,1,0,2,0,0,1,0,2,1,1,3,1,1,4,4,1,1,1,2,1,0,0,0,1,1,0,0,0,0,0,0,0,0,0,0,0,0,1,1,0,0,0,2,2,9,0,0,4,0,1,0,3,1,1,0,2,0,2,1,0,0,0,0,2,2,1,0,0,0,2,1,0,0,4,0,0,0,0,4,3,1,0,0,0,2,2,1,0,0,4,1,1,0,1,1,5,2,1,3,0,0,0,0,0,0,0,0,1,1,0,0,0,1,0,0,0,0,1,1,1,0,0,1,0,3,1,0,0,0,0,2,1,1,0,0,0,0,0,1,0,0,1,0,0,0,0,2,1,0,0,0,0,1,0,0,0,0,0,0,1,0,1,0,1,0,0,0,0,1,0,1,4,1,0,3,0,0,0,0,0,0,0,1,0,1,2,1,1,0,0,1,0,0,0,0,0,0,1,0,0,0,0,0,0,0,0,0,0,0,1,0,0,0,0,0,0,0,1,0,0,0,0,0,0,0,0,0,1,1,0,0,lenin
lenin_chego_dobivaemsya.txt,9,3,2,6,2,2,1,6,52,1,13,7,3,7,1,3,1,10,3,1,9,0,7,0,8,119,11,4,13,1,11,2,1,35,24,1,0,0,35,2,3,5,5,2,0,1,0,6,42,1,7,0,4,0,0,0,0,2,4,2,15,0,2,2,3,1,1,1,7,5,4,1,5,1,11,13,8,23,7,4,3,3,14,13,0,3,8,2,1,0,0,1,2,1,0,0,0,0,5,2,0,0,2,1,0,8,3,3,0,0,1,0,1,3,2,0,14,0,0,0,0,2,7,0,12,0,4,1,0,4,1,0,4,2,1,0,10,6,13,7,2,0,12,2,0,2,0,3,6,0,0,7,0,0,1,0,2,0,1,14,4,0,1,1,0,1,2,3,0,1,0,0,4,1,1,7,3,1,0,0,1,1,3,0,2,1,12,0,1,0,5,0,0,3,2,2,1,0,6,4,2,0,4,0,2,0,0,3,0,0,2,1,1,1,1,5,0,0,2,0,0,1,1,0,2,0,0,1,0,0,1,1,0,2,0,1,5,0,0,3,4,2,1,0,0,1,9,3,2,0,0,2,0,1,6,0,0,0,1,0,1,0,0,18,3,2,0,0,0,1,0,2,0,1,0,0,0,0,0,2,1,0,1,0,0,0,0,0,0,0,0,0,0,2,1,0,0,0,1,4,lenin
lenin_china_war_I.txt,7,1,0,0,0,0,0,2,37,1,3,0,1,2,2,2,0,4,3,0,5,0,1,5,6,58,8,3,11,2,8,0,0,1,23,2,7,6,29,3,0,1,8,0,2,0,10,12,0,5,7,0,0,1,1,10,14,0,0,6,18,0,0,1,0,1,0,0,0,6,0,0,7,1,11,4,7,12,4,4,2,5,0,2,0,0,3,0,0,0,0,1,2,1,2,1,0,0,0,0,0,0,0,1,0,1,3,6,0,0,0,1,0,4,1,0,12,0,0,0,0,2,1,1,0,1,0,1,1,2,0,0,4,0,0,0,0,0,0,0,1,1,9,0,0,1,4,8,0,0,1,1,0,0,1,0,1,0,0,5,2,0,3,0,0,0,0,2,1,0,0,1,0,1,1,2,0,2,0,0,0,1,0,0,1,0,2,0,2,1,0,0,0,2,4,2,3,0,2,3,1,0,0,0,2,0,2,0,0,1,0,1,5,4,0,4,0,1,0,1,2,0,0,1,0,0,0,0,1,1,0,1,0,2,0,1,2,0,0,1,1,0,0,0,1,0,0,1,1,0,0,1,0,0,0,0,2,0,0,0,0,0,0,0,0,0,2,0,0,0,0,0,0,0,1,0,0,0,1,1,0,1,0,0,0,0,1,0,0,0,0,0,0,0,0,1,0,0,5,0,lenin
lenin_chto_delat'.txt,307,51,27,60,63,57,25,79,1175,50,165,30,41,115,64,64,29,214,96,34,125,20,124,177,170,2051,174,103,302,72,93,51,98,331,517,43,4,8,846,21,25,45,236,22,22,98,44,144,52,33,223,22,17,55,33,14,13,73,48,151,498,14,20,28,22,44,13,54,283,118,30,75,66,109,268,114,108,601,132,302,75,93,117,243,24,99,99,46,49,14,10,34,51,12,24,29,25,72,111,80,19,29,17,57,27,62,78,100,40,4,19,23,69,133,29,19,286,19,32,23,21,32,48,16,20,43,51,24,23,55,47,23,30,15,70,19,110,35,38,82,32,22,290,65,10,44,44,95,130,25,55,31,38,29,91,30,7,9,29,54,74,40,24,51,12,24,49,51,32,36,16,59,28,15,71,58,32,27,24,23,10,53,7,28,28,61,207,40,83,26,32,18,11,93,74,39,59,14,48,33,16,42,39,1,30,19,50,53,100,32,25,116,26,19,14,76,50,25,16,10,24,36,20,38,10,14,24,33,21,11,12,12,19,75,21,27,46,16,30,41,95,27,34,24,36,14,49,32,24,37,12,20,37,21,16,19,20,25,38,36,17,14,11,17,2,0,20,16,37,5,13,25,12,30,1,4,19,34,10,14,48,25,24,23,3,10,8,4,8,16,49,13,49,32,0,0,7,0,8,2,lenin
lenin_era_reform_I.txt,14,6,3,1,3,1,9,3,48,3,5,0,0,2,7,0,1,15,2,1,4,2,1,3,5,83,10,13,13,6,7,1,11,6,30,1,0,2,35,0,0,3,6,1,0,1,2,12,1,3,16,1,0,1,0,3,1,7,2,31,11,1,0,3,2,4,1,2,5,3,2,2,3,2,17,1,2,8,8,12,2,11,1,7,0,11,6,3,0,0,1,7,1,0,0,1,3,0,0,1,0,0,0,3,0,0,0,4,1,0,0,0,4,7,0,1,15,1,0,0,2,0,0,4,1,1,4,2,0,0,0,0,0,0,0,0,0,1,1,7,1,2,14,5,0,0,1,3,3,1,3,0,0,1,3,0,10,3,0,4,5,10,4,3,1,0,0,1,0,1,4,2,0,1,2,1,0,1,3,0,0,1,0,1,3,3,4,0,5,0,0,0,1,5,4,3,3,1,3,0,0,7,0,0,0,0,1,3,0,1,1,3,0,2,1,6,3,3,0,0,0,2,1,0,0,0,1,2,0,0,1,2,1,3,2,4,2,1,0,4,2,1,1,0,0,3,0,0,0,0,0,6,1,2,0,0,2,0,2,4,0,2,0,0,0,0,0,3,1,2,0,1,0,3,0,0,0,2,1,2,0,1,0,1,0,0,0,0,0,0,0,0,0,2,0,0,2,0,0,0,lenin
lenin_k_der_bednote_cdprogramma.txt,206,51,71,12,26,25,34,32,457,8,164,54,33,86,40,7,2,138,39,20,28,22,36,70,140,981,99,79,125,47,57,8,40,90,260,83,56,56,399,15,2,48,87,45,6,34,13,137,7,7,113,0,10,37,25,8,30,33,17,92,130,7,36,21,0,27,3,12,124,47,13,24,57,29,92,162,49,184,120,105,27,26,38,37,9,47,32,4,5,1,3,20,79,25,2,16,14,0,0,0,0,7,6,44,6,19,55,64,12,12,8,1,1,71,33,11,60,11,15,0,11,5,36,9,3,32,22,38,9,31,1,0,19,8,29,1,24,5,5,47,5,5,64,22,6,14,11,82,0,8,33,8,0,1,10,7,22,3,5,47,40,79,38,10,0,0,0,58,3,5,28,23,22,10,23,27,2,6,13,0,3,1,2,17,28,16,47,47,26,14,9,9,10,41,52,22,20,3,14,14,2,60,21,11,44,9,37,6,32,12,0,2,2,13,20,22,2,7,0,3,26,2,3,1,6,22,7,7,10,12,8,3,0,12,29,6,16,0,0,8,30,0,8,3,5,39,1,11,13,40,4,17,0,13,14,18,29,5,9,7,0,11,2,1,0,0,2,21,16,20,23,13,13,1,3,109,10,17,7,26,3,1,2,0,22,19,10,3,1,0,1,7,3,2,0,79,0,0,2,0,lenin
lenin_k_partii.txt,6,3,1,4,2,5,1,1,52,1,14,1,3,4,3,0,0,7,9,3,5,3,3,5,7,84,12,8,7,1,8,1,9,17,16,0,0,0,33,7,2,2,7,2,1,10,9,5,41,2,10,1,0,3,3,0,0,2,5,1,21,1,4,5,4,2,0,2,4,2,4,3,6,0,12,6,5,6,8,5,3,14,11,8,1,2,4,1,3,0,0,1,3,0,0,0,0,0,1,2,0,1,0,2,2,8,0,4,9,1,1,0,1,4,2,0,21,0,1,0,1,2,1,0,3,0,1,1,1,1,0,0,2,2,2,0,5,0,3,2,0,0,5,1,1,2,4,3,3,0,0,1,0,0,0,0,1,0,0,7,2,0,2,1,0,1,0,1,0,1,0,3,2,1,1,3,8,1,0,2,0,6,7,1,2,1,4,2,1,0,0,0,0,5,0,3,3,1,0,3,1,0,2,0,0,6,1,0,1,0,4,0,1,1,0,2,0,0,1,0,1,2,1,1,4,1,0,0,0,1,2,0,0,2,1,0,0,2,0,2,1,1,2,0,2,0,3,2,1,0,0,1,3,1,6,3,0,1,0,3,1,1,0,6,0,0,0,4,0,2,0,0,0,0,0,0,0,0,1,0,0,0,0,0,0,0,0,1,0,0,0,1,0,1,0,0,0,0,1,7,lenin
lenin_l_n_tolstoy.txt,12,2,0,4,2,0,1,1,41,4,3,2,1,1,1,0,0,7,2,0,14,2,0,1,6,67,7,2,6,3,9,2,0,0,18,3,1,2,18,1,0,0,4,0,1,5,0,4,1,0,3,0,1,3,1,0,0,1,0,0,16,1,0,3,1,0,0,1,1,1,0,3,0,6,7,1,1,12,6,8,1,3,5,0,0,1,6,0,1,0,1,1,1,0,0,1,0,0,1,4,0,0,0,0,0,4,3,1,5,0,0,3,2,2,2,0,8,0,1,1,0,2,0,0,0,0,0,0,0,1,1,0,1,0,0,0,0,1,2,0,0,0,6,2,1,2,0,7,0,1,1,0,0,0,1,0,0,2,1,4,0,0,0,0,5,0,1,3,2,0,0,6,2,1,1,0,0,1,0,0,1,0,0,0,0,2,6,0,2,0,0,0,0,1,0,1,0,0,1,1,0,0,1,0,0,0,0,0,0,1,2,1,1,0,0,0,4,1,1,0,0,1,0,0,2,0,2,0,0,0,1,0,1,1,0,0,2,2,0,0,0,0,3,0,1,0,0,0,0,0,0,1,0,0,0,0,0,0,0,1,0,0,1,0,0,0,1,0,0,1,0,1,1,0,2,0,0,0,1,3,0,4,0,1,1,0,0,0,0,0,0,0,0,0,0,1,0,3,0,0,lenin
lenin_les_beaux_esprits_I.txt,2,0,0,0,0,0,0,0,33,1,4,1,1,3,2,0,1,1,2,0,3,0,0,2,1,63,2,1,7,2,0,3,2,3,9,3,0,0,20,1,0,0,4,1,0,2,0,4,1,0,7,0,0,0,1,0,0,0,1,0,11,0,0,0,0,3,0,4,3,1,0,0,2,0,4,4,5,15,1,4,0,0,0,1,2,6,4,0,0,0,0,1,0,0,0,2,1,1,0,1,0,0,0,1,1,4,0,1,1,0,0,0,0,0,3,0,7,0,1,0,1,1,0,0,0,0,1,0,0,3,2,2,0,1,1,0,0,0,0,4,0,2,3,0,2,0,0,8,0,0,2,0,0,0,0,0,2,0,1,5,0,0,0,1,0,0,2,2,0,0,0,1,1,0,2,0,0,2,1,0,0,3,0,0,0,1,2,1,3,0,0,1,0,0,0,5,1,0,1,1,0,0,0,0,2,2,2,0,0,1,2,3,0,0,0,1,0,0,1,0,1,1,0,0,3,0,0,0,1,0,0,0,1,1,0,1,0,1,0,1,2,2,1,0,0,0,0,1,0,1,0,1,0,2,0,0,0,0,0,2,0,0,0,0,0,0,1,0,0,0,3,0,0,0,0,2,0,1,0,0,2,0,2,0,3,0,0,1,0,0,0,1,0,0,0,3,0,0,0,0,lenin
lenin_lntolstoy_i_rab_dvizhenie.txt,2,0,1,0,0,0,0,3,36,4,1,0,0,3,0,1,0,0,3,0,8,0,0,2,5,32,2,6,1,1,7,3,0,0,11,0,0,0,8,2,0,0,3,0,0,3,1,3,0,0,7,1,1,1,0,0,0,1,0,1,3,3,0,2,0,2,1,0,0,2,0,3,0,0,2,2,2,10,0,5,1,0,0,1,2,0,3,1,0,0,0,0,4,3,0,1,0,1,2,0,0,0,0,0,1,2,1,0,1,2,0,1,1,1,1,0,8,0,0,1,0,0,2,0,0,0,2,0,0,0,0,0,0,0,0,0,0,0,0,0,0,1,0,0,0,0,1,0,0,2,0,1,0,0,0,1,0,1,0,1,2,1,0,0,0,0,0,11,2,0,0,0,2,0,0,0,0,0,0,0,0,1,0,0,1,3,1,0,3,0,1,0,0,2,0,0,0,0,1,0,0,0,1,0,2,0,0,0,0,0,1,3,0,0,0,0,0,0,0,0,0,1,0,0,0,0,0,0,0,0,0,0,0,2,1,0,1,0,0,4,2,0,0,0,1,0,0,1,0,0,0,0,0,0,0,0,1,1,0,0,0,0,0,0,0,0,0,0,0,4,0,1,0,0,1,6,0,1,0,0,0,3,0,0,0,0,1,0,0,0,0,0,0,2,0,2,0,0,0,0,lenin
lenin_max_min_I.txt,15,4,1,0,0,0,1,3,59,2,7,6,2,1,2,1,1,4,2,1,2,0,5,5,7,62,7,0,10,2,2,3,3,14,15,2,0,0,44,0,0,2,7,0,0,5,2,9,19,3,3,0,0,3,0,0,0,5,0,0,14,0,1,1,0,2,0,0,2,8,0,1,4,4,8,4,3,33,7,20,3,0,1,6,0,7,4,0,1,4,0,1,1,2,0,1,1,1,2,0,1,0,1,1,1,4,4,7,0,0,0,1,3,8,2,2,11,3,0,0,1,1,0,1,2,1,3,0,1,4,0,0,1,0,3,1,3,0,0,7,1,2,10,5,0,2,1,3,4,1,1,1,0,0,0,0,0,0,1,2,1,0,0,0,0,0,0,0,0,2,0,2,1,0,0,3,0,1,3,0,0,2,4,0,0,2,8,8,3,3,1,0,1,0,2,2,4,0,4,0,4,3,2,0,2,0,3,0,1,1,0,7,0,0,2,10,0,0,0,0,0,1,0,0,0,1,1,0,2,0,0,2,1,1,0,0,0,0,0,0,2,2,0,1,1,0,3,0,1,2,0,0,0,0,0,0,0,0,0,1,0,1,2,2,0,0,0,1,0,1,0,3,1,4,0,0,0,0,1,0,18,0,1,0,0,0,0,2,0,0,1,1,0,0,0,0,1,0,0,9,lenin
lenin_nacionalniy_vopros_I.txt,13,4,2,0,2,1,0,4,64,4,5,1,0,5,6,1,6,4,6,0,5,2,9,3,14,91,3,0,16,6,3,4,5,34,27,1,0,1,51,0,1,3,14,0,0,4,2,10,4,0,11,3,1,1,4,0,2,8,0,2,31,1,2,1,0,5,0,2,14,14,2,2,6,7,13,2,3,18,8,10,4,5,10,8,0,3,3,3,5,10,1,7,2,1,2,1,1,1,1,6,5,2,2,5,0,9,2,6,0,0,0,3,2,9,1,1,24,1,1,2,2,0,0,1,6,0,2,1,0,0,1,0,0,0,3,0,5,2,4,3,0,1,4,0,0,0,2,6,1,0,0,4,1,1,6,0,2,9,13,11,1,1,2,3,5,0,1,6,1,2,1,3,4,1,2,2,2,1,1,0,1,2,0,1,0,3,9,8,1,1,0,0,0,5,2,1,3,0,2,2,0,4,1,0,3,0,0,1,1,0,6,9,0,2,1,3,0,1,1,0,0,5,2,2,2,3,1,1,0,1,1,3,0,4,0,2,3,6,0,6,7,3,5,1,4,2,0,1,0,0,0,0,0,3,2,1,0,2,1,3,5,1,0,0,0,0,0,3,0,8,0,4,0,1,1,0,1,1,2,1,1,0,0,0,4,2,0,0,0,0,0,0,0,2,0,0,1,1,1,0,lenin
lenin_narodnichestvo_I.txt,10,0,0,1,2,2,0,3,83,3,3,1,1,1,1,0,3,3,5,1,11,0,2,9,5,96,8,5,21,1,2,2,2,3,31,4,1,0,36,0,0,1,9,1,0,9,1,12,0,1,8,0,1,1,1,0,1,4,0,1,24,1,0,1,0,0,1,1,9,6,0,5,0,5,5,4,9,19,6,11,2,4,2,6,1,5,3,4,1,1,0,2,1,1,18,1,0,0,0,1,0,0,2,1,1,7,2,2,1,0,1,2,4,10,0,1,14,0,3,3,4,2,1,0,4,0,2,1,1,0,0,2,0,2,2,0,3,0,0,1,2,0,10,3,5,1,4,5,0,1,4,1,0,0,1,0,1,3,0,4,0,0,0,1,2,1,3,7,0,1,0,1,1,1,2,5,0,1,2,3,1,1,0,1,0,0,9,1,4,1,0,1,2,0,5,1,3,1,1,0,0,1,1,0,1,0,3,3,3,2,0,6,2,0,0,3,1,0,1,0,0,1,0,2,3,0,1,0,1,0,0,1,4,6,0,0,0,0,2,3,6,1,0,2,0,0,1,1,0,0,0,2,0,2,0,0,1,0,1,0,1,1,0,0,0,0,0,2,0,3,1,0,1,0,1,1,0,4,3,3,4,1,1,4,4,1,0,0,0,0,0,0,1,3,0,2,1,0,0,0,lenin
lenin_ne_potuhla_iskra.txt,38,4,3,0,0,0,3,26,179,2,25,1,4,3,5,3,1,12,16,0,29,7,12,21,18,205,11,7,35,13,2,5,8,94,53,9,0,0,133,6,3,5,22,5,1,59,4,24,2,2,30,0,7,5,0,0,0,6,0,0,61,0,0,3,0,5,1,6,3,28,1,5,6,7,18,17,16,140,3,50,5,3,0,19,13,13,2,5,4,0,2,6,1,2,52,0,0,0,0,0,0,2,0,2,4,2,1,10,1,0,1,2,11,6,1,0,30,3,0,0,7,1,0,0,1,0,12,0,1,3,2,1,1,2,13,9,29,3,3,11,0,4,23,8,0,0,4,8,1,3,10,2,0,0,1,0,0,0,0,9,0,1,0,5,0,0,0,3,1,0,0,5,3,0,3,15,0,7,6,1,1,0,1,0,5,10,27,5,7,6,3,3,7,8,10,4,6,3,7,4,2,12,7,0,7,1,4,3,22,2,2,13,0,2,1,6,0,1,0,5,2,2,1,24,1,2,1,1,2,3,0,1,6,5,1,3,0,1,1,3,9,0,5,6,3,2,0,0,0,2,3,0,0,4,1,1,1,0,2,3,4,9,1,3,4,0,0,1,2,0,5,3,3,4,0,0,0,5,4,6,3,0,3,0,0,5,2,2,11,9,0,5,58,2,0,0,0,0,1,0,lenin
lenin_nepodan_zayzvlenie.txt,5,3,0,0,0,1,0,9,23,0,4,1,0,2,1,0,0,4,4,0,5,0,8,2,5,40,6,1,2,0,3,2,3,3,15,0,0,0,15,0,2,0,1,3,1,4,0,2,4,2,9,2,2,4,1,0,0,3,0,0,4,0,0,0,0,2,1,1,0,0,0,1,4,0,1,0,2,17,3,5,0,1,1,7,0,4,0,3,3,1,0,0,0,0,0,0,0,0,0,0,0,0,1,0,0,2,1,4,0,0,0,0,2,3,1,0,7,1,0,0,0,0,3,0,1,0,1,0,1,1,0,0,1,1,1,1,0,1,0,1,0,0,14,2,0,0,0,1,0,0,0,0,0,1,0,0,0,0,0,5,0,0,0,1,0,0,0,0,0,2,0,4,1,0,0,1,0,0,3,0,0,2,1,1,2,2,4,5,2,2,2,0,0,0,2,2,0,0,4,1,0,2,1,0,1,0,0,0,2,0,0,4,1,0,0,0,0,1,0,0,0,1,2,1,0,0,0,0,2,0,0,0,0,0,0,1,0,0,1,1,4,1,1,1,0,2,1,0,5,0,0,2,0,0,0,0,0,0,0,2,0,0,2,5,3,0,0,0,0,0,0,0,3,0,0,0,0,0,2,2,0,0,0,0,0,0,0,0,4,1,0,0,16,0,7,0,0,0,0,7,lenin
lenin_nuzhna_li_partiya_I.txt,8,4,0,0,0,0,1,1,34,0,3,1,2,1,4,1,9,2,5,0,3,2,3,5,5,57,6,7,4,2,1,1,1,11,16,0,0,0,31,1,2,1,5,0,0,2,0,5,15,0,6,1,0,0,0,0,0,3,0,11,21,1,1,0,1,3,0,3,13,2,0,2,2,0,5,0,3,17,2,8,2,0,6,9,2,2,2,3,1,0,0,0,2,1,3,0,0,3,2,0,0,1,0,2,0,4,3,7,0,0,0,0,1,5,0,0,12,0,1,0,0,0,0,0,1,0,1,1,1,2,1,1,1,1,1,0,0,0,0,2,1,0,11,2,0,2,2,5,6,1,0,1,1,0,4,4,1,3,5,4,2,1,0,3,1,0,0,5,0,1,0,2,0,0,1,1,2,0,2,0,0,4,1,0,1,1,9,1,1,0,0,0,1,2,3,2,2,0,2,3,1,0,0,0,3,2,0,1,0,1,2,6,1,0,0,3,0,3,0,0,0,0,0,1,0,3,0,1,2,1,0,0,0,1,0,0,1,2,1,2,2,1,1,1,3,1,1,1,0,0,0,1,0,0,2,2,0,2,2,3,2,1,0,1,1,0,2,0,0,0,1,0,0,1,0,0,1,0,1,1,1,0,1,1,0,0,1,1,0,0,0,0,0,0,0,0,0,0,0,1,lenin
lenin_o_manifeste_armyan_I.txt,5,0,0,1,2,1,0,1,28,1,1,1,1,3,0,0,4,8,3,0,4,0,1,2,5,39,4,5,6,0,0,0,2,14,15,0,0,0,10,1,0,0,2,1,0,3,1,3,2,0,6,1,0,0,0,0,0,0,0,6,9,0,0,0,2,2,0,1,16,1,1,0,1,0,3,0,2,6,2,3,0,5,5,2,0,2,3,3,0,0,0,3,2,0,0,0,0,1,1,2,0,2,0,3,0,0,0,3,1,0,0,0,0,2,0,1,13,0,2,0,0,1,0,0,4,0,1,1,0,2,0,0,0,0,2,1,1,0,0,2,0,0,5,0,0,0,1,0,1,2,0,0,2,0,2,0,1,1,10,2,3,0,0,1,1,0,0,6,1,0,3,5,3,0,2,0,0,0,0,0,0,1,0,0,1,1,4,0,0,0,0,0,0,0,1,1,0,0,3,1,1,1,0,0,0,0,0,1,3,1,1,1,0,0,0,1,1,1,0,0,2,1,0,1,1,0,0,1,0,0,0,0,0,3,0,1,0,1,1,3,2,3,2,4,0,0,0,1,0,0,0,0,2,0,2,1,0,0,0,0,4,0,0,0,0,0,0,1,0,3,0,0,0,0,0,0,0,0,0,1,0,0,0,1,0,0,0,0,0,0,0,0,0,1,0,0,1,0,0,0,lenin
lenin_ob_obstoyatelstvah.txt,7,1,0,1,1,1,0,2,36,0,2,0,1,0,4,1,0,6,4,0,2,2,8,4,9,51,7,5,4,3,0,0,6,1,29,5,0,0,38,0,1,0,5,0,0,6,0,5,4,3,4,0,3,1,0,0,0,5,0,0,19,0,0,1,0,2,3,0,1,13,0,1,5,5,3,3,3,35,4,14,0,1,0,9,3,5,3,1,0,1,0,1,0,2,3,0,1,0,0,0,0,0,0,1,1,2,1,6,0,0,0,0,2,3,2,0,15,0,0,0,0,1,3,0,5,0,1,1,0,0,0,4,0,0,1,0,1,0,0,6,0,0,14,7,0,0,0,1,0,1,1,0,0,0,0,0,1,0,0,6,0,0,0,3,0,0,0,0,0,3,0,1,0,1,2,3,0,0,1,0,0,2,0,1,0,1,9,2,2,1,1,0,0,4,1,2,3,2,1,0,1,1,1,0,1,2,0,2,1,0,0,8,0,0,1,5,0,0,0,1,0,1,2,0,0,0,0,1,0,0,1,2,0,1,1,1,0,0,0,0,3,1,3,2,2,2,4,0,0,0,2,0,0,0,1,0,0,0,0,0,2,0,2,3,5,19,0,0,0,1,0,0,1,2,0,0,0,0,4,2,3,0,1,0,0,2,0,0,3,5,2,0,29,0,1,0,1,0,2,4,lenin
lenin_ot_narodnichestva_marx.txt,4,3,1,1,1,0,0,1,54,3,6,3,6,1,3,1,7,2,1,1,5,1,1,10,4,77,6,3,16,2,2,1,4,7,19,1,0,0,32,0,1,0,7,1,1,0,2,6,2,1,2,1,0,1,1,0,1,4,1,0,25,0,4,2,0,6,0,1,5,3,0,4,3,0,5,8,8,23,1,7,2,6,4,7,0,2,7,4,3,0,0,2,2,0,0,1,1,0,1,4,3,2,0,1,1,4,5,3,3,0,1,0,3,5,1,2,13,0,2,5,1,0,2,0,3,0,4,0,0,0,0,0,2,0,0,2,6,1,3,2,0,2,9,2,1,2,4,6,0,1,1,0,0,0,2,0,1,2,5,16,1,0,1,1,1,0,2,7,1,1,1,3,0,0,2,3,1,1,1,0,0,2,1,1,0,6,6,2,1,1,2,0,1,3,0,2,1,2,3,0,0,2,2,1,5,1,0,3,0,0,2,6,1,0,0,2,0,5,1,0,2,1,0,0,0,0,0,2,0,0,3,0,0,0,0,1,1,2,0,2,3,0,0,0,2,0,0,2,1,0,0,1,0,0,1,0,0,4,1,1,2,0,1,0,0,0,0,1,0,0,0,3,1,0,1,0,0,0,0,4,0,1,1,0,10,0,0,1,0,0,0,0,1,0,0,0,0,1,0,0,lenin
lenin_otvet_na_kritiku.txt,44,6,1,0,1,0,4,12,113,4,10,6,0,4,3,3,2,15,6,2,11,1,15,10,8,138,18,6,20,11,3,5,11,43,40,0,0,0,92,2,0,3,10,5,1,16,5,19,4,2,24,1,1,3,3,0,1,10,2,3,34,1,1,1,0,3,0,6,7,11,0,6,1,7,21,9,6,46,7,26,9,5,3,34,1,9,6,9,9,4,0,3,5,1,5,1,3,0,1,1,1,0,1,6,4,2,9,11,1,0,4,5,13,17,4,2,22,6,2,2,2,0,1,0,5,1,6,0,3,4,1,0,2,0,5,5,2,4,11,5,2,3,31,9,1,4,2,8,0,2,0,0,1,1,1,0,1,5,8,11,3,0,0,2,0,0,3,4,1,1,0,5,5,0,6,3,0,2,4,2,1,7,0,2,0,4,18,6,9,1,1,1,2,6,6,5,6,1,4,3,0,5,4,0,1,4,2,3,1,8,7,13,3,2,1,6,1,3,0,2,1,6,2,3,2,3,0,3,2,1,0,2,1,11,0,3,2,6,0,3,10,6,1,2,4,2,0,1,1,2,0,3,4,2,2,0,0,0,5,4,4,8,1,0,0,17,2,2,0,6,1,1,1,0,0,20,5,2,0,7,0,0,0,1,2,0,3,1,0,1,1,2,0,1,0,31,2,1,0,0,lenin
lenin_padenie_port_artura.txt,14,2,1,0,0,0,2,1,45,3,6,8,3,1,4,3,0,8,8,0,3,2,3,4,12,87,7,1,13,2,6,3,4,3,24,1,5,3,35,0,1,1,15,2,1,3,0,10,0,2,10,1,5,1,2,0,2,7,0,0,19,0,2,1,2,5,1,2,2,8,2,1,12,5,12,4,6,23,2,6,2,6,3,5,1,2,7,4,2,0,0,2,4,1,1,0,0,0,1,2,0,1,0,2,0,5,7,10,0,0,0,4,0,3,1,1,4,1,0,0,3,2,2,3,3,5,3,1,0,0,2,0,2,0,1,0,2,1,2,2,0,0,13,0,0,2,6,3,2,1,3,4,0,0,2,0,2,4,5,4,0,0,1,1,8,2,1,11,6,1,2,5,0,0,0,5,1,1,1,0,0,3,0,2,1,2,7,0,3,1,0,0,0,6,2,2,3,0,3,2,0,0,0,0,2,1,2,2,2,0,1,1,3,0,1,1,1,1,1,0,2,0,2,0,0,1,2,0,0,0,2,0,0,0,1,0,2,1,0,4,1,2,2,1,2,1,0,4,0,0,1,3,3,1,0,3,1,1,0,0,0,1,2,0,0,0,0,1,0,1,0,1,0,0,1,0,0,0,0,1,0,0,0,2,13,1,1,0,0,0,0,0,0,0,0,0,0,0,16,0,lenin
lenin_partiynaya_organizaciya_i_literatura.txt,7,2,0,1,0,1,1,0,34,1,9,2,2,1,4,9,5,8,3,0,2,2,2,5,8,64,3,0,5,1,4,1,8,11,9,0,0,0,30,0,1,4,10,0,1,1,2,16,10,1,3,0,1,3,0,1,2,1,3,2,13,0,1,0,1,0,0,0,11,2,1,0,4,5,6,5,1,10,7,13,3,1,0,4,1,11,6,1,2,0,0,0,3,2,1,0,0,1,1,2,0,4,4,4,1,7,4,4,0,1,0,0,1,12,0,0,4,1,2,0,0,1,2,0,4,3,4,0,0,0,5,0,2,1,1,1,5,1,1,1,2,1,6,1,2,0,3,1,3,0,0,1,0,0,0,0,2,5,5,0,1,1,0,0,2,1,1,5,0,0,9,1,0,0,0,1,0,1,3,3,0,0,0,4,1,0,7,3,4,0,0,0,0,1,1,2,1,0,2,2,0,6,2,0,0,1,0,3,7,0,1,0,0,0,2,1,1,2,0,0,0,1,1,0,0,0,0,1,0,0,1,0,0,3,0,1,2,1,0,1,0,0,3,0,2,0,0,1,0,1,0,0,0,1,4,0,0,0,0,0,0,1,0,0,0,0,1,2,1,0,3,1,1,2,1,0,0,0,0,0,4,0,0,0,2,1,0,0,0,1,0,0,1,3,0,0,0,2,0,0,lenin
lenin_pervaya_pobeda_revolucii.txt,6,1,2,2,4,0,1,5,55,2,7,2,0,4,5,3,1,7,7,1,5,2,1,5,9,66,9,2,5,7,5,1,3,6,20,0,3,3,34,0,0,3,10,3,0,3,6,11,1,4,6,0,0,0,0,2,6,2,1,3,15,0,4,1,5,1,2,0,4,1,1,1,8,2,12,3,10,17,5,9,1,7,4,4,0,2,5,0,1,1,0,0,6,2,0,0,1,1,0,1,1,2,0,3,2,8,3,23,0,1,1,0,2,3,0,0,8,0,0,0,0,1,1,0,3,1,1,2,1,0,0,0,0,0,2,0,1,0,0,2,0,0,13,1,0,1,2,1,4,0,2,2,0,0,4,1,1,4,5,2,0,6,2,2,12,2,1,6,6,0,7,3,1,0,2,1,2,0,4,0,0,2,0,1,0,0,10,0,1,2,1,0,0,1,4,0,0,0,3,0,1,3,3,1,0,0,1,1,1,0,1,0,4,1,0,3,0,0,1,1,0,0,1,0,1,0,0,0,4,0,1,2,1,0,2,0,3,1,3,3,1,0,2,1,2,0,0,1,0,1,0,1,0,1,0,1,1,1,1,0,0,0,1,0,0,0,0,2,1,2,0,0,2,0,1,0,0,0,0,0,1,2,0,0,2,1,0,1,0,0,0,1,0,0,0,1,0,5,0,0,lenin
lenin_pismo_v_iskru_I.txt,3,2,1,0,2,0,2,2,25,1,5,4,0,5,3,1,0,11,3,1,1,0,1,2,6,51,7,6,2,4,6,0,1,7,18,1,0,0,22,1,4,0,6,1,0,2,0,14,9,3,13,1,0,1,1,0,0,1,0,0,10,0,1,1,0,1,1,1,2,2,1,2,0,7,11,2,2,7,19,4,0,3,0,6,0,3,2,2,1,0,0,3,3,1,0,0,0,0,2,0,0,0,1,3,0,0,0,0,1,0,0,1,0,10,1,1,18,1,0,0,0,0,0,0,0,1,0,0,2,2,0,0,0,0,3,1,7,0,1,2,1,1,4,0,0,0,5,4,0,3,0,0,0,0,0,0,0,0,0,0,0,4,0,1,0,0,0,0,0,1,0,2,0,1,2,0,0,0,0,0,0,2,0,0,1,2,6,1,0,1,0,0,0,1,2,1,0,0,1,0,0,4,0,0,1,1,0,3,1,0,1,7,0,2,0,2,5,0,3,0,1,0,0,0,1,0,0,2,3,2,1,1,2,1,3,0,3,1,0,0,2,0,0,1,2,1,2,0,0,0,0,1,0,0,3,0,2,0,2,4,0,2,0,0,0,0,0,0,0,0,0,1,0,0,0,0,1,0,0,0,0,2,0,0,0,0,0,0,0,1,0,0,2,1,0,0,0,0,0,0,lenin
lenin_po_povodu_bunda_I.txt,13,2,2,2,0,0,0,8,53,2,1,1,5,7,2,3,4,3,4,2,9,1,6,3,3,57,6,2,9,3,1,0,1,21,19,1,0,0,49,1,0,0,8,2,1,8,2,10,7,3,15,0,3,2,0,0,0,0,0,0,18,4,6,0,0,0,0,0,8,2,0,1,1,1,3,0,5,39,2,9,2,1,0,10,3,2,2,2,3,2,1,0,0,1,3,1,2,0,1,0,0,1,1,1,0,0,1,4,0,0,0,0,5,7,0,2,6,0,0,0,5,0,2,0,1,0,2,0,1,1,0,0,1,0,6,2,0,1,1,3,0,1,15,1,0,1,0,2,2,3,2,1,0,0,1,1,2,1,2,3,0,0,1,1,0,1,0,3,1,0,0,1,0,3,0,1,0,4,1,0,0,2,3,1,0,1,7,2,3,0,1,0,1,4,3,2,2,0,2,0,0,1,5,0,3,0,2,1,1,0,0,3,0,1,0,5,0,1,0,2,0,3,2,0,0,0,2,0,6,0,0,0,2,0,0,0,0,0,1,0,8,0,1,1,0,1,5,1,0,1,3,0,0,2,1,0,2,0,1,1,2,2,3,6,3,0,2,2,0,1,2,0,2,0,0,0,0,1,2,1,10,0,1,0,0,2,3,2,0,0,0,0,0,0,0,0,0,0,0,9,lenin
lenin_pochemu_quit.txt,8,2,0,0,0,1,1,6,63,0,3,0,1,5,3,2,0,3,3,0,5,0,2,5,4,76,14,0,8,2,3,4,0,8,31,0,0,0,21,1,1,0,6,3,2,1,1,4,15,0,20,0,7,4,1,0,0,6,4,0,12,0,3,0,0,1,0,2,1,4,1,2,2,6,7,0,5,24,1,10,2,1,1,4,2,1,5,1,3,0,1,1,1,1,0,0,0,0,0,0,0,0,1,0,1,1,1,7,0,0,0,0,0,2,0,1,12,3,0,0,1,0,2,0,1,0,5,1,0,1,0,1,0,0,0,2,4,3,0,3,3,0,19,5,0,2,1,0,4,2,3,2,0,1,0,0,1,0,0,6,1,0,0,4,0,0,0,2,0,0,0,0,0,0,0,2,0,0,2,3,1,2,7,0,1,0,4,2,4,0,0,0,1,0,4,1,6,1,1,0,5,0,2,0,0,0,0,1,4,2,0,2,2,1,0,5,0,1,0,0,0,0,2,4,1,1,0,2,0,2,1,1,0,7,2,0,0,0,2,1,8,0,2,0,2,1,7,2,0,0,0,1,2,0,1,0,1,1,3,2,7,1,0,18,7,0,0,0,0,0,1,1,1,0,0,0,0,1,1,2,1,0,0,0,0,0,1,0,1,1,0,0,8,1,0,0,0,0,0,11,lenin
lenin_polozhenie_bunda_I.txt,23,2,1,0,2,3,0,2,97,4,7,6,1,6,5,0,0,5,1,4,12,3,9,18,13,99,17,9,23,4,7,5,6,7,28,3,3,6,40,2,0,7,9,5,3,8,3,6,30,3,16,0,0,2,1,0,0,7,1,2,25,0,0,0,1,2,0,6,13,2,1,3,1,7,17,4,4,41,3,19,8,3,1,12,2,6,7,2,8,1,1,0,2,0,2,3,4,1,2,7,0,1,0,2,1,8,11,9,2,1,1,0,2,6,1,2,34,0,0,0,1,2,3,2,1,1,4,0,0,4,0,0,0,3,4,2,2,0,2,9,1,4,10,7,0,0,2,10,3,1,2,5,0,0,3,0,0,3,23,6,2,0,2,2,0,1,0,4,0,0,1,3,5,0,1,3,1,0,1,1,0,0,0,0,1,4,16,2,4,0,4,0,2,4,4,3,2,1,3,1,0,3,3,0,3,1,0,1,7,2,1,8,1,3,4,6,3,1,0,2,2,1,2,1,8,1,2,1,0,1,1,2,1,7,0,2,3,1,2,5,6,5,4,0,4,6,2,4,0,1,0,4,0,0,3,0,0,9,3,2,1,5,2,2,0,0,1,4,1,0,1,2,0,0,0,0,0,2,0,1,1,0,0,0,0,0,2,0,1,0,1,2,6,4,0,0,0,0,0,0,lenin
lenin_pril_k_chto_delat'_I.txt,7,0,0,4,0,2,0,3,66,2,4,0,0,3,2,7,0,5,3,0,9,1,1,4,9,68,8,2,5,3,5,1,1,13,33,0,0,0,28,0,0,0,4,7,0,2,0,13,2,0,6,2,6,1,1,0,0,4,1,0,27,3,0,0,0,1,0,3,10,5,1,5,1,2,10,2,4,34,3,8,1,1,7,5,4,1,2,1,1,0,0,2,0,0,1,3,0,0,4,2,1,1,0,1,1,2,1,5,0,0,0,0,4,3,0,0,16,1,0,0,0,1,1,0,2,1,0,0,1,0,0,0,1,0,2,2,3,3,3,6,3,0,13,1,0,1,1,4,4,2,1,2,1,0,0,1,2,0,3,6,1,0,0,2,0,2,2,1,0,1,0,2,0,3,3,1,0,0,4,1,2,5,1,1,1,3,9,1,2,0,1,5,4,1,5,2,0,0,1,2,5,0,3,0,1,0,1,2,6,1,1,9,1,2,1,1,1,0,0,1,1,1,1,3,0,0,1,3,0,1,0,0,1,3,0,1,0,0,0,2,2,1,2,1,1,0,11,0,1,0,1,1,1,0,0,0,0,1,4,3,0,0,0,4,4,0,0,0,1,0,0,3,2,1,0,0,0,1,2,0,0,0,1,0,0,0,1,1,2,0,3,0,6,6,0,0,2,0,1,0,lenin
lenin_proekt_ustava_rsdrp.txt,3,0,0,0,0,0,0,1,13,0,6,1,1,1,0,2,0,2,1,0,2,0,3,0,2,25,3,2,4,0,0,0,0,0,5,0,0,0,4,0,0,0,0,0,0,2,0,0,13,0,2,0,0,0,0,0,0,1,0,0,2,0,0,0,0,1,0,0,1,2,0,1,0,0,2,0,0,1,1,0,1,1,0,0,0,0,0,0,0,0,0,0,0,1,1,2,0,0,0,1,0,0,0,0,0,3,0,0,0,0,0,0,0,8,0,3,4,0,0,0,0,0,0,0,0,0,2,0,0,0,0,0,0,0,0,0,0,0,0,0,0,0,1,0,0,1,1,0,1,0,0,0,0,0,0,0,1,0,0,0,0,0,0,0,0,0,1,0,1,0,0,0,0,0,0,0,0,0,0,0,0,0,4,0,0,0,0,0,0,0,0,0,0,0,0,0,0,0,0,0,4,0,0,0,0,0,0,0,1,0,0,0,0,0,0,0,0,0,1,0,0,0,1,0,0,0,0,0,0,0,0,1,0,0,0,0,0,0,0,0,2,1,0,0,0,0,0,0,1,0,0,0,0,0,0,0,0,0,0,0,0,0,0,2,4,0,0,0,0,1,0,0,0,0,0,0,0,0,0,1,0,0,0,0,0,0,0,1,0,0,0,0,0,1,0,0,1,0,0,12,lenin
lenin_rab_i_burzh_dem.txt,16,5,1,4,8,0,0,5,74,3,8,0,0,3,3,0,6,5,4,0,9,0,3,7,10,92,2,6,14,7,2,0,2,8,37,0,0,2,37,0,1,5,6,1,2,4,0,12,2,0,3,1,0,0,2,0,0,2,0,1,40,1,0,0,3,3,2,0,17,3,0,3,0,2,6,5,2,27,6,9,1,4,5,9,0,5,3,1,4,2,0,1,1,1,2,1,0,0,6,28,16,2,1,3,1,7,6,7,0,0,1,0,5,7,2,0,15,2,0,1,1,4,3,0,3,1,2,1,0,2,0,1,1,1,4,1,2,2,2,1,1,2,19,2,2,1,7,3,0,2,0,2,1,0,2,1,2,3,7,6,2,0,0,2,0,0,1,4,3,0,3,3,0,1,1,1,0,1,3,1,0,2,0,2,1,1,14,5,2,3,2,0,1,0,6,4,0,0,3,2,1,1,0,0,0,0,0,6,1,2,8,6,1,3,3,2,2,1,0,0,0,0,0,1,0,0,1,1,1,2,0,0,1,4,0,2,1,1,3,4,5,3,3,0,1,4,14,0,1,0,1,1,1,0,2,1,1,2,4,4,0,0,1,1,1,0,2,0,0,2,0,0,2,0,0,0,0,0,1,0,1,0,1,0,6,0,0,3,0,0,0,0,0,1,0,0,0,0,0,0,lenin
lenin_rab_partya_krestvo_I.txt,10,2,0,1,4,4,1,4,43,2,9,3,4,4,4,1,0,19,2,1,5,3,6,4,17,108,11,13,9,5,8,1,6,22,33,2,0,2,42,3,1,1,14,1,0,2,5,26,3,3,8,1,1,2,2,2,4,4,0,7,13,0,1,1,1,3,1,0,8,2,4,2,4,10,14,4,7,30,7,9,2,2,6,10,1,2,8,0,2,1,2,4,5,1,2,0,1,3,2,2,1,2,0,6,0,2,2,6,2,0,0,2,1,6,2,2,12,1,1,1,0,0,3,2,0,1,2,0,0,0,0,0,4,0,1,1,2,4,3,3,1,1,11,3,0,0,4,1,0,0,0,1,1,0,4,1,2,2,0,3,1,5,0,0,0,0,0,2,2,0,5,2,6,0,1,2,1,0,0,0,0,0,0,0,1,2,4,2,0,2,2,0,0,2,5,2,1,1,2,1,0,5,7,3,2,1,1,4,2,0,0,3,0,2,0,3,0,1,0,0,2,0,0,1,3,1,0,3,2,0,1,0,2,2,3,1,5,0,0,2,2,1,2,1,0,0,0,2,2,3,0,2,3,0,3,0,2,0,2,0,0,0,1,0,0,0,0,0,1,1,1,2,0,0,2,12,3,1,0,2,0,0,2,3,1,1,1,0,0,0,0,0,0,0,0,8,0,0,0,0,lenin
lenin_rasskaz_o_II_cyezde.txt,12,8,2,2,0,1,1,17,113,5,13,1,5,9,10,5,1,13,12,0,11,1,3,10,30,176,22,18,23,14,5,6,2,6,72,3,0,0,69,0,1,1,13,14,3,8,2,16,24,1,35,1,16,2,2,0,0,6,3,0,38,2,0,2,0,5,0,0,5,5,0,9,1,4,13,7,10,47,9,21,1,3,8,10,22,6,10,1,6,8,3,5,6,1,1,1,0,0,1,2,0,0,1,0,4,5,6,18,0,0,2,0,13,12,1,0,32,1,0,0,10,1,2,0,8,0,5,0,2,2,0,1,0,1,0,0,0,0,0,5,0,2,31,15,0,3,2,4,22,3,5,3,2,3,0,3,2,0,1,22,4,0,1,9,0,1,1,1,2,0,0,1,2,1,3,3,0,4,5,2,1,6,19,2,1,6,7,13,3,1,4,1,4,3,6,5,10,3,8,3,15,4,9,0,0,2,0,2,9,2,1,3,2,1,3,3,0,5,0,3,4,6,4,13,0,0,1,1,0,1,1,0,2,17,3,1,0,2,0,2,9,0,8,5,2,2,33,2,3,2,2,3,2,0,0,0,2,2,5,5,7,0,0,39,25,0,1,0,0,0,0,1,3,0,0,0,0,2,3,1,0,0,0,0,0,0,1,1,1,2,0,1,20,5,19,0,2,0,1,10,lenin
lenin_rec_parvus.txt,0,0,0,0,0,0,0,0,15,2,1,1,1,0,0,0,0,4,1,0,0,0,1,0,0,16,2,1,0,0,2,0,0,1,7,0,0,0,2,0,0,0,0,0,0,1,0,1,0,0,1,0,0,0,0,0,0,0,0,0,8,0,0,0,0,0,0,0,0,0,0,1,0,1,1,0,0,2,1,2,1,1,0,0,0,0,1,0,0,1,0,0,1,0,0,0,0,0,0,0,0,0,0,0,0,1,1,0,0,0,0,1,0,0,1,0,3,0,0,1,0,0,0,0,0,0,1,0,0,1,0,0,0,0,0,0,0,0,0,0,0,0,6,1,0,0,1,0,0,0,0,1,0,0,0,0,0,0,0,1,0,0,0,0,0,0,0,0,0,0,0,0,0,0,0,0,0,0,0,0,0,0,0,0,0,0,1,0,0,0,0,1,0,0,1,0,0,0,0,0,0,1,0,0,0,0,0,0,0,0,2,0,0,1,0,0,0,0,0,0,0,2,0,1,0,0,0,0,0,0,0,0,1,1,0,1,0,2,0,0,1,0,0,0,0,0,0,0,0,0,0,0,0,0,0,0,1,0,1,0,0,1,0,0,0,0,1,0,0,0,0,0,0,0,0,0,0,0,0,0,0,0,0,1,0,0,0,0,0,0,1,0,2,1,0,0,0,0,0,0,lenin
lenin_s_chego_nachat'_I.txt,15,4,1,0,5,1,0,1,59,5,8,2,0,4,2,2,0,10,1,2,5,0,4,1,3,103,4,6,9,2,4,1,10,27,28,3,1,1,45,2,1,3,16,1,1,4,1,14,6,3,11,5,0,0,1,1,3,17,2,2,18,0,3,1,6,5,2,3,5,5,1,3,5,7,15,6,8,17,11,6,2,6,5,6,3,15,3,3,7,3,0,2,4,1,0,0,1,5,2,2,0,4,2,6,2,3,3,4,0,0,0,2,1,4,2,0,18,3,1,1,1,3,1,0,2,1,3,0,3,6,3,1,1,2,6,3,5,1,4,1,3,0,17,2,1,2,1,2,11,3,2,3,0,4,10,0,1,1,3,2,2,0,1,0,0,1,4,0,1,1,0,3,4,2,2,0,3,2,2,0,0,6,0,1,2,8,7,1,4,0,0,2,0,1,1,0,1,0,1,1,0,4,0,0,2,1,4,3,5,1,1,9,3,1,0,7,1,1,4,1,1,0,1,2,1,0,0,2,0,1,0,1,1,4,2,0,3,1,0,2,3,0,0,3,0,0,1,2,0,2,0,1,8,0,1,0,2,0,1,1,1,0,0,0,0,0,3,1,0,0,0,2,1,1,0,1,1,1,1,0,0,0,0,0,0,1,0,1,0,0,0,1,0,1,0,0,1,0,0,0,lenin
lenin_samoderzh_kolebletsya_I.txt,4,3,0,1,1,0,2,1,38,0,8,1,2,7,1,0,0,11,6,0,0,0,3,6,6,81,1,5,7,4,3,0,4,13,23,2,2,3,20,1,1,2,4,1,0,1,1,7,0,2,10,0,2,0,1,1,5,1,0,5,10,1,3,0,2,3,0,0,4,2,1,0,8,0,5,1,7,15,5,6,2,1,1,1,0,7,4,0,2,0,0,1,1,0,0,1,0,1,1,1,1,0,3,7,0,0,1,4,4,1,0,1,0,5,3,0,5,0,1,0,0,0,0,2,0,3,0,0,0,0,0,0,3,1,1,1,0,0,0,1,0,0,15,3,1,0,4,5,1,2,1,0,0,0,0,0,0,1,1,1,1,2,1,1,0,1,1,4,1,1,5,1,0,0,0,1,1,1,3,0,0,0,0,0,1,1,5,0,2,1,1,1,1,1,2,1,6,0,1,0,0,3,0,1,2,0,0,0,0,1,0,0,2,0,0,0,0,0,0,0,0,1,1,0,0,0,0,1,0,0,1,0,0,1,3,0,4,0,0,1,6,0,0,1,1,2,0,0,0,0,0,0,0,0,0,3,2,0,1,0,0,6,0,0,0,0,0,0,1,2,0,0,0,0,3,5,0,0,0,1,0,0,5,0,0,6,2,0,0,0,0,1,0,0,0,0,0,0,0,0,lenin
lenin_shag_vpered_2nazad.txt,309,46,22,37,34,23,18,216,1796,51,170,48,39,99,85,46,25,180,128,21,215,43,141,211,255,2524,333,132,331,160,110,80,66,293,962,57,0,4,1075,35,24,43,221,39,31,189,30,236,436,50,379,12,110,64,30,0,0,121,39,28,663,35,24,37,5,80,13,58,170,114,37,77,104,136,225,63,144,811,130,367,77,89,89,252,86,121,107,41,139,66,15,28,55,10,19,13,17,8,23,53,13,28,25,56,29,137,83,148,18,18,42,44,71,239,43,17,503,25,18,2,32,24,79,3,73,19,71,14,26,56,15,11,50,22,58,36,71,37,82,120,34,33,500,144,2,32,52,91,194,36,63,34,17,20,35,11,30,12,26,199,55,5,14,85,7,13,26,19,9,12,1,55,47,17,50,95,7,29,46,42,11,46,87,24,34,55,244,67,94,35,49,16,37,105,77,65,82,35,113,37,99,62,71,9,64,38,33,57,68,38,63,175,40,42,32,111,11,34,11,11,23,54,32,21,22,27,19,36,29,28,26,23,31,248,22,44,44,39,22,48,128,26,50,42,56,29,200,55,59,30,42,31,24,38,45,5,18,17,36,38,90,37,27,278,288,593,30,30,11,24,13,27,55,25,11,0,16,20,33,33,39,2,16,6,7,11,30,3,35,38,200,12,234,30,240,1,15,5,3,164,lenin
lenin_sorvalos_I.txt,8,0,1,0,0,0,0,3,29,0,5,0,3,0,2,1,0,6,3,0,2,0,8,3,6,46,3,2,5,2,2,1,2,9,10,0,0,0,29,0,0,2,3,0,0,0,1,4,6,4,14,0,5,0,1,0,0,0,0,0,13,2,0,1,0,2,0,0,4,2,0,1,6,5,5,2,5,30,5,12,1,4,1,6,1,2,1,0,2,6,0,0,6,0,4,1,0,0,0,3,1,0,0,0,1,4,5,0,0,0,1,0,0,1,0,0,8,1,0,0,0,3,4,0,2,0,2,0,1,1,0,0,2,1,9,2,4,4,3,4,1,0,23,7,0,0,0,4,5,0,3,0,1,0,0,0,4,0,0,1,0,0,0,0,0,0,3,1,2,0,0,1,3,1,0,4,0,1,3,0,0,2,2,0,1,0,6,8,3,0,0,0,0,5,1,1,1,0,0,0,2,1,0,0,0,1,0,1,1,1,1,4,1,0,2,4,0,0,0,1,0,0,1,1,0,2,1,2,0,1,0,0,0,2,0,1,2,1,0,2,1,0,2,2,2,0,12,0,4,1,2,0,0,0,0,0,1,0,0,0,0,3,3,1,0,0,0,0,0,0,0,1,0,0,0,0,0,0,0,0,9,0,3,0,0,0,0,0,0,0,0,0,13,0,0,0,2,0,0,0,lenin
lenin_spb_stachka.txt,4,0,0,0,0,0,0,3,28,1,2,0,0,1,1,0,0,4,1,0,3,0,1,0,3,34,5,2,1,0,2,0,1,1,13,1,0,3,9,0,0,0,2,0,4,0,1,3,0,3,2,2,0,0,0,0,1,0,0,7,8,0,3,1,1,0,0,0,5,1,1,0,0,0,1,2,2,7,0,4,0,3,4,1,0,0,3,0,0,0,0,0,0,0,0,1,0,8,8,1,0,0,0,0,0,1,0,5,0,0,0,1,0,3,0,0,4,1,3,0,0,0,0,1,0,0,0,0,0,0,0,0,0,0,2,1,1,0,1,0,1,0,2,0,0,0,2,2,0,1,1,0,2,0,2,1,0,2,3,2,5,4,0,2,0,1,0,1,0,0,1,0,0,0,0,0,2,0,1,0,0,0,0,0,1,0,1,0,1,0,0,2,0,0,1,0,0,0,1,0,4,1,1,0,1,0,0,1,2,0,0,1,0,0,0,0,1,0,2,1,0,0,0,0,0,0,0,0,0,0,0,0,0,1,1,0,1,0,1,1,0,0,0,0,1,0,0,0,0,0,0,0,1,0,0,0,0,0,1,0,0,0,0,0,0,0,0,0,0,0,0,0,0,0,0,0,0,0,0,0,0,0,1,1,0,1,0,1,0,0,0,0,0,1,0,0,0,0,1,0,lenin
lenin_struve_izoblichen_I.txt,15,0,3,0,1,0,1,7,57,5,3,1,1,1,3,1,3,13,2,0,4,0,2,9,2,83,5,5,10,8,0,2,0,3,14,0,0,0,40,2,0,2,4,0,1,7,0,10,7,0,13,2,1,5,0,0,1,1,0,0,34,0,0,1,0,2,0,5,1,2,1,1,5,3,10,3,5,30,2,16,3,3,6,4,5,4,0,2,3,2,0,0,3,0,60,0,1,1,1,0,0,1,0,0,0,2,3,5,0,0,0,2,0,7,3,1,11,0,2,1,2,0,5,1,1,1,0,1,0,1,0,0,0,0,2,0,1,0,1,2,0,1,19,7,1,0,2,1,2,1,1,0,0,1,5,0,1,0,1,4,1,0,0,1,1,2,4,0,0,1,0,1,0,0,1,1,1,0,1,6,0,2,0,0,0,1,11,3,2,0,3,0,3,1,2,0,3,0,2,1,1,2,0,1,4,0,4,3,1,1,0,2,0,2,0,7,2,0,0,1,0,1,0,2,1,2,0,2,0,1,0,2,2,4,0,0,0,0,1,0,4,1,0,0,1,0,3,3,0,0,0,1,0,4,4,0,2,0,1,0,0,0,1,0,0,0,0,0,1,4,0,0,0,2,0,0,0,0,0,1,1,0,0,0,1,0,0,0,1,1,2,1,17,2,0,0,0,0,0,0,lenin
lenin_tolstoy_kak_zerkalo_rev.txt,3,0,2,0,4,1,1,4,33,0,5,1,1,1,1,0,0,2,2,0,7,0,1,2,4,74,5,5,10,0,7,2,1,0,11,2,0,0,19,1,1,1,9,0,1,5,0,6,1,3,5,0,0,2,2,0,1,3,0,1,22,0,0,2,0,1,0,0,2,1,1,0,1,2,5,2,0,7,2,6,4,4,1,1,3,3,4,0,1,0,1,1,1,0,0,0,3,1,2,0,0,0,1,0,6,3,3,0,2,2,0,0,2,0,0,0,9,1,0,1,1,3,0,1,0,0,2,1,0,0,0,0,0,0,0,1,0,1,6,4,2,1,2,0,0,6,1,3,0,1,2,5,0,0,1,0,0,1,0,3,2,0,0,3,15,0,4,1,5,1,0,0,0,0,1,1,1,0,0,1,1,11,0,0,2,2,2,0,1,1,0,0,0,2,1,1,0,1,0,0,0,0,0,1,0,1,0,1,0,2,4,2,0,0,0,0,3,1,0,1,0,0,0,0,0,1,0,1,0,0,0,0,0,2,0,0,5,4,0,1,1,0,3,0,4,0,0,0,0,0,1,1,0,0,0,0,0,1,1,0,0,1,0,0,0,0,0,2,0,1,4,0,0,0,3,2,0,1,0,1,0,4,0,0,0,1,0,3,0,0,0,0,4,0,0,0,0,1,0,0,lenin
lenin_tostoy_i_ego_epoha.txt,5,0,1,0,0,0,0,3,49,1,6,2,0,2,1,0,0,7,2,1,9,1,1,1,6,45,0,0,13,7,3,0,2,0,8,1,0,0,17,0,0,1,5,2,0,5,0,4,0,0,3,0,2,1,1,0,0,1,0,1,9,0,0,0,3,0,1,2,0,5,0,1,3,6,8,4,0,12,3,7,2,2,0,0,4,2,1,0,3,1,3,0,2,0,1,3,0,0,1,0,0,1,0,0,0,1,13,1,4,0,0,1,1,4,0,0,9,0,1,2,0,1,0,1,3,1,0,0,1,0,1,0,0,0,2,0,4,2,0,2,0,0,3,1,0,0,1,1,0,1,1,0,0,0,1,1,2,0,0,0,0,0,0,0,0,0,0,5,1,1,0,1,0,0,3,2,1,1,1,2,0,0,0,0,0,1,6,0,2,2,0,0,0,5,4,0,1,0,6,1,0,0,0,0,1,0,1,1,0,0,3,6,1,1,0,0,0,0,0,0,0,0,0,3,1,0,1,3,0,0,0,0,0,6,0,0,1,1,3,1,3,1,1,2,1,0,0,2,0,0,0,0,0,0,0,0,0,1,0,0,0,1,2,0,0,0,1,0,1,0,1,1,0,0,0,0,0,0,0,0,0,0,3,0,2,0,0,0,0,0,2,0,0,2,0,0,0,0,0,0,lenin
lenin_tsennoe_priznanie_I.txt,12,2,2,1,1,0,1,0,68,13,4,0,1,3,5,0,0,6,0,2,6,1,1,6,2,109,7,7,8,2,8,0,3,4,33,1,1,1,35,0,1,1,10,1,0,4,8,10,0,5,7,0,2,4,2,7,12,4,1,26,12,0,3,1,0,1,0,0,1,8,2,1,2,7,7,4,1,30,9,12,2,4,2,2,0,4,3,0,2,3,2,2,3,1,5,0,0,1,0,0,0,0,0,1,0,1,1,5,0,0,1,0,0,4,1,0,12,5,0,1,5,0,1,4,0,3,2,3,0,3,0,0,0,1,1,1,2,1,1,1,3,2,21,3,0,1,1,2,0,4,2,2,0,1,0,1,0,0,0,3,8,12,3,5,0,0,0,4,0,1,2,2,1,1,5,1,0,2,1,0,0,0,0,1,0,2,4,1,6,3,0,1,1,6,1,2,1,0,3,2,0,2,0,0,6,1,5,4,3,1,0,4,1,0,0,1,2,2,0,2,1,2,0,3,2,1,0,3,0,1,0,0,0,4,1,2,2,0,0,0,3,1,0,0,2,1,0,3,2,0,0,1,0,0,0,0,3,0,0,1,0,1,0,0,0,0,0,0,3,1,0,1,1,0,2,2,0,0,0,0,0,0,1,0,1,2,0,2,0,0,0,1,0,0,0,0,0,0,0,0,lenin
lenin_zadachi_rev_molodezhy.txt,26,5,2,3,0,2,0,10,98,3,9,2,5,5,3,1,8,16,7,1,9,0,9,8,3,179,15,8,19,4,5,2,7,8,45,5,0,2,62,2,1,5,8,2,1,3,6,10,15,2,16,6,2,3,4,0,0,1,2,1,47,2,1,2,1,1,2,7,21,6,1,7,0,3,12,6,13,47,4,17,4,11,7,14,3,9,17,5,6,2,0,8,11,2,2,1,1,4,6,5,2,2,5,2,4,7,12,6,0,0,2,0,2,18,1,1,27,6,2,2,7,1,7,0,5,1,15,0,2,6,0,0,5,1,1,1,4,3,1,7,4,3,22,2,11,7,1,8,7,5,5,7,2,9,25,2,0,2,3,3,2,0,0,0,1,3,8,13,2,1,1,3,6,1,4,2,0,1,0,3,1,8,0,0,0,4,16,0,8,3,4,0,0,2,6,4,5,2,4,1,6,1,2,0,1,3,3,3,1,6,11,14,1,0,0,12,2,2,0,0,0,4,2,3,1,0,2,3,2,0,2,0,2,13,4,1,7,7,1,4,10,7,0,6,1,1,0,4,3,4,1,3,0,0,4,0,0,4,2,0,0,1,2,1,0,0,5,1,0,0,1,3,3,3,0,1,0,2,0,0,2,1,3,3,2,0,1,2,0,0,1,0,4,4,0,0,0,2,0,0,lenin
lenin_zemsk_kampania_iskra.txt,32,1,3,3,2,3,1,9,144,9,15,1,2,4,10,3,2,40,10,2,15,3,20,17,9,197,12,10,26,15,10,7,6,34,84,4,0,20,100,3,2,6,25,4,0,10,5,25,11,10,23,3,5,2,3,3,12,7,0,19,70,0,0,3,6,4,1,5,12,12,3,7,16,12,20,15,13,40,21,28,5,8,12,33,2,9,5,10,4,1,2,3,4,2,5,0,2,4,4,17,8,8,5,7,3,14,4,18,0,2,1,1,4,14,4,8,40,0,2,1,7,0,5,0,4,1,5,1,3,8,2,7,1,0,7,2,4,3,8,15,7,2,59,7,5,6,14,23,2,8,2,7,4,3,10,3,11,5,21,12,7,8,0,4,0,5,2,4,2,0,2,9,5,1,6,2,4,4,2,1,0,8,0,2,1,11,19,7,13,3,1,0,3,8,11,5,4,3,8,1,1,7,4,0,8,3,4,4,3,3,3,19,4,7,4,8,1,2,7,0,2,6,1,1,1,2,4,3,2,3,3,8,3,4,3,4,6,2,1,3,11,3,3,3,7,3,18,7,7,1,0,2,0,1,2,2,1,7,5,3,4,3,5,1,1,2,5,2,0,3,1,4,5,6,0,0,1,2,3,1,3,5,9,2,8,2,0,2,0,1,0,1,2,0,0,1,1,0,2,0,lenin
martov_borba_za_svobodu_I.txt,10,1,1,2,8,1,2,6,101,2,10,2,3,13,3,4,0,25,3,1,28,4,9,9,22,122,7,6,20,12,4,1,5,11,39,2,0,2,53,0,1,3,13,3,1,9,1,21,3,5,3,3,4,1,2,0,0,3,0,1,33,3,1,5,1,3,3,3,10,12,3,5,2,11,12,3,6,39,9,8,4,3,9,17,0,4,3,0,8,1,2,0,4,1,22,3,0,8,4,3,3,2,4,1,0,2,2,3,6,0,2,2,4,6,5,1,23,0,2,0,0,1,3,2,2,1,5,0,0,1,1,1,0,0,4,3,3,1,2,6,2,0,21,9,2,0,6,10,1,1,0,5,3,5,8,2,2,10,7,11,1,0,0,2,4,2,1,4,2,1,10,5,3,5,4,4,1,1,2,2,2,0,0,0,2,2,18,2,5,2,2,0,0,6,5,1,5,1,11,2,2,10,1,0,4,0,0,3,7,2,1,7,5,4,0,9,4,1,7,0,3,1,4,1,1,2,1,1,2,5,1,0,4,4,1,0,7,1,2,1,5,2,0,0,1,2,0,6,1,1,0,5,1,1,1,0,1,2,1,1,1,2,3,0,1,0,3,2,0,1,0,0,3,1,3,1,0,1,1,1,2,1,3,1,5,1,0,1,1,0,2,0,0,1,0,0,2,3,0,0,martov
martov_boykot_dumy_i_rev_samoupravlenie_I.txt,25,1,0,1,2,3,3,5,117,6,10,2,5,4,2,1,1,16,10,1,13,3,17,17,8,110,15,16,22,6,8,1,13,17,51,3,4,11,68,0,0,1,23,3,1,9,6,33,4,4,23,1,3,5,1,3,6,9,0,0,25,2,3,8,1,5,2,2,10,11,6,10,10,10,17,6,9,59,13,23,4,15,3,21,1,10,8,0,6,4,2,2,7,2,6,1,1,1,7,17,6,3,3,6,0,6,10,8,6,3,3,1,3,10,6,2,45,2,0,0,5,5,3,0,3,2,9,0,2,2,0,0,4,0,7,0,4,2,4,6,3,1,22,2,0,1,5,15,3,3,5,9,2,3,5,2,1,6,7,5,0,1,2,3,6,17,13,3,0,5,1,4,4,1,12,2,4,2,1,1,1,4,0,1,1,2,33,3,6,4,6,0,0,6,1,2,9,3,2,3,0,15,4,2,0,3,2,1,7,6,1,7,4,7,1,1,7,3,4,1,4,0,0,1,2,3,4,1,1,0,3,2,1,10,1,3,4,1,0,6,4,0,3,1,2,1,3,4,0,1,0,5,3,1,2,3,2,1,4,2,2,2,2,1,1,5,6,6,1,1,0,4,1,4,1,1,0,0,1,0,3,0,1,3,6,4,1,0,0,1,0,2,3,2,0,0,2,1,0,0,martov
martov_demokraty_ponevole_I.txt,3,1,0,1,2,0,0,11,42,4,5,0,1,3,2,0,1,5,2,1,6,3,10,3,12,46,4,1,13,5,3,1,2,12,20,0,4,4,44,3,0,1,9,1,1,12,1,3,1,1,8,0,2,4,0,0,0,2,0,1,11,1,0,1,0,0,2,0,4,3,2,1,1,4,7,2,3,40,4,22,2,0,1,8,0,4,1,0,3,1,0,0,0,0,4,0,0,3,3,3,2,1,0,1,0,1,3,2,0,1,0,1,0,1,0,0,7,1,1,2,0,1,2,0,0,1,0,1,0,0,2,4,0,0,0,0,6,0,4,3,1,1,12,1,0,0,5,5,0,0,1,1,0,2,0,0,7,1,2,2,1,2,1,1,1,0,0,1,3,0,0,0,1,1,1,3,1,3,3,1,0,1,1,0,1,1,5,1,3,1,1,0,0,0,4,1,3,4,3,2,0,5,2,0,1,0,0,0,0,0,0,0,1,1,0,3,0,0,0,0,0,0,0,0,0,2,1,0,0,1,0,0,1,0,1,1,2,0,0,2,5,1,2,0,6,1,0,1,0,1,0,1,0,2,1,0,0,1,1,1,1,1,0,3,2,0,1,3,0,7,0,0,0,2,0,1,2,0,0,1,4,0,0,0,1,0,3,1,2,4,0,3,8,0,1,0,0,0,0,0,martov
martov_gibel_port_artura_I.txt,1,0,0,2,1,0,0,2,36,0,6,0,0,2,2,0,0,10,3,0,10,0,1,2,12,49,3,1,14,4,1,2,1,2,11,1,0,2,6,2,0,0,3,1,2,2,0,7,0,5,6,1,4,0,1,0,0,1,0,0,22,1,2,2,1,1,0,0,1,0,1,2,7,1,4,1,0,12,1,8,5,0,0,2,0,0,2,0,4,0,0,1,0,0,0,0,0,0,0,1,0,0,1,0,0,0,0,1,0,0,3,2,0,5,1,0,4,2,1,1,1,0,0,1,0,1,1,0,0,1,0,0,1,0,0,0,0,0,0,3,0,0,8,2,4,0,3,3,0,0,0,0,1,1,0,1,1,1,1,2,0,0,0,0,0,0,0,4,1,0,0,1,0,0,3,1,0,1,0,0,0,0,0,0,0,0,2,0,4,1,0,0,0,1,2,3,0,0,3,0,0,1,1,0,0,0,0,0,1,0,1,1,1,0,0,1,1,1,0,0,0,0,0,0,0,0,0,0,0,0,0,0,0,0,0,0,1,1,0,0,3,0,1,0,0,5,1,0,1,0,0,0,0,3,0,0,0,0,0,1,0,0,1,0,0,1,0,0,0,0,1,0,1,0,0,0,0,0,1,1,0,0,2,0,0,0,1,1,0,0,0,0,0,0,1,0,0,0,9,0,martov
martov_golod_idet_I.txt,2,0,0,1,1,0,3,0,17,2,2,0,0,6,0,0,0,2,0,0,1,1,6,1,10,31,0,6,3,1,5,2,0,0,13,0,3,0,10,0,0,1,2,0,3,1,0,2,0,1,1,0,1,0,0,2,4,1,0,2,6,0,1,0,1,0,1,0,0,1,0,1,0,1,1,1,1,4,1,3,0,1,4,0,0,0,1,0,0,0,0,0,3,0,2,0,0,0,0,0,2,0,0,1,0,1,0,5,3,0,0,0,0,2,0,0,7,0,0,0,0,0,1,0,0,0,0,0,0,1,0,0,1,0,0,0,0,0,1,0,0,0,5,1,1,0,1,0,2,0,0,0,0,0,1,0,1,1,2,10,0,0,0,2,0,1,1,2,0,0,0,0,1,1,0,1,0,0,0,0,0,0,0,0,1,0,2,0,0,0,1,0,0,0,0,1,3,0,3,0,0,1,0,0,0,0,0,1,0,0,0,0,0,0,0,1,0,0,2,0,0,0,0,0,0,0,0,0,0,0,1,0,0,0,0,0,4,0,1,0,0,0,1,0,0,0,0,0,0,0,0,1,0,0,0,0,1,0,0,0,0,0,0,0,0,0,0,0,0,0,1,0,0,0,1,0,0,0,0,0,2,0,0,1,0,0,0,2,0,0,0,0,0,0,0,0,0,0,0,0,martov
martov_itogi_polit_razvitiya.txt,6,0,0,6,11,5,0,12,206,15,23,2,2,7,4,0,1,34,11,3,24,5,4,21,22,249,12,9,18,3,4,2,1,2,60,1,0,0,45,6,1,0,28,1,2,13,3,21,3,9,11,6,0,0,6,3,1,13,0,5,67,7,3,7,4,9,3,1,5,2,2,14,1,6,11,1,16,4,4,16,9,24,13,3,10,4,11,0,0,2,4,0,5,2,1,2,1,11,19,1,2,1,4,1,4,10,0,10,4,0,7,4,3,15,5,0,51,1,8,13,1,5,0,0,18,0,14,0,2,2,0,0,2,2,0,0,0,0,0,9,1,0,10,1,8,1,5,4,0,0,0,7,2,2,4,1,1,11,25,19,4,0,0,0,6,1,0,25,6,5,0,5,11,0,5,7,4,1,0,0,0,6,0,1,0,2,17,2,1,0,2,3,2,9,7,5,1,0,2,5,0,0,6,1,0,6,0,1,1,0,0,3,2,6,0,0,10,6,3,0,4,4,2,0,6,0,4,1,4,2,5,0,1,0,0,3,8,0,1,5,6,1,9,1,0,0,0,4,3,0,8,1,6,0,1,1,4,5,3,2,0,0,4,0,0,0,3,4,1,1,0,0,0,0,3,5,0,0,2,1,0,4,0,15,19,1,0,6,0,0,0,6,0,0,0,3,4,0,1,0,martov
martov_itogi_zemskogo_parlamenta_I.txt,5,2,1,0,0,0,2,11,47,2,7,0,0,2,2,0,0,8,0,0,17,4,3,2,5,53,7,9,9,5,2,2,4,6,28,8,0,2,30,3,0,0,10,3,1,9,0,8,2,2,10,3,1,1,0,1,1,0,0,0,15,8,2,2,3,0,1,0,1,6,1,1,1,8,8,0,1,13,12,3,3,5,1,7,1,4,1,1,0,0,0,0,2,0,3,0,0,1,5,2,1,1,0,0,0,2,0,6,2,0,0,3,2,2,1,0,16,0,0,0,1,2,0,0,0,1,1,2,0,0,1,1,2,2,4,0,0,0,0,5,0,1,3,2,0,0,2,6,1,0,1,3,0,1,4,1,0,1,4,7,0,0,0,2,2,1,3,1,1,1,0,1,5,2,2,2,0,3,0,0,1,0,4,0,1,0,6,1,1,0,2,0,0,0,1,1,1,1,3,0,0,3,2,0,1,2,0,1,1,0,1,0,0,1,1,0,1,3,0,0,1,0,1,0,0,1,0,1,2,0,1,2,0,0,0,0,1,0,1,6,4,0,2,0,0,0,0,1,0,0,1,1,2,2,0,0,0,0,1,3,0,0,2,5,1,0,0,0,2,3,0,1,1,0,0,0,0,3,0,2,0,2,0,2,2,0,1,1,0,1,0,0,0,0,0,1,0,0,1,0,martov
martov_klass_protiv_klassa.txt,12,5,8,6,4,10,2,2,81,3,16,1,4,5,3,1,0,17,4,1,34,7,4,9,24,141,13,13,7,16,5,4,3,3,26,0,3,0,43,4,0,3,14,4,3,8,2,22,0,2,6,0,0,7,0,0,1,2,4,12,28,3,5,5,5,6,1,0,2,4,3,7,2,10,9,11,4,26,22,7,5,5,10,4,3,2,7,0,0,0,0,2,6,2,0,0,0,4,1,0,2,0,0,2,3,5,8,3,7,5,0,0,0,1,4,2,18,1,12,3,0,4,3,1,1,9,6,1,3,0,2,3,2,0,0,0,1,0,1,3,5,0,3,0,0,3,9,5,0,0,0,2,0,0,0,0,1,6,2,24,6,3,3,0,0,0,0,1,0,1,0,7,6,5,4,14,3,0,0,0,0,1,0,0,0,3,14,7,3,2,6,12,0,5,4,4,3,1,4,3,0,6,1,4,3,8,0,0,2,0,0,0,2,1,1,1,0,1,0,0,3,0,3,0,1,1,2,1,5,2,4,1,1,0,0,1,1,0,0,10,4,2,2,0,0,1,0,8,3,5,0,2,0,1,1,3,2,0,0,0,0,5,1,0,0,0,5,3,0,2,0,1,0,0,6,1,0,0,0,1,3,4,3,1,4,0,2,1,0,0,0,0,3,0,0,1,0,3,0,0,martov
martov_krovavoe_bezumie.txt,6,0,0,0,2,1,2,1,43,0,7,0,2,1,1,0,1,6,2,1,0,0,1,4,7,43,11,2,6,0,0,2,6,3,12,0,0,0,17,0,0,1,5,0,0,0,0,7,4,0,2,1,4,1,0,4,5,0,0,0,12,0,0,1,0,0,0,2,2,1,0,0,1,5,0,0,6,19,4,4,2,0,1,3,1,9,2,0,0,0,0,0,1,1,1,1,0,0,0,0,0,0,2,5,0,1,1,1,2,1,2,0,1,3,0,1,5,0,0,0,0,0,3,0,1,1,2,1,0,2,0,0,0,0,1,0,0,0,1,0,0,6,1,0,0,0,3,4,0,0,0,0,0,1,0,0,0,1,2,3,0,0,0,4,1,1,0,6,0,0,0,1,0,0,0,1,0,0,0,0,0,0,0,2,1,0,2,1,2,1,2,0,0,0,2,1,1,0,5,0,0,4,2,1,0,0,0,0,2,0,0,2,2,3,0,3,0,0,0,1,2,0,0,0,0,0,0,0,0,1,0,1,0,0,0,0,0,0,0,1,1,3,0,0,0,0,0,0,1,0,0,1,0,0,4,1,0,0,0,1,0,0,0,0,0,0,1,0,0,0,0,0,0,0,1,0,1,0,0,0,0,0,0,0,2,0,0,2,0,0,0,1,0,0,0,0,0,0,3,0,martov
martov_liberal_izmeny_I.txt,4,1,0,2,0,0,1,0,63,5,2,4,0,3,1,4,1,6,2,1,4,1,4,11,7,44,4,11,11,3,4,3,3,3,18,0,0,1,19,1,2,1,10,0,0,5,4,15,1,1,11,1,1,0,1,2,1,4,0,0,22,1,3,4,1,3,2,0,1,2,4,4,6,0,4,0,1,23,7,4,2,1,3,3,0,2,1,1,1,0,0,0,2,0,1,0,0,0,2,2,0,1,0,2,0,4,1,5,2,1,0,0,0,1,5,0,19,0,0,0,2,1,1,0,0,0,4,0,0,0,0,0,2,0,0,0,0,0,0,1,0,0,14,4,1,1,0,17,1,0,1,2,1,5,3,0,1,0,1,9,0,0,0,1,0,3,3,0,0,0,1,7,3,0,0,2,1,0,1,2,0,3,0,0,1,0,8,0,3,3,0,0,0,1,2,3,1,1,4,0,0,1,2,0,0,0,0,2,4,0,1,2,1,2,0,1,0,1,0,1,0,0,0,0,4,0,1,3,1,2,0,0,0,0,0,0,1,1,0,2,4,1,2,1,0,2,0,2,0,0,1,1,0,0,0,1,2,0,3,0,2,1,0,0,0,0,2,3,0,0,0,0,0,0,1,0,0,0,0,1,0,0,0,0,3,0,0,0,0,0,0,0,0,0,0,0,0,0,4,0,martov
martov_liberal_realizm_I.txt,10,2,1,1,2,0,6,2,68,3,7,1,1,3,4,1,7,17,2,2,6,1,6,16,5,91,7,8,14,6,2,9,7,4,36,4,4,12,56,2,3,3,10,1,1,9,0,25,3,3,6,3,4,2,4,1,2,5,0,0,24,0,2,1,2,1,1,0,2,4,1,4,3,6,7,1,8,37,9,3,4,1,8,6,2,4,3,1,5,0,0,5,3,4,17,1,0,0,1,6,4,1,1,2,1,5,4,2,1,0,2,1,4,5,5,0,24,1,0,0,7,3,12,0,1,0,11,0,0,1,0,1,5,0,3,0,0,2,6,10,3,3,12,5,0,1,7,6,1,0,0,3,0,0,10,1,2,0,2,7,0,1,0,1,11,0,5,4,2,1,4,6,3,1,2,3,5,1,2,3,1,1,1,2,0,2,8,2,3,0,5,1,0,0,4,6,5,2,4,1,0,6,1,0,0,1,1,2,0,3,2,3,1,0,0,6,2,3,2,0,0,1,0,2,0,0,0,1,2,0,4,1,1,3,0,1,3,3,1,2,4,4,0,1,0,1,0,2,0,0,1,1,0,2,2,1,0,0,3,1,1,1,0,1,1,0,3,0,2,2,0,2,1,1,4,0,2,0,1,0,12,2,1,0,0,1,5,1,1,0,0,0,1,0,0,0,0,0,0,0,martov
martov_mirovoy_bolshevizm_NQ.txt,40,5,0,3,10,4,1,19,630,24,40,10,5,27,9,1,7,78,26,10,91,5,23,53,27,558,58,53,124,47,37,17,28,33,168,4,2,10,185,6,3,4,57,2,4,31,10,82,11,14,54,6,15,6,15,2,0,34,5,11,120,14,4,11,7,7,12,22,12,32,15,20,6,36,48,15,20,143,23,61,26,22,16,33,14,30,31,4,10,2,5,5,15,7,16,32,0,14,29,21,1,7,5,7,4,35,27,31,9,4,7,3,4,31,12,3,125,13,25,12,13,16,4,6,23,7,29,3,7,11,3,5,27,8,4,0,3,1,1,22,8,2,69,9,29,5,14,39,21,5,1,19,3,13,25,2,5,21,82,17,22,7,10,7,57,27,13,8,2,9,4,15,17,3,21,12,8,2,5,12,5,8,4,1,3,12,61,11,32,10,10,10,2,16,23,20,13,1,22,8,2,6,19,30,6,7,6,6,7,5,8,35,20,13,1,18,31,9,9,0,7,10,3,17,7,0,12,8,11,1,8,8,9,14,5,9,17,6,16,16,24,23,17,5,3,3,0,7,14,2,7,2,14,4,5,5,6,6,6,9,0,11,11,2,5,0,14,9,1,5,0,5,6,5,44,2,2,3,9,5,3,36,1,34,14,6,4,20,1,2,0,3,3,6,0,0,5,6,15,0,martov
martov_nash_cyezd_I.txt,8,3,1,2,1,1,4,9,71,4,13,3,2,2,0,2,1,17,3,0,12,1,1,9,9,92,11,6,10,4,5,3,4,11,30,5,0,0,31,0,0,2,13,0,0,4,1,7,37,1,15,5,2,2,0,0,0,8,3,0,22,1,0,2,1,3,0,0,17,7,2,12,3,5,18,1,3,37,6,7,8,10,4,5,7,6,1,0,7,3,2,0,8,2,0,1,2,1,6,9,0,1,2,8,2,0,1,9,5,1,1,1,1,2,3,0,17,0,2,0,1,3,0,4,3,0,8,2,1,2,0,2,4,1,5,1,1,2,7,4,1,0,15,5,0,2,0,2,20,1,4,3,1,1,6,1,0,2,7,2,1,0,0,0,1,3,2,1,1,0,0,6,2,1,8,2,1,1,1,4,1,5,11,0,1,5,13,3,2,1,3,0,0,8,2,5,3,1,2,6,1,6,2,0,2,0,0,3,2,1,1,1,2,0,0,4,0,3,0,0,2,2,1,0,0,2,0,2,1,0,0,0,1,2,2,2,3,1,5,2,6,0,5,2,1,4,0,4,0,0,1,2,3,1,7,2,6,1,0,7,2,0,0,13,3,0,4,4,1,1,0,1,2,0,0,0,2,2,0,1,0,0,2,1,0,1,0,1,0,0,0,0,0,1,0,0,0,0,0,0,martov
martov_ne_nachalo_li_povorota_I.txt,7,1,0,1,6,4,6,5,110,3,3,2,0,2,4,0,1,19,6,0,15,0,14,7,9,68,3,10,15,7,5,2,11,11,37,1,8,9,42,2,2,1,17,4,0,10,3,17,9,5,11,1,2,0,2,2,2,7,0,1,42,1,3,5,0,5,3,3,4,3,2,8,5,9,12,3,4,23,11,19,7,9,5,12,1,5,4,1,7,3,0,0,3,0,0,2,0,1,5,3,0,1,2,2,2,5,4,7,1,1,0,3,1,9,4,2,23,0,2,2,4,2,0,0,5,4,5,1,2,2,0,0,1,1,1,0,2,0,0,5,2,2,12,6,0,1,1,24,6,1,5,1,1,2,7,3,1,5,6,3,2,1,0,0,6,1,2,6,1,1,0,8,6,6,4,6,0,1,1,2,0,2,7,0,0,2,13,4,3,2,3,0,0,4,4,4,9,2,3,3,0,5,1,0,3,0,0,2,1,0,0,1,3,0,2,10,3,2,2,1,2,2,0,0,2,2,5,0,4,1,0,3,0,0,1,1,4,0,1,3,4,2,2,0,2,2,0,4,1,2,1,4,0,1,3,2,2,1,3,3,1,0,4,9,6,0,0,4,1,2,0,0,0,0,1,1,1,0,1,1,0,3,0,1,1,2,0,1,0,0,0,0,0,0,1,6,0,0,0,0,martov
martov_o_4_syezde_Bunda_I.txt,2,0,1,0,0,0,0,1,34,3,2,2,0,2,0,0,0,10,6,1,1,0,1,3,0,17,7,0,9,2,1,0,5,4,12,1,0,0,13,0,0,0,4,0,0,3,0,7,7,0,4,0,0,1,2,1,0,1,0,1,10,0,1,0,0,0,2,2,4,0,0,0,0,0,4,0,0,14,1,5,1,2,0,3,0,2,5,0,3,1,0,0,1,0,5,1,1,1,0,2,0,1,0,0,0,4,0,1,0,0,0,0,1,1,0,0,3,0,0,0,0,1,0,0,1,0,2,1,0,1,0,0,1,0,0,0,1,0,0,1,0,0,8,5,0,0,2,0,0,0,0,0,0,1,1,0,0,0,4,1,1,1,0,0,0,0,0,6,1,0,0,1,0,0,3,0,0,0,0,1,1,2,7,0,0,0,5,2,2,0,0,0,0,1,0,1,1,0,1,1,0,1,0,0,0,0,0,1,0,2,1,1,0,0,0,3,0,0,0,0,2,2,0,0,2,0,0,0,0,0,0,0,0,4,0,2,2,1,1,1,4,2,1,0,0,0,0,0,0,0,0,0,1,1,2,4,1,2,0,0,2,1,1,6,7,0,0,1,1,0,0,0,0,0,0,0,0,0,1,0,0,0,0,0,0,0,0,0,0,0,0,0,0,4,0,0,1,0,0,0,martov
martov_o_terrore_I.txt,9,1,0,6,8,4,0,6,99,3,15,1,4,3,0,7,2,20,3,2,12,1,6,10,15,79,8,3,18,11,9,3,6,10,39,1,0,3,32,2,0,4,15,2,1,1,3,9,7,3,9,4,0,1,3,4,2,4,0,5,30,3,2,0,9,0,3,4,29,2,7,3,6,7,13,1,2,31,10,9,4,4,17,14,6,6,8,2,12,3,3,1,3,1,5,0,0,12,15,8,6,10,2,3,3,0,1,2,1,0,1,1,0,5,4,0,22,1,4,2,0,5,2,2,1,0,0,0,1,1,5,2,4,1,1,1,4,1,1,7,0,0,11,3,2,1,4,6,5,1,4,6,4,2,11,7,2,7,6,3,8,3,4,1,2,5,10,7,6,0,0,3,3,1,2,2,6,0,0,0,1,2,0,1,2,5,12,7,4,1,3,2,0,3,2,1,4,2,9,3,0,3,3,0,4,1,2,3,10,0,0,3,2,3,1,3,3,1,13,0,1,1,0,2,0,1,1,1,1,0,7,2,2,0,0,2,2,0,0,2,5,1,4,1,1,1,0,5,1,2,2,1,2,0,5,1,0,6,0,0,1,0,3,0,0,0,5,2,2,1,0,0,1,0,2,0,0,1,1,1,3,4,4,5,0,0,0,1,0,0,0,0,0,0,0,0,0,0,0,0,martov
martov_polit_partii_v_Rosii.txt,52,13,7,16,10,7,6,15,229,14,34,14,13,15,7,7,2,27,11,9,18,4,9,32,91,344,28,33,48,23,16,2,11,13,108,7,16,26,126,2,0,4,67,2,1,5,5,51,75,7,38,1,12,11,7,10,24,16,0,11,81,9,12,10,4,2,2,2,15,28,8,12,12,26,27,9,12,102,45,23,16,14,14,14,1,10,6,2,2,1,2,10,10,4,10,2,0,5,3,1,6,13,3,18,1,5,15,17,11,5,0,0,0,21,21,3,47,3,2,13,3,3,5,0,7,13,25,7,6,7,0,2,12,2,2,0,2,0,0,11,0,0,30,5,5,2,16,59,4,2,5,5,5,2,7,4,5,3,5,27,4,6,4,1,6,0,2,18,4,3,25,9,14,5,15,5,0,1,3,1,1,2,0,3,5,4,50,7,14,5,5,4,5,6,15,10,4,1,1,4,4,10,11,14,9,5,2,4,8,7,1,1,8,4,2,2,3,6,0,1,13,8,2,3,11,1,2,1,3,3,3,4,0,10,4,6,11,0,1,9,7,6,8,2,1,6,0,12,2,9,0,2,1,2,69,6,4,5,7,4,4,5,2,0,2,0,4,6,5,9,3,2,2,3,10,21,5,5,8,1,0,1,1,1,4,4,1,0,0,0,0,2,0,16,0,19,4,1,1,0,martov
martov_pravitelstvo_na_skamye_podsudimyh_I.txt,9,2,0,1,0,0,0,3,67,3,12,1,3,2,3,3,0,6,0,0,7,0,0,6,3,57,10,7,7,8,1,4,1,0,34,1,8,0,19,0,0,1,10,2,0,3,2,3,0,10,9,0,2,2,0,4,7,1,0,3,15,2,1,1,1,1,0,0,3,1,1,5,0,5,3,2,3,22,8,8,10,2,0,2,2,0,6,0,0,0,1,1,4,3,2,1,0,0,0,0,0,1,0,0,0,1,2,3,3,0,0,0,1,2,2,0,6,0,0,0,1,0,1,0,1,1,2,3,2,1,0,1,5,1,0,1,0,0,0,3,0,0,10,1,0,2,2,3,0,0,0,3,0,0,1,0,0,0,0,4,0,0,0,0,2,0,0,2,3,0,0,2,0,0,1,0,0,1,1,2,1,1,0,0,2,0,4,0,4,0,0,0,0,2,1,2,4,1,5,2,0,0,4,0,2,0,1,2,3,1,0,2,0,2,0,0,1,0,1,0,3,2,3,0,0,1,2,0,0,1,0,0,0,1,0,0,1,0,0,3,4,0,0,0,1,1,1,3,5,1,1,0,0,1,0,0,1,0,3,1,0,1,1,0,0,0,3,1,0,0,0,1,1,0,1,0,1,0,0,0,0,0,0,0,0,0,0,0,1,1,0,0,2,0,0,0,0,0,0,0,martov
martov_probuzhdenie_demokratii_I.txt,6,4,0,0,6,2,0,0,84,9,7,2,0,6,2,4,3,12,3,2,9,2,10,5,15,98,10,7,12,3,2,2,5,32,33,0,0,0,36,0,4,1,10,0,1,2,4,16,9,5,18,10,0,1,1,1,2,5,2,4,37,1,2,4,2,3,2,1,8,1,1,3,2,10,13,2,5,20,10,9,8,15,6,18,0,2,11,1,3,1,4,5,3,0,3,2,1,0,4,12,6,1,1,7,0,3,0,1,9,0,0,1,1,6,6,0,22,3,5,4,1,0,1,4,4,0,5,0,2,1,1,0,0,1,5,5,4,2,8,1,3,0,13,5,3,2,7,3,4,2,3,3,3,4,18,5,2,6,21,8,7,1,1,0,1,0,2,2,0,2,4,9,5,0,2,1,5,2,1,0,2,0,2,2,2,2,7,0,4,3,0,0,0,3,2,1,1,1,4,3,0,4,3,0,1,0,1,8,4,2,2,1,1,4,0,7,1,4,1,1,0,1,0,2,0,0,1,1,3,0,2,0,3,4,1,1,1,2,2,2,7,1,0,1,1,3,0,2,0,0,0,0,4,0,2,1,0,1,3,2,1,0,3,7,3,0,3,2,3,1,0,1,1,1,1,1,4,1,2,2,1,0,3,0,1,1,1,0,0,0,0,0,0,0,1,0,1,0,1,0,martov
martov_razgrom_I.txt,7,5,1,0,0,1,0,5,76,2,10,1,2,5,6,1,0,9,1,0,14,5,3,3,8,96,8,3,13,3,4,3,12,3,25,3,0,0,54,6,0,3,10,2,0,11,2,17,3,8,5,5,6,3,0,2,3,2,1,2,25,2,1,5,2,2,0,0,0,5,1,3,7,3,7,2,10,31,9,7,2,5,2,3,1,10,4,1,0,0,0,2,3,0,0,1,1,0,1,0,0,2,0,2,0,4,0,13,3,0,0,3,0,8,2,1,12,0,2,1,0,3,0,4,1,1,2,2,1,1,0,0,0,3,1,0,0,1,4,4,0,1,11,0,1,1,9,4,1,1,2,4,0,2,10,1,0,5,2,7,2,0,0,3,0,0,0,2,1,2,0,4,2,4,2,2,4,0,1,1,0,0,0,0,0,1,4,2,7,0,0,0,0,2,2,0,3,2,3,2,0,6,1,0,2,0,0,1,3,2,1,1,0,1,0,3,2,0,3,1,0,0,0,0,0,1,0,0,1,2,2,0,2,2,0,0,2,1,0,5,12,2,0,2,0,0,0,6,0,0,3,1,0,1,1,1,2,1,1,1,0,1,0,0,0,0,6,1,0,0,0,0,1,0,0,0,0,0,3,0,0,2,0,4,4,3,0,4,0,0,0,0,0,0,0,0,2,0,5,0,martov
martov_slezy_starogo_krokodila_I.txt,8,1,0,0,0,0,1,1,67,3,5,0,2,4,2,0,0,8,1,1,11,2,5,8,9,63,12,8,14,5,1,2,2,7,20,4,0,2,24,0,0,5,10,3,1,6,0,17,1,1,8,2,1,1,0,0,1,1,0,2,17,1,2,2,0,2,0,0,2,5,0,3,1,1,7,4,4,33,5,11,1,4,1,6,0,5,1,1,0,1,0,0,4,2,15,1,2,2,0,0,0,1,1,1,1,3,2,1,2,0,2,0,3,2,1,1,15,1,0,0,0,1,1,0,1,2,0,2,0,1,0,1,1,0,3,0,1,2,0,1,1,3,11,5,1,2,0,4,0,4,2,5,0,0,1,2,0,0,0,6,1,0,0,1,0,0,0,0,0,0,2,3,2,0,2,3,0,0,1,0,0,1,0,2,2,2,10,0,3,0,2,1,0,3,1,4,0,2,1,0,0,0,0,1,4,3,3,1,1,0,0,0,0,3,0,2,0,1,0,0,2,1,1,0,2,0,1,0,7,2,0,0,0,1,2,0,1,0,0,0,1,1,2,0,0,0,0,0,0,1,0,1,0,1,0,0,2,2,0,0,1,3,2,0,0,0,0,1,1,0,0,0,0,2,2,0,1,0,0,0,2,0,0,0,0,0,0,2,0,0,0,1,0,0,0,0,1,0,0,0,martov
martov_soc_dem_1905_1907.txt,3,0,0,3,1,2,0,3,66,4,0,1,0,4,0,0,1,8,3,0,7,0,2,6,6,62,4,5,14,0,1,1,1,0,18,1,0,2,11,0,0,1,6,0,0,0,0,6,6,0,6,3,4,0,2,0,0,7,1,2,23,0,0,1,1,1,0,1,4,3,0,2,0,3,4,3,1,4,3,2,1,2,2,2,0,2,5,0,2,0,1,0,0,0,0,3,1,7,7,9,2,2,1,0,1,7,1,1,2,0,0,0,0,1,1,0,9,1,0,0,0,0,0,0,4,0,2,0,0,1,0,0,1,0,0,0,0,0,0,0,1,0,4,1,0,0,3,0,5,2,0,2,1,2,13,3,0,2,11,5,0,1,0,0,4,2,1,3,1,1,0,3,2,1,1,0,6,0,0,0,0,2,0,1,1,0,7,1,1,1,0,0,0,1,2,3,1,2,2,0,0,1,1,2,0,0,0,0,1,0,1,3,2,3,1,0,1,0,0,0,0,2,0,0,0,0,2,0,0,0,0,0,0,0,0,1,1,0,1,4,0,1,0,0,0,0,1,0,1,0,0,0,1,0,2,1,0,2,0,2,1,0,0,0,0,0,2,0,0,0,0,0,0,0,3,0,0,1,0,0,0,7,0,2,1,0,0,0,0,0,0,0,0,1,0,1,2,1,0,0,martov
martov_tak_li_my_gotovimsya_I.txt,6,1,7,2,4,1,0,8,83,7,21,4,2,10,2,2,1,20,3,0,20,4,5,6,6,97,7,7,13,13,7,3,10,14,37,2,1,0,34,7,1,1,7,1,1,0,7,5,12,12,7,0,1,2,1,4,9,6,6,3,21,6,3,2,6,5,1,0,7,9,1,11,2,6,10,4,6,20,13,7,6,5,8,24,3,6,8,2,1,0,2,1,5,2,2,3,0,1,4,1,2,2,2,1,0,1,0,4,0,1,0,0,3,8,4,0,20,2,1,1,0,3,0,0,0,0,6,1,1,2,0,0,0,1,5,3,6,2,17,5,3,1,8,1,1,3,4,4,17,1,3,5,3,3,13,3,0,0,6,2,0,1,0,3,3,3,8,1,2,0,1,4,1,0,3,6,9,0,1,3,1,0,0,0,1,8,10,2,2,1,2,0,0,12,2,2,1,1,5,2,0,14,2,1,1,1,1,6,0,1,0,3,0,1,1,6,9,1,12,0,0,1,1,0,1,0,0,0,4,0,2,0,1,1,1,0,2,1,1,3,3,2,0,2,1,1,0,11,0,0,0,2,1,0,1,0,1,1,6,1,0,0,1,0,0,0,6,2,3,0,0,2,0,0,1,0,3,0,2,0,1,7,1,1,0,0,0,2,0,0,0,2,0,0,0,0,0,0,1,0,martov
martov_voyna_i_ross_dem.txt,25,7,0,16,17,9,2,6,302,17,20,4,4,7,7,0,6,52,14,10,21,7,22,20,49,273,25,20,44,8,11,12,23,35,101,3,2,6,128,3,0,5,29,1,3,8,8,41,1,11,17,9,2,4,7,4,5,18,1,5,74,0,8,7,14,6,3,6,9,8,3,16,4,24,15,10,14,80,22,25,15,12,19,56,9,13,41,2,12,3,0,3,7,6,3,9,1,12,12,27,13,20,5,3,5,33,9,12,4,0,1,2,5,30,3,2,61,2,7,15,9,7,2,2,6,0,9,1,1,6,1,2,5,0,5,2,4,5,1,30,1,2,18,1,7,4,23,5,11,2,3,13,2,3,4,1,1,18,19,18,7,0,1,0,22,7,6,49,8,6,0,3,10,3,18,16,9,2,3,3,6,5,0,2,0,3,34,2,18,3,2,1,0,1,8,8,3,4,15,3,4,13,2,28,1,3,3,8,5,1,3,1,8,8,3,15,9,3,10,1,6,5,1,0,3,3,2,1,3,0,2,8,3,3,0,2,13,2,8,11,14,7,11,2,2,7,0,4,3,2,5,4,4,1,0,3,4,7,6,10,0,0,1,0,1,3,7,13,1,1,0,2,0,2,11,0,0,1,2,3,1,10,3,15,22,5,2,6,0,0,0,3,4,1,0,0,1,4,36,0,martov
ortodox_eshe1_kritik_Marxa.txt,7,0,2,0,1,2,0,7,51,1,5,1,2,0,1,0,0,7,2,0,16,6,4,11,3,57,8,1,25,1,3,3,1,5,16,1,0,0,35,1,2,3,8,1,0,17,0,7,0,1,8,0,0,0,1,0,0,1,0,0,16,1,1,1,1,2,1,3,0,10,0,3,0,3,2,0,2,25,2,11,5,0,0,9,10,2,6,0,3,1,1,0,2,2,2,0,0,0,0,1,0,1,0,3,1,4,4,3,1,0,1,0,0,8,1,3,15,3,0,4,1,2,1,0,0,1,4,0,0,1,2,4,2,1,2,0,2,1,0,4,1,2,9,0,0,1,2,0,0,0,3,2,0,0,0,0,0,0,1,6,0,0,0,2,2,1,1,0,0,0,6,2,4,1,1,1,0,1,1,1,0,2,0,1,0,2,7,2,8,0,2,0,0,4,1,2,0,1,2,3,0,0,1,0,0,1,1,0,1,4,7,3,4,0,2,6,0,1,0,2,1,3,2,2,0,1,2,0,1,3,0,1,2,6,1,3,1,3,0,2,5,3,1,3,1,0,0,2,0,0,0,2,0,0,0,1,0,0,1,3,1,4,0,0,0,0,1,0,0,0,2,2,1,0,0,0,0,0,0,0,1,0,1,0,2,0,0,1,0,0,0,1,0,22,0,0,1,0,0,0,ortodox
ortodox_pismo_evreya_k_evreyam_I.txt,11,0,0,0,1,0,1,2,47,1,9,2,2,1,3,1,2,16,1,4,6,0,10,10,7,82,8,5,28,7,5,3,10,9,38,0,3,1,29,1,1,1,14,0,2,12,1,7,2,1,6,1,1,1,4,0,1,2,0,2,23,5,0,0,0,2,0,5,10,5,4,3,0,8,13,7,0,42,6,8,3,10,2,15,7,6,2,3,7,5,1,0,0,1,0,0,1,3,0,0,0,0,2,0,4,4,3,1,2,0,1,1,0,6,3,1,20,1,1,1,2,1,0,0,0,1,6,0,0,3,0,1,0,0,0,0,2,0,3,6,1,0,5,1,0,4,3,2,7,0,2,1,0,0,1,1,0,2,6,2,2,0,0,0,0,1,1,1,0,0,0,2,7,0,4,3,1,0,0,1,3,2,2,0,2,2,11,3,10,4,3,0,0,3,1,0,0,2,3,0,2,5,3,0,0,1,0,0,5,1,9,2,3,3,0,2,3,0,0,0,0,3,1,1,0,0,0,0,2,2,0,3,0,1,0,2,1,7,0,1,5,4,0,4,0,0,1,3,0,0,1,1,2,0,0,0,0,5,2,2,3,0,0,0,0,0,4,7,1,0,0,1,2,0,0,0,0,1,0,1,0,2,0,2,0,0,1,0,2,3,0,1,4,1,0,0,3,0,0,0,ortodox
ortodox_v_otvet_Bovu_I.txt,11,2,0,1,1,2,0,5,94,1,7,2,2,1,5,0,2,13,3,1,7,3,14,15,6,145,6,8,28,11,8,5,9,21,50,0,4,6,53,2,3,3,22,0,0,12,4,8,3,0,10,2,0,1,8,0,0,3,0,0,42,3,2,2,1,4,0,7,21,12,5,5,1,12,14,4,1,52,9,10,4,6,2,18,4,4,9,1,5,0,1,0,1,1,0,0,1,2,0,1,9,0,3,2,3,6,4,1,1,0,0,2,0,2,3,4,29,1,0,1,3,2,2,1,3,0,10,0,0,7,0,5,3,0,5,5,2,1,5,7,2,1,14,6,4,6,9,4,2,1,7,3,0,1,3,0,2,6,7,9,0,0,0,2,0,1,1,1,0,1,2,5,11,1,2,3,2,5,0,1,1,4,1,2,1,1,27,4,11,2,6,0,0,7,4,2,8,1,5,1,0,2,4,0,3,3,0,2,3,0,15,7,2,5,1,2,1,3,0,2,3,10,0,0,2,2,1,0,6,3,0,5,2,1,0,1,9,8,1,1,8,8,1,2,2,2,10,1,1,0,0,2,0,1,2,2,1,2,3,5,2,7,0,0,0,20,3,5,1,5,2,4,2,0,0,1,1,0,0,0,1,0,2,2,2,2,1,0,0,0,0,1,0,1,0,0,3,0,0,0,ortodox
parvus_bez_tsarya_pravitelstvo_rabochee.txt,9,1,0,0,2,1,1,1,8,0,6,2,0,2,2,0,0,2,0,1,6,6,4,1,9,26,3,1,5,4,1,0,0,0,5,1,8,6,17,2,0,1,6,2,1,5,1,7,0,0,2,1,1,0,0,1,9,1,0,3,9,1,1,2,0,0,0,0,0,1,0,1,4,0,7,6,1,7,2,2,1,0,0,0,1,0,0,0,0,0,0,1,1,0,0,0,0,0,0,0,0,0,0,0,0,1,0,2,0,0,0,0,0,2,2,0,4,0,3,2,0,0,0,0,0,0,0,0,0,0,0,0,0,0,0,0,1,0,0,2,0,0,3,0,0,0,0,2,0,0,0,2,3,4,2,0,1,0,0,3,3,5,8,1,2,0,1,1,0,0,1,3,2,0,1,1,0,0,0,0,0,0,0,0,0,0,4,2,1,0,0,0,1,2,0,1,0,0,0,1,0,10,0,3,0,0,3,0,0,1,0,0,1,0,0,0,0,0,0,0,2,0,0,0,0,0,0,0,0,0,1,0,0,1,0,0,0,0,0,0,0,0,0,0,0,0,0,2,0,0,0,2,0,0,0,0,0,0,0,1,0,0,0,0,0,0,1,6,1,5,0,0,0,0,2,0,3,0,0,1,0,1,0,0,1,0,0,0,0,0,0,0,0,0,0,0,0,2,0,0,parvus
parvus_borba_protiv_tsarizma.txt,2,3,1,3,2,0,0,1,36,4,2,0,0,0,2,0,0,6,2,2,1,1,4,4,1,34,3,1,13,0,4,2,6,7,14,0,0,0,10,1,0,1,6,2,1,7,0,3,1,1,2,1,0,0,2,1,2,3,0,2,2,3,1,0,1,3,0,0,0,3,0,5,1,0,5,1,3,5,3,3,6,2,1,6,0,5,0,0,1,0,0,0,3,0,0,0,0,0,0,4,0,0,2,1,1,2,0,5,1,0,0,0,0,4,6,1,9,2,1,1,2,0,1,1,0,0,4,1,0,1,0,0,0,1,1,2,1,0,1,1,1,0,1,0,0,0,5,1,0,0,0,1,0,0,1,1,1,1,2,5,0,1,0,0,1,0,0,5,2,0,0,2,0,0,7,3,0,1,0,0,0,2,0,2,1,0,7,1,1,0,0,1,1,2,0,0,0,0,1,2,0,9,0,1,1,0,1,0,0,0,0,0,0,1,0,1,0,0,1,1,1,2,0,0,0,1,0,0,0,1,0,1,1,0,0,0,1,0,0,1,2,0,0,0,0,1,0,2,0,0,1,1,0,0,0,2,3,0,0,2,0,0,2,0,0,0,1,1,0,1,0,0,1,0,3,0,1,0,0,2,0,3,0,1,1,2,0,0,0,0,0,0,3,0,0,0,0,2,3,0,parvus
parvus_do_9_january_predislovie.txt,14,6,10,4,5,2,4,7,96,5,15,4,1,6,5,0,3,6,12,8,10,2,8,7,15,97,9,16,12,4,4,4,5,11,30,1,4,3,45,2,1,1,21,0,2,14,7,11,7,6,10,6,4,1,3,5,19,12,2,7,33,2,3,4,3,3,1,1,18,4,0,13,3,2,15,0,13,25,10,19,3,11,8,3,0,3,15,3,0,1,2,3,3,1,0,1,3,1,4,8,6,4,2,4,1,6,2,12,1,1,0,1,0,4,0,0,25,0,0,1,2,4,0,0,1,2,2,0,1,1,0,2,0,2,3,0,2,0,1,5,0,2,11,1,5,0,6,14,4,0,5,4,10,19,13,12,1,12,19,7,3,4,1,1,15,10,20,25,1,3,1,9,7,2,3,3,4,1,1,1,0,4,0,0,1,0,16,0,4,3,1,1,1,12,3,2,6,1,3,4,1,15,3,3,0,1,0,2,1,0,0,2,3,3,1,1,1,1,4,1,1,3,0,0,3,0,1,3,2,5,6,3,0,0,0,4,3,0,5,2,1,0,4,0,0,2,0,5,4,0,0,4,0,0,0,2,1,0,2,7,0,0,1,0,0,0,2,2,0,0,1,0,1,0,2,0,5,0,1,6,0,0,0,9,6,3,0,0,0,0,0,0,1,0,0,0,2,8,0,0,parvus
parvus_hod_revolucii.txt,5,1,3,1,2,0,1,0,35,1,6,3,0,4,1,0,1,4,1,2,12,4,3,8,6,42,3,2,7,3,1,0,3,3,14,3,1,0,23,1,1,1,9,0,0,1,15,2,4,3,3,1,0,2,1,8,13,8,0,5,9,2,1,2,5,1,3,0,4,1,2,3,1,1,6,3,7,10,6,5,2,1,3,1,0,4,6,1,2,0,0,0,1,0,0,0,1,0,0,1,1,0,2,2,0,0,1,0,0,0,0,0,0,7,0,0,3,0,1,1,0,1,0,0,1,0,4,0,0,0,1,0,1,0,1,1,3,0,0,3,0,0,0,0,1,0,3,2,1,0,0,1,4,5,7,1,0,5,5,1,1,2,0,1,6,4,3,0,0,0,0,2,3,1,2,1,1,0,0,0,0,1,0,0,0,1,9,2,1,0,1,0,0,3,0,0,1,0,1,1,0,8,1,4,1,1,0,0,0,0,0,1,1,0,0,1,2,1,2,0,1,0,0,0,1,0,0,1,2,0,3,1,0,0,0,0,0,0,0,3,3,1,0,1,0,0,0,1,1,0,0,0,1,0,0,0,0,1,0,1,0,0,0,0,0,0,1,0,0,1,0,0,1,0,3,0,1,1,1,1,0,2,2,2,3,1,1,1,0,0,0,0,0,0,0,0,0,5,0,0,parvus
parvus_itogi_i_perspektivy_I.txt,20,0,2,2,5,1,1,14,58,5,19,5,2,0,5,0,0,1,5,0,2,3,7,10,17,74,6,8,10,2,2,3,0,8,40,2,6,5,46,1,0,4,28,3,0,8,6,2,0,3,11,5,2,0,1,4,15,2,0,13,37,4,3,1,3,4,5,0,4,2,2,5,5,5,12,3,7,16,8,13,4,4,6,19,4,1,8,2,0,0,1,0,2,2,0,0,1,7,3,2,1,4,2,1,1,9,0,8,0,1,1,0,0,3,4,0,26,1,1,2,1,0,0,1,0,1,0,1,4,1,0,0,0,0,0,1,1,0,0,1,0,0,4,0,2,2,17,12,7,0,2,2,7,5,6,9,0,2,1,4,1,13,1,6,6,2,6,7,3,0,1,5,2,0,2,8,1,0,0,0,0,3,0,2,0,0,13,0,0,1,0,0,1,3,5,0,2,1,1,1,0,10,5,2,8,1,0,1,0,1,0,1,1,2,0,5,17,0,8,2,1,2,0,0,3,3,2,2,3,1,2,2,0,1,0,2,0,0,9,5,3,0,5,2,0,0,0,3,4,0,2,4,0,2,2,3,1,0,4,1,0,0,1,0,0,0,0,0,1,1,0,0,2,0,0,0,2,0,2,5,0,6,1,0,0,2,0,1,0,0,0,0,0,0,0,0,3,5,0,0,parvus
parvus_ministerstvo_Briana_France.txt,8,1,2,2,0,3,0,7,53,4,2,0,0,1,2,0,0,5,0,2,6,0,3,7,8,42,1,6,9,1,0,0,3,1,11,0,0,0,26,0,4,1,12,0,0,4,1,2,1,3,1,3,0,0,2,1,0,4,1,9,15,1,2,0,2,0,1,0,0,5,2,1,6,1,3,4,4,13,9,6,1,6,2,1,2,2,12,1,0,1,1,0,3,0,0,0,0,1,1,1,0,0,1,0,0,1,0,5,0,0,0,0,0,1,0,0,11,0,0,0,0,0,0,3,0,0,1,0,0,0,0,0,1,0,1,1,2,0,0,0,0,1,3,0,0,0,5,3,0,0,2,1,1,2,1,0,0,2,8,1,1,8,2,1,4,0,0,0,0,0,0,1,0,1,1,1,1,0,0,0,1,0,0,2,0,1,8,0,4,1,1,0,0,3,0,0,2,0,1,0,0,0,4,0,2,2,0,1,0,1,2,0,0,1,1,1,6,1,0,2,1,3,0,0,2,1,1,1,4,1,1,1,0,1,0,3,0,2,1,0,2,2,4,0,1,1,0,1,0,0,0,1,0,1,0,0,1,0,0,0,0,0,1,0,0,0,1,0,1,1,1,1,0,1,1,0,2,0,0,0,0,2,0,1,11,0,2,0,0,0,0,1,0,0,0,0,0,0,1,0,parvus
parvus_nashi_zadachi.txt,12,1,1,5,5,3,1,2,98,9,12,4,1,8,2,0,5,8,2,2,15,1,3,8,9,105,3,9,6,3,5,5,2,12,25,4,2,2,32,0,1,1,20,1,0,4,4,13,5,2,5,3,2,3,3,2,3,9,0,10,24,0,3,3,3,2,1,1,13,5,1,0,4,5,8,1,8,11,4,9,2,9,14,8,1,2,11,0,3,0,3,0,2,3,0,2,1,0,0,11,4,1,1,2,2,0,1,1,1,1,0,0,0,6,0,1,26,0,3,3,0,0,0,1,0,0,7,0,0,1,0,0,0,3,7,0,2,0,3,1,0,0,1,0,1,0,15,4,2,2,4,2,3,3,13,6,0,11,20,7,2,1,4,0,21,3,3,24,1,2,2,8,2,1,4,3,1,0,1,0,0,3,0,1,0,1,11,1,2,4,1,0,1,4,3,1,1,2,0,1,0,3,4,6,0,0,2,0,0,0,1,2,2,1,0,0,1,3,1,0,1,4,1,0,1,0,2,0,3,0,3,0,0,0,0,3,1,1,3,1,1,0,6,2,0,0,0,5,1,0,1,1,3,0,1,1,1,3,0,4,0,0,1,0,0,0,1,2,0,1,0,0,0,0,3,2,0,1,2,0,0,1,2,5,8,3,0,2,0,0,0,0,0,0,0,1,2,13,0,0,parvus
parvus_onp1_o_i_socrev_razvitie.txt,4,2,1,6,4,2,2,3,80,7,14,3,0,3,1,0,0,9,3,1,12,2,6,11,11,100,10,6,15,8,2,3,3,7,43,0,0,0,44,1,0,1,14,0,0,8,6,14,7,1,6,4,4,0,1,3,1,4,0,7,30,0,1,3,2,1,0,1,18,9,0,10,6,4,10,4,11,19,5,13,3,5,4,4,2,0,8,2,3,0,2,3,5,1,5,3,2,2,5,9,4,1,1,0,2,0,1,6,0,3,3,2,0,7,0,0,19,1,2,0,0,1,3,2,0,0,2,4,0,3,1,0,1,1,1,1,1,0,3,7,0,1,5,0,1,2,4,3,2,2,0,0,3,4,3,1,0,2,14,1,2,0,0,6,1,0,4,2,1,0,1,2,3,1,1,7,0,1,1,0,1,3,0,3,1,1,10,2,0,1,2,0,0,8,2,1,2,2,3,1,1,4,2,0,0,4,0,0,0,1,1,1,1,2,1,3,1,2,1,1,0,1,0,0,0,0,0,0,0,0,1,1,0,2,1,2,2,1,5,2,5,2,2,2,0,0,0,2,0,1,2,2,0,3,2,3,2,0,1,2,1,0,2,0,1,1,2,1,1,0,3,0,2,1,0,0,0,0,0,1,0,0,1,7,1,1,3,0,1,0,0,1,5,0,0,0,2,0,0,0,parvus
parvus_pismo_tverskomu_komitetu_I.txt,21,1,3,3,1,3,1,2,74,2,6,2,1,3,4,1,2,2,7,0,2,0,8,10,5,77,5,7,10,3,3,1,4,2,30,1,0,0,32,2,2,6,17,0,1,14,2,10,36,7,13,3,3,3,1,3,0,10,4,5,27,0,4,3,5,2,1,0,16,6,0,8,0,4,14,2,6,18,7,17,1,6,5,11,4,4,7,2,3,0,1,3,1,1,0,0,0,0,0,8,6,3,1,4,3,11,4,9,2,5,1,2,1,13,0,3,16,1,1,2,0,1,1,1,0,1,1,0,1,2,1,1,0,2,1,0,0,0,0,5,0,2,1,1,0,0,14,5,12,1,1,1,6,2,6,9,0,2,5,6,0,0,1,3,3,2,2,7,0,2,0,9,7,2,1,6,1,0,0,0,0,0,16,1,3,0,8,4,1,2,1,1,0,4,1,2,2,0,2,0,0,9,0,2,0,0,1,0,0,2,1,3,0,1,0,3,1,2,2,0,2,3,0,0,0,0,3,0,2,0,2,0,1,3,0,2,0,0,1,0,3,0,4,1,2,3,2,5,5,1,0,1,2,2,7,2,2,3,0,4,0,0,0,14,5,0,3,6,0,1,0,0,0,1,1,0,6,2,1,3,2,3,1,4,3,0,0,0,0,1,0,0,4,1,0,0,0,5,0,0,parvus
parvus_poTurmam.txt,137,30,34,13,6,7,10,229,1037,94,183,11,23,30,43,5,1,152,88,8,129,32,94,161,101,1046,199,107,323,106,69,49,60,264,459,26,9,6,564,25,16,41,270,42,15,157,31,134,2,31,191,4,37,12,29,10,27,91,6,20,296,16,34,26,4,45,33,15,4,166,14,38,69,65,114,131,96,419,122,301,31,22,11,192,120,67,76,15,17,3,35,10,45,13,9,13,9,13,11,2,0,10,13,30,22,34,12,119,22,32,75,5,17,83,21,10,196,24,3,1,33,18,29,5,32,17,41,21,24,54,24,17,27,20,78,32,107,11,10,60,31,38,97,13,1,12,63,128,0,20,53,34,6,7,13,4,5,0,1,19,12,7,9,49,10,2,2,12,4,6,1,49,32,17,67,59,9,9,9,3,11,19,0,36,14,8,217,33,42,17,20,9,32,55,42,22,36,13,47,9,2,57,108,8,34,34,21,3,33,0,3,9,23,11,24,73,10,10,20,68,51,44,18,3,11,25,8,7,25,13,7,17,5,5,4,34,10,2,3,11,54,13,72,5,19,4,1,32,11,13,51,7,2,28,2,7,27,12,22,26,1,2,13,0,0,1,8,36,7,5,18,10,16,30,14,8,7,16,11,27,61,5,17,3,1,29,21,45,251,220,0,15,714,5,0,2,22,5,0,0,parvus
parvus_rus_and_rev_predislovie.txt,1,1,0,0,0,0,0,1,17,1,1,0,0,0,3,0,0,2,0,0,3,0,0,0,1,12,3,0,2,3,0,0,0,1,6,0,0,0,7,0,0,0,2,0,0,0,0,3,0,0,2,0,0,1,0,0,0,1,0,0,2,0,0,0,0,0,0,0,0,1,1,0,0,1,3,0,2,1,0,0,1,0,0,0,1,0,0,0,0,0,1,0,0,0,1,0,1,0,0,0,0,0,0,0,0,3,0,1,0,0,1,0,0,0,0,0,5,0,0,0,1,0,0,0,0,0,0,0,0,0,0,0,1,0,0,0,0,0,0,0,0,0,2,0,0,0,0,0,0,0,0,0,2,0,0,1,0,0,0,0,0,0,0,0,0,0,0,3,0,0,0,0,0,0,0,0,0,0,0,0,0,0,0,2,0,0,1,0,0,2,1,0,0,1,0,0,1,0,0,1,0,1,1,0,0,0,0,0,0,0,1,0,0,0,1,2,0,0,1,0,1,1,0,0,1,0,0,0,1,0,0,0,0,0,0,0,1,1,1,0,1,0,0,0,0,0,0,1,0,0,0,0,0,0,0,1,0,0,1,0,0,0,0,0,0,0,0,0,0,0,0,0,1,0,0,0,0,1,0,1,0,0,0,0,0,1,0,0,0,1,0,0,3,0,0,0,1,0,0,0,parvus
parvus_samoderzh_i_fin_I.txt,24,2,6,0,1,0,0,10,52,4,7,0,0,1,4,0,0,1,6,2,4,1,6,14,6,35,12,1,13,3,0,0,3,0,35,0,0,2,22,1,0,2,10,0,0,7,3,15,0,6,14,0,3,3,2,3,4,0,0,0,16,0,0,0,1,1,0,2,0,9,0,7,3,3,8,2,8,18,5,6,2,5,0,3,6,1,1,3,0,0,0,0,3,0,13,5,1,0,0,0,0,0,0,0,1,0,0,6,0,0,0,0,0,3,0,1,9,1,0,0,1,0,0,4,0,0,6,2,0,0,0,0,1,1,0,0,2,0,0,2,1,0,4,1,1,0,2,3,0,0,1,1,0,0,1,0,0,0,0,5,0,0,0,5,0,0,0,4,0,0,0,0,0,1,0,2,0,0,0,0,0,0,0,0,0,0,14,1,2,1,0,0,1,3,0,0,1,0,2,1,7,1,1,0,3,2,5,0,0,0,0,1,0,1,0,1,0,1,1,0,1,0,0,0,4,1,0,0,0,0,0,0,0,0,0,0,0,0,0,0,3,0,1,1,0,3,0,0,0,0,0,0,0,1,0,0,0,0,2,2,0,0,0,0,0,0,0,0,1,0,1,1,0,2,0,0,0,2,2,1,0,0,0,0,0,0,2,0,0,0,0,0,0,0,0,0,2,0,0,0,parvus
parvus_soldatskie_mitingy.txt,3,0,3,0,0,0,0,1,8,0,1,0,1,0,0,1,0,1,0,1,2,0,2,6,2,15,1,3,5,2,3,0,0,0,7,4,1,0,10,0,1,1,1,0,0,1,0,2,0,1,1,0,0,0,0,1,1,0,0,1,5,1,1,0,0,0,0,0,0,1,1,0,0,1,2,3,0,2,8,2,0,0,0,1,1,1,0,0,1,0,0,0,1,0,0,0,0,0,0,0,0,0,0,1,0,0,0,0,1,0,0,0,0,2,0,0,1,0,0,0,0,0,1,0,0,1,0,0,0,0,0,0,2,0,1,0,0,0,0,0,0,0,1,0,0,0,0,1,0,0,0,1,1,1,1,0,2,0,0,0,0,4,1,0,0,0,0,1,0,0,1,1,0,0,1,1,0,0,1,0,0,0,0,5,0,0,1,1,1,0,1,0,0,1,1,0,1,0,0,0,0,0,0,0,0,0,0,0,0,0,0,0,0,1,0,0,0,0,0,0,1,0,1,0,0,0,0,0,0,0,0,0,1,0,0,0,0,0,0,0,1,0,0,0,0,0,0,0,0,0,0,0,0,2,0,0,0,0,0,2,0,0,0,0,0,0,0,0,0,0,0,0,0,0,0,1,3,0,0,0,0,0,0,0,0,0,0,0,0,0,0,0,0,0,0,0,1,0,0,0,parvus
parvus_tua_res_agitur_I.txt,1,2,1,2,2,1,0,5,56,2,3,2,3,5,1,1,1,3,3,1,5,3,5,2,13,54,12,6,15,4,3,0,5,4,16,0,0,0,28,0,0,0,20,0,0,10,2,4,2,2,6,1,5,3,3,3,3,4,0,1,15,2,2,1,5,2,2,1,10,7,1,2,2,4,9,1,3,24,5,12,1,2,1,15,4,4,3,3,0,0,2,1,1,0,1,0,0,0,1,4,0,3,2,2,0,1,0,6,2,1,1,0,1,0,3,0,9,0,1,0,2,0,3,4,0,2,0,0,1,0,2,0,4,1,1,1,3,0,0,4,0,0,12,2,0,0,10,14,0,0,1,3,4,1,3,1,0,1,1,4,1,1,0,3,0,2,0,2,2,0,0,6,4,1,2,1,0,0,3,0,1,1,0,0,0,0,7,0,2,1,2,0,0,5,6,1,4,1,1,0,0,0,2,1,3,2,1,1,5,0,2,0,0,0,0,5,1,0,0,0,0,0,0,0,0,0,1,0,1,3,1,2,0,0,2,0,1,2,0,0,7,3,1,0,0,1,0,2,2,2,1,3,0,0,1,1,0,0,3,1,0,0,1,0,0,0,1,1,0,1,1,0,2,0,1,0,1,0,2,0,1,0,0,1,5,0,1,1,0,0,0,1,0,0,0,0,0,0,0,0,parvus
parvus_v_chem_my_rashodimsya_otvet_leninu.txt,67,2,7,12,12,23,10,28,270,14,47,5,8,14,20,1,2,39,10,4,58,11,36,36,29,311,33,40,58,24,7,5,15,71,130,5,5,5,180,12,3,16,75,1,6,73,9,40,17,20,46,6,8,16,6,10,3,17,1,35,86,13,3,9,3,11,1,5,30,19,1,18,22,21,41,14,30,140,42,66,8,10,34,41,7,11,19,1,6,2,4,7,14,5,0,6,2,4,8,13,7,6,3,18,9,13,6,28,10,8,0,3,6,27,13,3,56,1,3,5,7,1,9,4,4,0,8,1,3,8,0,2,4,5,32,4,17,4,6,16,3,4,12,5,2,4,14,48,20,0,4,9,9,12,43,22,8,9,19,43,5,9,1,12,31,15,14,12,7,5,0,19,13,6,9,14,2,4,2,2,1,7,3,10,1,4,54,9,23,12,7,0,4,21,5,5,10,3,7,1,0,23,11,3,14,8,8,14,4,3,3,5,6,2,2,11,12,2,3,3,10,5,2,2,2,12,3,8,3,11,6,2,5,5,0,2,4,2,6,6,18,3,9,2,2,6,6,10,1,0,4,2,0,4,8,4,9,1,2,14,3,5,2,2,2,0,6,4,4,4,0,4,3,3,1,0,12,1,3,5,14,9,2,8,4,5,7,2,13,13,0,5,65,2,0,0,9,6,0,0,parvus
parvus_virIII_9_mes_voyny_I.txt,16,4,5,0,0,2,6,6,101,5,16,0,5,4,10,1,0,11,15,2,9,4,12,18,15,106,12,10,18,7,7,2,8,1,66,0,0,1,42,2,0,2,27,1,2,9,7,23,1,6,16,7,5,1,5,13,9,25,1,1,39,4,3,4,5,10,1,3,0,7,0,14,15,4,22,8,15,41,17,32,1,11,0,18,4,2,8,1,2,0,4,0,6,1,0,3,4,2,0,0,0,4,1,1,2,24,1,19,0,0,1,3,1,5,6,1,40,1,0,0,8,1,0,0,0,0,2,0,0,10,1,0,0,2,0,0,0,0,0,1,3,1,9,2,0,1,19,9,0,0,9,5,3,5,2,2,0,0,0,7,0,0,0,4,0,0,0,41,10,0,0,6,4,1,2,2,4,1,1,0,1,10,0,1,2,0,21,5,5,5,0,0,3,9,3,0,4,1,5,5,0,19,1,0,4,1,2,0,5,1,1,3,4,1,2,5,0,2,8,3,4,2,0,2,7,0,1,1,4,1,6,9,1,4,0,1,3,0,2,4,5,3,10,2,0,0,0,1,1,0,2,2,0,1,0,7,1,0,2,5,0,1,3,0,0,0,0,1,1,0,0,3,3,0,1,0,2,2,3,7,0,0,0,0,4,5,1,0,0,0,0,0,1,0,0,0,4,0,19,0,parvus
parvus_virII_padenie_samoderzhaviya_I.txt,30,8,2,1,2,1,0,19,185,13,19,7,6,5,17,3,0,23,8,2,21,7,9,20,19,174,14,6,25,9,8,2,16,1,77,1,3,1,81,5,1,2,40,0,1,7,18,22,0,8,22,5,4,5,5,11,14,18,2,1,52,7,3,7,8,7,13,9,0,15,1,4,10,13,33,8,20,51,17,23,6,5,1,24,4,9,9,3,4,0,2,2,5,1,1,0,2,1,0,0,0,1,1,1,3,15,0,24,0,2,0,1,0,5,2,3,32,1,1,1,5,4,0,3,0,0,18,3,4,4,1,0,4,4,0,0,3,0,2,1,0,0,16,1,2,2,19,7,1,0,6,5,3,10,1,2,1,0,0,9,0,0,0,2,3,1,1,34,7,1,0,4,4,1,10,8,10,0,0,1,0,4,0,6,0,2,18,5,7,6,1,0,3,7,2,3,5,0,4,2,0,7,7,2,8,2,1,3,4,2,1,1,2,2,4,3,3,2,3,6,2,0,1,1,4,2,2,2,1,1,3,2,2,3,0,0,4,1,1,3,4,5,3,0,1,1,0,5,1,0,1,1,1,2,0,3,3,3,3,5,0,0,1,0,0,0,0,2,1,0,0,0,1,6,1,1,1,7,1,2,0,2,0,10,2,0,0,1,0,0,0,0,3,0,0,0,5,2,17,0,parvus
parvus_virIV_samoderzh_i_reformy_I.txt,24,3,7,1,3,3,3,10,72,1,18,3,5,0,4,0,0,11,9,0,14,9,13,9,12,93,5,12,8,5,7,5,13,4,50,0,0,0,52,2,0,2,26,1,2,8,44,8,1,6,17,7,3,6,5,11,32,11,0,3,21,1,4,2,9,6,2,3,1,6,2,13,2,4,15,2,7,33,12,14,3,7,1,39,5,3,3,1,1,0,1,0,4,1,0,0,4,0,0,1,0,2,5,2,0,8,1,12,3,0,0,6,4,2,3,2,20,1,2,2,1,1,1,1,0,1,2,0,0,4,0,2,2,0,2,0,1,0,0,3,2,1,4,2,1,0,8,8,2,0,1,10,5,8,21,3,1,1,3,9,1,0,0,0,3,0,4,17,1,0,8,7,3,3,6,4,6,0,0,1,0,3,1,2,1,0,10,3,4,2,2,0,4,6,3,1,3,0,6,0,0,9,4,2,4,1,0,3,0,1,1,5,2,0,0,3,3,0,3,2,3,7,1,1,3,3,1,3,2,1,2,1,0,2,0,6,5,1,1,4,11,3,1,1,0,0,0,4,0,1,1,1,1,5,0,2,1,1,3,3,0,0,1,0,0,0,2,6,0,3,0,2,1,1,1,2,5,0,0,5,0,1,1,11,0,2,0,0,0,0,0,0,1,0,0,0,1,1,9,0,parvus
parvus_virI_kapitalizm_i_voyna_I.txt,21,7,6,3,0,2,0,10,143,15,25,0,3,1,7,3,2,14,15,4,7,2,3,22,18,163,9,9,29,3,5,3,6,3,67,0,1,3,33,3,0,2,28,1,2,15,2,10,0,3,17,1,3,9,1,5,3,7,0,1,46,2,14,1,8,6,2,2,4,16,2,8,6,6,12,5,14,35,13,19,2,10,0,7,9,4,8,1,5,0,5,2,6,1,0,4,3,0,0,3,0,1,1,2,2,38,0,16,1,2,4,3,0,4,0,2,42,2,0,0,1,1,2,3,0,2,13,0,0,1,1,1,3,4,0,0,0,0,0,2,2,0,14,4,0,0,24,8,0,1,4,3,2,2,2,3,0,1,0,5,0,0,0,0,2,0,0,20,1,1,0,12,8,0,15,9,2,1,0,0,0,3,0,9,1,1,24,3,2,7,0,1,2,10,4,0,5,1,4,1,0,2,3,1,5,2,0,0,1,1,0,1,0,3,2,4,0,2,1,0,1,7,1,0,3,3,3,1,4,1,3,1,3,1,0,6,5,0,1,3,3,0,14,2,0,0,0,6,2,0,1,0,1,0,0,9,0,0,0,4,0,0,1,0,0,0,1,3,2,1,0,0,3,0,3,0,1,2,0,3,0,1,0,7,5,0,1,0,0,0,0,2,3,1,0,3,4,1,10,0,parvus
parvus_vnesh_politika_germanii.txt,4,1,0,0,0,0,0,1,19,1,3,1,0,0,0,0,0,6,0,0,1,0,1,1,4,27,4,0,4,3,1,3,0,1,8,0,0,1,14,0,0,1,6,0,0,2,1,3,0,0,1,0,0,1,0,3,4,3,0,0,9,0,4,0,1,1,0,0,0,1,0,2,3,1,4,2,6,7,2,3,0,2,0,3,2,0,0,0,0,1,1,0,0,0,0,1,2,0,0,0,0,1,0,0,0,2,0,0,0,0,1,1,0,0,0,0,5,0,0,0,0,1,0,1,0,0,3,0,0,0,0,0,1,0,0,0,1,0,0,1,0,0,5,1,0,0,3,1,0,1,0,0,0,0,1,2,0,0,0,0,0,0,0,0,0,0,0,6,0,0,0,1,1,0,2,0,2,0,1,0,1,0,0,1,1,0,3,1,1,0,1,0,0,0,0,0,2,1,0,0,0,0,1,0,0,0,0,0,0,0,0,1,0,1,0,1,0,1,0,1,1,2,0,0,5,0,0,0,0,1,0,0,0,0,0,0,0,0,1,1,0,0,2,0,0,0,0,2,0,0,0,0,1,0,0,0,0,1,1,2,0,0,3,0,0,0,0,0,0,0,0,0,0,0,0,0,0,0,1,2,0,0,0,0,3,0,0,0,0,0,0,0,0,0,0,0,1,0,3,0,parvus
plehanov_beliy_terror_I.txt,8,1,2,2,0,1,2,4,62,6,7,0,1,2,3,1,0,11,4,0,20,3,5,4,7,85,6,4,13,5,1,2,6,20,36,0,0,3,26,5,0,1,13,1,3,11,15,4,1,3,14,1,2,5,1,4,4,2,1,5,17,1,2,2,3,1,1,3,1,5,1,1,18,3,12,5,5,45,6,11,1,12,4,8,5,7,2,0,4,0,1,0,4,1,0,2,0,6,3,1,0,1,3,6,1,2,1,9,2,3,0,1,0,9,1,1,16,2,4,0,1,4,3,0,2,0,0,2,0,2,0,2,3,0,6,3,6,0,3,5,0,0,6,0,0,1,2,1,1,0,2,8,0,1,0,1,0,1,4,2,4,3,4,1,1,5,3,3,1,1,1,1,1,0,1,5,0,0,2,0,0,1,0,1,0,1,8,1,4,2,4,1,3,10,2,2,2,3,5,2,1,0,4,0,4,0,2,3,1,1,2,3,1,0,0,0,3,3,0,0,3,1,1,0,0,2,0,3,2,0,3,0,1,1,2,1,1,2,0,1,6,2,2,3,0,0,1,2,0,2,0,3,1,2,0,2,2,0,2,0,0,2,0,0,0,0,1,0,0,0,0,2,3,2,3,0,1,0,2,0,1,0,1,1,0,1,1,1,1,3,0,0,9,0,0,0,0,0,0,0,plehanov
plehanov_cant_vs_kant.txt,44,5,2,1,2,2,1,9,283,15,26,4,3,8,17,2,1,33,18,3,82,11,38,42,11,275,46,33,69,14,15,8,20,58,88,8,0,2,167,13,4,33,81,7,2,78,12,29,6,3,37,0,4,12,5,0,0,8,0,1,74,4,3,9,3,7,1,12,22,38,7,21,22,17,32,21,11,174,19,58,11,14,5,48,20,14,10,8,16,1,9,10,7,1,155,1,5,2,0,10,4,2,1,6,6,19,17,12,9,2,11,2,0,55,11,3,77,8,2,3,9,6,15,5,13,5,14,5,4,9,3,7,5,2,8,5,7,4,4,29,13,10,53,13,3,8,23,23,0,1,27,2,1,1,0,0,0,2,3,22,1,1,0,5,9,1,2,4,2,2,2,16,6,4,8,3,2,3,6,6,8,3,0,11,2,11,61,8,21,5,10,2,3,17,13,6,21,3,13,5,1,1,6,1,7,4,26,7,7,15,13,15,3,9,6,15,0,8,0,4,8,7,6,5,7,7,2,4,7,1,1,8,4,18,1,3,7,7,4,9,21,11,2,7,5,5,0,2,0,6,6,5,2,6,0,4,5,1,4,7,1,22,5,0,0,0,8,4,6,1,3,4,5,3,0,0,1,7,4,3,6,0,2,4,11,4,11,1,3,0,0,5,12,1,0,0,3,3,0,0,plehanov
plehanov_grustnoe_nedorazumenie_I.txt,27,0,0,0,1,0,0,15,92,5,8,1,4,1,5,4,1,8,8,0,14,4,13,15,4,88,16,17,25,12,9,4,4,12,27,2,0,0,85,6,6,7,32,9,0,32,2,14,15,1,25,0,3,3,1,0,0,3,0,3,37,2,0,2,0,0,0,4,4,11,5,9,8,10,14,12,6,78,4,34,1,4,1,30,2,11,15,0,10,2,0,1,4,2,3,0,0,1,1,0,0,0,0,7,3,3,3,11,2,1,2,1,0,14,5,1,26,1,0,0,3,4,1,0,2,3,4,4,0,5,8,2,4,0,5,3,9,3,9,9,4,3,20,2,1,4,3,12,1,1,12,3,0,0,2,0,1,1,5,3,1,0,0,7,0,0,0,1,0,0,0,1,1,2,5,6,1,5,4,3,2,0,1,1,6,3,24,6,4,3,2,0,3,7,7,5,5,3,5,0,0,3,6,0,3,3,7,3,2,3,5,1,2,5,2,11,1,1,0,2,6,4,0,1,1,6,1,2,0,2,0,4,0,17,5,4,2,5,0,1,12,1,1,4,0,2,7,1,0,10,2,3,0,1,0,3,3,0,3,1,0,4,1,1,1,2,4,7,0,0,5,3,1,3,0,0,2,2,0,0,5,0,4,0,0,1,2,0,18,17,0,3,46,3,0,0,0,0,0,1,plehanov
plehanov_gzha_breshkovskaya_I.txt,5,2,1,1,0,0,0,7,55,1,2,1,0,4,4,2,0,6,5,0,12,2,8,13,6,73,9,4,11,4,3,2,1,10,22,2,1,2,38,1,1,0,13,2,0,5,2,5,4,0,13,0,0,3,4,0,0,4,0,0,19,1,0,2,0,2,0,1,2,5,1,5,0,2,8,9,0,38,3,14,6,2,0,11,1,3,3,1,2,1,2,1,1,0,27,1,0,2,1,0,0,2,1,1,0,5,2,3,0,0,1,0,0,7,0,2,24,0,2,0,1,0,3,0,2,2,4,2,0,1,1,1,0,0,2,0,5,2,1,1,2,2,15,3,1,0,18,1,1,2,8,1,0,0,0,0,0,0,0,4,2,0,0,1,0,1,2,3,2,0,0,3,3,0,1,2,0,2,0,0,0,0,0,3,0,2,14,1,9,1,2,3,1,4,3,0,5,3,1,1,1,0,4,0,1,0,2,3,2,5,0,5,0,0,2,2,1,0,0,1,3,0,0,4,0,3,1,0,1,2,0,2,1,8,2,0,1,0,2,4,2,0,4,2,0,1,2,0,0,1,0,1,2,2,1,1,3,1,3,1,0,8,2,0,0,8,1,1,0,0,0,0,0,1,0,0,1,0,0,1,1,0,1,0,0,1,2,0,0,8,1,0,21,2,0,0,1,1,0,0,plehanov
plehanov_k_agrarnomu_voprosu_v_Rossii_NQ.txt,50,6,3,1,3,0,3,21,196,8,19,1,3,4,8,1,0,27,6,5,35,11,33,36,17,147,26,21,52,18,14,4,16,26,78,9,0,0,152,5,4,6,60,2,0,45,6,17,9,2,26,1,4,15,4,1,0,13,0,3,46,3,4,8,1,9,8,5,25,24,5,16,13,17,27,20,15,139,14,70,12,12,1,42,6,15,15,6,16,6,5,2,6,1,7,1,4,4,5,3,1,6,5,13,6,13,5,7,4,2,3,7,1,34,11,3,51,5,8,1,1,7,3,3,3,1,12,4,1,7,4,5,5,4,16,2,13,8,10,10,8,7,35,5,1,2,11,15,0,0,8,4,0,0,0,0,2,1,2,8,4,0,1,6,2,1,2,11,2,3,0,16,5,2,11,8,4,8,1,4,4,8,3,6,3,5,48,9,25,10,5,4,2,8,9,2,9,1,16,4,0,15,10,0,6,6,5,6,1,9,8,11,0,3,2,14,1,2,0,2,8,3,2,2,2,5,1,4,2,0,2,8,2,11,2,2,8,12,2,10,14,1,8,3,2,7,0,2,1,3,4,0,3,1,5,3,5,0,3,4,4,9,2,1,3,57,9,10,6,1,10,3,3,10,0,8,13,2,1,0,2,0,7,7,1,1,9,3,7,4,0,5,45,1,0,21,4,4,0,0,plehanov
plehanov_k_voposu_o_zahvate_vlasti_I.txt,16,2,1,0,0,0,5,7,91,7,7,1,3,1,3,1,1,11,3,0,11,7,8,12,6,97,7,6,21,5,5,3,3,11,27,7,0,0,45,2,3,6,27,0,1,11,1,2,4,2,15,0,9,2,2,3,2,4,0,3,26,3,2,1,0,3,0,3,1,8,1,5,7,6,12,4,7,38,8,9,5,4,2,30,5,7,6,0,7,1,1,0,3,0,6,1,1,1,0,6,1,3,1,9,0,4,1,6,1,0,3,0,0,3,12,0,24,1,2,0,3,5,5,0,3,2,0,0,0,1,1,0,3,1,5,4,5,2,1,1,1,0,8,6,1,0,2,17,1,0,7,0,2,0,3,2,1,6,10,6,0,6,0,2,13,3,1,0,0,0,0,5,2,2,4,6,1,1,0,0,4,3,0,3,1,1,12,3,7,0,5,0,2,1,3,3,6,1,2,1,2,6,4,1,2,0,1,3,3,4,3,6,0,1,1,1,0,3,0,0,0,1,1,1,2,1,2,4,1,1,1,1,1,5,1,2,1,2,0,5,12,0,3,2,1,1,2,7,0,1,1,9,0,0,2,0,4,0,2,2,1,5,0,0,0,0,6,8,0,0,2,4,1,0,7,0,3,1,2,6,6,1,2,1,2,0,0,0,1,1,0,2,6,0,0,0,0,6,0,0,plehanov
plehanov_krasniy_cyezd_I.txt,12,6,1,1,1,1,1,8,80,3,6,4,3,3,4,3,1,17,5,0,16,2,10,6,5,71,14,9,19,7,6,2,6,14,32,2,0,0,44,2,1,2,22,1,0,6,2,9,15,2,14,0,2,3,5,0,0,1,0,0,26,0,2,4,0,6,0,3,28,12,3,11,7,2,16,7,4,49,3,17,2,6,0,26,5,10,6,2,3,0,0,2,2,1,12,3,3,0,1,7,9,7,0,4,2,13,1,5,0,0,0,4,0,6,4,3,13,0,2,0,2,0,2,2,2,2,3,0,2,2,4,3,2,0,2,0,2,0,1,6,2,1,18,1,0,1,6,11,3,0,16,2,0,0,1,0,3,2,11,6,1,1,1,3,1,3,0,1,0,0,2,8,2,2,2,7,0,3,3,1,3,2,13,1,1,0,20,3,6,2,3,1,0,9,4,2,3,1,6,2,1,1,5,0,1,2,2,3,2,3,1,3,1,2,0,3,1,4,0,1,2,4,1,1,2,1,1,3,1,3,0,2,1,4,1,0,3,1,1,3,5,2,6,2,0,3,0,4,0,4,2,3,0,2,4,3,1,0,2,3,1,2,1,6,2,3,6,0,0,2,1,1,0,0,0,2,2,1,3,0,1,0,2,0,1,4,0,0,3,1,0,2,6,0,0,0,0,0,1,0,plehanov
plehanov_logika_rus_terrorizma_I.txt,15,2,0,6,4,4,3,1,66,7,19,1,0,0,3,2,0,15,1,0,6,2,12,19,9,76,7,14,24,8,1,2,8,12,30,1,1,2,60,0,0,3,22,0,3,4,3,1,1,2,18,0,2,2,2,6,3,9,1,4,14,0,1,1,4,2,0,3,0,8,0,3,8,10,9,7,9,57,4,24,5,4,13,17,4,6,6,3,0,0,2,1,0,1,2,2,0,2,5,0,0,3,2,4,6,6,5,10,1,4,0,6,2,9,2,2,17,3,2,0,0,3,4,0,5,5,2,0,1,3,4,4,4,0,7,1,7,0,1,9,2,0,9,3,0,0,19,7,2,1,9,1,0,0,1,3,2,3,2,3,2,2,0,5,0,1,1,4,0,2,5,1,2,0,3,0,1,3,2,1,1,0,0,0,3,2,22,6,11,4,3,0,2,7,0,2,3,0,6,1,1,9,2,0,2,0,0,1,4,3,0,4,1,1,2,6,1,1,0,0,1,0,0,1,1,3,1,1,0,3,0,1,4,4,1,3,4,0,0,2,9,1,4,0,1,3,0,2,1,3,0,2,0,1,1,0,3,1,6,0,0,3,2,0,0,0,5,1,3,1,3,2,1,1,1,0,0,0,1,0,0,1,0,1,0,3,0,0,0,0,0,1,1,1,0,1,1,0,0,0,plehanov
plehanov_martovskie_idy_I.txt,5,2,3,3,3,0,0,18,70,5,6,2,0,2,1,0,0,8,2,0,16,2,5,8,3,77,13,6,15,4,5,1,1,3,19,0,0,0,34,1,0,1,15,0,0,3,1,1,1,1,5,0,3,2,0,0,0,1,0,9,19,3,1,3,3,1,0,0,0,5,0,5,2,6,10,2,7,22,3,7,4,7,2,15,1,2,4,2,1,0,5,0,1,1,8,3,2,8,7,0,0,0,1,2,1,3,0,4,2,1,0,3,0,4,4,0,5,4,5,2,0,1,3,1,2,2,9,4,1,4,0,3,3,1,2,0,1,0,0,8,3,0,9,1,1,0,1,8,1,0,3,5,0,1,0,0,0,3,6,1,5,0,2,1,4,4,1,0,1,3,0,4,3,1,7,0,1,0,0,0,7,1,0,2,2,2,6,4,3,3,5,2,1,5,4,2,4,0,1,0,0,1,10,0,2,0,1,2,4,1,1,3,2,0,1,3,0,2,0,0,4,1,2,0,0,3,0,2,0,0,4,2,2,0,0,2,3,1,1,4,4,2,3,0,0,0,0,5,0,1,1,0,0,2,1,2,0,0,3,4,0,1,2,0,0,0,4,0,8,0,0,1,0,0,1,0,0,2,0,0,0,0,0,2,1,1,1,0,0,0,0,1,0,0,0,0,2,2,1,0,plehanov
plehanov_na_poroge_20v_I.txt,4,1,0,2,1,1,0,1,35,2,2,2,0,4,1,0,2,10,1,1,11,1,3,2,7,50,3,9,6,1,3,0,6,5,10,0,0,0,13,1,1,1,9,0,1,5,1,2,2,3,2,0,0,1,0,0,0,1,0,3,6,0,0,1,5,0,1,0,4,4,0,3,2,0,1,3,4,15,0,5,1,5,2,7,3,2,2,0,0,0,0,0,1,0,0,0,1,2,2,0,0,2,1,0,0,4,1,2,1,4,0,0,0,6,2,1,3,0,2,2,0,0,0,0,4,2,5,1,1,1,0,1,0,0,3,3,3,0,2,6,0,1,3,1,0,0,2,0,0,0,3,0,0,0,1,1,0,2,2,1,4,1,1,0,0,0,0,1,0,0,0,1,0,0,0,3,4,1,0,0,1,0,0,1,0,1,7,5,3,2,0,0,0,4,1,2,2,1,1,0,0,6,1,0,1,2,1,0,1,2,0,0,0,1,1,0,0,1,0,0,5,2,0,0,0,1,2,0,1,0,0,1,0,2,0,1,3,0,0,0,6,0,0,0,0,1,0,1,0,1,2,0,1,0,1,0,2,0,0,1,0,0,0,0,0,0,1,0,1,0,0,0,1,0,1,0,0,0,0,0,0,0,0,3,4,1,0,0,0,0,0,2,0,0,0,0,0,0,0,0,plehanov
plehanov_neosnovat_opaseniya.txt,4,0,3,0,1,1,0,4,15,1,2,0,0,1,4,0,1,5,0,0,0,1,3,1,0,20,1,4,3,5,0,3,2,0,7,0,0,0,24,1,0,1,5,0,0,4,1,2,4,2,3,0,0,0,0,0,0,0,0,4,6,0,0,0,0,1,0,0,2,2,0,0,2,2,3,5,2,22,0,6,2,4,0,8,1,1,1,1,0,0,0,0,0,0,7,0,1,0,0,0,0,1,0,1,0,2,3,3,0,0,0,0,0,4,4,0,1,0,1,0,2,0,2,1,0,2,0,1,0,0,1,0,2,0,0,0,6,2,5,3,0,0,1,0,0,0,7,4,0,1,0,0,0,0,0,1,0,0,5,2,1,4,0,1,0,0,0,1,0,0,0,4,0,2,2,3,0,1,0,0,2,0,0,0,1,0,8,1,3,2,0,0,0,2,2,2,0,0,2,1,0,4,1,0,1,0,0,0,4,1,0,0,0,0,0,4,0,0,0,0,2,0,0,0,1,1,0,0,1,1,0,0,1,1,1,0,0,0,0,0,1,0,0,0,0,0,0,1,0,1,1,0,0,2,1,0,0,0,0,0,0,0,0,0,0,0,1,1,0,0,0,0,0,0,0,0,0,1,0,0,0,0,0,0,3,0,0,0,0,2,0,0,8,0,0,0,1,0,0,0,plehanov
plehanov_o_chernoy_sotne.txt,18,2,1,2,0,0,2,5,44,1,11,0,2,0,4,1,0,7,6,0,18,5,5,14,4,69,7,14,15,9,8,2,4,7,19,9,3,1,43,2,1,4,9,1,1,14,5,16,0,1,12,0,1,2,0,0,0,4,0,1,17,0,1,4,1,2,1,5,1,6,2,4,3,5,12,6,7,36,5,22,1,3,0,11,1,3,2,0,3,0,1,3,0,0,0,1,0,4,1,0,4,1,2,0,0,3,2,5,1,0,1,0,0,6,2,0,24,0,0,0,2,0,3,0,0,1,1,3,0,4,2,2,0,1,2,0,4,3,1,2,0,2,8,0,0,0,5,13,0,1,6,1,0,0,2,0,0,1,2,7,0,0,0,0,0,0,0,1,0,0,3,2,1,1,0,2,0,4,1,3,0,1,0,2,1,0,14,0,3,1,7,0,3,4,4,2,5,2,5,0,0,1,1,0,2,0,3,1,3,0,0,3,1,3,1,0,2,1,0,2,7,0,3,0,2,3,0,1,5,1,0,1,2,1,0,1,5,0,0,1,5,0,5,1,1,0,0,2,0,5,1,0,0,1,1,2,0,1,2,5,0,8,3,0,0,1,0,0,0,0,1,1,0,2,0,3,0,2,0,0,0,1,3,1,0,1,1,0,0,3,0,0,12,1,0,0,1,0,0,0,plehanov
plehanov_otvet_sionistam_I.txt,7,1,0,0,0,0,0,9,29,0,4,0,0,0,1,0,2,5,0,0,7,1,4,5,1,26,5,2,8,1,0,1,4,0,17,1,0,0,31,2,0,0,12,0,1,8,4,4,2,0,4,0,2,3,1,0,0,1,0,0,11,0,0,2,0,0,0,2,4,3,0,3,1,4,4,1,1,34,4,14,2,4,0,9,4,3,0,1,2,0,0,0,0,1,0,0,2,1,0,1,0,0,0,1,0,2,0,0,0,0,1,0,0,3,1,0,5,0,0,0,1,3,1,0,0,1,0,0,1,0,0,0,0,0,0,0,1,0,2,4,0,2,11,3,0,0,0,8,1,0,3,0,0,0,0,0,0,0,1,2,0,2,0,0,0,0,0,6,1,0,0,2,1,1,1,2,0,2,2,2,0,1,0,0,0,0,12,0,4,1,0,0,2,5,1,1,2,1,1,0,0,0,2,0,2,2,1,4,3,0,1,2,1,0,0,0,0,3,0,0,2,0,2,1,0,1,0,3,1,1,0,0,0,3,0,0,0,0,0,2,7,0,0,1,1,3,0,0,0,1,0,0,0,0,0,0,1,0,2,0,2,3,0,0,0,1,1,0,0,1,1,0,0,1,0,0,2,0,2,0,0,0,1,0,0,0,2,0,6,3,0,1,11,1,0,0,1,0,0,0,plehanov
plehanov_pervie_frazy_uchenia.txt,75,15,6,38,27,26,4,47,465,38,43,4,8,20,18,5,2,51,34,12,111,16,47,55,38,560,50,72,102,40,33,11,23,68,168,10,9,13,248,8,2,14,116,6,7,68,12,59,17,8,57,2,8,30,10,3,1,14,1,13,139,10,7,28,15,10,5,21,13,49,20,36,25,32,55,29,36,269,27,93,29,33,44,66,13,20,48,11,7,0,19,14,19,6,71,7,7,8,4,6,5,5,3,13,14,43,24,43,14,4,21,18,3,41,28,7,109,9,43,44,5,12,9,6,24,27,36,8,7,25,12,15,10,5,11,4,11,5,2,25,10,8,81,21,36,7,33,63,2,3,24,15,3,5,9,0,3,8,21,35,8,2,4,6,12,2,3,0,0,4,1,26,6,1,13,4,17,13,5,7,26,17,0,10,8,4,89,19,32,14,15,7,0,23,24,19,18,12,16,3,4,4,27,7,7,16,2,8,15,7,17,13,10,10,5,17,2,8,0,1,23,11,4,0,3,6,5,9,8,9,2,4,8,11,11,8,16,7,5,18,26,6,28,3,3,7,0,10,2,13,2,7,5,6,2,15,9,1,6,7,0,22,6,0,0,0,8,4,5,8,13,10,6,3,8,1,17,7,7,6,5,2,6,26,32,5,8,6,4,2,0,17,14,7,0,0,5,5,3,0,plehanov
plehanov_pessimizm_kak_otrazhenie.txt,61,8,4,0,2,1,1,52,266,11,41,3,6,9,13,2,0,40,28,2,73,20,23,24,26,377,28,26,72,24,12,6,10,65,99,4,5,13,210,13,0,19,88,11,3,68,14,46,0,4,49,0,1,22,7,1,1,15,0,1,85,9,2,13,5,16,4,18,0,35,5,26,23,21,32,50,22,157,12,51,15,11,0,54,19,12,27,3,6,0,10,3,5,1,29,6,4,4,0,0,0,0,0,3,3,21,10,24,15,10,2,0,0,18,18,1,68,7,4,1,5,4,8,3,18,13,15,11,4,12,9,2,4,2,17,7,40,16,17,31,21,16,45,6,2,5,14,33,0,1,15,8,0,0,0,0,1,1,0,8,4,1,1,6,0,0,0,13,9,2,0,13,4,3,17,18,3,11,3,6,9,6,0,4,0,3,59,7,18,3,3,9,4,16,19,8,10,2,11,0,1,10,28,1,6,10,12,3,12,14,9,21,5,10,5,28,2,5,0,1,11,5,8,5,7,6,4,4,10,5,1,8,10,15,3,7,5,9,0,6,18,4,10,5,3,5,0,4,3,10,9,0,0,11,0,2,6,1,5,5,0,10,2,0,0,0,3,2,11,3,5,5,1,4,2,2,3,4,6,1,17,0,8,12,0,5,3,2,6,6,0,7,24,2,0,2,2,0,0,0,plehanov
plehanov_pismo_k_rabochim.txt,5,0,1,0,0,0,0,2,12,1,4,2,1,1,0,1,0,3,1,0,3,0,2,3,4,11,1,0,3,3,1,1,1,6,7,0,3,3,17,1,1,0,2,0,0,3,5,2,2,0,0,0,0,4,0,1,3,0,0,1,7,0,0,0,0,1,0,0,0,1,0,4,7,0,0,2,2,12,1,3,0,0,1,3,0,1,1,0,1,0,1,0,2,0,5,0,0,3,0,0,0,0,0,2,0,2,0,2,1,0,0,0,0,1,1,0,5,0,1,0,0,0,0,0,0,1,1,0,0,0,1,0,0,0,1,1,2,1,3,1,0,1,0,1,0,0,0,1,0,0,1,0,0,0,0,0,0,0,0,2,1,2,0,0,0,0,0,0,0,1,2,0,0,1,1,1,0,0,0,0,0,0,0,0,0,1,3,0,0,2,0,0,0,2,0,0,3,0,1,0,0,3,0,0,1,0,0,0,0,0,0,0,1,1,1,0,0,0,1,0,0,0,0,0,0,1,1,0,0,0,0,1,0,0,0,0,0,0,0,0,0,0,1,0,0,1,0,0,0,0,0,0,0,0,0,0,0,0,0,1,0,1,1,0,0,0,0,2,0,0,1,0,0,0,0,0,0,0,0,0,5,0,1,0,1,1,0,0,0,0,0,0,1,0,0,2,0,0,0,0,plehanov
plehanov_police_anisemitizm_I.txt,13,5,0,0,0,1,1,18,65,2,16,0,4,3,0,0,1,6,3,1,14,2,12,11,7,93,15,9,16,8,1,3,0,18,32,5,0,0,82,1,2,0,25,2,3,5,3,8,2,3,7,1,1,6,2,1,2,4,0,3,24,1,1,0,1,2,0,5,8,7,0,4,10,5,7,5,10,56,7,21,4,2,4,22,2,6,5,2,2,0,1,1,3,2,20,1,0,2,2,1,3,0,1,1,2,9,5,7,0,0,4,0,1,4,5,2,14,1,0,0,2,3,3,4,5,1,4,3,2,1,0,2,0,0,4,4,6,0,2,11,2,5,7,0,1,0,1,7,1,0,7,4,0,2,1,3,0,2,5,3,1,4,0,0,0,0,0,1,0,1,0,0,3,2,1,5,1,3,1,3,1,2,0,0,2,1,20,7,6,2,1,0,1,2,1,5,7,1,7,0,0,2,8,0,6,2,2,3,4,4,0,3,2,0,0,2,1,1,0,1,7,1,0,0,0,5,1,3,1,1,0,1,2,4,1,1,0,0,1,2,6,2,5,0,0,0,1,1,0,1,1,1,0,1,0,1,1,0,2,2,0,2,1,0,0,1,0,2,1,0,2,2,2,1,1,0,0,1,1,2,3,0,1,0,0,0,3,0,0,1,1,6,5,0,0,0,1,0,0,0,plehanov
plehanov_pora_obyasnitsya.txt,8,1,0,0,0,1,2,2,25,3,2,2,1,1,2,0,0,2,8,0,3,2,5,8,3,33,6,3,14,3,3,3,4,4,17,1,0,1,35,1,0,3,16,3,4,5,0,8,4,1,12,0,0,1,1,0,1,2,0,0,14,0,0,0,0,1,1,2,1,4,1,1,1,3,11,3,1,29,0,18,2,1,1,8,4,5,3,1,0,2,0,1,2,0,1,0,1,0,0,0,1,3,2,1,1,7,3,1,0,0,0,0,0,3,1,0,9,2,0,0,0,0,2,0,1,1,1,0,0,2,0,1,0,0,0,2,1,0,0,1,1,2,2,3,0,1,8,1,0,0,4,0,1,1,0,0,0,0,0,3,0,1,1,1,0,0,0,0,0,0,7,2,1,0,2,3,0,0,0,0,2,1,0,0,0,1,11,1,0,1,3,0,1,2,0,0,5,1,2,1,0,2,0,1,4,3,1,0,1,0,2,2,0,0,1,1,0,1,0,0,1,3,1,0,1,2,2,0,1,1,1,1,0,1,4,1,1,3,1,1,6,0,5,0,1,2,0,1,1,2,0,2,0,3,8,1,0,0,2,0,0,2,1,0,0,0,1,0,1,0,1,0,2,4,3,0,3,0,0,1,3,0,0,0,0,2,0,0,0,6,0,3,13,1,0,0,1,0,0,0,plehanov
plehanov_simptomat_mistake.txt,11,1,2,2,0,0,0,9,35,1,5,0,1,0,1,1,0,6,2,0,19,2,6,10,2,61,8,6,12,0,4,1,5,1,19,1,0,0,45,2,0,2,16,1,1,8,2,5,0,3,10,1,0,2,0,0,0,1,0,0,12,1,1,2,0,1,1,5,0,6,3,7,6,3,10,4,3,33,5,13,4,1,0,13,2,10,2,0,3,0,1,0,1,0,0,0,0,3,6,0,0,2,1,0,0,6,2,3,0,1,1,0,0,1,5,4,12,1,0,0,3,0,4,0,1,2,3,0,0,5,0,4,0,0,1,0,5,4,3,1,1,2,5,2,2,1,9,8,0,2,7,4,0,0,0,0,2,0,0,1,0,0,0,2,0,0,0,4,3,0,1,0,2,0,5,0,0,0,0,0,1,1,0,0,1,4,5,1,6,3,2,0,1,4,4,3,2,1,2,1,0,0,3,2,2,1,0,1,0,2,2,1,1,2,1,4,0,1,0,2,0,0,0,0,0,3,1,1,5,1,0,3,1,2,1,0,0,1,0,4,8,1,5,3,1,1,0,1,0,2,1,1,0,0,0,1,0,0,3,1,0,2,0,0,0,0,1,1,0,0,5,1,1,3,0,0,5,1,3,1,0,0,2,0,0,0,1,0,2,4,0,0,13,0,0,3,1,0,1,0,plehanov
plehanov_slovo_prinadlezhit_menshevikam.txt,12,0,0,0,0,0,0,3,29,1,3,0,0,1,0,0,0,6,2,0,5,0,9,4,2,31,4,3,5,0,2,2,5,2,12,1,0,0,33,1,1,2,10,0,0,1,5,3,7,1,8,0,1,0,1,0,0,4,0,0,14,2,0,1,0,1,0,0,0,4,1,1,0,1,11,3,1,19,1,5,2,0,1,18,0,6,3,1,3,0,1,1,1,0,1,0,0,0,1,0,0,1,2,0,2,2,1,5,0,0,0,0,0,2,0,1,11,1,0,0,3,1,0,0,1,0,3,0,0,1,2,0,0,1,0,1,3,3,8,1,0,0,11,1,0,0,4,1,0,0,2,0,1,0,0,1,1,0,0,0,1,0,0,0,0,0,0,1,0,1,0,4,1,0,2,1,0,1,0,2,1,1,0,1,1,0,6,1,5,3,2,0,0,0,1,1,4,0,1,0,0,1,1,0,1,0,2,4,1,0,4,2,0,2,1,1,0,0,0,0,1,0,0,0,2,0,0,3,0,0,0,2,0,0,0,0,1,4,0,1,1,1,5,0,1,0,0,0,0,1,2,1,0,2,3,0,0,0,3,1,0,0,1,0,0,0,1,0,0,0,2,1,0,0,0,0,2,0,1,0,12,0,1,0,0,0,0,0,6,7,0,0,16,0,1,0,1,0,0,1,plehanov
plehanov_torzhestvo_sr_I.txt,3,0,1,0,0,1,0,3,26,0,9,0,0,0,1,0,1,4,8,0,3,0,1,3,2,34,2,4,5,3,1,2,4,10,12,0,0,0,25,0,0,1,8,1,0,0,0,4,5,7,18,1,5,2,0,0,0,0,0,0,7,0,2,3,0,3,0,0,6,6,0,1,1,1,6,1,1,23,3,7,1,0,1,3,1,0,2,3,0,0,1,2,1,1,3,0,1,0,1,2,0,0,0,0,0,1,2,4,0,0,1,0,3,4,1,0,5,1,0,0,3,1,0,0,2,0,0,0,0,0,0,1,0,1,4,0,2,0,7,11,1,1,10,3,0,0,2,3,1,1,0,0,0,0,0,0,0,0,1,3,0,0,0,0,0,1,5,5,0,1,0,2,0,0,4,1,0,1,2,0,0,2,0,0,0,0,7,1,1,1,1,0,0,1,1,0,3,1,0,0,0,0,4,0,1,0,3,1,1,1,0,2,1,2,0,2,0,0,0,2,0,0,0,0,0,0,0,0,2,0,0,2,0,2,1,0,3,0,0,0,0,0,0,0,0,0,1,0,0,0,1,2,0,0,5,0,0,1,1,0,3,0,0,0,1,1,1,0,1,0,1,0,1,1,0,0,2,1,0,0,1,0,3,0,0,0,0,0,0,0,1,0,0,0,0,0,1,0,0,0,plehanov
plehanov_uspenskiy.txt,123,20,20,1,2,1,3,49,494,21,85,10,15,21,41,8,0,65,31,10,181,51,30,106,57,668,73,44,176,30,21,15,44,83,193,16,18,13,367,40,5,38,144,21,15,240,15,52,0,10,88,0,3,20,17,1,4,25,1,4,186,9,5,20,8,14,10,26,3,63,13,30,26,36,81,68,40,321,34,81,12,25,8,88,22,21,30,17,9,0,8,7,17,9,16,1,10,1,3,0,0,9,4,5,11,36,32,29,33,21,8,4,0,52,25,7,149,23,2,2,13,9,18,11,14,12,21,29,8,36,12,7,18,9,27,1,16,17,14,66,23,24,70,21,3,6,31,35,6,1,24,12,1,1,1,1,4,2,5,9,6,1,1,17,1,0,2,16,10,9,1,26,15,9,32,21,11,16,4,7,9,20,0,12,10,12,139,17,33,16,14,63,14,37,17,11,27,17,26,10,0,26,10,11,26,25,28,8,21,15,10,15,6,6,11,33,4,9,0,9,17,13,11,5,5,4,13,12,25,15,7,16,10,29,8,12,10,3,11,5,43,9,5,9,6,6,0,12,5,14,13,12,1,19,0,6,11,2,8,13,3,27,10,0,0,0,6,17,14,7,15,16,3,20,9,11,23,11,8,7,25,0,11,12,3,7,30,11,15,14,1,19,37,8,0,15,6,0,1,0,plehanov
plehanov_vremena_menyayutsya_I.txt,0,2,1,0,1,0,0,3,32,5,3,1,1,1,2,0,0,4,1,2,3,0,1,1,3,30,4,6,3,4,1,1,0,10,17,0,2,2,25,2,0,0,8,1,0,2,2,5,1,1,3,0,0,0,1,0,2,3,0,0,7,0,0,2,1,1,0,2,0,1,1,0,6,1,7,3,7,13,3,5,1,3,1,4,4,1,8,0,1,0,1,0,1,0,7,1,1,0,1,0,0,0,0,4,0,2,2,2,1,0,2,0,0,2,0,0,5,1,1,0,1,1,0,1,1,0,0,3,0,1,0,0,0,0,1,2,0,1,0,0,1,0,2,0,0,0,2,2,0,0,2,0,0,0,0,0,0,2,0,3,0,0,0,0,2,1,0,4,0,0,0,3,0,1,1,1,1,2,0,0,2,0,0,0,1,2,4,1,1,1,4,0,0,5,4,1,1,0,1,1,1,0,3,0,0,0,2,1,0,0,1,0,1,0,0,1,1,1,0,2,0,0,1,0,1,0,0,0,0,0,1,0,1,0,0,0,1,0,0,0,2,2,0,0,0,0,0,2,0,0,0,0,0,0,1,1,2,0,0,1,0,1,1,0,0,0,0,0,0,0,2,0,1,0,0,0,0,1,0,0,0,0,2,0,1,1,1,0,0,0,1,0,0,0,0,0,0,0,0,0,plehanov
plehanov_vroz_idti_vmeste_bit_I.txt,16,8,1,1,5,3,2,8,97,13,11,3,2,9,8,1,1,14,7,3,20,4,8,8,7,96,8,5,21,6,10,4,7,25,45,3,4,3,58,5,3,4,12,1,1,4,1,15,4,2,14,0,1,5,6,3,4,15,0,1,28,3,0,2,1,11,2,6,8,7,6,12,19,7,12,12,5,41,7,19,1,13,5,12,3,5,4,0,2,0,5,2,2,0,1,4,0,1,2,3,1,1,0,7,2,8,1,8,1,2,1,2,2,8,1,5,27,3,1,1,2,0,7,1,2,5,5,1,0,0,4,2,1,1,12,4,20,7,9,15,3,1,21,4,10,1,9,4,1,0,5,1,1,1,2,4,0,6,7,4,1,0,0,1,1,3,4,6,0,2,1,5,2,4,4,4,3,1,0,1,5,11,0,4,3,0,22,3,9,1,7,2,3,10,1,4,6,3,2,2,0,10,0,1,4,4,0,3,6,3,2,6,1,4,2,4,5,2,1,0,2,2,2,0,6,1,4,3,0,4,0,2,4,4,1,0,5,1,0,3,6,1,1,0,1,1,6,3,0,2,0,3,3,1,3,0,1,0,1,2,0,0,1,0,0,0,3,4,1,1,2,1,3,1,4,0,2,1,3,5,0,0,1,0,0,3,1,0,0,0,0,6,3,1,0,0,2,0,0,0,plehanov
trotsky_chto_dalshe.txt,12,8,0,1,2,0,2,11,90,10,8,5,1,5,1,2,1,23,8,3,9,0,8,13,11,105,12,13,20,2,3,9,7,11,43,0,5,16,56,1,2,7,34,3,0,10,2,12,8,3,21,4,1,2,0,2,2,2,1,9,37,3,2,2,1,3,0,1,9,8,2,6,7,7,14,4,10,25,13,16,4,2,3,14,3,5,12,1,6,0,1,5,4,4,5,2,1,3,1,3,6,1,3,5,1,10,2,13,0,0,2,4,4,14,1,2,19,2,0,0,3,6,1,2,4,1,0,3,2,3,1,3,4,0,1,0,6,2,7,6,0,3,10,1,0,2,16,14,5,1,2,5,3,3,5,1,1,8,7,4,0,1,1,2,22,8,9,5,3,4,0,6,3,0,7,5,0,1,3,0,1,2,0,1,1,2,11,0,1,1,2,0,1,3,4,1,3,1,4,1,1,12,1,0,2,1,1,0,5,2,0,3,1,0,8,2,4,0,0,5,1,1,5,0,1,0,1,1,1,1,2,2,1,2,0,0,2,0,0,5,10,1,5,0,0,3,0,1,0,3,3,2,1,1,2,0,2,0,5,2,0,0,5,0,0,0,1,0,1,0,0,0,0,2,0,0,6,3,1,2,0,8,2,1,0,0,0,1,0,0,0,1,1,0,0,0,2,7,0,0,trotsky
trotsky_dem_i_rev.txt,21,9,1,0,6,0,5,8,128,6,16,5,3,2,6,5,9,33,9,2,21,2,19,15,19,192,18,19,33,10,8,4,24,30,81,0,15,19,115,4,1,13,36,3,1,11,6,37,8,1,9,6,5,4,1,4,5,6,2,4,51,6,8,9,4,7,2,0,8,28,3,7,2,11,29,10,0,82,16,26,4,6,4,22,0,13,9,0,12,2,1,1,3,2,7,2,0,2,0,14,29,10,4,6,2,16,12,16,2,4,2,0,3,13,2,1,44,5,1,2,1,4,2,0,5,0,4,1,1,4,0,3,1,2,4,3,6,2,6,15,0,4,11,4,4,1,31,56,1,0,0,6,1,4,7,2,8,4,3,2,2,4,1,3,12,2,9,7,7,1,10,7,12,4,7,9,0,3,1,0,2,6,1,1,2,2,25,7,9,1,1,2,0,3,5,5,2,2,9,3,0,20,5,1,4,3,6,2,5,4,1,3,3,4,2,8,6,3,0,0,7,1,1,0,0,0,4,1,9,3,3,2,0,4,2,1,4,0,0,4,8,4,3,1,2,16,0,11,3,4,0,4,0,1,5,2,1,0,1,6,0,2,2,0,0,0,6,3,0,3,1,4,3,2,2,0,8,0,1,6,20,0,2,2,0,1,2,4,0,0,1,1,5,0,0,0,1,5,0,0,trotsky
trotsky_demokratia.txt,6,3,0,0,1,0,0,2,33,1,2,1,0,2,0,1,5,5,1,0,1,2,9,10,4,51,3,9,9,2,4,2,3,13,31,0,2,3,32,0,0,5,6,1,0,1,3,10,0,0,2,0,1,0,1,0,3,2,0,0,12,3,0,1,2,3,2,0,0,6,0,1,2,3,9,3,2,23,2,8,0,1,0,4,1,3,0,0,2,0,0,1,1,0,5,1,0,0,0,7,8,0,3,1,0,0,1,4,2,2,0,1,0,4,3,1,7,1,0,0,1,1,0,0,2,0,0,1,1,2,0,1,2,0,2,1,1,0,2,5,0,1,4,1,0,1,12,1,1,2,1,1,1,5,2,1,3,0,0,3,0,0,0,0,1,0,2,1,1,0,5,2,7,0,0,3,0,0,2,0,1,3,5,0,1,1,5,0,1,0,2,0,0,0,0,0,2,0,3,0,1,3,2,0,0,1,3,0,0,0,0,0,1,2,0,5,1,0,1,0,0,1,1,0,2,0,1,0,0,1,2,2,0,0,1,2,2,0,0,3,1,2,1,0,0,5,0,2,7,1,0,1,1,0,0,1,1,0,1,0,0,2,0,3,0,0,1,3,1,5,0,0,4,0,0,0,4,0,0,0,0,1,0,0,0,1,0,0,0,0,1,0,1,0,0,1,1,1,2,0,trotsky
trotsky_dve_tolpy_I.txt,1,1,1,0,0,0,0,9,38,2,7,0,3,2,0,0,0,1,2,0,2,0,2,2,7,67,11,3,7,4,2,2,1,6,18,0,0,0,31,0,0,1,2,1,0,4,2,3,0,0,9,0,2,3,0,0,0,1,0,1,15,0,1,3,0,3,3,0,0,6,1,3,1,0,4,0,1,13,0,8,2,1,0,5,1,3,3,0,2,0,2,1,0,0,2,3,0,0,0,0,0,0,1,0,3,0,0,0,1,2,0,0,0,3,1,0,7,0,0,0,0,1,0,1,0,0,1,0,2,0,0,2,1,0,0,0,1,1,0,8,0,0,3,3,0,1,2,9,0,0,0,1,0,0,1,1,0,0,0,3,0,1,0,4,6,1,2,0,0,1,2,0,4,0,3,4,0,1,0,0,1,0,0,0,0,0,2,1,1,2,0,0,0,2,3,1,2,0,1,1,0,0,1,0,0,1,2,0,0,0,0,0,2,0,0,0,1,0,0,1,4,0,2,0,0,0,0,0,1,1,5,0,1,2,3,0,0,0,1,4,0,0,0,0,0,0,0,2,0,1,0,1,1,1,0,0,0,1,1,0,0,1,1,0,0,0,0,0,0,0,2,1,0,0,0,0,0,1,1,3,0,0,0,0,0,1,1,1,0,0,0,0,0,0,0,1,0,2,0,0,trotsky
trotsky_idealisticheskaya_gamma_I.txt,5,0,0,0,0,0,0,2,14,0,4,0,0,0,0,0,0,2,0,1,2,2,2,0,3,19,2,1,3,0,0,3,0,2,7,0,1,0,7,0,0,3,0,0,0,0,0,2,0,3,2,0,1,0,0,0,0,0,0,0,5,0,0,0,0,0,0,0,0,0,0,0,0,1,2,3,0,9,1,5,1,1,0,2,0,0,0,0,0,0,0,0,0,0,17,0,0,0,0,0,0,0,0,0,0,1,4,0,3,0,1,0,1,3,0,0,4,0,0,0,0,0,1,0,1,0,0,1,0,0,1,0,0,0,0,0,0,0,0,3,0,1,1,0,1,0,1,0,0,0,0,0,0,0,0,0,0,0,0,0,0,0,0,1,0,0,0,0,0,0,0,0,1,1,0,0,0,1,0,0,0,0,0,0,0,0,2,0,0,0,0,0,1,1,0,1,0,0,0,0,1,2,0,1,1,0,0,2,1,0,0,0,0,0,0,0,0,1,0,0,1,0,0,0,0,0,1,2,1,0,0,0,1,0,0,0,0,0,0,1,0,0,0,1,0,0,0,0,0,0,0,0,0,0,0,0,0,0,0,1,0,0,0,0,0,0,0,0,0,0,0,1,2,1,0,0,0,0,0,0,0,1,0,0,0,0,0,2,0,0,0,0,0,0,0,0,0,0,0,0,trotsky
trotsky_intellig_dem.txt,61,20,14,6,6,4,8,52,477,19,83,11,11,36,18,5,12,65,21,9,28,6,50,61,73,684,70,52,145,28,37,6,32,93,206,2,8,26,260,7,5,14,111,5,6,26,17,74,3,17,86,11,21,10,1,5,11,36,7,17,135,10,14,14,20,8,6,15,6,55,14,30,12,40,46,27,42,194,50,75,16,35,16,79,19,43,24,9,26,11,7,6,16,3,38,6,4,4,6,28,6,12,9,17,7,53,7,41,14,13,11,8,4,39,15,4,152,8,1,4,11,8,13,2,32,3,17,5,3,12,8,12,9,17,6,5,11,3,11,26,10,12,61,22,28,13,58,67,15,3,9,22,11,11,32,3,25,7,15,20,9,4,3,3,7,2,2,12,15,4,10,30,9,10,12,14,17,10,17,3,8,10,32,5,4,10,70,11,19,2,4,8,4,22,25,13,17,8,25,7,7,18,31,4,15,9,5,5,10,13,4,8,8,17,4,21,7,11,9,9,13,22,6,1,4,5,7,5,11,7,5,11,2,16,1,15,15,1,10,18,30,8,24,2,5,5,0,16,4,5,2,14,7,3,1,2,5,5,16,15,5,11,3,24,5,0,9,4,1,29,1,7,4,3,22,3,12,6,9,8,7,11,10,4,0,3,3,14,0,1,0,4,4,7,0,1,8,1,3,0,trotsky
trotsky_k_smerty_parvusa.txt,4,0,1,0,0,0,0,3,33,1,2,0,1,2,3,0,0,6,0,0,15,2,1,3,5,29,2,2,6,2,1,1,1,2,16,3,0,0,14,3,0,0,9,0,0,17,0,5,0,0,6,0,4,3,0,0,0,1,1,0,14,0,0,0,0,2,1,4,1,2,1,2,0,2,1,3,2,15,1,4,4,2,1,3,6,2,1,1,2,0,2,1,0,0,0,3,1,0,0,1,0,0,0,0,0,2,1,4,1,0,0,0,0,1,3,0,9,0,0,0,1,0,0,2,0,0,0,2,0,0,4,0,0,0,1,1,1,1,0,2,0,2,11,0,0,0,4,3,0,0,1,4,0,0,0,0,0,0,0,3,1,0,0,1,7,1,3,0,0,0,0,2,1,0,0,1,0,0,1,0,0,0,0,0,0,0,10,1,2,0,1,0,0,2,2,0,0,0,0,2,0,0,0,0,0,2,1,0,0,1,0,0,0,1,0,0,0,1,0,0,1,0,0,0,0,1,1,0,0,0,0,0,0,2,0,0,0,0,1,0,4,0,0,0,0,0,2,3,0,0,1,1,1,1,0,0,0,0,1,1,0,1,0,0,0,0,0,0,0,0,0,1,0,0,1,0,1,0,0,0,0,0,0,0,0,0,1,2,2,1,0,2,4,0,0,0,1,2,0,0,trotsky
trotsky_kapital_v_opozicii.txt,19,10,0,6,1,0,1,12,138,5,17,6,2,10,13,2,2,40,9,4,14,4,7,23,20,240,12,11,41,3,7,3,11,13,77,1,1,2,86,1,3,6,36,2,0,12,3,26,0,4,20,4,10,1,1,2,1,27,1,24,51,3,4,10,5,5,4,5,0,14,4,7,3,9,23,7,9,57,6,16,1,14,7,22,3,14,10,3,2,3,5,1,6,0,4,1,3,7,5,0,5,3,3,3,2,13,4,8,10,4,1,0,3,8,6,1,42,2,5,3,0,2,2,6,4,0,10,1,2,5,1,2,4,9,2,1,3,3,6,16,1,3,16,4,7,2,13,8,2,3,3,16,4,5,9,0,4,8,7,3,18,7,5,1,1,0,0,8,6,1,9,7,3,0,3,2,4,1,1,1,4,2,2,4,2,4,10,5,6,5,3,11,2,9,8,4,8,1,7,1,2,3,0,0,5,5,0,4,2,6,1,3,5,8,0,1,2,2,0,1,4,4,2,0,9,3,0,2,4,4,0,2,1,7,1,2,8,0,3,6,8,6,4,2,1,1,0,4,1,0,1,2,5,4,0,2,7,3,4,4,5,13,6,1,0,0,2,2,2,2,2,3,2,0,1,1,0,3,3,2,0,4,1,13,7,1,2,2,0,0,0,3,0,0,0,1,4,0,0,0,trotsky
trotsky_opekaemoe_studenchestvo_I.txt,8,0,0,2,1,2,0,2,32,1,2,0,0,0,1,3,1,4,2,1,4,0,2,3,0,33,4,0,14,1,1,0,5,6,11,0,0,0,22,1,0,0,6,0,0,3,5,8,4,3,1,0,1,0,0,0,0,0,1,0,15,1,1,1,0,0,0,0,0,5,0,0,1,2,4,0,2,9,4,3,0,2,3,3,0,0,1,0,2,0,0,2,0,1,5,1,1,0,0,3,1,0,2,0,1,0,0,1,0,0,0,0,1,5,1,1,5,0,0,0,2,1,0,0,3,0,3,0,0,1,1,1,0,0,0,0,0,0,0,2,1,0,3,1,0,0,0,1,1,0,0,2,1,1,2,0,0,1,2,2,0,0,0,1,0,2,3,0,0,0,0,0,1,0,2,2,0,2,0,0,1,0,3,0,0,0,2,1,1,0,1,0,0,0,0,0,1,1,3,2,0,0,0,0,0,0,1,0,0,2,0,0,0,1,0,2,0,0,0,0,0,0,1,0,0,2,0,0,0,2,1,1,0,2,0,0,1,0,0,1,3,1,0,1,0,1,0,1,0,0,1,1,0,1,0,0,0,0,1,0,0,1,1,6,0,0,2,0,0,0,0,0,0,1,0,0,0,0,1,0,0,0,0,2,0,0,0,1,0,0,0,1,0,1,0,0,1,0,0,0,trotsky
trotsky_perm_rev.txt,184,41,10,22,27,9,12,81,1369,41,113,20,20,35,46,9,107,147,79,17,85,14,99,170,104,1224,155,68,289,49,40,37,85,89,435,16,2,4,755,20,10,53,235,14,5,131,22,149,69,25,164,11,67,19,16,7,27,61,19,43,355,12,19,28,7,26,9,40,19,76,19,66,29,63,167,117,67,453,48,224,71,53,37,117,37,52,79,30,74,39,12,9,50,6,115,94,10,12,7,50,18,19,10,10,13,93,52,83,8,11,33,13,24,105,18,10,259,12,14,13,12,19,11,21,45,1,56,7,3,34,18,15,17,18,22,7,63,3,12,74,6,17,195,38,19,21,52,58,6,20,35,49,11,11,27,7,9,80,197,93,16,10,8,38,389,24,35,57,16,17,0,24,33,5,32,29,20,27,19,22,12,29,2,5,7,21,134,41,82,16,23,7,18,69,41,34,54,37,44,18,29,55,31,42,33,25,21,25,45,78,11,58,16,14,10,65,17,18,13,9,16,24,9,0,5,21,12,15,11,7,12,38,12,122,6,21,14,3,25,46,59,20,57,7,12,20,0,43,32,6,15,19,19,24,19,7,25,3,23,24,24,13,7,7,4,7,23,15,6,2,22,9,10,23,55,36,20,11,9,25,17,15,2,46,79,9,20,69,44,32,54,11,179,5,1,1,31,98,23,3,trotsky
trotsky_predisl_nasha_rev.txt,1,2,0,0,0,0,0,1,10,0,1,0,0,0,0,0,2,2,1,0,6,0,3,5,1,11,5,0,2,1,0,3,2,7,5,0,0,0,6,0,0,1,2,0,0,3,0,1,1,2,5,1,1,0,0,0,0,2,0,1,7,0,2,0,0,0,0,1,2,3,0,1,2,1,1,0,0,6,0,3,0,0,1,3,0,0,0,0,0,0,0,0,0,0,1,0,0,0,0,2,0,0,0,0,0,0,2,0,0,0,2,0,1,0,1,0,2,0,0,0,0,0,0,1,1,0,0,0,0,0,0,0,0,0,2,1,0,0,0,0,0,0,4,1,0,1,1,0,0,0,0,0,0,0,1,0,0,1,1,0,0,0,0,0,1,0,1,0,1,0,0,0,0,0,0,0,0,1,1,0,1,0,0,0,0,1,4,0,0,1,0,0,0,1,0,1,0,1,2,0,0,0,0,0,0,0,0,0,0,0,0,0,0,1,0,0,0,0,0,1,0,0,0,0,0,0,0,0,0,0,0,0,0,0,0,0,1,0,0,0,2,0,0,0,0,0,0,1,0,2,0,0,0,0,0,0,0,0,0,0,0,0,0,1,0,0,1,0,0,0,0,0,0,0,0,0,1,1,0,0,0,0,0,0,0,0,1,0,0,0,2,0,0,0,0,0,0,1,0,0,trotsky
trotsky_prolet_i_rev.txt,8,4,5,0,1,0,2,8,89,9,20,5,5,6,2,0,1,16,3,0,7,2,5,5,9,103,9,11,11,2,2,5,10,0,42,0,4,4,64,1,8,3,20,3,3,3,1,17,1,1,10,3,1,0,0,0,2,9,1,6,16,1,4,4,3,2,1,1,0,9,2,9,2,4,14,3,8,29,13,23,4,4,2,11,2,11,12,0,1,0,2,1,9,0,1,4,1,1,1,1,0,3,6,11,0,4,5,9,1,1,1,0,0,3,1,2,29,2,0,0,1,2,0,0,3,0,1,1,1,4,0,4,1,1,4,0,1,0,2,9,1,1,4,2,6,2,11,3,1,1,0,3,1,0,4,2,0,7,8,3,0,3,0,1,7,3,8,3,1,1,0,3,3,3,2,4,2,2,1,1,4,0,0,0,1,2,7,1,2,1,3,0,0,10,3,1,4,2,2,3,0,9,2,0,2,0,1,0,1,1,0,2,1,1,0,0,13,0,2,0,7,4,4,0,0,0,0,0,0,2,0,2,0,1,1,4,1,0,1,5,4,1,2,0,0,6,0,5,0,0,0,4,2,2,1,0,4,0,1,1,0,0,1,0,0,0,2,4,0,1,0,2,0,0,0,0,15,2,1,0,0,7,5,0,0,0,1,1,0,0,0,3,0,0,0,0,0,2,6,0,trotsky
trotsky_treb_zemtsy.txt,18,2,0,0,0,0,1,4,81,3,5,1,1,5,5,2,3,16,1,0,9,0,6,9,13,88,11,6,15,1,2,4,6,5,22,0,6,22,70,1,0,5,23,2,1,9,0,9,1,2,11,5,0,4,0,0,1,10,0,0,20,0,4,8,2,1,0,4,3,4,2,5,1,2,21,1,1,33,11,13,1,1,0,11,1,7,2,2,3,1,0,2,3,2,10,0,0,0,0,3,2,3,0,5,4,4,3,5,4,3,3,2,0,8,2,1,16,1,0,0,2,4,5,0,7,0,4,0,2,1,0,1,1,0,1,0,2,1,1,11,0,3,18,2,2,0,11,24,1,1,1,1,3,7,6,0,14,0,1,3,1,0,0,0,0,0,1,4,5,0,0,8,2,0,3,3,0,0,3,2,0,3,5,1,2,4,5,1,7,2,4,0,0,4,3,1,4,2,5,1,2,6,4,7,2,1,1,1,1,1,1,3,2,0,1,7,1,0,0,1,1,4,0,2,0,3,0,0,0,0,0,4,2,1,0,4,0,0,0,4,5,2,2,0,2,3,0,1,7,0,0,2,1,0,0,0,2,0,0,5,0,8,0,6,0,0,1,2,0,21,0,2,4,2,9,0,2,0,3,0,2,0,0,1,0,1,1,5,0,0,0,0,1,0,0,3,0,0,0,0,trotsky
trotsky_voyna_i_oppoz.txt,6,2,0,0,0,0,0,4,58,4,14,0,1,3,2,2,0,7,2,1,9,4,1,6,12,106,2,3,11,8,1,2,1,1,39,0,5,4,43,2,0,3,10,1,2,3,3,12,0,0,5,3,1,0,0,2,5,1,0,0,30,1,2,4,0,2,0,0,0,3,1,6,3,6,8,3,2,20,3,8,2,1,2,3,0,3,4,1,1,0,0,0,1,1,2,0,0,0,0,0,0,4,1,0,2,3,3,5,1,0,0,0,1,1,1,0,10,0,0,0,0,3,0,1,2,1,1,1,0,0,0,0,2,1,1,1,0,3,4,6,0,0,9,0,0,0,13,8,0,0,0,0,1,2,2,0,1,0,0,4,0,0,0,3,0,0,0,4,1,0,0,4,3,3,1,12,0,0,0,0,0,4,2,0,0,0,6,1,3,0,4,0,3,1,0,2,1,0,1,3,1,1,1,1,0,2,1,2,2,2,3,0,2,3,1,4,0,0,2,2,1,4,2,0,3,0,1,0,5,2,0,0,0,2,1,4,1,3,0,3,4,1,6,1,0,1,0,3,2,0,0,0,2,0,2,1,0,0,1,2,0,0,1,1,0,0,1,1,0,4,0,0,1,1,0,0,1,0,2,1,0,0,1,2,0,1,0,0,0,0,0,2,0,0,0,0,1,1,8,0,trotsky
zasulich_dobrolubov_I.txt,16,3,1,0,0,2,1,6,91,4,15,0,1,3,5,2,0,13,4,2,24,6,8,16,10,102,8,12,15,7,2,0,5,7,32,2,2,1,69,3,2,3,33,1,2,34,5,29,0,3,5,0,2,1,1,1,5,5,0,0,23,3,2,2,2,3,0,0,0,5,3,6,11,6,12,11,6,34,12,10,3,0,0,22,5,2,5,2,0,0,1,5,4,0,1,1,0,1,0,0,0,0,0,2,1,1,3,8,4,5,2,0,0,4,3,1,20,1,0,1,1,4,2,2,4,7,0,1,1,3,4,5,1,5,1,0,6,0,2,2,6,5,10,3,2,1,5,11,1,0,1,1,0,1,0,0,0,0,0,1,0,1,0,0,1,0,0,2,1,2,1,5,6,0,5,2,0,0,0,0,1,0,0,0,1,4,15,1,1,4,2,0,0,6,6,2,2,2,4,0,0,3,1,0,0,6,3,0,1,1,0,3,0,7,2,2,2,1,0,0,2,2,0,0,0,0,0,0,3,3,0,2,0,3,0,4,2,0,0,2,3,0,7,1,1,0,0,2,1,5,1,1,0,0,0,0,0,2,1,2,0,2,2,0,0,0,2,2,1,0,1,0,1,1,0,1,9,2,2,1,0,0,1,0,0,4,1,3,0,0,0,4,5,2,0,0,1,0,0,0,zasulich
zasulich_mihailovskiy_I.txt,5,4,0,0,2,2,0,2,42,5,3,1,0,3,1,0,0,8,0,0,13,5,0,2,6,42,10,2,11,5,3,1,0,2,14,0,0,2,34,2,0,0,9,2,0,8,1,5,0,0,9,0,1,1,0,0,0,0,0,0,16,1,2,2,0,1,0,0,1,6,2,2,2,2,4,1,7,7,4,7,7,1,2,3,7,2,0,1,0,0,1,1,2,1,0,1,0,0,1,3,1,0,0,0,0,0,2,5,3,1,1,1,0,4,2,0,9,0,1,0,0,0,0,0,3,1,0,0,0,2,1,0,1,0,0,0,0,1,0,3,0,0,0,2,2,1,1,1,0,1,0,1,0,0,0,0,0,0,1,1,0,0,0,0,0,3,1,4,5,1,0,3,1,0,0,1,0,2,1,1,0,1,0,0,0,1,5,1,0,0,0,2,0,1,0,2,0,0,1,0,0,2,4,0,0,1,0,0,0,0,1,3,0,2,0,1,0,2,2,0,4,1,0,0,2,0,1,0,3,0,1,1,1,0,0,0,1,1,0,0,2,0,2,0,1,0,0,1,0,1,4,0,1,1,0,0,1,0,0,1,0,0,2,0,0,0,0,2,0,0,0,0,0,0,0,0,0,1,0,0,0,1,0,3,0,1,1,0,0,0,0,0,0,0,0,0,1,0,0,0,zasulich
zasulich_o_chem_govoryat_nam_I.txt,25,5,7,1,1,0,4,19,150,6,26,1,0,12,7,1,0,12,13,1,13,4,16,16,8,121,14,13,29,12,1,3,20,5,63,3,2,3,86,4,1,6,37,1,1,7,7,11,1,3,16,3,3,1,3,2,4,9,2,13,40,1,3,6,3,11,0,6,17,4,1,6,6,5,18,16,21,46,11,20,3,6,2,34,1,10,9,1,0,0,1,5,5,0,0,1,3,10,14,9,1,8,7,0,5,2,1,17,2,2,4,0,0,14,1,1,23,1,4,0,10,5,2,2,13,1,1,2,3,8,3,3,0,2,7,1,2,1,1,12,7,5,24,3,1,2,12,8,1,2,7,7,1,0,0,1,0,1,2,10,4,7,3,9,16,5,2,5,4,5,0,4,0,0,4,4,5,1,4,1,3,8,0,0,6,6,18,3,9,5,4,0,3,14,8,2,3,1,4,0,0,11,10,0,0,6,3,1,6,0,0,8,2,2,1,5,7,1,3,1,4,0,5,0,1,0,0,2,2,2,2,5,5,0,1,0,1,0,4,4,7,0,5,0,1,0,0,3,3,0,1,5,1,3,1,4,0,3,7,2,0,2,2,0,0,0,3,0,0,0,3,1,1,3,2,0,4,2,2,2,0,9,4,0,0,8,2,1,0,5,0,3,0,0,0,0,1,5,0,0,zasulich
zasulich_ocherk_istorii_1internacionala.txt,51,32,7,5,12,7,10,55,568,38,83,5,11,46,24,11,0,95,35,13,103,8,14,83,79,653,107,84,83,12,21,16,27,29,256,3,1,1,249,12,4,6,111,7,4,54,16,80,6,8,143,5,9,6,11,7,5,48,10,120,181,9,17,17,9,32,7,11,0,52,15,29,22,15,47,13,51,158,35,43,25,25,14,51,31,30,48,4,23,10,12,11,13,5,13,22,3,14,15,1,0,10,11,27,14,13,11,33,8,3,7,13,1,39,21,8,128,6,37,3,8,15,3,8,58,6,40,7,14,16,3,4,7,7,8,3,5,2,1,51,6,10,91,27,68,14,15,70,26,3,14,19,3,3,13,4,9,1,11,51,51,37,21,19,2,1,2,3,0,8,11,24,19,4,7,14,3,3,5,2,3,30,0,35,9,12,41,7,16,3,3,44,2,19,15,17,23,14,18,10,3,17,37,1,1,23,3,6,12,7,5,12,4,14,15,7,9,13,5,13,19,25,9,6,6,4,5,3,13,8,5,21,4,16,11,9,10,5,8,9,27,11,17,9,6,1,0,8,3,5,5,16,5,3,0,6,7,11,16,8,16,10,13,0,0,0,13,11,10,9,3,4,2,1,9,0,8,18,7,14,4,7,2,11,17,12,1,6,1,3,0,9,14,5,0,8,9,0,8,0,zasulich
zasulich_po_povodu_uprazdneniya_Marx'a.txt,60,14,13,1,1,0,2,8,234,6,38,4,6,9,8,3,0,39,15,4,64,9,26,68,19,263,45,21,72,7,3,6,27,13,98,0,0,0,169,9,0,8,80,1,3,35,13,40,0,1,54,0,3,4,6,0,0,30,5,26,53,7,5,4,4,3,0,12,0,35,4,10,4,18,30,16,14,131,10,49,12,6,0,53,5,10,9,0,0,1,6,6,13,1,39,2,5,1,1,0,0,4,5,4,4,4,19,11,1,0,7,5,1,25,4,8,44,8,5,5,6,5,0,1,37,1,18,2,2,11,1,4,6,0,11,4,4,2,1,31,4,3,31,14,14,4,7,13,0,0,5,2,0,0,3,0,4,0,0,3,10,4,2,9,0,0,0,0,1,3,1,11,5,1,18,4,2,3,1,14,5,5,0,9,5,4,43,3,15,3,5,86,1,19,8,5,7,0,10,3,20,1,4,0,1,8,6,4,5,19,5,10,6,10,5,8,7,2,1,3,3,7,2,1,1,4,12,4,3,3,1,3,1,23,2,11,3,4,0,7,23,8,3,6,4,5,0,4,2,8,6,8,1,1,0,0,4,0,11,4,0,6,8,0,0,0,9,4,3,0,2,6,3,5,1,0,7,1,1,8,0,0,2,5,0,4,11,1,1,4,0,4,21,2,0,0,6,0,0,0,zasulich
zasulich_rev_studenchestvo1_I.txt,3,0,0,0,1,1,0,0,28,0,3,0,0,2,0,0,0,2,1,0,2,0,0,1,0,21,5,3,7,0,1,1,2,2,6,0,0,0,11,0,0,0,4,0,0,0,0,2,2,0,6,1,1,0,1,0,0,3,0,0,9,1,0,0,2,0,0,0,2,1,0,1,0,0,0,1,2,6,0,0,1,2,3,1,0,0,0,0,0,0,0,0,0,1,1,0,0,0,1,0,0,0,0,0,1,0,1,0,0,0,0,0,0,1,0,0,2,0,0,0,1,2,0,0,2,1,2,0,3,1,0,0,0,0,2,1,0,0,0,0,0,0,2,1,1,1,0,1,3,0,0,0,1,2,1,0,0,0,0,0,0,0,0,1,0,1,0,2,0,0,0,1,0,0,1,0,0,0,0,0,0,2,5,0,2,1,1,0,0,1,1,0,0,1,0,2,2,1,1,1,1,0,1,0,0,0,0,0,0,0,0,1,0,1,0,0,0,1,1,0,0,2,0,0,1,0,0,0,0,0,0,0,1,1,0,2,0,0,0,0,2,1,0,0,1,0,0,0,0,0,0,0,1,0,0,0,1,0,1,0,0,1,0,2,1,0,0,0,0,0,0,1,0,0,0,0,0,0,0,1,0,1,0,1,0,0,0,0,0,0,0,0,0,1,0,0,0,0,0,0,zasulich
zasulich_rev_studenchestvo2_I.txt,19,0,1,0,2,1,2,4,84,7,17,3,2,5,0,0,1,7,2,2,15,6,5,22,9,88,13,12,13,13,3,5,4,9,19,0,3,2,41,1,1,2,20,0,2,6,0,8,4,0,8,0,1,2,0,0,0,6,0,6,19,1,3,4,0,1,0,1,16,8,1,6,4,3,14,4,9,38,8,11,1,2,1,19,1,7,14,1,0,0,1,1,4,1,8,0,2,0,2,0,0,1,0,4,2,2,0,2,2,0,0,0,0,9,6,0,16,1,0,0,11,2,0,0,7,3,0,4,0,1,2,0,3,2,4,1,7,0,2,2,1,2,11,6,2,1,4,19,0,1,3,3,1,1,5,1,0,2,10,4,1,1,0,2,7,0,6,3,2,1,3,6,1,0,5,4,0,1,3,3,2,1,0,1,1,1,20,0,5,4,4,0,1,4,6,4,6,0,2,1,0,1,2,0,1,2,1,2,5,1,1,6,3,0,4,2,1,2,1,1,6,2,0,0,0,3,1,2,2,1,3,1,0,1,1,1,3,0,0,1,3,1,2,0,4,0,0,3,0,2,0,4,0,2,0,0,1,7,2,1,0,1,0,0,1,0,6,1,2,0,0,0,1,2,0,0,1,0,1,1,1,1,5,1,22,1,1,0,0,0,0,0,0,0,0,1,1,1,0,0,zasulich
zasulich_vystrel_Karpovicha_I.txt,25,5,0,2,1,2,5,8,55,3,26,0,3,1,3,3,0,11,3,0,14,3,14,8,12,82,7,10,7,3,3,1,6,7,29,3,0,0,60,3,3,4,19,1,2,6,6,7,0,3,18,1,0,1,0,3,4,5,1,3,23,2,1,1,3,3,0,2,0,7,4,2,7,2,14,10,4,32,7,16,7,1,7,17,1,6,5,0,4,0,0,1,4,0,1,0,1,1,2,0,0,0,1,0,5,0,0,4,3,2,1,0,0,9,3,0,18,4,3,0,4,2,3,6,9,0,4,4,2,2,1,0,2,2,5,1,1,1,1,10,2,0,6,3,4,2,4,12,0,1,4,3,2,0,0,0,0,0,0,6,3,0,0,9,0,1,1,1,3,1,6,1,1,1,7,4,0,2,2,0,5,7,0,1,1,2,15,0,5,5,1,0,0,7,3,1,3,1,2,1,0,3,5,0,1,6,2,2,1,0,1,0,0,1,2,4,0,1,4,2,4,0,5,0,0,1,2,2,2,3,0,4,1,0,3,2,1,1,0,3,3,1,2,0,0,0,0,2,1,3,3,6,0,5,0,1,2,1,0,1,0,1,2,0,0,0,2,1,1,0,0,2,0,1,0,3,5,1,0,0,0,0,1,1,0,0,1,1,0,1,0,2,0,0,0,0,0,0,0,0,zasulich
