chunk_id,author,а,больше,будет,будут,бы,была,были,было,быть,в,во,вопрос,вопроса,вот,вполне,время,все,всегда,всего,всем,где,говорит,говорить,гораздо,деле,дело,детей,для,должен,должна,должно,должны,других,его,ее,ему,если,есть,еще,же,жизни,жизнь,за,значит,и,идет,из,или,им,их,к,каждый,как,классов,когда,конечно,которая,которой,которые,которых,кто,лет,лишь,мало,между,меня,мне,много,могут,может,можно,мысли,мысль,на,над,надо,не,него,нельзя,нет,ни,нибудь,ним,них,ничего,но,нужно,о,об,образом,один,одно,одного,одной,он,она,они,организации,от,отношении,очень,перед,по,под,при,раз,с,самой,свое,своего,своей,свои,своим,своих,свою,себе,себя,сказать,собой,совершенно,так,также,таким,там,тем,то,того,той,только,том,тому,тот,тут,у,чем,через,что,чтобы,эта,эти,этим,это,этого,этой,этом,этому,эту,я,без,ведь,до,значение,имеет,именно,какой,которого,ли,либо,люди,менее,общества,оно,потому,почему,поэтому,право,развитие,самого,собою,степени,таких,те,тех,уже,этих,является,более,всех,г,д,движение,движения,демократии,другой,искры,класса,который,кроме,людей,могли,момент,нашей,партии,партия,пор,после,против,рабочего,рабочие,развития,сделать,сил,социал,среди,стороны,съезда,т,борьба,борьбе,борьбу,борьбы,власти,вместе,даже,демократической,зрения,крестьян,народа,прежде,рабочий,рабочих,революционной,россии,русского,русской,силу,силы,со,страны,такой,теперь,тогда,труда,был,вообще,всей,да,действительно,здесь,мог,почти,сам,такого,хотя,1,времени,дела,которое,несколько,положение,случае,этот,вы,мы,нас,е,ибо,общество,своем,характер,нам,слова,такое,года,ей,наконец,народ,ней,пока,пролетариата,свой,часть,однако,производства,буржуазии,власть,права,правительство,рабочим,политической,свободы,правительства,снова,тов,войны,масс,демократия,политические,политических,массы,политического,революционного,пролетариат,революции,буржуазия,революция,ленин,её,маркса,радек
krupskaya_k_voposu_o_shkole.txt_chunk1,krupskaya,3,4,1,4,4,1,2,2,3,28,1,1,1,1,2,1,2,1,1,1,3,1,1,3,4,4,4,3,5,1,1,1,1,9,2,3,8,1,3,3,3,3,1,1,34,1,2,3,4,2,6,3,5,1,2,4,2,2,1,1,3,1,3,1,3,1,1,4,1,3,1,1,2,10,1,2,20,3,1,1,1,4,1,4,1,8,1,10,1,2,1,2,1,2,15,1,3,2,4,2,4,1,5,1,1,1,9,1,1,1,1,1,3,2,2,2,2,1,2,2,2,1,1,1,3,6,3,3,2,2,1,2,3,2,3,1,10,6,3,1,1,6,2,5,2,2,3,5,0,0,0,0,0,0,0,0,0,0,0,0,0,0,0,0,0,0,0,0,0,0,0,0,0,0,0,0,0,0,0,0,0,0,0,0,0,0,0,0,0,0,0,0,0,0,0,0,0,0,0,0,0,0,0,0,0,0,0,0,0,0,0,0,0,0,0,0,0,0,0,0,0,0,0,0,0,0,0,0,0,0,0,0,0,0,0,0,0,0,0,0,0,0,0,0,0,0,0,0,0,0,0,0,0,0,0,0,0,0,0,0,0,0,0,0,0,0,0,0,0,0,0,0,0,0,0,0,0,0,0,0,0,0,0,0,0,0,0,0,0,0,0,0,0,0,0,0,0,0,0,0
krupskaya_k_voposu_o_shkole.txt_chunk2,krupskaya,3.5046728971962615,0,7.009345794392523,3.5046728971962615,2.336448598130841,0,0,0,5.841121495327102,35.046728971962615,1.1682242990654206,0,0,1.1682242990654206,0,2.336448598130841,7.009345794392523,0,0,0,3.5046728971962615,0,0,3.5046728971962615,0,3.5046728971962615,12.850467289719626,1.1682242990654206,3.5046728971962615,0,0,2.336448598130841,1.1682242990654206,1.1682242990654206,1.1682242990654206,0,2.336448598130841,0,1.1682242990654206,3.5046728971962615,0,2.336448598130841,1.1682242990654206,0,37.38317757009346,0,3.5046728971962615,3.5046728971962615,2.336448598130841,15.186915887850468,15.186915887850468,1.1682242990654206,8.177570093457943,0,0,2.336448598130841,1.1682242990654206,2.336448598130841,1.1682242990654206,1.1682242990654206,1.1682242990654206,0,3.5046728971962615,0,2.336448598130841,0,0,0,0,3.5046728971962615,1.1682242990654206,0,0,10.514018691588785,1.1682242990654206,3.5046728971962615,8.177570093457943,0,1.1682242990654206,0,0,2.336448598130841,1.1682242990654206,2.336448598130841,0,3.5046728971962615,1.1682242990654206,2.336448598130841,0,1.1682242990654206,1.1682242990654206,0,0,0,5.841121495327102,7.009345794392523,4.672897196261682,2.336448598130841,1.1682242990654206,4.672897196261682,4.672897196261682,0,5.841121495327102,0,3.5046728971962615,1.1682242990654206,11.682242990654204,1.1682242990654206,0,1.1682242990654206,0,1.1682242990654206,1.1682242990654206,1.1682242990654206,0,2.336448598130841,1.1682242990654206,0,2.336448598130841,0,1.1682242990654206,1.1682242990654206,1.1682242990654206,0,1.1682242990654206,5.841121495327102,3.5046728971962615,0,3.5046728971962615,0,1.1682242990654206,0,1.1682242990654206,2.336448598130841,2.336448598130841,0,7.009345794392523,3.5046728971962615,1.1682242990654206,0,0,12.850467289719626,1.1682242990654206,2.336448598130841,3.5046728971962615,1.1682242990654206,1.1682242990654206,1.1682242990654206,1.1682242990654206,1.1682242990654206,1.1682242990654206,3.5046728971962615,1.1682242990654206,1.1682242990654206,1.1682242990654206,1.1682242990654206,1.1682242990654206,2.336448598130841,1.1682242990654206,1.1682242990654206,1.1682242990654206,1.1682242990654206,2.336448598130841,1.1682242990654206,1.1682242990654206,1.1682242990654206,1.1682242990654206,2.336448598130841,1.1682242990654206,1.1682242990654206,1.1682242990654206,1.1682242990654206,1.1682242990654206,2.336448598130841,2.336448598130841,2.336448598130841,0,0,0,0,0,0,0,0,0,0,0,0,0,0,0,0,0,0,0,0,0,0,0,0,0,0,0,0,0,0,0,0,0,0,0,0,0,0,0,0,0,0,0,0,0,0,0,0,0,0,0,0,0,0,0,0,0,0,0,0,0,0,0,0,0,0,0,0,0,0,0,0,0,0,0,0,0,0,0,0,0,0,0,0,0,0,0,0,0,0,0,0,0,0,0,0,0,0,0,0,0,0,0,0,0,0,0,0,0,0,0,0,0,0,0,0,0,0,0,0,0,0,0,0
krupskaya_merged__iskre.txt_hihsya.txt_chenie.txt,krupskaya,7.278020378457059,0,5.822416302765648,0,8.73362445414847,1.455604075691412,0,1.455604075691412,2.911208151382824,26.200873362445414,1.455604075691412,0,4.366812227074235,0,0,1.455604075691412,5.822416302765648,0,1.455604075691412,0,0,0,0,1.455604075691412,0,2.911208151382824,0,1.455604075691412,0,1.455604075691412,0,0,0,1.455604075691412,8.73362445414847,0,1.455604075691412,1.455604075691412,1.455604075691412,2.911208151382824,1.455604075691412,0,5.822416302765648,0,36.390101892285294,8.73362445414847,4.366812227074235,0,4.366812227074235,2.911208151382824,8.73362445414847,1.455604075691412,14.556040756914118,0,1.455604075691412,4.366812227074235,0,0,0,0,1.455604075691412,0,1.455604075691412,0,1.455604075691412,0,1.455604075691412,0,1.455604075691412,2.911208151382824,1.455604075691412,0,1.455604075691412,13.100436681222707,0,7.278020378457059,5.822416302765648,1.455604075691412,0,0,0,0,0,0,0,4.366812227074235,1.455604075691412,2.911208151382824,0,0,0,0,0,0,11.644832605531295,1.455604075691412,4.366812227074235,1.455604075691412,1.455604075691412,0,0,0,5.822416302765648,0,1.455604075691412,0,23.28966521106259,0,0,0,0,2.911208151382824,1.455604075691412,0,1.455604075691412,0,0,0,0,0,4.366812227074235,1.455604075691412,1.455604075691412,1.455604075691412,1.455604075691412,0,2.911208151382824,1.455604075691412,4.366812227074235,0,0,1.455604075691412,0,0,1.455604075691412,0,4.366812227074235,4.366812227074235,0,2.911208151382824,1.455604075691412,5.822416302765648,4.366812227074235,1.455604075691412,2.911208151382824,0,0,2.911208151382824,2.911208151382824,0,1.455604075691412,0,0,0,0,0,0,0,0,0,1.455604075691412,0,0,0,0,0,0,0,0,0,1.455604075691412,1.455604075691412,0,1.455604075691412,1.455604075691412,0,1.455604075691412,1.455604075691412,1.455604075691412,4.366812227074235,1.455604075691412,1.455604075691412,1.455604075691412,1.455604075691412,7.278020378457059,1.455604075691412,1.455604075691412,4.366812227074235,1.455604075691412,1.455604075691412,1.455604075691412,1.455604075691412,1.455604075691412,1.455604075691412,1.455604075691412,1.455604075691412,1.455604075691412,2.911208151382824,1.455604075691412,1.455604075691412,1.455604075691412,2.911208151382824,1.455604075691412,1.455604075691412,1.455604075691412,1.455604075691412,1.455604075691412,0,0,0,0,0,0,0,0,0,0,0,0,0,0,0,0,0,0,0,0,0,0,0,0,0,0,0,0,0,0,0,0,0,0,0,0,0,0,0,0,0,0,0,0,0,0,0,0,0,0,0,0,0,0,0,0,0,0,0,0,0,0,0,0,0,0,0,0,0,0,0,0,0,0,0,0,0,0,0,0,0,0,0,0,0,0,0,0,0,0,0,0,0
krupskaya_o_staroy_iskre.txt_chunk1,krupskaya,2,2,2,1,8,5,2,2,0,34,1,0,0,0,0,1,6,0,3,0,0,0,0,0,1,0,0,3,2,0,0,1,0,1,3,1,4,1,1,1,0,0,12,0,20,0,6,0,0,2,7,0,5,0,1,0,5,0,1,0,0,2,0,0,0,0,0,0,0,1,0,0,0,10,0,2,16,0,1,0,0,0,2,1,0,4,0,5,1,0,0,0,0,0,6,6,5,1,1,1,0,0,7,0,1,0,22,0,0,0,3,0,1,0,0,1,2,0,0,2,0,0,0,1,0,1,0,1,2,6,0,0,1,1,1,0,9,1,1,0,0,0,2,1,0,0,2,0,3,0,1,1,0,2,0,0,1,0,0,3,0,0,0,0,0,0,0,0,0,0,0,0,0,0,0,0,0,3,1,2,0,2,2,0,11,6,0,0,0,0,0,0,5,0,0,2,1,8,0,0,0,0,4,0,0,0,0,2,1,10,9,1,3,1,2,2,2,1,3,4,10,1,7,2,1,1,2,1,3,1,1,1,3,0,0,0,0,0,0,0,0,0,0,0,0,0,0,0,0,0,0,0,0,0,0,0,0,0,0,0,0,0,0,0,0,0,0,0,0,0,0,0,0,0,0,0,0,0,0,0,0,0,0,0,0,0,0,0,0,0,0,0,0,0,0,0,0,0,0,0
krupskaya_samoubiystva_uchashihsya.txt_chunk1,krupskaya,8,0,0,2,2,0,3,2,0,45,1,3,0,1,0,4,2,0,1,1,0,1,2,0,0,0,5,3,1,0,0,0,0,4,5,2,3,0,2,4,5,4,5,0,28,2,3,5,0,6,5,0,9,0,3,3,1,0,0,1,0,0,5,1,0,0,0,0,0,2,0,0,0,15,1,3,26,2,2,1,1,1,0,2,0,5,0,7,1,0,2,0,0,0,2,3,1,0,2,2,0,0,7,0,0,0,12,0,0,0,0,0,0,0,0,5,2,2,0,4,8,0,0,0,1,9,1,1,5,4,0,0,0,1,1,0,23,5,0,1,1,5,0,1,2,0,0,0,0,2,3,0,0,0,1,0,2,2,1,0,0,0,4,4,0,0,0,0,0,0,1,0,0,0,0,0,3,1,6,0,0,0,0,0,0,0,0,1,0,0,0,0,0,0,0,0,0,0,0,0,0,0,0,3,1,0,1,0,1,0,0,0,0,0,0,1,0,0,0,0,0,0,0,0,0,0,0,3,0,1,0,0,0,1,1,1,1,1,1,1,1,2,2,1,0,0,0,0,0,0,0,0,0,0,0,0,0,0,0,0,0,0,0,0,0,0,0,0,0,0,0,0,0,0,0,0,0,0,0,0,0,0,0,0,0,0,0,0,0,0,0,0,0,0,0,0,0,0,0,0
krupskaya_samoubiystva_uchashihsya.txt_chunk2,krupskaya,7,0,4,0,3,0,0,0,12,28,2,0,0,0,0,1,6,1,1,0,1,1,1,0,1,1,3,1,9,2,2,0,1,9,1,6,0,0,0,1,6,4,3,0,35,0,1,4,1,4,10,1,5,0,1,1,2,0,1,0,1,1,2,2,3,0,0,0,1,4,0,1,0,10,1,6,14,3,0,1,1,1,0,1,0,8,1,9,1,0,0,2,1,0,12,3,2,1,5,2,0,0,4,1,2,1,21,1,0,1,0,3,0,3,0,5,1,0,1,2,3,1,0,0,4,3,2,1,8,1,2,1,0,2,0,0,7,7,0,0,3,7,2,1,4,0,0,0,0,2,0,0,1,0,2,0,0,1,0,2,1,0,1,0,0,0,0,1,0,0,0,0,0,1,0,0,2,0,0,0,0,0,0,1,0,0,1,0,5,0,0,0,0,0,0,0,0,0,0,1,2,2,0,2,0,0,0,0,0,1,0,0,1,0,0,0,0,0,0,0,0,0,0,0,0,0,1,0,0,1,1,0,1,0,0,0,0,0,0,1,1,0,1,1,1,1,2,2,1,1,4,2,0,0,0,0,0,0,0,0,0,0,0,0,0,0,0,0,0,0,0,0,0,0,0,0,0,0,0,0,0,0,0,0,0,0,0,0,0,0,0,0,0,0,0,0,0,0,0,0
krupskaya_shkolnie_kolonii.txt_chunk1,krupskaya,6.443298969072164,0,0,0,19.329896907216497,0,0,1.288659793814433,0,38.659793814432994,0,0,0,0,0,1.288659793814433,2.577319587628866,0,0,0,1.288659793814433,0,1.288659793814433,0,0,2.577319587628866,10.309278350515465,18.04123711340206,1.288659793814433,2.577319587628866,0,1.288659793814433,0,0,0,0,2.577319587628866,0,1.288659793814433,5.154639175257732,1.288659793814433,1.288659793814433,5.154639175257732,0,45.103092783505154,0,2.577319587628866,0,0,3.865979381443299,0,1.288659793814433,3.865979381443299,0,0,0,0,0,1.288659793814433,2.577319587628866,1.288659793814433,0,3.865979381443299,2.577319587628866,1.288659793814433,0,0,0,2.577319587628866,0,1.288659793814433,0,0,10.309278350515465,0,1.288659793814433,16.75257731958763,0,0,2.577319587628866,0,1.288659793814433,0,3.865979381443299,0,10.309278350515465,2.577319587628866,3.865979381443299,2.577319587628866,1.288659793814433,0,0,0,1.288659793814433,0,1.288659793814433,3.865979381443299,0,1.288659793814433,1.288659793814433,0,0,5.154639175257732,1.288659793814433,2.577319587628866,1.288659793814433,9.02061855670103,0,0,1.288659793814433,0,1.288659793814433,1.288659793814433,1.288659793814433,0,0,5.154639175257732,0,0,0,2.577319587628866,0,1.288659793814433,5.154639175257732,0,2.577319587628866,2.577319587628866,0,5.154639175257732,0,0,0,0,3.865979381443299,1.288659793814433,0,3.865979381443299,1.288659793814433,0,1.288659793814433,0,2.577319587628866,1.288659793814433,0,3.865979381443299,0,0,0,0,0,2.577319587628866,0,0,0,0,0,3.865979381443299,0,1.288659793814433,0,1.288659793814433,2.577319587628866,1.288659793814433,0,0,0,0,0,0,0,2.577319587628866,0,0,1.288659793814433,0,0,1.288659793814433,1.288659793814433,0,1.288659793814433,0,0,0,1.288659793814433,0,0,1.288659793814433,0,1.288659793814433,0,0,0,0,0,1.288659793814433,0,0,2.577319587628866,0,0,0,0,0,3.865979381443299,2.577319587628866,0,2.577319587628866,0,1.288659793814433,0,0,0,0,2.577319587628866,0,0,0,0,0,0,1.288659793814433,0,0,0,0,0,0,0,0,0,0,0,0,0,0,0,0,0,5.154639175257732,0,2.577319587628866,0,1.288659793814433,5.154639175257732,0,0,0,0,1.288659793814433,0,0,0,3.865979381443299,2.577319587628866,2.577319587628866,0,0,0,0,0,0,0,0,0,0,0,0,0,0,0,0,0,0,0,0,0,0,0,0,0,0,0,0,0,0,0,0,0,0,0,0,0,0,0,0,0,0,0,0,0
krupskaya_sovmestnoe_obuchenie.txt_chunk1,krupskaya,5,1,3,1,1,0,0,1,3,26,0,12,2,2,0,0,1,1,3,0,2,2,2,0,1,1,1,2,0,1,0,1,0,4,1,1,3,1,0,2,2,3,1,2,43,2,1,5,0,3,7,0,7,0,2,2,0,0,1,0,0,0,1,0,12,0,0,0,1,5,0,0,1,23,0,5,14,0,1,0,0,2,0,2,0,0,0,9,1,5,0,0,0,0,1,1,1,0,2,1,2,1,3,1,5,0,8,2,0,1,0,0,0,1,0,1,0,0,2,4,8,1,0,0,1,8,1,1,0,1,1,1,0,2,3,2,11,3,1,4,1,2,0,1,2,0,1,0,1,1,1,4,1,0,0,0,6,1,1,0,2,1,1,0,1,0,0,0,0,1,0,0,1,5,0,3,3,0,7,0,0,0,0,0,0,1,0,0,0,0,0,0,0,0,1,0,0,0,0,2,1,1,0,1,0,0,1,0,0,1,0,0,0,2,0,2,0,0,2,0,0,0,0,0,0,0,0,0,0,1,0,0,0,0,0,0,1,0,0,0,0,0,1,0,0,0,0,1,0,0,0,3,0,4,0,1,2,2,1,1,0,0,0,0,0,0,0,0,0,0,0,0,0,0,0,0,0,0,0,0,0,0,0,0,0,0,0,0,0,0,0,0,0,0,0,0,0,0,0,0
krupskaya_sovmestnoe_obuchenie.txt_chunk2,krupskaya,9,0,5,0,6,0,0,0,6,29,4,3,2,2,2,0,5,0,1,0,3,1,0,0,0,1,7,2,0,0,0,0,1,6,3,1,1,0,1,2,2,0,2,0,39,1,5,5,1,4,10,0,9,0,2,0,0,1,0,0,0,0,0,1,1,0,0,4,0,8,2,0,2,15,2,9,18,1,0,2,0,0,0,2,2,9,0,5,2,2,0,0,0,0,11,3,2,0,5,1,3,0,2,0,5,0,9,0,0,0,1,0,0,2,1,2,1,0,0,1,2,1,0,0,2,6,1,1,4,0,0,0,0,1,2,0,14,3,0,2,0,5,5,2,4,0,3,0,0,2,0,0,1,0,3,2,7,1,0,0,0,0,0,0,1,1,0,1,0,0,1,0,0,1,4,1,0,2,6,0,0,0,0,0,0,0,1,0,1,0,0,0,0,0,0,0,1,0,0,1,2,1,0,0,0,0,3,0,0,0,0,0,2,0,0,0,0,0,1,0,0,0,0,0,0,1,0,0,0,3,0,1,0,1,3,0,1,0,0,0,0,0,1,1,0,0,0,0,0,0,0,0,0,0,0,0,0,0,0,0,1,2,1,0,0,0,0,0,0,0,0,0,0,0,0,0,0,0,0,0,0,0,0,0,0,0,0,0,0,0,0,0,0,0,0,0,0,0,0,0
krupskaya_sovmestnoe_obuchenie.txt_chunk3,krupskaya,5,2,0,1,3,0,0,1,3,36,1,4,1,0,3,0,1,1,1,0,3,3,2,1,0,1,1,3,0,2,0,0,1,4,1,1,3,0,2,3,2,2,3,1,27,0,2,5,1,2,6,0,7,0,3,2,0,3,2,2,0,0,3,1,1,0,2,2,3,5,0,0,0,8,0,3,16,1,2,2,0,2,0,0,2,8,0,10,1,1,0,1,0,0,7,2,4,0,3,4,0,0,2,0,2,2,12,0,0,1,1,1,0,0,1,0,0,0,1,1,4,0,0,0,1,2,5,2,1,2,1,0,0,6,6,0,17,5,2,2,1,2,1,1,2,0,0,7,1,0,0,2,2,1,0,0,3,1,2,1,1,1,2,0,0,0,1,0,0,0,1,3,1,1,1,0,1,0,2,0,0,0,0,0,0,0,0,2,0,1,0,0,0,0,0,0,2,0,0,0,0,0,0,0,0,0,1,0,0,0,1,0,3,2,0,3,0,0,0,0,0,0,0,0,0,1,0,0,0,0,0,2,0,1,0,0,0,0,2,1,0,0,0,2,0,0,0,1,1,0,2,2,0,1,0,0,0,0,0,0,0,0,1,0,0,0,0,0,0,0,0,0,0,0,0,0,0,0,0,0,0,0,0,0,0,0,0,0,0,0,0,0,0,0,0,0,0,0,0,0
krupskaya_zhenshina_rabotnitsa.txt_chunk1,krupskaya,5,5,0,0,1,0,0,0,0,39,1,0,0,1,1,0,0,0,0,0,3,1,1,0,1,1,0,2,1,0,0,0,2,3,5,2,1,2,4,3,0,4,4,0,36,2,5,2,0,1,1,1,7,0,0,0,0,0,2,0,1,2,2,0,1,0,0,0,0,1,1,0,0,24,1,0,14,0,0,1,3,0,0,0,0,0,2,1,2,0,1,0,0,0,5,6,0,0,7,0,1,0,3,0,0,0,10,0,0,2,0,0,0,1,3,1,2,0,1,0,2,0,0,1,1,3,2,0,6,1,0,0,0,6,3,0,11,2,0,2,0,1,1,3,1,0,0,0,1,0,0,0,0,0,0,0,3,1,0,1,0,0,2,0,0,0,0,1,0,0,1,2,1,0,2,0,0,1,0,0,0,0,0,0,0,5,0,1,1,0,0,1,0,0,0,0,0,4,0,0,0,0,0,0,0,0,3,0,0,0,0,0,1,0,0,0,1,0,1,0,1,0,1,0,0,0,1,0,0,1,1,0,0,0,0,0,5,1,0,0,1,1,0,1,0,0,0,0,0,5,0,0,1,4,1,1,0,0,0,0,0,0,0,1,1,1,2,1,1,2,2,1,0,0,0,0,0,0,0,0,0,0,0,0,0,0,0,0,0,0,0,0,0,0,0,0,0,0,0,0
krupskaya_zhenshina_rabotnitsa.txt_chunk2,krupskaya,7,1,1,0,1,0,0,0,0,49,2,0,0,1,0,6,3,0,1,0,6,0,0,0,0,0,0,2,0,1,0,0,0,2,3,0,3,1,4,8,0,0,4,0,43,0,0,3,1,2,4,0,8,0,1,0,1,1,0,0,0,2,4,0,1,0,0,0,0,3,0,0,0,23,1,2,14,0,1,3,1,0,2,2,0,7,0,2,0,0,1,1,0,1,3,7,3,0,4,0,2,0,3,0,2,0,11,0,0,1,0,1,0,0,1,1,3,0,0,1,6,0,0,3,1,6,0,0,3,0,1,1,1,4,5,0,13,5,1,0,0,2,1,0,0,0,0,0,0,0,4,0,0,0,0,0,1,0,0,0,1,0,1,0,1,0,0,0,0,0,1,0,2,2,2,2,3,1,2,0,0,0,0,0,0,2,0,1,0,0,0,0,0,0,1,0,0,3,0,0,0,1,0,0,0,0,0,0,0,0,0,0,0,1,0,0,0,1,0,3,0,0,1,0,0,1,0,1,0,1,0,0,1,0,0,0,1,0,0,0,0,0,0,2,3,0,0,1,0,3,0,2,0,0,0,0,0,0,1,0,0,0,0,0,1,0,0,0,0,0,0,0,1,2,0,0,0,0,0,0,0,0,0,0,0,0,0,0,0,0,0,0,0,0,0,0,0,0,0,0
krupskaya_zhenshina_rabotnitsa.txt_chunk3,krupskaya,9,1,13,6,1,0,0,5,1,20,3,0,0,1,0,1,13,2,1,0,1,0,0,0,0,5,1,4,0,0,0,1,2,2,1,2,0,2,0,2,0,1,10,0,30,1,4,1,9,8,1,3,10,2,2,0,1,1,3,0,2,0,2,0,2,0,0,1,0,1,0,1,0,18,2,1,24,3,0,1,8,1,0,4,0,5,0,11,0,0,1,0,1,0,4,1,13,0,5,0,0,1,4,1,1,0,5,0,0,1,2,4,1,2,1,2,4,0,0,1,6,1,0,0,4,1,4,0,2,4,0,1,0,4,4,0,17,16,0,1,0,6,1,1,0,0,0,0,2,0,0,0,0,0,0,0,0,0,2,0,1,2,2,0,0,0,0,0,1,0,0,1,1,1,0,0,0,6,1,0,0,0,0,0,0,0,1,1,1,0,0,0,1,0,1,0,1,2,10,0,2,0,0,2,1,0,0,0,0,1,1,0,1,0,0,0,0,0,0,2,11,0,0,0,0,2,1,0,0,1,5,1,2,0,0,0,0,0,0,2,0,0,1,0,0,1,1,1,0,0,0,0,0,0,0,0,0,4,0,0,0,3,0,0,1,0,2,0,0,0,1,2,0,0,1,1,3,1,3,0,0,0,0,0,0,0,0,0,0,0,0,0,0,0,0,0,0,0,0,0
krupskaya_zhenshina_rabotnitsa.txt_chunk4,krupskaya,2,2,4,6,3,2,0,1,0,41,4,0,0,1,1,2,7,1,0,1,1,0,0,2,3,6,0,1,0,2,0,0,0,2,4,3,4,2,1,3,0,0,12,0,37,0,2,1,3,5,5,0,8,0,1,2,2,0,1,0,0,1,1,2,1,0,0,0,3,1,0,0,0,20,0,0,22,0,0,2,3,0,1,0,1,6,0,3,1,0,0,0,0,0,3,17,7,0,6,0,3,0,5,0,1,0,8,0,0,1,1,1,0,3,0,2,0,0,0,2,2,1,0,1,1,4,2,0,6,0,0,0,2,0,3,1,18,6,0,0,0,4,1,0,0,0,0,0,4,0,2,0,1,0,0,1,2,0,1,0,0,0,1,0,2,1,0,0,0,0,0,1,2,4,0,1,0,4,2,0,3,0,0,0,0,1,0,2,0,1,0,0,1,0,1,0,0,2,12,0,0,0,0,0,0,0,0,2,5,2,1,0,0,1,0,0,0,1,0,0,2,0,6,0,0,0,0,0,0,3,0,1,0,0,0,0,2,0,0,0,1,0,0,0,0,0,0,2,1,4,1,0,0,0,0,0,0,1,0,0,0,0,1,0,2,0,0,1,2,0,0,0,0,0,0,0,1,0,2,3,3,0,0,0,0,0,0,0,0,0,0,0,0,0,0,0,0,0,0,0
krupskaya_zhenshina_rabotnitsa.txt_chunk5,krupskaya,7,2,0,0,0,1,2,2,4,35,2,0,0,2,1,0,5,1,0,0,7,0,0,1,0,3,0,3,0,1,0,0,0,3,7,1,4,0,3,9,0,0,2,0,41,0,1,3,2,3,4,1,8,0,2,0,1,1,0,0,2,1,3,2,3,0,0,0,1,8,0,0,0,20,0,2,23,0,1,2,3,0,0,1,0,3,0,3,0,2,0,0,0,1,2,12,5,0,7,0,1,0,8,1,6,0,9,0,0,0,0,0,1,0,1,2,6,0,0,2,3,1,1,3,1,4,2,1,2,2,1,1,2,1,5,0,16,1,0,2,0,6,1,0,0,0,1,0,2,1,0,1,1,0,1,0,2,0,1,0,0,0,2,3,0,2,0,0,0,0,0,0,6,0,0,1,2,2,1,0,0,0,0,0,0,0,1,1,0,0,0,0,0,0,0,1,0,0,5,0,1,0,0,3,0,0,3,0,0,0,0,1,0,1,0,0,1,0,0,0,4,0,0,0,0,1,0,0,0,2,0,0,0,0,0,0,2,0,0,0,0,0,0,1,0,0,0,1,0,1,1,2,0,3,0,1,0,0,0,0,0,0,1,0,4,0,0,2,1,0,3,0,0,0,0,0,0,0,0,0,0,0,0,0,0,0,0,0,0,0,0,0,0,0,0,0,0,0,0,0
krupskaya_zhenshina_rabotnitsa.txt_chunk6,krupskaya,6,1,2,5,5,0,0,1,2,41,1,0,0,1,0,0,4,0,1,1,1,1,1,0,1,3,10,2,0,1,0,1,1,3,2,1,5,1,1,6,0,1,11,0,36,1,1,3,3,1,4,1,17,0,5,2,1,1,2,0,1,1,2,1,0,0,0,0,2,5,1,0,0,7,0,3,25,0,0,4,2,6,1,1,3,5,2,8,0,0,1,0,1,1,1,5,2,0,5,0,3,0,1,1,3,1,8,0,0,0,1,0,0,4,0,2,0,0,0,0,5,0,1,1,0,6,3,0,7,3,1,0,0,4,2,0,19,2,0,1,1,3,2,0,0,0,0,1,4,2,2,0,2,0,3,0,2,3,2,0,0,1,1,2,0,0,0,0,0,0,1,2,1,1,0,0,0,2,1,1,0,1,0,1,0,0,0,2,1,1,0,0,0,0,0,0,0,0,0,0,1,0,0,0,0,0,1,0,0,0,1,0,0,2,0,0,0,0,0,0,1,0,1,0,1,0,0,1,0,0,2,3,0,0,0,0,7,0,0,0,0,0,0,0,0,0,0,0,0,0,0,0,2,4,1,0,0,0,0,0,0,1,1,0,0,0,1,0,1,0,1,0,0,0,0,1,0,0,0,0,0,0,0,0,0,0,0,0,0,0,0,0,0,0,0,0,0,0,0,0
krupskaya_zhenshina_rabotnitsa.txt_chunk7,krupskaya,7,0,3,0,3,1,1,2,0,25,1,0,0,0,1,4,6,1,1,0,1,2,0,0,1,2,15,5,0,2,0,0,0,4,5,0,4,1,4,5,0,0,3,0,36,0,2,3,0,4,7,0,5,0,3,1,0,1,1,1,0,1,1,0,1,0,0,3,1,3,3,0,0,25,0,1,26,1,0,2,4,6,0,1,0,6,0,7,1,3,1,1,0,0,1,9,5,0,4,1,2,0,2,1,6,1,11,0,1,4,2,0,1,4,0,1,1,0,1,2,4,0,4,1,1,6,2,0,2,3,1,2,1,3,3,0,17,6,1,2,2,4,0,0,1,0,0,0,1,0,3,0,1,0,2,0,0,2,0,0,0,0,1,1,1,0,0,0,0,0,0,0,1,2,0,0,0,0,0,0,0,0,0,0,0,0,0,0,0,0,0,0,0,0,0,0,0,0,0,0,0,0,0,0,0,0,1,0,0,0,0,0,0,1,0,0,0,0,1,0,3,0,0,0,0,0,0,0,0,0,1,1,1,0,0,0,0,0,0,1,3,0,2,0,0,2,0,0,1,3,0,0,0,3,0,1,0,1,0,0,0,0,1,0,2,0,0,1,0,0,0,2,0,0,0,0,0,0,0,0,0,0,0,0,0,0,0,0,0,0,0,0,0,0,0,0,0,0,0,0
krupskaya_zhenshina_rabotnitsa.txt_chunk8,krupskaya,3,4,4,6,4,1,2,0,2,34,1,0,0,0,0,5,10,1,0,0,0,0,0,4,0,1,7,6,0,0,0,0,1,2,14,1,1,0,1,5,0,0,6,1,38,0,4,1,3,8,10,0,9,0,1,2,0,0,1,0,0,0,1,3,0,0,0,1,1,9,2,0,0,21,1,1,15,1,0,2,3,2,0,2,1,2,0,2,0,0,1,0,1,0,1,16,8,1,2,0,2,0,3,0,1,0,18,0,2,0,0,1,1,3,2,0,1,0,0,1,5,0,0,0,0,6,6,0,4,3,0,0,0,3,1,0,22,6,0,1,0,7,1,1,0,0,0,0,2,0,0,0,2,0,2,1,0,0,0,0,1,0,2,0,0,0,0,0,0,0,2,0,0,0,0,0,1,3,0,0,0,0,0,0,0,1,2,1,0,0,0,0,0,0,0,0,1,2,3,0,0,0,0,0,0,0,0,0,2,0,1,1,0,0,0,0,0,0,0,1,2,0,0,0,0,0,1,0,0,0,0,0,0,0,0,0,1,0,0,1,0,0,0,0,0,0,2,1,1,1,0,0,0,2,0,0,0,0,0,0,0,1,0,0,3,0,0,2,0,0,0,0,0,0,0,0,0,1,0,1,0,0,0,0,0,0,0,0,0,0,0,0,0,0,0,0,0,0,0,0
krupskaya_zhenshina_rabotnitsa.txt_chunk9,krupskaya,3.6719706242350063,0,3.6719706242350063,6.119951040391677,18.359853121175032,1.2239902080783354,0,3.6719706242350063,7.343941248470013,34.27172582619339,3.6719706242350063,0,0,2.4479804161566707,0,2.4479804161566707,0,0,1.2239902080783354,0,0,0,0,1.2239902080783354,2.4479804161566707,2.4479804161566707,1.2239902080783354,8.567931456548347,0,2.4479804161566707,2.4479804161566707,7.343941248470013,1.2239902080783354,0,2.4479804161566707,0,4.8959608323133414,0,1.2239902080783354,3.6719706242350063,0,1.2239902080783354,12.239902080783354,0,35.49571603427173,0,2.4479804161566707,1.2239902080783354,1.2239902080783354,3.6719706242350063,0,1.2239902080783354,6.119951040391677,0,1.2239902080783354,0,2.4479804161566707,0,2.4479804161566707,2.4479804161566707,0,0,0,1.2239902080783354,0,0,0,0,2.4479804161566707,3.6719706242350063,0,0,0,17.135862913096695,0,0,24.479804161566708,0,3.6719706242350063,3.6719706242350063,1.2239902080783354,0,0,1.2239902080783354,1.2239902080783354,7.343941248470013,2.4479804161566707,1.2239902080783354,3.6719706242350063,1.2239902080783354,0,0,0,0,0,1.2239902080783354,9.791921664626683,0,4.8959608323133414,0,2.4479804161566707,0,6.119951040391677,0,1.2239902080783354,1.2239902080783354,6.119951040391677,0,0,1.2239902080783354,0,0,0,1.2239902080783354,0,1.2239902080783354,2.4479804161566707,0,0,1.2239902080783354,2.4479804161566707,1.2239902080783354,1.2239902080783354,0,0,1.2239902080783354,2.4479804161566707,0,2.4479804161566707,0,0,1.2239902080783354,0,2.4479804161566707,2.4479804161566707,0,6.119951040391677,6.119951040391677,0,2.4479804161566707,0,0,1.2239902080783354,0,0,0,0,0,1.2239902080783354,0,2.4479804161566707,0,0,0,0,0,1.2239902080783354,0,0,1.2239902080783354,0,0,2.4479804161566707,1.2239902080783354,2.4479804161566707,0,0,0,0,0,0,1.2239902080783354,0,0,0,0,4.8959608323133414,6.119951040391677,1.2239902080783354,0,0,0,0,0,0,0,0,0,0,1.2239902080783354,0,0,0,0,0,2.4479804161566707,1.2239902080783354,0,7.343941248470013,0,0,0,0,0,0,0,1.2239902080783354,1.2239902080783354,1.2239902080783354,1.2239902080783354,0,0,0,0,0,0,0,0,1.2239902080783354,0,4.8959608323133414,0,1.2239902080783354,0,0,0,0,0,0,1.2239902080783354,1.2239902080783354,1.2239902080783354,8.567931456548347,1.2239902080783354,0,0,0,0,0,0,0,0,1.2239902080783354,0,1.2239902080783354,0,0,1.2239902080783354,0,0,2.4479804161566707,0,0,1.2239902080783354,2.4479804161566707,1.2239902080783354,0,0,1.2239902080783354,0,0,0,0,0,0,0,0,0,0,0,1.2239902080783354,0,0,0,0,0,0,0,3.6719706242350063,0,0,1.2239902080783354,0,0,0,0,0,0,0,0,0,0,0,0,0,0,0,0,0,0
lenin_chego_dobivaemsya.txt_chunk2,lenin,6,0,0,1,7,0,2,4,1,23,1,0,0,0,0,1,2,1,0,0,0,0,3,0,2,0,0,3,0,0,1,0,0,6,2,0,6,2,3,0,0,0,2,1,43,0,3,2,1,2,4,1,8,0,0,0,3,2,3,0,5,0,9,0,1,0,0,1,0,1,2,1,0,10,0,1,19,1,1,2,6,1,0,0,0,3,0,7,1,0,2,0,1,2,1,0,3,3,2,0,0,1,2,3,1,1,8,0,0,0,0,1,0,2,1,1,5,1,0,1,2,0,1,0,0,5,0,0,5,0,0,5,0,4,2,0,16,1,1,0,0,3,3,0,0,0,3,0,3,1,0,0,0,0,0,0,5,2,0,0,0,0,0,0,0,1,0,0,0,0,0,1,2,4,1,0,1,1,0,0,0,0,0,0,4,0,1,0,0,0,0,2,19,3,0,3,3,0,0,0,1,1,0,0,1,10,0,2,0,0,8,0,2,1,0,0,0,0,0,0,0,0,1,1,0,1,2,0,0,1,4,0,0,0,1,2,0,0,0,0,0,0,1,1,0,0,1,0,0,2,1,5,1,9,2,0,0,0,0,0,0,0,2,0,0,1,0,0,0,1,0,0,0,0,0,0,1,0,0,0,0,0,1,1,0,0,0,0,0,0,0,0,0,0,0,0,0,0,0,0
lenin_china_war_I.txt_chunk1,lenin,6,0,0,0,0,0,0,1,0,20,3,0,0,2,0,0,3,1,2,1,0,0,0,0,0,0,2,4,0,0,0,1,0,1,0,0,1,1,3,3,0,0,3,0,39,0,1,3,1,3,7,0,6,0,1,0,0,1,6,3,0,1,0,0,0,0,0,1,1,0,2,0,0,16,3,1,18,3,0,0,0,0,1,2,1,5,0,5,0,0,0,1,0,0,0,3,6,0,3,0,1,3,7,1,0,0,15,0,0,0,1,0,1,0,0,1,1,1,0,0,5,0,1,0,0,2,1,1,4,1,1,0,0,4,2,0,10,1,1,2,0,2,1,2,3,0,3,0,1,0,3,1,0,1,0,0,4,1,0,1,0,6,1,0,0,1,0,0,0,0,1,0,0,4,1,0,2,1,1,0,0,0,0,0,0,0,0,0,1,1,0,0,0,0,0,0,2,1,0,0,1,0,0,0,1,0,2,0,0,0,0,1,1,2,0,0,0,3,2,1,3,0,1,0,1,0,0,1,0,0,6,0,0,0,0,0,2,1,0,0,0,0,0,0,0,0,2,1,1,0,1,2,0,1,0,1,0,0,1,0,0,0,0,1,0,0,2,2,0,0,0,0,0,0,0,0,0,11,1,0,0,6,0,0,4,0,0,0,0,0,0,0,0,0,0,0,0,0,0,0
lenin_china_war_I.txt_chunk2,lenin,2.053388090349076,0,0,0,4.106776180698152,0,0,2.053388090349076,0,34.907597535934286,0,0,0,0,0,2.053388090349076,0,0,0,0,0,0,0,0,0,0,0,0,0,0,0,0,0,8.213552361396305,2.053388090349076,0,0,4.106776180698152,6.160164271047228,4.106776180698152,0,0,6.160164271047228,0,39.01437371663245,0,14.373716632443532,2.053388090349076,0,0,10.266940451745379,0,10.266940451745379,0,2.053388090349076,0,2.053388090349076,2.053388090349076,4.106776180698152,2.053388090349076,2.053388090349076,0,0,0,0,0,0,0,0,0,0,0,0,14.373716632443532,2.053388090349076,2.053388090349076,22.58726899383984,0,0,2.053388090349076,0,2.053388090349076,0,0,0,6.160164271047228,0,8.213552361396305,0,0,0,2.053388090349076,0,2.053388090349076,0,2.053388090349076,4.106776180698152,0,18.480492813141684,0,0,4.106776180698152,0,0,0,0,6.160164271047228,0,0,2.053388090349076,0,0,0,2.053388090349076,0,0,2.053388090349076,2.053388090349076,0,0,2.053388090349076,0,0,0,0,0,0,2.053388090349076,14.373716632443532,2.053388090349076,0,0,0,0,0,0,4.106776180698152,6.160164271047228,0,4.106776180698152,0,4.106776180698152,0,0,0,0,0,0,0,0,0,0,0,0,0,0,0,0,0,0,0,8.213552361396305,0,0,2.053388090349076,0,0,0,0,0,0,0,4.106776180698152,6.160164271047228,2.053388090349076,0,6.160164271047228,2.053388090349076,2.053388090349076,0,0,0,0,0,0,0,0,0,0,0,0,0,0,0,0,0,6.160164271047228,2.053388090349076,0,0,0,0,0,0,0,0,0,0,0,0,0,0,0,0,0,0,0,6.160164271047228,0,4.106776180698152,6.160164271047228,0,2.053388090349076,0,0,0,0,0,0,0,2.053388090349076,0,0,0,0,0,0,0,0,0,0,2.053388090349076,0,0,2.053388090349076,0,0,8.213552361396305,0,0,0,0,0,0,0,0,0,0,0,0,0,0,0,0,0,0,10.266940451745379,0,0,0,0,0,0,0,0,0,0,6.160164271047228,2.053388090349076,2.053388090349076,0,8.213552361396305,0,0,2.053388090349076,2.053388090349076,0,0,0,0,0,0,0,0,0,0,0,0,0,0
lenin_chto_delat'.txt_chunk11,lenin,4,0,1,0,4,0,2,5,2,29,2,2,1,0,1,1,4,0,0,0,0,0,0,1,1,10,0,0,0,0,1,1,0,3,0,1,3,3,1,2,1,0,3,1,40,1,3,3,1,1,5,0,6,0,5,2,2,0,3,0,1,1,2,0,3,0,0,1,0,2,3,3,0,11,0,0,13,0,0,1,2,1,0,0,1,5,0,7,1,1,3,0,1,1,0,1,3,1,2,0,0,1,1,0,2,1,6,0,1,0,2,0,0,0,0,2,1,0,0,2,2,1,0,0,0,5,2,0,4,4,0,0,0,5,1,0,13,0,1,0,1,10,2,2,1,0,1,1,0,0,6,0,1,5,0,0,0,0,0,0,0,4,1,0,2,1,0,0,0,0,0,2,1,0,0,0,2,3,1,3,5,4,2,2,3,1,1,0,0,0,4,0,1,0,0,1,1,1,0,0,0,0,10,0,0,0,2,3,1,1,5,0,2,0,1,0,0,0,0,0,0,0,0,0,1,0,1,0,0,1,1,2,0,4,1,0,1,1,1,0,0,0,0,0,1,0,4,1,0,0,0,0,0,4,2,1,0,0,0,1,1,0,0,1,0,0,0,0,0,0,0,0,1,0,0,0,2,0,0,2,0,0,0,0,0,0,1,3,1,0,0,0,0,0,0,0,0,0,0,0
lenin_chto_delat'.txt_chunk17,lenin,10,0,1,0,4,1,0,1,2,17,1,1,0,1,0,0,4,0,0,0,0,0,1,0,0,3,0,1,1,0,0,2,1,5,1,1,3,3,4,4,4,0,3,2,60,1,8,4,0,1,3,4,6,4,0,0,1,0,0,0,4,0,0,4,0,0,0,1,1,4,1,1,0,16,1,0,23,1,1,1,4,0,0,0,1,1,0,6,3,0,0,0,0,0,3,1,0,0,1,0,1,1,8,1,1,1,7,0,3,0,1,2,1,0,2,2,2,1,1,0,6,0,0,0,0,6,2,0,7,2,1,3,0,0,2,0,14,2,0,3,0,10,1,1,2,0,0,0,0,0,3,1,1,3,2,0,2,2,0,0,1,0,1,2,1,0,0,0,0,0,4,1,2,0,4,2,0,6,0,1,1,1,1,0,1,3,1,0,0,0,1,0,0,1,0,2,0,4,3,0,2,0,6,0,1,0,3,2,2,0,1,0,0,2,1,1,1,0,0,6,4,1,0,0,0,0,0,0,0,2,0,1,0,0,0,1,0,0,0,0,1,2,1,2,0,0,1,0,1,0,0,0,1,7,2,0,3,0,0,0,0,1,0,0,0,0,1,0,0,0,0,0,0,0,0,0,0,0,0,4,0,0,0,0,0,5,0,2,2,2,0,0,0,0,0,0,0,0,0,0
lenin_chto_delat'.txt_chunk19,lenin,7,2,1,0,8,1,0,1,2,21,2,1,1,0,0,1,7,1,2,1,1,0,1,2,1,1,0,6,1,0,0,2,1,3,0,0,2,3,1,2,1,0,3,0,50,0,7,6,0,1,14,0,5,2,1,0,0,1,3,1,0,0,0,0,3,0,0,0,0,1,3,0,0,14,1,2,14,0,2,0,6,0,1,1,0,3,0,3,2,2,2,0,1,0,2,2,4,1,1,1,1,0,3,0,0,2,8,6,0,0,2,3,0,0,0,1,2,1,0,0,2,0,0,0,2,4,2,0,8,2,1,1,0,0,2,0,18,8,0,2,1,9,1,3,0,0,0,1,0,0,2,1,1,5,0,1,0,0,0,0,2,0,4,0,2,0,1,0,0,0,1,4,2,2,0,0,1,3,0,1,0,2,2,0,0,3,0,0,0,0,0,0,0,0,0,0,1,3,2,0,2,0,9,0,2,0,2,1,3,2,4,0,0,0,1,0,0,1,0,1,4,0,1,0,3,0,0,0,0,1,1,0,0,0,1,0,0,0,0,0,1,0,1,2,0,0,1,0,0,1,0,1,1,9,3,1,2,0,0,2,0,0,0,0,0,0,0,0,0,2,0,0,0,0,0,0,0,0,4,4,0,4,0,0,0,1,0,0,2,2,2,1,0,0,0,0,0,0,0,0
lenin_chto_delat'.txt_chunk20,lenin,6,2,1,0,4,0,2,0,1,32,4,0,1,0,1,1,6,0,1,1,0,3,0,1,4,1,0,6,1,1,0,3,2,1,0,0,4,4,0,3,2,0,4,0,43,1,2,4,1,2,4,0,10,3,1,2,0,0,3,0,3,0,0,3,0,0,1,1,0,0,0,0,0,13,0,1,19,0,1,1,3,3,0,1,0,6,0,3,1,0,0,0,0,0,8,0,3,0,3,2,4,1,5,0,0,0,13,3,0,1,1,0,0,1,0,2,3,0,0,0,1,2,0,0,3,0,4,0,6,1,0,2,0,3,0,0,14,6,0,0,3,8,1,0,3,0,1,1,0,3,1,1,0,5,0,0,4,2,0,1,0,1,2,0,2,0,0,0,0,0,0,0,0,0,1,1,1,7,0,0,1,1,3,0,0,2,2,0,2,0,0,1,0,0,0,0,0,4,0,1,1,1,15,1,0,1,0,0,4,0,2,0,0,3,1,1,0,1,0,0,2,1,0,0,0,0,1,0,0,1,1,2,0,0,0,0,2,0,0,0,2,0,0,1,0,0,2,1,0,0,0,1,2,11,3,0,3,0,0,3,1,1,0,0,0,0,0,0,0,1,0,0,0,0,0,0,0,0,0,3,1,0,0,0,0,0,0,1,0,0,2,0,1,0,0,0,0,0,0,0
lenin_chto_delat'.txt_chunk22,lenin,9,1,2,0,5,0,0,1,3,31,2,0,0,2,0,2,1,0,4,0,0,0,2,0,1,1,0,9,0,1,2,2,0,4,2,0,1,0,0,2,0,0,1,0,48,0,4,1,0,0,6,0,6,1,2,0,1,3,2,0,0,0,0,0,1,0,0,1,0,1,0,0,0,11,1,3,16,0,0,2,0,1,0,0,0,5,1,4,2,1,0,1,0,1,0,1,4,0,3,2,1,0,4,0,1,2,15,1,0,0,1,0,0,1,1,4,2,0,0,0,4,2,1,0,2,2,2,0,5,3,0,2,0,3,5,0,14,3,3,1,0,3,3,5,2,0,2,0,2,0,0,1,2,5,0,0,2,0,1,1,0,0,0,0,1,0,0,1,0,0,0,1,1,8,0,3,1,3,1,0,1,2,1,0,2,2,2,0,1,1,0,1,0,2,0,0,1,2,2,0,0,4,6,1,0,0,0,0,1,1,2,1,1,3,1,1,0,2,2,1,4,0,1,0,0,1,2,0,0,3,2,2,1,0,0,0,3,4,0,0,0,0,0,1,0,1,0,0,0,0,0,0,0,7,2,0,1,0,0,1,4,0,0,1,0,0,0,1,0,4,0,0,0,0,0,0,0,4,1,2,0,2,0,0,2,0,0,2,3,0,3,0,0,0,0,0,0,0,0,0
lenin_chto_delat'.txt_chunk23,lenin,4,0,0,1,3,0,1,0,1,26,1,1,0,1,0,2,2,0,0,0,0,0,0,0,3,3,0,3,0,0,0,1,1,3,0,0,2,5,5,4,0,0,1,0,44,0,1,0,1,1,12,1,3,1,1,0,0,0,3,1,1,0,0,2,1,0,0,0,1,1,1,3,1,7,4,1,20,0,1,2,2,0,0,0,1,0,0,6,1,1,0,1,0,1,3,0,4,2,6,1,1,1,6,1,1,2,10,0,2,0,0,0,0,1,0,3,0,1,0,1,2,0,1,0,3,4,1,0,4,0,0,1,1,1,2,0,20,1,0,4,0,5,2,2,2,1,1,3,1,1,1,1,0,4,0,0,5,0,1,0,0,5,2,1,0,1,0,0,0,0,0,0,0,0,1,1,1,0,0,0,1,4,6,0,4,4,2,0,2,0,0,0,0,0,0,1,2,6,1,0,0,0,11,0,1,2,1,0,3,2,3,0,0,2,3,1,1,0,0,1,4,0,2,0,1,0,1,1,0,0,0,0,0,0,2,0,0,0,0,0,0,0,0,2,0,0,0,1,0,0,0,0,0,10,0,2,1,0,0,0,1,1,0,1,0,1,0,0,0,1,0,0,0,0,0,0,0,1,0,3,0,3,0,0,0,0,2,1,0,0,0,0,0,1,0,0,0,0,0,0
lenin_chto_delat'.txt_chunk24,lenin,7,0,0,1,4,0,0,1,1,28,5,7,0,1,0,0,5,2,1,0,1,1,0,0,2,3,0,3,0,0,1,0,2,0,2,0,0,2,2,0,1,0,1,0,58,0,3,3,0,1,6,1,9,1,2,0,0,1,4,2,2,0,0,0,1,0,0,1,0,1,1,0,0,15,1,0,22,1,0,0,3,2,0,0,0,4,0,4,2,0,1,1,0,0,0,2,3,3,3,0,0,0,4,0,1,0,12,4,0,0,0,0,0,1,0,1,1,1,0,1,2,0,0,0,2,2,4,0,10,0,0,0,0,3,0,0,12,2,0,0,0,10,4,2,2,0,0,1,5,0,2,0,1,1,0,1,2,0,2,0,0,3,2,1,1,0,0,0,3,1,1,0,1,1,1,1,2,6,0,1,2,5,5,0,1,0,0,0,0,0,0,2,0,0,0,1,4,1,1,1,0,1,9,1,1,0,3,3,3,0,2,0,0,7,0,0,0,1,0,0,2,2,1,0,0,0,0,0,0,2,2,0,0,0,1,0,1,0,0,0,1,0,0,0,0,0,2,1,0,0,1,1,0,8,3,0,0,0,1,4,1,0,2,0,0,0,0,0,0,1,0,0,0,0,0,0,0,0,1,5,0,0,0,0,0,1,1,0,1,0,1,0,0,0,0,0,0,0,0,0
lenin_chto_delat'.txt_chunk26,lenin,8,0,0,0,2,0,2,0,1,29,1,0,0,0,0,0,3,1,0,0,0,0,2,0,2,1,0,7,0,1,1,0,0,1,1,0,2,1,4,2,2,0,5,0,50,0,2,3,1,2,4,0,1,0,1,1,0,0,5,0,0,0,0,1,0,0,0,0,2,2,1,0,0,9,0,1,22,2,0,1,1,2,0,0,0,8,1,4,1,0,0,0,0,1,1,1,1,2,9,0,0,1,2,0,2,3,9,3,3,1,1,2,0,1,0,0,0,0,0,0,0,0,0,0,0,2,4,0,11,0,0,0,0,1,1,0,11,6,0,8,0,5,6,3,2,0,1,1,3,0,2,1,1,3,1,0,1,0,3,0,0,2,2,1,0,0,1,1,0,0,2,0,1,3,0,0,0,0,0,1,1,2,2,0,3,1,0,1,1,0,0,3,0,0,1,1,1,4,0,0,0,0,4,2,0,0,3,0,2,2,5,0,0,4,0,0,0,0,0,0,1,1,1,1,1,0,1,1,0,0,1,1,0,1,4,0,0,1,0,0,0,0,0,1,0,0,4,1,0,0,1,1,4,11,2,3,0,0,0,2,1,3,2,0,1,2,0,0,0,1,1,0,0,0,0,0,0,0,2,3,0,0,0,0,0,1,0,9,3,4,0,1,1,0,0,0,0,0,0,0
lenin_chto_delat'.txt_chunk4,lenin,8,0,0,0,8,3,1,12,3,20,3,2,0,0,2,1,2,0,0,1,0,0,1,0,1,4,0,4,0,1,0,1,0,4,2,0,3,0,3,0,0,0,4,0,44,1,3,2,0,2,5,0,5,0,1,1,2,0,1,0,2,0,0,0,0,0,1,0,0,3,3,0,1,18,1,2,17,2,0,1,2,0,0,0,0,5,0,4,1,0,2,0,0,0,2,0,0,1,1,0,2,1,4,1,1,0,16,0,0,2,0,0,0,0,0,1,1,1,0,2,1,0,1,0,1,3,1,1,5,1,1,1,0,0,1,0,11,0,1,3,2,7,2,4,0,1,3,0,4,0,1,0,0,2,0,0,1,0,1,0,0,2,2,0,0,0,0,0,0,0,4,0,1,0,0,1,0,0,2,0,3,1,3,1,1,0,2,0,2,0,0,2,0,1,0,0,6,0,2,0,0,0,6,1,1,0,1,0,1,4,2,0,3,2,0,0,0,0,0,0,0,0,3,1,2,0,0,1,0,2,4,0,0,4,1,0,1,1,2,1,1,1,1,3,0,0,1,0,0,0,0,4,0,1,0,0,1,0,0,0,1,0,0,1,0,0,0,1,0,1,0,0,0,0,1,0,2,0,0,1,1,0,0,0,0,0,0,1,0,0,0,0,0,1,0,0,0,0,0,0
lenin_chto_delat'.txt_chunk46,lenin,21.929824561403507,0,0,0,0,0,0,0,4.385964912280701,21.929824561403507,4.385964912280701,4.385964912280701,0,0,0,0,13.157894736842104,0,0,0,0,0,0,0,0,0,0,4.385964912280701,0,0,0,0,0,0,0,0,0,0,0,0,0,0,0,0,39.473684210526315,0,13.157894736842104,0,0,4.385964912280701,26.31578947368421,0,4.385964912280701,0,4.385964912280701,0,0,4.385964912280701,0,0,0,0,0,0,0,0,0,0,0,0,0,0,0,13.157894736842104,0,0,26.31578947368421,0,0,0,0,4.385964912280701,0,0,0,4.385964912280701,0,0,0,4.385964912280701,0,0,0,0,0,0,0,4.385964912280701,0,0,0,13.157894736842104,0,0,0,0,8.771929824561402,0,0,0,0,0,0,0,0,4.385964912280701,0,0,0,0,4.385964912280701,0,0,0,0,4.385964912280701,0,0,0,0,0,0,0,0,0,0,17.543859649122805,0,0,0,0,0,13.157894736842104,0,0,0,0,0,0,4.385964912280701,0,0,0,8.771929824561402,0,0,0,0,0,0,0,0,0,0,0,0,0,4.385964912280701,0,0,0,0,0,4.385964912280701,0,0,8.771929824561402,0,0,0,0,0,0,0,0,4.385964912280701,0,0,0,4.385964912280701,0,0,4.385964912280701,0,0,0,0,0,0,0,0,0,4.385964912280701,0,4.385964912280701,0,0,8.771929824561402,0,0,0,0,4.385964912280701,0,0,0,0,0,0,0,0,4.385964912280701,0,0,0,0,0,4.385964912280701,0,4.385964912280701,0,0,0,0,0,0,0,0,4.385964912280701,0,0,0,0,0,0,0,0,0,0,0,4.385964912280701,0,0,17.543859649122805,0,0,0,0,0,0,0,0,0,0,0,0,0,0,0,0,0,0,0,0,0,0,0,0,0,4.385964912280701,0,0,0,0,0,0,4.385964912280701,0,0,0,0,4.385964912280701,0,0,0,0,0,0,0,0
lenin_chto_delat'.txt_chunk9,lenin,10,0,0,0,7,1,1,2,2,25,2,1,0,1,1,0,3,1,1,1,1,0,0,0,2,2,2,8,0,0,0,1,0,8,0,0,4,4,2,5,0,0,0,0,40,2,8,4,1,1,7,0,5,0,0,0,0,0,4,0,2,0,1,0,1,0,0,0,1,6,1,2,1,10,2,0,16,0,0,2,2,0,0,0,0,6,0,6,0,1,0,2,1,0,1,0,3,0,3,0,1,0,4,2,3,2,6,3,0,1,1,0,1,2,1,3,3,1,1,6,3,1,1,1,4,6,1,1,7,2,1,0,1,0,2,0,15,2,1,3,0,12,4,0,1,3,0,0,0,1,0,0,0,4,0,0,1,0,1,1,0,1,1,0,3,0,3,1,0,1,0,0,2,2,0,3,3,1,1,0,3,5,5,1,1,0,0,0,0,0,0,0,1,0,0,0,2,4,1,1,0,0,9,0,0,0,1,5,1,4,4,0,0,0,1,0,0,0,0,0,3,1,0,0,2,0,0,2,0,1,1,0,0,1,1,0,1,0,1,0,0,0,0,2,1,0,1,0,0,1,0,2,0,4,0,0,2,0,1,0,1,1,0,1,0,0,0,0,0,4,0,0,0,2,1,0,0,0,1,0,0,0,0,0,0,1,0,0,0,0,0,0,5,0,0,0,0,0,0,0
lenin_era_reform_I.txt_chunk3,lenin,0,0,0,0,0,0,0,0,0,90.9090909090909,0,0,0,0,0,0,0,0,0,0,0,0,0,0,0,0,0,0,0,0,0,0,0,0,0,0,0,0,0,0,0,0,0,0,90.9090909090909,0,0,0,0,0,0,0,0,0,0,0,0,0,0,0,0,0,0,0,0,0,0,0,0,0,0,0,0,0,0,0,0,0,0,0,0,0,0,0,0,0,0,0,0,0,0,0,0,0,0,0,0,0,0,0,0,0,0,0,0,0,0,0,0,0,0,0,0,0,0,90.9090909090909,0,0,0,0,0,0,0,0,0,0,0,0,0,0,0,0,0,0,0,0,0,0,0,0,0,0,0,0,0,0,0,0,0,0,0,0,0,0,0,0,0,0,0,0,0,0,0,0,0,0,0,0,0,0,0,0,0,0,0,0,0,0,0,0,0,0,0,0,0,0,0,0,0,0,0,0,0,0,0,0,0,0,0,0,0,0,0,0,0,0,0,0,0,0,0,0,0,0,0,0,0,0,0,0,0,0,0,0,0,0,0,0,0,0,0,0,0,0,0,0,0,0,0,0,0,0,0,0,0,0,0,0,0,0,0,0,0,0,0,0,0,0,0,0,0,0,0,0,0,0,0,0,0,0,0,0,0,0,0,0,0,0,0,0,0,0,0,0,0,0,0,0,0,0,0,0,0,0,0,0,0,0,0,0
lenin_k_der_bednote_cdprogramma.txt_chunk10,lenin,13,5,0,0,7,0,1,1,0,17,0,0,0,4,0,0,9,0,3,1,0,2,0,0,2,2,1,6,0,0,0,0,0,1,0,1,0,1,0,7,0,3,10,1,50,1,6,3,1,1,2,1,9,0,1,1,2,0,8,0,3,0,0,0,0,1,0,6,1,1,0,0,0,14,1,0,17,0,0,3,1,0,0,1,0,0,1,4,0,0,7,0,0,1,5,0,2,0,4,0,2,0,8,0,0,0,3,1,0,1,1,2,0,0,1,1,1,0,0,0,8,2,0,0,0,0,4,1,3,0,2,2,1,12,3,0,17,6,1,7,0,5,0,1,0,0,1,3,3,0,1,0,0,0,0,0,2,0,6,0,0,0,4,0,2,0,0,0,0,0,2,1,0,1,1,0,0,2,0,0,0,0,0,0,0,0,0,0,2,0,0,0,0,0,0,0,2,0,0,0,0,0,1,0,0,0,0,0,0,1,0,0,0,1,0,0,2,1,2,0,1,0,2,0,0,0,0,1,0,2,1,2,1,0,0,3,8,0,0,0,0,1,0,0,0,0,0,0,0,0,0,0,0,1,6,0,0,0,1,0,0,0,2,1,0,0,4,0,0,0,0,0,0,0,3,0,0,0,0,0,0,0,0,0,0,0,0,0,0,0,0,0,0,0,2,0,0,0,0,0
lenin_k_der_bednote_cdprogramma.txt_chunk15,lenin,4,0,5,4,3,0,1,0,0,15,2,0,0,3,1,1,8,4,1,2,1,0,0,0,0,1,0,5,1,0,0,3,1,4,4,2,4,3,4,4,1,0,3,1,38,1,0,2,1,4,2,1,8,0,2,0,0,2,6,1,3,0,0,1,0,0,0,3,1,2,0,0,0,9,2,8,21,2,1,2,1,0,1,1,0,5,0,2,1,0,0,0,0,1,3,1,5,0,15,0,0,0,2,0,1,0,10,1,0,1,1,3,0,1,1,0,4,0,0,0,2,0,0,1,0,2,2,0,4,0,0,0,0,7,0,0,5,7,1,1,0,3,3,4,2,0,0,0,4,0,2,0,0,0,0,1,0,0,0,0,0,0,5,0,1,0,0,0,0,0,2,1,2,4,0,0,0,2,0,0,0,0,0,1,0,0,0,4,0,1,0,0,1,2,2,0,2,0,1,0,0,0,4,0,1,0,1,0,1,3,1,0,2,0,1,0,8,0,1,0,0,0,3,1,1,0,0,5,0,1,3,4,0,1,0,3,2,0,0,0,0,0,3,2,0,1,1,0,0,0,0,0,0,5,2,1,0,0,0,0,0,0,0,2,1,0,0,0,1,0,1,0,0,0,1,1,1,4,2,0,2,1,0,0,0,0,0,0,0,0,0,0,0,0,0,0,0,0,0,0
lenin_k_der_bednote_cdprogramma.txt_chunk5,lenin,8,6,2,2,3,0,1,0,0,29,0,0,0,2,0,0,1,2,3,1,1,0,1,2,0,0,0,3,0,0,0,2,0,0,0,1,2,0,4,3,1,0,8,2,53,0,7,0,0,6,2,0,4,0,0,0,1,0,3,1,0,1,0,1,1,0,0,5,0,1,1,0,0,7,0,6,15,0,0,1,1,0,0,2,0,7,0,5,3,0,1,0,0,1,1,1,4,0,3,0,4,0,7,1,0,0,6,0,1,0,1,0,0,1,0,2,0,0,1,2,4,0,0,0,0,1,1,0,3,1,0,0,0,22,6,0,10,4,0,5,1,6,3,1,2,0,0,0,0,0,3,0,1,0,2,0,1,0,1,4,0,0,0,0,1,0,0,0,0,0,1,0,2,3,4,0,2,3,0,0,0,0,0,0,0,2,0,2,2,0,0,0,0,0,3,0,0,0,1,0,1,0,2,0,0,0,5,0,0,0,1,0,1,3,0,0,3,2,3,1,1,0,3,0,0,1,0,2,0,0,5,1,0,1,0,1,1,2,2,0,2,0,0,1,0,0,0,0,0,0,0,0,0,7,4,5,0,0,0,0,0,1,0,0,0,0,1,0,2,0,1,0,0,0,0,1,0,3,0,0,0,0,0,0,0,0,0,0,0,0,0,0,0,0,0,0,0,0,0,0
lenin_k_der_bednote_cdprogramma.txt_chunk9,lenin,11,6,2,0,0,1,1,0,2,24,3,0,0,2,0,0,8,1,4,2,2,2,0,2,0,2,0,7,0,0,0,0,0,3,1,2,1,1,4,3,0,0,11,5,53,2,10,2,1,4,1,0,7,0,1,0,0,0,2,0,0,0,0,3,3,0,0,1,0,1,0,0,0,13,1,2,16,3,0,3,4,0,0,5,1,3,1,0,0,0,3,0,0,0,4,0,1,0,5,0,5,0,2,0,2,2,10,0,0,1,1,0,0,1,3,0,3,0,0,0,2,1,1,0,2,7,0,0,5,1,2,0,0,12,2,0,7,4,0,2,0,6,1,0,0,0,0,0,1,0,2,0,0,0,0,0,0,0,1,0,0,0,1,0,2,0,0,0,0,0,1,0,2,0,5,0,0,3,0,0,0,0,0,1,0,0,0,2,1,0,0,0,0,0,2,0,2,2,4,0,0,0,4,1,0,0,1,1,2,0,2,0,2,6,0,0,6,2,0,1,2,0,2,0,0,0,0,3,0,0,2,0,0,0,0,3,2,1,0,0,1,0,0,0,0,0,0,0,0,0,0,2,0,2,2,1,0,0,0,0,6,0,0,0,0,1,1,0,0,0,0,1,0,0,3,0,0,0,3,1,1,0,0,0,0,0,0,0,0,0,0,0,0,0,3,0,0,0,0,0
lenin_k_partii.txt_chunk3,lenin,0,0,0,0,0,0,0,0,0,19.230769230769234,0,0,0,0,0,0,19.230769230769234,0,0,0,0,0,0,0,0,0,0,0,0,0,0,0,0,0,19.230769230769234,0,0,0,0,0,19.230769230769234,0,0,0,76.92307692307693,0,19.230769230769234,0,0,0,0,0,0,0,0,0,0,0,19.230769230769234,0,0,0,0,0,0,0,0,0,0,0,0,0,0,0,0,0,19.230769230769234,0,0,0,0,0,0,0,0,0,0,0,0,0,0,0,0,0,0,0,0,0,0,0,0,0,0,0,0,0,0,0,0,0,0,0,0,0,0,0,0,0,0,0,0,0,0,0,0,0,0,0,0,0,0,0,0,38.46153846153847,19.230769230769234,0,0,0,0,0,0,19.230769230769234,0,0,0,0,0,0,0,0,0,0,0,0,0,0,0,0,0,0,0,0,0,0,0,0,0,0,0,0,0,0,0,0,19.230769230769234,0,19.230769230769234,0,0,0,0,0,0,0,0,0,0,0,0,0,0,19.230769230769234,19.230769230769234,19.230769230769234,0,0,0,0,0,0,0,19.230769230769234,0,0,0,0,0,0,0,0,0,0,0,0,0,0,0,0,0,0,0,0,0,0,0,0,0,0,0,0,0,0,0,0,0,0,0,0,0,0,0,0,0,0,0,0,0,0,0,0,0,0,0,19.230769230769234,38.46153846153847,0,0,0,0,0,0,0,0,0,0,0,0,0,0,0,0,0,0,0,0,0,0,0,0,0,0,0,0,0,0,0,0,0,0,0,0,0,0,0,0,0,0,0,0,0
lenin_l_n_tolstoy.txt_chunk1,lenin,6,0,0,1,0,3,0,1,1,30,6,1,0,0,0,3,2,1,1,1,0,0,0,0,0,0,0,2,0,0,0,0,0,9,4,1,0,2,1,1,3,0,6,0,51,0,7,2,2,2,8,0,6,1,3,0,0,1,5,0,0,0,0,0,0,0,0,0,1,0,0,1,0,13,0,0,9,1,0,0,0,0,0,0,0,2,0,5,2,1,0,1,0,1,3,0,5,0,4,0,1,0,2,0,1,0,15,0,1,0,4,0,0,3,2,1,0,1,0,1,1,0,0,0,3,5,1,1,6,2,0,0,0,1,1,0,7,2,0,0,0,4,0,1,0,0,1,0,0,0,2,2,0,1,0,1,0,0,0,1,1,0,3,0,1,0,0,2,1,1,0,0,1,1,1,0,3,1,0,0,0,1,3,0,0,1,2,0,0,0,1,2,0,0,0,1,3,0,0,1,1,0,1,0,0,0,1,4,2,0,4,1,2,1,0,2,0,1,0,0,0,1,3,1,2,1,1,0,1,2,0,0,0,0,0,2,0,1,0,0,0,0,1,0,0,1,0,1,0,2,0,1,0,0,0,1,2,0,1,0,0,0,1,1,0,0,1,0,0,1,0,0,0,0,1,0,1,0,0,1,0,0,0,0,0,4,0,0,0,2,0,0,1,5,0,3,0,0,0,0
lenin_nepodan_zayzvlenie.txt_chunk1,lenin,4,0,2,0,7,1,1,9,4,21,0,2,1,1,1,0,4,0,0,0,0,0,3,0,0,2,0,4,0,0,1,0,0,5,2,0,7,1,3,2,0,0,3,1,35,0,6,3,1,1,7,0,2,0,0,0,0,0,3,0,3,0,1,0,0,3,1,0,2,3,1,0,0,11,1,0,12,0,0,0,1,0,0,0,0,1,0,13,2,1,3,1,2,0,4,0,1,0,2,0,0,2,7,0,3,1,4,1,0,1,3,0,0,0,0,0,1,0,1,1,0,1,1,0,1,3,0,0,1,2,2,2,0,0,0,0,17,3,1,2,2,5,4,0,0,0,1,16,3,0,4,0,0,4,1,2,0,5,0,1,0,0,4,0,1,0,0,0,0,0,2,0,0,2,1,0,1,2,0,0,0,0,0,0,1,0,2,0,0,1,0,0,4,0,0,2,5,0,0,0,0,0,0,0,1,5,0,0,0,0,0,0,2,1,0,0,0,0,0,0,0,0,0,0,0,0,0,1,0,2,3,5,0,0,3,1,0,0,0,0,0,0,0,0,0,0,0,1,0,0,0,4,0,2,0,0,2,0,2,1,1,3,0,0,0,1,0,1,0,0,0,0,0,0,0,0,0,0,0,0,0,0,0,0,0,0,0,0,1,0,2,0,0,0,0,0,0,0,0,0
lenin_otvet_na_kritiku.txt_chunk2,lenin,15,0,1,0,1,0,0,5,4,32,0,1,0,1,0,2,0,0,0,0,1,2,0,1,1,0,0,5,2,0,0,1,0,1,1,1,1,4,3,3,0,0,4,0,34,0,4,4,0,0,3,0,7,0,2,1,0,0,2,0,1,0,2,0,2,0,1,0,1,3,3,1,0,9,2,0,25,1,0,0,0,0,0,0,0,1,1,10,3,3,1,0,1,1,3,1,1,0,3,1,0,0,8,0,0,1,10,0,0,1,2,0,0,0,0,0,0,0,0,2,1,0,2,0,0,3,4,0,5,2,1,1,0,4,1,0,10,2,1,1,0,4,2,2,2,1,0,0,0,0,2,2,0,2,1,0,1,0,0,0,0,1,3,1,0,0,0,0,0,0,0,0,1,1,0,2,1,0,1,0,0,0,0,0,0,0,1,1,0,0,0,3,0,0,0,1,3,0,0,0,0,0,0,0,0,0,5,0,0,0,0,0,5,1,0,1,11,0,0,0,0,0,2,0,0,0,0,0,0,0,0,1,0,0,3,1,0,0,3,0,0,0,0,1,0,0,0,1,0,1,0,1,0,6,0,3,4,0,0,0,0,0,1,1,1,0,0,0,0,0,0,0,0,0,0,0,2,0,0,0,0,0,0,0,0,0,0,0,0,0,0,0,4,0,0,0,0,0,0,0
lenin_partiynaya_organizaciya_i_literatura.txt_chunk2,lenin,8.438818565400844,0,12.658227848101266,2.109704641350211,0,0,0,0,8.438818565400844,23.206751054852322,2.109704641350211,0,0,0,0,0,2.109704641350211,0,0,0,2.109704641350211,0,0,0,4.219409282700422,2.109704641350211,0,4.219409282700422,0,2.109704641350211,0,4.219409282700422,0,2.109704641350211,6.329113924050633,0,0,6.329113924050633,0,2.109704641350211,0,0,6.329113924050633,0,46.413502109704645,0,2.109704641350211,10.548523206751055,0,0,6.329113924050633,0,2.109704641350211,0,0,0,2.109704641350211,0,2.109704641350211,0,0,0,4.219409282700422,0,2.109704641350211,0,0,0,0,6.329113924050633,0,4.219409282700422,0,8.438818565400844,0,0,21.09704641350211,0,2.109704641350211,0,0,0,0,0,0,4.219409282700422,0,2.109704641350211,2.109704641350211,0,0,2.109704641350211,0,0,0,6.329113924050633,2.109704641350211,4.219409282700422,18.9873417721519,0,0,2.109704641350211,0,0,0,0,10.548523206751055,0,0,0,2.109704641350211,0,0,0,0,0,0,2.109704641350211,0,0,2.109704641350211,2.109704641350211,0,0,0,0,4.219409282700422,0,6.329113924050633,0,0,0,0,8.438818565400844,0,0,6.329113924050633,6.329113924050633,2.109704641350211,0,0,10.548523206751055,0,0,0,0,0,0,0,2.109704641350211,2.109704641350211,0,0,0,0,0,2.109704641350211,0,2.109704641350211,0,4.219409282700422,0,4.219409282700422,0,0,0,2.109704641350211,0,0,0,0,2.109704641350211,2.109704641350211,0,2.109704641350211,0,0,0,0,2.109704641350211,0,0,0,0,0,2.109704641350211,0,0,4.219409282700422,0,0,0,8.438818565400844,2.109704641350211,0,0,0,0,0,0,0,0,6.329113924050633,0,0,0,2.109704641350211,2.109704641350211,0,0,0,2.109704641350211,0,4.219409282700422,0,2.109704641350211,0,0,0,0,2.109704641350211,2.109704641350211,0,0,0,2.109704641350211,2.109704641350211,0,2.109704641350211,0,6.329113924050633,6.329113924050633,0,0,0,0,0,4.219409282700422,0,0,0,0,2.109704641350211,0,0,0,0,0,0,0,0,0,2.109704641350211,10.548523206751055,8.438818565400844,0,2.109704641350211,0,0,0,2.109704641350211,0,0,0,0,0,0,0,0,2.109704641350211,2.109704641350211,0,0,0,2.109704641350211,0,0,0,2.109704641350211,0,4.219409282700422,0,0,0,0,0,0,0,0,2.109704641350211,0,2.109704641350211,0,0,0,0,0,0,0,0
lenin_polozhenie_bunda_I.txt_chunk1,lenin,7,1,1,0,2,0,0,0,3,35,1,3,0,1,0,0,4,0,0,1,1,1,2,0,0,1,0,1,1,0,0,0,1,3,4,1,3,5,0,8,1,0,2,0,31,1,2,1,0,1,12,0,9,0,3,0,1,0,3,2,0,0,0,0,1,0,0,0,2,2,2,0,0,12,0,2,6,0,0,1,0,0,1,0,0,3,0,5,3,0,3,2,2,0,1,1,4,2,2,0,0,2,3,5,6,0,5,0,0,0,0,0,0,0,1,0,1,0,0,0,1,0,1,2,0,8,2,0,5,0,0,1,1,0,1,0,12,0,3,3,1,4,0,2,0,0,0,0,0,0,0,0,0,3,0,0,1,0,0,0,0,2,0,1,1,0,0,0,0,1,1,1,0,2,1,3,0,3,1,4,0,2,2,0,0,0,1,0,1,0,0,0,18,1,0,0,2,1,0,0,0,1,3,3,0,1,5,0,0,0,0,0,0,1,0,1,0,1,0,0,2,0,2,0,0,0,0,1,1,0,0,1,0,0,0,2,0,0,1,0,1,0,0,0,0,0,0,0,0,5,0,1,1,0,1,1,2,0,0,0,2,0,1,1,0,2,0,0,0,9,1,3,0,0,0,0,0,0,0,0,0,0,0,0,0,0,0,0,0,1,0,1,3,0,0,0,0,0,0,0
lenin_polozhenie_bunda_I.txt_chunk4,lenin,0,0,0,0,0,0,0,0,0,21.978021978021978,0,0,0,0,0,0,0,0,0,0,0,0,0,0,0,0,0,10.989010989010989,0,0,0,0,0,0,10.989010989010989,0,0,0,10.989010989010989,10.989010989010989,0,0,21.978021978021978,0,54.94505494505494,0,0,10.989010989010989,0,0,21.978021978021978,0,0,0,0,0,0,0,0,0,0,0,0,0,0,0,0,0,0,10.989010989010989,0,0,0,32.96703296703297,0,0,0,0,0,0,0,0,0,0,0,0,0,0,0,0,0,0,0,0,10.989010989010989,0,10.989010989010989,0,0,0,0,0,0,0,0,0,32.96703296703297,0,0,0,0,0,10.989010989010989,0,0,0,0,0,0,0,0,0,0,0,0,0,21.978021978021978,0,10.989010989010989,10.989010989010989,0,0,0,0,0,0,10.989010989010989,10.989010989010989,0,0,0,0,10.989010989010989,21.978021978021978,0,0,0,0,0,0,0,0,0,0,0,0,0,0,0,0,0,0,0,0,0,0,0,0,0,0,0,0,0,0,0,0,0,0,0,0,0,0,0,0,0,0,10.989010989010989,0,0,0,0,0,0,0,0,0,0,0,0,0,0,0,10.989010989010989,10.989010989010989,0,0,0,0,0,10.989010989010989,0,0,0,10.989010989010989,0,0,0,0,0,0,0,0,0,0,0,0,0,0,0,0,0,0,0,0,0,0,0,0,0,0,0,0,0,0,0,0,0,0,0,0,0,0,0,10.989010989010989,0,0,0,0,0,0,0,0,0,0,0,0,0,0,0,10.989010989010989,0,0,0,0,0,0,0,0,0,0,0,0,0,0,0,0,0,0,0,0,0,0,0,0,0,0,0,0,0,0
lenin_rasskaz_o_II_cyezde.txt_chunk2,lenin,1,0,0,0,2,1,2,4,3,30,4,2,3,0,1,1,3,1,0,1,0,0,1,0,1,2,0,1,0,0,0,0,0,3,1,0,1,1,6,2,0,0,2,0,35,0,3,1,0,2,10,1,6,0,4,4,2,1,2,1,1,0,1,0,1,1,1,0,0,1,0,0,1,21,0,0,19,0,0,0,0,0,0,1,1,4,0,12,3,4,1,1,1,0,4,0,1,7,1,2,1,0,10,0,1,3,13,0,1,0,1,0,0,0,1,1,1,0,0,0,1,0,1,1,3,1,1,0,3,1,1,0,3,4,1,0,8,1,0,2,0,3,4,1,4,3,0,6,2,0,1,0,0,2,0,0,1,0,1,2,0,0,0,0,0,1,0,0,0,1,0,0,0,2,1,0,2,2,0,1,0,0,0,0,13,0,0,1,0,1,0,0,3,0,0,2,10,0,0,0,0,0,0,0,1,8,9,1,0,1,4,0,0,2,0,0,0,0,1,0,0,0,1,0,0,0,0,2,0,2,0,5,0,3,0,1,0,0,1,0,0,0,1,2,3,1,0,1,0,0,0,1,0,1,0,0,3,0,2,0,0,1,1,0,1,0,0,1,0,0,0,0,1,0,0,0,0,0,0,0,0,0,0,0,0,0,0,1,0,0,1,0,0,0,0,0,0,0,0,0
lenin_samoderzh_kolebletsya_I.txt_chunk1,lenin,3,0,2,1,0,0,0,0,7,21,4,1,0,1,1,0,4,1,0,1,0,6,0,0,0,0,0,9,0,0,3,3,0,0,0,0,1,1,2,2,4,1,6,2,52,0,1,5,3,2,2,0,5,0,3,0,0,0,2,0,0,2,0,1,0,0,0,0,0,4,0,0,0,10,3,1,14,1,0,2,1,0,0,0,0,3,0,13,3,1,1,0,1,0,1,4,2,0,7,0,1,1,6,0,1,0,7,1,1,0,1,1,0,0,0,0,1,1,0,0,1,0,0,0,0,3,0,0,2,1,0,0,1,1,1,0,12,0,1,2,0,5,6,2,3,0,0,0,2,0,6,1,0,0,0,0,0,0,0,0,1,0,0,0,1,0,0,0,0,0,0,1,3,5,0,0,0,6,0,0,1,1,0,0,0,1,0,0,2,0,0,0,0,0,3,2,0,1,2,0,0,0,1,0,0,0,1,1,0,0,0,3,0,1,0,0,4,2,0,1,0,0,4,1,1,0,2,3,0,0,4,0,1,0,0,0,0,1,0,0,0,2,0,0,0,0,0,2,0,0,0,0,0,7,0,1,0,0,0,0,0,3,0,1,0,0,1,0,6,0,1,0,0,0,0,1,2,3,1,0,5,1,0,0,0,0,1,0,0,0,0,1,1,0,0,0,0,0,0,0
lenin_shag_vpered_2nazad.txt_chunk1,lenin,5,1,1,1,2,0,0,0,2,30,0,9,1,1,0,1,6,0,3,0,0,0,0,0,0,1,0,1,0,0,1,0,0,1,5,1,2,4,3,0,0,0,1,0,49,1,5,0,2,12,17,2,2,0,1,1,3,0,3,1,0,0,3,0,1,0,2,2,0,2,1,0,0,7,0,0,8,0,1,0,0,0,1,0,0,0,0,9,5,1,0,2,0,2,1,1,2,1,3,0,0,1,12,0,0,1,5,0,0,0,1,0,0,3,4,1,1,0,0,0,1,0,0,0,1,4,2,2,3,1,0,1,1,0,2,0,9,4,2,3,0,2,0,3,0,0,0,0,0,0,2,3,1,4,0,0,0,0,0,0,0,0,2,0,1,1,0,1,0,0,0,0,0,4,1,2,4,1,0,0,0,2,1,1,6,0,1,0,0,0,0,8,16,0,0,0,1,1,0,0,0,0,3,0,1,11,0,1,0,1,5,0,0,1,0,0,0,0,0,0,0,0,0,0,0,1,0,0,0,1,3,0,0,0,0,2,1,2,0,0,1,0,0,2,0,1,0,1,0,0,0,0,0,0,0,0,0,0,1,0,3,0,0,1,0,0,0,0,0,0,0,0,0,0,0,0,0,0,0,0,0,0,0,4,0,0,0,0,1,0,0,0,0,0,0,0,1,0,0,0
lenin_shag_vpered_2nazad.txt_chunk13,lenin,5,1,0,0,0,0,0,2,2,33,2,0,1,1,0,0,3,0,1,2,2,0,0,0,0,0,0,5,0,0,0,0,0,3,8,2,3,0,1,2,0,0,3,0,46,0,2,4,1,2,7,2,4,0,1,0,1,0,0,1,0,0,0,0,5,0,0,0,4,3,0,0,0,13,1,0,9,1,0,0,0,0,0,2,0,3,0,5,1,0,1,1,0,0,2,0,1,12,5,0,0,0,8,3,0,3,6,0,0,0,1,2,0,5,0,0,1,0,0,0,2,0,0,0,1,1,1,0,0,1,0,0,0,1,3,0,2,2,0,2,0,1,1,0,0,0,0,0,0,0,5,0,0,0,0,1,0,0,0,0,0,0,0,0,0,1,0,0,0,1,0,1,3,0,2,1,2,5,1,0,0,1,1,0,0,0,0,1,0,0,1,0,38,0,1,0,0,0,0,0,0,2,1,3,0,4,0,0,0,0,0,0,0,0,0,0,0,0,0,0,1,0,0,1,0,0,0,0,0,3,1,0,0,0,0,2,0,0,0,0,0,0,1,0,0,0,0,0,0,0,1,3,0,0,1,0,0,0,0,0,0,0,0,1,0,0,0,0,0,0,2,3,0,0,0,0,0,0,0,0,0,0,0,2,0,0,0,0,0,0,0,0,0,0,0,0,0,0,0,0
lenin_shag_vpered_2nazad.txt_chunk20,lenin,8,1,1,0,7,0,0,3,5,26,0,0,0,1,0,0,0,0,1,0,0,3,1,2,0,1,0,5,3,1,2,2,0,1,4,1,6,4,2,0,0,0,2,1,42,1,5,6,1,2,15,1,7,0,8,1,0,0,0,0,0,0,3,0,1,0,0,0,3,3,3,0,0,9,0,1,23,0,3,0,3,0,0,0,0,9,1,2,1,0,0,0,0,0,5,2,1,4,0,0,1,0,4,0,2,2,5,2,0,0,1,0,1,1,0,1,12,0,0,1,1,2,0,0,3,5,0,0,4,3,0,1,1,0,3,0,12,4,0,3,0,9,1,0,0,1,3,7,0,0,1,0,0,2,0,0,0,0,0,3,0,0,1,0,2,1,0,0,0,0,2,0,0,3,3,1,5,1,0,1,0,0,1,2,0,0,2,0,1,0,0,1,15,1,0,1,2,0,1,2,0,0,4,0,0,1,4,0,0,0,0,0,0,4,2,0,0,0,0,0,1,1,0,0,0,1,0,2,0,0,2,1,0,1,2,0,1,0,0,0,0,0,1,0,2,0,0,0,0,0,0,2,0,0,0,0,2,0,0,0,0,0,3,0,0,0,0,0,0,4,0,0,1,0,0,0,0,0,0,1,0,0,0,22,0,0,0,1,0,0,0,0,0,0,0,0,1,0,0,0
lenin_shag_vpered_2nazad.txt_chunk26,lenin,1,0,2,1,0,0,0,2,1,22,1,6,3,2,0,0,1,0,0,0,0,0,0,0,1,0,0,2,0,0,0,0,0,3,1,0,1,1,7,2,0,0,8,0,39,0,4,4,0,3,8,0,5,0,3,0,0,0,2,2,0,0,5,0,0,1,0,0,0,1,0,0,0,14,3,0,15,0,0,2,8,0,1,1,0,1,1,11,5,0,0,0,3,0,1,0,3,1,5,0,0,0,6,1,1,0,15,0,0,0,0,0,0,0,0,0,1,0,0,4,0,1,0,0,1,3,2,0,2,1,0,0,1,0,2,0,12,1,0,1,2,8,1,0,2,0,0,7,2,0,3,0,0,1,0,1,3,2,0,0,0,0,2,0,0,3,0,0,0,1,0,0,1,2,2,1,1,1,0,2,0,0,1,0,1,0,3,2,0,0,0,0,8,0,0,3,8,1,0,0,1,0,1,0,0,4,11,0,0,0,0,1,0,1,0,0,0,0,1,0,0,1,0,0,1,0,0,0,0,1,1,7,0,1,1,2,0,1,1,0,1,0,0,0,4,0,1,0,1,0,0,1,0,2,0,0,0,0,0,2,0,1,0,0,0,1,0,0,0,0,0,0,2,0,0,1,1,0,0,0,0,0,0,18,0,0,0,0,0,0,0,0,0,0,0,0,0,0,0,0
lenin_shag_vpered_2nazad.txt_chunk27,lenin,4,0,1,0,2,4,1,6,0,26,4,7,1,0,2,1,1,0,1,1,0,2,0,0,0,1,0,2,1,1,0,1,0,3,3,1,1,1,0,2,1,0,3,0,45,1,2,1,1,4,4,0,4,0,4,1,0,1,1,0,3,0,0,0,0,1,0,0,1,3,1,0,0,9,4,2,18,2,0,1,2,2,0,0,0,5,2,17,3,1,2,0,0,0,3,0,3,3,4,0,0,1,8,0,8,0,9,0,0,0,1,0,0,1,0,1,0,0,0,0,1,1,1,0,0,5,1,0,2,4,1,3,0,0,0,0,18,3,1,3,0,5,1,0,2,2,0,10,1,0,1,5,0,7,0,2,3,0,1,0,0,0,3,1,0,2,0,0,0,1,0,0,0,1,0,1,2,2,0,0,0,1,0,0,6,0,1,0,2,0,3,0,4,0,0,2,5,0,0,0,0,0,1,1,0,4,9,0,0,0,0,0,0,2,0,0,0,0,1,0,0,0,0,0,0,0,0,4,0,1,0,0,0,1,0,1,0,3,3,1,0,0,0,0,5,0,1,0,0,0,0,4,0,7,0,3,3,0,1,0,2,0,0,0,1,0,0,0,0,0,1,0,0,0,0,0,2,0,0,0,0,0,0,3,0,0,0,0,0,0,0,0,0,0,0,0,0,0,0,0
lenin_shag_vpered_2nazad.txt_chunk29,lenin,2,2,1,0,0,2,0,3,0,27,4,2,2,1,1,0,3,0,3,0,0,0,0,1,1,1,0,0,1,0,0,0,0,4,1,0,1,0,5,4,0,0,7,4,29,1,1,4,2,1,6,0,7,0,2,0,3,0,0,1,1,0,1,1,0,0,1,0,0,0,0,0,0,20,0,3,13,0,0,1,0,0,0,0,1,5,0,12,1,1,0,1,1,0,7,1,1,4,2,0,2,0,6,0,4,4,15,0,0,0,0,0,1,1,0,1,0,1,0,0,2,0,1,0,0,1,3,1,7,2,1,2,0,0,1,0,12,3,0,1,1,5,1,0,0,0,0,3,0,0,2,1,0,2,0,0,1,0,1,1,0,0,0,0,0,0,0,0,0,0,0,0,0,2,2,0,0,6,0,0,0,0,0,1,2,0,1,1,0,0,0,2,3,0,1,4,7,0,0,0,0,1,1,0,0,6,11,1,1,1,1,0,0,2,0,3,0,0,1,0,0,0,1,0,0,0,0,2,0,0,0,1,0,0,0,0,1,0,0,1,2,1,0,0,1,0,0,0,0,0,1,0,0,2,0,0,1,0,0,0,0,1,1,1,0,1,0,0,1,0,0,0,2,0,0,0,0,0,0,0,0,0,0,23,0,0,0,0,0,0,1,0,0,0,0,0,0,0,0,0
lenin_shag_vpered_2nazad.txt_chunk34,lenin,8,0,0,0,8,1,1,1,1,30,2,2,0,2,1,0,0,2,0,0,0,0,0,0,0,5,0,3,1,0,0,1,0,7,1,2,3,3,2,2,2,0,10,1,35,2,6,3,1,1,5,0,8,0,6,0,0,0,1,0,0,0,0,0,0,0,1,0,0,0,2,0,0,20,0,0,22,1,1,0,2,1,0,0,1,3,0,14,3,1,1,0,0,0,3,2,0,0,1,0,1,0,1,0,1,0,8,0,0,0,0,0,1,0,1,1,0,0,0,0,2,1,1,0,0,3,6,0,6,3,0,2,1,3,0,0,19,2,1,0,2,10,2,1,0,0,0,12,0,0,3,1,2,2,1,1,2,0,0,0,0,1,2,1,0,1,0,0,0,1,0,1,0,3,1,1,0,2,0,0,0,0,0,0,4,0,1,0,0,0,0,0,5,1,1,2,1,0,0,0,0,0,0,0,1,5,1,2,2,0,2,0,2,2,0,0,0,0,0,0,0,0,1,0,0,0,0,1,0,0,3,4,1,1,0,1,0,1,1,1,0,0,0,1,1,0,0,1,0,1,1,2,1,8,2,0,2,0,0,0,0,0,1,0,0,0,0,1,0,0,0,0,1,0,0,0,1,0,0,3,0,0,0,15,0,0,0,1,2,0,0,0,0,0,0,0,0,0,0,0
lenin_shag_vpered_2nazad.txt_chunk37,lenin,4,0,0,0,8,3,1,5,3,27,1,1,0,0,0,0,2,0,0,0,0,0,1,1,1,1,0,2,0,0,1,1,1,6,1,1,4,0,2,3,0,0,2,0,50,0,4,6,2,2,8,0,6,0,1,1,2,1,4,1,0,0,0,0,3,0,0,0,1,1,1,0,0,14,0,0,16,0,1,1,1,0,0,1,0,8,0,5,2,0,0,1,0,0,0,6,3,0,2,1,1,3,8,1,2,0,15,0,0,0,5,0,0,2,0,0,1,0,0,1,0,0,0,0,1,4,2,1,1,1,0,0,2,0,3,0,13,1,0,2,2,6,4,1,1,0,0,0,0,0,1,0,0,2,1,0,3,0,0,1,0,0,1,0,0,1,0,1,0,2,1,0,0,1,1,0,0,1,0,0,1,1,4,0,0,3,1,0,0,0,0,0,1,1,0,4,0,3,0,0,0,0,3,0,0,9,4,0,2,0,1,0,0,3,1,0,0,0,0,0,0,0,1,1,0,4,0,0,0,1,2,0,0,0,2,0,1,1,0,0,0,1,1,0,1,0,0,2,0,0,3,2,2,2,0,0,2,0,0,0,0,0,0,0,0,1,0,1,0,2,0,0,0,0,5,0,0,0,0,2,0,0,0,5,0,0,0,0,1,0,0,0,0,0,0,0,0,0,0,0
lenin_shag_vpered_2nazad.txt_chunk41,lenin,4,0,0,0,2,3,3,6,0,18,2,1,1,0,0,0,5,0,2,2,0,0,0,0,2,0,0,5,0,0,1,0,0,0,0,1,3,1,5,2,0,0,7,2,53,0,14,3,0,1,11,0,4,0,1,0,1,1,4,3,6,0,1,0,1,0,3,1,0,0,3,0,0,22,2,2,25,0,0,1,1,0,1,0,3,5,0,0,1,0,0,0,1,1,1,2,0,1,1,0,0,0,6,0,0,1,11,0,0,0,0,0,0,0,1,2,4,0,0,1,3,0,0,0,0,9,2,0,5,0,1,0,0,1,0,0,13,2,3,0,0,8,3,3,0,1,0,3,0,0,1,1,1,1,1,0,3,2,1,1,0,0,1,0,0,0,0,0,0,1,1,1,3,2,1,0,2,4,1,0,0,0,3,0,7,0,0,0,0,1,0,3,7,0,0,1,1,3,0,0,1,0,4,0,1,4,1,1,0,0,2,0,0,2,0,0,0,0,0,0,0,3,1,0,3,2,0,2,0,1,5,0,2,3,2,1,3,0,0,0,1,1,0,0,1,0,2,3,0,0,0,3,0,5,2,0,0,0,0,1,2,0,0,0,0,2,0,1,0,0,0,0,0,0,0,0,0,0,0,1,0,0,0,13,0,0,0,0,0,0,0,0,0,0,0,0,0,0,0,0
lenin_shag_vpered_2nazad.txt_chunk5,lenin,7,0,0,0,5,0,0,4,2,21,1,1,2,0,2,1,1,1,0,0,0,2,0,0,1,2,0,2,0,0,0,0,0,5,1,0,0,1,2,2,0,0,3,1,34,1,4,3,1,1,9,0,8,0,1,0,0,0,1,0,0,0,1,0,6,0,1,0,1,0,0,0,0,12,0,0,19,1,2,0,3,1,0,0,0,8,0,8,5,1,0,1,1,0,9,0,0,1,6,0,0,1,6,1,1,3,8,0,4,3,3,0,0,0,1,0,4,0,0,0,1,1,0,0,0,3,7,1,2,0,2,0,0,2,0,0,16,4,2,1,0,10,1,0,1,1,0,0,1,1,3,1,0,5,0,0,3,0,4,0,0,0,3,0,0,0,0,1,0,0,0,0,0,0,0,0,0,0,1,2,0,0,0,0,0,0,2,3,0,1,0,0,6,1,0,3,4,3,0,0,1,0,1,0,0,10,3,2,2,2,2,0,0,1,0,0,0,0,0,0,0,0,0,0,0,0,0,0,0,0,1,2,0,1,0,0,0,0,0,2,0,1,0,0,0,0,0,0,0,0,0,2,0,3,1,1,2,0,0,0,0,3,2,0,0,0,0,0,0,0,1,0,0,0,0,0,0,0,0,0,0,0,0,5,0,0,0,0,0,0,1,0,0,0,0,0,0,0,0,0
lenin_shag_vpered_2nazad.txt_chunk60,lenin,5,1,0,0,0,1,1,0,1,30,3,1,1,1,0,1,8,1,0,1,1,0,0,0,2,0,0,0,0,0,0,0,0,1,2,0,1,2,3,3,0,1,2,0,44,1,9,6,0,1,11,0,3,0,2,0,1,0,1,0,1,0,1,0,1,0,0,0,0,1,0,0,0,15,0,3,10,0,1,1,1,1,0,0,1,7,0,7,1,0,1,0,0,0,0,0,1,3,5,0,0,1,9,0,0,1,14,0,0,0,0,1,0,1,0,0,1,1,2,0,1,1,0,0,0,1,2,1,1,0,1,1,0,0,0,0,6,1,1,0,1,2,1,0,0,0,1,0,0,0,0,3,1,1,0,0,0,1,0,0,0,0,1,0,0,1,2,0,1,0,0,1,0,2,2,0,2,1,0,0,0,1,0,1,3,0,0,0,0,0,0,7,10,0,0,1,1,0,0,3,0,0,2,0,0,2,0,3,1,0,6,0,1,0,0,0,0,0,0,0,1,2,0,1,0,0,0,1,0,0,1,0,0,4,1,3,0,2,0,0,0,1,0,0,6,0,0,1,1,1,0,2,0,9,0,0,0,0,2,0,2,0,0,0,0,0,0,0,0,0,0,2,0,0,0,0,2,0,0,0,0,0,0,2,0,0,0,0,1,0,0,3,0,2,0,1,0,0,0,0
lenin_shag_vpered_2nazad.txt_chunk7,lenin,3,0,2,0,10,1,2,3,2,19,0,2,0,2,3,0,5,0,1,1,1,2,0,1,1,0,0,1,0,0,1,2,0,3,0,0,3,3,2,3,0,0,7,0,39,0,7,6,0,4,6,0,4,1,6,1,2,2,0,0,0,0,0,0,0,0,1,0,0,0,1,0,0,17,0,0,13,0,2,1,1,1,0,1,0,3,1,8,2,0,1,0,1,0,1,2,1,0,3,0,2,0,10,0,3,3,10,1,0,0,1,0,1,0,0,1,1,1,0,2,2,0,0,0,2,6,3,1,3,0,2,2,2,0,4,0,14,0,0,2,0,7,2,2,2,3,0,5,0,0,4,5,0,5,1,3,3,2,0,2,0,1,2,0,0,0,0,1,0,1,0,0,1,1,0,0,2,1,0,1,0,0,0,0,1,0,0,0,0,0,0,1,1,0,0,1,5,1,0,0,0,0,1,1,0,4,1,0,0,0,1,0,1,3,0,4,0,0,1,0,0,0,0,0,0,1,0,2,0,1,1,0,0,1,0,0,0,2,0,1,0,0,1,1,0,1,0,0,0,0,1,1,1,5,0,0,0,0,0,2,2,1,1,0,0,0,0,0,0,0,0,0,1,0,0,0,4,0,0,1,0,0,0,12,0,0,0,3,2,0,0,0,1,0,1,0,0,0,0,0
lenin_shag_vpered_2nazad.txt_chunk8,lenin,7,1,0,0,4,0,0,2,0,16,1,5,2,2,1,2,6,0,2,0,0,0,0,0,1,0,0,1,0,0,0,2,1,3,1,2,1,1,3,3,0,0,2,0,43,0,9,5,0,7,7,0,5,0,3,0,3,0,2,0,0,0,1,0,3,0,0,0,3,0,0,0,1,13,0,2,11,0,0,0,0,0,0,0,1,1,0,3,4,1,0,0,0,0,3,2,2,0,7,0,2,1,3,0,6,5,18,1,0,0,0,1,0,1,0,0,1,1,0,2,0,0,0,0,2,5,1,1,3,2,0,2,2,4,1,0,13,2,0,1,0,6,2,2,1,1,3,0,0,0,0,1,0,3,1,0,4,1,2,0,0,0,1,0,2,0,0,0,0,0,0,1,0,1,1,0,1,2,0,1,0,0,0,2,0,0,2,0,0,1,0,1,2,0,0,1,3,0,0,0,2,0,2,0,1,5,2,2,2,3,2,0,2,1,0,1,0,0,0,0,0,0,0,0,0,0,0,1,0,0,1,2,0,3,0,0,1,2,1,0,0,0,1,1,3,1,0,0,0,0,0,1,0,7,5,2,1,0,0,1,1,0,0,0,0,1,0,0,0,0,0,1,0,0,0,0,1,0,0,1,0,0,0,10,0,0,0,2,0,0,2,0,0,0,0,0,0,0,0,0
lenin_zemsk_kampania_iskra.txt_chunk4,lenin,8,0,4,0,3,0,1,1,2,30,1,0,0,1,0,0,2,1,0,0,1,0,2,1,1,0,0,3,0,4,0,1,0,2,6,2,6,1,0,1,0,1,0,1,27,0,0,6,1,1,3,0,4,0,0,3,0,0,0,2,1,0,0,0,1,0,0,0,0,3,1,0,0,17,0,1,25,2,0,1,5,0,0,0,0,6,0,16,2,2,1,0,0,1,0,4,2,1,4,0,1,1,7,3,4,1,8,0,0,0,1,0,1,0,0,0,1,1,0,2,4,1,1,0,1,3,2,0,3,1,1,0,1,5,0,1,5,5,0,2,1,5,2,0,3,1,0,0,0,1,0,1,1,3,0,1,0,4,0,0,0,0,0,0,0,0,0,2,0,1,0,0,0,0,1,0,0,0,0,0,0,0,0,0,3,0,0,3,0,0,2,0,1,1,0,0,4,0,1,0,0,1,2,2,0,0,1,0,0,1,0,0,0,2,0,0,0,3,0,0,5,0,0,0,0,1,4,0,0,1,0,4,0,1,1,0,2,0,0,0,0,0,3,3,0,0,0,1,0,1,2,0,1,8,1,1,1,0,0,0,1,0,0,0,1,0,0,0,0,1,0,1,0,0,1,0,0,2,0,3,0,1,0,0,0,3,0,1,0,1,1,1,1,0,0,0,0,0,0,0
martov_borba_za_svobodu_I.txt_chunk1,martov,4,0,4,1,5,0,0,4,1,31,1,0,0,0,0,1,4,0,1,3,0,0,0,0,1,1,0,11,1,0,0,0,0,15,2,0,2,0,2,3,4,0,6,1,48,0,2,1,0,0,10,3,10,0,5,0,0,0,1,0,3,0,0,0,3,0,0,0,3,0,1,0,0,12,0,2,15,0,0,2,2,1,2,0,0,4,0,4,3,0,2,0,1,0,1,0,2,0,5,1,0,4,0,2,1,2,9,1,2,0,2,0,2,1,1,1,0,1,1,0,3,0,0,0,0,7,2,0,2,2,1,0,0,0,1,0,14,4,0,1,0,2,3,0,3,0,0,0,0,0,2,0,0,2,0,0,1,0,0,1,0,1,0,0,2,0,0,1,0,1,0,0,2,2,0,1,1,4,8,0,7,3,2,0,0,1,0,0,1,0,2,0,0,0,0,1,6,1,0,0,3,0,4,1,0,0,2,2,3,1,5,1,0,1,0,1,0,1,0,0,0,0,3,0,0,1,0,1,0,1,0,2,0,0,0,1,0,0,0,0,0,0,1,0,0,1,2,1,0,0,0,3,0,2,1,1,3,0,0,1,1,0,0,0,0,0,0,0,0,2,1,0,0,0,0,0,0,0,0,6,3,0,1,0,0,0,0,2,3,0,2,0,5,0,0,0,0,0,0,0
martov_borba_za_svobodu_I.txt_chunk2,martov,3,0,2,1,7,0,0,1,2,35,0,5,1,1,0,1,4,0,1,0,0,0,0,0,2,3,0,7,0,1,1,1,1,7,0,0,4,1,0,2,2,0,9,0,29,2,2,3,2,2,6,0,4,0,4,0,4,1,2,1,0,1,2,0,0,0,0,0,1,4,0,0,1,15,0,0,16,0,1,1,2,0,0,2,0,3,0,13,3,0,0,0,2,0,2,4,4,1,6,0,0,0,2,1,1,0,12,0,1,1,3,0,0,3,1,0,0,0,2,2,5,0,0,0,0,6,4,1,3,1,1,0,0,0,1,0,15,2,1,2,1,2,1,1,0,1,2,0,0,0,1,0,0,3,0,0,4,0,0,0,1,0,1,0,0,2,0,0,2,2,2,2,3,1,1,0,1,3,4,0,0,0,1,0,0,0,1,0,0,0,3,0,2,1,0,1,2,0,0,0,0,0,3,1,0,0,1,0,0,0,3,2,1,2,0,0,1,0,0,0,1,0,0,0,0,0,0,0,0,1,1,0,0,0,0,0,0,0,1,0,0,0,1,1,0,0,1,1,0,1,0,2,0,3,0,1,0,0,0,0,0,2,0,1,0,0,0,0,0,1,0,0,1,0,2,0,1,0,1,1,2,0,0,0,0,0,1,1,2,1,0,1,3,0,1,0,0,3,0,0
martov_boykot_dumy_i_rev_samoupravlenie_I.txt_chunk2,martov,3,0,2,0,6,1,2,0,0,35,1,0,1,0,0,2,2,1,2,0,1,1,0,1,0,0,0,3,2,1,0,3,1,3,3,1,3,1,1,1,2,0,4,0,29,2,3,1,2,7,11,0,7,0,3,1,1,2,2,4,0,0,1,0,2,0,0,0,2,0,2,0,0,14,1,0,17,0,0,1,2,0,1,2,1,7,0,5,2,0,0,0,0,1,2,0,4,0,12,0,3,1,4,2,1,0,6,2,1,1,2,1,0,1,2,4,0,2,1,0,2,0,0,0,1,9,3,1,4,3,2,0,0,3,0,0,12,3,1,0,0,2,1,1,6,2,1,0,0,0,0,1,0,1,1,2,0,0,0,0,0,0,0,0,0,0,0,0,0,0,0,1,1,2,1,0,6,0,5,0,0,1,5,0,3,0,0,1,1,0,0,0,0,0,0,0,2,0,1,1,1,0,1,1,1,1,2,0,0,1,1,0,0,0,0,0,0,2,1,0,0,6,0,0,0,0,0,1,0,1,2,0,0,1,0,0,1,1,2,0,0,0,0,1,0,1,1,2,0,0,1,0,0,6,1,1,1,0,1,0,3,0,0,0,0,0,1,0,1,3,1,0,2,0,1,0,0,1,1,3,0,0,0,2,0,0,1,1,1,1,0,1,3,0,0,0,4,2,0,0
martov_demokraty_ponevole_I.txt_chunk1,martov,2,0,4,0,5,1,1,10,4,26,0,1,1,0,0,2,5,0,0,0,0,1,1,0,0,0,0,3,1,1,0,1,1,2,0,1,7,1,1,3,0,1,12,1,34,0,3,1,0,0,5,0,8,0,4,0,1,1,1,0,2,0,0,0,0,2,4,1,1,2,0,1,1,15,0,0,27,1,1,1,1,1,0,0,1,7,1,7,0,0,1,1,0,0,8,4,1,0,3,0,0,1,5,0,2,1,7,0,0,0,0,0,0,0,0,0,3,3,2,0,2,0,1,3,1,3,4,1,3,2,0,1,0,2,0,1,30,2,1,3,1,15,4,2,2,4,2,8,1,0,1,1,0,0,1,0,1,0,1,0,0,0,2,2,0,6,0,1,0,1,0,2,1,2,1,1,0,2,3,0,2,2,2,0,0,0,1,0,1,0,0,4,1,1,0,1,0,0,2,0,1,1,3,0,1,3,0,0,0,0,0,0,0,1,0,0,0,3,0,0,1,0,1,0,0,0,0,0,0,1,1,1,0,0,0,0,0,4,0,0,0,2,0,0,0,0,0,1,0,0,0,1,4,11,6,0,0,0,0,0,0,3,0,0,0,0,3,0,0,1,0,0,0,0,0,0,7,0,0,0,0,0,0,0,0,0,1,0,0,0,0,0,0,0,0,0,0,1,0,0
martov_gibel_port_artura_I.txt_chunk2,martov,0,0,0,0,5.9171597633136095,0,0,0,0,17.75147928994083,0,0,0,0,0,0,0,0,0,0,0,0,0,0,0,0,0,17.75147928994083,0,0,5.9171597633136095,0,0,11.834319526627219,0,0,0,0,0,0,0,0,23.668639053254438,23.668639053254438,47.337278106508876,0,0,23.668639053254438,0,0,5.9171597633136095,0,5.9171597633136095,5.9171597633136095,5.9171597633136095,0,0,0,0,0,0,0,0,0,5.9171597633136095,0,0,0,0,0,0,0,0,0,0,5.9171597633136095,0,5.9171597633136095,0,0,5.9171597633136095,0,0,0,0,5.9171597633136095,0,0,0,0,0,0,0,0,0,5.9171597633136095,0,0,11.834319526627219,0,0,5.9171597633136095,0,0,0,0,17.75147928994083,0,0,0,0,0,0,0,0,5.9171597633136095,0,0,0,0,0,0,0,0,0,0,0,0,5.9171597633136095,0,5.9171597633136095,0,0,0,0,0,5.9171597633136095,5.9171597633136095,0,0,0,23.668639053254438,0,0,0,0,0,0,0,0,0,0,0,0,0,0,0,0,0,5.9171597633136095,11.834319526627219,0,0,0,0,0,0,0,0,0,0,0,0,0,0,0,0,0,0,0,0,0,5.9171597633136095,0,0,0,11.834319526627219,0,0,0,0,0,0,0,0,0,5.9171597633136095,0,0,0,0,0,0,0,0,0,0,0,0,0,0,0,0,0,0,0,0,5.9171597633136095,0,0,0,0,11.834319526627219,0,0,0,0,0,0,0,5.9171597633136095,0,0,0,0,0,0,0,0,0,0,5.9171597633136095,0,0,0,0,0,0,0,0,0,0,0,0,0,0,0,5.9171597633136095,0,0,0,0,0,0,0,0,0,0,0,5.9171597633136095,5.9171597633136095,0,0,0,0,0,0,0,0,0,0,0,0,0,11.834319526627219,0,0,5.9171597633136095,0,5.9171597633136095,0,0,5.9171597633136095,0,0,0,0,5.9171597633136095,0,0
martov_golod_idet_I.txt_chunk1,martov,2.5412960609911055,0,1.2706480304955527,3.8119440914866582,0,1.2706480304955527,0,0,0,21.601016518424398,1.2706480304955527,0,0,0,0,2.5412960609911055,2.5412960609911055,0,3.8119440914866582,0,0,0,0,0,1.2706480304955527,0,0,2.5412960609911055,0,0,0,1.2706480304955527,0,1.2706480304955527,1.2706480304955527,1.2706480304955527,7.6238881829733165,0,6.353240152477763,1.2706480304955527,3.8119440914866582,0,12.706480304955527,0,39.39008894536213,1.2706480304955527,0,2.5412960609911055,0,7.6238881829733165,8.89453621346887,2.5412960609911055,3.8119440914866582,0,1.2706480304955527,0,0,0,6.353240152477763,0,1.2706480304955527,0,0,0,0,0,0,0,1.2706480304955527,0,1.2706480304955527,0,0,16.518424396442185,1.2706480304955527,0,12.706480304955527,0,0,1.2706480304955527,0,0,0,0,0,2.5412960609911055,0,6.353240152477763,1.2706480304955527,0,0,3.8119440914866582,0,0,1.2706480304955527,1.2706480304955527,0,2.5412960609911055,2.5412960609911055,1.2706480304955527,0,1.2706480304955527,1.2706480304955527,0,1.2706480304955527,2.5412960609911055,7.6238881829733165,0,0,0,0,1.2706480304955527,0,0,1.2706480304955527,0,1.2706480304955527,0,1.2706480304955527,0,1.2706480304955527,0,0,0,1.2706480304955527,2.5412960609911055,1.2706480304955527,0,1.2706480304955527,0,0,1.2706480304955527,0,1.2706480304955527,0,2.5412960609911055,5.082592121982211,1.2706480304955527,0,0,0,3.8119440914866582,0,0,3.8119440914866582,0,0,0,0,0,0,0,0,0,0,0,1.2706480304955527,0,0,0,1.2706480304955527,0,0,0,0,1.2706480304955527,0,0,0,0,1.2706480304955527,0,5.082592121982211,1.2706480304955527,1.2706480304955527,0,1.2706480304955527,7.6238881829733165,2.5412960609911055,0,0,0,0,0,0,0,2.5412960609911055,0,0,0,2.5412960609911055,1.2706480304955527,0,0,0,1.2706480304955527,12.706480304955527,0,0,1.2706480304955527,1.2706480304955527,0,0,0,0,0,0,1.2706480304955527,1.2706480304955527,0,5.082592121982211,1.2706480304955527,0,0,0,0,0,0,1.2706480304955527,0,2.5412960609911055,1.2706480304955527,2.5412960609911055,0,0,1.2706480304955527,1.2706480304955527,0,0,0,0,0,0,0,0,0,0,0,0,0,0,0,0,0,0,0,0,0,0,0,0,3.8119440914866582,2.5412960609911055,0,0,0,0,0,0,1.2706480304955527,0,0,0,0,0,0,3.8119440914866582,0,0,2.5412960609911055,1.2706480304955527,0,0,0,0,0,0,5.082592121982211,1.2706480304955527,1.2706480304955527,0,2.5412960609911055,2.5412960609911055,0,0,0,2.5412960609911055,0,0,0,0,1.2706480304955527,1.2706480304955527,0,0,0,0,1.2706480304955527,0,0
martov_itogi_polit_razvitiya.txt_chunk1,martov,1,0,0,0,1,1,2,1,2,40,1,0,0,0,0,5,6,0,3,0,1,0,0,0,0,0,0,5,0,0,0,1,0,2,2,0,0,0,0,3,0,0,1,0,48,0,2,6,0,3,8,0,3,3,0,0,0,1,2,3,0,0,6,0,1,0,0,0,0,0,0,0,0,17,0,0,11,0,0,0,2,1,2,0,0,5,0,1,0,0,0,1,1,0,1,1,1,0,6,0,0,0,0,2,3,0,10,0,2,0,0,2,1,2,0,0,3,0,0,1,1,0,0,1,1,6,0,0,1,0,0,1,0,0,0,0,1,0,2,3,1,4,1,1,0,0,0,0,0,0,3,1,0,1,0,2,0,0,0,3,2,2,0,0,2,0,1,1,0,0,0,0,3,5,4,0,4,1,0,0,1,4,0,1,0,0,0,0,0,0,1,0,2,1,1,0,2,0,0,3,0,0,0,0,1,0,0,0,1,0,3,2,0,1,0,0,0,0,1,0,0,0,3,1,0,0,1,4,2,0,1,0,1,1,0,1,0,0,3,0,0,0,0,0,0,0,0,0,0,2,0,1,0,1,0,0,1,0,1,0,0,0,0,1,0,1,0,1,1,1,0,3,1,1,1,1,0,1,0,0,0,3,0,0,0,0,0,1,0,2,2,1,0,2,1,0,0,0,0,0
martov_itogi_polit_razvitiya.txt_chunk2,martov,1,0,0,0,0,3,0,3,0,38,0,0,0,0,0,3,5,0,1,0,0,0,0,1,1,1,0,4,3,0,1,0,0,2,3,0,2,0,4,4,2,0,5,0,47,0,3,0,0,2,19,0,8,3,0,0,2,1,1,2,0,0,3,0,5,0,0,0,1,1,1,0,0,6,1,0,9,1,0,0,2,0,1,0,0,7,0,4,0,1,0,0,0,1,4,2,0,0,3,0,0,1,2,0,2,0,16,1,1,1,0,1,0,0,2,1,0,0,0,0,1,0,0,0,6,5,1,2,3,0,0,0,0,1,5,0,0,0,1,0,0,2,2,1,0,0,1,0,0,0,4,0,0,1,0,1,0,0,0,2,1,0,0,0,0,0,2,0,0,0,0,0,2,3,0,0,9,1,0,0,0,2,0,1,0,1,0,0,0,0,0,0,0,0,0,0,5,1,0,4,0,1,0,1,3,0,0,0,2,1,2,1,1,0,0,0,3,0,2,0,1,0,5,1,3,1,1,1,1,1,0,0,0,3,0,0,0,0,0,2,0,0,0,1,0,1,0,0,0,1,0,0,0,0,0,0,0,0,0,0,0,0,0,0,0,1,0,0,0,6,1,1,0,1,11,0,1,0,1,2,0,0,0,0,0,1,0,1,0,1,0,0,0,3,2,0,0,0,0,0
martov_itogi_polit_razvitiya.txt_chunk5,martov,1,0,0,0,2,1,1,5,2,47,2,0,0,0,0,1,5,0,0,1,0,0,0,0,0,0,0,12,1,1,3,0,3,9,4,4,0,0,1,5,1,0,4,0,41,0,3,4,4,1,7,0,1,5,2,0,1,0,0,0,0,0,2,0,1,0,0,0,0,0,0,0,0,11,1,0,4,3,0,0,1,0,1,2,0,6,0,2,1,1,1,0,0,0,1,2,1,0,4,1,0,2,3,2,3,0,7,2,2,1,3,0,0,2,3,1,1,0,1,0,0,0,1,0,3,2,4,0,1,0,0,0,0,0,2,3,1,3,2,1,0,2,0,3,1,0,2,0,0,0,3,1,0,1,0,1,0,0,0,0,3,0,0,0,3,0,0,1,0,1,0,0,1,2,1,1,4,3,0,0,2,6,0,0,0,3,2,0,0,1,1,0,1,0,0,0,0,1,0,6,0,3,3,2,1,0,0,0,4,3,4,0,0,0,1,0,0,0,0,0,0,0,9,0,2,3,2,2,0,0,0,0,0,3,0,0,0,0,2,1,0,0,2,1,0,1,0,0,0,1,0,0,0,0,0,0,1,0,0,0,0,0,0,0,0,0,0,0,0,5,1,0,0,0,1,0,0,0,0,0,0,0,0,0,0,0,2,0,1,1,2,0,5,1,1,0,0,0,0,0
martov_itogi_zemskogo_parlamenta_I.txt_chunk2,martov,3.717472118959108,0,1.2391573729863692,2.4783147459727384,3.717472118959108,0,0,4.956629491945477,1.2391573729863692,30.97893432465923,0,0,0,0,0,1.2391573729863692,3.717472118959108,0,1.2391573729863692,0,0,0,0,0,1.2391573729863692,0,0,6.195786864931847,0,0,0,0,0,9.913258983890954,0,2.4783147459727384,2.4783147459727384,0,2.4783147459727384,1.2391573729863692,1.2391573729863692,0,1.2391573729863692,0,30.97893432465923,0,0,0,0,8.674101610904586,8.674101610904586,1.2391573729863692,4.956629491945477,0,4.956629491945477,0,0,1.2391573729863692,1.2391573729863692,1.2391573729863692,0,0,0,1.2391573729863692,1.2391573729863692,0,0,0,1.2391573729863692,2.4783147459727384,0,1.2391573729863692,0,23.543990086741015,1.2391573729863692,2.4783147459727384,22.304832713754646,2.4783147459727384,1.2391573729863692,0,2.4783147459727384,0,2.4783147459727384,1.2391573729863692,1.2391573729863692,6.195786864931847,0,1.2391573729863692,1.2391573729863692,0,0,1.2391573729863692,0,0,3.717472118959108,2.4783147459727384,3.717472118959108,1.2391573729863692,6.195786864931847,0,0,2.4783147459727384,6.195786864931847,2.4783147459727384,0,0,3.717472118959108,0,3.717472118959108,0,1.2391573729863692,1.2391573729863692,0,1.2391573729863692,2.4783147459727384,0,0,1.2391573729863692,0,0,2.4783147459727384,0,0,0,0,0,2.4783147459727384,0,6.195786864931847,1.2391573729863692,0,1.2391573729863692,0,0,0,0,3.717472118959108,8.674101610904586,0,1.2391573729863692,1.2391573729863692,1.2391573729863692,3.717472118959108,1.2391573729863692,1.2391573729863692,0,0,0,0,0,0,1.2391573729863692,0,0,0,1.2391573729863692,0,0,0,0,0,0,0,0,0,0,0,0,0,0,0,1.2391573729863692,1.2391573729863692,0,1.2391573729863692,0,1.2391573729863692,0,1.2391573729863692,0,1.2391573729863692,4.956629491945477,1.2391573729863692,0,0,0,1.2391573729863692,0,0,0,0,0,1.2391573729863692,0,0,1.2391573729863692,6.195786864931847,0,0,2.4783147459727384,0,0,1.2391573729863692,0,0,1.2391573729863692,0,0,0,0,1.2391573729863692,0,0,0,0,1.2391573729863692,0,2.4783147459727384,0,0,0,1.2391573729863692,1.2391573729863692,2.4783147459727384,0,1.2391573729863692,3.717472118959108,0,1.2391573729863692,0,1.2391573729863692,1.2391573729863692,0,1.2391573729863692,0,0,0,0,0,1.2391573729863692,1.2391573729863692,0,0,0,0,0,0,0,0,0,1.2391573729863692,1.2391573729863692,0,2.4783147459727384,0,0,0,0,0,1.2391573729863692,3.717472118959108,0,1.2391573729863692,0,1.2391573729863692,0,0,0,0,4.956629491945477,1.2391573729863692,0,0,0,2.4783147459727384,0,2.4783147459727384,0,0,4.956629491945477,0,1.2391573729863692,1.2391573729863692,0,0,1.2391573729863692,1.2391573729863692,0,0,1.2391573729863692,2.4783147459727384,1.2391573729863692,1.2391573729863692,2.4783147459727384,0,0,0,0,0,0
martov_klass_protiv_klassa.txt_chunk1,martov,4,4,0,0,4,2,0,1,0,33,0,0,0,2,0,2,5,1,4,1,4,0,1,0,0,1,2,5,0,0,0,2,0,8,3,0,1,3,0,2,4,3,5,0,48,0,4,0,1,4,6,4,1,0,2,0,2,1,4,0,2,0,0,0,2,0,0,1,0,2,0,1,2,6,0,0,21,0,0,2,0,3,0,2,0,5,0,0,0,0,0,3,1,1,1,5,0,0,5,0,0,1,1,1,0,0,7,0,2,0,4,2,0,2,3,2,1,0,1,0,1,0,0,0,4,2,2,0,0,0,0,4,0,1,5,0,9,2,5,2,0,2,1,0,0,0,0,0,2,0,0,0,1,0,1,0,1,1,2,0,0,2,2,1,0,0,0,0,0,1,0,2,0,1,3,1,1,2,0,0,4,0,0,0,0,3,2,0,7,2,0,1,0,0,0,0,6,1,2,1,1,1,0,0,0,0,0,0,1,2,0,0,0,0,0,0,0,0,1,1,2,0,0,0,0,0,1,4,1,2,1,0,2,0,0,1,0,0,0,0,0,0,0,0,0,0,1,1,0,0,0,2,3,0,0,0,0,0,0,0,0,0,1,0,1,0,1,0,0,0,0,1,0,0,0,1,0,0,0,0,0,0,0,0,0,2,0,0,0,0,0,0,0,0,0,0,0,0,0,0
martov_liberal_realizm_I.txt_chunk2,martov,3,0,4,2,1,0,0,1,2,27,1,3,0,0,1,2,4,3,0,1,1,0,3,0,0,0,0,5,0,1,1,0,0,4,0,1,1,2,0,10,0,0,3,1,32,1,2,1,2,3,6,1,4,0,1,3,1,1,0,0,4,0,1,0,3,1,0,0,0,3,0,0,1,14,1,0,14,1,1,2,7,1,0,0,2,5,1,5,5,0,1,0,0,0,5,2,0,1,7,0,0,1,3,2,2,0,8,1,0,1,2,2,0,0,0,0,1,0,0,0,1,0,1,0,1,4,1,2,2,1,0,3,0,0,0,1,10,1,2,0,0,0,0,4,3,0,1,1,1,0,2,0,0,0,1,0,0,0,0,2,0,0,0,0,4,2,3,0,0,0,0,0,0,1,3,2,0,1,8,0,0,1,4,1,0,0,2,0,0,0,1,3,0,1,1,2,5,0,0,0,0,1,1,0,1,1,1,1,2,0,4,2,0,0,4,0,0,4,0,0,0,3,1,0,1,1,2,1,1,1,1,1,1,1,0,1,0,0,0,0,0,2,0,0,0,0,0,1,0,0,0,1,7,2,0,1,1,0,0,1,1,1,0,0,1,0,3,1,1,0,0,0,0,0,0,0,0,2,0,7,1,0,2,0,0,0,1,0,0,0,2,0,0,2,0,0,0,3,0,0
martov_mirovoy_bolshevizm_NQ.txt_chunk11,martov,1,0,0,0,3,1,0,1,1,49,3,1,0,0,2,3,0,1,0,0,0,3,0,0,0,0,0,8,0,1,0,0,1,6,2,0,3,0,0,3,0,0,0,0,32,2,2,1,1,1,9,0,7,0,4,0,0,1,3,0,0,0,3,0,1,0,0,1,0,2,2,0,2,22,1,0,10,0,0,0,2,0,0,0,0,2,0,8,2,0,0,0,0,0,3,2,0,2,5,0,0,0,4,0,1,0,11,0,0,0,2,0,0,1,0,1,0,0,0,1,1,0,0,0,0,5,3,0,2,2,1,0,0,0,1,1,6,2,2,2,1,1,3,2,2,0,0,0,0,0,2,0,0,1,0,2,1,0,0,0,0,0,1,0,1,1,0,0,0,1,0,1,4,1,0,2,3,1,2,0,0,2,3,0,0,4,2,0,0,0,0,0,1,0,2,1,0,5,1,2,0,0,0,0,0,0,0,0,1,0,0,4,0,0,1,0,0,2,0,0,0,1,0,0,0,1,0,0,0,0,0,1,0,1,0,1,0,1,0,1,1,0,1,0,0,0,0,1,0,0,3,0,1,1,0,0,0,0,2,0,1,1,0,4,1,1,0,0,1,5,1,0,0,0,2,2,2,0,0,1,0,1,0,0,0,2,0,0,2,0,0,3,0,3,0,2,3,0,2,0
martov_mirovoy_bolshevizm_NQ.txt_chunk15,martov,3,0,0,0,6,1,1,2,0,47,2,4,1,1,0,1,3,0,0,0,0,1,0,0,0,4,0,5,0,0,0,1,0,5,6,0,3,0,2,2,2,0,2,1,35,0,3,2,2,1,5,0,7,0,2,1,1,2,2,1,0,0,1,0,3,0,0,0,0,0,1,1,0,12,1,0,12,0,0,0,0,1,1,2,0,3,0,9,1,1,1,0,0,0,5,1,6,0,5,0,0,1,3,3,2,0,7,0,3,0,1,0,1,1,2,2,1,0,1,0,0,0,1,1,2,3,2,2,2,5,0,0,1,1,0,0,7,1,0,4,1,2,2,0,1,0,1,0,1,0,2,0,0,4,1,1,4,0,0,0,0,0,0,0,1,0,0,0,0,1,0,1,0,1,3,1,0,1,1,0,0,0,0,0,0,1,1,0,0,1,1,0,0,0,0,1,0,1,1,2,0,1,0,0,0,0,0,0,0,0,0,4,0,1,0,1,0,1,0,3,1,0,0,0,0,0,0,0,0,1,0,2,2,2,0,1,0,0,0,2,1,0,0,0,0,0,0,2,0,0,1,1,0,1,0,0,0,0,2,0,0,1,0,1,0,2,0,1,0,4,0,0,1,2,1,2,0,0,0,3,0,0,1,0,1,0,0,0,1,0,0,2,2,7,0,0,3,0,8,0
martov_mirovoy_bolshevizm_NQ.txt_chunk5,martov,5,0,0,0,2,0,0,0,1,21,0,1,0,0,0,0,1,0,1,0,1,0,0,0,0,1,0,12,0,0,1,2,0,6,3,0,7,1,6,2,1,1,2,0,45,0,3,3,1,5,7,0,4,1,1,0,0,1,2,0,2,0,1,0,1,0,0,0,1,2,1,0,0,10,1,0,12,0,2,2,1,0,0,1,0,5,0,4,0,0,0,0,0,0,0,2,5,1,5,2,0,3,3,1,0,1,9,1,1,0,1,1,0,0,1,0,2,0,1,2,1,0,1,0,0,5,2,1,4,0,1,0,0,0,0,3,10,4,1,1,1,1,2,2,2,0,0,0,0,0,2,0,1,2,1,1,2,2,1,1,2,2,1,0,1,0,0,1,1,0,0,1,2,4,0,2,0,1,0,0,0,1,3,0,0,0,3,0,0,0,0,0,1,0,0,0,0,0,0,5,1,0,2,2,1,0,1,0,0,0,1,1,0,1,0,1,0,0,0,2,1,1,1,0,0,2,0,2,1,0,3,0,0,1,0,0,2,0,0,0,0,0,0,0,0,1,0,0,0,0,0,0,0,1,0,0,0,1,1,0,0,0,0,2,2,0,0,0,0,3,0,0,0,0,1,0,0,0,0,2,1,0,0,0,2,0,1,0,0,2,0,1,0,1,1,0,0,0,0,0
martov_mirovoy_bolshevizm_NQ.txt_chunk8,martov,0,0,0,0,4,0,0,0,3,40,1,0,1,1,1,0,4,2,2,1,1,0,0,0,0,0,0,3,0,0,0,0,2,5,4,1,0,2,1,4,1,0,5,0,39,0,4,3,0,5,6,0,7,0,2,0,2,2,2,1,0,1,2,0,1,0,0,0,0,2,0,1,0,7,1,0,21,0,1,0,1,0,0,0,0,10,1,1,2,1,0,1,0,0,2,2,1,1,5,0,0,1,6,1,5,0,5,0,0,1,0,0,0,0,2,5,1,0,2,0,2,0,2,0,0,4,1,0,8,1,0,2,0,1,2,1,5,1,2,1,0,3,0,1,1,0,1,0,0,3,3,0,0,1,2,2,0,3,0,1,0,1,0,0,1,2,0,1,0,0,0,1,0,0,2,1,2,7,2,2,1,0,5,0,0,3,0,0,1,1,1,0,0,4,1,0,0,3,0,4,0,0,0,0,0,0,3,0,1,0,0,4,1,2,0,1,0,2,1,0,0,0,0,0,0,0,0,0,1,1,0,0,0,1,1,0,1,0,1,0,0,2,0,3,0,0,1,1,0,0,0,1,1,2,1,1,0,0,0,1,2,0,1,0,0,1,0,0,0,6,0,0,0,0,1,2,0,0,1,1,0,0,0,0,0,4,0,0,0,0,1,1,3,2,0,0,0,0,0,0
martov_nash_cyezd_I.txt_chunk1,martov,3,0,1,0,4,4,0,7,3,24,0,4,0,0,0,1,5,0,3,0,0,0,0,0,1,1,0,6,3,0,0,5,0,4,0,0,1,0,4,4,3,0,4,1,29,0,3,0,2,2,4,0,4,0,4,1,4,0,2,0,0,4,0,0,1,0,0,0,0,2,0,0,2,8,2,2,13,0,0,0,0,1,0,0,0,3,0,5,0,1,0,0,0,0,1,0,1,8,4,0,0,0,2,2,0,0,10,0,1,1,2,0,0,0,1,2,1,0,0,0,0,0,2,0,4,3,2,3,10,0,0,1,0,0,0,0,9,3,1,0,1,2,3,4,0,0,2,0,0,0,1,0,0,0,0,0,0,0,0,0,0,0,2,0,0,0,4,0,1,0,0,0,2,1,4,0,1,0,0,0,1,2,7,0,0,2,2,0,0,0,0,2,8,4,1,2,2,1,0,0,1,0,11,0,0,5,0,2,1,1,4,0,0,0,1,0,0,0,1,0,0,2,0,1,1,0,0,1,1,3,3,2,0,5,0,1,0,0,1,0,0,0,0,0,1,1,1,1,0,0,0,0,0,7,0,0,1,0,0,1,1,1,0,1,1,0,0,0,1,6,0,2,0,0,0,0,0,0,0,6,0,0,0,0,0,0,0,1,1,0,5,3,1,0,0,0,0,1,0,0
martov_nash_cyezd_I.txt_chunk2,martov,5,1,3,3,1,1,2,0,2,22,1,1,3,2,2,1,5,0,3,1,0,0,0,2,1,1,0,5,0,0,1,3,0,7,0,1,0,0,4,2,1,0,2,3,42,0,6,2,1,1,6,1,5,0,0,0,0,1,3,0,0,0,3,1,4,0,0,1,1,1,2,0,0,14,1,3,12,0,1,0,2,0,0,0,0,7,1,2,4,1,0,0,1,2,2,0,0,6,1,0,3,0,6,1,5,0,9,0,0,0,3,0,0,1,1,3,1,1,0,0,5,0,0,0,6,5,3,0,3,1,0,0,0,1,8,1,15,3,1,0,4,5,1,4,2,1,4,0,0,0,1,1,0,1,0,0,0,0,0,3,0,1,0,2,0,0,0,0,0,0,0,2,0,0,1,0,6,1,0,0,0,0,1,2,0,0,0,0,0,1,0,3,15,1,1,0,0,0,0,1,0,1,1,1,5,4,1,0,0,0,0,0,0,0,0,1,0,0,3,0,0,0,1,0,0,0,1,2,0,2,0,0,0,2,0,1,0,1,0,0,2,0,0,0,0,0,1,1,0,0,0,1,0,3,1,1,0,0,0,3,1,0,0,0,0,1,0,0,0,0,1,0,0,0,0,0,1,0,0,0,0,0,0,0,0,0,0,0,0,0,0,0,0,0,0,0,0,3,0,0
martov_ne_nachalo_li_povorota_I.txt_chunk3,martov,2.155172413793103,0,4.310344827586206,5.387931034482759,3.2327586206896552,0,0,0,1.0775862068965516,36.637931034482754,2.155172413793103,4.310344827586206,0,0,0,1.0775862068965516,1.0775862068965516,0,1.0775862068965516,0,0,0,0,0,2.155172413793103,0,0,9.698275862068966,2.155172413793103,1.0775862068965516,1.0775862068965516,0,0,4.310344827586206,1.0775862068965516,0,6.4655172413793105,0,4.310344827586206,3.2327586206896552,0,1.0775862068965516,2.155172413793103,0,28.017241379310345,0,1.0775862068965516,5.387931034482759,1.0775862068965516,4.310344827586206,5.387931034482759,0,5.387931034482759,2.155172413793103,3.2327586206896552,2.155172413793103,1.0775862068965516,0,3.2327586206896552,0,0,0,1.0775862068965516,0,0,0,0,0,2.155172413793103,7.543103448275862,0,0,0,12.931034482758621,0,0,17.241379310344826,1.0775862068965516,0,0,1.0775862068965516,0,2.155172413793103,1.0775862068965516,1.0775862068965516,4.310344827586206,1.0775862068965516,3.2327586206896552,3.2327586206896552,1.0775862068965516,4.310344827586206,0,0,1.0775862068965516,3.2327586206896552,0,15.086206896551724,2.155172413793103,3.2327586206896552,1.0775862068965516,2.155172413793103,3.2327586206896552,0,0,0,0,14.008620689655173,1.0775862068965516,0,0,2.155172413793103,2.155172413793103,0,1.0775862068965516,1.0775862068965516,1.0775862068965516,1.0775862068965516,0,0,3.2327586206896552,0,0,1.0775862068965516,0,3.2327586206896552,2.155172413793103,4.310344827586206,0,4.310344827586206,1.0775862068965516,0,1.0775862068965516,0,1.0775862068965516,1.0775862068965516,0,8.620689655172413,7.543103448275862,0,0,0,4.310344827586206,1.0775862068965516,2.155172413793103,3.2327586206896552,1.0775862068965516,0,0,0,0,0,2.155172413793103,0,0,0,1.0775862068965516,3.2327586206896552,1.0775862068965516,0,1.0775862068965516,0,3.2327586206896552,0,0,0,1.0775862068965516,1.0775862068965516,0,0,0,0,1.0775862068965516,3.2327586206896552,1.0775862068965516,1.0775862068965516,0,4.310344827586206,1.0775862068965516,0,0,0,0,1.0775862068965516,0,0,0,2.155172413793103,1.0775862068965516,0,0,1.0775862068965516,0,1.0775862068965516,0,0,0,0,0,1.0775862068965516,0,4.310344827586206,0,2.155172413793103,0,0,3.2327586206896552,0,0,3.2327586206896552,2.155172413793103,0,1.0775862068965516,1.0775862068965516,1.0775862068965516,0,0,1.0775862068965516,7.543103448275862,0,0,1.0775862068965516,0,2.155172413793103,0,0,0,0,2.155172413793103,0,1.0775862068965516,1.0775862068965516,1.0775862068965516,0,0,0,1.0775862068965516,0,1.0775862068965516,0,0,0,0,1.0775862068965516,1.0775862068965516,0,0,0,2.155172413793103,0,0,1.0775862068965516,2.155172413793103,0,3.2327586206896552,1.0775862068965516,0,1.0775862068965516,0,0,0,1.0775862068965516,0,0,0,0,0,5.387931034482759,0,1.0775862068965516,2.155172413793103,0,0,0,0,1.0775862068965516,0,0,1.0775862068965516,0,4.310344827586206,0,0,0,0,0,1.0775862068965516,0,0,1.0775862068965516,1.0775862068965516,0,1.0775862068965516,5.387931034482759,3.2327586206896552,1.0775862068965516,0,0,0,0,0
martov_o_terrore_I.txt_chunk1,martov,1,0,0,0,3,4,2,3,1,42,2,8,2,1,0,2,3,0,0,1,1,0,0,0,0,2,0,9,2,2,1,1,1,7,0,0,0,0,1,5,0,0,3,0,24,1,2,3,0,0,13,0,9,0,0,0,2,4,4,0,2,2,0,0,0,0,0,0,0,2,0,3,2,13,1,0,14,1,0,0,0,0,0,0,0,6,0,10,1,0,0,0,0,0,0,0,3,3,1,1,3,1,6,0,0,0,14,0,2,0,1,1,0,0,0,1,0,0,2,2,0,1,1,0,3,2,3,2,4,4,1,3,0,0,2,0,9,0,2,0,0,2,3,2,0,0,0,0,0,0,1,0,0,1,0,0,0,0,1,1,1,1,0,1,2,0,0,0,0,1,0,5,0,2,0,1,3,1,1,0,8,3,2,1,0,2,2,1,0,0,4,1,1,1,0,0,0,3,1,5,0,0,12,2,1,0,0,3,6,3,7,1,0,0,0,0,0,1,0,0,2,4,4,2,5,3,4,0,0,2,2,1,1,3,1,0,0,0,0,2,1,0,0,0,0,2,5,1,0,0,0,1,0,1,1,0,0,2,1,0,0,0,0,0,0,0,0,1,0,3,0,1,0,0,0,0,0,2,0,6,0,2,1,0,0,1,2,1,1,1,1,3,4,2,0,0,0,0,0,0
martov_o_terrore_I.txt_chunk2,martov,5,0,2,0,5,0,0,1,5,34,2,3,1,2,1,0,6,1,3,2,0,0,0,0,1,3,0,10,0,7,1,0,0,2,0,1,2,1,1,3,1,0,2,1,34,0,5,2,2,2,6,1,5,0,2,0,3,0,3,2,0,0,1,0,0,0,0,0,0,3,0,2,0,11,2,0,11,1,0,1,0,0,0,1,0,7,0,1,1,1,1,1,0,1,0,4,1,2,4,1,1,1,2,4,1,0,9,0,0,1,0,0,0,0,2,0,1,0,1,1,1,0,1,0,0,2,4,1,6,0,0,0,0,1,0,0,10,6,0,0,0,4,1,2,2,1,2,0,0,0,1,1,0,2,0,3,3,1,1,0,0,2,1,0,1,2,0,1,1,1,2,0,1,0,0,0,1,1,3,0,2,10,2,1,0,2,1,0,0,1,5,0,3,2,0,0,2,3,0,0,0,3,8,4,1,0,0,3,2,1,5,1,0,0,0,0,0,2,0,1,1,5,3,1,0,4,3,0,0,3,2,1,1,2,1,0,0,1,0,0,0,0,2,0,0,1,0,1,0,0,2,5,0,4,1,0,0,0,0,0,1,0,0,0,1,1,0,0,0,2,0,0,0,0,0,0,0,0,0,2,0,1,0,0,0,2,3,1,1,0,3,2,2,0,0,0,0,4,0,0
martov_o_terrore_I.txt_chunk3,martov,3.90625,0,1.3020833333333333,0,7.8125,0,1.3020833333333333,2.6041666666666665,0,29.947916666666668,5.208333333333333,1.3020833333333333,0,1.3020833333333333,0,1.3020833333333333,7.8125,0,0,1.3020833333333333,0,0,0,0,2.6041666666666665,6.510416666666667,0,1.3020833333333333,0,1.3020833333333333,0,2.6041666666666665,1.3020833333333333,3.90625,0,0,5.208333333333333,0,0,2.6041666666666665,0,0,13.020833333333334,0,27.34375,0,1.3020833333333333,0,2.6041666666666665,1.3020833333333333,3.90625,1.3020833333333333,5.208333333333333,2.6041666666666665,11.71875,0,0,1.3020833333333333,2.6041666666666665,1.3020833333333333,0,0,0,2.6041666666666665,0,0,0,0,1.3020833333333333,1.3020833333333333,1.3020833333333333,0,0,19.53125,1.3020833333333333,1.3020833333333333,9.114583333333334,0,0,3.90625,9.114583333333334,0,0,0,0,2.6041666666666665,0,0,1.3020833333333333,0,1.3020833333333333,0,0,0,1.3020833333333333,0,2.6041666666666665,0,5.208333333333333,0,0,1.3020833333333333,1.3020833333333333,2.6041666666666665,3.90625,1.3020833333333333,9.114583333333334,0,1.3020833333333333,0,2.6041666666666665,1.3020833333333333,0,0,1.3020833333333333,1.3020833333333333,1.3020833333333333,0,0,1.3020833333333333,1.3020833333333333,0,0,0,0,10.416666666666666,0,2.6041666666666665,3.90625,0,0,0,0,0,1.3020833333333333,1.3020833333333333,15.625,5.208333333333333,0,2.6041666666666665,0,3.90625,1.3020833333333333,0,2.6041666666666665,1.3020833333333333,1.3020833333333333,0,1.3020833333333333,0,1.3020833333333333,0,0,0,1.3020833333333333,0,0,0,0,0,1.3020833333333333,0,0,0,0,0,0,0,0,0,0,2.6041666666666665,1.3020833333333333,0,1.3020833333333333,0,0,1.3020833333333333,1.3020833333333333,0,2.6041666666666665,2.6041666666666665,5.208333333333333,1.3020833333333333,0,0,0,0,0,0,5.208333333333333,0,3.90625,2.6041666666666665,1.3020833333333333,0,1.3020833333333333,2.6041666666666665,2.6041666666666665,0,1.3020833333333333,3.90625,11.71875,0,0,0,0,0,0,0,6.510416666666667,0,1.3020833333333333,0,2.6041666666666665,0,0,0,0,3.90625,2.6041666666666665,1.3020833333333333,0,0,1.3020833333333333,0,2.6041666666666665,0,0,0,2.6041666666666665,6.510416666666667,0,1.3020833333333333,0,1.3020833333333333,2.6041666666666665,0,1.3020833333333333,0,0,0,0,0,0,0,2.6041666666666665,0,0,0,0,3.90625,3.90625,6.510416666666667,2.6041666666666665,0,0,0,0,0,0,0,0,0,0,0,0,0,0,1.3020833333333333,1.3020833333333333,0,0,0,0,0,1.3020833333333333,0,1.3020833333333333,3.90625,0,1.3020833333333333,0,0,0,1.3020833333333333,1.3020833333333333,2.6041666666666665,0,2.6041666666666665,0,0,1.3020833333333333,0,0,0,0,0,0,0
martov_polit_partii_v_Rosii.txt_chunk1,martov,7,1,0,0,4,2,3,5,0,43,1,0,0,1,0,7,4,2,1,0,0,1,0,0,0,1,2,2,1,0,0,2,1,3,0,0,1,1,2,5,4,1,12,1,41,0,6,2,3,8,4,0,5,0,2,1,0,0,5,1,0,0,0,3,0,0,0,0,1,1,1,0,0,12,1,1,13,0,0,0,0,0,1,0,0,5,1,2,1,1,0,0,0,0,2,3,6,1,3,0,1,1,4,2,0,0,9,1,0,1,1,3,0,0,3,1,1,1,0,0,6,0,1,0,0,6,6,0,2,1,1,0,0,0,1,0,12,7,1,2,0,3,3,1,0,0,0,0,0,1,0,0,1,0,0,0,0,0,3,0,0,0,3,0,1,1,0,0,0,0,1,3,3,2,1,1,3,1,5,4,0,1,0,0,0,0,0,0,2,1,0,0,23,12,2,3,2,0,0,0,1,0,3,0,0,0,3,0,0,2,0,0,0,2,0,0,1,2,1,0,0,0,9,2,2,0,1,1,0,0,0,1,0,0,0,1,0,0,0,0,1,0,0,2,3,1,2,0,0,0,0,0,0,1,0,3,0,0,0,0,0,0,1,0,1,0,3,0,1,0,0,0,1,0,0,0,2,2,0,2,0,0,0,0,0,0,1,4,0,1,0,0,0,0,0,0,0,5,0,0
martov_polit_partii_v_Rosii.txt_chunk2,martov,6,0,0,0,2,0,3,1,4,28,0,0,1,1,1,0,4,1,2,1,2,2,0,0,0,0,0,4,2,1,1,5,2,2,1,0,0,4,2,2,3,0,12,1,46,0,4,3,1,6,4,0,3,1,0,1,1,1,2,0,2,0,3,0,3,0,0,0,0,3,0,0,0,15,0,1,17,0,0,0,2,0,0,3,0,7,1,3,0,0,0,0,0,0,1,2,13,0,5,1,1,0,5,1,3,0,6,0,2,0,1,1,0,3,0,3,0,0,0,1,5,0,0,0,2,4,2,0,2,2,2,1,1,1,0,0,10,5,0,3,0,2,0,2,2,0,1,0,1,1,2,0,0,0,0,2,0,0,2,3,0,0,1,0,0,2,1,0,0,0,1,1,1,2,3,2,2,2,0,2,1,0,0,0,0,0,0,1,2,1,0,0,8,8,0,3,1,0,1,0,2,0,0,0,0,0,4,0,0,0,2,4,0,2,0,0,2,4,2,0,0,0,1,5,1,1,0,0,0,0,1,0,0,1,1,1,0,0,0,0,0,0,0,0,0,0,0,1,0,1,0,0,0,0,0,2,0,0,3,1,1,2,0,0,0,0,0,0,0,0,0,0,1,0,0,5,2,0,1,1,2,1,0,0,0,0,0,0,1,0,0,0,0,2,0,0,0,0,0,0
martov_polit_partii_v_Rosii.txt_chunk7,martov,4,0,4,2,1,0,0,0,0,36,1,0,0,0,0,2,4,1,2,3,0,0,0,0,1,2,0,0,0,0,1,0,2,0,0,0,2,1,2,4,2,0,7,0,40,0,5,1,4,6,9,0,10,1,1,0,3,0,3,1,0,0,0,0,6,0,0,3,0,0,0,0,0,15,0,4,13,0,1,1,0,0,0,2,0,10,1,5,0,1,0,0,2,0,0,0,4,1,11,0,1,1,6,0,5,0,14,0,0,1,2,2,0,3,0,8,0,0,1,0,4,0,1,0,2,5,4,0,2,1,1,1,0,0,3,0,6,4,1,2,0,2,0,2,1,0,1,0,2,0,2,0,0,0,2,0,0,1,2,1,0,1,0,0,0,0,0,0,0,0,0,1,1,0,2,1,5,4,0,3,0,0,0,0,0,0,0,0,1,0,0,0,8,8,1,0,8,0,0,0,0,0,3,3,1,0,1,4,3,1,4,1,0,2,0,1,3,2,0,0,0,0,1,0,0,1,0,1,0,1,3,3,0,0,0,2,0,0,0,0,0,0,2,0,0,0,1,3,0,0,0,0,0,1,0,1,0,0,1,0,0,0,0,0,0,0,1,1,1,1,0,2,0,4,0,1,0,2,0,2,2,0,0,0,0,1,2,1,0,1,1,0,1,0,0,0,0,0,0,0
martov_polit_partii_v_Rosii.txt_chunk8,martov,7,2,1,0,3,0,1,0,0,29,0,1,0,4,0,1,5,1,4,2,2,0,0,0,1,1,0,5,1,0,0,0,2,3,0,1,0,1,0,1,2,4,23,0,43,1,3,5,5,4,7,3,7,4,1,0,4,0,1,0,0,0,0,0,3,0,0,1,0,1,0,0,0,16,1,0,14,0,0,0,0,0,1,3,0,6,1,4,1,1,0,1,0,0,0,1,5,0,13,0,0,1,1,1,1,1,10,1,2,0,0,2,0,0,4,2,1,0,1,0,1,0,2,2,1,10,4,1,5,2,1,1,1,0,0,0,12,11,2,0,1,0,1,5,0,0,0,0,1,0,1,0,0,0,0,0,0,0,2,0,1,1,2,1,0,0,1,0,0,0,0,2,1,0,0,0,1,2,0,0,2,0,0,1,0,2,2,0,1,0,0,0,6,4,1,0,2,1,1,0,1,0,2,0,0,0,0,8,2,1,2,0,0,0,0,0,4,2,1,0,1,0,0,0,0,0,1,0,0,2,2,1,1,0,0,2,0,0,0,0,2,0,0,0,0,0,2,1,0,5,0,0,0,3,0,0,0,1,0,0,0,0,0,1,0,1,1,0,0,2,1,2,1,0,0,1,0,0,0,1,1,1,0,0,1,0,0,0,1,1,0,0,0,0,0,0,0,0,0,0
martov_polit_partii_v_Rosii.txt_chunk9,martov,0,0,125,0,0,0,0,0,0,125,0,0,0,0,0,0,0,0,0,0,0,0,0,0,0,0,0,0,0,0,0,0,0,0,0,0,0,0,0,0,0,0,0,0,0,0,0,0,0,0,0,0,0,0,0,0,0,0,0,0,0,0,0,0,0,0,0,0,0,0,0,0,0,0,0,0,0,0,0,0,0,0,0,0,0,0,0,0,0,0,0,0,0,0,125,0,0,0,0,0,0,0,0,0,0,0,0,0,0,0,0,0,0,125,0,0,0,0,0,0,0,0,0,0,0,0,0,0,0,0,0,0,0,0,0,0,0,0,0,0,0,0,0,0,0,0,0,0,0,0,0,0,0,0,0,0,0,0,0,0,0,0,0,0,0,0,0,0,0,0,0,0,0,0,0,0,0,0,0,0,0,0,0,0,0,0,0,0,0,0,0,0,0,0,0,0,0,0,0,0,0,0,0,0,0,0,0,0,0,0,0,0,0,0,0,0,0,0,0,0,0,0,0,0,0,0,0,0,0,0,0,0,0,0,0,0,0,0,0,0,0,0,0,0,0,0,0,0,0,0,0,0,0,0,0,0,0,0,0,0,0,0,0,0,0,0,0,0,0,0,0,0,0,0,0,0,0,0,0,0,0,0,0,0,0,0,0,0,0,0,0,0,0,0,0,0,0,0,0,0
martov_pravitelstvo_na_skamye_podsudimyh_I.txt_chunk1,martov,5,0,0,0,2,0,2,3,0,41,5,0,0,0,0,3,10,0,2,2,0,0,0,0,1,1,0,3,1,1,0,0,0,3,1,0,0,1,0,3,0,0,2,1,31,0,7,1,2,6,4,2,2,0,5,0,1,0,0,2,1,0,0,0,0,0,0,2,0,1,1,0,0,18,5,1,17,0,1,0,1,0,0,2,0,4,0,8,0,1,1,0,1,1,2,0,2,0,1,0,0,4,2,3,1,0,7,0,2,0,1,0,1,1,0,0,0,1,0,0,1,0,0,0,3,4,3,3,2,3,0,0,0,1,2,0,11,4,2,0,1,5,2,3,0,1,1,0,1,0,0,0,0,2,0,1,0,5,1,0,0,0,2,1,0,0,0,0,1,0,2,1,1,1,2,0,2,2,1,0,0,0,0,0,1,0,2,0,1,1,1,0,0,0,0,1,1,0,0,0,0,0,1,0,1,0,1,0,0,0,0,0,0,2,0,0,0,0,1,0,1,0,1,0,1,0,0,1,0,0,0,0,0,1,0,0,0,1,0,1,0,0,0,1,0,0,2,0,0,0,0,3,0,0,0,1,0,1,0,0,0,1,0,0,2,1,5,1,0,0,0,0,0,0,0,0,0,5,0,1,0,0,0,0,0,0,0,0,0,1,0,0,0,1,0,0,0,1,0,0
martov_pravitelstvo_na_skamye_podsudimyh_I.txt_chunk2,martov,5.221932114882507,0,0,0,0,0,2.6109660574412534,0,0,33.942558746736296,1.3054830287206267,0,0,2.6109660574412534,0,0,2.6109660574412534,1.3054830287206267,2.6109660574412534,1.3054830287206267,0,1.3054830287206267,1.3054830287206267,0,1.3054830287206267,2.6109660574412534,0,3.9164490861618795,0,0,0,0,0,5.221932114882507,0,0,0,1.3054830287206267,3.9164490861618795,3.9164490861618795,3.9164490861618795,0,1.3054830287206267,0,33.942558746736296,0,3.9164490861618795,1.3054830287206267,0,1.3054830287206267,2.6109660574412534,0,6.5274151436031325,0,3.9164490861618795,1.3054830287206267,2.6109660574412534,0,1.3054830287206267,0,0,0,1.3054830287206267,0,2.6109660574412534,1.3054830287206267,1.3054830287206267,1.3054830287206267,0,0,0,0,1.3054830287206267,20.887728459530027,0,0,2.6109660574412534,0,0,1.3054830287206267,2.6109660574412534,0,0,1.3054830287206267,0,7.832898172323759,1.3054830287206267,2.6109660574412534,1.3054830287206267,1.3054830287206267,1.3054830287206267,0,2.6109660574412534,1.3054830287206267,1.3054830287206267,2.6109660574412534,1.3054830287206267,0,2.6109660574412534,0,0,7.832898172323759,9.138381201044387,0,0,0,10.443864229765014,0,0,0,1.3054830287206267,1.3054830287206267,0,0,0,1.3054830287206267,0,0,0,0,0,0,0,0,2.6109660574412534,0,2.6109660574412534,0,1.3054830287206267,1.3054830287206267,0,0,0,1.3054830287206267,0,0,14.360313315926893,5.221932114882507,1.3054830287206267,1.3054830287206267,0,3.9164490861618795,2.6109660574412534,9.138381201044387,5.221932114882507,0,1.3054830287206267,2.6109660574412534,1.3054830287206267,0,0,0,0,0,0,0,0,0,0,0,0,2.6109660574412534,0,0,0,0,0,2.6109660574412534,0,0,0,0,0,2.6109660574412534,0,0,0,0,1.3054830287206267,0,0,0,0,0,0,0,2.6109660574412534,0,0,1.3054830287206267,0,0,0,0,0,1.3054830287206267,3.9164490861618795,0,0,0,0,0,2.6109660574412534,0,0,0,0,1.3054830287206267,0,0,0,1.3054830287206267,0,1.3054830287206267,0,0,0,0,0,0,2.6109660574412534,0,1.3054830287206267,0,2.6109660574412534,0,1.3054830287206267,0,0,0,0,0,0,1.3054830287206267,0,1.3054830287206267,1.3054830287206267,0,0,0,0,0,0,2.6109660574412534,0,1.3054830287206267,1.3054830287206267,0,0,0,0,2.6109660574412534,0,0,0,0,1.3054830287206267,0,0,0,0,0,1.3054830287206267,1.3054830287206267,0,0,3.9164490861618795,0,0,0,1.3054830287206267,0,0,0,0,0,0,2.6109660574412534,0,0,0,5.221932114882507,1.3054830287206267,0,0,0,0,0,0,0,0,0,0,1.3054830287206267,0,0,0,1.3054830287206267,0,0
martov_probuzhdenie_demokratii_I.txt_chunk2,martov,1,0,2,0,6,0,3,0,0,23,4,1,0,0,1,3,3,1,1,0,0,0,0,1,1,0,0,5,1,0,0,4,1,2,1,0,2,0,1,0,1,0,3,1,42,1,1,3,4,1,9,1,3,1,2,0,0,0,1,2,0,1,0,1,0,0,0,0,0,1,0,0,0,10,0,0,14,0,0,0,1,1,0,0,0,1,1,4,4,1,0,0,0,0,0,0,1,0,6,1,2,4,5,0,1,0,12,0,0,1,3,0,0,1,4,0,0,1,1,0,0,2,1,0,1,1,4,0,2,2,1,0,0,0,1,0,13,2,2,1,1,4,1,5,1,1,3,0,2,1,0,1,0,1,2,0,3,0,0,3,2,0,1,0,1,1,1,0,1,0,2,0,1,1,1,0,3,1,1,0,0,1,6,0,0,2,1,0,0,2,0,4,1,1,0,0,3,3,0,0,0,1,1,0,0,5,1,0,1,0,2,0,1,1,0,1,0,0,0,1,1,0,0,1,0,0,2,1,0,1,0,0,0,0,0,0,0,0,0,0,0,1,1,1,0,2,1,0,1,0,0,1,1,21,0,1,0,0,1,1,2,0,0,0,0,1,0,2,0,3,1,0,1,0,0,0,1,1,0,5,4,0,0,0,0,0,0,3,3,0,4,0,4,0,0,0,0,0,0,0
martov_razgrom_I.txt_chunk1,martov,1,0,1,0,0,0,1,4,5,28,1,0,0,0,0,1,4,0,1,1,0,0,0,1,0,0,0,2,1,1,0,2,0,3,1,1,0,0,6,0,1,0,2,0,40,0,4,3,1,2,6,0,7,0,3,0,0,3,3,0,0,4,1,0,1,0,0,0,0,5,1,0,0,12,0,0,20,1,1,2,0,0,0,0,0,4,0,6,0,0,0,0,0,1,4,3,4,1,2,0,2,2,1,1,0,2,8,0,0,0,0,0,0,1,0,2,1,0,0,0,2,0,0,0,0,1,2,3,4,3,0,0,0,1,1,2,14,4,4,2,0,4,4,1,0,2,1,0,1,0,1,2,0,0,0,0,1,0,0,0,0,1,2,0,0,0,2,0,0,0,0,1,2,5,0,0,0,2,0,0,0,0,0,0,0,0,0,0,1,1,0,0,0,0,1,6,1,0,0,2,0,1,0,1,0,0,0,0,0,0,1,0,0,6,0,0,0,0,0,0,0,0,1,1,1,0,1,1,0,0,2,0,0,0,1,0,0,0,0,3,0,0,1,0,0,0,0,0,1,0,0,1,0,0,0,0,0,1,0,0,0,1,0,0,1,1,0,0,1,0,0,1,2,0,2,0,0,2,0,1,0,1,0,0,2,0,0,0,0,0,1,0,0,0,1,0,0,5,0,0
martov_razgrom_I.txt_chunk2,martov,4,1,0,0,2,0,0,1,1,30,0,0,0,2,1,1,2,0,2,1,0,0,0,0,0,2,0,7,0,1,0,0,0,6,2,3,2,0,5,2,1,0,4,0,40,0,3,3,1,0,2,0,4,1,0,0,4,0,1,0,0,0,0,0,1,0,0,2,0,6,0,0,0,11,0,3,24,4,0,0,4,0,0,0,1,3,0,4,0,0,2,0,0,0,2,6,0,0,6,0,0,6,2,3,1,0,11,0,2,1,1,1,1,2,2,0,0,0,0,0,2,0,0,0,3,2,0,2,2,3,0,0,0,1,1,2,13,4,1,0,1,1,6,0,0,0,1,0,2,0,0,0,0,1,0,0,1,0,0,0,1,1,1,1,0,0,4,0,0,0,0,0,0,3,0,2,4,2,0,0,0,1,0,0,0,0,2,0,0,0,0,0,1,0,0,0,3,1,0,2,4,3,0,0,0,0,2,0,0,0,1,0,0,0,0,1,0,0,2,0,1,0,0,0,0,2,0,1,0,0,5,0,0,0,0,1,0,0,0,0,0,0,1,0,0,0,1,0,0,0,0,0,0,0,0,2,0,0,3,0,0,0,0,0,0,2,0,1,2,0,1,0,0,0,2,0,0,1,0,6,0,1,1,0,1,2,0,0,2,1,1,0,2,0,1,0,0,1,0,0
martov_razgrom_I.txt_chunk3,martov,4.3763676148796495,0,10.940919037199125,0,2.1881838074398248,0,0,0,8.752735229759299,39.38730853391685,6.564551422319474,0,0,0,2.1881838074398248,0,8.752735229759299,4.3763676148796495,0,0,0,2.1881838074398248,0,0,2.1881838074398248,2.1881838074398248,0,0,0,0,0,0,0,10.940919037199125,2.1881838074398248,2.1881838074398248,2.1881838074398248,0,4.3763676148796495,2.1881838074398248,2.1881838074398248,0,4.3763676148796495,0,35.010940919037196,0,2.1881838074398248,4.3763676148796495,0,2.1881838074398248,8.752735229759299,0,4.3763676148796495,0,0,0,4.3763676148796495,0,0,2.1881838074398248,0,0,0,0,0,0,0,0,2.1881838074398248,2.1881838074398248,0,0,0,4.3763676148796495,0,0,21.88183807439825,2.1881838074398248,0,2.1881838074398248,0,0,0,0,0,6.564551422319474,0,2.1881838074398248,0,0,0,0,0,0,10.940919037199125,0,0,0,19.693654266958426,2.1881838074398248,0,0,4.3763676148796495,0,2.1881838074398248,2.1881838074398248,13.129102844638949,4.3763676148796495,0,0,6.564551422319474,0,2.1881838074398248,4.3763676148796495,0,0,2.1881838074398248,0,0,0,2.1881838074398248,0,0,0,0,2.1881838074398248,2.1881838074398248,2.1881838074398248,2.1881838074398248,2.1881838074398248,0,0,0,0,0,0,8.752735229759299,2.1881838074398248,0,0,0,4.3763676148796495,4.3763676148796495,2.1881838074398248,6.564551422319474,0,0,0,4.3763676148796495,0,0,2.1881838074398248,2.1881838074398248,0,0,0,2.1881838074398248,0,0,0,0,0,0,0,0,0,0,0,0,4.3763676148796495,0,0,0,4.3763676148796495,0,0,2.1881838074398248,2.1881838074398248,0,0,0,0,0,0,0,4.3763676148796495,2.1881838074398248,0,0,0,6.564551422319474,8.752735229759299,4.3763676148796495,2.1881838074398248,0,0,6.564551422319474,2.1881838074398248,0,0,0,0,0,0,0,0,0,0,0,2.1881838074398248,0,0,0,0,0,0,0,0,0,0,2.1881838074398248,0,2.1881838074398248,0,0,0,2.1881838074398248,0,0,2.1881838074398248,0,4.3763676148796495,0,2.1881838074398248,0,0,0,0,0,0,0,0,0,2.1881838074398248,0,0,0,0,0,0,0,4.3763676148796495,0,6.564551422319474,0,0,0,0,0,0,2.1881838074398248,0,0,2.1881838074398248,0,0,0,0,0,4.3763676148796495,4.3763676148796495,0,0,0,0,0,0,0,0,6.564551422319474,0,0,0,0,4.3763676148796495,0,0,0,0,2.1881838074398248,6.564551422319474,0,6.564551422319474,0,0,0,0,6.564551422319474,0,0
martov_tak_li_my_gotovimsya_I.txt_chunk1,martov,1,0,1,0,7,0,1,4,2,27,1,0,0,1,0,3,5,0,1,1,0,0,0,0,0,0,0,5,1,0,0,0,0,11,0,1,0,0,2,0,0,1,5,1,33,0,4,2,0,2,7,0,1,0,7,0,3,1,0,1,0,0,0,0,1,0,0,1,0,2,0,0,0,19,0,1,14,5,0,1,0,1,0,0,1,5,1,0,0,0,1,0,0,0,0,0,1,2,3,0,1,6,1,2,1,2,11,0,3,3,2,0,0,1,0,2,3,0,1,0,5,0,0,0,2,1,0,2,3,1,0,0,0,2,1,1,4,6,0,1,1,2,1,0,0,0,1,0,0,0,1,0,0,0,0,1,3,0,0,0,1,4,2,0,0,0,2,0,1,1,0,0,0,2,1,0,1,1,0,0,0,1,0,0,0,1,0,1,0,0,6,1,0,0,0,1,2,0,1,1,0,3,3,0,0,0,0,2,2,0,3,0,0,1,1,0,0,0,1,0,0,5,1,0,1,2,3,2,2,1,2,0,0,2,0,1,0,1,0,0,0,0,0,5,0,1,0,0,0,0,0,2,0,1,1,0,2,0,0,0,0,0,0,3,0,0,1,0,0,0,0,0,0,0,0,1,0,6,0,5,0,3,3,0,0,2,1,2,0,6,0,1,0,1,0,0,0,4,0,0
martov_tak_li_my_gotovimsya_I.txt_chunk2,martov,3,2,11,0,10,0,1,2,1,31,4,0,0,0,1,3,11,0,0,1,1,0,0,0,4,0,0,11,1,0,2,0,0,8,1,2,3,0,1,4,0,0,1,0,29,0,1,6,1,2,9,0,4,1,4,0,3,2,4,0,0,0,0,3,2,0,0,0,2,4,1,0,0,10,0,0,7,2,0,0,0,2,1,0,0,1,2,1,1,1,0,0,0,2,0,1,1,6,1,1,1,1,2,3,4,1,3,0,0,1,1,2,0,1,1,0,1,0,0,0,2,0,0,1,5,4,2,1,2,1,1,1,0,1,8,0,6,3,2,1,0,4,1,3,1,0,1,0,0,0,1,0,0,2,1,0,0,0,0,0,0,3,0,0,1,0,3,0,0,0,1,1,1,3,0,2,2,6,1,0,1,2,0,0,0,0,2,0,0,1,6,9,6,0,0,0,0,0,0,0,0,5,1,0,0,0,1,0,1,1,3,1,0,0,0,0,0,0,0,0,3,1,0,0,1,0,2,3,0,4,0,1,0,1,1,1,0,0,0,0,0,0,0,1,0,0,1,0,0,0,0,2,0,10,4,1,1,0,1,1,5,0,0,0,1,1,0,0,0,2,0,0,0,0,0,0,0,3,1,5,0,1,0,0,1,3,0,0,0,1,0,1,0,2,0,0,0,1,0,0
martov_voyna_i_ross_dem.txt_chunk1,martov,2,0,0,0,7,0,1,1,1,45,3,0,0,1,0,3,1,0,2,0,1,0,0,0,1,0,0,9,1,1,1,0,1,1,4,1,3,0,3,3,1,0,4,0,39,0,1,2,1,3,6,0,6,2,3,1,1,1,1,2,0,1,1,0,2,0,0,1,0,2,1,0,0,15,1,0,8,0,0,0,8,1,0,1,0,2,0,3,0,1,0,1,0,1,0,2,0,1,3,0,0,1,3,0,2,0,13,0,0,0,0,1,0,1,0,3,3,1,0,1,3,0,1,0,1,6,3,2,1,3,0,0,0,0,0,0,1,1,3,1,1,1,1,5,0,1,1,2,0,0,1,1,1,0,1,0,0,0,0,0,2,1,0,1,0,0,0,0,2,1,0,0,3,3,0,0,2,1,1,0,0,1,2,1,0,1,2,0,0,0,1,0,0,0,0,1,0,1,0,8,1,0,0,0,2,0,0,2,1,1,3,2,0,1,0,0,0,0,2,0,0,0,9,0,2,0,1,2,0,0,2,0,0,2,0,0,0,0,0,1,1,0,0,1,2,0,0,2,0,0,1,0,0,2,0,0,2,1,0,1,0,0,0,1,0,0,0,1,0,1,0,0,0,1,5,4,0,0,0,1,0,0,0,0,3,2,1,0,0,1,2,0,0,0,2,0,0,0,0,0
martov_voyna_i_ross_dem.txt_chunk2,martov,3,0,0,0,2,4,1,1,0,44,1,1,0,0,0,3,3,0,0,0,0,0,0,0,1,1,0,12,0,2,1,0,0,4,6,1,2,2,1,2,1,0,3,0,46,0,2,2,0,1,12,0,3,2,1,0,0,0,3,0,0,0,1,0,2,0,0,0,0,1,0,0,0,16,0,0,9,1,0,1,0,0,1,0,0,4,0,2,0,0,0,0,0,1,1,1,1,0,5,0,0,1,2,0,1,0,7,1,0,1,0,1,0,0,1,0,2,0,0,0,0,0,1,0,3,7,3,1,2,2,0,0,0,1,0,1,3,4,2,0,0,0,2,3,0,0,0,0,0,0,2,0,0,0,0,0,1,0,0,0,1,0,0,0,0,0,1,0,0,1,0,0,3,1,3,0,1,1,0,0,0,2,3,1,0,2,1,0,0,1,0,1,0,0,0,0,1,3,0,2,0,1,0,3,2,0,0,0,0,1,2,2,0,0,0,0,0,0,0,0,0,0,10,2,1,1,2,0,0,0,0,0,0,1,0,2,0,0,0,2,0,0,0,0,0,0,0,2,0,0,0,4,0,5,0,0,1,0,1,0,0,0,0,3,0,0,0,0,0,1,0,0,1,0,5,1,0,0,0,0,0,0,0,0,2,1,0,0,1,0,2,0,0,3,0,0,1,0,0,0
martov_voyna_i_ross_dem.txt_chunk3,martov,1,0,3,0,1,2,0,2,0,45,8,2,0,0,0,2,4,0,2,0,0,0,0,1,1,0,0,7,1,0,0,0,1,0,4,0,0,2,0,2,1,0,8,0,36,0,0,1,1,2,6,0,4,6,1,1,0,3,0,1,0,1,0,0,1,0,0,0,0,0,0,0,0,18,0,0,7,0,0,0,3,0,0,0,0,0,0,2,0,0,1,0,0,0,0,0,0,4,2,1,1,2,1,2,1,0,9,0,0,0,0,1,0,0,3,5,2,0,0,0,0,0,0,0,3,4,6,0,0,2,1,0,0,1,0,2,8,4,1,2,2,3,1,0,0,1,1,0,2,0,1,0,0,1,0,0,1,1,1,1,1,0,0,0,1,0,0,0,1,1,0,0,0,2,0,0,3,1,0,0,1,1,3,0,0,0,3,0,0,0,3,0,0,0,0,0,1,0,0,1,1,2,0,3,0,0,1,3,2,0,2,2,0,1,0,0,0,0,1,0,0,0,3,0,2,1,1,1,1,0,0,1,0,3,0,1,1,0,0,0,0,1,0,0,0,0,0,0,1,1,0,5,0,2,0,1,0,0,0,1,0,0,0,1,1,0,0,0,0,1,0,0,0,0,7,6,0,0,0,0,0,0,0,0,7,0,0,1,1,1,1,0,0,0,7,0,0,0,0,0
martov_voyna_i_ross_dem.txt_chunk4,martov,1,0,0,1,3,0,0,0,1,46,9,0,1,0,1,4,3,1,0,0,2,0,0,0,0,3,0,6,1,2,0,1,1,3,3,0,2,2,2,3,0,0,12,0,39,1,3,6,0,5,8,0,5,1,3,2,1,0,0,1,0,0,0,0,2,0,0,0,0,2,1,0,2,7,0,0,24,0,0,0,5,0,0,0,0,9,0,3,0,1,0,0,0,0,0,6,4,1,7,0,0,0,7,0,1,0,11,0,0,0,2,1,0,3,0,1,0,0,0,0,2,0,0,2,2,2,1,0,2,7,0,0,0,0,1,0,13,5,0,3,0,0,1,1,1,0,0,2,2,0,3,1,0,0,0,1,0,1,0,0,2,0,1,0,1,0,0,0,0,0,0,0,0,1,1,3,1,1,1,0,1,2,1,1,0,1,1,0,0,0,1,0,0,0,1,0,2,0,0,1,1,0,2,0,0,0,0,8,2,2,3,2,0,1,0,1,0,0,0,0,2,0,1,0,1,0,1,1,0,0,0,0,0,1,1,0,1,1,0,0,0,0,1,1,0,0,0,3,0,0,1,2,0,6,0,0,2,0,0,0,1,0,0,2,0,0,0,0,1,0,0,0,0,0,1,12,0,0,1,2,0,1,0,0,6,0,0,0,0,1,2,1,3,5,4,0,0,0,0,0
martov_voyna_i_ross_dem.txt_chunk5,martov,5,0,6,1,5,1,0,0,3,22,5,0,0,0,0,0,2,1,1,1,0,0,1,0,3,0,0,4,0,3,0,1,1,0,3,0,2,1,2,4,0,0,9,1,39,0,6,5,1,2,9,0,8,2,0,0,0,1,2,1,1,0,1,0,1,0,0,0,2,8,0,0,0,13,0,1,23,0,0,0,6,0,1,0,0,2,0,1,0,3,0,0,0,0,0,6,0,1,9,0,0,3,2,1,2,0,11,2,0,0,0,0,0,1,0,1,3,0,3,0,0,1,0,0,2,3,2,0,0,1,0,0,0,1,0,2,15,1,2,0,1,6,3,2,0,0,0,0,0,1,2,0,0,0,0,0,5,0,0,1,0,5,1,1,0,0,0,0,2,0,0,1,1,1,1,2,2,1,0,0,1,1,3,0,0,1,3,0,0,0,0,0,1,0,1,0,3,0,0,0,0,1,6,0,0,0,0,0,3,1,2,0,1,3,1,0,0,4,0,0,0,2,2,0,0,0,0,1,3,1,1,0,0,0,1,0,0,0,0,0,0,1,2,0,1,0,0,1,0,0,1,0,0,3,0,0,0,0,1,2,1,0,1,1,0,0,1,0,1,3,0,1,0,0,1,1,0,2,0,0,0,2,0,0,6,5,5,0,1,3,0,2,0,4,0,0,0,0,0,0
martov_voyna_i_ross_dem.txt_chunk6,martov,7,0,1,0,29,4,0,2,1,41,5,5,0,0,0,2,3,0,1,1,0,0,0,0,0,0,0,5,4,7,0,0,0,2,4,1,7,1,1,1,0,0,1,3,21,1,4,5,0,0,9,0,5,0,0,1,1,1,1,2,0,0,1,1,0,0,0,0,0,3,2,0,0,8,2,0,20,0,0,3,2,0,0,1,0,4,0,4,0,0,0,1,1,1,3,4,0,0,2,0,2,1,1,0,4,0,9,1,0,1,0,0,0,1,0,7,2,1,0,3,2,0,0,0,2,7,1,0,3,2,1,1,0,1,0,1,14,3,2,1,2,6,0,2,1,0,1,0,1,0,2,0,0,0,1,0,6,0,0,1,0,0,1,1,2,0,3,0,1,0,0,1,3,3,0,0,3,0,0,0,0,0,5,1,0,0,2,1,0,0,0,0,0,0,1,0,5,0,0,1,0,1,0,0,1,0,0,0,1,1,1,3,0,1,2,0,0,1,0,0,0,2,11,2,0,0,0,0,0,2,0,0,1,2,0,0,0,1,0,2,0,0,0,3,0,0,0,0,0,0,3,2,1,3,0,0,0,0,0,4,1,3,1,1,1,0,0,0,2,3,1,0,0,0,3,4,1,2,0,0,0,0,0,3,4,0,2,1,0,1,1,2,6,5,1,1,0,0,0,0
martov_voyna_i_ross_dem.txt_chunk8,martov,1.2919896640826873,0,1.2919896640826873,0,5.167958656330749,0,0,0,5.167958656330749,36.17571059431524,3.875968992248062,2.5839793281653747,1.2919896640826873,0,0,1.2919896640826873,1.2919896640826873,1.2919896640826873,1.2919896640826873,0,0,0,0,0,2.5839793281653747,1.2919896640826873,0,2.5839793281653747,2.5839793281653747,5.167958656330749,2.5839793281653747,0,1.2919896640826873,3.875968992248062,7.751937984496124,3.875968992248062,3.875968992248062,0,0,3.875968992248062,1.2919896640826873,0,6.459948320413436,3.875968992248062,31.007751937984494,0,7.751937984496124,5.167958656330749,0,5.167958656330749,6.459948320413436,0,7.751937984496124,2.5839793281653747,0,2.5839793281653747,1.2919896640826873,0,2.5839793281653747,0,0,0,2.5839793281653747,0,0,0,0,0,0,2.5839793281653747,2.5839793281653747,1.2919896640826873,0,12.919896640826872,1.2919896640826873,0,12.919896640826872,1.2919896640826873,0,0,2.5839793281653747,0,0,2.5839793281653747,0,5.167958656330749,0,1.2919896640826873,1.2919896640826873,0,0,0,0,0,3.875968992248062,5.167958656330749,0,5.167958656330749,6.459948320413436,1.2919896640826873,0,0,1.2919896640826873,12.919896640826872,2.5839793281653747,0,6.459948320413436,0,0,0,1.2919896640826873,5.167958656330749,0,1.2919896640826873,3.875968992248062,1.2919896640826873,5.167958656330749,0,0,1.2919896640826873,0,1.2919896640826873,0,0,2.5839793281653747,1.2919896640826873,1.2919896640826873,2.5839793281653747,2.5839793281653747,1.2919896640826873,1.2919896640826873,0,0,2.5839793281653747,0,0,7.751937984496124,2.5839793281653747,0,0,2.5839793281653747,5.167958656330749,2.5839793281653747,0,1.2919896640826873,1.2919896640826873,0,0,0,1.2919896640826873,2.5839793281653747,0,0,0,0,0,1.2919896640826873,0,0,0,1.2919896640826873,2.5839793281653747,0,0,1.2919896640826873,0,0,0,0,0,0,0,2.5839793281653747,0,2.5839793281653747,1.2919896640826873,0,1.2919896640826873,1.2919896640826873,1.2919896640826873,10.335917312661499,3.875968992248062,10.335917312661499,0,0,2.5839793281653747,0,0,0,0,1.2919896640826873,0,0,0,0,0,2.5839793281653747,2.5839793281653747,0,0,0,2.5839793281653747,0,1.2919896640826873,0,0,2.5839793281653747,1.2919896640826873,0,0,5.167958656330749,0,0,0,1.2919896640826873,1.2919896640826873,0,0,1.2919896640826873,1.2919896640826873,2.5839793281653747,0,3.875968992248062,0,1.2919896640826873,0,7.751937984496124,1.2919896640826873,0,0,1.2919896640826873,0,0,0,0,1.2919896640826873,0,0,0,0,0,0,1.2919896640826873,0,1.2919896640826873,0,0,0,0,0,1.2919896640826873,1.2919896640826873,0,3.875968992248062,0,0,0,0,0,0,0,0,0,0,1.2919896640826873,0,0,0,1.2919896640826873,0,1.2919896640826873,0,0,0,0,0,0,0,0,1.2919896640826873,0,0,1.2919896640826873,0,2.5839793281653747,2.5839793281653747,5.167958656330749,0,0,1.2919896640826873,1.2919896640826873,0,0,0,0,0,0,0,1.2919896640826873,0
ortodox_eshe1_kritik_Marxa.txt_chunk1,ortodox,4,2,0,0,3,0,0,1,1,30,1,0,0,0,1,1,2,0,1,1,1,3,0,0,0,1,0,1,0,0,0,1,0,11,1,2,0,2,3,6,0,0,0,0,26,0,6,2,0,0,7,0,16,3,0,0,1,1,0,0,0,0,0,0,0,0,0,0,1,0,1,1,3,4,2,0,15,0,0,2,1,1,1,0,1,1,0,1,0,1,1,0,2,1,8,0,0,0,4,0,0,0,4,1,1,1,11,0,0,1,2,1,1,1,2,1,0,0,1,1,6,1,1,0,1,3,2,1,2,3,0,2,0,0,2,1,12,0,1,0,1,1,3,4,0,0,2,0,0,0,2,0,0,1,0,0,0,0,0,0,0,0,0,1,0,0,0,2,0,2,0,0,1,1,1,0,0,0,0,12,0,0,1,1,0,0,2,2,0,0,0,0,0,0,1,0,3,0,0,0,1,0,0,0,1,0,4,0,1,2,0,0,0,0,0,3,0,0,0,0,0,0,0,0,0,0,1,1,0,1,0,2,0,2,0,0,0,0,0,0,0,0,3,1,0,1,0,3,2,0,1,1,1,1,1,2,0,1,0,0,0,0,1,0,0,1,0,1,0,1,0,1,0,1,1,0,0,0,0,0,6,0,0,0,0,0,0,0,0,0,0,1,0,1,1,0,0,0,3,0
ortodox_eshe1_kritik_Marxa.txt_chunk2,ortodox,3,0,0,0,6,1,1,6,1,20,5,3,1,0,2,0,3,0,1,1,0,1,0,0,0,0,0,6,0,1,0,2,0,5,3,4,4,2,0,5,1,0,3,0,31,0,2,6,1,1,8,0,9,1,1,1,1,1,3,0,1,0,0,0,4,0,0,0,1,1,0,1,1,12,0,1,20,1,0,1,3,0,1,1,1,7,0,8,0,2,0,0,0,0,9,2,0,0,3,0,3,1,4,1,0,1,5,0,1,0,0,0,2,0,2,0,1,1,0,2,3,0,2,1,2,4,1,0,0,5,0,0,0,0,2,0,13,2,1,1,2,10,2,1,0,1,1,0,0,0,0,0,3,2,3,0,6,0,0,1,0,0,0,0,1,0,0,0,0,0,0,0,0,1,1,3,0,0,2,10,0,0,0,0,0,0,1,0,1,0,0,0,0,0,0,0,3,0,0,0,0,0,0,0,1,0,2,0,0,0,0,0,0,1,0,4,0,0,0,0,0,1,0,0,0,0,0,1,0,1,0,0,0,8,0,1,1,1,1,0,0,0,1,0,0,0,0,1,0,0,0,1,0,4,1,2,0,0,0,0,2,1,1,0,1,0,0,0,0,0,0,0,1,0,1,0,0,0,0,0,0,0,0,0,0,0,0,0,0,0,0,0,0,1,0,0,0,0,2,0
ortodox_merged__Marxa.txt_eyam_I.txt_Bovu_I.txt,ortodox,7.366482504604051,0,3.6832412523020257,0,5.524861878453039,0,3.6832412523020257,3.6832412523020257,0,34.99079189686925,0,0,0,1.8416206261510129,0,0,5.524861878453039,0,0,0,1.8416206261510129,1.8416206261510129,0,1.8416206261510129,0,0,0,1.8416206261510129,0,0,0,0,0,1.8416206261510129,3.6832412523020257,0,3.6832412523020257,3.6832412523020257,0,5.524861878453039,1.8416206261510129,0,5.524861878453039,0,33.14917127071823,0,3.6832412523020257,0,3.6832412523020257,3.6832412523020257,11.049723756906078,0,25.78268876611418,0,5.524861878453039,0,0,0,0,3.6832412523020257,0,0,0,0,1.8416206261510129,0,0,0,1.8416206261510129,3.6832412523020257,1.8416206261510129,0,0,9.208103130755065,0,0,7.366482504604051,0,0,1.8416206261510129,5.524861878453039,0,0,0,1.8416206261510129,3.6832412523020257,1.8416206261510129,9.208103130755065,3.6832412523020257,1.8416206261510129,0,0,0,0,1.8416206261510129,0,0,0,3.6832412523020257,0,0,0,5.524861878453039,0,0,1.8416206261510129,5.524861878453039,0,1.8416206261510129,1.8416206261510129,1.8416206261510129,0,1.8416206261510129,0,3.6832412523020257,0,0,0,0,3.6832412523020257,7.366482504604051,0,0,0,0,7.366482504604051,3.6832412523020257,0,5.524861878453039,3.6832412523020257,0,1.8416206261510129,0,0,3.6832412523020257,0,29.465930018416206,0,0,0,0,3.6832412523020257,3.6832412523020257,1.8416206261510129,1.8416206261510129,0,0,0,0,0,0,0,0,3.6832412523020257,0,0,0,0,0,0,0,1.8416206261510129,0,1.8416206261510129,1.8416206261510129,0,0,0,0,0,1.8416206261510129,1.8416206261510129,0,0,0,5.524861878453039,3.6832412523020257,0,0,0,0,0,0,3.6832412523020257,0,0,0,0,1.8416206261510129,0,0,1.8416206261510129,0,0,0,0,1.8416206261510129,0,0,0,0,0,1.8416206261510129,3.6832412523020257,1.8416206261510129,0,0,0,1.8416206261510129,0,0,0,0,3.6832412523020257,0,3.6832412523020257,0,0,0,0,0,0,0,0,0,0,0,1.8416206261510129,0,0,0,1.8416206261510129,0,1.8416206261510129,0,0,0,1.8416206261510129,0,0,0,0,0,0,0,0,0,5.524861878453039,0,0,0,1.8416206261510129,0,18.41620626151013,1.8416206261510129,0,0,0,0,0,1.8416206261510129,0,1.8416206261510129,0,0,0,0,0,0,0,0,0,1.8416206261510129,0,0,0,0,0,0,0,0,0,0,12.89134438305709,0,0,0,0,0,0,0,0,0,0,0,0,0,0,0,0
ortodox_pismo_evreya_k_evreyam_I.txt_chunk1,ortodox,6,0,1,1,4,0,1,1,3,14,2,4,1,0,2,0,3,0,0,0,0,0,0,0,0,4,0,10,5,0,2,0,2,2,3,0,5,0,1,3,0,0,4,0,40,0,5,5,1,2,5,0,11,0,2,1,1,0,3,3,0,0,0,1,3,2,1,0,1,2,2,0,1,15,0,0,17,0,0,0,3,1,0,0,0,7,0,2,1,0,0,1,0,2,5,0,2,3,4,0,1,1,3,0,1,0,11,0,4,1,1,0,0,0,4,4,0,0,0,4,3,0,0,0,0,6,4,2,4,4,3,1,0,2,0,0,22,3,0,1,1,5,1,2,0,2,0,4,0,0,0,1,1,1,1,0,2,0,0,0,0,0,0,0,2,0,0,0,2,0,1,3,1,0,0,1,4,1,0,1,1,0,0,1,1,0,1,0,0,0,0,1,1,0,0,0,1,1,0,1,0,0,1,2,0,0,0,0,0,0,1,0,0,1,0,4,0,1,0,0,0,0,0,0,0,0,0,0,1,2,0,1,0,0,1,0,0,0,0,1,0,0,1,1,0,1,1,0,0,0,1,2,0,5,1,0,0,0,0,0,0,0,0,0,0,0,2,0,0,1,2,2,1,0,0,0,0,0,0,1,0,0,0,0,0,0,0,0,0,0,0,0,0,0,0,0,0,0,0,0
ortodox_pismo_evreya_k_evreyam_I.txt_chunk2,ortodox,4,0,3,0,11,0,2,1,3,28,0,3,4,0,2,1,4,0,0,2,0,0,0,0,0,1,0,6,2,0,0,0,2,4,1,0,5,2,0,6,1,0,0,0,33,1,2,1,1,2,10,0,10,1,3,1,2,1,2,0,0,0,0,0,3,0,2,0,0,7,1,0,0,20,0,0,9,1,0,1,3,0,0,0,0,7,0,3,0,3,0,1,1,2,7,3,0,4,2,1,1,0,3,1,1,0,10,0,1,1,1,0,1,0,3,0,3,0,0,0,0,0,2,1,3,5,3,2,8,5,1,1,0,5,2,0,14,3,1,0,1,3,4,1,0,0,0,0,0,0,1,0,0,0,0,0,0,0,0,0,0,0,1,0,1,0,0,0,1,0,0,1,0,0,0,2,4,0,0,0,2,0,0,2,0,1,2,0,0,0,0,1,1,0,0,1,1,1,0,1,0,1,8,1,1,0,1,0,0,0,1,0,1,0,2,4,0,0,0,0,2,1,1,0,0,0,0,1,0,0,0,2,0,6,2,2,0,0,1,0,1,1,0,1,2,0,0,1,0,0,2,0,0,1,0,1,0,0,0,0,0,0,0,0,0,0,1,1,0,5,0,0,2,0,0,0,0,1,1,0,0,0,0,0,0,2,0,0,0,3,1,1,2,0,2,0,0,0,0,0
ortodox_v_otvet_Bovu_I.txt_chunk1,ortodox,2,0,0,0,8,0,1,2,1,24,5,1,0,0,0,1,2,0,0,0,0,1,0,0,1,1,0,3,4,0,1,2,0,2,0,1,6,0,1,2,0,0,3,1,44,0,4,0,2,3,9,0,6,0,3,1,1,0,2,0,0,0,0,1,4,0,0,0,1,1,3,0,1,20,1,0,15,1,0,1,2,1,0,0,0,6,0,4,0,4,0,0,0,2,3,3,2,0,2,0,7,0,4,1,0,0,9,0,0,0,2,0,1,0,3,2,2,1,0,3,5,0,0,0,1,12,3,1,4,3,0,2,0,2,0,0,17,3,0,1,1,5,5,2,0,0,1,0,0,0,1,1,1,4,1,0,1,0,0,1,3,1,0,0,4,2,1,0,0,1,1,1,0,0,1,1,0,0,0,1,0,0,1,1,5,0,1,0,0,0,0,4,2,1,0,0,4,0,0,0,1,1,9,0,1,0,1,1,0,0,2,0,0,4,1,4,0,5,0,0,0,0,1,0,0,0,0,2,0,0,0,0,0,2,1,0,0,0,0,0,0,0,1,1,0,0,0,1,2,1,4,1,0,6,1,0,0,0,0,0,1,0,3,0,0,0,2,0,0,0,0,0,0,0,0,0,4,0,0,1,2,0,0,1,0,0,1,0,0,0,1,0,0,0,0,0,0,0,0,0
ortodox_v_otvet_Bovu_I.txt_chunk2,ortodox,2,0,0,0,5,1,1,1,1,27,2,3,0,0,1,0,2,0,1,0,2,4,1,0,1,1,0,4,0,0,0,0,0,1,2,0,5,1,0,6,0,0,1,0,50,0,0,2,0,3,13,0,7,1,4,0,0,2,0,1,0,0,2,0,1,0,0,0,0,2,1,0,3,18,0,0,15,1,1,1,2,0,0,2,0,3,0,3,2,2,0,0,0,3,2,5,2,2,3,2,0,0,1,0,2,1,17,0,1,1,1,1,1,0,4,0,1,3,0,1,5,1,0,0,0,9,4,2,7,5,0,0,0,1,2,0,12,4,1,1,3,2,0,0,6,1,0,0,1,0,1,0,3,1,0,0,1,0,0,0,0,2,0,0,3,0,0,1,1,0,0,0,5,1,0,3,1,1,0,0,1,0,0,0,3,0,0,0,0,0,0,0,1,1,2,0,3,0,0,1,0,1,9,1,1,0,0,0,0,2,0,0,0,0,0,4,0,1,1,0,0,1,0,1,0,0,0,0,1,0,1,1,0,1,0,0,0,0,0,0,0,1,1,0,0,1,0,0,0,1,1,0,0,2,0,0,0,0,0,0,2,0,0,0,1,0,0,1,2,3,0,0,2,0,2,0,1,0,0,1,0,0,0,7,0,0,8,0,1,1,0,1,5,0,5,0,0,0,0,0
ortodox_v_otvet_Bovu_I.txt_chunk3,ortodox,4,0,1,0,2,0,0,0,2,30,2,1,0,2,1,0,2,0,0,2,1,1,1,1,0,1,2,5,1,0,2,0,1,3,2,2,1,2,0,5,1,0,2,1,42,1,1,0,0,1,6,0,8,0,3,2,0,0,6,2,2,1,1,0,4,0,0,0,0,5,2,0,1,10,2,0,22,0,0,0,0,1,0,1,0,11,0,2,2,3,0,0,0,1,6,1,0,0,2,1,0,0,2,2,1,0,15,1,1,4,1,1,1,2,2,0,0,1,0,2,1,1,1,1,4,2,4,0,1,2,2,4,0,1,4,0,13,2,0,2,1,1,1,1,1,0,0,0,1,0,1,1,0,1,0,0,0,1,0,2,1,1,1,1,1,0,0,0,0,1,0,3,4,0,1,2,5,0,0,0,1,0,0,1,2,0,4,1,0,0,0,1,0,0,0,0,1,0,0,1,0,0,3,1,2,0,0,0,1,0,0,0,0,1,1,6,1,0,0,0,0,0,0,2,0,0,1,2,2,1,0,2,0,1,0,2,0,1,0,0,0,0,0,2,0,0,0,0,0,0,0,4,1,6,1,0,0,0,0,1,1,0,1,0,0,0,2,0,0,4,0,1,0,0,0,0,0,0,0,1,0,0,0,5,0,0,0,0,0,0,1,0,1,0,0,0,0,0,0,0
parvus_bez_tsarya_pravitelstvo_rabochee.txt_chunk1,parvus,12.064343163538874,0,13.404825737265416,1.3404825737265416,0,0,0,1.3404825737265416,0,10.723860589812332,0,0,0,0,0,0,8.04289544235925,1.3404825737265416,1.3404825737265416,0,0,0,0,0,0,0,0,2.680965147453083,8.04289544235925,0,0,0,1.3404825737265416,8.04289544235925,1.3404825737265416,8.04289544235925,5.361930294906166,0,2.680965147453083,1.3404825737265416,0,0,12.064343163538874,0,34.852546916890084,1.3404825737265416,4.021447721179625,2.680965147453083,2.680965147453083,1.3404825737265416,5.361930294906166,1.3404825737265416,6.702412868632708,2.680965147453083,5.361930294906166,0,2.680965147453083,0,1.3404825737265416,0,0,0,0,1.3404825737265416,0,0,0,0,2.680965147453083,0,0,0,0,6.702412868632708,0,1.3404825737265416,22.78820375335121,2.680965147453083,0,1.3404825737265416,2.680965147453083,0,0,2.680965147453083,0,8.04289544235925,4.021447721179625,4.021447721179625,0,0,2.680965147453083,1.3404825737265416,0,0,6.702412868632708,0,2.680965147453083,0,9.383378016085791,0,0,0,2.680965147453083,2.680965147453083,1.3404825737265416,1.3404825737265416,12.064343163538874,0,1.3404825737265416,0,4.021447721179625,1.3404825737265416,0,2.680965147453083,2.680965147453083,1.3404825737265416,1.3404825737265416,0,0,0,1.3404825737265416,0,0,0,1.3404825737265416,5.361930294906166,0,1.3404825737265416,9.383378016085791,1.3404825737265416,0,0,1.3404825737265416,8.04289544235925,2.680965147453083,0,9.383378016085791,2.680965147453083,0,0,1.3404825737265416,2.680965147453083,0,1.3404825737265416,0,0,1.3404825737265416,0,1.3404825737265416,0,0,0,0,0,0,0,0,0,0,0,0,1.3404825737265416,0,0,0,1.3404825737265416,0,0,0,0,0,0,0,1.3404825737265416,1.3404825737265416,0,0,2.680965147453083,0,0,0,0,0,0,0,4.021447721179625,0,0,0,0,0,0,0,0,0,1.3404825737265416,4.021447721179625,4.021447721179625,6.702412868632708,0,0,0,0,0,0,0,1.3404825737265416,0,2.680965147453083,1.3404825737265416,0,2.680965147453083,1.3404825737265416,2.680965147453083,0,0,0,8.04289544235925,0,10.723860589812332,4.021447721179625,1.3404825737265416,1.3404825737265416,0,0,1.3404825737265416,0,0,2.680965147453083,0,5.361930294906166,2.680965147453083,0,1.3404825737265416,0,2.680965147453083,4.021447721179625,0,0,0,0,0,0,0,0,0,0,1.3404825737265416,0,0,0,0,0,0,1.3404825737265416,1.3404825737265416,0,1.3404825737265416,0,0,0,0,0,0,0,0,10.723860589812332,0,0,0,1.3404825737265416,0,0,0,1.3404825737265416,4.021447721179625,6.702412868632708,12.064343163538874,0,2.680965147453083,1.3404825737265416,1.3404825737265416,0,0,0,1.3404825737265416,0,4.021447721179625,5.361930294906166,0,1.3404825737265416,0,0,2.680965147453083,0,2.680965147453083,0,0,0,0
parvus_borba_protiv_tsarizma.txt_chunk1,parvus,2,1,9,0,6,0,0,1,5,36,0,1,0,1,0,4,2,0,3,0,0,0,0,0,0,0,0,6,1,0,2,1,2,1,2,1,4,0,5,4,1,0,1,1,34,0,3,4,6,1,9,1,13,1,0,2,2,0,4,1,1,1,0,0,4,0,0,1,1,6,1,0,0,14,0,0,10,1,0,1,1,1,0,1,0,6,1,1,0,2,2,1,0,0,7,5,1,0,3,0,0,1,2,1,3,0,2,0,3,0,2,1,1,0,0,7,3,1,0,0,3,2,0,0,5,7,0,1,5,1,0,0,1,1,2,0,5,3,1,0,2,3,2,6,0,0,2,3,3,0,2,0,1,0,2,2,1,0,0,0,0,0,0,1,2,1,0,0,0,1,1,0,1,3,0,0,2,0,0,0,0,0,4,1,0,1,2,0,0,0,1,1,1,0,2,0,5,0,1,1,0,0,0,0,2,0,0,3,2,0,1,3,2,2,0,0,0,0,3,0,2,0,5,0,2,0,1,3,3,0,1,1,1,0,0,0,1,0,0,1,0,0,0,0,0,0,0,0,1,0,1,1,0,7,1,0,0,0,0,0,1,0,0,0,2,1,0,0,2,2,0,0,0,0,1,1,1,2,0,1,0,1,2,0,3,3,0,0,0,0,1,0,1,1,4,2,0,0,0,0
parvus_do_9_january_predislovie.txt_chunk2,parvus,5,2,3,0,0,3,0,0,3,23,7,0,1,0,0,2,6,1,2,0,0,0,0,0,0,1,0,3,1,3,1,4,4,6,4,0,4,0,3,4,0,1,6,2,29,1,0,3,0,3,7,0,5,0,0,0,2,1,2,0,0,0,0,0,0,0,0,0,0,3,1,0,0,10,0,0,21,2,0,0,3,0,1,0,0,11,3,5,1,0,0,2,0,0,8,4,2,4,5,0,2,1,1,2,3,0,10,2,0,0,6,0,2,1,3,0,1,1,0,1,2,0,1,0,2,5,1,1,6,3,0,1,0,0,3,0,9,5,1,0,3,7,0,1,2,1,2,1,0,0,5,0,0,1,0,1,1,0,0,1,3,1,1,0,0,1,2,1,0,0,0,0,1,3,1,0,1,4,0,0,0,2,3,0,0,0,1,0,0,0,0,0,2,0,1,4,4,1,0,3,1,1,4,0,2,0,0,3,0,1,4,0,3,0,1,0,0,1,1,1,0,7,4,1,1,4,2,2,4,0,1,0,0,0,0,1,0,0,0,0,0,0,0,0,1,0,0,0,0,1,1,2,0,7,1,0,0,2,0,1,2,0,0,1,0,0,1,0,0,10,0,0,1,1,2,1,0,1,0,7,1,1,0,0,0,0,2,0,8,0,2,8,7,11,2,1,0,0,0,0
parvus_hod_revolucii.txt_chunk1,parvus,3,3,6,0,1,0,1,0,2,31,4,2,0,0,1,1,6,0,0,0,1,0,0,1,0,0,0,3,0,0,2,0,2,10,0,3,2,1,0,7,0,0,6,0,32,0,3,7,0,1,3,0,5,1,2,0,1,1,0,0,0,0,1,0,4,0,0,0,0,3,0,0,0,13,1,0,20,1,0,1,3,0,1,1,0,8,1,0,0,0,0,0,0,0,1,3,2,0,2,0,0,2,2,1,7,1,9,0,2,1,2,1,0,2,3,2,0,0,3,0,0,0,0,0,3,8,1,0,5,1,0,1,0,3,3,1,10,3,1,0,1,3,2,2,1,0,1,0,1,0,1,0,0,1,0,0,1,1,0,1,1,14,1,0,1,0,0,0,0,0,0,1,0,7,0,1,1,3,0,0,0,0,1,0,0,1,0,0,0,0,1,0,3,0,0,0,1,1,0,2,1,1,1,1,1,0,0,1,2,0,3,3,1,1,1,0,0,0,0,0,2,3,0,0,0,3,5,1,2,1,1,2,0,0,1,1,0,0,0,0,1,1,0,0,0,0,0,1,0,1,1,1,0,2,2,0,0,0,1,0,0,0,0,0,1,0,1,0,1,4,1,0,0,2,3,3,1,13,0,6,0,7,0,0,0,1,1,3,4,1,1,4,4,6,1,4,0,3,0,0
parvus_itogi_i_perspektivy_I.txt_chunk2,parvus,6,1,7,1,8,2,3,8,1,23,3,0,0,2,0,1,15,0,1,1,1,0,0,1,0,0,0,0,0,3,1,0,0,1,2,1,4,0,6,5,0,0,10,0,35,1,2,1,0,1,9,0,4,1,1,0,2,0,1,0,0,1,0,1,0,0,0,1,1,0,0,0,0,15,0,0,18,0,0,4,0,0,0,0,0,8,0,1,0,2,1,0,0,1,1,2,7,2,0,0,1,1,8,0,1,2,18,0,3,0,1,1,1,0,1,1,1,0,1,0,2,1,2,0,2,4,1,0,6,0,0,0,0,1,0,0,7,1,1,0,1,7,2,2,0,0,0,0,0,0,3,0,0,0,0,0,1,0,0,0,0,5,0,0,1,0,1,1,0,0,0,1,0,5,0,0,3,0,0,0,4,1,1,1,0,1,1,0,0,2,2,0,0,1,2,1,2,0,10,0,0,1,0,0,3,0,0,2,2,0,2,0,2,3,0,0,0,4,0,1,6,3,5,2,1,0,0,2,0,0,3,0,0,0,1,3,0,0,1,0,0,0,0,2,0,0,0,0,1,1,0,0,0,1,0,0,0,0,1,5,0,0,0,0,0,0,5,0,1,0,0,0,3,0,0,1,1,4,0,2,1,2,0,0,0,2,0,4,1,3,1,0,1,2,0,0,0,0,0,0
parvus_onp1_o_i_socrev_razvitie.txt_chunk1,parvus,2,0,0,0,0,1,1,3,0,33,3,0,0,0,1,3,3,1,5,0,1,0,0,0,0,0,0,2,0,1,0,0,0,8,0,0,2,1,3,4,0,3,6,0,42,0,5,2,0,0,3,1,6,0,4,0,0,0,1,0,1,1,0,1,1,1,0,1,1,2,0,0,0,18,1,0,20,1,2,0,2,0,0,0,1,4,0,0,0,0,0,0,0,1,3,3,0,1,5,0,0,0,1,0,1,5,11,0,0,0,1,0,0,2,1,0,1,0,0,1,2,0,0,0,5,6,0,1,4,0,1,0,0,1,2,0,5,2,0,0,0,7,2,1,0,0,1,3,0,0,0,0,0,0,0,2,1,0,0,1,1,0,0,0,1,0,3,0,0,0,0,0,0,4,1,0,0,1,3,0,2,4,4,1,0,1,1,1,0,0,0,2,5,2,0,2,1,0,0,3,1,0,7,0,1,0,0,4,2,1,2,0,1,0,0,0,0,0,2,0,3,2,0,0,0,1,0,0,1,0,3,1,0,2,1,1,0,0,2,2,0,2,1,0,1,1,0,0,1,0,1,2,0,3,0,0,0,0,0,3,0,0,0,2,1,0,0,0,0,5,0,0,1,0,0,0,0,0,0,1,0,1,1,0,0,0,3,1,3,1,2,0,1,0,1,0,0,3,0,0
parvus_pismo_tverskomu_komitetu_I.txt_chunk1,parvus,6,1,2,0,4,2,0,0,2,30,2,3,0,0,1,0,3,0,0,1,0,0,0,0,0,0,0,1,5,0,1,1,0,1,4,0,1,2,2,6,2,0,1,0,31,0,2,5,0,2,11,0,5,1,2,0,2,1,2,0,1,0,0,0,1,0,1,0,0,2,0,0,0,8,0,1,6,2,0,3,0,0,2,0,0,2,0,0,0,1,0,0,0,0,8,6,0,6,5,0,0,7,7,1,4,2,15,2,0,0,5,2,0,2,2,1,4,0,0,0,2,0,0,0,4,1,2,1,5,0,0,1,0,1,1,0,3,2,0,0,3,5,0,0,0,0,0,2,0,1,4,1,0,1,0,0,3,5,0,0,0,2,1,0,0,0,2,1,0,0,1,0,0,5,0,0,1,0,0,0,0,0,4,1,0,1,1,0,0,0,1,0,14,3,1,1,2,0,0,3,0,0,9,1,0,3,2,0,0,0,2,1,2,2,2,0,0,0,1,1,2,0,4,1,0,1,2,2,2,0,0,0,1,2,0,2,0,2,1,0,2,0,0,0,0,0,0,0,0,0,0,2,2,0,0,2,0,0,0,0,1,0,0,0,0,1,0,1,0,1,0,0,0,2,3,2,0,0,0,4,0,3,1,0,0,2,3,6,1,0,2,2,2,3,1,5,0,0,0,0
parvus_pismo_tverskomu_komitetu_I.txt_chunk3,parvus,11.363636363636363,5.681818181818182,11.363636363636363,2.840909090909091,8.522727272727272,2.840909090909091,0,2.840909090909091,2.840909090909091,25.56818181818182,2.840909090909091,0,0,0,0,2.840909090909091,5.681818181818182,0,0,0,0,0,0,0,0,0,0,0,0,8.522727272727272,0,2.840909090909091,0,2.840909090909091,5.681818181818182,0,11.363636363636363,5.681818181818182,8.522727272727272,2.840909090909091,0,5.681818181818182,0,2.840909090909091,39.77272727272727,0,0,5.681818181818182,0,5.681818181818182,8.522727272727272,0,2.840909090909091,0,0,0,2.840909090909091,0,0,0,0,0,0,0,0,0,0,0,0,2.840909090909091,2.840909090909091,0,0,17.045454545454543,0,0,25.56818181818182,0,2.840909090909091,2.840909090909091,2.840909090909091,0,0,0,0,14.204545454545453,5.681818181818182,0,2.840909090909091,0,0,0,0,0,11.363636363636363,8.522727272727272,2.840909090909091,2.840909090909091,8.522727272727272,0,2.840909090909091,0,0,0,0,0,2.840909090909091,0,0,0,5.681818181818182,2.840909090909091,0,0,2.840909090909091,0,0,0,0,0,5.681818181818182,0,0,0,0,2.840909090909091,0,0,5.681818181818182,0,2.840909090909091,0,0,0,5.681818181818182,0,5.681818181818182,2.840909090909091,0,2.840909090909091,0,11.363636363636363,2.840909090909091,0,2.840909090909091,0,0,2.840909090909091,0,0,2.840909090909091,2.840909090909091,2.840909090909091,2.840909090909091,0,0,0,0,0,0,0,0,0,0,2.840909090909091,0,0,2.840909090909091,0,0,0,0,0,0,2.840909090909091,0,5.681818181818182,2.840909090909091,0,0,0,0,0,0,5.681818181818182,0,0,0,2.840909090909091,0,2.840909090909091,0,19.886363636363637,2.840909090909091,2.840909090909091,0,2.840909090909091,0,0,0,2.840909090909091,0,0,0,0,8.522727272727272,0,0,0,2.840909090909091,2.840909090909091,0,0,0,0,0,0,0,0,0,0,0,2.840909090909091,0,0,0,8.522727272727272,0,0,0,0,5.681818181818182,0,0,5.681818181818182,0,0,0,0,0,0,0,0,0,0,0,0,0,0,0,0,0,0,0,0,0,2.840909090909091,0,0,0,0,0,0,0,0,2.840909090909091,0,0,0,0,0,0,0,0,0,0,2.840909090909091,0,0,2.840909090909091,0,0,0,0,0,0,0,0,0,0,2.840909090909091,0,0,0,0,0,0,0,0,0
parvus_poTurmam.txt_chunk12,parvus,8,0,0,0,6,2,3,5,1,23,0,0,0,0,0,2,10,1,3,0,0,0,0,0,0,1,0,7,0,0,0,0,0,6,1,0,2,0,4,7,1,1,2,0,35,0,6,1,0,2,5,1,8,0,2,2,1,0,3,0,1,0,3,1,1,10,7,0,0,2,3,0,1,9,0,0,18,2,4,1,6,2,1,0,0,8,0,0,1,1,5,0,1,0,10,3,0,0,10,0,1,3,4,0,3,4,12,0,0,1,1,1,0,0,0,0,2,1,1,0,4,2,1,1,0,4,2,0,3,0,0,0,0,5,1,0,11,2,0,0,1,10,2,1,3,1,2,20,2,2,2,0,0,0,1,0,6,1,1,0,0,1,0,0,0,0,0,1,0,0,1,0,0,1,0,2,0,0,0,0,0,0,0,0,0,0,1,0,7,1,0,0,0,0,0,1,0,0,0,0,0,0,0,1,0,0,0,0,0,0,1,0,0,1,0,0,0,0,1,0,0,0,0,0,0,0,0,1,0,0,0,2,0,7,1,0,0,1,6,3,0,3,0,1,0,2,0,1,2,0,0,0,7,2,2,0,0,0,1,0,0,1,0,0,0,2,0,1,0,0,0,0,0,0,0,0,0,1,0,0,0,0,1,0,0,0,0,0,0,1,0,0,0,0,0,0,0,1,0,0
parvus_poTurmam.txt_chunk18,parvus,5,0,2,1,10,2,4,7,3,34,2,1,0,2,0,0,5,0,4,0,1,0,2,0,0,3,0,9,1,0,0,2,0,1,1,0,2,0,4,7,1,0,1,0,39,1,4,0,0,1,6,1,13,0,2,1,0,1,2,1,4,0,0,0,0,7,3,1,0,2,0,1,1,14,2,0,23,1,1,3,0,1,0,2,2,10,0,4,0,2,0,2,0,0,2,3,2,0,1,1,0,0,3,1,0,2,7,0,1,0,2,2,0,1,2,4,1,0,2,1,2,0,2,0,0,4,1,0,3,2,0,0,2,5,2,3,10,2,0,3,0,5,0,0,0,0,0,23,0,2,1,0,0,0,1,0,2,0,0,0,0,0,1,0,1,0,0,0,0,0,0,1,1,4,1,0,0,1,0,0,2,0,0,0,0,0,0,0,0,0,2,1,0,0,0,1,1,0,3,0,1,0,0,0,0,0,0,0,2,3,4,3,0,0,0,1,0,2,5,0,0,1,0,0,0,1,0,0,0,1,8,1,0,2,0,1,0,1,0,2,0,0,0,1,0,4,0,1,0,2,0,2,10,14,2,0,1,0,0,0,5,0,0,0,0,0,0,1,2,1,0,0,0,0,1,6,0,4,0,2,0,1,3,0,0,0,0,1,0,0,0,0,0,1,2,0,0,1,0,0
parvus_poTurmam.txt_chunk2,parvus,6,0,2,0,22,3,2,6,3,26,5,0,0,0,2,1,4,0,1,1,2,0,0,0,0,1,0,2,0,0,0,0,0,12,0,0,5,0,3,3,0,2,3,0,33,1,5,0,0,0,6,0,11,0,2,4,1,0,2,0,0,0,1,1,1,7,14,1,0,2,1,1,1,12,1,0,22,0,2,1,2,1,0,0,2,9,1,5,0,1,0,0,1,0,5,0,0,0,5,0,1,2,11,0,5,2,3,1,0,3,1,0,0,2,0,2,1,0,0,2,4,0,0,0,1,6,1,0,10,2,1,0,0,3,0,0,8,5,1,0,0,10,2,1,2,0,1,20,1,2,2,0,0,0,0,0,9,0,0,0,0,0,0,0,0,0,0,0,1,0,1,2,0,2,0,0,0,1,0,0,0,2,0,1,0,0,3,0,0,0,0,0,0,0,0,0,1,0,0,0,0,1,0,1,0,0,0,2,0,0,0,0,0,4,0,0,0,0,0,0,0,0,1,0,0,1,0,0,1,1,1,0,0,4,0,2,2,0,1,4,1,2,0,1,0,0,0,1,2,0,0,1,1,5,0,0,0,0,0,1,1,0,0,0,0,0,0,2,1,0,1,0,0,0,0,0,0,0,0,1,1,0,0,0,0,0,0,0,1,0,1,1,0,0,0,0,0,0,0,0
parvus_poTurmam.txt_chunk20,parvus,2,0,0,0,8,0,2,8,1,30,7,2,0,0,0,7,3,3,1,0,0,0,0,0,0,2,1,2,1,0,0,3,0,6,2,2,3,1,3,4,0,0,1,0,34,0,5,1,0,3,1,1,14,0,5,0,0,0,2,0,1,0,1,0,1,12,9,0,0,0,2,0,0,12,1,1,20,0,0,2,6,1,1,2,1,4,0,4,0,2,2,0,1,0,6,3,3,0,2,0,0,0,3,0,3,4,10,0,1,2,1,0,0,1,2,1,2,0,4,3,8,0,2,0,1,5,1,0,3,0,0,0,0,8,3,0,13,5,0,1,1,4,4,0,0,0,0,32,1,0,2,0,0,0,1,1,0,0,1,1,0,0,1,0,0,0,0,0,0,0,0,2,1,5,0,0,1,3,0,0,0,0,0,0,0,0,0,2,1,1,0,0,0,0,1,2,1,0,0,0,0,0,0,0,0,0,0,0,0,0,0,0,0,4,0,0,0,0,1,0,4,0,0,0,0,0,0,4,0,1,4,1,0,3,1,0,2,1,3,2,0,0,0,0,1,2,0,1,2,0,1,1,3,0,1,0,0,0,0,0,0,0,0,0,0,0,0,0,0,0,0,0,0,0,0,0,0,0,0,0,0,0,0,0,0,0,0,0,0,0,0,0,0,0,1,0,0,0,0,0
parvus_poTurmam.txt_chunk21,parvus,6,3,0,0,4,0,5,5,0,25,1,0,0,0,0,0,5,1,1,0,4,0,0,1,0,1,2,5,0,0,0,0,0,4,1,0,7,0,0,4,1,0,2,0,44,0,5,4,4,17,8,0,8,0,6,1,0,2,1,0,0,0,0,1,1,10,9,2,1,1,5,0,0,16,0,0,23,1,0,0,1,2,2,3,2,15,0,3,0,1,2,1,1,0,2,0,17,0,3,0,7,0,6,0,3,0,5,0,0,0,0,0,1,0,0,3,2,0,2,0,5,0,1,0,3,9,0,0,4,0,0,0,1,6,1,3,10,3,1,4,0,12,1,0,1,1,1,28,2,0,6,0,2,0,2,0,1,0,1,1,0,1,0,0,0,0,0,0,0,1,0,0,0,2,3,0,0,0,0,0,0,1,0,0,0,0,0,0,0,0,1,0,0,0,0,0,0,0,0,0,1,0,0,0,0,0,0,0,0,0,0,0,1,3,0,0,0,0,0,2,0,0,0,0,0,0,0,0,0,0,0,0,0,3,0,0,1,0,3,2,0,0,1,2,0,0,0,0,3,0,0,0,1,1,0,0,0,0,0,0,0,0,0,0,1,0,0,0,0,0,0,0,0,0,0,0,0,0,0,0,0,0,0,0,0,1,0,0,0,0,0,0,0,0,0,0,0,1,0,0
parvus_poTurmam.txt_chunk24,parvus,6,0,1,0,7,1,0,4,0,38,4,1,1,0,0,3,7,0,0,1,0,0,0,0,0,0,0,0,4,0,0,0,0,1,4,1,3,0,7,5,0,0,4,0,26,1,2,2,1,0,4,1,11,0,6,1,0,0,0,0,4,0,1,0,0,5,16,1,0,0,1,1,1,8,1,0,19,0,0,3,2,5,0,0,0,8,0,2,0,2,1,0,1,0,2,7,1,0,4,0,1,0,3,0,5,1,2,1,3,0,0,1,0,2,4,0,0,0,0,0,4,1,0,0,0,10,1,0,2,4,1,0,4,2,3,5,17,1,1,0,0,20,3,0,0,0,0,45,2,1,2,0,0,0,2,0,3,0,0,0,0,1,0,1,1,0,0,0,0,0,0,0,0,2,0,0,0,2,1,0,0,0,0,0,0,0,1,0,0,0,1,0,1,0,0,2,0,0,0,0,0,1,0,1,0,0,0,3,0,1,0,0,0,2,0,0,0,0,0,0,0,0,0,0,0,0,0,2,0,0,2,3,0,4,0,0,1,2,1,1,0,0,0,0,0,0,0,1,1,0,1,1,0,2,0,0,3,0,0,0,0,1,0,2,0,1,0,0,0,0,0,0,1,0,0,0,0,0,0,0,0,1,1,0,0,0,0,0,0,0,0,0,0,0,0,0,0,2,0,0
parvus_poTurmam.txt_chunk28,parvus,0,0,0,0,0,2,11,14,1,28,0,0,0,0,0,2,4,0,3,1,1,0,0,0,0,2,0,13,0,0,0,5,0,2,0,1,0,0,3,4,0,0,4,0,31,0,7,1,0,0,6,0,9,0,6,1,0,0,3,0,0,0,0,0,3,3,2,0,0,0,2,1,0,25,0,1,12,0,2,1,0,0,1,2,1,5,0,0,1,1,0,0,0,0,1,0,3,0,4,0,0,0,7,0,3,0,7,0,1,0,0,0,0,1,1,3,0,0,0,1,5,2,1,1,0,6,5,1,4,2,1,0,1,4,1,1,6,7,0,2,1,6,0,1,0,1,3,16,2,1,5,0,0,0,0,1,1,0,0,1,0,0,0,0,1,0,0,0,1,0,0,0,1,11,1,0,0,4,0,0,0,0,0,0,0,0,0,1,0,1,1,2,1,1,0,0,0,0,0,0,2,0,0,1,0,0,0,0,0,0,0,1,1,1,0,0,2,0,1,0,0,0,1,0,0,0,0,2,0,0,0,0,0,3,0,0,0,0,3,2,1,2,0,0,1,0,0,0,4,0,2,0,1,22,5,0,0,0,0,0,10,0,0,1,0,0,0,0,1,0,0,1,0,0,0,0,0,2,0,0,0,0,3,0,0,0,0,0,2,0,0,0,0,0,0,0,0,1,0,0
parvus_poTurmam.txt_chunk29,parvus,3,1,2,0,6,3,2,4,2,30,0,0,1,1,0,0,7,1,1,2,1,0,0,0,0,0,0,5,1,0,0,2,0,2,0,3,3,1,6,5,0,0,4,0,26,0,6,4,1,4,7,0,10,0,2,0,0,1,3,0,1,0,1,0,3,0,0,1,0,2,1,0,0,16,0,2,11,0,0,0,0,1,0,1,1,6,0,0,0,2,5,0,0,1,5,0,5,0,7,0,3,2,9,1,2,1,10,0,0,0,1,2,1,0,0,2,0,0,2,0,9,1,2,0,3,8,2,0,4,1,1,1,0,1,3,0,11,8,1,2,1,10,1,1,2,1,1,0,0,0,4,0,0,1,1,1,2,0,0,0,0,1,0,0,2,0,0,0,0,1,0,0,0,4,0,0,2,1,0,0,0,0,0,0,0,0,1,0,1,2,0,0,0,0,0,0,0,0,0,0,2,0,0,0,0,0,0,0,0,0,0,1,2,2,0,0,3,0,2,0,0,0,0,0,0,0,0,3,0,0,0,0,0,1,1,0,2,0,2,0,2,2,0,0,0,1,1,0,1,1,1,3,0,40,12,0,1,0,0,0,9,0,1,0,0,2,0,0,2,0,0,0,0,0,0,0,0,0,0,0,0,0,1,0,0,0,0,1,0,0,0,0,0,0,0,0,0,0,0,0
parvus_poTurmam.txt_chunk3,parvus,5,1,10,1,0,5,3,4,1,33,1,0,0,3,0,2,4,0,2,0,0,0,0,2,0,2,0,2,1,0,0,1,0,15,1,3,3,0,2,3,0,3,3,0,32,1,5,3,0,1,8,0,7,0,4,1,0,1,1,1,1,0,1,0,1,4,3,1,0,1,2,0,0,8,0,0,6,0,0,0,1,0,2,0,0,6,0,6,0,0,0,4,2,2,12,4,6,0,4,0,2,4,5,0,1,1,13,0,1,1,4,3,1,1,0,1,1,0,0,1,5,1,0,0,1,9,0,1,5,0,0,4,2,3,4,1,6,4,0,0,0,4,1,2,1,0,0,11,2,1,4,0,3,0,2,0,0,1,0,4,0,1,1,1,4,0,0,1,2,0,1,0,0,0,0,1,2,2,0,0,0,0,0,0,0,0,6,0,0,0,1,0,0,0,0,4,0,4,0,1,0,0,1,0,0,0,0,0,0,0,0,0,0,0,0,0,0,0,0,5,0,0,1,0,0,1,1,1,0,0,1,2,0,6,0,0,0,0,1,1,2,1,0,1,0,1,0,0,2,0,0,1,3,0,2,0,0,0,1,0,0,1,0,0,0,1,0,0,0,0,1,0,0,0,0,0,1,0,0,0,0,0,0,0,0,0,0,0,0,0,0,0,0,0,0,0,0,1,0,0
parvus_poTurmam.txt_chunk30,parvus,3,4,0,0,7,4,3,11,1,21,3,0,0,0,0,1,9,0,1,0,2,0,0,0,0,0,0,2,1,0,0,1,0,1,0,0,2,1,4,5,0,0,5,0,22,0,11,2,2,3,10,0,17,0,4,1,2,0,4,2,2,0,0,0,2,5,1,4,0,2,3,0,0,17,1,3,15,0,1,1,4,1,1,2,1,7,0,3,0,1,2,0,0,0,2,0,6,0,2,0,0,0,3,0,3,3,9,0,0,4,0,0,0,0,0,3,0,0,1,0,3,1,1,1,1,11,1,0,5,2,1,2,0,5,1,2,4,7,0,2,0,6,0,1,3,0,0,18,0,0,4,0,0,0,1,0,1,0,1,0,0,0,0,0,2,0,0,1,1,1,0,1,0,5,1,0,0,0,0,0,0,0,0,2,0,0,2,0,0,3,3,1,0,0,0,0,0,0,0,0,0,0,0,0,2,0,0,0,0,0,0,0,1,0,0,0,1,0,0,0,0,0,0,0,0,0,0,2,0,0,1,0,0,5,0,0,0,0,5,3,2,0,0,1,0,0,0,1,4,0,0,6,0,24,5,0,1,0,0,0,7,1,1,0,0,1,0,0,1,0,1,0,1,0,0,0,0,0,0,0,0,0,3,0,0,0,0,0,0,0,0,0,0,0,0,0,0,0,0,0
parvus_poTurmam.txt_chunk31,parvus,2,1,0,0,4,2,7,15,1,27,2,0,0,0,0,5,11,0,0,0,1,0,0,1,0,1,0,7,0,1,0,0,1,3,1,0,4,1,4,2,0,0,5,0,34,0,5,5,0,1,7,2,8,0,5,0,1,0,2,0,1,1,0,0,1,10,4,0,0,0,1,0,2,11,0,0,11,1,3,0,2,0,0,1,1,6,0,4,0,0,4,0,0,0,3,0,2,0,4,0,3,2,4,1,2,1,8,0,0,0,0,0,0,0,0,1,1,1,4,1,6,1,0,1,0,9,2,0,3,4,2,0,2,3,2,5,22,7,1,1,0,14,0,0,0,0,0,15,2,0,2,0,0,0,0,1,1,1,0,0,0,1,0,0,2,0,0,0,0,0,0,0,0,5,0,0,0,3,0,0,1,0,0,1,0,0,2,1,0,4,1,0,0,0,0,1,0,0,0,0,0,1,0,0,2,0,0,0,0,0,0,0,0,1,0,0,1,0,0,0,0,0,0,0,0,0,0,0,0,1,1,0,0,3,0,0,0,0,3,1,1,0,0,0,0,1,0,0,1,2,1,0,1,27,10,0,0,0,0,0,9,1,0,0,0,0,0,1,0,0,0,0,1,0,0,0,0,0,0,0,0,0,2,0,0,0,0,0,0,0,0,0,0,0,0,0,0,0,0,0
parvus_poTurmam.txt_chunk6,parvus,7,5,0,0,7,4,1,8,2,30,0,1,0,2,0,1,3,0,0,0,2,0,0,0,1,1,0,7,0,0,0,0,0,7,3,0,1,0,3,5,5,5,5,0,29,1,5,5,1,8,9,3,5,0,4,1,3,0,1,0,0,0,1,0,3,9,7,0,0,4,1,2,3,15,0,1,20,1,0,1,2,0,2,3,0,6,0,3,0,2,0,0,0,0,8,8,5,0,4,0,0,0,5,2,1,4,4,2,0,1,4,0,0,2,3,4,1,0,0,1,3,2,2,1,1,4,3,1,6,0,2,0,0,8,1,0,18,3,0,0,1,11,2,0,0,0,0,15,0,0,2,0,0,0,0,0,1,0,0,0,0,0,1,0,0,0,0,1,0,0,1,0,0,4,0,0,2,0,0,0,0,0,0,0,0,0,2,0,2,0,0,1,0,0,0,2,1,2,0,0,1,0,0,1,0,0,0,2,1,0,0,0,2,1,0,0,0,0,0,2,0,0,1,0,0,0,1,0,0,0,4,4,0,4,1,0,0,0,2,1,0,1,0,0,0,3,0,2,0,1,0,1,6,1,1,0,0,0,0,0,0,0,2,0,0,0,0,1,0,0,1,0,1,0,0,0,0,0,0,0,0,0,1,0,0,0,0,0,0,0,0,0,0,1,0,0,0,1,0,0
parvus_poTurmam.txt_chunk8,parvus,3,1,5,1,2,3,4,11,2,30,4,3,0,2,1,1,7,0,2,0,2,0,0,0,0,0,0,4,1,0,0,0,0,2,0,0,3,0,6,4,1,0,1,0,31,0,2,0,2,2,3,1,8,0,3,1,1,1,0,2,1,0,1,0,2,0,0,1,0,1,1,0,2,9,6,1,17,0,2,3,0,0,0,1,0,6,1,6,2,2,1,0,0,0,1,1,4,0,0,0,1,3,4,1,6,0,6,0,1,0,6,0,1,0,0,0,0,0,0,1,4,0,2,0,4,2,2,0,9,0,1,1,0,4,3,0,19,3,0,2,3,9,4,1,0,0,0,2,2,0,3,1,0,0,0,1,2,0,0,0,0,11,0,0,1,1,0,0,1,1,1,1,1,3,1,0,0,1,0,1,2,0,1,0,0,0,1,0,0,0,1,0,0,0,1,2,2,0,0,0,0,0,1,0,2,0,1,1,0,0,2,0,0,3,0,0,0,0,1,0,0,0,0,0,0,2,0,2,0,0,3,2,0,6,1,2,0,3,0,1,3,0,1,1,0,1,0,1,2,0,1,1,0,15,10,0,0,0,0,0,5,0,0,0,0,0,1,0,1,0,1,0,1,0,0,0,1,4,0,2,0,4,0,0,0,1,0,1,0,1,1,0,0,1,0,1,0,1,0,0
parvus_samoderzh_i_fin_I.txt_chunk1,parvus,14,2,0,0,3,0,0,5,1,39,1,0,0,2,1,4,3,0,2,0,2,0,0,1,0,0,0,1,0,0,0,0,2,4,0,1,4,0,0,5,0,0,6,2,23,0,6,1,0,0,4,0,9,0,2,1,0,0,0,1,0,1,0,0,4,0,0,1,0,3,0,0,0,16,1,0,15,0,1,1,2,0,0,0,0,5,0,3,1,0,0,0,0,0,5,2,2,0,9,0,0,4,5,1,0,4,8,0,0,0,0,0,0,0,0,0,2,0,0,2,8,0,0,0,4,7,2,0,5,2,0,0,0,2,2,0,16,3,0,0,0,4,2,1,1,0,1,0,1,1,4,0,1,1,1,0,1,0,0,1,1,3,3,1,2,0,0,0,0,0,0,0,0,4,0,0,3,1,7,0,0,0,0,1,0,0,0,0,0,0,1,0,0,0,0,1,2,0,0,0,0,0,0,0,0,0,0,0,1,0,0,0,0,4,0,0,0,1,0,0,0,0,3,3,0,0,1,0,0,0,1,1,0,6,1,0,2,0,0,0,1,1,0,1,0,0,0,0,0,3,0,1,0,0,2,0,0,0,2,0,0,0,1,0,0,1,0,0,0,0,1,0,0,0,0,0,0,4,0,1,0,2,0,0,0,0,0,0,0,0,0,0,0,0,1,0,0,0,0,0
parvus_tua_res_agitur_I.txt_chunk1,parvus,1,0,0,0,10,0,2,2,1,38,2,0,0,1,0,0,1,0,0,2,2,0,0,0,1,2,0,2,1,1,0,1,1,3,0,1,2,0,4,1,0,1,5,1,32,2,9,0,3,6,7,0,9,0,1,2,2,0,1,0,2,4,0,0,0,0,0,0,1,2,0,0,0,11,3,0,22,0,0,0,3,0,0,0,0,13,1,5,1,0,0,0,0,0,8,1,12,0,2,0,1,2,6,2,2,2,6,0,0,0,3,0,3,0,3,1,0,0,2,1,4,0,0,1,1,2,3,1,6,2,1,2,0,0,3,1,16,2,0,4,0,4,4,1,4,1,0,0,2,0,1,0,0,0,0,1,2,2,2,0,0,1,1,0,1,0,0,1,0,0,0,0,0,0,1,1,2,1,1,0,0,0,1,0,0,0,0,0,2,0,0,0,1,1,0,3,2,0,0,0,1,0,3,0,0,0,0,0,1,0,0,1,0,1,1,0,0,0,0,0,0,0,1,0,2,1,1,2,0,0,0,0,0,3,2,2,0,0,1,1,0,0,0,1,0,2,0,0,0,0,2,1,1,2,1,0,0,0,1,0,0,2,0,0,0,1,0,0,0,0,1,0,0,0,0,1,1,3,0,2,0,2,1,0,0,0,0,2,1,0,0,0,0,0,1,0,0,0,0,0
parvus_tua_res_agitur_I.txt_chunk2,parvus,0,1.3440860215053765,0,0,6.720430107526882,1.3440860215053765,0,4.032258064516129,4.032258064516129,24.193548387096772,1.3440860215053765,0,0,2.688172043010753,0,2.688172043010753,2.688172043010753,1.3440860215053765,1.3440860215053765,1.3440860215053765,0,0,0,0,0,4.032258064516129,0,1.3440860215053765,0,2.688172043010753,2.688172043010753,1.3440860215053765,0,2.688172043010753,1.3440860215053765,2.688172043010753,4.032258064516129,0,2.688172043010753,1.3440860215053765,2.688172043010753,0,10.752688172043012,0,29.56989247311828,2.688172043010753,4.032258064516129,0,0,0,2.688172043010753,0,8.064516129032258,0,4.032258064516129,0,0,0,2.688172043010753,0,1.3440860215053765,0,0,0,0,0,0,0,2.688172043010753,4.032258064516129,0,2.688172043010753,0,6.720430107526882,1.3440860215053765,0,8.064516129032258,0,0,0,1.3440860215053765,0,0,0,0,9.408602150537634,0,9.408602150537634,1.3440860215053765,0,0,0,0,0,2.688172043010753,12.096774193548386,2.688172043010753,0,2.688172043010753,1.3440860215053765,0,0,0,1.3440860215053765,2.688172043010753,1.3440860215053765,12.096774193548386,0,2.688172043010753,1.3440860215053765,4.032258064516129,2.688172043010753,0,1.3440860215053765,1.3440860215053765,1.3440860215053765,1.3440860215053765,0,0,0,4.032258064516129,0,0,0,1.3440860215053765,6.720430107526882,1.3440860215053765,0,4.032258064516129,0,0,0,0,1.3440860215053765,2.688172043010753,0,10.752688172043012,4.032258064516129,0,2.688172043010753,1.3440860215053765,10.752688172043012,4.032258064516129,0,0,0,0,0,0,0,2.688172043010753,0,0,0,0,0,4.032258064516129,0,0,0,0,1.3440860215053765,2.688172043010753,0,2.688172043010753,0,1.3440860215053765,0,1.3440860215053765,0,0,1.3440860215053765,1.3440860215053765,4.032258064516129,0,2.688172043010753,0,5.376344086021506,0,0,0,1.3440860215053765,4.032258064516129,0,0,1.3440860215053765,0,0,0,1.3440860215053765,0,0,1.3440860215053765,0,1.3440860215053765,2.688172043010753,2.688172043010753,1.3440860215053765,1.3440860215053765,1.3440860215053765,0,0,9.408602150537634,0,1.3440860215053765,0,0,2.688172043010753,1.3440860215053765,1.3440860215053765,1.3440860215053765,0,0,0,0,2.688172043010753,0,0,0,0,1.3440860215053765,0,1.3440860215053765,4.032258064516129,0,0,5.376344086021506,0,0,0,2.688172043010753,0,0,1.3440860215053765,1.3440860215053765,0,1.3440860215053765,0,0,0,0,1.3440860215053765,0,2.688172043010753,0,0,1.3440860215053765,0,0,0,0,0,0,2.688172043010753,2.688172043010753,0,1.3440860215053765,0,1.3440860215053765,0,1.3440860215053765,1.3440860215053765,0,0,1.3440860215053765,0,0,0,0,1.3440860215053765,0,0,0,0,6.720430107526882,0,0,0,0,1.3440860215053765,0,1.3440860215053765,1.3440860215053765,0,0,0,0,2.688172043010753,0,1.3440860215053765,1.3440860215053765,2.688172043010753,1.3440860215053765,0,10.752688172043012,0,0,2.688172043010753,0,0
parvus_v_chem_my_rashodimsya_otvet_leninu.txt_chunk2,parvus,6,1,4,0,5,0,3,2,1,35,0,0,0,2,1,0,6,1,4,0,3,0,0,0,1,0,0,8,0,0,0,2,0,9,3,1,5,1,2,8,2,0,3,0,29,0,4,1,1,7,3,0,6,2,2,0,0,0,1,0,0,1,0,1,2,0,1,0,0,2,0,0,0,3,0,2,24,3,0,2,1,0,0,4,1,12,1,0,2,0,0,1,0,0,11,4,5,0,6,0,0,3,2,2,4,0,7,1,2,1,0,0,0,1,0,1,2,1,0,0,3,2,0,2,6,8,4,0,2,2,2,0,1,2,3,0,16,6,1,0,1,7,5,1,4,0,1,6,0,1,1,0,0,2,0,0,0,0,0,2,0,0,7,1,0,1,0,0,0,0,0,0,0,2,1,1,1,0,0,0,0,0,1,0,0,0,1,0,0,0,0,1,2,0,0,0,10,0,1,0,0,0,3,0,0,0,1,0,4,2,2,0,0,3,0,0,0,1,1,0,2,0,0,0,1,1,0,1,0,1,1,1,0,2,0,0,1,1,0,0,0,1,0,0,0,0,0,1,0,0,0,1,0,13,6,1,0,0,0,1,12,0,0,0,1,1,0,1,0,0,1,0,2,0,1,0,0,1,0,7,0,5,0,0,0,0,1,0,1,2,0,1,1,1,0,0,2,1,0,0
parvus_v_chem_my_rashodimsya_otvet_leninu.txt_chunk5,parvus,9,0,4,2,14,2,0,2,0,35,2,1,0,3,0,1,2,0,1,1,0,1,0,1,2,0,0,4,0,0,0,3,0,3,1,1,6,0,2,6,1,0,4,0,24,1,1,5,1,6,5,0,10,1,3,0,2,0,0,0,2,0,1,0,1,0,0,0,2,3,2,0,1,19,0,0,19,1,1,2,3,1,0,0,0,12,1,1,0,0,0,0,0,0,8,2,4,1,2,0,1,1,5,0,3,1,10,1,0,0,3,0,1,0,4,1,0,0,0,1,3,1,0,0,1,3,4,1,5,2,1,0,1,3,3,0,12,2,1,1,1,5,2,0,1,0,0,2,1,0,0,0,0,1,0,0,2,0,0,0,0,1,0,4,4,2,0,0,0,1,0,1,1,1,0,0,2,1,0,0,0,1,0,1,0,0,0,1,0,0,1,1,1,1,0,1,3,0,1,0,1,0,1,0,0,0,1,0,0,2,5,1,0,5,0,1,0,0,1,0,11,2,1,0,0,1,0,0,1,0,5,1,0,1,0,0,3,0,0,0,0,0,0,1,0,0,0,0,0,0,1,2,0,13,2,1,0,0,0,0,5,0,1,0,0,1,0,0,1,1,0,0,1,0,0,0,3,2,1,5,0,1,0,0,0,1,0,1,1,0,0,6,1,7,0,0,5,1,0,0
parvus_v_chem_my_rashodimsya_otvet_leninu.txt_chunk9,parvus,6.191950464396285,1.0319917440660473,4.127966976264189,0,2.0639834881320946,0,0,2.0639834881320946,0,23.735810113519094,1.0319917440660473,0,0,3.0959752321981426,0,0,7.223942208462332,2.0639834881320946,2.0639834881320946,0,0,0,1.0319917440660473,0,0,1.0319917440660473,0,2.0639834881320946,2.0639834881320946,0,0,0,0,13.415892672858616,1.0319917440660473,1.0319917440660473,1.0319917440660473,2.0639834881320946,4.127966976264189,3.0959752321981426,2.0639834881320946,0,3.0959752321981426,0,47.47162022703819,0,3.0959752321981426,1.0319917440660473,3.0959752321981426,2.0639834881320946,2.0639834881320946,0,8.255933952528379,1.0319917440660473,0,0,3.0959752321981426,0,0,0,2.0639834881320946,0,0,2.0639834881320946,0,4.127966976264189,0,0,0,1.0319917440660473,1.0319917440660473,0,1.0319917440660473,19.607843137254903,0,0,21.671826625387,0,0,2.0639834881320946,2.0639834881320946,0,2.0639834881320946,1.0319917440660473,1.0319917440660473,7.223942208462332,0,0,0,0,1.0319917440660473,1.0319917440660473,0,0,14.447884416924664,4.127966976264189,2.0639834881320946,4.127966976264189,11.351909184726523,0,0,2.0639834881320946,4.127966976264189,1.0319917440660473,2.0639834881320946,3.0959752321981426,9.287925696594426,0,0,0,0,1.0319917440660473,1.0319917440660473,2.0639834881320946,2.0639834881320946,0,3.0959752321981426,0,0,1.0319917440660473,2.0639834881320946,1.0319917440660473,0,0,0,4.127966976264189,2.0639834881320946,1.0319917440660473,4.127966976264189,2.0639834881320946,0,0,0,1.0319917440660473,3.0959752321981426,0,9.287925696594426,5.159958720330238,2.0639834881320946,1.0319917440660473,2.0639834881320946,4.127966976264189,2.0639834881320946,0,1.0319917440660473,0,0,3.0959752321981426,1.0319917440660473,0,0,1.0319917440660473,1.0319917440660473,0,0,0,0,0,0,0,1.0319917440660473,0,0,2.0639834881320946,1.0319917440660473,0,1.0319917440660473,0,0,0,0,0,0,1.0319917440660473,1.0319917440660473,0,2.0639834881320946,4.127966976264189,0,1.0319917440660473,0,1.0319917440660473,2.0639834881320946,1.0319917440660473,0,1.0319917440660473,0,1.0319917440660473,0,1.0319917440660473,0,0,4.127966976264189,0,0,1.0319917440660473,0,1.0319917440660473,1.0319917440660473,4.127966976264189,4.127966976264189,0,5.159958720330238,0,0,0,1.0319917440660473,4.127966976264189,2.0639834881320946,1.0319917440660473,4.127966976264189,0,0,0,0,0,0,1.0319917440660473,2.0639834881320946,1.0319917440660473,6.191950464396285,3.0959752321981426,0,0,1.0319917440660473,1.0319917440660473,1.0319917440660473,0,0,1.0319917440660473,0,1.0319917440660473,0,0,1.0319917440660473,1.0319917440660473,0,0,0,0,0,3.0959752321981426,0,1.0319917440660473,0,1.0319917440660473,0,1.0319917440660473,1.0319917440660473,1.0319917440660473,0,0,5.159958720330238,1.0319917440660473,0,0,3.0959752321981426,0,0,0,0,0,0,1.0319917440660473,0,2.0639834881320946,0,0,0,7.223942208462332,3.0959752321981426,0,0,2.0639834881320946,0,1.0319917440660473,0,0,0,4.127966976264189,0,0,1.0319917440660473,0,0,2.0639834881320946,3.0959752321981426,0,1.0319917440660473,1.0319917440660473,0,1.0319917440660473,2.0639834881320946,7.223942208462332,0,1.0319917440660473,2.0639834881320946,1.0319917440660473,0,0
parvus_virIII_9_mes_voyny_I.txt_chunk1,parvus,0,2,1,0,8,5,0,3,0,30,2,0,0,2,1,1,1,0,1,0,0,0,0,0,0,1,0,1,0,0,0,0,0,1,7,2,2,1,3,5,0,0,3,0,20,0,2,1,0,3,8,0,3,0,3,0,0,1,1,0,0,0,0,0,0,0,0,0,0,2,1,1,0,14,0,0,5,1,0,0,1,1,0,0,0,9,1,3,1,0,0,1,0,0,0,5,2,0,6,1,2,1,1,2,10,0,12,0,2,1,2,1,1,4,1,0,0,0,0,2,3,0,0,0,5,0,2,0,2,2,2,0,0,2,2,0,12,3,0,1,2,7,0,0,0,0,3,1,1,0,1,1,0,1,0,2,1,1,0,0,0,3,1,0,1,0,0,1,0,1,2,0,2,1,0,0,1,0,0,0,0,0,0,1,0,0,1,0,0,0,3,0,1,0,2,2,6,0,0,0,0,1,0,0,5,0,1,0,0,1,0,1,3,4,0,0,0,0,0,0,1,0,22,5,4,1,0,6,1,0,3,2,0,1,1,0,0,0,1,0,0,1,0,0,0,1,0,1,0,2,2,1,0,0,0,0,0,0,1,1,0,0,0,0,1,1,0,2,2,0,1,1,1,0,3,0,0,3,0,1,0,3,0,0,8,0,0,1,4,0,2,0,0,0,4,0,0,0,0,0
parvus_virIII_9_mes_voyny_I.txt_chunk2,parvus,5,1,3,0,2,4,0,1,1,24,2,0,0,0,0,2,8,0,1,0,0,0,0,1,0,1,0,3,0,0,1,0,1,1,5,1,6,0,6,5,0,0,3,0,26,0,4,3,0,4,5,0,7,0,2,2,0,0,1,0,0,0,0,0,1,0,0,0,0,2,2,0,0,24,0,0,9,0,0,1,0,0,0,0,0,7,0,0,0,1,1,0,0,1,2,3,0,0,8,0,5,0,1,2,4,0,12,0,1,0,1,0,0,0,2,0,0,1,1,0,2,1,1,0,2,14,1,0,7,0,0,0,1,1,1,0,16,3,3,1,1,5,2,0,0,0,1,0,1,0,3,1,0,0,0,0,1,0,0,0,0,2,0,0,1,0,0,0,1,0,0,0,0,5,0,1,3,3,0,0,0,0,0,1,0,0,0,2,0,0,2,0,0,0,1,1,1,0,0,0,0,0,0,0,3,0,0,0,0,0,0,0,1,2,0,1,0,1,1,0,0,0,7,2,2,2,1,2,0,0,3,0,0,2,0,0,0,0,0,0,1,0,0,0,0,0,1,2,2,1,1,3,0,0,0,0,0,0,0,0,0,0,1,0,0,0,0,0,1,0,2,0,1,0,1,0,0,2,0,0,0,5,1,0,1,0,0,1,0,0,1,0,0,0,1,0,0,0,0,0
parvus_virIII_9_mes_voyny_I.txt_chunk3,parvus,5,1,8,3,5,0,0,0,1,25,3,0,0,0,1,1,6,0,3,3,0,0,0,2,0,2,0,2,1,1,0,1,1,3,6,1,3,0,4,6,0,0,4,0,34,0,3,0,2,2,11,0,4,0,0,5,0,0,2,0,0,0,0,1,1,0,0,0,0,3,6,0,0,17,0,0,16,0,1,0,0,0,0,0,0,6,0,1,1,1,0,1,0,0,3,6,2,0,7,0,1,2,7,0,8,1,8,0,1,2,2,0,0,0,1,0,0,0,0,0,2,0,0,0,6,4,1,0,8,0,3,0,1,4,4,0,9,4,0,0,1,12,2,0,4,0,1,0,0,0,7,0,0,1,0,1,1,0,0,2,0,1,0,0,2,0,0,0,0,0,0,0,1,4,0,0,7,0,0,0,0,0,0,0,0,0,0,0,0,0,2,0,0,0,3,1,0,0,0,0,0,1,0,0,1,0,2,0,0,1,0,0,2,1,0,0,0,0,0,0,0,0,2,1,2,1,2,1,0,0,5,1,0,1,0,0,2,0,0,0,0,0,0,2,0,3,0,0,1,2,5,1,0,0,0,1,1,0,2,0,0,0,1,3,1,0,0,0,1,0,0,1,2,0,0,0,0,4,0,1,0,4,0,0,6,0,0,0,0,0,1,0,0,0,0,0,0,0,0,0
parvus_virIII_9_mes_voyny_I.txt_chunk4,parvus,6.493506493506494,1.0822510822510822,7.575757575757576,3.246753246753247,3.246753246753247,1.0822510822510822,1.0822510822510822,2.1645021645021645,0,23.809523809523807,1.0822510822510822,2.1645021645021645,0,2.1645021645021645,0,1.0822510822510822,1.0822510822510822,0,1.0822510822510822,2.1645021645021645,1.0822510822510822,1.0822510822510822,0,1.0822510822510822,0,1.0822510822510822,0,5.411255411255411,0,3.246753246753247,0,0,0,4.329004329004329,6.493506493506494,0,1.0822510822510822,0,6.493506493506494,2.1645021645021645,0,0,5.411255411255411,0,28.13852813852814,0,3.246753246753247,1.0822510822510822,4.329004329004329,1.0822510822510822,17.316017316017316,0,4.329004329004329,0,2.1645021645021645,1.0822510822510822,1.0822510822510822,0,3.246753246753247,1.0822510822510822,0,0,0,0,0,0,0,0,2.1645021645021645,1.0822510822510822,1.0822510822510822,0,0,11.904761904761903,0,0,12.987012987012989,1.0822510822510822,0,1.0822510822510822,0,2.1645021645021645,0,4.329004329004329,1.0822510822510822,5.411255411255411,1.0822510822510822,5.411255411255411,0,0,0,0,0,0,4.329004329004329,5.411255411255411,5.411255411255411,0,2.1645021645021645,0,1.0822510822510822,3.246753246753247,7.575757575757576,1.0822510822510822,3.246753246753247,3.246753246753247,7.575757575757576,0,0,1.0822510822510822,1.0822510822510822,2.1645021645021645,0,0,0,2.1645021645021645,2.1645021645021645,0,0,1.0822510822510822,0,0,0,0,1.0822510822510822,3.246753246753247,0,0,5.411255411255411,3.246753246753247,0,0,1.0822510822510822,1.0822510822510822,2.1645021645021645,0,4.329004329004329,7.575757575757576,1.0822510822510822,1.0822510822510822,1.0822510822510822,8.658008658008658,1.0822510822510822,1.0822510822510822,0,1.0822510822510822,0,0,2.1645021645021645,0,4.329004329004329,1.0822510822510822,1.0822510822510822,1.0822510822510822,1.0822510822510822,0,2.1645021645021645,0,0,0,0,1.0822510822510822,0,0,1.0822510822510822,0,0,0,0,0,0,0,0,5.411255411255411,0,2.1645021645021645,0,1.0822510822510822,0,0,2.1645021645021645,0,0,0,0,0,1.0822510822510822,0,0,0,1.0822510822510822,0,0,0,1.0822510822510822,1.0822510822510822,0,0,0,0,1.0822510822510822,2.1645021645021645,0,0,1.0822510822510822,0,1.0822510822510822,0,0,0,0,0,1.0822510822510822,3.246753246753247,0,0,0,0,0,0,0,0,10.822510822510822,2.1645021645021645,2.1645021645021645,2.1645021645021645,2.1645021645021645,1.0822510822510822,0,0,4.329004329004329,2.1645021645021645,0,0,0,0,0,0,0,2.1645021645021645,1.0822510822510822,0,0,0,0,0,0,1.0822510822510822,0,2.1645021645021645,1.0822510822510822,0,0,1.0822510822510822,0,0,0,0,0,1.0822510822510822,0,1.0822510822510822,1.0822510822510822,0,3.246753246753247,1.0822510822510822,0,1.0822510822510822,1.0822510822510822,0,4.329004329004329,2.1645021645021645,0,0,0,0,0,0,0,0,0,1.0822510822510822,0,0,4.329004329004329,0,0,1.0822510822510822,1.0822510822510822,0,3.246753246753247,0,0,0,0,0,0,0,0,0
parvus_virII_padenie_samoderzhaviya_I.txt_chunk1,parvus,4,1,0,0,9,2,0,4,3,32,0,1,0,2,0,1,7,1,2,3,0,0,0,0,0,1,0,3,0,1,0,0,0,5,7,1,2,0,3,2,0,0,6,0,43,1,2,1,1,2,7,1,2,1,1,1,2,2,2,0,0,0,0,1,1,0,0,0,0,2,1,0,0,12,1,1,14,0,0,0,1,0,1,0,0,8,1,1,1,0,0,0,0,1,1,4,0,1,4,1,0,1,6,1,1,0,8,0,5,0,1,1,1,2,1,3,5,0,4,0,5,1,0,0,1,3,3,0,7,0,1,1,1,1,1,0,7,3,1,0,2,1,0,3,2,0,1,0,1,0,1,1,1,0,0,1,0,1,0,1,2,13,0,1,2,0,0,1,0,0,0,1,0,5,0,2,1,0,0,0,0,0,0,0,0,0,1,0,0,2,2,0,0,0,1,0,4,0,0,2,1,1,0,2,1,0,1,0,0,0,0,0,1,4,0,1,0,0,0,0,0,1,3,0,0,0,3,1,2,0,2,0,0,1,0,1,0,0,0,1,0,0,1,0,0,0,0,0,1,1,0,2,0,0,0,0,0,0,1,0,0,0,0,0,1,0,1,0,0,0,0,0,0,0,0,1,0,5,0,1,0,4,1,0,3,1,0,0,4,2,0,0,0,0,0,0,0,0,0,0
parvus_virII_padenie_samoderzhaviya_I.txt_chunk2,parvus,5,0,0,0,13,1,2,5,2,36,1,1,0,1,0,0,2,0,0,1,1,0,0,1,2,0,0,4,0,0,1,0,0,4,1,1,2,0,3,5,0,1,4,1,31,1,3,0,0,1,6,0,5,0,0,1,1,0,0,0,0,0,0,0,8,0,0,0,0,3,0,0,0,21,2,0,18,1,1,0,0,0,0,0,0,5,0,5,0,0,0,0,0,0,2,2,0,0,7,1,2,2,7,1,3,0,9,1,0,0,1,1,0,4,1,1,1,0,5,4,2,1,0,0,0,4,2,0,4,5,3,0,0,2,2,0,10,7,2,1,1,5,1,3,0,0,0,1,2,0,1,0,0,0,0,0,1,0,0,0,0,0,0,1,1,1,0,0,0,1,0,0,0,2,0,0,2,1,0,0,0,0,0,1,0,0,0,0,0,1,0,0,0,0,0,3,1,0,0,0,0,5,0,0,1,0,0,0,0,1,0,0,0,4,0,0,0,0,0,0,0,0,7,3,3,1,2,3,2,2,3,2,0,0,0,2,0,1,0,0,3,0,0,2,0,1,0,0,2,0,1,0,0,0,0,0,0,0,0,1,0,0,0,0,0,1,0,0,0,0,0,0,1,0,0,0,0,4,0,0,0,1,0,0,2,1,0,1,1,0,0,0,0,0,0,0,0,0,0,0
parvus_virII_padenie_samoderzhaviya_I.txt_chunk3,parvus,9,0,4,0,0,0,3,2,1,50,1,2,0,1,0,6,3,1,2,1,0,0,0,0,1,2,0,3,0,0,0,1,0,1,4,0,2,0,4,6,0,1,4,0,31,0,3,1,1,3,3,0,3,0,2,1,1,1,3,1,0,1,0,0,4,0,0,2,0,5,2,1,0,11,0,0,19,1,1,0,0,0,0,1,0,7,0,4,0,0,0,1,1,0,2,3,4,0,2,0,0,2,4,0,7,1,11,0,1,0,2,1,0,1,0,3,2,0,2,2,2,2,0,0,0,4,2,0,9,2,0,0,0,4,1,1,15,1,0,1,1,5,0,0,2,0,0,0,2,4,0,0,1,0,0,0,2,0,0,0,0,0,0,0,0,0,0,0,0,0,0,0,1,3,1,1,1,3,0,0,1,0,0,1,0,0,0,1,0,1,0,2,0,0,1,1,0,0,0,0,0,2,0,1,1,0,1,1,0,0,1,0,0,6,0,0,1,0,2,0,0,0,5,1,1,0,1,1,1,0,1,1,0,0,1,3,0,0,0,0,2,0,0,1,0,1,1,0,2,2,0,0,0,1,3,1,0,0,0,0,0,0,0,0,0,0,1,0,0,0,0,1,0,0,0,1,0,1,0,0,0,0,0,0,1,0,0,1,0,1,0,0,0,0,0,0,0,0,0,0
parvus_virII_padenie_samoderzhaviya_I.txt_chunk5,parvus,6,1,0,0,0,0,2,6,1,33,4,0,0,2,0,3,2,0,0,0,1,0,0,1,0,1,0,9,0,0,0,0,0,3,1,2,2,0,4,2,0,0,1,0,35,0,2,0,0,0,6,1,7,0,2,0,0,1,1,0,0,2,0,0,4,0,0,0,1,1,0,0,0,14,1,0,13,1,0,0,0,0,1,0,0,8,0,1,0,0,0,0,0,0,1,7,1,0,5,0,3,2,3,0,4,0,8,0,0,1,0,0,0,0,2,2,0,0,0,0,3,2,0,0,0,3,3,0,6,0,2,0,0,1,1,0,11,2,0,0,0,4,0,0,1,0,0,0,1,1,1,0,1,1,0,0,0,0,0,1,0,4,4,0,1,0,2,0,0,0,0,0,1,2,2,0,1,1,0,0,0,0,0,0,0,1,1,0,0,0,1,0,0,0,0,0,1,0,0,6,0,2,0,0,0,0,1,0,1,0,0,1,0,1,0,0,0,1,0,0,1,0,8,2,3,1,2,1,3,0,2,0,0,0,0,0,1,0,0,0,0,0,0,0,0,0,0,2,0,1,1,0,0,0,0,1,0,1,0,0,0,0,0,0,0,1,0,1,0,0,0,0,2,2,1,0,0,1,0,0,0,1,0,0,9,0,0,1,4,0,2,1,0,2,0,1,0,0,0,0
parvus_virIV_samoderzh_i_reformy_I.txt_chunk1,parvus,6,4,3,1,10,0,1,3,2,26,2,1,0,1,0,1,7,0,1,2,0,0,0,1,0,0,0,7,0,1,3,1,0,4,2,4,4,1,3,3,2,0,2,0,30,1,0,1,1,1,5,0,1,0,3,1,0,0,1,0,0,0,0,0,0,0,0,0,1,7,2,0,0,18,2,0,26,0,0,1,1,0,0,1,1,11,5,2,2,3,1,2,0,0,0,0,3,0,3,1,0,3,9,2,0,0,9,0,0,0,3,1,1,1,2,3,1,0,0,0,3,0,1,0,4,6,2,0,5,1,0,0,1,1,1,0,14,6,1,1,1,5,2,2,2,0,0,0,0,0,4,5,0,4,1,0,0,0,0,0,1,30,3,2,3,1,3,0,0,0,0,0,2,3,0,0,0,0,0,0,0,0,0,0,0,0,2,0,0,0,2,0,0,0,1,2,1,0,0,1,0,2,0,0,1,0,0,0,1,1,0,0,3,3,0,1,1,0,0,0,0,1,0,1,1,0,2,2,2,0,1,2,0,0,0,0,0,0,0,0,0,0,0,2,0,1,0,2,0,1,1,0,0,0,0,0,0,0,0,0,0,0,0,0,0,0,0,0,2,0,1,0,1,0,0,1,0,14,0,6,3,3,0,0,1,0,0,0,2,0,1,0,0,1,0,0,0,0,0,0
parvus_virIV_samoderzh_i_reformy_I.txt_chunk2,parvus,8,2,5,1,22,1,3,4,1,23,1,0,0,1,0,0,5,0,1,2,1,0,0,1,0,0,0,3,5,1,2,0,0,6,3,4,4,0,4,4,0,0,2,0,32,0,2,0,0,5,7,0,2,0,2,0,1,1,1,0,0,1,0,0,1,0,0,0,0,4,0,0,0,17,0,0,14,1,2,0,1,0,0,0,0,8,0,0,0,0,0,0,1,0,6,1,2,2,2,0,1,2,3,5,6,0,5,0,0,1,4,0,0,0,0,0,2,0,1,0,2,1,0,0,7,2,2,1,7,2,1,0,2,1,4,0,9,4,0,1,2,3,8,1,1,0,0,0,3,0,4,1,2,1,0,1,0,0,0,0,0,11,1,1,2,0,3,1,0,0,1,0,2,2,1,1,5,0,0,0,0,0,0,0,0,2,1,0,0,0,1,0,0,0,1,0,1,1,0,3,2,2,0,0,2,0,2,0,1,0,0,0,1,1,0,0,0,0,1,0,0,2,9,0,0,2,6,4,8,0,1,1,0,4,0,0,0,0,0,1,0,0,1,1,0,0,0,0,0,1,0,3,0,2,0,1,3,0,0,1,0,0,1,0,0,0,0,0,0,1,1,0,0,0,0,0,3,13,0,10,5,5,0,0,3,0,0,2,2,0,2,0,0,1,0,0,0,0,0,0
parvus_virIV_samoderzh_i_reformy_I.txt_chunk3,parvus,9,1,1,1,7,0,0,3,0,21,0,0,0,2,1,0,6,0,1,1,0,0,0,2,3,0,0,1,1,0,0,1,0,3,3,1,5,0,5,2,1,0,7,0,31,0,3,1,2,6,7,0,5,2,0,0,3,0,5,0,1,0,0,0,1,0,0,0,0,0,2,0,2,14,0,0,10,1,3,1,1,2,0,2,0,7,0,2,0,4,0,0,0,0,2,7,3,0,3,0,0,1,5,3,5,0,7,0,1,1,0,3,0,1,1,3,1,0,1,3,1,1,5,0,2,2,0,1,3,1,1,2,1,0,1,0,10,2,3,1,0,6,1,0,0,0,0,1,0,1,1,0,0,0,0,0,3,0,1,0,0,3,2,0,0,0,1,0,0,0,0,2,1,2,0,2,2,0,0,0,0,0,1,0,0,0,2,0,1,0,0,0,1,0,0,1,7,0,0,7,1,2,1,1,0,0,0,1,1,2,1,1,1,0,0,0,1,0,0,0,3,1,7,0,0,0,1,0,1,0,0,0,0,1,1,3,0,0,0,0,0,0,0,0,0,0,0,0,2,1,0,2,0,2,0,0,1,2,0,0,2,0,1,0,1,0,0,0,0,1,1,0,0,0,0,1,0,5,0,4,0,3,0,0,5,1,0,3,3,3,4,0,0,0,0,0,0,0,0,0
parvus_virI_kapitalizm_i_voyna_I.txt_chunk2,parvus,5,0,0,0,2,1,1,2,0,27,2,2,0,1,0,1,4,0,1,1,2,0,0,0,0,0,0,3,0,0,0,0,1,2,7,2,0,0,4,3,0,0,4,0,49,0,3,0,0,4,7,0,4,0,1,0,2,0,1,0,0,0,0,0,2,0,0,0,0,1,1,0,0,22,0,0,8,1,0,0,0,0,0,0,0,10,0,1,0,2,0,0,0,0,9,1,5,0,2,1,0,2,7,1,3,0,8,0,1,1,0,1,1,0,0,1,1,0,1,0,2,1,2,1,1,7,1,0,1,1,0,0,0,2,2,0,11,3,1,2,0,2,1,0,1,0,0,1,2,0,4,1,0,1,0,0,0,0,0,0,0,2,5,0,0,0,1,0,0,0,0,0,1,3,0,0,1,1,0,0,0,0,1,0,0,0,1,0,2,0,0,0,0,0,2,0,1,0,0,2,0,1,1,0,0,0,0,1,0,0,0,0,1,2,0,0,0,1,0,0,1,0,1,0,0,1,3,0,3,1,0,0,1,2,0,0,0,0,1,1,0,0,0,0,0,0,1,0,0,0,0,2,0,1,0,1,0,0,0,1,0,0,0,0,0,0,0,0,0,0,1,0,1,1,0,0,0,1,0,0,0,1,1,0,1,0,0,2,0,0,0,0,0,0,0,0,0,0,0,0
parvus_virI_kapitalizm_i_voyna_I.txt_chunk5,parvus,0,0,3.571428571428571,0,14.285714285714285,3.571428571428571,0,3.571428571428571,3.571428571428571,53.57142857142857,3.571428571428571,7.142857142857142,0,3.571428571428571,0,7.142857142857142,3.571428571428571,0,7.142857142857142,0,0,0,0,0,0,0,0,7.142857142857142,0,0,0,0,0,0,3.571428571428571,0,0,0,7.142857142857142,10.714285714285714,0,0,14.285714285714285,0,32.14285714285714,0,10.714285714285714,0,0,0,10.714285714285714,0,0,0,0,0,0,0,0,3.571428571428571,0,0,0,0,0,0,0,0,0,3.571428571428571,0,0,0,10.714285714285714,3.571428571428571,0,0,0,0,0,0,0,0,0,0,0,0,7.142857142857142,3.571428571428571,0,0,3.571428571428571,0,0,0,7.142857142857142,0,0,3.571428571428571,0,3.571428571428571,0,0,0,3.571428571428571,0,14.285714285714285,0,0,0,3.571428571428571,10.714285714285714,0,0,0,3.571428571428571,0,0,0,3.571428571428571,0,14.285714285714285,0,0,0,7.142857142857142,0,0,3.571428571428571,0,0,0,7.142857142857142,0,0,0,7.142857142857142,0,0,0,0,3.571428571428571,3.571428571428571,0,3.571428571428571,0,0,0,3.571428571428571,0,7.142857142857142,0,0,0,0,3.571428571428571,0,0,0,7.142857142857142,0,0,0,3.571428571428571,0,0,0,0,0,0,0,0,0,7.142857142857142,0,0,3.571428571428571,0,0,0,0,0,0,3.571428571428571,0,0,0,0,0,0,0,0,0,0,3.571428571428571,0,0,0,0,0,0,0,0,0,0,0,0,3.571428571428571,0,0,0,0,0,0,0,0,0,0,0,0,0,0,14.285714285714285,3.571428571428571,0,3.571428571428571,0,0,3.571428571428571,0,7.142857142857142,0,0,3.571428571428571,0,0,0,0,0,0,0,0,0,0,0,0,3.571428571428571,0,0,0,0,0,0,3.571428571428571,0,0,0,0,0,0,0,0,0,0,0,3.571428571428571,0,0,0,0,0,0,0,0,3.571428571428571,0,0,0,0,0,0,3.571428571428571,0,0,0,0,0,0,0,0,3.571428571428571,0,0,0,0,0,0,0,0,0
parvus_vnesh_politika_germanii.txt_chunk1,parvus,5.9171597633136095,0,0,0,4.437869822485207,2.9585798816568047,1.4792899408284024,1.4792899408284024,0,28.106508875739646,0,0,1.4792899408284024,0,0,1.4792899408284024,4.437869822485207,0,0,0,0,0,0,2.9585798816568047,0,0,0,8.875739644970414,0,1.4792899408284024,0,0,0,1.4792899408284024,2.9585798816568047,0,1.4792899408284024,0,0,1.4792899408284024,0,0,5.9171597633136095,0,39.94082840236687,0,5.9171597633136095,0,0,0,7.396449704142012,0,5.9171597633136095,0,4.437869822485207,0,2.9585798816568047,1.4792899408284024,1.4792899408284024,1.4792899408284024,0,1.4792899408284024,0,0,4.437869822485207,0,0,0,0,0,0,0,0,11.834319526627219,1.4792899408284024,0,20.710059171597635,0,0,1.4792899408284024,1.4792899408284024,0,1.4792899408284024,1.4792899408284024,0,8.875739644970414,0,7.396449704142012,1.4792899408284024,2.9585798816568047,0,0,0,0,2.9585798816568047,4.437869822485207,1.4792899408284024,0,4.437869822485207,0,0,0,1.4792899408284024,0,4.437869822485207,0,13.313609467455622,0,0,0,1.4792899408284024,5.9171597633136095,1.4792899408284024,0,1.4792899408284024,2.9585798816568047,0,0,0,0,1.4792899408284024,1.4792899408284024,0,0,2.9585798816568047,4.437869822485207,1.4792899408284024,0,5.9171597633136095,1.4792899408284024,0,1.4792899408284024,0,2.9585798816568047,0,0,10.355029585798817,2.9585798816568047,1.4792899408284024,0,2.9585798816568047,4.437869822485207,0,0,2.9585798816568047,1.4792899408284024,0,0,1.4792899408284024,0,0,1.4792899408284024,0,1.4792899408284024,0,4.437869822485207,1.4792899408284024,0,0,1.4792899408284024,0,1.4792899408284024,1.4792899408284024,0,0,0,0,0,1.4792899408284024,0,1.4792899408284024,0,0,8.875739644970414,0,0,2.9585798816568047,0,0,0,0,0,0,0,0,0,4.437869822485207,0,0,0,0,0,0,0,0,0,0,0,0,0,0,2.9585798816568047,0,1.4792899408284024,0,0,0,0,0,0,0,0,2.9585798816568047,0,0,0,0,1.4792899408284024,0,0,0,0,8.875739644970414,1.4792899408284024,0,0,1.4792899408284024,1.4792899408284024,0,0,4.437869822485207,1.4792899408284024,0,2.9585798816568047,0,1.4792899408284024,0,0,1.4792899408284024,0,0,0,0,1.4792899408284024,0,1.4792899408284024,0,0,1.4792899408284024,7.396449704142012,0,0,0,1.4792899408284024,1.4792899408284024,0,0,0,1.4792899408284024,1.4792899408284024,0,1.4792899408284024,0,1.4792899408284024,0,0,0,0,0,0,0,0,1.4792899408284024,0,4.437869822485207,0,0,5.9171597633136095,0,1.4792899408284024,0,4.437869822485207,0,0,4.437869822485207,0,0,0,0,0,0,0,0,0,1.4792899408284024,0,0,0,0,0
plehanov_beliy_terror_I.txt_chunk1,plehanov,4,1,0,0,1,0,1,1,3,28,0,3,0,2,3,1,3,0,4,0,0,0,0,0,0,0,0,6,0,0,1,2,0,6,1,2,4,0,4,2,0,1,5,0,47,0,4,2,1,2,5,0,7,0,0,1,2,4,0,0,0,0,0,0,0,1,3,0,1,4,0,0,0,13,2,0,11,1,2,0,2,0,1,3,0,7,0,2,0,0,0,0,1,1,6,1,1,0,2,1,0,3,6,5,1,1,6,0,0,1,1,1,0,1,0,1,5,0,0,1,3,1,0,0,1,5,2,1,7,3,1,1,3,1,3,0,20,5,0,1,0,4,3,1,1,1,1,9,0,0,0,0,0,0,2,0,0,0,1,0,0,13,0,1,0,0,0,0,0,0,0,0,0,4,1,0,7,1,0,0,4,0,0,0,1,2,1,0,0,0,0,0,0,0,0,2,0,3,0,1,0,0,0,0,0,0,0,1,0,1,1,0,0,1,0,1,0,0,0,2,2,0,2,0,0,0,0,1,0,0,3,0,0,3,0,0,1,0,0,0,0,0,2,1,1,0,1,0,0,0,0,3,0,7,2,0,0,0,1,0,0,1,0,1,1,0,0,0,0,3,0,0,0,0,0,0,0,3,1,0,0,0,0,0,0,0,0,0,1,0,0,0,1,0,0,0,0,0,0,0
plehanov_beliy_terror_I.txt_chunk2,plehanov,3,1,0,0,6,1,2,2,2,27,1,1,0,2,0,5,2,0,0,1,0,2,0,0,3,1,0,4,0,1,1,4,0,5,1,1,1,1,5,2,2,2,2,0,32,0,1,6,0,2,10,0,5,0,4,0,0,0,1,0,3,0,2,0,0,0,0,0,2,2,2,0,2,17,0,0,11,4,0,1,2,0,0,0,0,3,1,3,0,1,0,3,0,0,1,0,0,1,2,0,2,0,7,3,1,0,10,1,1,1,0,1,0,1,0,0,0,0,1,2,1,0,1,0,0,2,1,0,5,1,1,3,0,4,3,1,20,1,1,1,0,7,2,0,0,2,0,0,1,2,4,1,1,2,0,0,0,0,1,3,0,2,4,1,1,0,0,0,0,1,0,1,1,1,1,2,2,1,0,0,2,2,1,1,0,2,0,0,0,0,0,2,1,0,2,0,2,1,3,0,0,0,1,0,1,0,1,1,0,0,3,3,0,2,0,1,0,1,2,2,3,2,1,0,1,1,2,0,0,1,15,1,1,0,0,0,1,0,0,0,0,1,2,1,0,1,0,1,0,0,0,0,1,10,4,1,0,0,1,0,4,1,2,0,3,0,0,0,1,1,0,0,0,0,0,0,0,1,0,0,0,3,0,0,0,0,0,0,0,2,1,4,0,0,0,0,0,0,0,0
plehanov_cant_vs_kant.txt_chunk5,plehanov,2,0,1,0,9,0,0,1,5,18,1,2,0,1,0,0,3,0,1,1,0,3,1,1,0,0,0,6,0,0,0,0,1,14,3,0,4,4,1,5,0,0,1,0,41,0,5,2,2,7,8,1,7,1,0,2,0,1,2,1,2,0,0,0,0,0,0,1,1,5,1,0,0,11,0,2,16,2,0,2,1,0,0,1,1,6,0,6,2,0,0,1,1,0,15,2,3,0,4,2,4,1,1,1,0,0,6,0,1,0,0,0,0,1,1,2,1,1,0,0,5,1,0,0,4,6,4,0,7,3,1,1,0,4,2,0,18,5,1,6,1,2,2,2,1,1,0,0,0,0,4,0,1,2,0,0,1,0,0,0,0,0,2,1,1,0,0,0,1,2,0,0,2,1,0,3,3,0,13,0,0,0,0,0,0,0,1,2,0,0,0,2,0,0,1,1,2,0,0,0,0,0,1,0,0,0,3,0,0,0,0,0,1,0,0,1,0,1,1,0,0,0,0,0,0,0,0,1,0,4,1,3,0,5,1,0,1,0,0,1,1,1,0,0,0,0,0,0,0,1,2,0,0,6,0,3,0,0,0,1,1,3,0,0,0,2,0,0,2,0,0,0,2,0,2,0,0,0,0,0,0,0,0,0,0,0,1,0,1,0,0,0,1,1,2,0,0,0,2,0
plehanov_cant_vs_kant.txt_chunk8,plehanov,11,0,0,0,5,0,1,0,1,40,3,1,1,1,3,2,2,0,0,0,0,3,0,0,1,1,0,3,0,0,0,0,1,4,1,1,5,0,2,3,0,0,0,0,26,1,7,5,0,3,8,0,9,0,1,0,0,0,1,4,1,0,1,2,1,0,0,1,0,0,0,0,1,9,0,0,23,0,1,0,3,0,1,1,3,7,0,8,3,0,1,0,0,2,6,2,2,0,0,0,3,0,2,1,0,0,4,0,1,2,1,1,0,0,0,0,1,0,0,2,7,4,1,2,2,6,0,1,0,2,1,1,0,4,2,0,17,0,0,0,0,7,2,1,1,0,0,5,0,0,1,1,0,2,1,0,0,0,0,2,0,1,1,0,0,0,0,0,1,0,0,1,0,1,3,1,0,0,24,0,1,0,1,1,0,0,0,1,0,0,0,0,0,0,0,0,2,0,0,1,0,0,3,0,0,0,1,0,0,0,0,0,0,2,0,0,0,0,0,0,0,1,0,0,0,0,0,0,0,2,2,3,0,2,2,2,0,2,2,0,2,0,0,0,1,0,1,0,0,2,0,2,0,12,0,1,0,0,0,0,2,0,0,0,0,0,0,2,0,0,0,0,0,0,0,0,0,0,0,0,0,0,0,0,0,0,0,0,0,0,0,0,0,0,0,0,0,0,1,0
plehanov_gzha_breshkovskaya_I.txt_chunk2,plehanov,3.1914893617021276,1.0638297872340425,0,0,9.574468085106384,4.25531914893617,1.0638297872340425,5.319148936170213,2.127659574468085,24.46808510638298,2.127659574468085,2.127659574468085,0,1.0638297872340425,0,0,2.127659574468085,0,0,0,0,5.319148936170213,0,0,1.0638297872340425,1.0638297872340425,0,3.1914893617021276,1.0638297872340425,2.127659574468085,1.0638297872340425,0,0,5.319148936170213,5.319148936170213,0,8.51063829787234,1.0638297872340425,1.0638297872340425,6.382978723404255,0,0,5.319148936170213,1.0638297872340425,40.42553191489362,0,4.25531914893617,5.319148936170213,0,4.25531914893617,6.382978723404255,0,6.382978723404255,0,2.127659574468085,1.0638297872340425,0,0,2.127659574468085,0,1.0638297872340425,0,1.0638297872340425,0,1.0638297872340425,0,4.25531914893617,2.127659574468085,0,1.0638297872340425,0,0,0,8.51063829787234,0,2.127659574468085,24.46808510638298,0,1.0638297872340425,0,0,1.0638297872340425,0,2.127659574468085,2.127659574468085,4.25531914893617,0,8.51063829787234,0,0,0,0,0,0,0,15.957446808510637,1.0638297872340425,0,2.127659574468085,0,4.25531914893617,0,3.1914893617021276,0,1.0638297872340425,1.0638297872340425,11.702127659574467,0,1.0638297872340425,1.0638297872340425,2.127659574468085,0,2.127659574468085,2.127659574468085,2.127659574468085,1.0638297872340425,0,1.0638297872340425,0,1.0638297872340425,2.127659574468085,0,0,0,2.127659574468085,11.702127659574467,0,1.0638297872340425,3.1914893617021276,5.319148936170213,0,1.0638297872340425,1.0638297872340425,4.25531914893617,2.127659574468085,0,21.27659574468085,1.0638297872340425,3.1914893617021276,2.127659574468085,1.0638297872340425,8.51063829787234,2.127659574468085,2.127659574468085,0,1.0638297872340425,1.0638297872340425,5.319148936170213,1.0638297872340425,1.0638297872340425,1.0638297872340425,0,2.127659574468085,3.1914893617021276,0,0,1.0638297872340425,0,0,0,0,1.0638297872340425,3.1914893617021276,3.1914893617021276,0,0,0,0,0,0,0,1.0638297872340425,0,0,0,0,0,0,14.893617021276597,2.127659574468085,0,1.0638297872340425,0,0,2.127659574468085,2.127659574468085,0,0,2.127659574468085,0,0,0,3.1914893617021276,1.0638297872340425,0,0,1.0638297872340425,2.127659574468085,0,0,0,0,2.127659574468085,0,0,0,6.382978723404255,1.0638297872340425,0,0,0,0,1.0638297872340425,1.0638297872340425,0,0,0,1.0638297872340425,0,0,0,1.0638297872340425,2.127659574468085,0,1.0638297872340425,0,0,1.0638297872340425,0,1.0638297872340425,0,0,2.127659574468085,1.0638297872340425,1.0638297872340425,0,2.127659574468085,0,1.0638297872340425,0,0,0,0,2.127659574468085,0,0,0,0,0,0,1.0638297872340425,0,1.0638297872340425,5.319148936170213,1.0638297872340425,4.25531914893617,0,0,0,1.0638297872340425,1.0638297872340425,0,0,0,6.382978723404255,0,0,2.127659574468085,0,0,0,0,0,0,0,0,0,0,0,0,0,0,0,6.382978723404255,0,0,0,0,0,0,0,1.0638297872340425,0,0,0,0,0,0,0,0
plehanov_k_agrarnomu_voprosu_v_Rossii_NQ.txt_chunk5,plehanov,8,0,1,0,0,4,2,6,2,28,5,2,0,1,1,0,6,0,1,1,0,2,1,1,0,0,0,5,1,1,0,0,0,5,1,0,4,1,0,6,1,0,2,0,26,0,5,1,3,2,12,0,9,0,3,0,0,0,2,1,0,1,1,2,3,0,0,1,0,1,1,0,0,16,0,2,21,0,0,0,0,0,0,0,1,8,1,3,1,1,1,0,0,0,0,2,3,0,3,0,0,0,12,1,1,1,9,0,0,0,1,2,0,6,0,0,2,1,0,1,4,2,1,0,4,7,6,0,4,2,2,0,0,4,4,1,19,5,4,1,0,8,0,4,2,0,1,1,0,0,1,1,0,0,0,2,2,0,2,0,0,0,0,2,0,1,0,0,0,0,0,0,2,2,0,0,4,0,1,0,0,0,0,2,0,0,2,1,0,1,0,2,0,0,1,1,0,0,0,0,1,0,1,0,1,0,1,1,0,0,0,0,0,1,0,0,3,0,1,0,0,1,2,0,1,1,0,0,1,0,1,2,0,1,1,0,0,0,1,0,0,0,0,0,0,2,0,0,0,0,1,1,0,2,1,1,0,0,0,0,0,0,0,1,0,1,0,0,0,0,0,0,1,0,0,0,0,0,0,0,0,1,0,0,0,0,0,0,0,0,0,0,0,2,0,2,0,0,0,0
plehanov_k_agrarnomu_voprosu_v_Rossii_NQ.txt_chunk7,plehanov,7.421150278293135,0,0,0,5.565862708719852,0,1.8552875695732838,3.7105751391465676,1.8552875695732838,20.408163265306122,3.7105751391465676,0,1.8552875695732838,0,0,0,0,0,0,0,3.7105751391465676,0,0,0,0,0,0,1.8552875695732838,0,1.8552875695732838,0,3.7105751391465676,0,7.421150278293135,5.565862708719852,3.7105751391465676,3.7105751391465676,0,0,12.987012987012989,0,0,0,1.8552875695732838,24.118738404452692,0,3.7105751391465676,7.421150278293135,0,3.7105751391465676,11.131725417439704,0,11.131725417439704,1.8552875695732838,0,0,0,0,1.8552875695732838,0,1.8552875695732838,0,0,1.8552875695732838,3.7105751391465676,1.8552875695732838,1.8552875695732838,0,0,3.7105751391465676,1.8552875695732838,3.7105751391465676,1.8552875695732838,24.118738404452692,0,3.7105751391465676,18.55287569573284,0,1.8552875695732838,1.8552875695732838,1.8552875695732838,0,3.7105751391465676,0,0,16.697588126159555,0,1.8552875695732838,0,0,0,0,0,0,25.974025974025977,0,0,0,3.7105751391465676,0,0,0,5.565862708719852,0,3.7105751391465676,0,3.7105751391465676,1.8552875695732838,0,0,5.565862708719852,0,0,0,1.8552875695732838,0,0,1.8552875695732838,1.8552875695732838,0,5.565862708719852,1.8552875695732838,0,0,0,1.8552875695732838,1.8552875695732838,1.8552875695732838,3.7105751391465676,3.7105751391465676,1.8552875695732838,0,1.8552875695732838,3.7105751391465676,0,0,18.55287569573284,0,0,1.8552875695732838,0,12.987012987012989,5.565862708719852,0,1.8552875695732838,0,0,12.987012987012989,0,0,1.8552875695732838,0,0,3.7105751391465676,0,0,3.7105751391465676,0,0,0,0,0,0,1.8552875695732838,0,0,1.8552875695732838,0,0,0,0,1.8552875695732838,0,0,1.8552875695732838,0,0,0,0,0,0,0,0,1.8552875695732838,0,0,1.8552875695732838,0,0,0,0,1.8552875695732838,0,1.8552875695732838,0,1.8552875695732838,0,0,0,0,0,0,0,0,3.7105751391465676,0,1.8552875695732838,0,0,0,0,0,0,3.7105751391465676,0,5.565862708719852,0,0,0,0,3.7105751391465676,0,0,0,0,0,0,3.7105751391465676,0,0,0,0,1.8552875695732838,0,1.8552875695732838,0,0,0,0,0,0,5.565862708719852,1.8552875695732838,1.8552875695732838,0,0,0,0,0,0,0,0,0,7.421150278293135,3.7105751391465676,1.8552875695732838,1.8552875695732838,0,1.8552875695732838,0,0,0,0,0,0,0,0,0,0,0,0,0,0,0,0,0,0,0,0,0,0,0,0,14.84230055658627,0,0,0,0,0,0,0,0,0,0,0,0,0,0,0,0
plehanov_k_voposu_o_zahvate_vlasti_I.txt_chunk2,plehanov,5,1,3,5,8,1,2,1,3,30,4,3,0,1,1,1,3,0,1,1,0,2,2,0,1,0,0,1,5,1,1,8,0,5,3,1,5,0,2,2,0,0,1,0,35,0,3,1,4,3,6,0,7,0,1,2,3,2,1,0,4,0,1,0,0,0,0,0,4,1,0,1,0,6,2,2,14,1,0,4,0,0,0,0,0,12,1,2,1,1,0,1,1,0,2,1,5,1,0,1,6,1,4,0,3,2,12,0,2,1,2,2,0,0,2,1,2,0,0,1,4,1,1,2,1,6,0,1,3,4,0,5,1,1,0,0,17,4,2,1,0,3,2,0,2,1,0,1,0,0,2,0,0,2,0,0,0,0,1,1,0,1,1,1,0,0,0,2,1,1,0,0,0,2,1,0,3,0,2,0,0,0,6,0,0,1,0,0,0,0,0,0,1,0,0,4,1,0,6,0,1,1,0,0,1,0,3,0,0,0,1,1,3,2,0,0,0,0,2,0,1,0,0,0,0,0,0,1,0,1,1,0,0,0,0,0,0,1,2,1,0,0,0,2,1,0,1,0,0,1,1,0,1,6,2,2,0,0,1,0,2,0,1,0,0,0,0,0,0,4,0,0,0,0,1,0,0,1,0,0,0,1,1,0,0,1,0,1,0,0,0,1,3,2,0,1,0,0,8,0
plehanov_krasniy_cyezd_I.txt_chunk1,plehanov,6,0,0,0,3,2,2,2,5,27,0,1,0,0,2,0,2,0,1,1,0,0,0,0,2,0,0,4,0,3,0,2,0,5,3,1,4,0,2,2,0,0,2,0,26,2,4,3,1,4,2,0,6,0,2,1,0,0,2,1,1,1,2,0,2,0,0,0,2,3,0,0,2,13,0,0,14,0,1,1,1,1,0,0,1,5,1,9,1,3,0,0,0,0,2,1,7,0,3,0,7,0,4,0,0,1,10,0,0,0,4,0,1,1,1,1,4,0,0,0,3,1,0,0,4,5,0,1,5,2,1,2,0,3,2,0,15,1,1,4,1,5,0,0,2,1,0,0,3,0,2,1,1,0,0,0,2,0,1,1,0,1,0,0,2,0,0,1,1,1,0,0,3,2,2,1,3,3,9,0,0,1,3,1,0,0,0,0,1,1,0,0,4,0,2,0,2,0,0,0,0,0,13,0,1,4,1,1,1,1,0,0,0,2,1,0,0,0,0,0,0,0,0,0,0,0,0,3,0,0,4,1,0,1,1,2,0,0,0,0,1,0,0,1,1,0,1,0,0,0,0,3,0,4,2,1,0,0,1,1,0,0,0,2,2,0,0,0,1,4,1,0,0,0,0,0,1,0,0,0,0,0,1,1,0,0,4,0,0,0,0,2,1,1,0,0,0,0,0,0
plehanov_logika_rus_terrorizma_I.txt_chunk2,plehanov,6,0,2,0,9,2,1,0,4,24,2,0,0,1,0,4,7,0,0,0,0,1,0,0,1,1,0,8,0,1,0,1,0,1,5,1,6,1,8,6,0,2,3,2,34,0,6,2,2,3,8,0,9,0,1,0,0,0,0,1,1,0,0,2,1,0,0,0,1,2,0,1,2,13,1,0,31,0,0,2,4,1,0,0,0,6,0,5,1,0,0,1,0,0,0,12,3,1,1,0,5,0,6,0,4,0,5,1,0,0,0,0,3,1,1,1,0,0,0,1,2,0,1,0,1,4,5,3,3,6,1,1,1,2,1,0,17,3,1,0,0,8,3,3,0,0,1,1,1,0,0,1,0,1,2,1,2,1,1,0,0,0,1,2,0,0,1,1,1,3,1,0,1,4,1,1,1,0,0,1,1,1,0,5,0,1,0,1,1,1,0,1,0,1,0,0,2,1,2,1,0,0,0,0,0,0,1,2,3,3,5,0,0,2,0,0,0,1,0,0,1,0,0,1,0,0,1,0,0,0,2,1,0,0,2,1,0,0,0,0,0,0,0,5,0,0,2,1,0,0,0,3,0,2,3,1,2,0,1,0,0,0,1,0,1,0,0,0,2,2,0,0,0,0,0,0,0,0,0,1,3,0,0,0,0,0,0,0,0,1,0,1,3,0,0,0,0,0,0,0
plehanov_o_chernoy_sotne.txt_chunk1,plehanov,8,1,1,0,7,3,0,1,2,27,0,0,0,1,1,0,5,3,0,1,0,2,0,0,1,2,0,3,0,0,0,0,0,6,1,2,2,0,1,4,0,0,2,0,36,1,7,2,2,9,8,0,7,0,1,1,0,0,4,2,1,0,0,0,1,0,3,1,0,1,2,2,1,7,0,5,19,1,1,0,2,0,1,4,1,3,0,5,0,0,1,0,3,0,8,3,7,0,7,0,4,0,10,1,2,0,8,0,0,0,2,1,0,1,1,0,2,2,1,4,2,1,0,0,3,7,2,0,2,2,1,4,1,4,0,0,13,3,0,2,2,11,1,0,2,0,0,3,1,0,0,0,0,2,0,3,0,0,2,0,0,3,1,0,0,0,0,0,0,1,0,1,2,3,2,0,2,0,0,1,0,1,0,0,0,0,1,1,0,0,0,0,0,0,0,1,3,0,0,1,1,0,1,1,1,0,1,1,0,0,0,0,0,3,0,0,3,0,0,0,1,0,1,2,0,0,0,2,0,0,2,0,0,1,0,0,0,0,1,0,2,1,1,1,0,1,0,0,2,1,1,2,0,1,2,0,0,0,0,0,1,1,1,1,0,1,0,0,1,0,0,1,1,0,0,0,0,0,0,2,1,0,0,1,0,1,0,0,0,0,0,0,0,0,0,0,0,0,0,0
plehanov_otvet_sionistam_I.txt_chunk2,plehanov,0,0,0,0,76.92307692307693,0,153.84615384615387,0,0,76.92307692307693,0,0,0,0,0,0,0,0,0,0,0,0,0,0,76.92307692307693,0,0,0,0,0,0,0,0,0,0,0,0,0,0,0,0,0,0,0,0,0,0,0,0,0,0,0,0,0,0,0,0,0,0,0,0,0,0,0,0,0,0,0,0,0,0,0,0,0,0,0,76.92307692307693,0,0,0,0,0,0,0,0,0,0,0,0,0,0,0,0,0,0,0,76.92307692307693,0,0,0,0,0,0,0,0,0,0,0,0,0,0,0,0,0,0,0,0,0,0,0,0,0,0,0,0,76.92307692307693,0,0,0,0,0,0,0,0,0,0,0,0,0,0,0,0,0,0,0,0,0,0,0,0,0,0,0,0,0,0,0,0,76.92307692307693,0,0,0,0,0,0,0,0,0,0,0,0,0,0,0,0,0,0,0,0,0,0,0,0,0,0,0,0,0,0,0,0,0,0,0,0,0,0,0,0,0,0,0,0,0,0,0,0,0,0,0,0,0,0,0,0,0,0,0,0,0,0,0,0,0,0,0,0,0,0,0,0,0,0,0,0,0,0,0,0,0,0,0,0,0,0,0,0,0,0,0,0,0,0,0,0,0,0,0,0,0,0,0,0,0,0,0,0,0,0,0,0,0,0,0,0,0,0,0,0,0,0,0,0,0,0,0,0,0,0,0,0,0,0,0,0,0,0,0,0,0
plehanov_pervie_frazy_uchenia.txt_chunk11,plehanov,4,1,0,0,2,1,2,0,1,31,1,0,0,1,0,1,4,0,3,0,0,0,1,0,1,1,0,1,1,0,0,1,3,5,4,0,5,2,4,2,4,0,4,0,37,0,5,1,2,4,7,1,9,0,1,0,1,0,2,0,0,1,1,0,2,0,0,0,1,1,3,2,0,12,0,0,12,1,0,0,0,0,1,3,0,6,0,1,1,2,0,2,1,0,3,3,5,1,1,1,0,0,4,1,1,1,13,1,0,1,0,0,0,0,2,0,0,0,1,3,3,2,1,2,3,12,0,0,2,1,0,0,0,1,3,1,23,1,1,2,1,6,1,2,2,0,0,0,1,1,2,0,0,2,1,1,0,0,0,0,1,0,3,0,1,0,3,0,2,1,1,0,0,2,2,0,2,2,14,0,1,0,0,0,0,0,2,0,2,0,0,0,0,0,0,1,4,0,0,3,0,5,1,0,1,0,1,2,1,0,0,1,3,0,0,3,0,0,0,0,1,0,0,0,0,1,3,1,0,0,0,0,0,1,1,0,0,1,2,0,0,0,0,0,0,0,0,2,1,0,0,0,0,3,0,2,1,0,0,0,0,0,1,0,1,0,0,0,1,0,0,0,0,7,2,0,0,0,0,2,0,0,0,0,0,0,0,0,0,0,0,0,0,0,1,0,0,0,8,0
plehanov_pervie_frazy_uchenia.txt_chunk13,plehanov,6,0,0,0,2,0,0,0,1,34,3,1,0,1,0,4,1,0,2,0,0,2,0,0,1,0,0,7,0,0,0,0,0,5,3,2,4,2,3,5,0,0,2,0,32,0,3,1,1,4,8,0,7,3,2,1,0,0,1,2,2,0,2,1,0,0,0,0,1,3,2,0,0,11,0,0,17,0,1,1,2,2,0,1,0,9,0,14,1,0,0,0,0,0,4,5,0,0,3,0,1,1,5,1,1,0,7,1,0,0,3,0,0,3,0,0,0,2,0,1,2,1,1,1,2,8,2,0,3,5,2,2,0,3,0,0,18,3,0,2,0,5,2,3,1,0,0,0,0,0,3,0,1,1,0,0,2,0,0,0,2,0,6,0,1,0,1,0,0,1,1,1,2,1,4,0,2,2,11,3,0,0,2,0,0,3,0,1,4,0,0,0,1,0,1,0,2,0,0,3,0,4,2,0,1,0,3,2,1,0,1,0,0,2,0,0,0,0,1,0,0,0,0,0,0,0,3,0,0,1,1,0,0,1,0,0,0,0,1,0,0,1,0,0,0,0,1,0,0,0,0,0,0,1,1,0,0,0,0,0,0,2,1,0,0,1,0,1,0,7,0,1,0,0,4,0,0,0,1,0,0,0,0,0,0,0,0,0,0,0,0,0,0,0,1,0,0,0,2,0
plehanov_pervie_frazy_uchenia.txt_chunk14,plehanov,2,0,1,0,7,1,3,3,2,31,3,0,0,1,0,2,1,2,0,0,3,1,0,0,0,1,0,5,1,3,0,0,0,7,7,1,2,3,2,3,1,0,2,1,35,0,5,5,2,0,10,0,3,1,3,0,2,1,3,0,0,0,3,0,0,0,0,0,0,5,2,0,2,11,2,0,24,0,3,3,6,0,1,2,1,10,2,2,1,0,0,1,0,0,1,5,3,0,6,0,0,0,1,3,3,1,7,1,1,0,0,0,2,3,1,1,0,0,0,0,3,1,1,3,2,8,4,0,5,8,2,0,0,0,0,0,25,5,1,1,1,7,2,3,1,0,0,0,3,0,2,2,2,1,0,0,2,0,2,1,2,0,2,0,0,0,1,0,0,0,0,3,0,3,2,0,2,2,4,0,0,0,0,0,0,5,0,1,1,0,0,0,0,0,1,0,2,0,0,1,0,0,4,0,1,0,0,2,0,1,3,0,0,2,2,0,0,0,0,1,1,0,0,0,0,0,1,1,2,0,1,0,0,0,1,0,0,1,0,0,0,1,0,0,1,0,0,0,0,0,1,1,0,6,0,0,0,0,0,0,1,0,1,2,1,0,0,0,0,3,1,0,1,0,1,0,1,0,0,0,0,0,0,0,0,0,2,0,1,1,0,0,2,0,1,1,0,0,1,0
plehanov_pervie_frazy_uchenia.txt_chunk15,plehanov,5,1,0,2,9,0,2,5,1,32,2,2,0,0,1,7,3,1,0,0,5,2,0,1,1,2,0,3,0,0,0,0,0,6,0,1,5,0,2,0,2,0,2,1,24,0,3,1,3,4,11,0,7,0,4,0,1,0,1,0,0,2,2,1,1,0,0,0,0,2,0,0,2,17,0,1,17,0,0,2,2,1,0,2,0,11,0,3,3,0,0,0,0,0,5,0,5,0,2,0,2,1,5,0,4,0,7,0,0,1,2,1,0,0,0,1,1,0,0,1,4,0,0,2,2,8,1,0,5,1,1,2,0,1,2,0,23,0,0,2,1,7,2,0,0,2,0,0,0,1,2,1,1,2,2,0,4,0,0,0,0,1,0,4,0,0,0,0,0,0,0,2,2,1,1,1,3,1,0,2,1,0,3,0,0,5,1,0,1,4,0,0,4,0,2,0,2,2,0,0,0,0,4,0,0,0,2,0,3,1,3,0,0,3,0,0,0,0,0,0,0,1,0,0,0,0,1,0,0,1,5,4,0,0,1,0,0,0,2,0,0,0,2,1,0,3,3,1,0,1,0,3,0,7,6,0,0,0,2,1,1,0,0,1,0,1,0,0,1,1,1,0,0,0,0,0,0,0,0,0,0,0,0,0,0,0,1,0,0,0,0,0,0,0,0,0,0,0,0,0
plehanov_pervie_frazy_uchenia.txt_chunk4,plehanov,1,0,0,0,2,3,1,8,2,27,3,1,0,0,0,2,3,0,2,1,1,3,0,0,1,1,0,4,0,0,2,0,0,18,1,1,0,0,3,0,2,0,1,0,38,0,0,1,3,6,4,0,7,6,0,1,0,0,0,0,0,0,0,0,4,0,0,1,0,0,3,0,0,8,0,3,8,1,1,1,0,0,1,0,0,7,0,2,1,0,0,0,0,0,7,1,2,0,4,0,0,1,9,2,0,0,7,0,2,0,2,0,1,4,0,1,0,1,1,2,2,1,0,0,2,0,5,0,4,0,1,1,0,3,3,0,4,5,2,1,0,1,3,2,0,2,1,0,3,0,1,0,0,1,0,0,0,0,2,0,6,1,2,0,1,0,1,1,2,0,1,0,0,0,1,1,4,2,2,0,1,0,0,0,0,5,1,1,1,0,0,0,2,0,1,2,3,0,0,1,0,0,0,0,0,0,0,2,0,1,1,2,1,1,0,2,0,4,3,0,0,0,0,0,0,0,2,1,1,0,0,0,0,3,0,1,0,0,4,0,2,1,0,0,1,2,1,1,0,1,0,1,0,1,0,1,0,2,1,0,1,0,0,0,0,0,4,0,0,0,0,1,0,0,1,0,1,1,0,1,0,2,0,0,0,0,0,1,2,0,0,0,0,4,0,3,0,0,0,0
plehanov_pervie_frazy_uchenia.txt_chunk6,plehanov,4,0,0,0,10,4,1,5,2,22,3,0,0,1,1,2,5,2,1,1,0,0,2,0,1,0,0,2,0,0,0,0,0,6,6,2,3,0,2,4,0,0,3,0,33,0,4,1,1,3,7,0,8,6,3,0,0,2,2,1,1,1,1,0,2,0,0,0,0,1,2,3,1,13,1,0,15,1,0,1,1,2,0,2,1,12,1,9,3,1,2,0,0,0,10,3,1,0,3,1,5,0,2,2,0,0,10,0,1,1,1,0,1,2,0,0,1,0,0,2,2,0,0,0,1,6,3,0,2,1,0,0,0,0,0,0,15,0,2,0,0,9,3,4,0,0,0,0,1,0,1,2,1,0,0,1,1,0,0,0,2,1,3,0,0,1,0,0,1,1,0,1,1,3,1,0,0,1,9,0,0,0,0,2,0,2,1,0,0,0,0,0,0,0,1,3,4,0,1,0,0,0,0,0,1,0,0,4,5,3,4,0,0,0,0,1,0,0,0,1,0,0,0,0,0,0,1,0,0,0,3,2,0,4,0,0,0,0,0,1,1,1,0,1,1,2,0,0,0,0,0,3,0,4,0,0,0,0,0,2,0,0,0,0,0,0,0,0,1,4,0,0,1,0,7,0,0,0,0,1,0,0,0,0,2,0,1,0,0,0,0,1,4,0,3,0,0,0,4,0
plehanov_pervie_frazy_uchenia.txt_chunk7,plehanov,7,1,0,0,1,1,2,2,0,35,3,3,0,0,0,5,3,1,0,0,0,1,1,0,0,4,0,4,1,0,0,3,0,7,4,1,3,2,1,2,0,0,1,1,26,2,3,3,2,5,10,0,14,3,4,1,0,0,4,0,0,1,1,0,1,0,0,0,1,1,1,0,0,12,2,1,24,0,0,0,0,0,0,2,1,6,1,9,1,0,0,0,0,0,7,3,8,0,5,0,2,3,5,1,1,0,10,0,1,1,5,1,2,3,0,0,0,0,1,0,3,0,1,0,0,4,0,0,2,1,2,2,0,3,1,1,18,0,0,0,0,5,1,2,1,3,0,5,1,0,0,2,0,1,0,1,2,0,1,0,2,0,2,0,0,1,1,1,3,0,0,2,0,4,1,0,0,2,6,0,0,1,0,3,0,5,2,0,1,1,0,0,0,0,0,1,2,2,0,2,0,0,2,0,1,0,0,1,4,6,6,0,0,0,0,1,0,0,0,1,3,1,0,0,0,0,0,0,0,1,3,0,1,1,0,0,0,0,0,0,0,0,1,0,0,1,0,0,0,0,0,0,1,4,0,0,1,1,0,0,0,0,1,1,0,1,1,3,1,3,0,0,1,0,5,1,1,0,1,0,0,1,1,0,0,0,0,1,0,0,1,0,1,1,1,0,0,0,0,0
plehanov_pessimizm_kak_otrazhenie.txt_chunk1,plehanov,3,1,3,0,2,0,1,4,0,29,2,0,0,1,0,3,7,1,2,1,2,0,1,0,0,1,0,7,0,0,0,2,1,3,2,1,3,3,3,2,0,0,4,0,31,0,5,2,0,1,4,0,4,0,4,1,1,0,1,0,3,0,2,1,1,3,1,3,0,0,3,3,0,11,2,1,29,2,2,2,4,1,0,0,5,7,0,5,3,0,1,0,2,3,4,1,0,0,4,0,1,0,5,0,0,1,9,1,1,0,0,0,1,2,1,3,0,3,0,1,4,0,0,0,0,7,1,0,2,2,0,0,0,3,3,0,17,3,2,3,0,6,1,0,1,0,0,9,3,0,2,0,0,1,0,0,5,1,1,0,0,2,0,1,0,0,0,1,0,2,0,0,1,4,0,0,0,2,0,0,0,0,0,2,0,0,2,0,1,0,0,4,0,0,1,0,1,0,0,1,0,0,0,0,1,0,1,0,0,0,0,1,0,1,0,0,0,1,0,0,0,0,2,1,1,0,1,2,1,0,0,1,0,1,0,0,0,0,0,0,0,0,0,0,0,0,0,0,0,1,0,0,1,15,10,1,0,0,0,0,4,1,0,1,0,0,0,0,0,0,0,1,0,0,0,0,0,0,0,0,0,0,1,0,0,0,0,0,0,0,0,0,0,0,0,0,0,0,0,0
plehanov_pessimizm_kak_otrazhenie.txt_chunk10,plehanov,5.328596802841918,0,0,1.7761989342806395,1.7761989342806395,0,0,0,0,24.866785079928952,3.552397868561279,0,0,1.7761989342806395,0,3.552397868561279,0,0,0,0,0,0,0,0,0,1.7761989342806395,0,1.7761989342806395,0,0,0,0,0,7.104795737122558,1.7761989342806395,0,1.7761989342806395,1.7761989342806395,5.328596802841918,3.552397868561279,0,1.7761989342806395,0,1.7761989342806395,39.07637655417407,0,1.7761989342806395,0,0,3.552397868561279,8.880994671403197,0,7.104795737122558,0,1.7761989342806395,0,0,0,0,3.552397868561279,0,0,3.552397868561279,1.7761989342806395,1.7761989342806395,0,0,0,0,1.7761989342806395,1.7761989342806395,1.7761989342806395,1.7761989342806395,5.328596802841918,3.552397868561279,0,31.97158081705151,0,3.552397868561279,0,3.552397868561279,3.552397868561279,0,0,1.7761989342806395,8.880994671403197,1.7761989342806395,5.328596802841918,0,0,0,0,0,0,0,1.7761989342806395,3.552397868561279,0,5.328596802841918,0,1.7761989342806395,0,8.880994671403197,0,1.7761989342806395,0,3.552397868561279,0,1.7761989342806395,0,0,0,1.7761989342806395,0,0,1.7761989342806395,0,1.7761989342806395,1.7761989342806395,1.7761989342806395,7.104795737122558,1.7761989342806395,1.7761989342806395,0,8.880994671403197,1.7761989342806395,1.7761989342806395,0,7.104795737122558,1.7761989342806395,0,0,0,5.328596802841918,0,0,17.761989342806395,1.7761989342806395,0,3.552397868561279,0,5.328596802841918,1.7761989342806395,0,1.7761989342806395,1.7761989342806395,0,0,0,0,1.7761989342806395,0,0,7.104795737122558,1.7761989342806395,1.7761989342806395,0,0,1.7761989342806395,0,0,0,1.7761989342806395,1.7761989342806395,0,0,1.7761989342806395,0,1.7761989342806395,3.552397868561279,0,0,3.552397868561279,3.552397868561279,0,0,0,0,5.328596802841918,0,1.7761989342806395,0,0,0,0,0,0,0,1.7761989342806395,0,0,1.7761989342806395,0,0,0,0,1.7761989342806395,0,0,0,1.7761989342806395,0,0,0,0,0,1.7761989342806395,0,1.7761989342806395,0,0,0,0,0,0,0,0,0,0,0,0,0,0,0,1.7761989342806395,0,0,0,0,0,5.328596802841918,0,0,1.7761989342806395,0,0,7.104795737122558,1.7761989342806395,0,0,0,0,0,0,0,0,1.7761989342806395,0,0,0,0,0,19.538188277087034,21.314387211367674,1.7761989342806395,1.7761989342806395,0,0,1.7761989342806395,0,1.7761989342806395,0,1.7761989342806395,0,0,0,0,0,0,0,0,0,0,1.7761989342806395,0,0,0,0,0,0,0,0,0,0,0,0,0,0,0,0,0,0,0,0,0,0,0,0,0,0
plehanov_pessimizm_kak_otrazhenie.txt_chunk3,plehanov,7,0,0,0,4,2,5,13,3,23,2,1,0,0,0,0,3,0,0,1,0,2,0,1,0,1,0,9,0,0,0,0,0,3,5,3,2,0,3,5,1,1,5,1,34,0,4,4,4,3,7,0,3,0,1,0,0,0,1,2,1,0,1,2,1,0,0,4,0,3,1,2,0,20,0,1,27,3,1,1,1,1,1,4,4,11,1,1,0,1,1,0,1,0,3,0,3,0,1,0,1,0,6,2,0,0,8,1,3,1,1,0,0,1,0,0,2,0,1,2,4,0,2,1,2,9,1,2,5,2,1,0,0,9,2,0,22,3,0,3,0,2,4,1,0,0,0,0,0,0,1,0,0,1,1,0,1,0,2,0,0,1,3,0,3,0,1,0,0,0,0,2,0,6,1,0,3,0,0,0,0,0,0,0,0,0,0,0,1,2,0,5,0,0,1,0,0,0,0,3,0,1,0,0,1,0,2,0,0,0,0,0,0,2,0,2,0,0,0,0,0,0,4,0,1,0,0,2,0,0,4,2,0,1,1,0,0,1,0,0,1,0,0,0,0,1,0,0,0,0,0,2,0,8,4,2,0,1,0,0,2,0,0,0,1,0,0,1,0,0,0,0,1,0,0,0,0,1,0,0,0,1,1,0,0,0,0,0,0,1,0,0,0,0,0,0,0,0,0,0
plehanov_pessimizm_kak_otrazhenie.txt_chunk6,plehanov,6,1,0,0,11,0,1,2,2,29,1,2,0,2,1,2,6,0,0,0,0,1,0,0,0,1,0,1,0,0,0,0,1,7,1,4,1,1,1,3,0,2,2,1,58,1,5,1,0,4,6,2,12,0,4,0,1,0,0,1,1,0,0,0,4,0,2,0,0,0,2,0,0,3,0,1,21,0,0,4,6,2,1,1,1,5,0,5,0,0,7,2,3,0,14,1,3,0,4,0,1,0,7,0,2,0,6,0,0,1,1,0,0,3,0,1,1,0,2,0,3,1,0,0,3,5,1,0,4,0,0,1,1,1,5,0,22,1,0,2,2,5,1,0,1,1,0,4,0,1,12,0,0,5,1,0,6,0,0,2,0,0,1,0,1,0,1,1,4,0,0,0,0,1,1,0,0,1,9,0,0,0,0,0,0,0,1,1,1,0,0,0,0,0,0,1,0,0,0,1,0,0,0,1,0,0,1,0,0,0,0,0,0,1,0,0,0,3,0,0,0,0,0,2,0,0,0,2,1,1,3,1,1,2,0,0,4,0,0,2,0,2,0,1,0,0,0,0,0,0,0,2,1,6,2,1,0,0,0,0,1,0,1,0,0,1,1,0,1,0,0,0,0,0,0,0,0,0,0,0,0,0,0,0,0,0,0,0,0,1,0,0,0,0,0,0,0,0,0,0
plehanov_pessimizm_kak_otrazhenie.txt_chunk8,plehanov,4,0,1,0,3,2,2,10,0,35,6,0,0,0,1,1,5,0,1,1,4,1,1,1,0,1,0,5,0,0,0,0,0,6,2,3,2,0,1,0,3,0,1,2,31,0,4,2,1,1,5,0,12,1,0,1,0,0,0,1,1,1,5,2,2,0,0,0,0,1,2,0,1,13,0,0,18,0,1,2,1,2,1,3,2,8,0,5,0,0,0,0,0,0,6,2,2,0,2,0,0,0,3,3,1,0,8,0,1,1,1,0,0,0,1,0,1,2,0,3,4,0,0,2,4,9,1,1,4,1,0,0,2,10,0,0,19,0,2,1,0,6,2,0,0,0,0,0,1,0,4,0,1,2,0,0,2,0,2,1,0,6,2,0,0,0,1,0,1,3,0,1,0,2,0,1,1,1,2,0,2,0,0,0,0,1,0,0,0,0,0,3,0,0,0,0,1,1,0,3,0,1,0,0,0,0,3,0,0,1,0,0,0,1,0,2,1,0,0,0,0,0,2,3,2,0,0,1,0,0,3,0,0,3,0,1,0,0,0,0,0,0,2,0,0,3,0,1,0,1,0,0,2,7,9,4,0,0,0,0,1,1,1,1,1,0,0,0,1,0,0,0,0,0,0,0,2,0,0,0,0,0,0,0,0,0,0,0,0,0,0,0,0,0,0,0,0,0,1,0
plehanov_pessimizm_kak_otrazhenie.txt_chunk9,plehanov,8,0,1,0,8,0,2,0,0,28,3,0,0,1,0,0,2,1,1,2,0,1,0,0,0,0,0,5,0,0,0,1,0,14,3,0,2,2,5,3,2,0,2,0,29,1,3,4,0,2,4,0,9,0,1,0,0,0,3,2,1,1,2,1,2,0,1,1,0,2,0,1,0,3,0,0,16,2,0,2,4,2,1,0,1,11,0,9,0,0,1,0,1,0,6,4,2,0,9,0,1,2,8,0,5,1,13,0,0,2,2,1,0,3,1,0,1,3,0,1,2,1,0,0,3,4,3,0,5,3,2,0,0,11,1,0,10,1,0,3,0,3,3,4,3,0,0,2,0,0,0,0,0,3,1,0,5,0,0,1,0,0,2,1,1,0,2,0,0,0,0,1,1,0,3,1,0,4,2,0,0,0,0,0,0,3,0,1,0,1,0,1,0,0,0,0,1,3,1,2,0,0,0,0,2,0,1,0,0,0,0,0,0,1,0,1,0,1,1,1,1,0,1,0,0,0,2,2,0,0,6,0,1,3,1,0,2,0,1,0,0,0,0,0,0,0,0,1,1,1,2,3,2,6,7,1,0,0,2,0,3,0,0,2,1,0,0,1,1,0,4,0,0,1,0,0,0,0,0,0,0,0,0,0,0,0,0,0,0,0,0,0,1,0,0,0,0,0,1,0
plehanov_pismo_k_rabochim.txt_chunk1,plehanov,9.345794392523365,1.8691588785046729,5.607476635514018,0,5.607476635514018,1.8691588785046729,0,3.7383177570093458,1.8691588785046729,22.429906542056074,1.8691588785046729,1.8691588785046729,0,1.8691588785046729,0,1.8691588785046729,7.4766355140186915,0,3.7383177570093458,1.8691588785046729,0,1.8691588785046729,0,0,0,0,0,5.607476635514018,3.7383177570093458,0,0,3.7383177570093458,0,5.607476635514018,3.7383177570093458,0,3.7383177570093458,0,3.7383177570093458,5.607476635514018,1.8691588785046729,0,7.4766355140186915,1.8691588785046729,20.560747663551403,0,1.8691588785046729,1.8691588785046729,1.8691588785046729,0,9.345794392523365,0,5.607476635514018,0,5.607476635514018,0,0,0,1.8691588785046729,1.8691588785046729,0,0,0,0,1.8691588785046729,0,0,0,0,1.8691588785046729,0,1.8691588785046729,0,13.08411214953271,0,0,31.77570093457944,1.8691588785046729,0,0,1.8691588785046729,0,0,0,1.8691588785046729,3.7383177570093458,0,0,1.8691588785046729,0,0,0,0,0,5.607476635514018,0,1.8691588785046729,0,3.7383177570093458,0,1.8691588785046729,0,0,0,0,0,13.08411214953271,1.8691588785046729,0,0,0,0,0,0,0,1.8691588785046729,1.8691588785046729,0,0,0,1.8691588785046729,0,0,0,7.4766355140186915,5.607476635514018,0,0,0,0,3.7383177570093458,0,0,3.7383177570093458,3.7383177570093458,0,22.429906542056074,1.8691588785046729,0,0,1.8691588785046729,5.607476635514018,0,0,5.607476635514018,0,0,1.8691588785046729,0,0,1.8691588785046729,0,0,0,0,1.8691588785046729,0,0,0,0,0,9.345794392523365,7.4766355140186915,1.8691588785046729,0,0,0,1.8691588785046729,0,0,0,0,0,3.7383177570093458,0,0,0,1.8691588785046729,9.345794392523365,0,5.607476635514018,0,0,0,0,1.8691588785046729,1.8691588785046729,1.8691588785046729,1.8691588785046729,0,1.8691588785046729,5.607476635514018,3.7383177570093458,0,0,0,3.7383177570093458,1.8691588785046729,3.7383177570093458,0,1.8691588785046729,0,0,0,0,0,0,0,0,0,1.8691588785046729,0,0,0,0,0,0,5.607476635514018,0,0,1.8691588785046729,0,0,0,0,0,0,1.8691588785046729,0,1.8691588785046729,13.08411214953271,0,0,0,0,3.7383177570093458,0,0,0,0,0,0,0,0,0,1.8691588785046729,1.8691588785046729,1.8691588785046729,0,0,1.8691588785046729,1.8691588785046729,9.345794392523365,11.214953271028037,3.7383177570093458,0,0,0,0,0,1.8691588785046729,0,0,0,1.8691588785046729,0,5.607476635514018,3.7383177570093458,1.8691588785046729,0,0,0,0,0,1.8691588785046729,0,0,5.607476635514018,1.8691588785046729,0,3.7383177570093458,1.8691588785046729,0,0,0,0,0,0,0,0,0,0,0,0,1.8691588785046729,0,0,0,0,0
plehanov_police_anisemitizm_I.txt_chunk1,plehanov,9,0,0,0,9,1,4,8,2,28,2,2,0,2,0,1,6,1,1,2,1,1,0,0,1,1,0,4,0,0,0,0,1,5,5,1,4,2,2,4,0,0,1,0,34,1,3,2,1,1,5,0,4,0,4,0,0,1,1,0,3,4,3,1,2,0,1,1,0,0,0,0,0,12,0,0,33,0,0,0,6,0,0,1,4,9,0,2,0,0,1,1,0,0,2,1,2,0,4,1,3,0,5,1,0,0,7,0,1,0,0,0,1,0,1,0,2,1,0,2,2,0,0,0,1,6,1,0,4,0,2,0,0,2,0,0,18,1,2,0,0,5,3,3,2,0,0,3,2,0,0,0,2,0,0,0,2,0,0,0,0,0,4,3,0,0,1,1,0,1,0,0,0,1,1,1,0,1,11,0,0,1,0,1,0,0,1,0,1,0,0,0,0,0,0,0,1,0,0,0,0,0,1,0,0,0,3,0,0,0,0,1,0,0,0,0,0,0,0,0,0,0,0,0,0,0,0,1,0,1,5,5,0,1,1,0,2,0,2,0,1,2,0,0,0,1,0,0,1,0,1,3,1,4,3,3,1,0,0,1,1,1,0,0,1,0,0,1,0,1,0,0,0,0,0,0,0,2,0,1,0,0,0,0,0,0,1,0,2,0,0,0,0,0,0,0,0,0,0,0
plehanov_pora_obyasnitsya.txt_chunk1,plehanov,7,0,2,2,6,3,0,1,4,20,3,0,1,4,0,3,0,0,2,1,1,1,1,1,0,1,0,1,0,2,1,0,0,2,6,2,5,3,0,7,0,0,2,2,26,0,4,3,1,3,7,0,9,0,1,0,1,0,3,0,2,0,1,1,0,0,3,0,2,3,1,0,1,12,0,1,25,1,2,2,1,1,0,1,1,12,2,1,2,2,2,3,1,1,4,8,0,0,7,0,3,1,9,0,2,1,10,0,0,1,2,0,0,0,1,2,1,0,1,2,3,0,1,1,1,7,2,1,10,0,1,3,1,3,2,0,18,0,0,0,0,13,6,0,4,1,1,6,1,2,6,0,0,2,2,1,1,1,2,0,0,0,1,2,0,0,0,2,2,0,0,1,1,1,0,0,1,1,0,1,0,0,0,1,0,0,2,1,1,0,0,0,4,4,0,0,2,0,0,0,0,0,0,0,1,0,1,0,0,0,0,3,1,2,0,2,0,1,0,0,0,0,0,0,0,1,0,1,0,1,0,0,0,2,1,2,1,1,0,0,0,0,0,1,0,0,0,0,0,0,1,1,0,4,0,0,0,0,0,0,0,0,0,0,2,0,0,0,0,0,0,1,0,0,0,1,0,1,0,0,6,0,0,0,0,0,1,1,1,0,0,0,0,0,0,0,0,0,0,0
plehanov_slovo_prinadlezhit_menshevikam.txt_chunk1,plehanov,11,0,0,0,17,4,1,3,5,29,3,2,0,1,0,1,3,1,1,0,0,0,1,0,4,1,0,6,0,1,1,0,0,5,2,0,9,1,5,3,0,0,1,0,29,0,4,2,0,3,10,2,5,0,0,3,0,1,2,2,0,0,1,0,3,6,7,0,1,5,1,2,0,10,0,1,30,1,2,2,0,0,0,1,0,8,2,11,1,0,0,0,0,0,1,4,1,0,3,0,2,0,8,0,4,0,14,1,2,0,4,0,0,1,1,2,1,1,0,0,4,1,0,0,1,5,1,1,11,5,3,1,0,2,0,0,19,1,1,1,1,5,1,2,4,0,0,16,0,0,2,0,1,2,1,1,1,0,1,0,0,5,0,0,1,1,0,0,1,0,1,1,1,1,1,1,0,1,1,0,0,1,0,2,0,0,1,1,0,0,0,8,7,3,0,1,0,1,0,0,0,0,0,0,1,0,0,0,0,0,1,0,0,0,0,4,0,0,0,0,0,0,1,0,0,0,0,1,0,0,0,1,0,0,1,0,2,0,0,2,0,0,0,3,0,1,0,0,0,2,2,1,12,2,3,0,0,0,0,0,0,0,1,0,1,1,0,0,0,0,1,1,1,0,0,0,0,0,0,0,0,0,0,0,0,0,0,1,0,0,0,0,0,0,0,0,0,0,0,0
plehanov_torzhestvo_sr_I.txt_chunk2,plehanov,11.904761904761903,0,0,0,0,0,0,0,0,23.809523809523807,0,0,0,0,0,0,29.76190476190476,0,0,0,0,0,0,0,0,0,0,0,0,0,0,0,0,0,5.952380952380952,0,0,5.952380952380952,5.952380952380952,0,0,0,0,0,47.61904761904761,0,0,0,0,5.952380952380952,0,0,0,0,0,0,0,0,0,5.952380952380952,0,0,0,0,0,0,0,0,0,0,0,0,0,17.857142857142858,0,0,17.857142857142858,0,0,0,0,5.952380952380952,0,0,0,5.952380952380952,5.952380952380952,11.904761904761903,0,0,0,0,0,0,0,0,0,0,11.904761904761903,0,0,5.952380952380952,0,0,0,0,5.952380952380952,0,0,0,0,0,0,11.904761904761903,0,0,5.952380952380952,0,0,0,0,0,0,0,0,0,0,0,5.952380952380952,0,0,0,0,0,5.952380952380952,0,0,11.904761904761903,0,0,0,35.714285714285715,0,0,0,0,0,0,0,0,5.952380952380952,0,0,0,5.952380952380952,0,0,0,0,0,0,0,0,0,0,0,0,0,0,0,0,0,5.952380952380952,0,0,0,0,0,0,0,0,0,0,0,0,0,0,0,0,0,0,0,0,17.857142857142858,0,11.904761904761903,0,0,0,0,0,0,0,0,0,0,0,0,0,0,0,0,0,0,0,0,0,0,0,0,0,0,5.952380952380952,0,0,0,0,0,0,0,5.952380952380952,0,0,0,0,0,0,0,0,5.952380952380952,0,0,0,0,0,0,0,0,5.952380952380952,0,0,0,0,0,0,0,5.952380952380952,0,0,0,0,0,0,0,0,0,0,0,0,0,5.952380952380952,0,0,0,0,0,0,0,0,0,0,0,17.857142857142858,0,0,0,0,0,0,0,0,0,0,0,0,0,0,0,0,0
plehanov_uspenskiy.txt_chunk1,plehanov,3,0,0,0,3,1,0,5,0,26,3,0,0,1,1,1,4,1,3,2,1,0,0,1,0,1,0,5,3,0,0,0,1,17,3,3,1,0,1,2,4,1,2,0,55,0,3,5,0,4,2,0,8,0,1,1,0,1,3,1,0,0,0,1,4,0,0,0,0,1,0,0,0,5,3,0,15,2,2,0,1,2,0,0,0,8,0,6,1,1,0,0,0,2,25,2,0,0,1,0,1,2,6,0,2,0,20,0,0,1,2,0,2,1,0,1,1,1,1,0,0,2,1,0,2,7,0,0,4,3,0,1,0,2,1,0,14,1,0,2,0,3,1,0,2,0,0,1,1,0,1,0,0,2,0,1,1,0,0,2,0,0,3,0,1,1,0,0,1,1,0,2,1,2,1,2,5,0,1,0,0,0,0,1,0,0,0,1,1,2,0,1,0,0,0,0,0,0,0,0,0,0,0,0,2,0,1,0,0,0,0,0,0,2,0,0,1,1,1,0,0,1,2,0,0,0,0,0,0,1,3,2,1,2,2,0,0,0,0,0,1,0,1,1,0,0,1,0,2,1,0,0,0,2,0,0,0,0,0,1,0,2,1,0,0,0,3,0,0,1,2,2,1,0,0,0,3,0,0,0,0,0,0,0,0,0,0,0,0,0,0,0,0,0,0,0,0,0,0,0
plehanov_uspenskiy.txt_chunk10,plehanov,10,0,2,0,6,0,1,2,2,24,4,0,0,3,1,2,3,0,0,0,1,1,1,0,0,1,1,2,2,0,0,0,2,8,7,4,2,1,1,12,0,0,6,1,31,1,7,6,0,0,7,1,13,0,0,0,1,0,2,1,0,1,1,1,2,0,4,3,1,4,5,0,0,10,0,0,13,1,4,11,2,2,1,1,1,6,4,1,0,1,3,4,2,0,9,1,1,1,1,0,1,0,3,2,3,0,8,2,0,0,2,1,0,3,1,1,3,1,0,2,4,0,0,0,2,5,1,1,6,0,1,0,5,3,0,1,17,0,0,1,0,4,8,0,0,0,0,7,2,4,0,0,1,1,2,1,2,2,0,0,0,1,1,0,0,0,0,1,0,0,1,0,0,0,1,0,0,1,1,2,0,0,0,4,0,0,0,0,0,0,0,1,0,0,0,0,3,0,0,0,2,1,0,0,1,0,3,0,0,0,0,0,0,6,0,0,3,0,0,0,0,0,0,1,0,1,1,0,0,0,3,1,1,0,0,1,6,1,0,1,0,3,1,1,0,0,0,1,0,1,0,0,0,1,1,1,0,0,0,1,0,0,1,0,0,0,1,0,1,0,0,0,0,0,0,1,0,0,0,0,0,0,0,0,0,0,0,0,0,0,0,0,0,1,0,0,0,0,0,0
plehanov_uspenskiy.txt_chunk11,plehanov,5,1,6,0,5,1,3,2,2,20,0,1,0,2,0,1,4,2,1,2,2,1,0,0,1,0,1,7,3,0,0,2,0,8,0,2,1,2,1,3,5,2,1,0,34,1,6,4,5,5,9,0,11,0,2,0,0,0,0,0,1,4,0,1,1,0,0,4,0,5,1,0,0,5,1,7,21,4,2,1,4,1,3,2,1,9,1,8,1,1,0,1,0,0,13,0,1,0,1,0,0,1,6,0,0,0,13,0,1,0,0,0,0,1,0,4,1,1,0,1,3,1,0,1,1,6,5,0,3,3,2,3,0,4,2,0,20,2,0,0,0,3,1,0,1,1,0,1,2,0,4,0,0,2,1,1,0,0,0,1,0,1,3,1,2,0,0,1,0,1,0,0,2,3,0,1,2,1,2,0,0,0,0,0,0,0,1,0,2,2,0,2,0,0,2,0,0,0,0,0,0,0,0,0,0,0,3,0,0,0,1,0,0,1,0,2,0,0,0,0,0,0,0,0,1,0,0,2,0,0,1,1,0,0,0,0,2,1,0,1,0,1,0,0,0,0,1,0,2,1,0,0,0,8,1,3,0,0,0,0,1,0,1,0,0,1,4,0,2,0,0,0,0,0,0,0,1,1,0,0,0,0,0,0,0,0,0,0,0,0,0,0,0,0,0,0,0,0,0,0
plehanov_uspenskiy.txt_chunk13,plehanov,5,0,1,0,4,0,0,3,0,24,1,0,0,0,0,1,4,0,0,0,1,3,1,0,0,0,0,2,1,0,1,0,0,10,2,1,3,2,5,4,0,0,3,0,37,0,0,1,0,2,9,0,5,0,0,0,0,0,1,1,0,1,1,2,1,0,0,0,0,3,1,0,0,12,0,0,26,4,0,3,4,4,1,1,0,9,1,3,1,0,1,0,1,0,14,3,1,1,6,0,0,0,5,0,1,0,17,0,0,0,2,1,0,4,2,0,0,0,0,1,2,1,0,0,1,5,1,0,3,0,2,0,0,4,3,0,17,2,0,1,0,2,2,1,0,2,0,0,1,0,1,0,1,0,0,0,3,0,0,2,1,1,0,0,1,0,1,2,0,1,0,0,0,1,0,0,1,2,0,0,0,0,0,0,0,0,3,1,0,0,0,0,0,0,0,0,1,0,0,3,0,0,0,0,2,0,0,0,0,0,0,1,0,0,0,0,0,0,0,0,0,0,0,1,2,0,0,1,0,1,0,0,6,1,1,0,0,0,0,1,0,3,0,0,0,0,2,0,0,0,0,1,2,3,3,0,0,0,0,1,2,0,0,0,1,0,0,0,0,0,2,0,1,3,0,0,1,0,0,0,0,0,1,0,0,0,0,0,1,0,0,0,1,0,0,0,0,0,0,0
plehanov_uspenskiy.txt_chunk15,plehanov,9,0,1,0,6,0,0,7,1,23,5,1,0,2,1,1,5,0,1,1,1,1,0,0,1,1,0,4,0,0,0,0,0,21,0,4,1,1,1,3,1,4,7,0,32,0,2,0,2,1,10,1,8,0,1,0,0,1,1,0,2,0,0,0,0,1,1,4,0,2,0,1,0,13,1,2,19,5,1,1,7,0,1,0,2,12,2,5,0,0,1,1,1,1,34,0,1,0,3,0,1,0,9,0,1,4,11,0,0,2,2,0,3,1,1,1,4,0,1,0,3,1,1,1,1,13,0,0,3,2,0,0,2,8,1,0,15,4,0,0,0,7,2,3,1,0,0,2,2,2,0,0,1,0,2,1,0,0,0,0,0,0,3,0,1,0,0,0,0,0,1,0,0,0,0,0,1,1,1,1,0,0,0,0,0,0,2,1,0,1,0,0,0,0,0,2,0,0,1,0,0,0,0,0,1,0,1,0,0,0,1,0,0,2,0,0,0,0,1,0,0,0,0,0,0,0,0,2,0,1,1,1,2,4,0,0,1,0,0,0,0,3,0,1,0,1,1,1,0,0,1,2,0,1,0,0,0,0,2,0,1,0,0,0,0,1,0,0,0,0,0,0,0,0,0,0,0,0,0,0,1,0,0,0,0,0,0,0,0,0,0,0,0,0,0,0,0,0,0,0
plehanov_uspenskiy.txt_chunk17,plehanov,8,2,0,0,10,0,0,0,2,27,1,1,0,2,0,3,6,1,1,0,2,3,0,0,1,1,0,5,2,0,0,0,0,13,1,7,1,0,1,10,1,0,1,0,27,0,2,3,2,3,9,1,8,0,4,1,0,0,0,0,1,0,2,0,0,1,0,1,0,2,0,1,1,16,2,1,26,1,0,1,3,1,0,1,1,12,3,2,0,0,0,0,0,0,27,2,5,0,5,0,2,1,4,0,0,2,8,0,2,2,0,0,0,0,1,2,2,1,0,2,1,0,0,3,2,10,3,1,1,0,0,1,0,3,3,0,32,3,0,0,0,7,6,0,1,3,2,2,0,2,0,0,0,1,2,0,1,0,0,0,0,1,2,0,0,0,2,2,0,0,0,0,1,4,0,0,1,1,5,0,0,1,0,0,0,0,0,1,0,0,0,1,0,0,0,0,1,0,0,2,0,0,1,0,1,0,0,0,0,0,3,0,0,3,0,0,0,1,0,0,0,0,1,0,2,1,2,0,0,1,2,2,0,1,1,1,2,0,2,4,1,4,0,1,0,0,0,1,0,0,0,0,0,9,0,0,0,0,0,1,2,0,0,0,0,0,2,2,0,1,0,0,0,0,0,0,0,0,0,0,0,0,0,0,0,0,0,0,0,0,0,0,1,0,0,0,0,0,0,0
plehanov_uspenskiy.txt_chunk19,plehanov,9.689922480620154,5.813953488372093,0,0,0,0,0,7.751937984496124,0,29.069767441860463,1.937984496124031,0,0,0,0,5.813953488372093,5.813953488372093,0,0,3.875968992248062,0,0,0,5.813953488372093,0,0,0,0,0,1.937984496124031,0,0,0,1.937984496124031,0,0,1.937984496124031,3.875968992248062,1.937984496124031,13.565891472868216,1.937984496124031,0,5.813953488372093,0,32.94573643410853,0,5.813953488372093,1.937984496124031,7.751937984496124,1.937984496124031,5.813953488372093,0,11.627906976744185,0,3.875968992248062,0,0,0,1.937984496124031,0,0,0,0,1.937984496124031,1.937984496124031,0,0,3.875968992248062,0,1.937984496124031,1.937984496124031,1.937984496124031,0,9.689922480620154,0,1.937984496124031,27.131782945736433,0,1.937984496124031,0,1.937984496124031,0,0,0,1.937984496124031,11.627906976744185,0,3.875968992248062,0,0,3.875968992248062,1.937984496124031,0,0,1.937984496124031,0,7.751937984496124,1.937984496124031,1.937984496124031,0,0,0,1.937984496124031,0,0,0,7.751937984496124,0,0,0,1.937984496124031,0,0,0,0,0,1.937984496124031,1.937984496124031,0,0,13.565891472868216,0,0,0,1.937984496124031,7.751937984496124,1.937984496124031,0,9.689922480620154,1.937984496124031,0,0,1.937984496124031,7.751937984496124,3.875968992248062,1.937984496124031,17.441860465116278,0,0,3.875968992248062,0,5.813953488372093,1.937984496124031,0,1.937984496124031,1.937984496124031,0,0,1.937984496124031,7.751937984496124,0,0,0,1.937984496124031,0,1.937984496124031,1.937984496124031,0,1.937984496124031,0,0,1.937984496124031,0,0,0,0,1.937984496124031,1.937984496124031,3.875968992248062,0,0,0,0,3.875968992248062,0,0,0,0,0,0,0,1.937984496124031,0,1.937984496124031,0,1.937984496124031,0,0,0,0,0,0,0,0,0,0,0,1.937984496124031,0,0,0,0,3.875968992248062,0,1.937984496124031,0,0,0,0,0,0,0,0,1.937984496124031,0,0,0,0,0,0,3.875968992248062,0,1.937984496124031,0,3.875968992248062,0,0,0,1.937984496124031,0,5.813953488372093,1.937984496124031,0,3.875968992248062,0,0,0,0,0,0,0,0,0,0,0,0,0,1.937984496124031,0,0,1.937984496124031,0,11.627906976744185,11.627906976744185,7.751937984496124,0,0,0,0,0,7.751937984496124,0,3.875968992248062,0,1.937984496124031,1.937984496124031,0,0,0,0,0,0,0,0,0,0,0,0,0,0,0,0,0,0,0,0,0,0,0,0,0,0,0,0,0,0,0,0,3.875968992248062,0
plehanov_uspenskiy.txt_chunk2,plehanov,8,1,1,0,5,0,0,1,0,34,2,0,0,0,1,0,4,2,1,0,1,0,0,1,0,1,0,1,1,0,0,0,2,9,5,0,1,2,2,3,0,0,5,0,38,1,2,10,1,5,9,0,10,0,1,1,2,0,1,1,0,0,1,3,1,0,0,3,1,0,3,0,0,7,3,0,26,1,2,1,0,0,2,4,1,8,0,0,1,0,0,0,2,0,11,2,2,0,2,2,4,1,2,0,2,0,12,0,0,0,4,1,1,1,0,2,1,2,1,2,2,2,0,1,3,6,3,0,6,1,1,1,0,2,2,0,10,4,1,1,0,2,0,1,5,0,0,0,0,0,2,1,0,1,0,0,1,0,0,2,0,0,0,0,3,0,0,1,0,0,2,2,2,0,0,2,1,2,0,0,0,1,0,1,0,1,0,1,0,1,0,0,0,0,1,0,0,0,0,1,0,0,0,0,2,0,1,0,0,0,0,0,0,6,0,2,0,1,0,0,1,0,0,0,1,1,0,0,0,0,1,0,0,4,4,1,1,1,1,0,2,1,0,1,0,3,0,0,0,0,1,0,3,1,0,0,0,0,0,0,3,0,1,0,0,1,0,1,0,0,0,0,0,0,0,0,0,0,0,0,0,0,0,0,0,0,0,0,0,1,0,0,0,0,0,0,0,0,0,0
plehanov_uspenskiy.txt_chunk3,plehanov,3,0,1,1,9,0,0,2,1,25,0,0,0,0,3,3,5,1,1,0,1,2,0,0,0,1,0,2,0,2,0,0,0,5,4,2,0,1,0,2,4,3,1,1,37,1,5,5,1,2,6,0,8,1,1,1,2,0,1,0,2,0,1,0,0,0,0,2,3,3,3,0,0,14,0,2,26,2,1,0,4,1,0,2,1,6,0,6,0,1,2,0,0,0,9,2,5,0,2,0,3,1,5,0,1,1,11,3,2,2,1,0,0,2,0,1,0,1,0,1,2,2,1,1,1,5,4,0,3,2,1,1,0,3,1,0,19,2,0,0,1,3,1,1,3,2,3,0,0,0,2,0,0,1,2,0,2,2,0,0,1,0,0,0,1,1,0,1,0,0,1,0,0,5,1,1,2,0,0,0,0,0,0,0,0,0,1,0,0,0,0,0,0,0,0,0,2,0,0,1,0,0,0,1,5,0,0,0,1,0,0,0,2,2,0,1,1,1,0,0,0,0,1,1,0,0,1,2,0,1,3,1,0,2,2,0,0,0,0,0,0,0,0,1,0,2,0,0,0,0,0,0,2,1,1,0,0,0,1,3,0,0,3,1,2,0,1,0,0,0,0,0,1,0,1,0,0,0,0,0,0,0,0,0,0,0,0,0,0,0,0,0,0,0,0,0,0,0,0,0
plehanov_uspenskiy.txt_chunk5,plehanov,5,2,2,0,7,0,0,0,0,24,2,0,0,1,0,1,6,0,3,4,2,2,0,1,1,2,0,2,0,0,1,0,0,13,1,2,1,2,1,6,3,1,3,0,44,1,5,2,1,4,9,0,12,0,0,3,1,0,2,1,2,0,1,0,0,1,1,1,0,0,3,1,1,12,3,0,20,2,2,3,4,0,0,0,2,6,1,5,3,0,0,0,1,0,10,0,2,0,5,0,2,0,2,2,0,0,9,1,0,0,0,0,1,1,1,0,0,1,0,0,10,1,1,1,0,10,0,1,3,0,2,0,0,4,1,0,14,1,0,2,4,4,5,0,0,0,1,1,2,1,0,0,3,3,1,0,1,0,1,0,0,1,4,1,1,0,0,0,0,1,1,1,1,1,0,0,0,4,0,4,0,0,0,0,0,0,0,1,1,1,0,2,0,0,0,0,0,0,0,1,0,2,0,0,1,0,9,0,0,0,0,4,1,1,0,1,2,0,3,0,0,0,0,0,0,1,1,0,2,0,1,1,10,0,1,1,4,0,1,0,1,2,0,1,0,0,1,0,1,0,1,2,1,4,1,3,0,0,2,0,0,0,2,0,0,0,0,1,0,0,0,0,0,0,0,3,0,0,0,0,0,0,0,0,0,0,0,1,0,0,0,0,0,0,0,0,0,0,0,0
plehanov_uspenskiy.txt_chunk6,plehanov,6,3,0,0,0,0,0,5,0,35,2,0,0,4,0,2,4,0,1,3,0,1,0,2,0,3,0,2,1,0,1,0,1,3,0,0,0,3,2,7,1,0,0,0,18,0,6,2,1,1,14,0,6,0,0,1,1,0,1,0,0,0,1,1,2,4,1,3,1,3,3,0,0,11,0,2,15,0,1,0,1,0,0,1,0,8,4,1,3,4,3,1,1,1,5,0,2,1,0,1,2,0,7,1,3,0,12,2,1,2,2,0,2,2,2,0,0,2,0,1,2,0,4,0,2,6,4,1,4,0,0,2,2,8,8,0,12,2,0,0,0,4,3,0,2,1,0,3,0,1,2,1,0,0,0,1,4,0,0,0,1,0,0,1,3,0,0,0,1,1,1,1,0,2,2,0,3,3,1,0,0,0,0,3,0,0,2,2,3,0,0,0,0,0,0,0,0,0,0,1,1,3,0,0,2,0,0,0,0,0,0,2,0,1,0,0,2,0,1,0,0,0,2,2,0,2,1,0,1,0,0,0,17,0,2,0,0,0,2,0,1,0,0,0,0,0,0,0,1,0,2,1,1,5,1,0,0,0,1,0,0,0,2,0,0,0,2,2,0,0,1,0,0,2,0,1,0,0,0,1,0,0,0,0,0,0,0,0,0,0,0,0,0,0,0,0,0,0,0,0
plehanov_vroz_idti_vmeste_bit_I.txt_chunk2,plehanov,8,0,6,1,6,0,0,2,0,22,2,1,0,0,0,3,5,1,1,0,0,0,0,0,1,4,0,3,0,0,0,2,2,11,0,1,3,1,4,1,0,2,2,0,32,1,0,4,1,3,5,0,5,1,1,0,1,0,4,1,3,0,0,1,2,0,0,0,0,3,0,2,0,20,0,0,20,0,0,1,3,1,1,0,0,6,1,10,0,0,0,1,0,0,1,0,0,0,7,2,2,0,2,0,4,1,9,1,0,0,2,0,1,0,2,4,2,0,1,1,3,3,0,0,7,6,3,1,6,2,1,1,0,6,6,0,13,4,0,0,1,7,2,1,1,1,1,0,1,1,4,0,3,2,2,0,0,0,0,1,7,0,2,0,1,0,0,0,1,3,2,1,3,2,0,0,6,2,0,0,0,1,0,0,0,0,0,1,0,0,0,1,1,1,0,0,2,1,0,0,2,0,0,0,5,0,1,1,5,1,0,0,2,3,0,2,0,2,0,0,1,2,3,0,0,0,0,5,0,0,7,1,0,2,0,1,0,1,0,0,0,1,1,0,0,1,0,0,0,4,0,0,0,5,7,1,0,2,1,0,8,0,0,4,0,0,2,0,3,6,0,0,1,0,0,0,1,1,0,0,0,2,0,0,0,0,0,0,1,1,0,1,6,0,0,0,0,0,1,0
trotsky_dem_i_rev.txt_chunk3,trotsky,2,0,3,0,6,1,0,1,0,25,2,1,0,1,0,4,6,0,0,1,1,0,1,0,2,0,1,3,1,0,0,1,0,0,2,0,3,2,2,3,1,0,1,7,47,0,2,2,0,3,7,2,8,0,1,0,3,0,0,0,0,0,0,0,0,0,0,0,1,1,0,0,1,16,1,0,20,1,0,4,6,0,0,0,1,6,0,2,0,0,0,0,0,0,2,10,19,0,10,0,0,0,3,0,3,0,8,0,0,3,0,1,0,3,1,4,0,0,0,0,6,0,0,0,0,11,6,3,6,1,0,0,0,1,1,1,15,5,0,0,1,8,1,1,1,1,0,0,1,0,0,0,0,1,2,0,0,0,1,0,0,1,0,0,1,1,0,1,1,0,0,0,2,0,1,2,0,1,2,0,0,0,3,0,0,0,1,0,0,1,0,2,3,0,0,2,2,1,0,0,0,0,4,0,0,0,1,0,0,0,1,1,2,0,0,0,0,3,0,0,0,0,2,1,3,0,0,1,0,0,0,5,0,0,0,3,3,0,1,0,0,0,0,0,0,0,0,0,0,0,0,2,4,4,0,1,0,0,0,0,2,1,0,1,1,0,7,0,0,0,0,0,0,0,0,1,0,1,0,1,0,0,0,0,0,0,5,0,0,1,1,0,0,1,0,0,0,0,0,0
trotsky_demokratia.txt_chunk1,trotsky,4,0,2,0,2,1,2,0,1,24,0,0,0,0,0,1,1,1,0,0,1,1,0,0,0,0,0,1,0,0,0,1,0,1,0,0,3,1,4,7,2,2,4,4,38,0,1,3,3,7,6,0,4,0,2,0,2,0,4,1,0,0,2,1,0,0,0,1,1,3,0,0,1,20,1,0,17,0,0,4,5,0,0,0,0,4,2,3,1,1,1,0,1,1,0,11,1,1,3,0,0,0,0,1,1,0,10,0,3,0,1,0,0,1,6,0,1,0,1,0,3,0,2,0,0,2,2,1,6,1,0,2,0,0,0,0,11,2,1,0,0,4,0,0,2,0,0,0,2,0,0,1,0,0,1,0,2,7,1,0,0,1,0,0,0,1,0,0,0,0,0,0,1,2,0,1,0,1,4,0,0,0,5,0,0,0,2,0,0,1,1,2,0,0,0,1,3,0,0,0,0,0,0,0,2,1,0,0,1,0,0,0,0,0,3,0,0,2,0,0,0,2,1,0,1,2,2,2,3,1,2,0,0,1,0,1,3,0,0,0,0,0,0,1,1,0,1,1,0,0,0,2,0,12,1,0,0,0,0,0,1,0,0,1,0,0,2,0,1,0,2,0,1,0,0,0,0,0,0,2,1,0,0,0,2,0,7,0,4,1,0,0,0,1,0,1,0,0,0,0
trotsky_demokratia.txt_chunk2,trotsky,3.5650623885918002,0,1.7825311942959001,0,3.5650623885918002,0,0,3.5650623885918002,3.5650623885918002,16.042780748663102,0,3.5650623885918002,0,0,0,0,1.7825311942959001,0,1.7825311942959001,0,0,1.7825311942959001,1.7825311942959001,0,0,0,0,7.1301247771836005,5.347593582887701,0,5.347593582887701,0,0,0,0,3.5650623885918002,10.695187165775401,0,0,5.347593582887701,0,0,0,1.7825311942959001,23.172905525846705,0,3.5650623885918002,1.7825311942959001,0,3.5650623885918002,1.7825311942959001,0,8.9126559714795,0,0,1.7825311942959001,0,1.7825311942959001,0,1.7825311942959001,0,0,0,0,0,0,0,0,0,0,3.5650623885918002,0,0,19.607843137254903,1.7825311942959001,0,26.737967914438503,0,0,1.7825311942959001,0,0,0,0,1.7825311942959001,3.5650623885918002,3.5650623885918002,1.7825311942959001,0,0,0,0,0,0,1.7825311942959001,1.7825311942959001,0,0,12.477718360071302,0,1.7825311942959001,0,3.5650623885918002,0,1.7825311942959001,0,3.5650623885918002,0,0,0,1.7825311942959001,0,1.7825311942959001,0,1.7825311942959001,0,3.5650623885918002,0,1.7825311942959001,0,5.347593582887701,0,0,0,1.7825311942959001,5.347593582887701,1.7825311942959001,0,5.347593582887701,0,0,0,0,5.347593582887701,0,0,21.390374331550802,0,3.5650623885918002,0,0,7.1301247771836005,1.7825311942959001,0,0,0,0,1.7825311942959001,1.7825311942959001,0,1.7825311942959001,0,1.7825311942959001,0,0,0,5.347593582887701,0,0,0,0,3.5650623885918002,0,0,1.7825311942959001,3.5650623885918002,0,1.7825311942959001,1.7825311942959001,0,1.7825311942959001,0,1.7825311942959001,0,0,1.7825311942959001,1.7825311942959001,1.7825311942959001,1.7825311942959001,0,0,0,3.5650623885918002,0,0,0,0,0,0,0,0,0,0,0,1.7825311942959001,0,0,0,0,0,0,0,0,0,1.7825311942959001,3.5650623885918002,0,0,0,0,0,0,0,0,3.5650623885918002,0,0,1.7825311942959001,1.7825311942959001,0,0,0,0,0,0,0,0,1.7825311942959001,0,0,0,0,0,0,0,0,0,0,0,0,0,0,3.5650623885918002,0,0,0,0,0,0,3.5650623885918002,3.5650623885918002,1.7825311942959001,0,1.7825311942959001,0,0,0,0,0,0,1.7825311942959001,3.5650623885918002,0,0,0,0,0,0,0,0,1.7825311942959001,5.347593582887701,0,0,0,0,8.9126559714795,5.347593582887701,0,0,7.1301247771836005,0,0,0,0,1.7825311942959001,1.7825311942959001,1.7825311942959001,1.7825311942959001,0,0,0,0,0,0,0,0,0,0,0
trotsky_intellig_dem.txt_chunk1,trotsky,5,2,0,0,2,2,2,3,3,35,0,0,2,1,0,0,4,0,2,2,1,1,0,0,0,1,0,3,0,1,1,0,0,4,4,0,5,0,3,3,1,0,1,0,46,0,3,2,3,7,9,0,6,0,0,0,2,0,0,2,0,0,2,0,0,0,0,1,1,2,0,1,1,14,0,0,10,1,0,1,1,0,0,1,1,4,0,5,4,1,1,0,1,0,1,1,1,0,3,0,0,2,4,0,4,0,10,0,1,2,1,0,0,2,1,1,0,1,0,0,2,1,1,0,1,3,1,1,1,1,0,0,0,0,1,0,11,5,1,0,1,3,2,3,1,0,0,0,1,0,2,2,0,0,1,0,0,0,0,0,2,1,0,0,0,0,0,1,0,0,0,0,0,5,1,1,2,5,1,1,0,0,1,0,0,0,0,0,0,0,2,0,0,0,0,0,0,1,1,1,0,0,0,0,0,4,2,0,0,0,0,2,0,0,0,1,0,2,0,0,0,0,0,1,0,0,0,0,0,1,0,0,0,2,0,1,0,0,1,0,1,1,0,1,0,0,0,0,0,0,0,1,0,1,0,0,0,6,0,0,0,3,0,0,0,3,0,0,1,1,0,1,3,0,0,0,3,0,0,0,0,0,0,0,1,0,3,0,0,0,0,1,1,0,0,0,0,0,0,0
trotsky_intellig_dem.txt_chunk11,trotsky,5,1,0,0,3,1,5,6,1,15,0,0,0,0,0,1,5,0,0,0,0,0,0,2,0,0,0,4,0,1,0,0,1,0,1,0,2,0,2,3,0,2,7,0,32,0,3,3,1,1,12,0,2,0,2,0,1,2,0,2,0,0,1,0,3,0,0,0,1,1,1,0,2,17,0,0,18,0,1,0,1,1,0,1,0,5,2,6,3,4,1,0,0,0,0,0,1,1,2,0,0,1,5,1,1,0,10,2,0,0,1,0,0,1,0,0,0,0,1,0,5,0,3,0,1,3,4,4,1,0,0,0,0,2,3,0,12,3,0,1,1,4,2,1,1,1,1,0,0,0,6,0,0,1,1,0,0,2,0,1,3,0,1,0,0,0,0,0,1,2,0,0,0,3,1,0,2,2,0,0,0,1,1,1,0,1,0,0,0,0,0,1,0,0,0,1,1,0,0,1,0,2,0,1,0,3,2,0,1,0,0,1,0,0,0,0,0,0,1,0,3,0,0,0,2,0,1,0,1,0,0,0,2,1,0,0,0,0,0,0,1,0,1,0,0,1,1,1,1,1,0,0,0,5,0,2,0,1,0,0,0,0,0,0,0,1,0,0,0,1,0,1,0,0,0,0,3,0,1,2,0,0,0,0,0,0,0,0,0,0,1,0,0,1,0,0,0,0,0,0
trotsky_intellig_dem.txt_chunk16,trotsky,1,0,0,0,3,1,2,3,2,32,1,4,0,0,0,0,3,0,1,1,0,2,0,0,0,1,0,4,1,2,0,2,1,2,3,0,5,0,0,3,0,0,5,1,37,0,5,4,0,4,8,1,3,0,2,0,0,0,2,2,1,0,2,0,0,0,0,0,1,0,0,0,0,18,0,0,18,0,1,3,1,1,0,0,3,7,1,5,0,1,0,0,0,2,0,4,4,7,6,0,1,1,2,4,3,0,9,0,0,1,2,0,0,0,0,2,0,1,0,1,2,0,0,0,1,7,1,0,5,2,0,0,0,1,2,0,20,1,0,2,2,12,1,0,2,0,0,0,0,0,1,0,0,1,2,0,1,0,1,0,2,0,1,0,0,0,0,1,1,0,1,0,2,2,0,0,0,1,0,0,1,0,1,1,0,0,1,0,0,0,3,0,1,1,0,0,1,0,0,0,0,1,0,0,2,2,0,0,0,0,1,1,1,1,0,0,0,0,1,0,0,0,1,0,1,0,0,0,1,1,1,0,0,2,1,0,0,0,0,0,0,0,0,1,0,0,0,0,0,0,2,5,1,9,3,0,0,0,3,0,0,1,2,0,0,1,0,0,0,0,0,0,0,0,0,0,1,0,0,4,0,0,0,0,0,0,0,3,1,2,4,1,0,0,0,0,0,0,0,0
trotsky_intellig_dem.txt_chunk17,trotsky,1,0,1,0,5,1,0,1,0,26,1,2,1,1,0,0,2,0,0,0,0,0,0,0,0,0,0,4,0,0,0,0,0,1,3,0,2,2,1,2,2,0,1,0,44,0,3,7,0,7,6,0,8,0,1,2,2,2,2,0,0,0,0,0,0,0,0,0,0,1,1,0,0,17,3,0,18,1,0,0,2,1,0,1,1,8,1,3,1,2,0,1,3,2,3,2,8,1,6,0,0,0,11,5,1,0,5,0,1,3,5,1,1,3,0,0,2,1,0,3,4,0,2,1,4,1,4,0,6,2,0,1,0,1,0,0,9,4,1,0,0,8,1,2,1,1,1,0,1,0,0,0,1,1,0,0,0,0,1,2,0,0,0,1,0,0,0,2,3,0,0,0,1,1,2,1,4,3,0,0,0,1,4,0,0,0,0,0,0,0,1,0,2,0,0,0,1,0,0,0,0,0,3,0,0,2,0,0,1,1,1,0,1,1,1,0,0,0,0,0,0,1,0,0,0,1,2,0,0,1,0,0,0,1,2,0,0,0,3,0,0,0,1,1,0,0,2,0,0,1,1,0,0,2,0,0,0,0,0,1,0,0,0,0,0,0,0,1,1,0,2,0,0,0,0,0,0,0,0,5,0,0,1,0,0,1,2,0,2,0,2,0,0,2,0,0,0,0,0,0
trotsky_intellig_dem.txt_chunk18,trotsky,6.430868167202572,0,3.215434083601286,0,11.254019292604502,0,0,4.82315112540193,1.607717041800643,19.29260450160772,1.607717041800643,0,0,0,0,1.607717041800643,11.254019292604502,0,0,0,0,1.607717041800643,0,0,0,1.607717041800643,0,3.215434083601286,0,1.607717041800643,0,0,0,0,1.607717041800643,0,4.82315112540193,1.607717041800643,1.607717041800643,1.607717041800643,0,0,11.254019292604502,0,46.62379421221865,0,0,0,1.607717041800643,6.430868167202572,12.861736334405144,0,1.607717041800643,1.607717041800643,0,1.607717041800643,0,0,0,0,0,0,1.607717041800643,0,1.607717041800643,0,1.607717041800643,0,0,0,0,0,0,6.430868167202572,0,0,9.64630225080386,0,0,3.215434083601286,0,0,0,1.607717041800643,0,12.861736334405144,1.607717041800643,1.607717041800643,0,1.607717041800643,0,0,1.607717041800643,0,3.215434083601286,4.82315112540193,14.469453376205788,0,1.607717041800643,0,0,1.607717041800643,1.607717041800643,0,0,0,16.07717041800643,0,0,0,1.607717041800643,0,0,0,0,1.607717041800643,0,0,3.215434083601286,0,0,0,1.607717041800643,1.607717041800643,1.607717041800643,3.215434083601286,3.215434083601286,0,3.215434083601286,0,0,0,0,3.215434083601286,0,3.215434083601286,11.254019292604502,1.607717041800643,0,1.607717041800643,3.215434083601286,3.215434083601286,1.607717041800643,1.607717041800643,0,0,0,3.215434083601286,1.607717041800643,0,1.607717041800643,0,0,0,1.607717041800643,0,1.607717041800643,0,1.607717041800643,0,0,0,3.215434083601286,0,0,0,0,0,0,0,0,1.607717041800643,1.607717041800643,3.215434083601286,0,0,1.607717041800643,6.430868167202572,3.215434083601286,0,1.607717041800643,0,4.82315112540193,0,0,0,0,0,0,0,1.607717041800643,0,0,0,0,0,0,0,0,0,0,3.215434083601286,0,1.607717041800643,0,0,1.607717041800643,0,0,0,0,0,0,3.215434083601286,0,0,1.607717041800643,3.215434083601286,0,0,1.607717041800643,0,1.607717041800643,0,0,0,0,0,0,0,3.215434083601286,0,0,0,0,0,0,1.607717041800643,0,0,0,0,0,1.607717041800643,0,0,0,0,1.607717041800643,0,0,1.607717041800643,0,1.607717041800643,0,1.607717041800643,3.215434083601286,0,0,0,0,0,0,0,0,0,0,0,0,0,0,0,0,1.607717041800643,0,0,0,0,0,1.607717041800643,0,0,6.430868167202572,0,0,3.215434083601286,0,0,0,1.607717041800643,0,0,0,0,0,0,0,0,0,0
trotsky_intellig_dem.txt_chunk3,trotsky,4,1,0,0,7,2,2,3,1,32,1,1,0,2,0,1,3,1,1,2,2,0,0,0,0,0,0,1,0,0,0,0,0,0,8,1,2,1,3,4,0,0,4,2,33,1,6,2,1,4,7,0,11,0,2,0,2,0,2,1,2,1,0,0,1,0,0,0,0,2,1,2,0,7,0,0,22,1,0,0,2,0,0,2,2,5,0,2,1,1,0,1,0,0,2,6,4,0,1,0,2,0,1,0,0,0,6,0,0,1,1,2,1,1,1,1,2,0,0,0,5,0,0,0,2,4,1,1,1,1,0,0,0,1,2,1,14,3,2,3,0,2,1,1,1,0,0,0,0,0,0,1,1,1,0,0,3,0,1,1,2,3,0,0,0,2,0,0,0,0,0,0,2,4,1,0,0,0,2,0,0,1,1,0,0,0,0,0,2,0,0,1,0,0,0,0,0,1,0,0,2,2,0,0,0,0,0,0,0,0,0,0,0,2,0,0,0,0,0,0,0,0,0,1,1,0,3,0,0,0,2,2,0,1,0,1,0,3,0,0,0,0,0,1,0,0,0,1,2,0,0,0,0,3,0,0,0,7,0,2,0,4,0,1,1,1,0,3,1,0,0,0,0,0,0,0,2,1,1,0,0,1,0,0,0,0,1,0,0,0,0,0,0,1,0,1,0,0,0,0
trotsky_intellig_dem.txt_chunk4,trotsky,3,0,0,0,19,6,4,4,2,27,0,4,0,3,0,1,2,2,0,0,0,1,0,0,1,0,0,6,0,1,0,1,1,0,6,0,10,0,2,1,1,1,0,0,28,0,3,0,2,4,1,0,7,0,2,1,1,1,2,4,0,0,2,0,0,0,0,3,1,2,3,0,1,13,0,0,21,0,0,0,1,2,0,1,1,6,0,1,3,0,1,0,0,2,0,7,10,0,6,0,0,1,6,0,2,0,5,0,1,0,0,1,2,2,0,1,0,1,0,0,1,0,0,0,1,2,3,0,3,0,0,0,0,3,2,2,9,5,3,4,0,3,2,0,2,0,0,0,0,0,0,3,0,0,0,0,5,0,0,3,1,0,0,0,0,1,0,0,0,0,0,2,0,0,1,1,0,1,0,0,0,1,1,1,0,0,0,0,0,2,1,0,0,0,0,5,0,0,1,0,3,0,0,3,2,0,0,0,0,0,2,0,0,1,0,0,0,0,0,0,3,1,1,1,1,1,1,0,0,0,1,0,1,0,2,0,0,1,0,0,0,0,0,1,0,0,0,1,0,0,0,2,5,4,0,0,0,0,2,0,0,0,1,0,0,0,1,0,0,2,0,0,0,0,0,1,1,1,2,3,1,0,2,0,0,3,0,0,0,2,1,0,1,0,0,0,0,0,0,0
trotsky_intellig_dem.txt_chunk5,trotsky,0,2,0,0,0,1,0,0,2,32,2,1,0,0,0,1,4,0,1,1,0,2,1,0,0,0,0,2,0,1,0,1,2,2,2,0,2,0,1,3,1,1,1,0,36,0,6,3,1,1,11,0,10,0,0,1,0,0,1,0,0,0,4,0,1,0,0,0,1,1,0,0,0,12,1,0,7,0,0,0,2,0,1,1,0,2,0,7,2,1,0,0,0,0,0,7,1,0,8,1,0,0,5,1,3,0,8,0,3,1,3,1,1,1,1,0,0,1,0,0,4,0,0,0,3,1,1,1,1,1,0,0,0,2,0,2,4,2,1,0,1,1,0,0,2,0,0,0,1,0,1,0,0,0,0,0,0,0,0,0,5,1,2,0,0,0,0,0,0,0,0,0,0,2,0,0,3,2,1,2,1,0,2,0,0,0,0,0,0,0,0,0,0,0,0,2,2,0,0,0,0,0,0,0,1,1,1,0,0,0,3,1,3,0,1,0,0,3,0,0,3,0,2,0,0,0,1,1,0,1,0,0,0,2,0,0,0,0,0,0,0,0,0,0,1,1,0,1,0,1,0,1,0,1,1,0,0,5,0,0,0,1,0,0,0,2,1,2,0,3,1,0,0,0,0,0,3,0,1,4,3,0,0,0,0,1,0,1,0,0,1,0,0,0,0,0,0,0,0,0
trotsky_intellig_dem.txt_chunk6,trotsky,2,0,0,2,0,0,0,1,3,24,0,0,0,1,0,1,7,0,3,0,1,1,0,0,2,0,0,3,0,0,0,0,0,1,2,1,2,1,3,5,1,1,0,0,40,3,3,0,0,2,9,1,11,0,2,0,3,1,3,0,0,1,2,0,2,0,0,1,1,1,0,0,0,13,1,1,18,2,1,1,2,0,0,0,2,5,1,1,0,0,0,1,0,1,1,1,3,0,4,0,0,1,5,3,0,1,10,0,0,1,4,0,0,0,0,0,0,0,0,1,3,0,0,0,2,8,3,0,3,0,1,0,1,5,1,2,12,4,1,2,0,3,0,1,1,0,0,0,2,0,1,0,0,0,1,0,3,0,1,0,2,2,0,0,0,8,0,0,1,0,0,1,0,4,0,0,2,1,1,0,0,0,1,0,0,0,1,1,0,0,0,3,0,0,0,4,0,0,0,0,0,1,0,0,1,0,1,0,0,0,1,2,0,1,1,0,0,5,2,0,0,0,2,1,0,0,0,2,1,1,2,0,0,0,1,1,0,0,0,1,1,0,0,0,0,1,0,1,1,0,0,2,0,8,0,1,0,7,0,0,0,2,0,1,0,0,1,1,0,0,0,0,1,0,0,0,0,3,0,0,0,1,10,0,0,0,0,0,0,1,0,0,0,0,0,0,0,0,0,0
trotsky_intellig_dem.txt_chunk7,trotsky,4,0,1,0,8,0,1,3,3,34,2,1,1,0,1,2,2,0,1,2,1,1,1,0,1,2,0,4,0,1,1,1,0,4,5,1,3,2,4,5,4,2,5,0,35,0,6,3,0,3,10,0,13,1,3,0,1,0,6,2,0,0,4,0,1,0,0,0,1,5,2,2,0,14,0,0,16,1,0,2,0,0,1,1,0,5,1,1,1,2,1,1,0,1,7,2,4,0,1,0,0,1,4,2,0,0,12,0,0,2,0,4,1,0,0,0,1,2,1,1,5,1,1,0,0,4,0,0,3,2,0,1,1,2,0,0,9,3,0,3,1,5,2,0,2,1,1,0,0,1,0,0,0,1,0,0,1,0,0,0,1,0,1,0,0,4,0,1,0,0,0,3,2,1,1,0,0,0,3,0,0,0,4,1,0,0,0,0,1,0,0,0,0,0,1,0,1,0,0,0,1,1,1,0,2,0,0,0,1,1,0,1,2,0,3,0,0,3,0,0,0,0,1,1,2,1,4,1,2,0,0,0,0,2,0,1,0,0,1,0,1,0,0,0,0,0,1,0,1,0,0,0,0,10,0,0,0,1,1,2,0,1,0,0,1,2,0,0,0,0,1,0,1,0,0,0,3,0,0,2,0,0,0,0,0,2,0,1,0,0,1,0,0,1,0,0,0,0,0,0
trotsky_k_smerty_parvusa.txt_chunk2,trotsky,0,0,0,0,0,0,0,0,0,0,0,0,0,0,0,0,0,0,0,0,0,0,0,0,0,0,0,0,0,0,0,0,0,40,0,0,0,0,0,0,0,0,40,0,40,0,0,0,0,0,0,0,40,0,0,0,0,0,0,0,0,0,0,0,0,0,0,0,0,0,0,0,0,0,0,40,40,0,0,0,0,0,0,0,0,0,0,0,0,0,0,0,0,0,40,0,0,0,0,0,0,0,40,0,0,0,0,0,0,0,0,0,0,0,0,0,0,0,0,40,40,0,0,0,0,40,0,0,0,0,0,0,0,0,0,0,40,40,0,0,0,40,0,0,0,0,0,0,0,0,0,0,0,0,0,0,0,0,0,0,0,0,0,0,0,0,0,0,0,0,0,0,0,0,0,0,0,0,0,0,0,0,0,0,0,0,0,0,0,0,0,0,0,0,0,0,0,0,0,0,0,0,0,0,0,0,0,0,0,0,0,0,0,40,0,0,0,0,0,0,0,0,0,0,0,0,0,0,0,0,0,0,0,0,0,0,0,0,0,0,0,0,0,0,0,0,0,0,0,0,0,0,0,0,0,0,0,0,0,0,0,0,0,0,0,0,0,0,0,0,0,0,0,0,0,0,0,0,0,0,0,0,0,0,0,0,0,0,0,0,0,0,0,0,0,0,0,0,0,0
trotsky_kapital_v_opozicii.txt_chunk1,trotsky,3,0,0,0,3,2,0,1,2,21,0,1,1,1,0,3,5,1,0,0,0,2,0,0,1,0,0,5,0,1,1,0,0,1,3,1,1,0,1,1,0,0,3,0,41,0,2,2,1,2,9,0,7,0,1,0,1,1,0,0,1,0,0,0,0,0,0,0,0,0,0,0,1,13,0,0,14,0,1,1,4,1,1,1,2,7,0,1,0,1,0,0,0,0,2,2,1,2,4,0,1,1,2,3,5,1,11,0,1,3,0,1,0,1,1,0,0,0,0,1,1,0,1,0,1,0,3,1,2,2,0,2,1,1,3,0,9,2,1,2,0,0,0,0,2,0,1,0,1,0,2,0,0,1,1,2,0,0,0,1,1,0,0,1,1,0,1,0,1,0,0,0,0,0,0,1,2,1,1,0,0,0,0,0,0,0,1,0,0,0,0,0,0,0,1,2,0,1,1,2,0,0,0,0,0,0,3,1,0,0,1,1,0,0,0,0,1,2,1,2,1,0,1,1,0,0,3,1,4,1,0,0,0,1,0,0,0,0,1,0,0,0,0,0,0,1,0,0,0,2,0,2,0,1,1,3,0,0,1,0,0,0,0,0,0,2,0,0,0,1,0,0,1,1,2,0,0,1,0,1,2,0,1,0,0,0,0,1,0,1,1,0,0,0,2,0,0,0,0,0
trotsky_kapital_v_opozicii.txt_chunk4,trotsky,4,0,2,0,3,0,0,2,2,27,3,1,1,1,0,0,2,0,0,0,0,5,0,0,0,0,0,8,1,0,0,0,2,3,1,0,2,1,2,2,1,2,1,0,38,1,2,0,0,2,8,0,5,1,0,0,1,1,0,3,0,0,0,0,3,0,0,0,1,3,0,0,0,12,0,1,16,0,1,1,3,0,0,1,0,7,0,4,2,0,0,0,0,0,1,0,2,0,0,0,0,0,7,0,2,0,7,0,0,0,2,0,1,3,0,2,0,0,0,1,2,0,0,0,0,2,0,0,5,2,0,0,0,3,1,2,6,1,0,1,2,1,4,0,0,0,0,0,5,0,1,0,0,1,0,0,0,1,0,0,1,1,0,1,0,1,0,0,0,1,0,0,1,2,2,3,3,4,1,0,3,2,0,0,0,0,0,0,0,1,0,1,0,0,0,3,1,6,1,4,0,1,0,0,0,1,1,1,0,0,1,0,0,4,0,0,0,0,1,0,6,0,0,0,1,0,0,0,1,1,0,1,1,0,1,1,0,0,0,0,1,0,0,2,0,0,0,1,1,3,0,2,0,3,1,0,2,1,0,2,0,0,1,0,1,1,0,0,0,1,0,0,1,1,1,0,1,0,0,1,1,1,0,0,0,2,0,0,1,0,1,0,0,0,1,0,0,0,0,0
trotsky_kapital_v_opozicii.txt_chunk5,trotsky,4,0,0,0,9,1,0,3,3,22,2,0,0,0,2,0,4,0,1,2,1,2,0,0,0,0,0,8,1,2,2,1,0,3,1,1,1,2,0,6,1,0,6,0,48,0,3,1,1,4,6,0,6,0,0,0,0,0,1,4,1,1,0,0,1,0,0,1,0,0,1,0,0,9,3,0,19,0,0,0,3,0,0,0,0,9,0,5,0,1,0,0,2,1,4,2,0,0,5,1,1,0,6,3,4,0,9,0,0,0,1,0,0,2,1,0,1,0,2,1,4,2,0,1,1,2,0,1,3,1,1,1,1,0,2,0,13,0,4,0,1,4,0,1,1,0,0,0,1,0,4,0,0,0,1,2,0,0,0,0,0,1,0,0,0,1,0,0,2,0,0,1,3,2,0,1,3,1,0,0,0,1,0,0,0,0,2,0,0,0,0,0,0,0,0,1,1,7,1,1,0,0,0,0,0,0,2,0,0,0,0,0,2,1,0,0,0,0,1,3,7,0,3,2,3,0,1,1,0,0,0,2,3,1,0,4,0,0,0,0,1,1,1,1,2,2,0,2,0,0,1,0,0,4,0,2,1,0,2,0,1,0,0,0,0,1,0,3,0,1,0,0,0,0,1,0,0,0,1,1,0,0,0,0,0,0,0,1,1,1,0,0,2,1,1,0,0,0,0,0
trotsky_opekaemoe_studenchestvo_I.txt_chunk1,trotsky,8.008008008008009,0,0,0,3.003003003003003,0,0,2.002002002002002,0,32.032032032032035,1.001001001001001,2.002002002002002,0,0,1.001001001001001,1.001001001001001,2.002002002002002,2.002002002002002,0,0,0,1.001001001001001,1.001001001001001,1.001001001001001,0,0,0,4.004004004004004,0,0,2.002002002002002,0,1.001001001001001,4.004004004004004,0,0,2.002002002002002,0,1.001001001001001,3.003003003003003,0,0,0,1.001001001001001,33.03303303303303,0,4.004004004004004,5.005005005005005,1.001001001001001,0,5.005005005005005,0,14.014014014014014,0,1.001001001001001,2.002002002002002,1.001001001001001,1.001001001001001,1.001001001001001,1.001001001001001,0,0,3.003003003003003,0,3.003003003003003,0,0,0,1.001001001001001,5.005005005005005,1.001001001001001,1.001001001001001,1.001001001001001,11.01101101101101,0,0,22.02202202202202,1.001001001001001,1.001001001001001,0,2.002002002002002,1.001001001001001,0,0,0,6.006006006006006,0,3.003003003003003,1.001001001001001,0,0,0,1.001001001001001,0,3.003003003003003,0,1.001001001001001,1.001001001001001,8.008008008008009,0,0,3.003003003003003,1.001001001001001,2.002002002002002,0,1.001001001001001,15.015015015015015,0,1.001001001001001,0,0,1.001001001001001,2.002002002002002,1.001001001001001,1.001001001001001,2.002002002002002,2.002002002002002,2.002002002002002,0,0,5.005005005005005,0,0,1.001001001001001,0,2.002002002002002,2.002002002002002,2.002002002002002,4.004004004004004,1.001001001001001,0,1.001001001001001,0,0,0,1.001001001001001,9.00900900900901,4.004004004004004,1.001001001001001,0,0,3.003003003003003,3.003003003003003,0,1.001001001001001,1.001001001001001,2.002002002002002,0,0,1.001001001001001,2.002002002002002,0,1.001001001001001,0,0,1.001001001001001,2.002002002002002,0,0,0,0,5.005005005005005,0,2.002002002002002,0,0,0,0,1.001001001001001,0,0,0,1.001001001001001,2.002002002002002,0,1.001001001001001,2.002002002002002,0,5.005005005005005,1.001001001001001,0,0,3.003003003003003,1.001001001001001,0,0,0,0,0,0,0,0,4.004004004004004,0,0,1.001001001001001,2.002002002002002,0,0,2.002002002002002,0,0,0,0,0,6.006006006006006,2.002002002002002,2.002002002002002,1.001001001001001,2.002002002002002,3.003003003003003,0,0,1.001001001001001,1.001001001001001,0,0,0,0,0,0,3.003003003003003,0,0,0,1.001001001001001,0,0,0,0,1.001001001001001,1.001001001001001,0,0,0,0,1.001001001001001,0,0,1.001001001001001,0,0,0,1.001001001001001,0,0,3.003003003003003,0,0,0,1.001001001001001,3.003003003003003,0,6.006006006006006,0,2.002002002002002,1.001001001001001,0,1.001001001001001,0,0,0,0,1.001001001001001,0,0,0,0,0,2.002002002002002,0,1.001001001001001,1.001001001001001,0,0,0,0,0,0,2.002002002002002,0,0,2.002002002002002,0,0,0,1.001001001001001,1.001001001001001,1.001001001001001,0,0,2.002002002002002,1.001001001001001,0,0,0,0,0,0,0
trotsky_perm_rev.txt_chunk10,trotsky,4,3,0,0,9,6,2,4,0,34,6,0,2,1,0,3,3,0,1,1,1,1,0,1,1,0,0,2,0,0,0,0,0,4,1,2,5,1,2,10,1,0,3,1,32,0,9,3,0,1,9,0,2,0,4,0,0,0,0,4,0,1,2,0,1,4,1,0,0,1,2,2,0,11,1,0,22,1,1,0,2,0,0,0,0,5,2,0,2,0,1,1,1,0,3,0,4,0,3,0,1,1,4,1,1,1,12,1,0,1,0,0,0,2,1,1,0,1,1,2,0,0,0,0,2,9,0,0,6,2,0,0,1,4,5,0,16,0,0,2,2,6,1,2,1,2,1,11,0,1,1,0,0,2,0,1,8,0,0,0,0,1,0,0,1,0,0,1,0,0,0,0,1,1,1,0,0,5,2,1,0,0,0,0,0,0,2,0,0,0,1,0,2,0,0,1,2,0,0,0,0,0,1,0,0,0,2,0,1,0,1,1,1,2,0,1,0,0,0,0,0,2,0,0,0,1,0,2,0,0,1,2,0,2,2,0,0,1,1,2,0,0,0,1,0,0,0,1,0,0,0,1,0,2,2,1,0,0,0,0,0,0,0,2,1,1,0,0,0,0,1,0,0,0,1,0,0,0,0,0,0,1,0,0,1,0,0,0,0,0,0,1,0,10,0,0,6,0,1,2
trotsky_perm_rev.txt_chunk11,trotsky,5,0,0,0,2,0,1,4,0,36,1,3,0,2,0,2,7,0,0,0,0,0,2,1,0,0,0,1,1,0,1,0,0,2,2,1,1,2,5,6,0,0,2,0,35,0,7,3,0,4,3,0,12,0,1,1,0,0,0,0,0,0,0,0,1,4,5,1,0,1,0,0,0,11,1,0,23,2,0,1,1,0,0,0,1,6,3,9,2,0,1,0,1,1,5,1,0,0,6,1,2,0,6,5,1,2,16,1,1,0,2,0,1,1,1,0,2,0,0,1,3,0,0,3,0,6,2,1,1,2,0,2,0,7,2,1,16,1,2,1,2,9,3,2,4,1,0,12,0,1,3,0,0,0,1,0,4,0,0,1,0,0,0,1,1,0,0,1,0,0,1,1,1,2,0,3,1,0,1,0,0,0,0,2,0,0,1,0,0,0,0,0,2,0,2,2,1,0,0,1,0,0,0,0,2,0,4,0,0,0,0,1,0,5,3,0,0,0,0,0,0,0,1,0,1,0,0,2,0,0,0,0,0,2,1,0,0,0,0,2,0,0,1,0,5,1,0,0,0,0,1,0,0,2,1,3,1,0,0,2,1,0,0,1,0,0,0,0,0,2,1,1,1,0,1,0,0,0,0,0,0,0,0,0,0,0,0,0,0,0,0,0,1,11,0,7,6,0,0,11
trotsky_perm_rev.txt_chunk12,trotsky,4,0,4,1,3,2,2,2,2,40,0,0,1,2,0,1,1,0,2,0,1,1,0,0,0,0,0,4,0,2,0,0,2,4,6,0,3,2,1,3,0,0,3,0,32,0,3,2,0,0,7,1,3,0,3,0,3,1,2,1,0,1,1,1,2,0,0,0,0,4,2,0,1,10,0,0,25,0,1,1,2,0,1,0,1,7,0,5,0,2,0,0,0,0,3,2,0,0,7,0,0,1,1,0,2,2,7,0,1,0,3,1,0,0,2,2,0,0,2,3,1,0,2,2,2,5,2,2,4,0,1,0,0,6,2,1,6,0,2,1,1,8,2,1,3,0,0,4,2,0,5,0,2,3,2,0,1,0,0,0,1,1,1,1,1,0,2,0,1,0,1,0,1,2,0,1,1,1,7,0,0,1,1,2,0,2,3,1,0,0,0,0,2,1,0,3,2,2,0,3,0,5,1,0,1,0,3,0,1,0,2,6,1,1,5,0,0,0,1,1,0,3,6,0,1,0,1,0,1,2,0,0,1,1,0,0,0,0,2,1,0,0,0,0,0,1,0,0,0,2,1,1,0,1,1,2,2,0,0,2,0,0,0,0,0,0,0,0,0,12,1,0,0,0,1,4,0,1,0,0,0,0,0,0,0,0,1,0,0,0,0,1,6,20,2,9,0,0,0,1
trotsky_perm_rev.txt_chunk18,trotsky,8,0,1,0,0,1,0,4,1,46,2,3,3,2,0,0,0,1,1,0,0,0,0,0,1,2,0,1,0,1,3,0,1,1,3,2,2,4,0,8,0,0,6,0,37,2,5,3,0,2,6,0,9,2,0,0,0,1,0,0,2,0,1,1,3,1,0,0,0,2,1,0,0,10,1,0,25,0,1,1,0,0,0,2,2,4,1,3,3,1,0,0,0,0,5,0,0,0,6,0,2,0,2,0,0,0,5,1,0,0,0,0,0,1,0,1,0,1,0,1,5,0,1,0,2,4,2,0,0,3,0,0,3,1,2,1,20,1,1,2,0,11,3,3,2,0,2,13,1,1,1,0,0,0,0,0,0,0,1,0,0,2,1,1,0,0,0,1,0,0,0,1,0,2,0,1,0,2,5,0,0,0,0,0,0,0,1,2,0,0,1,0,2,0,0,0,1,0,1,0,1,1,0,0,0,2,5,3,0,2,2,0,0,2,2,0,4,2,0,0,5,0,1,0,0,0,0,0,0,0,1,2,1,0,0,0,2,0,2,0,1,2,0,0,0,0,0,0,0,0,0,1,0,3,1,1,0,0,0,0,1,2,2,2,0,0,0,1,0,1,0,2,0,0,0,2,1,12,2,0,0,0,0,0,0,0,0,0,3,0,0,0,1,8,1,2,1,0,0,11
trotsky_perm_rev.txt_chunk19,trotsky,2,1,5,1,2,1,0,4,3,30,3,1,0,3,0,0,3,0,2,0,2,0,0,0,0,2,0,0,0,0,2,0,0,3,3,1,1,1,3,5,4,5,3,1,28,1,6,0,0,1,6,0,4,1,1,0,1,1,1,0,0,0,1,1,3,3,3,0,0,4,1,0,1,13,0,0,16,0,1,3,1,1,1,1,0,4,4,9,0,1,2,0,0,0,1,1,2,0,5,2,1,3,3,2,0,0,10,0,0,1,0,0,0,0,2,0,0,2,0,1,3,0,1,0,0,1,2,1,2,2,1,1,2,4,2,2,14,0,2,0,0,10,0,1,2,1,0,9,0,0,1,0,0,2,0,0,1,0,0,0,0,2,0,0,0,0,0,1,0,0,0,0,0,0,2,0,1,0,4,0,0,0,1,0,0,0,0,0,0,0,1,3,0,0,0,1,1,0,0,1,0,0,2,2,0,1,5,0,0,0,1,0,0,1,0,0,1,1,2,1,0,0,1,0,0,0,0,0,0,0,0,1,0,0,0,0,0,0,0,1,1,0,0,0,0,0,0,1,0,0,0,1,0,0,1,1,0,0,0,0,0,0,0,6,0,1,0,0,0,3,1,0,0,0,0,0,0,0,0,1,0,0,0,3,0,1,0,1,0,2,1,0,5,10,0,3,1,0,0,3
trotsky_perm_rev.txt_chunk20,trotsky,8,0,3,0,1,0,2,2,2,30,7,1,2,1,1,0,2,0,3,0,0,0,1,1,2,1,0,3,0,3,0,1,0,1,4,0,5,3,1,6,0,0,2,0,24,0,2,6,4,4,7,0,9,0,1,1,2,0,1,0,1,1,1,0,1,3,0,0,0,3,0,0,1,22,1,0,22,0,0,3,1,1,0,0,0,6,0,4,1,2,0,0,0,0,5,1,0,1,2,2,2,2,1,1,0,2,11,0,0,0,0,0,0,0,1,0,1,1,1,1,0,0,1,0,2,6,1,1,3,1,1,2,1,3,2,1,11,6,1,0,1,8,2,5,1,2,1,7,0,1,1,0,0,2,0,0,4,2,0,0,0,0,0,0,0,0,1,1,1,1,0,0,0,3,0,0,0,0,5,0,0,1,3,0,0,0,1,1,0,0,0,0,1,0,0,0,2,0,0,1,0,0,0,0,1,0,4,1,1,0,0,0,0,2,0,0,0,0,2,1,0,1,0,0,1,0,0,0,0,1,2,1,0,3,0,1,0,0,1,0,0,1,0,2,0,0,0,1,0,0,3,0,2,6,3,1,0,0,0,0,2,0,0,2,0,1,0,0,0,2,1,1,0,0,2,0,0,0,0,0,0,0,1,0,0,0,5,0,0,0,0,2,1,10,1,0,1,0,0,8
trotsky_perm_rev.txt_chunk21,trotsky,3,0,0,1,4,2,0,3,2,20,4,2,0,1,0,1,2,0,1,0,1,0,0,0,0,0,0,3,1,0,1,1,0,4,4,0,4,0,2,2,0,0,4,0,32,0,5,3,0,9,11,0,7,0,0,0,2,1,1,0,0,0,3,0,1,0,1,1,1,2,0,0,0,21,0,0,22,1,2,4,1,0,0,1,1,7,0,4,1,1,0,1,0,1,7,1,4,0,3,0,0,0,2,2,1,2,8,1,0,0,0,0,0,1,0,2,3,0,1,1,1,0,0,0,1,2,1,1,4,0,1,0,0,11,1,1,13,1,4,0,2,4,3,1,1,0,0,8,0,0,1,0,0,1,1,1,2,0,0,0,1,1,0,0,0,0,0,0,0,0,1,0,0,2,1,0,2,0,2,0,2,0,3,0,0,0,4,1,0,0,0,1,3,1,0,0,0,0,0,1,0,0,0,0,0,2,0,0,0,0,1,2,0,1,0,1,0,0,1,0,0,1,0,0,0,0,1,2,1,1,0,1,0,1,1,1,1,0,0,0,0,1,0,1,2,0,0,0,0,1,0,1,4,0,8,0,0,1,0,0,2,1,1,0,1,0,0,0,0,5,1,0,0,0,4,2,0,1,0,0,0,1,1,1,0,0,7,0,0,2,1,3,7,17,2,0,1,0,0,0
trotsky_perm_rev.txt_chunk22,trotsky,7,0,0,0,3,0,0,1,1,39,1,0,5,1,1,0,6,0,1,0,0,2,0,0,0,0,0,4,0,0,0,0,2,2,2,0,3,2,5,7,1,1,0,0,30,0,1,3,0,1,10,1,14,0,3,1,1,0,3,0,0,0,0,0,0,2,1,0,0,0,0,1,1,8,0,0,24,1,0,0,0,0,0,0,0,6,0,12,5,0,0,0,1,0,4,0,3,0,3,3,1,0,3,1,4,1,9,0,0,0,2,0,0,2,0,0,0,1,0,2,2,0,0,0,2,4,1,1,4,1,0,0,1,6,3,2,16,1,3,3,0,6,1,3,1,1,0,10,5,0,3,0,0,3,1,0,3,1,0,1,0,0,1,2,0,0,0,0,0,0,0,2,1,0,1,1,2,2,6,0,0,0,0,0,0,0,0,0,0,0,1,0,0,1,0,2,2,0,0,0,1,0,0,0,1,0,6,0,0,0,0,1,1,1,1,1,0,0,0,0,0,1,1,0,0,0,0,2,0,0,3,0,0,1,0,1,1,0,1,0,2,2,0,0,0,1,0,0,1,0,1,1,0,1,1,2,3,0,0,1,0,2,0,5,1,0,0,1,0,2,0,1,1,0,3,0,0,2,0,1,0,0,0,0,0,0,0,0,0,0,0,0,1,20,0,3,9,0,0,4
trotsky_perm_rev.txt_chunk23,trotsky,11,1,2,0,5,1,0,6,1,42,0,1,0,0,0,2,5,0,1,2,2,0,1,1,1,1,0,2,1,0,0,0,0,1,0,1,1,4,1,9,0,0,2,1,35,1,8,2,1,0,5,0,11,0,1,0,0,0,2,0,0,1,1,1,1,1,1,0,0,1,1,2,0,12,0,2,28,0,2,2,3,0,0,1,1,8,0,6,2,2,1,1,1,3,2,1,0,0,0,1,1,0,4,2,0,0,7,0,0,0,0,0,0,0,0,0,0,0,0,0,4,0,1,1,0,6,3,0,3,3,1,3,0,5,1,1,17,2,2,1,1,8,4,0,1,1,0,8,3,1,4,0,0,1,0,0,1,2,0,0,0,2,2,1,1,0,0,0,0,1,0,0,1,2,3,0,1,1,1,0,0,0,0,1,0,0,3,1,0,0,0,0,0,0,0,1,2,0,0,0,0,0,0,0,0,0,4,0,2,0,0,1,0,0,8,0,1,0,0,0,1,0,0,0,0,0,0,1,0,1,1,1,0,0,0,0,2,0,0,1,0,0,1,1,0,0,1,0,0,0,0,1,1,1,3,3,0,0,0,0,0,2,0,2,0,1,1,0,0,0,0,0,0,0,1,0,0,3,0,0,0,0,0,0,0,0,0,0,0,0,0,0,0,6,1,0,5,0,0,8
trotsky_perm_rev.txt_chunk24,trotsky,8,0,1,0,7,4,0,2,0,43,0,2,0,4,0,0,1,2,4,2,3,1,0,0,0,1,0,2,0,0,0,0,0,1,5,0,3,1,1,4,0,1,0,1,36,0,2,1,0,0,1,2,11,1,2,0,3,0,1,0,0,0,0,0,1,0,0,2,1,0,0,0,1,6,2,0,17,1,0,1,3,0,0,0,0,8,2,3,2,1,0,1,0,0,2,2,0,1,1,0,0,0,6,0,2,2,11,0,0,1,1,0,0,1,0,0,0,1,0,0,3,0,1,0,6,5,2,0,5,2,0,0,0,8,1,4,15,2,0,2,0,11,1,1,0,1,2,0,2,2,4,0,0,3,0,0,2,0,0,0,0,0,0,0,0,0,0,0,0,0,0,0,1,1,0,0,5,0,1,0,0,0,1,0,0,0,0,0,0,0,0,0,2,1,0,5,7,0,0,0,0,0,0,0,1,0,6,1,0,1,0,0,7,3,3,0,1,0,1,0,1,0,1,0,0,0,0,3,0,0,3,1,1,0,0,0,1,3,0,0,0,1,1,1,0,0,0,0,1,0,0,0,0,6,4,3,0,0,0,0,0,1,0,5,0,2,0,0,1,7,0,0,0,0,1,3,0,0,0,0,0,0,0,0,0,0,0,0,0,0,0,0,2,6,0,11,8,0,2,3
trotsky_perm_rev.txt_chunk25,trotsky,8,0,0,0,2,3,0,0,1,37,2,2,1,2,0,1,2,0,1,1,0,0,0,0,1,2,0,2,0,0,0,0,0,2,3,0,1,0,2,8,0,0,3,0,25,0,6,3,1,1,6,0,8,1,2,1,1,0,2,0,0,2,0,0,0,2,0,0,0,0,2,1,0,9,0,0,24,0,0,0,0,0,0,1,0,2,0,5,1,1,1,0,0,0,3,1,2,2,2,0,1,1,4,2,1,0,11,2,0,0,1,0,0,1,1,1,2,0,0,1,3,0,0,0,2,3,0,0,6,3,1,0,0,1,2,2,8,0,1,1,1,1,0,1,1,1,0,1,0,1,3,1,0,1,0,0,0,0,0,0,0,2,0,1,1,1,0,0,0,0,1,1,0,0,0,0,2,0,4,0,4,1,0,0,0,4,1,0,0,0,0,0,0,0,0,3,2,3,1,2,1,2,0,0,1,0,2,0,0,0,0,2,0,2,2,0,1,0,1,2,0,0,2,0,2,2,0,0,1,0,0,1,0,0,1,2,0,0,0,2,1,1,0,0,4,0,1,0,0,0,3,1,0,4,0,1,1,0,0,0,0,0,0,3,0,2,0,1,0,3,1,0,1,0,7,0,0,0,1,1,0,0,0,2,1,0,0,0,0,0,0,0,0,26,0,2,0,0,0,0
trotsky_perm_rev.txt_chunk26,trotsky,3,0,2,0,4,1,1,0,0,41,2,2,0,0,0,1,3,1,2,0,0,0,0,0,0,0,0,4,0,1,0,1,2,1,3,1,6,2,2,5,0,0,3,0,39,1,5,0,0,1,9,0,10,0,0,0,0,2,1,0,0,1,1,0,3,1,0,0,0,0,0,1,1,9,1,0,16,0,1,1,3,0,0,1,0,4,0,2,0,0,1,0,0,0,3,3,1,0,1,0,1,1,1,2,1,0,9,0,1,0,1,3,0,0,0,1,0,0,0,1,5,1,0,0,0,6,1,0,2,2,2,0,0,2,0,1,10,3,1,1,0,5,1,1,4,2,0,5,1,1,4,1,0,3,0,1,5,4,0,1,0,0,0,0,1,0,2,0,0,1,0,1,0,1,0,0,0,0,4,0,0,0,0,0,0,0,0,0,0,0,1,0,2,1,0,0,2,0,0,2,0,0,0,0,1,0,2,0,1,0,2,4,0,1,6,0,0,0,1,0,0,2,4,0,0,0,0,1,0,1,2,0,0,1,1,4,0,0,0,0,0,0,0,1,0,1,0,2,0,0,1,1,0,1,0,2,0,0,1,1,0,0,0,7,0,0,0,0,0,4,0,0,3,0,2,2,0,0,1,1,0,0,0,0,1,0,0,0,1,0,0,1,1,6,0,4,3,0,0,4
trotsky_perm_rev.txt_chunk27,trotsky,5,0,0,0,3,1,1,3,0,40,3,0,0,1,0,1,4,1,3,1,0,1,0,0,2,2,0,4,1,0,0,1,0,7,3,0,7,4,1,2,0,0,2,0,30,0,7,7,0,1,8,1,9,0,0,1,1,0,2,1,0,1,0,0,6,2,0,0,2,5,2,0,0,9,0,1,19,0,4,0,2,0,0,0,1,9,1,2,0,0,0,0,0,2,3,2,1,0,5,0,1,1,1,0,0,1,6,0,0,1,0,1,1,0,0,0,0,2,0,0,4,0,0,0,7,3,5,0,6,2,0,0,0,6,4,14,18,1,2,1,0,8,1,0,0,1,0,2,0,2,3,0,0,4,0,0,3,0,0,1,0,0,1,1,0,0,0,0,0,0,0,1,1,2,3,0,0,0,1,0,0,1,0,1,0,0,1,1,0,0,1,0,0,0,2,0,1,0,0,7,0,0,1,0,1,0,4,0,0,0,0,1,1,0,0,0,0,0,1,0,1,1,6,1,0,0,0,1,0,1,0,0,0,1,2,1,1,0,1,0,0,1,1,1,0,0,0,0,1,0,0,0,0,6,5,3,0,0,1,0,0,0,1,2,0,0,0,1,2,1,0,0,1,0,0,0,0,0,0,1,0,0,0,0,0,1,0,0,0,1,1,1,1,6,0,2,5,0,0,5
trotsky_perm_rev.txt_chunk28,trotsky,12,0,1,1,1,2,0,4,1,55,2,1,2,2,0,1,3,0,1,0,0,0,0,2,1,1,0,4,0,0,0,0,0,3,2,0,2,1,6,6,0,0,3,2,21,1,4,1,0,0,5,0,7,0,1,0,1,0,0,1,0,0,0,0,0,0,2,0,0,1,1,0,0,10,0,1,22,1,0,3,3,0,0,0,0,5,0,3,0,0,0,0,0,0,7,1,2,0,1,0,1,0,11,2,1,3,12,0,1,0,1,0,0,1,0,1,0,1,1,1,0,1,0,1,2,3,0,3,4,7,0,0,1,6,7,1,19,0,1,2,1,7,1,0,0,1,1,0,0,3,1,0,0,1,0,0,0,0,0,2,0,1,2,2,1,1,0,1,0,0,0,1,0,4,0,0,4,3,8,0,0,0,4,0,0,1,1,0,0,1,0,1,2,0,0,1,1,1,1,2,1,0,0,0,1,0,1,0,1,0,1,2,1,1,7,0,0,0,1,0,2,0,2,1,0,0,0,0,2,0,3,1,0,1,1,0,1,0,1,0,1,0,0,0,2,0,0,1,0,0,1,4,0,3,3,1,1,0,2,0,1,1,0,5,1,0,0,0,0,2,1,1,0,0,3,0,0,0,1,4,0,0,0,0,0,1,1,0,1,0,0,1,1,7,2,1,3,0,1,10
trotsky_perm_rev.txt_chunk3,trotsky,4,0,0,0,3,2,2,1,2,36,1,3,1,0,0,0,3,0,5,0,0,0,0,0,1,1,0,10,0,0,1,0,1,1,2,0,3,1,0,0,0,0,1,0,33,2,4,2,1,1,11,0,10,0,0,0,1,1,0,1,0,1,6,0,2,0,0,0,0,3,1,1,0,9,0,0,18,2,0,1,0,1,0,2,0,2,0,2,2,2,1,0,0,0,4,6,7,0,4,0,0,0,3,3,2,1,13,0,0,0,0,0,1,1,0,0,0,0,0,1,1,0,1,0,1,4,1,0,1,0,1,0,0,1,2,3,9,1,2,0,4,2,1,2,2,2,0,4,0,0,0,2,0,1,0,0,0,0,0,0,3,0,0,1,0,0,0,0,1,0,0,0,0,5,2,2,1,4,3,0,0,0,2,0,0,0,0,0,0,0,0,0,0,0,0,1,3,0,0,2,1,2,0,0,0,0,1,2,1,0,3,2,1,0,1,1,1,0,2,0,1,0,3,1,1,0,0,1,0,0,0,0,0,0,1,0,0,1,1,0,0,0,0,2,1,1,1,0,0,0,0,1,0,2,1,1,0,1,0,4,1,0,0,1,0,2,0,1,0,10,0,0,1,0,1,1,0,0,0,0,0,0,0,0,1,0,1,0,0,0,0,2,1,16,1,6,0,0,0,0
trotsky_perm_rev.txt_chunk30,trotsky,4,0,1,0,6,0,0,2,3,43,2,2,0,1,0,0,2,0,1,2,1,0,0,0,1,0,0,4,0,1,0,1,0,2,4,0,3,0,3,5,0,0,8,0,44,3,5,8,1,4,7,1,3,0,0,0,2,1,1,0,2,0,1,0,1,0,1,0,0,7,1,0,0,10,3,1,22,0,0,2,3,1,1,0,1,5,0,3,0,0,0,0,0,0,2,2,0,0,6,1,0,0,2,0,5,3,9,0,0,2,1,1,0,2,1,1,1,0,0,0,0,0,1,1,1,2,0,0,4,3,1,1,3,1,2,1,12,2,0,0,0,3,3,1,0,0,1,1,1,0,2,1,2,1,0,0,2,9,0,0,2,0,0,2,1,0,0,0,0,2,0,0,0,1,1,0,0,1,2,1,0,0,0,0,0,1,3,0,0,0,0,0,1,2,0,3,1,1,3,4,0,1,1,0,1,0,8,0,1,1,0,2,0,2,7,0,1,0,0,0,1,0,2,0,0,0,0,0,4,1,0,1,0,0,1,0,0,0,2,0,0,0,2,0,2,0,0,1,0,0,0,0,1,1,1,6,0,0,0,2,0,0,0,1,0,0,0,1,0,10,0,0,0,0,4,1,0,0,1,1,0,1,0,0,0,1,0,0,1,1,1,0,5,6,3,0,3,0,0,6
trotsky_perm_rev.txt_chunk31,trotsky,7,0,4,1,4,0,0,1,5,34,2,4,4,0,0,0,4,0,0,0,2,0,0,0,0,0,0,15,1,0,0,1,0,0,0,0,3,0,7,6,0,0,6,5,34,1,4,3,0,1,4,0,5,0,3,0,1,0,0,0,0,0,1,0,1,0,0,1,1,7,1,1,0,16,0,1,22,0,2,7,1,0,0,0,0,10,1,6,0,0,0,0,0,1,0,0,0,0,5,0,2,1,3,2,3,2,8,2,0,0,0,0,0,2,1,0,2,1,0,0,2,0,0,0,1,4,1,1,11,3,0,1,0,1,2,2,11,2,1,0,0,12,2,2,1,3,0,1,0,0,2,0,0,0,2,0,2,2,1,0,0,0,0,0,0,0,0,0,0,0,0,1,0,4,1,1,1,0,0,0,0,0,1,0,0,0,0,1,0,0,0,0,1,0,0,0,3,0,1,2,0,0,0,0,0,0,1,1,1,0,0,3,0,2,3,1,2,0,0,0,2,3,1,0,0,1,1,0,3,0,1,2,0,2,2,0,1,2,1,0,0,0,0,0,0,0,0,0,0,0,4,2,3,7,0,1,0,0,0,1,4,0,0,0,0,0,1,0,0,10,0,0,1,0,2,2,0,0,1,1,0,0,1,0,0,3,0,1,1,2,0,1,4,3,3,2,1,0,0,3
trotsky_perm_rev.txt_chunk32,trotsky,5,0,2,0,2,2,0,0,0,37,0,2,1,0,0,0,5,0,1,1,0,1,0,0,2,3,0,4,0,0,0,2,2,3,1,2,3,7,1,5,0,0,1,1,32,2,0,2,0,2,7,0,11,0,1,0,0,0,2,0,0,0,1,0,2,0,0,0,1,4,1,0,1,17,1,0,21,0,0,0,4,0,0,0,0,9,0,5,1,2,1,0,0,0,3,2,2,0,6,2,0,2,8,0,6,3,6,0,1,0,0,0,0,0,0,6,1,4,0,0,2,0,2,0,3,3,0,1,7,2,0,1,0,5,1,1,17,0,6,0,0,5,1,5,2,1,0,0,1,1,4,1,0,2,0,0,2,2,0,0,0,0,0,0,0,0,1,0,1,0,0,1,0,2,0,2,2,0,4,0,0,0,2,0,0,1,0,0,1,0,0,1,1,1,0,3,1,1,0,3,0,1,0,0,1,1,2,0,0,0,1,0,2,0,5,0,3,0,1,2,3,4,5,0,0,0,1,1,0,0,0,2,0,1,1,0,0,0,0,0,0,1,1,0,0,0,0,0,0,0,2,1,4,7,4,1,1,0,0,0,3,0,0,6,2,0,0,1,0,5,0,0,0,0,0,0,0,0,1,1,0,0,0,0,0,0,0,0,0,0,0,0,2,8,0,1,10,0,0,3
trotsky_perm_rev.txt_chunk33,trotsky,8,0,2,0,1,1,0,2,1,35,3,2,0,1,0,2,3,1,1,0,0,0,0,0,0,1,0,3,1,2,0,1,0,1,0,0,4,0,4,6,0,0,0,0,33,1,3,6,1,1,0,0,10,0,3,0,1,0,0,0,1,1,1,0,4,0,0,0,0,1,2,0,0,15,1,0,29,1,0,1,3,1,0,1,0,9,0,5,0,0,0,0,0,0,5,0,1,0,4,0,3,0,6,0,4,1,10,0,0,0,1,1,0,0,1,1,1,1,0,0,5,1,0,0,0,3,1,0,10,3,0,0,1,1,2,1,16,2,0,1,1,12,1,0,4,1,2,7,3,4,2,0,0,1,0,0,4,0,0,0,0,1,1,1,0,0,1,0,0,0,0,0,0,4,0,0,1,1,5,0,2,1,2,0,0,0,0,0,0,0,2,1,0,0,0,6,2,1,0,1,0,1,0,0,1,0,7,0,1,0,0,2,2,1,0,0,0,0,0,0,0,2,1,0,1,0,1,0,0,2,1,1,0,2,3,0,1,0,1,1,0,0,0,0,0,0,1,0,0,0,2,1,0,11,5,3,1,0,0,0,4,0,0,5,0,0,0,0,0,9,0,0,2,0,3,2,0,0,1,1,0,0,0,0,1,0,0,0,0,0,0,0,1,13,0,1,7,0,0,7
trotsky_perm_rev.txt_chunk34,trotsky,8,0,0,0,0,0,0,4,0,31,1,1,2,2,0,1,3,0,1,0,0,0,1,0,0,1,0,7,0,0,1,0,0,3,3,0,2,4,1,3,0,0,5,0,34,0,3,2,1,2,7,0,7,0,1,1,2,0,1,0,0,1,2,0,0,0,0,0,1,7,0,0,0,19,0,0,29,0,3,0,2,0,0,0,0,7,1,3,2,0,1,0,1,1,2,1,4,1,5,0,1,3,4,0,2,3,3,0,0,0,1,1,0,1,2,2,0,0,0,0,5,0,0,0,0,6,1,0,6,1,1,0,0,0,2,0,16,2,0,0,0,6,0,1,1,0,0,1,3,0,1,1,1,4,1,0,0,2,1,0,0,2,4,3,0,0,0,0,0,0,0,0,0,2,1,2,0,1,0,0,0,0,1,0,0,0,1,0,0,0,0,0,3,0,0,1,6,0,0,1,0,1,2,0,1,0,1,4,2,2,4,3,0,1,0,0,0,0,1,0,3,3,0,0,0,2,0,1,0,1,1,2,0,1,2,0,2,0,0,1,0,0,1,1,0,0,1,0,0,1,1,1,0,5,3,1,1,0,1,1,1,0,1,0,0,1,0,0,0,13,0,0,2,0,6,6,0,1,1,0,0,0,1,0,13,2,0,0,0,0,0,0,3,4,2,2,3,0,0,4
trotsky_perm_rev.txt_chunk35,trotsky,4,0,0,0,0,0,2,1,1,30,2,0,0,1,0,0,2,1,1,1,0,1,0,0,0,1,0,9,0,0,0,0,0,4,2,0,0,5,1,2,0,0,5,1,31,0,4,3,0,2,5,0,5,0,0,1,2,0,1,0,1,0,1,1,1,0,1,0,0,4,0,0,0,15,1,0,20,0,0,3,4,0,0,0,2,7,0,1,0,0,0,0,1,2,3,1,2,0,7,0,1,2,3,2,1,1,12,0,0,0,1,2,0,0,0,0,2,1,1,1,0,0,0,0,1,3,3,0,4,1,0,1,1,1,4,5,6,0,3,2,0,9,2,6,0,0,1,3,0,0,3,0,3,1,1,1,1,1,2,1,0,0,0,0,0,1,0,1,1,1,0,2,1,4,3,1,1,1,1,0,0,0,5,2,0,0,0,0,0,0,0,0,2,1,1,4,0,0,0,0,0,0,1,0,3,0,3,0,0,1,1,0,0,1,2,0,1,0,0,1,3,0,0,0,0,1,0,0,1,0,0,2,0,1,0,1,0,0,1,0,0,0,0,0,0,1,0,1,0,0,2,0,0,2,1,3,1,0,1,0,0,0,0,3,0,0,0,1,1,6,0,0,0,0,0,1,0,1,2,0,0,0,0,0,0,0,0,0,0,1,1,1,0,9,0,3,0,0,1,12
trotsky_prolet_i_rev.txt_chunk1,trotsky,5,3,2,1,2,2,0,2,3,24,6,1,0,0,0,4,9,0,5,1,0,0,0,1,0,0,0,6,3,1,3,2,0,3,1,1,0,4,2,3,0,0,2,4,29,0,4,2,0,2,15,1,5,0,1,0,2,1,0,0,0,0,1,0,1,0,0,1,2,2,2,0,2,17,0,0,16,1,1,1,0,1,0,1,1,4,3,1,0,0,0,0,0,0,1,1,1,0,8,1,0,0,4,1,5,0,7,1,0,0,0,1,0,1,1,0,1,0,0,1,1,0,1,1,5,2,0,1,7,0,0,1,0,0,4,0,5,3,2,2,0,8,3,0,1,1,2,0,2,0,2,0,2,0,1,1,0,0,0,0,5,0,0,0,0,0,0,0,0,0,0,0,0,1,0,0,2,3,0,0,0,1,1,0,0,0,0,0,0,0,1,2,0,1,0,0,1,0,0,0,2,1,0,0,0,0,0,0,1,0,2,0,0,1,1,0,0,1,2,0,1,5,2,0,0,0,0,0,0,0,0,0,0,0,0,2,1,0,1,0,1,1,0,1,0,0,0,0,0,0,0,0,0,0,1,0,0,0,1,1,0,1,0,1,0,1,1,1,0,6,0,0,0,0,0,0,1,1,0,2,0,0,2,0,0,1,0,1,0,5,3,2,3,5,0,2,0,0,0,0
trotsky_treb_zemtsy.txt_chunk1,trotsky,6,0,1,0,7,1,3,2,4,23,1,1,0,1,0,0,4,0,2,0,0,4,0,0,1,0,0,6,1,0,0,4,0,4,2,0,5,3,3,4,2,0,8,2,28,0,7,3,1,1,6,0,4,0,1,2,0,1,0,0,2,0,4,0,2,0,0,0,1,3,0,0,1,9,0,0,26,1,0,4,4,0,0,1,2,10,0,5,0,3,2,0,0,0,7,1,11,0,1,0,1,0,4,0,2,0,6,0,0,0,3,0,0,5,1,1,2,0,0,0,2,1,2,0,4,1,0,0,4,3,1,0,0,1,1,1,18,5,3,3,1,7,3,0,0,2,0,1,1,1,0,2,1,0,0,0,5,0,0,0,2,0,3,1,0,9,0,0,0,2,0,1,0,1,0,1,1,2,9,0,0,0,3,1,0,0,3,1,0,0,0,1,1,0,0,0,3,0,0,0,0,0,3,0,0,5,1,0,0,0,0,0,0,2,3,0,0,3,1,0,0,1,2,0,0,0,1,0,1,0,0,0,0,0,0,0,0,1,0,0,0,1,0,0,0,0,1,1,0,0,2,1,2,2,1,1,0,0,1,0,0,1,0,0,0,0,3,0,0,1,0,0,0,0,0,0,17,0,0,3,0,0,0,0,0,0,1,2,7,1,3,0,0,0,0,0,0,0,0,0
trotsky_voyna_i_oppoz.txt_chunk1,trotsky,1,0,0,0,0,3,1,0,2,29,1,1,0,0,1,3,5,0,1,1,2,0,0,0,0,0,0,1,0,1,0,0,0,3,2,2,1,2,3,3,1,0,4,1,47,1,0,1,0,1,6,1,9,0,6,0,0,2,1,2,0,0,0,0,0,0,0,1,0,0,0,0,0,14,2,0,14,1,0,1,1,0,0,1,0,4,1,3,0,3,0,0,1,0,2,6,1,0,7,0,0,0,1,0,1,1,11,0,0,1,2,0,1,3,1,1,2,0,0,0,3,0,3,1,1,3,2,1,3,2,0,3,0,0,1,0,9,2,1,0,2,3,1,0,1,0,2,0,0,1,1,0,0,0,0,1,0,1,0,0,0,2,0,0,0,0,0,0,0,0,0,1,0,0,0,1,1,2,1,0,0,0,0,1,0,0,0,1,1,0,2,0,0,2,0,0,4,0,0,1,1,0,0,0,1,1,1,0,0,0,0,0,0,1,0,1,0,0,0,0,0,0,1,0,1,0,0,0,0,0,1,1,0,0,0,0,1,0,0,0,0,0,0,0,1,0,2,1,1,1,0,0,0,0,0,1,1,3,0,0,1,0,0,0,0,0,3,0,0,0,0,2,0,0,0,1,1,2,0,1,0,1,0,0,4,0,0,1,2,0,2,0,0,0,0,1,0,0,0,0
zasulich_dobrolubov_I.txt_chunk1,zasulich,8,0,0,1,3,1,0,1,0,38,2,0,0,0,0,0,6,2,1,0,2,1,4,0,0,0,0,4,0,0,0,2,1,13,0,2,1,2,3,6,3,2,4,0,30,0,0,2,0,2,6,0,2,1,1,1,0,1,1,4,2,2,1,1,0,0,0,0,0,1,2,3,2,13,1,0,20,1,0,1,2,2,1,0,1,10,3,5,2,1,0,1,0,1,15,2,3,0,6,0,1,2,1,0,5,0,9,1,3,0,3,2,2,1,3,2,0,0,0,0,1,0,2,2,3,2,3,1,4,0,2,2,0,6,3,2,11,2,1,4,0,2,1,3,2,1,0,0,0,0,0,0,0,0,0,0,0,0,1,1,0,1,1,0,0,0,0,0,1,0,0,2,2,2,0,0,0,1,1,0,0,0,0,0,0,0,0,0,0,0,0,2,0,0,0,1,1,0,0,0,0,0,0,1,0,0,0,0,0,1,0,0,0,1,0,0,0,0,0,0,0,0,0,1,1,0,1,2,0,2,0,0,0,2,1,0,1,0,2,0,0,0,1,1,0,1,0,0,0,0,1,0,0,4,5,0,0,0,1,0,1,0,0,0,1,2,1,1,0,0,0,0,0,0,0,0,0,0,0,0,0,0,0,0,0,0,0,0,0,0,0,0,0,0,0,0,0,0,0,0
zasulich_dobrolubov_I.txt_chunk2,zasulich,2,1,3,0,4,2,0,1,1,30,2,0,0,0,1,1,3,1,2,1,1,1,1,0,0,1,0,5,2,0,0,0,1,9,0,4,2,1,3,6,1,0,3,0,42,0,6,0,2,7,8,2,8,0,4,0,2,2,0,2,0,0,1,0,0,0,0,1,0,1,1,1,0,16,0,1,26,1,0,2,0,2,1,2,2,15,2,3,0,1,1,1,0,0,17,3,3,1,13,0,0,1,4,1,0,0,7,0,0,2,1,0,0,1,0,0,2,0,0,0,2,0,1,1,3,7,1,1,3,1,1,0,0,2,3,1,18,3,1,2,1,6,2,0,0,1,0,5,1,1,2,0,1,2,0,1,2,0,3,0,2,2,0,0,1,0,2,0,0,0,1,0,0,3,2,0,0,1,0,0,0,0,0,1,0,0,0,0,5,1,0,0,0,0,0,0,0,0,0,0,0,0,0,1,0,0,1,0,0,1,0,0,1,1,0,0,1,1,0,0,0,0,1,1,0,0,1,0,0,0,7,1,0,3,1,0,1,0,0,1,1,1,2,0,0,0,2,0,0,0,0,3,0,2,0,1,0,1,1,0,0,0,0,1,0,2,1,0,2,0,0,0,1,0,0,0,0,0,0,0,1,0,0,0,0,0,0,0,0,1,0,0,0,1,0,0,0,0,0,0
zasulich_dobrolubov_I.txt_chunk3,zasulich,7.782101167315175,0,0,0,19.45525291828794,5.188067444876784,1.297016861219196,5.188067444876784,1.297016861219196,29.831387808041505,1.297016861219196,0,0,0,0,3.8910505836575875,7.782101167315175,2.594033722438392,1.297016861219196,0,3.8910505836575875,0,0,0,0,0,0,5.188067444876784,0,0,0,0,0,2.594033722438392,1.297016861219196,0,6.485084306095979,0,2.594033722438392,5.188067444876784,0,3.8910505836575875,3.8910505836575875,0,38.91050583657588,1.297016861219196,2.594033722438392,2.594033722438392,1.297016861219196,3.8910505836575875,7.782101167315175,0,6.485084306095979,0,2.594033722438392,0,0,1.297016861219196,1.297016861219196,1.297016861219196,0,0,2.594033722438392,0,0,0,0,0,1.297016861219196,3.8910505836575875,0,0,3.8910505836575875,3.8910505836575875,0,1.297016861219196,29.831387808041505,1.297016861219196,0,0,0,2.594033722438392,1.297016861219196,0,2.594033722438392,10.376134889753567,5.188067444876784,2.594033722438392,1.297016861219196,0,0,0,0,0,2.594033722438392,0,6.485084306095979,0,12.970168612191959,0,0,0,0,0,0,0,9.079118028534372,1.297016861219196,0,1.297016861219196,1.297016861219196,0,1.297016861219196,0,3.8910505836575875,3.8910505836575875,0,0,0,0,2.594033722438392,0,1.297016861219196,1.297016861219196,0,7.782101167315175,2.594033722438392,0,6.485084306095979,0,1.297016861219196,0,0,3.8910505836575875,0,0,6.485084306095979,9.079118028534372,0,0,1.297016861219196,2.594033722438392,0,0,0,0,0,0,2.594033722438392,0,2.594033722438392,0,0,1.297016861219196,1.297016861219196,1.297016861219196,0,1.297016861219196,1.297016861219196,0,0,2.594033722438392,0,0,0,0,0,0,0,0,0,1.297016861219196,0,1.297016861219196,0,0,0,1.297016861219196,0,2.594033722438392,1.297016861219196,0,0,0,0,0,0,2.594033722438392,2.594033722438392,0,0,0,0,0,0,1.297016861219196,0,0,1.297016861219196,0,0,0,0,0,0,0,2.594033722438392,0,0,0,0,0,0,3.8910505836575875,0,0,0,0,0,0,0,0,1.297016861219196,0,0,0,0,1.297016861219196,1.297016861219196,2.594033722438392,5.188067444876784,0,0,0,0,0,1.297016861219196,1.297016861219196,0,0,1.297016861219196,0,1.297016861219196,0,0,0,0,0,0,0,1.297016861219196,1.297016861219196,0,1.297016861219196,1.297016861219196,0,0,0,0,0,0,0,0,0,1.297016861219196,1.297016861219196,0,0,2.594033722438392,0,0,2.594033722438392,0,0,0,0,0,6.485084306095979,0,0,0,1.297016861219196,2.594033722438392,0,0,0,0,0,1.297016861219196,1.297016861219196,0,0,0,0,0,0,0,1.297016861219196,0,0
zasulich_merged_skiy_I.txt_ionala.txt_icha_I.txt,zasulich,7.022471910112359,0,1.4044943820224718,2.8089887640449436,5.617977528089887,0,1.4044943820224718,4.213483146067416,0,25.280898876404493,2.8089887640449436,1.4044943820224718,0,0,0,5.617977528089887,12.640449438202246,0,0,0,1.4044943820224718,1.4044943820224718,0,0,0,1.4044943820224718,0,7.022471910112359,1.4044943820224718,0,0,0,0,8.426966292134832,0,1.4044943820224718,8.426966292134832,1.4044943820224718,4.213483146067416,4.213483146067416,2.8089887640449436,1.4044943820224718,8.426966292134832,0,22.47191011235955,0,7.022471910112359,8.426966292134832,2.8089887640449436,4.213483146067416,5.617977528089887,0,4.213483146067416,0,0,1.4044943820224718,0,0,1.4044943820224718,1.4044943820224718,4.213483146067416,1.4044943820224718,2.8089887640449436,2.8089887640449436,1.4044943820224718,0,1.4044943820224718,2.8089887640449436,2.8089887640449436,1.4044943820224718,1.4044943820224718,0,0,16.853932584269664,1.4044943820224718,1.4044943820224718,18.258426966292134,2.8089887640449436,1.4044943820224718,1.4044943820224718,1.4044943820224718,0,0,2.8089887640449436,0,9.831460674157302,4.213483146067416,1.4044943820224718,1.4044943820224718,0,1.4044943820224718,1.4044943820224718,4.213483146067416,0,12.640449438202246,1.4044943820224718,4.213483146067416,0,7.022471910112359,0,0,0,4.213483146067416,0,1.4044943820224718,1.4044943820224718,14.044943820224718,1.4044943820224718,0,1.4044943820224718,1.4044943820224718,1.4044943820224718,1.4044943820224718,0,0,1.4044943820224718,4.213483146067416,1.4044943820224718,0,0,1.4044943820224718,0,0,2.8089887640449436,0,5.617977528089887,0,0,14.044943820224718,0,1.4044943820224718,0,0,4.213483146067416,0,0,15.44943820224719,5.617977528089887,0,0,0,7.022471910112359,1.4044943820224718,5.617977528089887,0,0,0,0,1.4044943820224718,0,0,0,0,0,1.4044943820224718,1.4044943820224718,4.213483146067416,0,1.4044943820224718,0,1.4044943820224718,0,0,0,0,0,0,0,1.4044943820224718,0,0,4.213483146067416,0,1.4044943820224718,0,1.4044943820224718,0,1.4044943820224718,1.4044943820224718,0,0,0,1.4044943820224718,1.4044943820224718,0,0,0,0,0,1.4044943820224718,1.4044943820224718,0,0,0,0,0,0,0,1.4044943820224718,0,0,0,1.4044943820224718,0,1.4044943820224718,0,0,0,1.4044943820224718,1.4044943820224718,2.8089887640449436,0,0,1.4044943820224718,0,0,1.4044943820224718,0,0,2.8089887640449436,0,0,2.8089887640449436,0,1.4044943820224718,0,0,0,1.4044943820224718,1.4044943820224718,2.8089887640449436,0,0,4.213483146067416,0,0,0,0,0,0,0,1.4044943820224718,0,0,0,1.4044943820224718,1.4044943820224718,0,0,0,1.4044943820224718,2.8089887640449436,0,1.4044943820224718,0,0,0,0,0,0,0,0,0,0,1.4044943820224718,0,0,0,0,0,0,0,0,0,0,0,0,0,0,0,4.213483146067416,0,0,0,0,1.4044943820224718,0,0,0,0,0,0,0,0,0,0,0,4.213483146067416,0,0
zasulich_mihailovskiy_I.txt_chunk1,zasulich,3,0,2,0,2,2,4,1,2,37,0,0,0,0,0,4,3,1,2,0,1,0,0,0,0,0,1,7,1,0,0,0,0,11,0,4,0,1,5,0,1,1,5,0,38,0,6,2,1,2,9,1,10,0,5,0,1,0,2,2,0,0,3,0,0,0,0,0,0,0,1,1,0,13,0,0,29,2,1,0,3,0,1,4,0,8,0,0,1,1,2,0,0,1,5,1,1,0,4,0,0,0,8,1,0,0,12,0,1,3,2,1,0,2,1,0,1,2,0,0,6,0,0,0,2,4,2,0,3,0,0,0,0,0,1,0,6,3,0,0,1,6,2,3,0,0,0,0,4,0,0,1,0,3,0,2,1,0,1,2,2,1,1,0,0,0,0,1,0,1,0,2,1,6,2,0,1,2,0,0,0,1,2,0,0,1,1,0,1,0,2,0,0,0,0,1,1,0,0,3,0,0,0,0,1,0,0,0,2,2,1,0,0,1,0,1,0,2,1,0,0,1,3,1,4,1,0,1,0,0,2,1,2,5,1,1,0,1,1,4,1,0,0,0,0,1,0,0,0,2,0,1,0,1,0,0,0,0,0,0,0,1,0,1,0,0,0,1,1,1,2,1,1,0,0,0,0,0,0,0,0,0,0,0,0,0,1,0,0,0,0,3,0,0,0,0,0,0,1,0
zasulich_o_chem_govoryat_nam_I.txt_chunk1,zasulich,6,0,1,0,4,0,3,2,2,42,0,0,0,0,0,1,6,0,0,0,1,1,1,0,0,1,0,0,0,1,0,0,0,1,0,1,4,0,5,3,0,1,1,0,43,0,8,5,0,7,4,0,7,0,2,1,1,3,0,0,0,2,3,0,1,0,0,0,0,3,0,0,1,18,0,0,22,0,0,2,0,2,2,2,1,7,0,3,1,0,1,1,2,1,3,2,0,1,0,0,2,1,4,1,0,3,15,3,0,0,2,1,2,2,0,0,2,1,0,0,1,0,0,1,2,5,2,1,3,0,2,0,1,3,6,0,11,1,1,4,0,4,1,1,0,1,0,0,3,0,3,0,0,2,0,0,1,0,0,0,0,2,1,0,0,0,0,0,1,1,2,1,0,3,0,0,2,6,0,0,2,4,1,2,0,1,0,0,0,0,1,0,1,0,2,1,5,0,6,0,0,0,1,1,1,0,0,0,1,0,1,0,0,1,0,0,0,0,0,1,5,0,2,0,1,0,0,3,0,1,0,0,0,0,0,0,1,1,0,0,1,2,0,2,0,0,1,1,0,1,0,0,0,3,1,0,0,1,1,3,2,1,0,0,0,0,0,0,1,1,0,1,0,0,0,0,0,0,1,0,0,0,0,0,0,1,0,0,0,1,3,0,0,2,0,0,0,2,0,0
zasulich_o_chem_govoryat_nam_I.txt_chunk2,zasulich,5,2,2,1,7,0,3,6,0,35,4,0,0,0,0,2,11,3,0,0,3,1,0,0,1,1,0,3,0,1,1,0,1,4,0,3,5,1,3,4,1,0,3,0,23,0,0,1,1,2,4,0,7,0,3,3,0,1,1,0,1,0,1,0,0,0,2,2,3,7,2,0,0,18,0,0,24,2,1,2,1,1,0,0,3,12,0,3,1,0,0,0,1,0,2,2,3,0,4,0,1,0,2,4,0,1,11,0,0,1,1,2,0,2,0,1,0,0,0,1,1,0,0,0,4,6,0,0,10,1,1,2,1,4,2,1,10,1,0,2,2,6,3,0,1,0,0,0,0,0,3,0,1,1,0,0,0,0,0,0,0,5,0,0,0,0,0,0,2,2,2,0,0,4,0,0,2,5,0,0,6,5,3,2,0,1,1,1,0,2,0,0,0,0,1,2,2,1,0,0,0,2,6,0,4,0,0,0,0,0,0,0,2,2,0,0,0,0,0,1,2,1,2,1,1,1,2,5,0,4,3,0,0,0,1,0,1,0,0,0,0,0,0,1,0,1,0,0,1,0,1,0,0,1,0,0,0,0,0,1,1,1,0,0,1,0,2,0,1,0,0,0,0,0,0,0,0,4,2,0,0,2,0,0,0,3,1,1,0,2,0,2,0,1,0,0,0,2,0,0
zasulich_o_chem_govoryat_nam_I.txt_chunk3,zasulich,8,3,2,2,11,2,2,5,4,31,2,0,0,0,0,2,3,1,4,0,0,0,0,2,0,3,0,5,0,1,3,0,0,4,1,0,2,0,2,6,1,0,4,0,27,0,4,5,0,3,7,0,9,0,5,3,1,1,0,0,0,0,5,0,0,0,1,0,0,5,2,0,1,20,0,3,27,0,2,1,7,2,0,1,1,8,3,9,1,0,0,0,1,0,2,5,4,0,2,0,3,1,2,1,7,2,8,1,1,0,0,0,0,1,0,1,2,0,0,3,1,0,0,2,0,4,1,1,2,5,0,1,1,7,3,0,15,2,1,2,0,6,0,0,0,0,0,0,1,2,2,0,0,3,1,1,2,1,0,1,0,0,0,0,1,0,0,0,0,0,2,0,0,7,2,0,1,1,0,0,1,1,0,1,0,0,0,0,1,0,0,1,0,0,1,0,3,1,1,0,0,0,1,2,2,0,0,1,0,0,1,1,0,1,0,0,0,3,0,0,3,0,1,0,1,0,0,1,0,0,1,2,0,0,0,0,1,0,0,0,1,0,0,2,0,0,0,1,0,0,2,0,0,1,0,0,0,0,1,0,4,2,1,0,0,0,0,4,4,0,0,0,0,0,0,0,0,0,0,0,0,0,1,0,0,2,0,0,0,4,0,2,0,4,0,1,0,1,0,0
zasulich_o_chem_govoryat_nam_I.txt_chunk4,zasulich,6.25,2.0833333333333335,6.25,1.0416666666666667,12.5,3.125,2.0833333333333335,6.25,4.166666666666667,43.75,3.125,0,0,0,0,1.0416666666666667,6.25,1.0416666666666667,1.0416666666666667,0,2.0833333333333335,0,0,1.0416666666666667,0,1.0416666666666667,0,4.166666666666667,0,5.208333333333333,3.125,0,0,4.166666666666667,1.0416666666666667,0,5.208333333333333,0,7.291666666666667,3.125,0,1.0416666666666667,0,0,29.166666666666668,0,2.0833333333333335,3.125,0,1.0416666666666667,8.333333333333334,0,6.25,0,2.0833333333333335,3.125,1.0416666666666667,0,0,2.0833333333333335,1.0416666666666667,0,4.166666666666667,0,0,0,2.0833333333333335,0,2.0833333333333335,5.208333333333333,4.166666666666667,3.125,1.0416666666666667,7.291666666666667,0,0,13.541666666666668,2.0833333333333335,0,1.0416666666666667,4.166666666666667,2.0833333333333335,2.0833333333333335,1.0416666666666667,0,10.416666666666666,1.0416666666666667,9.375,0,0,0,0,1.0416666666666667,1.0416666666666667,0,3.125,1.0416666666666667,0,5.208333333333333,1.0416666666666667,1.0416666666666667,1.0416666666666667,8.333333333333334,1.0416666666666667,2.0833333333333335,3.125,6.25,1.0416666666666667,0,1.0416666666666667,1.0416666666666667,0,0,1.0416666666666667,0,2.0833333333333335,0,0,0,2.0833333333333335,1.0416666666666667,0,0,0,0,3.125,2.0833333333333335,1.0416666666666667,3.125,3.125,2.0833333333333335,1.0416666666666667,0,2.0833333333333335,3.125,0,10.416666666666666,7.291666666666667,2.0833333333333335,0,0,4.166666666666667,3.125,2.0833333333333335,2.0833333333333335,0,0,0,1.0416666666666667,1.0416666666666667,5.208333333333333,0,0,2.0833333333333335,0,1.0416666666666667,2.0833333333333335,2.0833333333333335,0,0,1.0416666666666667,0,0,0,2.0833333333333335,0,0,0,0,2.0833333333333335,0,0,1.0416666666666667,7.291666666666667,0,0,1.0416666666666667,0,0,0,1.0416666666666667,4.166666666666667,5.208333333333333,0,0,2.0833333333333335,2.0833333333333335,0,0,1.0416666666666667,2.0833333333333335,0,0,1.0416666666666667,0,0,0,2.0833333333333335,0,0,0,3.125,9.375,0,1.0416666666666667,0,0,0,0,0,0,1.0416666666666667,0,3.125,0,0,0,0,0,1.0416666666666667,3.125,1.0416666666666667,0,0,1.0416666666666667,1.0416666666666667,1.0416666666666667,2.0833333333333335,0,1.0416666666666667,2.0833333333333335,1.0416666666666667,0,1.0416666666666667,0,1.0416666666666667,0,0,4.166666666666667,1.0416666666666667,0,0,1.0416666666666667,2.0833333333333335,0,0,0,0,0,0,2.0833333333333335,4.166666666666667,0,0,1.0416666666666667,0,0,1.0416666666666667,0,0,0,0,0,1.0416666666666667,0,2.0833333333333335,0,2.0833333333333335,2.0833333333333335,1.0416666666666667,0,0,1.0416666666666667,0,0,0,0,0,0,0,0,0,0,0,0,3.125,0,0,0,0,0,1.0416666666666667,1.0416666666666667,9.375,0,4.166666666666667,0,3.125,0,0
zasulich_ocherk_istorii_1internacionala.txt_chunk1,zasulich,2,0,1,1,1,2,4,3,1,45,4,0,0,0,1,2,4,1,0,1,2,1,1,0,0,0,0,4,0,1,0,2,0,11,1,0,0,0,3,4,0,1,6,0,36,0,4,5,1,6,11,0,2,0,0,2,0,1,0,1,1,0,6,0,1,0,1,0,0,0,0,0,0,7,1,0,15,2,0,0,3,0,3,2,1,6,1,6,1,2,0,1,0,0,4,0,3,5,6,0,2,0,8,0,2,0,12,2,0,1,1,0,0,2,1,0,0,0,0,1,2,2,1,1,0,1,3,3,1,1,0,0,0,1,0,0,5,0,0,1,2,0,4,0,1,1,1,0,0,0,1,0,0,0,0,0,2,0,0,0,3,2,0,0,0,0,1,0,0,0,1,0,0,1,0,0,2,2,0,0,3,2,1,2,0,5,0,0,1,0,1,0,0,0,1,3,3,5,2,1,0,1,0,0,1,0,0,2,0,1,0,0,2,1,0,0,0,0,0,0,9,2,0,0,0,0,1,1,1,0,2,1,0,1,1,0,0,0,1,0,2,0,0,1,1,1,0,0,0,1,0,0,0,5,0,0,0,1,0,0,0,0,0,2,0,0,0,0,0,0,0,1,0,0,5,0,0,0,2,0,0,4,1,0,0,1,0,0,0,1,0,0,0,0,0,0,0,0,0,0
zasulich_ocherk_istorii_1internacionala.txt_chunk10,zasulich,2,0,1,0,2,0,1,3,1,32,1,4,1,0,0,2,2,0,1,0,1,0,0,1,0,0,0,3,1,0,1,1,0,2,0,0,0,1,3,8,0,0,2,1,32,0,7,0,1,9,7,0,6,0,0,1,1,0,0,1,0,0,6,1,3,0,0,0,4,0,1,1,1,20,0,0,10,2,0,0,2,1,0,0,1,7,0,7,4,0,0,0,0,0,4,0,2,0,5,0,1,0,8,2,4,2,7,2,0,1,1,1,1,1,0,1,1,0,1,0,3,3,0,1,6,5,0,0,4,1,1,0,0,0,1,0,7,6,1,1,0,1,0,2,2,0,1,5,2,0,0,0,0,1,0,1,1,0,0,2,3,1,0,0,1,1,0,1,0,0,0,2,1,6,2,0,3,2,0,0,0,0,0,1,0,4,1,2,2,0,0,0,0,0,0,0,4,3,1,1,1,0,0,2,2,0,2,0,0,0,1,0,0,0,0,1,0,0,0,0,4,0,0,0,0,0,0,1,0,4,2,0,5,1,0,0,0,0,0,0,0,0,1,1,0,0,0,0,1,1,1,0,0,1,0,2,0,0,0,0,0,0,0,0,0,0,0,1,0,0,0,2,2,1,0,0,2,0,2,1,1,0,4,0,0,0,0,0,0,3,0,0,0,0,0,0,0,1,0,0
zasulich_ocherk_istorii_1internacionala.txt_chunk11,zasulich,5,0,1,2,4,1,1,3,3,22,1,2,2,0,1,0,8,0,0,0,0,0,0,0,1,0,0,0,2,0,0,1,1,2,2,0,2,2,1,4,0,0,3,0,34,0,3,4,1,5,7,1,5,0,0,0,0,0,0,0,0,0,1,0,1,1,1,1,0,1,0,0,0,23,0,0,16,1,0,1,3,2,0,1,0,6,0,4,2,1,0,0,2,1,3,0,4,0,4,1,1,1,5,1,0,0,10,0,1,0,2,1,1,1,4,0,0,0,0,1,4,4,0,0,1,4,1,1,1,1,0,0,0,0,2,0,15,3,1,1,0,4,2,3,3,2,0,9,3,0,2,0,1,0,0,0,2,0,0,1,1,0,2,1,0,0,0,0,0,0,0,0,0,3,0,2,1,0,1,0,0,0,0,1,0,1,0,1,0,0,0,0,0,0,0,0,7,2,2,1,1,0,0,0,4,0,1,0,0,0,0,2,0,0,0,1,0,1,2,0,3,0,0,0,0,0,0,3,0,0,1,0,4,3,0,0,0,0,0,0,1,1,0,1,0,0,0,0,0,0,1,0,1,0,0,1,0,1,1,0,1,1,0,1,1,1,0,0,0,2,0,2,2,0,2,0,2,0,1,4,7,1,1,0,1,0,0,0,0,0,2,0,0,0,1,0,0,5,0,0
zasulich_ocherk_istorii_1internacionala.txt_chunk12,zasulich,6,2,1,0,4,0,5,2,1,34,5,0,0,0,1,3,4,1,1,0,3,2,4,0,1,1,0,5,0,1,0,2,1,8,2,0,0,0,1,7,3,0,4,0,33,0,5,1,0,2,5,1,6,0,0,1,0,1,2,1,0,3,3,1,1,0,0,1,1,0,0,0,0,12,1,0,20,0,0,1,3,0,1,1,2,7,0,6,1,1,0,0,1,0,6,2,2,3,7,0,1,1,5,2,1,0,9,0,1,2,2,2,0,1,0,0,1,0,0,1,6,0,0,1,2,5,0,1,2,4,0,0,0,0,2,0,10,4,0,0,0,3,2,2,0,0,0,0,3,0,0,0,0,1,1,1,0,0,2,1,5,2,0,0,0,0,0,0,0,0,0,0,0,4,1,0,2,2,0,0,1,0,0,1,0,0,1,1,0,1,0,0,4,0,0,1,0,2,2,0,0,0,0,1,1,0,0,0,0,0,0,0,1,1,0,0,0,0,0,0,3,0,0,0,0,1,0,2,0,0,2,0,0,1,0,0,0,1,0,1,1,0,0,1,0,0,1,2,1,0,1,1,3,9,1,0,0,4,0,2,1,0,0,0,0,0,0,0,0,0,0,1,0,0,1,0,0,3,0,1,0,0,0,0,0,0,0,0,0,0,0,0,0,0,0,0,0,1,0,0
zasulich_ocherk_istorii_1internacionala.txt_chunk13,zasulich,2,0,2,0,0,1,4,1,0,21,2,1,0,0,0,2,6,0,1,1,2,0,0,0,0,1,0,5,0,0,0,2,0,3,1,0,1,0,1,3,0,0,3,0,37,0,8,0,2,7,4,0,4,0,2,0,0,1,2,2,1,0,1,0,5,0,0,0,0,0,0,0,0,22,0,0,17,0,0,0,1,0,0,0,0,11,0,7,2,2,0,0,2,1,0,1,8,0,4,0,0,0,9,1,3,3,15,0,0,0,0,2,0,0,1,0,0,0,1,1,1,3,0,1,2,3,0,0,3,0,0,0,0,0,1,0,12,0,0,2,0,1,1,0,1,0,1,0,0,0,4,1,2,0,0,0,0,0,0,0,4,0,0,1,0,0,0,0,0,0,0,0,2,4,2,0,5,3,2,1,1,1,0,1,0,0,0,1,0,0,0,0,0,0,0,0,0,0,4,0,1,0,0,1,2,0,2,0,0,0,0,0,1,1,0,0,0,0,0,0,7,0,0,0,0,0,0,4,0,0,1,1,1,4,1,1,0,1,0,0,4,0,0,2,0,0,2,0,2,0,1,1,0,2,0,0,0,0,0,1,1,0,1,2,0,1,0,0,0,0,1,0,0,0,0,0,0,0,3,0,0,0,3,0,0,1,0,0,0,1,0,0,0,0,0,0,0,1,0,0
zasulich_ocherk_istorii_1internacionala.txt_chunk14,zasulich,4,0,0,0,0,2,6,4,1,40,5,0,0,0,0,1,3,0,1,2,2,0,0,0,0,2,0,0,0,1,0,0,0,5,0,0,1,1,2,6,0,0,12,0,45,0,10,1,3,7,10,0,1,0,1,0,0,3,4,1,0,0,1,0,3,0,0,1,0,0,0,0,0,15,0,0,16,0,0,0,0,0,0,1,0,7,0,4,0,2,0,0,0,0,0,3,2,0,1,1,0,1,8,2,2,1,13,0,0,1,0,1,0,0,1,0,0,0,0,0,1,3,1,2,2,0,1,0,2,0,0,0,0,0,1,1,4,1,1,2,1,1,2,1,2,0,1,0,1,0,7,0,0,0,0,1,0,1,0,1,3,0,1,0,0,0,0,0,0,1,0,0,2,4,0,0,1,1,1,0,1,1,0,1,0,0,2,0,0,1,0,0,0,0,0,0,3,0,4,1,0,0,0,1,0,0,0,0,1,1,0,1,0,1,0,0,0,0,0,0,14,0,0,0,0,0,0,1,0,1,1,0,0,0,0,0,1,1,1,0,2,0,0,1,0,1,1,0,2,0,2,0,0,1,0,0,0,1,0,1,0,0,0,3,0,0,0,0,0,0,0,3,0,0,1,0,0,0,1,0,0,0,0,0,0,0,0,0,0,1,0,0,0,0,3,0,0,1,0,0
zasulich_ocherk_istorii_1internacionala.txt_chunk15,zasulich,0,0,0,0,1,1,2,0,0,26,2,4,0,0,0,5,3,1,0,0,0,0,0,0,0,1,0,1,0,0,0,3,2,9,0,0,1,1,1,4,2,0,3,0,49,0,6,2,2,1,3,0,4,0,0,0,1,1,2,0,0,0,4,0,5,0,0,0,1,2,0,0,0,12,1,0,8,1,0,0,2,0,0,1,0,3,0,4,2,1,1,0,0,1,3,1,1,1,8,2,0,1,6,2,3,1,9,0,0,3,2,0,0,1,2,0,1,0,1,0,3,2,1,1,1,3,2,2,3,0,0,0,0,1,0,0,9,2,2,0,0,2,0,2,0,1,2,0,0,0,2,0,2,1,0,1,0,0,0,1,3,2,0,0,1,4,0,0,0,0,0,0,1,4,1,3,2,2,0,0,0,1,0,0,0,2,0,2,1,0,0,0,0,0,1,0,9,1,3,2,0,1,0,1,1,0,0,0,0,2,2,1,2,1,0,1,0,0,0,2,8,0,2,0,0,0,2,2,2,1,1,0,0,2,0,0,0,1,0,0,0,0,2,0,0,0,0,0,0,1,1,2,0,1,0,0,0,3,0,0,2,2,0,2,0,0,0,0,0,3,1,3,0,0,3,0,1,1,2,0,0,0,0,0,7,0,0,0,2,0,0,0,0,0,0,0,0,1,1,0
zasulich_ocherk_istorii_1internacionala.txt_chunk16,zasulich,2,0,2,3,2,0,0,3,4,32,3,1,0,0,0,2,5,0,0,1,4,0,1,0,1,2,1,9,1,0,0,5,2,3,0,0,0,0,1,4,0,0,4,0,38,0,10,3,0,3,7,0,5,0,1,0,0,0,3,1,0,1,2,0,1,0,0,1,2,6,0,0,0,11,0,0,12,0,1,0,1,1,0,2,0,4,1,7,1,0,0,0,0,2,4,1,3,6,3,0,2,0,10,1,7,2,5,1,0,1,2,0,1,0,0,0,0,0,1,2,8,1,0,0,1,2,0,0,5,2,0,0,0,0,3,0,12,3,0,1,0,4,3,0,3,3,0,0,7,0,1,0,0,0,0,0,1,0,0,1,1,1,1,0,0,0,0,0,0,0,3,3,1,6,1,0,0,2,0,1,0,0,0,0,0,0,1,1,0,1,0,0,0,0,0,1,4,0,4,0,0,0,0,0,0,0,1,0,0,0,1,1,0,1,0,0,0,0,0,1,7,0,0,0,0,0,0,2,0,0,0,0,6,2,0,0,0,0,1,0,0,0,0,1,0,1,0,0,1,1,2,2,0,0,0,0,0,0,1,0,0,0,0,0,0,1,0,0,2,1,1,1,1,4,0,0,0,0,2,1,1,0,2,0,0,0,0,0,0,0,0,0,0,0,0,0,0,1,1,0
zasulich_ocherk_istorii_1internacionala.txt_chunk17,zasulich,1,1,1,0,3,2,0,2,1,26,0,6,2,0,1,0,5,0,4,1,2,0,1,1,1,0,0,8,0,2,0,1,0,5,0,1,0,0,2,5,1,0,3,0,41,0,7,2,2,7,5,1,10,0,0,0,1,1,1,2,0,0,4,1,2,0,0,0,0,0,1,0,1,24,0,0,17,1,0,1,2,0,0,2,0,8,0,8,1,2,0,0,1,2,3,0,2,3,2,0,1,0,10,1,1,4,11,0,1,2,3,0,0,1,0,1,1,0,1,2,6,2,1,0,2,0,0,1,4,0,0,0,2,5,0,0,8,0,0,1,0,3,2,1,0,1,1,0,0,0,2,2,0,3,0,1,0,0,0,2,3,0,0,0,0,1,1,1,1,1,2,3,0,3,1,0,1,5,0,0,0,0,0,0,0,0,3,0,0,1,0,0,0,0,0,0,2,0,0,0,0,0,0,1,1,0,0,0,0,0,1,0,1,1,0,1,0,0,1,0,2,0,0,0,0,0,0,2,1,1,1,0,3,3,0,0,0,0,0,1,1,0,1,0,0,1,1,1,0,0,0,3,0,0,0,0,0,0,1,0,0,1,0,0,1,0,0,0,0,1,0,0,1,1,0,0,0,0,2,1,0,0,1,0,0,1,0,0,0,0,0,0,0,0,0,0,0,1,2,0
zasulich_ocherk_istorii_1internacionala.txt_chunk18,zasulich,4,3,0,1,3,0,1,4,1,28,0,0,0,0,0,0,12,1,1,2,1,0,2,1,0,0,0,5,0,0,2,1,1,12,2,4,1,0,2,7,1,1,2,0,25,1,3,2,0,3,4,0,3,0,0,1,0,0,1,2,0,0,5,0,2,0,1,0,2,3,0,0,2,14,3,1,13,3,1,0,2,1,1,0,0,7,0,4,0,0,0,0,0,1,5,1,6,1,7,0,2,0,8,1,2,2,14,0,0,0,0,1,0,1,3,1,1,0,1,1,1,0,0,0,3,1,1,0,2,0,1,1,0,2,5,0,5,0,1,0,0,4,0,0,1,0,3,0,4,1,0,0,0,1,0,1,0,0,0,0,2,2,1,2,0,1,1,2,0,0,0,1,1,2,1,0,0,3,0,0,0,1,0,0,0,2,1,1,0,0,2,0,0,0,0,0,3,1,2,0,0,0,0,1,1,0,1,0,1,0,0,0,2,4,0,0,0,0,0,4,5,0,0,0,0,2,1,2,0,0,2,0,5,0,0,1,0,0,0,1,0,0,1,2,0,0,0,0,0,0,1,0,0,0,1,1,0,0,0,0,0,0,0,0,0,0,1,1,1,0,0,0,1,0,0,0,2,0,1,0,0,0,0,0,0,0,0,0,0,1,0,1,0,1,0,0,0,1,0,0
zasulich_ocherk_istorii_1internacionala.txt_chunk2,zasulich,1,0,0,0,5,2,3,5,0,35,2,1,0,1,0,1,6,2,2,0,0,2,0,0,0,0,0,9,1,1,0,0,3,8,0,0,0,1,0,4,1,0,1,0,42,0,7,1,1,3,6,0,5,1,1,0,2,1,2,0,0,0,2,0,2,0,0,0,0,1,3,0,0,8,0,0,9,0,0,0,4,0,0,0,1,4,0,2,1,1,1,0,0,1,0,0,7,1,6,1,1,0,5,2,1,0,17,1,0,0,1,1,1,1,1,2,3,1,1,1,2,3,0,0,3,1,1,2,1,0,0,0,0,0,0,1,10,0,0,1,1,1,3,0,0,0,0,0,1,0,1,1,0,2,2,1,0,1,0,0,5,0,0,0,2,0,0,1,0,1,0,1,0,3,0,0,0,3,2,1,4,4,0,2,0,3,4,1,1,1,0,0,1,0,0,0,5,5,1,2,0,0,0,0,5,0,1,1,1,0,4,1,1,1,0,0,0,0,0,1,8,0,0,0,0,0,0,0,0,0,0,0,2,4,1,0,1,0,1,0,0,0,0,0,0,0,1,0,0,0,2,0,0,3,1,0,0,0,0,1,0,0,0,2,0,1,0,0,0,2,0,1,0,0,2,0,0,1,1,1,0,1,2,0,0,0,0,1,1,1,0,0,0,0,0,0,0,0,2,0
zasulich_ocherk_istorii_1internacionala.txt_chunk3,zasulich,3,0,2,0,3,0,1,2,6,31,1,0,1,0,0,1,5,2,0,1,0,0,0,0,0,0,0,8,2,0,3,2,1,6,0,0,2,1,1,0,0,0,5,0,31,0,8,5,2,4,14,4,3,0,5,0,1,2,0,0,0,1,1,0,3,0,0,0,0,8,1,1,0,7,0,0,10,0,0,1,3,0,0,1,2,3,0,4,0,2,1,0,0,3,4,1,1,1,4,0,0,0,4,1,2,0,12,0,1,0,2,1,0,5,1,0,0,0,0,0,3,0,1,0,1,2,1,2,3,2,0,0,0,0,0,1,11,5,0,0,1,3,0,2,0,1,0,0,2,0,1,1,2,2,2,0,0,0,0,1,14,1,0,0,1,2,0,0,1,0,0,0,0,0,1,2,0,4,0,1,2,2,0,1,0,7,0,0,0,2,0,0,0,0,1,0,2,7,3,2,0,0,0,0,4,0,2,1,0,2,0,0,1,2,0,0,0,0,0,1,13,0,0,0,0,0,0,3,4,0,1,1,1,1,0,1,0,1,0,0,0,0,0,1,1,0,0,1,1,0,4,0,0,0,0,1,0,4,0,0,0,0,0,0,0,0,0,2,1,0,0,0,0,1,0,0,0,0,1,1,0,0,0,0,0,1,0,0,0,0,1,0,1,0,0,0,0,2,2,0
zasulich_ocherk_istorii_1internacionala.txt_chunk4,zasulich,5,0,1,2,5,1,0,3,0,23,5,0,0,0,0,1,4,0,0,0,1,0,0,0,0,0,0,4,1,0,0,0,0,5,2,0,1,1,1,4,0,0,6,0,42,0,3,5,1,4,8,0,7,2,0,0,0,1,0,0,0,0,5,0,4,0,0,0,3,0,1,0,0,9,0,0,14,0,0,0,7,0,1,1,0,6,0,3,0,2,1,1,0,0,2,0,5,1,1,0,0,1,7,0,1,2,11,0,1,0,1,0,0,1,0,0,1,0,0,0,2,2,1,0,2,3,1,1,5,0,0,1,0,2,0,0,14,1,1,2,1,2,1,4,0,0,0,0,1,0,3,2,0,0,1,1,0,0,1,2,2,0,0,0,2,0,2,0,0,0,0,0,0,4,1,0,3,5,4,0,0,1,0,1,0,5,1,0,0,1,0,0,1,0,0,2,0,8,2,1,0,0,0,0,0,0,0,1,2,0,2,0,2,2,0,0,0,0,1,2,8,0,0,0,0,0,1,1,1,0,3,0,3,2,0,0,0,0,0,2,1,0,0,2,0,2,0,0,2,1,0,3,0,0,0,0,0,2,0,0,0,0,1,1,0,0,0,0,2,0,0,0,1,2,1,1,0,0,1,3,0,1,0,0,0,1,0,0,0,1,1,0,0,1,1,0,0,1,0,0
zasulich_ocherk_istorii_1internacionala.txt_chunk5,zasulich,6,0,0,0,1,1,5,6,1,41,3,1,2,0,0,3,2,0,0,0,1,0,0,0,0,1,0,6,0,0,1,0,0,4,0,1,2,0,2,1,0,0,4,0,35,0,6,2,2,2,9,0,4,0,1,1,0,0,1,1,0,0,4,0,0,0,0,1,1,1,0,1,0,15,0,0,10,0,0,0,2,0,1,2,0,7,0,5,1,2,1,0,1,0,1,2,8,1,7,0,1,1,9,1,2,0,11,0,1,0,0,1,0,2,1,0,2,0,0,0,1,5,0,0,1,1,0,0,2,2,0,0,0,0,2,0,8,4,0,0,0,4,0,2,1,1,0,0,0,0,2,0,0,1,0,0,0,0,1,0,4,2,0,0,0,0,0,0,0,1,0,1,0,0,5,0,2,0,0,0,1,0,0,0,0,0,0,0,0,1,0,0,0,0,2,2,2,1,0,0,0,0,0,2,2,0,0,0,0,0,0,0,1,1,0,0,0,0,1,1,5,0,0,0,0,0,2,3,0,0,0,1,2,3,1,0,0,0,0,0,2,0,0,2,0,1,0,0,0,1,2,1,0,0,0,0,0,3,0,0,0,0,0,3,1,0,0,1,3,0,1,0,0,0,0,0,2,0,4,0,0,0,0,0,0,1,0,2,0,0,1,0,0,0,0,0,0,1,2,0
zasulich_ocherk_istorii_1internacionala.txt_chunk6,zasulich,1,0,0,1,4,1,1,3,2,35,1,1,0,0,0,2,4,0,2,0,0,0,2,0,0,0,0,10,1,2,1,4,0,6,2,0,0,1,3,6,0,0,2,0,31,0,5,2,0,6,4,0,7,0,0,0,1,2,2,0,0,0,4,0,4,0,0,0,0,3,1,0,0,12,0,0,16,0,0,0,4,1,0,1,2,8,3,4,3,0,0,2,0,1,1,1,5,3,4,1,0,0,9,0,2,1,6,1,0,0,5,1,3,0,4,0,2,0,0,1,4,0,0,0,0,1,1,0,4,1,1,0,0,0,0,2,4,3,1,1,0,1,2,2,3,1,0,0,0,0,1,2,0,0,0,0,0,0,0,0,6,0,0,0,2,0,0,0,1,0,0,1,0,0,0,1,0,3,0,0,0,1,0,0,0,6,1,3,0,0,0,0,0,0,1,0,1,7,2,0,0,0,0,0,1,0,0,0,4,0,2,2,0,0,0,1,0,0,0,3,7,0,0,0,0,0,1,3,0,2,1,1,5,0,0,0,0,0,0,0,1,0,0,0,0,2,1,0,0,0,1,1,0,4,2,0,0,2,0,0,2,0,1,0,0,0,0,0,1,1,0,0,0,3,1,0,0,0,2,0,0,0,1,0,0,0,0,0,0,0,0,0,0,0,0,0,0,0,0,0
zasulich_ocherk_istorii_1internacionala.txt_chunk7,zasulich,3,1,3,0,1,1,0,1,4,26,5,1,2,0,2,3,3,1,0,2,2,3,0,0,0,0,4,7,2,0,3,1,1,3,0,0,2,1,0,5,0,0,4,0,26,1,1,0,1,5,7,0,4,0,0,1,0,1,0,0,0,3,2,0,2,0,0,0,1,0,2,0,0,7,0,1,11,0,0,1,3,0,0,0,0,3,1,6,3,0,1,0,0,0,4,1,3,0,4,1,1,1,14,0,7,0,4,1,1,1,0,2,0,0,0,1,0,1,0,0,2,2,0,1,1,2,0,0,2,1,0,1,0,0,1,1,8,1,0,1,2,1,3,0,0,1,0,0,4,0,7,1,1,0,0,2,0,0,0,0,2,1,0,0,0,0,0,0,0,0,3,0,0,2,0,1,1,2,0,0,0,0,0,0,0,1,0,0,0,0,0,0,0,0,0,0,1,6,3,0,0,0,0,0,1,0,2,0,1,0,0,1,0,1,0,0,0,0,1,3,3,0,0,0,0,0,0,0,0,1,0,0,6,0,0,0,0,1,2,0,1,0,0,1,1,1,2,0,0,0,2,1,0,1,0,2,0,2,2,0,0,0,0,1,1,1,0,0,0,0,1,0,0,2,0,0,0,0,1,0,2,0,1,0,0,1,0,0,0,0,0,0,0,0,0,0,0,3,0,0
zasulich_ocherk_istorii_1internacionala.txt_chunk8,zasulich,2,0,1,0,6,0,3,5,2,30,3,1,0,0,1,4,4,1,0,0,1,1,0,0,0,1,0,5,0,0,0,1,0,6,1,1,0,0,2,5,0,1,4,0,44,0,4,0,2,4,8,0,3,0,1,0,1,0,0,0,0,0,2,2,1,0,0,0,0,0,3,0,0,19,0,0,13,1,0,0,8,0,0,2,1,5,0,6,4,4,0,0,2,1,4,0,4,0,4,1,1,0,16,1,4,0,6,0,0,0,1,0,0,0,0,1,1,1,0,0,2,2,2,0,0,2,1,0,0,1,0,0,0,1,0,0,8,1,0,1,0,4,0,1,3,2,0,0,2,0,1,2,0,0,0,0,0,0,1,0,4,1,0,0,1,0,0,0,0,0,0,2,0,1,1,2,0,3,0,1,1,1,0,3,0,1,0,0,0,3,1,1,0,0,0,0,4,2,1,0,1,1,0,1,2,0,3,0,1,0,0,0,0,0,0,0,0,0,0,0,1,0,1,1,0,1,1,0,0,0,3,2,1,2,0,0,0,0,0,0,2,0,0,0,0,1,1,0,0,0,0,1,0,2,0,0,0,0,1,1,0,1,1,2,0,2,0,0,1,1,0,0,0,2,1,0,0,0,0,0,0,0,0,0,0,0,0,0,0,0,0,0,0,0,0,0,0,1,0,0
zasulich_ocherk_istorii_1internacionala.txt_chunk9,zasulich,2,0,1,0,6,2,0,5,2,36,5,0,0,0,2,5,3,1,0,0,1,0,1,0,2,3,0,4,0,2,0,1,1,3,0,1,1,1,6,6,0,0,11,0,30,0,10,4,0,5,9,0,2,0,0,1,0,0,1,2,0,0,5,3,0,0,0,1,1,2,3,0,0,17,1,0,19,0,1,1,1,0,0,1,0,8,1,3,1,3,1,0,0,0,2,1,4,0,3,0,0,1,2,1,3,1,8,0,2,0,1,3,1,0,0,0,0,0,0,0,0,1,1,0,1,5,2,0,1,0,0,0,0,1,1,0,6,1,1,0,0,3,1,3,3,0,0,0,2,0,0,1,0,0,0,2,0,1,0,1,2,1,1,0,1,0,1,0,0,0,0,1,2,4,0,0,2,4,2,0,0,0,0,0,0,0,1,2,1,2,1,0,0,0,0,0,1,1,0,0,0,0,0,0,2,0,1,0,1,1,1,0,0,5,0,0,0,0,1,1,13,0,0,0,0,1,0,2,0,2,1,0,0,2,0,2,1,0,1,0,0,0,0,0,0,0,1,0,3,0,0,1,0,0,0,0,1,1,1,2,1,0,0,3,1,0,0,2,1,0,2,0,1,2,0,0,0,0,3,0,0,0,0,0,0,0,0,0,0,0,0,0,0,0,0,0,0,2,0,0
zasulich_po_povodu_uprazdneniya_Marx'a.txt_chunk1,zasulich,6,0,0,2,8,0,0,1,0,24,1,0,1,0,0,0,6,1,0,1,0,1,1,0,0,0,0,7,0,0,1,0,0,3,0,1,2,0,0,5,1,0,4,0,36,0,7,5,1,1,4,0,10,0,1,1,2,0,0,1,0,0,3,2,2,1,1,1,0,2,5,0,0,12,1,0,16,2,0,0,2,0,0,1,0,7,1,5,2,0,0,2,0,0,0,1,1,0,7,0,0,0,4,0,3,0,9,0,2,0,2,0,0,1,2,2,1,0,0,2,4,4,0,0,1,1,2,2,3,1,0,0,0,4,2,0,12,0,2,3,0,1,1,1,1,0,1,8,0,0,1,2,0,0,1,0,3,0,0,0,0,0,0,0,0,0,0,1,1,0,2,1,0,0,0,1,2,2,4,0,0,0,0,0,0,0,0,0,0,0,0,1,0,0,0,0,1,0,1,0,0,0,0,0,0,0,0,0,0,0,0,0,1,0,0,0,0,0,0,0,1,0,0,0,1,0,0,1,2,0,0,0,0,1,0,0,1,0,1,0,0,1,0,0,4,0,1,0,0,0,0,0,0,1,2,0,0,0,0,0,2,0,2,0,0,0,0,0,0,0,3,0,0,12,0,0,0,0,0,2,0,0,0,0,0,0,0,0,0,0,0,0,0,0,0,0,0,3,12,0
zasulich_po_povodu_uprazdneniya_Marx'a.txt_chunk2,zasulich,10,3,1,0,6,0,0,2,3,20,0,0,0,0,0,1,5,1,0,1,0,3,1,0,0,0,0,5,0,1,3,2,0,4,2,0,3,0,1,11,0,0,1,0,30,0,4,3,0,0,4,0,6,0,1,0,1,1,0,2,0,0,7,0,1,0,0,0,2,5,1,0,0,7,0,0,28,2,0,3,5,0,0,1,1,10,1,3,0,1,1,0,0,0,3,2,5,0,2,0,1,0,6,1,8,2,5,0,0,1,2,0,0,3,0,3,1,0,0,4,4,1,2,0,2,8,2,1,1,2,2,0,0,2,2,0,13,0,0,1,3,3,4,2,2,0,0,0,1,0,3,1,0,0,0,0,0,0,0,0,0,1,1,0,0,0,0,0,0,0,1,1,0,3,1,1,0,2,8,0,0,0,0,0,0,0,0,0,0,0,0,0,0,0,0,1,0,0,0,1,0,0,0,0,0,0,2,0,0,0,0,0,2,1,0,0,0,0,1,0,6,0,0,0,0,0,0,0,1,0,1,1,8,0,0,1,0,0,0,0,0,1,0,3,1,0,0,0,0,1,1,0,0,1,0,1,1,1,0,0,1,0,0,0,1,0,0,0,0,0,0,3,0,17,0,0,0,0,0,0,0,0,0,0,0,0,0,0,0,2,0,0,0,0,0,0,0,5,5,0
zasulich_po_povodu_uprazdneniya_Marx'a.txt_chunk3,zasulich,8,0,0,0,5,1,0,1,1,23,2,0,0,0,1,0,5,0,1,0,1,0,0,0,1,2,0,5,0,1,0,0,1,4,1,1,1,3,2,8,0,0,2,0,26,1,10,1,0,1,1,0,12,5,0,0,0,1,0,2,0,0,4,0,2,0,0,0,0,4,0,0,0,14,1,0,17,0,0,0,5,0,0,0,0,7,1,2,7,1,0,0,0,2,7,2,0,0,2,1,1,0,5,1,5,0,6,0,1,0,2,0,0,0,1,2,0,1,0,1,5,0,1,0,0,7,5,1,2,0,0,1,0,4,1,0,8,2,0,2,1,5,1,0,0,0,0,0,1,0,2,0,0,2,0,2,1,0,0,0,0,0,0,1,1,0,0,0,0,0,0,0,0,1,0,1,1,0,6,0,0,0,0,1,0,3,0,1,0,0,0,0,0,0,0,2,1,4,1,0,0,0,0,0,3,0,1,1,0,0,0,0,1,2,0,0,0,0,0,0,13,0,0,0,0,0,0,1,0,0,1,0,6,0,0,0,1,0,1,1,0,0,1,0,13,0,1,1,0,0,1,0,0,2,0,1,0,1,0,0,1,0,0,0,0,0,0,0,0,0,0,1,0,22,0,0,0,0,0,1,0,0,0,0,0,0,0,0,0,1,0,0,0,0,0,0,0,1,5,0
zasulich_po_povodu_uprazdneniya_Marx'a.txt_chunk4,zasulich,10,2,0,0,5,1,1,1,0,30,1,0,0,1,2,1,3,0,2,0,1,0,2,0,0,1,0,3,1,0,1,1,1,8,0,0,9,5,1,8,0,0,0,1,32,2,4,4,1,6,7,0,9,0,0,0,0,0,0,0,0,0,5,0,2,0,0,0,2,0,2,0,0,12,0,0,28,2,0,1,4,0,2,0,1,8,0,6,2,1,0,0,0,0,4,1,0,0,6,1,0,0,8,0,1,1,2,0,0,0,0,0,2,0,0,4,1,0,0,0,3,2,4,0,2,6,2,1,11,4,0,1,0,1,4,0,14,1,2,1,0,5,3,2,0,0,1,2,2,1,0,0,3,3,1,1,0,0,0,0,6,1,2,2,0,2,0,2,0,0,0,1,0,1,1,1,0,1,3,0,1,0,0,0,0,0,0,0,0,0,1,0,0,0,0,0,0,3,0,0,0,0,0,0,0,0,1,0,0,0,0,0,0,1,0,1,0,0,1,1,1,0,0,0,0,1,0,1,1,0,0,1,14,0,0,0,2,3,0,2,0,0,0,2,0,1,0,0,0,0,0,3,0,3,0,1,0,4,0,0,0,0,1,2,0,0,0,1,0,0,1,1,0,8,0,0,0,0,1,0,0,0,0,0,0,0,0,0,0,0,0,0,0,0,0,0,0,2,3,0
zasulich_po_povodu_uprazdneniya_Marx'a.txt_chunk5,zasulich,3,1,0,0,2,1,0,1,1,26,0,0,0,0,1,0,4,0,3,0,0,0,1,1,1,0,0,3,1,1,0,0,0,6,0,1,1,4,4,11,0,0,2,1,25,0,5,7,1,2,8,0,6,0,3,1,0,0,0,0,0,1,4,0,1,0,2,0,0,2,0,0,4,8,0,0,20,1,0,1,2,1,0,0,1,13,0,2,0,2,0,0,2,1,4,1,4,0,3,1,0,1,4,0,3,1,7,0,0,1,0,0,0,0,1,1,1,0,0,0,3,0,2,1,2,4,1,1,4,0,1,0,0,0,3,0,18,2,2,0,0,10,2,1,2,0,0,5,5,1,3,0,2,2,1,1,1,0,4,0,4,1,0,0,0,2,0,0,0,0,0,0,1,4,0,2,0,0,4,2,0,1,0,1,0,0,0,1,0,0,0,0,0,0,0,0,0,0,0,0,0,0,0,0,1,0,5,0,0,0,0,0,1,0,0,1,0,0,1,1,1,0,0,0,0,0,0,0,0,0,1,1,12,0,0,2,0,0,0,0,0,2,1,2,1,0,0,1,0,0,0,0,0,0,0,3,0,0,0,0,0,1,1,0,0,0,0,1,1,0,0,1,1,0,0,0,0,0,0,0,0,0,0,0,0,0,0,0,0,0,0,0,0,0,0,0,0,2,2,0
zasulich_po_povodu_uprazdneniya_Marx'a.txt_chunk6,zasulich,8,0,0,0,10,0,0,0,0,30,2,0,0,0,1,2,1,1,2,1,1,0,2,0,0,0,0,5,0,0,0,0,0,10,0,0,3,6,2,6,0,0,1,0,23,2,5,2,1,3,5,0,5,0,1,0,0,2,1,0,0,0,5,0,4,0,0,0,0,3,1,0,0,6,1,0,19,0,1,2,2,1,1,0,0,12,3,4,3,1,0,0,0,0,6,0,0,0,4,3,1,0,10,0,2,1,6,1,1,0,2,2,0,0,1,1,0,2,0,0,2,0,1,1,1,6,1,1,4,4,0,0,0,0,0,0,24,2,0,0,0,9,3,2,1,0,1,2,2,1,0,1,1,0,1,0,0,0,1,0,0,3,1,0,1,0,0,4,0,0,1,0,0,0,1,0,2,0,2,0,0,0,0,1,0,0,1,1,0,0,0,0,0,0,0,0,0,0,1,1,0,0,0,0,1,0,6,0,0,0,0,1,1,2,0,2,0,0,0,0,2,0,0,0,0,0,4,0,0,0,0,0,11,0,0,0,0,0,0,1,0,1,1,0,0,0,0,0,1,0,0,3,0,2,1,6,0,0,0,0,3,0,2,0,0,0,0,0,2,0,0,0,3,6,0,0,0,0,0,0,0,0,1,0,0,0,0,0,0,2,0,0,0,0,0,0,0,2,11,0
zasulich_po_povodu_uprazdneniya_Marx'a.txt_chunk7,zasulich,6,4,0,0,0,0,1,0,0,42,1,0,0,0,0,2,5,0,2,1,3,0,1,4,1,0,0,3,0,0,0,0,1,10,1,2,3,1,0,9,0,0,5,1,44,1,8,1,0,1,3,0,10,0,0,1,0,0,0,2,0,0,1,0,4,0,0,1,0,0,2,0,0,27,2,0,12,1,0,1,3,0,0,0,0,6,1,0,0,0,0,1,0,0,1,0,1,0,1,1,0,0,5,0,3,4,6,0,2,0,1,2,1,0,0,3,0,0,0,2,6,0,0,0,2,7,1,0,3,0,0,0,0,1,6,1,13,0,0,0,0,3,3,2,1,0,0,0,1,1,5,1,2,0,0,1,1,2,0,1,0,4,0,0,1,0,0,2,0,1,0,0,1,1,1,1,1,2,6,0,0,0,0,1,0,2,0,0,0,1,0,0,0,0,0,0,0,0,1,0,0,0,0,0,0,0,3,0,0,0,0,0,1,2,0,0,0,0,1,0,2,0,0,0,0,0,0,0,0,2,1,0,13,1,0,0,1,0,2,0,1,1,0,2,1,1,1,1,2,0,0,1,0,2,0,3,0,0,0,0,0,0,0,0,0,0,0,0,1,0,0,0,0,7,0,0,0,0,1,0,0,0,0,0,0,0,0,0,0,1,0,0,0,0,0,0,0,3,7,0
zasulich_po_povodu_uprazdneniya_Marx'a.txt_chunk8,zasulich,4,3,0,0,11,0,1,1,3,28,1,0,0,0,0,0,7,2,1,2,1,2,0,0,0,1,0,6,1,1,0,1,0,16,0,2,3,0,1,6,0,0,3,2,26,0,1,0,0,5,10,0,8,0,0,1,0,1,1,2,0,0,4,1,1,0,1,0,4,9,0,0,0,7,1,0,16,1,0,0,4,1,0,1,0,9,0,2,0,0,0,0,0,0,8,0,2,0,10,1,2,0,6,0,3,0,10,0,0,0,2,1,0,0,0,1,0,0,0,3,4,2,0,2,0,1,2,1,1,2,0,0,0,1,0,0,17,3,1,0,0,7,2,2,0,0,0,0,2,0,1,0,0,3,4,3,1,0,0,1,4,1,0,0,2,0,1,0,2,0,1,1,0,2,1,1,0,1,5,0,0,0,0,0,0,0,1,2,1,1,0,0,0,0,0,0,1,3,0,3,0,2,0,0,0,0,4,0,1,0,0,0,1,0,0,1,0,0,0,0,0,0,0,0,0,0,0,0,1,2,0,0,14,0,0,1,1,1,3,2,0,2,1,1,0,4,0,1,0,0,0,3,0,0,0,3,0,1,1,0,4,0,0,0,0,0,0,0,0,0,1,0,1,3,0,0,0,0,0,0,1,0,0,0,0,0,0,0,0,1,0,0,0,0,0,0,0,0,2,0
zasulich_po_povodu_uprazdneniya_Marx'a.txt_chunk9,zasulich,8.635578583765112,0,0,0,10.362694300518134,0,1.7271157167530224,1.7271157167530224,3.454231433506045,18.998272884283246,1.7271157167530224,0,0,0,1.7271157167530224,0,3.454231433506045,1.7271157167530224,3.454231433506045,0,1.7271157167530224,0,5.181347150259067,0,1.7271157167530224,1.7271157167530224,0,3.454231433506045,1.7271157167530224,0,0,0,1.7271157167530224,5.181347150259067,0,3.454231433506045,1.7271157167530224,0,0,6.90846286701209,0,0,1.7271157167530224,0,36.269430051813465,5.181347150259067,1.7271157167530224,3.454231433506045,0,3.454231433506045,3.454231433506045,0,10.362694300518134,0,1.7271157167530224,3.454231433506045,1.7271157167530224,0,1.7271157167530224,1.7271157167530224,0,0,6.90846286701209,0,1.7271157167530224,0,0,0,0,3.454231433506045,0,1.7271157167530224,0,8.635578583765112,0,0,22.452504317789295,0,0,0,6.90846286701209,1.7271157167530224,0,0,0,13.81692573402418,0,12.089810017271159,0,1.7271157167530224,0,0,0,1.7271157167530224,3.454231433506045,0,0,0,8.635578583765112,0,0,0,10.362694300518134,0,3.454231433506045,0,3.454231433506045,3.454231433506045,1.7271157167530224,1.7271157167530224,0,0,0,0,0,1.7271157167530224,0,0,0,0,6.90846286701209,0,1.7271157167530224,0,0,5.181347150259067,3.454231433506045,1.7271157167530224,1.7271157167530224,3.454231433506045,0,5.181347150259067,1.7271157167530224,5.181347150259067,1.7271157167530224,0,20.72538860103627,0,0,1.7271157167530224,0,10.362694300518134,6.90846286701209,0,0,0,0,6.90846286701209,0,1.7271157167530224,0,0,0,0,0,0,1.7271157167530224,0,5.181347150259067,0,0,3.454231433506045,0,1.7271157167530224,1.7271157167530224,0,0,5.181347150259067,3.454231433506045,0,0,0,1.7271157167530224,3.454231433506045,0,0,0,1.7271157167530224,1.7271157167530224,0,0,0,0,0,0,0,6.90846286701209,0,0,0,0,0,0,0,0,0,0,0,0,0,1.7271157167530224,0,0,0,0,0,1.7271157167530224,0,0,0,0,0,0,0,0,0,0,0,0,0,0,0,0,0,0,0,0,0,0,0,0,0,13.81692573402418,5.181347150259067,0,0,0,0,0,0,0,5.181347150259067,1.7271157167530224,1.7271157167530224,0,0,0,3.454231433506045,0,0,1.7271157167530224,0,0,3.454231433506045,1.7271157167530224,1.7271157167530224,0,0,0,0,0,0,0,0,0,0,0,0,0,0,0,0,1.7271157167530224,3.454231433506045,0,0,0,0,0,0,0,0,0,0,0,0,0,0,0,0,0,0,0,0,0,0,0,0,5.181347150259067,0
zasulich_rev_studenchestvo1_I.txt_chunk1,zasulich,4.643962848297213,0,0,0,1.5479876160990713,0,1.5479876160990713,0,0,43.343653250774,0,0,0,0,0,0,4.643962848297213,0,0,0,0,1.5479876160990713,0,0,0,0,0,3.0959752321981426,0,0,0,0,0,3.0959752321981426,0,0,0,1.5479876160990713,0,1.5479876160990713,0,0,0,0,32.5077399380805,0,7.739938080495356,1.5479876160990713,0,4.643962848297213,3.0959752321981426,0,10.8359133126935,0,0,1.5479876160990713,0,3.0959752321981426,1.5479876160990713,1.5479876160990713,0,0,3.0959752321981426,0,3.0959752321981426,0,0,0,0,3.0959752321981426,1.5479876160990713,0,0,9.287925696594426,0,0,17.02786377708978,0,0,0,0,0,0,0,0,6.191950464396285,0,3.0959752321981426,1.5479876160990713,3.0959752321981426,0,0,0,1.5479876160990713,0,0,1.5479876160990713,4.643962848297213,3.0959752321981426,1.5479876160990713,0,0,9.287925696594426,0,4.643962848297213,1.5479876160990713,13.93188854489164,0,1.5479876160990713,0,1.5479876160990713,0,0,0,0,1.5479876160990713,0,0,0,0,1.5479876160990713,0,3.0959752321981426,0,1.5479876160990713,1.5479876160990713,0,0,0,0,1.5479876160990713,1.5479876160990713,0,1.5479876160990713,1.5479876160990713,0,9.287925696594426,0,0,0,0,0,3.0959752321981426,1.5479876160990713,3.0959752321981426,1.5479876160990713,1.5479876160990713,0,0,0,1.5479876160990713,0,0,1.5479876160990713,0,0,0,0,0,1.5479876160990713,1.5479876160990713,0,0,0,1.5479876160990713,0,0,0,0,1.5479876160990713,3.0959752321981426,0,0,3.0959752321981426,3.0959752321981426,1.5479876160990713,3.0959752321981426,3.0959752321981426,1.5479876160990713,1.5479876160990713,0,1.5479876160990713,0,1.5479876160990713,0,0,1.5479876160990713,0,1.5479876160990713,4.643962848297213,1.5479876160990713,0,3.0959752321981426,0,0,1.5479876160990713,0,0,0,1.5479876160990713,0,0,3.0959752321981426,0,3.0959752321981426,3.0959752321981426,1.5479876160990713,0,1.5479876160990713,1.5479876160990713,4.643962848297213,0,1.5479876160990713,0,0,0,0,0,1.5479876160990713,0,0,0,3.0959752321981426,0,0,0,3.0959752321981426,0,0,1.5479876160990713,0,0,0,0,0,0,0,1.5479876160990713,0,0,0,0,1.5479876160990713,1.5479876160990713,1.5479876160990713,0,0,0,0,1.5479876160990713,0,1.5479876160990713,0,3.0959752321981426,0,0,0,0,0,0,3.0959752321981426,0,1.5479876160990713,0,0,0,0,0,0,0,0,1.5479876160990713,0,0,0,0,0,0,0,1.5479876160990713,0,0,0,0,0,1.5479876160990713,0,1.5479876160990713,3.0959752321981426,0,1.5479876160990713,1.5479876160990713,0,0,0,0,0,0,0,0
zasulich_rev_studenchestvo2_I.txt_chunk1,zasulich,10,1,1,0,2,0,0,1,6,38,6,0,0,1,0,3,5,0,0,1,0,1,0,1,1,0,0,4,1,1,0,3,1,7,1,3,1,0,0,5,1,0,4,0,29,1,3,5,4,4,8,0,4,0,6,7,0,0,0,0,0,0,1,1,0,0,0,1,2,2,1,2,0,11,3,0,16,1,1,1,0,0,0,1,1,9,1,3,3,1,0,1,0,0,3,1,5,0,2,0,1,0,2,1,3,2,7,0,1,1,2,1,0,3,0,2,0,0,0,0,2,0,1,0,1,7,1,1,4,3,2,3,0,2,1,0,18,7,0,4,0,6,2,1,3,0,1,0,0,0,0,0,0,3,1,0,0,0,1,2,1,0,0,3,0,0,0,0,2,0,0,1,0,2,1,1,2,3,5,0,0,0,0,0,0,0,3,1,0,0,1,1,1,0,0,0,3,0,0,1,0,0,12,3,0,0,1,0,2,1,0,0,0,0,0,1,0,0,0,0,2,2,0,0,1,1,0,1,0,0,2,0,0,1,0,0,0,1,0,0,0,0,0,1,0,1,0,0,1,0,0,1,0,4,2,1,0,0,0,0,0,0,0,0,0,0,1,0,0,2,0,4,0,0,6,0,0,0,1,3,3,0,0,0,0,1,0,1,0,1,0,0,1,1,2,1,0,0,0,0
zasulich_rev_studenchestvo2_I.txt_chunk2,zasulich,8,0,0,1,6,2,1,3,0,34,7,0,0,0,0,3,9,1,4,0,2,0,0,1,0,2,1,0,0,0,0,1,0,6,0,1,3,0,2,10,1,0,3,0,39,0,8,2,2,4,3,0,6,0,6,3,2,1,3,0,0,0,2,0,0,0,0,3,0,1,0,0,0,2,0,0,15,0,1,1,0,1,0,3,0,5,0,6,2,1,0,1,0,1,2,2,8,0,3,0,1,0,3,1,3,0,6,1,0,1,2,0,0,1,0,1,1,1,0,1,4,1,0,0,4,7,2,4,7,2,1,1,0,1,3,0,13,0,0,1,1,4,1,0,1,0,0,0,0,0,1,0,0,3,0,0,1,0,0,0,1,0,2,0,0,0,0,1,0,0,1,0,2,3,2,0,0,2,2,0,0,2,0,2,0,0,2,2,2,0,0,1,3,0,0,0,0,1,0,0,0,0,4,4,1,0,0,0,0,0,0,0,0,0,1,0,0,2,1,0,1,1,3,1,1,0,0,0,2,1,2,0,0,0,1,3,0,1,0,0,0,0,0,1,0,0,0,2,0,0,1,1,1,5,4,0,0,3,1,0,2,3,0,0,0,1,2,1,1,5,0,3,1,0,13,0,0,0,0,2,0,0,0,0,0,0,0,0,1,0,0,0,1,4,7,0,0,1,0,0
zasulich_rev_studenchestvo2_I.txt_chunk3,zasulich,1.8518518518518519,0,0,1.8518518518518519,20.370370370370374,0,1.8518518518518519,0,1.8518518518518519,22.22222222222222,1.8518518518518519,0,0,0,0,1.8518518518518519,5.555555555555555,0,0,1.8518518518518519,0,0,1.8518518518518519,0,1.8518518518518519,5.555555555555555,0,5.555555555555555,0,0,0,0,1.8518518518518519,3.7037037037037037,1.8518518518518519,3.7037037037037037,1.8518518518518519,0,0,12.962962962962962,0,0,3.7037037037037037,0,37.03703703703704,1.8518518518518519,3.7037037037037037,3.7037037037037037,0,7.407407407407407,9.25925925925926,0,5.555555555555555,0,1.8518518518518519,1.8518518518518519,1.8518518518518519,1.8518518518518519,0,0,0,0,7.407407407407407,1.8518518518518519,0,0,0,0,3.7037037037037037,1.8518518518518519,0,0,0,11.11111111111111,0,0,18.51851851851852,0,0,0,3.7037037037037037,0,0,3.7037037037037037,1.8518518518518519,11.11111111111111,0,3.7037037037037037,1.8518518518518519,0,0,0,0,0,1.8518518518518519,1.8518518518518519,11.11111111111111,0,5.555555555555555,0,1.8518518518518519,0,5.555555555555555,1.8518518518518519,0,0,11.11111111111111,0,0,0,3.7037037037037037,3.7037037037037037,1.8518518518518519,0,1.8518518518518519,3.7037037037037037,5.555555555555555,0,0,0,3.7037037037037037,0,0,0,1.8518518518518519,11.11111111111111,0,1.8518518518518519,5.555555555555555,0,1.8518518518518519,0,1.8518518518518519,1.8518518518518519,0,0,12.962962962962962,1.8518518518518519,1.8518518518518519,1.8518518518518519,0,1.8518518518518519,0,0,3.7037037037037037,0,0,0,0,3.7037037037037037,1.8518518518518519,0,0,0,0,0,1.8518518518518519,0,1.8518518518518519,0,0,0,0,0,0,0,0,0,0,0,0,0,1.8518518518518519,7.407407407407407,1.8518518518518519,0,0,0,1.8518518518518519,0,0,0,0,0,0,0,0,1.8518518518518519,1.8518518518518519,0,0,0,0,0,0,1.8518518518518519,1.8518518518518519,0,1.8518518518518519,0,0,0,0,0,0,0,0,0,0,0,1.8518518518518519,0,1.8518518518518519,0,0,0,0,0,0,0,5.555555555555555,5.555555555555555,0,0,0,3.7037037037037037,0,0,0,0,0,0,0,0,0,0,1.8518518518518519,3.7037037037037037,0,0,0,1.8518518518518519,0,0,0,0,0,1.8518518518518519,0,0,0,0,0,0,1.8518518518518519,0,0,0,0,0,3.7037037037037037,0,0,0,1.8518518518518519,1.8518518518518519,0,0,0,5.555555555555555,0,1.8518518518518519,0,0,5.555555555555555,0,0,0,1.8518518518518519,0,0,0,0,0,0,0,0,0,0,0,0,0,0,3.7037037037037037,1.8518518518518519,0,0,0,0,0
zasulich_vystrel_Karpovicha_I.txt_chunk1,zasulich,8,0,0,3,7,0,3,1,2,23,2,1,0,0,0,1,10,1,2,0,5,0,0,0,1,0,0,6,1,0,0,0,0,3,0,3,3,0,1,4,2,1,4,0,37,0,4,2,1,4,9,0,2,0,2,1,0,2,1,0,1,2,1,1,0,0,0,3,1,1,0,1,0,11,2,3,21,2,3,2,3,2,2,1,0,6,1,2,2,0,0,0,2,1,1,2,5,0,1,0,1,1,4,2,3,7,14,0,1,1,0,1,1,1,1,3,1,1,0,1,4,0,1,1,0,7,1,1,2,1,1,1,0,8,4,0,16,2,1,1,0,7,1,6,1,0,1,0,3,1,3,0,0,0,0,1,1,1,0,0,3,6,0,0,0,0,0,2,2,0,0,0,0,2,0,0,0,1,1,0,0,0,0,2,0,1,1,1,0,0,0,1,0,0,1,0,2,1,0,0,0,0,0,0,3,0,0,1,0,1,1,0,0,3,0,1,1,0,1,0,3,0,0,0,2,0,0,1,0,0,1,0,0,0,0,0,2,0,1,1,0,0,0,0,0,0,0,0,1,0,1,1,0,6,1,0,0,0,0,0,2,2,2,0,0,2,0,0,0,0,0,1,0,0,0,0,0,4,0,0,1,1,0,0,0,0,0,0,0,0,0,0,0,0,0,0,0,0,0,0
zasulich_vystrel_Karpovicha_I.txt_chunk2,zasulich,14,0,2,0,7,2,1,5,4,24,1,2,0,1,0,0,7,0,2,3,0,1,0,1,1,0,0,3,0,0,1,0,0,9,0,0,5,0,1,3,1,0,3,0,35,0,2,3,1,4,5,1,5,0,1,2,2,0,2,0,0,3,6,0,3,0,0,0,3,4,2,0,0,9,0,0,34,0,1,1,6,0,0,2,0,8,2,4,1,0,0,1,0,1,3,1,4,0,2,0,3,2,12,1,2,1,4,1,1,1,1,0,1,0,0,3,0,0,0,1,3,1,1,0,2,5,1,1,5,4,3,0,0,0,3,1,8,2,2,2,1,6,2,1,2,1,0,0,1,0,0,0,0,0,3,1,1,0,2,1,1,0,1,1,0,0,0,0,2,1,1,1,1,2,1,0,1,0,0,0,1,2,0,2,0,2,0,1,0,1,3,0,0,0,0,0,4,2,0,1,1,0,0,1,3,0,0,1,0,0,5,0,0,0,0,0,1,0,1,0,0,1,0,0,1,0,3,2,1,2,4,0,0,0,0,0,0,0,0,2,1,1,0,0,0,0,2,0,1,0,3,0,0,1,0,0,0,1,0,0,3,0,0,0,0,0,0,0,0,0,1,0,0,0,0,0,0,0,0,0,2,2,3,0,0,0,0,2,0,0,1,1,0,0,0,0,0,1,0,0
