chunk_id,author,а,больше,будет,будут,бы,была,были,было,быть,в,во,вопрос,вопроса,вопросу,вот,вполне,время,все,всегда,всего,всем,всю,где,говорит,гораздо,деле,дело,детей,для,должен,должна,должно,должны,других,его,ее,ему,если,есть,еще,же,жизни,жизнь,за,значит,и,идет,из,или,им,их,к,как,классов,когда,конечно,которая,которой,которую,которые,которых,кто,лет,лишь,мало,между,меня,мне,много,могут,может,можно,мысли,мысль,на,над,надо,не,него,нельзя,необходимо,нет,ни,нибудь,ним,них,ничего,но,нужно,о,об,образом,один,одно,одного,одной,он,она,они,организации,от,отношении,очень,перед,по,под,при,раз,роль,с,самом,свое,своего,своей,свои,своим,своих,свою,себе,себя,сказать,собой,совершенно,так,также,таким,там,тем,теории,то,того,той,только,том,тому,тот,у,чем,через,что,чтобы,эта,эти,этим,это,этого,этой,этом,этому,эту,я,без,ведь,до,значение,имеет,именно,какой,которого,ли,либо,люди,менее,общества,оно,потому,почему,поэтому,право,развитие,самого,собою,таких,те,тех,уже,этих,является,более,всех,г,д,движение,движения,демократии,другой,класса,который,кроме,людей,могли,момент,нашей,партии,партия,пор,после,против,рабочего,рабочие,развития,сил,социал,стороны,съезда,т,борьба,борьбе,борьбу,борьбы,власти,вместе,вся,даже,демократической,зрения,народа,прежде,рабочий,рабочих,революционной,россии,русской,силу,силы,со,страны,такой,теперь,тогда,точки,труда,был,весь,вообще,всей,да,действительно,здесь,мог,почти,сам,хотя,времени,дела,которое,несколько,положение,случае,этот,вы,мы,нас,е,ибо,общество,своем,смысле,характер,нам,слова,интересы,года,ей,наконец,народ,ней,пока,пролетариата,свой,однако,производства,буржуазии,власть,права,правительство,рабочим,политической,свободы,правительства,массы,политических,политического,революции,революционного,революция,социализма,тов,демократия,диктатуры,классовой,ленин,войны,маркса,масс,пролетариат,1905,буржуазия,её,радек
krupskaya_k_voposu_o_shkole.txt_chunk1,krupskaya,3,4,1,4,4,1,2,2,3,28,1,1,1,3,1,2,1,2,1,1,1,1,3,1,3,4,4,4,3,5,1,1,1,1,9,2,3,8,1,3,3,3,3,1,1,34,1,2,3,4,2,6,5,1,2,4,2,2,2,1,1,3,1,3,1,3,1,1,4,1,3,1,1,2,10,1,2,20,3,1,1,1,1,4,1,4,1,8,1,10,1,2,1,2,1,2,15,1,3,2,4,2,4,1,5,1,1,1,4,9,1,1,1,1,1,3,2,2,2,2,1,2,2,2,1,1,1,3,1,6,3,3,2,2,1,2,2,3,1,10,6,3,1,1,6,2,5,2,2,3,5,0,0,0,0,0,0,0,0,0,0,0,0,0,0,0,0,0,0,0,0,0,0,0,0,0,0,0,0,0,0,0,0,0,0,0,0,0,0,0,0,0,0,0,0,0,0,0,0,0,0,0,0,0,0,0,0,0,0,0,0,0,0,0,0,0,0,0,0,0,0,0,0,0,0,0,0,0,0,0,0,0,0,0,0,0,0,0,0,0,0,0,0,0,0,0,0,0,0,0,0,0,0,0,0,0,0,0,0,0,0,0,0,0,0,0,0,0,0,0,0,0,0,0,0,0,0,0,0,0,0,0,0,0,0,0,0,0,0,0,0,0,0,0,0,0,0,0,0,0
krupskaya_k_voposu_o_shkole.txt_chunk2,krupskaya,3.5046728971962615,0,7.009345794392523,3.5046728971962615,2.336448598130841,0,0,0,5.841121495327102,35.046728971962615,1.1682242990654206,0,0,1.1682242990654206,1.1682242990654206,0,2.336448598130841,7.009345794392523,0,0,0,0,3.5046728971962615,0,3.5046728971962615,0,3.5046728971962615,12.850467289719626,1.1682242990654206,3.5046728971962615,0,0,2.336448598130841,1.1682242990654206,1.1682242990654206,1.1682242990654206,0,2.336448598130841,0,1.1682242990654206,3.5046728971962615,0,2.336448598130841,1.1682242990654206,0,37.38317757009346,0,3.5046728971962615,3.5046728971962615,2.336448598130841,15.186915887850468,15.186915887850468,8.177570093457943,0,0,2.336448598130841,1.1682242990654206,2.336448598130841,0,1.1682242990654206,1.1682242990654206,1.1682242990654206,0,3.5046728971962615,0,2.336448598130841,0,0,0,0,3.5046728971962615,1.1682242990654206,0,0,10.514018691588785,1.1682242990654206,3.5046728971962615,8.177570093457943,0,1.1682242990654206,1.1682242990654206,0,0,2.336448598130841,1.1682242990654206,2.336448598130841,0,3.5046728971962615,1.1682242990654206,2.336448598130841,0,1.1682242990654206,1.1682242990654206,0,0,0,5.841121495327102,7.009345794392523,4.672897196261682,2.336448598130841,1.1682242990654206,4.672897196261682,4.672897196261682,0,5.841121495327102,0,3.5046728971962615,1.1682242990654206,0,11.682242990654204,0,0,1.1682242990654206,0,1.1682242990654206,1.1682242990654206,1.1682242990654206,0,2.336448598130841,1.1682242990654206,0,2.336448598130841,0,1.1682242990654206,1.1682242990654206,1.1682242990654206,0,1.1682242990654206,0,5.841121495327102,3.5046728971962615,0,3.5046728971962615,0,1.1682242990654206,0,2.336448598130841,2.336448598130841,0,7.009345794392523,3.5046728971962615,1.1682242990654206,0,0,12.850467289719626,1.1682242990654206,2.336448598130841,3.5046728971962615,1.1682242990654206,1.1682242990654206,1.1682242990654206,1.1682242990654206,1.1682242990654206,1.1682242990654206,3.5046728971962615,1.1682242990654206,1.1682242990654206,1.1682242990654206,1.1682242990654206,1.1682242990654206,2.336448598130841,1.1682242990654206,1.1682242990654206,1.1682242990654206,1.1682242990654206,2.336448598130841,1.1682242990654206,1.1682242990654206,1.1682242990654206,1.1682242990654206,2.336448598130841,1.1682242990654206,1.1682242990654206,1.1682242990654206,1.1682242990654206,2.336448598130841,2.336448598130841,2.336448598130841,0,0,0,0,0,0,0,0,0,0,0,0,0,0,0,0,0,0,0,0,0,0,0,0,0,0,0,0,0,0,0,0,0,0,0,0,0,0,0,0,0,0,0,0,0,0,0,0,0,0,0,0,0,0,0,0,0,0,0,0,0,0,0,0,0,0,0,0,0,0,0,0,0,0,0,0,0,0,0,0,0,0,0,0,0,0,0,0,0,0,0,0,0,0,0,0,0,0,0,0,0,0,0,0,0,0,0,0,0,0,0,0,0,0,0,0,0,0,0,0,0,0
krupskaya_merged__iskre.txt_hihsya.txt_chenie.txt,krupskaya,7.278020378457059,0,5.822416302765648,0,8.73362445414847,1.455604075691412,0,1.455604075691412,2.911208151382824,26.200873362445414,1.455604075691412,0,4.366812227074235,0,0,0,1.455604075691412,5.822416302765648,0,1.455604075691412,0,0,0,0,1.455604075691412,0,2.911208151382824,0,1.455604075691412,0,1.455604075691412,0,0,0,1.455604075691412,8.73362445414847,0,1.455604075691412,1.455604075691412,1.455604075691412,2.911208151382824,1.455604075691412,0,5.822416302765648,0,36.390101892285294,8.73362445414847,4.366812227074235,0,4.366812227074235,2.911208151382824,8.73362445414847,14.556040756914118,0,1.455604075691412,4.366812227074235,0,0,2.911208151382824,0,0,1.455604075691412,0,1.455604075691412,0,1.455604075691412,0,1.455604075691412,0,1.455604075691412,2.911208151382824,1.455604075691412,0,1.455604075691412,13.100436681222707,0,7.278020378457059,5.822416302765648,1.455604075691412,0,0,0,0,0,0,0,0,4.366812227074235,1.455604075691412,2.911208151382824,0,0,0,0,0,0,11.644832605531295,1.455604075691412,4.366812227074235,1.455604075691412,1.455604075691412,0,0,0,5.822416302765648,0,1.455604075691412,0,1.455604075691412,23.28966521106259,1.455604075691412,0,0,0,2.911208151382824,1.455604075691412,0,1.455604075691412,0,0,0,0,0,4.366812227074235,1.455604075691412,1.455604075691412,1.455604075691412,1.455604075691412,0,0,2.911208151382824,1.455604075691412,4.366812227074235,0,0,1.455604075691412,0,1.455604075691412,0,4.366812227074235,4.366812227074235,0,2.911208151382824,1.455604075691412,5.822416302765648,4.366812227074235,1.455604075691412,2.911208151382824,0,0,2.911208151382824,2.911208151382824,0,1.455604075691412,0,0,0,0,0,0,0,0,0,1.455604075691412,0,0,0,0,0,0,0,0,1.455604075691412,1.455604075691412,0,1.455604075691412,1.455604075691412,0,1.455604075691412,1.455604075691412,1.455604075691412,4.366812227074235,1.455604075691412,1.455604075691412,1.455604075691412,1.455604075691412,1.455604075691412,1.455604075691412,4.366812227074235,1.455604075691412,1.455604075691412,1.455604075691412,1.455604075691412,1.455604075691412,1.455604075691412,1.455604075691412,1.455604075691412,1.455604075691412,2.911208151382824,1.455604075691412,1.455604075691412,2.911208151382824,1.455604075691412,1.455604075691412,1.455604075691412,1.455604075691412,0,0,0,0,0,0,0,0,0,0,0,0,0,0,0,0,0,0,0,0,0,0,0,0,0,0,0,0,0,0,0,0,0,0,0,0,0,0,0,0,0,0,0,0,0,0,0,0,0,0,0,0,0,0,0,0,0,0,0,0,0,0,0,0,0,0,0,0,0,0,0,0,0,0,0,0,0,0,0,0,0,0,0,0,0,0,0,0,0,0,0,0,0,0
krupskaya_o_staroy_iskre.txt_chunk1,krupskaya,2,2,2,1,8,5,2,2,0,34,1,0,0,0,0,0,1,6,0,3,0,1,0,0,0,1,0,0,3,2,0,0,1,0,1,3,1,4,1,1,1,0,0,12,0,20,0,6,0,0,2,7,5,0,1,0,5,0,1,1,0,0,2,0,0,0,0,0,0,0,1,0,0,0,10,0,2,16,0,1,1,0,0,0,2,1,0,4,0,5,1,0,0,0,0,0,6,6,5,1,1,1,0,0,7,0,1,0,1,22,0,0,0,3,0,1,0,0,1,2,0,0,2,0,0,0,1,0,0,1,0,1,2,6,0,0,1,1,0,9,1,1,0,0,0,2,1,0,0,2,0,3,0,1,1,0,2,0,0,1,0,0,3,0,0,0,0,0,0,0,0,0,0,0,0,0,0,0,0,3,1,2,0,2,2,0,6,0,0,0,0,0,0,5,0,0,2,1,8,0,0,0,4,0,0,0,2,1,10,9,1,3,1,1,2,2,1,3,4,10,1,7,1,1,2,1,3,1,1,1,1,3,0,0,0,0,0,0,0,0,0,0,0,0,0,0,0,0,0,0,0,0,0,0,0,0,0,0,0,0,0,0,0,0,0,0,0,0,0,0,0,0,0,0,0,0,0,0,0,0,0,0,0,0,0,0,0,0,0,0,0,0,0,0,0,0,0,0,0,0
krupskaya_samoubiystva_uchashihsya.txt_chunk1,krupskaya,8,0,0,2,2,0,3,2,0,45,1,3,0,0,1,0,4,2,0,1,1,0,0,1,0,0,0,5,3,1,0,0,0,0,4,5,2,3,0,2,4,5,4,5,0,28,2,3,5,0,6,5,9,0,3,3,1,0,0,0,1,0,0,5,1,0,0,0,0,0,2,0,0,0,15,1,3,26,2,2,1,1,1,1,0,2,0,5,0,7,1,0,2,0,0,0,2,3,1,0,2,2,0,0,7,0,0,0,2,12,0,0,0,0,0,0,0,0,5,2,2,0,4,8,0,0,0,1,1,9,1,1,5,4,0,0,1,1,0,23,5,0,1,1,5,0,1,2,0,0,0,0,2,3,0,0,0,1,0,2,2,1,0,0,0,4,4,0,0,0,0,0,1,0,0,0,0,0,3,1,6,0,0,0,0,0,0,0,1,0,0,0,0,0,0,0,0,0,0,0,0,0,0,1,0,1,0,1,0,0,0,0,0,0,0,1,0,0,0,0,0,0,0,0,0,3,0,1,0,0,1,0,1,1,1,1,1,1,1,1,1,2,1,0,0,0,0,0,0,0,0,0,0,0,0,0,0,0,0,0,0,0,0,0,0,0,0,0,0,0,0,0,0,0,0,0,0,0,0,0,0,0,0,0,0,0,0,0,0,0,0,0,0,0,0,0,0,0,0,0
krupskaya_samoubiystva_uchashihsya.txt_chunk2,krupskaya,7,0,4,0,3,0,0,0,12,28,2,0,0,0,0,0,1,6,1,1,0,0,1,1,0,1,1,3,1,9,2,2,0,1,9,1,6,0,0,0,1,6,4,3,0,35,0,1,4,1,4,10,5,0,1,1,2,0,0,1,0,1,1,2,2,3,0,0,0,1,4,0,1,0,10,1,6,14,3,0,1,1,1,1,0,1,0,8,1,9,1,0,0,2,1,0,12,3,2,1,5,2,0,0,4,1,2,1,1,21,0,0,1,0,3,0,3,0,5,1,0,1,2,3,1,0,0,4,0,3,2,1,8,1,2,1,2,0,0,7,7,0,0,3,7,2,1,4,0,0,0,0,2,0,0,1,0,2,0,0,1,0,2,1,0,1,0,0,0,0,1,0,0,0,0,1,0,0,2,0,0,0,0,0,0,1,0,1,0,5,0,0,0,0,0,0,0,0,0,0,1,2,0,0,0,0,0,0,1,0,0,1,0,0,0,0,0,0,0,0,0,0,0,0,1,0,0,1,1,0,0,1,0,1,0,0,0,0,0,1,1,0,1,1,2,2,1,1,4,2,0,0,0,0,0,0,0,0,0,0,0,0,0,0,0,0,0,0,0,0,0,0,0,0,0,0,0,0,0,0,0,0,0,0,0,0,0,0,0,0,0,0,0,0,0,0,0,0,0,0
krupskaya_shkolnie_kolonii.txt_chunk1,krupskaya,6.443298969072164,0,0,0,19.329896907216497,0,0,1.288659793814433,0,38.659793814432994,0,0,0,0,0,0,1.288659793814433,2.577319587628866,0,0,0,1.288659793814433,1.288659793814433,0,0,0,2.577319587628866,10.309278350515465,18.04123711340206,1.288659793814433,2.577319587628866,0,1.288659793814433,0,0,0,0,2.577319587628866,0,1.288659793814433,5.154639175257732,1.288659793814433,1.288659793814433,5.154639175257732,0,45.103092783505154,0,2.577319587628866,0,0,3.865979381443299,0,3.865979381443299,0,0,0,0,0,0,1.288659793814433,2.577319587628866,1.288659793814433,0,3.865979381443299,2.577319587628866,1.288659793814433,0,0,0,2.577319587628866,0,1.288659793814433,0,0,10.309278350515465,0,1.288659793814433,16.75257731958763,0,0,0,2.577319587628866,0,1.288659793814433,0,3.865979381443299,0,10.309278350515465,2.577319587628866,3.865979381443299,2.577319587628866,1.288659793814433,0,0,0,1.288659793814433,0,1.288659793814433,3.865979381443299,0,1.288659793814433,1.288659793814433,0,0,5.154639175257732,1.288659793814433,2.577319587628866,1.288659793814433,0,9.02061855670103,1.288659793814433,0,1.288659793814433,0,1.288659793814433,1.288659793814433,1.288659793814433,0,0,5.154639175257732,0,0,0,2.577319587628866,0,1.288659793814433,5.154639175257732,0,0,2.577319587628866,2.577319587628866,0,5.154639175257732,0,0,0,3.865979381443299,1.288659793814433,0,3.865979381443299,1.288659793814433,0,1.288659793814433,0,2.577319587628866,1.288659793814433,0,3.865979381443299,0,0,0,0,0,2.577319587628866,0,0,0,0,0,3.865979381443299,0,1.288659793814433,0,1.288659793814433,2.577319587628866,1.288659793814433,0,0,0,0,0,0,2.577319587628866,0,0,1.288659793814433,0,0,1.288659793814433,1.288659793814433,0,1.288659793814433,0,0,0,1.288659793814433,0,1.288659793814433,0,1.288659793814433,0,0,0,0,0,1.288659793814433,0,0,2.577319587628866,0,0,0,0,2.577319587628866,0,2.577319587628866,0,1.288659793814433,0,0,0,0,2.577319587628866,2.577319587628866,0,0,0,0,0,1.288659793814433,0,0,0,0,0,0,0,0,0,0,0,0,0,1.288659793814433,0,0,0,0,5.154639175257732,0,2.577319587628866,0,5.154639175257732,0,0,0,1.288659793814433,0,0,0,3.865979381443299,2.577319587628866,2.577319587628866,0,0,0,0,0,0,0,0,0,0,0,0,0,0,0,0,0,0,0,0,0,0,0,0,0,0,0,0,0,0,0,0,0,0,0,0,0,0,0,0,0,0,0,0,0,0,0
krupskaya_sovmestnoe_obuchenie.txt_chunk1,krupskaya,5,1,3,1,1,0,0,1,3,26,0,12,2,1,2,0,0,1,1,3,0,0,2,2,0,1,1,1,2,0,1,0,1,0,4,1,1,3,1,0,2,2,3,1,2,43,2,1,5,0,3,7,7,0,2,2,0,0,2,1,0,0,0,1,0,12,0,0,0,1,5,0,0,1,23,0,5,14,0,1,1,0,0,2,0,2,0,0,0,9,1,5,0,0,0,0,1,1,1,0,2,1,2,1,3,1,5,0,1,8,1,0,1,0,0,0,1,0,1,0,0,2,4,8,1,0,0,1,0,8,1,1,0,1,1,1,2,3,2,11,3,1,4,1,2,0,1,2,0,1,0,1,1,1,4,1,0,0,0,6,1,1,0,2,1,1,0,1,0,0,0,0,0,0,1,5,0,3,3,0,7,0,0,0,0,0,1,0,0,0,0,0,0,0,0,1,0,0,0,0,2,1,0,0,0,1,0,0,1,0,0,0,0,2,0,2,0,2,0,0,0,0,0,0,0,0,0,1,0,0,1,0,0,1,0,0,1,0,0,0,0,0,0,0,0,1,0,0,0,3,0,4,0,1,2,2,1,1,1,0,0,0,0,0,0,0,0,0,0,0,0,0,0,0,0,0,0,0,0,0,0,0,0,0,0,0,0,0,0,0,0,0,0,0,0,0,0,0,0,0
krupskaya_sovmestnoe_obuchenie.txt_chunk2,krupskaya,9,0,5,0,6,0,0,0,6,29,4,3,2,1,2,2,0,5,0,1,0,0,3,1,0,0,1,7,2,0,0,0,0,1,6,3,1,1,0,1,2,2,0,2,0,39,1,5,5,1,4,10,9,0,2,0,0,1,1,0,0,0,0,0,1,1,0,0,4,0,8,2,0,2,15,2,9,18,1,0,0,2,0,0,0,2,2,9,0,5,2,2,0,0,0,0,11,3,2,0,5,1,3,0,2,0,5,0,1,9,0,0,0,1,0,0,2,1,2,1,0,0,1,2,1,0,0,2,0,6,1,1,4,0,0,0,1,2,0,14,3,0,2,0,5,5,2,4,0,3,0,0,2,0,0,1,0,3,2,7,1,0,0,0,0,0,0,1,1,0,1,0,1,0,0,1,4,1,0,2,6,0,0,0,0,0,0,1,0,1,0,0,0,0,0,0,0,1,0,0,1,1,0,0,0,3,0,0,0,0,0,2,0,0,0,0,0,1,0,0,0,0,0,1,0,0,0,3,0,1,0,0,1,0,3,0,1,0,0,0,0,0,1,0,0,0,0,0,0,0,0,0,0,0,0,0,0,2,0,1,2,0,0,0,0,0,0,0,0,0,0,0,0,0,0,0,0,0,0,0,0,0,0,0,0,0,0,0,0,0,0,0,0,0,0,0,0,0,0,0
krupskaya_sovmestnoe_obuchenie.txt_chunk3,krupskaya,5,2,0,1,3,0,0,1,3,36,1,4,1,0,0,3,0,1,1,1,0,1,3,3,1,0,1,1,3,0,2,0,0,1,4,1,1,3,0,2,3,2,2,3,1,27,0,2,5,1,2,6,7,0,3,2,0,3,0,2,2,0,0,3,1,1,0,2,2,3,5,0,0,0,8,0,3,16,1,2,2,2,0,2,0,0,2,8,0,10,1,1,0,1,0,0,7,2,4,0,3,4,0,0,2,0,2,2,0,12,0,0,1,1,1,0,0,1,0,0,0,1,1,4,0,0,0,1,0,2,5,2,1,2,1,0,6,6,0,17,5,2,2,1,2,1,1,2,0,0,7,1,0,0,2,2,1,0,0,3,1,2,1,1,1,2,0,0,0,1,0,0,1,3,1,1,1,0,1,0,2,0,0,0,0,0,0,0,2,0,1,0,0,0,0,0,0,2,0,0,0,0,0,0,0,1,0,0,0,1,0,3,0,2,0,3,0,0,0,0,0,0,0,1,0,0,0,0,0,2,3,0,1,1,0,0,0,0,2,1,0,0,2,0,0,1,1,0,2,2,0,1,0,0,0,0,0,0,0,0,0,1,0,0,0,0,0,0,0,0,0,0,0,0,0,0,0,0,0,0,0,0,0,0,0,0,0,0,0,0,0,0,0,0,0,0,0,0,0,0
krupskaya_zhenshina_rabotnitsa.txt_chunk1,krupskaya,5,5,0,0,1,0,0,0,0,39,1,0,0,0,1,1,0,0,0,0,0,2,3,1,0,1,1,0,2,1,0,0,0,2,3,5,2,1,2,4,3,0,4,4,0,36,2,5,2,0,1,1,7,0,0,0,0,0,0,2,0,1,2,2,0,1,0,0,0,0,1,1,0,0,24,1,0,14,0,0,0,1,3,0,0,0,0,0,2,1,2,0,1,0,0,0,5,6,0,0,7,0,1,0,3,0,0,0,0,10,0,0,2,0,0,0,1,3,1,2,0,1,0,2,0,0,1,1,0,3,2,0,6,1,0,0,6,3,0,11,2,0,2,0,1,1,3,1,0,0,0,1,0,0,0,0,0,0,0,3,1,0,1,0,0,2,0,0,0,0,1,0,1,2,1,0,2,0,0,1,0,0,0,0,0,0,5,0,1,1,0,0,1,0,0,0,0,0,4,0,0,0,0,0,0,3,0,0,0,0,0,1,1,0,0,0,0,1,0,1,0,1,0,0,1,0,0,1,1,0,0,0,0,1,0,0,5,1,0,0,1,1,1,0,0,0,0,5,0,0,1,4,1,1,0,0,0,0,0,0,0,0,1,1,1,2,1,1,2,2,0,0,0,0,0,0,0,0,0,0,0,0,0,0,0,0,0,0,0,0,0,0,0,0,0,0,0,0,0,0
krupskaya_zhenshina_rabotnitsa.txt_chunk2,krupskaya,7,1,1,0,1,0,0,0,0,49,2,0,0,0,1,0,6,3,0,1,0,1,6,0,0,0,0,0,2,0,1,0,0,0,2,3,0,3,1,4,8,0,0,4,0,43,0,0,3,1,2,4,8,0,1,0,1,1,0,0,0,0,2,4,0,1,0,0,0,0,3,0,0,0,23,1,2,14,0,1,0,3,1,0,2,2,0,7,0,2,0,0,1,1,0,1,3,7,3,0,4,0,2,0,3,0,2,0,0,11,0,0,1,0,1,0,0,1,1,3,0,0,1,6,0,0,3,1,0,6,0,0,3,0,1,1,4,5,0,13,5,1,0,0,2,1,0,0,0,0,0,0,0,4,0,0,0,0,0,1,0,0,0,1,0,1,0,1,0,0,0,0,1,0,2,2,2,2,3,1,2,0,0,0,0,0,2,0,1,0,0,0,0,0,0,1,0,0,3,0,0,1,0,0,0,0,0,0,0,0,0,0,1,1,0,0,1,0,3,0,0,1,0,1,0,1,0,1,0,0,0,1,0,0,0,0,1,0,0,0,0,0,2,0,0,1,0,3,0,2,0,0,0,0,0,0,1,0,0,0,0,1,0,1,0,0,0,0,0,0,1,2,0,0,0,0,0,0,0,0,0,0,0,0,0,0,0,0,0,0,0,0,0,0,0,0,0,0,0,0
krupskaya_zhenshina_rabotnitsa.txt_chunk3,krupskaya,9,1,13,6,1,0,0,5,1,20,3,0,0,0,1,0,1,13,2,1,0,0,1,0,0,0,5,1,4,0,0,0,1,2,2,1,2,0,2,0,2,0,1,10,0,30,1,4,1,9,8,1,10,2,2,0,1,1,0,3,0,2,0,2,0,2,0,0,1,0,1,0,1,0,18,2,1,24,3,0,0,1,8,1,0,4,0,5,0,11,0,0,1,0,1,0,4,1,13,0,5,0,0,1,4,1,1,0,0,5,0,0,1,2,4,1,2,1,2,4,0,0,1,6,1,0,0,4,0,1,4,0,2,4,0,1,4,4,0,17,16,0,1,0,6,1,1,0,0,0,0,2,0,0,0,0,0,0,0,0,0,2,0,1,2,2,0,0,0,0,0,1,0,1,1,1,0,0,0,6,1,0,0,0,0,0,0,1,1,1,0,0,0,1,0,1,0,1,2,10,0,0,0,1,0,0,0,0,1,1,0,1,1,0,0,0,0,0,2,11,0,0,0,2,1,0,0,1,5,1,0,2,0,0,0,0,0,0,0,2,0,0,0,1,1,1,0,0,0,0,0,0,0,0,0,4,0,0,0,0,3,2,0,1,0,2,0,0,0,1,0,0,1,1,3,1,3,0,0,0,0,0,0,0,0,0,0,0,0,0,0,0,0,0,0,0,0,0,0,0
krupskaya_zhenshina_rabotnitsa.txt_chunk4,krupskaya,2,2,4,6,3,2,0,1,0,41,4,0,0,0,1,1,2,7,1,0,1,0,1,0,2,3,6,0,1,0,2,0,0,0,2,4,3,4,2,1,3,0,0,12,0,37,0,2,1,3,5,5,8,0,1,2,2,0,0,1,0,0,1,1,2,1,0,0,0,3,1,0,0,0,20,0,0,22,0,0,1,2,3,0,1,0,1,6,0,3,1,0,0,0,0,0,3,17,7,0,6,0,3,0,5,0,1,0,0,8,0,0,1,1,1,0,3,0,2,0,0,0,2,2,1,0,1,1,0,4,2,0,6,0,0,0,0,3,1,18,6,0,0,0,4,1,0,0,0,0,0,4,0,2,0,1,0,0,1,2,0,1,0,0,0,1,0,2,1,0,0,0,0,1,2,4,0,1,0,4,2,0,3,0,0,0,1,0,2,0,1,0,0,1,0,1,0,0,2,12,0,0,0,0,0,0,2,5,2,1,0,0,0,1,0,0,1,0,0,2,0,6,0,0,0,0,0,3,0,1,0,0,0,1,0,0,2,0,0,0,1,0,0,0,0,2,1,4,1,0,0,0,0,0,0,1,0,0,0,0,0,2,0,2,0,0,1,2,0,0,0,0,0,0,1,0,2,3,3,0,0,0,0,0,0,0,0,0,0,0,0,0,0,0,0,0,0,0,0,0
krupskaya_zhenshina_rabotnitsa.txt_chunk5,krupskaya,7,2,0,0,0,1,2,2,4,35,2,0,0,0,2,1,0,5,1,0,0,0,7,0,1,0,3,0,3,0,1,0,0,0,3,7,1,4,0,3,9,0,0,2,0,41,0,1,3,2,3,4,8,0,2,0,1,1,0,0,0,2,1,3,2,3,0,0,0,1,8,0,0,0,20,0,2,23,0,1,0,2,3,0,0,1,0,3,0,3,0,2,0,0,0,1,2,12,5,0,7,0,1,0,8,1,6,0,0,9,0,0,0,0,0,1,0,1,2,6,0,0,2,3,1,1,3,1,0,4,2,1,2,2,1,1,1,5,0,16,1,0,2,0,6,1,0,0,0,1,0,2,1,0,1,1,0,1,0,2,0,1,0,0,0,2,3,0,2,0,0,0,0,0,6,0,0,1,2,2,1,0,0,0,0,0,0,1,1,0,0,0,0,0,0,0,1,0,0,5,0,0,0,0,0,3,0,0,0,0,1,0,0,1,0,0,0,0,0,4,0,0,0,1,0,0,0,2,0,0,0,0,0,0,0,0,2,0,0,0,0,0,1,0,0,1,0,1,1,2,0,3,0,1,0,0,0,0,0,0,0,0,0,4,0,0,2,1,0,3,0,0,0,0,0,0,0,0,0,0,0,0,0,0,0,0,0,0,0,0,0,0,0,0,0,0,0,0,0,0
krupskaya_zhenshina_rabotnitsa.txt_chunk6,krupskaya,6,1,2,5,5,0,0,1,2,41,1,0,0,0,1,0,0,4,0,1,1,0,1,1,0,1,3,10,2,0,1,0,1,1,3,2,1,5,1,1,6,0,1,11,0,36,1,1,3,3,1,4,17,0,5,2,1,1,0,2,0,1,1,2,1,0,0,0,0,2,5,1,0,0,7,0,3,25,0,0,0,4,2,6,1,1,3,5,2,8,0,0,1,0,1,1,1,5,2,0,5,0,3,0,1,1,3,1,0,8,0,0,0,1,0,0,4,0,2,0,0,0,0,5,0,1,1,0,0,6,3,0,7,3,1,0,4,2,0,19,2,0,1,1,3,2,0,0,0,0,1,4,2,2,0,2,0,3,0,2,3,2,0,0,1,1,2,0,0,0,0,0,1,2,1,1,0,0,0,2,1,1,0,1,0,1,0,0,2,1,1,0,0,0,0,0,0,0,0,0,0,0,0,0,0,1,0,0,0,1,0,0,1,2,0,0,0,0,0,1,0,1,1,0,0,1,0,0,2,3,0,0,0,0,0,0,7,0,0,0,0,0,0,0,0,0,0,0,0,0,2,4,1,0,0,0,0,0,0,0,1,0,0,0,0,1,0,1,0,1,0,0,0,1,0,0,0,0,0,0,0,0,0,0,0,0,0,0,0,0,0,0,0,0,0,0,0,0,0,0
krupskaya_zhenshina_rabotnitsa.txt_chunk7,krupskaya,7,0,3,0,3,1,1,2,0,25,1,0,0,0,0,1,4,6,1,1,0,0,1,2,0,1,2,15,5,0,2,0,0,0,4,5,0,4,1,4,5,0,0,3,0,36,0,2,3,0,4,7,5,0,3,1,0,1,0,1,1,0,1,1,0,1,0,0,3,1,3,3,0,0,25,0,1,26,1,0,1,2,4,6,0,1,0,6,0,7,1,3,1,1,0,0,1,9,5,0,4,1,2,0,2,1,6,1,0,11,0,1,4,2,0,1,4,0,1,1,0,1,2,4,0,4,1,1,0,6,2,0,2,3,1,2,3,3,0,17,6,1,2,2,4,0,0,1,0,0,0,1,0,3,0,1,0,2,0,0,2,0,0,0,0,1,1,1,0,0,0,0,0,0,1,2,0,0,0,0,0,0,0,0,0,0,0,0,0,0,0,0,0,0,0,0,0,0,0,0,0,0,0,0,0,1,0,0,0,0,0,0,1,1,0,0,0,1,0,3,0,0,0,0,0,0,0,0,1,1,0,1,0,0,0,0,0,0,0,1,3,0,0,2,0,0,1,3,0,0,0,3,0,1,0,1,0,0,0,0,0,0,0,2,0,0,1,0,0,0,0,0,0,0,0,0,0,0,0,0,0,0,0,0,0,0,0,0,0,0,0,0,0,0,0,0,0,0,0,0
krupskaya_zhenshina_rabotnitsa.txt_chunk8,krupskaya,3,4,4,6,4,1,2,0,2,34,1,0,0,0,0,0,5,10,1,0,0,0,0,0,4,0,1,7,6,0,0,0,0,1,2,14,1,1,0,1,5,0,0,6,1,38,0,4,1,3,8,10,9,0,1,2,0,0,0,1,0,0,0,1,3,0,0,0,1,1,9,2,0,0,21,1,1,15,1,0,1,2,3,2,0,2,1,2,0,2,0,0,1,0,1,0,1,16,8,1,2,0,2,0,3,0,1,0,0,18,0,2,0,0,1,1,3,2,0,1,0,0,1,5,0,0,0,0,0,6,6,0,4,3,0,0,3,1,0,22,6,0,1,0,7,1,1,0,0,0,0,2,0,0,0,2,0,2,1,0,0,0,0,1,0,2,0,0,0,0,0,0,2,0,0,0,0,0,1,3,0,0,0,0,0,0,1,2,1,0,0,0,0,0,0,0,0,1,2,3,0,0,0,0,0,0,0,2,0,1,1,0,1,0,0,0,0,0,1,2,0,0,0,0,1,0,0,0,0,0,0,0,0,0,0,0,1,0,0,1,0,0,0,0,2,1,1,1,0,0,0,2,0,0,0,0,0,0,0,0,1,3,0,3,0,0,2,0,0,0,0,0,0,0,0,1,0,1,0,0,0,0,0,0,0,0,0,0,0,0,0,0,0,0,0,0,0,0,0,0
krupskaya_zhenshina_rabotnitsa.txt_chunk9,krupskaya,3.6719706242350063,0,3.6719706242350063,6.119951040391677,18.359853121175032,1.2239902080783354,0,3.6719706242350063,7.343941248470013,34.27172582619339,3.6719706242350063,0,0,1.2239902080783354,2.4479804161566707,0,2.4479804161566707,0,0,1.2239902080783354,0,0,0,0,1.2239902080783354,2.4479804161566707,2.4479804161566707,1.2239902080783354,8.567931456548347,0,2.4479804161566707,2.4479804161566707,7.343941248470013,1.2239902080783354,0,2.4479804161566707,0,4.8959608323133414,0,1.2239902080783354,3.6719706242350063,0,1.2239902080783354,12.239902080783354,0,35.49571603427173,0,2.4479804161566707,1.2239902080783354,1.2239902080783354,3.6719706242350063,0,6.119951040391677,0,1.2239902080783354,0,2.4479804161566707,0,1.2239902080783354,2.4479804161566707,2.4479804161566707,0,0,0,1.2239902080783354,0,0,0,0,2.4479804161566707,3.6719706242350063,0,0,0,17.135862913096695,0,0,24.479804161566708,0,3.6719706242350063,0,3.6719706242350063,1.2239902080783354,0,0,1.2239902080783354,1.2239902080783354,7.343941248470013,2.4479804161566707,1.2239902080783354,3.6719706242350063,1.2239902080783354,0,0,0,0,0,1.2239902080783354,9.791921664626683,0,4.8959608323133414,0,2.4479804161566707,0,6.119951040391677,0,1.2239902080783354,1.2239902080783354,0,6.119951040391677,0,0,1.2239902080783354,0,0,0,1.2239902080783354,0,1.2239902080783354,2.4479804161566707,0,0,1.2239902080783354,2.4479804161566707,1.2239902080783354,1.2239902080783354,0,0,0,1.2239902080783354,2.4479804161566707,0,2.4479804161566707,0,0,1.2239902080783354,2.4479804161566707,2.4479804161566707,0,6.119951040391677,6.119951040391677,0,2.4479804161566707,0,0,1.2239902080783354,0,0,0,0,0,1.2239902080783354,0,2.4479804161566707,0,0,0,0,0,1.2239902080783354,0,0,1.2239902080783354,0,0,2.4479804161566707,1.2239902080783354,2.4479804161566707,0,0,0,0,0,1.2239902080783354,0,0,0,0,4.8959608323133414,6.119951040391677,1.2239902080783354,0,0,0,0,0,0,0,0,0,1.2239902080783354,0,0,0,0,0,2.4479804161566707,1.2239902080783354,0,7.343941248470013,0,0,0,0,0,1.2239902080783354,1.2239902080783354,1.2239902080783354,1.2239902080783354,0,0,0,0,0,0,0,0,1.2239902080783354,0,4.8959608323133414,0,1.2239902080783354,0,0,0,0,0,1.2239902080783354,1.2239902080783354,1.2239902080783354,0,8.567931456548347,1.2239902080783354,0,0,0,0,0,0,0,0,0,0,0,0,1.2239902080783354,0,0,2.4479804161566707,0,0,1.2239902080783354,2.4479804161566707,1.2239902080783354,0,0,1.2239902080783354,0,0,0,0,3.6719706242350063,0,0,0,0,0,0,0,1.2239902080783354,0,0,0,0,0,0,3.6719706242350063,0,0,1.2239902080783354,0,0,0,0,0,0,0,0,0,0,0,0,0,0,0,0,0,0,0,0
lenin_anarhizm_i_socializm.txt_chunk1,lenin,6.738544474393532,1.3477088948787064,1.3477088948787064,1.3477088948787064,5.3908355795148255,0,0,1.3477088948787064,1.3477088948787064,26.954177897574127,1.3477088948787064,1.3477088948787064,0,0,0,4.0431266846361185,0,2.6954177897574128,0,1.3477088948787064,0,1.3477088948787064,0,0,0,1.3477088948787064,0,0,5.3908355795148255,0,0,0,0,1.3477088948787064,4.0431266846361185,0,0,4.0431266846361185,1.3477088948787064,1.3477088948787064,2.6954177897574128,0,0,8.086253369272237,0,36.38814016172507,0,4.0431266846361185,12.129380053908356,0,10.781671159029651,5.3908355795148255,5.3908355795148255,0,0,4.0431266846361185,0,1.3477088948787064,1.3477088948787064,0,0,1.3477088948787064,0,2.6954177897574128,0,2.6954177897574128,0,0,1.3477088948787064,1.3477088948787064,1.3477088948787064,0,0,0,9.433962264150942,2.6954177897574128,0,16.172506738544474,0,1.3477088948787064,1.3477088948787064,0,1.3477088948787064,0,0,0,0,1.3477088948787064,0,5.3908355795148255,0,1.3477088948787064,0,0,0,0,0,0,5.3908355795148255,4.0431266846361185,1.3477088948787064,0,0,0,2.6954177897574128,0,0,1.3477088948787064,0,6.738544474393532,0,0,1.3477088948787064,0,2.6954177897574128,0,1.3477088948787064,0,0,0,1.3477088948787064,0,0,1.3477088948787064,0,0,0,2.6954177897574128,1.3477088948787064,1.3477088948787064,0,1.3477088948787064,1.3477088948787064,1.3477088948787064,0,0,0,4.0431266846361185,0,1.3477088948787064,1.3477088948787064,1.3477088948787064,1.3477088948787064,1.3477088948787064,4.0431266846361185,5.3908355795148255,1.3477088948787064,0,0,2.6954177897574128,0,0,0,1.3477088948787064,2.6954177897574128,0,0,0,0,2.6954177897574128,0,0,0,0,1.3477088948787064,0,0,2.6954177897574128,0,0,0,0,0,0,0,2.6954177897574128,0,1.3477088948787064,1.3477088948787064,1.3477088948787064,0,0,0,0,0,0,1.3477088948787064,0,0,0,0,0,2.6954177897574128,4.0431266846361185,2.6954177897574128,1.3477088948787064,0,1.3477088948787064,1.3477088948787064,0,0,1.3477088948787064,1.3477088948787064,1.3477088948787064,0,0,0,0,2.6954177897574128,5.3908355795148255,0,0,0,2.6954177897574128,1.3477088948787064,1.3477088948787064,0,1.3477088948787064,1.3477088948787064,17.52021563342318,1.3477088948787064,4.0431266846361185,0,1.3477088948787064,0,2.6954177897574128,0,0,0,1.3477088948787064,1.3477088948787064,1.3477088948787064,1.3477088948787064,0,2.6954177897574128,1.3477088948787064,0,0,0,0,0,1.3477088948787064,0,0,1.3477088948787064,0,0,0,0,0,0,5.3908355795148255,0,0,2.6954177897574128,0,1.3477088948787064,0,0,1.3477088948787064,0,0,0,0,2.6954177897574128,0,0,0,5.3908355795148255,0,1.3477088948787064,0,0,0,0,1.3477088948787064,0,2.6954177897574128,0,0,1.3477088948787064,2.6954177897574128,1.3477088948787064,6.738544474393532,2.6954177897574128,1.3477088948787064,2.6954177897574128,0,0,0,0,0,0,0,0,0,0,0,0,0
lenin_chego_dobivaemsya.txt_chunk2,lenin,6,0,0,1,7,0,2,4,1,23,1,0,0,0,0,0,1,2,1,0,0,1,0,0,0,2,0,0,3,0,0,1,0,0,6,2,0,6,2,3,0,0,0,2,1,43,0,3,2,1,2,4,8,0,0,0,3,2,0,3,0,5,0,9,0,1,0,0,1,0,1,2,1,0,10,0,1,19,1,1,2,2,6,1,0,0,0,3,0,7,1,0,2,0,1,2,1,0,3,3,2,0,0,1,2,3,1,1,0,8,1,0,0,0,1,0,2,1,1,5,1,0,1,2,0,1,0,0,0,5,0,0,5,0,0,5,4,2,0,16,1,1,0,0,3,3,0,0,0,3,0,3,1,0,0,0,0,0,0,5,2,0,0,0,0,0,0,0,1,0,0,0,0,1,2,4,1,0,1,1,0,0,0,0,0,0,0,1,0,0,0,0,2,19,3,0,3,3,0,0,0,1,0,1,10,0,2,0,0,8,0,2,0,1,0,0,0,0,0,0,0,1,0,1,2,0,0,1,4,0,0,0,0,1,1,2,0,0,0,0,0,0,1,0,1,0,0,2,1,5,1,9,2,0,0,0,0,0,0,0,0,0,0,0,1,0,0,0,1,0,0,0,0,0,1,0,0,0,0,0,0,0,0,0,0,0,0,1,0,0,0,0,0,0,0,0,0,0,0,0
lenin_chto_delat'.txt_chunk1,lenin,3,0,1,0,4,1,2,2,3,33,1,1,1,1,0,1,2,1,0,4,1,0,0,0,2,1,1,0,2,2,2,0,2,0,1,5,0,3,0,3,1,0,0,2,1,36,0,7,1,0,1,6,6,0,0,0,0,0,0,3,0,0,0,0,1,5,0,3,0,0,1,0,0,0,12,0,0,15,1,0,1,0,2,0,0,0,0,5,0,7,0,1,0,1,0,4,0,0,0,2,2,0,2,0,11,2,2,0,0,15,1,0,0,0,1,0,0,0,2,1,2,0,1,3,0,1,1,4,0,4,1,0,1,1,0,1,0,6,0,15,1,0,2,1,4,1,1,0,1,0,4,0,0,2,2,0,1,0,0,0,1,0,1,0,1,0,2,2,0,0,0,0,0,1,2,1,2,2,6,4,4,0,0,1,5,1,0,3,0,0,1,0,1,3,1,0,1,2,1,0,0,0,8,2,0,0,2,0,1,1,0,0,0,1,1,2,0,1,0,0,0,0,3,1,0,2,0,1,0,0,1,0,1,0,0,0,0,0,0,0,2,0,0,0,1,1,1,0,1,1,0,11,2,0,2,0,0,1,1,1,0,0,1,0,1,0,0,0,1,0,1,0,0,0,0,0,0,3,0,0,0,0,0,1,0,0,1,0,1,1,1,1,0,0,0,0,0,0,0,0
lenin_chto_delat'.txt_chunk11,lenin,4,0,1,0,4,0,2,5,2,29,2,2,1,0,0,1,1,4,0,0,0,0,0,0,1,1,10,0,0,0,0,1,1,0,3,0,1,3,3,1,2,1,0,3,1,40,1,3,3,1,1,5,6,0,5,2,2,0,4,3,0,1,1,2,0,3,0,0,1,0,2,3,3,0,11,0,0,13,0,0,0,1,2,1,0,0,1,5,0,7,1,1,3,0,1,1,0,1,3,1,2,0,0,1,1,0,2,1,0,6,1,1,0,2,0,0,0,0,2,1,0,0,2,2,1,0,0,0,0,5,2,0,4,4,0,0,5,1,0,13,0,1,0,1,10,2,2,1,0,1,1,0,0,6,0,1,5,0,0,0,0,0,0,0,4,1,0,2,1,0,0,0,0,2,1,0,0,0,2,3,1,3,5,4,2,2,1,1,0,0,0,4,0,1,0,0,1,1,1,0,0,0,10,0,0,2,3,1,1,5,0,2,1,0,1,0,0,0,0,0,0,0,1,0,1,0,0,1,1,2,0,0,4,1,1,0,1,1,1,0,0,0,0,0,4,1,0,0,0,0,0,4,2,1,0,0,0,2,1,1,0,0,1,0,0,0,0,0,0,0,1,0,0,0,2,0,0,2,0,0,0,1,0,0,0,0,0,0,1,0,0,0,0,0,0,0,0,0,0,0
lenin_chto_delat'.txt_chunk13,lenin,8,0,1,1,1,0,5,3,1,18,0,0,0,2,0,0,0,3,1,0,3,1,1,0,0,0,1,0,3,0,0,1,4,0,4,2,0,1,1,1,4,2,1,8,0,50,0,0,3,3,5,10,14,0,0,1,0,1,0,0,0,0,0,0,0,1,0,0,1,3,0,3,1,1,14,0,2,21,0,1,2,1,3,3,0,0,0,6,0,5,1,0,0,0,1,0,1,1,1,2,0,2,0,0,7,0,3,1,0,11,0,0,1,1,0,0,0,1,1,2,1,0,1,6,2,0,1,0,0,4,3,1,14,0,0,0,1,1,0,13,4,1,3,1,7,1,2,1,0,1,0,0,1,2,3,0,2,2,0,2,0,0,0,2,1,1,0,1,0,1,0,0,0,0,0,2,2,0,0,3,0,0,0,0,1,0,3,1,0,0,2,0,0,1,0,0,1,0,5,1,1,0,11,2,0,0,1,2,0,3,0,0,0,0,1,0,0,0,1,9,1,1,0,0,2,3,0,2,3,0,0,0,0,0,1,0,1,1,0,0,1,0,1,1,2,0,0,0,0,1,0,13,1,0,1,0,0,0,0,0,0,1,0,0,0,0,0,1,1,0,0,0,0,0,0,0,0,2,0,0,0,2,2,0,0,0,1,0,2,0,0,0,4,0,0,0,0,0,0,0
lenin_chto_delat'.txt_chunk2,lenin,11,0,0,0,3,0,0,1,0,33,2,1,0,0,2,1,1,1,2,0,1,0,1,0,0,2,2,0,2,1,1,0,0,0,3,0,2,4,3,1,3,0,0,10,0,38,0,5,2,1,2,8,12,4,1,0,0,1,1,0,0,2,1,0,0,1,0,0,0,0,3,0,0,0,8,0,0,27,0,0,0,1,2,0,0,0,0,5,0,7,0,1,0,0,0,1,1,0,6,0,1,1,0,1,6,5,0,3,0,10,2,1,0,0,0,0,1,2,3,0,0,0,1,3,0,1,0,0,0,8,3,1,4,2,2,1,1,2,0,14,1,1,1,0,5,3,1,0,2,0,0,0,1,2,0,0,3,0,2,2,2,2,1,0,2,1,0,0,0,0,1,0,0,0,0,2,0,0,2,4,0,2,0,0,7,1,0,2,0,0,0,0,0,0,1,0,1,1,0,0,0,0,12,1,0,1,1,0,0,3,0,0,1,3,0,0,0,0,0,2,1,0,1,0,0,1,1,0,1,2,0,1,0,1,2,0,2,1,0,0,1,0,1,0,0,0,0,0,0,2,2,8,3,0,0,0,0,0,1,3,2,0,0,0,0,0,0,0,2,0,0,0,0,0,0,0,0,1,5,0,0,0,0,0,0,0,1,0,2,0,2,0,1,1,1,0,0,0,0,0
lenin_chto_delat'.txt_chunk29,lenin,6,0,3,2,7,0,2,1,2,18,2,1,0,0,3,1,0,2,0,3,5,1,0,0,0,2,2,0,13,1,0,0,4,0,1,1,1,2,0,1,1,0,0,3,1,43,0,4,4,0,2,3,5,1,1,1,0,1,0,2,3,0,1,0,1,0,0,0,0,1,2,1,2,2,12,0,0,19,0,0,1,1,1,0,0,0,1,7,1,9,1,0,0,0,0,0,0,0,2,14,4,0,4,0,5,0,3,1,0,15,1,0,0,0,0,0,0,0,2,0,1,0,1,1,0,0,0,1,0,1,4,0,4,1,1,0,0,0,0,7,3,0,2,0,4,2,3,1,0,1,1,2,0,2,0,0,0,0,0,4,0,0,1,0,0,1,0,0,0,1,1,0,1,0,0,5,1,0,4,2,0,0,1,1,2,0,1,0,0,2,0,0,0,0,0,0,0,0,1,1,1,0,5,1,0,3,1,1,0,2,0,0,0,1,0,0,0,2,0,8,1,1,0,0,0,2,0,0,1,2,0,0,0,1,0,2,1,0,1,1,1,0,3,0,0,0,0,0,0,2,2,9,0,0,1,0,0,3,0,5,0,0,2,0,0,0,1,0,1,1,0,0,0,0,0,0,2,1,0,0,0,1,0,0,0,0,0,0,1,0,0,0,0,0,0,0,0,0,0,0
lenin_chto_delat'.txt_chunk3,lenin,4,0,0,0,2,1,0,1,3,33,0,1,0,0,0,0,1,1,1,0,0,1,1,0,0,1,7,0,4,0,0,0,0,0,2,1,1,2,0,2,7,0,0,6,2,41,1,1,7,0,1,3,9,0,1,0,0,2,0,1,0,2,0,1,1,0,0,0,0,1,2,5,0,0,12,0,0,17,1,1,0,2,2,0,0,1,1,5,0,10,3,1,0,1,0,2,0,1,4,0,1,2,1,2,2,2,3,0,0,11,0,0,2,1,0,0,2,0,4,4,3,0,2,1,0,1,0,1,0,5,5,1,6,4,0,0,2,4,0,14,2,0,0,0,8,2,1,3,0,0,0,0,0,1,1,1,6,0,1,5,2,1,0,0,1,2,0,1,0,1,1,0,0,1,2,2,0,1,2,2,0,2,0,1,1,3,0,0,0,0,0,0,0,5,1,1,0,2,1,0,1,0,4,1,0,0,0,0,0,4,0,0,0,2,0,1,0,0,0,0,1,2,1,0,0,0,2,0,0,2,1,0,0,1,2,0,1,0,0,1,0,0,1,1,0,1,1,0,1,1,0,7,1,0,0,0,0,1,0,1,0,0,0,0,0,0,0,2,2,0,0,0,0,0,0,2,0,1,4,0,0,0,2,0,2,0,1,0,0,0,2,0,0,0,0,0,0,0,0,0
lenin_chto_delat'.txt_chunk32,lenin,7,4,3,1,6,0,0,1,0,27,4,1,1,0,0,1,4,6,0,3,2,1,0,1,0,0,4,0,7,0,0,0,1,0,5,2,0,0,0,1,5,0,0,2,0,50,1,5,0,0,1,8,4,1,1,0,1,1,0,3,0,1,1,0,0,2,2,1,1,0,3,3,0,0,14,0,0,20,1,0,1,6,1,2,0,0,0,12,0,4,0,1,3,0,0,0,2,0,0,2,8,3,1,0,5,0,5,0,0,14,0,0,0,4,1,0,0,1,2,1,1,0,2,4,0,0,0,8,0,4,6,1,8,4,1,0,1,4,0,15,4,1,1,1,4,3,0,1,0,0,3,1,1,3,1,0,2,2,1,2,1,0,0,1,0,2,0,0,0,1,1,0,2,0,2,1,1,0,5,3,1,1,1,6,1,1,0,4,0,4,1,1,1,1,0,1,0,1,1,1,0,1,6,1,0,1,0,2,0,1,0,1,0,2,0,1,1,1,3,4,2,1,0,1,2,0,0,3,1,1,1,0,0,0,1,1,0,0,0,0,0,1,1,1,2,1,0,0,0,3,0,9,1,0,1,2,1,0,0,3,0,0,0,0,0,0,0,0,0,0,0,0,0,0,0,0,1,2,0,0,0,1,0,0,0,0,0,0,0,0,0,0,0,0,2,0,0,0,0,0
lenin_chto_delat'.txt_chunk34,lenin,5,0,1,1,4,5,0,2,3,31,3,1,0,0,1,0,0,5,3,0,1,0,0,0,0,0,2,0,5,0,1,0,2,1,4,1,0,2,2,2,6,1,0,1,0,41,0,0,2,1,3,7,8,0,1,2,5,0,1,2,0,1,0,0,1,0,0,0,0,0,6,1,0,0,10,0,0,16,0,1,1,1,0,0,1,0,0,6,1,3,0,1,0,0,0,0,0,1,2,10,4,1,0,0,6,0,4,0,0,12,0,0,1,3,0,1,2,0,0,2,1,0,2,3,0,1,1,0,0,5,2,0,4,4,0,0,3,2,0,13,2,2,1,0,9,1,0,1,1,3,0,2,0,3,0,1,4,1,0,0,1,1,0,1,1,1,0,1,0,0,0,1,0,0,1,2,0,0,1,3,0,3,3,3,1,0,0,1,0,0,1,0,1,4,0,1,0,2,1,0,1,1,7,0,2,0,3,1,2,2,0,0,1,0,3,0,0,0,0,0,3,0,0,0,0,1,0,5,2,0,0,0,0,0,0,0,0,1,1,0,0,0,0,0,1,0,0,0,0,0,0,7,3,0,5,0,0,0,0,3,0,0,0,0,0,0,1,1,1,0,0,0,0,0,0,0,0,3,0,0,1,0,1,0,1,0,0,0,0,0,2,0,0,0,0,0,0,0,0,0
lenin_chto_delat'.txt_chunk38,lenin,3,0,2,0,10,0,1,0,4,35,4,0,0,1,1,1,3,0,1,0,0,0,1,0,0,0,0,0,6,1,0,1,3,2,0,2,2,1,2,2,4,2,0,1,0,46,1,0,3,0,3,7,1,0,5,0,0,0,0,1,0,0,0,0,2,1,1,0,1,0,3,1,3,0,7,3,0,14,0,0,0,1,1,2,1,1,1,4,0,17,4,3,1,0,0,2,1,3,2,7,4,2,2,0,4,0,2,1,0,9,0,0,2,0,0,0,0,0,0,3,0,1,0,2,0,1,1,1,0,1,1,0,6,1,0,0,4,2,0,9,3,0,0,1,10,2,3,4,1,0,1,0,0,4,1,0,0,0,1,1,2,0,0,1,1,1,1,0,0,0,0,0,1,0,1,6,1,0,2,0,2,1,3,2,0,0,0,2,1,0,1,0,2,1,0,2,1,0,0,0,0,1,4,0,0,3,2,3,0,6,0,0,0,1,2,1,0,0,0,10,0,2,0,0,0,0,0,0,5,1,0,3,0,0,0,1,1,1,1,1,5,0,1,0,0,0,1,0,0,1,1,5,6,1,1,0,0,0,0,2,0,0,0,0,1,0,1,2,0,0,1,1,0,0,0,0,0,3,0,1,1,0,0,1,0,0,0,0,1,0,0,0,0,0,0,0,0,0,0,0
lenin_chto_delat'.txt_chunk7,lenin,5,1,0,0,4,1,2,6,4,25,2,1,0,1,1,3,2,2,0,1,0,1,0,0,3,1,2,0,1,0,0,0,0,2,1,1,0,4,1,5,7,1,0,2,0,45,1,6,2,0,3,9,3,1,0,1,3,0,1,1,0,0,1,1,1,1,0,0,0,0,1,1,1,0,5,0,0,14,0,0,1,0,1,1,0,1,0,7,0,4,2,2,1,0,1,0,1,0,1,0,2,2,0,2,7,1,1,1,0,10,1,0,0,1,0,0,0,1,1,1,1,2,1,2,1,1,0,0,0,5,2,1,5,1,1,2,5,3,1,9,0,0,1,0,7,3,2,4,0,0,0,0,1,6,0,0,2,2,0,0,0,0,0,0,1,0,1,0,0,0,2,0,0,0,2,5,1,1,5,2,0,1,5,3,3,1,2,1,1,1,0,1,0,0,0,2,1,0,3,2,2,0,10,0,0,5,1,1,1,2,0,0,0,3,1,0,0,1,1,5,3,5,2,0,0,1,1,5,2,2,0,1,2,0,1,2,1,1,0,0,0,0,0,2,1,1,0,0,0,3,0,7,1,3,0,0,0,1,1,3,0,0,3,0,0,0,0,0,3,0,1,0,0,0,0,0,1,1,1,1,0,1,0,0,1,0,2,0,0,0,1,0,1,0,3,1,0,0,0,0
lenin_era_reform_I.txt_chunk2,lenin,7,3,4,5,4,1,0,2,5,25,1,0,0,0,0,0,3,2,1,0,0,0,0,0,3,2,0,0,11,3,0,0,1,1,3,0,2,1,0,1,0,0,0,5,2,42,0,6,1,0,5,7,3,0,1,1,0,0,0,5,1,0,0,0,0,1,0,0,2,0,6,0,0,0,12,0,1,16,0,0,0,1,5,0,0,0,0,3,0,8,2,0,0,0,0,0,1,1,1,1,9,0,1,3,10,0,4,1,1,4,1,1,0,1,0,0,3,0,1,1,1,0,1,1,1,1,0,1,0,3,0,0,12,2,0,0,0,4,0,4,2,3,2,3,7,1,1,1,0,0,0,4,1,1,0,0,1,0,0,3,0,0,0,0,2,1,0,0,3,0,0,0,0,1,1,1,3,1,2,1,0,0,0,0,1,0,0,1,0,1,0,0,0,1,0,0,0,3,4,5,0,0,5,0,0,0,1,2,1,1,0,2,1,3,1,1,2,0,4,20,0,0,0,0,1,3,0,2,1,0,1,0,0,0,2,0,0,0,0,0,1,0,0,1,0,0,0,0,1,1,0,4,0,0,1,0,0,0,0,0,1,0,0,0,0,0,0,0,0,0,2,0,0,0,1,1,3,3,4,2,2,0,0,0,0,0,0,0,0,0,0,0,0,0,1,2,0,0,0,0
lenin_k_der_bednote_cdprogramma.txt_chunk1,lenin,7,0,0,0,1,0,5,0,3,35,3,0,0,0,1,1,1,5,0,4,0,0,0,0,0,0,1,0,7,1,0,1,3,1,2,1,3,4,0,1,1,2,1,7,1,34,0,4,1,2,4,1,8,0,1,0,0,0,0,2,0,2,0,0,0,0,0,0,0,0,1,0,0,0,13,1,1,25,1,0,0,2,9,0,0,0,0,5,0,6,0,0,1,0,0,0,0,0,5,0,5,0,0,1,5,0,5,0,0,8,0,0,1,1,2,3,0,1,1,1,0,0,0,1,1,1,0,0,0,0,0,0,2,2,0,0,4,0,0,2,8,1,1,0,5,1,0,1,0,0,0,8,0,3,0,4,0,0,0,0,0,0,0,3,1,0,1,0,0,0,0,0,0,0,0,2,0,0,2,8,0,0,0,0,0,0,0,0,1,3,1,0,0,1,1,2,0,0,2,11,0,0,8,0,0,0,1,2,3,1,0,1,0,4,0,0,4,2,3,13,0,2,0,0,0,1,0,0,8,0,0,0,1,2,0,1,3,0,0,1,1,0,2,0,1,0,0,0,0,0,0,11,0,0,0,1,0,0,0,0,2,0,1,0,0,4,0,0,0,0,0,0,0,0,3,4,0,1,6,0,0,0,0,0,0,0,0,0,0,0,0,0,0,0,0,0,1,0,0,0
lenin_k_der_bednote_cdprogramma.txt_chunk10,lenin,13,5,0,0,7,0,1,1,0,17,0,0,0,0,4,0,0,9,0,3,1,3,0,2,0,2,2,1,6,0,0,0,0,0,1,0,1,0,1,0,7,0,3,10,1,50,1,6,3,1,1,2,9,0,1,1,2,0,0,8,0,3,0,0,0,0,1,0,6,1,1,0,0,0,14,1,0,17,0,0,0,3,1,0,0,1,0,0,1,4,0,0,7,0,0,1,5,0,2,0,4,0,2,0,8,0,0,0,0,3,2,0,1,1,2,0,0,1,1,1,0,0,0,8,2,0,0,0,0,0,4,1,3,0,2,2,12,3,0,17,6,1,7,0,5,0,1,0,0,1,3,3,0,1,0,0,0,0,0,2,0,6,0,0,0,4,0,2,0,0,0,0,2,1,0,1,1,0,0,2,0,0,0,0,0,0,0,0,0,2,0,0,0,0,0,0,0,2,0,0,0,0,1,0,0,0,0,0,1,0,0,0,0,1,0,0,1,2,0,1,0,2,0,0,0,1,0,2,1,2,0,1,0,0,0,3,8,0,0,0,0,1,0,0,0,0,0,0,0,0,0,1,6,0,0,0,1,0,0,0,0,0,1,0,0,4,0,0,0,0,0,0,3,0,0,0,0,0,0,0,0,0,0,0,0,0,0,0,0,0,0,0,0,0,0,0,0,2,0,0
lenin_k_der_bednote_cdprogramma.txt_chunk18,lenin,10,2,4,1,2,0,0,0,3,18,0,2,0,0,6,0,0,8,1,9,2,2,0,1,0,0,2,0,10,3,0,0,5,1,2,2,1,0,5,3,2,0,0,3,0,32,0,7,0,0,1,2,9,0,0,0,0,0,1,1,0,5,1,2,1,4,0,0,1,1,1,0,0,0,8,0,13,20,0,0,0,0,0,1,0,0,0,5,0,2,3,0,3,1,0,0,0,0,3,0,7,0,1,0,5,0,0,0,0,6,0,0,0,3,0,0,0,2,2,2,0,0,0,2,0,0,1,1,0,4,6,0,5,3,0,4,5,0,0,16,8,0,1,0,1,0,3,3,0,4,0,3,0,3,0,1,0,1,0,0,0,6,0,2,5,1,5,1,3,0,1,0,1,0,2,4,0,0,0,2,0,0,0,0,0,1,1,0,0,0,0,0,0,0,0,0,2,2,3,0,0,0,9,0,0,0,0,3,0,4,0,2,2,3,0,0,1,6,0,0,0,2,0,1,0,1,0,0,2,0,0,0,0,1,0,2,1,0,0,0,0,2,0,0,0,0,0,0,0,2,0,1,0,0,0,2,0,0,0,3,2,0,2,0,0,1,0,2,0,0,0,0,2,2,4,1,0,0,2,1,0,0,0,0,0,0,0,0,0,0,0,0,0,0,0,0,2,0,0,0
lenin_k_der_bednote_cdprogramma.txt_chunk2,lenin,6,1,0,0,1,0,0,0,0,23,1,0,0,0,5,0,0,6,0,5,5,1,0,1,0,0,0,0,1,0,0,0,3,2,2,0,1,0,3,1,3,1,1,5,1,44,0,4,1,2,3,3,7,0,0,0,0,0,0,2,0,4,0,0,0,0,0,0,0,1,4,1,0,0,10,1,2,27,0,0,0,4,3,0,0,1,0,3,0,4,0,0,3,1,1,1,3,0,3,0,4,0,0,2,5,0,4,1,0,3,0,0,0,2,0,0,4,0,2,0,0,0,0,1,0,1,1,0,0,3,1,0,7,1,0,0,3,0,2,7,0,0,5,1,2,0,5,0,0,1,0,1,0,4,0,2,0,0,0,2,0,3,0,0,0,1,2,0,3,0,1,0,1,2,0,1,0,0,1,6,0,0,0,0,0,0,0,0,0,1,0,0,0,0,0,2,3,1,0,3,0,0,1,0,0,0,0,1,1,0,1,0,0,2,0,0,6,2,1,3,0,6,0,0,0,0,0,0,0,0,0,0,1,1,0,1,2,0,0,1,0,2,0,0,0,1,0,0,0,2,1,0,1,0,0,0,1,0,0,0,2,0,3,0,0,11,0,0,0,0,0,0,0,1,0,4,0,2,4,3,0,0,0,0,0,0,0,0,0,0,0,0,2,0,0,0,3,0,0,0
lenin_k_der_bednote_cdprogramma.txt_chunk8,lenin,14,6,1,0,4,0,0,2,2,24,0,0,0,0,2,0,1,14,2,2,1,2,1,1,0,1,1,0,5,0,0,0,1,1,0,0,3,2,5,2,1,0,0,1,5,54,0,1,1,4,2,3,4,0,0,2,0,0,0,1,1,6,0,0,3,4,0,0,3,0,1,2,0,0,23,0,3,21,2,0,0,5,1,1,0,0,0,2,0,4,3,0,1,1,0,1,4,0,2,0,1,0,2,0,11,1,0,0,0,7,1,1,0,0,2,2,0,1,1,0,3,0,0,2,0,0,0,0,0,2,0,0,6,1,1,1,4,0,0,16,1,0,1,0,16,0,0,0,0,0,0,0,0,1,0,0,0,0,0,0,2,1,1,0,0,3,1,3,0,0,0,0,3,0,0,6,0,0,1,3,0,0,0,0,0,0,1,1,3,1,2,0,0,0,0,0,0,3,5,2,0,1,1,0,0,0,0,1,0,1,0,0,1,5,0,0,2,1,0,1,0,6,0,3,0,0,0,2,2,2,0,0,0,0,0,6,1,1,0,0,1,0,0,0,0,0,0,1,0,1,0,5,0,0,0,1,1,0,0,1,0,0,0,1,0,0,0,0,0,0,0,0,0,0,0,0,0,0,0,0,0,0,0,0,0,0,0,0,0,0,0,0,0,0,0,0,0,0,0,0
lenin_les_beaux_esprits_I.txt_chunk2,lenin,0,0,0,0,0,0,0,0,31.25,31.25,0,0,0,0,0,0,0,0,0,0,0,0,0,0,0,0,0,0,0,0,0,0,0,0,0,0,0,0,0,31.25,0,0,0,0,0,31.25,0,0,0,0,0,0,0,0,0,0,0,0,0,0,0,0,0,0,0,0,0,0,0,0,31.25,0,0,0,0,0,31.25,0,0,0,0,0,0,0,0,0,0,0,0,0,0,0,0,0,0,0,0,0,0,0,31.25,0,0,0,0,0,0,0,0,31.25,0,0,0,0,0,0,0,0,0,0,0,0,0,0,0,0,0,0,0,0,0,0,0,0,0,0,31.25,0,0,31.25,0,0,0,0,0,0,0,0,0,0,0,0,0,0,0,0,0,0,0,0,0,0,0,0,0,0,0,0,31.25,0,0,0,0,0,0,0,31.25,0,0,0,0,0,0,0,0,31.25,0,0,0,0,0,0,0,0,0,0,0,0,0,0,0,0,0,31.25,0,0,0,0,0,0,0,0,0,0,0,0,0,0,0,0,0,0,0,0,0,0,0,0,0,0,0,0,0,0,0,0,0,0,0,0,0,0,0,0,0,0,0,0,0,0,0,0,0,0,0,0,0,0,0,0,0,0,0,0,0,0,0,0,0,0,0,0,0,0,0,0,0,0,0,0,0,0,0,0,0,0,0,0,0,0,0,0,0,0,0,0,0,0,0,0
lenin_max_min_I.txt_chunk1,lenin,10,1,0,0,2,0,2,1,6,32,3,1,3,0,1,0,2,0,1,0,2,1,0,1,1,0,1,0,4,1,0,1,1,1,2,1,0,4,4,4,4,0,0,3,0,27,0,5,1,0,0,5,8,0,2,1,0,0,0,0,0,0,1,1,0,2,0,0,0,0,2,2,0,0,9,0,0,24,0,0,0,1,6,0,0,0,1,4,0,7,3,0,0,0,0,2,2,1,2,3,5,1,1,1,1,0,2,0,0,10,0,0,2,1,1,0,1,1,0,1,1,0,0,6,0,0,1,1,0,5,2,0,4,2,3,0,1,0,2,24,3,0,2,0,12,1,0,3,0,0,0,1,3,1,0,0,5,1,0,8,0,2,0,0,1,3,1,0,0,0,1,0,0,0,0,3,1,1,0,0,0,0,0,2,0,1,0,0,2,0,1,0,0,13,0,0,0,0,1,0,0,0,2,2,2,1,0,0,0,0,0,0,1,1,1,0,0,0,0,0,0,0,0,0,0,1,0,2,2,2,0,0,0,0,0,4,2,1,0,0,0,0,0,0,1,0,0,0,0,2,9,11,2,1,1,0,1,0,0,2,2,0,1,0,0,0,0,0,0,1,0,0,0,0,0,0,0,0,0,0,0,0,0,0,0,0,0,0,1,0,0,0,0,0,0,0,0,0,0,0
lenin_nacionalniy_vopros_I.txt_chunk2,lenin,7,0,3,0,5,4,1,2,1,24,1,0,5,0,2,1,3,2,0,0,0,1,0,0,1,0,1,0,2,3,0,0,1,0,2,5,0,3,1,3,2,0,0,5,2,26,1,1,3,0,0,5,6,1,3,0,1,0,0,0,1,0,1,4,0,1,0,0,0,0,0,0,1,0,11,0,0,21,0,3,0,0,0,0,0,0,0,6,0,1,0,3,0,0,2,0,2,1,1,0,5,0,0,0,4,3,3,0,0,13,0,1,0,1,1,1,0,1,1,0,1,0,1,7,0,2,0,1,0,1,6,0,3,1,1,0,1,2,0,10,7,5,2,0,4,3,0,1,0,0,0,2,0,4,1,1,2,0,0,0,0,0,1,0,1,0,0,2,0,2,0,1,0,2,1,1,0,3,3,3,1,2,1,0,3,0,1,1,0,0,0,0,1,1,1,1,1,3,1,1,0,2,5,0,0,2,0,1,0,4,0,1,1,3,4,2,0,0,2,1,1,3,0,0,0,3,0,0,4,5,2,0,0,0,1,0,0,4,0,0,1,0,1,0,0,0,0,2,1,1,0,6,0,0,1,0,1,0,0,1,0,2,1,0,0,0,0,2,6,1,0,0,2,0,3,0,0,4,0,0,0,0,1,2,0,1,1,0,1,0,2,0,0,0,0,6,0,2,0,0
lenin_ne_potuhla_iskra.txt_chunk2,lenin,9,0,3,1,0,0,1,4,2,51,0,1,0,0,1,2,1,7,3,0,1,0,1,2,0,0,3,0,3,0,0,0,1,0,3,0,2,1,0,5,4,0,0,1,1,46,0,1,2,0,2,5,9,0,3,0,0,0,0,1,0,0,0,0,0,1,2,3,0,0,1,0,0,0,16,0,1,24,0,0,0,0,0,0,1,0,0,7,0,4,1,1,1,0,0,0,11,0,3,0,3,1,4,0,4,1,0,1,0,10,0,0,1,0,0,2,1,1,1,0,2,0,1,7,0,0,2,0,0,10,0,0,5,0,3,0,4,3,1,25,0,1,2,1,15,2,1,0,0,0,15,0,1,0,0,0,0,1,0,0,0,0,1,0,1,2,1,0,0,0,1,1,0,0,0,5,2,0,1,2,28,0,0,0,0,1,0,1,0,0,0,0,0,0,0,0,2,4,0,0,0,0,0,0,1,0,0,0,0,0,0,3,0,0,0,1,0,1,0,0,0,1,0,0,0,2,0,2,0,3,0,0,0,0,0,0,0,0,0,0,0,0,1,0,0,0,1,0,0,1,0,24,8,0,1,0,1,0,0,0,0,0,0,0,0,0,0,0,0,0,0,0,0,0,0,0,0,0,0,0,0,0,0,0,0,0,0,0,0,0,0,0,0,0,0,0,0,0,0,0
lenin_nuzhna_li_partiya_I.txt_chunk1,lenin,5,0,0,1,6,1,0,1,1,27,0,0,0,1,3,1,0,2,0,0,1,1,2,1,0,1,0,0,2,0,1,0,0,0,3,3,1,3,1,5,4,0,0,3,1,37,0,5,3,0,6,10,3,0,2,0,1,0,0,1,0,0,0,1,0,1,0,0,1,1,0,2,1,1,11,1,0,21,1,0,0,1,1,1,0,0,0,3,0,8,2,0,0,0,0,1,2,2,3,6,2,0,0,0,4,1,2,2,0,12,1,1,1,1,1,0,0,0,0,1,0,0,2,2,0,0,0,1,0,5,0,2,3,0,0,0,0,2,0,14,0,1,3,3,8,2,2,2,0,2,0,2,0,4,0,0,3,0,0,3,0,0,3,0,0,0,3,0,1,0,0,0,1,0,1,3,2,1,0,1,2,0,3,1,0,0,0,1,0,0,0,0,0,12,2,2,0,2,1,1,1,2,10,4,1,1,0,0,0,2,0,0,1,4,7,0,0,0,0,7,0,2,0,0,0,3,1,1,2,1,0,0,2,0,2,0,0,3,0,0,0,1,2,0,0,0,0,0,0,1,0,9,0,1,0,0,1,0,0,1,2,0,0,0,1,0,0,0,2,0,0,0,0,0,0,0,5,1,0,0,0,0,1,0,0,0,0,0,0,0,1,0,0,0,0,2,0,0,0,0
lenin_o_manifeste_armyan_I.txt_chunk1,lenin,5.241090146750524,0,1.0482180293501049,0,2.0964360587002098,2.0964360587002098,0,1.0482180293501049,2.0964360587002098,29.350104821802937,3.1446540880503147,0,0,4.1928721174004195,0,4.1928721174004195,1.0482180293501049,1.0482180293501049,3.1446540880503147,2.0964360587002098,1.0482180293501049,0,0,0,0,1.0482180293501049,3.1446540880503147,0,8.385744234800839,1.0482180293501049,2.0964360587002098,0,3.1446540880503147,0,4.1928721174004195,0,0,1.0482180293501049,0,3.1446540880503147,2.0964360587002098,1.0482180293501049,0,5.241090146750524,0,40.880503144654085,0,4.1928721174004195,2.0964360587002098,0,5.241090146750524,13.626834381551362,6.289308176100629,0,0,0,1.0482180293501049,1.0482180293501049,0,0,0,0,0,4.1928721174004195,0,1.0482180293501049,0,0,1.0482180293501049,0,2.0964360587002098,2.0964360587002098,0,0,15.723270440251572,0,0,10.482180293501049,1.0482180293501049,0,0,0,2.0964360587002098,0,0,2.0964360587002098,0,2.0964360587002098,0,5.241090146750524,0,1.0482180293501049,1.0482180293501049,0,0,0,3.1446540880503147,1.0482180293501049,0,1.0482180293501049,3.1446540880503147,0,0,0,6.289308176100629,0,0,1.0482180293501049,0,9.433962264150942,1.0482180293501049,0,0,5.241090146750524,0,0,0,3.1446540880503147,2.0964360587002098,0,0,0,1.0482180293501049,1.0482180293501049,0,1.0482180293501049,0,0,0,4.1928721174004195,0,0,3.1446540880503147,0,0,0,0,0,0,6.289308176100629,2.0964360587002098,3.1446540880503147,1.0482180293501049,0,3.1446540880503147,2.0964360587002098,0,0,0,1.0482180293501049,0,0,0,3.1446540880503147,0,1.0482180293501049,1.0482180293501049,0,0,1.0482180293501049,0,0,1.0482180293501049,0,1.0482180293501049,0,0,0,1.0482180293501049,2.0964360587002098,0,0,1.0482180293501049,1.0482180293501049,0,2.0964360587002098,1.0482180293501049,3.1446540880503147,5.241090146750524,3.1446540880503147,0,1.0482180293501049,1.0482180293501049,1.0482180293501049,2.0964360587002098,0,2.0964360587002098,0,0,0,0,0,0,2.0964360587002098,2.0964360587002098,1.0482180293501049,0,2.0964360587002098,3.1446540880503147,0,1.0482180293501049,0,16.771488469601678,1.0482180293501049,0,3.1446540880503147,1.0482180293501049,2.0964360587002098,1.0482180293501049,5.241090146750524,0,1.0482180293501049,0,0,4.1928721174004195,1.0482180293501049,0,0,0,6.289308176100629,0,6.289308176100629,1.0482180293501049,0,2.0964360587002098,2.0964360587002098,0,1.0482180293501049,1.0482180293501049,0,1.0482180293501049,0,0,0,3.1446540880503147,1.0482180293501049,0,0,0,0,0,0,0,0,0,0,0,1.0482180293501049,0,3.1446540880503147,0,14.675052410901468,1.0482180293501049,1.0482180293501049,0,0,0,0,1.0482180293501049,2.0964360587002098,0,2.0964360587002098,0,1.0482180293501049,0,0,0,0,10.482180293501049,2.0964360587002098,1.0482180293501049,0,0,0,3.1446540880503147,0,0,2.0964360587002098,3.1446540880503147,0,1.0482180293501049,0,1.0482180293501049,1.0482180293501049,0,0,1.0482180293501049,0,0,0,1.0482180293501049,0,0,0,0,1.0482180293501049,0,0,0,0
lenin_partiynaya_organizaciya_i_literatura.txt_chunk2,lenin,8.438818565400844,0,12.658227848101266,2.109704641350211,0,0,0,0,8.438818565400844,23.206751054852322,2.109704641350211,0,0,0,0,0,0,2.109704641350211,0,0,0,0,2.109704641350211,0,0,4.219409282700422,2.109704641350211,0,4.219409282700422,0,2.109704641350211,0,4.219409282700422,0,2.109704641350211,6.329113924050633,0,0,6.329113924050633,0,2.109704641350211,0,0,6.329113924050633,0,46.413502109704645,0,2.109704641350211,10.548523206751055,0,0,6.329113924050633,2.109704641350211,0,0,0,2.109704641350211,0,0,2.109704641350211,0,0,0,4.219409282700422,0,2.109704641350211,0,0,0,0,6.329113924050633,0,4.219409282700422,0,8.438818565400844,0,0,21.09704641350211,0,2.109704641350211,0,0,0,0,0,0,0,4.219409282700422,0,2.109704641350211,2.109704641350211,0,0,2.109704641350211,0,0,0,6.329113924050633,2.109704641350211,4.219409282700422,18.9873417721519,0,0,2.109704641350211,0,0,0,0,0,10.548523206751055,2.109704641350211,0,0,2.109704641350211,0,0,0,0,0,0,2.109704641350211,0,0,2.109704641350211,2.109704641350211,0,0,0,0,0,4.219409282700422,0,6.329113924050633,0,0,0,8.438818565400844,0,0,6.329113924050633,6.329113924050633,2.109704641350211,0,0,10.548523206751055,0,0,0,0,0,0,0,2.109704641350211,2.109704641350211,0,0,0,0,0,2.109704641350211,0,2.109704641350211,0,4.219409282700422,0,4.219409282700422,0,0,0,2.109704641350211,0,0,0,2.109704641350211,2.109704641350211,0,2.109704641350211,0,0,0,0,2.109704641350211,0,0,0,0,2.109704641350211,0,0,4.219409282700422,0,0,0,8.438818565400844,2.109704641350211,0,0,0,0,0,0,0,6.329113924050633,0,0,2.109704641350211,2.109704641350211,0,0,0,2.109704641350211,0,2.109704641350211,4.219409282700422,0,2.109704641350211,0,0,0,2.109704641350211,2.109704641350211,0,0,2.109704641350211,2.109704641350211,0,2.109704641350211,0,6.329113924050633,6.329113924050633,2.109704641350211,0,0,0,0,0,0,4.219409282700422,0,0,0,0,0,0,0,0,0,0,0,0,2.109704641350211,10.548523206751055,8.438818565400844,0,2.109704641350211,0,0,0,0,2.109704641350211,0,0,0,0,0,0,0,0,2.109704641350211,2.109704641350211,0,0,2.109704641350211,0,0,0,2.109704641350211,0,4.219409282700422,0,2.109704641350211,0,0,0,2.109704641350211,0,4.219409282700422,0,0,0,0,0,0,0,0,0,0,0,0,0
lenin_pervaya_pobeda_revolucii.txt_chunk1,lenin,4,0,2,1,1,1,3,2,1,37,3,0,0,0,0,1,2,6,0,1,0,1,0,0,1,0,0,0,1,0,0,0,0,0,3,1,2,0,1,15,4,0,1,2,0,27,0,6,1,0,1,3,3,0,2,0,1,1,1,3,0,1,0,2,0,0,0,0,2,1,2,0,0,0,10,0,0,23,0,1,0,2,2,0,0,0,0,8,0,10,1,0,2,0,1,1,1,0,0,0,4,0,2,1,1,0,2,1,0,7,0,0,1,0,2,0,0,1,1,1,0,0,0,1,0,0,1,0,0,8,0,0,6,1,1,1,0,0,1,10,4,2,4,0,7,1,0,0,0,0,0,1,0,5,0,0,0,0,0,1,0,1,0,0,6,0,0,0,1,0,0,0,0,0,1,8,0,0,3,2,0,0,0,0,0,2,0,1,0,0,0,1,0,0,0,1,0,0,0,0,0,1,0,2,0,0,0,2,0,0,1,0,0,5,0,1,1,0,0,0,0,2,3,1,4,0,0,0,1,0,1,0,0,0,0,0,1,1,1,0,0,0,0,0,2,1,0,1,2,0,0,2,0,0,2,0,0,0,0,1,3,0,0,0,0,3,0,1,1,0,0,0,2,1,1,4,0,1,4,1,0,0,0,5,1,1,0,0,0,0,0,0,0,0,0,0,0,1,0,0
lenin_pismo_v_iskru_I.txt_chunk1,lenin,3,1,3,1,5,0,0,1,3,22,2,1,0,0,1,1,0,4,3,3,0,1,1,2,0,2,1,0,10,0,0,1,3,0,1,0,0,1,0,0,0,1,0,4,1,45,0,5,10,1,6,17,2,0,4,0,0,0,0,6,2,0,0,0,0,0,0,1,0,1,1,2,0,0,15,0,1,21,1,0,4,0,1,1,0,1,1,6,0,3,0,0,1,0,0,0,2,5,3,0,14,0,0,3,10,0,0,1,1,10,2,0,3,2,1,2,1,0,1,0,0,1,1,2,0,0,0,2,0,4,7,0,8,0,1,0,1,1,0,7,16,0,2,4,4,2,0,0,0,0,2,2,0,3,1,1,7,0,0,2,0,0,0,0,0,1,0,1,0,0,0,0,0,1,3,2,1,0,3,3,0,1,0,2,0,0,0,0,0,1,1,3,1,9,3,0,0,0,0,3,0,0,2,2,0,1,0,2,0,0,0,0,2,3,0,1,0,2,0,0,0,0,0,1,0,1,0,2,0,0,1,0,0,2,2,4,0,0,0,0,0,0,2,0,1,0,0,0,1,1,0,7,5,0,0,0,0,0,0,1,0,0,0,1,0,0,0,0,0,1,0,0,0,0,0,0,1,0,0,0,5,0,1,0,0,0,0,0,0,0,0,0,0,0,2,0,0,0,0,0
lenin_pochemu_quit.txt_chunk2,lenin,6.493506493506494,0,0,0,3.896103896103896,2.5974025974025974,1.2987012987012987,3.896103896103896,1.2987012987012987,35.064935064935064,2.5974025974025974,1.2987012987012987,0,2.5974025974025974,0,0,0,1.2987012987012987,0,0,0,1.2987012987012987,0,0,0,0,0,0,2.5974025974025974,0,0,1.2987012987012987,0,0,3.896103896103896,0,0,1.2987012987012987,0,3.896103896103896,1.2987012987012987,0,0,3.896103896103896,1.2987012987012987,38.96103896103896,0,6.493506493506494,0,0,0,6.493506493506494,5.194805194805195,0,2.5974025974025974,0,1.2987012987012987,0,1.2987012987012987,2.5974025974025974,0,2.5974025974025974,0,0,0,5.194805194805195,0,1.2987012987012987,1.2987012987012987,1.2987012987012987,0,1.2987012987012987,0,0,15.584415584415584,0,0,11.688311688311689,0,0,0,0,2.5974025974025974,2.5974025974025974,0,0,0,2.5974025974025974,0,10.38961038961039,1.2987012987012987,0,1.2987012987012987,2.5974025974025974,2.5974025974025974,1.2987012987012987,1.2987012987012987,1.2987012987012987,0,1.2987012987012987,3.896103896103896,0,1.2987012987012987,0,7.792207792207792,2.5974025974025974,2.5974025974025974,2.5974025974025974,0,2.5974025974025974,0,0,0,0,2.5974025974025974,2.5974025974025974,0,0,0,1.2987012987012987,0,0,1.2987012987012987,1.2987012987012987,0,0,0,2.5974025974025974,0,5.194805194805195,6.493506493506494,0,2.5974025974025974,2.5974025974025974,0,0,0,0,0,18.18181818181818,0,0,2.5974025974025974,2.5974025974025974,1.2987012987012987,2.5974025974025974,0,3.896103896103896,1.2987012987012987,0,2.5974025974025974,1.2987012987012987,0,0,0,1.2987012987012987,1.2987012987012987,3.896103896103896,0,3.896103896103896,0,0,1.2987012987012987,0,1.2987012987012987,1.2987012987012987,0,1.2987012987012987,1.2987012987012987,0,0,0,0,1.2987012987012987,0,2.5974025974025974,0,0,0,2.5974025974025974,0,0,0,0,0,1.2987012987012987,0,2.5974025974025974,0,0,0,0,0,15.584415584415584,1.2987012987012987,0,2.5974025974025974,3.896103896103896,0,0,0,0,0,2.5974025974025974,7.792207792207792,5.194805194805195,0,0,1.2987012987012987,1.2987012987012987,0,0,1.2987012987012987,2.5974025974025974,0,0,0,0,0,0,0,1.2987012987012987,0,0,0,0,0,0,1.2987012987012987,1.2987012987012987,0,0,1.2987012987012987,0,0,0,0,1.2987012987012987,0,0,1.2987012987012987,1.2987012987012987,2.5974025974025974,1.2987012987012987,1.2987012987012987,1.2987012987012987,0,1.2987012987012987,0,1.2987012987012987,0,5.194805194805195,2.5974025974025974,1.2987012987012987,0,0,0,2.5974025974025974,1.2987012987012987,0,1.2987012987012987,0,0,0,0,0,0,0,0,0,0,0,0,0,0,0,0,0,0,0,0,0,0,0,0,0,0,0,0,0,0,0,0,0,0,0,0,0,0,0
lenin_polozhenie_bunda_I.txt_chunk4,lenin,0,0,0,0,0,0,0,0,0,21.978021978021978,0,0,0,0,0,0,0,0,0,0,0,0,0,0,0,0,0,0,10.989010989010989,0,0,0,0,0,0,10.989010989010989,0,0,0,10.989010989010989,10.989010989010989,0,0,21.978021978021978,0,54.94505494505494,0,0,10.989010989010989,0,0,21.978021978021978,0,0,0,0,0,0,0,0,0,0,0,0,0,0,0,0,0,0,10.989010989010989,0,0,0,32.96703296703297,0,0,0,0,0,0,0,0,0,0,0,0,0,0,0,0,0,0,0,0,0,10.989010989010989,0,10.989010989010989,0,0,0,0,0,0,0,0,0,0,32.96703296703297,0,0,0,0,0,10.989010989010989,0,0,0,0,0,0,0,0,0,0,0,0,0,0,21.978021978021978,0,10.989010989010989,10.989010989010989,0,0,0,0,0,10.989010989010989,10.989010989010989,0,0,0,0,10.989010989010989,21.978021978021978,0,0,0,0,0,0,0,0,0,0,0,0,0,0,0,0,0,0,0,0,0,0,0,0,0,0,0,0,0,0,0,0,0,0,0,0,0,0,0,0,10.989010989010989,0,0,0,0,0,0,0,0,0,0,0,0,0,0,10.989010989010989,0,0,0,0,0,10.989010989010989,0,0,0,0,10.989010989010989,0,0,0,0,0,0,0,0,0,0,0,0,0,0,0,0,0,0,0,0,0,0,0,0,0,0,0,0,0,0,0,0,0,0,0,0,0,10.989010989010989,0,0,0,0,0,0,0,0,0,0,0,0,0,0,0,0,10.989010989010989,0,0,0,0,0,0,0,0,0,0,0,0,0,0,0,0,0,0,0,0,0,0,0,0,0,0,0,0,0,0,0
lenin_rab_partya_krestvo_I.txt_chunk2,lenin,3,0,2,0,6,1,1,0,1,18,3,2,1,0,0,0,0,2,2,3,0,1,0,0,0,1,0,0,14,0,1,0,3,0,1,1,0,4,0,3,1,1,0,6,0,37,0,6,5,1,7,5,4,1,3,0,0,0,0,6,2,2,0,0,0,0,0,0,0,2,5,0,0,0,15,3,0,18,1,0,1,1,2,1,0,1,0,6,2,9,3,0,0,0,0,0,1,3,0,0,12,0,0,0,3,0,0,0,1,6,0,0,0,0,0,0,1,4,1,2,0,1,0,0,0,0,0,2,0,2,5,0,5,0,1,1,1,0,0,15,5,1,3,0,6,1,0,1,0,0,0,1,0,0,1,1,2,0,0,3,2,1,1,0,0,0,0,1,2,1,0,0,0,4,3,3,1,0,2,3,2,0,2,2,2,0,1,0,0,0,0,0,2,2,2,0,0,1,1,4,1,1,5,0,0,2,0,0,4,4,1,1,0,0,0,0,1,2,0,4,0,0,1,1,1,1,0,1,3,1,0,0,0,1,0,0,1,0,0,0,1,0,0,0,1,0,0,0,0,2,0,15,0,0,0,0,0,0,0,0,0,0,0,0,0,0,1,0,0,0,0,1,0,0,0,1,2,4,5,0,0,0,0,0,0,0,0,0,0,0,0,0,0,0,0,2,0,0,0,0
lenin_rasskaz_o_II_cyezde.txt_chunk1,lenin,3,0,3,0,3,1,2,3,0,32,2,0,2,3,0,2,1,5,2,4,0,1,1,0,0,0,1,0,4,0,0,0,0,0,3,1,0,1,1,5,3,0,0,5,1,36,0,1,5,0,3,6,7,0,2,5,0,0,1,2,0,0,0,4,0,2,0,1,0,0,1,2,0,0,19,0,2,13,0,0,0,0,2,0,0,0,0,3,0,7,1,2,0,1,2,1,4,1,0,7,4,0,1,0,11,1,3,0,0,18,1,1,0,0,0,1,0,1,0,0,2,0,0,0,1,0,0,4,0,2,0,0,2,1,0,1,0,2,1,10,1,1,2,2,7,0,0,2,0,2,6,3,0,4,0,0,0,1,0,1,0,0,2,0,0,2,0,1,1,0,1,1,0,0,0,2,3,0,1,2,0,1,0,0,0,1,0,5,0,0,0,0,0,1,0,0,0,1,1,0,0,0,1,3,14,3,0,0,0,3,0,0,1,2,0,1,0,1,1,0,0,0,0,1,0,1,0,1,0,3,1,0,5,1,1,0,0,2,0,2,0,1,3,1,2,1,1,0,0,4,0,1,0,0,3,0,1,0,0,0,0,0,0,0,0,0,0,0,0,0,1,0,0,0,0,0,1,0,0,0,0,2,0,0,0,0,0,0,0,0,0,0,0,0,0,0,0,0,0,0
lenin_shag_vpered_2nazad.txt_chunk29,lenin,2,2,1,0,0,2,0,3,0,27,4,2,2,2,1,1,0,3,0,3,0,0,0,0,1,1,1,0,0,1,0,0,0,0,4,1,0,1,0,5,4,0,0,7,4,29,1,1,4,2,1,6,7,0,2,0,3,0,1,0,1,1,0,1,1,0,0,1,0,0,0,0,0,0,20,0,3,13,0,0,0,1,0,0,0,0,1,5,0,12,1,1,0,1,1,0,7,1,1,4,2,0,2,0,6,0,4,4,0,15,0,0,0,0,0,1,1,0,1,0,1,0,0,2,0,1,0,0,0,1,3,1,7,2,1,2,0,1,0,12,3,0,1,1,5,1,0,0,0,0,3,0,0,2,1,0,2,0,0,1,0,1,1,0,0,0,0,0,0,0,0,0,0,0,0,2,2,0,0,6,0,0,0,0,0,1,0,1,1,0,0,0,2,3,0,1,4,7,0,0,0,1,1,0,6,11,1,1,1,1,0,0,0,2,0,3,0,1,0,0,0,1,0,0,0,2,0,0,0,1,2,0,0,1,0,0,1,0,0,1,2,1,0,0,0,0,0,0,1,0,0,2,0,0,1,0,0,1,0,0,1,0,1,0,1,0,0,1,0,0,2,0,0,0,0,0,0,0,0,0,0,0,1,0,0,0,0,23,0,0,0,0,0,0,0,0,0,0,0,0
lenin_shag_vpered_2nazad.txt_chunk3,lenin,5,0,1,1,3,1,1,4,2,13,1,10,4,2,1,1,0,4,0,2,0,0,0,1,0,1,1,0,7,0,0,0,0,0,3,2,0,3,1,1,0,0,0,6,0,44,0,6,3,1,0,6,7,0,2,2,2,1,1,5,0,0,0,2,0,2,1,0,0,0,0,0,0,0,18,0,1,12,1,1,1,0,2,2,1,0,1,1,0,8,3,0,1,0,0,0,2,0,0,1,3,0,1,2,8,0,1,1,0,16,1,1,0,1,0,0,0,1,0,1,0,0,1,2,0,0,0,1,0,6,1,2,4,0,0,0,4,0,0,8,1,0,1,0,4,3,2,2,0,0,1,4,0,1,0,0,2,0,0,1,0,0,0,0,0,0,1,0,0,0,0,0,1,2,0,3,2,0,2,3,0,0,0,0,1,1,0,1,0,0,0,0,3,6,0,0,4,4,4,0,0,0,1,1,9,0,0,0,2,1,0,5,0,1,0,1,0,0,0,0,0,0,1,0,0,3,0,0,4,1,1,0,3,0,0,1,1,0,2,0,0,0,0,1,4,1,0,1,0,3,1,5,1,0,1,0,0,0,0,0,0,0,0,0,0,0,1,0,0,0,0,0,0,0,0,0,0,0,0,0,0,1,0,0,0,0,0,9,0,0,0,0,0,0,0,0,0,0,0,0
lenin_shag_vpered_2nazad.txt_chunk30,lenin,4,0,0,0,6,2,1,4,0,24,2,1,3,3,2,1,0,0,1,0,1,0,1,0,0,1,2,0,4,0,0,0,1,1,4,1,1,5,0,2,1,0,0,1,0,45,0,7,5,0,0,5,2,0,3,0,0,1,1,1,0,3,0,2,0,0,1,0,0,1,0,0,0,0,12,0,0,18,1,1,2,2,1,2,0,1,0,3,0,11,4,1,0,0,0,0,3,0,2,3,4,0,1,0,7,0,3,1,0,6,1,3,1,0,0,2,0,0,2,1,0,0,3,1,2,0,0,1,0,1,1,0,3,1,0,1,0,1,0,15,0,1,1,2,9,5,0,2,1,0,3,0,0,4,0,1,3,0,0,4,2,1,1,0,0,1,1,0,0,0,0,0,0,1,0,3,0,0,1,1,0,0,0,0,0,0,0,0,0,1,0,0,1,5,0,0,4,7,2,0,0,0,2,0,11,13,0,2,0,0,0,3,0,5,0,1,0,0,0,0,0,0,0,0,0,2,0,0,0,4,0,0,2,3,1,1,0,2,0,0,0,1,1,0,1,0,0,0,2,2,3,5,1,1,2,0,0,0,1,3,1,0,0,0,0,0,0,0,0,0,2,0,0,0,1,0,0,0,0,0,1,0,0,0,0,0,0,4,0,0,0,0,0,0,0,0,0,0,0,0
lenin_shag_vpered_2nazad.txt_chunk35,lenin,5,0,2,1,5,2,0,2,0,36,3,4,0,0,0,0,2,7,0,0,0,2,0,0,0,0,1,0,5,0,0,0,0,1,11,1,2,2,3,1,7,1,0,2,2,47,0,4,3,0,1,9,6,0,2,0,1,0,2,1,0,2,0,1,1,2,1,0,0,0,2,0,0,0,13,1,0,21,2,1,0,1,1,0,1,0,0,3,0,5,4,2,1,0,1,2,13,0,0,1,3,0,3,3,4,1,2,0,0,9,0,1,2,0,1,1,0,4,0,1,0,0,1,1,0,1,0,4,0,2,0,0,5,2,0,0,1,3,0,10,0,1,1,1,5,3,0,1,2,0,4,1,1,2,2,1,1,0,0,2,0,0,0,1,1,0,0,1,0,0,0,0,2,0,1,0,0,0,1,1,0,0,0,0,0,0,2,1,0,1,0,0,2,3,0,0,1,2,0,0,0,0,1,1,3,1,1,1,2,1,1,0,1,1,0,0,0,0,0,0,0,0,0,2,1,1,0,2,2,0,0,4,1,2,2,0,2,0,1,1,0,1,1,0,0,0,0,5,0,6,0,2,2,0,0,0,1,0,1,4,2,0,0,0,0,0,0,2,1,2,0,0,0,0,0,0,0,1,0,0,1,0,0,0,0,0,0,10,0,0,0,0,0,0,0,0,0,0,0,0
lenin_shag_vpered_2nazad.txt_chunk40,lenin,3,0,0,0,2,3,0,3,3,25,0,2,1,1,2,0,0,4,0,3,1,0,0,0,2,2,2,0,2,0,1,0,0,0,1,0,1,0,1,4,3,0,2,7,0,41,0,11,3,0,2,10,2,0,4,0,2,1,1,1,0,0,0,0,0,0,1,0,1,1,1,3,0,0,25,0,0,12,0,0,0,1,0,0,1,1,0,4,0,13,1,1,1,2,1,0,0,0,0,0,2,0,1,0,7,0,0,1,0,16,0,2,0,0,0,0,0,1,2,1,0,0,0,1,0,0,1,2,0,5,2,1,6,2,0,1,0,2,0,9,3,1,3,1,5,2,3,0,2,0,0,0,0,1,1,0,4,1,1,3,0,2,0,0,0,0,0,1,0,1,0,0,0,0,0,3,0,0,3,0,3,2,0,0,2,0,0,1,0,0,0,0,3,9,0,0,3,8,3,0,0,0,5,0,6,6,1,2,0,1,0,0,0,0,0,1,0,0,1,0,1,0,0,0,0,2,0,0,3,0,1,0,1,1,0,0,0,1,1,0,1,0,0,1,2,2,1,0,0,2,0,1,3,2,0,0,1,2,0,1,0,1,0,0,1,0,0,2,0,0,0,0,0,0,0,0,0,0,0,0,0,0,0,0,0,0,0,3,0,0,0,0,0,0,0,0,0,0,0,0
lenin_shag_vpered_2nazad.txt_chunk46,lenin,8,0,1,0,0,0,4,2,5,37,1,1,0,1,0,0,0,2,0,3,0,0,1,1,0,1,0,0,1,0,0,0,0,0,1,0,0,1,3,2,1,0,0,2,0,24,0,3,4,0,3,4,8,0,6,0,2,0,1,2,1,1,0,0,0,0,1,0,0,1,2,3,1,0,16,3,0,23,0,0,1,2,5,1,0,0,0,4,0,11,1,1,3,1,1,1,4,0,8,0,3,0,1,1,3,2,2,3,0,14,1,1,0,1,2,0,0,3,1,0,1,0,0,0,0,0,0,1,0,2,1,2,3,1,0,0,2,4,0,15,0,2,2,1,3,2,1,0,0,0,3,0,0,0,0,0,3,0,1,3,1,0,0,1,1,3,2,1,0,0,0,0,0,0,0,1,1,0,3,1,0,0,0,0,0,1,0,1,3,1,2,0,1,13,0,0,1,3,0,0,0,0,1,0,4,1,0,0,0,3,0,2,0,1,0,0,0,0,0,0,0,0,0,0,0,2,0,3,1,0,0,0,1,0,1,0,1,1,3,0,0,1,0,2,2,0,0,0,0,1,0,9,1,0,1,0,0,0,0,1,1,0,0,2,0,0,0,0,0,1,0,0,0,2,0,0,0,0,0,0,0,0,0,0,0,0,0,4,0,0,0,0,0,0,0,0,0,0,0,0
lenin_shag_vpered_2nazad.txt_chunk47,lenin,8,0,0,0,9,2,2,5,6,20,0,3,0,0,1,0,2,5,1,1,0,0,1,1,0,1,1,0,1,1,1,1,1,0,2,0,0,9,2,0,5,0,0,3,1,25,0,4,5,1,5,11,7,0,1,1,0,1,1,2,0,0,0,2,0,1,2,0,0,1,3,1,0,0,15,0,1,22,0,1,0,1,0,0,0,1,2,8,1,5,2,0,0,0,0,0,5,1,4,2,4,0,1,1,4,1,1,1,0,6,1,0,2,1,0,1,1,1,1,2,0,0,1,3,0,0,1,4,0,6,2,1,1,3,0,0,0,2,0,17,4,1,6,2,12,3,1,1,0,0,2,1,0,2,1,1,5,0,1,1,0,2,2,0,0,2,1,0,2,0,0,0,1,0,0,2,2,1,0,0,0,0,0,0,1,0,0,1,2,1,1,0,0,4,1,0,0,0,0,0,0,0,1,3,1,4,0,1,1,0,4,0,0,3,0,1,0,2,0,0,0,0,0,0,0,2,0,0,1,1,0,0,1,0,0,0,0,0,2,0,0,1,0,0,1,0,0,0,1,1,6,2,0,1,0,0,2,0,0,1,0,0,0,1,0,0,0,0,0,0,1,0,0,2,1,0,0,0,0,0,0,0,0,0,0,0,0,9,0,0,0,2,0,0,0,0,0,0,0,0
lenin_shag_vpered_2nazad.txt_chunk5,lenin,7,0,0,0,5,0,0,4,2,21,1,1,2,2,0,2,1,1,1,0,0,0,0,2,0,1,2,0,2,0,0,0,0,0,5,1,0,0,1,2,2,0,0,3,1,34,1,4,3,1,1,9,8,0,1,0,0,0,1,1,0,0,0,1,0,6,0,1,0,1,0,0,0,0,12,0,0,19,1,2,0,0,3,1,0,0,0,8,0,8,5,1,0,1,1,0,9,0,0,1,6,0,0,1,6,1,1,3,1,8,1,4,3,3,0,0,0,1,0,4,0,0,0,1,1,0,0,0,0,3,7,1,2,0,2,0,2,0,0,16,4,2,1,0,10,1,0,1,1,0,0,1,1,3,1,0,5,0,0,3,0,4,0,0,0,3,0,0,0,0,1,0,0,0,0,0,0,0,0,0,1,2,0,0,0,0,0,2,3,0,1,0,0,6,1,0,3,4,3,0,0,0,1,0,10,3,2,2,2,2,0,0,0,1,0,0,0,0,0,0,0,0,0,0,0,0,0,0,1,2,0,0,1,0,0,0,0,0,0,2,0,1,0,0,0,0,0,0,0,2,0,3,1,1,2,0,0,0,0,0,3,0,0,0,0,0,0,0,0,1,0,0,0,0,0,0,0,0,0,0,0,0,1,0,0,0,0,5,0,0,0,0,0,0,0,0,0,0,0,0
lenin_shag_vpered_2nazad.txt_chunk61,lenin,3,0,1,0,4,2,1,3,3,32,0,1,0,1,1,1,0,2,0,2,1,1,2,0,0,0,4,0,2,0,0,0,1,0,1,3,1,1,0,3,3,1,0,4,0,44,0,3,0,0,1,2,8,0,0,1,0,0,0,0,0,0,0,1,0,1,0,0,0,0,1,1,0,0,14,2,0,12,0,0,1,1,4,2,0,0,0,3,0,1,0,1,0,2,0,0,1,4,3,5,2,0,1,1,3,2,1,1,0,9,0,1,2,1,1,1,0,0,4,0,0,0,0,4,1,0,0,0,0,1,3,0,1,0,1,0,2,0,0,7,2,2,1,0,2,3,1,1,1,0,3,1,0,1,0,0,0,1,1,0,1,0,0,0,0,0,0,0,0,0,0,0,0,0,0,5,0,0,0,3,0,0,0,0,3,0,1,2,2,0,0,0,2,6,1,0,2,3,1,0,0,0,3,0,2,1,0,1,0,4,0,1,1,1,0,1,0,1,0,1,2,1,0,0,0,3,0,0,0,1,0,0,1,0,1,1,0,1,0,0,0,1,0,1,2,1,0,0,0,3,0,2,0,0,0,0,2,0,0,1,0,0,0,0,0,0,0,0,2,0,0,0,0,3,0,0,0,0,0,0,0,0,0,0,1,0,0,18,0,0,1,0,0,0,0,1,0,0,0,0
lenin_shag_vpered_2nazad.txt_chunk8,lenin,7,1,0,0,4,0,0,2,0,16,1,5,2,0,2,1,2,6,0,2,0,0,0,0,0,1,0,0,1,0,0,0,2,1,3,1,2,1,1,3,3,0,0,2,0,43,0,9,5,0,7,7,5,0,3,0,3,0,0,2,0,0,0,1,0,3,0,0,0,3,0,0,0,1,13,0,2,11,0,0,0,0,0,0,0,0,1,1,0,3,4,1,0,0,0,0,3,2,2,0,7,0,2,1,3,0,6,5,0,18,1,0,0,0,1,0,1,0,0,1,1,0,2,0,0,0,0,2,0,5,1,1,3,2,0,2,4,1,0,13,2,0,1,0,6,2,2,1,1,3,0,0,0,0,1,0,3,1,0,4,1,2,0,0,0,1,0,2,0,0,0,0,0,1,0,1,1,0,1,2,0,1,0,0,0,2,0,2,0,0,1,0,1,2,0,0,1,3,0,0,0,0,2,1,5,2,2,2,3,2,0,2,0,1,0,1,0,0,0,0,0,0,0,0,0,1,0,0,1,2,1,0,3,2,0,0,1,2,1,0,0,0,1,1,0,0,0,0,0,1,0,7,5,2,1,0,0,0,1,1,0,0,0,0,1,0,0,0,0,0,0,0,0,0,1,0,0,1,0,0,0,0,2,0,0,0,0,10,0,0,0,0,0,0,0,0,0,0,0,0
lenin_zemsk_kampania_iskra.txt_chunk5,lenin,6,0,3,0,5,0,0,2,2,33,0,0,0,0,2,0,1,3,1,3,0,1,0,0,0,0,2,0,8,0,1,0,0,1,4,0,0,5,0,5,4,0,1,3,0,43,0,0,0,2,2,2,5,1,5,0,2,0,1,5,2,1,0,0,0,1,0,0,1,1,0,2,0,0,16,0,1,12,1,0,1,1,0,1,0,0,0,2,0,13,0,0,0,0,0,0,1,0,2,0,0,1,1,4,4,0,0,1,0,15,0,0,0,1,0,1,0,1,1,0,0,1,1,3,0,1,0,0,0,3,0,1,2,3,0,0,1,0,1,5,0,0,1,1,11,2,0,0,0,0,0,0,1,1,0,0,6,0,2,3,0,0,1,1,2,0,0,1,0,1,1,0,0,1,3,0,1,0,3,1,0,0,2,0,1,0,1,0,1,1,0,1,1,1,0,0,3,1,3,1,2,1,0,1,0,1,0,0,0,2,0,0,0,1,0,1,1,0,0,7,0,1,0,1,0,1,0,2,7,3,0,0,1,2,0,0,1,2,0,0,0,0,0,0,1,1,0,0,6,3,1,3,0,0,0,0,0,1,0,1,0,0,0,2,0,0,0,0,6,0,1,0,1,0,0,5,1,1,0,1,0,0,0,0,1,0,2,0,0,0,0,0,1,0,1,0,0,0,0,0
martov_borba_za_svobodu_I.txt_chunk1,martov,4,0,4,1,5,0,0,4,1,31,1,0,0,0,0,0,1,4,0,1,3,1,0,0,0,1,1,0,11,1,0,0,0,0,15,2,0,2,0,2,3,4,0,6,1,48,0,2,1,0,0,10,10,0,5,0,0,0,0,1,0,3,0,0,0,3,0,0,0,3,0,1,0,0,12,0,2,15,0,0,0,2,2,1,2,0,0,4,0,4,3,0,2,0,1,0,1,0,2,0,5,1,0,4,0,2,1,2,0,9,0,2,0,2,0,2,1,1,1,0,1,1,0,3,0,0,0,0,0,7,2,0,2,2,1,0,0,1,0,14,4,0,1,0,2,3,0,3,0,0,0,0,0,2,0,0,2,0,0,1,0,0,1,0,1,0,0,2,0,0,1,0,0,0,2,2,0,1,1,4,8,0,7,3,2,0,1,0,0,1,0,2,0,0,0,0,1,6,1,0,0,0,4,0,0,2,2,3,1,5,1,0,0,1,0,1,1,0,0,0,0,3,0,1,0,1,0,1,0,2,1,0,0,0,0,1,0,0,0,0,0,0,0,1,2,1,0,0,0,3,0,2,1,1,3,0,0,2,1,1,0,0,0,0,0,0,0,0,2,1,0,0,0,0,0,0,0,6,3,0,0,3,2,0,0,0,0,0,0,0,4,0,0,0,0,5,0,0,0,0
martov_borba_za_svobodu_I.txt_chunk3,martov,3,1,0,0,4,0,1,1,1,25,2,3,0,1,3,0,0,1,0,2,0,0,0,2,0,0,2,0,7,1,1,3,0,0,5,0,3,2,1,1,3,0,0,4,0,40,0,3,2,3,3,7,6,0,3,0,2,0,0,0,2,0,1,0,0,2,1,0,0,0,1,0,1,0,12,0,0,20,0,0,0,0,2,1,0,1,0,6,0,3,3,0,1,1,1,0,4,1,4,0,7,0,0,1,1,2,1,0,0,10,0,0,0,0,1,3,1,0,2,4,0,0,1,3,0,0,0,2,0,4,5,1,7,1,0,2,3,1,1,10,3,0,2,0,2,1,1,2,0,0,0,1,1,0,1,0,2,0,2,4,1,1,0,1,0,0,1,0,0,0,0,0,0,1,1,3,0,1,0,5,10,1,0,1,0,0,1,0,0,0,0,2,2,1,0,0,2,3,0,0,0,1,3,0,0,1,0,2,0,1,0,0,2,0,0,0,1,1,0,0,0,1,2,0,1,2,0,0,1,0,0,0,0,1,0,1,0,1,1,0,1,0,0,1,0,2,0,0,0,5,2,6,2,0,1,0,1,0,1,3,0,0,2,1,0,0,1,0,3,0,1,0,3,0,0,0,0,1,3,0,2,0,1,3,1,3,2,0,2,0,0,0,0,0,1,0,0,2,5,0
martov_borba_za_svobodu_I.txt_chunk4,martov,0,0,21.164021164021165,0,5.291005291005291,0,0,0,0,52.910052910052904,0,0,0,0,0,0,0,5.291005291005291,0,0,0,0,0,0,0,0,5.291005291005291,0,0,0,0,0,0,0,5.291005291005291,0,5.291005291005291,5.291005291005291,0,0,5.291005291005291,0,0,15.873015873015872,5.291005291005291,26.455026455026452,0,0,0,0,5.291005291005291,0,0,0,0,0,0,0,0,5.291005291005291,5.291005291005291,0,0,0,0,0,0,0,0,5.291005291005291,0,0,0,0,0,0,0,10.582010582010582,0,0,0,0,0,0,0,0,0,0,0,5.291005291005291,0,5.291005291005291,0,0,0,0,10.582010582010582,5.291005291005291,0,0,15.873015873015872,0,0,0,0,0,0,0,0,10.582010582010582,0,0,5.291005291005291,0,0,0,0,5.291005291005291,5.291005291005291,0,0,0,0,5.291005291005291,0,0,0,15.873015873015872,0,5.291005291005291,0,5.291005291005291,0,5.291005291005291,0,0,0,15.873015873015872,0,0,0,0,0,0,10.582010582010582,0,10.582010582010582,0,0,0,0,0,0,0,5.291005291005291,5.291005291005291,0,0,5.291005291005291,0,0,0,0,0,0,0,5.291005291005291,0,0,0,0,0,0,0,5.291005291005291,0,0,0,5.291005291005291,5.291005291005291,0,0,5.291005291005291,0,0,0,0,0,0,0,0,0,0,0,0,0,0,0,0,0,5.291005291005291,0,0,0,0,0,0,15.873015873015872,0,0,0,0,0,0,0,0,0,0,0,0,5.291005291005291,0,0,0,0,0,0,0,0,0,0,0,0,0,0,0,0,0,0,0,0,0,0,0,5.291005291005291,5.291005291005291,0,0,0,5.291005291005291,0,0,0,0,0,0,0,0,0,0,0,5.291005291005291,0,0,0,0,0,5.291005291005291,5.291005291005291,0,0,0,0,0,0,0,0,0,10.582010582010582,0,5.291005291005291,0,0,5.291005291005291,0,0,0,0,0,0,10.582010582010582,0,0,0,0,10.582010582010582,0,0,0,0
martov_boykot_dumy_i_rev_samoupravlenie_I.txt_chunk1,martov,5,0,2,1,4,0,1,2,2,33,1,4,2,1,0,0,0,4,0,2,2,0,1,0,0,0,1,0,5,3,0,1,0,0,1,1,1,1,5,2,3,1,1,0,0,26,0,5,3,1,6,17,3,0,1,1,1,0,1,3,2,1,0,1,0,5,0,0,0,0,2,0,0,0,8,0,1,9,0,1,0,0,1,0,0,0,0,5,0,7,0,0,0,0,0,0,2,3,3,0,11,0,0,2,7,2,2,0,0,10,0,1,0,1,1,0,1,1,2,0,0,0,1,1,1,0,0,3,0,4,4,3,2,1,1,3,0,3,0,11,5,1,0,1,3,2,2,1,1,0,0,0,1,2,0,1,2,1,0,0,0,0,2,0,3,2,0,0,1,1,3,1,1,1,0,2,0,0,7,0,1,0,0,2,11,0,0,0,0,0,2,2,2,2,0,0,1,0,0,0,1,1,6,3,0,3,0,1,2,1,0,0,0,0,1,0,2,0,1,0,3,0,0,2,0,3,1,0,1,0,0,0,0,0,0,2,0,0,0,0,0,0,1,1,0,1,0,1,0,1,0,4,0,3,0,0,0,1,0,0,1,1,1,0,0,2,1,0,1,1,0,0,5,0,0,2,0,1,1,0,1,2,1,1,4,0,0,0,3,0,0,0,0,0,0,3,0,0,7,0
martov_boykot_dumy_i_rev_samoupravlenie_I.txt_chunk3,martov,11,0,6,2,7,0,0,2,5,23,4,0,0,0,0,1,3,1,1,0,2,0,0,1,0,1,4,0,1,0,1,0,1,0,2,1,0,9,2,4,10,2,2,2,1,25,0,1,4,2,1,7,5,0,0,2,0,1,0,0,1,1,0,1,1,1,0,0,0,2,7,0,0,0,16,2,0,21,0,0,0,0,1,2,0,2,0,7,0,2,0,0,1,1,0,0,3,1,6,2,6,0,1,1,8,3,3,2,0,5,1,0,0,0,1,0,4,1,5,1,0,0,1,6,0,2,1,2,0,11,3,1,5,1,1,2,2,1,0,21,2,3,0,0,15,0,1,0,0,2,2,0,3,6,0,1,1,0,0,1,0,1,1,0,3,2,2,0,0,0,1,0,0,3,1,2,0,0,2,1,0,0,0,0,1,0,0,0,0,0,0,1,1,1,1,2,1,2,0,0,0,1,3,0,0,0,0,0,0,1,0,0,0,2,0,0,4,0,0,0,2,2,0,0,0,1,0,0,6,0,0,0,0,0,0,0,0,0,0,0,0,1,2,0,0,1,0,0,1,0,3,2,3,0,2,0,0,0,0,2,0,0,0,0,0,0,0,1,3,1,0,0,0,0,0,0,1,0,0,1,3,0,0,0,4,0,3,1,2,2,0,1,0,0,0,0,0,0,1,0
martov_boykot_dumy_i_rev_samoupravlenie_I.txt_chunk4,martov,6.091370558375634,0,5.076142131979695,0,4.060913705583757,2.0304568527918785,1.0152284263959392,1.0152284263959392,3.045685279187817,26.395939086294415,2.0304568527918785,2.0304568527918785,1.0152284263959392,1.0152284263959392,0,0,1.0152284263959392,3.045685279187817,0,3.045685279187817,1.0152284263959392,1.0152284263959392,1.0152284263959392,0,0,0,2.0304568527918785,0,7.106598984771574,1.0152284263959392,1.0152284263959392,2.0304568527918785,2.0304568527918785,0,7.106598984771574,1.0152284263959392,1.0152284263959392,4.060913705583757,2.0304568527918785,1.0152284263959392,3.045685279187817,1.0152284263959392,0,2.0304568527918785,0,30.456852791878173,1.0152284263959392,6.091370558375634,2.0304568527918785,1.0152284263959392,2.0304568527918785,10.15228426395939,7.106598984771574,0,2.0304568527918785,1.0152284263959392,2.0304568527918785,2.0304568527918785,0,3.045685279187817,0,1.0152284263959392,0,0,0,1.0152284263959392,0,1.0152284263959392,0,1.0152284263959392,4.060913705583757,0,0,0,13.197969543147208,1.0152284263959392,2.0304568527918785,21.319796954314718,0,0,0,0,2.0304568527918785,1.0152284263959392,0,0,0,4.060913705583757,0,8.121827411167514,0,0,2.0304568527918785,0,0,0,2.0304568527918785,1.0152284263959392,2.0304568527918785,1.0152284263959392,4.060913705583757,0,1.0152284263959392,0,4.060913705583757,2.0304568527918785,3.045685279187817,1.0152284263959392,2.0304568527918785,4.060913705583757,0,0,0,1.0152284263959392,0,0,2.0304568527918785,0,1.0152284263959392,1.0152284263959392,0,1.0152284263959392,0,2.0304568527918785,0,1.0152284263959392,1.0152284263959392,4.060913705583757,0,9.137055837563452,0,1.0152284263959392,6.091370558375634,1.0152284263959392,0,1.0152284263959392,1.0152284263959392,2.0304568527918785,0,15.228426395939087,3.045685279187817,1.0152284263959392,1.0152284263959392,1.0152284263959392,3.045685279187817,1.0152284263959392,0,2.0304568527918785,0,0,1.0152284263959392,1.0152284263959392,0,2.0304568527918785,0,0,3.045685279187817,0,0,0,0,0,0,0,0,1.0152284263959392,1.0152284263959392,1.0152284263959392,0,1.0152284263959392,0,0,0,1.0152284263959392,2.0304568527918785,3.045685279187817,1.0152284263959392,0,0,3.045685279187817,0,2.0304568527918785,1.0152284263959392,4.060913705583757,0,0,0,1.0152284263959392,0,1.0152284263959392,0,1.0152284263959392,1.0152284263959392,1.0152284263959392,1.0152284263959392,1.0152284263959392,1.0152284263959392,1.0152284263959392,0,0,1.0152284263959392,2.0304568527918785,0,0,0,5.076142131979695,1.0152284263959392,1.0152284263959392,0,0,1.0152284263959392,0,0,0,0,1.0152284263959392,3.045685279187817,1.0152284263959392,1.0152284263959392,0,2.0304568527918785,1.0152284263959392,0,1.0152284263959392,1.0152284263959392,0,0,1.0152284263959392,1.0152284263959392,3.045685279187817,1.0152284263959392,0,0,0,0,0,1.0152284263959392,1.0152284263959392,1.0152284263959392,0,0,0,0,0,0,0,1.0152284263959392,1.0152284263959392,0,1.0152284263959392,0,5.076142131979695,0,2.0304568527918785,0,0,0,0,0,2.0304568527918785,0,0,0,0,0,1.0152284263959392,0,2.0304568527918785,0,0,0,0,0,2.0304568527918785,1.0152284263959392,3.045685279187817,0,1.0152284263959392,0,2.0304568527918785,2.0304568527918785,0,0,5.076142131979695,8.121827411167514,1.0152284263959392,0,2.0304568527918785,0,0,0,0,0,1.0152284263959392,0,0,0,0,0,0
martov_demokraty_ponevole_I.txt_chunk1,martov,2,0,4,0,5,1,1,10,4,26,0,1,1,1,0,0,2,5,0,0,0,0,0,1,0,0,0,0,3,1,1,0,1,1,2,0,1,7,1,1,3,0,1,12,1,34,0,3,1,0,0,5,8,0,4,0,1,1,0,1,0,2,0,0,0,0,2,4,1,1,2,0,1,1,15,0,0,27,1,1,0,1,1,1,0,0,1,7,1,7,0,0,1,1,0,0,8,4,1,0,3,0,0,1,5,0,2,1,0,7,0,0,0,0,0,0,0,0,0,3,3,2,0,2,0,1,3,1,0,3,4,1,3,2,0,1,2,0,1,30,2,1,3,1,15,4,2,2,4,2,8,1,0,1,1,0,0,1,0,1,0,1,0,0,0,2,2,0,6,0,1,0,0,2,1,2,1,1,0,2,3,0,2,2,2,0,0,1,0,1,0,0,4,1,1,0,1,0,0,2,0,1,3,1,3,0,0,0,0,0,0,0,0,1,0,0,3,0,0,1,0,1,0,0,0,0,0,1,1,1,0,0,0,0,0,0,0,4,0,0,0,2,0,0,0,1,0,0,0,1,4,11,6,0,0,0,0,1,0,0,3,1,0,0,0,3,0,0,1,0,0,0,0,0,7,0,0,0,0,0,0,0,0,0,0,0,0,0,1,0,0,0,0,0,0,0,0,0,1,0
martov_gibel_port_artura_I.txt_chunk2,martov,0,0,0,0,5.9171597633136095,0,0,0,0,17.75147928994083,0,0,0,0,0,0,0,0,0,0,0,0,0,0,0,0,0,0,17.75147928994083,0,0,5.9171597633136095,0,0,11.834319526627219,0,0,0,0,0,0,0,0,23.668639053254438,23.668639053254438,47.337278106508876,0,0,23.668639053254438,0,0,5.9171597633136095,5.9171597633136095,5.9171597633136095,5.9171597633136095,0,0,0,0,0,0,0,0,0,0,5.9171597633136095,0,0,0,0,0,0,0,0,0,0,5.9171597633136095,0,5.9171597633136095,0,0,0,5.9171597633136095,0,0,0,0,5.9171597633136095,0,0,0,0,0,0,0,0,0,5.9171597633136095,0,0,11.834319526627219,0,0,5.9171597633136095,0,0,0,0,0,17.75147928994083,0,0,0,0,0,0,0,0,5.9171597633136095,0,0,0,0,0,0,0,0,0,0,0,0,0,5.9171597633136095,0,5.9171597633136095,0,0,0,0,5.9171597633136095,5.9171597633136095,0,0,0,23.668639053254438,0,0,0,0,0,0,0,0,0,0,0,0,0,0,0,0,0,5.9171597633136095,11.834319526627219,0,0,0,0,0,0,0,0,0,0,0,0,0,0,0,0,0,0,0,0,5.9171597633136095,0,0,11.834319526627219,0,0,0,0,0,0,0,0,0,5.9171597633136095,0,0,0,0,0,0,0,0,0,0,0,0,0,0,0,0,0,0,5.9171597633136095,0,0,0,0,11.834319526627219,0,0,0,0,0,0,5.9171597633136095,0,0,0,0,0,0,0,0,0,0,0,0,5.9171597633136095,0,0,0,0,0,0,0,0,0,0,0,0,0,5.9171597633136095,0,0,0,0,0,0,0,0,0,0,0,0,5.9171597633136095,5.9171597633136095,0,0,0,0,0,0,0,0,0,0,5.9171597633136095,0,0,0,0,0,0,0,0,0,0,0,11.834319526627219,0,0,5.9171597633136095,0,0,5.9171597633136095,0
martov_itogi_polit_razvitiya.txt_chunk2,martov,1,0,0,0,0,3,0,3,0,38,0,0,0,0,0,0,3,5,0,1,0,0,0,0,1,1,1,0,4,3,0,1,0,0,2,3,0,2,0,4,4,2,0,5,0,47,0,3,0,0,2,19,8,3,0,0,2,1,0,1,2,0,0,3,0,5,0,0,0,1,1,1,0,0,6,1,0,9,1,0,1,0,2,0,1,0,0,7,0,4,0,1,0,0,0,1,4,2,0,0,3,0,0,1,2,0,2,0,0,16,0,1,1,0,1,0,0,2,1,0,0,0,0,1,0,0,0,6,0,5,1,2,3,0,0,0,1,5,0,0,0,1,0,0,2,2,1,0,0,1,0,0,0,4,0,0,1,0,1,0,0,0,2,1,0,0,0,0,0,2,0,0,0,0,2,3,0,0,9,1,0,0,0,2,0,1,1,0,0,0,0,0,0,0,0,0,0,5,1,0,4,1,0,3,0,0,0,2,1,2,1,1,0,0,0,0,0,2,0,1,0,5,3,1,1,1,1,1,0,0,0,0,3,0,0,0,0,0,0,2,0,0,1,1,0,0,0,1,0,0,0,0,0,0,0,0,0,0,0,0,0,3,0,0,1,0,0,0,6,1,0,1,11,0,1,0,1,2,0,0,1,0,0,3,0,0,0,0,0,0,0,0,0,0,1,0,0,2,0,0
martov_itogi_polit_razvitiya.txt_chunk3,martov,2,0,0,0,0,1,2,1,0,39,5,0,1,0,0,1,2,4,0,1,0,1,4,0,0,0,0,0,9,0,0,0,0,0,4,0,1,2,0,3,2,1,0,3,0,64,1,2,2,0,2,5,2,2,0,1,0,0,0,0,0,0,0,0,1,4,0,0,0,0,0,1,0,0,14,0,0,10,0,0,0,0,2,0,0,0,0,4,0,0,0,1,0,1,0,0,3,0,2,0,3,0,0,4,3,1,0,0,1,19,0,0,1,1,0,1,0,3,2,2,0,2,0,0,1,1,5,1,0,2,0,0,2,0,0,0,0,1,0,1,0,0,1,0,2,2,3,0,0,0,0,0,0,0,0,0,0,0,0,0,0,0,1,1,1,0,0,1,1,2,1,0,0,2,1,5,0,0,5,0,1,0,3,3,0,0,1,0,0,0,1,0,0,0,0,0,0,10,2,0,2,0,0,0,0,0,3,2,1,2,0,0,0,1,0,0,0,1,0,1,0,5,0,1,0,1,0,1,0,1,0,0,2,0,0,1,0,0,2,1,0,0,0,1,0,2,0,1,0,0,0,1,0,0,1,0,0,0,1,0,0,1,0,0,0,0,0,0,3,0,1,0,6,0,0,0,1,0,0,0,3,0,0,0,0,0,1,0,0,0,0,0,1,0,2,3,0,0,0,0
martov_itogi_polit_razvitiya.txt_chunk6,martov,0,0,0,0,0,0,0,0,0,23.809523809523807,0,0,0,0,0,0,23.809523809523807,0,0,0,0,0,0,0,0,0,0,0,0,0,0,0,0,0,23.809523809523807,0,0,0,0,0,0,0,0,0,0,47.61904761904761,0,0,0,0,0,0,23.809523809523807,0,0,0,0,23.809523809523807,0,0,0,0,0,0,0,0,0,0,0,0,0,0,0,0,71.42857142857143,0,0,0,0,0,0,0,0,0,0,0,0,0,0,0,0,0,0,0,0,0,0,0,0,0,0,0,0,0,0,23.809523809523807,0,0,0,0,0,0,0,0,0,0,0,0,0,0,0,0,0,0,0,0,0,0,0,0,0,0,23.809523809523807,0,0,0,0,0,0,0,0,0,0,0,0,23.809523809523807,0,0,0,0,0,0,0,0,0,0,0,0,0,0,0,0,0,0,0,0,0,0,0,0,0,0,0,0,0,0,0,0,0,0,0,0,47.61904761904761,0,0,0,0,0,0,0,0,0,0,0,0,0,0,23.809523809523807,0,0,0,0,0,0,0,0,0,0,0,0,0,0,0,0,0,0,0,0,0,0,0,0,0,0,0,0,0,0,0,0,0,0,0,0,0,0,0,0,0,0,0,0,0,0,0,0,0,0,0,0,0,0,0,0,0,0,0,0,0,0,0,0,0,0,0,0,0,0,0,0,0,0,0,0,0,0,0,0,0,0,0,0,0,0,0,0,0,0,0,0,0,0,0,0,0,0,0,0,0,0
martov_itogi_zemskogo_parlamenta_I.txt_chunk1,martov,2,1,2,0,4,2,2,7,3,22,1,0,0,0,1,0,1,4,0,1,0,0,2,0,0,0,1,0,3,0,1,0,0,0,9,2,2,1,0,4,1,1,0,4,0,28,0,7,2,1,2,9,5,0,1,1,1,1,0,1,0,0,0,0,1,0,0,1,2,0,2,0,0,1,9,1,6,12,1,1,0,0,3,0,0,0,0,5,0,2,1,0,3,0,1,0,6,0,3,0,3,0,1,0,5,1,0,2,0,12,1,5,2,0,1,0,1,3,2,2,2,1,0,4,0,0,0,1,0,6,6,0,3,0,0,1,0,0,1,10,5,6,0,2,2,1,2,0,1,0,0,2,0,0,2,0,0,0,1,0,0,0,3,0,0,1,1,0,0,0,0,1,1,0,0,1,0,0,4,2,2,0,0,1,1,0,0,1,1,1,0,0,0,1,0,0,0,2,0,0,0,0,0,0,4,0,0,0,0,0,0,2,1,2,0,0,0,0,0,0,2,0,1,0,0,0,0,0,0,0,0,0,0,0,1,0,0,0,0,0,2,1,1,0,0,0,0,0,1,2,0,4,0,0,2,0,0,0,0,1,0,0,0,0,2,0,0,0,0,0,0,0,0,0,1,1,0,0,0,0,0,1,1,0,0,0,0,0,0,1,0,0,1,0,1,0,0,1,3,0
martov_klass_protiv_klassa.txt_chunk3,martov,3,0,3,1,0,0,0,1,1,19,7,0,0,0,0,0,0,4,1,2,3,1,1,4,0,0,1,0,6,3,0,0,0,0,6,1,4,1,2,3,4,0,1,10,0,47,2,3,1,2,4,5,3,1,5,0,3,1,3,1,1,1,1,1,0,2,0,0,0,0,1,0,1,0,12,0,0,11,2,1,0,0,1,0,0,0,0,5,0,1,0,0,4,0,1,1,1,1,2,0,16,0,0,1,3,1,0,0,0,14,0,0,4,1,0,0,0,2,1,9,0,0,0,0,0,1,0,1,0,1,4,2,5,2,0,2,8,0,0,8,6,0,0,0,1,2,5,2,1,1,3,1,0,4,0,0,0,0,1,0,0,1,0,0,0,2,0,0,0,0,2,0,0,1,1,2,0,0,0,3,0,0,0,1,0,2,5,2,0,1,0,0,0,0,1,3,0,11,3,0,0,0,2,1,0,0,4,1,5,9,6,0,2,0,0,0,0,1,1,5,0,1,0,2,0,1,0,1,0,3,0,7,1,0,0,0,0,0,0,0,0,1,0,0,0,0,0,0,0,1,0,1,1,0,0,0,0,0,0,0,0,0,0,0,0,2,0,0,2,0,0,1,3,3,2,1,1,0,0,0,0,0,0,0,0,2,0,0,2,0,1,0,0,0,0,4,0,2,0,0
martov_klass_protiv_klassa.txt_chunk4,martov,0,0,13.888888888888888,0,0,0,0,0,0,0,0,0,0,0,0,0,0,13.888888888888888,0,0,0,0,0,0,0,0,0,0,0,0,0,0,0,0,0,13.888888888888888,0,0,0,0,0,13.888888888888888,0,0,0,83.33333333333333,13.888888888888888,0,0,0,0,13.888888888888888,0,13.888888888888888,0,0,0,0,0,0,0,0,0,0,0,0,0,0,0,0,0,0,0,13.888888888888888,0,13.888888888888888,0,13.888888888888888,0,0,0,0,27.777777777777775,0,0,0,0,0,0,13.888888888888888,0,0,0,0,0,0,0,27.777777777777775,0,0,0,0,0,0,0,0,13.888888888888888,0,0,0,0,0,0,0,0,0,0,0,0,0,0,0,0,0,0,0,0,0,0,0,0,0,0,0,0,0,0,0,13.888888888888888,0,0,13.888888888888888,0,0,0,0,0,0,0,0,0,0,0,0,0,0,0,0,0,0,0,0,0,0,0,0,0,0,0,0,0,0,0,0,0,13.888888888888888,0,0,0,0,0,0,0,0,0,0,0,0,0,0,0,0,0,0,0,0,0,0,0,0,0,0,0,0,0,0,0,0,13.888888888888888,0,0,0,0,0,0,0,0,0,0,0,0,0,0,0,13.888888888888888,0,0,0,0,0,0,0,0,0,0,0,0,0,0,0,0,0,0,0,0,13.888888888888888,0,0,0,0,0,0,0,0,0,0,0,0,0,0,0,0,0,13.888888888888888,0,0,0,0,0,0,0,0,0,0,0,0,0,0,0,0,0,0,0,0,0,13.888888888888888,0,0,0,0,0,0,0,0,0,0,0,0,0,0
martov_krovavoe_bezumie.txt_chunk1,martov,6,0,4,2,3,0,2,1,6,41,2,0,0,0,0,0,0,6,0,1,2,0,0,0,0,0,1,1,6,0,0,2,4,1,0,1,0,0,1,1,4,2,1,6,0,40,0,9,3,0,2,5,6,0,0,0,0,0,0,0,2,3,0,1,0,1,0,0,1,0,5,2,0,0,12,0,0,15,0,0,0,1,0,0,0,2,6,5,1,1,0,0,0,0,0,0,0,3,4,0,7,0,0,0,2,0,0,4,0,12,0,0,0,1,0,1,1,0,0,1,0,0,2,1,2,0,1,0,0,2,5,1,0,2,1,1,0,0,0,19,4,1,2,1,4,1,2,1,0,0,0,0,0,2,0,1,2,0,0,3,1,0,0,0,0,1,0,0,0,0,0,0,1,0,0,6,1,3,0,1,1,0,0,0,0,0,0,1,0,1,0,0,1,4,4,1,4,3,0,0,0,0,2,0,0,0,0,1,0,1,1,0,1,1,1,0,0,0,0,0,0,5,0,0,0,0,0,0,1,1,0,0,1,0,0,0,0,0,1,0,0,0,0,0,0,2,1,0,1,5,0,2,0,0,0,0,0,0,0,1,0,0,1,0,0,0,0,0,1,1,0,0,2,1,0,5,0,0,0,4,0,1,1,1,0,0,1,0,0,0,0,0,2,0,0,1,0,0,0,0
martov_liberal_realizm_I.txt_chunk1,martov,6,1,2,3,5,0,1,0,2,26,1,1,0,0,0,0,1,3,2,3,0,4,0,0,0,1,0,0,8,0,0,0,1,1,2,0,0,4,1,2,5,1,0,1,0,42,0,4,2,3,4,12,6,0,4,1,1,2,0,2,0,1,0,0,2,8,0,0,0,0,4,0,0,0,11,1,3,23,0,1,1,1,1,2,1,0,1,2,1,6,0,1,0,1,0,0,4,1,3,0,11,0,0,2,1,0,1,1,1,6,1,0,0,2,0,0,1,3,1,2,1,1,0,3,1,0,0,0,0,3,4,1,4,2,0,2,0,0,0,17,4,0,4,1,1,4,0,1,2,0,0,0,1,0,1,0,3,0,0,6,0,0,0,0,0,0,0,0,0,1,0,1,0,0,1,5,2,2,1,1,2,0,0,0,0,0,0,7,0,0,0,1,2,3,1,0,1,2,0,0,0,2,1,0,0,1,0,0,0,4,1,0,0,3,2,2,4,0,0,0,2,3,0,3,0,0,0,1,2,1,2,0,1,0,1,0,0,0,1,1,0,3,2,0,1,0,0,0,0,3,5,0,0,1,0,0,1,2,0,2,1,1,1,1,0,1,0,0,2,0,0,1,0,0,0,0,0,3,1,1,2,0,1,4,0,0,0,0,0,0,0,0,0,0,2,0,0,0,0,0
martov_mirovoy_bolshevizm_NQ.txt_chunk1,martov,2,0,0,0,1,1,1,3,1,58,4,0,0,0,0,1,2,2,0,1,0,0,0,0,0,2,0,0,6,1,0,1,0,2,3,4,0,1,2,2,2,1,0,2,0,28,1,3,2,1,3,8,10,0,5,0,0,0,2,1,0,0,0,0,0,2,0,0,0,0,2,0,0,1,9,1,1,9,0,0,0,0,0,1,0,0,0,2,0,1,1,1,0,0,0,1,0,1,3,0,5,1,0,0,2,1,1,0,1,10,0,1,0,2,0,0,1,1,0,1,0,1,3,1,0,0,1,1,0,2,4,0,2,4,1,1,1,1,1,15,2,1,0,0,8,1,3,0,0,0,0,1,0,1,1,0,2,2,0,1,3,0,1,1,2,0,0,1,0,0,0,0,1,1,1,2,2,4,1,2,0,0,1,0,2,2,0,2,0,0,0,3,0,1,0,1,2,1,0,1,0,0,1,2,0,1,0,0,0,2,1,0,0,1,0,2,0,1,0,0,1,3,1,1,1,0,1,0,0,1,1,1,0,0,0,1,0,1,0,0,0,0,1,0,0,0,0,0,2,3,0,5,0,1,0,0,0,3,1,0,0,0,2,0,0,0,1,0,2,1,0,1,0,1,0,0,0,2,0,0,3,1,1,7,2,1,1,0,0,0,0,0,1,0,3,1,0,0,0,0
martov_mirovoy_bolshevizm_NQ.txt_chunk12,martov,4,0,0,0,2,3,0,0,2,41,2,0,0,0,0,0,2,1,0,0,0,0,0,4,0,1,0,0,5,0,1,0,1,0,7,5,1,3,1,2,5,0,0,0,0,41,2,3,2,1,1,8,7,0,2,1,0,1,1,0,2,0,0,2,0,2,0,0,0,0,3,1,0,1,15,1,0,18,0,1,0,1,0,0,0,1,1,3,0,12,0,1,0,1,0,0,3,0,1,2,4,0,0,1,3,0,3,1,0,6,1,0,0,2,0,0,0,2,0,1,1,0,2,5,0,1,0,3,0,6,3,0,3,2,0,0,1,0,0,16,1,2,1,0,3,0,0,0,0,0,2,1,0,3,0,0,7,1,0,1,0,0,0,3,0,0,0,4,2,0,0,0,0,0,0,0,2,1,0,2,3,3,0,0,2,0,1,0,0,0,0,0,0,1,0,0,0,1,1,0,0,0,0,1,0,3,1,0,2,0,3,0,0,0,5,0,2,0,0,0,0,0,0,0,0,1,0,1,0,1,0,0,0,0,1,0,0,0,0,2,0,0,0,0,0,3,0,2,0,1,0,0,0,1,0,0,0,0,2,0,2,0,0,1,0,0,1,0,14,0,1,0,4,1,2,0,0,3,0,0,1,3,1,2,1,0,2,0,0,5,1,5,0,6,1,6,0,1,0,0
martov_mirovoy_bolshevizm_NQ.txt_chunk13,martov,2,0,0,0,2,2,1,1,1,29,1,1,0,0,0,0,0,2,1,2,0,1,0,0,0,0,0,0,7,0,1,0,0,0,8,2,3,1,1,0,4,0,0,1,0,41,0,4,2,3,5,11,10,0,3,0,0,2,0,0,0,0,1,2,0,3,0,0,0,0,0,1,0,1,12,2,0,11,3,0,0,0,1,0,1,0,0,7,0,3,1,1,0,0,0,0,3,0,1,1,5,0,0,0,5,1,0,0,0,8,1,2,2,2,1,0,1,0,2,1,0,0,0,3,0,1,0,0,0,2,1,1,4,0,2,0,0,0,1,2,1,0,1,1,2,2,3,0,0,2,0,0,0,2,0,0,4,1,0,1,0,0,1,0,0,0,0,0,0,0,2,0,0,0,2,0,1,0,2,1,0,0,3,4,1,0,0,1,0,0,0,1,0,0,0,1,1,4,0,0,0,0,0,0,0,1,0,0,0,2,2,0,0,0,0,0,0,1,0,1,7,0,0,0,0,0,0,0,0,0,0,0,0,0,0,1,0,0,2,0,0,0,0,1,0,2,0,0,0,1,0,0,0,0,0,0,0,1,3,0,0,0,7,0,0,0,0,1,2,0,0,0,1,1,0,0,1,2,0,0,1,0,1,5,4,1,0,0,0,3,1,1,0,0,1,0,0,0,0,1
martov_mirovoy_bolshevizm_NQ.txt_chunk14,martov,1,0,0,0,0,3,2,1,4,43,4,0,0,0,0,1,3,0,0,2,0,0,1,3,0,1,0,0,3,0,3,1,0,0,3,4,0,0,5,0,8,0,0,1,0,26,0,3,1,0,2,8,16,1,3,2,1,2,4,1,0,0,0,2,0,4,0,0,0,0,3,0,0,0,5,3,0,1,0,0,0,0,0,0,0,1,0,1,0,9,1,0,1,0,1,1,2,0,4,7,5,0,1,0,2,0,1,0,0,11,0,0,0,3,0,0,1,0,2,0,0,0,0,2,0,0,0,2,0,10,3,2,0,3,1,0,2,2,0,14,0,1,0,1,4,0,0,0,0,0,0,0,0,0,0,0,0,0,2,0,0,0,1,4,0,2,0,2,0,0,3,1,0,0,0,2,1,4,2,2,1,0,0,1,0,0,0,1,0,0,0,0,0,0,0,0,5,0,0,1,2,0,0,0,0,0,0,2,0,3,2,0,0,0,0,0,0,1,0,1,0,0,0,0,0,0,0,0,0,0,0,2,0,0,1,1,0,0,0,0,0,0,1,0,0,3,0,1,0,0,0,2,0,0,0,0,1,0,1,1,0,0,2,1,1,0,0,0,6,0,0,0,0,1,0,0,0,6,0,0,1,1,0,1,1,0,1,0,0,0,1,0,0,1,0,0,0,1,0,0
martov_mirovoy_bolshevizm_NQ.txt_chunk2,martov,0,0,0,0,3,0,5,1,1,47,0,0,0,0,0,0,2,1,0,2,0,0,1,0,0,0,0,0,4,1,0,0,1,1,2,0,0,1,1,4,2,1,0,2,0,45,0,5,3,0,7,8,6,0,1,0,1,0,0,8,0,0,2,1,0,3,0,2,0,0,0,1,0,0,16,1,0,11,1,0,1,0,0,0,0,0,1,5,0,3,0,1,0,1,1,1,0,0,5,1,3,1,0,2,0,3,3,0,1,8,0,0,0,0,1,0,3,2,1,1,0,2,0,0,0,1,0,2,0,4,3,1,4,1,0,0,0,0,2,8,0,2,2,1,2,0,1,1,0,0,1,0,1,5,0,0,0,1,0,3,0,0,0,2,1,1,0,0,0,2,0,1,1,3,4,3,2,1,1,0,2,0,3,9,1,0,1,0,0,1,3,0,0,0,0,0,2,2,3,2,0,0,2,0,0,0,0,1,0,3,0,1,0,1,0,1,0,1,0,3,1,0,0,1,0,0,0,0,1,1,1,2,2,0,0,0,1,0,0,1,1,0,0,0,0,1,0,0,0,2,0,2,0,1,0,0,0,1,0,0,0,0,4,0,0,0,0,0,9,1,1,1,0,0,0,0,0,1,0,0,5,1,1,1,0,0,0,0,0,0,2,0,4,0,5,0,0,0,0,0
martov_mirovoy_bolshevizm_NQ.txt_chunk7,martov,3,0,1,0,0,0,0,2,3,44,2,0,0,0,0,0,1,3,0,1,0,0,0,0,0,1,0,0,5,2,0,1,0,2,2,0,0,0,2,2,4,1,0,0,1,25,0,7,4,1,7,12,9,1,2,2,1,0,1,2,0,0,0,1,0,0,0,0,0,1,1,0,0,0,8,2,1,12,0,0,0,0,4,0,1,0,0,5,0,2,0,2,0,0,0,0,0,2,0,0,7,1,0,0,6,1,2,0,0,10,1,1,1,0,0,0,0,2,1,0,0,0,5,2,0,2,0,1,1,2,2,1,0,2,1,1,1,1,6,10,1,2,1,0,7,2,4,3,1,0,0,0,0,1,1,0,3,0,0,0,2,0,1,1,1,0,0,0,0,0,1,0,0,1,0,2,1,1,4,1,0,0,1,1,0,1,3,1,0,0,0,0,0,3,1,0,1,3,1,0,2,0,0,1,0,1,0,0,0,1,9,1,2,1,0,0,0,0,0,0,0,2,0,1,0,0,0,2,0,0,0,0,0,0,0,1,0,0,0,0,0,0,0,2,0,3,0,0,0,0,0,4,0,0,0,0,1,0,2,0,0,2,2,1,1,0,0,0,7,0,1,2,2,8,0,0,0,1,0,0,0,1,0,10,2,0,0,0,0,7,1,2,0,0,1,2,0,0,0,0
martov_ne_nachalo_li_povorota_I.txt_chunk2,martov,2,0,1,1,3,1,0,1,2,36,0,1,1,0,3,0,1,1,0,0,0,0,0,0,0,0,1,0,7,2,0,0,0,0,5,2,0,2,1,2,2,0,0,5,1,16,1,1,3,1,2,14,3,0,3,2,2,0,1,1,0,0,0,3,1,5,0,0,0,1,3,2,0,0,9,0,1,14,0,1,1,1,1,2,0,0,1,8,0,3,0,0,0,0,0,0,2,0,6,3,6,0,2,0,5,0,7,0,1,17,0,0,3,4,0,0,0,2,1,3,0,2,0,2,0,0,0,4,0,4,2,0,3,1,1,0,1,1,1,8,3,0,2,0,6,2,4,3,0,1,0,1,0,1,0,1,1,0,2,3,0,0,0,0,0,0,2,2,0,1,2,0,0,0,0,2,2,2,1,0,0,0,0,4,1,1,2,0,0,2,2,0,0,6,2,1,2,1,0,0,1,0,0,1,1,0,1,2,1,4,0,0,0,2,1,0,2,0,0,0,1,1,0,0,0,0,0,1,3,2,0,0,1,0,1,0,0,1,0,1,0,0,1,0,0,0,1,2,2,0,0,7,0,0,0,0,1,0,0,0,1,0,0,1,0,1,0,1,3,1,0,0,0,0,1,1,0,1,0,0,1,1,0,0,0,0,0,0,0,0,0,0,0,0,1,0,0,0,1,0
martov_o_terrore_I.txt_chunk1,martov,1,0,0,0,3,4,2,3,1,42,2,8,2,1,1,0,2,3,0,0,1,0,1,0,0,0,2,0,9,2,2,1,1,1,7,0,0,0,0,1,5,0,0,3,0,24,1,2,3,0,0,13,9,0,0,0,2,4,2,4,0,2,2,0,0,0,0,0,0,0,2,0,3,2,13,1,0,14,1,0,0,0,0,0,0,0,0,6,0,10,1,0,0,0,0,0,0,0,3,3,1,1,3,1,6,0,0,0,0,14,0,2,0,1,1,0,0,0,1,0,0,2,2,0,1,1,0,3,0,2,3,2,4,4,1,3,0,2,0,9,0,2,0,0,2,3,2,0,0,0,0,0,0,1,0,0,1,0,0,0,0,1,1,1,1,0,1,2,0,0,0,0,0,5,0,2,0,1,3,1,1,0,8,3,2,1,2,2,1,0,0,4,1,1,1,0,0,0,3,1,5,0,12,1,0,0,3,6,3,7,1,0,0,0,0,0,1,0,0,2,4,4,5,3,4,0,0,2,2,1,0,1,3,0,1,0,0,0,0,2,1,0,0,2,5,1,0,0,0,1,0,1,1,0,0,2,1,0,0,0,0,0,0,0,0,0,1,0,3,0,0,0,0,0,0,2,0,6,0,2,1,1,1,2,3,0,0,0,2,0,2,0,0,0,1,4,0,0,0,0
martov_o_terrore_I.txt_chunk3,martov,3.90625,0,1.3020833333333333,0,7.8125,0,1.3020833333333333,2.6041666666666665,0,29.947916666666668,5.208333333333333,1.3020833333333333,0,0,1.3020833333333333,0,1.3020833333333333,7.8125,0,0,1.3020833333333333,0,0,0,0,2.6041666666666665,6.510416666666667,0,1.3020833333333333,0,1.3020833333333333,0,2.6041666666666665,1.3020833333333333,3.90625,0,0,5.208333333333333,0,0,2.6041666666666665,0,0,13.020833333333334,0,27.34375,0,1.3020833333333333,0,2.6041666666666665,1.3020833333333333,3.90625,5.208333333333333,2.6041666666666665,11.71875,0,0,1.3020833333333333,0,2.6041666666666665,1.3020833333333333,0,0,0,2.6041666666666665,0,0,0,0,1.3020833333333333,1.3020833333333333,1.3020833333333333,0,0,19.53125,1.3020833333333333,1.3020833333333333,9.114583333333334,0,0,0,3.90625,9.114583333333334,0,0,0,0,2.6041666666666665,0,0,1.3020833333333333,0,1.3020833333333333,0,0,0,1.3020833333333333,0,2.6041666666666665,0,5.208333333333333,0,0,1.3020833333333333,1.3020833333333333,2.6041666666666665,3.90625,1.3020833333333333,0,9.114583333333334,0,1.3020833333333333,0,2.6041666666666665,1.3020833333333333,0,0,1.3020833333333333,1.3020833333333333,1.3020833333333333,0,0,1.3020833333333333,1.3020833333333333,0,0,0,0,0,10.416666666666666,0,2.6041666666666665,3.90625,0,0,0,0,1.3020833333333333,1.3020833333333333,15.625,5.208333333333333,0,2.6041666666666665,0,3.90625,1.3020833333333333,0,2.6041666666666665,1.3020833333333333,1.3020833333333333,0,1.3020833333333333,0,1.3020833333333333,0,0,0,1.3020833333333333,0,0,0,0,0,1.3020833333333333,0,0,0,0,0,0,0,0,0,2.6041666666666665,1.3020833333333333,0,1.3020833333333333,0,0,1.3020833333333333,1.3020833333333333,0,2.6041666666666665,2.6041666666666665,5.208333333333333,1.3020833333333333,0,0,0,0,0,5.208333333333333,0,3.90625,2.6041666666666665,1.3020833333333333,0,1.3020833333333333,2.6041666666666665,2.6041666666666665,0,3.90625,11.71875,0,0,0,0,0,0,6.510416666666667,0,1.3020833333333333,0,0,2.6041666666666665,0,0,0,3.90625,2.6041666666666665,1.3020833333333333,0,1.3020833333333333,0,2.6041666666666665,0,0,0,2.6041666666666665,6.510416666666667,0,0,1.3020833333333333,0,0,1.3020833333333333,2.6041666666666665,0,1.3020833333333333,0,0,0,0,0,2.6041666666666665,0,0,0,0,3.90625,3.90625,6.510416666666667,2.6041666666666665,0,0,0,0,0,0,0,0,1.3020833333333333,0,0,0,0,0,0,1.3020833333333333,1.3020833333333333,0,0,0,0,1.3020833333333333,0,1.3020833333333333,3.90625,0,1.3020833333333333,2.6041666666666665,0,0,0,0,0,0,0,1.3020833333333333,0,0,0,0,0,1.3020833333333333,1.3020833333333333,0,0,0,0
martov_polit_partii_v_Rosii.txt_chunk2,martov,6,0,0,0,2,0,3,1,4,28,0,0,1,0,1,1,0,4,1,2,1,1,2,2,0,0,0,0,4,2,1,1,5,2,2,1,0,0,4,2,2,3,0,12,1,46,0,4,3,1,6,4,3,1,0,1,1,1,0,2,0,2,0,3,0,3,0,0,0,0,3,0,0,0,15,0,1,17,0,0,0,0,2,0,0,3,0,7,1,3,0,0,0,0,0,0,1,2,13,0,5,1,1,0,5,1,3,0,1,6,0,2,0,1,1,0,3,0,3,0,0,0,1,5,0,0,0,2,0,4,2,0,2,2,2,1,1,0,0,10,5,0,3,0,2,0,2,2,0,1,0,1,1,2,0,0,0,0,2,0,0,2,3,0,0,1,0,0,2,1,0,0,1,1,1,2,3,2,2,2,0,2,1,0,0,0,0,0,1,2,1,0,0,8,8,0,3,1,0,1,0,0,0,0,0,4,0,0,0,2,4,0,0,2,0,0,4,2,0,0,0,1,1,1,0,0,0,0,1,0,0,0,1,0,1,1,0,0,0,0,0,0,0,0,0,1,0,1,0,0,0,0,0,2,0,0,3,0,1,1,2,4,0,0,0,0,0,0,0,0,1,0,0,5,2,0,1,1,2,1,0,1,0,2,0,0,0,0,0,0,0,0,0,0,0,0,0,0,0,0
martov_polit_partii_v_Rosii.txt_chunk3,martov,2,2,0,0,0,0,1,4,2,24,0,0,0,0,3,0,0,2,3,0,1,0,0,2,0,1,1,0,11,2,4,0,3,1,2,0,0,2,0,1,8,0,0,9,0,51,0,3,2,5,0,2,8,1,7,1,1,0,0,2,0,3,0,1,1,0,0,0,3,0,2,1,0,0,15,2,0,15,0,1,0,1,2,0,0,1,0,13,0,6,2,0,0,0,0,1,0,6,8,1,3,0,1,0,4,0,1,0,0,8,0,0,0,0,1,0,1,1,0,0,0,0,0,6,0,0,0,2,0,5,3,0,4,4,0,2,3,1,0,17,6,1,3,0,1,0,0,0,0,0,0,2,1,1,0,1,0,0,0,1,0,0,0,4,1,0,0,3,2,0,0,0,0,0,1,1,3,0,0,1,3,0,0,0,0,0,0,0,0,2,1,0,0,10,10,0,3,4,2,0,0,0,0,0,0,1,0,0,0,0,0,0,0,0,0,0,4,0,1,2,0,3,1,0,0,0,0,1,0,0,0,0,0,0,0,0,0,0,0,0,1,1,0,0,0,0,0,3,1,0,0,4,1,0,0,0,2,1,0,0,0,2,0,1,0,1,0,1,0,0,0,0,2,7,2,5,1,0,6,5,0,0,0,0,0,0,0,0,0,0,0,0,0,0,0,1,2,2,1,0
martov_polit_partii_v_Rosii.txt_chunk6,martov,6,2,3,3,1,0,0,2,2,29,1,0,0,0,0,0,1,7,1,0,2,1,0,0,0,0,0,0,2,0,4,0,5,1,4,2,1,2,3,3,1,0,0,10,3,42,0,3,5,0,3,5,6,2,2,0,1,1,0,0,2,0,0,3,1,10,0,0,0,0,3,2,0,0,10,2,0,14,0,0,0,0,1,0,1,1,0,6,1,3,1,3,0,0,0,1,0,0,1,1,7,0,0,0,7,0,2,0,0,13,0,2,0,0,0,0,0,1,0,0,0,0,1,3,0,1,0,3,0,6,2,0,3,0,0,0,0,1,0,10,2,1,3,0,1,0,3,0,0,1,0,2,0,3,0,0,0,1,0,1,1,0,1,0,0,1,0,2,0,1,2,1,3,0,1,2,0,1,1,3,0,5,0,0,0,0,0,0,1,3,0,0,0,6,9,2,0,1,0,1,1,0,7,0,0,0,2,1,1,2,0,0,0,1,1,0,0,0,0,5,0,2,0,0,0,0,0,0,3,1,0,3,0,0,0,3,0,0,0,0,0,0,2,0,0,1,1,1,0,0,0,3,0,0,0,0,0,0,0,1,0,0,0,0,1,1,0,1,1,2,0,2,1,0,1,1,0,1,0,0,0,0,0,0,0,0,2,0,3,0,1,0,0,0,0,1,0,0,1,0
martov_polit_partii_v_Rosii.txt_chunk7,martov,4,0,4,2,1,0,0,0,0,36,1,0,0,3,0,0,2,4,1,2,3,0,0,0,0,1,2,0,0,0,0,1,0,2,0,0,0,2,1,2,4,2,0,7,0,40,0,5,1,4,6,9,10,1,1,0,3,0,0,3,1,0,0,0,0,6,0,0,3,0,0,0,0,0,15,0,4,13,0,1,0,1,0,0,0,2,0,10,1,5,0,1,0,0,2,0,0,0,4,1,11,0,1,1,6,0,5,0,0,14,1,0,1,2,2,0,3,0,8,0,0,1,0,4,0,1,0,2,0,5,4,0,2,1,1,1,0,3,0,6,4,1,2,0,2,0,2,1,0,1,0,2,0,2,0,0,0,2,0,0,1,2,1,0,1,0,0,0,0,0,0,0,0,1,1,0,2,1,5,4,0,3,0,0,0,0,0,0,0,1,0,0,0,8,8,1,0,8,0,0,0,0,3,1,0,1,4,3,1,4,1,0,0,2,0,1,2,0,0,0,0,1,0,1,0,1,0,1,3,3,0,0,0,0,0,2,0,0,0,0,0,0,0,0,1,3,0,0,0,0,0,1,0,1,0,0,1,0,0,0,0,1,0,0,0,1,1,1,1,0,0,4,0,1,0,2,0,2,2,0,1,0,1,0,0,0,0,0,2,0,0,0,0,0,1,1,0,0,0,0
martov_polit_partii_v_Rosii.txt_chunk8,martov,7,2,1,0,3,0,1,0,0,29,0,1,0,0,4,0,1,5,1,4,2,1,2,0,0,1,1,0,5,1,0,0,0,2,3,0,1,0,1,0,1,2,4,23,0,43,1,3,5,5,4,7,7,4,1,0,4,0,1,1,0,0,0,0,0,3,0,0,1,0,1,0,0,0,16,1,0,14,0,0,0,0,0,0,1,3,0,6,1,4,1,1,0,1,0,0,0,1,5,0,13,0,0,1,1,1,1,1,0,10,0,2,0,0,2,0,0,4,2,1,0,1,0,1,0,2,2,1,0,10,4,1,5,2,1,1,0,0,0,12,11,2,0,1,0,1,5,0,0,0,0,1,0,1,0,0,0,0,0,0,0,2,0,1,1,2,1,0,0,1,0,0,0,2,1,0,0,0,1,2,0,0,2,0,0,1,2,2,0,1,0,0,0,6,4,1,0,2,1,1,0,0,2,0,0,0,8,2,1,2,0,0,0,0,0,0,2,1,0,1,0,0,0,0,1,0,0,2,2,1,0,1,0,0,0,2,0,0,0,0,2,0,0,0,2,1,0,5,0,0,0,3,0,0,0,1,0,0,0,0,0,15,1,0,1,1,0,0,2,1,1,0,0,1,0,0,0,1,1,1,1,1,0,0,0,0,0,0,0,0,0,0,1,0,0,0,2,0,0,0
martov_polit_partii_v_Rosii.txt_chunk9,martov,0,0,125,0,0,0,0,0,0,125,0,0,0,0,0,0,0,0,0,0,0,0,0,0,0,0,0,0,0,0,0,0,0,0,0,0,0,0,0,0,0,0,0,0,0,0,0,0,0,0,0,0,0,0,0,0,0,0,0,0,0,0,0,0,0,0,0,0,0,0,0,0,0,0,0,0,0,0,0,0,0,0,0,0,0,0,0,0,0,0,0,0,0,0,0,0,125,0,0,0,0,0,0,0,0,0,0,0,0,0,0,0,0,0,0,0,125,0,0,0,0,0,0,0,0,0,0,0,0,0,0,0,0,0,0,0,0,0,0,0,0,0,0,0,0,0,0,0,0,0,0,0,0,0,0,0,0,0,0,0,0,0,0,0,0,0,0,0,0,0,0,0,0,0,0,0,0,0,0,0,0,0,0,0,0,0,0,0,0,0,0,0,0,0,0,0,0,0,0,0,0,0,0,0,0,0,0,0,0,0,0,0,0,0,0,0,0,0,0,0,0,0,0,0,0,0,0,0,0,0,0,0,0,0,0,0,0,0,0,0,0,0,0,0,0,0,0,0,0,0,0,0,0,0,0,0,0,0,0,0,0,0,0,0,0,0,0,0,0,0,0,0,0,0,0,0,0,0,0,0,0,0,0,0,0,0,0,0,0,0,0,0,0,0,0,0,0,0,0,0
martov_probuzhdenie_demokratii_I.txt_chunk1,martov,1,0,2,0,5,0,0,0,1,32,2,1,0,0,1,0,4,1,1,1,0,0,0,0,0,1,0,0,2,1,0,0,0,0,5,0,2,5,0,0,5,0,0,7,1,32,0,6,0,1,1,7,4,2,1,1,2,0,1,1,2,0,3,3,0,3,0,0,0,0,2,1,0,0,12,0,0,8,0,0,0,0,0,2,0,0,0,3,0,5,0,0,0,1,0,1,2,7,0,1,4,0,0,0,8,3,1,0,0,17,1,1,1,3,2,0,1,1,0,1,1,1,0,1,0,0,0,0,0,3,3,2,1,1,1,0,0,2,0,1,3,0,0,1,3,2,0,0,0,0,0,2,0,1,0,0,0,0,2,1,0,0,0,0,4,0,0,0,1,0,0,0,0,1,0,4,0,0,5,1,2,0,0,2,3,0,0,1,0,0,0,1,0,1,0,0,0,3,1,0,0,3,0,0,1,2,0,3,0,3,1,0,0,0,3,1,0,0,0,1,2,0,0,2,0,2,0,0,1,0,1,0,0,0,1,2,0,0,0,0,1,0,0,1,0,1,0,0,0,1,0,1,0,0,0,0,0,0,0,0,0,0,2,0,0,0,1,1,4,0,0,0,1,0,0,1,0,3,0,1,1,1,5,1,0,0,0,0,2,0,2,0,1,0,0,0,0,0,1,0
martov_probuzhdenie_demokratii_I.txt_chunk2,martov,1,0,2,0,6,0,3,0,0,23,4,1,0,1,0,1,3,3,1,1,0,0,0,0,1,1,0,0,5,1,0,0,4,1,2,1,0,2,0,1,0,1,0,3,1,42,1,1,3,4,1,9,3,1,2,0,0,0,0,1,2,0,1,0,1,0,0,0,0,0,1,0,0,0,10,0,0,14,0,0,0,0,1,1,0,0,0,1,1,4,4,1,0,0,0,0,0,0,1,0,6,1,2,4,5,0,1,0,0,12,0,0,1,3,0,0,1,4,0,0,1,1,0,0,2,1,0,1,0,1,4,0,2,2,1,0,0,1,0,13,2,2,1,1,4,1,5,1,1,3,0,2,1,0,1,0,1,2,0,3,0,0,3,2,0,1,0,1,1,1,0,1,2,0,1,1,1,0,3,1,1,0,0,1,6,0,2,1,0,0,2,0,4,1,1,0,0,3,3,0,0,1,1,0,5,1,0,1,0,2,0,1,1,1,0,1,0,0,1,1,0,0,0,0,2,1,0,1,0,0,1,0,0,1,0,0,0,0,0,0,0,1,1,2,1,0,1,0,0,1,1,21,0,1,0,0,1,0,1,2,0,0,0,0,1,0,2,0,3,1,1,0,0,0,1,1,0,5,4,0,0,3,4,0,0,0,0,0,0,0,0,0,0,0,0,4,0,0,0,0
martov_probuzhdenie_demokratii_I.txt_chunk3,martov,4.514672686230248,0,0,0,7.900677200902935,0,0,0,1.128668171557562,32.7313769751693,5.643340857787811,1.128668171557562,1.128668171557562,0,0,0,2.257336343115124,3.386004514672686,3.386004514672686,1.128668171557562,0,0,0,0,0,6.772009029345372,4.514672686230248,0,5.643340857787811,0,1.128668171557562,1.128668171557562,3.386004514672686,1.128668171557562,2.257336343115124,2.257336343115124,0,3.386004514672686,0,0,0,9.029345372460496,0,5.643340857787811,1.128668171557562,27.08803611738149,1.128668171557562,3.386004514672686,3.386004514672686,1.128668171557562,5.643340857787811,6.772009029345372,5.643340857787811,1.128668171557562,0,0,0,0,1.128668171557562,0,0,1.128668171557562,0,1.128668171557562,2.257336343115124,2.257336343115124,0,0,0,0,2.257336343115124,0,1.128668171557562,0,12.415349887133182,0,0,15.80135440180587,0,0,4.514672686230248,1.128668171557562,0,0,0,0,0,6.772009029345372,3.386004514672686,4.514672686230248,1.128668171557562,0,0,0,0,1.128668171557562,0,0,2.257336343115124,3.386004514672686,6.772009029345372,0,1.128668171557562,1.128668171557562,5.643340857787811,0,3.386004514672686,0,0,9.029345372460496,0,0,1.128668171557562,3.386004514672686,0,0,2.257336343115124,0,2.257336343115124,0,0,0,1.128668171557562,0,0,0,0,2.257336343115124,0,3.386004514672686,3.386004514672686,1.128668171557562,11.286681715575622,1.128668171557562,1.128668171557562,0,2.257336343115124,0,0,6.772009029345372,5.643340857787811,0,1.128668171557562,0,2.257336343115124,4.514672686230248,3.386004514672686,0,0,0,0,0,0,2.257336343115124,0,0,0,1.128668171557562,1.128668171557562,3.386004514672686,0,0,1.128668171557562,1.128668171557562,0,0,0,0,0,0,1.128668171557562,1.128668171557562,0,0,0,0,0,1.128668171557562,7.900677200902935,4.514672686230248,0,0,0,1.128668171557562,3.386004514672686,0,3.386004514672686,0,0,0,0,0,4.514672686230248,7.900677200902935,1.128668171557562,1.128668171557562,0,2.257336343115124,3.386004514672686,1.128668171557562,0,1.128668171557562,7.900677200902935,0,1.128668171557562,1.128668171557562,0,2.257336343115124,2.257336343115124,1.128668171557562,0,1.128668171557562,0,1.128668171557562,0,0,0,0,0,2.257336343115124,0,2.257336343115124,0,0,0,0,0,1.128668171557562,1.128668171557562,0,0,0,0,0,0,0,1.128668171557562,1.128668171557562,0,0,0,0,2.257336343115124,1.128668171557562,3.386004514672686,0,0,0,0,2.257336343115124,0,11.286681715575622,4.514672686230248,1.128668171557562,1.128668171557562,0,1.128668171557562,0,1.128668171557562,3.386004514672686,1.128668171557562,0,0,2.257336343115124,0,0,0,0,15.80135440180587,0,0,0,0,0,0,0,0,11.286681715575622,0,0,0,0,1.128668171557562,0,0,0,0,0,4.514672686230248,0,3.386004514672686,0,0,0,0,2.257336343115124,0,0,1.128668171557562,0
martov_slezy_starogo_krokodila_I.txt_chunk1,martov,1,0,0,0,3,1,0,0,2,46,0,0,0,0,1,0,3,1,0,3,0,1,1,1,0,0,0,3,6,0,1,1,0,1,7,1,1,1,1,1,5,1,0,5,0,40,1,8,1,0,7,9,5,0,4,0,0,0,0,0,3,1,0,0,0,0,0,0,0,0,2,0,0,0,12,1,3,11,0,1,0,4,1,1,1,2,1,4,0,8,5,1,0,1,1,1,1,0,3,0,6,1,0,0,6,2,0,1,0,7,0,1,2,1,2,0,2,2,1,2,0,0,0,2,2,0,0,3,0,7,1,0,2,3,0,2,3,0,0,17,4,0,1,0,6,0,1,0,1,0,0,1,2,0,0,0,0,1,0,2,0,1,1,1,0,0,0,0,0,0,0,0,1,0,1,4,4,0,0,1,6,0,1,0,0,0,0,2,0,1,0,0,0,0,0,0,1,3,1,0,0,0,0,1,0,0,0,0,0,1,2,0,1,2,0,0,0,2,0,0,0,0,0,0,0,1,0,1,1,0,0,1,0,1,1,0,2,0,0,0,0,0,0,0,0,0,0,0,0,0,1,1,1,0,3,0,0,0,0,2,0,0,0,0,0,0,0,0,0,0,1,0,0,1,0,0,0,0,2,0,0,0,0,0,0,0,0,0,0,0,0,0,0,0,0,0,0,0,0,0
martov_slezy_starogo_krokodila_I.txt_chunk2,martov,8.333333333333334,0,0,1.1904761904761907,3.571428571428571,1.1904761904761907,0,1.1904761904761907,3.571428571428571,25,1.1904761904761907,0,1.1904761904761907,1.1904761904761907,3.571428571428571,0,0,4.761904761904763,0,1.1904761904761907,2.3809523809523814,1.1904761904761907,2.3809523809523814,2.3809523809523814,2.3809523809523814,1.1904761904761907,1.1904761904761907,0,2.3809523809523814,1.1904761904761907,0,0,1.1904761904761907,0,4.761904761904763,2.3809523809523814,1.1904761904761907,4.761904761904763,1.1904761904761907,0,3.571428571428571,1.1904761904761907,0,4.761904761904763,0,27.38095238095238,0,4.761904761904763,1.1904761904761907,1.1904761904761907,1.1904761904761907,7.142857142857142,10.714285714285714,0,1.1904761904761907,0,0,1.1904761904761907,0,1.1904761904761907,0,0,0,1.1904761904761907,1.1904761904761907,0,0,0,2.3809523809523814,1.1904761904761907,0,1.1904761904761907,0,1.1904761904761907,9.5238095238095255,0,1.1904761904761907,15.476190476190476,0,0,0,1.1904761904761907,0,0,1.1904761904761907,0,2.3809523809523814,7.142857142857142,1.1904761904761907,3.571428571428571,0,0,3.571428571428571,0,0,1.1904761904761907,5.952380952380952,0,1.1904761904761907,0,13.095238095238095,0,2.3809523809523814,1.1904761904761907,2.3809523809523814,3.571428571428571,1.1904761904761907,0,1.1904761904761907,11.904761904761903,0,0,5.952380952380952,2.3809523809523814,0,2.3809523809523814,0,0,1.1904761904761907,1.1904761904761907,0,0,0,3.571428571428571,0,0,1.1904761904761907,0,0,3.571428571428571,0,0,5.952380952380952,0,0,0,1.1904761904761907,3.571428571428571,2.3809523809523814,19.04761904761905,1.1904761904761907,0,0,0,5.952380952380952,1.1904761904761907,0,0,1.1904761904761907,0,0,0,0,1.1904761904761907,0,1.1904761904761907,0,0,2.3809523809523814,0,0,0,0,0,0,1.1904761904761907,0,0,0,0,1.1904761904761907,0,1.1904761904761907,0,0,0,0,1.1904761904761907,4.761904761904763,3.571428571428571,10.714285714285714,0,1.1904761904761907,0,0,1.1904761904761907,0,0,0,1.1904761904761907,0,0,0,1.1904761904761907,0,0,0,3.571428571428571,0,0,0,0,2.3809523809523814,0,0,1.1904761904761907,0,0,0,0,0,0,2.3809523809523814,0,0,0,2.3809523809523814,0,0,2.3809523809523814,0,0,0,0,0,1.1904761904761907,0,1.1904761904761907,0,0,0,0,0,0,0,0,1.1904761904761907,0,2.3809523809523814,0,0,0,0,0,0,0,0,2.3809523809523814,0,1.1904761904761907,1.1904761904761907,7.142857142857142,0,0,0,0,0,0,0,1.1904761904761907,1.1904761904761907,1.1904761904761907,1.1904761904761907,0,0,0,1.1904761904761907,0,0,0,0,0,0,0,0,1.1904761904761907,0,1.1904761904761907,0,0,0,0,2.3809523809523814,0,0,0,0,0,0,0,0,0,0,0,0,0,0,0,0,0
martov_tak_li_my_gotovimsya_I.txt_chunk1,martov,1,0,1,0,7,0,1,4,2,27,1,0,0,0,1,0,3,5,0,1,1,2,0,0,0,0,0,0,5,1,0,0,0,0,11,0,1,0,0,2,0,0,1,5,1,33,0,4,2,0,2,7,1,0,7,0,3,1,0,0,1,0,0,0,0,1,0,0,1,0,2,0,0,0,19,0,1,14,5,0,0,1,0,1,0,0,1,5,1,0,0,0,1,0,0,0,0,0,1,2,3,0,1,6,1,2,1,2,0,11,0,3,3,2,0,0,1,0,2,3,0,1,0,5,0,0,0,2,0,1,0,2,3,1,0,0,2,1,1,4,6,0,1,1,2,1,0,0,0,1,0,0,0,1,0,0,0,0,1,3,0,0,0,1,4,2,0,0,0,2,0,1,0,0,0,2,1,0,1,1,0,0,0,1,0,0,1,0,1,0,0,6,1,0,0,0,1,2,0,1,1,3,3,0,0,0,2,2,0,3,0,0,0,1,1,0,0,1,0,0,5,1,1,2,3,2,2,1,2,0,0,0,2,0,0,1,0,1,0,0,0,0,5,1,0,0,0,0,0,2,0,1,1,0,2,0,0,0,0,0,0,3,3,0,0,1,0,0,0,0,0,0,0,1,0,6,0,5,0,3,6,0,0,1,1,0,0,0,1,0,0,0,0,0,2,0,0,0,4,0
martov_tak_li_my_gotovimsya_I.txt_chunk2,martov,3,2,11,0,10,0,1,2,1,31,4,0,0,0,0,1,3,11,0,0,1,0,1,0,0,4,0,0,11,1,0,2,0,0,8,1,2,3,0,1,4,0,0,1,0,29,0,1,6,1,2,9,4,1,4,0,3,2,1,4,0,0,0,0,3,2,0,0,0,2,4,1,0,0,10,0,0,7,2,0,0,0,0,2,1,0,0,1,2,1,1,1,0,0,0,2,0,1,1,6,1,1,1,1,2,3,4,1,0,3,0,0,1,1,2,0,1,1,0,1,0,0,0,2,0,0,1,5,0,4,2,1,2,1,1,1,1,8,0,6,3,2,1,0,4,1,3,1,0,1,0,0,0,1,0,0,2,1,0,0,0,0,0,0,3,0,0,1,0,3,0,0,1,1,1,3,0,2,2,6,1,0,1,2,0,0,0,2,0,0,1,6,9,6,0,0,0,0,0,0,0,5,1,0,0,1,0,1,1,3,1,0,0,0,0,0,0,0,0,3,1,0,1,0,2,3,0,4,0,1,1,0,1,0,1,1,0,0,0,0,0,0,1,0,1,0,0,0,0,2,0,10,4,1,1,0,1,0,1,5,0,0,0,1,1,0,0,0,2,0,0,0,0,0,0,3,1,5,0,1,1,0,0,2,1,0,1,0,0,0,0,0,1,0,3,0,0,0,1,0
martov_voyna_i_ross_dem.txt_chunk1,martov,2,0,0,0,7,0,1,1,1,45,3,0,0,0,1,0,3,1,0,2,0,1,1,0,0,1,0,0,9,1,1,1,0,1,1,4,1,3,0,3,3,1,0,4,0,39,0,1,2,1,3,6,6,2,3,1,1,1,1,1,2,0,1,1,0,2,0,0,1,0,2,1,0,0,15,1,0,8,0,0,0,0,8,1,0,1,0,2,0,3,0,1,0,1,0,1,0,2,0,1,3,0,0,1,3,0,2,0,3,13,0,0,0,0,1,0,1,0,3,3,1,0,1,3,0,1,0,1,0,6,3,2,1,3,0,0,0,0,0,1,1,3,1,1,1,1,5,0,1,1,2,0,0,1,1,1,0,1,0,0,0,0,0,2,1,0,1,0,0,0,0,2,0,0,3,3,0,0,2,1,1,0,0,1,2,1,1,2,0,0,0,1,0,0,0,0,1,0,1,0,8,0,0,2,0,0,2,1,1,3,2,0,0,1,0,0,0,2,0,0,0,9,2,0,1,2,0,0,2,0,0,0,2,1,0,0,0,0,0,1,1,0,1,0,0,2,0,0,1,0,0,2,0,0,2,1,0,0,1,0,0,1,1,0,0,0,1,0,1,0,0,1,5,4,0,0,0,1,0,0,1,0,2,0,0,0,0,0,1,0,1,0,3,0,2,0,3,2,0,0
martov_voyna_i_ross_dem.txt_chunk2,martov,3,0,0,0,2,4,1,1,0,44,1,1,0,0,0,0,3,3,0,0,0,0,0,0,0,1,1,0,12,0,2,1,0,0,4,6,1,2,2,1,2,1,0,3,0,46,0,2,2,0,1,12,3,2,1,0,0,0,1,3,0,0,0,1,0,2,0,0,0,0,1,0,0,0,16,0,0,9,1,0,0,1,0,0,1,0,0,4,0,2,0,0,0,0,0,1,1,1,1,0,5,0,0,1,2,0,1,0,0,7,0,0,1,0,1,0,0,1,0,2,0,0,0,0,0,1,0,3,0,7,3,1,2,2,0,0,1,0,1,3,4,2,0,0,0,2,3,0,0,0,0,0,0,2,0,0,0,0,0,1,0,0,0,1,0,0,0,0,0,1,0,0,0,0,3,1,3,0,1,1,0,0,0,2,3,1,2,1,0,0,1,0,1,0,0,0,0,1,3,0,2,1,0,2,0,0,0,0,1,2,2,0,0,0,0,0,0,0,0,0,0,10,1,1,2,0,0,0,0,0,0,0,1,0,0,2,0,0,0,2,0,0,0,0,0,2,0,0,0,4,0,5,0,0,1,0,1,1,0,0,0,0,3,0,0,0,0,0,1,0,1,0,5,1,0,0,0,0,0,0,0,1,2,3,0,0,0,0,0,0,1,1,2,0,1,0,5,0,0,0
martov_voyna_i_ross_dem.txt_chunk5,martov,5,0,6,1,5,1,0,0,3,22,5,0,0,0,0,0,0,2,1,1,1,1,0,0,0,3,0,0,4,0,3,0,1,1,0,3,0,2,1,2,4,0,0,9,1,39,0,6,5,1,2,9,8,2,0,0,0,1,1,2,1,1,0,1,0,1,0,0,0,2,8,0,0,0,13,0,1,23,0,0,0,0,6,0,1,0,0,2,0,1,0,3,0,0,0,0,0,6,0,1,9,0,0,3,2,1,2,0,0,11,0,0,0,0,0,0,1,0,1,3,0,3,0,0,1,0,0,2,0,3,2,0,0,1,0,0,1,0,2,15,1,2,0,1,6,3,2,0,0,0,0,0,1,2,0,0,0,0,0,5,0,0,1,0,5,1,1,0,0,0,0,2,0,1,1,1,1,2,2,1,0,0,1,1,3,0,1,3,0,0,0,0,0,1,0,1,0,3,0,0,0,1,6,0,0,0,0,3,1,2,0,1,0,3,1,0,4,0,0,0,2,2,0,0,0,1,3,1,1,0,0,0,0,0,1,0,0,0,0,0,0,1,0,0,0,1,0,0,1,0,0,3,0,0,0,0,1,0,2,1,0,1,1,0,0,1,0,1,3,0,0,0,1,1,0,2,0,0,0,2,3,1,0,4,2,0,0,0,5,0,0,0,6,0,5,0,0,0,0,0
martov_voyna_i_ross_dem.txt_chunk8,martov,1.2919896640826873,0,1.2919896640826873,0,5.167958656330749,0,0,0,5.167958656330749,36.17571059431524,3.875968992248062,2.5839793281653747,1.2919896640826873,0,0,0,1.2919896640826873,1.2919896640826873,1.2919896640826873,1.2919896640826873,0,0,0,0,0,2.5839793281653747,1.2919896640826873,0,2.5839793281653747,2.5839793281653747,5.167958656330749,2.5839793281653747,0,1.2919896640826873,3.875968992248062,7.751937984496124,3.875968992248062,3.875968992248062,0,0,3.875968992248062,1.2919896640826873,0,6.459948320413436,3.875968992248062,31.007751937984494,0,7.751937984496124,5.167958656330749,0,5.167958656330749,6.459948320413436,7.751937984496124,2.5839793281653747,0,2.5839793281653747,1.2919896640826873,0,0,2.5839793281653747,0,0,0,2.5839793281653747,0,0,0,0,0,0,2.5839793281653747,2.5839793281653747,1.2919896640826873,0,12.919896640826872,1.2919896640826873,0,12.919896640826872,1.2919896640826873,0,0,0,2.5839793281653747,0,0,2.5839793281653747,0,5.167958656330749,0,1.2919896640826873,1.2919896640826873,0,0,0,0,0,3.875968992248062,5.167958656330749,0,5.167958656330749,6.459948320413436,1.2919896640826873,0,0,1.2919896640826873,12.919896640826872,2.5839793281653747,0,3.875968992248062,6.459948320413436,1.2919896640826873,0,0,1.2919896640826873,5.167958656330749,0,1.2919896640826873,3.875968992248062,1.2919896640826873,5.167958656330749,0,0,1.2919896640826873,0,1.2919896640826873,0,0,2.5839793281653747,0,1.2919896640826873,1.2919896640826873,2.5839793281653747,2.5839793281653747,1.2919896640826873,1.2919896640826873,0,2.5839793281653747,0,0,7.751937984496124,2.5839793281653747,0,0,2.5839793281653747,5.167958656330749,2.5839793281653747,0,1.2919896640826873,1.2919896640826873,0,0,0,1.2919896640826873,2.5839793281653747,0,0,0,0,0,1.2919896640826873,0,0,0,1.2919896640826873,2.5839793281653747,0,0,1.2919896640826873,0,0,0,0,0,0,2.5839793281653747,0,2.5839793281653747,1.2919896640826873,0,1.2919896640826873,1.2919896640826873,1.2919896640826873,10.335917312661499,3.875968992248062,10.335917312661499,0,2.5839793281653747,0,0,0,0,1.2919896640826873,0,0,0,0,0,2.5839793281653747,2.5839793281653747,0,0,2.5839793281653747,0,0,0,2.5839793281653747,1.2919896640826873,0,0,5.167958656330749,0,0,0,0,1.2919896640826873,1.2919896640826873,0,1.2919896640826873,1.2919896640826873,2.5839793281653747,0,3.875968992248062,1.2919896640826873,0,7.751937984496124,1.2919896640826873,0,0,1.2919896640826873,0,0,0,0,0,0,1.2919896640826873,0,0,0,0,0,0,0,0,0,0,0,0,1.2919896640826873,1.2919896640826873,0,3.875968992248062,0,0,0,0,0,0,0,0,0,1.2919896640826873,0,1.2919896640826873,0,0,0,1.2919896640826873,0,1.2919896640826873,0,0,0,0,0,0,0,1.2919896640826873,0,0,1.2919896640826873,0,1.2919896640826873,0,0,0,0,0,5.167958656330749,0,0,0,2.5839793281653747,1.2919896640826873,2.5839793281653747,0,0,0,0,0
ortodox_eshe1_kritik_Marxa.txt_chunk1,ortodox,4,2,0,0,3,0,0,1,1,30,1,0,0,0,0,1,1,2,0,1,1,0,1,3,0,0,1,0,1,0,0,0,1,0,11,1,2,0,2,3,6,0,0,0,0,26,0,6,2,0,0,7,16,3,0,0,1,1,0,0,0,0,0,0,0,0,0,0,0,1,0,1,1,3,4,2,0,15,0,0,1,2,1,1,1,0,1,1,0,1,0,1,1,0,2,1,8,0,0,0,4,0,0,0,4,1,1,1,0,11,0,0,1,2,1,1,1,2,1,0,0,1,1,6,1,1,0,1,1,3,2,1,2,3,0,2,0,2,1,12,0,1,0,1,1,3,4,0,0,2,0,0,0,2,0,0,1,0,0,0,0,0,0,0,0,0,1,0,0,0,2,0,0,0,1,1,1,0,0,0,0,12,0,0,1,1,0,2,2,0,0,0,0,0,0,1,0,3,0,0,0,0,0,1,0,4,0,1,2,0,0,0,0,0,0,3,0,0,0,0,0,0,0,0,1,1,0,1,0,2,1,0,2,0,0,0,0,0,0,0,0,0,1,1,0,3,2,0,1,1,1,1,1,2,0,1,0,1,0,0,0,1,0,0,1,0,1,0,1,0,0,1,1,0,0,0,0,0,6,0,0,0,0,1,1,0,6,0,0,0,0,0,0,3,0,0,0,1,0,0
ortodox_eshe1_kritik_Marxa.txt_chunk2,ortodox,3,0,0,0,6,1,1,6,1,20,5,3,1,1,0,2,0,3,0,1,1,2,0,1,0,0,0,0,6,0,1,0,2,0,5,3,4,4,2,0,5,1,0,3,0,31,0,2,6,1,1,8,9,1,1,1,1,1,0,3,0,1,0,0,0,4,0,0,0,1,1,0,1,1,12,0,1,20,1,0,1,1,3,0,1,1,1,7,0,8,0,2,0,0,0,0,9,2,0,0,3,0,3,1,4,1,0,1,0,5,0,1,0,0,0,2,0,2,0,1,1,0,2,3,0,2,1,2,3,4,1,0,0,5,0,0,0,2,0,13,2,1,1,2,10,2,1,0,1,1,0,0,0,0,0,3,2,3,0,6,0,0,1,0,0,0,0,1,0,0,0,0,0,0,0,1,1,3,0,0,2,10,0,0,0,0,0,1,0,1,0,0,0,0,0,0,0,3,0,0,0,0,0,1,0,2,0,0,0,0,0,0,0,1,0,4,0,0,0,0,1,0,0,0,0,1,0,1,0,0,2,0,8,0,0,1,1,1,1,0,0,0,0,0,0,1,0,0,0,1,0,4,1,2,0,0,0,0,0,2,1,0,0,1,0,0,0,0,0,0,1,0,1,0,0,0,0,0,0,0,0,0,0,1,0,0,5,0,0,0,1,0,0,2,0,0,0,0,0,0
ortodox_merged__Marxa.txt_eyam_I.txt_Bovu_I.txt,ortodox,7.366482504604051,0,3.6832412523020257,0,5.524861878453039,0,3.6832412523020257,3.6832412523020257,0,34.99079189686925,0,0,0,0,1.8416206261510129,0,0,5.524861878453039,0,0,0,0,1.8416206261510129,1.8416206261510129,1.8416206261510129,0,0,0,1.8416206261510129,0,0,0,0,0,1.8416206261510129,3.6832412523020257,0,3.6832412523020257,3.6832412523020257,0,5.524861878453039,1.8416206261510129,0,5.524861878453039,0,33.14917127071823,0,3.6832412523020257,0,3.6832412523020257,3.6832412523020257,11.049723756906078,25.78268876611418,0,5.524861878453039,0,0,0,0,0,3.6832412523020257,0,0,0,0,1.8416206261510129,0,0,0,1.8416206261510129,3.6832412523020257,1.8416206261510129,0,0,9.208103130755065,0,0,7.366482504604051,0,0,0,1.8416206261510129,5.524861878453039,0,0,0,1.8416206261510129,3.6832412523020257,1.8416206261510129,9.208103130755065,3.6832412523020257,1.8416206261510129,0,0,0,0,1.8416206261510129,0,0,0,3.6832412523020257,0,0,0,5.524861878453039,0,0,1.8416206261510129,0,5.524861878453039,0,1.8416206261510129,1.8416206261510129,1.8416206261510129,0,1.8416206261510129,0,3.6832412523020257,0,0,0,0,3.6832412523020257,7.366482504604051,0,0,0,0,0,7.366482504604051,3.6832412523020257,0,5.524861878453039,3.6832412523020257,0,1.8416206261510129,0,3.6832412523020257,0,29.465930018416206,0,0,0,0,3.6832412523020257,3.6832412523020257,1.8416206261510129,1.8416206261510129,0,0,0,0,0,0,0,0,3.6832412523020257,0,0,0,0,0,0,0,1.8416206261510129,0,1.8416206261510129,1.8416206261510129,0,0,0,0,1.8416206261510129,1.8416206261510129,0,0,0,5.524861878453039,3.6832412523020257,0,0,0,0,0,0,3.6832412523020257,0,0,0,1.8416206261510129,0,0,1.8416206261510129,0,0,0,0,1.8416206261510129,0,0,0,0,1.8416206261510129,1.8416206261510129,0,0,0,1.8416206261510129,0,0,0,0,0,3.6832412523020257,0,3.6832412523020257,0,0,0,0,0,0,0,0,0,1.8416206261510129,0,0,0,1.8416206261510129,3.6832412523020257,0,1.8416206261510129,0,0,0,0,1.8416206261510129,0,0,0,0,0,0,0,5.524861878453039,0,0,0,1.8416206261510129,0,18.41620626151013,1.8416206261510129,0,0,0,0,0,0,1.8416206261510129,0,3.6832412523020257,0,0,0,0,0,0,0,0,1.8416206261510129,0,0,0,0,0,0,0,0,0,0,0,0,0,0,0,0,12.89134438305709,0,0,1.8416206261510129,0,0,0,0,0,0,0,0,0
ortodox_pismo_evreya_k_evreyam_I.txt_chunk1,ortodox,6,0,1,1,4,0,1,1,3,14,2,4,1,2,0,2,0,3,0,0,0,1,0,0,0,0,4,0,10,5,0,2,0,2,2,3,0,5,0,1,3,0,0,4,0,40,0,5,5,1,2,5,11,0,2,1,1,0,1,3,3,0,0,0,1,3,2,1,0,1,2,2,0,1,15,0,0,17,0,0,0,0,3,1,0,0,0,7,0,2,1,0,0,1,0,2,5,0,2,3,4,0,1,1,3,0,1,0,0,11,0,4,1,1,0,0,0,4,4,0,0,0,4,3,0,0,0,0,0,6,4,2,4,4,3,1,2,0,0,22,3,0,1,1,5,1,2,0,2,0,4,0,0,0,1,1,1,1,0,2,0,0,0,0,0,0,0,2,0,0,0,2,1,3,1,0,0,1,4,1,0,1,1,0,0,1,0,1,0,0,0,0,1,1,0,0,0,1,1,0,1,0,1,0,0,0,0,0,0,1,0,0,0,1,0,4,1,0,0,0,0,0,0,0,0,0,1,2,0,1,3,0,0,0,1,0,0,0,0,1,0,0,1,1,1,0,0,0,1,2,0,5,1,0,0,0,0,0,0,0,0,0,0,0,0,2,0,0,1,2,1,0,0,0,0,0,0,1,0,0,0,0,0,0,0,0,0,0,0,0,0,0,0,0,0,0,0,0,0,0
ortodox_pismo_evreya_k_evreyam_I.txt_chunk2,ortodox,4,0,3,0,11,0,2,1,3,28,0,3,4,1,0,2,1,4,0,0,2,0,0,0,0,0,1,0,6,2,0,0,0,2,4,1,0,5,2,0,6,1,0,0,0,33,1,2,1,1,2,10,10,1,3,1,2,1,0,2,0,0,0,0,0,3,0,2,0,0,7,1,0,0,20,0,0,9,1,0,1,1,3,0,0,0,0,7,0,3,0,3,0,1,1,2,7,3,0,4,2,1,1,0,3,1,1,0,0,10,0,1,1,1,0,1,0,3,0,3,0,0,0,0,0,2,1,3,0,5,3,2,8,5,1,1,5,2,0,14,3,1,0,1,3,4,1,0,0,0,0,0,0,1,0,0,0,0,0,0,0,0,0,0,0,1,0,1,0,0,0,1,0,1,0,0,0,2,4,0,0,0,2,0,0,2,1,2,0,0,0,0,1,1,0,0,1,1,1,0,1,1,8,1,0,1,0,0,0,1,0,1,0,0,2,4,0,0,0,2,1,1,0,0,0,1,0,0,0,2,3,0,6,0,2,2,0,0,1,0,1,1,1,0,0,1,0,0,2,0,0,1,0,1,0,0,0,1,0,0,0,0,0,0,0,1,1,0,5,0,2,0,0,0,0,1,1,0,0,0,3,0,1,0,1,0,3,0,0,0,1,0,0,0,2,2,0,2,0,0
ortodox_v_otvet_Bovu_I.txt_chunk1,ortodox,2,0,0,0,8,0,1,2,1,24,5,1,0,0,0,0,1,2,0,0,0,1,0,1,0,1,1,0,3,4,0,1,2,0,2,0,1,6,0,1,2,0,0,3,1,44,0,4,0,2,3,9,6,0,3,1,1,0,1,2,0,0,0,0,1,4,0,0,0,1,1,3,0,1,20,1,0,15,1,0,2,1,2,1,0,0,0,6,0,4,0,4,0,0,0,2,3,3,2,0,2,0,7,0,4,1,0,0,0,9,0,0,0,2,0,1,0,3,2,2,1,0,3,5,0,0,0,1,0,12,3,1,4,3,0,2,2,0,0,17,3,0,1,1,5,5,2,0,0,1,0,0,0,1,1,1,4,1,0,1,0,0,1,3,1,0,0,4,2,1,0,0,1,1,0,0,1,1,0,0,0,1,0,0,1,1,0,1,0,0,0,0,4,2,1,0,0,4,0,0,0,1,9,1,0,1,1,0,0,2,0,0,0,4,1,4,5,0,0,0,0,1,0,0,0,2,0,0,0,0,3,0,2,0,1,0,0,0,0,0,0,0,1,0,0,1,2,1,4,1,0,6,1,0,0,0,0,0,0,1,0,0,0,0,0,2,0,0,0,0,0,0,0,0,4,0,0,1,2,0,0,0,1,0,0,0,0,1,1,0,0,0,0,0,0,0,0,0,0,0
ortodox_v_otvet_Bovu_I.txt_chunk2,ortodox,2,0,0,0,5,1,1,1,1,27,2,3,0,2,0,1,0,2,0,1,0,0,2,4,0,1,1,0,4,0,0,0,0,0,1,2,0,5,1,0,6,0,0,1,0,50,0,0,2,0,3,13,7,1,4,0,0,2,0,0,1,0,0,2,0,1,0,0,0,0,2,1,0,3,18,0,0,15,1,1,0,1,2,0,0,2,0,3,0,3,2,2,0,0,0,3,2,5,2,2,3,2,0,0,1,0,2,1,0,17,0,1,1,1,1,1,0,4,0,1,3,0,1,5,1,0,0,0,0,9,4,2,7,5,0,0,1,2,0,12,4,1,1,3,2,0,0,6,1,0,0,1,0,1,0,3,1,0,0,1,0,0,0,0,2,0,0,3,0,0,1,1,0,0,5,1,0,3,1,1,0,0,1,0,0,0,0,0,0,0,0,0,0,1,1,2,0,3,0,0,1,1,9,1,0,0,0,0,2,0,0,0,0,0,0,4,1,1,0,0,1,0,0,0,0,0,1,0,1,1,0,0,1,0,0,0,0,0,0,0,0,1,0,1,0,0,0,1,1,0,0,2,0,0,0,0,0,1,0,2,0,0,0,1,0,0,1,2,3,0,2,0,2,0,1,0,0,1,0,0,1,1,0,0,1,0,0,7,8,0,0,0,0,0,0,5,0,5,0,0
ortodox_v_otvet_Bovu_I.txt_chunk3,ortodox,4,0,1,0,2,0,0,0,2,30,2,1,0,0,2,1,0,2,0,0,2,0,1,1,1,0,1,2,5,1,0,2,0,1,3,2,2,1,2,0,5,1,0,2,1,42,1,1,0,0,1,6,8,0,3,2,0,0,0,6,2,2,1,1,0,4,0,0,0,0,5,2,0,1,10,2,0,22,0,0,1,0,0,1,0,1,0,11,0,2,2,3,0,0,0,1,6,1,0,0,2,1,0,0,2,2,1,0,0,15,0,1,4,1,1,1,2,2,0,0,1,0,2,1,1,1,1,4,0,2,4,0,1,2,2,4,1,4,0,13,2,0,2,1,1,1,1,1,0,0,0,1,0,1,1,0,1,0,0,0,1,0,2,1,1,1,1,1,0,0,0,0,0,3,4,0,1,2,5,0,0,0,1,0,0,1,0,4,1,0,0,0,1,0,0,0,0,1,0,0,1,0,3,2,0,0,0,1,0,0,0,0,0,1,1,6,0,0,0,0,0,0,0,0,1,2,2,1,0,2,4,0,1,1,0,2,0,1,0,0,0,0,2,0,0,0,0,0,0,4,1,6,1,0,0,0,0,0,1,1,0,0,0,0,0,2,0,0,4,0,0,0,0,0,0,0,0,1,0,0,0,0,1,0,0,0,0,5,0,0,0,0,0,0,0,1,0,0,0,0
parvus_bez_tsarya_pravitelstvo_rabochee.txt_chunk1,parvus,12.064343163538874,0,13.404825737265416,1.3404825737265416,0,0,0,1.3404825737265416,0,10.723860589812332,0,0,0,0,0,0,0,8.04289544235925,1.3404825737265416,1.3404825737265416,0,0,0,0,0,0,0,0,2.680965147453083,8.04289544235925,0,0,0,1.3404825737265416,8.04289544235925,1.3404825737265416,8.04289544235925,5.361930294906166,0,2.680965147453083,1.3404825737265416,0,0,12.064343163538874,0,34.852546916890084,1.3404825737265416,4.021447721179625,2.680965147453083,2.680965147453083,1.3404825737265416,5.361930294906166,6.702412868632708,2.680965147453083,5.361930294906166,0,2.680965147453083,0,0,1.3404825737265416,0,0,0,0,1.3404825737265416,0,0,0,0,2.680965147453083,0,0,0,0,6.702412868632708,0,1.3404825737265416,22.78820375335121,2.680965147453083,0,0,1.3404825737265416,2.680965147453083,0,0,2.680965147453083,0,8.04289544235925,4.021447721179625,4.021447721179625,0,0,2.680965147453083,1.3404825737265416,0,0,6.702412868632708,0,2.680965147453083,0,9.383378016085791,0,0,0,2.680965147453083,2.680965147453083,1.3404825737265416,1.3404825737265416,0,12.064343163538874,0,1.3404825737265416,0,4.021447721179625,1.3404825737265416,0,2.680965147453083,2.680965147453083,1.3404825737265416,1.3404825737265416,0,0,0,1.3404825737265416,0,0,0,1.3404825737265416,0,5.361930294906166,0,1.3404825737265416,9.383378016085791,1.3404825737265416,0,0,8.04289544235925,2.680965147453083,0,9.383378016085791,2.680965147453083,0,0,1.3404825737265416,2.680965147453083,0,1.3404825737265416,0,0,1.3404825737265416,0,1.3404825737265416,0,0,0,0,0,0,0,0,0,0,0,0,1.3404825737265416,0,0,0,1.3404825737265416,0,0,0,0,0,0,1.3404825737265416,1.3404825737265416,0,0,2.680965147453083,0,0,0,0,0,0,4.021447721179625,0,0,0,0,0,0,0,0,0,1.3404825737265416,4.021447721179625,4.021447721179625,6.702412868632708,0,0,0,0,0,1.3404825737265416,0,2.680965147453083,1.3404825737265416,0,2.680965147453083,1.3404825737265416,0,2.680965147453083,0,0,8.04289544235925,0,10.723860589812332,4.021447721179625,1.3404825737265416,1.3404825737265416,0,1.3404825737265416,0,0,2.680965147453083,0,5.361930294906166,2.680965147453083,0,0,1.3404825737265416,1.3404825737265416,0,2.680965147453083,4.021447721179625,0,0,0,0,0,0,0,0,1.3404825737265416,0,0,0,0,0,0,1.3404825737265416,1.3404825737265416,0,1.3404825737265416,0,0,0,0,0,5.361930294906166,0,0,0,10.723860589812332,0,0,0,1.3404825737265416,0,0,1.3404825737265416,4.021447721179625,6.702412868632708,12.064343163538874,0,2.680965147453083,1.3404825737265416,1.3404825737265416,0,5.361930294906166,1.3404825737265416,2.680965147453083,0,2.680965147453083,0,0,0,0,0,0,0,0,1.3404825737265416,0,0,0,0,0
parvus_borba_protiv_tsarizma.txt_chunk1,parvus,2,1,9,0,6,0,0,1,5,36,0,1,0,0,1,0,4,2,0,3,0,0,0,0,0,0,0,0,6,1,0,2,1,2,1,2,1,4,0,5,4,1,0,1,1,34,0,3,4,6,1,9,13,1,0,2,2,0,2,4,1,1,1,0,0,4,0,0,1,1,6,1,0,0,14,0,0,10,1,0,0,1,1,1,0,1,0,6,1,1,0,2,2,1,0,0,7,5,1,0,3,0,0,1,2,1,3,0,0,2,0,3,0,2,1,1,0,0,7,3,1,0,0,3,2,0,0,5,0,7,0,1,5,1,0,0,1,2,0,5,3,1,0,2,3,2,6,0,0,2,3,3,0,2,0,1,0,2,2,1,0,0,0,0,0,0,1,2,1,0,0,0,1,0,1,3,0,0,2,0,0,0,0,0,4,1,1,2,0,0,0,1,1,1,0,2,0,5,0,1,1,0,0,2,0,0,3,2,0,1,3,2,0,2,0,0,0,3,0,2,0,5,2,0,1,3,3,0,1,1,0,1,0,1,0,0,1,0,0,1,0,0,0,0,0,0,1,0,1,1,0,7,1,0,0,0,0,0,0,1,0,1,0,2,1,0,0,2,2,0,0,0,1,1,1,2,0,1,0,1,0,0,1,1,0,2,1,0,0,0,2,0,3,0,3,1,0,4,0,0
parvus_do_9_january_predislovie.txt_chunk1,parvus,5,2,0,0,1,1,2,4,0,40,1,0,0,0,0,0,1,3,0,1,1,0,1,0,0,1,0,0,2,0,0,0,0,2,0,1,1,0,2,6,2,1,0,4,0,38,0,5,1,0,11,12,3,1,1,0,2,2,0,1,2,0,0,1,0,2,0,0,0,2,1,0,0,2,12,0,1,11,0,0,0,1,0,0,2,1,0,4,1,1,0,1,0,0,0,0,3,1,3,0,1,1,1,2,6,2,4,0,0,12,2,2,1,1,0,2,0,2,2,0,0,0,0,2,0,1,0,4,0,4,1,0,3,0,1,0,0,6,0,7,0,1,2,1,4,1,2,1,0,1,0,4,0,3,1,0,1,0,0,0,2,0,0,2,2,0,0,1,0,1,0,0,1,0,2,1,0,0,5,0,0,0,0,0,2,0,0,2,0,0,0,2,0,3,0,1,0,1,0,0,6,3,2,0,0,0,0,4,0,1,1,1,1,2,1,0,0,0,0,1,4,16,0,1,1,0,1,0,1,0,0,1,0,0,2,1,0,0,0,0,0,0,0,1,0,2,1,0,0,1,0,0,0,0,0,0,1,1,4,0,1,0,0,0,1,0,1,0,2,1,1,0,4,1,0,0,1,2,0,1,1,4,3,1,1,6,0,0,1,0,2,0,0,0,0,0,0,1,0,0
parvus_do_9_january_predislovie.txt_chunk2,parvus,5,2,3,0,0,3,0,0,3,23,7,0,1,0,0,0,2,6,1,2,0,1,0,0,0,0,1,0,3,1,3,1,4,4,6,4,0,4,0,3,4,0,1,6,2,29,1,0,3,0,3,7,5,0,0,0,2,1,0,2,0,0,0,0,0,0,0,0,0,0,3,1,0,0,10,0,0,21,2,0,1,0,3,0,1,0,0,11,3,5,1,0,0,2,0,0,8,4,2,4,5,0,2,1,1,2,3,0,0,10,0,0,0,6,0,2,1,3,0,1,1,0,1,2,0,1,0,2,0,5,1,1,6,3,0,1,0,3,0,9,5,1,0,3,7,0,1,2,1,2,1,0,0,5,0,0,1,0,1,1,0,0,1,3,1,1,0,0,1,2,1,0,0,0,1,3,1,0,1,4,0,0,0,2,3,0,0,1,0,0,0,0,0,2,0,1,4,4,1,0,3,1,4,2,0,0,3,0,1,4,0,3,0,0,1,0,1,1,1,0,7,4,1,4,2,2,4,0,1,0,0,0,0,0,0,1,0,0,0,0,0,0,0,0,0,0,0,1,1,2,0,7,1,0,0,2,0,0,1,2,0,0,1,0,0,1,0,0,10,0,1,1,2,1,0,1,0,7,1,1,0,8,2,11,8,1,0,0,2,0,3,0,0,0,0,7,0,2,0,0
parvus_itogi_i_perspektivy_I.txt_chunk2,parvus,6,1,7,1,8,2,3,8,1,23,3,0,0,0,2,0,1,15,0,1,1,0,1,0,1,0,0,0,0,0,3,1,0,0,1,2,1,4,0,6,5,0,0,10,0,35,1,2,1,0,1,9,4,1,1,0,2,0,0,1,0,0,1,0,1,0,0,0,1,1,0,0,0,0,15,0,0,18,0,0,0,4,0,0,0,0,0,8,0,1,0,2,1,0,0,1,1,2,7,2,0,0,1,1,8,0,1,2,0,18,0,3,0,1,1,1,0,1,1,1,0,1,0,2,1,2,0,2,0,4,1,0,6,0,0,0,1,0,0,7,1,1,0,1,7,2,2,0,0,0,0,0,0,3,0,0,0,0,0,1,0,0,0,0,5,0,0,1,0,1,1,0,0,1,0,5,0,0,3,0,0,0,4,1,1,1,1,1,0,0,2,2,0,0,1,2,1,2,0,10,0,1,0,3,0,0,2,2,0,2,0,2,1,3,0,0,4,0,1,6,3,5,1,0,0,2,0,0,3,0,0,0,0,3,1,3,0,0,1,0,0,0,2,0,0,0,1,1,0,0,0,1,0,0,0,0,1,0,5,0,0,0,0,0,0,5,0,1,0,0,3,0,0,1,1,4,0,2,1,2,3,1,1,2,0,0,0,0,0,0,1,0,0,0,2,1,0,0,0,0
parvus_ministerstvo_Briana_France.txt_chunk1,parvus,6,2,0,0,1,4,3,7,2,45,9,0,1,0,1,0,3,2,0,3,0,0,2,0,0,1,0,0,1,0,0,1,0,1,6,1,0,3,0,4,5,0,0,4,1,32,0,0,1,0,5,6,5,0,1,0,1,0,0,0,1,0,3,0,1,1,0,0,0,1,1,0,0,0,9,1,0,19,0,0,3,1,0,0,1,1,1,9,2,1,0,2,0,0,0,0,3,4,3,0,2,0,2,2,1,0,4,1,0,11,1,1,4,0,1,1,0,0,0,1,0,0,0,5,1,2,1,1,0,7,1,1,2,3,1,1,4,3,0,11,7,0,0,0,5,1,1,2,0,0,0,1,0,0,0,0,0,0,1,1,0,0,1,0,1,0,0,2,0,0,1,1,0,1,0,2,0,1,6,0,0,0,1,0,0,0,0,0,1,0,0,0,0,1,0,0,0,1,0,4,1,1,0,0,0,0,1,0,2,1,1,0,0,2,0,2,0,1,2,6,0,0,0,1,1,0,1,1,5,0,2,0,2,0,1,0,0,1,0,0,0,2,0,0,0,0,2,1,1,0,0,1,1,0,0,0,0,0,1,1,0,2,0,1,0,0,0,0,5,3,0,0,9,0,1,0,2,1,0,1,5,2,3,2,0,0,1,0,0,0,1,0,0,0,2,2,0,3,2,0
parvus_ministerstvo_Briana_France.txt_chunk2,parvus,7.092198581560283,0,0,0,0,0,3.5460992907801416,0,0,28.368794326241133,10.638297872340425,0,0,0,3.5460992907801416,0,3.5460992907801416,0,0,0,0,0,0,0,0,0,0,0,14.184397163120567,0,0,0,0,3.5460992907801416,0,0,0,0,0,3.5460992907801416,7.092198581560283,0,0,14.184397163120567,0,35.46099290780142,3.5460992907801416,3.5460992907801416,0,0,3.5460992907801416,17.73049645390071,14.184397163120567,0,0,0,0,0,0,0,0,0,0,0,0,0,0,0,0,0,7.092198581560283,0,0,0,7.092198581560283,0,0,24.822695035460995,0,3.5460992907801416,3.5460992907801416,0,0,0,0,0,0,10.638297872340425,0,7.092198581560283,0,3.5460992907801416,0,0,0,0,3.5460992907801416,3.5460992907801416,0,0,0,0,0,3.5460992907801416,0,3.5460992907801416,0,0,0,14.184397163120567,0,0,0,3.5460992907801416,3.5460992907801416,0,0,0,3.5460992907801416,0,0,3.5460992907801416,0,0,3.5460992907801416,3.5460992907801416,0,0,0,3.5460992907801416,0,0,3.5460992907801416,3.5460992907801416,0,0,0,0,0,7.092198581560283,7.092198581560283,0,0,0,3.5460992907801416,3.5460992907801416,0,0,0,0,0,0,3.5460992907801416,0,0,0,0,0,0,0,0,0,0,0,0,0,3.5460992907801416,0,0,0,0,0,0,3.5460992907801416,0,7.092198581560283,0,3.5460992907801416,0,3.5460992907801416,0,0,0,3.5460992907801416,3.5460992907801416,0,0,0,0,0,0,0,0,0,0,0,0,0,3.5460992907801416,14.184397163120567,0,0,0,0,0,3.5460992907801416,3.5460992907801416,0,3.5460992907801416,3.5460992907801416,0,0,0,0,0,0,0,0,0,10.638297872340425,0,0,0,0,3.5460992907801416,0,0,0,3.5460992907801416,0,0,0,0,0,0,0,0,0,0,0,0,0,0,3.5460992907801416,0,0,0,3.5460992907801416,0,3.5460992907801416,0,0,3.5460992907801416,3.5460992907801416,0,0,0,0,0,0,0,0,0,10.638297872340425,0,0,0,0,10.638297872340425,0,0,0,7.092198581560283,0,0,0,0,0,0,0,3.5460992907801416,0,0,7.092198581560283,0,0,0,0,0,0,3.5460992907801416,0,3.5460992907801416,0,0,0,0,17.73049645390071,7.092198581560283,0
parvus_nashi_zadachi.txt_chunk2,parvus,6,1,3,0,6,0,2,2,2,30,6,1,0,0,0,1,4,4,0,0,1,2,0,0,0,0,0,0,4,1,1,1,1,1,6,0,0,1,1,1,1,1,1,4,0,31,0,2,1,0,4,10,3,1,2,0,2,0,0,1,0,0,0,0,0,4,0,0,0,0,1,1,0,0,10,0,4,13,0,0,1,1,1,0,0,1,0,8,0,1,0,3,0,0,0,0,1,4,3,1,3,1,1,1,2,0,5,0,1,11,0,0,1,3,2,0,2,2,2,2,0,1,1,3,0,2,0,0,0,4,2,0,3,2,0,0,1,2,1,4,0,1,1,1,7,1,1,1,1,1,0,0,0,1,0,1,2,0,0,0,1,0,0,1,3,1,0,2,0,1,1,0,0,1,0,4,0,0,3,3,0,0,0,0,4,0,0,3,0,0,0,0,3,3,0,0,0,2,1,0,2,1,3,0,0,0,4,2,3,7,0,0,0,2,3,1,0,0,2,4,2,8,0,2,1,0,0,0,3,0,1,0,0,1,0,4,0,0,0,0,0,0,0,0,0,0,0,1,0,0,0,6,2,0,0,0,0,0,3,5,1,1,0,0,0,0,1,1,11,1,0,0,1,3,1,2,0,7,2,1,0,1,0,11,2,6,0,0,1,0,3,0,0,0,0,2,0,1,8,0
parvus_onp1_o_i_socrev_razvitie.txt_chunk2,parvus,1,1,2,1,2,1,1,0,0,28,2,2,0,1,0,1,2,8,0,0,0,0,2,0,2,0,0,0,7,1,0,1,0,1,1,0,1,2,0,2,3,0,0,3,0,36,0,1,2,0,3,13,3,0,3,0,1,1,0,1,1,1,1,0,0,1,0,0,1,1,1,1,0,0,13,0,0,15,0,1,0,1,3,0,0,0,0,5,0,1,0,1,0,0,0,1,2,1,1,0,7,1,0,0,3,0,3,0,2,15,0,0,0,1,1,0,0,2,0,3,1,0,0,3,3,2,1,4,0,1,3,0,2,0,0,1,3,4,0,9,3,1,2,1,6,1,1,1,1,0,2,1,0,2,2,0,0,0,0,0,0,0,0,0,2,0,0,0,0,0,0,1,1,0,1,6,0,1,4,2,2,0,0,0,4,0,1,1,0,0,0,1,1,1,0,2,2,0,1,0,1,0,8,2,0,2,2,1,0,1,0,0,0,1,0,0,0,0,0,2,2,1,1,0,1,1,1,1,3,1,0,0,0,0,0,0,0,0,1,0,0,0,1,1,0,0,0,0,0,1,0,3,1,1,0,0,0,0,1,0,1,0,1,0,1,0,0,0,3,0,1,0,1,0,0,1,0,1,1,2,0,0,2,0,0,0,0,1,0,0,1,0,0,0,0,0,0,0,0,0
parvus_pismo_tverskomu_komitetu_I.txt_chunk2,parvus,11,0,3,0,4,1,0,1,1,35,4,0,0,0,0,0,1,1,3,1,0,0,0,0,0,0,0,0,1,1,0,0,2,0,0,5,0,3,0,4,3,0,3,4,2,32,1,3,6,0,3,2,4,1,1,0,2,0,0,1,1,0,1,0,0,0,0,0,0,1,1,1,1,1,16,0,0,17,0,1,2,2,4,0,0,2,2,10,4,1,0,2,0,1,0,0,2,5,4,5,2,0,0,0,6,0,6,1,0,11,0,0,2,2,1,0,1,4,0,2,0,1,0,2,1,2,0,4,0,6,2,2,7,1,1,0,1,1,0,13,4,0,0,1,8,2,1,1,0,0,1,1,0,2,0,2,1,1,0,0,0,1,2,0,0,2,0,0,0,2,1,0,2,0,0,1,1,0,3,2,0,1,0,0,4,2,0,0,0,0,1,0,0,15,3,0,2,3,0,0,1,1,7,0,8,1,3,1,2,2,0,1,0,2,0,1,0,1,0,3,2,2,0,1,0,0,0,0,0,2,0,0,2,0,0,0,1,0,0,0,0,0,0,1,1,0,0,0,0,0,0,2,0,0,0,0,1,0,1,0,0,3,0,1,0,0,1,0,4,0,0,0,0,0,0,0,0,1,0,0,1,1,0,0,0,0,1,0,3,0,1,0,0,0,1,0,0,0,0,0
parvus_poTurmam.txt_chunk10,parvus,2,0,2,0,5,0,2,2,3,40,3,0,0,0,3,0,1,3,0,1,0,1,0,0,0,0,2,0,2,1,0,2,2,0,7,1,5,4,0,1,6,0,0,1,0,31,0,5,1,0,4,3,11,0,4,0,1,2,0,0,0,1,0,3,0,0,17,7,0,0,3,1,1,0,6,3,0,13,0,0,1,3,0,1,3,1,1,8,0,3,0,1,0,1,1,1,8,1,7,0,1,0,0,0,3,1,1,1,0,15,0,0,1,0,5,0,0,1,1,3,2,1,0,4,1,0,0,3,0,7,2,0,1,2,1,2,1,4,1,17,1,2,0,0,14,2,1,1,2,0,15,0,2,2,0,0,0,1,1,2,0,2,0,0,2,0,1,1,0,1,0,1,0,0,0,0,0,1,0,0,0,0,0,0,0,2,0,1,0,1,0,0,0,0,0,0,3,1,0,0,0,0,0,2,0,0,0,0,0,1,0,1,3,2,0,0,0,1,0,0,0,1,0,0,0,1,0,0,2,0,0,0,4,1,1,1,4,0,1,1,0,0,0,1,0,0,2,0,0,1,5,3,3,0,0,0,0,0,0,1,0,0,0,0,1,0,2,0,0,1,0,0,0,1,0,0,0,0,0,0,0,0,0,1,0,0,0,0,0,0,0,0,0,0,0,0,0,0,0,0
parvus_poTurmam.txt_chunk12,parvus,8,0,0,0,6,2,3,5,1,23,0,0,0,0,0,0,2,10,1,3,0,1,0,0,0,0,1,0,7,0,0,0,0,0,6,1,0,2,0,4,7,1,1,2,0,35,0,6,1,0,2,5,8,0,2,2,1,0,0,3,0,1,0,3,1,1,10,7,0,0,2,3,0,1,9,0,0,18,2,4,1,1,6,2,1,0,0,8,0,0,1,1,5,0,1,0,10,3,0,0,10,0,1,3,4,0,3,4,0,12,0,0,1,1,1,0,0,0,0,2,1,1,0,4,2,1,1,0,0,4,2,0,3,0,0,0,5,1,0,11,2,0,0,1,10,2,1,3,1,2,20,2,2,2,0,0,0,1,0,6,1,1,0,0,1,0,0,0,0,0,1,0,1,0,0,1,0,2,0,0,0,0,0,0,0,0,0,1,0,7,1,0,0,0,0,0,1,0,0,0,0,0,0,0,0,0,0,0,0,1,0,0,0,1,0,0,0,1,0,0,0,0,0,0,0,1,0,0,0,2,0,0,7,0,1,0,0,1,6,3,0,3,1,2,0,1,2,0,0,0,7,2,2,0,0,0,1,0,0,0,1,0,0,0,2,0,1,0,0,0,0,0,0,0,0,1,0,0,0,0,1,0,0,0,0,0,0,0,0,0,0,0,0,0,0,0,0,0,1,0
parvus_poTurmam.txt_chunk13,parvus,7,2,3,1,6,1,1,7,4,32,1,1,0,0,1,0,7,3,0,2,0,0,1,0,1,0,0,0,11,1,0,1,0,1,3,0,0,5,1,6,4,1,0,4,0,35,0,4,0,0,1,11,10,0,2,0,0,0,0,2,0,2,1,2,0,0,9,8,0,1,2,2,1,0,11,0,0,19,4,1,1,1,1,1,1,0,2,6,0,2,2,0,3,0,0,0,3,1,1,0,11,0,0,1,7,2,3,2,0,7,0,2,1,0,2,0,0,1,3,2,0,1,0,4,2,0,1,0,0,15,2,0,3,0,0,1,0,4,1,21,4,0,2,0,12,2,3,2,0,0,34,3,1,3,1,1,0,1,0,3,0,0,0,0,2,1,1,1,0,0,0,0,0,0,0,1,0,1,1,1,0,0,1,0,0,2,0,0,0,1,1,0,0,0,0,0,2,2,0,0,0,0,0,0,0,0,0,0,0,0,0,0,0,3,0,0,0,1,0,0,0,2,0,0,0,3,0,0,1,1,0,0,4,0,0,0,1,1,2,0,1,0,0,1,1,1,3,0,1,2,2,1,2,0,0,0,0,0,0,0,0,0,1,0,2,0,0,0,0,0,2,0,0,1,0,3,0,1,0,0,0,1,0,1,0,0,0,0,0,0,0,0,0,0,1,0,1,0,0,0
parvus_poTurmam.txt_chunk15,parvus,8,0,1,0,6,2,1,3,3,28,2,0,0,0,1,0,2,3,2,1,2,0,1,0,0,0,1,0,1,1,1,0,0,1,9,1,2,2,0,2,3,1,3,2,0,41,0,6,2,0,3,4,7,1,1,1,2,0,1,1,0,0,0,4,0,2,4,3,0,2,0,3,1,1,28,2,1,11,2,0,0,0,3,0,1,1,0,2,0,4,0,2,0,1,1,0,3,0,5,0,4,0,3,1,5,2,4,1,0,12,1,1,0,2,2,0,1,1,0,6,0,1,0,1,1,1,0,1,0,4,8,0,2,0,0,0,1,1,0,11,6,0,2,1,6,1,0,1,1,0,19,1,0,2,0,0,0,0,1,2,0,1,0,0,0,1,0,1,1,1,1,1,0,0,3,1,1,4,0,0,0,0,0,0,0,0,0,1,1,0,1,0,2,0,0,3,1,1,0,0,0,1,0,0,0,0,0,0,1,0,0,1,0,0,0,0,0,0,0,1,0,1,1,0,0,1,0,0,0,2,0,4,1,2,2,0,0,1,3,2,0,0,2,1,0,0,2,0,0,1,0,15,1,0,0,0,1,0,0,0,0,0,0,0,1,0,0,1,0,1,0,0,0,0,0,0,0,1,0,0,1,0,1,1,0,0,0,0,0,0,0,0,0,0,0,0,0,0,0,0
parvus_poTurmam.txt_chunk16,parvus,4,0,3,0,4,2,6,9,3,27,3,2,0,0,1,0,1,6,0,2,3,1,0,0,0,0,0,0,4,2,1,1,1,0,2,0,0,2,0,4,4,0,0,6,0,24,0,6,7,0,1,7,10,0,3,0,0,1,0,3,1,0,0,4,0,2,3,9,2,0,1,4,2,0,11,1,2,13,0,1,2,1,3,0,0,1,1,9,0,2,0,0,0,0,2,1,0,3,1,0,5,0,3,0,3,0,5,3,0,11,0,1,1,0,0,0,0,0,3,2,1,2,0,4,0,0,0,1,0,8,6,0,4,1,0,1,3,1,1,12,6,0,5,2,9,0,3,0,1,0,9,0,1,3,1,1,0,0,1,2,2,0,0,0,2,1,5,0,1,0,0,0,1,0,0,4,0,1,0,0,0,0,0,1,0,0,0,2,4,0,1,0,1,0,0,0,0,1,0,1,0,0,0,0,0,0,0,0,0,1,2,0,0,2,0,1,0,0,0,1,0,0,0,0,0,1,0,0,2,3,1,0,2,2,1,0,1,1,6,3,0,0,0,0,0,0,2,0,0,3,0,2,9,0,1,0,0,0,0,6,0,0,0,0,2,0,0,0,0,0,0,0,0,0,0,2,0,0,0,1,0,0,0,1,0,0,0,0,0,0,0,0,0,0,0,0,0,0,0,0
parvus_poTurmam.txt_chunk23,parvus,5,0,0,0,2,0,1,2,0,29,1,0,0,0,2,0,2,7,0,0,0,1,1,0,1,0,0,0,5,0,0,1,0,0,0,1,0,0,0,5,0,3,5,6,0,36,0,5,0,0,3,3,13,0,2,2,6,2,1,2,0,0,0,2,0,2,10,6,0,0,0,1,3,0,12,2,1,12,0,0,1,0,1,0,0,2,0,11,2,0,1,2,0,1,0,1,2,0,0,0,9,0,0,1,4,2,2,0,0,8,0,1,0,1,2,0,1,1,0,3,1,3,0,4,0,0,1,1,0,7,1,0,1,0,0,0,6,0,1,6,0,0,2,2,7,1,0,1,0,0,34,0,1,1,0,0,0,0,0,1,0,0,0,0,1,0,0,0,1,0,1,0,1,0,0,2,1,0,1,0,1,0,3,0,0,0,0,1,1,1,0,0,0,0,0,0,1,0,0,0,0,0,0,0,0,0,2,0,1,0,0,2,1,0,0,0,0,0,0,0,0,0,0,0,0,1,0,0,1,0,0,0,1,0,0,0,0,0,4,1,1,1,1,0,0,2,2,0,0,0,1,2,2,0,2,0,1,0,0,1,0,0,2,1,1,0,0,0,0,2,2,0,0,0,1,0,0,0,0,0,0,0,0,0,0,0,0,0,0,0,0,0,0,0,1,0,0,0,0,0
parvus_poTurmam.txt_chunk25,parvus,5,2,2,0,5,4,1,9,4,23,1,1,0,0,1,0,3,9,0,1,0,0,0,1,1,0,0,0,6,1,0,1,0,0,3,0,0,2,2,4,6,0,0,1,0,24,0,7,4,1,3,6,7,0,3,2,2,0,0,3,0,0,0,0,0,0,2,9,0,0,4,1,1,0,11,0,2,28,0,1,0,2,2,1,0,3,3,10,0,5,1,1,1,0,1,0,2,8,5,0,2,0,2,0,7,0,3,1,0,5,0,0,0,0,0,1,2,0,2,0,1,0,0,6,0,1,0,1,0,6,3,0,5,1,0,0,4,2,0,24,4,0,0,0,12,1,0,1,0,0,26,0,3,1,0,0,0,0,1,4,0,0,1,0,0,1,1,1,0,0,0,0,0,0,0,5,2,1,2,3,1,0,0,0,0,1,0,2,2,0,0,1,0,0,0,0,0,0,0,1,0,0,0,1,0,0,0,0,0,0,0,1,0,0,0,0,0,1,0,1,0,0,0,0,0,1,0,0,5,2,0,0,5,1,0,0,1,3,1,1,0,0,1,0,0,0,1,0,1,1,0,2,1,0,0,0,0,0,0,0,0,0,0,2,0,0,1,0,0,1,0,0,0,0,1,0,1,0,0,0,0,0,0,0,0,0,0,0,0,0,0,0,0,0,0,0,0,0,0,0
parvus_poTurmam.txt_chunk27,parvus,8,0,1,1,9,2,4,7,0,29,2,0,0,0,1,0,3,5,1,2,1,1,0,0,0,0,0,0,4,1,0,0,0,1,0,0,0,4,1,5,10,1,4,5,0,35,2,8,2,0,1,8,10,0,3,0,2,0,0,0,0,1,0,0,0,1,14,6,0,1,0,4,0,3,14,0,0,17,0,0,0,0,0,1,0,1,1,9,0,7,1,2,2,0,2,0,6,2,1,0,5,0,0,0,8,4,2,2,0,9,0,0,1,1,1,1,0,2,1,4,0,0,0,9,0,2,1,1,0,4,2,0,3,4,0,0,6,0,0,17,7,0,1,0,7,6,0,1,0,0,25,0,1,1,0,0,0,1,0,1,0,1,0,0,0,1,1,0,0,0,0,1,1,1,0,3,0,1,0,1,0,0,0,1,0,1,0,0,1,0,0,1,0,0,0,0,0,0,0,0,0,1,0,0,0,0,0,0,0,0,0,0,0,2,0,1,0,2,0,2,0,0,0,1,0,3,0,1,1,0,1,1,5,1,0,0,0,0,1,2,1,0,0,0,0,2,2,0,0,2,0,1,1,0,0,0,0,0,0,2,0,0,0,0,0,0,0,2,0,0,2,0,0,0,0,0,0,1,0,0,0,1,0,0,0,0,0,0,0,0,0,0,0,0,0,0,0,0,1,0
parvus_poTurmam.txt_chunk3,parvus,5,1,10,1,0,5,3,4,1,33,1,0,0,0,3,0,2,4,0,2,0,0,0,0,2,0,2,0,2,1,0,0,1,0,15,1,3,3,0,2,3,0,3,3,0,32,1,5,3,0,1,8,7,0,4,1,0,1,1,1,1,1,0,1,0,1,4,3,1,0,1,2,0,0,8,0,0,6,0,0,0,0,1,0,2,0,0,6,0,6,0,0,0,4,2,2,12,4,6,0,4,0,2,4,5,0,1,1,0,13,0,1,1,4,3,1,1,0,1,1,0,0,1,5,1,0,0,1,0,9,0,1,5,0,0,4,3,4,1,6,4,0,0,0,4,1,2,1,0,0,11,2,1,4,0,3,0,2,0,0,1,0,4,0,1,1,1,4,0,0,1,2,1,0,0,0,0,1,2,2,0,0,0,0,0,0,0,6,0,0,0,1,0,0,0,0,4,0,4,0,1,0,1,0,0,0,0,0,0,0,0,0,0,0,0,0,0,0,5,0,0,1,0,1,1,1,0,0,1,2,0,0,6,0,0,0,0,0,1,1,2,1,1,1,0,0,2,0,0,1,3,0,2,0,0,0,1,1,0,0,1,0,0,0,1,0,0,0,0,1,0,0,0,0,1,0,0,0,0,0,0,0,0,0,0,0,1,0,0,0,0,0,0,0,0,0,0,0,1,0
parvus_poTurmam.txt_chunk30,parvus,3,4,0,0,7,4,3,11,1,21,3,0,0,0,0,0,1,9,0,1,0,0,2,0,0,0,0,0,2,1,0,0,1,0,1,0,0,2,1,4,5,0,0,5,0,22,0,11,2,2,3,10,17,0,4,1,2,0,2,4,2,2,0,0,0,2,5,1,4,0,2,3,0,0,17,1,3,15,0,1,1,1,4,1,1,2,1,7,0,3,0,1,2,0,0,0,2,0,6,0,2,0,0,0,3,0,3,3,0,9,0,0,4,0,0,0,0,0,3,0,0,1,0,3,1,1,1,1,0,11,1,0,5,2,1,2,5,1,2,4,7,0,2,0,6,0,1,3,0,0,18,0,0,4,0,0,0,1,0,1,0,1,0,0,0,0,0,2,0,0,1,1,0,1,0,5,1,0,0,0,0,0,0,0,0,2,0,2,0,0,3,3,1,0,0,0,0,0,0,0,0,0,0,2,0,0,0,0,0,0,0,1,0,0,0,0,0,0,0,0,0,0,0,0,0,2,0,0,1,0,0,0,5,1,0,0,0,0,5,3,2,0,1,0,0,1,4,0,0,6,0,24,5,0,1,0,0,0,0,7,1,0,0,0,1,0,0,1,0,1,1,0,0,0,0,0,0,0,0,0,0,0,0,0,0,0,0,0,0,0,0,0,0,0,0,0,0,0,0,0
parvus_poTurmam.txt_chunk32,parvus,2,0,0,1,5,4,6,12,3,33,0,0,0,0,2,0,4,7,0,0,0,0,2,0,0,0,0,0,2,3,0,0,0,0,2,0,1,1,1,6,3,0,0,6,0,30,0,8,3,0,3,6,9,0,3,1,1,0,1,2,1,2,0,1,0,0,5,3,0,0,1,2,0,0,22,0,3,14,1,0,0,0,1,2,0,0,2,6,0,2,0,3,2,0,1,0,5,0,4,0,4,0,3,3,3,1,4,2,0,10,1,0,1,0,0,0,0,0,1,1,0,1,1,7,1,3,0,0,0,5,3,0,2,1,0,0,1,2,3,14,3,0,3,0,7,1,0,0,0,0,24,3,0,3,0,0,0,1,0,1,0,1,0,0,0,0,1,2,0,0,0,0,0,0,0,3,1,0,2,2,0,0,0,0,0,1,0,3,1,1,1,1,0,0,0,0,1,0,0,0,0,0,0,1,0,0,0,0,0,0,2,2,1,1,0,0,0,0,0,0,0,0,0,0,0,0,0,0,5,0,0,1,12,0,0,0,0,0,4,2,0,1,0,2,0,1,4,1,0,5,0,21,8,0,0,0,3,0,0,8,0,0,0,0,1,0,0,2,0,0,0,0,0,0,0,0,0,0,0,0,0,0,0,0,0,0,0,0,0,0,0,0,0,0,0,0,0,0,0,0
parvus_poTurmam.txt_chunk4,parvus,3,2,2,0,4,1,3,5,2,38,3,0,0,0,1,0,3,6,0,3,0,0,0,0,0,0,2,1,3,1,0,0,1,0,4,0,1,1,0,1,8,0,0,2,0,28,0,5,1,1,6,5,9,0,3,2,2,0,0,3,0,1,0,0,1,1,8,8,0,0,2,3,0,0,18,0,0,15,0,0,1,1,0,0,0,1,0,7,0,2,0,1,0,0,1,0,2,0,1,0,4,0,3,1,7,4,0,2,0,14,0,1,0,2,2,0,3,0,2,6,1,0,0,1,3,1,0,2,0,9,1,2,5,1,1,3,2,4,1,11,5,1,0,3,5,3,2,0,2,0,21,0,2,0,0,0,1,0,0,4,2,0,0,0,0,0,1,1,0,0,1,0,0,1,0,3,1,0,0,2,0,0,0,0,0,1,0,1,0,0,0,1,0,0,0,0,3,1,5,0,1,0,0,1,0,0,0,0,0,0,0,1,0,1,0,0,0,1,0,3,0,1,0,0,0,1,0,0,4,0,0,0,3,0,0,0,1,1,2,1,0,1,3,0,0,2,1,1,2,2,7,6,2,0,2,0,0,0,0,0,0,0,0,0,0,0,0,2,0,1,1,0,0,0,0,0,1,1,0,0,1,0,0,0,0,0,0,0,0,0,0,0,0,0,0,0,0,0,1,0
parvus_poTurmam.txt_chunk7,parvus,2,1,2,0,6,1,3,8,0,32,4,0,0,1,2,0,6,5,0,1,1,1,3,1,0,0,0,1,0,0,0,0,0,0,5,1,3,2,1,3,4,0,2,3,1,26,0,5,1,1,3,11,10,0,3,2,0,0,0,6,0,0,0,0,0,1,3,3,0,0,2,1,0,0,13,1,3,14,4,0,0,1,0,0,1,3,3,11,2,2,0,1,1,0,0,0,15,0,4,0,6,0,3,2,13,2,1,3,0,6,0,0,0,1,0,0,1,3,1,0,0,0,0,8,2,0,1,3,0,3,1,0,3,0,1,0,9,1,0,13,3,0,0,1,4,0,2,0,1,0,9,0,1,3,1,0,0,0,0,2,0,0,1,0,0,0,1,0,0,0,1,1,0,0,0,1,2,0,1,1,3,1,0,0,0,3,0,2,1,0,2,1,0,0,0,0,0,0,0,1,0,2,1,0,0,0,1,1,0,1,0,0,0,1,1,0,0,1,0,5,0,1,0,0,0,2,0,1,1,0,0,0,2,2,0,1,1,0,0,0,0,0,1,3,1,0,1,0,0,2,1,6,4,0,0,0,1,0,1,2,1,0,0,0,1,1,0,3,0,1,2,0,0,0,0,0,0,0,0,0,1,0,1,1,0,0,0,0,0,0,2,0,0,0,1,0,0,0,2,0
parvus_samoderzh_i_fin_I.txt_chunk1,parvus,14,2,0,0,3,0,0,5,1,39,1,0,0,0,2,1,4,3,0,2,0,0,2,0,1,0,0,0,1,0,0,0,0,2,4,0,1,4,0,0,5,0,0,6,2,23,0,6,1,0,0,4,9,0,2,1,0,0,0,0,1,0,1,0,0,4,0,0,1,0,3,0,0,0,16,1,0,15,0,1,0,1,2,0,0,0,0,5,0,3,1,0,0,0,0,0,5,2,2,0,9,0,0,4,5,1,0,4,0,8,0,0,0,0,0,0,0,0,0,2,0,0,2,8,0,0,0,4,0,7,2,0,5,2,0,0,2,2,0,16,3,0,0,0,4,2,1,1,0,1,0,1,1,4,0,1,1,1,0,1,0,0,1,1,3,3,1,2,0,0,0,0,0,0,0,4,0,0,3,1,7,0,0,0,0,1,0,0,0,0,0,1,0,0,0,0,1,2,0,0,0,0,0,0,0,0,0,1,0,0,0,0,0,4,0,0,1,0,0,0,0,3,0,0,1,0,0,0,1,1,0,0,6,1,1,0,2,0,0,0,1,1,1,0,0,0,0,3,0,1,0,0,2,0,0,0,2,0,0,0,0,0,0,0,1,0,0,0,0,1,0,0,0,0,0,4,0,1,0,2,0,0,0,0,0,0,0,0,0,0,0,0,0,0,0,0,0,1,0,0
parvus_tua_res_agitur_I.txt_chunk2,parvus,0,1.3440860215053765,0,0,6.720430107526882,1.3440860215053765,0,4.032258064516129,4.032258064516129,24.193548387096772,1.3440860215053765,0,0,0,2.688172043010753,0,2.688172043010753,2.688172043010753,1.3440860215053765,1.3440860215053765,1.3440860215053765,0,0,0,0,0,4.032258064516129,0,1.3440860215053765,0,2.688172043010753,2.688172043010753,1.3440860215053765,0,2.688172043010753,1.3440860215053765,2.688172043010753,4.032258064516129,0,2.688172043010753,1.3440860215053765,2.688172043010753,0,10.752688172043012,0,29.56989247311828,2.688172043010753,4.032258064516129,0,0,0,2.688172043010753,8.064516129032258,0,4.032258064516129,0,0,0,0,2.688172043010753,0,1.3440860215053765,0,0,0,0,0,0,0,2.688172043010753,4.032258064516129,0,2.688172043010753,0,6.720430107526882,1.3440860215053765,0,8.064516129032258,0,0,0,0,1.3440860215053765,0,0,0,0,9.408602150537634,0,9.408602150537634,1.3440860215053765,0,0,0,0,0,2.688172043010753,12.096774193548386,2.688172043010753,0,2.688172043010753,1.3440860215053765,0,0,0,1.3440860215053765,2.688172043010753,1.3440860215053765,0,12.096774193548386,0,2.688172043010753,1.3440860215053765,4.032258064516129,2.688172043010753,0,1.3440860215053765,1.3440860215053765,1.3440860215053765,1.3440860215053765,0,0,0,4.032258064516129,0,0,0,1.3440860215053765,0,6.720430107526882,1.3440860215053765,0,4.032258064516129,0,0,0,1.3440860215053765,2.688172043010753,0,10.752688172043012,4.032258064516129,0,2.688172043010753,1.3440860215053765,10.752688172043012,4.032258064516129,0,0,0,0,0,0,0,2.688172043010753,0,0,0,0,0,4.032258064516129,0,0,0,0,1.3440860215053765,2.688172043010753,0,2.688172043010753,0,1.3440860215053765,0,1.3440860215053765,0,1.3440860215053765,1.3440860215053765,4.032258064516129,0,2.688172043010753,0,5.376344086021506,0,0,0,1.3440860215053765,4.032258064516129,0,1.3440860215053765,0,0,0,1.3440860215053765,0,0,1.3440860215053765,0,1.3440860215053765,2.688172043010753,2.688172043010753,1.3440860215053765,1.3440860215053765,1.3440860215053765,0,9.408602150537634,1.3440860215053765,0,0,2.688172043010753,1.3440860215053765,1.3440860215053765,1.3440860215053765,0,0,1.3440860215053765,0,0,2.688172043010753,0,0,0,1.3440860215053765,0,1.3440860215053765,0,0,5.376344086021506,0,0,0,2.688172043010753,0,2.688172043010753,0,1.3440860215053765,0,1.3440860215053765,0,1.3440860215053765,0,0,0,0,1.3440860215053765,2.688172043010753,0,1.3440860215053765,0,0,0,0,0,0,2.688172043010753,2.688172043010753,0,1.3440860215053765,0,1.3440860215053765,0,0,1.3440860215053765,1.3440860215053765,1.3440860215053765,0,1.3440860215053765,0,0,0,0,1.3440860215053765,0,0,0,6.720430107526882,0,0,0,0,1.3440860215053765,0,1.3440860215053765,1.3440860215053765,0,1.3440860215053765,0,2.688172043010753,0,0,0,0,0,0,0,0,0,0,1.3440860215053765,0,10.752688172043012,2.688172043010753,0
parvus_v_chem_my_rashodimsya_otvet_leninu.txt_chunk1,parvus,4,2,1,4,2,1,2,5,2,34,4,3,1,0,1,0,3,8,0,0,0,0,0,3,0,1,0,0,2,1,0,1,4,1,2,1,1,6,2,6,3,1,0,5,2,40,0,2,2,0,3,5,2,0,4,2,0,0,0,0,0,2,1,0,0,0,2,5,0,0,0,0,0,0,11,0,0,19,1,1,1,3,0,0,0,1,1,12,4,0,1,0,0,0,1,0,3,0,3,0,0,0,1,2,10,1,1,1,0,6,2,2,1,2,1,0,0,1,2,1,3,0,0,3,1,0,2,1,0,4,2,0,6,1,1,1,3,3,2,11,2,0,0,1,16,2,0,2,0,0,7,0,1,5,0,1,0,0,0,4,0,0,0,0,0,0,0,0,0,0,1,0,0,0,1,8,1,1,0,2,0,0,1,1,1,1,0,1,0,0,0,0,0,0,0,2,1,4,0,0,0,1,2,2,1,1,2,0,0,0,0,1,0,4,0,0,0,1,0,2,3,1,1,0,0,2,0,0,1,1,0,0,0,0,0,1,0,0,0,2,0,0,0,2,0,0,0,0,0,2,1,14,4,0,1,0,0,0,0,5,1,0,0,0,0,1,0,1,0,1,2,0,1,0,0,0,1,4,0,1,0,3,1,1,1,0,3,0,0,0,0,5,0,0,2,0,0,0,0,0
parvus_v_chem_my_rashodimsya_otvet_leninu.txt_chunk4,parvus,11,0,2,1,2,1,0,7,2,31,4,0,1,0,2,0,4,4,1,1,1,0,0,1,0,3,1,0,3,0,1,0,5,0,10,0,2,2,0,6,5,0,0,2,2,36,0,6,2,2,6,8,5,1,6,0,0,1,0,2,0,0,1,2,0,2,1,0,0,0,2,1,0,0,18,0,1,20,2,0,0,1,3,0,1,0,0,8,2,1,0,1,0,0,0,1,13,0,6,2,4,0,1,1,6,0,3,1,0,16,0,5,0,4,0,2,1,0,1,1,0,0,0,0,3,1,0,3,0,9,2,1,6,2,2,2,2,1,0,22,3,0,1,1,7,1,2,0,1,0,7,0,0,1,0,0,0,0,0,0,1,0,0,1,1,3,1,0,1,1,0,1,0,0,0,1,0,0,0,1,0,0,0,1,1,1,0,0,0,0,2,1,3,0,2,1,2,6,0,2,0,1,2,0,0,0,0,1,2,3,0,1,0,1,0,0,2,0,0,0,1,2,0,1,0,1,1,1,7,0,0,0,1,0,0,1,3,0,0,0,1,1,0,0,1,2,0,0,0,0,0,10,3,0,0,0,2,0,1,1,0,0,3,0,0,1,0,0,2,0,0,0,1,0,0,0,0,2,0,1,1,2,1,3,0,1,0,0,0,0,2,8,0,0,0,0,0,2,1,0
parvus_v_chem_my_rashodimsya_otvet_leninu.txt_chunk6,parvus,11,1,4,1,2,0,0,0,2,26,3,2,0,0,1,0,2,3,1,3,2,1,0,0,0,2,1,0,9,1,1,0,1,2,6,1,1,2,1,5,3,2,1,2,1,43,0,4,9,0,5,6,5,0,2,1,2,0,0,0,0,0,1,1,0,0,2,1,1,0,1,1,0,0,10,1,0,20,1,1,0,1,2,0,0,1,1,9,0,5,0,0,0,3,0,1,7,1,6,1,0,0,0,1,2,1,1,1,1,15,1,0,0,4,0,1,1,1,0,2,0,0,0,1,1,0,1,2,0,5,1,2,4,4,1,0,0,2,0,15,3,1,1,2,6,0,1,1,0,0,7,0,1,0,0,0,1,1,0,1,0,0,0,0,1,4,0,0,0,1,1,0,0,0,1,1,0,0,3,2,0,1,0,1,0,2,0,1,0,0,0,0,0,1,1,0,1,5,0,0,0,0,1,1,0,0,1,0,4,8,0,0,2,1,0,2,0,1,0,3,3,2,0,0,0,1,3,0,3,2,2,0,0,1,0,0,1,1,0,0,0,0,0,0,0,1,1,0,1,0,2,6,2,0,1,0,0,0,1,2,0,0,0,0,0,0,0,0,7,0,0,0,0,1,0,0,2,7,0,0,1,1,0,7,3,3,0,0,1,1,2,7,0,0,0,1,0,0,1,0
parvus_v_chem_my_rashodimsya_otvet_leninu.txt_chunk8,parvus,6,2,0,0,1,2,1,2,1,40,1,0,0,1,1,1,2,8,1,1,0,0,1,0,0,2,0,0,7,0,2,0,1,0,3,3,2,4,0,3,3,0,0,3,0,34,0,5,1,3,3,10,7,0,4,2,0,0,2,2,0,2,0,0,1,1,0,5,0,0,3,1,0,0,16,1,2,12,2,0,0,3,0,0,1,0,0,5,2,3,0,0,0,1,1,1,5,0,3,9,3,0,0,2,3,0,1,4,0,5,1,1,0,0,1,1,1,1,0,0,0,0,0,3,0,0,0,1,0,7,2,0,4,5,2,3,1,2,0,19,11,0,0,0,10,4,3,0,0,0,11,0,0,1,1,1,0,0,0,0,0,0,0,0,0,1,1,0,0,1,1,0,1,0,0,5,1,1,1,1,0,0,1,2,5,1,2,1,0,0,0,1,0,2,2,0,1,7,4,2,0,0,8,1,0,0,1,2,4,4,0,2,2,1,1,0,0,1,0,6,0,2,2,1,2,1,0,1,1,3,0,0,0,0,0,0,0,0,0,1,0,0,0,0,0,0,1,0,0,1,1,1,0,0,0,0,0,1,2,4,0,1,1,0,1,0,3,1,1,0,0,0,0,0,0,0,0,3,0,0,5,2,1,4,1,1,1,0,1,0,3,1,0,0,3,2,0,0,2,0
parvus_virIII_9_mes_voyny_I.txt_chunk1,parvus,0,2,1,0,8,5,0,3,0,30,2,0,0,0,2,1,1,1,0,1,0,0,0,0,0,0,1,0,1,0,0,0,0,0,1,7,2,2,1,3,5,0,0,3,0,20,0,2,1,0,3,8,3,0,3,0,0,1,0,1,0,0,0,0,0,0,0,0,0,0,2,1,1,0,14,0,0,5,1,0,0,0,1,1,0,0,0,9,1,3,1,0,0,1,0,0,0,5,2,0,6,1,2,1,1,2,10,0,0,12,0,2,1,2,1,1,4,1,0,0,0,0,2,3,0,0,0,5,0,0,2,0,2,2,2,0,2,2,0,12,3,0,1,2,7,0,0,0,0,3,1,1,0,1,1,0,1,0,2,1,1,0,0,0,3,1,0,1,0,0,1,0,2,0,2,1,0,0,1,0,0,0,0,0,0,1,0,1,0,0,0,3,0,1,0,2,2,6,0,0,0,1,0,5,0,1,0,0,1,0,1,3,0,4,0,0,0,0,0,1,0,22,4,1,0,6,1,0,3,2,0,0,1,0,1,0,0,0,1,0,0,1,0,1,0,1,0,2,2,1,0,0,0,0,0,0,1,0,1,0,0,0,0,1,1,0,2,2,0,1,1,0,3,0,0,3,0,1,0,3,0,4,2,0,0,0,0,0,0,0,0,0,8,0,0,0,0,4,0,0
parvus_virIII_9_mes_voyny_I.txt_chunk3,parvus,5,1,8,3,5,0,0,0,1,25,3,0,0,0,0,1,1,6,0,3,3,1,0,0,2,0,2,0,2,1,1,0,1,1,3,6,1,3,0,4,6,0,0,4,0,34,0,3,0,2,2,11,4,0,0,5,0,0,0,2,0,0,0,0,1,1,0,0,0,0,3,6,0,0,17,0,0,16,0,1,0,0,0,0,0,0,0,6,0,1,1,1,0,1,0,0,3,6,2,0,7,0,1,2,7,0,8,1,0,8,0,1,2,2,0,0,0,1,0,0,0,0,0,2,0,0,0,6,0,4,1,0,8,0,3,0,4,4,0,9,4,0,0,1,12,2,0,4,0,1,0,0,0,7,0,0,1,0,1,1,0,0,2,0,1,0,0,2,0,0,0,0,0,0,1,4,0,0,7,0,0,0,0,0,0,0,0,0,0,0,0,2,0,0,0,3,1,0,0,0,0,1,0,1,0,2,0,0,1,0,0,2,0,1,0,0,0,0,0,0,0,2,2,1,2,1,0,0,5,1,0,0,1,0,0,0,2,0,0,0,0,0,2,3,0,0,1,2,5,1,0,0,0,1,1,0,2,0,0,0,0,0,3,1,0,0,0,1,0,0,2,0,0,0,0,4,0,1,0,4,0,0,1,0,0,0,0,0,0,0,0,0,6,0,0,0,1,0,0,0
parvus_virII_padenie_samoderzhaviya_I.txt_chunk3,parvus,9,0,4,0,0,0,3,2,1,50,1,2,0,0,1,0,6,3,1,2,1,0,0,0,0,1,2,0,3,0,0,0,1,0,1,4,0,2,0,4,6,0,1,4,0,31,0,3,1,1,3,3,3,0,2,1,1,1,0,3,1,0,1,0,0,4,0,0,2,0,5,2,1,0,11,0,0,19,1,1,0,0,0,0,0,1,0,7,0,4,0,0,0,1,1,0,2,3,4,0,2,0,0,2,4,0,7,1,0,11,1,1,0,2,1,0,1,0,3,2,0,2,2,2,2,0,0,0,0,4,2,0,9,2,0,0,4,1,1,15,1,0,1,1,5,0,0,2,0,0,0,2,4,0,0,1,0,0,0,2,0,0,0,0,0,0,0,0,0,0,0,0,0,0,1,3,1,1,1,3,0,0,1,0,0,1,0,0,1,0,1,0,2,0,0,1,1,0,0,0,0,2,0,1,0,1,1,0,0,1,0,0,2,6,0,0,0,2,0,0,0,5,1,0,1,1,1,0,1,1,0,0,0,0,1,3,0,0,0,0,2,0,1,1,1,0,2,2,0,0,0,1,3,1,0,0,0,1,0,0,0,0,0,0,0,1,0,0,0,0,0,0,0,1,0,1,0,0,0,0,1,0,0,0,0,0,0,0,0,0,0,0,1,0,0,0,0,0,0,0
parvus_virII_padenie_samoderzhaviya_I.txt_chunk5,parvus,6,1,0,0,0,0,2,6,1,33,4,0,0,0,2,0,3,2,0,0,0,0,1,0,1,0,1,0,9,0,0,0,0,0,3,1,2,2,0,4,2,0,0,1,0,35,0,2,0,0,0,6,7,0,2,0,0,1,0,1,0,0,2,0,0,4,0,0,0,1,1,0,0,0,14,1,0,13,1,0,1,0,0,0,1,0,0,8,0,1,0,0,0,0,0,0,1,7,1,0,5,0,3,2,3,0,4,0,0,8,0,0,1,0,0,0,0,2,2,0,0,0,0,3,2,0,0,0,0,3,3,0,6,0,2,0,1,1,0,11,2,0,0,0,4,0,0,1,0,0,0,1,1,1,0,1,1,0,0,0,0,0,1,0,4,4,0,1,0,2,0,0,0,0,1,2,2,0,1,1,0,0,0,0,0,0,1,1,0,0,0,1,0,0,0,0,0,1,0,0,6,2,0,0,0,1,0,1,0,0,1,0,0,1,0,0,1,0,0,1,0,8,3,1,2,1,3,0,2,0,0,0,0,1,0,0,1,0,0,0,0,0,0,0,0,2,0,1,1,0,0,0,0,1,0,1,0,0,0,0,0,0,0,0,1,0,1,0,0,0,2,2,1,0,0,1,0,0,0,1,0,4,2,2,1,1,0,0,0,0,0,0,9,0,0,0,0,0,0,0
parvus_virII_padenie_samoderzhaviya_I.txt_chunk6,parvus,5.076142131979695,0,5.076142131979695,0,0,0,0,0,0,35.53299492385787,0,0,0,0,0,0,0,0,0,0,0,0,0,0,0,0,0,0,0,0,0,0,0,0,10.15228426395939,0,10.15228426395939,0,0,0,5.076142131979695,0,0,5.076142131979695,0,10.15228426395939,0,0,0,0,0,10.15228426395939,10.15228426395939,0,0,0,0,0,0,5.076142131979695,0,0,0,0,0,0,0,0,0,0,5.076142131979695,0,0,0,10.15228426395939,0,0,15.228426395939087,0,0,0,0,0,0,0,0,0,5.076142131979695,0,0,0,0,0,0,0,5.076142131979695,0,0,0,0,0,0,0,0,0,0,0,0,0,15.228426395939087,0,5.076142131979695,0,0,0,0,0,0,0,0,0,0,5.076142131979695,5.076142131979695,0,0,0,0,0,0,5.076142131979695,0,5.076142131979695,0,0,0,0,0,0,10.15228426395939,5.076142131979695,0,0,0,0,0,0,0,0,0,5.076142131979695,5.076142131979695,0,5.076142131979695,0,0,0,5.076142131979695,0,0,0,0,0,0,5.076142131979695,5.076142131979695,0,0,0,0,0,0,0,0,5.076142131979695,5.076142131979695,0,5.076142131979695,0,0,0,0,0,0,0,5.076142131979695,0,0,0,0,0,0,0,0,0,0,0,15.228426395939087,0,0,10.15228426395939,0,0,5.076142131979695,0,0,0,5.076142131979695,0,0,0,0,0,0,0,0,0,0,0,0,0,10.15228426395939,0,0,0,5.076142131979695,0,0,0,0,0,0,0,0,0,0,0,0,0,0,0,0,0,0,0,0,0,0,0,0,0,0,0,0,0,0,0,0,0,0,0,0,0,0,5.076142131979695,0,0,0,0,0,5.076142131979695,5.076142131979695,0,0,0,0,0,0,0,0,0,5.076142131979695,10.15228426395939,5.076142131979695,0,5.076142131979695,0,0,0,0,0,0,0,0,0,0,0,5.076142131979695,0,0
parvus_virIV_samoderzh_i_reformy_I.txt_chunk2,parvus,8,2,5,1,22,1,3,4,1,23,1,0,0,0,1,0,0,5,0,1,2,0,1,0,1,0,0,0,3,5,1,2,0,0,6,3,4,4,0,4,4,0,0,2,0,32,0,2,0,0,5,7,2,0,2,0,1,1,0,1,0,0,1,0,0,1,0,0,0,0,4,0,0,0,17,0,0,14,1,2,0,0,1,0,0,0,0,8,0,0,0,0,0,0,1,0,6,1,2,2,2,0,1,2,3,5,6,0,0,5,0,0,1,4,0,0,0,0,0,2,0,1,0,2,1,0,0,7,0,2,2,1,7,2,1,0,1,4,0,9,4,0,1,2,3,8,1,1,0,0,0,3,0,4,1,2,1,0,1,0,0,0,0,0,11,1,1,2,0,3,1,0,1,0,2,2,1,1,5,0,0,0,0,0,0,0,2,1,0,0,0,1,0,0,0,1,0,1,1,0,3,2,0,2,0,2,0,1,0,0,0,1,0,1,0,0,0,1,0,0,2,9,0,2,6,4,8,0,1,1,0,0,4,0,0,0,0,0,0,1,0,0,1,0,0,0,0,1,0,3,0,2,0,1,3,0,0,0,1,0,0,0,0,0,0,0,0,0,1,1,0,0,0,0,3,13,0,10,5,5,0,2,2,1,0,0,0,0,0,0,0,0,3,0,0,0,0,0,0,0
parvus_virIV_samoderzh_i_reformy_I.txt_chunk3,parvus,9,1,1,1,7,0,0,3,0,21,0,0,0,0,2,1,0,6,0,1,1,0,0,0,2,3,0,0,1,1,0,0,1,0,3,3,1,5,0,5,2,1,0,7,0,31,0,3,1,2,6,7,5,2,0,0,3,0,1,5,0,1,0,0,0,1,0,0,0,0,0,2,0,2,14,0,0,10,1,3,0,1,1,2,0,2,0,7,0,2,0,4,0,0,0,0,2,7,3,0,3,0,0,1,5,3,5,0,0,7,3,1,1,0,3,0,1,1,3,1,0,1,3,1,1,5,0,2,0,2,0,1,3,1,1,2,0,1,0,10,2,3,1,0,6,1,0,0,0,0,1,0,1,1,0,0,0,0,0,3,0,1,0,0,3,2,0,0,0,1,0,0,0,2,1,2,0,2,2,0,0,0,0,0,1,0,0,2,0,1,0,0,0,1,0,0,1,7,0,0,7,2,1,0,0,0,1,1,2,1,1,1,1,0,0,0,0,0,0,3,1,7,0,0,1,0,1,0,0,0,0,0,1,0,1,3,0,0,0,0,0,0,0,0,0,0,2,1,0,2,0,2,0,0,1,2,0,0,0,2,0,3,0,1,0,0,0,0,1,1,0,0,0,1,0,5,0,4,0,3,3,3,4,0,0,0,0,0,0,0,1,0,5,0,1,0,0,0,0,0
parvus_virIV_samoderzh_i_reformy_I.txt_chunk4,parvus,20.408163265306122,0,0,0,0,0,0,0,0,40.816326530612244,0,0,0,0,0,0,0,0,0,20.408163265306122,0,0,0,0,0,0,0,0,0,0,0,0,0,0,20.408163265306122,0,0,0,0,0,0,0,0,20.408163265306122,0,0,0,0,0,0,0,20.408163265306122,0,0,0,0,0,0,0,0,0,0,0,0,0,0,0,0,0,0,40.816326530612244,0,0,0,20.408163265306122,0,0,40.816326530612244,0,0,0,0,0,0,0,0,0,0,0,0,0,0,0,0,0,0,0,0,0,0,0,0,0,0,0,0,0,0,20.408163265306122,0,0,0,0,0,0,0,0,0,0,0,0,0,0,0,0,0,0,0,0,0,0,0,0,0,0,0,0,0,0,0,0,0,0,0,0,0,0,0,0,0,0,0,0,0,0,0,0,0,0,0,0,0,0,0,0,0,0,0,0,0,0,0,0,0,0,0,0,0,0,0,0,0,0,0,0,0,0,0,0,0,0,0,0,0,0,0,0,0,0,0,0,0,0,0,0,0,0,0,0,0,0,0,0,0,0,0,0,0,0,0,0,20.408163265306122,0,0,0,0,0,0,0,0,0,0,0,0,0,0,0,0,0,0,0,0,0,0,0,0,0,0,0,20.408163265306122,0,0,20.408163265306122,0,0,0,0,0,0,0,0,0,0,0,0,0,0,0,20.408163265306122,0,0,0,0,0,0,0,0,20.408163265306122,0,0,0,20.408163265306122,0,20.408163265306122,0,20.408163265306122,20.408163265306122,0,0,0,0,0,0,0,0,20.408163265306122,0,0,0,0
parvus_virI_kapitalizm_i_voyna_I.txt_chunk1,parvus,9,1,0,0,1,5,1,2,2,23,1,0,0,0,2,1,4,11,1,0,2,0,0,0,0,0,0,0,2,2,0,1,0,0,2,7,0,0,0,4,3,1,1,4,0,38,0,2,0,0,1,8,7,0,0,0,1,1,1,1,0,0,1,0,0,5,0,0,0,0,2,0,1,1,12,1,0,6,0,0,0,0,1,0,0,0,0,4,0,1,0,0,0,0,1,0,1,6,1,0,1,0,1,0,4,2,0,0,1,14,1,0,2,3,4,0,0,2,3,1,0,0,1,4,1,0,0,5,0,3,1,1,4,0,2,0,1,2,0,8,0,1,0,1,6,0,1,0,1,0,0,1,0,3,1,0,0,0,0,1,0,0,0,0,0,2,1,0,0,6,2,0,0,0,2,1,0,0,4,0,0,0,0,0,1,0,0,1,0,0,0,0,0,0,0,2,0,0,0,0,3,0,0,1,0,0,1,0,0,0,3,2,0,5,0,0,2,0,0,0,0,1,0,0,2,2,1,0,0,0,0,0,3,1,0,0,0,0,1,0,0,0,0,1,1,0,0,1,0,0,0,0,0,0,0,0,0,0,0,0,0,3,2,1,1,0,0,0,0,0,1,2,4,1,0,0,0,1,0,1,0,1,0,1,0,0,0,0,0,0,0,0,3,0,0,1,0,2,0,0
parvus_virI_kapitalizm_i_voyna_I.txt_chunk2,parvus,5,0,0,0,2,1,1,2,0,27,2,2,0,0,1,0,1,4,0,1,1,0,2,0,0,0,0,0,3,0,0,0,0,1,2,7,2,0,0,4,3,0,0,4,0,49,0,3,0,0,4,7,4,0,1,0,2,0,0,1,0,0,0,0,0,2,0,0,0,0,1,1,0,0,22,0,0,8,1,0,0,0,0,0,0,0,0,10,0,1,0,2,0,0,0,0,9,1,5,0,2,1,0,2,7,1,3,0,0,8,0,1,1,0,1,1,0,0,1,1,0,1,0,2,1,2,1,1,0,7,1,0,1,1,0,0,2,2,0,11,3,1,2,0,2,1,0,1,0,0,1,2,0,4,1,0,1,0,0,0,0,0,0,0,2,5,0,0,0,1,0,0,0,0,1,3,0,0,1,1,0,0,0,0,1,0,0,1,0,2,0,0,0,0,0,2,0,1,0,0,2,1,1,0,0,0,1,0,0,0,0,1,0,2,0,0,1,0,0,1,0,1,0,1,3,0,3,1,0,0,0,1,2,3,0,0,0,0,1,1,0,0,0,0,1,0,0,0,0,2,0,1,0,1,0,0,0,0,1,0,0,0,0,0,0,0,0,0,0,1,1,1,0,0,0,1,0,0,0,1,0,0,0,0,0,0,0,0,0,0,0,0,1,0,0,0,0,0,0,0
parvus_virI_kapitalizm_i_voyna_I.txt_chunk3,parvus,4,2,0,0,0,3,0,1,1,36,0,0,0,0,1,1,4,2,1,2,0,1,0,0,3,0,1,0,5,0,0,0,2,2,2,10,0,0,0,2,7,0,1,3,0,42,1,1,1,0,0,16,8,0,2,1,1,0,1,2,1,1,1,0,0,5,0,0,0,0,1,0,0,0,13,0,0,6,1,0,0,0,0,1,0,0,0,8,1,3,0,3,0,1,0,0,1,9,1,0,3,1,0,1,4,0,0,0,1,11,0,1,0,3,5,0,0,5,7,4,0,1,0,3,3,1,1,1,0,5,2,0,4,1,2,0,0,3,0,4,5,1,1,2,4,1,0,1,0,1,1,0,0,1,1,0,0,0,0,0,0,0,0,0,0,2,0,0,0,1,0,0,0,2,1,4,0,0,3,0,0,1,0,0,0,0,0,1,1,0,0,0,0,0,0,1,2,2,0,0,1,1,1,1,0,1,0,0,2,0,0,0,0,0,1,0,0,0,0,0,0,6,1,0,2,4,0,0,2,2,0,0,1,2,0,0,0,0,2,0,2,1,0,3,0,0,0,1,0,2,0,0,0,0,0,0,0,0,0,0,0,3,2,4,1,0,1,0,0,0,2,0,0,0,1,1,0,1,0,1,0,0,0,0,0,0,0,0,0,0,0,0,4,0,0,0,0,0,0,0
parvus_virI_kapitalizm_i_voyna_I.txt_chunk5,parvus,0,0,3.571428571428571,0,14.285714285714285,3.571428571428571,0,3.571428571428571,3.571428571428571,53.57142857142857,3.571428571428571,7.142857142857142,0,0,3.571428571428571,0,7.142857142857142,3.571428571428571,0,7.142857142857142,0,0,0,0,0,0,0,0,7.142857142857142,0,0,0,0,0,0,3.571428571428571,0,0,0,7.142857142857142,10.714285714285714,0,0,14.285714285714285,0,32.14285714285714,0,10.714285714285714,0,0,0,10.714285714285714,0,0,0,0,0,0,0,0,3.571428571428571,0,0,0,0,0,0,0,0,0,3.571428571428571,0,0,0,10.714285714285714,3.571428571428571,0,0,0,0,0,0,0,0,0,0,0,0,0,7.142857142857142,3.571428571428571,0,0,3.571428571428571,0,0,0,7.142857142857142,0,0,3.571428571428571,0,3.571428571428571,0,0,0,3.571428571428571,0,0,14.285714285714285,0,0,0,3.571428571428571,10.714285714285714,0,0,0,3.571428571428571,0,0,0,3.571428571428571,0,14.285714285714285,0,0,0,0,7.142857142857142,0,0,3.571428571428571,0,0,0,0,0,0,7.142857142857142,0,0,0,0,3.571428571428571,3.571428571428571,0,3.571428571428571,0,0,0,3.571428571428571,0,7.142857142857142,0,0,0,0,3.571428571428571,0,0,0,7.142857142857142,0,0,0,3.571428571428571,0,0,0,0,0,0,0,0,7.142857142857142,0,0,3.571428571428571,0,0,0,0,0,0,3.571428571428571,0,0,0,0,0,0,0,0,0,3.571428571428571,0,0,0,0,0,0,0,0,0,0,3.571428571428571,0,0,0,0,0,0,0,0,0,0,0,0,0,0,14.285714285714285,0,3.571428571428571,0,0,3.571428571428571,0,7.142857142857142,0,0,0,3.571428571428571,0,0,0,0,0,0,0,0,0,0,0,3.571428571428571,0,0,0,0,0,0,3.571428571428571,0,0,0,0,0,0,0,0,0,3.571428571428571,0,0,3.571428571428571,0,0,0,0,0,0,0,3.571428571428571,0,0,0,0,0,0,3.571428571428571,0,0,3.571428571428571,0,0,0,0,0,0,0,0,0,0,0,0,0,0,0,0,0
plehanov_cant_vs_kant.txt_chunk3,plehanov,8,0,0,0,5,1,0,3,1,41,0,0,0,0,0,0,0,1,1,2,0,0,0,2,0,0,2,0,3,1,0,0,0,0,15,2,5,2,2,1,5,0,0,1,0,35,0,7,5,1,3,8,8,0,0,3,0,1,0,2,0,1,0,2,1,0,0,0,0,1,1,2,1,1,12,0,1,15,3,1,1,0,4,2,1,0,0,14,0,3,0,0,0,0,1,2,8,3,5,0,3,0,3,0,4,0,1,1,0,6,0,0,2,5,1,0,1,1,0,0,0,0,2,5,0,0,0,0,1,6,4,0,3,4,0,2,1,1,0,20,4,1,1,0,4,4,1,3,0,2,1,3,0,6,0,0,2,0,0,3,0,0,0,1,2,0,1,1,0,3,0,1,1,0,1,2,2,0,0,1,13,1,0,0,0,2,0,1,0,0,2,0,0,0,0,1,2,0,0,0,0,0,0,0,0,2,0,0,0,0,0,0,0,3,0,2,0,1,0,0,0,0,0,0,1,1,0,1,3,0,1,1,2,0,1,0,0,0,1,1,0,1,1,2,0,1,0,0,3,2,0,1,0,1,0,0,1,0,0,1,1,0,0,1,0,0,0,1,0,2,0,0,0,0,1,0,0,0,0,0,0,0,0,0,0,0,1,0,0,0,0,0,0,2,0,0,0,0,0,0
plehanov_cant_vs_kant.txt_chunk6,plehanov,3,0,0,1,4,0,0,0,2,30,0,1,0,0,1,3,3,4,1,2,0,0,1,2,0,3,1,0,4,0,0,0,2,1,9,1,0,4,3,2,7,4,0,2,2,26,0,3,4,2,1,10,5,0,3,0,0,1,1,3,0,2,0,0,0,2,1,0,0,0,1,0,0,0,12,0,3,16,0,1,1,2,3,1,0,1,0,11,0,2,0,1,0,0,1,1,9,1,3,0,7,0,1,0,3,0,3,1,0,9,0,1,0,1,1,0,1,0,1,1,1,1,2,2,3,1,1,3,0,8,3,0,6,1,1,1,1,3,0,17,4,1,1,1,8,2,2,1,0,0,1,1,0,1,0,0,3,2,0,1,0,2,1,0,3,2,0,1,0,1,0,1,0,1,2,1,1,0,1,1,16,0,0,0,1,0,0,3,0,1,0,0,2,1,0,1,0,7,0,0,1,2,3,0,0,2,0,1,2,2,0,0,0,1,0,0,1,2,0,0,0,0,0,0,1,1,0,1,2,0,0,0,1,0,1,0,1,0,5,0,0,2,0,2,0,0,0,0,0,1,0,4,0,2,0,0,0,0,0,1,0,0,0,0,0,0,0,1,0,0,0,0,4,0,0,0,0,0,0,0,0,0,0,2,0,0,0,0,1,0,0,0,0,1,0,0,0,0,0,0
plehanov_cant_vs_kant.txt_chunk8,plehanov,11,0,0,0,5,0,1,0,1,40,3,1,1,1,1,3,2,2,0,0,0,0,0,3,0,1,1,0,3,0,0,0,0,1,4,1,1,5,0,2,3,0,0,0,0,26,1,7,5,0,3,8,9,0,1,0,0,0,1,1,4,1,0,1,2,1,0,0,1,0,0,0,0,1,9,0,0,23,0,1,1,0,3,0,1,1,3,7,0,8,3,0,1,0,0,2,6,2,2,0,0,0,3,0,2,1,0,0,0,4,1,1,2,1,1,0,0,0,0,1,0,0,2,7,4,1,2,2,0,6,0,1,0,2,1,1,4,2,0,17,0,0,0,0,7,2,1,1,0,0,5,0,0,1,1,0,2,1,0,0,0,0,2,0,1,1,0,0,0,0,0,1,0,1,0,1,3,1,0,0,24,0,1,0,1,1,0,0,1,0,0,0,0,0,0,0,0,2,0,0,1,0,3,0,0,1,0,0,0,0,0,0,1,2,0,0,0,0,0,0,1,0,0,0,0,0,0,2,2,3,0,0,2,0,2,2,0,2,2,0,2,0,0,0,1,0,0,2,0,2,0,12,0,1,0,0,0,0,0,2,0,0,0,0,0,0,2,0,0,0,0,0,0,0,0,0,0,0,0,0,0,0,0,0,0,0,2,0,0,0,0,0,0,1,0,0,0,0,0,0
plehanov_cant_vs_kant.txt_chunk9,plehanov,4.123711340206186,1.0309278350515465,0,0,2.061855670103093,0,2.061855670103093,0,1.0309278350515465,43.298969072164944,2.061855670103093,4.123711340206186,0,0,0,0,3.092783505154639,4.123711340206186,0,0,0,0,1.0309278350515465,2.061855670103093,2.061855670103093,1.0309278350515465,0,0,3.092783505154639,1.0309278350515465,1.0309278350515465,0,1.0309278350515465,0,9.278350515463918,1.0309278350515465,0,4.123711340206186,0,2.061855670103093,5.154639175257732,0,1.0309278350515465,2.061855670103093,0,26.804123711340203,0,6.185567010309278,2.061855670103093,1.0309278350515465,4.123711340206186,5.154639175257732,6.185567010309278,0,1.0309278350515465,0,1.0309278350515465,0,0,0,2.061855670103093,1.0309278350515465,1.0309278350515465,2.061855670103093,0,2.061855670103093,0,0,1.0309278350515465,1.0309278350515465,2.061855670103093,0,0,1.0309278350515465,11.340206185567009,1.0309278350515465,0,20.61855670103093,2.061855670103093,1.0309278350515465,1.0309278350515465,2.061855670103093,0,1.0309278350515465,0,2.061855670103093,1.0309278350515465,8.247422680412372,0,7.216494845360825,0,3.092783505154639,1.0309278350515465,1.0309278350515465,1.0309278350515465,0,3.092783505154639,1.0309278350515465,1.0309278350515465,0,0,0,3.092783505154639,1.0309278350515465,6.185567010309278,0,1.0309278350515465,1.0309278350515465,1.0309278350515465,8.247422680412372,1.0309278350515465,0,0,2.061855670103093,0,0,0,1.0309278350515465,1.0309278350515465,0,1.0309278350515465,0,0,2.061855670103093,0,1.0309278350515465,1.0309278350515465,1.0309278350515465,0,3.092783505154639,1.0309278350515465,2.061855670103093,4.123711340206186,5.154639175257732,0,2.061855670103093,3.092783505154639,2.061855670103093,0,22.680412371134018,3.092783505154639,2.061855670103093,0,2.061855670103093,3.092783505154639,3.092783505154639,2.061855670103093,2.061855670103093,1.0309278350515465,0,1.0309278350515465,0,0,2.061855670103093,0,1.0309278350515465,1.0309278350515465,0,2.061855670103093,4.123711340206186,0,1.0309278350515465,1.0309278350515465,1.0309278350515465,2.061855670103093,1.0309278350515465,0,1.0309278350515465,0,0,1.0309278350515465,1.0309278350515465,1.0309278350515465,0,1.0309278350515465,2.061855670103093,0,1.0309278350515465,1.0309278350515465,4.123711340206186,21.649484536082472,0,0,0,3.092783505154639,2.061855670103093,1.0309278350515465,1.0309278350515465,1.0309278350515465,1.0309278350515465,0,0,0,4.123711340206186,0,1.0309278350515465,0,1.0309278350515465,1.0309278350515465,1.0309278350515465,0,0,10.309278350515465,0,0,1.0309278350515465,0,0,0,1.0309278350515465,0,1.0309278350515465,0,1.0309278350515465,1.0309278350515465,1.0309278350515465,0,0,0,0,1.0309278350515465,3.092783505154639,1.0309278350515465,0,0,0,0,0,3.092783505154639,0,0,1.0309278350515465,1.0309278350515465,0,0,0,0,0,0,1.0309278350515465,1.0309278350515465,1.0309278350515465,0,1.0309278350515465,1.0309278350515465,0,0,4.123711340206186,0,3.092783505154639,0,6.185567010309278,1.0309278350515465,1.0309278350515465,0,0,1.0309278350515465,2.061855670103093,0,0,0,0,1.0309278350515465,1.0309278350515465,0,0,1.0309278350515465,0,0,0,0,1.0309278350515465,0,0,0,0,0,0,0,0,0,0,0,0,0,1.0309278350515465,1.0309278350515465,0,0,0,0,0,0,1.0309278350515465,0,1.0309278350515465,0,0,0,0
plehanov_grustnoe_nedorazumenie_I.txt_chunk1,plehanov,6,0,0,0,8,0,1,4,4,35,1,3,0,0,0,0,1,3,1,1,0,0,0,2,0,0,1,0,2,3,0,0,3,0,4,1,1,3,1,2,7,0,1,2,1,27,0,5,6,0,5,8,12,0,6,1,0,0,0,3,1,0,0,1,0,0,7,7,3,1,1,2,4,1,7,2,2,24,2,0,3,1,5,0,0,1,0,13,0,9,1,2,3,0,0,1,13,1,0,0,4,1,2,1,5,2,0,2,0,8,0,1,0,0,0,0,1,0,2,0,2,0,0,2,0,1,1,2,0,6,3,1,4,1,0,0,6,3,0,22,1,1,0,1,8,5,0,1,0,0,13,0,2,1,0,0,0,0,0,2,0,2,1,0,2,0,2,0,0,0,0,1,5,2,0,3,0,0,3,0,3,0,0,0,0,0,0,1,1,1,0,0,2,3,0,0,2,1,0,0,0,0,4,0,0,0,0,0,0,0,0,0,0,2,1,0,0,2,0,0,0,0,0,0,0,0,0,1,2,3,0,0,2,0,0,0,1,0,1,0,0,1,2,0,0,0,2,0,1,1,1,5,3,0,0,0,0,2,0,0,2,0,0,0,0,0,0,0,3,0,0,0,0,0,0,0,0,0,0,0,1,0,0,0,0,0,0,0,0,0,0,0,0,1,0,0,0,0,0,0
plehanov_grustnoe_nedorazumenie_I.txt_chunk4,plehanov,5.434782608695652,0,5.434782608695652,0,0,0,2.717391304347826,5.434782608695652,5.434782608695652,16.304347826086957,10.869565217391305,0,0,0,0,0,5.434782608695652,5.434782608695652,0,0,0,0,0,0,0,2.717391304347826,0,0,5.434782608695652,2.717391304347826,0,0,0,0,5.434782608695652,5.434782608695652,2.717391304347826,2.717391304347826,2.717391304347826,5.434782608695652,5.434782608695652,0,0,0,0,24.456521739130437,0,2.717391304347826,0,5.434782608695652,0,5.434782608695652,5.434782608695652,0,2.717391304347826,0,0,0,0,2.717391304347826,2.717391304347826,0,0,0,0,0,13.58695652173913,2.717391304347826,0,0,5.434782608695652,0,0,0,8.152173913043478,0,0,27.17391304347826,0,0,0,2.717391304347826,0,0,0,8.152173913043478,0,10.869565217391305,2.717391304347826,0,0,2.717391304347826,5.434782608695652,0,0,2.717391304347826,5.434782608695652,5.434782608695652,10.869565217391305,0,5.434782608695652,0,2.717391304347826,0,2.717391304347826,0,2.717391304347826,2.717391304347826,0,8.152173913043478,2.717391304347826,0,0,2.717391304347826,0,0,0,0,0,0,5.434782608695652,0,2.717391304347826,5.434782608695652,0,2.717391304347826,0,0,0,8.152173913043478,0,0,5.434782608695652,0,8.152173913043478,0,0,2.717391304347826,0,21.73913043478261,2.717391304347826,0,2.717391304347826,0,8.152173913043478,13.58695652173913,0,0,0,0,13.58695652173913,0,2.717391304347826,2.717391304347826,0,0,0,0,0,5.434782608695652,0,0,0,0,0,5.434782608695652,5.434782608695652,0,0,0,0,0,0,2.717391304347826,2.717391304347826,0,2.717391304347826,2.717391304347826,2.717391304347826,0,0,0,0,0,0,0,0,5.434782608695652,0,0,0,0,8.152173913043478,10.869565217391305,0,2.717391304347826,0,0,0,0,0,0,0,0,0,5.434782608695652,0,0,0,2.717391304347826,0,0,0,0,0,2.717391304347826,0,0,0,0,0,2.717391304347826,0,0,0,0,0,0,0,0,2.717391304347826,0,0,0,0,2.717391304347826,0,0,0,0,0,0,0,0,2.717391304347826,0,0,0,5.434782608695652,5.434782608695652,5.434782608695652,2.717391304347826,0,0,0,0,0,0,0,2.717391304347826,5.434782608695652,0,0,0,0,0,0,2.717391304347826,2.717391304347826,0,0,0,0,0,0,0,0,0,0,0,0,0,0,0,0,0,0,0,0,0,0,0,0,0,0,0,0,0,0,0
plehanov_gzha_breshkovskaya_I.txt_chunk2,plehanov,3.1914893617021276,1.0638297872340425,0,0,9.574468085106384,4.25531914893617,1.0638297872340425,5.319148936170213,2.127659574468085,24.46808510638298,2.127659574468085,2.127659574468085,0,0,1.0638297872340425,0,0,2.127659574468085,0,0,0,0,0,5.319148936170213,0,1.0638297872340425,1.0638297872340425,0,3.1914893617021276,1.0638297872340425,2.127659574468085,1.0638297872340425,0,0,5.319148936170213,5.319148936170213,0,8.51063829787234,1.0638297872340425,1.0638297872340425,6.382978723404255,0,0,5.319148936170213,1.0638297872340425,40.42553191489362,0,4.25531914893617,5.319148936170213,0,4.25531914893617,6.382978723404255,6.382978723404255,0,2.127659574468085,1.0638297872340425,0,0,1.0638297872340425,2.127659574468085,0,1.0638297872340425,0,1.0638297872340425,0,1.0638297872340425,0,4.25531914893617,2.127659574468085,0,1.0638297872340425,0,0,0,8.51063829787234,0,2.127659574468085,24.46808510638298,0,1.0638297872340425,0,0,0,1.0638297872340425,0,2.127659574468085,2.127659574468085,4.25531914893617,0,8.51063829787234,0,0,0,0,0,0,0,15.957446808510637,1.0638297872340425,0,2.127659574468085,0,4.25531914893617,0,3.1914893617021276,0,1.0638297872340425,1.0638297872340425,0,11.702127659574467,0,1.0638297872340425,1.0638297872340425,2.127659574468085,0,2.127659574468085,2.127659574468085,2.127659574468085,1.0638297872340425,0,1.0638297872340425,0,1.0638297872340425,2.127659574468085,0,0,0,2.127659574468085,0,11.702127659574467,0,1.0638297872340425,3.1914893617021276,5.319148936170213,0,1.0638297872340425,4.25531914893617,2.127659574468085,0,21.27659574468085,1.0638297872340425,3.1914893617021276,2.127659574468085,1.0638297872340425,8.51063829787234,2.127659574468085,2.127659574468085,0,1.0638297872340425,1.0638297872340425,5.319148936170213,1.0638297872340425,1.0638297872340425,1.0638297872340425,0,2.127659574468085,3.1914893617021276,0,0,1.0638297872340425,0,0,0,0,1.0638297872340425,3.1914893617021276,3.1914893617021276,0,0,0,0,0,0,1.0638297872340425,0,0,0,0,0,0,14.893617021276597,2.127659574468085,0,1.0638297872340425,0,0,2.127659574468085,0,0,2.127659574468085,0,0,0,3.1914893617021276,1.0638297872340425,0,0,1.0638297872340425,2.127659574468085,0,0,0,2.127659574468085,0,0,6.382978723404255,1.0638297872340425,0,0,0,0,1.0638297872340425,2.127659574468085,1.0638297872340425,0,0,1.0638297872340425,0,0,0,1.0638297872340425,2.127659574468085,1.0638297872340425,0,0,1.0638297872340425,0,1.0638297872340425,0,0,0,2.127659574468085,1.0638297872340425,0,1.0638297872340425,0,2.127659574468085,0,1.0638297872340425,0,0,0,2.127659574468085,0,0,0,0,0,1.0638297872340425,0,1.0638297872340425,5.319148936170213,1.0638297872340425,4.25531914893617,0,0,0,0,1.0638297872340425,1.0638297872340425,0,0,0,6.382978723404255,0,0,2.127659574468085,0,0,0,0,0,0,0,0,0,0,0,0,0,0,0,0,0,1.0638297872340425,0,0,6.382978723404255,0,0,0,0,0,0,0,0,0,0,0,0
plehanov_k_agrarnomu_voprosu_v_Rossii_NQ.txt_chunk1,plehanov,9,1,5,2,3,0,0,1,4,32,0,4,1,2,1,1,0,2,0,0,1,0,0,3,1,2,0,0,7,3,2,2,0,1,3,3,0,7,1,1,4,0,0,3,2,20,1,4,10,2,1,11,8,0,2,1,0,1,0,3,0,1,0,1,0,0,3,1,0,0,4,1,0,0,5,3,0,18,1,0,0,3,1,1,0,2,1,9,4,2,3,1,0,0,0,0,8,3,0,0,2,1,1,1,4,1,3,0,0,7,0,2,0,5,0,0,0,0,7,0,2,3,0,6,1,1,1,4,0,6,5,0,3,2,1,2,4,0,0,19,4,0,0,0,21,2,4,2,0,2,4,2,0,1,2,1,0,1,0,2,0,0,0,0,2,1,1,0,0,0,0,1,0,1,3,3,0,0,1,0,0,0,0,0,0,1,3,0,1,0,0,0,0,4,2,1,0,1,2,0,0,2,3,1,1,2,0,0,0,0,0,0,1,2,0,0,0,0,1,1,0,2,0,0,0,0,1,1,3,2,1,1,1,0,0,1,2,1,0,0,1,2,0,0,0,0,0,0,4,3,0,5,1,2,0,0,0,1,0,1,0,0,0,0,1,0,0,0,0,1,2,0,0,0,0,0,0,0,0,0,0,0,0,0,0,0,0,11,0,0,0,0,0,1,0,0,0,0,0,0
plehanov_k_agrarnomu_voprosu_v_Rossii_NQ.txt_chunk2,plehanov,7,1,0,0,7,0,3,4,2,24,3,2,2,1,1,0,3,5,1,3,0,1,1,0,0,1,0,0,3,0,0,1,5,1,3,1,2,4,0,3,5,0,1,4,1,23,0,7,2,3,5,8,8,0,8,0,1,2,0,4,0,1,0,0,2,1,2,1,0,0,3,2,1,2,11,0,2,22,0,0,0,0,2,3,0,2,1,9,1,5,0,0,0,0,0,1,5,2,8,0,4,1,1,0,3,0,1,0,0,15,1,0,2,3,0,0,1,1,0,1,2,1,1,3,0,0,0,1,0,9,2,1,3,3,1,0,3,0,1,22,0,0,2,0,5,2,0,4,0,0,10,0,2,3,2,0,2,0,0,2,0,0,0,0,1,5,0,2,0,2,0,0,1,1,2,2,0,0,0,1,3,0,1,0,1,1,0,0,0,0,0,0,2,1,0,1,0,0,0,0,3,1,10,2,0,1,0,1,0,0,0,0,0,2,0,2,0,2,0,0,0,5,0,0,1,2,0,2,3,2,2,1,0,0,2,0,0,0,0,0,1,1,0,1,0,0,0,0,2,3,0,1,2,1,0,0,0,0,1,0,0,0,0,0,0,0,2,0,1,0,0,1,0,0,0,0,0,0,0,0,1,0,0,0,0,0,0,1,0,0,0,1,0,0,0,0,0,0,0,0
plehanov_k_agrarnomu_voprosu_v_Rossii_NQ.txt_chunk3,plehanov,11,0,3,1,3,0,2,3,2,26,1,4,1,1,3,0,3,3,1,1,0,0,1,2,1,1,0,1,8,3,1,0,2,2,6,3,2,1,1,1,8,1,0,1,0,20,1,3,10,2,3,6,9,0,1,0,0,2,0,1,0,0,0,0,0,1,1,0,1,0,2,0,0,1,17,1,2,32,1,0,2,0,1,0,0,2,1,12,2,12,0,1,0,0,0,1,3,2,3,0,0,0,0,0,2,0,0,1,1,3,1,1,0,1,0,0,1,0,2,3,1,1,1,0,1,0,0,3,0,10,2,2,5,7,1,3,0,2,0,26,1,2,3,2,12,2,0,0,1,0,15,2,2,0,1,0,3,1,0,2,0,0,1,0,0,2,0,1,0,0,0,1,1,0,0,3,1,0,2,0,0,1,0,0,0,1,2,0,0,1,0,0,0,2,1,0,0,0,1,0,0,0,6,1,0,1,0,0,0,0,0,0,0,1,0,1,0,2,0,0,0,0,0,0,0,2,0,1,2,2,7,0,0,1,1,0,1,0,0,3,0,0,1,1,0,0,1,0,0,5,0,2,0,0,0,0,0,0,0,8,0,2,0,1,2,0,4,0,1,2,0,0,0,0,0,0,1,0,0,0,0,0,0,0,1,1,0,17,1,0,0,0,0,0,0,1,0,2,0,0
plehanov_k_agrarnomu_voprosu_v_Rossii_NQ.txt_chunk6,plehanov,5,1,1,0,11,3,0,2,2,39,3,1,0,0,0,1,1,3,0,1,1,0,2,0,1,1,0,0,2,1,1,1,4,0,9,0,4,5,0,0,2,1,1,6,1,20,0,4,1,1,4,4,5,0,3,0,1,1,0,3,0,0,1,0,0,1,0,0,1,0,1,2,1,0,8,0,0,31,0,0,0,2,1,3,0,1,2,4,4,4,1,0,0,0,2,0,6,2,1,0,3,0,3,0,1,2,4,3,0,3,1,0,0,2,1,0,0,1,1,1,1,1,1,3,0,0,3,2,0,7,1,3,3,4,2,0,2,1,0,15,4,2,2,2,5,3,4,0,0,1,4,1,2,0,0,0,1,2,0,2,0,1,0,0,2,6,0,1,0,1,0,1,1,1,1,2,0,1,4,0,0,0,2,5,1,0,3,0,0,0,0,0,4,1,1,0,2,2,1,0,2,1,1,0,0,3,0,2,0,1,0,0,0,0,0,1,0,0,0,0,1,1,1,0,0,2,0,1,2,1,0,1,0,0,0,0,0,0,0,0,0,0,1,1,1,0,0,0,1,0,0,11,5,2,0,0,0,2,1,5,0,4,0,2,0,0,1,1,0,0,0,2,0,0,0,0,0,0,0,0,0,0,1,0,0,0,0,11,0,0,0,0,0,0,0,0,0,0,0,0
plehanov_k_agrarnomu_voprosu_v_Rossii_NQ.txt_chunk7,plehanov,7.421150278293135,0,0,0,5.565862708719852,0,1.8552875695732838,3.7105751391465676,1.8552875695732838,20.408163265306122,3.7105751391465676,0,1.8552875695732838,0,0,0,0,0,0,0,0,0,3.7105751391465676,0,0,0,0,0,1.8552875695732838,0,1.8552875695732838,0,3.7105751391465676,0,7.421150278293135,5.565862708719852,3.7105751391465676,3.7105751391465676,0,0,12.987012987012989,0,0,0,1.8552875695732838,24.118738404452692,0,3.7105751391465676,7.421150278293135,0,3.7105751391465676,11.131725417439704,11.131725417439704,1.8552875695732838,0,0,0,0,0,1.8552875695732838,0,1.8552875695732838,0,0,1.8552875695732838,3.7105751391465676,1.8552875695732838,1.8552875695732838,0,0,3.7105751391465676,1.8552875695732838,3.7105751391465676,1.8552875695732838,24.118738404452692,0,3.7105751391465676,18.55287569573284,0,1.8552875695732838,1.8552875695732838,1.8552875695732838,1.8552875695732838,0,3.7105751391465676,0,0,16.697588126159555,0,1.8552875695732838,0,0,0,0,0,0,25.974025974025977,0,0,0,3.7105751391465676,0,0,0,5.565862708719852,0,3.7105751391465676,0,0,3.7105751391465676,0,0,0,5.565862708719852,0,0,0,1.8552875695732838,0,0,1.8552875695732838,1.8552875695732838,0,5.565862708719852,1.8552875695732838,0,0,0,0,1.8552875695732838,1.8552875695732838,1.8552875695732838,3.7105751391465676,3.7105751391465676,1.8552875695732838,0,3.7105751391465676,0,0,18.55287569573284,0,0,1.8552875695732838,0,12.987012987012989,5.565862708719852,0,1.8552875695732838,0,0,12.987012987012989,0,0,1.8552875695732838,0,0,3.7105751391465676,0,0,3.7105751391465676,0,0,0,0,0,0,1.8552875695732838,0,0,1.8552875695732838,0,0,0,1.8552875695732838,0,0,1.8552875695732838,0,0,0,0,0,0,0,0,1.8552875695732838,0,1.8552875695732838,0,0,0,0,1.8552875695732838,0,1.8552875695732838,0,1.8552875695732838,0,0,0,0,0,0,3.7105751391465676,0,1.8552875695732838,0,0,0,0,0,0,0,3.7105751391465676,0,5.565862708719852,0,0,0,3.7105751391465676,0,0,0,0,0,3.7105751391465676,0,0,0,0,0,1.8552875695732838,0,0,1.8552875695732838,0,0,0,0,0,0,5.565862708719852,1.8552875695732838,0,0,0,0,0,0,0,0,7.421150278293135,3.7105751391465676,1.8552875695732838,1.8552875695732838,0,1.8552875695732838,0,0,0,0,0,0,0,0,0,0,0,0,0,0,0,0,0,0,0,0,0,0,0,0,0,0,0,0,0,0,14.84230055658627,0,0,0,0,0,0,0,0,0,0,0,0
plehanov_k_voposu_o_zahvate_vlasti_I.txt_chunk1,plehanov,2,0,2,0,4,1,0,2,2,29,2,2,1,1,0,0,4,2,0,2,0,0,0,0,1,0,3,0,9,1,2,0,1,0,4,0,3,0,0,2,5,0,0,3,0,34,0,3,2,6,1,12,9,0,2,1,3,1,1,3,0,1,0,1,0,0,0,1,0,4,0,1,0,0,13,1,5,19,0,0,1,0,0,1,0,0,0,9,2,5,4,0,0,0,0,0,3,1,4,0,2,0,1,0,8,0,1,0,1,9,1,0,0,1,0,1,0,0,2,2,0,0,2,2,2,1,0,1,0,2,6,3,4,1,0,0,1,0,0,6,4,2,1,1,3,6,3,1,0,0,2,2,0,0,0,0,2,1,0,1,0,0,2,1,0,0,0,2,1,1,0,3,1,0,1,2,2,0,0,1,2,0,1,0,0,0,0,3,1,2,0,0,1,2,2,0,4,3,0,0,0,0,1,1,0,1,0,0,0,1,5,1,0,0,1,2,0,2,0,2,1,0,0,1,0,1,0,0,4,1,1,0,2,0,0,0,0,0,1,0,1,0,0,0,0,0,0,1,0,1,0,1,1,1,0,1,0,0,0,1,0,0,1,1,1,0,4,0,5,1,0,1,0,1,0,0,0,3,0,0,0,0,0,8,2,1,1,0,1,0,0,0,0,0,0,2,1,3,0,0
plehanov_krasniy_cyezd_I.txt_chunk2,plehanov,5,1,0,0,17,2,2,4,3,29,4,2,0,0,1,0,0,3,2,0,1,1,1,0,0,0,1,0,10,0,4,0,1,0,5,7,1,4,1,2,2,0,0,2,3,24,0,4,3,2,3,6,4,0,4,1,1,0,0,3,1,1,0,0,0,0,3,1,0,0,3,1,4,1,8,2,2,21,1,1,0,1,4,1,0,1,0,10,0,7,0,1,0,0,1,1,1,3,3,1,3,0,5,2,6,0,0,1,0,9,0,0,1,1,1,2,3,1,0,2,3,0,2,5,0,0,0,4,1,7,0,2,7,4,0,1,1,3,0,17,0,1,0,1,4,2,1,0,0,0,6,3,0,2,2,2,2,0,0,1,0,3,1,0,0,3,1,1,3,0,0,2,1,3,0,1,0,0,1,0,3,0,0,0,2,1,0,1,0,1,0,0,0,9,2,0,2,1,0,0,0,0,11,1,1,1,0,0,0,0,0,0,1,1,0,0,0,0,1,0,0,0,0,0,0,0,1,0,0,1,0,0,4,0,0,0,0,0,0,0,0,0,1,0,2,0,0,1,1,3,1,3,0,0,0,0,0,0,0,1,2,0,0,2,0,0,0,3,3,0,0,0,0,0,1,0,0,1,2,0,0,0,0,0,0,0,1,0,3,0,0,0,0,0,0,1,0,0,0,0
plehanov_krasniy_cyezd_I.txt_chunk3,plehanov,1.2406947890818858,0,1.2406947890818858,1.2406947890818858,7.444168734491315,2.4813895781637716,1.2406947890818858,2.4813895781637716,2.4813895781637716,29.77667493796526,2.4813895781637716,0,0,0,0,0,3.7220843672456576,1.2406947890818858,0,1.2406947890818858,1.2406947890818858,0,1.2406947890818858,2.4813895781637716,3.7220843672456576,1.2406947890818858,1.2406947890818858,0,3.7220843672456576,0,0,0,1.2406947890818858,0,7.444168734491315,3.7220843672456576,0,2.4813895781637716,0,1.2406947890818858,2.4813895781637716,0,0,1.2406947890818858,0,26.054590570719604,0,7.444168734491315,0,1.2406947890818858,2.4813895781637716,6.20347394540943,11.166253101736972,0,1.2406947890818858,0,3.7220843672456576,0,0,1.2406947890818858,0,0,1.2406947890818858,0,0,1.2406947890818858,0,0,0,1.2406947890818858,0,1.2406947890818858,0,0,13.647642679900745,0,0,11.166253101736972,1.2406947890818858,0,1.2406947890818858,0,1.2406947890818858,0,1.2406947890818858,1.2406947890818858,0,8.6848635235732,1.2406947890818858,2.4813895781637716,0,0,1.2406947890818858,0,0,0,3.7220843672456576,2.4813895781637716,1.2406947890818858,2.4813895781637716,3.7220843672456576,1.2406947890818858,4.962779156327543,0,4.962779156327543,2.4813895781637716,1.2406947890818858,1.2406947890818858,0,8.6848635235732,1.2406947890818858,0,0,3.7220843672456576,1.2406947890818858,0,0,0,1.2406947890818858,1.2406947890818858,0,0,1.2406947890818858,4.962779156327543,0,0,2.4813895781637716,3.7220843672456576,3.7220843672456576,9.925558312655086,2.4813895781637716,3.7220843672456576,4.962779156327543,0,1.2406947890818858,0,3.7220843672456576,4.962779156327543,0,21.091811414392062,2.4813895781637716,1.2406947890818858,0,1.2406947890818858,9.925558312655086,3.7220843672456576,1.2406947890818858,1.2406947890818858,0,2.4813895781637716,0,0,0,1.2406947890818858,1.2406947890818858,0,1.2406947890818858,0,1.2406947890818858,0,0,0,2.4813895781637716,0,1.2406947890818858,0,0,2.4813895781637716,0,0,0,0,0,0,0,1.2406947890818858,0,1.2406947890818858,2.4813895781637716,0,0,0,0,0,2.4813895781637716,0,2.4813895781637716,1.2406947890818858,0,0,1.2406947890818858,0,1.2406947890818858,2.4813895781637716,2.4813895781637716,1.2406947890818858,0,3.7220843672456576,1.2406947890818858,1.2406947890818858,0,0,4.962779156327543,0,1.2406947890818858,2.4813895781637716,0,0,0,0,0,0,0,1.2406947890818858,0,1.2406947890818858,0,1.2406947890818858,0,0,0,1.2406947890818858,0,0,0,3.7220843672456576,0,0,3.7220843672456576,1.2406947890818858,1.2406947890818858,1.2406947890818858,0,0,1.2406947890818858,2.4813895781637716,2.4813895781637716,0,0,2.4813895781637716,0,0,0,0,0,1.2406947890818858,1.2406947890818858,1.2406947890818858,1.2406947890818858,0,0,8.6848635235732,0,2.4813895781637716,0,0,2.4813895781637716,1.2406947890818858,0,1.2406947890818858,1.2406947890818858,0,1.2406947890818858,1.2406947890818858,0,0,0,0,4.962779156327543,0,0,0,1.2406947890818858,0,0,0,0,0,0,0,1.2406947890818858,0,0,0,1.2406947890818858,0,1.2406947890818858,2.4813895781637716,2.4813895781637716,0,0,0,1.2406947890818858,2.4813895781637716,0,0,0,0,0,0
plehanov_logika_rus_terrorizma_I.txt_chunk1,plehanov,6,0,5,1,6,2,0,1,0,27,4,0,0,0,1,0,2,3,1,0,0,0,0,2,0,0,1,0,4,1,1,2,1,0,4,0,1,4,3,1,10,1,1,6,0,17,0,0,2,0,1,3,8,0,4,0,1,2,0,0,0,0,0,3,0,0,0,0,0,0,4,1,1,1,9,1,1,15,0,1,0,0,4,0,0,0,0,11,0,3,1,0,0,2,0,0,3,6,0,1,0,0,1,1,8,0,1,2,3,6,0,0,0,1,1,0,0,0,1,0,2,0,2,4,0,1,0,0,0,8,4,1,5,4,2,1,2,4,0,23,1,1,0,0,13,3,2,3,0,0,0,0,0,1,5,0,1,1,0,3,0,0,0,0,3,1,1,2,1,0,0,0,1,0,0,4,0,0,2,0,2,0,0,1,0,0,0,2,0,2,0,0,0,0,0,0,1,1,1,0,0,0,0,0,0,1,2,0,0,5,1,0,0,1,0,0,0,2,0,3,1,3,0,0,0,1,0,2,5,1,0,0,2,0,1,0,0,1,0,0,0,0,1,2,0,0,0,1,1,1,0,8,2,1,0,0,0,0,0,5,1,0,2,1,0,0,0,1,0,0,0,0,0,0,0,2,0,0,0,6,0,0,0,0,0,0,0,0,0,0,0,0,0,0,1,0,0,0,0,0
plehanov_martovskie_idy_I.txt_chunk2,plehanov,4,2,0,0,11,2,4,5,0,22,2,0,0,0,1,0,2,3,0,0,0,1,0,0,1,1,4,0,0,0,0,0,0,0,9,1,1,4,0,1,3,2,0,2,0,38,0,6,3,2,1,2,12,1,1,0,0,0,0,1,0,1,1,1,4,6,0,0,3,0,0,1,0,1,6,1,0,15,0,1,0,0,2,3,1,0,0,7,0,2,1,1,0,0,0,0,2,1,3,1,0,0,1,0,4,2,1,0,0,10,1,2,0,3,0,0,2,2,2,0,0,0,0,2,0,1,0,2,0,3,3,0,6,2,1,2,0,2,0,8,1,3,3,3,4,1,3,1,0,0,0,2,0,2,3,0,1,3,0,2,0,1,1,0,1,0,2,0,0,2,0,4,0,0,3,3,1,0,6,1,5,0,1,5,0,0,2,1,0,2,1,0,0,0,0,2,0,0,3,0,2,1,0,0,0,0,2,0,0,2,0,0,0,1,0,0,0,0,2,5,1,0,1,3,1,1,0,0,2,2,1,1,1,0,2,0,0,0,0,0,0,0,2,3,0,1,0,0,0,1,0,1,1,1,0,0,0,0,0,1,0,0,0,1,1,0,1,1,3,0,1,0,0,0,0,0,0,0,0,0,0,1,0,1,3,1,5,0,0,0,0,0,0,0,0,1,0,0,0,0
plehanov_na_poroge_20v_I.txt_chunk1,plehanov,4,0,5,0,6,0,1,1,2,33,1,0,0,0,1,0,2,2,0,1,0,0,2,0,1,0,1,0,8,0,0,1,0,0,10,3,0,1,1,2,2,1,4,7,1,43,0,3,3,2,8,3,6,1,1,0,0,0,1,2,1,0,0,4,1,3,0,0,1,0,4,1,0,1,6,0,0,11,1,0,0,0,6,0,1,5,1,8,0,2,0,2,0,1,0,0,5,1,0,0,2,1,2,2,2,0,1,0,0,3,0,0,1,1,0,0,1,0,0,2,1,1,0,4,1,1,2,3,0,3,0,1,1,2,2,0,0,4,0,12,0,0,1,1,5,5,0,2,1,0,0,1,0,1,0,1,0,0,0,0,0,0,0,0,1,1,1,0,0,2,2,1,0,0,2,3,1,0,4,3,0,0,2,2,0,0,2,0,1,2,1,0,0,0,0,0,0,1,4,1,1,4,2,0,0,2,2,1,1,2,1,0,0,1,1,0,0,2,1,3,0,0,0,0,5,0,1,0,1,5,0,0,3,0,0,0,1,0,0,2,0,0,0,0,0,0,0,0,1,1,0,5,2,2,0,0,0,0,0,1,0,0,0,0,0,0,2,1,2,0,0,0,4,0,0,0,0,1,0,0,0,0,0,0,0,0,1,0,0,0,0,0,0,0,0,2,0,1,0,0
plehanov_neosnovat_opaseniya.txt_chunk1,plehanov,5.167958656330749,3.875968992248062,5.167958656330749,0,10.335917312661499,0,1.2919896640826873,5.167958656330749,1.2919896640826873,19.37984496124031,1.2919896640826873,0,0,0,1.2919896640826873,0,1.2919896640826873,2.5839793281653747,0,0,0,0,0,0,1.2919896640826873,0,5.167958656330749,0,6.459948320413436,1.2919896640826873,1.2919896640826873,0,1.2919896640826873,0,0,2.5839793281653747,1.2919896640826873,3.875968992248062,3.875968992248062,3.875968992248062,1.2919896640826873,0,0,0,0,25.839793281653744,0,1.2919896640826873,5.167958656330749,5.167958656330749,5.167958656330749,1.2919896640826873,3.875968992248062,0,6.459948320413436,2.5839793281653747,1.2919896640826873,0,0,0,0,2.5839793281653747,1.2919896640826873,0,0,0,0,2.5839793281653747,1.2919896640826873,0,2.5839793281653747,0,1.2919896640826873,0,9.04392764857881,2.5839793281653747,0,31.007751937984494,1.2919896640826873,2.5839793281653747,0,1.2919896640826873,3.875968992248062,0,0,2.5839793281653747,0,6.459948320413436,0,1.2919896640826873,0,0,0,0,0,0,5.167958656330749,9.04392764857881,5.167958656330749,0,2.5839793281653747,0,0,2.5839793281653747,3.875968992248062,0,0,1.2919896640826873,0,7.751937984496124,0,0,1.2919896640826873,5.167958656330749,0,1.2919896640826873,0,0,2.5839793281653747,3.875968992248062,1.2919896640826873,0,0,2.5839793281653747,0,0,0,0,0,10.335917312661499,2.5839793281653747,1.2919896640826873,3.875968992248062,3.875968992248062,2.5839793281653747,0,6.459948320413436,2.5839793281653747,0,28.42377260981912,0,0,2.5839793281653747,0,7.751937984496124,1.2919896640826873,2.5839793281653747,0,0,1.2919896640826873,10.335917312661499,0,0,0,0,0,0,0,0,5.167958656330749,0,1.2919896640826873,0,0,1.2919896640826873,0,1.2919896640826873,0,0,0,0,2.5839793281653747,1.2919896640826873,0,0,2.5839793281653747,2.5839793281653747,0,5.167958656330749,1.2919896640826873,9.04392764857881,0,0,0,0,0,1.2919896640826873,3.875968992248062,0,2.5839793281653747,0,0,6.459948320413436,5.167958656330749,1.2919896640826873,0,0,2.5839793281653747,1.2919896640826873,5.167958656330749,0,0,2.5839793281653747,0,0,1.2919896640826873,0,1.2919896640826873,1.2919896640826873,0,0,0,0,5.167958656330749,1.2919896640826873,0,0,0,0,5.167958656330749,0,1.2919896640826873,0,0,0,1.2919896640826873,0,0,2.5839793281653747,1.2919896640826873,0,0,1.2919896640826873,0,1.2919896640826873,0,0,0,0,1.2919896640826873,1.2919896640826873,0,0,0,0,0,0,1.2919896640826873,0,2.5839793281653747,0,0,7.751937984496124,1.2919896640826873,0,0,0,0,0,0,0,0,0,0,0,0,0,0,6.459948320413436,0,1.2919896640826873,0,3.875968992248062,0,0,0,0,0,0,0,0,0,0,0,0,0,1.2919896640826873,0,0,0,0,0,0,1.2919896640826873,0,0,0,2.5839793281653747,0,0
plehanov_otvet_sionistam_I.txt_chunk1,plehanov,7,0,0,0,8,0,0,9,3,28,0,2,0,2,2,1,0,4,0,0,0,1,2,3,2,3,3,0,5,0,0,0,1,0,7,2,1,4,0,0,5,0,0,1,3,26,0,5,3,1,2,5,8,0,1,1,0,3,0,0,0,1,0,0,0,0,6,3,0,0,4,0,0,0,17,0,1,30,2,0,0,0,4,0,1,2,2,12,2,11,3,0,0,1,2,0,8,0,7,1,4,1,3,0,4,0,1,0,1,11,3,0,1,2,0,1,2,1,1,2,2,0,2,3,0,0,1,3,0,11,4,1,4,4,1,0,1,5,0,34,4,2,1,0,14,7,2,2,1,0,11,1,1,0,0,0,2,0,0,0,0,0,3,0,4,3,1,1,0,0,0,0,0,0,0,1,1,0,4,0,0,1,1,0,1,0,0,1,0,1,1,0,2,2,0,0,2,2,0,2,0,0,4,1,0,3,0,0,0,0,0,0,1,1,2,1,0,1,0,0,0,6,1,0,0,0,0,0,1,0,0,0,4,0,1,0,1,1,1,0,0,2,2,0,0,1,0,0,0,1,0,0,1,0,0,0,2,2,0,0,2,0,0,1,0,0,0,0,1,1,1,0,0,0,1,0,0,0,0,0,0,0,0,0,0,0,0,1,0,0,0,0,0,0,0,0,0,0,0,0
plehanov_pervie_frazy_uchenia.txt_chunk11,plehanov,4,1,0,0,2,1,2,0,1,31,1,0,0,0,1,0,1,4,0,3,0,0,0,0,0,1,1,0,1,1,0,0,1,3,5,4,0,5,2,4,2,4,0,4,0,37,0,5,1,2,4,7,9,0,1,0,1,0,0,2,0,0,1,1,0,2,0,0,0,1,1,3,2,0,12,0,0,12,1,0,0,0,0,0,1,3,0,6,0,1,1,2,0,2,1,0,3,3,5,1,1,1,0,0,4,1,1,1,1,13,1,0,1,0,0,0,0,2,0,0,0,1,3,3,2,1,2,3,2,12,0,0,2,1,0,0,1,3,1,23,1,1,2,1,6,1,2,2,0,0,0,1,1,2,0,0,2,1,1,0,0,0,0,1,0,3,0,1,0,3,0,2,1,0,0,2,2,0,2,2,14,0,1,0,0,0,0,2,0,2,0,0,0,0,0,0,1,4,0,0,3,5,1,1,0,1,2,1,0,0,1,3,0,0,0,3,0,0,0,1,0,0,0,1,3,1,0,0,0,0,1,0,1,1,1,0,0,1,2,0,0,0,0,0,0,2,1,0,0,0,0,3,0,2,1,0,0,0,0,0,0,0,0,1,0,0,0,1,0,0,0,7,2,0,0,0,0,2,0,0,0,0,0,0,0,0,0,0,0,0,0,0,0,8,0,0,0,1,0,0
plehanov_pervie_frazy_uchenia.txt_chunk14,plehanov,2,0,1,0,7,1,3,3,2,31,3,0,0,0,1,0,2,1,2,0,0,0,3,1,0,0,1,0,5,1,3,0,0,0,7,7,1,2,3,2,3,1,0,2,1,35,0,5,5,2,0,10,3,1,3,0,2,1,0,3,0,0,0,3,0,0,0,0,0,0,5,2,0,2,11,2,0,24,0,3,1,3,6,0,1,2,1,10,2,2,1,0,0,1,0,0,1,5,3,0,6,0,0,0,1,3,3,1,1,7,0,1,0,0,0,2,3,1,1,0,0,0,0,3,1,1,3,2,0,8,4,0,5,8,2,0,0,0,0,25,5,1,1,1,7,2,3,1,0,0,0,3,0,2,2,2,1,0,0,2,0,2,1,2,0,2,0,0,0,1,0,0,0,3,0,3,2,0,2,2,4,0,0,0,0,0,5,0,1,1,0,0,0,0,0,1,0,2,0,0,1,0,4,1,0,0,2,0,1,3,0,0,1,2,2,0,0,0,1,1,0,0,0,0,1,1,2,0,1,0,0,0,0,0,1,0,0,1,0,0,0,1,0,0,0,0,0,0,1,1,0,6,0,0,0,0,0,0,0,1,0,0,2,1,0,0,0,0,3,1,1,0,1,0,1,0,0,0,0,0,1,1,0,0,0,1,0,0,2,1,1,0,0,1,0,2,0,1,0,0
plehanov_pervie_frazy_uchenia.txt_chunk2,plehanov,6,2,1,1,3,4,5,2,1,37,7,0,0,0,1,0,3,3,2,2,3,0,0,2,4,0,1,1,6,0,0,0,0,0,3,3,0,1,1,4,3,0,2,6,0,42,0,1,4,2,5,5,2,1,2,0,0,2,1,2,1,1,1,4,1,2,2,1,1,1,0,1,0,0,3,0,0,8,1,0,0,1,0,1,0,2,1,6,0,4,2,0,0,0,0,0,3,1,4,0,6,0,0,0,0,1,0,0,0,5,0,1,1,0,1,1,5,0,2,0,0,0,1,5,1,0,0,2,0,4,5,1,4,1,1,1,1,3,1,13,2,1,3,0,6,1,2,1,1,0,0,0,0,6,1,0,2,0,0,0,0,2,0,0,0,3,0,0,0,1,0,2,0,1,4,3,1,0,4,0,3,0,1,0,0,2,1,1,0,3,0,0,0,0,0,0,0,0,0,0,2,0,0,2,0,0,0,0,0,2,0,0,0,0,0,1,4,1,0,0,0,0,0,1,0,3,0,1,0,1,0,0,0,0,0,1,0,0,0,0,1,0,0,3,0,1,0,0,0,1,0,8,1,0,0,1,0,1,0,1,1,0,1,0,0,0,1,0,0,2,0,0,0,2,0,0,0,0,0,0,0,0,0,1,0,0,0,0,0,0,1,0,0,0,2,0,0,2,0,0
plehanov_pervie_frazy_uchenia.txt_chunk7,plehanov,7,1,0,0,1,1,2,2,0,35,3,3,0,0,0,0,5,3,1,0,0,0,0,1,0,0,4,0,4,1,0,0,3,0,7,4,1,3,2,1,2,0,0,1,1,26,2,3,3,2,5,10,14,3,4,1,0,0,0,4,0,0,1,1,0,1,0,0,0,1,1,1,0,0,12,2,1,24,0,0,0,0,0,0,0,2,1,6,1,9,1,0,0,0,0,0,7,3,8,0,5,0,2,3,5,1,1,0,2,10,0,1,1,5,1,2,3,0,0,0,0,1,0,3,0,1,0,0,0,4,0,0,2,1,2,2,3,1,1,18,0,0,0,0,5,1,2,1,3,0,5,1,0,0,2,0,1,0,1,2,0,1,0,2,0,2,0,0,1,1,1,3,0,2,0,4,1,0,0,2,6,0,0,1,0,3,5,2,0,1,1,0,0,0,0,0,1,2,2,0,2,0,2,1,0,0,1,4,6,6,0,0,1,0,0,1,0,0,1,3,1,0,0,0,0,0,0,1,3,0,0,1,1,0,0,0,0,0,0,0,0,0,0,1,0,0,0,0,0,0,1,4,0,0,1,1,0,0,0,0,0,0,1,0,1,1,3,1,3,0,1,0,5,1,1,0,1,0,0,1,0,0,1,1,0,0,1,0,0,0,5,0,0,0,0,1,0,1,0,0
plehanov_pervie_frazy_uchenia.txt_chunk8,plehanov,7,0,0,0,2,6,0,2,1,24,3,0,0,0,0,0,0,0,0,1,0,3,0,3,0,0,1,0,2,0,0,0,1,3,2,1,1,2,9,5,9,0,0,5,1,28,0,3,4,3,10,5,7,11,7,1,0,0,0,4,0,0,0,0,0,6,0,1,1,1,1,0,1,1,9,0,0,13,0,0,0,0,1,0,0,1,0,10,1,5,0,2,0,0,0,2,2,1,10,0,5,1,5,0,4,0,0,0,0,13,2,0,0,1,0,0,1,0,1,0,2,1,0,3,0,2,0,4,2,5,3,1,2,5,1,0,4,2,0,22,0,1,1,0,9,0,3,2,0,0,3,1,0,3,2,0,0,0,0,0,0,0,1,7,0,0,0,2,1,0,0,3,0,2,0,3,0,1,4,0,6,1,0,0,0,0,2,0,0,1,0,0,1,0,0,3,0,3,2,0,0,0,0,2,0,1,10,6,6,7,1,0,5,0,0,1,1,1,0,0,1,0,0,0,0,1,1,0,1,1,1,0,0,0,1,1,0,0,0,0,0,0,0,0,0,0,0,0,1,0,0,6,1,0,1,2,1,3,0,1,0,4,1,0,0,0,0,0,2,0,1,0,3,0,0,0,0,0,0,0,0,0,1,0,0,0,0,0,0,0,2,0,0,3,0,0,0,2,0,0
plehanov_pervie_frazy_uchenia.txt_chunk9,plehanov,7,1,0,0,5,1,1,4,3,32,3,0,0,0,0,0,0,3,3,0,1,1,4,0,0,0,0,0,3,0,0,0,0,1,9,1,0,5,1,9,4,1,0,4,0,42,0,7,5,2,4,2,7,5,1,1,0,1,0,3,0,2,0,1,0,5,0,0,1,1,2,4,0,1,9,1,0,23,0,1,0,3,1,0,1,3,1,12,5,6,0,1,1,0,2,0,1,2,4,1,7,0,4,0,2,0,0,0,0,8,1,0,0,0,0,1,1,0,0,0,3,0,4,1,1,0,6,3,0,7,3,0,10,0,1,1,1,2,2,16,0,1,2,3,3,3,0,0,0,0,0,1,1,4,0,2,1,0,0,1,0,1,3,2,1,2,0,2,0,2,0,1,3,1,0,1,2,1,3,0,6,0,0,2,0,0,1,0,2,0,0,0,1,0,0,1,0,2,1,1,3,0,0,1,0,0,9,2,3,7,0,0,0,3,0,0,0,0,0,4,0,0,0,0,1,0,0,0,1,3,0,2,0,0,1,0,0,0,2,0,1,1,1,0,0,1,0,0,0,1,0,3,0,0,0,1,0,0,0,0,0,4,0,0,1,0,1,0,0,1,1,1,0,0,0,0,0,0,0,0,0,0,0,0,0,0,0,0,0,0,8,0,1,0,0,0,0,0,0,0
plehanov_pessimizm_kak_otrazhenie.txt_chunk3,plehanov,7,0,0,0,4,2,5,13,3,23,2,1,0,0,0,0,0,3,0,0,1,0,0,2,1,0,1,0,9,0,0,0,0,0,3,5,3,2,0,3,5,1,1,5,1,34,0,4,4,4,3,7,3,0,1,0,0,0,0,1,2,1,0,1,2,1,0,0,4,0,3,1,2,0,20,0,1,27,3,1,0,1,1,1,1,4,4,11,1,1,0,1,1,0,1,0,3,0,3,0,1,0,1,0,6,2,0,0,0,8,0,3,1,1,0,0,1,0,0,2,0,1,2,4,0,2,1,2,0,9,1,2,5,2,1,0,9,2,0,22,3,0,3,0,2,4,1,0,0,0,0,0,0,1,0,0,1,1,0,1,0,2,0,0,1,3,0,3,0,1,0,0,0,2,0,6,1,0,3,0,0,0,0,0,0,0,0,0,0,1,2,0,5,0,0,1,0,0,0,0,3,1,0,1,0,2,0,0,0,0,0,0,1,2,0,2,0,0,0,0,0,4,1,0,0,2,0,0,4,2,2,0,1,0,1,0,0,1,0,0,1,0,0,1,0,0,0,0,0,2,0,8,4,2,0,1,0,0,0,2,0,0,0,1,0,0,1,0,0,0,1,0,0,0,0,1,0,0,0,1,1,0,0,0,0,0,0,0,0,0,0,0,0,0,0,0,0,0,0,0
plehanov_pessimizm_kak_otrazhenie.txt_chunk6,plehanov,6,1,0,0,11,0,1,2,2,29,1,2,0,0,2,1,2,6,0,0,0,0,0,1,0,0,1,0,1,0,0,0,0,1,7,1,4,1,1,1,3,0,2,2,1,58,1,5,1,0,4,6,12,0,4,0,1,0,0,0,1,1,0,0,0,4,0,2,0,0,0,2,0,0,3,0,1,21,0,0,0,4,6,2,1,1,1,5,0,5,0,0,7,2,3,0,14,1,3,0,4,0,1,0,7,0,2,0,0,6,0,0,1,1,0,0,3,0,1,1,0,2,0,3,1,0,0,3,0,5,1,0,4,0,0,1,1,5,0,22,1,0,2,2,5,1,0,1,1,0,4,0,1,12,0,0,5,1,0,6,0,0,2,0,0,1,0,1,0,1,1,4,0,0,0,1,1,0,0,1,9,0,0,0,0,0,0,1,1,1,0,0,0,0,0,0,1,0,0,0,1,0,0,0,0,1,0,0,0,0,0,0,0,1,0,0,3,0,0,0,0,0,0,0,0,2,1,1,3,1,0,1,2,0,0,0,4,0,0,2,0,2,1,0,0,0,0,0,0,2,1,6,2,1,0,0,0,0,0,1,0,0,0,0,1,1,0,1,0,0,0,0,0,0,0,0,0,0,0,0,1,0,0,0,0,0,0,0,0,0,0,0,0,0,0,0,0,0,0,0
plehanov_pessimizm_kak_otrazhenie.txt_chunk7,plehanov,11,0,2,0,1,3,2,4,3,23,3,1,0,0,0,2,0,4,0,0,0,0,0,1,0,0,2,0,3,0,0,0,0,0,7,3,1,4,1,1,3,2,1,1,0,47,1,3,1,2,2,7,4,0,8,2,0,2,0,2,1,1,0,5,2,1,2,1,0,0,0,0,1,0,14,0,1,22,1,1,0,4,1,3,0,1,0,8,0,0,1,1,0,0,1,1,8,4,1,0,6,0,1,1,3,0,1,0,0,14,0,1,1,0,1,0,2,0,3,2,0,0,7,2,1,0,0,2,0,4,5,0,0,2,0,0,7,0,1,16,0,1,0,2,8,1,4,2,0,0,4,0,1,4,0,0,1,0,1,2,1,1,0,0,0,1,0,1,1,1,0,0,0,1,0,2,1,0,3,0,5,1,1,0,0,1,0,1,1,0,0,0,0,0,0,0,0,0,0,0,1,0,0,1,0,2,0,0,0,0,1,0,0,0,0,2,6,0,0,0,0,1,2,1,1,3,0,2,2,1,2,6,0,1,0,0,1,0,0,1,1,0,2,1,1,1,0,0,4,2,0,1,2,1,0,0,0,2,0,2,0,0,0,0,1,4,1,1,0,0,1,1,0,1,0,0,0,0,0,0,0,0,0,0,0,0,0,0,0,0,0,0,0,0,0,0,0,0,0,0
plehanov_police_anisemitizm_I.txt_chunk1,plehanov,9,0,0,0,9,1,4,8,2,28,2,2,0,0,2,0,1,6,1,1,2,1,1,1,0,1,1,0,4,0,0,0,0,1,5,5,1,4,2,2,4,0,0,1,0,34,1,3,2,1,1,5,4,0,4,0,0,1,1,1,0,3,4,3,1,2,0,1,1,0,0,0,0,0,12,0,0,33,0,0,0,0,6,0,0,1,4,9,0,2,0,0,1,1,0,0,2,1,2,0,4,1,3,0,5,1,0,0,1,7,1,1,0,0,0,1,0,1,0,2,1,0,2,2,0,0,0,1,0,6,1,0,4,0,2,0,2,0,0,18,1,2,0,0,5,3,3,2,0,0,3,2,0,0,0,2,0,0,0,2,0,0,0,0,0,4,3,0,0,1,1,0,0,0,0,1,1,1,0,1,11,0,0,1,0,1,0,1,0,1,0,0,0,0,0,0,0,1,0,0,0,0,1,0,0,3,0,0,0,0,1,0,0,0,0,0,0,0,0,0,0,0,0,0,0,1,0,1,5,5,0,0,1,1,1,0,2,0,2,0,1,2,0,1,0,0,1,0,1,3,1,4,3,3,1,0,0,0,1,1,1,0,0,1,0,0,1,0,1,0,0,0,0,0,0,2,0,1,0,0,0,2,0,0,0,0,0,0,1,0,0,0,0,0,0,0,0,0,0,0
plehanov_slovo_prinadlezhit_menshevikam.txt_chunk2,plehanov,13.333333333333334,0,13.333333333333334,0,13.333333333333334,13.333333333333334,0,0,13.333333333333334,0,0,13.333333333333334,0,0,0,0,0,0,0,0,0,0,0,0,0,0,0,0,0,0,0,13.333333333333334,0,0,0,0,0,0,0,0,13.333333333333334,0,0,13.333333333333334,0,26.666666666666668,0,0,0,0,0,13.333333333333334,0,0,0,0,0,0,0,0,0,0,0,0,0,0,0,0,0,0,0,0,0,0,26.666666666666668,0,0,40,0,0,13.333333333333334,0,13.333333333333334,0,0,0,0,26.666666666666668,0,0,0,0,0,0,0,0,0,0,0,0,0,0,0,13.333333333333334,0,0,0,0,0,0,0,0,0,0,0,0,0,0,0,0,0,0,0,0,0,0,0,0,0,13.333333333333334,0,0,0,0,0,13.333333333333334,13.333333333333334,0,0,0,0,0,0,0,0,0,0,0,0,0,0,0,0,0,0,0,0,0,0,0,0,0,0,0,0,0,0,0,0,0,0,0,0,0,0,0,0,0,0,0,0,0,0,0,0,0,0,13.333333333333334,0,0,0,0,0,0,0,0,0,0,0,0,0,0,0,0,0,0,0,0,0,0,0,0,0,0,0,0,0,0,0,0,0,0,0,0,0,0,0,0,0,0,0,0,0,0,0,0,0,13.333333333333334,0,0,0,0,0,0,0,0,0,0,0,0,0,0,0,0,0,0,13.333333333333334,0,0,0,0,0,0,0,0,0,0,0,0,0,0,0,0,0,0,0,0,0,0,0,0,0,0,0,0,0,0,0,0,0,0,0,0,0,0,0,0,0,0,0
plehanov_uspenskiy.txt_chunk1,plehanov,3,0,0,0,3,1,0,5,0,26,3,0,0,0,1,1,1,4,1,3,2,0,1,0,1,0,1,0,5,3,0,0,0,1,17,3,3,1,0,1,2,4,1,2,0,55,0,3,5,0,4,2,8,0,1,1,0,1,0,3,1,0,0,0,1,4,0,0,0,0,1,0,0,0,5,3,0,15,2,2,0,0,1,2,0,0,0,8,0,6,1,1,0,0,0,2,25,2,0,0,1,0,1,2,6,0,2,0,0,20,0,0,1,2,0,2,1,0,1,1,1,1,0,0,2,1,0,2,0,7,0,0,4,3,0,1,2,1,0,14,1,0,2,0,3,1,0,2,0,0,1,1,0,1,0,0,2,0,1,1,0,0,2,0,0,3,0,1,1,0,0,1,0,2,1,2,1,2,5,0,1,0,0,0,0,1,0,0,1,1,2,0,1,0,0,0,0,0,0,0,0,0,0,2,0,1,0,0,0,0,0,0,0,2,0,0,1,1,0,0,1,2,0,0,0,0,0,1,3,2,0,1,2,0,2,0,0,0,0,0,1,0,1,0,1,0,2,1,0,0,0,2,0,0,0,0,0,1,1,0,2,1,0,0,0,3,0,0,1,2,1,0,0,0,3,0,0,0,0,0,0,0,0,0,0,0,0,0,0,0,0,0,0,0,0,0,0,0,0,0
plehanov_uspenskiy.txt_chunk11,plehanov,5,1,6,0,5,1,3,2,2,20,0,1,0,1,2,0,1,4,2,1,2,1,2,1,0,1,0,1,7,3,0,0,2,0,8,0,2,1,2,1,3,5,2,1,0,34,1,6,4,5,5,9,11,0,2,0,0,0,0,0,0,1,4,0,1,1,0,0,4,0,5,1,0,0,5,1,7,21,4,2,1,1,4,1,3,2,1,9,1,8,1,1,0,1,0,0,13,0,1,0,1,0,0,1,6,0,0,0,0,13,2,1,0,0,0,0,1,0,4,1,1,0,1,3,1,0,1,1,1,6,5,0,3,3,2,3,4,2,0,20,2,0,0,0,3,1,0,1,1,0,1,2,0,4,0,0,2,1,1,0,0,0,1,0,1,3,1,2,0,0,1,0,0,0,2,3,0,1,2,1,2,0,0,0,0,0,0,1,0,2,2,0,2,0,0,2,0,0,0,0,0,0,0,0,0,3,0,0,0,1,0,0,0,1,0,2,0,0,0,0,0,0,1,0,0,2,0,0,1,1,2,0,0,1,0,0,2,1,0,1,0,1,0,0,1,0,2,1,0,0,0,8,1,3,0,0,0,0,0,1,0,0,0,0,1,4,0,2,0,0,0,0,0,0,1,1,0,0,0,0,0,0,0,0,0,0,0,0,0,0,0,0,0,0,0,0,0,0,0,0
plehanov_uspenskiy.txt_chunk13,plehanov,5,0,1,0,4,0,0,3,0,24,1,0,0,0,0,0,1,4,0,0,0,0,1,3,0,0,0,0,2,1,0,1,0,0,10,2,1,3,2,5,4,0,0,3,0,37,0,0,1,0,2,9,5,0,0,0,0,0,0,1,1,0,1,1,2,1,0,0,0,0,3,1,0,0,12,0,0,26,4,0,1,3,4,4,1,1,0,9,1,3,1,0,1,0,1,0,14,3,1,1,6,0,0,0,5,0,1,0,1,17,0,0,0,2,1,0,4,2,0,0,0,0,1,2,1,0,0,1,1,5,1,0,3,0,2,0,4,3,0,17,2,0,1,0,2,2,1,0,2,0,0,1,0,1,0,1,0,0,0,3,0,0,2,1,1,0,0,1,0,1,2,0,0,0,0,1,0,0,1,2,0,0,0,0,0,0,0,3,1,0,0,0,0,0,0,0,0,1,0,0,3,0,0,2,0,0,0,0,0,0,1,0,0,0,0,0,0,0,0,0,0,0,2,0,0,1,0,1,0,0,0,6,1,1,1,0,0,0,0,1,0,3,0,0,2,0,0,0,0,1,2,3,3,0,0,0,0,0,1,2,0,0,0,1,0,0,0,0,0,2,1,3,0,0,1,0,0,0,0,0,0,1,0,0,0,0,1,0,0,0,0,0,0,0,0,1,0,0,0,0
plehanov_uspenskiy.txt_chunk14,plehanov,10,1,0,0,2,0,1,0,2,29,3,0,0,0,0,0,0,2,0,1,0,1,2,0,1,1,1,0,3,0,0,0,0,0,9,1,1,1,4,3,6,0,3,3,0,38,0,1,2,1,0,9,17,0,2,0,0,0,0,0,0,0,0,0,0,3,1,1,0,0,2,1,0,0,7,0,0,28,0,2,0,0,5,2,2,0,2,6,1,8,1,1,0,0,0,0,10,1,1,0,2,0,1,2,8,1,0,3,0,7,1,1,2,1,0,0,0,2,1,1,1,0,1,7,0,0,2,3,0,7,2,0,6,7,0,0,1,1,0,15,2,0,1,2,6,2,0,1,2,1,3,1,3,2,0,1,1,1,0,4,0,4,0,0,2,2,0,0,1,0,0,0,0,0,0,1,0,1,0,0,2,0,0,0,0,0,0,1,1,1,0,0,1,0,0,0,0,0,0,0,0,0,0,0,0,2,0,0,0,0,0,0,0,2,0,0,1,1,0,0,0,1,0,0,0,1,0,1,0,1,0,1,3,0,0,1,2,0,0,2,1,2,0,0,1,0,0,1,1,2,0,1,0,2,0,0,1,0,0,2,0,0,0,0,0,0,0,0,0,0,0,2,1,1,1,0,0,0,0,0,0,0,0,0,0,0,0,0,0,0,0,0,0,0,0,0,0,0,0,0
plehanov_uspenskiy.txt_chunk15,plehanov,9,0,1,0,6,0,0,7,1,23,5,1,0,0,2,1,1,5,0,1,1,1,1,1,0,1,1,0,4,0,0,0,0,0,21,0,4,1,1,1,3,1,4,7,0,32,0,2,0,2,1,10,8,0,1,0,0,1,1,1,0,2,0,0,0,0,1,1,4,0,2,0,1,0,13,1,2,19,5,1,0,1,7,0,1,0,2,12,2,5,0,0,1,1,1,1,34,0,1,0,3,0,1,0,9,0,1,4,0,11,1,0,2,2,0,3,1,1,1,4,0,1,0,3,1,1,1,1,0,13,0,0,3,2,0,0,8,1,0,15,4,0,0,0,7,2,3,1,0,0,2,2,2,0,0,1,0,2,1,0,0,0,0,0,0,3,0,1,0,0,0,0,1,0,0,0,0,0,1,1,1,1,0,0,0,0,0,2,1,0,1,0,0,0,0,0,2,0,0,1,0,0,0,1,0,1,0,0,0,1,0,0,0,2,0,0,0,1,0,0,0,0,0,0,0,2,0,1,1,1,0,2,4,0,0,0,1,0,0,0,0,3,1,1,1,1,0,0,1,2,0,1,0,0,0,0,2,0,0,1,0,0,0,0,1,0,0,0,0,0,0,0,0,0,0,0,0,0,1,0,0,0,0,0,0,0,0,0,0,0,0,0,0,0,0,0,0,0,0,0
plehanov_uspenskiy.txt_chunk4,plehanov,8,2,1,0,1,0,0,4,1,33,2,0,0,0,2,0,1,3,0,0,0,0,3,2,0,1,1,0,5,0,1,0,0,0,13,1,7,2,1,0,6,1,2,0,0,42,0,0,2,0,1,9,11,0,2,0,0,1,0,0,0,3,0,0,2,0,0,1,1,0,5,0,0,1,14,1,0,21,4,0,0,2,3,3,1,0,1,4,0,2,1,0,0,1,0,1,10,4,0,1,3,0,1,0,4,1,1,2,0,6,1,0,2,1,1,0,0,1,4,0,0,1,3,5,0,0,0,1,0,3,5,0,4,0,5,0,7,3,0,16,2,1,0,1,1,3,1,0,2,1,1,1,1,5,0,0,0,2,1,0,0,0,2,0,0,0,0,0,0,0,1,3,1,0,1,1,0,0,3,0,0,0,0,0,0,0,0,0,0,1,0,0,1,0,0,0,0,0,0,0,0,3,0,0,0,3,0,0,0,0,1,0,0,2,0,0,0,2,0,0,0,0,0,0,0,0,0,1,0,2,0,8,0,0,1,2,0,0,0,0,1,1,1,0,0,0,0,1,3,1,0,3,0,3,0,0,0,0,0,0,0,0,0,1,2,0,2,1,0,0,1,0,0,4,0,0,0,0,0,0,0,0,0,0,0,0,0,0,0,0,0,0,0,0,0,0,0,0,0,0
plehanov_uspenskiy.txt_chunk8,plehanov,7,0,1,0,0,0,3,2,0,27,1,0,0,0,2,0,0,9,0,0,0,0,2,1,0,1,1,0,2,0,0,0,1,1,5,2,2,0,3,4,2,1,1,2,1,55,1,6,2,1,6,2,9,0,2,0,0,0,1,2,0,1,0,0,0,1,0,2,0,0,0,1,2,1,9,0,0,13,3,0,0,4,5,4,0,3,3,5,0,1,2,0,5,3,0,1,15,1,3,1,6,0,1,0,9,0,1,1,0,7,1,0,3,1,0,0,1,0,2,0,0,2,2,3,0,0,4,1,1,6,1,0,9,0,0,1,0,5,1,14,0,1,1,1,9,1,1,1,1,0,3,2,0,10,0,0,0,2,0,0,0,1,0,0,0,0,0,0,0,0,1,0,0,2,0,0,1,0,0,1,0,0,0,0,0,0,0,0,0,1,0,0,0,0,0,0,0,1,0,0,0,0,0,0,0,0,0,0,0,0,0,0,0,0,0,0,0,0,0,0,0,1,0,1,0,0,0,0,2,0,0,4,0,1,0,0,3,1,0,0,1,4,0,0,0,0,0,0,0,4,0,4,0,0,0,0,0,1,0,1,1,0,0,0,0,2,1,0,0,0,1,1,0,0,0,0,0,0,0,0,1,0,0,0,0,0,0,0,0,0,0,0,0,0,0,0,0,0,0,0
plehanov_uspenskiy.txt_chunk9,plehanov,2,0,0,1,7,0,0,1,4,26,1,4,0,0,0,0,0,5,0,1,0,1,1,5,0,1,2,0,6,1,2,1,1,2,7,4,2,3,2,0,5,2,1,2,2,33,0,6,1,1,2,9,11,1,1,2,1,3,0,0,0,0,0,2,0,0,0,0,2,1,7,4,2,1,11,0,1,14,1,0,0,3,6,1,0,0,0,9,0,5,1,0,3,2,1,0,3,3,1,0,0,0,0,1,5,0,0,0,0,5,1,0,1,4,0,1,0,2,2,2,0,2,5,2,0,1,3,2,0,8,0,1,6,2,0,1,0,1,1,25,1,0,0,1,3,1,2,3,0,0,0,4,1,0,1,0,0,1,2,3,0,1,0,0,2,1,0,3,0,0,0,1,0,0,0,5,1,2,0,1,0,1,0,0,0,0,0,1,0,0,0,0,2,0,0,0,0,0,0,0,0,0,0,1,0,2,0,0,0,1,0,0,1,1,0,0,2,0,0,0,0,1,0,0,0,0,1,0,1,1,0,2,1,0,2,0,0,2,0,0,0,3,0,1,1,0,0,0,1,3,4,10,2,1,0,0,0,1,4,2,0,0,0,2,1,0,0,1,0,0,1,0,0,0,0,1,0,0,0,0,2,0,0,0,0,0,0,0,0,0,1,0,0,0,0,0,0,0,0,0
plehanov_vremena_menyayutsya_I.txt_chunk2,plehanov,0,0,0,0,0,0,0,0,0,16.666666666666668,0,0,0,0,0,0,0,0,0,0,0,0,0,0,0,0,0,0,0,0,0,0,0,0,0,0,0,0,0,0,0,0,0,0,0,83.33333333333333,0,0,0,0,16.666666666666668,0,0,0,0,0,0,0,0,0,0,0,16.666666666666668,0,0,0,0,0,0,0,0,0,0,0,16.666666666666668,0,0,66.66666666666667,0,0,0,0,0,0,0,0,0,0,0,0,0,0,0,0,0,0,0,0,0,0,0,0,0,0,0,0,0,0,0,16.666666666666668,0,0,0,0,0,0,0,0,0,0,0,0,0,0,0,0,0,0,0,16.666666666666668,0,0,16.666666666666668,0,16.666666666666668,16.666666666666668,0,0,0,0,16.666666666666668,0,0,0,0,0,0,0,0,0,0,0,0,16.666666666666668,0,0,0,16.666666666666668,0,0,0,0,0,0,0,0,0,16.666666666666668,0,0,0,0,0,0,0,16.666666666666668,0,0,0,0,0,0,0,0,0,0,0,0,0,0,0,0,0,0,0,0,0,0,0,0,0,0,0,0,0,0,0,0,0,0,0,0,0,0,0,0,0,0,0,0,0,0,0,0,0,0,0,0,33.333333333333336,16.666666666666668,0,0,0,0,0,0,16.666666666666668,0,0,0,0,0,0,0,0,16.666666666666668,0,16.666666666666668,0,0,0,33.333333333333336,0,0,0,0,0,0,0,0,0,0,0,0,0,0,0,0,0,0,0,0,0,0,0,0,0,0,0,0,0,0,0,0,0,0,0,0,0,0,0,0,0,0,0,16.666666666666668,0,0,0,0
plehanov_vroz_idti_vmeste_bit_I.txt_chunk1,plehanov,2,0,2,0,1,1,0,4,3,44,0,1,0,0,1,0,6,2,0,1,1,0,2,0,0,1,0,0,3,2,0,0,0,1,4,2,0,1,0,0,6,1,0,3,0,31,0,6,0,0,2,9,5,0,2,1,1,0,0,4,2,0,1,2,0,0,0,0,0,1,3,0,0,2,16,0,0,21,2,1,1,1,7,0,0,1,0,2,0,4,1,1,1,0,1,0,1,5,3,0,0,0,2,1,9,1,3,0,0,6,1,0,0,1,0,1,2,0,0,0,1,0,2,1,1,0,4,1,0,9,2,1,3,6,0,1,3,3,0,14,0,0,1,0,6,3,0,1,1,1,1,2,0,3,0,0,1,1,1,3,0,2,1,0,0,2,0,0,0,0,4,1,0,1,2,1,2,0,3,6,1,0,1,1,2,1,1,1,1,5,0,1,6,1,0,0,0,0,0,0,0,1,5,2,0,1,0,0,1,1,1,1,0,1,0,0,0,1,0,0,0,3,0,0,0,4,0,0,6,0,0,2,0,0,0,2,0,0,1,0,1,0,0,2,1,1,0,2,1,1,0,1,7,1,2,0,2,1,0,1,0,1,0,0,1,0,1,0,0,1,0,0,0,0,0,2,0,2,1,0,0,0,0,0,1,0,0,0,1,0,0,0,0,0,0,0,0,0,0,0
plehanov_vroz_idti_vmeste_bit_I.txt_chunk4,plehanov,0,0,0,0,0,0,0,0,0,20.408163265306122,0,0,0,0,6.802721088435374,0,0,13.605442176870747,0,0,0,0,0,0,0,0,0,0,6.802721088435374,0,0,0,6.802721088435374,0,0,40.816326530612244,0,0,0,0,0,0,0,0,0,47.61904761904761,0,0,0,0,0,13.605442176870747,6.802721088435374,0,0,0,6.802721088435374,0,0,0,0,0,0,0,0,0,0,0,0,0,6.802721088435374,0,0,0,0,6.802721088435374,13.605442176870747,20.408163265306122,6.802721088435374,0,0,0,0,0,0,0,0,6.802721088435374,0,0,0,0,0,0,0,6.802721088435374,0,0,0,0,6.802721088435374,0,0,6.802721088435374,0,0,0,0,0,34.013605442176875,0,0,0,0,0,0,0,0,0,6.802721088435374,0,0,0,6.802721088435374,0,0,0,6.802721088435374,0,0,6.802721088435374,0,0,0,0,0,0,0,0,6.802721088435374,13.605442176870747,6.802721088435374,0,0,0,6.802721088435374,0,0,0,0,0,6.802721088435374,0,0,0,0,0,0,0,0,0,0,0,0,0,6.802721088435374,0,6.802721088435374,0,0,0,0,0,0,0,0,0,0,13.605442176870747,0,0,0,0,0,0,6.802721088435374,0,13.605442176870747,0,0,0,0,0,0,0,0,0,6.802721088435374,0,0,0,0,0,6.802721088435374,0,0,0,0,0,0,0,0,0,0,0,0,0,0,0,0,0,0,0,0,0,0,0,0,13.605442176870747,0,0,0,0,0,0,0,0,0,0,0,0,0,0,0,0,0,0,0,0,0,0,34.013605442176875,13.605442176870747,0,0,0,0,0,0,13.605442176870747,0,0,0,0,0,0,0,0,6.802721088435374,0,0,0,0,0,0,0,0,0,0,0,0,0,0,0,0,0,0,0,0,0,0,0,0,0,0,0,0,0,0,0
trotsky_chto_dalshe.txt_chunk3,trotsky,3,0,6,1,3,2,0,2,0,28,5,4,0,0,1,0,6,6,1,1,0,1,0,0,1,0,1,0,9,0,0,1,1,0,1,1,0,4,0,7,5,0,0,1,1,35,0,4,9,0,3,3,8,0,1,3,0,2,0,0,0,1,1,2,1,0,0,0,0,0,3,1,0,0,16,0,0,12,1,1,0,1,1,0,0,0,0,12,1,2,1,0,0,0,3,0,1,2,3,2,4,0,1,0,7,0,0,2,4,7,0,2,0,3,0,0,1,2,0,0,1,0,0,2,0,0,1,3,0,1,0,0,1,1,1,1,4,2,0,8,2,0,2,0,5,3,1,1,0,0,1,3,1,0,3,2,0,1,2,2,0,2,0,0,1,0,0,0,1,2,0,1,1,0,0,3,0,1,1,2,0,0,2,0,0,0,0,6,1,0,0,0,1,1,1,0,0,2,0,1,0,0,0,0,0,0,0,0,0,1,0,1,1,1,0,0,2,1,0,1,2,0,1,0,0,1,2,1,1,0,0,0,1,1,1,2,0,0,0,1,1,0,1,0,1,0,3,1,1,1,0,2,2,0,0,0,0,0,0,1,0,0,0,0,0,1,0,0,2,0,0,0,0,0,0,2,0,1,0,2,1,0,1,10,1,0,0,0,0,0,0,0,0,0,0,0,0,0,0,0
trotsky_chto_dalshe.txt_chunk4,trotsky,2.512562814070352,0,2.512562814070352,0,10.050251256281408,0,2.512562814070352,7.537688442211055,0,5.025125628140704,7.537688442211055,0,0,0,0,0,5.025125628140704,2.512562814070352,2.512562814070352,2.512562814070352,0,2.512562814070352,0,0,0,0,7.537688442211055,0,5.025125628140704,0,0,0,5.025125628140704,2.512562814070352,5.025125628140704,2.512562814070352,0,2.512562814070352,0,0,0,0,0,0,0,27.638190954773872,5.025125628140704,2.512562814070352,0,0,2.512562814070352,5.025125628140704,0,0,0,0,2.512562814070352,0,0,2.512562814070352,0,0,0,0,0,0,0,0,2.512562814070352,0,2.512562814070352,0,0,0,12.56281407035176,0,0,22.613065326633166,0,0,0,7.537688442211055,7.537688442211055,0,0,0,2.512562814070352,10.050251256281408,2.512562814070352,0,0,0,0,0,0,2.512562814070352,5.025125628140704,5.025125628140704,0,5.025125628140704,7.537688442211055,0,0,5.025125628140704,10.050251256281408,0,0,0,0,10.050251256281408,0,0,0,0,0,0,0,0,0,0,0,0,0,0,0,0,0,0,0,10.050251256281408,2.512562814070352,0,5.025125628140704,0,0,0,0,0,0,7.537688442211055,5.025125628140704,0,0,0,2.512562814070352,5.025125628140704,5.025125628140704,0,0,0,0,2.512562814070352,0,2.512562814070352,0,0,0,0,2.512562814070352,0,0,0,0,0,0,0,0,0,0,0,0,0,0,2.512562814070352,0,2.512562814070352,0,0,0,0,0,0,2.512562814070352,0,7.537688442211055,0,0,0,17.587939698492463,0,0,0,10.050251256281408,12.56281407035176,2.512562814070352,0,0,0,0,0,0,0,12.56281407035176,0,0,0,0,0,0,0,0,0,0,0,0,0,0,0,0,2.512562814070352,5.025125628140704,0,2.512562814070352,0,2.512562814070352,0,0,0,7.537688442211055,0,0,0,0,0,0,2.512562814070352,0,0,0,5.025125628140704,5.025125628140704,0,0,0,2.512562814070352,2.512562814070352,0,0,0,0,0,7.537688442211055,5.025125628140704,0,7.537688442211055,0,0,0,0,0,0,0,0,0,0,0,0,0,2.512562814070352,0,0,0,0,0,0,0,0,0,0,0,2.512562814070352,2.512562814070352,0,10.050251256281408,2.512562814070352,5.025125628140704,0,0,5.025125628140704,0,0,0,0,0,2.512562814070352,7.537688442211055,0,0,0,0
trotsky_dem_i_rev.txt_chunk2,trotsky,5,0,6,2,1,0,0,1,5,27,1,3,0,0,0,0,1,1,0,2,0,0,0,1,0,0,0,0,9,0,6,1,1,0,1,5,1,3,2,4,3,1,1,4,1,32,0,7,2,0,6,6,10,0,1,1,2,0,1,1,2,1,0,1,0,2,0,0,0,0,8,0,0,1,15,0,0,31,0,0,1,4,2,0,1,2,0,10,4,3,1,1,0,0,0,1,1,10,11,0,3,0,0,0,2,1,1,0,0,15,0,1,3,3,1,1,1,2,1,2,1,0,0,7,0,0,0,0,0,1,0,2,9,1,0,0,4,0,0,12,1,3,0,1,5,0,2,0,1,0,0,3,1,2,0,1,0,1,0,2,0,0,0,1,1,2,0,0,3,0,0,0,1,0,1,0,1,1,0,0,0,0,0,0,1,1,0,0,0,0,0,0,1,0,2,2,0,0,0,0,0,0,0,3,0,0,0,2,0,1,1,1,0,0,2,0,6,1,0,0,2,1,3,0,0,3,0,0,1,0,0,0,0,0,0,1,1,1,0,0,0,0,0,1,1,0,0,0,0,3,0,2,2,0,1,0,1,0,0,0,0,0,0,0,0,7,2,0,0,0,0,0,0,0,1,0,0,1,0,0,3,0,0,3,0,1,0,0,8,0,0,0,0,0,0,0,0,0,0,0
trotsky_dem_i_rev.txt_chunk3,trotsky,2,0,3,0,6,1,0,1,0,25,2,1,0,0,1,0,4,6,0,0,1,0,1,0,0,2,0,1,3,1,0,0,1,0,0,2,0,3,2,2,3,1,0,1,7,47,0,2,2,0,3,7,8,0,1,0,3,0,2,0,0,0,0,0,0,0,0,0,0,1,1,0,0,1,16,1,0,20,1,0,0,4,6,0,0,0,1,6,0,2,0,0,0,0,0,0,2,10,19,0,10,0,0,0,3,0,3,0,1,8,1,0,3,0,1,0,3,1,4,0,0,0,0,6,0,0,0,0,0,11,6,3,6,1,0,0,1,1,1,15,5,0,0,1,8,1,1,1,1,0,0,1,0,0,0,0,1,2,0,0,0,1,0,0,1,0,0,1,1,0,1,1,0,0,2,0,1,2,0,1,2,0,0,0,3,0,0,1,0,0,1,0,2,3,0,0,2,2,1,0,0,0,4,0,0,1,0,0,0,1,1,2,0,0,0,0,3,0,0,0,0,2,3,0,0,1,0,0,0,5,0,0,0,0,0,3,3,0,1,0,0,0,0,0,0,0,0,0,0,2,4,4,0,1,0,0,0,0,0,2,1,0,1,1,0,7,0,0,0,0,0,0,0,1,0,1,0,1,0,0,1,0,1,1,0,0,1,0,5,0,0,0,0,0,0,0,0,0,0,0
trotsky_dem_i_rev.txt_chunk5,trotsky,4,0,0,2,1,1,1,2,0,20,2,3,0,0,2,0,0,0,0,1,2,1,1,0,0,0,1,1,6,1,1,1,1,0,9,2,0,3,2,5,3,0,1,7,1,41,0,1,1,0,6,10,3,0,6,0,0,0,0,3,1,0,0,0,0,1,0,0,1,2,0,0,0,0,21,0,0,24,1,0,0,2,6,0,0,3,0,4,2,3,1,0,0,0,0,0,5,0,12,1,10,0,0,1,1,2,1,1,0,9,0,0,1,2,2,1,2,3,1,5,0,0,0,6,0,0,1,2,0,0,4,0,1,1,0,0,4,0,1,17,7,0,1,1,4,2,1,0,0,1,1,2,1,4,0,0,0,1,0,3,0,3,0,2,1,0,0,0,4,0,1,0,1,2,0,0,0,0,0,0,2,0,0,0,2,1,1,2,1,0,0,0,0,3,1,0,0,0,1,4,0,0,2,1,0,0,0,3,0,0,0,0,0,4,1,0,3,0,0,4,0,0,0,0,0,1,0,0,0,0,0,0,0,0,0,0,2,0,0,0,0,1,0,0,3,0,0,0,0,1,6,2,0,0,1,0,0,0,0,0,0,0,0,0,0,1,0,1,3,0,0,0,0,0,0,0,1,1,6,0,2,0,0,2,0,0,0,0,0,0,0,0,0,0,0,1,0,0,0,0
trotsky_dem_i_rev.txt_chunk6,trotsky,0,0,0,0,4.716981132075471,0,0,0,9.433962264150942,23.58490566037736,4.716981132075471,4.716981132075471,4.716981132075471,0,0,4.716981132075471,0,4.716981132075471,0,0,0,0,0,0,0,0,4.716981132075471,0,4.716981132075471,4.716981132075471,0,0,4.716981132075471,0,0,9.433962264150942,0,14.150943396226415,4.716981132075471,0,9.433962264150942,0,0,4.716981132075471,0,23.58490566037736,0,0,0,0,4.716981132075471,42.45283018867924,0,0,0,0,0,0,0,4.716981132075471,0,0,0,0,0,0,0,0,0,0,9.433962264150942,4.716981132075471,0,0,18.867924528301884,0,0,9.433962264150942,0,0,0,4.716981132075471,0,0,0,0,0,9.433962264150942,4.716981132075471,0,0,0,4.716981132075471,0,0,0,0,0,0,0,0,0,0,0,0,0,0,0,0,9.433962264150942,0,0,0,9.433962264150942,0,0,4.716981132075471,4.716981132075471,0,0,0,0,0,0,0,0,0,0,0,14.150943396226415,0,0,14.150943396226415,0,0,0,0,0,9.433962264150942,18.867924528301884,0,0,0,0,4.716981132075471,0,0,0,0,0,0,0,0,0,0,0,0,0,0,0,0,0,0,0,0,0,0,0,0,0,0,0,0,0,0,0,0,0,0,0,0,0,0,0,4.716981132075471,0,0,0,0,0,0,0,0,0,0,0,0,0,0,0,0,0,0,0,0,0,0,0,0,0,0,4.716981132075471,0,4.716981132075471,9.433962264150942,0,0,0,0,0,9.433962264150942,0,0,0,0,4.716981132075471,0,0,0,4.716981132075471,0,0,0,0,0,4.716981132075471,0,0,4.716981132075471,0,0,0,0,0,0,0,0,0,0,0,0,9.433962264150942,0,0,0,0,0,0,0,0,0,0,4.716981132075471,0,0,0,0,0,0,0,0,0,0,0,0,0,0,4.716981132075471,4.716981132075471,0,0,0,0,14.150943396226415,0,0,0,0,4.716981132075471,0,0,0,0,0,0,4.716981132075471,0,0,0,0
trotsky_dve_tolpy_I.txt_chunk1,trotsky,0,1,0,0,2,0,1,7,3,30,3,2,0,0,0,0,2,5,1,0,3,0,0,0,0,0,0,0,1,0,0,1,0,0,2,0,0,2,0,0,1,0,2,4,0,50,0,8,3,1,3,4,5,0,2,0,2,1,3,2,0,0,1,0,0,1,0,0,0,1,1,0,0,2,13,1,0,23,0,1,0,1,2,0,0,3,0,2,0,1,2,0,0,0,0,0,4,2,7,0,1,0,0,0,8,0,1,3,0,10,0,0,1,0,1,1,2,2,2,2,0,2,0,6,0,0,0,3,0,2,0,0,2,0,0,0,0,2,1,9,0,3,2,0,6,0,1,2,0,1,0,1,0,2,0,0,0,0,0,0,0,1,0,0,1,2,0,0,0,0,0,1,0,1,0,1,1,0,0,0,1,0,0,0,0,3,0,2,0,0,2,0,0,0,0,0,1,2,0,1,0,0,0,0,0,1,0,0,0,0,0,1,0,0,0,0,0,0,0,1,1,0,0,3,0,1,0,0,1,0,0,0,1,0,0,0,2,0,0,0,0,1,0,1,0,2,1,0,0,0,0,4,1,0,0,1,1,0,1,0,0,0,1,1,0,0,0,1,0,0,0,0,0,0,0,0,0,0,2,0,0,0,0,3,1,0,0,0,0,0,0,0,0,0,0,0,0,0,3,0
trotsky_dve_tolpy_I.txt_chunk2,trotsky,2.5839793281653747,0,0,0,7.751937984496124,0,0,5.167958656330749,0,20.671834625322997,0,0,0,0,0,0,0,5.167958656330749,0,0,0,0,2.5839793281653747,2.5839793281653747,0,0,0,0,0,0,0,0,0,0,0,0,0,0,0,0,2.5839793281653747,2.5839793281653747,0,7.751937984496124,0,43.927648578811365,2.5839793281653747,7.751937984496124,0,0,0,7.751937984496124,5.167958656330749,0,5.167958656330749,0,0,0,0,0,0,0,0,0,0,0,0,0,0,0,0,0,0,0,12.919896640826872,0,0,20.671834625322997,0,0,0,0,15.503875968992247,0,0,2.5839793281653747,0,0,0,5.167958656330749,2.5839793281653747,0,2.5839793281653747,0,5.167958656330749,2.5839793281653747,0,0,5.167958656330749,0,5.167958656330749,0,0,0,2.5839793281653747,2.5839793281653747,0,2.5839793281653747,0,12.919896640826872,0,0,0,0,0,0,2.5839793281653747,5.167958656330749,2.5839793281653747,5.167958656330749,2.5839793281653747,2.5839793281653747,0,0,0,0,0,0,0,0,0,0,5.167958656330749,2.5839793281653747,5.167958656330749,0,0,0,0,10.335917312661499,0,2.5839793281653747,2.5839793281653747,0,5.167958656330749,0,2.5839793281653747,0,0,0,0,0,0,0,0,0,0,0,2.5839793281653747,0,0,0,0,0,2.5839793281653747,2.5839793281653747,0,0,0,0,0,0,0,0,0,0,0,0,2.5839793281653747,5.167958656330749,2.5839793281653747,0,0,0,0,0,0,0,0,0,0,0,0,0,0,0,2.5839793281653747,2.5839793281653747,0,0,0,0,0,0,0,2.5839793281653747,0,0,0,0,0,5.167958656330749,0,0,0,0,0,0,0,0,2.5839793281653747,0,0,5.167958656330749,0,5.167958656330749,0,0,0,2.5839793281653747,0,0,0,0,0,0,0,0,0,0,2.5839793281653747,0,2.5839793281653747,2.5839793281653747,0,0,0,0,0,2.5839793281653747,0,5.167958656330749,0,0,0,0,0,0,0,0,0,0,5.167958656330749,0,0,0,0,0,0,0,0,0,0,0,0,0,0,2.5839793281653747,0,0,2.5839793281653747,0,0,7.751937984496124,0,5.167958656330749,0,0,0,0,0,0,0,0,0,0,0,0,0,0
trotsky_intellig_dem.txt_chunk1,trotsky,5,2,0,0,2,2,2,3,3,35,0,0,2,0,1,0,0,4,0,2,2,0,1,1,0,0,1,0,3,0,1,1,0,0,4,4,0,5,0,3,3,1,0,1,0,46,0,3,2,3,7,9,6,0,0,0,2,0,0,0,2,0,0,2,0,0,0,0,1,1,2,0,1,1,14,0,0,10,1,0,1,1,1,0,0,1,1,4,0,5,4,1,1,0,1,0,1,1,1,0,3,0,0,2,4,0,4,0,1,10,0,1,2,1,0,0,2,1,1,0,1,0,0,2,1,1,0,1,0,3,1,1,1,1,0,0,0,1,0,11,5,1,0,1,3,2,3,1,0,0,0,1,0,2,2,0,0,1,0,0,0,0,0,2,1,0,0,0,0,0,1,0,0,0,0,5,1,1,2,5,1,1,0,0,1,0,0,0,0,0,0,2,0,0,0,0,0,0,1,1,1,0,0,0,4,2,0,0,0,0,2,0,1,0,0,1,2,0,0,0,0,0,0,0,0,0,0,1,0,0,1,0,2,0,0,1,0,0,1,0,1,1,1,0,0,0,0,0,0,1,0,1,0,0,0,6,0,0,0,0,3,0,0,0,3,0,0,1,1,0,3,0,0,0,3,0,0,0,0,0,0,0,0,0,1,0,0,0,3,0,0,0,1,0,0,1,0,0,0,0
trotsky_intellig_dem.txt_chunk13,trotsky,8,3,3,0,7,2,1,7,3,27,1,2,1,3,1,0,4,11,1,0,0,0,1,0,0,0,2,0,6,0,0,0,1,1,3,2,2,3,0,2,4,0,0,9,2,39,0,3,5,0,1,13,6,0,1,1,2,1,0,5,0,4,0,3,0,1,0,0,0,0,3,2,0,0,6,0,1,19,0,0,0,1,4,0,0,1,2,7,1,3,0,0,0,1,0,2,1,1,5,0,3,1,2,0,8,0,2,0,0,9,0,1,0,4,0,1,0,0,1,2,1,0,0,4,1,0,0,1,0,4,1,0,5,1,0,0,1,2,0,12,1,0,1,2,10,2,1,0,3,1,0,0,2,0,0,0,0,0,0,0,0,0,0,0,0,1,1,0,0,0,0,0,0,2,2,2,0,0,2,1,10,0,0,0,2,1,0,0,1,0,0,0,1,0,0,0,1,5,3,0,0,0,1,0,2,2,0,2,0,1,0,0,0,5,0,0,0,0,1,1,0,0,3,0,0,0,1,3,2,2,0,2,2,1,0,0,3,0,1,0,0,0,2,0,0,0,0,0,0,1,1,8,2,2,0,0,0,0,0,2,1,0,1,0,1,0,0,0,2,0,0,4,0,0,0,0,0,1,1,0,0,2,0,0,0,0,1,0,0,0,0,0,0,0,0,1,3,0,0,0
trotsky_intellig_dem.txt_chunk14,trotsky,4,0,1,0,1,1,1,2,3,22,2,1,0,0,2,0,0,3,0,1,1,0,0,0,0,0,0,0,3,0,0,2,1,1,3,4,0,0,0,2,5,0,0,5,0,52,0,6,0,0,3,6,16,0,1,1,1,0,0,2,0,2,0,1,0,1,0,0,0,0,1,1,0,0,9,0,0,12,0,0,0,0,2,0,1,0,0,7,0,2,3,0,1,1,0,1,2,1,0,0,7,0,0,1,2,1,2,0,0,4,1,0,0,0,0,0,0,1,0,0,0,0,1,2,0,0,0,2,0,4,1,1,2,0,0,0,0,0,1,7,1,1,0,0,4,6,0,1,0,0,2,4,0,2,1,0,0,0,0,0,2,0,0,1,0,0,1,0,0,0,0,0,0,0,2,3,0,0,1,3,4,2,0,0,3,1,0,0,1,0,0,0,1,0,0,1,0,2,1,0,0,0,0,0,7,2,2,1,0,1,1,0,0,1,0,0,0,0,0,1,0,0,0,0,2,1,1,0,0,0,0,1,0,0,0,3,1,0,2,0,0,0,0,1,0,0,0,0,0,1,0,7,0,2,0,0,0,0,0,0,0,0,1,2,1,0,0,0,0,0,0,0,0,1,1,0,0,0,1,0,0,1,1,0,0,0,0,0,0,0,0,0,2,0,0,0,1,0,0,0
trotsky_intellig_dem.txt_chunk2,trotsky,4,2,0,0,0,1,2,3,1,19,2,2,0,0,1,0,2,6,2,2,1,0,0,0,2,1,1,1,2,0,0,0,1,1,1,4,0,2,0,2,2,2,3,6,0,44,0,5,1,0,2,6,7,0,1,1,1,0,1,1,2,1,0,3,1,3,0,0,0,3,3,0,0,0,10,0,0,13,0,0,0,0,2,0,0,1,0,8,1,3,0,3,0,0,0,0,0,5,4,0,0,0,1,0,3,1,4,0,0,6,0,2,0,1,0,0,0,0,1,0,0,0,1,1,0,2,2,3,0,4,3,0,2,1,0,1,1,2,1,13,1,1,3,0,3,1,1,1,1,2,0,3,0,1,0,0,2,0,0,0,0,0,2,1,2,0,0,0,1,0,1,0,1,3,0,4,1,0,5,1,4,0,0,0,0,0,0,1,0,0,0,0,4,0,0,0,3,3,0,0,0,1,0,0,0,0,0,0,0,1,1,1,0,0,1,0,4,0,0,0,0,1,1,1,0,1,4,0,1,0,0,0,1,1,0,0,0,0,0,0,1,0,0,0,0,0,1,0,1,2,0,9,1,0,0,4,0,0,1,1,2,0,0,3,1,1,1,0,0,0,1,0,0,1,2,4,0,0,0,1,0,0,0,1,0,0,0,0,0,0,0,0,0,0,2,0,0,0,0,0
trotsky_intellig_dem.txt_chunk6,trotsky,2,0,0,2,0,0,0,1,3,24,0,0,0,0,1,0,1,7,0,3,0,0,1,1,0,2,0,0,3,0,0,0,0,0,1,2,1,2,1,3,5,1,1,0,0,40,3,3,0,0,2,9,11,0,2,0,3,1,0,3,0,0,1,2,0,2,0,0,1,1,1,0,0,0,13,1,1,18,2,1,2,1,2,0,0,0,2,5,1,1,0,0,0,1,0,1,1,1,3,0,4,0,0,1,5,3,0,1,0,10,1,0,1,4,0,0,0,0,0,0,0,0,1,3,0,0,0,2,0,8,3,0,3,0,1,0,5,1,2,12,4,1,2,0,3,0,1,1,0,0,0,2,0,1,0,0,0,1,0,3,0,1,0,2,2,0,0,0,8,0,0,1,0,1,0,4,0,0,2,1,1,0,0,0,1,0,0,1,1,0,0,0,3,0,0,0,4,0,0,0,0,1,0,1,0,1,0,0,0,1,2,0,0,1,1,0,5,2,0,0,0,2,0,0,0,2,1,1,2,0,0,0,0,1,1,1,0,0,0,1,1,0,0,1,0,1,1,0,0,2,0,8,0,1,0,7,0,0,0,0,2,0,1,0,0,1,1,0,0,0,1,0,0,0,0,3,0,0,0,1,1,0,0,0,0,0,0,0,0,0,0,0,0,0,0,0,1,0,0,0
trotsky_intellig_dem.txt_chunk9,trotsky,5,1,1,1,3,1,2,3,4,28,4,2,0,1,0,0,1,2,0,0,0,0,0,1,0,0,0,0,6,1,1,0,2,0,2,0,0,2,0,2,4,1,0,5,0,27,1,5,1,3,0,9,10,0,0,1,0,0,0,1,0,0,0,1,0,1,0,0,0,0,5,1,1,5,12,0,0,27,0,0,0,2,4,1,0,1,0,5,2,4,2,1,0,0,0,0,0,9,5,0,6,0,0,2,4,1,4,1,0,6,0,0,0,1,1,0,1,3,0,1,2,0,1,1,0,1,0,3,0,4,6,0,2,5,1,0,1,1,1,18,4,3,1,2,2,2,1,1,1,0,0,1,0,2,0,2,0,1,2,1,0,0,0,1,4,1,0,0,3,0,0,2,0,1,1,0,0,2,3,1,0,0,0,0,1,0,0,1,0,0,0,0,0,0,0,0,1,1,0,0,2,1,1,0,2,2,0,0,0,1,5,0,0,1,2,3,1,0,0,0,0,0,2,0,3,0,0,0,0,0,0,0,0,0,1,1,0,0,0,0,0,0,2,0,0,0,1,1,5,1,0,2,0,2,0,2,0,1,0,0,0,0,1,2,0,0,1,0,1,0,1,0,0,1,3,1,0,1,0,0,0,1,0,0,0,0,0,0,0,0,0,0,0,0,0,0,0,0,0,0
trotsky_k_smerty_parvusa.txt_chunk2,trotsky,0,0,0,0,0,0,0,0,0,0,0,0,0,0,0,0,0,0,0,0,0,0,0,0,0,0,0,0,0,0,0,0,0,0,40,0,0,0,0,0,0,0,0,40,0,40,0,0,0,0,0,0,40,0,0,0,0,0,0,0,0,0,0,0,0,0,0,0,0,0,0,0,0,0,0,0,40,40,0,0,0,0,0,0,0,0,0,0,0,0,0,0,0,0,0,0,40,0,0,0,0,0,0,0,40,0,0,0,0,0,0,0,0,0,0,0,0,0,0,0,0,0,40,40,0,0,0,0,0,40,0,0,0,0,0,0,0,0,0,40,40,0,0,0,40,0,0,0,0,0,0,0,0,0,0,0,0,0,0,0,0,0,0,0,0,0,0,0,0,0,0,0,0,0,0,0,0,0,0,0,0,0,0,0,0,0,0,0,0,0,0,0,0,0,0,0,0,0,0,0,0,0,0,0,0,0,0,0,0,0,0,0,0,40,0,0,0,0,0,0,0,0,0,0,0,0,0,0,0,0,0,0,0,0,0,0,0,0,0,0,0,0,0,0,0,0,0,0,0,0,0,0,0,0,0,0,0,0,0,0,0,0,0,0,0,0,0,0,0,0,0,0,0,0,0,0,0,0,0,0,0,0,0,0,0,0,0,0,0,0,0,0,0,0,0,0,0,0,0,0
trotsky_kapital_v_opozicii.txt_chunk1,trotsky,3,0,0,0,3,2,0,1,2,21,0,1,1,1,1,0,3,5,1,0,0,0,0,2,0,1,0,0,5,0,1,1,0,0,1,3,1,1,0,1,1,0,0,3,0,41,0,2,2,1,2,9,7,0,1,0,1,1,0,0,0,1,0,0,0,0,0,0,0,0,0,0,0,1,13,0,0,14,0,1,1,1,4,1,1,1,2,7,0,1,0,1,0,0,0,0,2,2,1,2,4,0,1,1,2,3,5,1,1,11,0,1,3,0,1,0,1,1,0,0,0,0,1,1,0,1,0,1,0,0,3,1,2,2,0,2,1,3,0,9,2,1,2,0,0,0,0,2,0,1,0,1,0,2,0,0,1,1,2,0,0,0,1,1,0,0,1,1,0,1,0,1,0,0,0,0,0,1,2,1,1,0,0,0,0,0,0,1,0,0,0,0,0,0,0,1,2,0,1,1,2,0,0,0,0,3,1,0,0,1,1,0,0,0,0,0,2,1,2,1,0,1,0,0,3,1,4,1,0,0,0,0,1,0,0,0,0,0,1,0,0,0,0,1,0,0,0,2,0,2,0,1,1,3,0,0,1,1,0,0,0,0,0,0,2,0,0,0,1,0,1,1,2,0,0,1,0,1,2,0,1,0,1,0,0,0,0,0,0,0,0,0,0,0,0,0,0,2,0,0
trotsky_perm_rev.txt_chunk1,trotsky,2,0,2,3,1,4,2,7,2,35,2,5,3,1,0,0,3,4,0,2,0,0,0,0,0,0,3,0,6,0,1,1,0,0,2,2,0,2,0,3,5,0,0,4,0,35,1,7,1,0,1,6,8,0,1,0,3,0,0,0,0,0,0,1,1,3,1,2,0,0,3,0,0,0,8,1,1,16,1,0,0,0,5,0,0,2,0,6,0,9,0,0,3,0,0,0,2,0,4,0,2,2,0,0,8,1,0,0,4,15,0,1,0,1,0,0,2,1,0,3,0,0,1,3,0,0,0,3,1,5,2,0,5,3,0,0,2,0,1,11,0,0,0,1,1,3,4,0,0,1,1,2,0,3,0,0,2,0,0,1,0,0,0,3,0,0,0,0,0,0,0,1,0,1,0,1,1,0,1,0,1,0,0,0,1,0,1,0,0,0,0,2,1,5,1,0,2,4,0,0,0,2,4,1,0,4,0,4,1,4,0,0,1,1,8,1,0,2,0,1,4,0,1,0,0,1,0,1,1,1,0,0,4,0,0,0,0,0,0,0,0,1,0,0,0,0,0,0,1,2,0,4,1,4,0,0,0,1,3,0,0,2,4,0,1,0,0,0,10,0,1,0,3,2,0,0,1,0,0,0,0,1,0,17,0,4,0,0,1,7,1,3,0,0,0,0,3,1,0,0
trotsky_perm_rev.txt_chunk11,trotsky,5,0,0,0,2,0,1,4,0,36,1,3,0,0,2,0,2,7,0,0,0,0,0,0,1,0,0,0,1,1,0,1,0,0,2,2,1,1,2,5,6,0,0,2,0,35,0,7,3,0,4,3,12,0,1,1,0,0,0,0,0,0,0,0,0,1,4,5,1,0,1,0,0,0,11,1,0,23,2,0,0,1,1,0,0,0,1,6,3,9,2,0,1,0,1,1,5,1,0,0,6,1,2,0,6,5,1,2,3,16,0,1,0,2,0,1,1,1,0,2,0,0,1,3,0,0,3,0,1,6,2,1,1,2,0,2,7,2,1,16,1,2,1,2,9,3,2,4,1,0,12,0,1,3,0,0,0,1,0,4,0,0,1,0,0,0,1,1,0,0,1,0,1,1,1,2,0,3,1,0,1,0,0,0,0,2,0,1,0,0,0,0,0,2,0,2,2,1,0,0,1,0,0,2,0,4,0,0,0,0,1,0,0,5,3,0,0,0,0,0,0,1,1,0,0,2,0,0,0,0,0,0,2,0,1,0,0,0,0,2,0,0,0,1,0,0,0,0,1,0,0,2,1,3,1,0,0,1,2,1,0,0,1,0,0,0,0,0,2,1,1,0,1,0,0,0,0,0,0,0,0,0,0,11,0,7,0,0,0,3,0,6,0,0,0,1,1,0,0,11
trotsky_perm_rev.txt_chunk13,trotsky,7,0,3,2,6,0,0,3,6,30,4,2,0,0,1,0,2,5,0,2,1,0,1,1,0,0,1,0,2,7,0,0,1,1,2,2,0,2,2,3,3,0,1,2,0,29,0,3,0,1,4,7,11,1,0,0,2,0,0,1,0,0,0,1,0,0,0,0,0,0,4,1,1,0,9,0,0,21,1,0,1,2,3,0,0,1,1,8,0,8,1,1,0,1,0,0,2,0,1,0,6,1,1,1,7,1,2,0,0,10,0,1,1,1,0,0,0,2,2,0,0,0,2,4,0,2,0,1,0,1,2,1,3,2,0,0,7,1,3,8,1,1,2,0,5,3,1,0,1,0,4,4,0,2,0,0,1,0,0,3,0,0,1,0,0,1,0,0,0,0,0,0,1,1,1,1,1,0,0,2,3,0,1,0,1,0,1,1,0,0,0,0,0,1,0,1,1,1,2,1,2,0,0,0,0,4,0,0,0,0,4,0,0,1,2,0,0,0,0,0,2,1,2,1,0,0,0,1,1,1,0,0,1,1,0,3,1,0,2,1,1,0,1,0,0,0,0,0,2,1,0,0,1,2,1,0,0,0,1,0,1,0,1,0,1,0,0,3,6,2,1,0,1,4,0,2,0,1,0,1,4,0,1,9,0,9,0,0,0,0,1,0,0,0,3,14,6,0,0,0
trotsky_perm_rev.txt_chunk14,trotsky,5,0,3,0,3,0,1,0,0,42,2,7,2,1,1,0,0,4,0,0,0,0,1,1,1,0,1,0,1,0,0,0,0,0,1,2,0,3,0,1,1,0,0,0,0,41,0,1,3,1,2,12,5,4,4,0,2,0,0,1,0,0,1,1,0,4,0,0,0,0,2,1,0,1,8,0,2,24,0,0,0,1,0,0,0,1,0,5,0,13,1,0,0,0,0,0,8,1,0,0,11,1,1,0,3,1,1,0,1,4,0,0,0,0,2,1,0,0,0,1,1,0,1,2,0,1,0,3,0,1,3,0,4,3,1,1,3,1,2,8,3,1,2,0,5,1,2,1,3,1,0,0,0,3,1,1,1,0,0,5,0,1,1,0,1,0,1,1,0,0,0,0,0,0,0,3,1,0,0,1,4,0,0,0,4,0,1,0,0,0,1,0,0,1,2,0,1,0,3,1,0,0,2,1,0,5,0,0,0,1,1,0,0,1,7,1,0,0,0,6,0,2,2,0,0,0,0,1,0,3,1,0,0,1,0,1,1,1,0,0,0,3,0,2,1,0,0,0,1,0,0,0,4,5,0,0,0,0,2,0,0,0,3,0,1,0,0,0,7,0,4,0,3,0,0,1,0,3,0,2,0,2,0,8,2,0,0,0,0,9,1,9,0,0,1,0,3,0,0,6
trotsky_perm_rev.txt_chunk16,trotsky,3,0,3,0,2,1,1,0,0,41,1,1,2,0,1,0,3,2,0,1,1,0,1,0,0,0,0,0,5,0,0,0,0,2,0,3,0,2,0,3,9,0,0,2,0,50,0,5,3,0,0,4,10,0,4,1,1,1,1,1,0,0,0,1,0,0,1,1,1,1,1,2,0,2,14,0,0,10,1,1,0,0,0,0,0,0,1,6,0,8,0,0,0,0,0,0,5,1,1,1,3,0,0,0,5,1,0,0,3,12,1,2,0,1,0,0,1,2,0,2,2,1,1,0,0,0,0,1,1,5,4,2,2,3,0,0,1,2,1,13,2,2,0,1,6,3,1,1,2,0,6,0,0,2,1,0,3,0,0,1,1,0,0,1,0,0,0,0,0,0,0,3,0,0,0,1,1,0,1,3,8,0,1,0,0,0,1,0,1,0,0,0,0,7,2,0,4,3,1,0,1,0,1,1,0,3,0,1,0,0,0,0,0,0,1,0,0,1,0,2,0,3,1,0,0,1,0,0,1,1,0,0,0,0,2,0,0,2,2,0,0,1,0,0,0,2,1,1,0,2,0,2,1,2,0,0,1,0,0,0,1,0,2,0,1,0,0,0,14,0,0,0,3,1,0,1,0,0,0,0,0,0,0,6,0,1,0,0,0,4,0,4,0,0,0,7,5,1,0,1
trotsky_perm_rev.txt_chunk2,trotsky,1,0,4,0,0,0,5,2,1,39,3,1,0,1,0,1,3,6,0,1,1,0,0,0,1,1,1,0,6,0,1,0,0,0,4,2,1,2,0,1,3,0,0,0,1,35,0,5,4,0,2,13,8,0,1,0,2,2,0,4,1,0,2,3,0,0,1,2,1,1,1,0,0,0,9,1,0,18,0,0,1,2,3,0,0,0,0,12,0,1,0,0,0,0,0,1,0,5,2,0,4,0,0,0,3,0,4,1,0,7,0,1,1,2,2,0,3,0,3,0,1,0,2,1,0,0,0,1,7,2,3,1,4,3,0,0,1,2,4,9,1,0,0,0,6,2,3,4,2,0,9,1,0,1,0,0,1,1,0,1,1,0,0,2,0,0,0,1,0,0,0,0,0,1,0,1,0,0,4,1,4,0,0,1,2,0,0,1,0,0,0,0,1,2,0,0,6,5,0,0,1,0,1,0,0,2,0,1,0,1,3,0,0,1,3,1,0,2,0,1,0,3,0,0,0,0,0,1,2,1,0,0,1,0,3,0,0,1,0,0,0,0,0,1,0,0,0,0,1,0,1,0,1,2,0,1,0,1,1,1,0,0,4,0,0,0,0,0,5,1,1,0,2,1,0,0,0,0,0,0,0,0,0,17,2,8,1,0,0,3,0,0,0,0,0,4,6,0,0,0
trotsky_perm_rev.txt_chunk20,trotsky,8,0,3,0,1,0,2,2,2,30,7,1,2,2,1,1,0,2,0,3,0,0,0,0,1,2,1,0,3,0,3,0,1,0,1,4,0,5,3,1,6,0,0,2,0,24,0,2,6,4,4,7,9,0,1,1,2,0,0,1,0,1,1,1,0,1,3,0,0,0,3,0,0,1,22,1,0,22,0,0,2,3,1,1,0,0,0,6,0,4,1,2,0,0,0,0,5,1,0,1,2,2,2,2,1,1,0,2,4,11,1,0,0,0,0,0,0,1,0,1,1,1,1,0,0,1,0,2,1,6,1,1,3,1,1,2,3,2,1,11,6,1,0,1,8,2,5,1,2,1,7,0,1,1,0,0,2,0,0,4,2,0,0,0,0,0,0,0,0,1,1,1,0,0,0,3,0,0,0,0,5,0,0,1,3,0,0,1,1,0,0,0,0,1,0,0,0,2,0,0,1,0,0,1,0,4,1,1,0,0,0,0,0,2,0,0,0,2,1,0,1,0,1,0,0,0,0,1,2,1,0,0,3,0,0,1,0,0,1,0,0,1,2,0,0,1,0,0,3,0,2,6,3,1,0,0,0,1,0,2,0,0,2,0,1,0,0,0,2,1,0,0,2,0,0,0,0,0,0,0,0,0,0,10,2,0,0,0,5,0,0,1,0,0,0,1,2,1,0,8
trotsky_perm_rev.txt_chunk21,trotsky,3,0,0,1,4,2,0,3,2,20,4,2,0,0,1,0,1,2,0,1,0,1,1,0,0,0,0,0,3,1,0,1,1,0,4,4,0,4,0,2,2,0,0,4,0,32,0,5,3,0,9,11,7,0,0,0,2,1,1,1,0,0,0,3,0,1,0,1,1,1,2,0,0,0,21,0,0,22,1,2,2,4,1,0,0,1,1,7,0,4,1,1,0,1,0,1,7,1,4,0,3,0,0,0,2,2,1,2,4,8,1,0,0,0,0,0,1,0,2,3,0,1,1,1,0,0,0,1,0,2,1,1,4,0,1,0,11,1,1,13,1,4,0,2,4,3,1,1,0,0,8,0,0,1,0,0,1,1,1,2,0,0,0,1,1,0,0,0,0,0,0,0,1,0,0,2,1,0,2,0,2,0,2,0,3,0,0,4,1,0,0,0,1,3,1,0,0,0,0,0,1,0,0,0,2,0,0,0,0,1,2,0,0,1,0,1,0,1,0,0,1,0,0,0,1,2,1,1,0,1,0,0,1,1,1,1,1,0,0,0,0,1,1,0,0,0,0,1,0,1,4,0,8,0,0,1,0,1,0,2,1,0,0,1,0,0,0,0,5,1,0,0,4,2,0,1,0,0,0,1,2,0,1,17,3,0,0,1,7,1,0,1,0,0,0,7,1,2,0,0
trotsky_perm_rev.txt_chunk22,trotsky,7,0,0,0,3,0,0,1,1,39,1,0,5,1,1,1,0,6,0,1,0,0,0,2,0,0,0,0,4,0,0,0,0,2,2,2,0,3,2,5,7,1,1,0,0,30,0,1,3,0,1,10,14,0,3,1,1,0,1,3,0,0,0,0,0,0,2,1,0,0,0,0,1,1,8,0,0,24,1,0,0,0,0,0,0,0,0,6,0,12,5,0,0,0,1,0,4,0,3,0,3,3,1,0,3,1,4,1,0,9,0,0,0,2,0,0,2,0,0,0,1,0,2,2,0,0,0,2,7,4,1,1,4,1,0,0,6,3,2,16,1,3,3,0,6,1,3,1,1,0,10,5,0,3,0,0,3,1,0,3,1,0,1,0,0,1,2,0,0,0,0,0,0,2,1,0,1,1,2,2,6,0,0,0,0,0,0,0,0,0,0,1,0,0,1,0,2,2,0,0,0,0,0,1,0,6,0,0,0,0,1,1,0,1,1,1,0,0,0,0,1,1,0,0,0,2,0,0,3,0,0,0,1,0,0,1,1,0,1,0,2,2,0,1,0,0,1,0,1,1,0,1,1,2,3,0,0,0,1,0,2,0,5,1,0,0,1,0,2,0,1,0,3,0,0,2,0,1,0,0,0,0,0,20,0,3,1,0,0,1,0,9,0,0,0,1,8,0,0,4
trotsky_perm_rev.txt_chunk24,trotsky,8,0,1,0,7,4,0,2,0,43,0,2,0,0,4,0,0,1,2,4,2,0,3,1,0,0,1,0,2,0,0,0,0,0,1,5,0,3,1,1,4,0,1,0,1,36,0,2,1,0,0,1,11,1,2,0,3,0,1,1,0,0,0,0,0,1,0,0,2,1,0,0,0,1,6,2,0,17,1,0,0,1,3,0,0,0,0,8,2,3,2,1,0,1,0,0,2,2,0,1,1,0,0,0,6,0,2,2,1,11,0,0,1,1,0,0,1,0,0,0,1,0,0,3,0,1,0,6,0,5,2,0,5,2,0,0,8,1,4,15,2,0,2,0,11,1,1,0,1,2,0,2,2,4,0,0,3,0,0,2,0,0,0,0,0,0,0,0,0,0,0,0,0,0,1,1,0,0,5,0,1,0,0,0,1,0,0,0,0,0,0,0,0,2,1,0,5,7,0,0,0,0,0,1,0,6,1,0,1,0,0,7,0,3,3,0,0,1,0,1,0,1,0,0,0,3,0,0,3,1,0,1,0,1,0,0,1,3,0,0,0,1,1,0,0,0,1,0,0,0,0,6,4,3,0,0,0,4,0,0,1,0,5,0,2,0,0,1,7,0,0,0,1,3,0,0,0,0,0,0,0,0,0,6,0,11,0,0,0,4,0,8,0,2,0,2,1,0,0,3
trotsky_perm_rev.txt_chunk26,trotsky,3,0,2,0,4,1,1,0,0,41,2,2,0,0,0,0,1,3,1,2,0,0,0,0,0,0,0,0,4,0,1,0,1,2,1,3,1,6,2,2,5,0,0,3,0,39,1,5,0,0,1,9,10,0,0,0,0,2,0,1,0,0,1,1,0,3,1,0,0,0,0,0,1,1,9,1,0,16,0,1,0,1,3,0,0,1,0,4,0,2,0,0,1,0,0,0,3,3,1,0,1,0,1,1,1,2,1,0,0,9,0,1,0,1,3,0,0,0,1,0,0,0,1,5,1,0,0,0,1,6,1,0,2,2,2,0,2,0,1,10,3,1,1,0,5,1,1,4,2,0,5,1,1,4,1,0,3,0,1,5,4,0,1,0,0,0,0,1,0,2,0,0,0,1,0,1,0,0,0,0,4,0,0,0,0,0,0,0,0,0,0,1,0,2,1,0,0,2,0,0,2,0,0,1,0,2,0,1,0,2,4,0,2,1,6,0,0,1,0,0,2,4,0,0,0,1,0,1,2,0,0,0,1,1,1,4,0,0,0,0,0,0,1,1,0,2,0,0,1,1,0,1,0,2,0,0,1,0,1,0,0,0,7,0,0,0,0,0,4,0,3,0,2,2,0,0,1,1,0,0,0,1,0,6,1,4,0,0,0,4,0,3,1,0,0,1,7,0,0,4
trotsky_perm_rev.txt_chunk28,trotsky,12,0,1,1,1,2,0,4,1,55,2,1,2,2,2,0,1,3,0,1,0,0,0,0,2,1,1,0,4,0,0,0,0,0,3,2,0,2,1,6,6,0,0,3,2,21,1,4,1,0,0,5,7,0,1,0,1,0,1,0,1,0,0,0,0,0,0,2,0,0,1,1,0,0,10,0,1,22,1,0,1,3,3,0,0,0,0,5,0,3,0,0,0,0,0,0,7,1,2,0,1,0,1,0,11,2,1,3,0,12,1,1,0,1,0,0,1,0,1,0,1,1,1,0,1,0,1,2,0,3,0,3,4,7,0,0,6,7,1,19,0,1,2,1,7,1,0,0,1,1,0,0,3,1,0,0,1,0,0,0,0,0,2,0,1,2,2,1,1,0,1,0,0,1,0,4,0,0,4,3,8,0,0,0,4,0,1,1,0,0,1,0,1,2,0,0,1,1,1,1,2,0,0,1,0,1,0,1,0,1,2,1,0,1,7,0,0,1,0,2,0,2,0,0,0,0,2,0,3,1,0,0,1,0,1,0,1,0,1,0,1,0,0,0,0,1,0,0,1,4,0,3,3,1,1,0,2,0,0,1,1,0,5,1,0,0,0,0,2,1,0,0,3,0,0,0,1,4,0,0,0,1,0,7,1,1,0,0,1,6,0,3,0,1,1,1,8,2,0,10
trotsky_perm_rev.txt_chunk29,trotsky,6,1,2,0,4,0,4,1,6,40,4,3,1,1,1,0,2,3,0,2,1,0,2,1,0,0,4,0,3,0,2,0,0,0,2,2,0,3,0,5,3,0,0,0,2,36,2,4,5,2,1,6,12,0,5,0,0,0,0,1,0,1,2,2,0,2,0,0,0,0,4,1,0,0,6,0,3,22,0,0,0,5,0,0,0,0,1,6,1,8,3,1,0,0,0,0,4,0,1,0,2,0,0,1,6,0,0,2,2,8,0,0,0,0,1,1,0,3,1,0,1,0,0,4,0,1,0,0,0,4,2,0,6,2,1,2,2,2,2,5,1,0,2,1,8,1,0,2,1,0,0,0,2,0,1,1,0,0,0,5,3,0,0,1,2,0,0,0,0,0,0,0,0,0,0,5,0,2,1,1,2,0,0,0,6,0,1,1,0,0,1,0,0,0,0,0,3,1,0,0,3,0,0,0,0,3,0,1,0,2,3,0,0,1,5,0,0,0,0,0,0,1,1,0,0,0,2,0,1,4,0,0,1,0,1,1,1,0,0,0,0,0,4,0,1,0,1,0,0,3,0,1,3,3,2,0,1,0,0,0,1,0,2,0,0,0,1,0,5,0,1,0,12,0,0,0,0,0,0,0,0,0,1,13,0,1,0,0,2,2,2,2,2,2,0,3,0,3,0,4
trotsky_perm_rev.txt_chunk3,trotsky,4,0,0,0,3,2,2,1,2,36,1,3,1,0,0,0,0,3,0,5,0,1,0,0,0,1,1,0,10,0,0,1,0,1,1,2,0,3,1,0,0,0,0,1,0,33,2,4,2,1,1,11,10,0,0,0,1,1,0,0,1,0,1,6,0,2,0,0,0,0,3,1,1,0,9,0,0,18,2,0,0,1,0,1,0,2,0,2,0,2,2,2,1,0,0,0,4,6,7,0,4,0,0,0,3,3,2,1,0,13,0,0,0,0,0,1,1,0,0,0,0,0,1,1,0,1,0,1,7,4,1,0,1,0,1,0,1,2,3,9,1,2,0,4,2,1,2,2,2,0,4,0,0,0,2,0,1,0,0,0,0,0,0,3,0,0,1,0,0,0,0,1,0,0,0,5,2,2,1,4,3,0,0,0,2,0,0,0,0,0,0,0,0,0,0,0,1,3,0,0,2,2,0,0,0,1,2,1,0,3,2,1,0,0,1,1,0,2,0,1,0,3,1,0,0,1,0,0,0,0,1,0,0,0,1,0,0,1,1,0,0,0,2,1,1,0,0,0,0,1,0,2,1,1,0,1,0,0,4,1,0,0,1,0,2,0,1,0,10,0,1,0,1,1,0,0,0,0,0,0,0,0,0,16,2,6,4,0,1,3,1,0,1,0,0,1,4,1,0,0
trotsky_perm_rev.txt_chunk30,trotsky,4,0,1,0,6,0,0,2,3,43,2,2,0,0,1,0,0,2,0,1,2,0,1,0,0,1,0,0,4,0,1,0,1,0,2,4,0,3,0,3,5,0,0,8,0,44,3,5,8,1,4,7,3,0,0,0,2,1,0,1,0,2,0,1,0,1,0,1,0,0,7,1,0,0,10,3,1,22,0,0,0,2,3,1,1,0,1,5,0,3,0,0,0,0,0,0,2,2,0,0,6,1,0,0,2,0,5,3,0,9,1,0,2,1,1,0,2,1,1,1,0,0,0,0,0,1,1,1,0,2,0,0,4,3,1,1,1,2,1,12,2,0,0,0,3,3,1,0,0,1,1,1,0,2,1,2,1,0,0,2,9,0,0,2,0,0,2,1,0,0,0,0,0,0,0,1,1,0,0,1,2,1,0,0,0,0,1,3,0,0,0,0,0,1,2,0,3,1,1,3,4,1,1,1,0,8,0,1,1,0,2,0,3,2,7,0,0,0,0,1,0,2,0,0,0,0,4,1,0,1,0,0,0,0,1,0,0,0,2,0,0,0,0,0,0,1,0,0,0,0,1,1,1,6,0,0,0,1,2,0,0,0,1,0,0,0,1,0,10,0,0,0,4,1,0,0,1,1,0,1,1,1,1,6,0,0,0,0,0,5,0,3,0,0,1,5,1,3,0,6
trotsky_perm_rev.txt_chunk32,trotsky,5,0,2,0,2,2,0,0,0,37,0,2,1,1,0,0,0,5,0,1,1,0,0,1,0,2,3,0,4,0,0,0,2,2,3,1,2,3,7,1,5,0,0,1,1,32,2,0,2,0,2,7,11,0,1,0,0,0,0,2,0,0,0,1,0,2,0,0,0,1,4,1,0,1,17,1,0,21,0,0,1,0,4,0,0,0,0,9,0,5,1,2,1,0,0,0,3,2,2,0,6,2,0,2,8,0,6,3,0,6,1,1,0,0,0,0,0,0,6,1,4,0,0,2,0,2,0,3,1,3,0,1,7,2,0,1,5,1,1,17,0,6,0,0,5,1,5,2,1,0,0,1,1,4,1,0,2,0,0,2,2,0,0,0,0,0,0,0,0,1,0,1,0,1,0,2,0,2,2,0,4,0,0,0,2,0,1,0,0,1,0,0,1,1,1,0,3,1,1,0,3,1,0,1,1,2,0,0,0,1,0,2,0,0,5,0,0,1,2,3,4,5,0,0,1,1,0,0,0,2,0,0,1,1,1,0,0,0,0,0,0,1,0,0,0,0,0,0,2,1,4,7,4,1,1,0,0,2,0,3,0,0,6,2,0,0,1,0,5,0,0,0,0,0,0,0,1,1,0,0,0,0,0,8,0,1,3,0,0,6,0,10,0,0,0,2,6,0,0,3
trotsky_perm_rev.txt_chunk34,trotsky,8,0,0,0,0,0,0,4,0,31,1,1,2,0,2,0,1,3,0,1,0,1,0,0,0,0,1,0,7,0,0,1,0,0,3,3,0,2,4,1,3,0,0,5,0,34,0,3,2,1,2,7,7,0,1,1,2,0,0,1,0,0,1,2,0,0,0,0,0,1,7,0,0,0,19,0,0,29,0,3,0,0,2,0,0,0,0,7,1,3,2,0,1,0,1,1,2,1,4,1,5,0,1,3,4,0,2,3,0,3,0,0,0,1,1,0,1,2,2,0,0,0,0,5,0,0,0,0,0,6,1,0,6,1,1,0,0,2,0,16,2,0,0,0,6,0,1,1,0,0,1,3,0,1,1,1,4,1,0,0,2,1,0,0,2,4,3,0,0,0,0,0,0,0,0,2,1,2,0,1,0,0,0,0,1,0,0,1,0,0,0,0,0,3,0,0,1,6,0,0,1,1,2,1,0,1,4,2,2,4,3,0,0,1,0,0,0,1,0,3,3,0,0,2,0,1,0,1,1,2,0,0,1,0,2,0,2,0,0,1,0,0,1,0,1,0,0,1,1,1,0,5,3,1,1,0,1,0,1,1,0,0,0,0,1,0,0,0,13,0,2,0,6,6,0,1,1,0,0,0,0,0,0,4,0,2,2,0,0,0,1,3,13,0,2,3,2,2,0,4
trotsky_perm_rev.txt_chunk35,trotsky,4,0,0,0,0,0,2,1,1,30,2,0,0,1,1,0,0,2,1,1,1,0,0,1,0,0,1,0,9,0,0,0,0,0,4,2,0,0,5,1,2,0,0,5,1,31,0,4,3,0,2,5,5,0,0,1,2,0,0,1,0,1,0,1,1,1,0,1,0,0,4,0,0,0,15,1,0,20,0,0,0,3,4,0,0,0,2,7,0,1,0,0,0,0,1,2,3,1,2,0,7,0,1,2,3,2,1,1,0,12,0,0,0,1,2,0,0,0,0,2,1,1,1,0,0,0,0,1,0,3,3,0,4,1,0,1,1,4,5,6,0,3,2,0,9,2,6,0,0,1,3,0,0,3,0,3,1,1,1,1,1,2,1,0,0,0,0,0,1,0,1,1,0,2,1,4,3,1,1,1,1,0,0,0,5,2,0,0,0,0,0,0,0,2,1,1,4,0,0,0,0,0,1,3,0,3,0,0,1,1,0,0,1,1,2,0,0,0,1,3,0,0,0,1,0,0,1,0,0,2,0,0,1,0,0,1,0,0,1,0,0,0,0,1,0,1,0,0,2,0,0,2,1,3,1,0,1,0,0,0,0,0,3,0,0,0,1,1,6,0,0,0,0,1,0,1,2,0,0,0,1,0,1,9,1,3,0,0,0,3,0,0,0,1,0,0,0,0,0,12
trotsky_perm_rev.txt_chunk36,trotsky,2,0,2,1,5,4,1,1,3,36,1,4,0,0,0,0,0,0,1,1,0,0,0,0,0,0,2,0,5,0,1,0,0,0,0,5,0,2,1,1,1,0,0,5,2,42,2,3,3,2,4,7,7,1,0,0,1,3,1,0,0,0,0,4,0,3,0,0,0,3,3,0,0,0,9,0,0,16,0,0,0,1,4,0,1,0,1,5,0,4,1,1,0,0,0,2,2,2,0,0,4,1,1,1,1,2,2,0,1,10,0,0,1,0,1,0,1,1,1,1,0,0,0,1,0,2,0,4,2,1,1,1,9,3,0,0,0,0,3,6,0,1,0,0,3,1,1,1,0,0,1,1,0,3,1,0,1,0,0,1,2,0,0,2,0,0,0,0,0,0,1,2,0,0,0,0,1,1,4,1,0,0,0,0,2,1,0,0,0,0,0,0,1,1,2,0,0,2,0,1,2,1,0,2,0,3,1,1,0,2,4,0,0,1,9,0,0,1,0,1,1,1,0,1,2,1,2,0,0,0,0,1,0,0,2,2,0,0,0,0,0,0,0,0,0,0,0,0,1,3,0,0,0,3,0,0,0,1,1,0,1,1,0,0,0,0,0,0,18,2,2,0,5,0,1,0,1,0,0,0,1,0,0,17,2,4,4,0,0,5,2,0,2,0,1,2,0,0,0,0
trotsky_perm_rev.txt_chunk5,trotsky,3,1,1,0,5,4,0,2,0,30,2,1,1,0,0,0,4,5,0,1,1,0,0,0,0,1,3,0,6,0,1,0,0,0,3,2,1,3,0,2,6,0,0,6,0,28,1,2,2,0,3,5,7,0,2,0,1,1,1,0,0,1,3,2,0,1,0,0,0,0,1,2,0,0,15,0,0,16,1,1,0,0,1,0,1,0,0,7,0,1,0,0,0,0,1,1,12,4,1,0,6,0,2,1,5,3,1,0,1,12,1,0,0,0,0,0,0,2,0,0,1,0,2,3,0,0,1,3,4,4,2,1,4,1,1,1,0,2,0,6,1,3,1,1,4,2,5,0,0,0,8,0,0,3,0,0,0,0,1,0,0,0,0,0,0,0,1,3,4,0,1,0,0,0,0,3,0,0,2,0,5,0,0,0,5,1,0,4,0,0,0,0,0,4,1,0,3,6,0,0,0,0,0,2,0,2,1,0,0,2,1,2,1,3,4,0,1,0,0,2,0,0,1,0,0,1,0,0,0,0,0,0,2,0,0,1,2,0,1,1,0,1,0,0,0,1,0,0,0,3,0,1,0,2,2,0,0,0,1,0,1,0,1,2,1,0,1,0,5,1,0,0,1,4,0,0,0,0,0,0,0,0,0,12,0,0,0,0,0,7,0,0,0,0,1,0,1,0,0,10
trotsky_perm_rev.txt_chunk6,trotsky,1,1,1,0,5,3,2,2,1,38,1,2,0,0,0,0,3,9,0,0,0,0,0,0,0,1,0,0,6,0,0,0,0,0,1,4,0,0,2,1,1,0,0,3,0,38,1,0,4,0,1,8,11,0,1,0,4,0,1,1,0,0,1,0,0,0,1,0,0,0,0,4,1,0,11,0,1,16,1,0,0,1,6,1,0,0,1,6,1,5,1,1,0,0,2,2,0,1,3,0,4,0,0,0,8,0,1,0,0,22,1,2,0,0,0,0,0,1,3,2,1,0,1,1,1,0,1,2,3,1,2,1,5,0,0,1,3,0,0,10,1,1,4,0,6,2,5,1,0,0,5,4,0,0,0,0,1,1,0,0,0,0,2,0,0,3,1,0,1,0,0,1,0,0,1,3,3,0,1,1,1,0,0,0,0,1,0,2,0,0,0,1,0,3,0,0,0,7,0,0,0,0,0,3,0,2,4,2,0,1,0,1,0,0,0,0,0,0,0,0,0,0,0,0,0,1,0,1,0,1,0,0,1,0,0,0,0,0,0,1,1,0,1,1,0,0,0,0,0,0,0,0,1,2,1,0,0,0,1,0,0,0,2,0,1,0,0,1,1,0,1,0,0,0,0,0,1,3,0,0,0,0,0,8,0,1,2,0,0,0,0,1,0,0,0,0,3,0,0,0
trotsky_perm_rev.txt_chunk7,trotsky,1,1,0,0,2,0,0,0,2,38,4,3,1,1,1,1,0,1,1,1,1,0,2,0,0,1,0,0,1,0,0,0,0,0,5,3,0,1,1,4,5,0,0,2,0,32,0,5,2,0,3,7,10,0,1,0,1,0,2,3,0,0,0,0,0,0,2,2,0,4,1,0,1,0,16,1,0,24,0,2,0,2,3,0,0,0,0,10,0,2,0,0,0,0,0,1,8,4,0,0,5,0,0,1,4,3,2,1,0,10,2,0,0,0,1,0,0,0,0,0,0,0,0,0,0,0,1,2,1,1,2,1,4,3,0,1,3,2,0,12,2,0,1,0,5,1,1,3,1,1,5,3,0,1,0,0,1,1,0,0,0,0,3,0,0,1,0,1,0,2,0,0,0,0,0,1,1,1,3,0,2,0,0,0,0,0,0,1,0,0,0,0,1,3,0,0,1,4,0,0,0,0,0,0,0,2,0,0,0,3,0,0,0,1,1,0,0,1,0,0,0,0,0,0,0,1,0,0,1,0,0,0,1,1,0,1,0,0,3,0,0,1,0,1,1,1,1,0,4,5,0,4,0,2,1,0,0,2,1,0,0,0,4,1,0,0,1,0,1,1,1,0,0,0,0,0,0,3,0,0,0,1,0,13,0,2,0,0,0,1,0,0,0,0,0,0,4,0,0,9
trotsky_prolet_i_rev.txt_chunk1,trotsky,5,3,2,1,2,2,0,2,3,24,6,1,0,0,0,0,4,9,0,5,1,0,0,0,1,0,0,0,6,3,1,3,2,0,3,1,1,0,4,2,3,0,0,2,4,29,0,4,2,0,2,15,5,0,1,0,2,1,0,0,0,0,0,1,0,1,0,0,1,2,2,2,0,2,17,0,0,16,1,1,3,1,0,1,0,1,1,4,3,1,0,0,0,0,0,0,1,1,1,0,8,1,0,0,4,1,5,0,0,7,0,0,0,0,1,0,1,1,0,1,0,0,1,1,0,1,1,5,0,2,0,1,7,0,0,1,0,4,0,5,3,2,2,0,8,3,0,1,1,2,0,2,0,2,0,2,0,1,1,0,0,0,0,5,0,0,0,0,0,0,0,0,0,0,0,1,0,0,2,3,0,0,0,1,1,0,0,0,0,0,0,1,2,0,1,0,0,1,0,0,0,1,0,0,0,0,0,1,0,2,0,0,0,1,1,0,1,2,0,1,5,2,0,0,0,0,0,0,0,0,0,0,0,1,0,2,1,0,1,0,1,1,1,0,0,0,0,0,0,0,0,0,1,0,0,0,1,0,1,0,1,1,1,0,1,1,1,0,6,0,0,0,0,0,1,1,0,2,0,0,5,0,3,5,2,2,0,0,0,0,0,0,0,0,1,3,0,0,0,0
trotsky_prolet_i_rev.txt_chunk2,trotsky,2,1,2,0,8,0,2,6,3,31,6,0,0,0,0,0,5,0,1,2,1,0,0,0,0,0,1,0,4,0,0,0,0,0,3,0,1,3,1,6,1,1,1,3,0,26,0,2,1,0,5,3,4,0,1,1,3,0,0,2,0,0,0,2,0,0,0,0,0,1,6,2,0,2,14,1,0,31,0,0,2,2,5,0,0,4,0,11,5,2,2,2,1,2,1,2,1,2,1,0,1,0,0,0,3,0,0,0,0,5,0,1,0,3,1,2,3,2,2,2,1,1,0,7,0,1,1,2,0,5,4,0,4,1,0,2,3,2,1,8,2,2,0,0,6,0,3,2,1,0,0,2,0,1,0,0,0,1,0,0,0,0,0,0,0,0,0,0,0,0,0,0,0,2,0,3,0,1,1,2,1,0,0,0,0,0,0,2,0,0,1,0,0,0,0,0,1,1,0,0,0,1,0,0,0,0,0,0,0,0,0,0,0,1,0,0,3,0,0,2,1,1,1,0,0,2,0,2,0,1,0,0,2,2,0,2,0,0,0,0,1,0,0,1,0,1,0,0,1,1,0,0,0,0,0,0,0,1,0,0,0,0,2,0,0,2,0,0,1,0,0,0,0,0,0,0,0,0,0,0,3,0,0,1,1,0,0,0,0,0,0,0,4,0,2,2,0,0,0,0
trotsky_voyna_i_oppoz.txt_chunk2,trotsky,5,0,1,0,2,3,0,3,1,24,3,0,0,0,0,0,1,6,0,0,0,0,0,0,0,2,2,0,3,1,3,1,0,1,6,1,2,0,0,1,3,0,0,8,0,52,0,2,0,1,2,3,2,0,1,0,1,1,0,0,1,0,1,1,0,1,0,0,0,0,1,0,0,0,21,0,0,25,1,0,0,2,4,0,0,0,0,6,0,6,0,1,0,2,1,0,1,6,5,0,5,0,0,0,4,0,0,1,0,16,0,1,4,1,1,1,0,1,0,7,0,0,0,0,0,1,1,4,0,2,4,0,5,1,0,1,2,0,0,11,1,2,0,0,5,3,1,0,0,1,0,2,0,1,0,0,0,0,0,4,1,0,0,0,1,0,0,0,1,0,1,0,0,0,1,2,2,0,0,1,1,0,0,0,0,1,0,2,0,0,0,0,4,0,0,1,1,0,0,0,1,0,0,0,0,1,0,0,0,2,0,0,2,1,0,2,0,0,0,0,0,3,0,0,0,0,1,0,2,0,2,0,0,1,0,0,0,0,0,0,0,0,0,0,0,1,1,2,0,1,0,1,0,1,0,0,1,0,0,0,0,0,0,0,1,2,0,1,0,0,1,0,0,0,1,2,0,1,0,1,0,0,0,0,0,0,0,0,0,0,0,0,4,0,0,0,0,0,0,0
trotsky_voyna_i_oppoz.txt_chunk3,trotsky,0,0,0,0,5.58659217877095,0,0,5.58659217877095,0,27.932960893854748,0,0,0,0,0,0,0,16.75977653631285,0,0,0,0,0,0,0,0,0,0,16.75977653631285,0,0,0,0,0,0,0,0,0,5.58659217877095,5.58659217877095,0,0,0,0,0,39.10614525139665,0,0,0,0,0,5.58659217877095,0,0,5.58659217877095,0,11.1731843575419,0,0,0,0,0,0,5.58659217877095,0,0,0,0,0,0,0,0,0,0,22.3463687150838,0,0,22.3463687150838,0,0,0,0,5.58659217877095,0,0,0,0,0,0,0,0,0,5.58659217877095,0,0,0,0,5.58659217877095,11.1731843575419,0,0,0,0,0,0,0,0,5.58659217877095,0,16.75977653631285,0,0,0,5.58659217877095,5.58659217877095,0,5.58659217877095,5.58659217877095,0,16.75977653631285,0,0,0,0,0,0,0,5.58659217877095,0,5.58659217877095,0,0,0,0,0,0,5.58659217877095,0,0,0,0,0,0,0,0,0,5.58659217877095,0,0,0,0,0,0,0,0,0,0,0,0,0,0,0,0,0,0,0,0,0,0,0,0,0,0,0,0,0,0,0,0,0,0,0,0,0,0,0,0,0,0,0,0,0,0,0,0,0,0,0,0,0,0,0,0,16.75977653631285,0,0,0,0,0,0,0,5.58659217877095,0,0,0,0,22.3463687150838,0,0,0,0,0,0,0,0,11.1731843575419,5.58659217877095,0,0,0,0,0,0,0,5.58659217877095,0,0,0,0,0,0,0,5.58659217877095,0,0,0,0,0,0,0,0,0,0,0,0,0,5.58659217877095,0,0,0,0,0,0,0,0,0,11.1731843575419,0,0,11.1731843575419,0,0,0,0,11.1731843575419,5.58659217877095,0,0,0,0,0,0,5.58659217877095,0,0,0,0,0,0,0,0,0,0,0,0,0,0,0,0,0
zasulich_dobrolubov_I.txt_chunk1,zasulich,8,0,0,1,3,1,0,1,0,38,2,0,0,0,0,0,0,6,2,1,0,0,2,1,0,0,0,0,4,0,0,0,2,1,13,0,2,1,2,3,6,3,2,4,0,30,0,0,2,0,2,6,2,1,1,1,0,1,0,1,4,2,2,1,1,0,0,0,0,0,1,2,3,2,13,1,0,20,1,0,0,1,2,2,1,0,1,10,3,5,2,1,0,1,0,1,15,2,3,0,6,0,1,2,1,0,5,0,0,9,0,3,0,3,2,2,1,3,2,0,0,0,0,1,0,2,2,3,0,2,3,1,4,0,2,2,6,3,2,11,2,1,4,0,2,1,3,2,1,0,0,0,0,0,0,0,0,0,0,0,0,1,1,0,1,1,0,0,0,0,0,1,0,2,2,2,0,0,0,1,1,0,0,0,0,0,0,0,0,0,0,0,2,0,0,0,1,1,0,0,0,0,0,0,0,0,0,0,1,0,0,0,1,1,0,0,0,0,0,0,0,0,1,0,1,2,0,2,0,0,0,0,2,4,1,0,1,0,2,0,0,0,1,1,0,0,0,0,1,0,0,4,5,0,0,0,1,0,0,1,0,0,0,1,2,1,1,0,0,0,0,0,0,0,0,0,0,0,0,0,0,0,0,0,0,0,0,0,0,0,0,0,0,0,0,0,0,0,0,0
zasulich_dobrolubov_I.txt_chunk2,zasulich,2,1,3,0,4,2,0,1,1,30,2,0,0,0,0,1,1,3,1,2,1,0,1,1,0,0,1,0,5,2,0,0,0,1,9,0,4,2,1,3,6,1,0,3,0,42,0,6,0,2,7,8,8,0,4,0,2,2,1,0,2,0,0,1,0,0,0,0,1,0,1,1,1,0,16,0,1,26,1,0,1,2,0,2,1,2,2,15,2,3,0,1,1,1,0,0,17,3,3,1,13,0,0,1,4,1,0,0,1,7,0,0,2,1,0,0,1,0,0,2,0,0,0,2,0,1,1,3,0,7,1,1,3,1,1,0,2,3,1,18,3,1,2,1,6,2,0,0,1,0,5,1,1,2,0,1,2,0,1,2,0,3,0,2,2,0,0,1,0,2,0,0,1,0,0,3,2,0,0,1,0,0,0,0,0,1,0,0,0,5,1,0,0,0,0,0,0,0,0,0,0,0,0,0,0,1,0,0,1,0,0,1,1,1,0,0,1,0,0,0,0,1,0,0,1,0,0,0,7,1,0,0,3,0,1,0,1,0,0,1,1,1,0,0,2,0,0,0,0,3,0,2,0,1,0,1,1,0,0,0,0,0,1,0,2,1,0,2,0,0,1,0,0,0,0,0,0,0,1,0,1,0,0,1,0,0,0,0,0,0,0,0,0,0,0,0,0,0,0,0
zasulich_dobrolubov_I.txt_chunk3,zasulich,7.782101167315175,0,0,0,19.45525291828794,5.188067444876784,1.297016861219196,5.188067444876784,1.297016861219196,29.831387808041505,1.297016861219196,0,0,0,0,0,3.8910505836575875,7.782101167315175,2.594033722438392,1.297016861219196,0,0,3.8910505836575875,0,0,0,0,0,5.188067444876784,0,0,0,0,0,2.594033722438392,1.297016861219196,0,6.485084306095979,0,2.594033722438392,5.188067444876784,0,3.8910505836575875,3.8910505836575875,0,38.91050583657588,1.297016861219196,2.594033722438392,2.594033722438392,1.297016861219196,3.8910505836575875,7.782101167315175,6.485084306095979,0,2.594033722438392,0,0,1.297016861219196,1.297016861219196,1.297016861219196,1.297016861219196,0,0,2.594033722438392,0,0,0,0,0,1.297016861219196,3.8910505836575875,0,0,3.8910505836575875,3.8910505836575875,0,1.297016861219196,29.831387808041505,1.297016861219196,0,1.297016861219196,0,0,2.594033722438392,1.297016861219196,0,2.594033722438392,10.376134889753567,5.188067444876784,2.594033722438392,1.297016861219196,0,0,0,0,0,2.594033722438392,0,6.485084306095979,0,12.970168612191959,0,0,0,0,0,0,0,0,9.079118028534372,0,0,1.297016861219196,1.297016861219196,0,1.297016861219196,0,3.8910505836575875,3.8910505836575875,0,0,0,0,2.594033722438392,0,1.297016861219196,1.297016861219196,0,0,7.782101167315175,2.594033722438392,0,6.485084306095979,0,1.297016861219196,0,3.8910505836575875,0,0,6.485084306095979,9.079118028534372,0,0,1.297016861219196,2.594033722438392,0,0,0,0,0,0,2.594033722438392,0,2.594033722438392,0,0,1.297016861219196,1.297016861219196,1.297016861219196,0,1.297016861219196,1.297016861219196,0,0,2.594033722438392,0,0,0,0,0,0,0,0,1.297016861219196,0,1.297016861219196,0,0,0,1.297016861219196,0,2.594033722438392,1.297016861219196,0,0,0,0,0,2.594033722438392,2.594033722438392,0,0,0,0,0,0,1.297016861219196,0,0,1.297016861219196,0,0,0,0,0,2.594033722438392,0,0,0,0,0,0,2.594033722438392,3.8910505836575875,0,0,0,0,0,0,0,1.297016861219196,0,0,0,1.297016861219196,1.297016861219196,2.594033722438392,5.188067444876784,0,0,0,0,1.297016861219196,0,0,1.297016861219196,1.297016861219196,0,0,1.297016861219196,0,0,0,0,0,0,0,1.297016861219196,1.297016861219196,0,1.297016861219196,1.297016861219196,0,0,0,0,0,0,0,0,0,0,1.297016861219196,1.297016861219196,0,0,2.594033722438392,0,0,0,0,0,0,0,6.485084306095979,0,0,0,1.297016861219196,1.297016861219196,1.297016861219196,0,0,0,0,0,0,0,0,0,0,0,0,0,0,0,0,1.297016861219196,0
zasulich_merged_skiy_I.txt_ionala.txt_icha_I.txt,zasulich,7.022471910112359,0,1.4044943820224718,2.8089887640449436,5.617977528089887,0,1.4044943820224718,4.213483146067416,0,25.280898876404493,2.8089887640449436,1.4044943820224718,0,0,0,0,5.617977528089887,12.640449438202246,0,0,0,0,1.4044943820224718,1.4044943820224718,0,0,1.4044943820224718,0,7.022471910112359,1.4044943820224718,0,0,0,0,8.426966292134832,0,1.4044943820224718,8.426966292134832,1.4044943820224718,4.213483146067416,4.213483146067416,2.8089887640449436,1.4044943820224718,8.426966292134832,0,22.47191011235955,0,7.022471910112359,8.426966292134832,2.8089887640449436,4.213483146067416,5.617977528089887,4.213483146067416,0,0,1.4044943820224718,0,0,0,1.4044943820224718,1.4044943820224718,4.213483146067416,1.4044943820224718,2.8089887640449436,2.8089887640449436,1.4044943820224718,0,1.4044943820224718,2.8089887640449436,2.8089887640449436,1.4044943820224718,1.4044943820224718,0,0,16.853932584269664,1.4044943820224718,1.4044943820224718,18.258426966292134,2.8089887640449436,1.4044943820224718,0,1.4044943820224718,1.4044943820224718,0,0,2.8089887640449436,0,9.831460674157302,4.213483146067416,1.4044943820224718,1.4044943820224718,0,1.4044943820224718,1.4044943820224718,4.213483146067416,0,12.640449438202246,1.4044943820224718,4.213483146067416,0,7.022471910112359,0,0,0,4.213483146067416,0,1.4044943820224718,1.4044943820224718,0,14.044943820224718,0,0,1.4044943820224718,1.4044943820224718,1.4044943820224718,1.4044943820224718,0,0,1.4044943820224718,4.213483146067416,1.4044943820224718,0,0,1.4044943820224718,0,0,2.8089887640449436,0,4.213483146067416,5.617977528089887,0,0,14.044943820224718,0,1.4044943820224718,0,4.213483146067416,0,0,15.44943820224719,5.617977528089887,0,0,0,7.022471910112359,1.4044943820224718,5.617977528089887,0,0,0,0,1.4044943820224718,0,0,0,0,0,1.4044943820224718,1.4044943820224718,4.213483146067416,0,1.4044943820224718,0,1.4044943820224718,0,0,0,0,0,0,0,1.4044943820224718,0,4.213483146067416,0,1.4044943820224718,0,1.4044943820224718,0,1.4044943820224718,1.4044943820224718,0,0,0,1.4044943820224718,1.4044943820224718,0,0,0,0,1.4044943820224718,1.4044943820224718,0,0,0,0,0,0,0,1.4044943820224718,0,0,1.4044943820224718,1.4044943820224718,0,0,0,1.4044943820224718,1.4044943820224718,2.8089887640449436,0,0,0,1.4044943820224718,0,0,0,0,2.8089887640449436,0,0,2.8089887640449436,1.4044943820224718,0,0,0,1.4044943820224718,1.4044943820224718,2.8089887640449436,0,0,0,4.213483146067416,0,0,0,0,0,0,0,0,1.4044943820224718,0,1.4044943820224718,1.4044943820224718,0,0,0,1.4044943820224718,2.8089887640449436,0,1.4044943820224718,0,0,0,0,0,0,0,0,0,0,0,1.4044943820224718,0,0,0,0,0,0,0,0,0,0,0,0,0,0,4.213483146067416,0,0,0,0,0,0,0,0,0,0,0,1.4044943820224718,0,0,0,1.4044943820224718,0,0,0,4.213483146067416,0
zasulich_mihailovskiy_I.txt_chunk1,zasulich,3,0,2,0,2,2,4,1,2,37,0,0,0,0,0,0,4,3,1,2,0,1,1,0,0,0,0,1,7,1,0,0,0,0,11,0,4,0,1,5,0,1,1,5,0,38,0,6,2,1,2,9,10,0,5,0,1,0,0,2,2,0,0,3,0,0,0,0,0,0,0,1,1,0,13,0,0,29,2,1,0,0,3,0,1,4,0,8,0,0,1,1,2,0,0,1,5,1,1,0,4,0,0,0,8,1,0,0,0,12,0,1,3,2,1,0,2,1,0,1,2,0,0,6,0,0,0,2,2,4,2,0,3,0,0,0,0,1,0,6,3,0,0,1,6,2,3,0,0,0,0,4,0,0,1,0,3,0,2,1,0,1,2,2,1,1,0,0,0,0,1,0,0,2,1,6,2,0,1,2,0,0,0,1,2,0,1,1,0,1,0,2,0,0,0,0,1,1,0,0,3,0,0,1,0,0,0,2,2,1,0,0,2,1,0,1,2,1,0,0,1,3,4,1,0,1,0,0,2,1,1,2,5,0,1,1,0,1,1,4,1,0,0,1,0,0,0,2,0,1,0,1,0,0,0,0,0,1,0,0,1,0,1,0,0,0,1,1,1,2,1,0,0,0,0,0,0,0,0,0,0,0,0,0,3,0,0,0,1,0,0,0,0,1,0,0,0,0,0,0
zasulich_o_chem_govoryat_nam_I.txt_chunk1,zasulich,6,0,1,0,4,0,3,2,2,42,0,0,0,0,0,0,1,6,0,0,0,0,1,1,0,0,1,0,0,0,1,0,0,0,1,0,1,4,0,5,3,0,1,1,0,43,0,8,5,0,7,4,7,0,2,1,1,3,0,0,0,0,2,3,0,1,0,0,0,0,3,0,0,1,18,0,0,22,0,0,0,2,0,2,2,2,1,7,0,3,1,0,1,1,2,1,3,2,0,1,0,0,2,1,4,1,0,3,0,15,0,0,0,2,1,2,2,0,0,2,1,0,0,1,0,0,1,2,0,5,2,1,3,0,2,0,3,6,0,11,1,1,4,0,4,1,1,0,1,0,0,3,0,3,0,0,2,0,0,1,0,0,0,0,2,1,0,0,0,0,0,1,2,1,0,3,0,0,2,6,0,0,2,4,1,2,1,0,0,0,0,1,0,1,0,2,1,5,0,6,0,0,1,1,0,0,0,1,0,1,0,0,0,1,0,0,0,0,1,5,0,2,1,0,0,3,0,1,0,0,0,0,0,0,0,0,1,1,0,0,1,2,2,0,1,1,0,1,0,0,0,3,1,0,0,1,1,0,3,2,1,0,0,0,0,0,0,1,1,0,0,0,0,0,0,0,1,0,0,0,1,0,3,2,0,0,0,0,0,0,0,0,0,0,1,0,0,0,2,0
zasulich_o_chem_govoryat_nam_I.txt_chunk2,zasulich,5,2,2,1,7,0,3,6,0,35,4,0,0,0,0,0,2,11,3,0,0,0,3,1,0,1,1,0,3,0,1,1,0,1,4,0,3,5,1,3,4,1,0,3,0,23,0,0,1,1,2,4,7,0,3,3,0,1,0,1,0,1,0,1,0,0,0,2,2,3,7,2,0,0,18,0,0,24,2,1,0,2,1,1,0,0,3,12,0,3,1,0,0,0,1,0,2,2,3,0,4,0,1,0,2,4,0,1,1,11,2,0,1,1,2,0,2,0,1,0,0,0,1,1,0,0,0,4,0,6,0,0,10,1,1,2,4,2,1,10,1,0,2,2,6,3,0,1,0,0,0,0,0,3,0,1,1,0,0,0,0,0,0,0,5,0,0,0,0,0,0,2,2,0,0,4,0,0,2,5,0,0,6,5,3,2,1,1,1,0,2,0,0,0,0,1,2,2,1,0,0,2,6,4,0,0,0,0,0,0,0,2,0,2,0,0,0,0,1,2,1,2,1,1,2,5,0,4,3,0,0,0,0,0,1,0,1,0,0,0,0,0,1,1,0,0,1,0,1,0,0,1,0,0,0,0,0,1,1,1,1,0,0,1,0,2,0,1,0,0,0,0,0,0,0,4,2,0,0,2,2,0,0,1,2,0,0,0,1,0,0,0,0,0,3,0,0,0,2,0
zasulich_o_chem_govoryat_nam_I.txt_chunk3,zasulich,8,3,2,2,11,2,2,5,4,31,2,0,0,0,0,0,2,3,1,4,0,0,0,0,2,0,3,0,5,0,1,3,0,0,4,1,0,2,0,2,6,1,0,4,0,27,0,4,5,0,3,7,9,0,5,3,1,1,0,0,0,0,0,5,0,0,0,1,0,0,5,2,0,1,20,0,3,27,0,2,0,1,7,2,0,1,1,8,3,9,1,0,0,0,1,0,2,5,4,0,2,0,3,1,2,1,7,2,0,8,0,1,0,0,0,0,1,0,1,2,0,0,3,1,0,0,2,0,0,4,1,1,2,5,0,1,7,3,0,15,2,1,2,0,6,0,0,0,0,0,0,1,2,2,0,0,3,1,1,2,1,0,1,0,0,0,0,1,0,0,0,0,2,0,0,7,2,0,1,1,0,0,1,1,0,1,0,0,0,1,0,0,1,0,0,1,0,3,1,1,0,0,1,2,0,0,1,0,0,1,1,0,1,1,0,0,3,0,0,3,0,1,1,0,0,1,0,0,1,2,0,0,0,0,0,0,1,0,0,0,1,0,2,0,0,1,0,0,2,0,0,1,0,0,0,0,1,0,0,4,2,0,0,0,0,0,4,4,0,0,0,0,0,0,0,0,0,0,0,0,4,0,0,4,2,1,0,0,0,0,0,0,0,0,2,0,0,0,1,0
zasulich_o_chem_govoryat_nam_I.txt_chunk4,zasulich,6.25,2.0833333333333335,6.25,1.0416666666666667,12.5,3.125,2.0833333333333335,6.25,4.166666666666667,43.75,3.125,0,0,0,0,0,1.0416666666666667,6.25,1.0416666666666667,1.0416666666666667,0,0,2.0833333333333335,0,1.0416666666666667,0,1.0416666666666667,0,4.166666666666667,0,5.208333333333333,3.125,0,0,4.166666666666667,1.0416666666666667,0,5.208333333333333,0,7.291666666666667,3.125,0,1.0416666666666667,0,0,29.166666666666668,0,2.0833333333333335,3.125,0,1.0416666666666667,8.333333333333334,6.25,0,2.0833333333333335,3.125,1.0416666666666667,0,0,0,2.0833333333333335,1.0416666666666667,0,4.166666666666667,0,0,0,2.0833333333333335,0,2.0833333333333335,5.208333333333333,4.166666666666667,3.125,1.0416666666666667,7.291666666666667,0,0,13.541666666666668,2.0833333333333335,0,1.0416666666666667,1.0416666666666667,4.166666666666667,2.0833333333333335,2.0833333333333335,1.0416666666666667,0,10.416666666666666,1.0416666666666667,9.375,0,0,0,0,1.0416666666666667,1.0416666666666667,0,3.125,1.0416666666666667,0,5.208333333333333,1.0416666666666667,1.0416666666666667,1.0416666666666667,8.333333333333334,1.0416666666666667,2.0833333333333335,3.125,1.0416666666666667,6.25,0,0,1.0416666666666667,1.0416666666666667,0,0,1.0416666666666667,0,2.0833333333333335,0,0,0,2.0833333333333335,1.0416666666666667,0,0,0,0,0,3.125,2.0833333333333335,1.0416666666666667,3.125,3.125,2.0833333333333335,1.0416666666666667,2.0833333333333335,3.125,0,10.416666666666666,7.291666666666667,2.0833333333333335,0,0,4.166666666666667,3.125,2.0833333333333335,2.0833333333333335,0,0,0,1.0416666666666667,1.0416666666666667,5.208333333333333,0,0,2.0833333333333335,0,1.0416666666666667,2.0833333333333335,2.0833333333333335,0,0,1.0416666666666667,0,0,0,2.0833333333333335,0,0,0,0,0,0,1.0416666666666667,7.291666666666667,0,0,1.0416666666666667,0,0,0,1.0416666666666667,4.166666666666667,5.208333333333333,0,2.0833333333333335,2.0833333333333335,0,0,1.0416666666666667,2.0833333333333335,0,0,1.0416666666666667,0,0,0,2.0833333333333335,0,0,3.125,9.375,1.0416666666666667,0,0,0,0,0,0,1.0416666666666667,0,0,3.125,0,0,0,0,1.0416666666666667,3.125,1.0416666666666667,0,1.0416666666666667,1.0416666666666667,1.0416666666666667,2.0833333333333335,0,1.0416666666666667,2.0833333333333335,1.0416666666666667,0,0,1.0416666666666667,1.0416666666666667,0,1.0416666666666667,0,0,4.166666666666667,1.0416666666666667,0,0,2.0833333333333335,0,0,0,0,0,2.0833333333333335,4.166666666666667,0,0,1.0416666666666667,0,0,1.0416666666666667,0,0,0,0,0,0,1.0416666666666667,0,2.0833333333333335,0,2.0833333333333335,2.0833333333333335,1.0416666666666667,0,1.0416666666666667,0,0,0,0,0,0,0,0,0,0,0,0,9.375,1.0416666666666667,4.166666666666667,0,0,0,0,0,0,0,0,3.125,1.0416666666666667,0,0,3.125,0
zasulich_ocherk_istorii_1internacionala.txt_chunk1,zasulich,2,0,1,1,1,2,4,3,1,45,4,0,0,0,0,1,2,4,1,0,1,0,2,1,0,0,0,0,4,0,1,0,2,0,11,1,0,0,0,3,4,0,1,6,0,36,0,4,5,1,6,11,2,0,0,2,0,1,0,0,1,1,0,6,0,1,0,1,0,0,0,0,0,0,7,1,0,15,2,0,0,0,3,0,3,2,1,6,1,6,1,2,0,1,0,0,4,0,3,5,6,0,2,0,8,0,2,0,0,12,0,0,1,1,0,0,2,1,0,0,0,0,1,2,2,1,1,0,2,1,3,3,1,1,0,0,1,0,0,5,0,0,1,2,0,4,0,1,1,1,0,0,0,1,0,0,0,0,0,2,0,0,0,3,2,0,0,0,0,1,0,0,1,0,0,1,0,0,2,2,0,0,3,2,1,2,5,0,0,1,0,1,0,0,0,1,3,3,5,2,1,1,0,1,0,0,2,0,1,0,0,2,0,1,0,0,0,0,0,9,2,0,0,0,1,1,1,0,2,1,0,0,1,0,1,0,0,0,1,0,2,0,1,1,0,0,0,1,0,0,0,5,0,0,0,1,0,0,0,0,0,0,2,0,0,0,0,0,0,0,0,0,5,0,0,0,2,0,0,4,1,0,0,0,0,0,1,0,0,0,0,0,0,0,1,0,0,0,0,0
zasulich_ocherk_istorii_1internacionala.txt_chunk10,zasulich,2,0,1,0,2,0,1,3,1,32,1,4,1,1,0,0,2,2,0,1,0,0,1,0,1,0,0,0,3,1,0,1,1,0,2,0,0,0,1,3,8,0,0,2,1,32,0,7,0,1,9,7,6,0,0,1,1,0,0,0,1,0,0,6,1,3,0,0,0,4,0,1,1,1,20,0,0,10,2,0,0,0,2,1,0,0,1,7,0,7,4,0,0,0,0,0,4,0,2,0,5,0,1,0,8,2,4,2,1,7,0,0,1,1,1,1,1,0,1,1,0,1,0,3,3,0,1,6,0,5,0,0,4,1,1,0,0,1,0,7,6,1,1,0,1,0,2,2,0,1,5,2,0,0,0,0,1,0,1,1,0,0,2,3,1,0,0,1,1,0,1,0,0,2,1,6,2,0,3,2,0,0,0,0,0,1,4,1,2,2,0,0,0,0,0,0,0,4,3,1,1,0,0,2,0,2,0,0,0,1,0,0,0,0,0,1,0,0,0,4,0,0,0,0,0,1,0,4,2,0,1,5,1,1,0,0,0,0,0,0,0,0,1,0,0,0,1,1,1,0,0,1,0,2,0,0,0,0,0,0,0,0,0,0,0,0,1,0,0,0,2,1,0,0,2,0,2,1,1,0,3,0,0,0,0,0,0,0,0,0,0,0,0,0,0,0,0,0,1,0
zasulich_ocherk_istorii_1internacionala.txt_chunk11,zasulich,5,0,1,2,4,1,1,3,3,22,1,2,2,0,0,1,0,8,0,0,0,0,0,0,0,1,0,0,0,2,0,0,1,1,2,2,0,2,2,1,4,0,0,3,0,34,0,3,4,1,5,7,5,0,0,0,0,0,0,0,0,0,0,1,0,1,1,1,1,0,1,0,0,0,23,0,0,16,1,0,1,1,3,2,0,1,0,6,0,4,2,1,0,0,2,1,3,0,4,0,4,1,1,1,5,1,0,0,0,10,1,1,0,2,1,1,1,4,0,0,0,0,1,4,4,0,0,1,1,4,1,1,1,1,0,0,0,2,0,15,3,1,1,0,4,2,3,3,2,0,9,3,0,2,0,1,0,0,0,2,0,0,1,1,0,2,1,0,0,0,0,0,0,0,0,3,0,2,1,0,1,0,0,0,0,1,1,0,1,0,0,0,0,0,0,0,0,7,2,2,1,0,0,4,0,1,0,0,0,0,2,0,0,0,0,1,1,2,0,3,0,0,0,0,0,3,0,0,1,0,1,4,3,0,0,0,0,0,0,0,1,1,1,0,0,0,0,0,1,0,1,0,0,1,0,1,1,0,0,1,1,0,1,1,1,0,0,0,2,0,2,0,2,0,2,0,1,4,7,1,0,0,2,0,0,0,0,0,0,0,0,0,1,0,0,0,0,1,5,0
zasulich_ocherk_istorii_1internacionala.txt_chunk12,zasulich,6,2,1,0,4,0,5,2,1,34,5,0,0,0,0,1,3,4,1,1,0,0,3,2,0,1,1,0,5,0,1,0,2,1,8,2,0,0,0,1,7,3,0,4,0,33,0,5,1,0,2,5,6,0,0,1,0,1,0,2,1,0,3,3,1,1,0,0,1,1,0,0,0,0,12,1,0,20,0,0,1,1,3,0,1,1,2,7,0,6,1,1,0,0,1,0,6,2,2,3,7,0,1,1,5,2,1,0,0,9,0,1,2,2,2,0,1,0,0,1,0,0,1,6,0,0,1,2,2,5,0,1,2,4,0,0,0,2,0,10,4,0,0,0,3,2,2,0,0,0,0,3,0,0,0,0,1,1,1,0,0,2,1,5,2,0,0,0,0,0,0,0,0,0,0,4,1,0,2,2,0,0,1,0,0,1,0,1,1,0,1,0,0,4,0,0,1,0,2,2,0,0,0,1,0,0,0,0,0,0,0,1,0,1,0,0,0,0,0,3,0,0,0,1,0,2,0,0,2,0,0,0,1,0,0,0,0,1,0,1,1,0,1,0,1,2,1,0,1,1,3,9,1,0,0,4,0,0,2,1,0,0,0,0,0,0,0,0,0,0,0,0,1,0,0,3,0,1,0,0,0,0,0,0,0,0,0,0,0,0,0,0,0,0,0,0,0,0,1,0
zasulich_ocherk_istorii_1internacionala.txt_chunk13,zasulich,2,0,2,0,0,1,4,1,0,21,2,1,0,0,0,0,2,6,0,1,1,0,2,0,0,0,1,0,5,0,0,0,2,0,3,1,0,1,0,1,3,0,0,3,0,37,0,8,0,2,7,4,4,0,2,0,0,1,0,2,2,1,0,1,0,5,0,0,0,0,0,0,0,0,22,0,0,17,0,0,0,0,1,0,0,0,0,11,0,7,2,2,0,0,2,1,0,1,8,0,4,0,0,0,9,1,3,3,0,15,0,0,0,0,2,0,0,1,0,0,0,1,1,1,3,0,1,2,1,3,0,0,3,0,0,0,0,1,0,12,0,0,2,0,1,1,0,1,0,1,0,0,0,4,1,2,0,0,0,0,0,0,0,4,0,0,1,0,0,0,0,0,0,0,2,4,2,0,5,3,2,1,1,1,0,1,0,0,1,0,0,0,0,0,0,0,0,0,0,4,0,0,0,2,0,2,0,0,0,0,0,1,0,1,0,0,0,0,0,7,0,0,0,0,0,4,0,0,1,1,0,1,4,0,1,1,0,1,0,0,4,0,2,0,2,0,2,0,1,1,0,2,0,0,0,0,0,0,1,1,0,1,2,0,1,0,0,0,0,1,0,0,0,0,0,0,3,0,0,0,1,0,0,0,0,0,1,0,0,0,0,0,0,0,1,0,0,0,1,0
zasulich_ocherk_istorii_1internacionala.txt_chunk14,zasulich,4,0,0,0,0,2,6,4,1,40,5,0,0,0,0,0,1,3,0,1,2,0,2,0,0,0,2,0,0,0,1,0,0,0,5,0,0,1,1,2,6,0,0,12,0,45,0,10,1,3,7,10,1,0,1,0,0,3,0,4,1,0,0,1,0,3,0,0,1,0,0,0,0,0,15,0,0,16,0,0,0,0,0,0,0,1,0,7,0,4,0,2,0,0,0,0,0,3,2,0,1,1,0,1,8,2,2,1,0,13,0,0,1,0,1,0,0,1,0,0,0,0,0,1,3,1,2,2,0,0,1,0,2,0,0,0,0,1,1,4,1,1,2,1,1,2,1,2,0,1,0,1,0,7,0,0,0,0,1,0,1,0,1,3,0,1,0,0,0,0,0,0,0,0,2,4,0,0,1,1,1,0,1,1,0,1,0,2,0,0,1,0,0,0,0,0,0,3,0,4,1,0,0,0,0,0,0,1,1,0,1,0,2,1,0,0,0,0,0,14,0,0,0,0,0,1,0,1,1,0,0,0,0,0,0,0,1,1,1,0,2,0,1,1,1,0,2,0,2,0,0,1,0,0,0,1,0,0,1,0,0,0,3,0,0,0,0,0,0,0,0,0,1,0,0,0,1,0,0,0,1,0,0,0,0,0,0,0,0,0,0,0,0,0,0,0,0,3,1,0
zasulich_ocherk_istorii_1internacionala.txt_chunk15,zasulich,0,0,0,0,1,1,2,0,0,26,2,4,0,0,0,0,5,3,1,0,0,0,0,0,0,0,1,0,1,0,0,0,3,2,9,0,0,1,1,1,4,2,0,3,0,49,0,6,2,2,1,3,4,0,0,0,1,1,0,2,0,0,0,4,0,5,0,0,0,1,2,0,0,0,12,1,0,8,1,0,0,0,2,0,0,1,0,3,0,4,2,1,1,0,0,1,3,1,1,1,8,2,0,1,6,2,3,1,0,9,0,0,3,2,0,0,1,2,0,1,0,1,0,3,2,1,1,1,1,3,2,2,3,0,0,0,1,0,0,9,2,2,0,0,2,0,2,0,1,2,0,0,0,2,0,2,1,0,1,0,0,0,1,3,2,0,0,1,4,0,0,0,0,0,1,4,1,3,2,2,0,0,0,1,0,0,2,0,2,1,0,0,0,0,0,1,0,9,1,3,2,1,0,1,0,0,0,0,2,2,1,2,0,1,0,1,0,0,2,8,0,2,0,0,2,2,2,1,1,0,1,0,2,0,0,0,0,1,0,0,0,0,0,0,0,0,0,1,1,2,0,1,0,0,0,3,0,0,0,2,2,0,2,0,0,0,0,0,3,1,0,0,3,0,1,1,2,0,0,0,0,2,0,0,0,0,0,0,0,0,0,0,7,1,0,0,0,0,1,0
zasulich_ocherk_istorii_1internacionala.txt_chunk16,zasulich,2,0,2,3,2,0,0,3,4,32,3,1,0,3,0,0,2,5,0,0,1,1,4,0,0,1,2,1,9,1,0,0,5,2,3,0,0,0,0,1,4,0,0,4,0,38,0,10,3,0,3,7,5,0,1,0,0,0,0,3,1,0,1,2,0,1,0,0,1,2,6,0,0,0,11,0,0,12,0,1,1,0,1,1,0,2,0,4,1,7,1,0,0,0,0,2,4,1,3,6,3,0,2,0,10,1,7,2,0,5,0,0,1,2,0,1,0,0,0,0,0,1,2,8,1,0,0,1,0,2,0,0,5,2,0,0,0,3,0,12,3,0,1,0,4,3,0,3,3,0,0,7,0,1,0,0,0,0,0,1,0,0,1,1,1,1,0,0,0,0,0,0,3,3,1,6,1,0,0,2,0,1,0,0,0,0,0,1,1,0,1,0,0,0,0,0,1,4,0,4,0,0,0,0,0,1,0,0,0,1,1,0,0,1,0,0,0,0,1,7,0,0,0,0,0,2,0,0,0,0,0,6,2,0,0,0,0,0,1,0,0,0,1,1,0,0,1,1,2,2,0,0,0,0,0,0,1,0,0,0,0,0,0,0,1,0,0,2,1,1,1,4,0,0,0,0,2,1,1,0,0,0,0,0,0,0,0,0,0,0,0,0,0,1,0,0,0,0,1,0
zasulich_ocherk_istorii_1internacionala.txt_chunk17,zasulich,1,1,1,0,3,2,0,2,1,26,0,6,2,1,0,1,0,5,0,4,1,1,2,0,1,1,0,0,8,0,2,0,1,0,5,0,1,0,0,2,5,1,0,3,0,41,0,7,2,2,7,5,10,0,0,0,1,1,0,1,2,0,0,4,1,2,0,0,0,0,0,1,0,1,24,0,0,17,1,0,0,1,2,0,0,2,0,8,0,8,1,2,0,0,1,2,3,0,2,3,2,0,1,0,10,1,1,4,1,11,1,1,2,3,0,0,1,0,1,1,0,1,2,6,2,1,0,2,3,0,0,1,4,0,0,0,5,0,0,8,0,0,1,0,3,2,1,0,1,1,0,0,0,2,2,0,3,0,1,0,0,0,2,3,0,0,0,0,1,1,1,1,2,3,0,3,1,0,1,5,0,0,0,0,0,0,0,3,0,0,1,0,0,0,0,0,0,2,0,0,0,0,0,1,0,0,0,0,0,1,0,1,1,1,0,1,0,1,0,2,0,0,0,0,0,2,1,1,1,0,1,3,3,0,0,0,0,0,0,1,1,0,0,1,1,1,0,0,0,3,0,0,0,0,0,0,1,0,0,0,1,0,0,1,0,0,0,0,1,0,1,1,0,0,0,0,2,1,0,0,0,0,0,0,0,0,0,0,0,0,0,0,0,2,1,0,0,0,1,0
zasulich_ocherk_istorii_1internacionala.txt_chunk18,zasulich,4,3,0,1,3,0,1,4,1,28,0,0,0,0,0,0,0,12,1,1,2,0,1,0,1,0,0,0,5,0,0,2,1,1,12,2,4,1,0,2,7,1,1,2,0,25,1,3,2,0,3,4,3,0,0,1,0,0,1,1,2,0,0,5,0,2,0,1,0,2,3,0,0,2,14,3,1,13,3,1,0,0,2,1,1,0,0,7,0,4,0,0,0,0,0,1,5,1,6,1,7,0,2,0,8,1,2,2,0,14,0,0,0,0,1,0,1,3,1,1,0,1,1,1,0,0,0,3,0,1,1,0,2,0,1,1,2,5,0,5,0,1,0,0,4,0,0,1,0,3,0,4,1,0,0,0,1,0,1,0,0,0,0,2,2,1,2,0,1,1,2,0,0,1,1,2,1,0,0,3,0,0,0,1,0,0,2,1,1,0,0,2,0,0,0,0,0,3,1,2,0,0,0,1,0,1,0,1,0,0,0,2,2,4,0,0,0,0,4,5,0,0,0,2,1,2,0,0,2,0,0,5,0,0,0,1,0,0,0,1,0,0,2,0,0,0,0,0,1,0,0,0,1,1,0,0,0,0,0,0,0,0,0,0,0,1,1,1,0,0,1,0,0,0,2,0,1,0,0,0,1,0,0,1,1,0,0,0,0,0,0,0,0,0,0,0,0,0,1,0
zasulich_ocherk_istorii_1internacionala.txt_chunk2,zasulich,1,0,0,0,5,2,3,5,0,35,2,1,0,0,1,0,1,6,2,2,0,0,0,2,0,0,0,0,9,1,1,0,0,3,8,0,0,0,1,0,4,1,0,1,0,42,0,7,1,1,3,6,5,1,1,0,2,1,0,2,0,0,0,2,0,2,0,0,0,0,1,3,0,0,8,0,0,9,0,0,0,0,4,0,0,0,1,4,0,2,1,1,1,0,0,1,0,0,7,1,6,1,1,0,5,2,1,0,1,17,0,0,0,1,1,1,1,1,2,3,1,1,1,2,3,0,0,3,0,1,1,2,1,0,0,0,0,0,1,10,0,0,1,1,1,3,0,0,0,0,0,1,0,1,1,0,2,2,1,0,1,0,0,5,0,0,0,2,0,0,1,0,0,1,0,3,0,0,0,3,2,1,4,4,0,2,3,4,1,1,1,0,0,1,0,0,0,5,5,1,2,0,0,5,0,1,1,1,0,4,1,1,0,1,0,0,0,0,1,8,0,0,0,0,0,0,0,0,0,0,0,2,4,0,1,0,1,0,1,0,0,0,0,0,1,0,0,0,2,0,0,3,1,0,0,0,0,0,1,0,0,3,2,0,1,0,0,0,2,0,0,0,2,0,0,1,1,1,0,1,1,1,0,0,0,0,1,0,0,0,2,0,0,2,0,0,0,0,0,0
zasulich_ocherk_istorii_1internacionala.txt_chunk3,zasulich,3,0,2,0,3,0,1,2,6,31,1,0,1,0,0,0,1,5,2,0,1,0,0,0,0,0,0,0,8,2,0,3,2,1,6,0,0,2,1,1,0,0,0,5,0,31,0,8,5,2,4,14,3,0,5,0,1,2,0,0,0,0,1,1,0,3,0,0,0,0,8,1,1,0,7,0,0,10,0,0,0,1,3,0,0,1,2,3,0,4,0,2,1,0,0,3,4,1,1,1,4,0,0,0,4,1,2,0,0,12,0,1,0,2,1,0,5,1,0,0,0,0,0,3,0,1,0,1,1,2,1,2,3,2,0,0,0,0,1,11,5,0,0,1,3,0,2,0,1,0,0,2,0,1,1,2,2,2,0,0,0,0,1,14,1,0,0,1,2,0,0,1,0,0,0,0,1,2,0,4,0,1,2,2,0,1,7,0,0,0,2,0,0,0,0,1,0,2,7,3,2,0,0,4,0,2,1,0,2,0,0,1,0,2,0,0,0,0,1,13,0,0,0,0,0,3,4,0,1,1,0,1,1,0,0,1,0,1,0,0,0,0,1,0,0,1,1,0,4,0,0,0,0,1,0,4,0,0,0,0,0,2,0,0,0,0,2,1,0,0,0,1,0,0,0,0,1,1,0,0,0,0,1,0,0,0,0,0,0,0,0,0,0,2,1,1,0,0,2,0
zasulich_ocherk_istorii_1internacionala.txt_chunk4,zasulich,5,0,1,2,5,1,0,3,0,23,5,0,0,0,0,0,1,4,0,0,0,1,1,0,0,0,0,0,4,1,0,0,0,0,5,2,0,1,1,1,4,0,0,6,0,42,0,3,5,1,4,8,7,2,0,0,0,1,0,0,0,0,0,5,0,4,0,0,0,3,0,1,0,0,9,0,0,14,0,0,0,0,7,0,1,1,0,6,0,3,0,2,1,1,0,0,2,0,5,1,1,0,0,1,7,0,1,2,0,11,0,1,0,1,0,0,1,0,0,1,0,0,0,2,2,1,0,2,0,3,1,1,5,0,0,1,2,0,0,14,1,1,2,1,2,1,4,0,0,0,0,1,0,3,2,0,0,1,1,0,0,1,2,2,0,0,0,2,0,2,0,0,0,0,0,4,1,0,3,5,4,0,0,1,0,1,5,1,0,0,1,0,0,1,0,0,2,0,8,2,1,0,0,0,0,0,1,2,0,2,0,2,0,2,0,0,0,1,2,8,0,0,0,0,1,1,1,0,3,0,0,3,2,0,0,0,0,0,0,2,1,0,2,2,0,0,2,1,0,3,0,0,0,0,0,2,0,0,0,0,0,0,1,0,0,0,0,2,0,0,1,2,1,1,0,0,1,3,0,1,1,0,1,1,0,0,0,0,0,0,0,0,0,0,1,0,0,1,1,0
zasulich_ocherk_istorii_1internacionala.txt_chunk5,zasulich,6,0,0,0,1,1,5,6,1,41,3,1,2,2,0,0,3,2,0,0,0,0,1,0,0,0,1,0,6,0,0,1,0,0,4,0,1,2,0,2,1,0,0,4,0,35,0,6,2,2,2,9,4,0,1,1,0,0,0,1,1,0,0,4,0,0,0,0,1,1,1,0,1,0,15,0,0,10,0,0,0,0,2,0,1,2,0,7,0,5,1,2,1,0,1,0,1,2,8,1,7,0,1,1,9,1,2,0,0,11,0,1,0,0,1,0,2,1,0,2,0,0,0,1,5,0,0,1,0,1,0,0,2,2,0,0,0,2,0,8,4,0,0,0,4,0,2,1,1,0,0,0,0,2,0,0,1,0,0,0,0,1,0,4,2,0,0,0,0,0,0,0,0,1,0,0,5,0,2,0,0,0,1,0,0,0,0,0,0,0,1,0,0,0,0,2,2,2,1,0,0,0,0,2,0,0,0,0,0,0,0,1,0,1,0,0,0,1,1,5,0,0,0,0,2,3,0,0,0,1,0,2,3,0,1,0,0,0,0,0,2,0,2,1,0,0,0,1,2,1,0,0,0,0,0,3,0,0,0,0,0,0,3,1,0,0,1,3,0,1,0,0,0,0,2,0,4,0,0,0,0,0,1,0,0,0,0,0,0,0,0,0,0,2,1,0,0,0,1,0
zasulich_ocherk_istorii_1internacionala.txt_chunk6,zasulich,1,0,0,1,4,1,1,3,2,35,1,1,0,3,0,0,2,4,0,2,0,1,0,0,0,0,0,0,10,1,2,1,4,0,6,2,0,0,1,3,6,0,0,2,0,31,0,5,2,0,6,4,7,0,0,0,1,2,1,2,0,0,0,4,0,4,0,0,0,0,3,1,0,0,12,0,0,16,0,0,1,0,4,1,0,1,2,8,3,4,3,0,0,2,0,1,1,1,5,3,4,1,0,0,9,0,2,1,1,6,0,0,0,5,1,3,0,4,0,2,0,0,1,4,0,0,0,0,0,1,1,0,4,1,1,0,0,0,2,4,3,1,1,0,1,2,2,3,1,0,0,0,0,1,2,0,0,0,0,0,0,0,0,6,0,0,0,2,0,0,0,1,0,1,0,0,0,1,0,3,0,0,0,1,0,0,6,1,3,0,0,0,0,0,0,1,0,1,7,2,0,0,0,1,0,0,0,4,0,2,2,0,1,0,0,1,0,0,3,7,0,0,0,0,1,3,0,2,1,1,1,5,0,0,0,0,0,0,0,0,1,0,0,2,1,0,0,0,1,1,0,4,2,0,0,2,0,1,0,2,0,1,0,0,0,0,0,1,1,0,0,3,1,0,0,0,2,0,0,0,0,0,0,0,0,0,0,0,0,1,0,0,0,0,0,0,0,0,0,0
zasulich_ocherk_istorii_1internacionala.txt_chunk7,zasulich,3,1,3,0,1,1,0,1,4,26,5,1,2,4,0,2,3,3,1,0,2,1,2,3,0,0,0,4,7,2,0,3,1,1,3,0,0,2,1,0,5,0,0,4,0,26,1,1,0,1,5,7,4,0,0,1,0,1,0,0,0,0,3,2,0,2,0,0,0,1,0,2,0,0,7,0,1,11,0,0,0,1,3,0,0,0,0,3,1,6,3,0,1,0,0,0,4,1,3,0,4,1,1,1,14,0,7,0,0,4,0,1,1,0,2,0,0,0,1,0,1,0,0,2,2,0,1,1,0,2,0,0,2,1,0,1,0,1,1,8,1,0,1,2,1,3,0,0,1,0,0,4,0,7,1,1,0,0,2,0,0,0,0,2,1,0,0,0,0,0,0,0,3,0,0,2,0,1,1,2,0,0,0,0,0,0,1,0,0,0,0,0,0,0,0,0,0,1,6,3,0,0,0,1,0,2,0,1,0,0,1,0,0,1,0,0,0,1,3,3,0,0,0,0,0,0,0,1,0,0,0,6,0,0,0,0,0,1,2,0,1,0,1,1,2,0,0,0,2,1,0,1,0,2,0,2,2,0,0,0,0,2,1,1,1,0,0,0,0,1,0,2,0,0,0,0,1,0,2,0,0,0,0,0,0,0,0,0,0,0,0,0,0,0,1,0,0,0,3,0
zasulich_ocherk_istorii_1internacionala.txt_chunk8,zasulich,2,0,1,0,6,0,3,5,2,30,3,1,0,2,0,1,4,4,1,0,0,0,1,1,0,0,1,0,5,0,0,0,1,0,6,1,1,0,0,2,5,0,1,4,0,44,0,4,0,2,4,8,3,0,1,0,1,0,0,0,0,0,0,2,2,1,0,0,0,0,0,3,0,0,19,0,0,13,1,0,0,0,8,0,0,2,1,5,0,6,4,4,0,0,2,1,4,0,4,0,4,1,1,0,16,1,4,0,0,6,1,0,0,1,0,0,0,0,1,1,1,0,0,2,2,2,0,0,1,2,1,0,0,1,0,0,1,0,0,8,1,0,1,0,4,0,1,3,2,0,0,2,0,1,2,0,0,0,0,0,0,1,0,4,1,0,0,1,0,0,0,0,0,2,0,1,1,2,0,3,0,1,1,1,0,3,1,0,0,0,3,1,1,0,0,0,0,4,2,1,0,1,0,2,0,3,0,1,0,0,0,0,0,0,0,0,0,0,0,1,0,1,0,1,1,0,0,0,3,2,0,1,2,0,0,0,0,0,0,0,2,0,0,1,1,0,0,0,0,1,0,2,0,0,0,0,1,1,1,0,1,0,2,0,2,0,0,1,1,0,0,2,1,0,0,0,0,0,0,0,0,0,0,0,0,0,0,0,0,0,0,0,0,0,0,0,0,0,1,0
zasulich_ocherk_istorii_1internacionala.txt_chunk9,zasulich,2,0,1,0,6,2,0,5,2,36,5,0,0,0,0,2,5,3,1,0,0,0,1,0,0,2,3,0,4,0,2,0,1,1,3,0,1,1,1,6,6,0,0,11,0,30,0,10,4,0,5,9,2,0,0,1,0,0,0,1,2,0,0,5,3,0,0,0,1,1,2,3,0,0,17,1,0,19,0,1,0,1,1,0,0,1,0,8,1,3,1,3,1,0,0,0,2,1,4,0,3,0,0,1,2,1,3,1,0,8,0,2,0,1,3,1,0,0,0,0,0,0,0,0,1,1,0,1,1,5,2,0,1,0,0,0,1,1,0,6,1,1,0,0,3,1,3,3,0,0,0,2,0,0,1,0,0,0,2,0,1,0,1,2,1,1,0,1,0,1,0,0,0,1,2,4,0,0,2,4,2,0,0,0,0,0,0,1,2,1,2,1,0,0,0,0,0,1,1,0,0,0,0,2,0,1,0,1,1,1,0,0,0,5,0,0,0,1,1,13,0,0,0,1,0,2,0,2,1,0,0,0,2,0,0,2,1,0,1,0,0,0,0,0,1,0,3,0,0,1,0,0,0,0,1,1,1,0,2,1,0,0,3,1,0,0,2,1,0,2,1,2,0,0,0,0,3,0,0,0,0,0,0,0,0,0,0,0,0,0,0,0,0,0,0,0,0,0,2,0
zasulich_po_povodu_uprazdneniya_Marx'a.txt_chunk1,zasulich,6,0,0,2,8,0,0,1,0,24,1,0,1,0,0,0,0,6,1,0,1,0,0,1,0,0,0,0,7,0,0,1,0,0,3,0,1,2,0,0,5,1,0,4,0,36,0,7,5,1,1,4,10,0,1,1,2,0,0,0,1,0,0,3,2,2,1,1,1,0,2,5,0,0,12,1,0,16,2,0,0,0,2,0,0,1,0,7,1,5,2,0,0,2,0,0,0,1,1,0,7,0,0,0,4,0,3,0,1,9,0,2,0,2,0,0,1,2,2,1,0,0,2,4,4,0,0,1,4,1,2,2,3,1,0,0,4,2,0,12,0,2,3,0,1,1,1,1,0,1,8,0,0,1,2,0,0,1,0,3,0,0,0,0,0,0,0,0,0,0,1,1,2,1,0,0,0,1,2,2,4,0,0,0,0,0,0,0,0,0,0,0,1,0,0,0,0,1,0,1,0,0,0,0,0,0,0,0,0,0,0,1,0,0,0,0,0,0,0,1,0,0,1,0,0,1,2,0,0,0,0,0,1,0,0,0,1,0,1,0,0,1,0,0,1,0,0,0,0,0,0,1,2,0,0,0,0,3,0,2,0,0,0,0,0,0,0,0,0,3,0,12,0,0,0,0,0,2,0,0,0,0,0,0,0,0,0,0,0,0,0,0,0,12,0,0,0,0,3,0
zasulich_po_povodu_uprazdneniya_Marx'a.txt_chunk2,zasulich,10,3,1,0,6,0,0,2,3,20,0,0,0,0,0,0,1,5,1,0,1,0,0,3,0,0,0,0,5,0,1,3,2,0,4,2,0,3,0,1,11,0,0,1,0,30,0,4,3,0,0,4,6,0,1,0,1,1,0,0,2,0,0,7,0,1,0,0,0,2,5,1,0,0,7,0,0,28,2,0,0,3,5,0,0,1,1,10,1,3,0,1,1,0,0,0,3,2,5,0,2,0,1,0,6,1,8,2,0,5,0,0,1,2,0,0,3,0,3,1,0,0,4,4,1,2,0,2,5,8,2,1,1,2,2,0,2,2,0,13,0,0,1,3,3,4,2,2,0,0,0,1,0,3,1,0,0,0,0,0,0,0,0,0,1,1,0,0,0,0,0,0,1,1,0,3,1,1,0,2,8,0,0,0,0,0,0,0,0,0,0,0,0,0,0,0,1,0,0,0,1,0,0,0,0,2,0,0,0,0,0,2,0,1,0,0,0,1,0,6,0,0,0,0,0,0,1,0,1,1,0,8,0,0,0,1,0,0,0,0,0,1,3,0,0,0,0,1,1,0,0,1,0,1,1,1,0,0,0,1,0,0,0,1,0,0,0,0,0,0,0,17,0,0,0,0,0,0,0,0,2,0,0,0,0,0,0,0,0,0,0,0,0,5,0,0,0,0,5,0
zasulich_po_povodu_uprazdneniya_Marx'a.txt_chunk3,zasulich,8,0,0,0,5,1,0,1,1,23,2,0,0,0,0,1,0,5,0,1,0,0,1,0,0,1,2,0,5,0,1,0,0,1,4,1,1,1,3,2,8,0,0,2,0,26,1,10,1,0,1,1,12,5,0,0,0,1,0,0,2,0,0,4,0,2,0,0,0,0,4,0,0,0,14,1,0,17,0,0,0,0,5,0,0,0,0,7,1,2,7,1,0,0,0,2,7,2,0,0,2,1,1,0,5,1,5,0,0,6,0,1,0,2,0,0,0,1,2,0,1,0,1,5,0,1,0,0,0,7,5,1,2,0,0,1,4,1,0,8,2,0,2,1,5,1,0,0,0,0,0,1,0,2,0,0,2,0,2,1,0,0,0,0,0,0,1,1,0,0,0,0,0,0,0,1,0,1,1,0,6,0,0,0,0,1,3,0,1,0,0,0,0,0,0,0,2,1,4,1,0,0,0,3,0,1,1,0,0,0,0,1,0,2,0,0,0,0,0,13,0,0,0,0,0,1,0,0,1,0,0,6,0,1,0,0,1,0,1,1,0,0,0,0,1,1,0,0,1,0,0,2,0,1,0,1,0,0,0,1,0,0,0,0,0,0,0,0,0,0,0,22,0,0,0,0,0,1,0,0,1,0,0,0,0,0,0,0,0,0,0,0,0,5,0,0,0,0,1,0
zasulich_po_povodu_uprazdneniya_Marx'a.txt_chunk4,zasulich,10,2,0,0,5,1,1,1,0,30,1,0,0,0,1,2,1,3,0,2,0,1,1,0,0,0,1,0,3,1,0,1,1,1,8,0,0,9,5,1,8,0,0,0,1,32,2,4,4,1,6,7,9,0,0,0,0,0,0,0,0,0,0,5,0,2,0,0,0,2,0,2,0,0,12,0,0,28,2,0,0,1,4,0,2,0,1,8,0,6,2,1,0,0,0,0,4,1,0,0,6,1,0,0,8,0,1,1,0,2,0,0,0,0,0,2,0,0,4,1,0,0,0,3,2,4,0,2,4,6,2,1,11,4,0,1,1,4,0,14,1,2,1,0,5,3,2,0,0,1,2,2,1,0,0,3,3,1,1,0,0,0,0,6,1,2,2,0,2,0,2,0,0,1,0,1,1,1,0,1,3,0,1,0,0,0,0,0,0,0,0,1,0,0,0,0,0,0,3,0,0,0,0,0,0,1,0,0,0,0,0,0,0,1,0,1,0,1,1,1,0,0,0,1,0,1,1,0,0,1,1,14,0,0,0,0,2,3,0,2,0,0,2,1,0,0,0,0,0,3,0,3,0,1,0,4,0,2,0,0,0,0,2,0,0,0,1,0,0,1,0,8,0,0,0,0,1,0,0,0,0,0,0,0,0,0,0,0,0,0,0,0,0,3,0,0,0,0,2,0
zasulich_po_povodu_uprazdneniya_Marx'a.txt_chunk5,zasulich,3,1,0,0,2,1,0,1,1,26,0,0,0,0,0,1,0,4,0,3,0,0,0,0,1,1,0,0,3,1,1,0,0,0,6,0,1,1,4,4,11,0,0,2,1,25,0,5,7,1,2,8,6,0,3,1,0,0,0,0,0,0,1,4,0,1,0,2,0,0,2,0,0,4,8,0,0,20,1,0,0,1,2,1,0,0,1,13,0,2,0,2,0,0,2,1,4,1,4,0,3,1,0,1,4,0,3,1,0,7,2,0,1,0,0,0,0,1,1,1,0,0,0,3,0,2,1,2,2,4,1,1,4,0,1,0,0,3,0,18,2,2,0,0,10,2,1,2,0,0,5,5,1,3,0,2,2,1,1,1,0,4,0,4,1,0,0,0,2,0,0,0,0,0,1,4,0,2,0,0,4,2,0,1,0,1,0,0,1,0,0,0,0,0,0,0,0,0,0,0,0,0,0,1,0,5,0,0,0,0,0,1,0,0,0,1,0,1,1,1,0,0,0,0,0,0,0,0,1,1,1,12,0,0,0,2,0,0,0,0,0,2,2,0,0,1,0,0,0,0,0,0,0,3,0,0,0,0,0,0,1,0,0,0,0,0,1,1,0,0,1,0,0,0,0,0,0,0,0,0,0,0,0,0,0,0,0,0,0,0,0,0,0,2,0,0,0,0,2,0
zasulich_po_povodu_uprazdneniya_Marx'a.txt_chunk6,zasulich,8,0,0,0,10,0,0,0,0,30,2,0,0,0,0,1,2,1,1,2,1,0,1,0,0,0,0,0,5,0,0,0,0,0,10,0,0,3,6,2,6,0,0,1,0,23,2,5,2,1,3,5,5,0,1,0,0,2,1,1,0,0,0,5,0,4,0,0,0,0,3,1,0,0,6,1,0,19,0,1,0,2,2,1,1,0,0,12,3,4,3,1,0,0,0,0,6,0,0,0,4,3,1,0,10,0,2,1,0,6,0,1,0,2,2,0,0,1,1,0,2,0,0,2,0,1,1,1,2,6,1,1,4,4,0,0,0,0,0,24,2,0,0,0,9,3,2,1,0,1,2,2,1,0,1,1,0,1,0,0,0,1,0,0,3,1,0,1,0,0,4,0,1,0,0,0,1,0,2,0,2,0,0,0,0,1,0,1,1,0,0,0,0,0,0,0,0,0,0,1,1,0,0,1,0,6,0,0,0,0,1,1,1,2,0,2,0,0,0,2,0,0,0,0,4,0,0,0,0,0,1,11,0,0,0,0,0,0,0,1,0,1,0,0,0,0,1,0,0,3,0,2,1,6,0,0,0,2,0,3,0,0,0,0,0,0,0,2,0,0,3,6,0,0,0,0,0,0,0,0,2,0,0,0,0,0,0,0,0,0,0,0,0,11,0,0,0,0,2,0
zasulich_po_povodu_uprazdneniya_Marx'a.txt_chunk7,zasulich,6,4,0,0,0,0,1,0,0,42,1,0,0,0,0,0,2,5,0,2,1,0,3,0,4,1,0,0,3,0,0,0,0,1,10,1,2,3,1,0,9,0,0,5,1,44,1,8,1,0,1,3,10,0,0,1,0,0,1,0,2,0,0,1,0,4,0,0,1,0,0,2,0,0,27,2,0,12,1,0,0,1,3,0,0,0,0,6,1,0,0,0,0,1,0,0,1,0,1,0,1,1,0,0,5,0,3,4,1,6,1,2,0,1,2,1,0,0,3,0,0,0,2,6,0,0,0,2,4,7,1,0,3,0,0,0,1,6,1,13,0,0,0,0,3,3,2,1,0,0,0,1,1,5,1,2,0,0,1,1,2,0,1,0,4,0,0,1,0,0,2,0,0,0,1,1,1,1,1,2,6,0,0,0,0,1,2,0,0,0,1,0,0,0,0,0,0,0,0,1,0,0,0,0,0,3,0,0,0,0,0,1,0,2,0,0,0,1,0,2,0,0,0,0,0,0,0,2,1,0,0,13,1,0,0,0,1,0,2,0,1,1,2,1,1,1,2,0,0,1,0,2,0,3,0,0,0,2,0,0,0,0,0,0,0,0,0,1,0,0,0,7,0,0,0,0,1,0,0,0,1,0,0,0,0,0,0,0,0,0,0,0,0,7,0,0,0,0,3,0
zasulich_po_povodu_uprazdneniya_Marx'a.txt_chunk8,zasulich,4,3,0,0,11,0,1,1,3,28,1,0,0,0,0,0,0,7,2,1,2,0,1,2,0,0,1,0,6,1,1,0,1,0,16,0,2,3,0,1,6,0,0,3,2,26,0,1,0,0,5,10,8,0,0,1,0,1,1,1,2,0,0,4,1,1,0,1,0,4,9,0,0,0,7,1,0,16,1,0,0,0,4,1,0,1,0,9,0,2,0,0,0,0,0,0,8,0,2,0,10,1,2,0,6,0,3,0,1,10,0,0,0,2,1,0,0,0,1,0,0,0,3,4,2,0,2,0,1,1,2,1,1,2,0,0,1,0,0,17,3,1,0,0,7,2,2,0,0,0,0,2,0,1,0,0,3,4,3,1,0,0,1,4,1,0,0,2,0,1,0,2,1,1,0,2,1,1,0,1,5,0,0,0,0,0,0,1,2,1,1,0,0,0,0,0,0,1,3,0,3,2,0,0,0,4,0,1,0,0,0,1,0,0,0,1,0,0,0,0,0,0,0,0,0,0,1,2,0,0,1,14,0,0,0,1,1,1,3,2,0,2,1,4,0,1,0,0,0,3,0,0,0,3,0,1,1,1,0,4,0,0,0,0,0,0,0,0,0,1,1,3,0,0,0,0,0,0,1,0,1,0,0,0,0,0,0,0,0,0,0,0,0,2,0,0,0,0,0,0
zasulich_po_povodu_uprazdneniya_Marx'a.txt_chunk9,zasulich,8.635578583765112,0,0,0,10.362694300518134,0,1.7271157167530224,1.7271157167530224,3.454231433506045,18.998272884283246,1.7271157167530224,0,0,0,0,1.7271157167530224,0,3.454231433506045,1.7271157167530224,3.454231433506045,0,0,1.7271157167530224,0,0,1.7271157167530224,1.7271157167530224,0,3.454231433506045,1.7271157167530224,0,0,0,1.7271157167530224,5.181347150259067,0,3.454231433506045,1.7271157167530224,0,0,6.90846286701209,0,0,1.7271157167530224,0,36.269430051813465,5.181347150259067,1.7271157167530224,3.454231433506045,0,3.454231433506045,3.454231433506045,10.362694300518134,0,1.7271157167530224,3.454231433506045,1.7271157167530224,0,0,1.7271157167530224,1.7271157167530224,0,0,6.90846286701209,0,1.7271157167530224,0,0,0,0,3.454231433506045,0,1.7271157167530224,0,8.635578583765112,0,0,22.452504317789295,0,0,0,0,6.90846286701209,1.7271157167530224,0,0,0,13.81692573402418,0,12.089810017271159,0,1.7271157167530224,0,0,0,1.7271157167530224,3.454231433506045,0,0,0,8.635578583765112,0,0,0,10.362694300518134,0,3.454231433506045,0,0,3.454231433506045,1.7271157167530224,1.7271157167530224,1.7271157167530224,0,0,0,0,0,1.7271157167530224,0,0,0,0,6.90846286701209,0,1.7271157167530224,0,0,0,5.181347150259067,3.454231433506045,1.7271157167530224,1.7271157167530224,3.454231433506045,0,5.181347150259067,5.181347150259067,1.7271157167530224,0,20.72538860103627,0,0,1.7271157167530224,0,10.362694300518134,6.90846286701209,0,0,0,0,6.90846286701209,0,1.7271157167530224,0,0,0,0,0,0,1.7271157167530224,0,5.181347150259067,0,0,3.454231433506045,0,1.7271157167530224,1.7271157167530224,0,0,5.181347150259067,3.454231433506045,0,0,1.7271157167530224,3.454231433506045,0,0,0,1.7271157167530224,1.7271157167530224,0,0,0,0,0,0,6.90846286701209,0,0,0,0,0,0,0,0,0,0,0,0,0,0,0,0,0,1.7271157167530224,0,0,0,0,0,0,0,0,0,0,0,0,0,0,0,0,0,0,0,0,0,0,0,0,0,13.81692573402418,5.181347150259067,0,0,0,0,0,0,0,0,5.181347150259067,1.7271157167530224,0,0,3.454231433506045,0,0,1.7271157167530224,0,0,3.454231433506045,1.7271157167530224,1.7271157167530224,0,0,0,6.90846286701209,0,0,0,0,0,0,0,0,0,0,0,0,1.7271157167530224,3.454231433506045,0,0,0,0,0,0,0,0,0,0,0,0,0,0,0,0,0,0,0,0,0,5.181347150259067,0,0,0,0,0,0
zasulich_rev_studenchestvo1_I.txt_chunk1,zasulich,4.643962848297213,0,0,0,1.5479876160990713,0,1.5479876160990713,0,0,43.343653250774,0,0,0,0,0,0,0,4.643962848297213,0,0,0,1.5479876160990713,0,1.5479876160990713,0,0,0,0,3.0959752321981426,0,0,0,0,0,3.0959752321981426,0,0,0,1.5479876160990713,0,1.5479876160990713,0,0,0,0,32.5077399380805,0,7.739938080495356,1.5479876160990713,0,4.643962848297213,3.0959752321981426,10.8359133126935,0,0,1.5479876160990713,0,3.0959752321981426,0,1.5479876160990713,1.5479876160990713,0,0,3.0959752321981426,0,3.0959752321981426,0,0,0,0,3.0959752321981426,1.5479876160990713,0,0,9.287925696594426,0,0,17.02786377708978,0,0,0,0,0,0,0,0,0,6.191950464396285,0,3.0959752321981426,1.5479876160990713,3.0959752321981426,0,0,0,1.5479876160990713,0,0,1.5479876160990713,4.643962848297213,3.0959752321981426,1.5479876160990713,0,0,9.287925696594426,0,4.643962848297213,1.5479876160990713,0,13.93188854489164,0,1.5479876160990713,0,1.5479876160990713,0,0,0,0,1.5479876160990713,0,0,0,0,1.5479876160990713,0,3.0959752321981426,0,1.5479876160990713,0,1.5479876160990713,0,0,0,0,1.5479876160990713,1.5479876160990713,1.5479876160990713,1.5479876160990713,0,9.287925696594426,0,0,0,0,0,3.0959752321981426,1.5479876160990713,3.0959752321981426,1.5479876160990713,1.5479876160990713,0,0,0,1.5479876160990713,0,0,1.5479876160990713,0,0,0,0,0,1.5479876160990713,1.5479876160990713,0,0,0,1.5479876160990713,0,0,0,0,3.0959752321981426,0,0,3.0959752321981426,3.0959752321981426,1.5479876160990713,3.0959752321981426,3.0959752321981426,1.5479876160990713,1.5479876160990713,0,1.5479876160990713,0,1.5479876160990713,0,1.5479876160990713,0,1.5479876160990713,4.643962848297213,1.5479876160990713,0,3.0959752321981426,0,0,1.5479876160990713,0,0,0,1.5479876160990713,0,3.0959752321981426,3.0959752321981426,3.0959752321981426,1.5479876160990713,0,1.5479876160990713,1.5479876160990713,4.643962848297213,0,1.5479876160990713,0,0,0,0,0,1.5479876160990713,0,0,0,3.0959752321981426,0,0,3.0959752321981426,0,0,1.5479876160990713,0,0,0,0,0,0,0,0,0,1.5479876160990713,0,0,0,0,1.5479876160990713,0,0,0,0,1.5479876160990713,0,1.5479876160990713,0,3.0959752321981426,0,0,0,0,0,0,0,3.0959752321981426,0,0,0,0,0,0,0,0,0,0,0,0,0,0,0,0,0,1.5479876160990713,0,0,0,3.0959752321981426,1.5479876160990713,0,1.5479876160990713,0,0,0,0,0,0,0,0,0,1.5479876160990713,0,0,0,0,0
zasulich_rev_studenchestvo2_I.txt_chunk1,zasulich,10,1,1,0,2,0,0,1,6,38,6,0,0,0,1,0,3,5,0,0,1,0,0,1,1,1,0,0,4,1,1,0,3,1,7,1,3,1,0,0,5,1,0,4,0,29,1,3,5,4,4,8,4,0,6,7,0,0,1,0,0,0,0,1,1,0,0,0,1,2,2,1,2,0,11,3,0,16,1,1,0,1,0,0,0,1,1,9,1,3,3,1,0,1,0,0,3,1,5,0,2,0,1,0,2,1,3,2,0,7,1,1,1,2,1,0,3,0,2,0,0,0,0,2,0,1,0,1,0,7,1,1,4,3,2,3,2,1,0,18,7,0,4,0,6,2,1,3,0,1,0,0,0,0,0,0,3,1,0,0,0,1,2,1,0,0,3,0,0,0,0,2,0,1,0,2,1,1,2,3,5,0,0,0,0,0,0,3,1,0,0,1,1,1,0,0,0,3,0,0,1,0,12,0,0,1,0,2,1,0,0,0,2,0,0,1,0,0,0,2,2,0,1,1,0,1,0,0,2,0,0,0,1,0,0,0,0,1,0,0,0,0,1,1,0,0,1,0,0,1,0,4,2,1,0,0,0,0,0,0,0,0,0,0,0,1,0,0,2,0,0,0,6,0,0,0,1,3,3,0,1,0,0,1,0,1,4,0,0,0,1,0,0,0,1,1,0,2,0,0
zasulich_rev_studenchestvo2_I.txt_chunk2,zasulich,8,0,0,1,6,2,1,3,0,34,7,0,0,0,0,0,3,9,1,4,0,1,2,0,1,0,2,1,0,0,0,0,1,0,6,0,1,3,0,2,10,1,0,3,0,39,0,8,2,2,4,3,6,0,6,3,2,1,1,3,0,0,0,2,0,0,0,0,3,0,1,0,0,0,2,0,0,15,0,1,1,1,0,1,0,3,0,5,0,6,2,1,0,1,0,1,2,2,8,0,3,0,1,0,3,1,3,0,1,6,0,0,1,2,0,0,1,0,1,1,1,0,1,4,1,0,0,4,0,7,2,4,7,2,1,1,1,3,0,13,0,0,1,1,4,1,0,1,0,0,0,0,0,1,0,0,3,0,0,1,0,0,0,1,0,2,0,0,0,0,1,0,1,0,2,3,2,0,0,2,2,0,0,2,0,2,0,2,2,2,0,0,1,3,0,0,0,0,1,0,0,0,4,1,0,0,0,0,0,0,0,0,0,0,1,0,2,1,0,1,1,3,1,0,0,0,2,1,2,0,0,0,0,0,1,3,0,1,0,0,0,0,1,0,0,2,0,0,1,1,1,5,4,0,0,3,1,3,0,2,3,0,0,0,1,2,1,1,5,0,1,0,13,0,0,0,0,2,0,0,0,1,0,4,0,0,2,0,0,0,0,0,0,0,0,1,0,7,1,0
zasulich_rev_studenchestvo2_I.txt_chunk3,zasulich,1.8518518518518519,0,0,1.8518518518518519,20.370370370370374,0,1.8518518518518519,0,1.8518518518518519,22.22222222222222,1.8518518518518519,0,0,0,0,0,1.8518518518518519,5.555555555555555,0,0,1.8518518518518519,0,0,0,0,1.8518518518518519,5.555555555555555,0,5.555555555555555,0,0,0,0,1.8518518518518519,3.7037037037037037,1.8518518518518519,3.7037037037037037,1.8518518518518519,0,0,12.962962962962962,0,0,3.7037037037037037,0,37.03703703703704,1.8518518518518519,3.7037037037037037,3.7037037037037037,0,7.407407407407407,9.25925925925926,5.555555555555555,0,1.8518518518518519,1.8518518518518519,1.8518518518518519,1.8518518518518519,0,0,0,0,0,7.407407407407407,1.8518518518518519,0,0,0,0,3.7037037037037037,1.8518518518518519,0,0,0,11.11111111111111,0,0,18.51851851851852,0,0,0,0,3.7037037037037037,0,0,3.7037037037037037,1.8518518518518519,11.11111111111111,0,3.7037037037037037,1.8518518518518519,0,0,0,0,0,1.8518518518518519,1.8518518518518519,11.11111111111111,0,5.555555555555555,0,1.8518518518518519,0,5.555555555555555,1.8518518518518519,0,0,3.7037037037037037,11.11111111111111,1.8518518518518519,0,0,3.7037037037037037,3.7037037037037037,1.8518518518518519,0,1.8518518518518519,3.7037037037037037,5.555555555555555,0,0,0,3.7037037037037037,0,0,0,1.8518518518518519,0,11.11111111111111,0,1.8518518518518519,5.555555555555555,0,1.8518518518518519,0,1.8518518518518519,0,0,12.962962962962962,1.8518518518518519,1.8518518518518519,1.8518518518518519,0,1.8518518518518519,0,0,3.7037037037037037,0,0,0,0,3.7037037037037037,1.8518518518518519,0,0,0,0,0,1.8518518518518519,0,1.8518518518518519,0,0,0,0,0,0,0,0,0,0,0,0,1.8518518518518519,7.407407407407407,1.8518518518518519,0,0,0,1.8518518518518519,0,0,0,0,0,0,0,1.8518518518518519,1.8518518518518519,0,0,0,0,0,0,1.8518518518518519,1.8518518518518519,0,1.8518518518518519,0,0,0,0,0,0,0,0,0,1.8518518518518519,0,1.8518518518518519,0,0,0,0,0,0,0,5.555555555555555,5.555555555555555,0,0,3.7037037037037037,0,0,0,0,0,0,0,0,0,1.8518518518518519,0,0,1.8518518518518519,3.7037037037037037,0,0,0,1.8518518518518519,0,0,0,1.8518518518518519,0,0,0,0,0,0,1.8518518518518519,0,0,0,0,0,0,3.7037037037037037,0,0,0,1.8518518518518519,1.8518518518518519,0,0,0,5.555555555555555,0,0,0,5.555555555555555,0,0,0,1.8518518518518519,0,0,0,0,0,0,3.7037037037037037,0,0,3.7037037037037037,0,0,0,0,0,0,0,0,0,0,1.8518518518518519,0,0
zasulich_vystrel_Karpovicha_I.txt_chunk1,zasulich,8,0,0,3,7,0,3,1,2,23,2,1,0,0,0,0,1,10,1,2,0,0,5,0,0,1,0,0,6,1,0,0,0,0,3,0,3,3,0,1,4,2,1,4,0,37,0,4,2,1,4,9,2,0,2,1,0,2,0,1,0,1,2,1,1,0,0,0,3,1,1,0,1,0,11,2,3,21,2,3,0,2,3,2,2,1,0,6,1,2,2,0,0,0,2,1,1,2,5,0,1,0,1,1,4,2,3,7,0,14,1,1,1,0,1,1,1,1,3,1,1,0,1,4,0,1,1,0,0,7,1,1,2,1,1,1,8,4,0,16,2,1,1,0,7,1,6,1,0,1,0,3,1,3,0,0,0,0,1,1,1,0,0,3,6,0,0,0,0,0,2,2,0,0,0,2,0,0,0,1,1,0,0,0,0,2,1,1,1,0,0,0,1,0,0,1,0,2,1,0,0,0,0,3,0,0,1,0,1,1,0,0,0,3,0,1,0,1,0,3,0,0,2,0,0,1,0,0,1,0,1,0,0,0,0,0,2,0,1,1,0,0,0,0,0,0,1,0,1,1,0,6,1,0,0,0,0,0,0,2,2,0,0,0,2,0,0,0,0,0,0,0,0,0,0,4,0,0,1,1,0,0,0,0,0,0,0,0,0,0,0,0,0,0,0,0,0,0,0,0
zasulich_vystrel_Karpovicha_I.txt_chunk2,zasulich,14,0,2,0,7,2,1,5,4,24,1,2,0,0,1,0,0,7,0,2,3,0,0,1,1,1,0,0,3,0,0,1,0,0,9,0,0,5,0,1,3,1,0,3,0,35,0,2,3,1,4,5,5,0,1,2,2,0,0,2,0,0,3,6,0,3,0,0,0,3,4,2,0,0,9,0,0,34,0,1,3,1,6,0,0,2,0,8,2,4,1,0,0,1,0,1,3,1,4,0,2,0,3,2,12,1,2,1,0,4,1,1,1,1,0,1,0,0,3,0,0,0,1,3,1,1,0,2,0,5,1,1,5,4,3,0,0,3,1,8,2,2,2,1,6,2,1,2,1,0,0,1,0,0,0,0,0,3,1,1,0,2,1,1,0,1,1,0,0,0,0,2,1,1,1,2,1,0,1,0,0,0,1,2,0,2,2,0,1,0,1,3,0,0,0,0,0,4,2,0,1,0,0,3,0,0,1,0,0,5,0,0,3,0,0,0,0,1,0,0,1,0,1,0,3,2,1,2,4,0,0,0,0,1,0,0,0,0,0,2,1,1,0,0,2,0,1,0,3,0,0,1,0,0,0,1,0,0,0,3,0,0,0,0,0,0,0,0,0,1,0,0,0,0,0,0,0,0,2,2,0,0,1,0,1,0,0,0,0,0,0,0,0,0,0,0,0,0,1,0
