chunk_id,author,а,б,благодаря,больше,будет,будут,бы,была,были,было,быть,в,влияние,внимание,во,вопрос,вопроса,вопросу,вопросы,вот,вполне,время,все,всегда,всего,всем,всю,всякой,где,говорит,говорить,говорят,гораздо,деле,дело,детей,дети,для,должен,должна,должно,должны,других,его,ее,ему,если,есть,еще,же,жизни,жизнь,за,затем,знает,значит,и,идет,из,или,им,иначе,их,к,каждый,как,классов,когда,конечно,которая,которой,которую,которые,которым,которых,кто,лет,лишь,мало,между,меня,мере,мне,много,могут,может,можно,мысли,мысль,на,над,надо,не,него,нельзя,нем,необходимо,несомненно,нет,ни,нибудь,ним,них,ничего,но,нужно,о,об,образом,общественного,один,одно,одного,одной,он,она,они,организации,организация,от,отношении,отношения,очень,перед,по,под,поскольку,правда,при,работу,раз,роль,с,сама,сами,самой,самом,свое,своего,своей,своему,свои,своим,своих,свою,себе,себя,сейчас,сказать,сколько,следует,собой,совершенно,стр,та,так,также,таким,там,тем,теории,то,того,той,только,том,тому,тот,ту,тут,у,факт,хорошо,хочет,часто,чего,человека,чем,через,что,чтобы,эта,эти,этим,это,этого,этой,этом,этому,эту,я,без,большинство,ведь,возможность,дать,до,достаточно,значение,имеет,именно,иметь,истории,какой,которого,ли,либо,люди,менее,мнению,многих,например,населения,ними,общества,оно,потому,почему,поэтому,право,развитие,раньше,самого,самое,самым,собою,совсем,становится,степени,таких,те,тех,труд,уже,участие,этих,является,ясно,более,всех,г,д,движение,движения,демократии,другой,искры,кажется,класс,класса,который,кроме,людей,могла,могли,момент,нами,нашей,наших,одна,партии,партия,пор,после,против,пути,работа,рабочего,рабочие,развития,руки,сделать,сил,социал,среди,стороны,съезда,т,условиях,цели,части,борьба,борьбе,борьбу,борьбы,власти,вместе,вовсе,возможно,вся,даже,двух,демократической,демократов,задачи,зрения,история,крестьян,крестьянства,лучше,мартов,место,наиболее,народа,нее,политическую,представителей,прежде,программы,путь,рабочей,рабочий,рабочих,революционной,редакции,россии,русских,русского,русской,самодержавия,силой,силу,силы,со,союза,стал,статьи,страны,съезд,такой,теперь,течение,тогда,точки,труда,членов,был,весь,вообще,всей,всеми,да,два,действительно,здесь,мира,мог,несмотря,опять,особенно,остается,п,период,поводу,почти,речь,сам,слишком,таки,такие,такого,хотя,человек,времени,дела,день,дня,которое,несколько,положение,приходится,путем,работы,случае,условия,этот,вы,давно,мы,нас,е,ибо,наоборот,наша,общество,первых,прав,само,своем,смысле,собрания,характер,всякого,могло,нам,слова,такое,другие,интересы,котором,следовательно,стало,стоит,года,ей,земли,какие,наконец,народ,ней,одним,пока,положения,пролетариата,свой,часть,никогда,однако,производства,промышленности,буржуазии,власть,новые,права,правительство,рабочим,союзов,стран,франции,армии,деятельности,назад,политическая,политической,просто,свободы,выше,речи,свободу,далеко,капитала,прямо,государства,правительства,требования,буржуазной,массы,партию,политических,политического,политическое,разумеется,революции,революционеров,революционного,революцию,революция,совета,социализма,союз,политические,стране,струве,демократия,демократы,наш,возможности,дальше,масс,нашего,наши,различных,интересов,классовой,мир,очевидно,революционное,бунда,тоже,маркс,маркса,войны,интеллигенции,пролетариат,новых,буржуазия,цк,году,съезде,ленин,тов,её,ленина,диктатуры,государственной,прибыли,снова,интернационала,радек,перманентной
krupskaya_k_voposu_o_shkole.txt_chunk1,krupskaya,3,1,2,4,1,4,4,1,2,2,3,28,1,1,1,1,1,3,1,1,2,1,2,1,1,1,1,1,3,1,1,3,3,4,4,4,4,3,5,1,1,1,1,9,2,3,8,1,3,3,3,3,1,1,1,1,34,1,2,3,4,1,2,6,3,5,1,2,4,2,2,2,1,1,1,3,1,3,1,3,1,1,1,4,1,3,1,1,2,10,1,2,20,3,1,1,1,1,1,1,4,1,4,1,8,1,10,1,2,1,1,2,1,2,15,1,3,2,1,4,2,2,4,1,5,1,1,1,1,3,1,4,9,1,4,1,1,1,1,1,1,1,3,2,2,2,2,1,1,2,1,2,2,1,1,2,1,1,1,3,1,6,3,3,2,2,1,2,1,3,2,1,3,1,1,2,1,3,1,10,6,3,1,1,6,2,5,2,2,3,5,0,0,0,0,0,0,0,0,0,0,0,0,0,0,0,0,0,0,0,0,0,0,0,0,0,0,0,0,0,0,0,0,0,0,0,0,0,0,0,0,0,0,0,0,0,0,0,0,0,0,0,0,0,0,0,0,0,0,0,0,0,0,0,0,0,0,0,0,0,0,0,0,0,0,0,0,0,0,0,0,0,0,0,0,0,0,0,0,0,0,0,0,0,0,0,0,0,0,0,0,0,0,0,0,0,0,0,0,0,0,0,0,0,0,0,0,0,0,0,0,0,0,0,0,0,0,0,0,0,0,0,0,0,0,0,0,0,0,0,0,0,0,0,0,0,0,0,0,0,0,0,0,0,0,0,0,0,0,0,0,0,0,0,0,0,0,0,0,0,0,0,0,0,0,0,0,0,0,0,0,0,0,0,0,0,0,0,0,0,0,0,0,0,0,0,0,0,0,0,0,0,0,0,0,0,0,0,0,0,0,0,0,0,0,0,0,0,0,0,0,0,0,0,0,0,0,0,0,0,0,0,0,0,0,0,0,0,0,0,0,0,0,0,0,0,0,0,0,0,0,0,0,0,0,0,0,0,0,0,0,0,0,0,0,0,0,0,0,0,0,0,0,0,0,0,0,0,0,0,0,0,0,0,0,0,0,0,0,0,0,0,0,0,0,0,0,0,0,0,0,0,0,0,0,0,0,0,0,0
krupskaya_k_voposu_o_shkole.txt_chunk2,krupskaya,3.5046728971962615,0,1.1682242990654206,0,7.009345794392523,3.5046728971962615,2.336448598130841,0,0,0,5.841121495327102,35.046728971962615,0,1.1682242990654206,1.1682242990654206,0,0,1.1682242990654206,1.1682242990654206,1.1682242990654206,0,2.336448598130841,7.009345794392523,0,0,0,0,1.1682242990654206,3.5046728971962615,0,0,1.1682242990654206,3.5046728971962615,0,3.5046728971962615,12.850467289719626,3.5046728971962615,1.1682242990654206,3.5046728971962615,0,0,2.336448598130841,1.1682242990654206,1.1682242990654206,1.1682242990654206,0,2.336448598130841,0,1.1682242990654206,3.5046728971962615,0,2.336448598130841,1.1682242990654206,0,1.1682242990654206,0,37.38317757009346,0,3.5046728971962615,3.5046728971962615,2.336448598130841,0,15.186915887850468,15.186915887850468,1.1682242990654206,8.177570093457943,0,0,2.336448598130841,1.1682242990654206,2.336448598130841,0,1.1682242990654206,0,1.1682242990654206,1.1682242990654206,0,3.5046728971962615,0,2.336448598130841,0,0,0,0,0,3.5046728971962615,1.1682242990654206,0,0,10.514018691588785,1.1682242990654206,3.5046728971962615,8.177570093457943,0,1.1682242990654206,1.1682242990654206,1.1682242990654206,0,0,0,2.336448598130841,1.1682242990654206,2.336448598130841,0,3.5046728971962615,1.1682242990654206,2.336448598130841,0,1.1682242990654206,0,1.1682242990654206,0,0,0,5.841121495327102,7.009345794392523,4.672897196261682,2.336448598130841,0,1.1682242990654206,4.672897196261682,0,4.672897196261682,0,5.841121495327102,0,0,0,3.5046728971962615,0,1.1682242990654206,0,11.682242990654204,0,0,1.1682242990654206,0,0,1.1682242990654206,0,1.1682242990654206,1.1682242990654206,1.1682242990654206,1.1682242990654206,0,2.336448598130841,1.1682242990654206,0,0,2.336448598130841,0,2.336448598130841,0,1.1682242990654206,0,1.1682242990654206,1.1682242990654206,1.1682242990654206,0,1.1682242990654206,0,5.841121495327102,3.5046728971962615,0,3.5046728971962615,0,1.1682242990654206,0,0,1.1682242990654206,2.336448598130841,0,0,0,1.1682242990654206,0,0,2.336448598130841,0,7.009345794392523,3.5046728971962615,1.1682242990654206,0,0,12.850467289719626,1.1682242990654206,2.336448598130841,3.5046728971962615,1.1682242990654206,1.1682242990654206,1.1682242990654206,1.1682242990654206,1.1682242990654206,1.1682242990654206,1.1682242990654206,3.5046728971962615,1.1682242990654206,2.336448598130841,3.5046728971962615,1.1682242990654206,1.1682242990654206,1.1682242990654206,1.1682242990654206,1.1682242990654206,1.1682242990654206,1.1682242990654206,2.336448598130841,1.1682242990654206,1.1682242990654206,1.1682242990654206,1.1682242990654206,3.5046728971962615,1.1682242990654206,1.1682242990654206,1.1682242990654206,1.1682242990654206,2.336448598130841,1.1682242990654206,1.1682242990654206,1.1682242990654206,1.1682242990654206,1.1682242990654206,2.336448598130841,1.1682242990654206,1.1682242990654206,1.1682242990654206,1.1682242990654206,1.1682242990654206,1.1682242990654206,1.1682242990654206,1.1682242990654206,1.1682242990654206,1.1682242990654206,2.336448598130841,1.1682242990654206,2.336448598130841,2.336448598130841,1.1682242990654206,0,0,0,0,0,0,0,0,0,0,0,0,0,0,0,0,0,0,0,0,0,0,0,0,0,0,0,0,0,0,0,0,0,0,0,0,0,0,0,0,0,0,0,0,0,0,0,0,0,0,0,0,0,0,0,0,0,0,0,0,0,0,0,0,0,0,0,0,0,0,0,0,0,0,0,0,0,0,0,0,0,0,0,0,0,0,0,0,0,0,0,0,0,0,0,0,0,0,0,0,0,0,0,0,0,0,0,0,0,0,0,0,0,0,0,0,0,0,0,0,0,0,0,0,0,0,0,0,0,0,0,0,0,0,0,0,0,0,0,0,0,0,0,0,0,0,0,0,0,0,0,0,0,0,0,0,0,0,0,0,0,0,0,0,0,0,0,0,0,0,0,0,0,0,0,0,0,0,0,0,0,0,0,0,0,0,0,0,0,0,0,0,0,0,0,0,0,0,0,0,0,0,0,0,0,0,0,0,0,0,0,0,0,0,0,0,0,0,0,0,0,0,0,0,0,0,0,0,0,0,0,0,0,0,0,0,0,0,0,0,0,0,0,0,0,0,0,0,0,0,0,0,0,0,0,0,0,0,0,0,0,0
krupskaya_merged__iskre.txt_hihsya.txt_chenie.txt,krupskaya,7.278020378457059,0,0,0,5.822416302765648,0,8.73362445414847,1.455604075691412,0,1.455604075691412,2.911208151382824,26.200873362445414,1.455604075691412,0,1.455604075691412,0,4.366812227074235,0,1.455604075691412,0,0,1.455604075691412,5.822416302765648,0,1.455604075691412,0,0,0,0,0,0,0,1.455604075691412,0,2.911208151382824,0,0,1.455604075691412,0,1.455604075691412,0,0,0,1.455604075691412,8.73362445414847,0,1.455604075691412,1.455604075691412,1.455604075691412,2.911208151382824,1.455604075691412,0,5.822416302765648,0,0,0,36.390101892285294,8.73362445414847,4.366812227074235,0,4.366812227074235,0,2.911208151382824,8.73362445414847,1.455604075691412,14.556040756914118,0,1.455604075691412,4.366812227074235,0,0,2.911208151382824,0,0,0,1.455604075691412,0,1.455604075691412,0,1.455604075691412,0,0,1.455604075691412,0,1.455604075691412,2.911208151382824,1.455604075691412,0,1.455604075691412,13.100436681222707,0,7.278020378457059,5.822416302765648,1.455604075691412,0,0,0,0,0,0,0,0,0,0,4.366812227074235,1.455604075691412,2.911208151382824,0,0,0,0,0,0,0,11.644832605531295,1.455604075691412,4.366812227074235,1.455604075691412,1.455604075691412,1.455604075691412,0,0,0,0,5.822416302765648,0,1.455604075691412,0,1.455604075691412,0,0,1.455604075691412,23.28966521106259,0,0,0,1.455604075691412,0,0,0,0,2.911208151382824,1.455604075691412,0,1.455604075691412,0,0,0,0,0,0,0,0,0,0,4.366812227074235,1.455604075691412,1.455604075691412,1.455604075691412,1.455604075691412,0,0,2.911208151382824,1.455604075691412,4.366812227074235,0,0,1.455604075691412,0,0,0,0,0,0,1.455604075691412,0,0,1.455604075691412,0,4.366812227074235,4.366812227074235,0,2.911208151382824,1.455604075691412,5.822416302765648,4.366812227074235,1.455604075691412,2.911208151382824,0,0,2.911208151382824,2.911208151382824,0,0,1.455604075691412,1.455604075691412,1.455604075691412,0,0,0,0,0,0,0,0,0,0,0,0,0,0,0,0,0,1.455604075691412,0,0,0,0,0,0,0,0,0,0,0,0,0,0,1.455604075691412,1.455604075691412,0,0,1.455604075691412,1.455604075691412,1.455604075691412,0,1.455604075691412,1.455604075691412,1.455604075691412,1.455604075691412,4.366812227074235,1.455604075691412,1.455604075691412,1.455604075691412,1.455604075691412,7.278020378457059,1.455604075691412,1.455604075691412,1.455604075691412,1.455604075691412,4.366812227074235,1.455604075691412,1.455604075691412,1.455604075691412,1.455604075691412,1.455604075691412,1.455604075691412,1.455604075691412,1.455604075691412,1.455604075691412,1.455604075691412,1.455604075691412,1.455604075691412,1.455604075691412,2.911208151382824,1.455604075691412,2.911208151382824,1.455604075691412,1.455604075691412,1.455604075691412,1.455604075691412,2.911208151382824,1.455604075691412,1.455604075691412,1.455604075691412,1.455604075691412,1.455604075691412,2.911208151382824,1.455604075691412,1.455604075691412,0,0,0,0,0,0,0,0,0,0,0,0,0,0,0,0,0,0,0,0,0,0,0,0,0,0,0,0,0,0,0,0,0,0,0,0,0,0,0,0,0,0,0,0,0,0,0,0,0,0,0,0,0,0,0,0,0,0,0,0,0,0,0,0,0,0,0,0,0,0,0,0,0,0,0,0,0,0,0,0,0,0,0,0,0,0,0,0,0,0,0,0,0,0,0,0,0,0,0,0,0,0,0,0,0,0,0,0,0,0,0,0,0,0,0,0,0,0,0,0,0,0,0,0,0,0,0,0,0,0,0,0,0,0,0,0,0,0,0,0,0,0,0,0,0,0,0,0,0,0,0,0,0,0,0,0,0,0,0,0,0,0,0,0,0,0,0,0,0,0,0,0,0,0,0,0,0,0,0,0,0,0,0,0,0,0,0,0,0,0,0,0,0,0,0,0,0,0,0,0,0,0,0,0,0,0,0,0,0,0,0,0,0,0,0,0,0,0,0
krupskaya_o_staroy_iskre.txt_chunk1,krupskaya,2,0,1,2,2,1,8,5,2,2,0,34,2,0,1,0,0,0,2,0,0,1,6,0,3,0,1,1,0,0,0,0,0,1,0,0,0,3,2,0,0,1,0,1,3,1,4,1,1,1,0,0,12,0,0,0,20,0,6,0,0,0,2,7,0,5,0,1,0,5,0,1,1,0,0,0,2,0,0,0,0,0,0,0,0,1,0,0,0,10,0,2,16,0,1,0,1,0,0,0,0,2,1,0,4,0,5,1,0,0,0,0,0,0,6,6,5,1,0,1,1,0,0,0,7,0,0,0,1,1,0,1,22,0,0,0,0,0,0,3,0,0,1,0,0,1,2,0,0,0,0,0,2,0,1,0,0,0,1,0,0,1,0,1,2,6,0,0,0,1,1,0,0,0,0,0,0,1,0,9,1,1,0,0,0,2,1,0,0,2,0,3,0,0,1,0,1,0,1,0,2,0,0,0,0,1,0,0,3,1,0,0,0,0,0,0,0,0,0,0,0,0,0,0,0,0,0,1,0,0,0,0,0,0,0,0,0,0,0,3,1,2,0,2,2,0,11,0,3,6,0,0,0,0,0,0,0,0,0,0,5,0,0,2,1,0,1,8,0,0,0,0,0,4,0,0,0,0,0,1,0,2,1,10,9,1,3,1,1,1,1,2,2,1,1,2,1,2,4,1,1,1,3,1,1,1,1,3,1,2,2,4,10,1,2,7,3,2,1,1,1,1,2,1,1,1,1,3,2,1,1,1,1,1,3,1,0,0,0,0,0,0,0,0,0,0,0,0,0,0,0,0,0,0,0,0,0,0,0,0,0,0,0,0,0,0,0,0,0,0,0,0,0,0,0,0,0,0,0,0,0,0,0,0,0,0,0,0,0,0,0,0,0,0,0,0,0,0,0,0,0,0,0,0,0,0,0,0,0,0,0,0,0,0,0,0,0,0,0,0,0,0,0,0,0,0,0,0,0,0,0,0,0,0,0,0,0,0,0,0,0,0,0,0,0,0,0,0,0,0,0,0,0,0,0,0,0,0,0,0,0,0,0,0,0,0,0,0,0,0,0,0,0,0,0,0,0,0,0,0,0,0,0,0,0,0,0,0,0,0,0,0,0,0,0,0,0,0,0,0
krupskaya_samoubiystva_uchashihsya.txt_chunk1,krupskaya,8,0,1,0,0,2,2,0,3,2,0,45,3,0,1,3,0,0,1,1,0,4,2,0,1,1,0,0,0,1,2,1,0,0,0,5,4,3,1,0,0,0,0,4,5,2,3,0,2,4,5,4,5,0,1,0,28,2,3,5,0,0,6,5,0,9,0,3,3,1,0,0,0,0,1,0,0,5,1,0,0,0,0,0,0,2,0,0,0,15,1,3,26,2,2,0,1,0,1,1,1,0,2,0,5,0,7,1,0,0,2,0,0,0,2,3,1,0,0,2,2,0,0,0,7,0,0,0,0,1,0,2,12,4,0,0,0,0,0,0,0,0,0,0,0,5,2,0,2,0,0,0,4,0,0,8,0,0,0,1,1,9,1,1,5,4,0,0,0,0,1,1,1,0,1,0,0,1,0,23,5,0,1,1,5,0,1,2,0,0,0,0,0,2,0,0,3,1,0,0,0,0,0,1,0,2,2,1,0,1,0,0,0,1,0,0,4,4,0,0,0,0,0,0,0,0,0,0,0,1,0,0,1,0,0,0,0,0,3,1,6,0,0,0,0,0,0,0,0,0,0,1,0,0,0,0,0,0,1,1,0,0,0,0,0,0,0,0,0,0,0,0,0,0,3,1,0,1,0,0,0,0,1,0,0,0,0,0,0,0,0,0,0,0,0,1,0,0,0,0,0,0,0,0,0,0,0,0,1,0,0,0,0,0,0,0,0,0,0,0,0,0,0,3,0,0,0,0,0,1,0,0,0,1,0,0,1,1,1,1,1,1,1,1,1,1,1,1,1,1,3,1,2,1,1,2,2,1,1,1,2,1,1,0,0,0,0,0,0,0,0,0,0,0,0,0,0,0,0,0,0,0,0,0,0,0,0,0,0,0,0,0,0,0,0,0,0,0,0,0,0,0,0,0,0,0,0,0,0,0,0,0,0,0,0,0,0,0,0,0,0,0,0,0,0,0,0,0,0,0,0,0,0,0,0,0,0,0,0,0,0,0,0,0,0,0,0,0,0,0,0,0,0,0,0,0,0,0,0,0,0,0,0,0,0,0,0,0,0,0,0,0,0,0,0,0,0,0,0,0,0,0,0,0,0,0,0,0,0,0,0,0,0,0,0,0,0,0,0,0
krupskaya_samoubiystva_uchashihsya.txt_chunk2,krupskaya,7,0,1,0,4,0,3,0,0,0,12,28,0,0,2,0,0,0,0,0,0,1,6,1,1,0,0,0,1,1,1,0,0,1,1,3,0,1,9,2,2,0,1,9,1,6,0,0,0,1,6,4,3,0,2,0,35,0,1,4,1,1,4,10,1,5,0,1,1,2,0,0,1,0,0,1,1,2,2,3,0,0,0,0,1,4,0,1,0,10,1,6,14,3,0,0,1,0,1,1,1,0,1,0,8,1,9,1,0,0,0,2,1,0,12,3,2,1,0,5,2,1,0,0,4,1,0,1,2,1,1,1,21,0,0,1,0,0,1,0,0,3,0,3,0,5,1,2,0,0,0,1,2,0,0,3,1,0,0,4,0,3,2,1,8,1,2,1,0,0,2,0,0,0,2,0,1,0,0,7,7,0,0,3,7,2,1,4,0,0,0,0,0,2,2,1,0,0,0,1,0,1,0,2,0,0,1,0,2,0,0,0,0,2,1,0,1,0,0,0,0,0,1,0,0,0,0,0,0,0,0,0,6,1,0,0,0,1,2,0,0,0,0,0,0,1,0,0,1,0,1,0,5,0,0,0,0,0,0,0,0,0,0,0,0,0,0,0,0,1,0,2,2,0,2,0,0,0,0,0,0,0,0,1,0,0,1,0,0,0,0,0,0,0,0,0,0,0,0,1,0,2,0,0,0,0,0,0,0,0,0,0,0,0,0,0,0,0,0,0,0,0,1,0,0,0,0,0,0,1,1,0,0,0,1,0,0,1,0,0,0,0,1,0,0,0,1,0,0,1,0,0,0,0,1,0,0,0,0,0,1,1,2,1,2,1,1,2,1,1,1,1,1,4,1,2,0,0,0,0,0,0,0,0,0,0,0,0,0,0,0,0,0,0,0,0,0,0,0,0,0,0,0,0,0,0,0,0,0,0,0,0,0,0,0,0,0,0,0,0,0,0,0,0,0,0,0,0,0,0,0,0,0,0,0,0,0,0,0,0,0,0,0,0,0,0,0,0,0,0,0,0,0,0,0,0,0,0,0,0,0,0,0,0,0,0,0,0,0,0,0,0,0,0,0,0,0,0,0,0,0,0,0,0,0,0,0,0,0,0,0,0,0,0,0,0,0,0,0,0
krupskaya_shkolnie_kolonii.txt_chunk1,krupskaya,6.443298969072164,0,0,0,0,0,19.329896907216497,0,0,1.288659793814433,0,38.659793814432994,0,0,0,0,0,0,0,0,0,1.288659793814433,2.577319587628866,0,0,0,1.288659793814433,0,1.288659793814433,0,1.288659793814433,0,0,0,2.577319587628866,10.309278350515465,3.865979381443299,18.04123711340206,1.288659793814433,2.577319587628866,0,1.288659793814433,0,0,0,0,2.577319587628866,0,1.288659793814433,5.154639175257732,1.288659793814433,1.288659793814433,5.154639175257732,0,1.288659793814433,0,45.103092783505154,0,2.577319587628866,0,0,0,3.865979381443299,0,1.288659793814433,3.865979381443299,0,0,0,0,0,0,1.288659793814433,0,2.577319587628866,1.288659793814433,0,3.865979381443299,2.577319587628866,1.288659793814433,0,1.288659793814433,0,0,2.577319587628866,0,1.288659793814433,0,0,10.309278350515465,0,1.288659793814433,16.75257731958763,0,0,0,0,0,2.577319587628866,0,1.288659793814433,0,3.865979381443299,0,10.309278350515465,2.577319587628866,3.865979381443299,2.577319587628866,1.288659793814433,0,0,0,0,1.288659793814433,0,1.288659793814433,3.865979381443299,0,1.288659793814433,1.288659793814433,1.288659793814433,0,0,0,5.154639175257732,1.288659793814433,0,2.577319587628866,2.577319587628866,0,1.288659793814433,0,9.02061855670103,0,0,0,1.288659793814433,0,1.288659793814433,0,1.288659793814433,1.288659793814433,1.288659793814433,1.288659793814433,0,0,5.154639175257732,0,0,2.577319587628866,0,0,0,0,0,2.577319587628866,0,1.288659793814433,5.154639175257732,0,0,2.577319587628866,2.577319587628866,0,5.154639175257732,0,0,0,0,0,3.865979381443299,0,0,0,0,0,0,1.288659793814433,0,3.865979381443299,1.288659793814433,0,1.288659793814433,0,2.577319587628866,1.288659793814433,0,3.865979381443299,0,0,0,0,0,0,2.577319587628866,3.865979381443299,2.577319587628866,0,0,0,0,2.577319587628866,0,0,0,3.865979381443299,0,1.288659793814433,0,0,0,2.577319587628866,5.154639175257732,0,1.288659793814433,2.577319587628866,1.288659793814433,0,0,0,0,0,0,0,0,0,1.288659793814433,0,0,2.577319587628866,0,0,0,1.288659793814433,0,0,0,0,1.288659793814433,1.288659793814433,0,1.288659793814433,0,0,0,1.288659793814433,0,0,0,0,1.288659793814433,0,1.288659793814433,0,0,0,0,0,0,0,0,0,1.288659793814433,0,0,0,0,2.577319587628866,0,0,0,0,0,0,3.865979381443299,2.577319587628866,0,2.577319587628866,1.288659793814433,0,0,0,1.288659793814433,0,0,0,0,0,0,2.577319587628866,2.577319587628866,0,0,0,0,0,0,0,0,2.577319587628866,0,1.288659793814433,0,0,0,0,0,0,0,0,0,0,1.288659793814433,0,0,0,0,0,0,0,0,0,0,0,0,0,0,0,0,0,0,0,0,0,0,0,0,1.288659793814433,0,0,0,0,0,0,5.154639175257732,0,0,0,0,0,0,1.288659793814433,0,0,2.577319587628866,0,0,0,0,0,1.288659793814433,5.154639175257732,0,0,0,1.288659793814433,0,0,1.288659793814433,0,0,0,0,0,1.288659793814433,0,3.865979381443299,1.288659793814433,2.577319587628866,2.577319587628866,0,0,0,0,0,0,0,0,0,0,0,0,0,0,0,0,0,0,0,0,0,0,0,0,0,0,0,0,0,0,0,0,0,0,0,0,0,0,0,0,0,0,0,0,0,0,0,0,0,0,0,0,0,0,0,0,0,0,0,0,0,0,0,0,0,0,0,0,0,0,0,0,0,0,0,0,0,0,0,0,0,0,0,0,0,0,0,0,0,0,0,0,0,0,0,0,0,0,0,0,0,0,0,0,0,0,0,0,0,0,0,0,0,0,0,0,0,0,0,0
krupskaya_sovmestnoe_obuchenie.txt_chunk1,krupskaya,5,0,0,1,3,1,1,0,0,1,3,26,2,0,0,12,2,1,3,2,0,0,1,1,3,0,0,1,2,2,2,0,0,1,1,1,1,2,0,1,0,1,0,4,1,1,3,1,0,2,2,3,1,1,0,2,43,2,1,5,0,0,3,7,0,7,0,2,2,0,0,2,1,1,0,0,0,1,0,12,0,0,0,0,1,5,0,0,1,23,0,5,14,0,1,0,1,0,0,0,2,0,2,0,0,0,9,1,5,0,0,0,0,0,1,1,1,0,0,2,1,3,2,1,3,1,0,0,5,0,0,1,8,0,0,2,1,0,1,0,0,0,0,1,0,1,0,0,0,3,1,2,4,0,1,8,1,0,0,1,0,8,1,1,0,1,1,1,0,0,2,2,0,0,0,0,1,3,2,11,3,1,4,1,2,0,1,2,0,1,0,1,0,1,0,0,1,0,4,1,0,0,0,0,0,6,1,1,0,1,0,0,0,0,2,1,1,0,1,0,0,0,0,0,2,0,0,0,1,0,0,1,0,5,0,0,3,1,3,0,7,0,0,0,0,0,0,0,0,1,0,0,0,0,0,0,0,0,0,0,0,0,1,0,0,0,3,0,0,2,0,1,1,0,1,0,0,1,0,1,1,0,0,1,0,0,0,0,0,0,2,0,0,0,2,2,0,0,0,1,0,1,0,0,0,0,0,2,0,0,0,0,0,0,0,0,0,0,0,0,0,0,0,0,0,0,0,0,0,1,0,2,0,1,0,0,0,1,0,0,0,1,0,0,0,0,0,0,1,0,0,0,0,0,0,0,0,0,1,0,1,0,0,0,0,0,0,1,0,0,0,1,1,0,1,3,0,0,4,0,1,2,1,1,2,1,2,1,1,1,1,1,0,0,0,0,0,0,0,0,0,0,0,0,0,0,0,0,0,0,0,0,0,0,0,0,0,0,0,0,0,0,0,0,0,0,0,0,0,0,0,0,0,0,0,0,0,0,0,0,0,0,0,0,0,0,0,0,0,0,0,0,0,0,0,0,0,0,0,0,0,0,0,0,0,0,0,0,0,0,0,0,0,0,0,0,0,0,0,0,0,0,0,0,0,0,0,0,0,0,0,0,0,0,0,0,0,0,0,0
krupskaya_sovmestnoe_obuchenie.txt_chunk2,krupskaya,9,0,0,0,5,0,6,0,0,0,6,29,2,0,4,3,2,1,0,2,2,0,5,0,1,0,0,0,3,1,0,0,0,0,1,7,1,2,0,0,0,0,1,6,3,1,1,0,1,2,2,0,2,2,0,0,39,1,5,5,1,0,4,10,0,9,0,2,0,0,1,1,0,0,0,0,0,0,1,1,0,0,0,4,0,8,2,0,2,15,2,9,18,1,0,0,0,0,2,0,0,0,2,2,9,0,5,2,2,0,0,0,0,0,11,3,2,0,0,5,1,3,3,0,2,0,0,1,5,0,0,1,9,0,0,0,0,0,0,1,0,0,0,2,1,2,1,0,0,2,3,0,1,0,0,2,1,0,0,2,0,6,1,1,4,0,0,0,0,0,1,0,1,0,1,0,2,2,0,14,3,0,2,0,5,5,2,4,0,3,0,0,0,2,0,1,0,0,0,1,0,0,0,3,2,7,1,0,0,0,0,1,0,1,0,0,0,0,1,1,0,0,1,1,1,0,0,0,0,1,0,0,0,1,0,4,1,0,0,2,6,0,0,0,0,0,0,0,0,0,1,0,1,0,0,0,0,0,0,0,0,0,0,0,1,0,0,0,0,1,0,2,1,0,0,0,0,3,0,0,0,0,0,0,0,0,2,0,0,0,0,0,0,0,1,0,0,0,0,0,0,0,0,0,1,0,0,1,0,0,0,0,0,0,0,0,0,0,0,0,0,1,0,0,0,0,0,0,0,3,0,0,1,0,0,0,1,0,3,0,0,1,0,0,0,0,0,0,0,0,0,3,0,0,0,0,0,1,0,1,1,1,0,0,0,0,0,0,0,0,2,0,0,0,0,0,0,0,0,0,0,0,0,0,0,1,0,0,0,2,0,0,1,1,1,2,1,0,0,0,0,0,0,0,0,0,0,0,0,0,0,0,0,0,0,0,0,0,0,0,0,0,0,0,0,0,0,0,0,0,0,0,0,0,0,0,0,0,0,0,0,0,0,0,0,0,0,0,0,0,0,0,0,0,0,0,0,0,0,0,0,0,0,0,0,0,0,0,0,0,0,0,0,0,0,0,0,0,0,0,0,0,0,0,0,0,0,0,0,0,0,0,0,0,0,0,0,0,0,0
krupskaya_sovmestnoe_obuchenie.txt_chunk3,krupskaya,5,0,0,2,0,1,3,0,0,1,3,36,0,2,1,4,1,0,0,0,3,0,1,1,1,0,1,0,3,3,2,1,1,0,1,1,1,3,0,2,0,0,1,4,1,1,3,0,2,3,2,2,3,0,0,1,27,0,2,5,1,0,2,6,0,7,0,3,2,0,3,0,2,0,2,0,0,3,1,1,0,1,2,2,3,5,0,0,0,8,0,3,16,1,2,3,2,0,2,0,2,0,0,2,8,0,10,1,1,0,0,1,0,0,7,2,4,0,0,3,4,1,0,0,2,0,1,0,2,0,2,0,12,0,0,0,0,0,1,1,0,1,0,0,1,0,0,0,0,1,2,1,1,0,0,4,0,0,0,1,0,2,5,2,1,2,1,0,0,0,6,0,0,0,3,0,1,6,0,17,5,2,2,1,2,1,1,2,0,0,7,1,0,0,0,0,0,1,2,2,1,1,0,0,0,3,1,2,1,0,2,2,0,0,1,1,2,0,0,0,1,0,0,0,1,0,0,0,0,1,3,1,1,1,0,1,0,0,1,0,2,0,0,0,0,0,0,0,0,0,0,2,0,0,1,0,1,0,0,0,0,0,0,0,2,0,0,0,0,0,0,0,0,0,0,0,0,1,0,0,0,0,0,0,1,0,3,1,0,0,2,0,0,0,0,3,0,0,0,1,0,2,0,0,0,0,0,0,0,0,0,0,0,0,0,0,0,0,0,0,0,1,0,0,0,0,3,0,0,0,0,1,2,3,0,0,1,1,0,0,0,0,0,0,2,0,1,0,0,1,0,1,0,0,0,0,0,0,0,0,0,2,0,0,0,0,0,1,1,0,0,0,0,2,0,2,0,0,1,0,0,0,1,0,0,0,0,0,0,0,0,0,1,0,0,0,1,1,1,1,1,1,2,0,0,0,0,0,0,0,0,0,0,0,0,0,0,0,0,0,0,0,0,0,0,0,0,0,0,0,0,0,0,0,0,0,0,0,0,0,0,0,0,0,0,0,0,0,0,0,0,0,0,0,0,0,0,0,0,0,0,0,0,0,0,0,0,0,0,0,0,0,0,0,0,0,0,0,0,0,0,0,0,0,0,0,0,0,0,0,0,0,0,0,0,0,0,0,0,0
krupskaya_zhenshina_rabotnitsa.txt_chunk1,krupskaya,5,0,0,5,0,0,1,0,0,0,0,39,0,0,1,0,0,0,0,1,1,0,0,0,0,0,2,0,3,1,1,0,0,1,1,0,3,2,1,0,0,0,2,3,5,2,1,2,4,3,0,4,4,0,1,0,36,2,5,2,0,0,1,1,1,7,0,0,0,0,0,0,2,0,0,1,2,2,0,1,0,0,0,0,0,1,1,0,0,24,1,0,14,0,0,0,0,0,1,3,0,0,0,0,0,2,1,2,0,0,1,0,0,0,5,6,0,0,0,7,0,0,1,0,3,0,0,1,0,1,0,0,10,1,0,0,0,0,2,0,1,0,0,1,3,1,2,0,0,0,1,1,0,0,1,2,0,0,1,1,0,3,2,0,6,1,0,0,0,0,6,0,1,0,1,0,0,3,0,11,2,0,2,0,1,1,3,1,0,0,0,1,0,0,0,0,0,0,0,0,0,0,0,0,0,3,1,0,1,0,1,2,0,0,0,0,2,0,0,0,0,0,1,0,0,0,1,3,0,1,2,1,1,0,1,2,0,0,0,1,0,0,0,0,0,0,0,0,0,5,0,1,1,1,0,0,0,1,0,1,0,0,0,0,0,0,1,4,0,0,0,0,0,0,0,0,0,3,0,0,0,0,0,0,0,0,1,0,0,1,0,0,0,0,0,0,0,1,0,1,0,0,0,0,1,0,0,1,0,0,0,0,1,0,0,1,0,0,0,0,0,0,1,0,0,0,0,0,0,1,1,0,0,0,0,0,0,1,0,0,0,5,1,1,0,0,0,0,1,3,1,2,0,0,1,1,1,0,1,0,0,1,0,0,0,4,2,0,0,5,5,0,4,0,0,0,1,0,4,1,1,0,0,0,0,0,0,0,0,0,0,0,0,0,0,0,0,1,0,0,0,0,0,1,1,2,1,1,2,1,4,1,2,2,2,1,0,0,0,0,0,0,0,0,0,0,0,0,0,0,0,0,0,0,0,0,0,0,0,0,0,0,0,0,0,0,0,0,0,0,0,0,0,0,0,0,0,0,0,0,0,0,0,0,0,0,0,0,0,0,0,0,0,0,0,0,0,0,0,0,0,0,0,0,0,0,0,0,0,0,0,0,0,0,0,0,0,0,0,0
krupskaya_zhenshina_rabotnitsa.txt_chunk2,krupskaya,7,0,0,1,1,0,1,0,0,0,0,49,0,0,2,0,0,0,0,1,0,6,3,0,1,0,1,0,6,0,0,0,0,0,0,0,1,2,0,1,0,0,0,2,3,0,3,1,4,8,0,0,4,0,0,0,43,0,0,3,1,0,2,4,0,8,0,1,0,1,1,0,0,0,0,0,2,4,0,1,0,0,0,0,0,3,0,0,0,23,1,2,14,0,1,0,0,0,3,1,0,2,2,0,7,0,2,0,0,0,1,1,0,1,3,7,3,0,0,4,0,0,2,0,3,0,0,1,2,2,0,0,11,0,1,0,0,0,1,0,0,1,0,0,1,1,3,0,0,3,0,0,1,0,0,6,0,0,3,1,0,6,0,0,3,0,1,1,0,1,4,0,0,0,1,0,1,5,0,13,5,1,0,0,2,1,0,0,0,0,0,0,1,0,0,0,4,0,0,0,0,0,0,0,0,1,0,0,0,0,2,3,0,0,1,0,1,0,1,0,0,0,0,1,0,0,0,0,0,1,0,2,4,2,1,2,2,0,3,1,2,0,0,0,0,0,0,0,2,2,0,1,0,0,0,0,0,0,0,0,0,0,1,0,0,0,6,3,0,0,0,0,1,0,0,0,0,0,1,0,0,0,0,0,0,0,0,1,0,1,1,0,0,0,0,0,0,0,0,2,0,0,0,1,1,0,0,0,0,0,0,3,0,0,0,1,0,0,0,0,0,1,0,1,0,0,0,0,0,1,0,0,0,0,1,0,0,0,0,0,0,1,0,0,0,0,0,0,0,1,1,0,0,0,0,0,0,0,0,0,0,2,1,0,0,2,2,1,0,3,4,1,1,0,1,2,0,0,0,0,0,0,0,0,0,0,0,0,1,0,0,0,0,0,0,0,0,0,1,1,0,0,0,0,1,0,0,0,0,0,0,0,0,0,0,0,1,1,2,1,0,0,0,0,0,0,0,0,0,0,0,0,0,0,0,0,0,0,0,0,0,0,0,0,0,0,0,0,0,0,0,0,0,0,0,0,0,0,0,0,0,0,0,0,0,0,0,0,0,0,0,0,0,0,0,0,0,0,0,0,0,0,0,0,0,0,0,0,0,0,0,0,0,0,0,0,0,0,0,0
krupskaya_zhenshina_rabotnitsa.txt_chunk3,krupskaya,9,0,0,1,13,6,1,0,0,5,1,20,0,0,3,0,0,0,0,1,0,1,13,2,1,0,0,0,1,0,0,0,0,0,5,1,1,4,0,0,0,1,2,2,1,2,0,2,0,2,0,1,10,0,0,0,30,1,4,1,9,0,8,1,3,10,2,2,0,1,1,0,3,0,0,2,0,2,0,2,0,0,0,1,0,1,0,1,0,18,2,1,24,3,0,0,0,0,1,8,1,0,4,0,5,0,11,0,0,0,1,0,1,0,4,1,13,0,0,5,0,0,0,1,4,1,0,1,1,0,0,0,5,0,1,0,0,0,1,2,0,4,1,2,1,2,4,0,0,0,0,0,1,0,0,6,1,0,0,4,0,1,4,0,2,4,0,1,0,0,4,0,2,0,0,1,1,4,0,17,16,0,1,0,6,1,1,0,0,0,0,2,0,0,0,0,0,1,0,0,0,0,0,0,0,0,0,2,0,0,0,0,1,0,1,2,2,0,0,0,0,0,0,0,0,1,0,0,0,0,1,1,4,1,0,0,0,0,0,6,1,0,0,0,0,0,0,0,1,0,1,1,1,0,0,0,0,0,0,0,1,0,1,0,1,0,1,2,10,0,1,2,0,0,2,1,0,0,0,0,0,0,0,1,1,0,1,1,0,1,0,0,0,0,0,0,0,0,0,0,0,0,0,0,0,0,0,0,0,0,1,2,11,0,0,0,0,0,0,0,0,2,1,0,0,0,0,0,0,1,5,0,1,0,2,0,0,0,0,0,1,0,0,0,0,0,2,0,0,1,0,0,0,0,0,0,0,0,0,0,1,0,1,1,1,0,1,1,0,0,2,0,2,0,0,0,0,0,0,0,0,0,0,0,4,0,0,2,0,0,0,0,0,0,0,3,0,0,2,0,0,0,0,0,1,3,1,0,2,0,0,0,0,0,1,2,1,0,0,0,1,1,1,3,1,3,1,2,1,0,0,0,0,0,0,0,0,0,0,0,0,0,0,0,0,0,0,0,0,0,0,0,0,0,0,0,0,0,0,0,0,0,0,0,0,0,0,0,0,0,0,0,0,0,0,0,0,0,0,0,0,0,0,0,0,0,0,0,0,0,0,0,0,0,0,0,0,0,0,0
krupskaya_zhenshina_rabotnitsa.txt_chunk4,krupskaya,2,0,0,2,4,6,3,2,0,1,0,41,0,1,4,0,0,0,0,1,1,2,7,1,0,1,0,0,1,0,0,1,2,3,6,0,0,1,0,2,0,0,0,2,4,3,4,2,1,3,0,0,12,0,2,0,37,0,2,1,3,0,5,5,0,8,0,1,2,2,0,0,1,0,0,0,1,1,2,1,0,1,0,0,3,1,0,0,0,20,0,0,22,0,0,0,1,0,2,3,0,1,0,1,6,0,3,1,0,0,0,0,0,0,3,17,7,0,0,6,0,0,3,0,5,0,0,1,1,2,0,0,8,0,2,0,0,0,1,1,0,1,0,3,0,2,0,0,0,0,1,0,2,0,0,2,1,0,1,1,0,4,2,0,6,0,0,0,0,2,0,1,0,0,4,1,1,3,1,18,6,0,0,0,4,1,0,0,0,0,0,4,1,0,1,1,2,0,0,1,0,0,0,0,1,2,0,1,0,0,1,1,0,0,0,0,1,0,2,1,0,0,0,0,0,0,1,0,0,0,1,2,0,4,6,0,1,0,0,4,2,0,3,0,0,0,0,0,0,1,0,2,0,0,1,0,0,0,0,0,1,0,1,0,0,0,0,2,12,0,0,0,0,0,0,0,0,0,0,1,0,2,5,2,1,0,0,0,0,0,1,0,0,0,0,0,0,0,0,2,0,0,1,1,0,0,2,0,0,0,1,0,2,0,0,6,0,0,0,0,0,0,0,0,0,0,0,0,0,3,0,0,1,0,0,0,0,1,0,0,1,2,0,0,0,0,0,0,1,0,0,0,0,0,1,0,0,0,1,1,0,0,0,0,0,0,0,2,1,4,0,0,1,1,0,0,0,0,0,0,0,0,0,0,1,0,0,0,0,0,0,0,0,0,0,0,1,1,2,0,0,0,0,0,2,0,0,0,0,1,2,2,0,0,0,0,1,0,0,0,0,0,0,1,0,2,0,1,0,1,1,1,1,3,1,3,0,0,0,0,0,0,0,0,0,0,0,0,0,0,0,0,0,0,0,0,0,0,0,0,0,0,0,0,0,0,0,0,0,0,0,0,0,0,0,0,0,0,0,0,0,0,0,0,0,0,0,0,0,0,0,0,0,0,0,0,0,0,0,0
krupskaya_zhenshina_rabotnitsa.txt_chunk5,krupskaya,7,0,1,2,0,0,0,1,2,2,4,35,0,0,2,0,0,0,1,2,1,0,5,1,0,0,0,0,7,0,0,1,1,0,3,0,1,3,0,1,0,0,0,3,7,1,4,0,3,9,0,0,2,0,0,0,41,0,1,3,2,1,3,4,1,8,0,2,0,1,1,0,0,2,0,2,1,3,2,3,0,0,0,0,1,8,0,0,0,20,0,2,23,0,1,0,0,0,2,3,0,0,1,0,3,0,3,0,2,0,0,0,0,1,2,12,5,0,0,7,0,0,1,0,8,1,0,0,6,1,0,0,9,4,1,0,0,0,0,0,1,0,1,0,1,2,6,0,0,0,0,0,2,0,0,3,1,1,3,1,0,4,2,1,2,2,1,1,0,2,1,0,0,0,0,0,0,5,0,16,1,0,2,0,6,1,0,0,0,1,0,2,0,1,0,0,0,0,1,1,0,0,0,1,0,2,0,1,0,0,0,1,0,0,0,0,2,3,0,2,0,0,0,0,0,0,0,0,0,0,0,6,2,0,1,0,1,0,2,2,1,0,0,0,0,0,0,0,0,0,1,1,0,0,0,0,0,0,0,0,0,0,0,1,0,0,2,0,5,0,0,1,0,0,3,0,0,3,1,0,0,0,0,0,0,1,0,0,0,0,1,0,0,0,0,0,0,1,0,0,0,0,0,0,3,0,0,0,0,1,0,0,4,0,0,0,0,0,0,0,1,1,0,0,0,0,0,0,0,2,0,0,0,0,0,0,0,0,0,0,0,2,0,0,0,0,0,0,0,0,2,2,0,0,0,0,0,1,0,0,0,1,0,0,0,0,0,1,0,1,1,0,2,1,0,2,0,0,3,0,1,0,0,0,0,1,1,0,0,0,0,0,0,1,0,0,1,1,0,0,0,0,0,0,4,0,0,0,0,2,1,1,0,0,3,0,1,0,0,4,0,0,0,0,0,0,0,0,0,0,0,0,0,0,0,0,0,0,0,0,0,0,0,0,0,0,0,0,0,0,0,0,0,0,0,0,0,0,0,0,0,0,0,0,0,0,0,0,0,0,0,0,0,0,0,0,0,0,0,0,0,0,0,0,0,0,0,0,0,0,0,0,0,0,0,0,0,0,0,0
krupskaya_zhenshina_rabotnitsa.txt_chunk6,krupskaya,6,0,0,1,2,5,5,0,0,1,2,41,0,0,1,0,0,0,0,1,0,0,4,0,1,1,0,2,1,1,1,0,0,1,3,10,5,2,0,1,0,1,1,3,2,1,5,1,1,6,0,1,11,0,4,0,36,1,1,3,3,0,1,4,1,17,0,5,2,1,1,0,2,0,0,1,1,2,1,0,0,0,0,0,2,5,1,0,0,7,0,3,25,0,0,0,0,0,4,2,6,1,1,3,5,2,8,0,0,0,1,0,1,1,1,5,2,0,0,5,0,0,3,0,1,1,0,0,3,2,1,0,8,3,1,0,0,0,0,1,0,0,0,4,0,2,0,0,0,0,0,0,0,0,1,5,0,1,1,0,0,6,3,0,7,3,1,0,0,0,4,0,0,0,3,0,0,2,0,19,2,0,1,1,3,2,0,0,0,0,1,4,0,2,0,0,2,0,0,2,0,0,0,3,0,2,3,2,0,0,1,0,0,0,0,1,1,2,0,0,0,0,0,1,0,0,1,1,0,1,2,1,1,1,1,0,0,0,0,2,1,1,0,1,0,1,0,0,0,0,0,2,1,1,1,0,0,0,0,0,0,0,0,0,0,0,3,0,0,0,0,1,0,0,0,0,0,1,0,0,0,0,0,0,1,0,0,0,0,1,2,0,0,0,0,0,0,0,0,3,0,0,0,0,2,0,0,0,0,0,0,0,1,0,0,1,0,0,1,0,0,0,0,1,0,0,0,0,0,0,2,0,3,0,0,0,0,0,0,0,0,7,0,0,0,0,0,0,2,0,0,0,0,0,0,1,0,0,0,0,0,0,1,0,0,0,0,0,0,0,0,0,0,0,0,0,2,0,4,1,0,0,0,0,0,0,0,0,0,0,0,0,0,0,0,1,1,3,0,0,2,0,0,0,0,0,2,0,1,0,1,1,0,0,1,0,0,0,0,4,0,1,0,0,0,0,0,1,0,0,0,0,0,0,0,0,1,2,1,0,0,0,0,0,0,0,0,0,0,0,0,0,0,0,0,0,0,0,0,0,0,0,0,0,0,0,0,0,0,0,0,0,0,0,0,0,0,0,0,0,0,0,0,0,0,0,0,0,0,0,0,0,0,0,0,0,0,0,0,0
krupskaya_zhenshina_rabotnitsa.txt_chunk7,krupskaya,7,0,0,0,3,0,3,1,1,2,0,25,0,1,1,0,0,0,0,0,1,4,6,1,1,0,0,0,1,2,0,1,0,1,2,15,9,5,0,2,0,0,0,4,5,0,4,1,4,5,0,0,3,1,2,0,36,0,2,3,0,0,4,7,0,5,0,3,1,0,1,0,1,0,1,0,1,1,0,1,0,0,0,3,1,3,3,0,0,25,0,1,26,1,0,0,1,0,2,4,6,0,1,0,6,0,7,1,3,1,1,1,0,0,1,9,5,0,0,4,1,0,2,0,2,1,0,0,6,5,1,0,11,1,2,0,0,1,4,2,0,0,1,4,0,1,1,0,0,0,0,1,2,0,1,4,0,4,1,1,0,6,2,0,2,3,1,2,0,1,3,0,0,0,3,0,1,3,0,17,6,1,2,2,4,0,0,1,0,0,0,1,1,0,0,0,3,0,0,1,0,1,0,2,0,0,2,0,0,0,0,0,0,1,0,0,1,1,1,0,0,0,0,1,0,0,0,0,0,0,0,1,0,2,0,0,0,0,0,0,0,0,0,0,0,0,0,0,0,0,0,0,0,0,0,0,0,0,0,0,0,0,0,0,0,0,0,0,0,0,0,0,0,0,0,0,0,1,1,0,0,0,0,0,0,0,0,0,0,1,1,0,0,0,0,0,0,0,0,0,0,2,0,0,2,0,0,1,0,0,0,0,3,0,0,0,0,0,0,0,0,0,0,0,0,0,0,0,0,0,1,0,1,0,1,0,0,0,0,0,0,0,0,0,0,0,1,0,1,1,0,0,1,0,3,0,0,0,1,0,2,0,0,2,0,0,1,0,1,3,4,0,2,0,1,0,0,0,3,0,1,0,0,0,1,0,0,0,0,0,0,0,2,0,0,0,1,0,0,0,0,0,0,0,2,0,0,0,0,1,0,0,0,0,0,2,3,0,0,0,0,0,0,0,0,0,0,0,0,0,0,0,0,0,0,0,0,1,0,1,2,0,0,0,0,0,0,0,0,0,0,0,0,0,0,0,0,0,0,0,0,0,0,0,0,0,0,0,0,0,0,0,0,0,0,0,0,0,0,0,0,0,0,0,0,0,0,0,0,0,0,0,0,0,0,0,0,0,0,0
krupskaya_zhenshina_rabotnitsa.txt_chunk8,krupskaya,3,0,0,4,4,6,4,1,2,0,2,34,0,0,1,0,0,0,0,0,0,5,10,1,0,0,0,0,0,0,0,0,4,0,1,7,7,6,0,0,0,0,1,2,14,1,1,0,1,5,0,0,6,0,0,1,38,0,4,1,3,0,8,10,0,9,0,1,2,0,0,0,1,0,0,0,0,1,3,0,0,0,0,1,1,9,2,0,0,21,1,1,15,1,0,0,1,0,2,3,2,0,2,1,2,0,2,0,0,2,1,0,1,0,1,16,8,1,0,2,0,0,2,0,3,0,0,0,1,1,0,0,18,2,0,0,0,2,0,0,1,1,1,3,2,0,1,0,0,0,1,0,1,0,0,5,0,0,0,0,0,6,6,0,4,3,0,0,0,0,3,0,0,0,0,0,1,1,0,22,6,0,1,0,7,1,1,0,0,0,0,2,0,0,0,0,0,0,0,2,0,0,0,2,1,0,0,0,0,0,0,0,0,1,1,0,2,0,0,0,0,0,0,0,0,0,0,1,0,2,0,0,0,0,1,0,0,0,1,3,0,0,0,0,0,0,0,1,1,1,2,1,0,0,0,0,0,0,0,0,0,0,0,0,1,0,6,2,3,0,0,0,0,0,0,0,0,0,1,0,0,0,2,0,1,1,0,0,5,1,0,0,0,0,0,0,0,0,0,4,0,0,0,0,3,0,0,0,0,0,0,1,2,0,0,0,0,0,0,0,0,0,1,0,0,0,0,0,0,0,0,0,0,0,0,1,0,0,0,0,1,1,0,0,0,0,1,0,0,0,0,0,0,0,0,0,0,0,0,0,0,0,0,0,2,0,0,1,1,1,0,0,1,0,0,0,0,0,2,0,0,0,0,0,0,0,0,0,0,0,0,0,0,0,0,1,0,0,3,0,0,0,0,0,3,0,0,0,0,2,1,0,0,0,0,0,0,0,0,0,0,0,0,0,1,0,0,0,0,0,0,0,1,1,0,0,0,0,0,0,0,1,0,0,0,0,0,0,0,0,0,0,0,0,0,0,0,0,0,0,0,0,0,0,0,0,0,0,0,0,0,0,0,0,0,0,0,0,0,0,0,0,0,0,0,0,0,0,0,0,0,0,0,0,0,0,0,0,0,0
krupskaya_zhenshina_rabotnitsa.txt_chunk9,krupskaya,3.6719706242350063,0,0,0,3.6719706242350063,6.119951040391677,18.359853121175032,1.2239902080783354,0,3.6719706242350063,7.343941248470013,34.27172582619339,0,0,3.6719706242350063,0,0,1.2239902080783354,3.6719706242350063,2.4479804161566707,0,2.4479804161566707,0,0,1.2239902080783354,0,0,0,0,0,0,0,1.2239902080783354,2.4479804161566707,2.4479804161566707,1.2239902080783354,0,8.567931456548347,0,2.4479804161566707,2.4479804161566707,7.343941248470013,1.2239902080783354,0,2.4479804161566707,0,4.8959608323133414,0,1.2239902080783354,3.6719706242350063,0,1.2239902080783354,12.239902080783354,0,0,0,35.49571603427173,0,2.4479804161566707,1.2239902080783354,1.2239902080783354,1.2239902080783354,3.6719706242350063,0,1.2239902080783354,6.119951040391677,0,1.2239902080783354,0,2.4479804161566707,0,1.2239902080783354,2.4479804161566707,1.2239902080783354,2.4479804161566707,0,0,0,1.2239902080783354,0,0,2.4479804161566707,0,0,2.4479804161566707,3.6719706242350063,0,0,0,17.135862913096695,0,0,24.479804161566708,0,3.6719706242350063,0,0,0,3.6719706242350063,1.2239902080783354,0,0,1.2239902080783354,1.2239902080783354,7.343941248470013,2.4479804161566707,1.2239902080783354,3.6719706242350063,1.2239902080783354,0,0,0,0,0,0,1.2239902080783354,9.791921664626683,0,0,4.8959608323133414,0,0,2.4479804161566707,0,6.119951040391677,0,0,0,1.2239902080783354,3.6719706242350063,1.2239902080783354,0,6.119951040391677,0,1.2239902080783354,0,0,0,1.2239902080783354,0,0,0,0,1.2239902080783354,0,1.2239902080783354,2.4479804161566707,0,0,1.2239902080783354,0,0,1.2239902080783354,0,0,2.4479804161566707,1.2239902080783354,1.2239902080783354,0,0,0,1.2239902080783354,2.4479804161566707,0,2.4479804161566707,0,0,1.2239902080783354,0,0,2.4479804161566707,0,0,0,0,0,0,2.4479804161566707,0,6.119951040391677,6.119951040391677,0,2.4479804161566707,0,0,1.2239902080783354,0,0,0,0,0,1.2239902080783354,0,0,0,0,2.4479804161566707,1.2239902080783354,0,0,0,0,0,0,0,1.2239902080783354,0,0,1.2239902080783354,0,1.2239902080783354,0,0,0,0,0,2.4479804161566707,1.2239902080783354,2.4479804161566707,0,0,0,0,0,0,0,0,0,0,0,1.2239902080783354,0,13.46389228886169,0,0,0,0,0,4.8959608323133414,6.119951040391677,1.2239902080783354,0,0,0,0,0,0,0,0,0,0,0,0,0,1.2239902080783354,0,0,0,0,0,0,0,0,2.4479804161566707,1.2239902080783354,0,2.4479804161566707,0,7.343941248470013,0,0,0,0,0,0,0,0,1.2239902080783354,0,0,0,1.2239902080783354,1.2239902080783354,1.2239902080783354,0,0,0,0,0,0,0,0,0,0,0,0,0,0,0,1.2239902080783354,0,0,0,0,0,2.4479804161566707,0,1.2239902080783354,0,1.2239902080783354,0,0,4.8959608323133414,0,0,1.2239902080783354,0,0,0,0,0,0,0,0,0,0,0,0,0,1.2239902080783354,1.2239902080783354,3.6719706242350063,1.2239902080783354,0,8.567931456548347,0,1.2239902080783354,0,0,0,0,0,0,0,0,0,0,0,0,0,0,0,0,0,0,0,0,0,0,0,1.2239902080783354,0,0,0,0,1.2239902080783354,1.2239902080783354,1.2239902080783354,0,0,0,0,4.8959608323133414,2.4479804161566707,0,0,0,0,1.2239902080783354,2.4479804161566707,1.2239902080783354,0,0,0,0,0,0,0,1.2239902080783354,0,0,0,0,0,0,0,0,0,3.6719706242350063,0,0,0,0,0,0,0,0,0,0,0,0,0,2.4479804161566707,0,1.2239902080783354,0,1.2239902080783354,0,0,3.6719706242350063,0,0,2.4479804161566707,0,0,3.6719706242350063,1.2239902080783354,1.2239902080783354,0,0,0,0,1.2239902080783354,0,0,0,0,0,2.4479804161566707,0,0,0,1.2239902080783354,1.2239902080783354,1.2239902080783354,0,0,0,0,0,0,0,0,0,0,0,0,0,0,0,0,0,0,0,0,0,0,0,0,0,0,0,0,0,0,0,0,0,0,0,0,0,0,0,0,0,0,0,0,0,0,0,0,0,0,0,0,0,0,0
lenin_anarhizm_i_socializm.txt_chunk1,lenin,6.738544474393532,0,0,1.3477088948787064,1.3477088948787064,1.3477088948787064,5.3908355795148255,0,0,1.3477088948787064,1.3477088948787064,26.954177897574127,2.6954177897574128,0,1.3477088948787064,1.3477088948787064,0,0,0,0,4.0431266846361185,0,2.6954177897574128,0,1.3477088948787064,0,1.3477088948787064,0,0,0,0,0,0,1.3477088948787064,0,0,0,5.3908355795148255,0,0,0,0,1.3477088948787064,4.0431266846361185,0,0,4.0431266846361185,1.3477088948787064,1.3477088948787064,2.6954177897574128,0,0,8.086253369272237,0,0,0,36.38814016172507,0,4.0431266846361185,12.129380053908356,0,0,10.781671159029651,5.3908355795148255,0,5.3908355795148255,0,0,4.0431266846361185,0,1.3477088948787064,1.3477088948787064,0,0,0,1.3477088948787064,0,2.6954177897574128,0,2.6954177897574128,0,0,0,1.3477088948787064,1.3477088948787064,1.3477088948787064,0,0,0,9.433962264150942,2.6954177897574128,0,16.172506738544474,0,1.3477088948787064,0,1.3477088948787064,1.3477088948787064,0,1.3477088948787064,0,0,0,0,1.3477088948787064,0,5.3908355795148255,0,1.3477088948787064,0,0,0,0,0,0,0,5.3908355795148255,4.0431266846361185,1.3477088948787064,1.3477088948787064,0,0,0,0,2.6954177897574128,0,0,0,0,0,1.3477088948787064,0,6.738544474393532,0,1.3477088948787064,0,0,0,1.3477088948787064,0,0,2.6954177897574128,0,1.3477088948787064,0,0,0,0,1.3477088948787064,0,0,0,0,0,0,1.3477088948787064,0,0,0,2.6954177897574128,1.3477088948787064,1.3477088948787064,0,1.3477088948787064,1.3477088948787064,1.3477088948787064,0,0,0,0,0,0,0,0,0,0,0,4.0431266846361185,0,1.3477088948787064,1.3477088948787064,1.3477088948787064,1.3477088948787064,1.3477088948787064,4.0431266846361185,5.3908355795148255,1.3477088948787064,0,0,2.6954177897574128,0,0,0,0,0,0,1.3477088948787064,0,2.6954177897574128,0,0,0,0,0,0,2.6954177897574128,0,0,0,0,0,1.3477088948787064,1.3477088948787064,0,0,1.3477088948787064,0,0,2.6954177897574128,0,0,0,0,0,0,0,0,0,1.3477088948787064,0,0,0,0,2.6954177897574128,0,0,1.3477088948787064,0,1.3477088948787064,1.3477088948787064,0,0,0,0,0,0,0,1.3477088948787064,0,1.3477088948787064,0,0,0,0,0,0,0,2.6954177897574128,0,0,4.0431266846361185,2.6954177897574128,1.3477088948787064,0,1.3477088948787064,0,0,1.3477088948787064,0,0,0,0,1.3477088948787064,1.3477088948787064,0,1.3477088948787064,0,0,0,0,0,0,0,2.6954177897574128,5.3908355795148255,0,0,0,0,0,2.6954177897574128,0,1.3477088948787064,1.3477088948787064,0,1.3477088948787064,0,0,0,0,0,1.3477088948787064,0,0,0,1.3477088948787064,4.0431266846361185,1.3477088948787064,0,0,2.6954177897574128,1.3477088948787064,17.52021563342318,1.3477088948787064,0,4.0431266846361185,1.3477088948787064,0,0,1.3477088948787064,1.3477088948787064,1.3477088948787064,0,2.6954177897574128,4.0431266846361185,0,0,0,0,0,0,0,1.3477088948787064,1.3477088948787064,1.3477088948787064,0,1.3477088948787064,0,2.6954177897574128,1.3477088948787064,0,0,0,0,0,0,0,0,0,1.3477088948787064,0,0,0,0,0,0,1.3477088948787064,0,0,0,0,0,0,0,1.3477088948787064,0,0,0,0,0,0,0,0,0,0,0,0,0,5.3908355795148255,0,0,2.6954177897574128,0,0,0,0,0,0,1.3477088948787064,0,0,0,0,0,1.3477088948787064,0,0,0,0,0,0,0,0,0,0,0,0,2.6954177897574128,0,0,0,0,0,5.3908355795148255,0,0,0,1.3477088948787064,0,0,0,0,0,0,1.3477088948787064,0,0,1.3477088948787064,0,0,0,0,0,2.6954177897574128,0,0,0,0,0,0,0,0,0,0,1.3477088948787064,2.6954177897574128,1.3477088948787064,2.6954177897574128,2.6954177897574128,1.3477088948787064,1.3477088948787064,1.3477088948787064,6.738544474393532,1.3477088948787064,2.6954177897574128,2.6954177897574128,1.3477088948787064,4.0431266846361185,2.6954177897574128,1.3477088948787064,0,0,0,0,0,0,0,0,0,0,0,0,0,0,0,0,0,0,0,0,0,0,0,0,0,0,0,0,0,0,0,0,0,0,0,0,0,0,0,0
lenin_chto_delat'.txt_chunk10,lenin,6,0,0,1,0,1,2,1,0,2,2,26,0,0,1,0,0,0,0,0,1,1,1,2,1,0,0,1,0,0,0,3,1,0,3,0,0,3,1,3,1,1,0,3,4,0,3,3,2,5,0,0,5,0,1,0,43,1,5,3,2,1,1,5,0,6,0,1,0,1,1,0,3,0,0,1,0,1,1,2,0,0,0,0,0,0,1,8,4,11,1,1,12,0,0,0,0,0,2,0,0,0,0,3,4,1,5,0,1,0,0,0,0,1,2,6,1,0,0,4,0,0,2,0,12,2,0,0,1,0,0,0,9,0,0,0,0,0,0,2,1,2,1,0,1,1,1,1,0,1,1,0,4,2,0,5,0,1,0,2,0,4,2,1,9,2,0,1,1,0,1,0,0,0,1,0,0,4,0,20,1,2,2,0,5,5,3,0,0,0,0,0,0,0,0,0,2,0,0,0,2,0,0,1,1,0,1,1,0,0,0,1,0,0,0,4,2,1,1,0,0,1,1,0,0,0,1,0,0,0,0,2,0,3,0,0,0,0,2,5,3,0,6,3,1,1,0,0,1,0,2,0,1,1,0,0,0,0,0,0,1,0,0,0,3,1,0,2,1,0,1,0,0,5,0,0,0,6,0,0,0,5,2,1,9,0,0,0,0,0,0,1,1,0,1,0,0,0,0,0,0,0,0,0,0,1,0,0,0,0,1,1,6,0,0,1,0,0,0,0,0,0,0,1,0,0,0,0,0,1,0,0,0,0,1,0,1,0,0,0,1,1,0,2,0,0,0,0,0,0,0,2,0,1,1,0,0,0,0,1,0,1,1,0,4,0,0,0,0,0,0,1,0,0,0,1,0,1,7,0,3,1,0,0,0,0,1,0,2,0,0,0,0,1,2,0,0,0,0,0,0,0,0,0,0,0,0,0,0,0,0,0,3,0,0,2,0,0,0,0,0,0,0,0,0,3,0,0,0,0,1,0,1,3,0,0,0,0,0,0,0,1,1,0,1,2,0,0,0,0,0,1,0,0,0,0,0,0,1,0,1,2,2,0,0,0,0,0,0,0,0,0,0,0,0,0,0,0,0,0,0,0,0,0,0,0,0,0,0,0,0,0,0,0,0,0,0,0,0,0
lenin_chto_delat'.txt_chunk15,lenin,3,1,0,0,0,0,9,1,2,1,4,25,0,0,0,2,0,0,1,0,0,4,2,1,3,1,0,0,0,2,0,0,0,1,1,0,0,6,0,1,0,1,0,3,0,0,3,4,3,3,3,0,10,0,0,0,44,1,2,3,1,0,5,5,0,13,0,1,0,0,1,1,0,0,0,1,0,0,0,1,0,0,1,1,0,2,0,1,0,8,0,0,15,0,0,0,0,0,1,2,0,0,0,1,4,1,14,1,1,0,1,0,2,1,7,4,3,0,0,1,0,0,2,0,2,1,0,0,2,0,2,0,15,0,0,4,1,3,1,1,0,0,2,1,2,2,0,0,1,0,0,0,0,4,0,3,1,1,0,1,0,5,3,1,10,2,1,0,0,0,1,0,0,0,0,0,0,0,0,13,2,0,0,2,7,1,0,2,0,2,0,0,0,0,0,0,3,0,2,1,4,0,0,0,0,1,0,0,0,1,1,1,0,0,0,1,3,1,0,0,1,0,0,1,0,0,0,0,0,0,1,1,0,4,0,0,1,0,0,3,0,4,0,1,0,0,1,0,0,0,0,3,0,1,1,1,1,0,0,0,0,1,0,0,6,0,0,0,0,1,0,0,0,4,0,1,1,3,0,0,0,5,5,5,5,0,1,0,0,1,2,0,1,0,0,0,0,0,0,0,0,1,1,0,1,0,0,1,0,1,1,0,6,2,1,0,0,0,0,1,0,0,0,2,0,0,0,0,0,0,0,0,1,0,0,0,0,1,1,0,0,2,0,0,1,0,1,0,0,0,0,1,0,0,0,0,1,0,0,1,0,1,0,0,1,0,0,0,0,0,0,0,0,0,0,0,1,1,11,2,0,1,0,1,0,0,0,0,0,0,0,3,0,0,0,0,0,0,0,1,0,0,0,0,1,0,0,0,0,0,1,0,1,0,0,2,0,0,0,0,1,0,0,0,0,1,0,0,0,0,0,1,0,3,0,0,3,0,1,1,0,0,0,2,6,0,0,1,0,0,0,2,0,0,3,0,0,0,0,0,0,0,1,1,1,1,0,0,0,0,0,0,0,0,0,0,0,0,0,0,0,0,0,0,0,0,0,0,0,0,0,0,0,0,0,0,0,0,0,0
lenin_chto_delat'.txt_chunk21,lenin,5,0,0,1,0,0,8,2,1,3,3,27,0,1,5,0,0,0,0,0,1,1,6,1,3,1,0,0,0,2,1,0,0,1,2,0,0,7,0,0,0,5,1,2,0,1,4,3,2,4,0,0,5,0,0,0,43,0,3,3,1,0,3,8,0,5,1,0,1,1,1,0,1,0,0,2,0,1,1,0,0,0,0,0,0,1,2,0,1,11,0,0,19,0,0,0,0,0,0,1,1,1,1,1,7,0,11,5,1,0,2,0,0,0,3,0,3,0,0,3,1,0,2,0,6,1,1,0,2,2,0,0,6,1,3,0,0,0,1,2,0,3,0,0,2,1,1,1,1,2,1,1,2,1,0,3,0,1,0,2,0,2,1,1,7,4,1,2,0,0,3,0,0,3,2,1,0,0,0,10,5,0,1,0,5,4,5,5,0,1,1,0,1,1,1,1,2,0,0,0,0,0,0,0,0,2,0,4,0,0,0,0,5,0,0,1,1,0,1,0,0,0,0,1,2,0,0,0,0,1,0,0,0,4,1,1,0,1,1,4,2,0,3,2,1,0,1,0,1,1,1,0,2,0,1,0,0,1,0,0,2,0,0,0,0,0,0,2,0,0,0,0,3,11,1,0,0,1,0,1,0,0,3,2,1,0,0,0,0,2,0,0,1,2,1,0,0,0,1,0,0,0,0,0,1,2,0,1,0,0,0,0,1,3,0,0,1,0,0,3,0,0,3,0,0,0,0,0,0,1,2,0,4,0,0,0,0,0,0,1,1,1,0,2,1,0,0,0,1,0,0,1,0,0,0,2,0,0,1,1,0,2,0,0,2,1,1,0,0,0,0,0,0,0,0,0,0,1,19,3,0,0,0,0,0,0,0,1,0,1,0,0,0,0,3,1,0,0,4,1,1,0,0,0,0,0,0,0,0,0,0,0,0,0,0,0,0,0,0,0,0,0,0,0,0,2,0,0,0,0,1,0,0,0,0,0,0,1,0,0,0,0,0,1,0,0,1,0,2,2,0,1,0,0,1,0,0,0,0,0,2,0,0,0,2,1,1,1,1,3,4,1,0,0,0,0,0,0,0,0,0,0,0,0,0,0,0,0,0,0,0,0,0,0,0,0,0,0,0,0
lenin_chto_delat'.txt_chunk3,lenin,4,2,0,0,0,0,2,1,0,1,3,33,0,1,0,1,0,0,0,0,0,1,1,1,0,0,1,3,1,0,2,1,0,1,7,0,0,4,0,0,0,0,0,2,1,1,2,0,2,7,0,0,6,1,0,2,41,1,1,7,0,0,1,3,0,9,0,1,0,0,2,0,1,0,0,2,0,1,1,0,0,0,0,0,1,2,5,0,0,12,0,0,17,1,1,0,0,0,2,2,0,0,1,1,5,0,10,3,1,1,0,1,0,2,0,1,4,0,0,1,2,0,1,2,2,2,1,0,3,0,0,0,11,0,2,0,0,0,2,1,0,0,0,2,0,4,4,1,3,0,0,0,2,2,0,1,0,1,0,1,0,5,5,1,6,4,0,0,1,0,2,1,0,0,0,1,0,4,0,14,2,0,0,0,8,2,1,3,0,0,0,0,0,0,1,0,1,0,1,1,6,0,2,0,1,5,2,1,0,0,0,0,0,0,0,1,2,0,1,0,1,0,1,2,0,0,0,0,0,0,1,2,0,2,0,0,1,0,2,2,0,2,0,1,1,3,0,0,0,0,0,0,0,0,0,0,0,0,1,1,5,1,1,0,2,0,0,1,0,1,0,1,0,4,0,1,0,0,0,0,0,0,0,0,4,0,0,2,0,0,2,2,0,1,0,1,0,0,0,1,0,0,1,0,1,0,0,0,0,0,0,0,0,1,0,2,2,0,1,0,0,0,0,0,0,0,0,2,0,0,0,0,2,1,0,1,0,1,2,0,0,1,0,0,0,0,1,1,0,0,1,0,0,0,0,1,0,0,0,1,0,1,0,1,0,0,0,1,1,0,0,0,0,1,1,1,0,0,7,1,0,0,0,0,0,0,0,1,0,1,0,0,0,1,1,0,0,0,0,0,1,0,0,0,0,0,2,0,0,0,1,2,0,2,0,0,0,0,0,0,0,0,0,0,2,0,0,0,1,0,1,0,0,1,2,4,0,0,2,0,0,0,0,0,0,0,0,0,0,2,2,0,0,0,2,0,0,0,1,0,0,2,0,0,1,1,0,0,0,0,0,1,1,2,1,1,0,0,0,0,0,0,0,0,0,0,0,0,0,0,0,0,0,0,0,0,0,0,0,0
lenin_chto_delat'.txt_chunk30,lenin,10,0,1,1,0,0,0,0,1,1,4,23,0,0,2,1,0,0,0,1,0,0,9,1,0,2,0,0,0,0,0,0,0,2,0,0,0,3,0,0,0,2,1,5,1,1,2,1,3,6,0,0,2,0,0,0,39,4,7,4,0,0,3,4,0,5,0,4,0,0,1,0,4,0,0,1,0,0,2,2,0,1,1,1,0,4,2,1,2,10,1,0,21,1,0,0,0,0,2,3,0,0,2,1,7,1,3,1,0,0,0,2,1,0,2,2,0,5,5,6,2,0,0,0,6,0,0,0,1,0,3,0,17,0,0,0,0,0,0,4,0,0,0,2,0,0,1,1,0,0,0,0,1,1,1,3,0,1,1,3,0,6,2,0,5,1,0,6,0,0,8,0,0,2,0,1,0,3,0,13,2,2,1,1,5,0,1,1,0,0,2,3,0,0,0,1,1,3,0,0,2,0,0,1,0,1,0,0,0,0,0,0,0,0,0,1,0,0,0,1,0,0,1,0,0,0,1,0,1,0,2,1,0,1,0,0,0,0,1,0,0,0,7,4,2,0,0,0,0,2,1,3,0,0,0,0,0,0,2,0,0,0,0,0,0,0,0,2,0,1,0,0,0,4,0,4,0,0,0,1,0,1,2,0,0,0,0,1,0,0,1,0,0,0,0,0,0,0,0,0,0,0,5,0,0,0,0,0,0,0,2,1,6,0,0,0,0,0,1,0,1,0,0,5,0,0,0,0,0,2,0,0,0,0,0,2,0,1,1,0,1,2,0,0,0,0,1,0,2,0,0,0,1,0,0,0,0,2,1,0,0,0,0,0,1,0,0,1,0,0,0,1,0,0,0,1,4,0,7,1,0,4,1,0,0,0,0,0,0,0,0,0,1,0,1,0,2,0,0,0,0,0,0,1,0,0,0,0,0,1,0,1,0,0,0,0,0,0,0,0,0,0,0,0,0,0,0,0,0,0,0,2,1,4,1,0,0,0,0,0,0,0,0,0,0,0,3,0,1,2,0,0,0,4,0,0,0,0,1,0,0,0,0,0,1,0,0,0,1,2,1,0,0,0,0,0,0,0,0,0,0,0,0,0,0,0,0,0,0,0,0,0,0,0,0,0,0,0,0,0
lenin_chto_delat'.txt_chunk31,lenin,10,0,1,0,7,3,1,0,0,0,5,29,0,0,2,3,1,1,0,2,0,1,5,1,0,3,0,0,0,0,2,0,1,0,0,0,0,5,0,3,0,1,2,0,2,1,0,0,2,1,0,0,3,0,0,0,55,1,9,1,0,0,2,2,0,3,1,1,1,0,2,1,2,0,1,1,0,0,0,1,1,0,1,1,1,2,1,0,0,11,0,1,23,1,0,2,1,0,1,2,0,0,0,1,4,0,9,3,1,0,0,1,1,1,0,0,2,6,3,1,2,0,0,0,2,1,0,0,1,0,2,0,8,0,0,1,1,0,0,1,0,0,1,0,0,0,3,1,0,1,0,0,0,0,0,2,1,1,0,6,0,2,4,0,11,1,1,0,1,0,0,0,0,0,0,0,0,5,0,23,1,2,3,0,4,1,0,1,0,0,11,3,0,1,1,1,5,0,0,1,2,1,0,0,0,1,0,2,4,0,0,0,1,1,1,1,4,1,0,0,0,0,0,2,0,0,2,0,0,1,0,0,0,2,2,1,0,0,2,4,0,0,2,7,0,1,0,1,0,3,0,0,1,0,0,0,0,1,0,0,0,0,0,0,2,0,0,5,0,0,0,0,0,2,0,2,0,2,0,0,0,1,1,2,1,0,0,2,3,0,1,1,1,0,0,0,0,0,0,0,0,0,1,0,0,0,0,0,0,0,0,0,3,2,0,0,0,1,0,0,0,1,0,1,0,0,0,0,0,3,2,0,1,0,0,2,0,0,0,0,0,3,0,0,0,0,0,1,0,0,0,2,2,2,1,1,0,0,0,2,0,0,0,0,3,0,0,0,0,1,0,0,0,0,0,0,7,0,5,1,0,3,0,0,0,0,0,0,0,1,0,0,0,0,0,0,0,0,0,0,0,0,0,0,0,0,0,0,0,3,0,0,1,0,0,0,2,0,0,0,0,0,0,0,0,2,1,0,0,0,2,0,0,2,0,1,1,1,0,0,0,0,0,0,0,0,5,0,0,0,1,0,0,7,0,0,0,0,0,0,0,1,0,0,0,1,0,0,0,1,0,0,0,0,0,0,1,0,0,0,0,0,0,0,0,0,0,0,0,0,0,0,0,0,0,0,0,0,0,0
lenin_chto_delat'.txt_chunk36,lenin,11,0,0,0,0,0,8,2,0,1,0,23,0,1,0,3,0,0,0,0,1,0,7,0,1,0,1,0,0,0,0,0,0,1,3,0,0,6,0,0,0,0,0,1,4,0,5,0,1,5,1,0,4,0,2,0,45,1,1,0,1,0,2,4,1,7,0,1,2,2,0,0,4,1,0,1,3,0,1,0,0,0,0,0,0,0,0,1,0,11,3,1,25,0,1,0,2,1,0,2,0,0,0,0,7,0,5,2,1,0,0,0,1,2,0,2,1,6,0,4,2,0,1,0,3,2,0,0,3,1,1,1,10,0,0,0,0,0,0,1,0,0,0,0,0,0,1,1,0,0,0,0,3,0,0,2,1,0,0,1,0,5,1,4,3,1,1,2,0,0,1,0,0,0,2,0,0,1,0,16,3,1,2,1,13,1,1,1,0,0,1,0,0,1,0,0,0,0,0,0,0,0,0,0,0,3,0,0,0,0,0,0,1,0,0,0,0,0,1,0,0,0,0,0,0,0,0,0,1,1,4,0,0,1,0,0,1,0,2,1,0,0,2,4,0,1,0,1,0,0,1,0,0,0,0,0,1,4,3,0,0,0,0,0,2,0,1,0,0,0,0,0,3,1,1,3,0,0,2,0,0,0,0,0,0,0,1,0,0,0,0,3,0,0,0,1,0,0,0,2,0,0,0,0,0,0,0,0,0,0,1,0,2,1,0,1,0,0,0,0,0,1,1,0,0,0,0,0,0,1,0,0,1,1,1,1,0,0,4,3,0,0,0,1,1,0,0,0,1,2,1,0,3,0,1,1,0,3,1,0,1,0,0,0,1,0,0,1,1,0,2,0,2,0,0,2,0,0,5,2,1,1,0,0,0,0,0,0,1,1,0,0,0,0,0,0,1,0,1,0,1,0,0,1,0,0,0,0,0,1,0,0,0,1,0,0,0,0,0,1,0,0,0,0,0,0,0,0,0,0,0,0,0,1,0,0,0,0,0,0,0,1,0,0,2,0,1,0,0,1,1,1,0,1,1,0,0,0,0,0,0,0,0,0,0,0,1,0,0,3,0,0,1,1,0,0,1,0,0,0,0,0,0,0,0,0,0,0,0,0,0,0,0,0,0,0,0,0,0,0
lenin_chto_delat'.txt_chunk39,lenin,13,0,3,0,0,2,3,0,0,2,2,23,0,0,1,1,1,0,0,2,0,2,2,0,1,1,0,0,1,0,0,0,0,1,4,0,0,3,0,1,1,0,1,5,5,0,5,1,1,1,1,0,10,0,0,0,45,0,10,3,0,0,6,14,0,9,0,3,0,2,1,0,2,0,1,1,0,0,0,1,0,0,0,0,0,4,3,0,0,10,2,0,26,0,0,0,0,0,0,4,0,0,0,2,3,0,8,1,0,0,1,2,2,1,5,1,6,5,1,3,1,1,0,0,5,0,0,1,1,0,1,0,14,0,0,0,0,0,1,1,0,0,0,0,0,0,2,0,0,0,0,0,0,0,0,2,0,0,0,3,0,7,2,1,5,1,0,0,1,1,1,3,0,3,0,3,0,1,1,15,1,0,3,0,8,2,0,0,0,0,0,0,0,2,0,0,5,0,0,1,0,0,0,0,0,2,0,1,0,0,0,0,0,0,0,1,1,0,0,0,0,0,1,0,0,0,0,1,0,0,2,1,0,2,1,3,2,0,1,3,0,2,1,1,0,0,4,0,0,0,1,0,2,0,0,0,1,2,1,2,7,2,0,1,1,0,0,0,0,0,0,1,0,3,0,1,0,4,0,0,0,0,0,0,3,0,0,0,0,0,1,0,1,1,1,2,0,0,0,0,0,0,0,0,2,0,0,0,0,0,3,0,0,1,1,2,1,0,0,0,0,0,0,1,0,0,1,0,1,1,1,0,1,2,0,3,1,0,0,1,0,0,0,0,0,0,0,0,0,0,0,1,0,0,1,0,0,0,0,0,0,0,0,0,3,0,0,1,0,0,1,1,0,0,0,1,1,0,5,7,1,0,1,2,0,0,0,0,0,0,0,0,0,1,0,0,0,1,0,0,0,0,0,3,1,0,1,0,0,0,1,1,0,0,1,0,0,0,0,0,0,0,0,0,0,0,1,0,0,0,0,1,0,0,0,0,0,0,0,0,0,0,0,0,0,0,0,0,1,0,0,0,0,0,0,0,0,0,0,1,0,0,0,0,0,1,0,0,0,1,1,0,0,0,0,0,0,2,1,0,0,0,0,0,0,0,0,0,0,0,0,0,0,0,0,0,0,0,0,0
lenin_chto_delat'.txt_chunk44,lenin,10,0,0,2,1,1,6,1,0,3,1,15,0,0,2,0,0,0,0,0,0,1,1,2,4,1,0,0,1,0,6,1,1,1,0,0,0,2,0,0,0,1,0,3,2,0,5,1,2,4,0,0,1,0,0,2,47,0,2,4,0,0,3,8,0,7,0,7,0,3,0,0,1,0,0,1,0,1,1,0,0,0,0,0,0,2,0,2,0,10,1,2,20,2,1,0,1,0,0,0,0,0,1,0,2,0,8,4,1,0,0,0,0,2,2,2,3,13,3,8,0,0,3,0,4,0,0,0,1,2,0,0,14,1,0,0,1,0,0,4,0,0,0,0,1,2,1,0,0,0,0,0,1,0,0,1,0,1,1,2,1,4,1,0,4,1,1,1,0,0,2,0,1,0,1,0,0,2,0,17,0,2,0,2,6,1,0,1,0,0,0,0,0,2,1,0,1,0,0,0,6,0,0,0,0,1,1,1,3,0,0,0,0,0,0,1,4,0,1,0,0,0,0,3,2,0,0,0,0,0,0,3,0,2,0,0,1,0,5,1,0,0,1,0,0,2,2,0,0,0,0,0,0,0,0,0,0,0,2,0,0,0,1,0,0,0,0,1,0,0,0,0,3,2,0,4,0,5,0,0,0,0,0,1,2,0,0,1,1,0,0,0,1,0,0,5,1,0,0,0,0,0,0,0,0,1,0,1,1,0,0,0,0,0,0,1,0,0,0,0,1,2,1,1,0,0,0,0,0,1,4,0,2,1,0,0,0,0,1,2,0,3,0,2,0,0,0,0,0,2,0,2,0,0,1,0,0,0,0,2,0,0,0,0,1,0,0,2,0,1,0,0,2,0,0,0,3,0,4,5,3,4,1,3,0,0,0,0,0,0,0,0,0,0,4,0,0,0,0,0,0,0,0,0,0,0,0,0,0,1,1,0,0,0,0,0,0,0,0,0,0,1,0,1,0,0,0,0,0,0,0,0,0,1,1,0,1,0,0,0,0,1,0,0,0,0,0,0,0,0,0,0,4,2,0,3,0,0,0,0,0,1,0,0,0,1,0,0,0,0,0,0,0,0,0,0,1,0,0,0,0,0,0,0,0,0,0,0,0,0,0,0,0,0,0,0,0,0,0,0
lenin_chto_delat'.txt_chunk5,lenin,6,0,0,1,0,0,5,1,0,3,1,30,0,0,4,0,1,1,1,1,0,2,2,0,2,1,0,1,0,0,0,0,1,2,3,0,0,1,0,0,0,0,1,5,1,0,2,3,0,5,0,0,7,0,0,0,35,1,3,0,1,1,2,9,1,3,0,2,0,0,2,2,3,1,1,2,0,0,1,1,0,0,0,0,0,2,2,5,1,10,0,1,16,0,1,0,1,0,0,8,1,1,0,0,3,0,6,1,0,0,0,2,0,1,1,1,5,0,0,1,0,0,3,2,4,0,1,0,4,0,0,0,9,0,0,0,1,0,0,2,0,0,0,0,0,1,0,0,0,1,0,1,0,5,0,2,0,0,0,2,8,5,6,2,3,0,0,1,3,0,3,0,0,0,0,0,0,2,0,14,5,1,2,3,7,1,4,1,1,1,0,1,1,0,0,0,0,1,1,0,1,0,0,0,0,0,0,1,0,0,1,0,0,0,0,0,0,0,1,0,0,0,0,0,0,0,0,0,0,0,2,1,0,3,0,1,0,0,1,3,1,3,1,6,1,0,2,0,0,0,2,0,1,0,0,0,1,1,0,0,2,0,0,0,3,1,0,0,0,1,0,0,0,8,0,0,3,1,0,0,2,0,0,2,1,0,0,1,1,0,1,0,1,3,0,1,0,0,0,0,0,0,0,0,0,0,0,2,0,0,0,0,0,1,0,2,3,2,1,0,0,0,0,0,3,0,0,0,1,0,1,0,0,0,1,0,0,0,0,0,0,2,4,0,0,1,1,1,0,2,0,1,0,1,0,0,0,0,0,0,1,1,0,0,2,0,1,0,0,0,0,0,0,0,0,0,1,2,8,3,1,1,2,0,0,0,0,0,0,0,0,1,0,0,1,3,0,0,0,1,0,0,0,1,0,0,0,0,0,1,1,0,0,1,0,0,1,1,0,0,0,0,0,0,0,1,0,0,0,0,0,0,0,0,0,2,0,0,6,0,0,0,0,0,0,0,0,0,0,0,0,0,0,0,2,0,0,0,0,2,0,0,0,0,2,0,0,0,0,1,2,1,0,0,0,0,0,0,0,1,3,0,0,0,0,0,0,0,0,0,0,0,0,0,0,0,0,0,0,0
lenin_chto_delat'.txt_chunk7,lenin,5,0,0,1,0,0,4,1,2,6,4,25,0,0,2,1,0,1,0,1,3,2,2,0,1,0,1,0,0,0,1,0,3,1,2,0,0,1,0,0,0,0,2,1,1,0,4,1,5,7,1,0,2,1,0,0,45,1,6,2,0,0,3,9,0,3,1,0,1,3,0,1,1,1,0,0,1,1,1,1,0,0,0,0,0,1,1,1,0,5,0,0,14,0,0,0,1,0,0,1,1,0,1,0,7,0,4,2,2,0,1,0,1,0,1,0,1,0,0,2,2,0,0,2,7,1,0,0,1,0,1,0,10,0,2,0,1,0,0,1,1,0,0,0,1,1,1,0,1,0,1,2,1,0,0,2,1,1,0,0,0,5,2,1,5,1,1,2,0,0,5,1,0,0,1,0,0,3,1,9,0,0,1,0,7,3,2,4,0,0,0,0,1,1,0,0,6,0,0,0,2,0,0,2,0,0,0,0,0,0,0,1,0,0,0,1,0,1,0,0,0,0,2,1,0,0,0,0,3,0,0,2,0,5,0,1,1,0,5,2,0,1,5,3,3,1,1,2,1,2,1,1,1,0,0,1,1,0,0,0,0,0,2,1,0,0,0,3,2,2,0,0,0,10,0,0,0,5,0,0,0,1,1,1,2,0,0,0,0,0,3,0,1,1,3,0,2,0,0,0,0,0,1,0,0,0,0,1,0,0,0,1,5,3,0,5,0,0,2,1,0,0,0,1,0,0,0,1,0,5,2,0,2,0,1,1,2,0,1,2,0,1,0,1,0,0,0,1,0,1,0,2,0,0,0,1,0,0,0,0,0,0,0,2,1,0,0,1,0,0,0,0,0,0,0,3,0,0,7,1,3,0,0,0,0,0,0,0,0,1,0,1,0,3,3,0,0,0,0,1,0,0,0,3,0,0,0,0,0,0,0,0,0,3,0,0,0,1,0,0,0,0,0,0,0,1,0,1,0,0,0,0,0,1,1,1,0,0,0,0,0,0,0,1,1,1,0,0,1,0,0,0,0,1,1,0,0,0,2,1,0,1,0,0,1,0,0,0,3,0,1,0,1,1,0,0,0,0,0,1,0,1,2,1,0,0,0,0,0,0,0,0,0,0,0,0,0,0,0,0
lenin_era_reform_I.txt_chunk1,lenin,7,0,0,0,3,4,3,0,0,1,6,22,0,1,5,0,0,0,0,0,0,0,3,6,1,0,0,0,0,2,0,1,0,1,0,0,0,4,0,0,0,2,0,1,0,0,0,0,3,3,1,0,0,0,0,1,40,0,4,6,0,0,8,8,0,10,0,5,1,0,0,0,2,0,1,0,4,1,1,3,0,0,0,0,6,5,0,0,0,18,0,0,19,0,2,1,0,2,2,2,1,0,0,2,3,0,6,3,2,0,1,0,1,0,0,0,2,2,0,3,0,0,2,0,6,0,0,0,3,0,2,0,7,0,1,0,1,0,0,1,2,0,0,0,0,0,0,0,0,0,1,1,1,0,0,2,0,3,0,1,0,1,2,0,5,3,0,0,0,1,1,0,0,1,1,0,0,1,0,4,6,1,2,1,5,1,1,2,1,0,0,2,1,2,0,1,1,1,0,1,2,1,0,1,0,3,0,0,3,0,0,2,1,0,0,0,0,0,0,7,0,0,1,0,3,0,0,0,0,3,1,1,0,1,0,0,0,0,9,1,0,2,0,0,0,0,0,1,1,0,0,1,0,0,0,0,0,1,0,0,0,0,0,0,1,0,0,1,5,1,0,1,0,0,0,1,0,3,4,0,0,0,1,0,0,0,0,0,1,1,4,0,0,0,0,0,0,0,0,0,0,0,1,0,0,0,0,2,2,0,0,0,11,0,0,1,1,0,0,1,0,1,1,1,0,0,0,0,0,1,2,0,0,0,0,0,0,0,1,0,0,1,0,0,0,0,0,1,0,0,0,0,0,0,1,0,0,0,1,2,1,2,1,0,0,0,0,0,0,0,0,0,0,1,0,2,0,1,2,0,1,3,0,0,0,1,0,0,1,0,0,0,0,0,0,2,1,0,1,0,0,0,0,1,1,0,0,0,0,0,1,0,1,0,0,0,0,0,0,0,0,0,0,1,0,2,0,0,0,0,0,0,0,0,1,0,0,0,0,0,0,0,0,1,0,0,1,0,1,1,0,1,1,0,0,0,0,0,0,0,0,0,0,0,0,0,0,0,0,1,0,0,0,1,0,1,0,0,0,0,0,0,0,1,2,0,0,0,0,0,0,0,0,0,0,0,0,0,0,0
lenin_k_der_bednote_cdprogramma.txt_chunk11,lenin,8,0,0,5,1,0,0,0,0,0,3,15,0,0,0,3,1,0,1,0,0,0,7,1,12,0,2,2,0,1,0,2,3,0,1,0,0,6,4,0,0,2,0,1,1,2,2,2,3,3,3,0,10,0,1,3,63,0,4,1,2,0,0,3,0,2,0,10,0,2,0,0,2,0,1,1,0,0,1,0,0,0,0,0,2,6,3,0,0,8,0,9,14,0,2,0,0,0,2,2,0,0,0,0,3,0,2,0,0,0,1,0,0,0,1,3,6,0,0,18,0,0,0,0,1,1,0,0,0,0,0,0,9,0,0,0,0,2,0,2,0,2,0,0,2,1,0,2,1,0,0,0,0,0,0,1,1,0,0,2,0,0,4,0,7,0,0,0,0,0,5,0,0,0,0,3,0,2,0,8,10,1,1,0,7,2,0,0,0,3,0,5,0,0,1,0,1,1,0,0,0,2,0,0,0,3,0,5,0,0,0,0,0,0,0,0,1,1,2,1,0,0,0,0,0,0,0,1,0,1,0,0,0,2,0,1,0,1,3,6,0,0,0,0,0,0,0,0,1,0,0,4,2,0,1,0,0,0,0,0,1,3,0,0,1,0,0,5,0,0,2,1,0,16,0,0,0,0,0,0,0,0,0,3,5,0,0,0,0,0,1,0,0,1,0,0,0,5,0,0,0,0,0,7,0,1,0,2,0,0,0,6,8,0,0,1,0,0,0,0,1,1,0,1,0,0,0,0,0,3,1,0,1,0,0,0,0,2,0,1,2,1,0,1,0,0,0,0,0,0,0,0,0,0,0,0,0,0,0,0,0,0,1,0,0,0,0,0,1,0,0,0,0,0,0,0,0,0,5,0,0,0,0,0,0,0,0,0,0,0,2,0,2,0,0,0,2,0,1,0,0,1,0,0,0,1,3,0,9,0,0,3,0,0,0,0,2,0,0,0,5,0,0,0,0,3,0,0,0,0,0,0,2,0,0,0,0,0,2,0,0,2,0,1,0,0,0,0,0,0,0,0,0,0,0,0,0,0,0,4,0,0,0,0,12,0,0,0,0,0,0,0,0,0,0,0,0,0,0,0,0,0,0,0,0,4,0,0,0,0,0,0,0,0,0,0,0,0,0,0
lenin_k_der_bednote_cdprogramma.txt_chunk19,lenin,5,0,0,4,5,5,1,0,4,4,2,15,0,0,1,0,0,0,0,0,0,0,7,2,5,0,0,1,0,0,0,0,0,0,2,0,0,7,0,0,0,1,1,1,3,0,0,0,6,9,1,0,8,0,0,0,66,0,1,3,1,3,3,5,0,13,0,2,0,0,0,0,1,0,1,0,0,0,0,2,0,0,0,0,1,4,5,0,0,5,0,1,20,0,1,0,0,0,1,2,0,0,1,0,8,0,1,0,0,0,2,0,0,1,0,0,5,0,0,2,0,0,1,0,1,0,0,0,1,0,0,0,8,0,0,1,0,0,0,0,0,2,0,1,1,0,1,2,2,0,0,0,1,0,0,5,0,0,1,1,0,3,0,0,1,0,0,0,0,0,4,0,0,0,1,0,0,1,0,8,4,1,2,0,2,2,0,2,0,0,0,3,0,0,0,0,4,0,1,0,0,0,0,0,0,2,0,2,0,0,1,0,0,0,0,0,1,1,0,3,0,0,1,2,0,1,4,0,0,0,0,0,0,1,0,0,0,1,1,5,1,0,0,0,0,1,0,0,1,0,0,0,1,0,2,0,0,0,0,0,0,0,0,2,9,0,0,3,4,0,1,1,1,6,1,0,0,0,0,0,1,8,4,2,4,0,0,0,0,2,2,0,0,0,0,0,0,8,0,2,0,0,0,5,0,0,0,1,0,0,0,1,2,0,0,0,0,0,1,0,0,0,0,2,1,0,0,0,0,1,2,0,8,0,0,0,0,0,0,3,2,0,0,0,1,0,0,0,0,0,0,0,0,0,0,0,0,0,0,0,0,1,2,0,0,0,0,0,0,0,0,0,1,1,0,1,0,0,5,0,0,0,0,0,0,0,1,0,0,0,0,0,0,0,2,0,1,1,0,0,0,1,0,1,0,4,0,2,1,0,0,0,0,4,0,0,1,0,0,0,2,1,0,1,4,0,0,0,0,0,0,0,1,1,0,2,0,0,1,0,1,1,0,2,0,0,1,1,0,0,0,0,0,0,0,0,0,0,0,3,0,0,0,0,4,0,0,0,0,0,0,0,0,0,0,0,0,0,0,0,0,0,0,0,0,2,0,0,0,0,0,0,0,0,0,0,0,0,0,0
lenin_k_der_bednote_cdprogramma.txt_chunk20,lenin,8,0,0,3,1,1,1,1,0,9,2,22,0,0,2,0,0,0,0,1,0,3,9,0,3,2,4,2,0,0,0,0,0,0,3,0,0,4,0,0,0,1,2,0,0,0,6,3,1,2,1,2,7,0,1,0,39,1,2,9,2,0,3,5,2,10,0,7,1,0,0,0,2,0,0,1,0,0,0,2,0,0,0,0,0,1,1,0,0,10,0,15,18,0,2,0,1,0,0,1,1,0,2,0,3,0,3,2,0,0,1,0,0,0,1,2,5,0,0,5,0,0,1,0,2,0,0,1,1,0,0,0,9,0,1,0,0,0,0,2,1,3,0,0,3,0,3,2,0,0,1,0,0,0,0,2,2,0,0,0,0,3,1,0,4,0,1,0,0,0,2,0,2,0,1,4,0,1,1,15,9,0,4,2,7,0,2,2,1,1,0,3,0,0,0,1,1,0,0,0,1,0,0,3,0,2,0,0,0,0,0,1,0,0,0,4,4,2,0,0,0,0,1,0,0,0,0,0,0,0,0,0,0,1,0,0,0,1,0,0,0,0,0,0,0,0,0,0,0,1,1,0,3,0,2,0,0,0,0,0,0,0,0,0,3,0,0,1,3,0,0,0,0,18,0,0,0,1,0,0,0,0,3,2,1,0,3,0,1,1,1,0,0,2,0,0,0,4,0,1,0,0,0,1,0,0,0,2,0,0,1,3,2,0,0,0,0,0,0,0,0,1,0,1,1,0,0,0,0,2,2,0,7,0,0,0,0,0,0,2,0,2,1,0,0,0,0,0,0,0,0,0,0,0,0,1,0,0,0,0,0,0,2,0,0,0,0,0,1,0,0,0,0,1,0,0,0,1,1,0,1,0,0,0,0,0,0,0,1,0,1,0,3,0,2,0,1,1,0,0,0,1,0,0,1,1,0,0,1,0,0,0,0,0,0,0,0,0,0,0,0,1,0,0,3,0,0,0,0,0,0,0,1,0,2,0,0,0,1,0,0,0,0,0,10,0,1,0,1,0,0,0,0,0,0,0,0,0,0,0,0,0,0,0,5,0,0,0,0,0,0,0,0,0,0,0,0,0,0,0,0,0,0,0,0,0,0,0,0,0,0,0,0,0,0,0,0,0,0,0
lenin_k_partii.txt_chunk1,lenin,2,0,1,1,0,0,1,1,0,0,0,30,2,0,2,1,0,0,0,0,0,0,9,1,2,1,0,1,6,0,0,0,0,0,0,0,0,0,1,1,0,1,2,3,5,2,0,0,3,2,4,1,4,0,0,0,45,0,6,3,0,0,3,11,0,3,0,1,0,1,1,0,4,0,1,0,0,1,0,1,0,0,0,0,0,3,0,0,0,5,0,0,15,3,1,0,0,0,1,1,0,1,1,0,3,0,4,0,1,0,1,1,0,1,4,3,0,1,0,3,1,1,0,0,5,1,0,0,0,0,1,0,15,0,0,0,0,1,0,2,0,2,0,1,1,0,0,0,1,0,0,0,1,0,0,1,0,0,1,2,2,1,0,0,6,1,0,0,1,0,1,0,0,0,0,1,0,1,0,1,2,2,0,1,2,0,2,1,0,3,0,1,2,0,0,0,7,0,0,0,0,0,0,0,0,1,1,0,0,0,0,1,0,3,1,3,1,0,2,0,0,1,0,0,0,0,0,0,0,1,2,0,0,3,0,2,1,0,6,1,0,0,0,0,2,2,3,0,1,1,1,0,0,1,1,1,0,1,0,0,22,2,1,0,6,1,1,1,0,0,1,0,2,4,1,4,2,1,0,0,0,2,2,1,6,0,0,0,0,0,1,0,0,0,0,3,0,0,0,0,0,0,2,0,0,0,0,0,0,0,0,2,0,0,1,0,0,0,0,1,0,1,1,2,0,2,0,0,0,0,3,1,0,1,0,2,0,0,1,1,0,0,0,2,0,0,0,0,0,0,0,1,1,0,0,0,0,0,0,1,0,0,1,0,0,0,0,0,0,1,0,1,3,0,0,0,0,0,3,0,0,1,0,2,0,0,0,0,0,0,0,0,1,1,0,0,0,0,1,0,0,2,0,0,1,0,0,1,0,0,0,0,0,0,0,4,2,0,0,0,0,0,2,0,0,0,0,0,0,0,0,0,0,0,0,0,0,0,0,0,0,1,0,0,1,0,0,0,0,0,0,0,0,0,0,0,0,0,0,0,0,0,0,0,0,0,0,0,0,0,0,1,1,0,0,0,2,0,0,0,0,1,0,0,0,0,2,0,0,0,0,0,0,0,0,0,0,0,0,0
lenin_k_partii.txt_chunk2,lenin,4,0,0,0,0,1,7,1,2,1,2,21,0,0,2,2,0,1,0,0,0,1,4,0,1,2,0,0,0,1,0,2,0,0,1,0,0,7,3,0,0,1,1,2,2,1,3,0,1,3,4,0,3,0,0,0,35,1,5,1,2,0,5,10,0,4,0,0,1,1,1,0,3,0,0,1,0,2,0,0,0,0,0,1,1,6,1,0,0,11,2,0,17,4,0,0,2,0,1,1,0,1,0,0,4,0,1,1,1,0,1,0,1,1,6,1,3,2,0,2,1,1,0,2,5,0,0,0,2,0,0,0,6,0,0,1,0,0,0,1,0,2,1,4,1,1,3,0,0,0,1,0,1,0,0,1,1,0,0,1,0,3,0,0,6,0,0,0,0,0,3,0,0,0,0,0,0,3,1,5,6,0,0,2,2,1,1,2,1,0,0,2,1,0,3,0,2,1,0,0,0,0,0,0,0,1,0,0,0,1,0,1,0,0,0,6,2,1,1,1,0,0,0,0,0,0,0,0,0,1,2,0,0,2,0,0,0,0,7,3,0,1,0,1,0,0,0,0,0,0,0,0,0,0,0,0,0,1,1,0,18,3,2,0,1,0,0,1,0,0,2,1,5,0,0,2,4,1,0,1,0,2,0,4,5,0,0,0,0,0,2,0,0,0,1,1,0,0,0,0,0,0,1,0,1,0,1,0,0,0,0,0,1,0,2,1,0,0,0,0,1,1,3,0,0,0,0,1,7,1,3,0,2,1,0,0,1,0,0,0,1,1,0,0,1,0,0,0,0,0,0,0,0,0,0,0,0,1,0,0,1,0,0,0,0,0,0,1,0,3,0,3,2,0,0,0,0,0,13,3,0,0,0,0,0,0,0,0,1,2,0,0,1,0,2,0,0,0,0,0,1,0,0,0,0,0,0,1,0,0,0,0,1,0,0,0,0,0,0,0,0,0,0,2,0,0,0,0,0,0,2,0,0,0,0,0,0,0,0,1,0,0,0,0,0,0,0,0,0,1,0,0,0,0,1,0,0,1,0,0,0,0,0,0,0,0,2,0,0,0,0,0,1,0,0,0,0,0,0,0,0,0,0,0,2,0,5,0,0,0,0,0,0,0,0,0,0,0,0,0
lenin_l_n_tolstoy.txt_chunk1,lenin,6,0,1,0,0,1,0,3,0,1,1,30,0,0,6,1,0,0,0,0,0,3,2,1,1,1,0,0,0,0,0,0,0,0,0,0,0,2,0,0,0,0,0,9,4,1,0,2,1,1,3,0,6,0,0,0,51,0,7,2,2,0,2,8,0,6,1,3,0,0,1,1,5,0,0,0,0,0,0,0,0,0,0,0,1,0,0,1,0,13,0,0,9,1,0,0,0,0,0,0,0,0,0,0,2,0,5,2,1,1,0,1,0,1,3,0,5,0,0,4,0,0,1,0,2,0,0,0,1,0,0,0,15,0,0,0,0,1,0,4,1,0,0,3,2,1,0,0,1,0,0,0,1,0,0,1,0,0,0,3,0,5,1,1,6,2,0,0,0,0,1,0,0,0,0,0,0,1,0,7,2,0,0,0,4,0,1,0,0,1,0,0,0,0,0,0,2,0,2,0,1,0,0,0,1,0,0,0,1,0,0,0,0,0,1,0,3,0,1,0,0,0,2,0,0,1,0,0,1,0,0,1,1,1,0,1,0,1,3,1,0,0,0,1,3,0,0,0,0,1,2,0,0,0,0,1,0,2,0,2,0,0,0,1,3,0,0,0,0,1,0,1,0,1,0,0,0,1,0,0,0,4,2,0,4,1,2,0,0,0,1,0,0,0,1,2,0,0,1,1,0,0,0,1,0,0,0,0,0,0,0,0,0,1,0,3,0,1,2,1,1,1,1,0,0,1,0,1,0,2,0,1,0,2,0,0,0,1,0,2,0,0,0,1,0,1,0,0,0,1,0,0,0,0,0,0,0,0,0,0,1,0,0,1,0,0,0,1,0,2,0,0,0,0,3,1,0,0,0,0,1,2,1,0,0,1,0,0,1,0,0,0,0,0,0,0,1,0,0,0,0,1,0,1,0,1,0,0,1,0,0,0,0,1,0,0,0,0,0,0,1,0,0,1,0,0,0,1,0,0,1,0,0,1,0,0,0,0,1,0,0,1,1,0,0,1,2,0,0,0,0,0,5,0,0,0,3,0,0,0,0,0,0,0,0,0,0,0,4,1,0,2,0,0,0,0,0,0,0,0,0,0,0,1,0,0,0,0,0,0,0,0,0,0,0,0,0,0,0,0
lenin_nacionalniy_vopros_I.txt_chunk2,lenin,7,0,0,0,3,0,5,4,1,2,1,24,0,0,1,0,5,0,1,2,1,3,2,0,0,0,1,1,0,0,0,0,1,0,1,0,0,2,3,0,0,1,0,2,5,0,3,1,3,2,0,0,5,0,0,2,26,1,1,3,0,0,0,5,0,6,1,3,0,1,0,0,0,2,1,0,1,4,0,1,0,0,0,0,0,0,0,1,0,11,0,0,21,0,3,0,0,3,0,0,0,0,0,0,6,0,1,0,3,0,0,0,2,0,2,1,1,0,0,5,0,0,0,0,4,3,0,0,3,0,0,0,13,0,1,0,0,1,0,1,0,1,1,0,1,1,0,2,1,0,0,0,1,0,1,7,0,2,0,1,0,1,6,0,3,1,1,0,0,0,1,0,0,1,0,0,0,2,0,10,7,5,2,0,4,3,0,1,0,0,0,2,0,0,0,0,4,0,1,1,2,0,0,0,0,0,0,0,1,0,0,2,0,0,0,1,0,0,2,0,2,0,0,0,1,1,0,0,0,0,2,1,0,1,0,0,3,0,3,3,1,2,1,0,3,0,0,0,2,1,1,0,0,2,0,0,0,1,0,0,1,1,1,1,3,0,0,1,1,0,0,0,2,5,1,0,0,2,1,1,1,0,1,0,4,0,1,0,1,1,3,0,4,2,0,2,0,0,0,0,0,0,0,0,0,0,0,0,0,0,1,2,1,1,0,3,1,0,0,3,0,0,0,3,0,0,0,0,0,0,4,0,5,2,0,0,0,0,1,0,2,0,0,4,0,0,0,0,0,0,2,0,0,0,1,0,0,0,0,0,0,1,0,0,0,0,0,0,0,2,1,1,0,1,1,1,0,0,6,0,0,1,0,0,0,0,0,0,1,0,0,0,0,0,1,0,1,0,2,1,0,0,0,1,0,0,0,0,0,0,1,2,0,6,1,0,0,0,0,0,2,0,0,3,0,0,0,1,0,0,0,1,0,4,1,0,0,0,0,2,0,1,1,0,2,0,0,0,0,1,1,0,2,0,0,0,1,0,1,2,0,1,0,1,0,0,0,0,0,0,0,0,1,2,0,0,1,0,0,0,0,0,1,6,0,2,0,2,0,0,0,0,0,0,0,0,0,0,0,0
lenin_ne_potuhla_iskra.txt_chunk1,lenin,7,4,0,0,0,0,7,1,2,7,3,61,0,0,0,1,0,2,0,2,0,0,2,1,0,1,0,0,0,0,0,0,0,0,2,0,0,4,0,1,0,0,0,6,2,1,0,0,2,1,0,0,2,0,0,0,48,1,3,2,0,0,0,6,0,3,0,5,3,0,0,0,0,0,0,0,0,0,1,5,3,0,2,0,0,0,1,1,0,10,1,2,35,2,0,3,0,0,0,2,0,0,2,1,1,0,4,3,0,0,2,1,0,0,15,1,1,0,0,2,1,0,3,0,6,0,0,0,3,1,1,0,9,0,2,0,0,0,0,2,0,0,0,0,0,0,4,1,0,0,0,0,1,0,0,3,0,0,1,1,0,6,1,0,3,1,1,0,0,0,4,0,0,0,0,0,0,0,0,23,0,2,0,1,9,2,1,2,1,2,9,2,0,0,1,1,4,0,0,0,2,0,0,1,1,0,0,0,0,0,0,0,0,0,0,2,0,1,0,0,0,1,0,0,0,0,1,0,0,0,0,0,0,1,0,1,0,0,1,0,23,0,0,0,0,0,0,0,0,0,1,0,0,0,0,0,0,0,1,0,2,1,0,0,5,0,0,0,0,0,0,0,0,1,0,0,2,3,0,2,0,0,0,0,0,0,1,0,1,1,0,0,1,0,0,1,0,0,0,0,0,0,0,0,0,0,0,0,0,0,0,0,0,0,1,1,1,0,1,0,0,0,0,1,0,0,0,0,1,0,0,0,1,1,2,0,5,1,4,1,0,2,1,2,0,0,0,0,1,2,0,7,0,0,0,0,1,0,0,0,0,1,0,2,0,0,1,0,1,0,0,0,0,0,0,1,0,1,7,4,1,3,0,2,0,0,0,0,1,0,0,1,0,1,0,2,1,0,0,0,0,0,1,0,0,0,0,1,0,0,0,0,0,0,1,0,1,0,0,0,0,0,0,0,0,0,0,0,0,0,0,0,0,0,2,0,0,0,0,0,0,3,0,0,0,0,0,0,0,0,0,0,0,0,0,0,0,0,0,0,0,0,3,0,0,0,1,0,0,2,2,0,0,0,0,1,0,0,0,0,0,1,0,0,0,0,0,0,1,0,0,0,0,0,0,0,0,0,0,0
lenin_ne_potuhla_iskra.txt_chunk2,lenin,9,4,0,0,3,1,0,0,1,4,2,51,0,0,0,1,0,0,1,1,2,1,7,3,0,1,0,0,1,2,0,0,0,0,3,0,0,3,0,0,0,1,0,3,0,2,1,0,5,4,0,0,1,1,0,1,46,0,1,2,0,2,2,5,0,9,0,3,0,0,0,0,1,0,0,0,0,0,0,1,2,0,3,0,0,1,0,0,0,16,0,1,24,0,0,0,0,0,0,0,0,1,0,0,7,0,4,1,1,0,1,0,0,0,11,0,3,0,0,3,1,1,4,0,4,1,0,0,0,1,1,0,10,1,0,0,0,0,1,0,0,0,2,1,1,1,0,0,2,1,0,0,1,0,0,7,0,0,2,0,0,10,0,0,5,0,3,0,0,0,4,0,0,3,0,0,0,3,1,25,0,1,2,1,15,2,1,0,0,0,15,0,0,1,0,0,0,0,0,0,0,0,0,1,0,0,0,0,1,0,0,0,0,0,0,1,2,1,0,0,0,2,1,0,0,1,1,0,0,0,0,0,0,5,0,2,0,2,1,2,28,0,0,0,0,1,0,1,0,0,1,0,0,0,0,0,3,0,1,0,0,0,0,2,4,0,0,0,0,0,1,0,0,0,0,0,1,0,0,0,0,0,0,0,0,0,3,0,0,0,0,0,0,0,0,1,0,0,0,2,0,0,0,0,1,0,0,1,0,0,0,0,0,0,0,1,0,0,0,0,0,0,0,2,0,0,2,0,0,2,0,1,3,0,0,0,0,0,0,0,0,0,1,0,0,0,0,0,0,0,0,5,0,0,0,0,0,0,1,0,0,1,0,0,0,2,0,0,1,0,0,0,0,0,0,1,0,0,24,8,0,1,0,0,0,0,0,1,1,0,0,0,0,0,0,0,0,0,0,0,0,1,0,0,0,0,0,0,0,0,0,0,1,0,0,0,0,0,0,0,0,0,0,0,0,0,0,0,0,0,0,3,0,0,1,0,0,0,0,1,0,1,0,0,0,0,0,0,0,0,0,0,0,0,0,0,0,0,0,0,0,0,0,0,0,0,0,0,0,0,1,0,0,0,0,1,0,0,0,0,0,0,0,0,0,0,0,0,3,0,0,0,0,0,0,0,0,0,0,0
lenin_ne_potuhla_iskra.txt_chunk4,lenin,4,5,0,1,1,1,0,2,0,4,4,23,0,0,1,0,0,0,0,3,2,1,7,0,1,0,0,0,0,3,3,0,0,2,4,0,0,0,1,0,0,0,0,7,0,2,4,1,1,7,0,0,6,1,1,0,39,0,1,1,0,0,1,5,0,5,0,4,2,0,0,0,0,2,0,0,0,0,1,0,1,0,3,0,0,3,1,0,1,9,0,1,29,1,3,1,0,0,2,3,0,0,0,1,7,0,7,1,0,0,0,0,1,0,10,3,1,0,0,5,0,1,2,1,1,1,0,0,1,0,0,0,11,0,0,0,1,0,0,0,0,0,0,0,0,2,2,0,3,0,0,1,1,0,0,8,0,1,0,0,0,5,3,0,2,4,0,0,0,5,6,0,1,0,0,0,4,1,1,38,1,0,1,1,9,2,1,2,0,1,17,0,0,3,0,0,7,1,2,0,2,0,0,0,0,4,0,0,0,0,0,0,0,0,0,1,0,0,0,0,0,0,0,1,0,0,2,0,4,3,1,0,0,5,0,0,0,0,0,0,0,0,0,0,0,1,0,0,0,0,0,0,0,0,0,0,0,0,0,0,0,0,1,3,0,0,0,0,0,0,2,0,0,0,0,0,0,0,0,0,0,0,0,0,0,0,1,1,0,0,3,0,0,0,0,0,0,0,0,0,0,0,0,0,0,0,0,0,0,0,0,0,0,0,0,0,0,0,0,0,0,0,0,1,0,1,0,0,0,3,3,0,0,0,0,0,2,0,1,0,0,1,0,1,0,0,0,0,2,1,0,6,0,0,2,0,1,0,0,1,1,0,1,0,0,0,0,0,3,1,1,0,0,1,0,0,3,0,20,5,0,2,0,1,0,0,0,0,0,0,0,0,0,1,4,1,0,0,0,0,0,0,0,0,1,0,1,0,0,0,0,2,0,0,0,0,1,0,0,0,0,0,0,0,0,0,0,0,0,0,0,0,0,0,1,0,0,0,0,0,0,0,0,0,0,0,0,0,0,0,0,0,0,0,0,0,0,0,0,0,0,0,0,0,0,0,1,0,0,1,0,0,0,0,0,1,0,0,1,0,0,0,0,0,0,0,0,0,0,0,0,0,0,0,0,0,0,0,0,0
lenin_nuzhna_li_partiya_I.txt_chunk1,lenin,5,0,0,0,0,1,6,1,0,1,1,27,0,0,0,0,0,1,1,3,1,0,2,0,0,1,1,0,2,1,0,0,0,1,0,0,0,2,0,1,0,0,0,3,3,1,3,1,5,4,0,0,3,0,0,1,37,0,5,3,0,0,6,10,0,3,0,2,0,1,0,0,1,0,0,0,0,1,0,1,0,0,0,1,1,0,2,1,1,11,1,0,21,1,0,0,0,1,1,1,1,0,0,0,3,0,8,2,0,0,0,0,0,1,2,2,3,6,1,2,0,2,0,0,4,1,0,1,2,0,2,0,12,0,0,1,1,1,1,1,0,1,0,0,0,0,1,1,0,1,0,0,2,0,0,2,0,0,0,1,0,5,0,2,3,0,0,0,0,1,0,0,0,0,0,2,0,2,0,14,0,1,3,3,8,2,2,2,0,2,0,2,0,0,0,0,4,0,0,0,3,0,0,0,0,3,0,0,3,0,0,0,2,0,0,0,0,3,0,1,0,0,0,0,0,0,1,0,0,1,0,1,0,3,1,2,1,0,0,1,2,0,3,1,0,0,1,0,0,0,1,0,0,0,0,0,0,0,0,0,12,2,2,0,2,0,0,1,1,1,0,0,2,10,1,4,1,1,1,0,2,0,0,0,2,0,0,0,0,1,4,1,7,1,0,0,0,0,0,0,0,0,0,0,0,3,0,0,0,0,8,0,7,0,0,2,2,0,0,0,0,0,0,3,2,0,0,1,1,1,2,0,1,0,0,0,2,0,2,0,0,0,2,3,0,0,0,0,0,1,1,1,0,1,0,0,1,0,0,0,0,2,0,0,0,0,0,0,0,0,0,0,0,0,0,1,0,0,9,0,1,0,0,0,0,0,0,0,1,0,0,0,0,0,1,2,0,1,0,0,0,0,0,0,0,0,0,1,0,0,0,0,0,2,0,0,3,0,0,0,0,0,1,0,0,5,0,0,0,0,0,0,1,1,0,0,0,0,0,0,0,1,0,0,0,0,0,4,0,1,0,0,0,0,0,0,0,0,0,0,0,0,0,0,0,0,0,0,0,0,1,0,1,1,0,1,0,12,0,0,0,0,0,2,1,0,1,0,1,0,0,0,0,0,0,0,0,0,0,0
lenin_ob_obstoyatelstvah.txt_chunk1,lenin,4,0,0,0,0,0,8,2,1,2,4,27,0,0,1,0,1,1,0,0,2,0,2,1,0,0,0,0,0,0,1,0,0,1,1,0,0,4,0,0,0,1,0,1,2,0,6,1,4,3,0,0,4,0,0,2,28,0,6,3,2,1,4,9,0,3,0,3,0,0,1,2,0,0,0,0,0,2,0,1,0,0,3,0,0,6,0,0,2,14,0,2,24,0,0,0,1,0,0,5,0,3,0,0,4,0,8,4,1,0,0,0,1,0,5,0,0,0,0,3,0,0,0,1,4,0,0,0,2,0,2,0,14,0,0,1,1,0,0,1,0,0,0,0,0,1,2,1,0,0,0,2,0,1,1,7,0,1,0,1,0,6,2,0,1,2,1,1,0,0,1,0,0,0,1,0,0,1,0,24,3,0,1,0,6,2,0,3,2,0,27,1,0,0,0,3,1,0,0,0,3,0,0,0,2,1,0,0,0,1,0,0,0,0,0,0,1,0,0,0,0,0,0,0,1,0,0,0,0,0,0,0,0,2,0,2,0,1,1,0,3,0,0,0,0,1,3,1,0,0,0,1,0,0,0,0,0,0,0,0,3,0,0,2,0,0,0,0,0,0,0,0,0,0,0,2,1,1,1,0,0,0,1,0,0,0,1,0,1,0,3,1,0,0,0,0,0,0,0,1,1,3,0,0,0,0,0,0,0,0,0,0,0,0,2,0,0,0,0,0,0,1,0,2,0,0,0,0,0,1,2,0,2,0,0,1,2,0,1,0,0,0,0,1,0,4,2,0,0,0,0,0,0,2,0,0,0,1,0,1,0,0,0,0,1,2,0,0,1,0,0,0,0,2,0,0,3,0,1,1,0,2,0,0,0,0,0,0,3,0,0,0,2,0,1,1,0,1,0,0,0,0,0,0,0,0,0,0,0,0,1,0,0,0,0,0,1,1,0,0,0,0,0,1,0,0,0,0,0,0,0,0,0,0,1,0,0,0,1,0,0,0,0,0,0,0,0,0,0,0,0,1,0,0,0,0,0,3,0,0,0,0,0,0,0,1,0,0,0,0,1,0,0,0,1,2,0,0,1,0,0,2,0,0,0,0,4,0,4,1,15,0,0,0,0,0,0,0,0,0
lenin_ob_obstoyatelstvah.txt_chunk2,lenin,5.172413793103448,0,0,0,1.7241379310344827,0,1.7241379310344827,1.7241379310344827,0,0,1.7241379310344827,15.517241379310345,0,0,3.4482758620689653,0,0,1.7241379310344827,1.7241379310344827,1.7241379310344827,0,0,0,0,0,1.7241379310344827,3.4482758620689653,0,3.4482758620689653,0,0,0,1.7241379310344827,1.7241379310344827,0,0,0,3.4482758620689653,0,0,0,0,0,1.7241379310344827,0,3.4482758620689653,3.4482758620689653,0,3.4482758620689653,1.7241379310344827,0,0,8.620689655172413,0,0,0,39.6551724137931,0,1.7241379310344827,0,0,0,1.7241379310344827,10.344827586206897,0,1.7241379310344827,0,0,0,0,0,0,0,0,0,5.172413793103448,0,5.172413793103448,0,0,5.172413793103448,0,3.4482758620689653,1.7241379310344827,0,0,0,0,3.4482758620689653,25.862068965517242,0,5.172413793103448,24.137931034482758,0,0,0,0,0,0,1.7241379310344827,0,0,0,0,1.7241379310344827,0,10.344827586206897,5.172413793103448,0,0,0,0,1.7241379310344827,0,1.7241379310344827,0,1.7241379310344827,0,0,3.4482758620689653,0,0,1.7241379310344827,3.4482758620689653,0,0,0,0,5.172413793103448,0,1.7241379310344827,0,8.620689655172413,0,0,3.4482758620689653,0,0,0,0,0,0,0,1.7241379310344827,0,1.7241379310344827,1.7241379310344827,0,0,0,0,1.7241379310344827,0,1.7241379310344827,0,10.344827586206897,1.7241379310344827,0,0,0,0,5.172413793103448,5.172413793103448,0,3.4482758620689653,0,0,0,0,0,3.4482758620689653,0,0,0,0,0,0,5.172413793103448,0,18.96551724137931,1.7241379310344827,0,0,0,13.793103448275861,1.7241379310344827,0,0,0,0,3.4482758620689653,0,0,3.4482758620689653,0,0,5.172413793103448,0,0,0,8.620689655172413,0,0,0,0,6.896551724137931,0,0,0,0,0,0,0,0,0,0,0,0,0,1.7241379310344827,0,0,0,0,0,0,0,0,0,0,0,0,0,1.7241379310344827,0,0,1.7241379310344827,0,0,0,0,0,0,0,0,0,1.7241379310344827,0,0,0,0,0,0,0,0,0,0,0,1.7241379310344827,0,1.7241379310344827,1.7241379310344827,0,1.7241379310344827,10.344827586206897,0,0,0,0,0,0,1.7241379310344827,0,1.7241379310344827,0,0,3.4482758620689653,0,0,0,0,1.7241379310344827,0,1.7241379310344827,0,0,1.7241379310344827,0,0,0,1.7241379310344827,1.7241379310344827,0,0,0,0,0,0,0,0,0,0,0,0,0,0,0,0,0,0,0,0,0,0,1.7241379310344827,0,0,0,0,0,0,0,0,0,0,0,0,0,0,0,5.172413793103448,0,0,0,0,0,1.7241379310344827,0,0,0,0,0,1.7241379310344827,1.7241379310344827,0,3.4482758620689653,0,0,0,1.7241379310344827,0,0,0,0,0,0,0,1.7241379310344827,0,0,0,0,0,0,0,0,0,0,0,0,1.7241379310344827,0,0,0,0,1.7241379310344827,0,0,0,0,0,0,0,0,0,1.7241379310344827,0,0,1.7241379310344827,0,0,0,0,0,0,0,0,0,0,0,0,0,0,0,0,0,0,0,0,0,1.7241379310344827,3.4482758620689653,1.7241379310344827,0,0,0,0,0,0,0,0,0,0,0,0,0,0,0,0,0,0,0,0,0,0,0,1.7241379310344827,0,0,0,0,0,0,0,0,0,0,0,0,0,0,1.7241379310344827,0,0,0,0,0,0,0,0,0,0,0,0,0,0,0,0,0,0,0,0,0,0,0,0,0,0,0,0,0,0,0,0,3.4482758620689653,0,0,0,1.7241379310344827,1.7241379310344827,6.896551724137931,0,0,0,0,0,0,0,0,0
lenin_otvet_na_kritiku.txt_chunk4,lenin,7,0,0,0,1,0,19,1,1,4,0,26,0,0,3,3,2,2,0,0,1,1,3,0,3,0,0,0,0,0,0,1,0,0,1,0,0,1,0,0,0,3,2,1,0,0,9,0,3,3,0,0,2,1,0,0,36,0,8,4,1,0,0,5,0,2,1,1,0,0,0,1,0,0,2,0,0,1,0,2,0,0,0,0,1,1,1,0,0,12,0,0,24,1,0,0,0,0,1,2,1,0,0,1,4,2,5,2,0,0,1,0,0,1,1,0,0,0,0,3,0,0,0,1,7,0,0,0,2,0,1,0,7,0,0,1,0,0,0,0,1,0,0,1,3,2,2,0,0,0,0,0,0,0,0,1,0,0,0,6,0,8,1,1,5,2,0,0,0,1,4,0,0,0,0,0,0,1,0,6,1,0,1,1,5,2,4,0,0,0,0,3,0,0,0,1,1,0,1,0,3,0,0,3,0,0,0,0,2,0,0,0,0,0,0,4,0,1,1,0,0,0,0,0,1,1,1,0,1,0,0,0,0,3,0,0,0,0,2,1,3,0,0,1,0,1,0,0,0,0,3,0,0,0,2,0,3,0,0,0,2,0,0,0,3,0,0,0,0,0,4,0,0,3,0,2,0,4,2,0,0,0,0,0,1,0,1,1,0,1,1,0,2,0,0,2,0,7,3,0,0,0,0,0,0,0,0,0,1,0,0,0,2,2,0,2,0,0,0,0,0,0,0,0,0,0,0,0,0,2,1,0,2,2,0,0,1,0,2,2,0,1,0,2,1,0,0,0,0,0,0,1,0,0,1,0,1,0,0,0,1,0,1,0,0,0,1,0,2,0,0,2,1,1,0,3,0,0,15,0,3,4,0,0,1,1,0,1,0,1,0,0,1,0,1,1,0,2,0,0,0,0,0,0,0,9,0,0,0,0,0,0,0,1,0,1,0,0,0,1,2,0,0,0,1,0,0,0,0,0,0,0,0,0,0,0,1,0,0,0,0,1,1,0,2,0,0,0,1,1,0,2,0,0,0,0,0,0,1,0,0,0,0,0,0,0,0,0,0,0,0,0,0,0,0,0,0,0,0,0,0,0,0,0,0,0,0,0,0,0,2,0,0,0,0,0,0,0,0,0
lenin_partiynaya_organizaciya_i_literatura.txt_chunk1,lenin,3,0,0,0,0,0,4,3,2,0,7,23,0,0,5,2,0,0,1,0,0,1,8,0,3,2,2,0,0,1,1,0,0,1,6,0,0,6,2,3,4,2,0,1,4,2,2,1,4,4,0,1,5,0,0,0,42,1,2,7,0,1,0,1,2,4,0,1,0,0,1,0,3,0,0,2,0,2,1,3,0,0,1,0,0,5,0,3,0,5,2,0,20,0,0,0,1,0,4,1,2,0,0,1,8,0,5,0,1,0,0,0,1,0,1,0,0,1,1,7,0,0,0,0,3,1,0,0,1,1,0,0,8,0,0,0,0,0,0,0,0,1,0,0,0,0,1,0,0,1,0,0,0,0,0,1,3,1,0,0,0,7,3,1,3,4,0,0,0,0,1,1,0,0,0,0,0,1,0,7,4,0,1,0,8,0,3,1,0,2,1,2,0,1,0,0,2,0,0,0,0,0,0,1,0,0,0,0,2,0,0,0,0,0,0,2,1,0,0,2,0,0,0,0,0,0,0,0,0,1,0,1,0,1,0,1,0,1,1,1,1,2,1,1,2,1,0,0,0,1,1,2,1,0,0,0,0,1,0,0,6,3,0,1,0,0,0,1,1,0,0,0,0,8,0,0,0,2,0,0,0,0,0,1,0,0,0,0,1,3,2,0,5,0,1,0,0,0,0,0,0,0,0,0,0,0,0,0,0,0,1,0,1,0,0,5,0,0,0,0,0,0,0,0,0,0,0,0,0,0,1,0,0,0,0,2,1,2,1,2,0,0,0,0,0,0,0,0,0,0,2,0,0,1,0,2,0,0,0,0,2,0,0,0,9,0,0,0,0,0,0,0,3,0,1,2,3,0,6,1,0,0,0,1,0,1,0,0,0,3,0,0,0,1,0,3,1,0,0,0,0,0,0,0,0,0,0,1,0,0,0,1,1,4,0,1,0,0,0,0,1,0,1,0,2,0,3,0,0,0,0,0,0,0,1,7,0,0,3,1,1,0,0,1,0,2,0,0,0,0,0,1,2,0,0,1,2,1,0,3,0,0,0,0,0,0,0,0,0,1,0,0,0,0,0,0,0,0,0,0,0,0,0,5,1,0,0,0,0,0,0,1,0,0,0,0,0,0,0,0
lenin_pismo_v_iskru_I.txt_chunk1,lenin,3,0,0,1,3,1,5,0,0,1,3,22,0,0,2,1,0,0,1,1,1,0,4,3,3,0,1,1,1,2,0,0,0,2,1,0,0,10,0,0,1,3,0,1,0,0,1,0,0,0,1,0,4,0,1,1,45,0,5,10,1,0,6,17,0,2,0,4,0,0,0,0,6,0,2,0,0,0,0,0,0,0,1,0,1,1,2,0,0,15,0,1,21,1,0,0,4,0,0,1,1,0,1,1,6,0,3,0,0,0,1,0,0,0,2,5,3,0,1,14,0,0,0,3,10,0,0,0,0,0,1,1,10,0,0,1,2,0,3,2,0,1,2,1,0,1,0,0,0,0,0,1,1,0,0,2,0,0,0,2,0,4,7,0,8,0,1,0,0,0,1,0,0,0,0,4,0,1,0,7,16,0,2,4,4,2,0,0,0,0,2,2,0,0,3,1,3,0,1,1,7,0,0,0,0,2,0,0,0,2,0,0,0,0,0,0,1,0,1,0,0,0,0,1,0,0,0,0,2,0,1,3,0,2,0,1,0,0,3,3,0,1,0,2,0,0,2,1,0,0,0,0,1,0,1,3,1,1,1,0,9,3,0,0,0,0,0,0,3,0,0,1,0,2,0,2,0,1,0,0,0,0,2,0,0,0,0,1,0,2,3,0,0,1,0,1,0,0,0,0,0,0,0,0,0,0,0,2,0,0,0,0,0,0,1,0,0,1,0,0,0,1,0,1,0,0,2,0,0,2,0,0,0,1,0,0,0,2,2,4,1,0,0,0,0,0,0,0,0,3,0,0,0,0,0,0,0,1,0,3,1,2,0,0,1,0,0,0,0,0,0,0,0,1,0,1,0,0,7,5,0,0,0,0,0,0,2,0,0,0,0,0,0,0,1,0,0,0,0,0,0,0,0,0,1,0,0,0,0,0,1,0,0,0,1,0,0,0,0,0,0,0,0,0,0,1,0,0,0,1,0,0,0,0,0,0,0,0,1,0,0,0,0,0,0,0,5,1,0,1,0,0,0,0,0,0,0,0,0,0,0,0,0,0,0,1,2,0,2,0,0,0,2,0,0,1,0,0,0,0,0,0,0,0,1,0,0,0,0,0,0,0,0,0,0,0,0,0,0,0
lenin_rasskaz_o_II_cyezde.txt_chunk3,lenin,4,0,1,1,0,1,2,3,5,1,1,25,0,0,3,0,0,1,1,0,2,2,4,1,0,0,0,0,1,0,0,0,0,1,3,0,0,5,0,0,0,0,0,2,2,0,0,1,4,4,0,0,14,1,0,0,51,0,9,4,1,0,3,3,0,3,0,3,1,0,0,0,1,0,0,0,0,2,0,2,0,0,0,0,1,0,0,0,0,11,0,0,15,0,0,0,1,1,0,0,0,1,1,0,1,0,4,0,0,0,6,0,0,2,0,0,1,8,0,3,0,0,3,0,12,2,0,0,0,0,5,0,3,0,0,0,0,0,0,0,0,0,0,1,0,0,1,0,1,0,0,0,0,0,0,4,0,0,0,2,0,1,1,1,2,1,0,0,0,1,1,0,0,0,0,0,0,0,0,16,3,0,1,1,6,2,0,1,0,0,2,2,2,0,0,0,1,0,0,0,1,1,0,0,0,1,0,0,1,0,0,0,0,1,0,0,0,0,1,0,0,0,0,0,0,0,0,0,0,0,0,0,0,4,0,1,0,0,0,2,0,2,0,0,0,2,8,0,0,0,1,0,0,0,1,0,0,0,0,0,10,0,0,5,7,0,0,1,0,0,0,1,0,1,0,2,5,4,0,0,0,1,0,0,0,0,0,1,0,0,3,1,1,0,0,0,0,0,0,1,6,1,1,0,0,2,0,0,0,0,1,0,0,0,4,0,0,0,0,0,0,0,0,0,0,1,0,0,2,2,0,0,1,0,1,2,4,0,0,0,1,0,0,0,0,0,0,0,0,0,1,12,0,0,1,0,0,0,0,1,1,0,0,1,1,0,0,0,1,0,0,0,0,0,0,1,0,0,3,0,2,3,0,0,0,0,0,0,0,0,3,0,2,0,0,1,0,2,0,0,1,1,0,0,0,0,0,1,0,0,0,0,1,0,1,1,0,0,0,0,0,0,0,0,0,0,0,0,0,0,0,0,0,0,0,0,0,0,0,0,0,0,0,0,0,0,0,1,0,0,0,1,0,0,0,0,0,0,0,0,0,0,0,0,0,0,0,0,0,0,0,0,0,0,0,0,0,1,0,0,0,1,0,0,0,0,4,0,4,0,0,0,0,0,0,0,0,0,0,0
lenin_rasskaz_o_II_cyezde.txt_chunk4,lenin,3,0,0,1,1,0,3,3,0,9,2,25,0,0,1,4,3,1,0,0,0,1,1,1,2,4,0,0,0,0,0,0,0,0,1,0,0,3,0,0,1,0,0,3,1,1,1,0,2,1,0,0,6,3,0,1,41,0,6,2,0,0,5,8,0,6,0,4,0,0,0,0,0,0,0,0,0,1,0,0,0,0,0,0,1,0,0,0,0,16,0,1,14,0,0,0,0,0,1,3,0,1,2,1,5,0,7,9,0,0,7,1,1,0,0,1,1,0,0,4,0,0,0,1,2,0,0,0,2,0,1,0,4,0,0,0,0,0,0,0,0,0,0,1,0,2,1,0,0,0,1,0,0,0,0,0,1,0,0,0,0,2,2,0,3,0,0,0,0,0,2,1,0,0,0,0,0,0,0,11,2,0,1,2,4,2,0,2,0,1,5,1,2,0,1,0,6,1,0,0,0,0,0,0,0,0,3,1,0,0,0,1,0,1,0,2,0,0,0,0,0,0,0,0,0,0,0,0,1,0,0,0,0,2,0,0,0,2,0,3,1,0,0,0,1,1,3,1,0,0,0,2,0,0,0,0,0,0,0,1,7,0,0,9,4,0,0,1,0,0,0,0,0,1,1,0,12,0,0,0,0,0,0,0,1,0,1,1,0,0,3,0,0,0,0,0,0,0,0,0,7,0,1,0,1,0,0,0,0,0,0,0,0,1,10,0,0,0,1,0,0,0,0,2,0,1,0,0,8,1,1,0,4,1,0,0,10,2,0,0,1,0,0,0,1,0,0,1,1,1,0,1,0,0,1,1,0,0,0,1,0,0,0,0,2,1,0,0,1,0,0,0,1,0,0,2,0,0,0,0,0,3,0,0,0,0,0,0,0,1,0,0,1,0,0,3,0,0,0,0,1,0,0,1,1,0,0,0,0,0,0,0,0,1,0,0,1,0,0,0,0,0,0,0,0,0,0,0,0,0,0,0,0,0,0,0,1,3,0,0,0,2,0,0,0,0,0,0,1,0,0,0,0,0,0,0,0,1,0,0,1,0,0,0,0,0,0,0,0,0,0,0,0,0,0,0,0,3,1,0,0,0,0,0,0,0,4,0,5,2,0,0,1,0,0,0,0,0,0,0
lenin_s_chego_nachat'_I.txt_chunk2,lenin,4,0,0,0,4,0,3,0,0,0,5,25,1,0,1,0,2,0,0,0,1,2,3,0,3,0,1,1,1,0,1,0,0,0,1,0,0,5,0,3,0,4,2,1,3,0,1,2,0,0,0,0,1,0,0,0,49,0,0,2,1,0,5,9,0,1,1,2,0,2,3,1,1,0,1,0,0,0,0,1,0,0,0,0,0,2,3,0,1,13,0,1,12,2,0,0,0,0,2,0,1,0,0,0,6,0,1,1,0,0,0,0,0,1,2,0,2,4,2,6,2,0,0,1,3,0,0,0,7,2,0,1,12,1,0,0,0,0,0,2,0,1,0,1,2,1,0,0,1,1,1,1,0,0,1,2,1,0,1,2,0,1,4,3,6,1,0,0,0,0,2,0,0,0,0,0,0,0,1,6,8,2,1,0,2,3,1,1,0,1,0,3,1,0,0,0,0,4,1,0,5,0,0,1,0,2,0,0,1,1,0,0,3,0,1,0,0,0,0,0,0,0,0,0,0,0,0,0,0,0,0,1,0,3,1,0,0,0,4,2,0,0,5,0,1,1,0,0,1,1,0,0,1,0,2,0,2,1,0,1,2,0,0,0,2,2,0,1,0,0,0,1,1,3,0,4,0,0,0,0,0,0,1,1,0,0,0,0,0,0,0,0,0,1,0,0,0,1,0,0,0,0,3,1,1,0,0,1,0,0,0,1,1,1,0,0,0,1,0,0,1,0,3,2,0,0,0,0,0,4,4,0,1,0,2,1,0,0,1,0,0,0,0,0,0,0,0,0,0,1,0,0,0,0,1,0,0,0,0,0,1,0,0,0,0,0,0,2,0,1,0,0,2,0,0,0,0,0,13,2,0,0,0,1,0,0,0,0,1,0,0,0,1,1,4,1,0,0,0,0,0,0,0,0,0,0,0,2,1,1,2,1,1,3,0,0,1,1,0,0,0,0,0,0,3,0,0,0,0,0,3,0,1,4,0,0,1,0,0,0,0,0,0,1,0,0,0,0,2,4,0,0,0,0,0,0,0,0,1,0,0,0,0,0,0,0,0,0,0,0,0,0,0,0,0,0,2,0,0,0,0,0,0,1,0,0,0,0,0,0,0,0,0,0,0,0,0,0,0,0
lenin_shag_vpered_2nazad.txt_chunk19,lenin,4,0,0,0,1,1,10,0,1,1,3,38,0,0,0,1,0,0,0,2,4,0,0,0,0,0,0,1,0,2,2,0,1,2,2,0,0,3,1,1,0,5,0,1,6,0,3,1,1,2,2,5,1,0,0,2,42,0,7,2,1,0,5,6,1,5,0,1,2,2,0,1,3,1,0,0,0,1,0,2,1,0,0,0,3,0,2,1,0,8,2,0,22,0,2,0,1,0,3,1,1,0,0,0,6,1,4,3,1,1,1,2,0,1,3,3,3,19,1,3,1,0,5,0,1,0,0,0,0,0,0,0,5,0,0,0,0,3,1,2,0,0,2,0,0,1,1,0,0,0,0,0,1,5,0,1,0,0,0,5,0,3,0,1,6,3,1,0,0,0,0,0,1,0,1,0,0,3,0,18,3,1,0,1,5,3,1,3,0,0,3,0,0,0,0,0,1,1,0,0,5,0,0,2,0,1,2,0,0,0,0,1,0,1,0,0,0,1,1,0,0,0,0,0,1,0,0,0,0,1,1,0,0,4,0,2,0,0,0,1,0,2,0,0,1,0,0,0,0,0,0,1,1,0,1,0,0,2,0,0,7,3,0,0,1,0,1,0,0,0,0,1,0,1,0,0,0,14,0,0,0,0,0,0,1,0,0,0,1,0,0,1,0,0,0,2,0,0,0,0,5,1,1,0,0,0,1,0,0,0,0,0,5,1,0,0,0,0,0,0,0,0,0,0,0,0,1,0,0,0,1,0,1,1,0,1,2,0,0,0,0,1,0,2,1,0,0,1,0,0,0,0,0,0,1,0,0,0,0,1,0,1,0,0,1,0,0,0,0,0,0,0,1,0,0,1,0,0,6,0,0,3,0,3,0,0,0,0,0,1,0,2,1,0,1,3,0,1,1,0,1,0,2,0,0,0,0,1,0,0,1,0,0,2,0,0,0,1,0,0,0,0,0,0,0,1,0,0,0,0,0,0,0,0,0,0,1,2,0,0,0,0,0,0,1,1,1,8,0,0,0,0,0,5,0,0,0,0,0,2,0,0,0,0,0,0,0,0,0,0,0,0,0,0,0,0,0,0,0,0,0,0,3,0,0,0,9,0,2,1,7,0,2,0,0,0,0,0,0,0
lenin_shag_vpered_2nazad.txt_chunk27,lenin,4,0,1,0,1,0,2,4,1,6,0,26,0,0,4,7,1,2,1,0,2,1,1,0,1,1,0,0,0,2,0,0,0,0,1,0,0,2,1,1,0,1,0,3,3,1,1,1,0,2,1,0,3,0,0,0,45,1,2,1,1,0,4,4,0,4,0,4,1,0,1,0,1,0,0,3,0,0,0,0,1,0,0,0,1,3,1,0,0,9,4,2,18,2,0,0,0,2,1,2,2,0,0,0,5,2,17,3,1,0,2,0,0,0,3,0,3,3,4,4,0,0,0,1,8,0,0,0,8,0,0,0,9,0,0,0,0,0,0,1,0,0,0,1,0,1,0,1,0,2,1,0,0,0,0,1,1,1,0,0,0,5,1,0,2,4,1,3,0,0,0,1,0,1,1,0,0,0,0,18,3,1,3,0,5,1,0,2,2,0,10,1,1,0,0,1,1,0,5,0,7,1,0,0,2,3,0,1,0,0,0,1,0,0,0,0,3,1,0,2,0,0,0,0,0,0,0,0,1,0,0,0,0,1,0,0,1,1,2,2,0,0,0,1,0,0,6,0,0,0,1,0,2,1,0,3,0,0,1,0,4,0,0,2,5,0,0,0,0,0,0,0,0,1,1,0,4,9,0,2,0,0,0,0,0,0,0,0,0,2,2,3,0,0,0,0,0,0,0,0,4,0,1,0,0,0,0,1,0,0,0,0,0,0,2,0,0,0,0,0,0,0,0,4,0,0,0,0,0,1,0,1,0,0,0,1,1,0,0,1,3,0,1,3,3,0,1,0,0,1,1,0,0,0,0,2,0,2,0,0,0,0,0,0,1,0,0,0,0,0,0,0,0,0,0,4,0,0,7,0,3,3,0,1,0,0,2,0,1,0,0,0,0,1,2,0,0,0,0,0,0,0,0,0,1,0,1,0,0,0,0,0,0,0,1,0,0,0,0,0,0,0,0,2,0,0,0,0,0,0,0,0,0,0,0,0,0,2,0,0,0,0,0,0,0,0,0,0,0,0,0,1,0,0,0,0,0,0,0,0,0,0,0,0,0,0,0,0,0,0,0,0,0,0,0,0,0,0,0,0,0,0,0,0,0,0,5,0,7,0,3,0,0,0,0,0,0,0,0,0
lenin_shag_vpered_2nazad.txt_chunk28,lenin,3,0,0,0,2,0,1,0,1,5,1,41,0,1,1,1,1,3,2,1,2,0,3,0,1,1,0,0,1,0,1,0,0,0,0,0,0,5,0,0,0,1,0,1,0,0,2,1,0,4,0,0,13,0,0,0,29,2,4,3,0,0,2,4,0,4,0,8,0,0,0,0,2,0,2,1,0,0,0,0,1,1,1,0,0,3,0,0,0,13,5,1,6,1,0,0,0,0,1,0,0,0,0,0,3,0,19,3,0,0,1,0,1,0,3,0,0,0,0,1,0,0,2,1,8,0,0,2,2,0,0,1,6,0,0,0,0,0,0,0,0,0,0,0,0,0,0,1,0,0,2,1,0,5,0,2,1,0,0,0,0,3,2,1,2,0,1,0,0,3,0,1,0,0,0,0,0,1,0,17,3,1,1,0,9,2,2,4,1,0,5,2,1,1,0,0,1,0,1,0,4,1,0,1,0,0,0,1,0,0,0,0,0,0,0,0,1,2,1,0,0,0,0,0,0,0,0,0,2,0,0,0,0,1,4,0,0,2,2,2,0,0,0,0,0,1,1,1,0,0,2,0,0,0,0,0,0,0,0,0,1,0,0,6,9,0,0,0,0,0,0,0,0,1,0,1,6,13,0,0,0,0,0,3,0,0,0,0,0,0,0,2,0,0,0,0,0,0,0,0,13,0,0,0,0,0,0,0,0,0,0,0,0,0,1,0,0,0,0,0,0,0,0,0,0,0,0,0,1,1,1,0,2,0,0,2,0,0,0,0,0,1,1,2,1,0,0,0,1,0,0,0,0,2,0,2,1,0,0,0,0,0,0,0,1,0,2,0,2,0,1,1,0,0,0,0,0,1,5,0,1,1,0,0,0,0,1,1,2,0,0,0,0,0,0,0,0,0,0,1,0,0,0,0,0,0,0,1,0,0,0,0,0,0,0,0,0,0,0,0,0,0,0,1,0,0,0,0,0,0,0,0,0,0,1,0,0,0,0,0,0,0,0,0,0,0,0,0,0,0,0,0,0,0,0,0,0,4,0,0,0,0,0,0,0,0,0,0,0,0,0,0,0,0,0,1,0,2,0,0,0,0,0,0,1,0,7,0,5,0,9,0,0,0,0,0,0,0,0,0
lenin_shag_vpered_2nazad.txt_chunk42,lenin,6,0,0,0,0,0,6,1,3,5,5,22,0,0,0,5,2,0,2,1,0,0,4,0,1,0,0,0,0,0,1,0,0,1,2,0,0,2,2,1,0,0,0,1,0,1,1,0,4,1,0,1,5,0,0,0,36,1,8,8,0,1,0,14,0,1,0,3,0,1,0,1,4,1,0,5,0,1,0,0,1,0,3,0,0,0,0,0,1,26,0,1,11,1,0,0,0,0,0,1,0,0,0,2,4,0,9,4,3,0,1,0,0,0,3,0,0,0,0,3,0,0,1,3,3,1,0,0,1,0,2,0,15,0,0,0,0,2,1,0,0,0,0,0,1,0,0,0,0,0,1,1,1,0,0,1,1,1,0,0,0,2,4,0,1,0,1,1,0,0,0,0,0,0,0,0,0,1,0,11,2,1,1,0,8,1,1,1,0,2,3,0,2,1,0,1,4,1,0,0,1,0,0,0,0,3,0,1,0,0,0,0,0,0,0,0,2,1,2,0,0,0,0,0,2,0,0,0,0,1,2,4,0,0,0,5,0,0,0,5,1,0,0,0,0,2,3,1,0,0,1,1,0,0,1,0,2,1,0,0,5,0,0,5,1,0,0,0,0,0,1,0,0,0,0,0,12,2,0,0,1,6,0,3,2,0,0,0,0,0,1,1,0,0,0,3,0,0,0,0,2,0,2,0,0,0,1,1,0,0,0,0,0,0,2,0,0,0,0,0,0,0,0,1,1,0,0,0,2,1,1,0,0,2,0,0,2,1,0,0,2,0,2,0,0,1,3,0,0,0,0,1,0,1,1,0,0,0,0,0,0,1,1,0,1,2,0,0,0,0,0,0,0,0,0,1,1,0,14,1,1,2,0,1,0,0,0,1,0,0,0,1,0,0,1,0,1,0,0,1,0,1,0,0,0,0,0,0,0,0,0,0,0,0,0,0,0,0,0,0,0,0,0,0,0,0,0,0,0,0,0,1,1,0,1,0,3,0,0,0,0,0,0,0,0,0,0,0,0,0,0,0,0,0,0,0,0,0,0,0,0,0,0,0,0,1,0,0,0,1,0,0,0,0,1,0,0,0,0,0,0,1,0,0,0,0,4,0,11,0,4,0,0,0,0,0,0,0,0,0
lenin_shag_vpered_2nazad.txt_chunk52,lenin,6,0,0,0,1,0,3,0,2,0,1,34,0,0,0,1,0,1,0,0,1,2,0,1,0,0,0,0,1,0,0,1,0,3,0,0,0,3,0,1,0,0,0,1,0,0,1,2,5,6,0,0,4,0,2,0,45,0,0,2,1,0,4,5,0,6,0,2,0,0,1,0,4,0,0,6,0,1,0,0,0,0,0,0,1,1,0,0,1,17,0,0,18,0,0,0,0,0,2,0,1,0,1,2,3,0,14,6,0,0,0,0,0,0,6,1,3,2,0,4,0,0,0,2,5,1,0,0,0,0,3,1,14,0,0,0,0,1,0,1,0,2,1,3,0,0,1,0,1,0,0,0,2,3,1,4,0,0,0,1,0,2,2,0,2,3,1,0,0,0,4,0,0,0,1,0,0,0,0,19,2,1,3,0,3,1,1,0,1,1,0,0,1,0,0,0,2,0,2,0,1,0,1,1,1,5,0,0,0,0,0,1,0,0,0,0,2,0,1,0,0,0,0,0,0,0,0,0,0,0,2,0,0,1,0,1,2,0,0,1,0,0,0,1,6,0,5,0,2,0,0,1,0,0,0,0,2,1,1,0,5,0,0,0,3,0,0,1,0,0,0,0,0,10,1,1,2,5,0,0,0,1,0,0,2,1,2,1,0,1,0,0,0,2,0,1,0,0,0,0,1,0,0,0,0,0,0,0,0,0,0,1,2,0,0,0,1,0,0,0,0,2,0,2,0,0,0,0,0,0,0,0,0,1,1,0,0,0,0,0,1,1,2,2,0,0,0,0,0,0,0,2,0,0,0,0,0,0,0,0,0,0,0,1,1,0,0,1,0,1,2,0,0,0,0,2,2,4,7,0,0,0,0,0,0,0,0,0,0,1,0,0,0,0,3,0,0,1,1,2,0,0,1,2,0,0,2,0,0,0,0,0,1,3,1,0,0,1,0,0,0,0,1,0,0,0,0,0,0,0,0,3,0,4,0,0,1,1,0,0,0,0,0,0,0,3,0,1,1,0,0,0,1,1,0,0,0,0,0,0,0,0,0,0,0,0,0,0,0,1,0,0,0,0,0,0,0,0,0,0,0,0,3,0,1,0,0,1,9,0,10,0,0,1,0,0,0,0,0,0
lenin_shag_vpered_2nazad.txt_chunk55,lenin,6,0,0,0,0,0,2,0,1,2,0,20,0,0,1,0,0,0,1,1,0,0,2,2,0,1,0,3,1,0,0,0,0,2,0,0,0,7,4,1,0,0,0,1,3,0,1,0,4,2,0,0,1,0,0,0,46,0,7,8,1,0,0,7,0,4,0,5,0,1,0,1,3,0,0,0,0,2,0,1,0,1,1,0,0,2,0,0,0,19,1,0,24,1,1,0,1,0,0,2,0,0,0,0,5,4,6,1,0,0,0,2,0,1,3,3,0,3,0,7,0,0,0,3,2,1,0,1,0,0,1,0,6,0,0,0,1,1,2,0,0,0,0,2,0,1,1,0,0,0,0,1,0,0,0,2,0,1,1,1,0,3,2,0,5,1,0,3,0,0,2,1,0,0,0,0,0,0,0,8,0,1,0,0,8,1,1,1,0,0,9,1,0,0,0,1,1,0,0,0,5,0,0,0,1,1,2,0,0,0,0,0,0,0,0,0,1,1,0,1,0,1,0,1,0,0,0,0,0,0,0,3,0,4,0,1,0,1,2,1,0,1,0,0,0,0,7,2,0,0,2,0,1,0,1,0,1,3,0,0,5,2,0,0,3,1,0,0,0,0,0,0,0,4,0,0,0,3,0,0,2,0,0,0,2,0,1,1,0,0,0,0,1,1,0,4,0,0,0,0,2,0,0,0,0,0,0,0,1,0,0,3,0,0,1,0,0,0,0,0,0,0,0,0,0,1,0,0,0,1,2,0,0,3,0,0,2,0,4,1,0,0,0,0,2,0,0,0,0,0,0,1,0,0,0,0,0,0,0,0,0,0,0,0,0,0,0,0,0,1,0,0,0,0,0,1,0,1,3,7,1,2,0,1,0,0,0,0,0,0,0,0,1,0,1,1,2,0,0,0,0,0,1,0,0,0,0,0,0,0,0,0,0,0,1,0,0,0,0,0,0,0,0,1,0,0,0,0,0,1,0,2,0,0,0,0,0,0,0,0,0,0,0,0,0,0,0,0,0,0,0,0,0,0,0,0,0,0,0,0,0,0,0,0,0,0,0,0,0,1,0,0,0,0,0,0,0,0,0,0,0,0,0,0,0,0,0,0,1,0,1,0,0,0,0,0,0,0,0,0
lenin_shag_vpered_2nazad.txt_chunk59,lenin,7,0,0,1,2,1,4,0,4,3,1,30,0,1,3,0,0,0,1,1,0,0,7,0,0,0,2,0,0,1,0,0,1,2,4,0,0,5,0,0,0,1,0,1,2,1,3,0,3,1,1,0,2,0,0,0,48,0,2,2,1,0,7,7,0,7,0,7,0,1,1,0,4,1,3,0,1,0,0,0,1,0,3,0,0,1,0,0,0,9,0,0,16,0,0,0,0,0,0,3,0,0,0,0,6,0,1,0,2,0,0,0,1,0,6,0,1,4,0,2,0,0,4,0,4,0,0,0,2,0,4,0,6,0,1,0,1,0,2,0,0,0,0,0,0,0,0,0,1,0,0,0,1,1,1,1,0,1,0,1,0,4,3,1,2,0,0,0,1,4,1,0,1,1,0,0,0,1,0,9,4,0,1,0,7,2,0,2,0,0,7,0,0,1,0,0,3,0,0,0,0,0,0,1,1,2,2,0,0,0,1,0,0,0,0,0,3,0,0,0,0,1,0,0,0,0,2,0,0,1,2,1,0,3,0,2,1,0,0,3,1,0,0,0,3,0,4,0,0,0,1,0,0,0,1,0,0,2,0,0,11,1,0,1,6,0,1,0,0,0,0,0,0,6,0,0,14,1,1,0,0,0,0,0,0,0,1,0,0,0,0,0,1,1,0,0,0,0,0,0,3,0,0,1,0,0,1,0,1,0,2,0,0,1,1,0,0,0,1,0,0,0,0,1,0,1,0,0,6,0,0,1,0,0,0,0,0,0,3,2,2,0,0,0,0,0,0,0,0,0,0,0,0,0,0,0,3,0,0,0,1,4,0,1,0,0,0,0,0,2,2,0,5,0,0,1,4,0,5,1,0,1,0,0,0,1,0,0,1,0,0,0,0,0,1,0,1,0,0,0,0,0,1,1,0,0,0,1,0,0,1,0,0,0,0,0,0,0,0,0,0,0,0,0,0,1,0,0,0,0,1,0,0,1,0,0,0,1,0,1,0,0,0,0,2,0,0,2,0,0,0,0,0,0,2,0,0,0,0,0,0,0,0,2,0,0,0,0,0,2,0,0,0,0,0,1,1,0,0,0,0,0,0,0,0,0,1,1,5,1,14,0,0,0,0,0,0,0,0,0
lenin_spb_stachka.txt_chunk1,lenin,4.9937578027465666,0,0,0,1.2484394506866416,0,1.2484394506866416,0,1.2484394506866416,3.745318352059925,0,34.95630461922597,0,0,3.745318352059925,0,0,0,0,1.2484394506866416,0,1.2484394506866416,2.4968789013732833,0,0,0,0,0,0,0,0,0,0,1.2484394506866416,2.4968789013732833,0,0,4.9937578027465666,0,0,0,0,0,3.745318352059925,1.2484394506866416,0,1.2484394506866416,0,6.242197253433208,0,0,0,3.745318352059925,0,0,0,42.44694132334582,0,6.242197253433208,3.745318352059925,0,0,2.4968789013732833,4.9937578027465666,0,1.2484394506866416,0,0,0,0,0,0,2.4968789013732833,0,0,0,1.2484394506866416,0,0,0,0,0,0,0,0,1.2484394506866416,0,0,0,16.229712858926344,0,1.2484394506866416,11.235955056179774,0,0,2.4968789013732833,0,1.2484394506866416,0,0,1.2484394506866416,0,0,0,2.4968789013732833,0,2.4968789013732833,0,0,0,0,4.9937578027465666,0,0,0,2.4968789013732833,2.4968789013732833,0,0,3.745318352059925,0,0,1.2484394506866416,3.745318352059925,2.4968789013732833,0,0,0,0,1.2484394506866416,2.4968789013732833,0,9.987515605493133,0,0,0,0,0,0,0,0,3.745318352059925,0,1.2484394506866416,0,0,0,0,0,0,0,0,0,0,0,1.2484394506866416,0,0,0,0,0,1.2484394506866416,0,0,1.2484394506866416,1.2484394506866416,0,0,0,0,2.4968789013732833,0,0,0,0,0,0,0,1.2484394506866416,8.739076154806492,0,1.2484394506866416,1.2484394506866416,0,4.9937578027465666,0,0,0,0,0,0,0,0,0,0,0,1.2484394506866416,0,1.2484394506866416,0,1.2484394506866416,0,0,1.2484394506866416,0,0,0,0,0,0,0,0,0,0,0,1.2484394506866416,0,0,0,0,0,0,0,0,1.2484394506866416,0,0,1.2484394506866416,0,1.2484394506866416,1.2484394506866416,1.2484394506866416,0,2.4968789013732833,3.745318352059925,0,0,0,3.745318352059925,1.2484394506866416,0,1.2484394506866416,9.987515605493133,9.987515605493133,1.2484394506866416,0,0,1.2484394506866416,0,3.745318352059925,0,0,0,0,0,2.4968789013732833,1.2484394506866416,1.2484394506866416,0,0,0,0,0,0,2.4968789013732833,0,1.2484394506866416,6.242197253433208,4.9937578027465666,1.2484394506866416,0,0,2.4968789013732833,6.242197253433208,0,0,0,1.2484394506866416,0,0,2.4968789013732833,0,0,0,4.9937578027465666,0,0,0,0,0,1.2484394506866416,0,0,1.2484394506866416,0,0,0,0,0,0,0,0,1.2484394506866416,3.745318352059925,0,1.2484394506866416,1.2484394506866416,0,1.2484394506866416,0,0,0,8.739076154806492,0,0,1.2484394506866416,1.2484394506866416,0,0,2.4968789013732833,0,0,1.2484394506866416,0,0,0,0,0,0,0,0,1.2484394506866416,0,0,2.4968789013732833,0,0,0,0,0,0,0,1.2484394506866416,1.2484394506866416,0,0,0,1.2484394506866416,0,1.2484394506866416,0,0,0,0,0,0,0,0,0,1.2484394506866416,0,1.2484394506866416,1.2484394506866416,0,0,0,1.2484394506866416,0,1.2484394506866416,0,0,0,0,0,0,1.2484394506866416,0,1.2484394506866416,1.2484394506866416,1.2484394506866416,0,0,0,0,3.745318352059925,0,1.2484394506866416,0,0,0,2.4968789013732833,1.2484394506866416,0,0,2.4968789013732833,1.2484394506866416,0,0,0,0,0,1.2484394506866416,0,1.2484394506866416,0,0,0,0,0,0,0,1.2484394506866416,0,3.745318352059925,0,0,1.2484394506866416,0,0,0,0,0,0,0,1.2484394506866416,0,1.2484394506866416,0,0,0,0,0,0,2.4968789013732833,0,1.2484394506866416,0,0,0,1.2484394506866416,0,0,1.2484394506866416,0,4.9937578027465666,0,1.2484394506866416,0,0,2.4968789013732833,0,1.2484394506866416,0,0,1.2484394506866416,0,0,0,1.2484394506866416,0,2.4968789013732833,0,0,0,2.4968789013732833,0,0,1.2484394506866416,0,0,1.2484394506866416,0,0,1.2484394506866416,0,1.2484394506866416,0,0,0,0,0,1.2484394506866416,0,2.4968789013732833,0,0,0,0,0,0,0,0,0,0,0,0,0,0,0,0
lenin_tsennoe_priznanie_I.txt_chunk2,lenin,5.050505050505051,0,0,2.0202020202020203,2.0202020202020203,1.0101010101010102,1.0101010101010102,0,0,0,2.0202020202020203,26.262626262626263,0,0,0,1.0101010101010102,1.0101010101010102,0,0,5.050505050505051,0,7.070707070707071,3.0303030303030303,0,3.0303030303030303,1.0101010101010102,1.0101010101010102,1.0101010101010102,1.0101010101010102,1.0101010101010102,1.0101010101010102,1.0101010101010102,0,2.0202020202020203,2.0202020202020203,0,0,3.0303030303030303,0,0,0,1.0101010101010102,2.0202020202020203,4.040404040404041,0,1.0101010101010102,1.0101010101010102,1.0101010101010102,3.0303030303030303,3.0303030303030303,0,0,0,0,3.0303030303030303,1.0101010101010102,55.55555555555555,2.0202020202020203,2.0202020202020203,3.0303030303030303,0,0,3.0303030303030303,6.0606060606060606,0,5.050505050505051,0,2.0202020202020203,1.0101010101010102,0,0,0,4.040404040404041,0,0,0,0,0,2.0202020202020203,1.0101010101010102,0,0,0,0,0,2.0202020202020203,1.0101010101010102,0,0,17.17171717171717,0,0,21.212121212121215,0,0,0,0,0,0,1.0101010101010102,0,1.0101010101010102,1.0101010101010102,2.0202020202020203,6.0606060606060606,0,8.080808080808081,0,2.0202020202020203,0,0,0,0,0,2.0202020202020203,1.0101010101010102,1.0101010101010102,0,0,8.080808080808081,0,0,1.0101010101010102,4.040404040404041,4.040404040404041,0,0,0,2.0202020202020203,0,0,0,6.0606060606060606,0,1.0101010101010102,0,1.0101010101010102,0,0,1.0101010101010102,2.0202020202020203,1.0101010101010102,1.0101010101010102,1.0101010101010102,0,1.0101010101010102,1.0101010101010102,0,1.0101010101010102,0,1.0101010101010102,0,0,0,0,5.050505050505051,1.0101010101010102,2.0202020202020203,0,0,0,1.0101010101010102,1.0101010101010102,0,5.050505050505051,3.0303030303030303,2.0202020202020203,0,0,0,4.040404040404041,0,0,0,1.0101010101010102,0,1.0101010101010102,5.050505050505051,0,18.18181818181818,3.0303030303030303,0,0,1.0101010101010102,9.09090909090909,3.0303030303030303,2.0202020202020203,0,0,1.0101010101010102,0,1.0101010101010102,0,0,0,0,0,0,0,0,2.0202020202020203,0,0,1.0101010101010102,0,1.0101010101010102,0,0,1.0101010101010102,0,0,0,0,0,0,3.0303030303030303,2.0202020202020203,1.0101010101010102,1.0101010101010102,0,0,0,0,0,0,0,0,0,0,0,0,0,1.0101010101010102,0,0,0,1.0101010101010102,1.0101010101010102,3.0303030303030303,3.0303030303030303,0,0,0,0,0,0,0,0,0,0,0,0,1.0101010101010102,0,0,0,0,0,1.0101010101010102,0,0,0,0,0,2.0202020202020203,0,0,4.040404040404041,8.080808080808081,0,1.0101010101010102,1.0101010101010102,0,0,0,0,0,2.0202020202020203,0,0,0,1.0101010101010102,1.0101010101010102,0,1.0101010101010102,2.0202020202020203,0,0,0,1.0101010101010102,2.0202020202020203,0,0,0,0,0,0,2.0202020202020203,0,3.0303030303030303,0,0,0,1.0101010101010102,0,1.0101010101010102,0,1.0101010101010102,0,0,1.0101010101010102,3.0303030303030303,15.151515151515152,0,0,1.0101010101010102,0,0,0,1.0101010101010102,0,0,0,1.0101010101010102,0,0,0,0,0,1.0101010101010102,1.0101010101010102,0,1.0101010101010102,0,0,0,0,0,0,0,0,4.040404040404041,0,2.0202020202020203,0,0,0,1.0101010101010102,0,1.0101010101010102,1.0101010101010102,1.0101010101010102,0,0,0,0,0,2.0202020202020203,0,1.0101010101010102,0,0,0,1.0101010101010102,0,0,0,1.0101010101010102,0,1.0101010101010102,0,0,1.0101010101010102,0,1.0101010101010102,0,0,2.0202020202020203,3.0303030303030303,2.0202020202020203,1.0101010101010102,0,0,0,0,0,0,2.0202020202020203,0,0,0,0,0,0,0,1.0101010101010102,0,0,1.0101010101010102,1.0101010101010102,0,0,0,0,1.0101010101010102,0,0,0,1.0101010101010102,0,0,2.0202020202020203,0,0,1.0101010101010102,0,0,0,0,0,0,0,1.0101010101010102,1.0101010101010102,7.070707070707071,0,0,0,0,0,0,1.0101010101010102,0,0,2.0202020202020203,1.0101010101010102,0,0,1.0101010101010102,0,0,0,0,4.040404040404041,0,0,1.0101010101010102,0,0,0,0,0,0,0,0,0,0,0,2.0202020202020203,0,0,0,0,0,0,0,0,0,0,1.0101010101010102,1.0101010101010102,0,0,0,0,1.0101010101010102,0,0,1.0101010101010102,0,0,0,0,0,0,0,0,0,0,0,0,0,0,0,1.0101010101010102,0,0,0,0,0
lenin_zemsk_kampania_iskra.txt_chunk6,lenin,3.8535645472061657,0,0,0,0,0,7.707129094412331,0,0,1.9267822736030829,0,17.341040462427745,0,0,0,1.9267822736030829,0,0,0,0,0,1.9267822736030829,1.9267822736030829,0,0,0,0,0,3.8535645472061657,0,3.8535645472061657,0,0,1.9267822736030829,0,0,0,15.414258188824663,0,1.9267822736030829,0,0,0,1.9267822736030829,0,0,5.780346820809248,1.9267822736030829,7.707129094412331,5.780346820809248,0,0,3.8535645472061657,0,0,0,34.68208092485549,0,9.633911368015413,1.9267822736030829,0,0,3.8535645472061657,1.9267822736030829,0,1.9267822736030829,0,0,0,0,0,1.9267822736030829,0,0,1.9267822736030829,0,0,3.8535645472061657,0,0,0,0,0,0,0,0,3.8535645472061657,0,1.9267822736030829,13.48747591522158,1.9267822736030829,0,17.341040462427745,0,0,0,0,0,5.780346820809248,1.9267822736030829,0,0,0,1.9267822736030829,5.780346820809248,0,9.633911368015413,1.9267822736030829,0,0,1.9267822736030829,0,0,1.9267822736030829,0,0,5.780346820809248,0,0,5.780346820809248,0,0,0,1.9267822736030829,3.8535645472061657,1.9267822736030829,0,0,1.9267822736030829,0,0,0,15.414258188824663,0,0,0,0,0,0,0,0,0,0,1.9267822736030829,0,1.9267822736030829,0,0,1.9267822736030829,0,0,0,0,0,0,1.9267822736030829,0,1.9267822736030829,1.9267822736030829,0,0,7.707129094412331,5.780346820809248,1.9267822736030829,5.780346820809248,1.9267822736030829,0,0,0,0,7.707129094412331,0,0,0,0,0,0,0,0,13.48747591522158,3.8535645472061657,0,1.9267822736030829,0,3.8535645472061657,0,0,0,0,1.9267822736030829,0,0,0,0,0,1.9267822736030829,0,0,0,0,1.9267822736030829,0,0,0,3.8535645472061657,1.9267822736030829,0,0,0,0,0,0,0,0,1.9267822736030829,0,0,0,0,0,0,0,0,0,0,0,1.9267822736030829,0,0,0,1.9267822736030829,0,0,11.560693641618496,0,0,0,0,1.9267822736030829,3.8535645472061657,1.9267822736030829,0,0,1.9267822736030829,0,0,1.9267822736030829,0,0,0,1.9267822736030829,0,0,0,1.9267822736030829,0,0,1.9267822736030829,0,0,7.707129094412331,0,0,0,5.780346820809248,0,0,1.9267822736030829,9.633911368015413,0,0,1.9267822736030829,1.9267822736030829,1.9267822736030829,0,0,0,1.9267822736030829,1.9267822736030829,0,0,0,0,0,3.8535645472061657,0,0,0,0,0,0,0,0,0,0,3.8535645472061657,0,0,0,0,0,0,0,3.8535645472061657,1.9267822736030829,1.9267822736030829,0,0,0,1.9267822736030829,1.9267822736030829,0,7.707129094412331,0,3.8535645472061657,0,0,0,1.9267822736030829,0,1.9267822736030829,0,1.9267822736030829,1.9267822736030829,0,0,0,0,0,1.9267822736030829,5.780346820809248,0,0,3.8535645472061657,0,3.8535645472061657,0,0,1.9267822736030829,0,0,0,0,0,0,0,0,0,0,0,1.9267822736030829,0,0,0,0,0,0,1.9267822736030829,0,0,1.9267822736030829,1.9267822736030829,0,0,3.8535645472061657,0,0,0,0,0,0,0,0,0,0,0,0,0,5.780346820809248,1.9267822736030829,0,1.9267822736030829,0,1.9267822736030829,0,0,0,0,0,0,0,0,0,0,1.9267822736030829,0,1.9267822736030829,0,0,0,0,0,0,0,0,0,0,0,0,0,0,0,0,3.8535645472061657,0,0,0,0,0,0,0,0,0,0,1.9267822736030829,1.9267822736030829,0,0,0,0,0,0,0,1.9267822736030829,1.9267822736030829,1.9267822736030829,0,0,7.707129094412331,0,1.9267822736030829,1.9267822736030829,0,0,0,0,0,1.9267822736030829,3.8535645472061657,0,0,0,0,0,1.9267822736030829,0,0,1.9267822736030829,1.9267822736030829,0,0,0,0,0,0,0,0,0,0,0,0,0,0,0,0,0,0,0,0,0,0,0,0,0,0,0,0,0,0,0,0,0,0,0,0,0,0,0,0,0
martov_boykot_dumy_i_rev_samoupravlenie_I.txt_chunk2,martov,3,0,0,0,2,0,6,1,2,0,0,35,2,0,1,0,1,0,0,0,0,2,2,1,2,0,1,0,1,1,0,1,1,0,0,0,0,3,2,1,0,3,1,3,3,1,3,1,1,1,2,0,4,0,0,0,29,2,3,1,2,1,7,11,0,7,0,3,1,1,2,3,2,0,4,0,0,1,0,2,0,1,0,0,2,0,2,0,0,14,1,0,17,0,0,0,0,0,1,2,0,1,2,1,7,0,5,2,0,2,0,0,0,1,2,0,4,0,0,12,0,0,3,1,4,2,0,0,1,0,0,2,6,0,0,2,0,1,1,2,0,1,0,1,2,4,0,0,2,0,0,1,0,0,0,2,0,0,0,1,0,9,3,1,4,3,2,0,0,0,3,0,0,0,0,0,0,0,0,12,3,1,0,0,2,1,1,6,2,1,0,0,0,0,0,0,0,0,1,0,1,0,0,1,2,0,0,0,0,0,1,0,0,0,0,0,0,0,0,0,0,0,0,1,0,0,0,0,0,0,1,1,0,2,1,1,0,1,6,0,5,0,0,1,5,0,3,0,0,0,0,1,1,0,0,0,0,0,1,1,0,0,0,0,2,1,0,0,1,1,0,1,0,1,1,1,1,2,0,1,0,0,0,1,1,0,0,0,0,0,0,0,0,2,0,0,0,0,0,0,0,0,2,2,0,1,0,1,0,1,0,0,0,6,1,0,0,0,0,0,0,0,0,1,1,0,0,0,0,1,2,0,0,0,0,0,1,1,0,0,0,1,0,1,2,0,0,0,1,1,0,1,0,1,0,2,0,0,1,0,0,1,0,1,1,0,0,2,0,0,1,1,0,1,0,0,0,0,6,1,1,1,0,1,0,0,0,0,1,0,0,0,0,0,3,0,0,0,0,0,0,0,0,0,0,0,0,0,1,0,1,1,0,3,1,0,0,2,0,0,1,0,0,0,1,1,2,0,0,0,0,0,0,3,1,0,2,0,0,0,0,0,0,0,0,1,1,0,1,0,0,1,0,0,1,0,0,0,0,0,1,0,4,1,1,0,0,0,0,2,0,0,1,0,0,0,1,0,0,0,0,0,0,3,0,0,0,1,1,4,2,2,2,0,0,0,0,0,0,0
martov_boykot_dumy_i_rev_samoupravlenie_I.txt_chunk3,martov,11,0,0,0,6,2,7,0,0,2,5,23,0,0,4,0,0,0,0,0,1,3,1,1,0,2,0,0,0,1,0,0,0,1,4,0,0,1,0,1,0,1,0,2,1,0,9,2,4,10,2,2,2,0,2,1,25,0,1,4,2,1,1,7,0,5,0,0,2,0,1,0,0,0,1,1,0,1,1,1,0,0,0,0,2,7,0,0,0,16,2,0,21,0,0,0,0,0,0,1,2,0,2,0,7,0,2,0,0,0,1,1,0,0,3,1,6,2,3,6,0,0,1,1,8,3,0,0,3,0,2,0,5,0,1,1,1,0,0,0,0,1,0,4,1,5,1,0,0,1,1,0,1,0,0,6,0,2,1,2,0,11,3,1,5,1,1,2,0,0,2,1,0,0,0,0,0,1,0,21,2,3,0,0,15,0,1,0,0,2,2,0,0,3,1,0,6,0,0,1,1,0,0,0,0,1,0,1,1,0,0,0,0,0,0,3,2,2,0,0,0,0,1,1,0,0,0,0,0,0,3,1,0,2,0,0,0,0,2,1,0,0,0,0,1,0,0,0,0,0,0,0,0,0,0,1,0,1,0,0,1,1,2,1,2,1,0,0,0,0,0,0,1,3,0,0,0,0,0,0,0,0,0,0,1,0,0,1,0,0,2,0,0,3,0,0,0,0,2,0,0,0,0,4,1,0,1,0,0,0,0,0,0,2,0,2,0,0,0,0,0,0,0,1,0,0,1,0,0,0,6,0,0,0,0,0,0,0,0,0,1,0,0,0,0,0,0,1,0,0,0,0,0,1,0,0,1,0,0,0,0,2,0,0,0,0,0,1,0,0,0,0,0,1,1,0,3,0,2,3,0,2,0,0,0,0,1,1,0,0,0,0,0,0,2,0,0,0,0,0,0,1,0,0,0,0,0,0,0,0,0,1,0,3,1,1,0,0,0,0,0,0,0,0,0,1,0,0,0,0,0,1,0,0,0,0,0,0,0,0,0,0,0,1,0,1,3,1,0,0,0,1,0,1,4,0,0,0,3,0,0,0,0,2,1,1,0,0,0,0,0,0,0,0,0,1,6,0,1,0,0,0,0,0,0,0,0,0,0,1,1,1,0,2,0,0,0,0,0,0
martov_boykot_dumy_i_rev_samoupravlenie_I.txt_chunk4,martov,6.091370558375634,0,0,0,5.076142131979695,0,4.060913705583757,2.0304568527918785,1.0152284263959392,1.0152284263959392,3.045685279187817,26.395939086294415,0,0,2.0304568527918785,2.0304568527918785,1.0152284263959392,1.0152284263959392,0,0,0,1.0152284263959392,3.045685279187817,0,3.045685279187817,1.0152284263959392,1.0152284263959392,0,1.0152284263959392,0,1.0152284263959392,0,0,0,2.0304568527918785,0,0,7.106598984771574,1.0152284263959392,1.0152284263959392,2.0304568527918785,2.0304568527918785,0,7.106598984771574,1.0152284263959392,1.0152284263959392,4.060913705583757,2.0304568527918785,1.0152284263959392,3.045685279187817,1.0152284263959392,0,2.0304568527918785,1.0152284263959392,0,0,30.456852791878173,1.0152284263959392,6.091370558375634,2.0304568527918785,1.0152284263959392,0,2.0304568527918785,10.15228426395939,0,7.106598984771574,0,2.0304568527918785,1.0152284263959392,2.0304568527918785,2.0304568527918785,0,3.045685279187817,0,0,1.0152284263959392,0,0,0,1.0152284263959392,0,0,1.0152284263959392,0,1.0152284263959392,4.060913705583757,0,0,0,13.197969543147208,1.0152284263959392,2.0304568527918785,21.319796954314718,0,0,0,0,1.0152284263959392,0,2.0304568527918785,1.0152284263959392,0,0,0,4.060913705583757,0,8.121827411167514,0,0,0,2.0304568527918785,0,0,0,2.0304568527918785,1.0152284263959392,2.0304568527918785,1.0152284263959392,1.0152284263959392,4.060913705583757,0,0,1.0152284263959392,0,4.060913705583757,2.0304568527918785,0,0,3.045685279187817,0,1.0152284263959392,2.0304568527918785,4.060913705583757,1.0152284263959392,0,2.0304568527918785,0,0,0,1.0152284263959392,0,0,0,2.0304568527918785,0,1.0152284263959392,1.0152284263959392,0,0,1.0152284263959392,0,1.0152284263959392,0,0,2.0304568527918785,2.0304568527918785,0,1.0152284263959392,1.0152284263959392,4.060913705583757,0,9.137055837563452,0,1.0152284263959392,6.091370558375634,1.0152284263959392,0,1.0152284263959392,0,0,1.0152284263959392,0,1.0152284263959392,0,0,0,0,2.0304568527918785,0,15.228426395939087,3.045685279187817,1.0152284263959392,1.0152284263959392,1.0152284263959392,3.045685279187817,1.0152284263959392,0,2.0304568527918785,0,0,1.0152284263959392,1.0152284263959392,1.0152284263959392,0,0,0,2.0304568527918785,0,0,0,3.045685279187817,1.0152284263959392,0,0,0,0,0,0,0,1.0152284263959392,0,1.0152284263959392,0,0,0,0,1.0152284263959392,1.0152284263959392,1.0152284263959392,0,1.0152284263959392,2.0304568527918785,0,0,0,0,0,0,0,0,1.0152284263959392,2.0304568527918785,0,3.045685279187817,0,1.0152284263959392,0,0,0,3.045685279187817,0,2.0304568527918785,1.0152284263959392,4.060913705583757,0,0,0,0,0,0,1.0152284263959392,0,1.0152284263959392,0,0,1.0152284263959392,0,1.0152284263959392,1.0152284263959392,0,1.0152284263959392,1.0152284263959392,1.0152284263959392,1.0152284263959392,1.0152284263959392,0,0,0,0,1.0152284263959392,1.0152284263959392,0,2.0304568527918785,0,0,0,0,5.076142131979695,0,0,0,1.0152284263959392,1.0152284263959392,0,0,1.0152284263959392,0,0,1.0152284263959392,0,0,0,0,0,0,1.0152284263959392,0,0,0,2.0304568527918785,0,1.0152284263959392,0,3.045685279187817,0,0,0,1.0152284263959392,0,2.0304568527918785,0,1.0152284263959392,0,2.0304568527918785,0,1.0152284263959392,0,0,0,0,0,1.0152284263959392,1.0152284263959392,0,0,0,0,0,0,1.0152284263959392,1.0152284263959392,0,3.045685279187817,1.0152284263959392,0,0,0,0,0,0,0,1.0152284263959392,0,1.0152284263959392,1.0152284263959392,0,0,0,0,0,0,0,2.0304568527918785,0,0,0,0,1.0152284263959392,0,0,0,0,0,0,0,1.0152284263959392,0,0,1.0152284263959392,1.0152284263959392,0,1.0152284263959392,0,0,1.0152284263959392,1.0152284263959392,0,0,5.076142131979695,0,2.0304568527918785,0,0,1.0152284263959392,0,1.0152284263959392,1.0152284263959392,0,0,0,0,0,0,0,2.0304568527918785,0,2.0304568527918785,0,0,1.0152284263959392,1.0152284263959392,0,0,0,0,0,0,0,1.0152284263959392,0,1.0152284263959392,2.0304568527918785,0,0,0,0,0,0,0,0,0,2.0304568527918785,0,1.0152284263959392,3.045685279187817,0,0,0,2.0304568527918785,1.0152284263959392,0,1.0152284263959392,0,1.0152284263959392,0,0,0,0,1.0152284263959392,0,0,0,0,2.0304568527918785,0,0,2.0304568527918785,0,0,0,0,1.0152284263959392,5.076142131979695,1.0152284263959392,8.121827411167514,0,1.0152284263959392,0,0,0,0,0,0,0,0,0,0,0,0,0,0,0,0,0,0,1.0152284263959392,2.0304568527918785,0,0,0,1.0152284263959392,0,0,0,1.0152284263959392,0,0,0,0,0,2.0304568527918785,0,2.0304568527918785,0,0,1.0152284263959392,0,0,0,0
martov_demokraty_ponevole_I.txt_chunk1,martov,2,0,0,0,4,0,5,1,1,10,4,26,0,0,0,1,1,1,0,0,0,2,5,0,0,0,0,0,0,1,1,1,0,0,0,0,0,3,1,1,0,1,1,2,0,1,7,1,1,3,0,1,12,0,0,1,34,0,3,1,0,0,0,5,0,8,0,4,0,1,1,0,1,0,0,2,0,0,0,0,2,0,4,1,1,2,0,1,1,15,0,0,27,1,1,1,0,0,1,1,1,0,0,1,7,1,7,0,0,0,1,1,0,0,8,4,1,0,0,3,0,0,0,1,5,0,0,0,2,0,1,0,7,0,0,0,0,0,0,0,0,0,0,0,0,0,3,0,3,0,0,2,0,0,0,2,0,1,3,1,0,3,4,1,3,2,0,1,0,0,2,0,0,3,0,0,0,0,1,30,2,1,3,1,15,4,2,2,4,2,8,1,0,0,0,0,1,1,1,0,0,0,0,1,0,1,0,1,0,0,0,1,0,0,0,0,2,2,0,6,0,0,1,0,0,0,0,0,1,0,2,1,0,2,0,1,1,0,0,2,3,0,2,2,2,0,0,1,0,0,1,0,1,0,0,0,0,4,0,0,1,1,0,1,0,0,0,0,2,0,0,1,1,3,0,1,3,0,0,0,0,0,0,0,0,0,0,0,0,0,1,0,0,0,0,0,0,0,0,0,0,0,0,3,0,0,0,0,0,0,0,0,1,0,0,1,0,0,0,0,0,0,0,0,0,0,0,0,1,1,1,0,1,0,0,0,0,0,0,0,0,0,0,4,0,0,0,0,0,0,0,0,0,2,0,0,2,0,1,1,0,0,0,0,0,0,0,1,0,0,0,0,0,0,0,1,4,0,11,6,0,0,0,2,0,0,1,1,0,1,1,0,0,0,0,3,0,2,1,0,0,1,0,0,0,0,0,0,3,0,0,0,0,1,0,0,0,0,0,0,0,0,0,7,0,0,0,0,0,0,0,0,1,0,0,0,0,0,0,0,0,0,0,0,0,1,0,0,0,0,1,0,0,1,0,0,0,0,0,0,0,0,1,1,3,0,0,0,0,0,0,0,0,0,0,0,0,0,0,0,0,0,1,0,1,0,0,0,1,0,0,1,0,0,0,0,0,0,0,0
martov_gibel_port_artura_I.txt_chunk1,martov,1,0,0,0,1,0,1,1,1,2,0,33,0,0,2,4,0,0,0,0,0,0,6,1,0,0,0,0,0,0,0,0,0,0,1,0,0,7,0,0,0,0,0,8,0,0,1,0,1,2,0,0,8,0,0,1,41,0,3,1,1,0,1,3,0,13,0,3,1,0,0,2,1,0,0,0,1,0,0,0,0,1,0,0,0,1,1,0,0,11,1,0,6,1,3,1,0,0,0,2,0,1,0,0,2,0,8,2,0,0,1,2,0,0,2,2,3,0,0,5,0,1,0,4,6,0,0,0,1,0,0,0,19,0,0,0,0,1,0,1,2,2,0,2,0,2,1,0,1,0,0,0,0,0,1,0,0,0,0,2,0,2,1,0,3,4,0,0,1,0,1,0,0,0,0,0,0,1,1,11,0,0,2,1,4,3,5,0,0,0,0,0,1,0,0,0,3,0,2,0,1,0,1,2,1,1,1,0,0,0,0,0,0,0,2,0,0,0,1,1,0,0,0,0,0,0,0,0,0,0,1,1,0,0,0,3,0,1,0,2,0,0,0,0,0,0,1,0,2,1,0,0,1,0,0,0,0,0,0,0,0,0,0,4,1,0,0,0,0,0,0,0,0,1,0,0,0,0,0,0,0,2,1,0,0,0,1,0,0,0,2,0,0,1,0,1,1,0,0,0,0,0,0,1,0,1,0,0,0,0,0,0,0,0,0,2,1,3,1,0,0,0,1,1,0,0,0,0,0,0,6,0,0,1,0,0,0,0,0,0,0,0,1,0,3,0,0,0,0,0,0,0,0,0,0,0,0,1,0,0,0,0,0,0,0,0,1,1,0,0,0,2,0,0,0,3,0,0,2,0,0,0,0,0,0,1,0,0,1,0,1,0,0,0,0,0,0,0,0,1,0,0,0,0,1,0,0,0,0,0,0,0,0,0,2,0,0,0,0,0,0,0,0,0,0,0,0,0,0,2,0,0,0,0,0,0,0,0,1,0,0,0,0,0,0,0,0,0,1,1,0,0,0,0,0,0,0,0,0,0,0,0,0,0,0,0,0,0,0,0,2,0,0,0,0,0,2,0,0,0,0,7,0,0,0,0,0,1,0,0,1,1,0,0,0,0,3,0,0,0
martov_itogi_polit_razvitiya.txt_chunk3,martov,2,0,0,0,0,0,0,1,2,1,0,39,0,0,5,0,1,0,0,0,1,2,4,0,1,0,1,0,4,0,0,0,0,0,0,0,0,9,0,0,0,0,0,4,0,1,2,0,3,2,1,0,3,0,0,0,64,1,2,2,0,0,2,5,1,2,2,0,1,0,0,0,0,0,0,0,0,0,1,4,0,1,0,0,0,0,1,0,0,14,0,0,10,0,0,0,0,0,0,2,0,0,0,0,4,0,0,0,1,0,0,1,0,0,3,0,2,0,0,3,0,1,0,4,3,1,3,0,0,0,0,1,19,0,1,2,0,0,1,1,0,0,1,0,3,2,2,0,0,0,0,2,0,0,0,0,1,1,5,1,0,2,0,0,2,0,0,0,0,2,0,0,0,0,0,0,0,1,0,1,0,0,1,0,2,2,3,0,0,0,0,0,0,0,0,0,0,0,0,0,0,0,0,0,0,0,0,0,1,0,0,0,1,1,1,1,0,0,1,1,2,0,1,0,0,0,0,1,0,0,2,1,0,5,0,0,0,0,5,0,1,0,3,3,0,0,0,0,0,1,0,0,0,0,1,0,0,0,0,0,0,0,0,0,10,0,0,2,0,2,0,0,0,0,2,0,0,0,0,0,0,3,2,1,2,0,0,0,0,0,1,0,0,0,0,0,0,2,1,0,0,0,1,0,0,0,0,1,0,0,0,0,1,0,0,5,0,2,0,0,0,1,0,1,0,0,0,0,0,1,0,0,1,0,0,0,2,0,0,1,0,0,1,0,2,0,1,0,0,0,0,0,0,0,0,0,0,1,0,0,0,0,0,1,0,0,0,2,0,1,0,0,0,0,0,0,0,0,1,0,0,1,0,0,0,1,0,0,0,0,0,1,1,1,0,0,0,1,1,1,0,0,0,0,0,2,0,0,0,0,0,0,0,3,0,0,0,1,0,1,6,0,0,0,0,1,0,0,0,0,0,0,0,0,0,0,0,0,0,1,0,0,0,0,0,0,3,0,0,0,0,0,0,0,0,0,0,0,1,0,0,0,0,0,0,0,0,0,2,0,0,1,1,0,0,0,0,0,0,0,0,1,0,3,0,0,0,0,0,0,0,0,0,0,0,0,0,0,0,0
martov_itogi_polit_razvitiya.txt_chunk5,martov,1,0,0,0,0,0,2,1,1,5,2,47,0,0,2,0,0,0,0,0,0,1,5,0,0,1,1,0,0,0,0,0,0,0,0,0,0,12,1,1,3,0,3,9,4,4,0,0,1,5,1,0,4,0,0,0,41,0,3,4,4,0,1,7,0,1,5,2,0,1,0,0,0,0,0,0,0,2,0,1,0,3,0,0,0,0,0,0,0,11,1,0,4,3,0,0,0,0,0,1,0,1,2,0,6,0,2,1,1,1,1,0,0,0,1,2,1,0,0,4,1,0,0,2,3,2,2,0,3,0,0,1,7,2,0,2,1,2,1,3,3,0,0,2,3,1,1,0,0,0,0,1,0,0,2,0,0,1,0,3,0,2,4,0,1,0,0,0,0,0,0,0,0,0,0,0,0,2,3,1,3,2,1,0,2,0,3,1,0,2,0,0,0,0,0,1,3,0,1,0,1,0,0,0,1,0,0,0,0,0,0,0,0,0,3,0,0,0,3,0,0,0,1,0,1,0,0,0,1,0,0,1,0,2,0,1,1,0,4,3,0,0,2,6,0,0,0,0,0,3,2,0,0,0,1,1,0,0,0,0,1,0,0,0,0,1,0,1,0,6,0,0,3,3,2,1,0,0,0,1,0,0,4,3,4,0,0,0,0,0,0,0,1,0,0,0,0,0,0,0,0,0,4,0,0,0,0,0,0,1,0,0,0,0,0,9,0,0,2,0,3,3,2,2,0,0,0,0,0,0,0,1,0,0,0,0,3,0,0,0,0,0,0,0,2,0,1,1,0,0,0,0,1,0,0,0,0,2,0,0,2,1,0,1,0,0,0,0,0,1,0,0,0,0,0,0,0,0,0,0,0,1,0,0,0,0,0,0,0,0,0,0,0,0,0,0,0,0,0,0,0,0,0,0,0,0,1,0,0,0,0,0,0,5,1,0,0,0,0,0,1,0,4,0,0,0,0,0,0,0,0,0,0,0,0,0,0,0,1,0,0,0,0,0,0,0,1,0,1,2,0,0,1,0,0,0,0,0,2,0,0,0,0,2,0,0,1,0,0,0,0,0,2,3,0,0,0,0,0,0,0,0,0,5,2,1,0,0,0,0,0,0,0,0,0,0,0,0,0,0
martov_klass_protiv_klassa.txt_chunk1,martov,4,0,0,4,0,0,4,2,0,1,0,33,0,0,0,0,0,0,0,2,0,2,5,1,4,1,0,0,4,0,1,0,0,0,1,2,0,5,0,0,0,2,0,8,3,0,1,3,0,2,4,3,5,0,1,0,48,0,4,0,1,0,4,6,4,1,0,2,0,2,1,0,4,0,0,2,0,0,0,2,0,0,0,1,0,2,0,1,2,6,0,0,21,0,0,0,0,0,2,0,3,0,2,0,5,0,0,0,0,0,0,3,1,1,1,5,0,0,0,5,0,0,0,1,1,1,0,0,0,1,0,0,7,0,0,0,0,2,0,4,0,2,0,2,3,2,1,0,0,0,0,1,0,0,0,1,0,0,0,4,0,2,2,0,0,0,0,4,0,0,1,0,0,0,0,0,4,5,0,9,2,5,2,0,2,1,0,0,0,0,0,2,0,0,0,0,0,0,0,1,0,2,0,1,0,1,1,2,0,0,0,0,0,0,0,2,2,1,0,0,0,0,0,1,0,0,0,0,1,0,2,0,10,1,0,3,1,0,1,2,0,0,4,0,0,0,0,0,1,3,2,0,7,0,2,0,0,1,0,2,0,0,0,0,6,0,0,1,2,1,0,1,1,0,0,0,0,0,0,0,0,0,1,2,0,0,0,0,0,0,0,0,0,0,0,0,0,0,0,0,0,0,0,0,0,0,0,1,0,1,0,1,2,0,0,0,0,0,0,0,1,0,1,4,0,0,0,1,0,2,1,1,0,0,2,0,0,0,0,1,2,0,0,0,0,3,0,0,0,0,0,0,0,0,0,0,0,2,0,0,0,0,2,0,1,1,0,1,0,0,0,1,2,0,1,2,3,0,0,0,0,0,0,0,0,0,0,0,0,0,0,0,0,3,0,0,1,0,0,0,0,0,0,0,1,0,0,0,1,0,0,0,0,0,0,1,0,0,0,0,0,1,0,0,0,0,0,0,0,0,0,0,0,0,0,0,0,0,0,0,1,0,0,0,0,0,0,0,0,0,0,0,0,0,0,0,0,0,1,0,0,0,0,0,0,0,0,0,2,0,2,0,0,0,1,0,0,0,0,0,0,0,0,0,0,0,0,0,0,0,0,0,0,0,0,0,0,0,0,0
martov_klass_protiv_klassa.txt_chunk3,martov,3,0,0,0,3,1,0,0,0,1,1,19,0,0,7,0,0,0,0,0,0,0,4,1,2,3,1,0,1,4,0,1,0,0,1,0,0,6,3,0,0,0,0,6,1,4,1,2,3,4,0,1,10,0,0,0,47,2,3,1,2,1,4,5,1,3,1,5,0,3,1,3,1,1,1,1,1,1,0,2,0,0,0,0,0,1,0,1,0,12,0,0,11,2,1,0,0,0,0,1,0,0,0,0,5,0,1,0,0,1,4,0,1,1,1,1,2,0,0,16,0,0,0,1,3,1,0,0,0,0,0,0,14,0,0,0,0,0,4,1,0,0,0,0,2,1,9,0,0,0,0,0,0,0,0,0,0,1,0,1,0,1,4,2,5,2,0,2,1,0,8,0,0,0,0,1,1,0,0,8,6,0,0,0,1,2,5,2,1,1,3,1,0,0,0,0,4,0,0,0,0,0,0,0,1,0,0,1,0,0,0,1,0,0,0,0,2,0,0,0,0,0,2,0,0,0,0,0,0,0,1,1,0,2,0,0,0,0,0,3,0,0,0,1,0,2,0,0,9,5,2,0,1,0,0,0,0,0,1,1,0,1,3,0,11,3,0,3,0,0,1,3,0,2,0,1,0,0,0,1,0,4,1,5,9,6,0,0,1,2,0,0,0,0,0,0,0,0,0,0,0,2,0,0,1,0,0,1,0,1,1,1,5,0,0,1,1,0,0,1,0,2,0,1,0,0,0,0,0,1,0,0,3,0,7,0,1,0,0,0,0,0,0,0,0,0,0,0,0,0,3,0,0,0,0,0,1,0,0,0,0,0,0,0,0,0,0,0,0,0,0,2,0,0,0,1,0,1,1,1,0,0,0,0,0,0,0,0,0,0,0,0,0,0,0,0,0,1,0,0,0,1,0,0,0,1,0,0,2,0,0,0,2,2,0,0,0,0,1,0,3,3,0,2,1,1,0,2,1,0,0,0,0,0,0,0,0,0,1,0,0,0,0,0,0,0,0,0,0,0,0,0,0,0,0,0,2,0,0,0,0,0,0,2,0,0,0,0,0,0,0,0,0,1,1,0,0,0,0,0,0,0,0,4,0,2,0,0,0,0,0,0,0,0,1,0,0,0,0,0
martov_liberal_izmeny_I.txt_chunk1,martov,1,0,1,0,1,1,2,2,2,0,2,35,0,0,0,1,0,2,0,0,0,5,2,0,2,0,0,0,0,0,1,0,0,0,2,0,0,3,1,1,0,2,0,2,3,1,1,0,3,8,1,0,3,0,0,0,26,0,2,0,2,0,8,12,0,6,0,1,0,1,0,2,2,1,1,0,0,0,0,2,0,0,0,0,0,2,0,0,0,9,1,0,9,1,0,1,1,1,0,1,0,0,0,0,6,0,8,4,0,0,0,0,0,0,2,0,6,1,2,7,0,1,1,1,8,1,0,0,3,1,1,1,12,0,0,0,1,1,1,3,0,3,1,2,1,0,0,0,0,0,0,2,0,0,2,1,0,0,0,2,0,3,0,1,3,2,3,0,1,0,0,0,0,0,0,0,0,0,0,11,1,1,0,0,1,2,1,1,1,0,0,0,1,0,0,0,0,0,0,0,0,1,0,0,0,1,0,0,0,0,0,1,0,0,0,2,0,0,1,1,0,0,0,1,0,0,0,0,0,1,2,1,0,0,0,3,0,0,0,2,0,0,0,1,1,0,0,0,0,0,2,0,0,0,0,0,0,0,0,0,0,0,0,1,1,3,0,0,0,0,0,0,0,0,0,2,0,0,0,1,0,0,0,0,1,1,1,0,0,0,0,0,0,0,0,0,0,0,0,0,0,0,0,0,0,0,2,1,0,0,0,0,0,0,0,0,0,0,0,0,0,0,1,1,0,1,0,0,0,0,3,1,0,0,0,0,0,0,1,4,0,0,0,0,0,0,1,0,0,0,0,0,0,0,0,0,0,0,0,0,1,1,0,0,3,0,0,1,1,1,0,0,0,0,0,3,0,0,1,0,0,0,0,0,1,0,0,0,0,1,1,0,0,0,0,0,0,0,1,1,0,0,0,0,0,0,0,0,0,0,2,0,0,0,1,0,1,0,0,1,2,0,0,0,1,0,0,0,0,0,1,1,0,1,0,1,0,0,1,0,0,0,0,0,1,0,0,0,2,1,0,0,0,0,1,0,0,0,0,0,1,0,0,0,0,0,0,0,0,0,0,0,0,0,2,0,1,0,0,0,0,1,0,0,0,1,0,0,0,0,0,1,0,0,2,0,0,0,0,0
martov_liberal_realizm_I.txt_chunk2,martov,3,0,0,0,4,2,1,0,0,1,2,27,0,0,1,3,0,0,1,0,1,2,4,3,0,1,0,0,1,0,3,0,0,0,0,0,0,5,0,1,1,0,0,4,0,1,1,2,0,10,0,0,3,0,0,1,32,1,2,1,2,0,3,6,1,4,0,1,3,1,1,0,0,1,0,4,0,1,0,3,1,1,0,0,0,3,0,0,1,14,1,0,14,1,1,0,1,0,2,7,1,0,0,2,5,1,5,5,0,0,1,0,0,0,5,2,0,1,0,7,0,0,0,1,3,2,1,0,2,0,0,0,8,0,0,1,0,0,1,2,0,2,0,0,0,0,1,1,0,0,0,0,0,0,0,1,0,1,0,1,0,4,1,2,2,1,0,3,0,0,0,0,0,0,0,0,0,0,1,10,1,2,0,0,0,0,4,3,0,1,1,1,0,0,3,3,2,1,0,0,0,0,0,1,0,0,0,0,2,0,0,0,0,0,0,0,0,0,4,2,3,0,0,1,0,0,0,0,0,0,0,0,0,1,0,3,2,0,0,1,8,0,0,1,4,1,0,0,0,0,2,0,0,0,0,1,0,3,0,0,0,1,1,2,5,0,0,0,0,0,0,0,1,1,0,1,1,1,0,1,0,1,2,0,4,2,0,0,0,0,0,1,4,0,0,0,0,0,0,0,0,0,0,4,1,1,2,0,0,0,0,0,0,3,0,1,0,0,1,0,0,1,2,1,0,0,1,1,1,1,1,0,1,0,1,0,1,1,0,1,1,0,1,0,0,0,0,0,0,0,0,1,0,0,0,0,2,0,0,0,0,0,0,0,0,1,0,1,0,0,1,0,0,0,0,1,7,0,2,0,1,1,0,0,0,1,1,0,0,1,1,1,0,0,1,1,0,0,0,0,0,0,0,0,1,0,1,0,3,1,0,1,0,0,0,0,1,0,0,0,0,0,0,0,2,0,1,0,0,0,1,1,2,7,1,1,0,0,0,0,0,1,0,0,0,3,0,0,0,2,0,0,2,0,0,0,0,0,0,3,0,0,7,1,0,0,0,0,0,2,0,0,0,0,0,0,1,0,0,0,0,0,3,0,0,0,0,0,0,0,0,3,0,0,0,0,2,0,0,0
martov_liberal_realizm_I.txt_chunk3,martov,1.6835016835016834,0,0,0,0,1.6835016835016834,0,0,0,1.6835016835016834,0,25.252525252525253,0,0,1.6835016835016834,1.6835016835016834,0,1.6835016835016834,0,0,0,0,0,0,0,0,0,0,0,1.6835016835016834,1.6835016835016834,1.6835016835016834,0,1.6835016835016834,0,0,0,6.7340067340067336,0,0,0,1.6835016835016834,1.6835016835016834,0,8.417508417508417,0,1.6835016835016834,1.6835016835016834,0,1.6835016835016834,0,0,1.6835016835016834,0,1.6835016835016834,0,28.61952861952862,1.6835016835016834,1.6835016835016834,3.3670033670033668,0,0,1.6835016835016834,10.101010101010102,0,6.7340067340067336,0,1.6835016835016834,5.050505050505051,0,0,0,0,0,0,11.784511784511785,0,0,0,0,0,0,0,0,1.6835016835016834,0,1.6835016835016834,0,0,18.51851851851852,5.050505050505051,1.6835016835016834,31.986531986531986,1.6835016835016834,0,0,1.6835016835016834,0,0,3.3670033670033668,0,0,0,0,5.050505050505051,0,1.6835016835016834,0,0,0,0,0,0,1.6835016835016834,0,6.7340067340067336,5.050505050505051,0,0,11.784511784511785,0,0,0,0,3.3670033670033668,1.6835016835016834,0,0,3.3670033670033668,0,0,0,16.835016835016834,0,0,0,0,0,1.6835016835016834,3.3670033670033668,0,0,0,0,0,1.6835016835016834,0,0,0,0,0,0,0,0,0,0,1.6835016835016834,0,0,5.050505050505051,0,1.6835016835016834,1.6835016835016834,0,1.6835016835016834,0,0,0,0,0,1.6835016835016834,0,1.6835016835016834,0,0,0,0,0,0,16.835016835016834,6.7340067340067336,0,0,0,3.3670033670033668,0,0,1.6835016835016834,0,0,0,1.6835016835016834,0,0,1.6835016835016834,3.3670033670033668,0,0,0,0,0,1.6835016835016834,0,0,0,0,0,0,1.6835016835016834,1.6835016835016834,0,0,0,0,0,0,3.3670033670033668,0,0,0,0,1.6835016835016834,0,0,0,0,0,0,0,0,1.6835016835016834,3.3670033670033668,0,3.3670033670033668,0,1.6835016835016834,0,1.6835016835016834,0,1.6835016835016834,11.784511784511785,0,0,0,3.3670033670033668,0,0,1.6835016835016834,0,0,0,0,0,0,0,0,0,1.6835016835016834,0,0,0,0,0,1.6835016835016834,0,0,0,0,1.6835016835016834,0,1.6835016835016834,0,3.3670033670033668,0,0,0,0,1.6835016835016834,0,3.3670033670033668,0,0,0,0,0,1.6835016835016834,0,0,0,0,1.6835016835016834,0,1.6835016835016834,0,0,0,0,0,1.6835016835016834,0,0,0,0,6.7340067340067336,0,0,0,0,0,0,0,0,0,0,0,0,0,1.6835016835016834,1.6835016835016834,0,0,0,0,0,0,0,0,1.6835016835016834,0,0,0,0,0,1.6835016835016834,0,0,0,0,0,0,0,1.6835016835016834,0,0,1.6835016835016834,0,0,0,0,0,0,0,0,0,0,1.6835016835016834,0,0,0,0,0,1.6835016835016834,0,0,0,0,0,0,0,0,0,0,0,1.6835016835016834,0,0,0,0,3.3670033670033668,0,1.6835016835016834,5.050505050505051,0,0,0,0,0,0,0,0,1.6835016835016834,0,0,0,0,0,1.6835016835016834,0,0,0,0,0,0,0,1.6835016835016834,0,1.6835016835016834,0,0,0,0,0,0,0,0,0,0,0,0,0,0,0,0,3.3670033670033668,0,0,0,0,0,0,0,0,0,0,1.6835016835016834,3.3670033670033668,0,0,0,0,0,0,0,0,1.6835016835016834,1.6835016835016834,0,0,0,0,0,0,8.417508417508417,0,0,0,0,0,0,0,0,0,6.7340067340067336,5.050505050505051,0,1.6835016835016834,0,0,0,0,1.6835016835016834,0,0,0,0,0,0,0,0,0,0,0,0,0,1.6835016835016834,1.6835016835016834,0,0,1.6835016835016834,0,0,0,0,0,0,0,0,0,0,0
martov_mirovoy_bolshevizm_NQ.txt_chunk1,martov,2,0,1,0,0,0,1,1,1,3,1,58,3,0,4,0,0,0,0,0,1,2,2,0,1,0,0,0,0,0,0,0,0,2,0,0,0,6,1,0,1,0,2,3,4,0,1,2,2,2,1,0,2,0,0,0,28,1,3,2,1,0,3,8,0,10,0,5,0,0,0,2,1,1,0,0,0,0,0,2,0,2,0,0,0,2,0,0,1,9,1,1,9,0,0,0,0,0,0,0,1,0,0,0,2,0,1,1,1,1,0,0,0,1,0,1,3,0,0,5,1,1,0,0,2,1,1,0,1,0,0,1,10,0,1,0,0,1,0,2,1,0,0,1,1,0,1,0,0,0,0,1,3,0,0,1,0,0,1,1,0,2,4,0,2,4,1,1,0,0,1,1,0,0,1,0,0,1,1,15,2,1,0,0,8,1,3,0,0,0,0,1,0,0,1,0,1,2,1,0,2,0,0,2,0,1,3,0,1,0,1,0,0,0,1,2,0,0,1,0,0,0,0,0,0,0,0,0,0,1,1,1,0,2,0,2,4,0,1,2,0,0,1,0,2,2,0,0,0,0,2,0,0,0,0,3,0,0,0,1,1,0,1,2,1,0,0,0,1,0,0,0,0,1,0,2,0,1,0,0,0,0,0,0,2,1,0,0,1,0,1,0,0,0,0,2,0,0,0,0,0,0,1,0,0,1,0,1,0,0,0,0,0,1,0,3,0,3,1,0,0,1,1,0,0,1,0,1,0,0,0,1,1,1,1,0,0,0,0,1,0,0,0,1,0,0,0,0,0,1,0,0,0,0,0,1,0,0,1,0,0,1,0,0,0,0,0,0,0,0,0,0,0,2,0,3,0,0,5,0,1,0,0,0,0,2,0,0,0,3,0,1,2,0,0,0,1,0,0,0,0,1,0,2,0,0,0,0,0,1,0,0,0,2,1,0,0,0,1,0,0,1,0,0,0,0,0,1,0,1,0,0,0,2,1,0,0,0,0,0,0,0,1,0,0,0,3,0,1,1,0,1,7,0,2,3,1,0,1,0,1,2,0,0,0,0,0,0,3,0,0,1,1,0,0,3,1,0,0,0,0,1,0,1,0,0,0,1,0,0,0,0,0,0,0,0,0,1,0,0
martov_mirovoy_bolshevizm_NQ.txt_chunk10,martov,6,1,0,0,1,0,3,2,1,0,5,33,0,0,1,1,0,0,0,0,0,0,8,0,1,0,1,1,0,0,0,0,0,1,0,0,0,5,3,1,0,1,1,12,1,0,2,2,2,1,0,1,0,0,0,1,40,0,5,5,0,0,3,11,0,8,1,1,2,0,1,1,5,0,2,0,0,2,0,2,0,1,0,0,0,7,0,0,0,6,2,0,12,1,0,0,1,0,0,1,0,2,0,0,3,0,3,0,0,5,0,0,0,0,3,2,2,1,0,4,0,0,0,2,4,3,1,0,2,0,1,0,6,0,0,3,1,0,1,0,0,0,0,2,0,0,2,0,0,0,0,0,1,0,0,7,0,0,0,4,0,2,3,1,12,3,2,1,0,0,2,0,0,0,0,0,0,0,0,7,3,0,1,1,5,2,3,0,0,0,0,0,0,0,1,0,1,0,0,1,0,0,0,0,1,0,0,0,2,1,0,0,0,0,6,0,1,0,2,0,1,0,0,1,2,0,0,1,0,0,2,1,0,1,0,0,2,0,2,2,0,0,0,0,0,0,0,0,4,4,2,1,2,1,0,1,0,1,0,0,0,0,0,0,0,1,0,0,0,2,0,1,0,0,0,2,0,0,1,0,0,0,1,1,2,2,0,0,1,0,1,0,0,0,1,0,0,0,0,0,0,0,0,0,0,0,1,0,0,0,0,2,0,0,0,0,0,0,0,0,0,1,1,2,0,0,0,0,0,1,0,0,2,0,1,0,2,2,0,0,1,0,0,0,1,0,0,0,0,0,0,0,0,0,0,0,2,1,0,1,1,1,0,0,0,0,0,0,0,1,1,0,0,1,1,4,0,0,1,0,0,0,0,0,0,0,0,0,0,1,0,5,0,0,0,1,0,0,0,2,2,0,0,0,0,0,0,0,1,1,0,0,0,5,2,0,1,0,1,0,1,0,0,0,0,0,0,0,0,0,0,0,0,1,0,0,0,0,0,3,0,2,0,0,0,0,1,0,0,0,0,1,0,0,0,0,0,0,2,0,0,0,0,0,0,0,1,0,4,0,0,0,0,1,0,1,1,0,0,0,1,0,0,5,0,0,0,0,0,0,0,0,0,2,0,0,0,0,0,0
martov_mirovoy_bolshevizm_NQ.txt_chunk12,martov,4,0,0,0,0,0,2,3,0,0,2,41,0,0,2,0,0,0,0,0,0,2,1,0,0,0,0,0,0,4,0,0,0,1,0,0,0,5,0,1,0,1,0,7,5,1,3,1,2,5,0,0,0,0,0,0,41,2,3,2,1,0,1,8,0,7,0,2,1,0,1,1,0,0,2,0,0,2,0,2,0,0,0,0,0,3,1,0,1,15,1,0,18,0,1,0,0,1,1,0,0,0,1,1,3,0,12,0,1,1,0,1,0,0,3,0,1,2,0,4,0,0,0,1,3,0,0,0,3,0,1,0,6,0,0,0,1,0,0,2,0,0,0,0,2,0,1,0,1,0,0,0,2,0,1,5,0,1,0,3,0,6,3,0,3,2,0,0,1,0,1,0,0,0,0,1,0,0,0,16,1,2,1,0,3,0,0,0,0,0,2,1,0,0,0,0,3,0,0,0,7,1,0,1,0,1,0,0,0,0,0,0,1,0,3,0,0,0,4,2,0,0,0,0,1,0,0,0,1,0,0,0,0,0,0,2,1,3,0,2,3,3,0,0,2,0,0,1,1,1,0,0,0,0,0,0,0,0,0,1,1,0,0,0,1,0,0,1,0,0,0,0,0,0,0,1,0,3,0,0,0,1,0,2,0,3,0,0,0,0,0,0,5,0,0,0,0,0,0,0,0,1,0,2,0,0,0,0,1,0,0,0,0,0,0,0,0,0,0,1,0,0,0,1,0,0,0,0,0,1,0,0,1,0,0,0,0,0,1,0,0,0,0,0,0,0,2,1,0,0,0,1,1,1,0,1,0,0,0,0,1,0,0,0,0,0,0,3,0,2,1,0,0,0,0,1,0,0,0,0,1,0,1,0,0,0,2,1,0,0,0,2,0,0,0,2,1,1,0,0,0,0,0,0,1,0,0,0,0,1,0,0,0,14,0,0,0,1,0,0,4,1,0,2,0,0,0,1,1,0,0,0,1,3,0,0,2,0,0,1,0,0,4,0,0,0,1,0,3,1,3,0,2,0,1,0,0,0,2,0,0,0,0,0,0,0,0,0,1,0,0,0,0,1,0,1,0,0,0,6,6,0,0,6,0,1,0,4,0,5,0,0,1,5,4,0,0,0,0,0
martov_mirovoy_bolshevizm_NQ.txt_chunk13,martov,2,0,0,0,0,0,2,2,1,1,1,29,1,0,1,1,0,0,0,0,0,0,2,1,2,0,1,0,0,0,0,0,0,0,0,0,0,7,0,1,0,0,0,8,2,3,1,1,0,4,0,0,1,0,0,0,41,0,4,2,3,0,5,11,0,10,0,3,0,0,2,0,0,0,0,0,1,2,0,3,0,1,0,0,0,0,1,0,1,12,2,0,11,3,0,0,0,0,0,1,0,1,0,0,7,0,3,1,1,0,0,0,0,0,3,0,1,1,2,5,0,0,0,0,5,1,0,0,0,0,0,0,8,0,0,1,1,2,2,2,0,1,0,1,0,2,1,0,0,0,0,0,0,0,0,3,0,1,0,0,0,2,1,1,4,0,2,0,0,0,0,0,0,0,0,0,0,0,1,2,1,0,1,1,2,2,3,0,0,2,0,0,0,0,0,0,2,0,0,0,4,0,0,1,0,1,0,0,1,0,1,0,1,0,0,0,0,0,0,0,0,0,2,0,0,0,0,0,0,0,0,2,0,0,0,1,0,0,2,1,0,0,3,4,1,0,0,0,0,0,1,0,0,0,0,1,0,0,0,0,0,0,1,1,4,0,0,0,0,0,0,0,0,0,0,0,0,1,0,0,1,0,0,0,2,2,0,0,0,0,0,0,0,0,0,0,0,0,0,0,0,0,2,0,0,0,3,1,0,0,0,0,1,7,0,0,0,0,0,0,0,0,0,0,0,1,0,0,0,0,0,1,0,0,0,0,0,0,0,1,0,0,0,0,2,0,0,0,0,3,0,1,0,0,0,0,0,0,0,0,0,0,0,1,0,0,0,2,0,0,0,1,0,0,0,1,0,0,0,0,0,0,0,0,0,1,0,0,0,1,0,3,0,2,0,0,0,1,0,0,0,0,0,7,0,0,0,0,0,0,0,1,0,2,0,0,0,0,0,0,1,1,0,0,0,1,0,0,1,1,0,0,1,2,0,0,0,0,0,0,0,0,1,0,0,0,1,0,0,1,1,1,5,0,4,0,1,0,0,0,0,0,0,0,0,0,0,0,1,0,0,0,0,1,0,0,0,0,0,2,0,0,0,0,0,0,0,1,0,1,0,0,0,3,0,0,0,1,1,0
martov_mirovoy_bolshevizm_NQ.txt_chunk15,martov,3,0,0,0,0,0,6,1,1,2,0,47,0,0,2,4,1,0,1,1,0,1,3,0,0,0,1,2,0,1,0,0,0,0,4,0,0,5,0,0,0,1,0,5,6,0,3,0,2,2,2,0,2,1,0,1,35,0,3,2,2,0,1,5,0,7,0,2,1,1,2,1,2,0,1,0,0,1,0,3,0,1,0,0,0,0,1,1,0,12,1,0,12,0,0,0,0,1,0,0,1,1,2,0,3,0,9,1,1,0,1,0,0,0,5,1,6,0,0,5,0,0,0,1,3,3,0,0,2,0,0,1,7,0,2,0,2,3,0,1,0,0,1,1,2,2,1,0,0,0,0,1,0,0,0,0,0,1,1,2,0,3,2,2,2,5,0,0,0,1,1,0,0,0,0,0,0,0,0,7,1,0,4,1,2,2,0,1,0,1,0,1,0,0,1,0,2,0,0,0,4,0,0,1,1,4,0,0,0,0,0,0,0,0,0,0,0,0,1,0,0,0,0,0,2,0,0,0,1,0,1,0,0,1,0,3,1,0,0,1,1,0,0,0,0,0,0,0,3,1,1,0,0,0,1,1,0,0,0,0,0,0,0,1,0,1,0,1,1,2,1,0,1,0,0,0,0,0,1,1,0,0,0,0,0,4,0,0,3,0,1,0,0,0,0,1,1,0,0,1,0,1,0,1,0,0,1,0,0,0,0,3,1,0,0,0,0,0,0,0,0,0,0,0,0,0,0,0,0,1,0,0,2,0,2,0,2,1,0,1,0,0,0,0,0,0,2,0,0,0,0,0,0,0,1,0,0,0,0,0,0,0,0,0,0,0,0,2,0,0,0,1,0,1,0,1,0,0,1,0,0,0,0,0,0,0,0,0,2,0,0,0,2,1,0,1,0,0,0,0,0,0,0,1,0,0,0,2,0,1,0,0,0,4,0,0,0,1,2,0,1,2,0,0,0,0,0,0,1,0,0,0,0,3,1,0,0,0,0,0,0,0,5,0,1,0,0,0,1,0,0,1,7,0,2,1,0,1,2,1,0,0,0,0,0,0,0,2,0,0,0,0,1,0,0,0,0,0,0,8,8,1,0,2,0,0,0,4,0,3,0,0,1,1,4,0,1,2,0,0
martov_mirovoy_bolshevizm_NQ.txt_chunk16,martov,3.9215686274509802,0,0,0,0,0,1.9607843137254901,0,1.9607843137254901,3.9215686274509802,0,45.09803921568627,0,0,0,0,0,0,1.9607843137254901,0,0,3.9215686274509802,0,1.9607843137254901,0,1.9607843137254901,1.9607843137254901,1.9607843137254901,0,0,0,0,0,0,0,0,0,7.8431372549019605,0,0,0,0,0,3.9215686274509802,1.9607843137254901,0,0,0,0,9.803921568627452,0,1.9607843137254901,5.88235294117647,0,0,0,37.254901960784316,0,0,0,0,0,5.88235294117647,9.803921568627452,0,1.9607843137254901,3.9215686274509802,5.88235294117647,0,1.9607843137254901,0,0,3.9215686274509802,0,0,0,0,1.9607843137254901,0,0,0,0,0,0,0,0,0,0,0,13.72549019607843,0,0,5.88235294117647,0,0,0,0,0,0,0,0,0,1.9607843137254901,0,0,1.9607843137254901,5.88235294117647,0,0,1.9607843137254901,0,0,1.9607843137254901,0,0,0,0,1.9607843137254901,0,5.88235294117647,0,0,0,0,1.9607843137254901,1.9607843137254901,0,0,1.9607843137254901,0,0,0,3.9215686274509802,0,1.9607843137254901,1.9607843137254901,0,3.9215686274509802,0,0,0,0,0,0,0,0,0,0,0,1.9607843137254901,0,0,7.8431372549019605,0,0,0,0,0,0,3.9215686274509802,0,1.9607843137254901,3.9215686274509802,3.9215686274509802,0,0,0,0,0,0,0,0,0,0,0,0,0,0,0,0,5.88235294117647,0,1.9607843137254901,0,1.9607843137254901,0,0,0,0,3.9215686274509802,0,0,1.9607843137254901,0,0,0,0,0,1.9607843137254901,0,1.9607843137254901,0,0,0,0,0,0,0,0,0,0,0,0,0,1.9607843137254901,0,0,0,0,0,0,0,1.9607843137254901,0,0,0,0,0,0,0,0,0,0,1.9607843137254901,0,3.9215686274509802,0,0,1.9607843137254901,3.9215686274509802,0,0,1.9607843137254901,0,0,0,0,0,1.9607843137254901,1.9607843137254901,0,0,0,1.9607843137254901,0,1.9607843137254901,0,0,0,0,1.9607843137254901,0,0,0,0,0,0,1.9607843137254901,0,0,0,0,0,0,0,0,0,3.9215686274509802,1.9607843137254901,1.9607843137254901,0,0,3.9215686274509802,0,1.9607843137254901,3.9215686274509802,1.9607843137254901,0,0,0,0,0,0,0,0,0,0,0,1.9607843137254901,0,0,0,3.9215686274509802,1.9607843137254901,0,0,0,0,0,0,0,1.9607843137254901,1.9607843137254901,0,0,1.9607843137254901,0,0,0,0,0,1.9607843137254901,0,1.9607843137254901,0,0,0,0,0,0,1.9607843137254901,0,0,0,0,1.9607843137254901,0,0,0,1.9607843137254901,1.9607843137254901,0,0,0,0,0,0,0,0,0,0,3.9215686274509802,1.9607843137254901,0,0,0,0,0,0,0,0,0,0,0,0,0,0,0,0,0,0,7.8431372549019605,0,0,0,1.9607843137254901,0,0,0,0,1.9607843137254901,0,0,0,0,0,0,0,0,0,0,0,0,0,0,0,0,0,0,0,1.9607843137254901,0,0,1.9607843137254901,0,0,1.9607843137254901,0,0,0,0,0,0,5.88235294117647,0,0,0,0,3.9215686274509802,0,0,3.9215686274509802,0,0,0,0,0,1.9607843137254901,0,0,0,1.9607843137254901,0,0,0,1.9607843137254901,0,0,0,0,0,0,9.803921568627452,0,0,0,1.9607843137254901,0,0,0,0,0,7.8431372549019605,0,1.9607843137254901,0,0,0,0,0,0,0,0,0,0,0,1.9607843137254901,0,1.9607843137254901,0,0,0,0,1.9607843137254901,0,0,1.9607843137254901,0,0,0,0,1.9607843137254901,0,0,0,0,0,0,0,0,0,0,1.9607843137254901,3.9215686274509802,5.88235294117647,0,0,0,0,0
martov_mirovoy_bolshevizm_NQ.txt_chunk2,martov,0,0,0,0,0,0,3,0,5,1,1,47,1,0,0,0,0,0,0,0,0,2,1,0,2,0,0,2,1,0,0,0,0,0,0,0,0,4,1,0,0,1,1,2,0,0,1,1,4,2,1,0,2,0,0,0,45,0,5,3,0,0,7,8,0,6,0,1,0,1,0,0,8,0,0,0,2,1,0,3,0,1,2,0,0,0,1,0,0,16,1,0,11,1,0,0,1,0,0,0,0,0,0,1,5,0,3,0,1,0,0,1,1,1,0,0,5,1,0,3,1,0,0,2,0,3,0,0,3,0,0,1,8,0,0,1,0,0,0,0,0,1,0,3,2,1,1,0,0,0,0,2,0,0,0,0,0,1,0,2,0,4,3,1,4,1,0,0,0,0,0,0,0,0,0,0,0,0,2,8,0,2,2,1,2,0,1,1,0,0,1,0,0,1,0,0,5,1,0,0,0,0,0,1,0,3,0,0,0,0,1,0,0,0,2,1,1,0,0,0,2,1,0,0,0,1,0,0,0,1,3,4,1,3,0,2,1,0,1,0,2,0,3,9,1,0,0,0,0,1,0,0,1,0,3,0,0,0,0,0,0,0,0,2,2,0,0,3,2,0,1,0,0,2,1,0,0,0,1,0,2,0,1,0,3,0,1,0,0,0,1,0,0,0,0,1,1,0,0,0,0,3,2,0,0,0,0,1,1,0,0,0,3,1,0,0,0,0,0,0,1,1,0,0,1,0,0,0,0,0,1,6,1,1,2,1,2,0,0,0,0,1,0,0,0,0,1,1,0,1,0,0,1,0,1,0,0,0,0,0,0,0,0,0,0,2,0,1,0,0,1,0,1,0,0,2,0,0,2,0,1,0,0,0,0,1,0,0,0,1,0,0,0,1,0,0,0,0,0,1,0,0,0,4,0,0,0,0,0,0,0,0,1,9,1,0,0,1,1,0,0,0,2,0,0,0,3,2,0,0,0,0,0,1,0,0,0,0,1,0,0,1,0,0,0,0,5,0,1,1,0,0,1,1,0,0,0,0,0,0,1,0,0,0,0,0,1,0,5,0,0,0,0,2,0,0,0,0,1,0,0,4,0,0,4,0,0,0,0,0,0,0,0,0,0,0,1,3,0,0
martov_mirovoy_bolshevizm_NQ.txt_chunk9,martov,2,0,0,0,0,0,0,1,1,1,4,42,0,0,3,1,0,0,0,2,0,1,3,0,0,2,1,0,0,0,0,0,0,0,2,0,0,4,1,0,0,0,1,9,0,0,1,5,1,3,0,1,1,0,0,0,35,1,5,0,1,1,2,8,0,9,2,6,1,0,0,2,3,1,1,1,0,2,0,1,0,1,0,0,0,2,2,1,0,11,5,0,6,0,0,2,0,1,0,3,0,0,0,0,2,0,5,1,0,0,0,1,0,0,4,0,2,1,0,11,0,0,0,2,4,2,0,1,3,0,1,2,5,0,0,0,1,3,0,0,0,1,0,0,0,1,1,0,1,0,0,0,2,0,0,2,1,0,0,0,1,4,0,0,2,5,0,2,0,0,5,0,0,0,0,0,0,1,2,9,1,0,1,1,3,6,2,1,0,0,0,1,1,1,0,0,1,0,0,1,4,0,0,1,0,1,1,0,0,0,1,0,0,0,3,1,0,0,0,0,0,0,1,1,0,0,0,0,0,0,0,1,0,2,0,0,1,0,1,0,3,0,0,0,0,0,0,0,1,2,3,0,2,0,1,0,0,0,0,1,0,0,0,1,0,0,0,4,0,0,2,0,0,0,0,0,2,0,0,0,0,0,0,0,0,6,1,0,0,3,1,0,0,0,0,0,0,1,0,0,0,0,0,1,0,0,0,0,0,0,1,1,2,0,0,0,0,0,0,0,0,0,0,0,0,1,0,0,2,2,0,0,2,0,0,0,1,0,0,2,0,1,0,0,1,0,0,1,0,0,0,4,0,0,0,0,0,0,0,0,1,0,0,0,0,0,1,0,0,2,0,0,0,0,1,1,0,0,5,2,0,0,0,0,0,0,1,0,1,0,0,0,1,1,0,0,1,0,0,1,0,1,0,3,0,0,0,1,1,1,0,0,2,2,0,0,0,1,0,0,0,5,0,1,0,0,0,1,1,0,0,0,0,0,1,1,1,0,0,0,0,0,1,1,0,0,6,0,1,0,0,0,2,0,1,0,0,0,0,0,0,0,0,0,0,0,0,0,3,0,1,0,0,0,0,2,2,0,0,0,0,0,0,1,0,0,0,1,3,0,0,0,2,4,0,0,0,0,0,0
martov_nash_cyezd_I.txt_chunk2,martov,5,0,1,1,3,3,1,1,2,0,2,22,0,3,1,1,3,0,0,2,2,1,5,0,3,1,1,0,0,0,0,0,2,1,1,0,0,5,0,0,1,3,0,7,0,1,0,0,4,2,1,0,2,0,0,3,42,0,6,2,1,0,1,6,1,5,0,0,0,0,1,0,3,0,0,0,0,3,1,4,0,0,0,1,1,1,2,0,0,14,1,3,12,0,1,0,0,1,0,2,0,0,0,0,7,1,2,4,1,2,0,0,1,2,2,0,0,6,3,1,0,1,3,0,6,1,1,0,5,2,0,1,9,0,0,0,1,0,0,3,0,0,0,1,1,3,1,0,1,0,1,0,0,0,0,5,0,0,0,6,0,5,3,0,3,1,0,0,0,0,1,0,0,0,0,1,0,8,1,15,3,1,0,4,5,1,4,2,1,4,0,0,0,0,0,0,1,0,1,0,1,0,0,0,0,0,0,0,3,0,0,0,0,1,0,1,0,2,0,0,0,0,0,1,0,0,0,0,0,0,2,0,0,0,0,1,0,2,6,1,0,0,0,0,1,2,0,0,0,0,0,0,0,0,1,0,0,3,1,0,15,1,1,0,0,0,0,0,0,1,0,0,1,1,1,5,4,1,1,1,0,0,0,0,0,0,0,0,0,0,0,0,0,0,1,1,0,0,0,0,0,0,2,0,0,0,0,3,0,1,0,0,0,0,0,1,1,0,0,0,0,0,1,2,0,0,0,0,1,2,0,0,0,1,0,1,2,0,0,1,2,0,0,1,0,0,0,0,0,0,0,0,2,0,2,0,0,0,0,2,0,0,0,0,1,0,0,1,0,0,1,1,2,0,0,1,0,0,3,1,1,0,0,1,0,0,0,0,0,3,0,3,1,0,1,0,0,1,0,1,1,0,0,0,0,0,0,1,0,0,1,0,0,0,1,0,0,0,0,0,0,0,0,1,0,0,0,0,0,0,2,0,0,0,1,0,1,0,0,0,0,0,0,0,1,0,0,0,0,0,0,0,0,1,0,0,0,0,0,0,0,0,0,0,0,1,0,1,0,0,0,0,1,0,0,0,0,0,0,0,0,0,0,0,0,0,0,0,2,0,0,3,0,0,0,0,0,0,0,0
martov_o_4_syezde_Bunda_I.txt_chunk1,martov,2.3228803716608595,0,0,1.1614401858304297,1.1614401858304297,0,3.484320557491289,1.1614401858304297,0,1.1614401858304297,2.3228803716608595,39.48896631823461,0,0,5.807200929152149,3.484320557491289,1.1614401858304297,2.3228803716608595,0,0,0,3.484320557491289,2.3228803716608595,0,1.1614401858304297,0,0,0,0,1.1614401858304297,0,0,1.1614401858304297,1.1614401858304297,0,0,0,11.614401858304298,1.1614401858304297,1.1614401858304297,0,0,1.1614401858304297,1.1614401858304297,4.645760743321719,0,1.1614401858304297,0,1.1614401858304297,3.484320557491289,0,0,0,0,0,0,19.744483159117305,0,8.130081300813009,1.1614401858304297,0,1.1614401858304297,0,3.484320557491289,0,10.452961672473869,0,2.3228803716608595,0,0,1.1614401858304297,0,1.1614401858304297,0,0,0,0,1.1614401858304297,1.1614401858304297,2.3228803716608595,0,0,0,1.1614401858304297,0,5.807200929152149,1.1614401858304297,0,0,13.937282229965156,1.1614401858304297,1.1614401858304297,15.098722415795587,0,1.1614401858304297,0,0,0,0,1.1614401858304297,0,0,2.3228803716608595,0,4.645760743321719,0,9.291521486643438,5.807200929152149,2.3228803716608595,0,0,0,0,0,3.484320557491289,2.3228803716608595,0,0,2.3228803716608595,8.130081300813009,2.3228803716608595,2.3228803716608595,0,0,4.645760743321719,0,0,0,1.1614401858304297,0,0,0,11.614401858304298,0,0,0,0,0,0,1.1614401858304297,0,1.1614401858304297,0,0,0,3.484320557491289,0,0,0,0,1.1614401858304297,2.3228803716608595,2.3228803716608595,0,0,0,0,2.3228803716608595,0,0,0,5.807200929152149,0,0,4.645760743321719,2.3228803716608595,0,0,0,0,0,0,0,1.1614401858304297,0,0,0,1.1614401858304297,0,16.260162601626018,1.1614401858304297,1.1614401858304297,0,0,5.807200929152149,4.645760743321719,1.1614401858304297,1.1614401858304297,0,1.1614401858304297,0,0,0,0,0,0,6.968641114982578,0,0,0,1.1614401858304297,0,0,0,1.1614401858304297,3.484320557491289,0,0,0,0,0,0,1.1614401858304297,1.1614401858304297,0,0,1.1614401858304297,0,2.3228803716608595,0,2.3228803716608595,0,0,0,0,1.1614401858304297,0,0,0,0,0,2.3228803716608595,0,0,0,1.1614401858304297,2.3228803716608595,0,2.3228803716608595,2.3228803716608595,5.807200929152149,4.645760743321719,1.1614401858304297,0,2.3228803716608595,0,0,0,0,0,0,0,0,0,0,0,0,0,0,1.1614401858304297,8.130081300813009,2.3228803716608595,4.645760743321719,0,1.1614401858304297,1.1614401858304297,0,1.1614401858304297,1.1614401858304297,0,0,0,0,4.645760743321719,2.3228803716608595,2.3228803716608595,6.968641114982578,4.645760743321719,0,0,0,0,0,0,0,0,0,0,0,0,0,1.1614401858304297,0,0,0,1.1614401858304297,0,0,0,1.1614401858304297,0,0,1.1614401858304297,0,2.3228803716608595,0,0,1.1614401858304297,0,0,0,0,1.1614401858304297,0,0,6.968641114982578,0,1.1614401858304297,1.1614401858304297,0,0,0,0,0,1.1614401858304297,0,0,0,8.130081300813009,0,0,0,2.3228803716608595,1.1614401858304297,0,0,0,0,0,2.3228803716608595,0,0,0,0,0,0,0,0,0,0,1.1614401858304297,0,0,0,0,1.1614401858304297,0,0,0,0,0,0,0,0,0,0,0,0,0,2.3228803716608595,0,0,0,0,0,1.1614401858304297,0,0,4.645760743321719,1.1614401858304297,2.3228803716608595,1.1614401858304297,0,1.1614401858304297,0,2.3228803716608595,1.1614401858304297,1.1614401858304297,1.1614401858304297,1.1614401858304297,0,1.1614401858304297,0,0,0,0,0,0,0,0,0,0,1.1614401858304297,1.1614401858304297,0,0,0,0,0,0,0,0,1.1614401858304297,4.645760743321719,0,2.3228803716608595,0,1.1614401858304297,0,0,0,0,0,0,0,1.1614401858304297,0,0,0,0,0,0,0,1.1614401858304297,0,0,0,0,0,0,0,0,0,1.1614401858304297,0,0,0,8.130081300813009,1.1614401858304297,0,0,0,0,0,0,0,0,0,0,0,0,0,0,0,0,0,0,0,0,0,0,0,0,0,0,0,0,13.937282229965156,0,0,0,0,0,0,2.3228803716608595,0,0,0,8.130081300813009,0,0,0,0,0,0,0,1.1614401858304297,0,0,0
martov_o_terrore_I.txt_chunk1,martov,1,0,0,0,0,0,3,4,2,3,1,42,0,0,2,8,2,1,1,1,0,2,3,0,0,1,0,0,1,0,0,0,0,0,2,0,0,9,2,2,1,1,1,7,0,0,0,0,1,5,0,0,3,0,0,0,24,1,2,3,0,0,0,13,0,9,0,0,0,2,4,2,4,1,0,2,2,0,0,0,0,1,0,0,0,2,0,3,2,13,1,0,14,1,0,1,0,0,0,0,0,0,0,0,6,0,10,1,0,1,0,0,0,0,0,0,3,3,0,1,1,0,3,1,6,0,0,0,0,0,0,0,14,0,0,0,0,2,0,1,0,1,0,0,0,1,0,0,0,0,0,2,2,0,0,0,1,1,0,3,0,2,3,2,4,4,1,3,0,0,0,0,0,0,0,0,0,2,0,9,0,2,0,0,2,3,2,0,0,0,0,0,1,0,0,0,1,0,0,0,1,0,0,0,0,0,0,1,1,0,2,0,2,0,1,1,0,1,2,0,0,0,0,0,0,0,0,1,1,0,5,0,0,2,0,0,1,1,3,1,1,0,8,3,2,1,0,0,1,2,2,1,0,1,0,4,1,1,0,0,1,1,0,0,0,0,0,3,1,5,0,0,0,12,2,1,0,0,0,0,0,3,6,3,7,1,0,0,0,0,0,0,0,3,1,0,0,0,0,0,0,2,1,1,0,3,0,0,3,0,0,0,2,4,0,4,4,2,5,0,2,3,4,0,0,0,0,0,0,2,2,0,1,0,1,0,3,0,1,0,0,0,0,0,0,0,2,0,0,1,0,0,0,1,1,0,0,1,0,0,0,0,0,2,5,0,1,1,0,0,0,1,0,0,0,1,0,0,1,1,0,0,0,0,2,0,0,1,1,0,0,0,0,1,0,0,0,0,0,1,0,0,0,0,0,0,0,0,0,1,0,0,1,3,0,1,0,0,0,0,0,0,0,0,2,0,0,0,0,0,0,1,2,6,0,0,0,0,1,2,0,0,1,2,0,0,1,1,1,1,4,1,2,5,3,0,0,0,0,0,1,0,0,2,1,1,0,0,1,0,1,0,0,2,0,0,1,0,0,0,0,0,0,4,0,0,0,0,0,0,0,0,0,0,0,0,1,0,0,0
martov_o_terrore_I.txt_chunk2,martov,5,1,1,0,2,0,5,0,0,1,5,34,0,1,2,3,1,0,0,2,1,0,6,1,3,2,1,0,0,0,0,0,0,1,3,0,0,10,0,7,1,0,0,2,0,1,2,1,1,3,1,0,2,0,0,1,34,0,5,2,2,1,2,6,1,5,0,2,0,3,0,1,3,1,2,0,0,1,0,0,0,0,0,0,0,3,0,2,0,11,2,0,11,1,0,0,0,0,1,0,0,0,1,0,7,0,1,1,1,3,1,1,0,1,0,4,1,2,1,4,1,0,1,1,2,4,0,0,1,0,0,0,9,0,0,0,1,0,1,0,2,0,0,0,2,0,1,0,0,0,0,1,1,0,0,1,0,1,0,0,0,2,4,1,6,0,0,0,2,0,1,0,0,0,0,0,0,0,0,10,6,0,0,0,4,1,2,2,1,2,0,0,0,0,0,0,1,0,1,0,2,2,0,0,3,3,1,1,0,0,0,0,0,0,0,2,1,0,1,2,0,0,1,2,0,1,0,0,1,2,0,1,0,0,0,0,0,0,1,1,3,0,2,10,2,1,0,0,1,2,1,0,0,0,1,5,0,0,1,0,3,2,0,0,2,0,0,3,0,0,0,0,3,8,4,1,0,0,1,0,0,3,2,1,5,1,0,1,2,0,0,0,0,2,1,0,0,0,0,0,0,1,1,2,0,4,0,0,1,0,2,1,1,5,0,3,1,1,0,2,0,4,3,0,1,0,0,0,0,3,2,1,1,0,1,0,2,0,1,0,0,0,0,1,0,0,0,0,1,0,0,1,0,0,0,0,0,0,1,0,2,0,0,1,0,0,0,1,0,0,0,2,0,2,0,5,0,0,4,1,0,0,0,0,0,0,1,0,0,0,0,0,2,0,1,0,0,0,0,0,1,0,0,0,1,0,0,1,0,0,0,0,0,2,0,0,1,0,0,0,0,0,0,0,0,0,0,0,0,0,2,0,0,2,2,0,0,0,0,0,0,0,1,1,0,0,0,0,1,3,1,0,0,3,2,1,0,0,0,0,1,0,0,3,1,0,0,0,2,0,1,0,0,0,0,0,0,0,0,0,0,0,0,2,0,0,0,0,0,0,0,4,0,0,0,0,0,0,0,0
martov_o_terrore_I.txt_chunk3,martov,3.90625,0,0,0,1.3020833333333333,0,7.8125,0,1.3020833333333333,2.6041666666666665,0,29.947916666666668,0,1.3020833333333333,5.208333333333333,1.3020833333333333,0,0,2.6041666666666665,1.3020833333333333,0,1.3020833333333333,7.8125,0,0,1.3020833333333333,0,0,0,0,0,0,0,2.6041666666666665,6.510416666666667,0,0,1.3020833333333333,0,1.3020833333333333,0,2.6041666666666665,1.3020833333333333,3.90625,0,0,5.208333333333333,0,0,2.6041666666666665,0,0,13.020833333333334,0,0,0,27.34375,0,1.3020833333333333,0,2.6041666666666665,0,1.3020833333333333,3.90625,1.3020833333333333,5.208333333333333,2.6041666666666665,11.71875,0,0,1.3020833333333333,0,2.6041666666666665,0,1.3020833333333333,0,0,0,2.6041666666666665,0,0,0,0,0,1.3020833333333333,1.3020833333333333,1.3020833333333333,0,0,19.53125,1.3020833333333333,1.3020833333333333,9.114583333333334,0,0,0,0,0,3.90625,9.114583333333334,0,0,0,0,2.6041666666666665,0,0,1.3020833333333333,0,0,1.3020833333333333,0,0,0,1.3020833333333333,0,2.6041666666666665,0,0,5.208333333333333,0,0,0,1.3020833333333333,1.3020833333333333,2.6041666666666665,0,0,3.90625,0,1.3020833333333333,0,9.114583333333334,0,0,0,0,1.3020833333333333,0,2.6041666666666665,0,1.3020833333333333,0,0,1.3020833333333333,1.3020833333333333,1.3020833333333333,0,0,0,0,0,1.3020833333333333,0,0,1.3020833333333333,0,0,0,0,0,10.416666666666666,0,2.6041666666666665,3.90625,0,0,0,0,0,0,0,0,0,0,0,0,1.3020833333333333,1.3020833333333333,15.625,5.208333333333333,0,2.6041666666666665,0,3.90625,1.3020833333333333,0,2.6041666666666665,1.3020833333333333,1.3020833333333333,0,1.3020833333333333,0,0,0,0,1.3020833333333333,0,0,0,0,2.6041666666666665,0,1.3020833333333333,0,0,0,0,0,0,1.3020833333333333,0,0,0,1.3020833333333333,0,0,0,0,0,0,0,0,0,0,0,0,0,0,0,2.6041666666666665,1.3020833333333333,0,0,0,1.3020833333333333,0,0,0,1.3020833333333333,1.3020833333333333,0,2.6041666666666665,2.6041666666666665,5.208333333333333,1.3020833333333333,0,0,1.3020833333333333,0,0,0,0,0,0,5.208333333333333,0,0,1.3020833333333333,1.3020833333333333,3.90625,2.6041666666666665,1.3020833333333333,0,1.3020833333333333,0,0,2.6041666666666665,2.6041666666666665,0,0,1.3020833333333333,3.90625,11.71875,0,0,0,0,0,0,0,0,0,0,6.510416666666667,0,1.3020833333333333,0,0,0,0,1.3020833333333333,2.6041666666666665,1.3020833333333333,0,0,0,0,0,0,0,1.3020833333333333,0,0,1.3020833333333333,0,0,0,1.3020833333333333,0,1.3020833333333333,3.90625,2.6041666666666665,1.3020833333333333,0,0,1.3020833333333333,0,1.3020833333333333,1.3020833333333333,0,0,2.6041666666666665,0,1.3020833333333333,0,0,0,0,0,2.6041666666666665,0,6.510416666666667,0,0,0,1.3020833333333333,0,0,1.3020833333333333,0,2.6041666666666665,0,0,1.3020833333333333,0,0,0,0,0,0,1.3020833333333333,0,0,0,0,0,0,0,0,0,0,0,0,2.6041666666666665,0,0,0,0,0,0,0,0,0,0,3.90625,3.90625,0,6.510416666666667,2.6041666666666665,0,0,0,2.6041666666666665,0,0,0,0,0,0,0,0,0,0,0,0,0,0,1.3020833333333333,0,0,2.6041666666666665,0,0,0,0,0,0,0,0,0,0,0,1.3020833333333333,1.3020833333333333,0,0,0,0,0,0,0,1.3020833333333333,1.3020833333333333,0,1.3020833333333333,0,0,0,0,0,0,1.3020833333333333,3.90625,0,0,0,2.6041666666666665,0,0,0,0,0,1.3020833333333333,5.208333333333333,0,2.6041666666666665,0,0,0,0,0,0,0,0,0,0,0,0,0,2.6041666666666665,0,0,1.3020833333333333,0,1.3020833333333333,0,0,1.3020833333333333,1.3020833333333333,2.6041666666666665,0,0,0,0,0,0,0,0,0,0,0,0,1.3020833333333333,0,0,0,0,0,0,0,0,0,0,0,0,0,0,0,0
martov_polit_partii_v_Rosii.txt_chunk1,martov,7,0,0,1,0,0,4,2,3,5,0,43,0,0,1,0,0,0,0,1,0,7,4,2,1,0,0,1,0,1,0,0,0,0,1,2,0,2,1,0,0,2,1,3,0,0,1,1,2,5,4,1,12,0,0,1,41,0,6,2,3,1,8,4,0,5,0,2,1,0,0,0,5,0,1,0,0,0,3,0,0,0,0,0,1,1,1,0,0,12,1,1,13,0,0,0,0,0,0,0,0,1,0,0,5,1,2,1,1,2,0,0,0,0,2,3,6,1,0,3,0,0,1,1,4,2,0,0,0,0,0,0,9,0,1,1,0,0,1,1,0,3,0,0,3,1,1,0,1,0,0,0,0,0,1,6,0,1,0,0,0,6,6,0,2,1,1,0,0,0,0,0,0,0,1,0,0,1,0,12,7,1,2,0,3,3,1,0,0,0,0,0,0,1,1,0,0,0,0,1,0,0,1,0,0,0,0,3,0,0,1,1,1,1,0,0,3,0,1,1,0,0,0,1,0,0,1,0,0,1,3,3,0,2,1,1,1,0,3,1,5,4,0,1,0,0,0,0,0,0,0,0,2,0,1,0,0,0,1,1,23,12,2,3,2,0,0,0,0,0,0,1,0,3,0,0,0,3,0,4,0,0,0,2,0,0,0,0,0,0,2,0,0,1,0,0,0,1,0,0,0,1,0,2,0,1,0,1,0,0,0,0,0,0,0,9,3,2,2,0,1,0,1,1,0,0,0,0,0,0,0,0,1,0,0,0,0,0,0,1,0,0,0,0,0,0,0,0,0,0,0,1,0,0,1,0,0,0,0,1,0,2,0,1,2,0,0,0,0,0,0,0,0,0,0,0,0,1,1,0,3,0,0,0,0,0,1,0,0,0,0,0,1,0,0,0,1,1,1,1,0,1,1,0,1,0,0,0,3,0,0,1,0,0,0,0,0,1,0,0,0,0,2,2,2,0,0,0,0,0,4,0,0,2,0,0,0,0,0,0,0,0,0,0,0,0,1,1,0,0,0,0,0,1,0,0,0,0,0,4,4,0,0,1,0,0,0,0,0,0,0,1,0,0,0,0,0,0,0,0,0,0,0,0,0,0,0,3,0,0,0,5,0,0,1,0,0,0,0,0
martov_polit_partii_v_Rosii.txt_chunk2,martov,6,0,0,0,0,0,2,0,3,1,4,28,1,0,0,0,1,0,0,1,1,0,4,1,2,1,1,0,2,2,0,0,0,0,0,0,0,4,2,1,1,5,2,2,1,0,0,4,2,2,3,0,12,0,0,1,46,0,4,3,1,0,6,4,0,3,1,0,1,1,1,0,2,0,0,2,0,3,0,3,0,1,0,0,0,3,0,0,0,15,0,1,17,0,0,0,0,0,0,2,0,0,3,0,7,1,3,0,0,0,0,0,0,0,1,2,13,0,0,5,1,0,1,0,5,1,0,0,3,0,0,1,6,0,0,0,0,2,0,1,0,1,0,3,0,3,0,0,0,0,0,0,1,0,0,5,0,0,0,2,0,4,2,0,2,2,2,1,0,1,1,0,0,0,0,0,1,0,0,10,5,0,3,0,2,0,2,2,0,1,0,1,0,1,0,0,2,0,0,0,0,2,0,0,2,0,0,2,3,1,0,0,1,0,0,0,1,0,0,2,1,0,0,0,0,0,1,0,0,1,1,1,1,2,1,3,2,1,2,2,0,2,1,0,0,0,0,0,0,0,0,1,2,0,1,0,0,0,0,0,8,8,0,3,1,0,0,0,1,0,0,2,0,0,0,0,0,4,0,0,0,0,0,0,2,4,0,1,0,0,2,0,0,0,0,0,0,2,0,0,0,1,0,4,0,1,1,2,0,1,0,0,0,0,0,1,0,5,1,1,1,1,0,0,1,0,0,0,0,0,1,0,0,0,0,0,1,0,1,1,0,0,0,0,0,0,0,1,0,0,0,0,0,0,0,0,0,0,0,1,0,0,1,0,0,0,0,1,0,1,0,0,0,0,0,0,0,0,0,0,2,0,0,0,0,0,3,0,3,0,0,1,2,0,1,2,0,0,4,1,1,0,2,0,0,0,0,0,0,0,0,0,0,0,0,0,0,1,0,0,0,5,0,2,0,1,2,0,0,1,0,0,0,1,1,2,0,0,2,0,0,0,2,1,0,0,0,0,1,0,0,0,2,0,0,0,0,1,0,2,0,0,0,0,0,0,1,0,0,0,0,0,0,0,0,1,0,0,0,0,0,0,0,0,0,0,0,0,0,0,0,0,0,0,1,0,0,0,0,0
martov_polit_partii_v_Rosii.txt_chunk3,martov,2,0,0,2,0,0,0,0,1,4,2,24,0,0,0,0,0,0,0,3,0,0,2,3,0,1,0,1,0,2,0,2,0,1,1,0,0,11,2,4,0,3,1,2,0,0,2,0,1,8,0,0,9,0,0,0,51,0,3,2,5,0,0,2,0,8,1,7,1,1,0,0,2,0,0,3,0,1,1,0,0,0,0,3,0,2,1,0,0,15,2,0,15,0,1,0,0,0,1,2,0,0,1,0,13,0,6,2,0,0,0,0,0,1,0,6,8,1,0,3,0,0,1,0,4,0,0,0,1,0,0,0,8,0,1,0,0,0,0,0,0,1,0,1,1,0,0,0,0,0,0,0,0,0,1,6,0,0,0,2,0,5,3,0,4,4,0,2,0,1,3,0,0,0,0,2,0,1,0,17,6,1,3,0,1,0,0,0,0,0,0,2,0,1,0,0,1,0,0,1,0,0,0,0,0,1,0,0,0,0,0,0,0,0,4,1,0,0,3,2,0,0,0,0,0,0,0,0,0,0,0,1,0,1,0,3,0,1,0,1,3,0,0,0,0,0,0,0,0,0,0,0,2,0,1,0,0,0,0,1,10,10,0,3,4,0,0,2,0,0,0,0,0,0,0,0,0,1,0,0,0,0,0,0,0,0,0,0,0,0,0,0,0,0,0,0,0,3,0,1,0,1,0,4,0,0,0,0,0,0,0,1,2,0,0,3,1,2,1,1,0,0,0,0,0,0,0,0,0,1,0,0,0,0,0,0,0,0,0,0,0,0,1,0,0,0,0,1,0,0,0,1,0,0,1,1,1,2,0,1,1,0,0,0,0,1,2,0,0,3,0,0,0,1,0,0,0,0,4,1,0,0,0,0,0,1,0,0,2,1,0,0,1,0,0,0,0,1,2,1,0,1,1,0,1,2,0,0,1,0,0,1,2,0,0,0,0,0,0,0,2,7,0,2,5,1,3,0,0,0,0,0,0,0,1,6,0,0,6,0,0,2,2,5,0,0,0,1,0,0,0,0,0,0,0,1,0,0,0,3,0,1,0,0,0,0,0,1,0,0,0,0,0,0,0,0,0,0,2,0,0,0,0,1,1,2,0,0,2,0,0,1,0,0,0,0,0,0,0,0
martov_polit_partii_v_Rosii.txt_chunk4,martov,8,0,0,0,0,0,1,4,0,2,2,15,1,0,2,1,0,1,0,0,0,0,2,1,1,2,1,1,1,0,0,0,0,0,1,0,0,1,0,4,0,2,0,1,1,1,1,2,4,6,0,0,11,1,0,1,44,0,4,3,1,0,5,6,0,5,1,4,0,2,1,2,1,0,0,0,0,0,0,2,0,0,0,0,1,1,1,0,0,13,3,0,22,0,0,0,0,0,2,4,0,1,2,0,12,0,0,0,2,0,2,0,0,0,0,1,8,0,0,4,0,0,1,1,9,1,0,0,3,0,0,0,15,0,0,0,0,1,1,1,0,1,1,1,3,0,2,0,0,0,0,0,0,0,0,3,3,1,0,1,0,4,2,3,3,1,0,0,0,0,3,0,0,2,0,0,0,0,0,7,5,1,0,1,8,1,2,1,0,1,0,2,0,0,0,3,1,0,0,1,0,1,0,0,0,0,0,0,1,3,0,0,0,0,0,0,3,0,0,0,0,0,0,0,1,0,0,0,0,0,0,2,0,2,0,1,1,0,1,2,1,2,0,0,1,0,0,0,0,0,0,0,0,0,2,0,0,0,0,0,13,16,0,3,3,0,0,1,1,0,0,1,0,0,0,0,0,1,0,0,1,1,2,1,1,2,0,1,0,0,0,0,1,3,0,0,0,1,0,0,0,0,0,3,0,0,4,0,1,1,0,2,0,0,0,1,0,0,0,2,1,0,2,0,2,0,0,1,0,0,0,0,1,0,0,3,0,0,0,3,0,1,0,1,0,0,0,1,0,1,0,0,0,0,0,0,0,2,1,0,0,2,0,1,1,1,1,0,0,0,0,1,0,0,1,0,0,0,1,1,1,0,0,0,0,0,2,0,1,0,0,0,0,0,0,1,1,1,0,0,0,0,3,1,0,1,0,0,5,0,0,0,1,0,0,1,0,0,0,0,1,0,0,1,3,0,1,0,0,1,0,0,0,0,0,12,0,0,3,0,0,1,0,2,1,0,0,1,0,0,0,0,1,0,0,0,0,0,0,0,0,0,0,0,3,0,0,0,0,0,0,0,0,0,0,0,0,0,0,0,0,0,0,0,0,1,0,0,0,0,0,1,0,0,0,0,0,0,0,0
martov_polit_partii_v_Rosii.txt_chunk6,martov,6,0,0,2,3,3,1,0,0,2,2,29,0,0,1,0,0,0,0,0,0,1,7,1,0,2,1,0,0,0,0,0,0,0,0,0,0,2,0,4,0,5,1,4,2,1,2,3,3,1,0,0,10,0,0,3,42,0,3,5,0,0,3,5,1,6,2,2,0,1,1,0,0,0,2,0,0,3,1,10,0,1,0,0,0,3,2,0,0,10,2,0,14,0,0,0,0,0,0,1,0,1,1,0,6,1,3,1,3,0,0,0,0,1,0,0,1,1,0,7,0,0,0,0,7,0,0,0,2,0,0,0,13,0,1,0,0,2,0,0,1,0,0,0,1,0,0,0,0,0,0,0,1,0,0,3,0,1,0,3,0,6,2,0,3,0,0,0,1,1,0,0,0,1,0,0,0,1,0,10,2,1,3,0,1,0,3,0,0,1,0,2,0,0,0,0,3,0,0,0,0,0,0,1,0,1,1,0,1,3,0,0,3,1,0,0,1,0,2,0,1,0,2,0,1,1,0,0,0,3,0,1,2,2,0,0,1,0,1,3,0,5,0,0,0,0,0,0,0,0,0,1,3,0,0,0,0,0,0,0,6,9,2,0,1,0,0,0,1,1,2,0,0,7,2,0,0,0,0,0,0,2,1,1,2,0,0,0,0,0,1,0,1,1,0,0,0,4,0,0,0,0,0,0,0,1,3,0,0,0,0,0,5,0,0,2,0,0,0,0,0,0,0,0,0,0,0,0,0,0,3,0,1,0,3,0,0,0,0,3,2,0,0,0,0,0,0,0,0,0,0,1,0,0,0,0,0,0,0,0,0,2,0,0,0,0,1,1,1,1,0,0,0,0,0,0,0,0,3,0,0,0,0,0,0,0,0,0,0,0,0,0,2,0,1,0,0,0,0,0,0,0,2,0,0,6,0,1,1,0,1,1,0,1,2,2,0,0,2,0,1,0,0,1,1,0,2,0,0,0,0,0,0,1,0,0,1,0,0,0,1,0,0,0,0,0,0,2,0,0,0,1,0,2,0,0,0,0,2,2,0,0,0,3,4,0,0,0,0,0,0,0,0,1,0,0,0,0,1,0,0,0,0,1,0,0,0,0,0,0,0,1,0,0,0,0,0,0,0,0
martov_polit_partii_v_Rosii.txt_chunk7,martov,4,0,0,0,4,2,1,0,0,0,0,36,3,0,1,0,0,3,0,0,0,2,4,1,2,3,0,0,0,0,0,0,0,1,2,0,0,0,0,0,1,0,2,0,0,0,2,1,2,4,2,0,7,0,0,0,40,0,5,1,4,1,6,9,0,10,1,1,0,3,0,0,3,0,1,0,0,0,0,6,0,0,0,3,0,0,0,0,0,15,0,4,13,0,1,0,0,0,1,0,0,0,2,0,10,1,5,0,1,3,0,0,2,0,0,0,4,1,0,11,0,0,1,1,6,0,0,0,5,0,0,0,14,0,1,0,1,0,1,2,1,2,0,3,0,8,0,0,0,0,0,1,0,0,0,4,0,1,0,2,0,5,4,0,2,1,1,1,0,0,0,0,0,1,1,0,0,3,0,6,4,1,2,0,2,0,2,1,0,1,0,2,0,0,0,0,2,0,0,0,0,0,0,2,0,0,1,2,1,0,0,0,1,0,0,1,0,0,0,0,0,0,0,0,0,0,1,0,0,0,1,1,0,0,0,2,1,0,5,4,0,3,0,0,0,0,0,0,0,0,0,0,1,0,0,0,0,0,0,1,8,8,1,0,8,0,0,0,0,0,4,0,0,3,3,1,0,1,0,4,0,4,3,1,4,1,0,0,1,0,2,1,0,1,1,1,0,3,2,0,0,0,0,2,0,0,0,0,0,0,0,0,0,0,0,1,0,0,0,0,0,1,0,1,0,0,0,0,0,1,3,0,3,0,0,0,0,0,0,2,0,0,0,0,0,0,0,0,0,1,0,0,0,0,0,0,0,0,0,0,2,0,0,0,1,0,0,3,0,0,1,5,0,0,0,0,0,0,1,0,1,0,0,0,0,0,0,1,1,0,1,0,2,0,0,0,0,2,1,1,0,0,2,0,0,1,0,0,1,1,0,1,0,1,0,2,0,0,4,0,0,1,1,0,2,0,0,1,0,0,0,0,0,2,0,2,0,0,0,0,0,0,1,0,0,0,1,2,0,1,0,0,0,2,0,0,0,0,0,0,1,0,0,2,0,0,1,2,1,0,0,0,1,0,0,0,0,0,0,0,0,0,2,1,1,0,0,0,0,0,0,0,0,0,1,0,0,0,0,0
martov_probuzhdenie_demokratii_I.txt_chunk2,martov,1,0,0,0,2,0,6,0,3,0,0,23,0,0,4,1,0,1,0,0,1,3,3,1,1,0,0,0,0,0,0,0,1,1,0,0,0,5,1,0,0,4,1,2,1,0,2,0,1,0,1,0,3,0,0,1,42,1,1,3,4,0,1,9,1,3,1,2,0,0,0,0,1,1,2,0,1,0,1,0,0,0,0,0,0,1,0,0,0,10,0,0,14,0,0,0,0,0,0,1,1,0,0,0,1,1,4,4,1,0,0,0,0,0,0,0,1,0,0,6,1,0,2,4,5,0,3,0,1,2,0,0,12,0,1,0,0,0,1,3,2,0,0,1,4,0,0,0,1,1,1,1,0,0,0,0,2,1,0,1,0,1,4,0,2,2,1,0,0,0,0,0,1,0,1,0,0,1,0,13,2,2,1,1,4,1,5,1,1,3,0,2,0,1,1,0,0,0,1,0,1,0,0,2,0,3,0,0,3,0,0,0,0,0,2,0,1,0,1,1,1,0,0,1,1,1,0,0,0,2,0,1,0,1,1,1,0,1,3,1,1,0,0,1,6,0,0,0,0,2,1,0,0,0,2,0,1,4,0,0,1,1,0,0,3,1,1,3,0,0,0,0,1,1,0,0,5,1,1,1,0,0,1,0,2,0,1,0,0,1,1,0,0,2,0,1,0,0,0,0,0,1,3,0,0,1,0,0,1,0,0,1,1,0,0,0,1,1,0,1,2,0,2,1,0,0,1,0,2,1,0,0,0,1,0,0,0,1,0,0,0,0,1,0,0,0,0,0,0,2,0,0,0,0,0,0,1,2,0,1,1,1,0,2,1,1,0,0,1,0,0,1,0,0,0,1,1,0,21,0,1,0,0,2,0,0,0,0,1,0,1,1,0,1,2,0,0,0,0,0,0,0,0,0,0,0,0,1,0,2,0,0,0,3,1,0,0,1,0,0,0,0,2,1,1,0,6,0,0,0,3,0,0,5,0,4,0,0,0,0,0,1,0,0,5,2,0,0,3,4,1,3,0,0,0,1,0,0,0,0,3,0,0,0,1,0,0,0,0,1,0,0,0,0,0,0,0,0,0,0,0,0,0,4,0,0,0,0,3,0,0,0,0,0,0,0,0,0,0,0
martov_razgrom_I.txt_chunk1,martov,1,0,0,0,1,0,0,0,1,4,5,28,0,0,1,0,0,0,0,0,0,1,4,0,1,1,0,0,0,0,0,0,1,0,0,0,0,2,1,1,0,2,0,3,1,1,0,0,6,0,1,0,2,0,0,0,40,0,4,3,1,0,2,6,0,7,0,3,0,0,3,1,3,0,0,0,4,1,0,1,0,0,0,0,0,5,1,0,0,12,0,0,20,1,1,0,0,0,2,0,0,0,0,0,4,0,6,0,0,0,0,0,0,1,4,3,4,1,0,2,0,0,2,2,1,1,0,0,0,0,2,2,8,0,0,0,0,0,0,0,1,0,0,1,0,2,1,1,0,0,0,0,0,0,0,2,0,0,0,0,1,1,2,3,4,3,0,0,0,0,1,0,0,1,0,0,1,1,2,14,4,4,2,0,4,4,1,0,2,1,0,1,0,0,0,1,1,0,2,0,0,0,0,0,0,1,0,0,0,0,0,0,0,0,0,1,2,0,0,0,2,1,0,1,0,0,0,0,0,0,1,2,0,5,0,0,0,1,0,2,0,0,0,0,0,0,0,0,0,0,0,0,1,0,1,0,0,0,0,0,0,0,1,6,1,0,0,0,0,2,0,0,1,0,1,0,0,0,0,0,1,0,0,0,1,0,0,0,0,1,6,0,0,0,0,0,0,0,0,0,0,0,0,0,0,0,0,0,0,0,0,0,0,0,0,1,1,1,1,1,2,0,1,1,0,0,0,0,0,0,2,0,0,0,0,0,0,0,1,0,0,0,0,0,0,1,3,0,0,0,0,0,0,0,0,1,0,0,0,0,1,0,0,0,0,1,0,0,1,0,0,0,0,0,0,1,0,0,0,0,0,0,0,0,1,0,0,0,0,0,0,0,1,0,0,1,0,0,0,0,0,0,0,0,1,0,0,1,0,0,0,1,1,0,0,1,1,2,0,0,2,0,0,0,2,0,0,0,0,2,0,0,0,1,0,0,0,0,0,0,0,0,1,1,0,0,0,0,0,1,2,0,0,0,0,0,0,0,0,0,0,0,0,0,0,0,1,0,0,1,0,0,0,0,0,0,0,0,0,0,0,2,0,0,0,1,0,0,0,0,0,5,0,0,0,0,0,0,0,0
martov_razgrom_I.txt_chunk2,martov,4,0,0,1,0,0,2,0,0,1,1,30,0,0,0,0,0,0,0,2,1,1,2,0,2,1,0,1,0,0,0,0,0,0,2,0,0,7,0,1,0,0,0,6,2,3,2,0,5,2,1,0,4,0,0,0,40,0,3,3,1,0,0,2,0,4,1,0,0,4,0,0,1,1,0,0,0,0,0,1,0,0,0,2,0,6,0,0,0,11,0,3,24,4,0,0,0,0,0,4,0,0,0,1,3,0,4,0,0,0,2,0,0,0,2,6,0,0,0,6,0,0,0,6,2,3,0,0,1,0,0,0,11,0,0,0,0,2,1,1,0,1,1,2,2,0,0,0,0,0,0,0,0,0,0,2,0,0,0,3,0,2,0,2,2,3,0,0,1,0,1,0,0,1,0,0,0,1,2,13,4,1,0,1,1,6,0,0,0,1,0,2,0,0,0,0,0,1,0,0,1,0,1,0,0,1,0,0,0,0,0,0,0,0,1,1,1,1,0,0,4,0,0,1,0,0,0,0,0,0,0,0,0,3,0,0,2,0,4,2,0,0,0,1,0,0,0,0,2,0,2,0,0,1,0,0,0,0,1,0,1,0,0,0,3,0,0,1,0,2,1,4,3,0,0,0,0,2,0,0,0,0,0,0,1,0,0,0,0,1,0,0,0,0,2,1,0,0,0,0,0,0,0,0,1,0,0,2,0,0,0,0,1,0,0,0,0,0,0,5,0,2,0,1,0,0,0,0,0,0,5,0,0,1,0,0,0,0,0,1,0,0,0,0,0,0,0,0,0,0,1,0,0,0,0,0,0,0,0,0,1,0,0,0,1,0,0,0,0,0,0,0,0,0,0,0,0,0,0,0,2,0,0,2,0,0,0,0,3,0,0,0,0,0,0,0,0,0,3,0,0,0,0,0,0,0,0,2,0,1,0,2,3,0,1,0,0,0,0,0,2,0,0,0,1,0,0,0,0,0,0,0,2,6,0,0,0,0,0,0,0,0,4,1,0,0,1,0,2,1,0,0,0,0,0,0,0,0,0,0,0,0,0,0,0,0,0,0,2,0,0,0,1,0,0,0,0,0,0,0,0,1,0,2,0,1,0,0,0,0,0,1,0,0,1,0,1,0,0,0
martov_slezy_starogo_krokodila_I.txt_chunk1,martov,1,0,0,0,0,0,3,1,0,0,2,46,1,0,0,0,0,0,0,1,0,3,1,0,3,0,1,0,1,1,0,0,0,0,0,3,0,6,0,1,1,0,1,7,1,1,1,1,1,5,1,0,5,0,0,0,40,1,8,1,0,0,7,9,0,5,0,4,0,0,0,0,0,0,3,1,0,0,0,0,0,0,0,0,0,2,0,0,0,12,1,3,11,0,1,0,0,1,4,1,1,1,2,1,4,0,8,5,1,0,0,1,1,1,1,0,3,0,0,6,1,0,0,0,6,2,0,0,0,0,1,0,7,0,0,0,0,1,2,1,0,2,0,2,2,1,2,0,0,0,0,0,0,0,0,2,2,0,0,3,0,7,1,0,2,3,0,2,0,0,3,0,0,0,0,0,0,0,0,17,4,0,1,0,6,0,1,0,1,0,0,1,0,2,1,0,0,0,0,0,0,0,0,1,0,2,0,1,1,0,0,0,0,1,1,0,0,0,0,0,0,0,0,0,1,0,0,0,0,1,0,1,0,4,0,4,0,0,0,1,6,0,1,0,0,0,0,0,0,0,2,0,1,0,0,0,0,0,0,1,0,0,0,1,3,0,0,1,0,0,1,0,0,0,0,1,0,0,0,0,1,0,0,0,1,2,0,0,0,1,2,0,0,0,0,0,0,0,0,0,0,0,0,0,1,0,0,2,0,0,0,0,0,0,0,0,0,1,0,0,0,0,0,1,0,0,0,0,0,1,1,0,0,0,1,0,0,1,1,0,0,2,0,0,0,0,0,0,0,2,0,0,0,2,0,0,0,0,0,1,0,0,0,0,0,0,0,0,0,0,0,0,0,0,0,0,1,0,1,1,0,3,0,0,0,0,1,0,0,0,1,0,0,0,2,0,0,0,0,0,0,0,0,0,0,0,0,0,0,0,0,0,0,0,0,0,2,1,0,0,0,1,0,0,0,0,0,0,0,0,0,0,0,0,0,2,0,0,0,0,0,0,1,0,1,0,0,0,0,0,0,0,0,0,0,0,0,0,0,0,0,0,0,0,0,1,0,0,0,1,0,0,0,0,0,0,0,0,0,0,0,0,1,0,0,0,0,0,0,0,0,0,0,0,0,0,0,0,0,0
martov_slezy_starogo_krokodila_I.txt_chunk2,martov,8.333333333333334,0,0,0,0,1.1904761904761907,3.571428571428571,1.1904761904761907,0,1.1904761904761907,3.571428571428571,25,0,0,1.1904761904761907,0,1.1904761904761907,1.1904761904761907,0,3.571428571428571,0,0,4.761904761904763,0,1.1904761904761907,2.3809523809523814,1.1904761904761907,0,2.3809523809523814,2.3809523809523814,0,0,2.3809523809523814,1.1904761904761907,1.1904761904761907,0,0,2.3809523809523814,1.1904761904761907,0,0,1.1904761904761907,0,4.761904761904763,2.3809523809523814,1.1904761904761907,4.761904761904763,1.1904761904761907,0,3.571428571428571,1.1904761904761907,0,4.761904761904763,1.1904761904761907,1.1904761904761907,0,27.38095238095238,0,4.761904761904763,1.1904761904761907,1.1904761904761907,0,1.1904761904761907,7.142857142857142,0,10.714285714285714,0,1.1904761904761907,0,0,1.1904761904761907,0,1.1904761904761907,0,0,0,0,1.1904761904761907,1.1904761904761907,0,0,1.1904761904761907,0,2.3809523809523814,1.1904761904761907,0,1.1904761904761907,0,1.1904761904761907,9.5238095238095255,0,1.1904761904761907,15.476190476190476,0,0,0,0,0,1.1904761904761907,0,0,1.1904761904761907,0,2.3809523809523814,7.142857142857142,1.1904761904761907,3.571428571428571,0,0,0,3.571428571428571,0,0,1.1904761904761907,5.952380952380952,0,1.1904761904761907,0,0,13.095238095238095,0,0,2.3809523809523814,1.1904761904761907,2.3809523809523814,3.571428571428571,0,0,1.1904761904761907,0,0,1.1904761904761907,11.904761904761903,0,1.1904761904761907,0,0,0,5.952380952380952,2.3809523809523814,0,0,2.3809523809523814,0,0,1.1904761904761907,1.1904761904761907,0,0,0,0,0,0,0,0,3.571428571428571,0,0,1.1904761904761907,0,0,3.571428571428571,0,0,5.952380952380952,0,0,0,0,0,1.1904761904761907,0,0,0,0,0,2.3809523809523814,3.571428571428571,2.3809523809523814,19.04761904761905,1.1904761904761907,0,0,0,5.952380952380952,1.1904761904761907,0,0,1.1904761904761907,0,0,0,0,0,0,1.1904761904761907,1.1904761904761907,0,0,1.1904761904761907,0,0,0,0,2.3809523809523814,0,0,0,0,0,1.1904761904761907,0,0,0,0,0,1.1904761904761907,0,0,0,0,0,1.1904761904761907,0,1.1904761904761907,0,0,0,0,1.1904761904761907,0,0,0,0,3.571428571428571,0,1.1904761904761907,0,4.761904761904763,3.571428571428571,10.714285714285714,0,1.1904761904761907,0,0,1.1904761904761907,0,0,0,0,0,0,1.1904761904761907,0,0,0,0,0,1.1904761904761907,0,1.1904761904761907,0,0,0,3.571428571428571,0,0,0,0,0,0,0,0,2.3809523809523814,2.3809523809523814,0,0,1.1904761904761907,0,0,0,0,0,0,0,0,0,0,0,2.3809523809523814,0,0,0,1.1904761904761907,0,0,0,0,0,0,0,0,0,2.3809523809523814,0,2.3809523809523814,0,0,0,0,0,0,2.3809523809523814,0,0,0,1.1904761904761907,1.1904761904761907,0,0,1.1904761904761907,0,0,1.1904761904761907,0,0,0,0,0,1.1904761904761907,0,0,0,0,0,0,0,0,0,0,0,1.1904761904761907,1.1904761904761907,0,2.3809523809523814,0,0,0,0,2.3809523809523814,0,0,0,0,0,0,0,0,0,1.1904761904761907,0,0,1.1904761904761907,0,0,0,0,0,0,2.3809523809523814,1.1904761904761907,1.1904761904761907,0,0,0,1.1904761904761907,1.1904761904761907,0,7.142857142857142,0,0,0,0,0,0,0,0,0,0,0,0,0,0,0,1.1904761904761907,1.1904761904761907,0,0,1.1904761904761907,0,0,0,0,1.1904761904761907,0,0,0,0,0,1.1904761904761907,1.1904761904761907,0,1.1904761904761907,0,0,0,0,0,0,0,0,0,0,0,1.1904761904761907,0,0,0,0,0,0,0,0,1.1904761904761907,0,0,0,0,0,0,0,0,2.3809523809523814,0,0,0,0,0,0,2.3809523809523814,0,0,0,0,0,0,0,0,0,1.1904761904761907,0,0,0,0,0,0,0,1.1904761904761907,0,1.1904761904761907,0,0,0,0,0,0,0,0,0,0,0,0,0,0,1.1904761904761907,0,0,0,0,0,0,0,0,0,0,0,0,0,0,0
martov_tak_li_my_gotovimsya_I.txt_chunk1,martov,1,0,0,0,1,0,7,0,1,4,2,27,0,0,1,0,0,0,0,1,0,3,5,0,1,1,2,0,0,0,0,0,0,0,0,0,0,5,1,0,0,0,0,11,0,1,0,0,2,0,0,1,5,1,0,1,33,0,4,2,0,0,2,7,0,1,0,7,0,3,1,0,0,1,1,0,0,0,0,1,0,0,0,1,0,2,0,0,0,19,0,1,14,5,0,0,0,0,1,0,1,0,0,1,5,1,0,0,0,1,1,0,0,0,0,0,1,2,0,3,0,1,1,6,1,2,1,0,1,0,2,0,11,0,0,0,0,3,3,2,0,0,0,1,0,2,3,0,0,0,0,1,0,0,0,5,0,0,0,2,0,1,0,2,3,1,0,0,1,0,2,0,2,0,0,1,0,1,1,4,6,0,1,1,2,1,0,0,0,1,0,0,0,0,0,0,1,0,0,0,0,0,0,0,1,3,0,0,0,0,0,0,1,0,1,4,2,0,0,0,2,0,0,0,1,1,0,0,1,0,0,0,0,2,0,1,0,0,1,1,0,0,0,1,0,0,0,0,0,1,0,1,0,1,0,6,1,1,1,0,0,0,0,1,2,0,2,0,1,1,1,0,3,3,0,0,0,0,0,0,0,2,2,0,3,0,0,0,0,0,1,1,1,0,0,0,0,0,0,1,0,0,1,0,0,2,0,1,0,0,1,0,0,5,0,1,0,0,1,0,2,2,3,2,0,0,0,2,0,1,2,0,0,0,0,0,2,0,0,1,1,0,0,1,0,0,0,0,0,0,0,0,0,0,0,0,0,0,0,0,0,5,0,1,0,0,0,0,0,0,0,0,1,0,0,2,0,0,1,1,0,2,0,0,0,0,0,0,0,0,0,0,1,3,0,0,0,0,3,0,0,0,1,3,0,0,1,0,1,0,1,0,1,0,0,0,0,0,0,0,0,1,5,0,6,0,0,0,0,1,0,0,0,5,0,0,0,0,0,0,0,0,0,3,0,0,6,0,0,0,0,0,1,2,1,0,0,0,0,0,2,1,0,1,0,0,0,0,2,0,0,0,1,0,0,0,1,0,0,0,0,0,0,0,1,0,0,0,0,0,0,4,0,0,0,0,3,0,0,0
martov_tak_li_my_gotovimsya_I.txt_chunk2,martov,3,0,2,2,11,0,10,0,1,2,1,31,0,1,4,0,0,0,0,0,1,3,11,0,0,1,0,0,1,0,0,0,0,4,0,0,0,11,1,0,2,0,0,8,1,2,3,0,1,4,0,0,1,0,0,0,29,0,1,6,1,2,2,9,0,4,1,4,0,3,2,1,4,0,0,0,0,0,3,2,0,0,0,0,2,4,1,0,0,10,0,0,7,2,0,0,0,0,0,0,2,1,0,0,1,2,1,1,1,0,0,0,0,2,0,1,1,6,1,1,1,0,1,1,2,3,2,0,4,1,1,0,3,0,0,0,0,0,1,1,0,2,0,1,1,0,1,0,0,1,0,0,0,0,0,2,0,0,1,5,0,4,2,1,2,1,1,1,1,0,1,0,0,0,0,1,0,8,0,6,3,2,1,0,4,1,3,1,0,1,0,0,0,0,0,1,1,0,0,0,2,0,0,1,0,0,0,0,0,0,1,0,0,0,0,3,0,0,1,0,3,0,0,2,1,0,0,0,0,1,1,1,0,3,0,0,2,0,2,6,1,0,1,2,0,0,0,0,0,0,2,0,0,0,1,6,1,9,2,0,6,0,0,0,0,1,2,0,0,0,0,0,5,1,0,0,0,1,1,1,0,0,1,1,3,1,0,0,1,0,0,0,0,0,0,0,1,0,0,0,0,0,0,0,0,0,0,0,1,0,0,0,3,1,0,0,0,0,1,0,1,0,2,3,0,0,0,0,0,4,0,0,1,1,0,1,1,0,1,1,3,0,1,0,0,1,0,2,0,1,0,0,0,0,0,0,0,0,0,1,0,1,0,0,1,0,0,0,0,0,0,2,1,0,0,2,0,1,10,4,1,1,0,3,0,1,0,0,1,0,0,1,2,0,5,0,0,0,0,1,1,1,0,0,1,0,0,1,0,0,0,0,1,2,0,0,0,0,0,0,0,0,1,0,3,1,0,0,0,1,2,0,0,5,0,0,0,0,0,0,0,0,0,1,0,0,1,0,0,0,1,0,2,0,1,0,0,0,1,0,0,0,0,0,0,0,1,0,3,2,1,0,0,0,1,0,1,0,0,0,0,1,0,0,1,0,0,0,0,0,0,1,0,0,0,0,0,0,0,0
martov_tak_li_my_gotovimsya_I.txt_chunk3,martov,2.3923444976076556,0,0,5.980861244019139,2.3923444976076556,0,8.373205741626794,0,0,2.3923444976076556,3.5885167464114835,29.904306220095695,1.1961722488038278,0,3.5885167464114835,1.1961722488038278,0,0,1.1961722488038278,0,1.1961722488038278,1.1961722488038278,5.980861244019139,1.1961722488038278,4.784688995215311,0,0,0,0,0,0,1.1961722488038278,0,2.3923444976076556,0,0,0,4.784688995215311,0,2.3923444976076556,0,1.1961722488038278,0,1.1961722488038278,0,1.1961722488038278,2.3923444976076556,0,1.1961722488038278,2.3923444976076556,0,0,0,0,0,0,41.866028708133975,0,2.3923444976076556,0,3.5885167464114835,0,3.5885167464114835,4.784688995215311,0,9.569377990430622,0,2.3923444976076556,0,5.980861244019139,0,0,3.5885167464114835,0,0,0,0,0,0,3.5885167464114835,0,0,0,0,0,4.784688995215311,1.1961722488038278,0,0,9.569377990430622,0,1.1961722488038278,15.55023923444976,0,0,0,1.1961722488038278,0,0,5.980861244019139,0,0,0,0,1.1961722488038278,0,8.373205741626794,0,0,0,0,1.1961722488038278,1.1961722488038278,1.1961722488038278,0,3.5885167464114835,2.3923444976076556,10.76555023923445,3.5885167464114835,1.1961722488038278,0,0,1.1961722488038278,5.980861244019139,4.784688995215311,0,0,0,1.1961722488038278,0,0,0,8.373205741626794,0,1.1961722488038278,0,0,3.5885167464114835,0,1.1961722488038278,0,1.1961722488038278,0,0,0,1.1961722488038278,2.3923444976076556,0,0,0,0,0,0,0,0,2.3923444976076556,0,0,1.1961722488038278,4.784688995215311,0,5.980861244019139,4.784688995215311,3.5885167464114835,5.980861244019139,0,0,1.1961722488038278,0,0,1.1961722488038278,0,2.3923444976076556,0,0,0,0,3.5885167464114835,1.1961722488038278,11.961722488038278,4.784688995215311,1.1961722488038278,0,0,1.1961722488038278,1.1961722488038278,3.5885167464114835,0,1.1961722488038278,0,0,1.1961722488038278,1.1961722488038278,0,1.1961722488038278,0,1.1961722488038278,2.3923444976076556,0,0,1.1961722488038278,0,0,1.1961722488038278,0,3.5885167464114835,0,0,1.1961722488038278,0,0,0,0,0,0,0,0,0,0,0,1.1961722488038278,0,0,1.1961722488038278,2.3923444976076556,0,0,0,0,0,0,1.1961722488038278,0,1.1961722488038278,0,1.1961722488038278,0,0,2.3923444976076556,3.5885167464114835,1.1961722488038278,0,0,1.1961722488038278,1.1961722488038278,0,0,0,0,0,1.1961722488038278,0,0,2.3923444976076556,0,0,1.1961722488038278,8.373205741626794,1.1961722488038278,0,7.177033492822967,1.1961722488038278,0,0,0,0,1.1961722488038278,0,0,0,0,0,1.1961722488038278,3.5885167464114835,1.1961722488038278,0,0,0,0,1.1961722488038278,0,0,1.1961722488038278,0,2.3923444976076556,0,0,0,0,0,1.1961722488038278,0,0,0,1.1961722488038278,0,0,0,0,0,0,0,0,0,0,1.1961722488038278,1.1961722488038278,0,1.1961722488038278,0,0,0,0,2.3923444976076556,0,0,0,0,0,0,0,0,1.1961722488038278,0,0,0,0,0,0,3.5885167464114835,0,0,1.1961722488038278,0,0,0,0,0,1.1961722488038278,2.3923444976076556,0,1.1961722488038278,0,0,0,0,0,0,1.1961722488038278,0,0,0,0,0,0,1.1961722488038278,0,1.1961722488038278,1.1961722488038278,0,1.1961722488038278,0,0,1.1961722488038278,1.1961722488038278,1.1961722488038278,1.1961722488038278,0,0,1.1961722488038278,1.1961722488038278,2.3923444976076556,4.784688995215311,0,0,1.1961722488038278,1.1961722488038278,0,3.5885167464114835,1.1961722488038278,0,0,0,0,0,0,0,0,1.1961722488038278,3.5885167464114835,0,0,0,0,0,1.1961722488038278,2.3923444976076556,0,0,0,0,0,1.1961722488038278,0,0,0,0,0,0,0,0,0,0,4.784688995215311,0,0,0,0,0,0,0,0,0,0,0,0,0,0,0,0,1.1961722488038278,0,2.3923444976076556,3.5885167464114835,1.1961722488038278,1.1961722488038278,1.1961722488038278,0,0,1.1961722488038278,0,0,0,0,0,1.1961722488038278,2.3923444976076556,2.3923444976076556,3.5885167464114835,0,1.1961722488038278,1.1961722488038278,0,0,1.1961722488038278,0,0,0,0,0,1.1961722488038278,0,0,1.1961722488038278,0,0,0,0,2.3923444976076556,0,0,2.3923444976076556,0,2.3923444976076556,0,0,1.1961722488038278,0,0,0,0,0,0,0,3.5885167464114835,0,0,0,0,0,0,1.1961722488038278,0,0,0,0,0,0,0,0
martov_voyna_i_ross_dem.txt_chunk4,martov,1,0,0,0,0,1,3,0,0,0,1,46,0,0,9,0,1,0,0,0,1,4,3,1,0,0,0,0,2,0,0,0,0,0,3,0,0,6,1,2,0,1,1,3,3,0,2,2,2,3,0,0,12,0,0,0,39,1,3,6,0,0,5,8,0,5,1,3,2,1,0,1,0,0,1,0,0,0,0,2,0,0,0,0,0,2,1,0,2,7,0,0,24,0,0,0,0,1,0,5,0,0,0,0,9,0,3,0,1,2,0,0,0,0,0,6,4,1,1,7,0,0,0,0,7,0,2,0,1,0,0,0,11,0,0,0,0,0,0,2,0,1,0,3,0,1,0,0,0,1,0,0,0,0,0,2,0,0,2,2,0,2,1,0,2,7,0,0,2,0,0,0,1,0,0,0,0,1,0,13,5,0,3,0,0,1,1,1,0,0,2,2,0,0,1,0,3,0,1,0,0,1,0,0,1,0,1,0,0,0,0,0,0,0,2,0,1,0,1,0,0,0,0,0,0,0,0,0,0,0,0,0,0,1,0,1,3,0,1,1,1,0,1,2,1,1,0,0,2,1,1,0,0,0,0,1,0,0,1,0,0,0,1,0,2,0,0,0,0,1,2,1,0,2,0,0,0,0,0,1,0,8,2,2,3,2,0,0,0,2,1,0,0,0,0,1,0,0,0,0,0,0,1,0,0,1,0,0,0,0,0,0,2,0,0,1,0,0,1,0,0,0,1,1,1,1,1,0,0,0,0,0,0,1,0,0,1,0,1,0,0,1,0,1,0,2,0,0,0,0,0,0,2,0,0,0,0,0,0,0,1,1,0,0,0,0,0,3,0,0,2,0,0,1,0,2,0,0,6,0,0,2,0,2,0,0,0,0,0,0,0,0,0,0,1,0,0,0,2,0,0,0,0,2,0,0,0,0,0,0,0,1,0,0,0,0,2,0,0,1,1,12,1,0,0,1,0,0,0,0,0,0,2,2,0,0,0,1,0,0,0,0,2,1,0,0,1,0,0,2,0,1,5,0,1,0,0,0,0,0,0,0,0,0,0,0,2,0,0,1,0,0,2,0,1,0,0,0,0,0,0,6,0,3,0,4,0,2,0,0,0,0,0,0,4,0,0,0,0,0
martov_voyna_i_ross_dem.txt_chunk6,martov,7,0,0,0,1,0,29,4,0,2,1,41,0,0,5,5,0,0,0,0,0,2,3,0,1,1,2,0,0,0,0,0,0,0,0,0,0,5,4,7,0,0,0,2,4,1,7,1,1,1,0,0,1,1,0,3,21,1,4,5,0,0,0,9,0,5,0,0,1,1,1,0,1,0,2,0,0,1,1,0,0,1,0,0,0,3,2,0,0,8,2,0,20,0,0,0,0,0,3,2,0,0,1,0,4,0,4,0,0,0,0,1,1,1,3,4,0,0,0,2,0,0,2,1,1,0,1,0,4,0,0,0,9,0,0,1,0,0,1,0,0,0,0,1,0,7,2,0,1,0,0,0,3,0,0,2,0,0,0,2,0,7,1,0,3,2,1,1,1,0,1,0,0,0,0,1,0,0,1,14,3,2,1,2,6,0,2,1,0,1,0,1,0,0,0,0,2,1,0,0,0,0,1,1,0,6,0,0,1,0,0,1,0,0,0,0,1,1,2,0,3,0,0,0,3,1,0,0,0,0,1,3,1,3,0,0,0,0,3,0,0,0,0,0,5,1,0,0,0,0,2,1,0,2,0,0,0,0,1,0,0,0,1,0,5,0,0,0,0,1,0,0,1,0,0,1,0,0,0,0,0,0,1,1,1,3,0,0,0,0,1,0,2,0,0,0,2,0,1,0,0,0,0,1,0,0,0,0,0,2,0,0,0,2,0,11,0,2,0,0,0,0,0,0,0,1,0,0,0,2,0,0,0,0,1,0,2,1,0,0,0,0,0,1,0,1,2,0,0,0,0,0,0,0,0,0,0,0,0,0,0,3,0,0,0,0,0,0,0,0,0,2,0,3,0,2,1,0,3,0,0,0,0,0,0,1,0,0,0,2,0,4,0,0,1,3,1,0,0,1,4,1,1,1,1,0,0,0,0,0,2,2,0,3,1,0,0,0,0,0,3,4,0,1,2,0,0,2,0,0,0,0,0,0,0,0,0,0,0,1,0,0,0,0,0,5,1,0,0,1,0,0,5,0,2,2,1,0,1,0,1,0,0,2,0,0,0,0,0,1,1,0,1,1,1,1,1,0,0,0,0,4,0,6,0,1,0,0,0,0,3,0,0,0,0,0,0,0,0,0
martov_voyna_i_ross_dem.txt_chunk7,martov,5,0,0,0,2,0,5,0,0,0,3,31,0,0,7,2,1,0,0,0,1,2,3,0,0,2,2,0,0,0,0,0,0,0,0,0,0,7,4,1,1,1,5,8,3,1,3,1,3,2,0,0,7,0,0,0,29,1,3,5,0,0,3,6,0,7,0,0,2,0,1,0,2,2,1,1,0,0,0,1,0,0,0,0,2,5,0,0,0,14,1,2,27,1,1,0,0,0,1,4,0,1,2,2,4,0,2,0,0,0,0,1,0,1,1,0,0,0,0,8,0,0,0,3,0,0,1,0,5,0,0,0,9,0,1,2,0,0,1,0,0,0,0,0,3,0,0,1,0,0,2,0,1,0,1,1,0,0,1,1,0,4,7,2,5,0,0,1,0,0,4,0,1,2,0,1,0,0,0,20,2,1,1,2,5,4,2,0,1,0,0,2,0,0,0,1,1,0,0,1,0,0,0,0,0,1,1,1,0,0,0,0,0,0,0,0,1,0,2,1,1,1,2,0,0,0,0,0,0,0,1,1,0,3,0,1,1,0,0,1,0,0,1,2,2,1,0,0,0,0,0,2,0,1,0,4,0,0,0,0,0,0,0,1,4,0,0,1,0,2,0,0,2,1,0,0,0,0,2,0,0,2,8,3,2,0,2,1,1,0,0,0,2,0,1,1,0,0,0,0,0,0,0,1,1,0,0,0,0,1,0,0,1,2,0,10,0,1,1,0,0,0,3,0,0,0,0,0,0,0,0,0,1,1,0,0,0,0,0,0,0,1,0,0,1,2,0,2,0,1,0,0,0,0,0,0,0,0,1,0,1,1,0,0,0,0,0,0,0,2,2,0,0,1,0,1,0,0,11,4,0,0,0,0,0,0,0,1,0,0,2,0,0,0,2,0,0,0,1,0,4,0,0,0,1,0,4,0,1,0,0,0,1,10,0,1,1,0,0,0,0,0,0,0,1,0,0,1,0,0,0,0,0,0,0,0,0,0,0,0,0,0,0,1,0,1,1,0,0,0,0,1,5,0,2,0,3,0,0,0,0,0,0,1,0,0,1,0,0,1,1,0,0,1,4,0,0,0,0,0,0,6,0,9,0,0,0,0,0,0,0,0,0,0,0,0,0,0,0,0
ortodox_eshe1_kritik_Marxa.txt_chunk1,ortodox,4,0,0,2,0,0,3,0,0,1,1,30,0,1,1,0,0,0,0,0,1,1,2,0,1,1,0,0,1,3,0,0,0,0,1,0,0,1,0,0,0,1,0,11,1,2,0,2,3,6,0,0,0,0,0,0,26,0,6,2,0,0,0,7,0,16,3,0,0,1,1,0,0,0,0,0,0,0,0,0,0,0,0,0,1,0,1,1,3,4,2,0,15,0,0,0,1,0,2,1,1,1,0,1,1,0,1,0,1,0,1,0,2,1,8,0,0,0,0,4,0,0,0,0,4,1,0,0,1,0,1,0,11,0,0,0,0,0,1,2,0,1,1,1,2,1,0,0,0,0,2,1,1,0,1,6,1,1,0,1,1,3,2,1,2,3,0,2,2,0,0,0,0,0,0,0,1,2,1,12,0,1,0,1,1,3,4,0,0,2,0,0,0,0,0,0,2,0,0,0,1,0,1,0,0,0,0,0,0,3,0,1,0,0,0,0,0,1,0,0,0,0,2,0,1,0,1,0,2,0,0,1,0,1,0,1,0,1,0,0,0,12,0,0,1,1,0,0,0,0,2,2,0,1,0,0,0,0,0,0,0,0,1,0,3,0,0,0,0,0,0,1,0,0,0,1,0,4,0,1,0,0,1,2,0,0,0,0,0,0,0,0,0,0,1,3,0,0,0,0,0,0,0,0,1,0,0,0,0,0,0,0,0,0,0,0,0,0,0,0,1,0,1,1,0,0,0,0,0,1,0,0,2,1,0,0,2,0,0,0,0,0,1,0,0,0,0,0,0,0,0,2,0,0,0,0,0,0,1,1,3,1,2,1,0,0,0,3,2,0,0,0,0,1,0,1,1,1,1,1,2,0,0,0,1,0,0,0,0,1,0,0,2,0,0,0,1,0,1,0,1,0,1,0,0,0,0,1,0,1,0,0,0,1,0,1,1,0,1,0,1,0,0,0,0,0,0,0,0,0,1,0,0,0,0,6,0,0,1,0,0,1,0,0,0,0,0,0,0,0,0,1,1,0,1,1,0,0,6,0,0,0,0,0,0,1,0,1,0,0,0,0,0,0,1,0,0,0,1,1,3,0,0,0,0,1,0,0,0,0,0,0,0,0,0,0,0,0,0,0
ortodox_eshe1_kritik_Marxa.txt_chunk2,ortodox,3,0,0,0,0,0,6,1,1,6,1,20,1,2,5,3,1,1,0,0,2,0,3,0,1,1,2,0,0,1,0,0,0,0,0,0,0,6,0,1,0,2,0,5,3,4,4,2,0,5,1,0,3,0,1,0,31,0,2,6,1,0,1,8,0,9,1,1,1,1,1,0,3,0,0,1,0,0,0,4,0,0,0,0,1,1,0,1,1,12,0,1,20,1,0,1,1,1,1,3,0,1,1,1,7,0,8,0,2,0,0,0,0,0,9,2,0,0,0,3,0,1,3,1,4,1,0,1,0,0,1,0,5,0,0,0,0,1,0,0,0,0,2,0,2,0,1,0,1,0,2,0,2,0,0,3,0,2,1,2,3,4,1,0,0,5,0,0,1,0,0,0,1,0,0,0,0,2,0,13,2,1,1,2,10,2,1,0,1,1,0,0,0,0,1,0,0,0,0,3,2,0,1,3,0,6,0,0,1,0,0,0,0,0,0,0,0,0,1,0,0,0,0,0,0,0,1,0,0,0,0,0,0,1,0,1,3,0,0,0,2,10,0,0,0,0,0,0,0,0,1,0,1,0,0,0,0,0,0,0,0,0,0,0,3,0,0,0,0,0,0,0,0,0,0,1,0,2,0,0,0,0,0,0,0,0,0,0,0,0,1,0,0,0,0,4,0,0,0,0,0,1,0,0,0,0,0,0,0,0,0,0,0,1,0,0,0,0,0,0,0,0,0,1,0,0,0,0,0,1,0,0,0,2,0,0,8,0,0,1,0,1,1,1,1,3,0,0,1,0,1,0,0,1,0,0,0,0,1,0,1,0,2,0,0,0,0,1,0,0,0,0,0,0,0,1,0,0,4,1,2,0,0,0,0,1,0,0,0,0,0,0,0,0,2,1,1,0,0,0,1,0,0,0,1,0,0,0,0,0,0,0,0,0,0,0,0,1,0,0,1,0,0,0,0,0,0,0,0,0,0,0,0,0,0,0,0,0,0,0,0,0,0,0,0,0,0,0,0,0,0,1,1,0,0,2,0,0,5,0,0,0,0,0,0,1,0,0,0,1,1,0,0,1,0,1,0,0,0,0,2,0,0,0,0,0,0,0,0,0,0,0,0,0,0,0,0,0,0,0
ortodox_merged__Marxa.txt_eyam_I.txt_Bovu_I.txt,ortodox,7.366482504604051,12.89134438305709,0,0,3.6832412523020257,0,5.524861878453039,0,3.6832412523020257,3.6832412523020257,0,34.99079189686925,0,0,0,0,0,0,0,1.8416206261510129,0,0,5.524861878453039,0,0,0,0,0,1.8416206261510129,1.8416206261510129,0,0,1.8416206261510129,0,0,0,0,1.8416206261510129,0,0,0,0,0,1.8416206261510129,3.6832412523020257,0,3.6832412523020257,3.6832412523020257,0,5.524861878453039,1.8416206261510129,0,5.524861878453039,1.8416206261510129,0,0,33.14917127071823,0,3.6832412523020257,0,3.6832412523020257,0,3.6832412523020257,11.049723756906078,0,25.78268876611418,0,5.524861878453039,0,0,0,0,0,0,3.6832412523020257,0,0,0,0,1.8416206261510129,0,0,0,0,1.8416206261510129,3.6832412523020257,1.8416206261510129,0,0,9.208103130755065,0,0,7.366482504604051,0,0,1.8416206261510129,0,0,1.8416206261510129,5.524861878453039,0,0,0,1.8416206261510129,3.6832412523020257,1.8416206261510129,9.208103130755065,3.6832412523020257,1.8416206261510129,0,0,0,0,0,1.8416206261510129,0,0,0,0,3.6832412523020257,0,0,0,0,5.524861878453039,0,0,0,0,0,1.8416206261510129,0,5.524861878453039,0,0,0,0,1.8416206261510129,1.8416206261510129,1.8416206261510129,0,0,1.8416206261510129,0,3.6832412523020257,0,0,0,0,0,0,0,3.6832412523020257,0,1.8416206261510129,7.366482504604051,0,0,0,0,0,7.366482504604051,3.6832412523020257,0,5.524861878453039,3.6832412523020257,0,1.8416206261510129,0,0,0,1.8416206261510129,0,0,0,0,0,3.6832412523020257,0,29.465930018416206,0,0,0,0,3.6832412523020257,3.6832412523020257,1.8416206261510129,1.8416206261510129,0,0,0,0,0,0,0,0,0,0,0,0,3.6832412523020257,1.8416206261510129,1.8416206261510129,0,0,0,0,0,0,5.524861878453039,0,0,1.8416206261510129,0,0,1.8416206261510129,0,1.8416206261510129,1.8416206261510129,0,0,0,0,1.8416206261510129,0,0,0,1.8416206261510129,0,1.8416206261510129,1.8416206261510129,0,0,0,0,0,5.524861878453039,1.8416206261510129,3.6832412523020257,0,0,0,0,0,0,3.6832412523020257,0,0,0,0,0,0,1.8416206261510129,0,0,0,3.6832412523020257,1.8416206261510129,0,0,0,0,0,0,1.8416206261510129,0,0,0,0,0,0,0,0,1.8416206261510129,3.6832412523020257,1.8416206261510129,0,0,0,1.8416206261510129,0,0,1.8416206261510129,0,0,0,0,0,0,0,3.6832412523020257,0,0,0,0,3.6832412523020257,0,0,0,0,0,0,1.8416206261510129,0,0,0,0,0,0,0,0,0,0,0,0,0,0,0,0,0,0,0,0,1.8416206261510129,0,0,1.8416206261510129,0,0,0,0,1.8416206261510129,1.8416206261510129,3.6832412523020257,0,0,1.8416206261510129,0,0,0,0,0,0,1.8416206261510129,0,0,0,0,0,0,0,0,0,0,0,0,0,0,1.8416206261510129,0,0,0,1.8416206261510129,0,0,0,0,5.524861878453039,0,0,0,0,0,0,1.8416206261510129,1.8416206261510129,0,0,18.41620626151013,1.8416206261510129,0,0,0,0,0,0,0,0,0,0,0,0,1.8416206261510129,0,1.8416206261510129,0,1.8416206261510129,0,3.6832412523020257,0,0,0,0,0,0,0,0,0,0,0,0,0,0,0,0,0,0,1.8416206261510129,0,0,0,0,0,0,0,0,0,0,0,0,0,0,0,0,0,0,0,0,0,0,0,0,0,0,0,0,0,0,0,0,0,0,0,0,0,0,0,0,0,0,0,0,0,0,1.8416206261510129,0,0,0,0,0,0,0,0,1.8416206261510129,1.8416206261510129,1.8416206261510129,0,3.6832412523020257,0,0,0,0,0,0,0,0,0,0,0,0,12.89134438305709,0,0,0,0,0,0,0,0,0
ortodox_pismo_evreya_k_evreyam_I.txt_chunk1,ortodox,6,0,1,0,1,1,4,0,1,1,3,14,0,1,2,4,1,2,1,0,2,0,3,0,0,0,1,1,0,0,0,0,0,0,4,0,0,10,5,0,2,0,2,2,3,0,5,0,1,3,0,0,4,0,0,0,40,0,5,5,1,0,2,5,0,11,0,2,1,1,0,1,3,0,3,0,0,0,1,3,2,0,1,0,1,2,2,0,1,15,0,0,17,0,0,0,0,0,0,3,1,0,0,0,7,0,2,1,0,0,0,1,0,2,5,0,2,3,1,4,0,0,1,1,3,0,0,0,1,0,0,0,11,0,1,0,0,4,1,1,1,0,0,0,4,4,0,1,0,0,0,0,4,0,0,3,0,0,0,0,0,6,4,2,4,4,3,1,1,0,2,3,0,0,0,0,0,0,0,22,3,0,1,1,5,1,2,0,2,0,4,0,0,0,0,0,0,1,1,1,1,0,0,1,0,2,0,0,0,1,1,0,4,0,0,0,0,0,2,0,0,0,0,0,0,2,0,0,0,1,3,1,0,0,0,0,1,2,4,1,0,1,1,0,0,1,1,0,0,0,1,0,0,0,0,0,0,1,0,0,1,0,0,0,1,0,0,1,0,1,0,0,0,1,2,0,0,0,2,3,1,0,0,0,1,0,0,0,0,0,1,0,0,1,0,4,0,0,0,0,0,0,0,1,1,0,1,0,0,0,0,0,0,0,0,0,0,0,0,0,0,0,0,0,0,0,2,1,2,2,0,1,1,3,0,0,0,0,1,0,0,0,0,0,0,1,1,2,0,0,0,1,0,0,0,0,0,0,0,0,1,1,0,1,1,0,0,0,0,0,0,0,0,1,2,2,0,0,5,1,0,0,1,0,0,0,0,2,0,0,0,0,2,0,0,0,0,0,0,0,0,0,1,0,0,0,0,0,2,0,0,0,2,1,2,2,0,1,0,0,0,0,0,0,0,0,0,0,0,0,0,0,1,1,1,0,0,0,0,0,0,1,0,0,2,0,0,0,0,0,0,1,0,0,0,0,0,0,0,0,0,0,0,0,0,0,0,0,0,0,0,0,0,0,0,1,1,7,0,0,0,0,0,0,0,0,0,0,0,0,0,0,0,0,0,0,0,0,0,0
ortodox_pismo_evreya_k_evreyam_I.txt_chunk2,ortodox,4,0,1,0,3,0,11,0,2,1,3,28,3,0,0,3,4,1,0,0,2,1,4,0,0,2,0,1,0,0,0,0,0,0,1,0,0,6,2,0,0,0,2,4,1,0,5,2,0,6,1,0,0,0,0,0,33,1,2,1,1,1,2,10,0,10,1,3,1,2,1,0,2,0,0,0,0,0,0,3,0,0,2,0,0,7,1,0,0,20,0,0,9,1,0,1,1,2,1,3,0,0,0,0,7,0,3,0,3,0,0,1,1,2,7,3,0,4,1,2,1,0,1,0,3,1,0,1,1,0,0,0,10,0,0,0,0,1,1,1,1,0,1,0,3,0,3,0,0,0,0,0,0,0,0,0,0,2,1,3,0,5,3,2,8,5,1,1,0,0,5,0,0,0,1,0,0,2,0,14,3,1,0,1,3,4,1,0,0,0,0,0,0,0,0,0,1,0,0,0,0,0,0,0,0,0,0,0,0,0,1,0,2,1,0,0,1,0,1,0,0,0,0,0,0,1,0,0,0,0,1,0,0,0,0,0,2,0,4,0,0,0,2,0,0,2,0,0,0,1,2,0,0,0,0,0,0,1,0,0,1,0,0,1,1,0,0,1,0,1,0,0,1,8,1,1,0,1,0,0,0,0,0,0,1,0,1,1,0,0,0,0,2,0,0,4,0,0,0,0,0,0,1,0,0,1,0,0,0,1,4,0,2,1,0,1,0,0,0,0,0,0,0,1,0,0,0,0,0,0,0,0,2,3,0,0,6,0,2,2,1,0,0,0,1,0,0,0,0,0,0,0,0,0,1,1,1,0,2,0,0,1,0,0,0,1,0,1,0,0,0,3,0,2,0,0,0,0,1,0,1,0,0,0,0,0,1,0,0,1,0,0,0,0,0,0,0,0,0,0,0,0,1,0,0,0,0,0,1,1,0,0,0,5,0,0,0,2,0,0,0,0,0,0,1,1,0,0,0,0,1,0,0,0,0,0,0,0,1,0,0,0,0,0,0,0,3,0,0,1,0,0,0,0,1,0,0,0,3,0,0,0,0,0,0,0,0,1,2,0,0,0,2,1,0,0,1,4,1,0,0,0,0,2,0,2,0,0,0,0,0,0,0,0,0,0,0,0,0,0
ortodox_v_otvet_Bovu_I.txt_chunk1,ortodox,2,12,0,0,0,0,8,0,1,2,1,24,0,0,5,1,0,0,0,0,0,1,2,0,0,0,1,0,0,1,0,0,0,1,1,0,0,3,4,0,1,2,0,2,0,1,6,0,1,2,0,0,3,1,0,1,44,0,4,0,2,0,3,9,0,6,0,3,1,1,0,1,2,0,0,0,0,0,1,4,0,0,0,0,1,1,3,0,1,20,1,0,15,1,0,0,2,0,1,2,1,0,0,0,6,0,4,0,4,0,0,0,0,2,3,3,2,0,0,2,0,0,7,0,4,1,0,0,0,0,0,0,9,0,2,0,0,0,0,2,0,0,1,0,3,2,2,0,1,0,4,0,3,0,1,5,0,0,0,1,0,12,3,1,4,3,0,2,0,0,2,1,0,0,2,2,0,0,0,17,3,0,1,1,5,5,2,0,0,1,0,0,0,0,0,1,1,0,1,1,4,0,0,1,0,1,0,0,1,1,0,2,0,0,3,1,0,0,4,2,1,0,0,0,4,0,1,0,1,1,1,0,0,0,0,1,1,0,0,0,0,1,0,0,1,1,5,2,0,0,1,0,0,0,0,0,0,4,0,0,2,1,0,0,4,0,0,0,0,0,0,1,1,9,0,1,0,1,0,0,0,1,0,0,2,0,0,1,0,0,4,0,1,1,0,4,0,0,0,0,0,0,0,5,1,0,0,0,5,0,0,0,0,0,0,1,1,0,0,0,0,0,0,2,0,0,5,0,0,0,0,0,0,3,0,0,2,0,1,0,0,0,0,0,0,1,0,2,0,1,0,0,0,1,0,0,0,0,0,0,1,1,0,0,0,0,0,1,2,1,0,1,0,4,0,1,0,0,6,1,0,0,1,0,0,1,1,0,0,0,0,0,0,0,1,0,3,0,0,0,3,2,0,0,0,0,1,0,2,0,0,0,0,0,0,0,0,0,0,0,0,0,0,4,0,0,2,0,0,0,0,0,0,1,0,2,0,0,1,1,0,0,0,0,0,0,0,0,0,1,0,0,0,0,0,0,0,0,0,0,0,0,0,1,2,0,0,0,0,1,2,0,0,0,0,0,0,1,0,0,0,0,0,0,0,0,0,0,0,0,1,0,0,0,0,0,0,0,0,0
ortodox_v_otvet_Bovu_I.txt_chunk2,ortodox,2,8,0,0,0,0,5,1,1,1,1,27,0,0,2,3,0,2,0,0,1,0,2,0,1,0,0,1,2,4,1,0,0,1,1,0,0,4,0,0,0,0,0,1,2,0,5,1,0,6,0,0,1,0,0,0,50,0,0,2,0,0,3,13,0,7,1,4,0,0,2,0,0,0,1,0,0,2,0,1,0,1,0,0,0,2,1,0,3,18,0,0,15,1,1,0,0,1,1,2,0,0,2,0,3,0,3,2,2,0,0,0,0,3,2,5,2,2,0,3,2,1,0,0,1,0,0,0,2,0,1,0,17,0,0,0,0,1,1,1,0,1,1,0,4,0,1,0,3,0,0,0,1,0,0,5,1,0,0,0,0,9,4,2,7,5,0,0,1,0,1,0,0,1,0,0,0,2,0,12,4,1,1,3,2,0,0,6,1,0,0,1,0,0,0,0,1,1,0,3,1,0,0,0,0,1,0,0,0,0,0,0,0,0,0,2,0,0,3,0,0,1,1,0,0,1,1,3,0,0,0,5,0,1,0,0,3,0,1,1,0,0,1,0,0,0,3,1,2,0,0,0,0,0,0,0,0,0,0,0,1,1,2,0,3,0,0,0,0,1,0,0,1,9,1,1,0,0,2,1,0,0,0,2,0,0,0,0,2,0,0,0,0,0,0,4,1,0,0,1,0,0,0,1,0,0,0,1,0,0,0,0,0,1,0,0,0,1,0,0,1,0,0,0,0,1,5,1,1,0,1,0,1,0,0,0,1,0,0,0,0,0,0,0,0,0,0,0,0,0,0,0,0,0,0,1,1,2,0,0,1,0,1,1,0,0,0,0,0,1,3,0,0,1,0,0,0,0,2,0,0,0,1,0,0,1,0,0,0,1,0,0,0,0,2,0,0,1,0,0,0,0,1,0,1,0,0,0,0,1,1,2,0,3,0,0,0,2,0,0,2,0,0,1,0,0,0,3,1,2,0,0,0,1,0,0,0,0,0,0,0,0,0,0,0,0,1,1,1,0,0,0,0,0,1,0,0,0,0,0,0,0,0,8,0,0,1,0,0,0,0,0,0,0,0,0,3,4,0,0,0,0,0,5,0,5,0,0,0,0,7,0,0,0,0,0,0,0,0,0
ortodox_v_otvet_Bovu_I.txt_chunk3,ortodox,4,8,0,0,1,0,2,0,0,0,2,30,0,0,2,1,0,0,0,2,1,0,2,0,0,2,0,1,1,1,1,0,1,0,1,2,0,5,1,0,2,0,1,3,2,2,1,2,0,5,1,0,2,0,0,1,42,1,1,0,0,0,1,6,0,8,0,3,2,0,0,0,6,1,2,2,1,1,0,4,0,0,0,0,0,5,2,0,1,10,2,0,22,0,0,0,1,0,0,0,1,0,1,0,11,0,2,2,3,0,0,0,0,1,6,1,0,0,0,2,1,0,0,0,2,2,1,1,1,0,0,0,15,0,0,1,0,1,4,1,0,1,1,2,2,0,0,0,1,1,0,0,2,0,1,1,1,1,1,4,0,2,4,0,1,2,2,4,0,0,1,1,1,0,1,0,0,4,0,13,2,0,2,1,1,1,1,1,0,0,0,1,0,0,1,0,1,0,1,0,1,0,0,0,0,0,1,0,2,0,0,0,1,1,1,1,1,1,1,0,0,1,0,0,0,0,0,0,1,0,3,4,0,0,1,1,2,1,5,0,0,0,1,0,0,1,2,1,0,0,4,1,0,0,0,0,3,1,0,0,0,0,0,0,1,0,0,0,0,1,0,0,0,3,1,2,0,0,0,1,1,0,1,0,0,0,0,0,0,0,1,0,1,0,0,6,0,1,0,0,0,0,0,0,3,0,0,0,0,0,0,0,0,0,0,0,0,2,0,0,0,0,1,2,0,0,1,2,0,1,0,0,2,4,0,0,1,1,0,2,2,0,0,1,0,0,0,0,0,0,1,0,0,0,0,0,0,0,1,0,0,2,0,0,0,0,0,0,0,0,0,0,0,0,0,4,1,0,6,1,0,0,1,0,0,0,0,1,0,0,0,1,1,0,1,0,1,0,0,1,0,0,3,0,0,0,0,0,2,0,1,0,0,4,0,1,0,0,0,0,0,0,0,0,0,0,0,0,0,0,0,1,0,1,0,0,0,2,0,0,0,0,0,0,0,0,0,0,0,1,0,2,0,0,0,0,0,0,0,0,0,0,0,0,2,1,1,0,0,0,0,0,0,0,0,1,0,0,1,0,0,0,0,1,0,0,0,0,0,0,5,0,0,0,0,0,0,0,0,0
parvus_do_9_january_predislovie.txt_chunk3,parvus,4.016064257028112,0,1.004016064257028,6.024096385542169,12.048192771084338,4.016064257028112,2.008032128514056,0,1.004016064257028,3.0120481927710845,0,33.13253012048193,0,0,7.028112449799196,0,0,0,0,0,0,2.008032128514056,6.024096385542169,2.008032128514056,0,0,0,0,0,0,0,0,3.0120481927710845,1.004016064257028,0,0,0,1.004016064257028,1.004016064257028,1.004016064257028,1.004016064257028,0,2.008032128514056,4.016064257028112,1.004016064257028,1.004016064257028,4.016064257028112,0,3.0120481927710845,1.004016064257028,0,0,5.020080321285141,1.004016064257028,0,0,30.120481927710845,0,4.016064257028112,0,0,0,2.008032128514056,6.024096385542169,0,4.016064257028112,0,3.0120481927710845,2.008032128514056,1.004016064257028,1.004016064257028,0,1.004016064257028,0,1.004016064257028,0,0,0,0,0,0,0,0,0,2.008032128514056,1.004016064257028,0,0,0,8.032128514056224,0,0,13.052208835341364,0,0,1.004016064257028,0,1.004016064257028,0,2.008032128514056,0,1.004016064257028,0,2.008032128514056,6.024096385542169,1.004016064257028,5.020080321285141,0,2.008032128514056,0,0,0,0,0,3.0120481927710845,1.004016064257028,9.036144578313253,0,0,5.020080321285141,0,1.004016064257028,2.008032128514056,3.0120481927710845,3.0120481927710845,0,0,0,5.020080321285141,1.004016064257028,1.004016064257028,1.004016064257028,11.04417670682731,0,0,0,1.004016064257028,0,1.004016064257028,2.008032128514056,0,3.0120481927710845,1.004016064257028,3.0120481927710845,2.008032128514056,1.004016064257028,2.008032128514056,3.0120481927710845,0,0,0,1.004016064257028,0,0,0,0,0,2.008032128514056,0,7.028112449799196,0,7.028112449799196,0,1.004016064257028,6.024096385542169,1.004016064257028,2.008032128514056,0,0,0,0,0,0,0,0,0,0,3.0120481927710845,0,9.036144578313253,5.020080321285141,0,1.004016064257028,3.0120481927710845,8.032128514056224,0,0,3.0120481927710845,0,1.004016064257028,0,2.008032128514056,0,0,0,1.004016064257028,4.016064257028112,1.004016064257028,0,0,0,0,1.004016064257028,0,0,0,2.008032128514056,0,0,0,0,0,0,0,0,4.016064257028112,0,0,2.008032128514056,0,3.0120481927710845,1.004016064257028,0,0,0,0,1.004016064257028,0,0,0,0,0,0,9.036144578313253,0,1.004016064257028,0,0,5.020080321285141,2.008032128514056,0,0,1.004016064257028,2.008032128514056,3.0120481927710845,1.004016064257028,0,0,0,0,1.004016064257028,1.004016064257028,2.008032128514056,0,1.004016064257028,2.008032128514056,0,1.004016064257028,0,0,2.008032128514056,0,0,0,2.008032128514056,0,0,2.008032128514056,4.016064257028112,0,0,1.004016064257028,0,12.048192771084338,0,2.008032128514056,0,0,1.004016064257028,0,0,1.004016064257028,1.004016064257028,1.004016064257028,3.0120481927710845,1.004016064257028,2.008032128514056,0,1.004016064257028,0,3.0120481927710845,1.004016064257028,1.004016064257028,1.004016064257028,1.004016064257028,0,0,0,0,0,0,0,0,2.008032128514056,0,5.020080321285141,1.004016064257028,0,0,0,1.004016064257028,0,6.024096385542169,9.036144578313253,0,5.020080321285141,1.004016064257028,2.008032128514056,0,1.004016064257028,2.008032128514056,1.004016064257028,0,1.004016064257028,0,0,0,0,0,0,1.004016064257028,0,0,0,0,0,0,1.004016064257028,1.004016064257028,2.008032128514056,0,0,0,0,0,0,0,0,0,0,0,0,0,0,0,0,0,0,0,0,1.004016064257028,2.008032128514056,0,1.004016064257028,0,0,0,1.004016064257028,0,2.008032128514056,0,0,2.008032128514056,2.008032128514056,0,0,0,0,4.016064257028112,1.004016064257028,0,0,0,0,0,0,2.008032128514056,1.004016064257028,0,0,0,0,0,1.004016064257028,1.004016064257028,0,0,1.004016064257028,0,0,1.004016064257028,0,0,0,0,0,0,1.004016064257028,3.0120481927710845,1.004016064257028,0,3.0120481927710845,1.004016064257028,7.028112449799196,0,1.004016064257028,0,0,0,0,0,1.004016064257028,2.008032128514056,0,18.072289156626507,1.004016064257028,0,0,0,1.004016064257028,0,0,4.016064257028112,4.016064257028112,0,0,0,0,1.004016064257028,0,0,0,0,3.0120481927710845,2.008032128514056,0,0,0,7.028112449799196,1.004016064257028,2.008032128514056,1.004016064257028,3.0120481927710845,0,1.004016064257028,2.008032128514056,1.004016064257028,0,0,0,5.020080321285141,4.016064257028112,0,3.0120481927710845,1.004016064257028,0,0,0,0,0,0,0,0,0,0,0,4.016064257028112,0,0,0,0,0,0,5.020080321285141,0,1.004016064257028,0,2.008032128514056,0,0,0,0,0,0,1.004016064257028,0,0,0,0,0
parvus_hod_revolucii.txt_chunk1,parvus,3,0,1,3,6,0,1,0,1,0,2,31,0,0,4,2,0,0,0,0,1,1,6,0,0,0,0,0,1,0,0,0,1,0,0,0,0,3,0,0,2,0,2,10,0,3,2,1,0,7,0,0,6,0,0,0,32,0,3,7,0,0,1,3,0,5,1,2,0,1,1,1,0,1,0,0,0,1,0,4,0,0,0,0,0,3,0,0,0,13,1,0,20,1,0,0,0,0,1,3,0,1,1,0,8,1,0,0,0,0,0,0,0,0,1,3,2,0,1,2,0,0,0,2,2,1,0,0,7,0,1,0,9,1,0,0,1,2,1,2,1,1,0,2,3,2,0,0,0,0,0,3,0,0,1,0,0,0,0,3,0,8,1,0,5,1,0,1,2,0,3,0,0,0,0,0,0,3,1,10,3,1,0,1,3,2,2,1,0,1,0,1,0,0,0,0,1,0,0,0,1,0,1,0,0,1,1,0,1,0,1,1,2,0,1,14,1,0,1,0,0,1,0,0,0,0,0,1,0,0,1,0,0,7,0,0,1,0,1,3,0,0,0,0,1,0,0,0,0,1,0,0,0,0,0,1,0,0,0,0,3,0,0,0,1,0,0,1,0,2,0,1,1,1,1,1,0,0,0,0,0,1,2,0,3,3,1,0,0,0,1,0,1,0,0,0,1,0,0,0,0,0,1,0,0,0,1,0,0,1,0,0,2,3,0,0,0,0,0,0,1,3,5,1,0,0,0,2,0,1,1,1,2,0,0,0,0,0,1,1,0,0,0,0,0,0,0,0,0,0,0,0,0,0,1,0,1,0,0,0,0,0,0,0,0,0,0,1,0,1,1,0,0,1,0,1,0,0,2,2,0,0,1,0,0,0,0,1,1,0,2,0,0,0,0,0,0,2,0,0,0,0,1,0,1,0,0,0,1,0,0,1,0,4,1,0,0,0,2,0,3,3,0,1,13,0,1,0,0,1,1,0,2,6,0,0,0,0,0,1,0,0,1,7,0,0,1,0,4,1,0,1,6,0,4,1,4,1,0,1,3,3,0,1,0,0,0,0,1,0,0,0,1,0,0,0,1,0,0,0,0,0,0,4,0,1,0,0,0,0,0,3,0,0,1,0,0,0,0,0
parvus_itogi_i_perspektivy_I.txt_chunk1,parvus,9,0,0,1,0,0,7,2,2,6,0,27,0,0,2,0,0,0,0,6,2,3,2,0,0,0,1,0,0,0,0,0,0,1,0,0,0,0,0,0,1,0,0,0,7,1,1,0,1,4,0,1,4,1,0,0,29,0,2,1,4,0,5,13,0,5,1,1,1,0,0,0,1,0,2,0,0,0,0,0,0,0,0,0,2,0,0,0,0,18,0,1,25,1,1,0,0,1,0,0,0,1,1,0,15,0,2,0,0,1,1,0,0,1,7,14,4,2,2,1,0,0,1,1,1,2,0,0,0,0,1,1,16,2,0,0,2,1,2,3,0,2,0,1,0,1,3,0,0,0,0,3,0,0,1,0,1,0,0,3,0,5,4,0,6,0,1,0,0,1,1,0,0,0,0,0,0,2,1,8,4,4,3,0,4,1,1,1,1,0,0,0,0,0,0,0,1,0,0,0,1,0,0,0,1,3,2,0,0,0,0,0,0,1,2,1,0,3,0,0,1,0,1,0,0,0,0,0,0,0,1,0,0,1,0,0,0,0,0,0,0,0,2,1,0,0,0,0,0,0,1,0,1,1,2,3,0,0,0,0,0,0,0,1,2,0,0,1,2,0,0,0,0,1,0,0,0,1,0,1,0,0,2,1,2,0,2,0,0,0,1,0,0,0,1,0,0,0,0,0,0,0,0,1,2,3,0,0,1,1,0,0,5,3,0,1,0,0,0,0,2,2,3,1,0,0,0,1,0,0,1,1,0,0,0,0,4,1,1,0,0,0,0,0,0,0,2,0,0,0,0,0,1,0,0,0,0,0,0,0,0,1,0,1,0,0,0,1,1,2,0,1,0,2,0,0,0,1,2,0,1,0,0,0,1,0,0,0,0,0,0,4,0,0,0,0,0,0,0,0,0,0,0,0,0,0,0,0,0,1,0,1,0,0,1,1,0,0,0,0,0,1,0,0,9,1,0,0,0,1,0,2,0,3,0,0,1,0,0,0,0,0,1,2,1,0,13,0,3,3,1,0,1,0,2,4,2,0,0,1,3,0,0,0,0,0,0,1,4,0,1,0,0,0,1,0,1,0,0,0,0,0,0,0,0,0,0,0,0,0,0,0,0,0,0,0,0,0,0,0
parvus_itogi_i_perspektivy_I.txt_chunk2,parvus,6,0,0,1,7,1,8,2,3,8,1,23,0,2,3,0,0,0,0,2,0,1,15,0,1,1,0,0,1,0,0,0,1,0,0,0,0,0,0,3,1,0,0,1,2,1,4,0,6,5,0,0,10,0,0,0,35,1,2,1,0,0,1,9,0,4,1,1,0,2,0,0,1,0,0,0,1,0,1,0,0,1,0,1,1,0,0,0,0,15,0,0,18,0,0,0,0,1,4,0,0,0,0,0,8,0,1,0,2,0,1,0,0,1,1,2,7,2,0,0,0,0,1,1,8,0,0,0,1,0,2,0,18,0,0,0,0,3,0,1,0,1,1,0,1,1,1,1,0,0,0,1,0,0,0,2,1,2,0,2,0,4,1,0,6,0,0,0,0,0,1,0,0,0,0,0,0,0,0,7,1,1,0,1,7,2,2,0,0,0,0,0,0,0,0,0,3,0,0,0,0,0,1,0,0,1,0,0,0,0,0,0,0,1,0,5,0,0,1,0,1,0,1,0,1,0,0,0,0,0,1,0,0,5,0,0,0,1,3,0,0,0,4,1,1,1,0,0,1,1,1,0,0,0,2,2,0,0,0,0,0,1,2,1,2,0,0,0,10,0,0,0,1,0,0,3,0,0,0,0,1,2,2,0,2,0,2,0,0,1,3,0,0,0,0,0,0,0,0,0,0,0,0,4,0,4,1,0,1,0,1,1,6,3,0,5,0,2,1,2,1,0,0,2,0,0,0,0,0,0,3,0,0,0,0,0,0,3,1,3,0,0,0,0,1,1,0,0,0,0,0,0,0,0,0,0,0,0,0,0,0,2,0,0,0,1,0,0,1,1,0,0,0,0,0,0,0,0,1,0,0,0,1,0,0,0,1,0,1,0,0,5,0,0,0,0,0,1,0,0,0,0,0,0,0,0,0,0,5,0,0,1,0,0,0,0,0,3,0,0,0,1,0,1,4,0,0,0,0,0,0,0,2,2,1,1,0,0,4,0,0,0,0,2,1,0,3,0,1,1,1,0,2,0,0,0,0,0,0,0,4,2,0,0,0,0,0,1,2,0,0,0,0,1,0,0,1,0,0,0,0,0,0,1,0,0,0,0,0,0,0,0,0,0,0,0,0,0,0,0
parvus_ministerstvo_Briana_France.txt_chunk1,parvus,6,0,1,2,0,0,1,4,3,7,2,45,0,0,9,0,1,0,1,1,0,3,2,0,3,0,0,0,2,0,0,0,0,1,0,0,0,1,0,0,1,0,1,6,1,0,3,0,4,5,0,0,4,0,0,1,32,0,0,1,0,0,5,6,0,5,0,1,0,1,0,0,0,0,1,0,3,0,1,1,0,0,0,0,1,1,0,0,0,9,1,0,19,0,0,0,3,1,1,0,0,1,1,1,9,2,1,0,2,0,0,0,0,0,3,4,3,0,0,2,0,0,2,2,1,0,1,2,4,0,1,0,11,0,0,0,1,1,4,0,0,1,1,0,0,0,1,0,0,0,0,0,0,0,0,5,1,2,1,1,0,7,1,1,2,3,1,1,0,0,4,0,0,0,0,3,0,3,0,11,7,0,0,0,5,1,1,2,0,0,0,1,0,0,0,0,0,0,0,0,0,1,0,0,1,1,0,0,1,0,0,0,0,0,0,1,0,0,2,0,0,2,1,0,0,1,0,0,0,0,1,0,0,2,0,0,1,0,6,0,0,0,1,0,0,0,0,0,0,0,0,1,0,1,0,0,1,0,0,0,1,0,0,0,1,0,0,0,4,1,0,1,1,0,0,0,0,0,0,0,0,1,0,2,1,1,0,0,0,0,2,0,0,0,0,2,0,0,0,0,0,0,0,0,0,0,0,1,0,1,2,2,6,0,0,0,0,0,0,0,2,1,1,0,0,1,0,1,0,1,5,0,0,2,0,0,2,0,1,0,0,0,0,1,0,0,0,1,2,0,0,0,0,0,0,0,2,0,1,0,0,0,0,0,0,1,0,0,2,1,0,0,1,1,2,0,0,0,1,1,0,0,0,1,0,0,0,0,0,0,0,1,0,0,1,0,1,1,2,0,0,0,2,0,1,0,0,0,0,0,0,0,1,5,3,0,0,0,0,0,9,0,2,1,0,2,0,0,6,0,2,2,1,1,0,0,0,0,0,0,0,0,3,1,0,0,5,0,2,3,1,1,2,0,0,0,0,0,1,0,1,0,0,0,0,1,0,0,2,0,0,0,0,1,0,0,0,0,0,0,0,0,0,2,0,3,0,0,0,0,0,2,0,0,0,0,0,0,0,0
parvus_onp1_o_i_socrev_razvitie.txt_chunk1,parvus,2,0,0,0,0,0,0,1,1,3,0,33,1,0,3,0,0,0,0,0,1,3,3,1,5,0,1,0,1,0,0,0,0,0,0,0,0,2,0,1,0,0,0,8,0,0,2,1,3,4,0,3,6,2,0,0,42,0,5,2,0,1,0,3,1,6,0,4,0,0,0,0,1,1,0,1,1,0,1,1,1,1,0,1,1,2,0,0,0,18,1,0,20,1,2,0,0,0,0,2,0,0,0,1,4,0,0,0,0,1,0,0,0,1,3,3,0,1,0,5,0,0,0,0,1,0,0,0,1,0,5,0,11,0,0,0,0,0,0,1,0,0,0,2,1,0,1,0,0,2,0,0,1,0,0,2,0,0,0,5,0,6,0,1,4,0,1,0,0,0,1,2,0,2,0,1,0,2,0,5,2,0,0,0,7,2,1,0,0,1,3,0,0,0,1,0,0,1,0,0,0,0,0,0,2,1,0,0,1,0,2,0,1,0,1,0,0,0,1,0,3,0,0,2,0,0,1,2,0,0,0,0,0,4,0,1,0,1,0,1,3,0,2,4,4,1,0,0,0,1,1,1,0,0,0,0,1,2,0,1,5,2,0,2,1,0,1,0,0,3,0,1,0,7,0,1,0,0,0,0,0,4,2,1,2,0,1,0,1,0,0,0,0,0,0,0,0,0,0,0,0,0,0,0,0,0,0,2,0,0,0,0,3,2,0,0,0,0,0,0,0,1,0,0,0,0,0,1,0,0,3,0,1,0,0,0,2,0,1,1,0,0,1,0,2,1,2,0,1,1,0,0,1,0,0,0,2,0,0,1,1,0,0,1,0,0,0,0,1,0,0,0,0,1,0,2,0,0,3,0,0,0,0,0,0,0,0,0,0,0,0,3,0,0,0,0,0,0,0,1,0,0,1,2,1,0,0,0,0,0,1,0,0,5,0,0,0,1,0,0,0,0,0,0,0,0,0,1,2,0,0,1,2,1,0,0,0,0,0,1,0,0,1,1,0,0,1,0,3,2,0,1,0,0,0,0,0,0,0,0,1,0,0,3,0,0,0,0,0,0,1,0,1,0,3,0,3,0,0,0,0,0,0,1,2,1,0,0,0,0,0,3,0,0,0,0,1,0,0,0
parvus_onp1_o_i_socrev_razvitie.txt_chunk3,parvus,1.7921146953405018,0,1.7921146953405018,0,3.5842293906810037,1.7921146953405018,3.5842293906810037,0,0,0,0,34.05017921146953,1.7921146953405018,0,5.376344086021506,1.7921146953405018,0,0,0,0,0,3.5842293906810037,5.376344086021506,3.5842293906810037,0,0,0,0,1.7921146953405018,0,0,0,0,0,0,0,0,0,0,0,0,0,0,5.376344086021506,0,1.7921146953405018,3.5842293906810037,0,1.7921146953405018,7.168458781362007,0,0,3.5842293906810037,0,0,0,39.42652329749104,1.7921146953405018,7.168458781362007,5.376344086021506,0,0,5.376344086021506,5.376344086021506,0,10.752688172043012,0,1.7921146953405018,0,1.7921146953405018,0,0,0,1.7921146953405018,1.7921146953405018,1.7921146953405018,0,0,0,0,0,1.7921146953405018,0,3.5842293906810037,0,0,3.5842293906810037,1.7921146953405018,0,21.505376344086024,0,0,16.129032258064516,0,0,0,0,0,0,3.5842293906810037,0,0,0,0,8.960573476702509,0,7.168458781362007,0,0,3.5842293906810037,0,0,0,0,5.376344086021506,0,3.5842293906810037,1.7921146953405018,0,3.5842293906810037,0,0,0,1.7921146953405018,3.5842293906810037,0,0,0,0,0,1.7921146953405018,0,7.168458781362007,0,0,0,0,0,0,0,1.7921146953405018,0,0,1.7921146953405018,0,1.7921146953405018,5.376344086021506,0,0,0,0,0,0,0,0,7.168458781362007,0,0,0,1.7921146953405018,0,5.376344086021506,1.7921146953405018,1.7921146953405018,7.168458781362007,0,0,1.7921146953405018,0,0,0,0,0,0,1.7921146953405018,0,0,3.5842293906810037,0,8.960573476702509,0,1.7921146953405018,0,1.7921146953405018,0,3.5842293906810037,1.7921146953405018,1.7921146953405018,1.7921146953405018,0,0,1.7921146953405018,0,1.7921146953405018,1.7921146953405018,0,1.7921146953405018,0,0,0,1.7921146953405018,0,1.7921146953405018,1.7921146953405018,0,3.5842293906810037,0,1.7921146953405018,1.7921146953405018,0,0,0,0,1.7921146953405018,0,7.168458781362007,0,0,0,0,8.960573476702509,0,0,0,0,0,1.7921146953405018,3.5842293906810037,0,0,0,1.7921146953405018,0,1.7921146953405018,0,0,1.7921146953405018,0,1.7921146953405018,0,0,0,0,1.7921146953405018,1.7921146953405018,1.7921146953405018,0,0,0,0,1.7921146953405018,0,0,0,0,0,0,0,0,0,1.7921146953405018,0,1.7921146953405018,0,0,0,0,1.7921146953405018,0,5.376344086021506,0,0,0,5.376344086021506,0,0,0,0,0,0,0,0,1.7921146953405018,1.7921146953405018,1.7921146953405018,0,0,0,0,0,0,0,0,0,0,1.7921146953405018,0,0,0,0,0,0,0,0,0,0,0,0,0,0,0,0,3.5842293906810037,0,0,1.7921146953405018,0,0,0,0,0,0,1.7921146953405018,0,0,0,1.7921146953405018,0,0,0,0,0,0,1.7921146953405018,0,0,0,1.7921146953405018,1.7921146953405018,3.5842293906810037,0,0,0,0,0,0,0,0,0,0,0,0,0,0,0,0,1.7921146953405018,0,0,0,0,0,0,0,0,0,0,1.7921146953405018,0,0,0,0,0,0,0,0,0,0,1.7921146953405018,0,0,0,0,0,0,0,0,0,0,0,0,1.7921146953405018,0,0,1.7921146953405018,0,0,0,0,0,0,0,0,0,0,0,1.7921146953405018,0,0,0,0,1.7921146953405018,0,10.752688172043012,0,0,0,0,0,1.7921146953405018,0,0,0,0,0,0,0,0,0,0,1.7921146953405018,0,0,1.7921146953405018,0,0,0,0,0,1.7921146953405018,0,0,0,0,0,0,0,0,1.7921146953405018,0,3.5842293906810037,0,1.7921146953405018,0,0,0,0,0,0,0,1.7921146953405018,0,0,1.7921146953405018,0,0,0,0,0,0,0,0,0,3.5842293906810037,0,0,0,0,1.7921146953405018,0,0,0,0,1.7921146953405018,0,0,0,0,0,0,0,0,0,0,0,0,0,0,0,0
parvus_poTurmam.txt_chunk1,parvus,2,0,0,1,0,0,3,4,4,8,2,39,0,0,2,1,0,0,0,2,1,1,2,0,0,0,1,0,0,0,0,0,0,1,1,0,0,6,0,1,2,1,1,4,0,1,4,0,1,5,0,0,1,3,1,0,36,0,12,2,1,0,4,3,0,15,0,4,0,2,0,0,2,0,1,2,0,0,0,1,15,0,7,0,0,0,0,0,0,14,1,1,19,1,0,0,0,0,2,6,1,2,10,1,6,0,6,1,1,0,3,0,0,0,8,0,8,0,0,3,0,0,3,0,8,0,0,0,2,1,1,0,7,0,0,0,1,0,0,3,0,1,0,0,0,0,1,1,0,0,0,0,0,0,1,9,0,1,1,1,0,15,1,1,2,1,0,0,0,5,8,0,0,0,0,1,1,2,2,10,1,0,1,1,5,5,0,0,0,0,16,2,0,0,1,0,0,1,0,0,1,0,0,3,0,1,0,0,0,0,0,2,0,0,0,0,0,0,1,0,0,1,0,0,0,0,0,0,0,1,0,1,0,3,0,1,0,1,0,0,0,0,0,0,0,0,0,0,1,2,3,0,0,1,0,0,0,0,0,0,0,0,0,1,1,0,0,0,0,0,0,0,0,0,1,0,0,1,0,0,0,0,0,0,0,0,0,0,0,0,1,0,0,0,0,0,0,0,0,0,0,1,0,0,0,0,0,0,0,0,0,0,1,0,0,1,0,0,0,0,0,0,0,3,0,2,0,0,0,0,1,0,1,0,0,0,1,1,0,0,0,1,0,0,3,0,0,0,2,0,0,1,0,0,0,1,0,0,1,0,1,0,0,0,0,0,0,0,2,0,0,0,0,0,0,0,1,0,7,2,0,0,0,0,0,0,0,0,0,0,0,0,0,0,0,0,0,2,0,0,0,0,0,0,0,0,0,1,0,1,0,1,0,0,0,0,0,1,0,0,0,0,0,0,1,0,0,0,0,0,0,0,0,1,0,0,0,0,0,0,1,0,0,1,0,0,0,0,1,0,0,1,1,0,0,0,0,0,0,0,1,0,0,0,0,1,0,0,0,0,0,0,0,0,0,0,0,0,0,0,0,0,0,0,1,0,0,0,0,0,0,1,0,0,0,0,0,0,0,0
parvus_poTurmam.txt_chunk10,parvus,2,1,0,0,2,0,5,0,2,2,3,40,0,0,3,0,0,0,0,3,0,1,3,0,1,0,1,0,0,0,0,0,0,0,2,0,0,2,1,0,2,2,0,7,1,5,4,0,1,6,0,0,1,1,2,0,31,0,5,1,0,0,4,3,2,11,0,4,0,1,2,0,0,2,0,1,0,3,0,0,17,1,7,0,0,3,1,1,0,6,3,0,13,0,0,0,1,0,3,0,1,3,1,1,8,0,3,0,1,0,0,1,1,1,8,1,7,0,0,1,0,0,0,0,3,1,0,0,1,0,1,0,15,0,0,0,0,0,1,0,0,5,0,0,1,1,3,3,2,0,0,1,0,0,1,4,1,0,0,3,0,7,2,0,1,2,1,2,2,1,1,0,2,1,0,0,0,4,1,17,1,2,0,0,14,2,1,1,2,0,15,0,0,2,0,0,2,1,0,0,0,0,0,1,1,2,0,2,0,0,0,0,0,0,0,2,0,1,1,0,1,0,0,0,0,1,1,0,0,0,0,0,0,0,0,0,1,1,0,0,0,0,0,0,0,2,0,1,0,0,1,0,1,1,0,0,0,0,1,0,0,0,0,3,1,0,0,0,0,0,3,2,0,0,0,2,0,0,0,1,1,0,0,0,1,0,1,0,0,3,2,1,0,0,0,0,0,0,0,1,0,0,0,0,0,0,0,1,0,0,0,0,0,0,0,1,0,0,0,0,0,0,0,1,0,0,0,0,0,0,2,0,0,0,0,0,4,1,1,1,0,4,1,0,1,0,1,0,0,1,0,0,0,0,0,0,0,2,0,0,0,0,0,1,0,1,0,0,2,0,0,0,0,0,0,1,5,0,3,3,0,0,0,0,0,1,0,0,0,0,0,0,0,0,1,0,1,1,0,0,1,0,0,0,0,0,1,1,0,2,0,0,0,0,1,0,0,0,0,0,0,1,0,0,0,0,0,0,0,0,0,0,0,0,0,0,0,0,0,0,0,0,0,0,0,0,0,0,0,0,0,0,1,0,0,0,0,0,0,0,0,0,0,0,0,0,0,0,0,0,0,0,0,0,0,1,0,0,0,0,0,0,0,0,0,0,0,0,0,0,0,0,0,0,0,0,0,0,0,0
parvus_poTurmam.txt_chunk11,parvus,3,0,0,4,2,1,10,3,6,5,1,36,0,1,2,0,1,0,0,0,0,3,2,0,1,1,0,0,0,0,0,0,0,0,0,0,0,5,2,1,0,4,1,3,3,0,4,0,5,4,0,1,7,3,0,0,22,0,4,1,1,0,2,3,0,3,0,1,0,1,1,1,4,1,0,0,1,3,0,0,6,0,9,2,0,1,0,1,0,18,2,0,13,0,0,2,0,0,1,4,0,1,0,3,4,0,3,0,3,0,1,0,0,1,3,5,7,0,0,3,0,0,1,4,4,1,0,0,2,0,0,0,13,0,0,0,0,0,0,3,0,0,2,1,0,0,1,0,0,1,0,0,0,0,0,1,2,3,0,2,0,5,0,0,1,0,0,1,0,0,4,0,0,0,0,0,0,1,1,11,0,0,1,2,10,3,3,3,0,0,13,0,0,0,1,0,4,1,0,0,0,0,0,0,2,1,0,0,0,0,0,0,0,0,0,0,0,0,0,0,0,0,0,0,0,0,2,0,0,1,1,0,0,6,0,1,0,0,2,1,0,0,1,0,1,1,0,0,0,0,3,0,0,1,1,0,1,0,0,2,0,0,0,3,0,1,0,0,0,0,2,1,1,0,0,2,0,0,0,0,0,0,1,0,0,0,2,0,0,0,0,0,0,0,0,0,0,0,0,0,0,1,0,1,1,1,0,0,0,1,0,0,2,1,1,0,0,0,1,0,0,0,0,1,0,0,0,0,0,0,0,0,0,0,0,0,2,0,0,2,0,0,2,0,1,2,0,0,0,0,0,0,0,0,0,0,0,2,0,0,0,0,1,2,0,2,0,0,3,0,0,0,0,2,0,1,2,0,18,6,0,0,0,1,0,0,0,0,0,0,0,0,0,1,2,0,0,0,0,1,1,0,0,0,1,0,0,1,1,0,0,1,0,0,0,0,0,2,0,0,0,0,0,0,2,0,0,0,0,0,1,0,1,0,0,0,0,0,1,0,0,0,0,0,0,0,1,0,0,0,0,0,0,0,0,0,3,2,0,0,1,0,0,0,0,2,0,0,0,0,0,0,0,0,0,0,2,0,0,0,0,0,0,0,0,0,0,0,0,0,1,0,0,0,2,0,1,0,0,0
parvus_poTurmam.txt_chunk18,parvus,5,0,0,0,2,1,10,2,4,7,3,34,0,0,2,1,0,0,0,2,0,0,5,0,4,0,0,0,1,0,2,0,0,0,3,0,0,9,1,0,0,2,0,1,1,0,2,0,4,7,1,0,1,0,0,0,39,1,4,0,0,1,1,6,1,13,0,2,1,0,1,0,2,0,1,4,0,0,0,0,7,0,3,1,0,2,0,1,1,14,2,0,23,1,1,1,4,0,3,0,1,0,2,2,10,0,4,0,2,0,0,2,0,0,2,3,2,0,0,1,1,0,0,0,3,1,0,0,0,0,2,0,7,1,0,0,0,1,0,2,0,2,0,1,2,4,1,1,0,0,0,2,1,0,0,2,0,2,0,0,0,4,1,0,3,2,0,0,0,2,5,0,1,0,0,0,0,2,3,10,2,0,3,0,5,0,0,0,0,0,23,0,0,2,1,0,1,0,0,0,0,0,0,1,0,2,0,0,0,0,0,0,0,0,0,0,1,0,1,0,0,2,0,0,0,0,0,0,0,0,1,1,0,4,1,1,0,1,0,1,0,0,2,0,0,0,0,0,2,0,0,0,0,1,0,2,1,1,2,0,0,0,0,1,1,0,0,0,3,0,2,1,0,0,0,0,0,0,0,1,0,0,2,3,4,3,0,0,0,0,0,0,0,0,0,1,0,0,0,0,0,2,0,2,0,3,0,5,0,1,0,0,0,1,0,0,0,0,0,0,1,1,0,0,0,2,0,0,0,1,8,1,1,0,0,0,2,1,0,1,0,0,0,1,0,0,2,0,0,1,0,0,0,0,0,0,0,2,0,0,0,1,0,4,0,3,0,1,0,2,0,0,0,0,0,2,10,0,14,2,0,1,0,0,0,0,0,0,0,0,0,0,0,3,5,0,0,0,0,0,1,1,0,0,0,0,0,0,0,1,0,2,1,1,0,0,0,0,0,0,1,6,1,0,4,0,0,0,0,1,1,0,1,2,0,0,0,1,0,0,0,0,0,1,0,0,0,0,0,0,1,0,1,0,0,0,0,0,0,0,1,0,0,0,1,0,1,0,0,1,0,0,0,0,0,0,0,0,0,0,0,0,0,0,0,2,0,0,0,0,0,1,0,0,0,0,3,0,0,0
parvus_poTurmam.txt_chunk19,parvus,4,0,0,0,6,0,2,2,1,4,2,32,0,0,4,0,0,0,1,1,0,4,6,0,3,1,0,0,0,0,0,1,1,0,1,0,0,3,1,2,0,0,0,2,1,0,2,0,2,7,0,1,2,0,0,0,35,1,6,1,0,0,4,6,0,2,0,3,0,0,0,0,1,1,0,0,2,1,1,3,6,0,5,0,0,3,3,0,0,14,0,0,15,0,1,0,0,0,0,0,1,0,0,0,10,0,1,0,3,0,0,0,0,1,3,3,0,0,0,5,0,0,1,0,5,0,0,0,2,0,2,0,13,0,0,0,0,0,0,1,0,1,1,0,1,3,3,0,1,1,0,3,0,0,0,5,2,2,0,2,0,2,2,0,3,1,1,2,0,0,6,0,0,0,0,0,1,1,1,13,1,0,0,1,8,1,0,3,0,0,17,1,0,0,0,0,6,0,0,0,3,0,0,1,0,2,1,0,1,0,0,2,0,0,0,4,1,1,1,0,0,0,0,2,0,0,0,0,0,1,0,2,0,2,0,1,1,1,2,0,0,0,0,1,0,1,0,0,0,0,3,0,0,0,3,0,0,0,0,0,0,0,1,3,1,0,2,0,0,0,0,0,0,0,0,0,0,0,1,0,1,0,0,0,0,3,2,0,0,0,1,0,0,0,0,0,0,0,0,0,0,0,1,0,0,0,0,2,0,0,0,0,0,0,0,0,0,0,1,0,0,0,0,1,0,1,1,0,0,0,2,0,0,0,0,0,2,0,0,0,0,0,2,0,2,1,0,0,0,2,0,0,0,0,0,0,0,0,0,0,0,1,1,2,0,1,2,0,1,1,0,0,0,1,0,0,0,0,2,4,0,1,0,0,0,0,0,1,1,0,0,0,0,3,1,0,0,1,0,1,1,1,1,2,1,2,0,0,0,0,0,1,0,0,0,1,1,0,0,0,0,0,0,0,3,0,0,0,0,0,1,0,0,0,0,0,1,0,0,0,0,0,0,2,0,0,0,0,0,0,0,0,0,0,0,0,1,0,0,0,0,0,0,0,0,0,0,1,0,1,0,0,0,0,1,1,0,0,0,0,0,0,0,0,0,0,0,0,0,0,0,1,0,0,1,0,0,0,0,0
parvus_poTurmam.txt_chunk21,parvus,6,0,0,3,0,0,4,0,5,5,0,25,0,0,1,0,0,0,0,0,0,0,5,1,1,0,0,0,4,0,0,0,1,0,1,2,0,5,0,0,0,0,0,4,1,0,7,0,0,4,1,0,2,1,0,0,44,0,5,4,4,0,17,8,0,8,0,6,1,0,2,0,1,0,0,0,0,0,1,1,10,0,9,2,1,1,5,0,0,16,0,0,23,1,0,0,0,0,0,1,2,2,3,2,15,0,3,0,1,0,2,1,1,0,2,0,17,0,0,3,0,0,7,0,6,0,0,0,3,0,0,0,5,0,0,0,0,0,0,0,0,0,1,0,0,3,2,0,0,0,0,2,0,0,0,5,0,1,0,3,0,9,0,0,4,0,0,0,0,1,6,0,0,0,0,0,1,1,3,10,3,1,4,0,12,1,0,1,1,1,28,2,0,0,0,0,6,0,0,2,0,0,0,2,0,1,0,1,1,0,0,0,0,0,0,1,0,0,0,0,0,0,0,0,0,0,1,2,1,0,0,0,0,2,0,3,0,0,0,0,0,0,0,1,0,0,0,0,0,0,0,0,0,0,0,1,0,0,0,1,0,0,0,0,0,0,0,0,0,0,0,1,0,0,0,0,0,0,1,0,0,0,0,0,0,0,1,0,0,0,3,0,0,0,0,0,0,0,0,0,0,2,0,0,0,0,0,0,0,0,0,2,0,0,0,0,0,0,0,0,0,0,0,0,0,0,0,0,0,0,0,0,0,0,0,0,3,0,0,0,0,1,0,0,3,0,2,0,0,3,1,0,0,0,0,0,0,0,2,0,1,2,0,0,0,0,1,0,3,0,0,1,0,0,0,0,1,0,1,0,0,0,1,0,0,0,0,0,0,0,0,0,0,0,0,0,0,2,0,0,0,0,0,0,1,0,0,0,0,0,0,0,0,0,0,0,1,0,0,0,0,0,0,0,0,0,0,0,0,1,0,0,0,0,0,0,0,1,0,0,0,2,0,0,0,0,0,0,0,0,0,0,0,0,0,0,0,0,0,0,0,0,0,0,0,0,0,2,1,0,1,0,0,0,0,0,0,0,0,0,0,0,0,0,0,0,0,0,0,0,0,1,0,0,0,0,0,0,0,0
parvus_poTurmam.txt_chunk22,parvus,1,0,0,0,1,1,6,3,2,6,3,29,0,0,2,0,0,0,0,0,0,4,5,0,1,2,0,0,0,0,0,0,1,0,2,0,0,4,1,2,0,2,0,2,2,0,4,0,6,3,0,0,3,1,0,0,28,0,11,0,0,0,4,4,0,10,0,5,1,0,2,0,4,1,0,1,0,0,0,1,13,0,7,1,0,2,1,1,1,17,1,0,18,1,0,0,0,0,1,3,1,1,0,2,11,0,3,0,4,0,3,0,0,0,4,0,4,0,0,2,0,0,5,0,4,1,0,0,5,0,0,0,6,0,0,1,0,0,0,5,1,0,0,2,2,3,1,0,0,0,0,2,0,0,0,4,0,3,0,2,0,6,1,0,1,4,2,0,0,0,3,0,0,0,0,0,0,0,2,8,2,1,1,2,5,2,2,0,0,0,30,0,0,0,0,1,2,1,0,0,0,1,0,1,0,0,0,1,0,0,0,0,0,0,0,0,0,0,0,1,0,0,0,0,0,0,0,0,0,1,1,0,0,1,0,1,0,0,0,0,0,1,0,1,0,0,0,0,0,0,1,2,1,1,0,2,0,0,0,0,0,0,1,0,1,0,1,0,0,0,0,0,0,1,1,1,0,1,0,0,1,0,0,0,0,1,2,0,0,0,3,0,0,0,0,0,0,0,0,0,0,0,0,0,0,0,0,1,0,0,0,0,0,0,0,0,0,0,1,0,0,0,0,1,0,1,0,0,0,0,2,1,1,0,0,0,6,0,1,0,0,0,2,0,6,2,2,0,0,0,1,0,0,0,0,2,1,0,1,0,0,0,0,3,0,0,0,0,2,0,0,0,1,0,0,0,3,0,2,0,0,1,0,0,0,0,0,0,0,0,0,0,1,0,0,0,0,1,0,0,0,0,0,2,0,0,3,1,0,1,0,0,0,0,1,0,0,1,0,0,0,0,0,1,0,0,0,0,0,0,0,1,0,0,0,0,0,5,0,1,0,0,0,0,0,0,0,0,0,0,0,0,1,0,0,0,0,0,1,0,0,0,0,0,0,0,0,0,0,0,0,0,0,0,1,0,0,0,1,0,0,0,0,0,0,0,0,0,0,0,0,0,0,0,0,0,2,0,0,0
parvus_poTurmam.txt_chunk24,parvus,6,0,0,0,1,0,7,1,0,4,0,38,0,0,4,1,1,0,0,0,0,3,7,0,0,1,1,0,0,0,0,0,0,0,0,0,0,0,4,0,0,0,0,1,4,1,3,0,7,5,0,0,4,0,0,0,26,1,2,2,1,0,0,4,1,11,0,6,1,0,0,0,0,0,0,4,0,1,0,0,5,0,16,1,0,0,1,1,1,8,1,0,19,0,0,1,0,0,3,2,5,0,0,0,8,0,2,0,2,0,1,0,1,0,2,7,1,0,0,4,0,0,1,0,3,0,0,1,5,0,1,0,2,0,0,1,0,3,0,0,0,1,0,2,4,0,0,1,0,0,0,0,0,0,0,4,1,0,0,0,0,10,1,0,2,4,1,0,0,4,2,0,0,0,0,0,0,3,5,17,1,1,0,0,20,3,0,0,0,0,45,2,0,1,0,0,2,1,0,0,0,1,0,2,0,3,0,0,0,0,0,1,0,0,0,1,0,1,1,0,0,0,0,0,0,0,1,0,0,0,0,0,0,2,0,0,0,0,0,2,1,0,0,0,0,0,0,0,0,0,1,0,0,0,0,1,1,0,1,0,1,0,0,2,0,0,0,0,0,0,0,0,1,0,1,0,0,0,0,0,0,3,0,1,0,0,0,0,0,0,2,1,0,0,0,0,0,0,0,0,0,0,0,0,0,0,0,0,0,0,0,0,0,0,0,0,0,0,0,0,0,0,0,2,0,3,0,0,0,0,2,1,3,0,0,0,4,0,0,0,0,1,1,2,1,1,1,0,2,0,1,0,0,0,0,0,0,0,1,0,0,0,0,0,0,0,0,1,1,0,2,0,0,1,0,1,0,0,2,0,0,3,0,0,0,1,1,0,0,0,0,0,0,0,0,1,0,0,0,0,0,0,0,2,0,0,1,1,0,0,0,0,0,0,0,0,1,1,0,0,0,0,0,0,0,0,0,0,0,0,0,0,0,0,0,0,0,0,0,0,0,0,0,1,0,0,0,0,0,0,0,0,0,0,0,0,0,0,0,0,0,0,0,0,0,0,0,0,0,0,0,1,0,0,0,0,0,0,0,0,0,0,0,0,0,0,0,0,0,0,0,2,0,0,1,0,1,0,0,0
parvus_poTurmam.txt_chunk25,parvus,5,0,0,2,2,0,5,4,1,9,4,23,0,0,1,1,0,0,0,1,0,3,9,0,1,0,0,0,0,1,0,0,1,0,0,0,0,6,1,0,1,0,0,3,0,0,2,2,4,6,0,0,1,2,0,0,24,0,7,4,1,1,3,6,0,7,0,3,2,2,0,0,3,0,0,0,0,0,0,0,2,0,9,0,0,4,1,1,0,11,0,2,28,0,1,0,0,0,2,2,1,0,3,3,10,0,5,1,1,0,1,0,1,0,2,8,5,0,0,2,0,0,2,0,7,0,0,0,3,0,1,0,5,0,0,0,0,0,0,0,0,0,1,2,0,2,0,2,1,1,0,0,0,0,0,6,0,1,0,1,0,6,3,0,5,1,0,0,0,3,4,0,0,0,1,0,0,2,0,24,4,0,0,0,12,1,0,1,0,0,26,0,0,3,1,0,1,0,0,0,0,0,0,0,1,4,0,0,1,0,0,0,0,1,0,0,1,1,1,0,0,0,0,0,0,0,0,1,0,0,0,0,0,5,0,2,1,3,2,3,1,0,0,0,0,1,0,0,0,0,2,2,0,2,0,1,0,0,0,0,0,0,0,0,0,0,0,0,1,0,0,0,0,0,0,1,0,0,1,0,0,0,0,0,0,0,1,0,0,0,0,0,0,0,0,0,0,0,0,0,0,0,0,0,0,0,0,1,0,0,0,0,1,0,0,0,1,0,0,0,0,0,0,1,0,0,0,0,0,0,5,1,2,0,0,0,5,1,0,0,0,1,0,3,1,0,1,0,3,0,0,0,0,0,0,1,0,0,0,0,0,1,0,0,0,5,2,0,1,0,0,1,1,1,0,1,0,3,2,1,0,0,0,0,0,1,0,0,0,0,1,0,0,0,0,0,0,0,0,0,1,0,0,0,2,0,0,0,0,1,0,0,0,0,1,0,0,0,0,0,0,0,0,1,0,1,0,0,0,0,1,0,1,0,1,0,0,0,0,0,0,0,0,0,0,0,0,0,0,0,0,0,0,0,0,0,0,1,0,0,0,0,0,0,0,0,0,1,0,1,0,0,0,0,0,0,0,0,0,0,0,0,0,0,0,0,0,0,0,0,0,0,0,0,1,0,6,0,0,0
parvus_poTurmam.txt_chunk27,parvus,8,0,1,0,1,1,9,2,4,7,0,29,0,0,2,0,0,0,0,1,0,3,5,1,2,1,1,0,0,0,0,0,0,0,0,0,0,4,1,0,0,0,1,0,0,0,4,1,5,10,1,4,5,0,0,0,35,2,8,2,0,0,1,8,0,10,0,3,0,2,0,0,0,1,0,1,0,0,0,1,14,4,6,0,1,0,4,0,3,14,0,0,17,0,0,0,0,0,0,0,1,0,1,1,9,0,7,1,2,0,2,0,2,0,6,2,1,0,0,5,0,0,0,0,8,4,0,0,2,0,2,0,9,0,0,0,0,0,1,1,0,1,1,0,2,1,4,0,0,0,1,0,0,0,0,9,0,2,1,1,0,4,2,0,3,4,0,0,0,0,6,0,0,0,0,0,0,0,0,17,7,0,1,0,7,6,0,1,0,0,25,0,0,1,1,0,1,0,0,0,0,0,0,1,0,1,0,1,0,0,0,0,0,0,0,0,1,1,0,0,0,0,0,1,0,1,2,0,0,1,1,0,0,3,1,0,1,1,0,1,0,0,0,1,0,1,0,0,0,0,0,1,0,0,0,1,0,0,0,0,0,0,0,0,0,0,0,0,0,0,0,1,1,0,0,0,0,0,1,0,0,0,0,0,0,0,0,0,0,0,2,0,0,0,0,1,0,0,0,0,0,0,0,0,0,0,0,2,0,0,0,0,2,0,0,0,0,0,0,0,0,1,0,3,0,1,0,0,0,1,1,1,0,1,1,0,5,1,0,0,0,0,2,0,1,0,2,0,1,0,0,0,0,0,1,1,0,1,0,1,0,0,0,0,0,2,0,2,2,0,0,0,0,0,0,2,0,0,1,1,0,0,0,0,0,0,0,1,0,0,0,0,0,0,2,0,0,2,0,0,1,1,0,0,0,0,0,0,0,0,0,2,0,0,0,0,1,2,0,0,0,0,0,0,0,0,0,0,0,0,0,0,0,1,0,0,0,0,0,0,0,0,0,0,0,0,0,0,1,0,0,1,0,0,0,0,0,1,0,0,0,0,0,0,0,0,0,1,0,0,0,1,0,0,0,0,0,0,1,0,0,0,0,0,0,0,0,0,0,0,0,1,0,0,0,0,0,0,0,0
parvus_poTurmam.txt_chunk3,parvus,5,0,0,1,10,1,0,5,3,4,1,33,0,0,1,0,0,0,0,3,0,2,4,0,2,0,0,0,0,0,0,1,2,0,2,0,0,2,1,0,0,1,0,15,1,3,3,0,2,3,0,3,3,0,2,0,32,1,5,3,0,0,1,8,0,7,0,4,1,0,1,1,1,1,1,1,0,1,0,1,4,0,3,1,0,1,2,0,0,8,0,0,6,0,0,0,0,0,0,1,0,2,0,0,6,0,6,0,0,1,0,4,2,2,12,4,6,0,0,4,0,0,2,4,5,0,0,1,1,0,1,0,13,0,2,0,0,1,1,4,0,3,1,1,0,1,1,0,0,0,0,0,1,0,0,5,1,0,0,1,0,9,0,1,5,0,0,4,0,2,3,0,1,1,0,1,4,4,1,6,4,0,0,0,4,1,2,1,0,0,11,2,0,1,0,0,4,0,0,3,0,1,1,2,0,0,1,0,4,0,0,0,0,1,0,1,1,1,4,0,0,1,1,0,0,2,0,0,0,1,0,0,1,0,0,0,1,2,2,2,0,0,0,0,0,0,0,0,0,0,6,0,0,0,0,1,0,0,0,1,0,0,0,4,0,0,3,4,0,1,0,0,0,1,0,0,0,0,1,0,1,0,0,0,0,0,0,0,1,0,0,0,0,0,0,0,0,0,0,1,0,0,0,0,1,0,0,0,0,1,1,5,0,0,0,1,0,0,0,0,1,1,1,1,0,2,0,0,0,0,1,2,2,0,0,0,6,0,0,0,0,0,0,0,1,1,1,1,0,1,0,0,0,0,2,0,1,0,1,0,0,1,1,1,0,3,0,0,2,0,0,1,1,0,0,1,3,0,0,2,0,0,1,0,0,0,0,0,1,1,0,0,0,0,0,1,0,3,0,1,0,1,0,0,0,0,0,1,0,0,0,0,0,0,1,0,0,0,0,0,0,0,0,1,0,0,0,0,0,0,0,0,0,0,0,0,0,0,1,0,0,0,1,0,1,0,0,0,0,0,0,0,0,0,0,0,0,0,1,0,0,0,0,0,0,0,0,0,0,0,0,1,0,0,0,1,0,0,0,0,0,0,0,0,0,0,0,0,0,0,0,1,0,0,0,0,0,0,0,0
parvus_poTurmam.txt_chunk32,parvus,2,0,0,0,0,1,5,4,6,12,3,33,0,1,0,0,0,0,0,2,0,4,7,0,0,0,0,0,2,0,0,0,0,0,0,0,0,2,3,0,0,0,0,2,0,1,1,1,6,3,0,0,6,1,0,0,30,0,8,3,0,0,3,6,0,9,0,3,1,1,0,1,2,0,1,2,0,1,0,0,5,0,3,0,0,1,2,0,0,22,0,3,14,1,0,1,0,0,0,1,2,0,0,2,6,0,2,0,3,0,2,0,1,0,5,0,4,0,0,4,0,0,3,3,3,1,0,0,4,0,2,0,10,0,0,0,1,0,1,0,0,0,0,0,0,1,1,0,0,0,0,1,1,0,0,7,1,3,0,0,0,5,3,0,2,1,0,0,0,2,1,0,1,0,0,0,0,2,3,14,3,0,3,0,7,1,0,0,0,0,24,3,0,0,1,0,3,1,0,0,0,0,0,1,0,1,0,1,0,0,0,0,0,0,0,0,0,1,2,0,0,0,0,2,0,0,2,0,0,0,0,0,0,3,0,1,0,1,2,2,0,0,0,0,0,1,0,0,0,0,3,1,1,0,1,1,3,0,0,0,0,0,0,1,0,0,1,0,0,0,0,0,0,0,0,1,0,0,0,0,0,0,0,0,0,2,2,1,2,1,1,2,0,0,0,0,0,1,0,0,0,1,0,0,0,0,0,0,0,0,0,0,0,0,0,0,0,0,0,0,0,0,0,0,0,2,0,0,0,0,5,0,0,0,1,0,12,0,0,0,0,0,1,0,4,0,2,0,1,0,0,1,0,0,0,0,1,0,1,0,0,0,0,2,0,2,1,1,4,1,0,1,0,0,0,5,0,1,21,8,0,0,0,0,0,0,0,0,3,0,0,0,0,0,8,0,0,0,0,0,1,0,0,0,0,0,0,1,0,0,0,2,0,0,0,0,0,0,0,0,0,0,0,0,0,0,0,0,0,0,0,0,0,0,1,0,1,0,0,1,0,1,0,0,0,0,0,0,0,0,0,0,0,0,0,0,0,0,0,0,0,0,0,0,0,1,0,1,0,1,1,0,0,0,0,2,0,0,1,0,0,0,0,0,0,0,0,0,0,0,0,0,0,0,0,0,2,0,0,0
parvus_poTurmam.txt_chunk33,parvus,3,0,0,0,1,0,9,0,3,7,2,36,0,3,4,0,0,0,0,0,1,5,3,0,0,0,0,0,2,0,0,0,0,0,3,0,0,1,0,0,0,0,0,4,0,1,1,0,5,3,1,0,1,0,0,0,30,0,11,0,0,0,1,9,1,6,0,5,1,0,1,0,2,0,0,2,0,0,0,2,15,1,10,1,0,1,0,0,0,16,0,2,10,2,1,0,0,0,0,0,0,0,2,1,5,0,1,0,0,0,1,0,0,2,6,0,3,0,0,4,1,0,2,0,11,0,0,0,2,1,2,1,9,0,0,0,0,1,1,2,0,1,1,2,3,4,5,0,0,0,0,1,0,0,0,3,2,1,0,0,0,5,3,0,2,0,0,1,0,3,7,0,1,0,0,0,0,0,2,12,4,0,0,1,5,1,1,3,1,1,33,0,0,1,1,0,3,1,0,1,0,1,0,1,0,0,2,1,0,1,0,0,0,0,1,0,0,2,1,0,0,0,0,0,0,0,0,0,0,0,1,0,0,2,0,0,0,0,1,0,0,0,0,0,0,1,0,0,0,1,2,2,0,0,0,0,0,1,0,0,0,1,0,1,1,2,0,1,0,0,0,1,0,0,0,1,0,0,0,0,0,0,0,0,0,0,2,0,0,1,0,1,0,0,0,0,0,0,0,0,0,2,0,0,0,0,0,0,0,2,0,0,0,0,0,0,1,0,0,0,0,0,0,2,0,4,0,0,0,0,3,2,1,0,0,0,4,0,0,0,0,0,0,1,0,0,0,0,0,2,0,0,0,0,0,0,2,0,0,1,0,0,0,1,0,1,1,2,4,1,1,0,0,0,0,1,0,1,3,3,0,1,0,0,0,0,0,0,0,0,0,0,0,0,0,0,0,1,0,1,0,0,0,0,0,0,0,0,0,0,0,1,0,0,1,0,0,0,0,0,0,0,0,0,0,0,1,0,0,0,0,0,0,0,0,0,0,0,0,0,0,0,0,0,0,0,0,0,0,0,0,0,0,0,0,0,0,0,0,0,0,0,0,0,0,1,0,0,0,0,0,0,0,0,0,1,0,0,0,0,0,0,0,0,0,0,0,0,0,0,0,0,0,0,0,0,1,0,0,0
parvus_poTurmam.txt_chunk34,parvus,1.890359168241966,0,0,0,0,0,1.890359168241966,0,1.890359168241966,1.890359168241966,1.890359168241966,54.82041587901702,0,0,1.890359168241966,0,0,0,0,0,0,0,3.780718336483932,1.890359168241966,0,0,0,0,1.890359168241966,0,0,0,0,0,0,0,0,3.780718336483932,1.890359168241966,0,0,0,0,5.671077504725898,0,3.780718336483932,1.890359168241966,0,1.890359168241966,15.122873345935728,0,0,5.671077504725898,0,0,0,30.245746691871457,0,11.342155009451796,0,1.890359168241966,0,0,5.671077504725898,0,15.122873345935728,0,5.671077504725898,7.561436672967864,1.890359168241966,0,0,1.890359168241966,0,0,0,0,0,1.890359168241966,3.780718336483932,15.122873345935728,0,7.561436672967864,0,0,0,0,0,0,11.342155009451796,0,0,17.013232514177695,1.890359168241966,0,0,0,0,0,1.890359168241966,0,0,1.890359168241966,0,5.671077504725898,0,3.780718336483932,0,0,0,1.890359168241966,0,0,0,11.342155009451796,1.890359168241966,0,0,0,1.890359168241966,0,0,0,0,9.45179584120983,1.890359168241966,0,0,1.890359168241966,0,0,0,9.45179584120983,0,0,0,0,0,1.890359168241966,1.890359168241966,0,0,0,1.890359168241966,0,5.671077504725898,0,0,0,0,0,3.780718336483932,0,0,0,13.232514177693762,1.890359168241966,0,0,0,0,3.780718336483932,1.890359168241966,1.890359168241966,3.780718336483932,0,0,1.890359168241966,1.890359168241966,0,0,0,1.890359168241966,0,0,0,0,1.890359168241966,0,13.232514177693762,1.890359168241966,0,1.890359168241966,0,3.780718336483932,0,1.890359168241966,0,0,0,56.71077504725898,0,0,0,0,0,1.890359168241966,0,0,0,0,0,0,0,0,0,0,0,0,0,0,0,0,0,0,0,0,0,1.890359168241966,0,0,0,0,0,0,0,0,0,1.890359168241966,0,0,0,0,5.671077504725898,0,0,0,0,0,0,0,0,0,0,0,0,0,0,0,0,3.780718336483932,1.890359168241966,0,1.890359168241966,0,0,0,0,0,0,0,0,0,0,0,1.890359168241966,0,0,0,0,3.780718336483932,0,0,0,0,0,0,0,0,0,0,0,0,0,0,0,1.890359168241966,0,0,0,0,0,0,0,0,0,0,0,0,0,0,1.890359168241966,0,0,0,0,0,1.890359168241966,0,0,0,0,0,0,0,0,0,0,0,0,0,0,0,0,0,1.890359168241966,0,0,0,3.780718336483932,0,0,0,0,0,0,5.671077504725898,0,0,0,0,0,0,0,1.890359168241966,0,3.780718336483932,0,1.890359168241966,0,0,0,0,0,0,0,0,0,0,0,0,0,0,0,0,0,0,0,1.890359168241966,1.890359168241966,0,0,0,1.890359168241966,0,3.780718336483932,1.890359168241966,0,9.45179584120983,0,0,0,0,0,0,0,0,0,0,0,0,0,0,0,0,3.780718336483932,1.890359168241966,0,0,0,1.890359168241966,0,0,0,0,0,0,1.890359168241966,0,0,0,0,0,0,1.890359168241966,0,0,1.890359168241966,0,0,0,0,0,0,0,0,0,0,0,0,0,0,0,1.890359168241966,0,0,0,0,0,0,0,0,0,0,0,0,0,0,0,0,0,0,0,0,0,0,0,0,0,0,0,0,0,0,0,0,0,0,0,0,0,0,0,0,0,0,0,0,0,0,0,0,0,0,0,0,0,0,0,0,0,0,0,0,0,0,5.671077504725898,0,0,0
parvus_poTurmam.txt_chunk5,parvus,5,0,0,0,0,0,3,2,2,9,0,48,0,1,2,2,0,0,0,1,0,7,5,0,2,0,0,0,2,0,0,0,0,0,3,0,0,6,0,0,0,1,2,4,0,3,3,0,0,2,2,3,1,0,0,0,43,0,1,5,1,0,1,6,1,14,0,0,1,0,0,0,1,2,0,0,0,0,0,3,5,0,5,1,0,3,1,0,0,12,0,0,15,0,2,0,0,0,1,1,2,0,2,1,6,1,3,1,2,0,0,2,0,1,5,0,2,0,0,3,2,0,2,1,4,1,1,0,3,0,2,0,13,1,0,0,1,0,2,3,0,1,1,0,1,2,0,0,0,0,0,0,1,0,0,7,3,1,1,0,0,4,2,0,4,4,0,0,0,0,1,0,2,0,0,1,1,1,2,9,4,0,0,1,10,2,2,2,0,0,19,2,0,0,0,0,2,0,1,2,0,0,0,0,0,2,0,0,0,0,0,1,0,1,0,1,0,0,3,0,0,0,0,1,0,1,0,0,0,0,1,0,0,1,0,0,0,0,0,0,0,0,1,2,0,2,0,0,0,0,1,0,0,0,2,0,3,0,0,0,0,0,0,1,0,0,0,0,0,0,0,0,0,0,1,2,0,0,1,2,1,2,0,0,0,0,1,0,3,0,1,0,0,0,0,0,0,0,0,1,0,0,0,0,0,0,0,1,0,0,0,0,0,0,0,1,0,0,0,0,0,0,0,1,0,0,0,0,0,0,3,2,1,0,0,0,2,2,3,1,0,0,1,0,0,0,2,0,2,2,0,0,0,0,0,0,1,0,1,0,0,0,1,3,0,6,2,1,2,0,0,0,1,0,2,1,0,0,7,2,0,0,0,2,0,0,0,0,1,0,0,0,1,0,3,0,0,0,0,1,1,0,0,0,0,0,0,0,1,1,0,3,0,0,1,0,0,2,0,0,0,0,0,0,0,0,0,0,0,0,0,0,2,1,0,0,0,0,0,0,0,0,0,0,0,0,0,0,0,0,0,1,0,0,0,0,0,0,0,0,0,0,0,0,0,1,0,0,0,0,0,0,0,0,0,1,0,0,0,0,0,0,0,0,0,0,0,0,0,0,0,0,0,0,0,0,0,0,0,0
parvus_poTurmam.txt_chunk8,parvus,3,0,0,1,5,1,2,3,4,11,2,30,0,0,4,3,0,0,0,2,1,1,7,0,2,0,2,0,2,0,0,0,0,0,0,0,0,4,1,0,0,0,0,2,0,0,3,0,6,4,1,0,1,0,0,0,31,0,2,0,2,0,2,3,1,8,0,3,1,1,1,1,0,0,2,1,0,1,0,2,0,0,0,1,0,1,1,0,2,9,6,1,17,0,2,0,1,0,3,0,0,0,1,0,6,1,6,2,2,0,1,0,0,0,1,1,4,0,0,0,0,0,1,3,4,1,0,0,6,0,0,0,6,0,1,0,0,1,0,6,1,0,1,0,0,0,0,0,0,0,0,0,1,0,0,4,0,2,0,4,0,2,2,0,9,0,1,1,0,0,4,0,0,0,0,2,0,3,0,19,3,0,2,3,9,4,1,0,0,0,2,2,0,0,2,2,3,1,1,0,0,0,0,0,1,2,0,0,0,0,1,0,0,0,0,11,0,0,1,1,0,2,0,0,1,1,0,1,1,1,1,1,0,3,0,1,0,1,0,1,0,1,2,0,1,0,0,0,0,0,1,0,0,0,0,1,4,0,0,1,0,0,1,2,2,0,1,0,0,0,0,0,0,1,0,2,0,1,1,1,0,1,0,0,2,0,0,0,0,0,3,0,0,0,0,0,0,0,0,0,0,0,0,0,0,0,0,1,0,0,0,0,0,0,0,0,0,0,0,1,0,2,0,2,0,0,0,0,0,0,3,0,2,0,0,0,6,0,1,2,0,0,0,3,0,0,1,0,1,0,0,1,0,0,3,0,0,0,0,0,1,1,2,1,0,1,0,1,2,0,0,3,0,1,0,1,0,0,15,10,0,0,0,0,0,2,0,1,0,0,0,0,1,0,5,0,0,0,0,1,1,0,0,0,0,0,0,0,1,0,1,1,0,0,1,0,0,1,0,0,0,0,1,1,4,0,0,0,0,0,0,0,1,2,1,0,0,0,0,1,0,0,0,4,1,0,1,0,0,1,2,0,1,0,0,0,1,0,0,1,1,3,0,0,0,1,1,0,1,0,2,0,0,0,0,0,0,0,2,0,0,0,0,0,0,0,0,0,0,0,0,1,0,0,2,0,0,0,0,0
parvus_poTurmam.txt_chunk9,parvus,5,0,0,1,4,1,0,3,2,11,4,26,0,0,3,0,0,0,0,1,0,5,5,0,2,2,0,0,2,0,0,0,0,0,0,0,4,3,2,0,2,1,0,6,2,1,5,0,5,6,1,0,3,1,0,0,29,0,6,4,0,1,6,5,0,8,0,4,1,2,0,2,1,0,0,0,0,0,0,0,2,1,2,2,0,3,2,0,0,8,2,0,16,1,1,1,0,0,3,2,1,0,4,1,9,0,3,2,1,0,0,0,0,0,11,7,3,0,0,2,0,0,1,1,4,2,0,0,3,0,0,0,10,1,0,0,1,0,1,0,0,1,1,0,1,0,2,1,0,2,0,0,1,0,0,7,3,0,1,2,0,5,2,0,2,1,1,0,0,1,4,0,0,0,0,1,0,2,3,12,4,0,0,0,9,1,0,1,0,0,6,1,0,5,0,2,3,0,0,0,0,0,0,0,0,1,0,0,0,0,1,0,0,0,0,2,1,1,1,0,0,4,0,0,0,0,1,0,0,1,0,0,0,3,0,0,0,2,0,1,0,0,1,1,0,0,0,0,0,0,0,1,0,0,0,0,0,0,0,1,0,0,0,1,0,0,0,0,0,0,1,0,0,0,3,0,0,0,1,0,0,0,1,0,0,0,0,0,0,1,1,0,0,0,0,0,0,0,0,0,0,0,0,0,1,0,0,0,0,0,1,0,0,0,0,0,0,0,0,0,0,0,0,1,0,0,0,0,0,0,5,1,6,0,1,0,0,1,1,0,0,2,0,1,2,1,1,0,1,0,0,0,0,0,0,0,1,0,0,0,0,0,0,0,1,5,1,1,6,0,0,2,0,1,0,0,1,2,4,3,0,1,0,0,0,0,0,0,0,0,0,1,0,0,4,0,0,0,0,0,0,2,0,0,3,0,1,0,1,2,0,3,0,0,2,0,0,0,0,0,0,0,0,0,4,0,0,0,0,1,1,1,0,0,0,0,0,0,1,1,0,0,0,0,0,0,0,0,1,0,0,1,0,0,0,0,0,0,0,0,0,0,0,0,0,0,0,0,0,0,0,0,0,0,0,1,0,0,0,0,0,0,0,0,0,0,0,0,0,0,0,5,0,0,1,0,0,0,0,0
parvus_samoderzh_i_fin_I.txt_chunk1,parvus,14,0,0,2,0,0,3,0,0,5,1,39,0,0,1,0,0,0,0,2,1,4,3,0,2,0,0,0,2,0,0,0,1,0,0,0,0,1,0,0,0,0,2,4,0,1,4,0,0,5,0,0,6,2,1,2,23,0,6,1,0,1,0,4,0,9,0,2,1,0,0,0,0,0,1,0,1,0,0,4,0,0,0,1,0,3,0,0,0,16,1,0,15,0,1,0,0,0,1,2,0,0,0,0,5,0,3,1,0,0,0,0,0,0,5,2,2,0,0,9,0,0,0,4,5,1,0,0,0,0,4,0,8,0,0,0,0,0,0,0,0,0,0,0,0,0,2,0,0,0,1,0,2,0,0,8,0,0,0,4,0,7,2,0,5,2,0,0,0,0,2,1,0,0,0,1,0,2,0,16,3,0,0,0,4,2,1,1,0,1,0,1,0,1,0,0,4,0,0,1,1,0,0,1,0,1,0,0,1,0,0,0,0,0,1,3,3,1,2,0,0,0,0,0,0,0,1,1,0,0,0,0,0,4,0,0,0,0,3,1,7,0,0,0,0,1,0,0,0,0,0,0,0,0,0,1,0,0,0,0,0,0,0,1,2,0,0,0,0,0,0,0,0,0,0,0,0,0,0,0,0,0,1,0,0,0,0,0,0,0,4,1,0,0,0,0,0,0,0,0,0,0,0,1,0,0,1,0,0,0,0,0,0,0,0,3,1,3,0,0,0,0,1,0,0,1,0,0,0,0,1,0,1,0,0,0,6,1,1,0,0,2,1,0,0,0,0,1,2,0,0,0,0,0,1,0,1,0,0,0,0,1,0,0,0,0,0,0,0,3,1,0,0,0,1,1,0,1,0,2,0,0,1,0,0,1,0,1,2,0,0,0,0,0,0,0,1,0,0,0,0,1,1,0,0,0,0,1,0,0,0,0,0,0,1,0,0,0,0,0,0,0,0,0,4,0,0,0,1,0,1,0,0,1,1,0,0,0,0,0,0,0,3,2,0,0,0,0,0,0,0,0,0,0,0,0,0,0,0,0,0,0,0,0,0,0,0,0,0,0,0,0,0,0,0,1,0,0,0,0,0,0,0,0,0,1,0,0,0,0,0,0,0,0,0,0,0,0,0,0
parvus_samoderzh_i_fin_I.txt_chunk2,parvus,16.611295681063122,0,0,6.644518272425249,1.6611295681063123,0,0,1.6611295681063123,1.6611295681063123,8.305647840531561,0,21.59468438538206,0,0,0,0,0,0,0,1.6611295681063123,0,0,6.644518272425249,0,1.6611295681063123,0,0,0,0,0,0,0,0,0,0,0,0,0,0,0,0,0,0,0,0,0,3.3222591362126246,0,9.966777408637872,14.950166112956811,0,0,0,0,0,1.6611295681063123,19.933554817275745,1.6611295681063123,9.966777408637872,3.3222591362126246,0,0,1.6611295681063123,8.305647840531561,0,6.644518272425249,0,1.6611295681063123,0,0,0,0,0,0,0,0,4.983388704318936,0,1.6611295681063123,3.3222591362126246,0,1.6611295681063123,0,1.6611295681063123,0,0,0,0,0,31.561461794019934,0,0,11.627906976744185,1.6611295681063123,0,0,0,0,1.6611295681063123,0,1.6611295681063123,0,1.6611295681063123,0,8.305647840531561,0,1.6611295681063123,0,0,0,0,0,0,0,3.3222591362126246,0,1.6611295681063123,0,0,9.966777408637872,0,0,1.6611295681063123,3.3222591362126246,14.950166112956811,0,0,0,0,0,1.6611295681063123,0,13.289036544850498,0,0,0,0,0,0,0,0,0,0,0,0,0,0,1.6611295681063123,0,3.3222591362126246,0,0,0,0,0,1.6611295681063123,0,0,0,4.983388704318936,0,11.627906976744185,1.6611295681063123,0,4.983388704318936,0,1.6611295681063123,0,0,1.6611295681063123,0,0,0,0,0,0,0,1.6611295681063123,0,3.3222591362126246,3.3222591362126246,0,0,3.3222591362126246,3.3222591362126246,1.6611295681063123,1.6611295681063123,0,0,0,0,1.6611295681063123,0,1.6611295681063123,0,1.6611295681063123,3.3222591362126246,0,0,0,0,0,0,0,0,0,0,0,0,0,0,0,0,0,0,0,0,0,0,0,0,0,0,1.6611295681063123,0,0,0,1.6611295681063123,0,0,0,0,0,6.644518272425249,0,0,0,0,3.3222591362126246,0,9.966777408637872,0,0,0,0,0,0,0,0,0,0,0,0,0,0,0,0,0,0,0,0,0,0,3.3222591362126246,4.983388704318936,0,0,0,0,0,0,1.6611295681063123,0,0,0,0,0,0,0,0,0,0,0,0,0,0,1.6611295681063123,0,0,0,0,0,0,0,0,0,0,0,0,0,0,0,0,1.6611295681063123,0,0,0,0,0,0,0,0,0,0,0,1.6611295681063123,0,3.3222591362126246,0,1.6611295681063123,0,0,0,1.6611295681063123,0,0,0,0,0,0,3.3222591362126246,0,0,0,0,0,0,0,3.3222591362126246,0,0,4.983388704318936,0,0,0,0,0,1.6611295681063123,1.6611295681063123,0,0,0,0,0,1.6611295681063123,0,1.6611295681063123,0,1.6611295681063123,0,0,1.6611295681063123,0,0,0,1.6611295681063123,1.6611295681063123,0,0,1.6611295681063123,0,0,0,0,0,1.6611295681063123,0,1.6611295681063123,0,0,0,0,0,0,0,0,0,0,0,0,0,0,0,0,0,0,0,0,0,0,1.6611295681063123,0,0,8.305647840531561,0,0,0,0,0,0,0,0,0,0,0,0,0,3.3222591362126246,0,0,0,0,0,0,0,0,0,0,0,0,0,0,0,0,0,0,1.6611295681063123,0,0,1.6611295681063123,0,0,0,1.6611295681063123,0,0,0,0,0,0,1.6611295681063123,0,0,0,0,0,0,0,0,0,0,0,0,0,0,0,0,0,0,0,0,0,0,0,0,0,0,0,1.6611295681063123,0,0,0,0,0,0,1.6611295681063123,0,4.983388704318936,0,0,0,0,0,0,0,0,0,0,0,0
parvus_tua_res_agitur_I.txt_chunk1,parvus,1,0,0,0,0,0,10,0,2,2,1,38,0,0,2,0,0,0,0,1,0,0,1,0,0,2,0,0,2,0,0,0,0,1,2,0,0,2,1,1,0,1,1,3,0,1,2,0,4,1,0,1,5,1,0,1,32,2,9,0,3,1,6,7,0,9,0,1,2,2,0,0,1,1,0,2,4,0,0,0,0,1,0,0,1,2,0,0,0,11,3,0,22,0,0,0,0,0,0,3,0,0,0,0,13,1,5,1,0,1,0,0,0,0,8,1,12,0,0,2,0,0,1,2,6,2,0,0,2,0,2,0,6,0,0,0,0,0,0,3,0,0,3,0,3,1,0,0,0,0,0,2,1,0,0,4,0,0,1,1,0,2,3,1,6,2,1,2,0,0,0,0,0,0,1,0,1,3,1,16,2,0,4,0,4,4,1,4,1,0,0,2,0,0,0,0,1,0,0,0,0,0,0,0,1,2,2,2,0,0,0,0,0,0,0,1,1,0,1,0,0,0,1,0,0,0,1,0,0,0,0,0,0,0,0,1,1,1,2,1,1,0,0,0,1,0,0,0,0,0,0,0,2,0,0,0,1,0,0,0,1,1,0,3,2,0,0,0,0,0,0,1,0,3,0,0,0,0,0,0,0,0,1,0,0,1,0,0,0,0,1,0,1,1,0,0,0,0,0,0,0,0,0,0,0,1,0,0,0,0,0,0,0,0,0,1,6,0,2,0,0,1,1,2,0,0,0,0,0,0,0,0,0,0,0,0,3,0,2,2,0,0,1,0,1,0,1,0,0,0,0,0,0,1,0,0,0,0,0,0,0,1,0,2,0,0,1,0,0,0,0,0,0,2,0,1,1,0,2,1,0,0,0,0,0,0,0,1,1,0,0,0,0,0,0,2,0,1,0,1,1,0,0,0,0,0,0,1,0,0,0,0,1,0,1,0,0,0,0,0,0,1,0,1,3,0,0,0,0,0,0,0,1,2,0,0,0,0,0,0,0,0,1,2,1,0,0,0,1,0,0,0,0,0,0,0,0,0,0,0,2,1,0,0,0,0,0,0,0,0,0,0,0,0,0,0,1,0,1,0,0,0,1,0,0,1,0,0,0,0,0,0,0,0,0,0,1,0,0,0
parvus_tua_res_agitur_I.txt_chunk2,parvus,0,0,0,1.3440860215053765,0,0,6.720430107526882,1.3440860215053765,0,4.032258064516129,4.032258064516129,24.193548387096772,0,0,1.3440860215053765,0,0,0,0,2.688172043010753,0,2.688172043010753,2.688172043010753,1.3440860215053765,1.3440860215053765,1.3440860215053765,0,1.3440860215053765,0,0,0,0,0,0,4.032258064516129,0,0,1.3440860215053765,0,2.688172043010753,2.688172043010753,1.3440860215053765,0,2.688172043010753,1.3440860215053765,2.688172043010753,4.032258064516129,0,2.688172043010753,1.3440860215053765,2.688172043010753,0,10.752688172043012,0,0,0,29.56989247311828,2.688172043010753,4.032258064516129,0,0,1.3440860215053765,0,2.688172043010753,0,8.064516129032258,0,4.032258064516129,0,0,0,0,2.688172043010753,0,0,1.3440860215053765,0,0,0,0,0,0,0,0,2.688172043010753,4.032258064516129,0,2.688172043010753,0,6.720430107526882,1.3440860215053765,0,8.064516129032258,0,0,1.3440860215053765,0,0,0,1.3440860215053765,0,0,0,0,9.408602150537634,0,9.408602150537634,1.3440860215053765,0,1.3440860215053765,0,0,0,0,2.688172043010753,12.096774193548386,2.688172043010753,0,0,2.688172043010753,1.3440860215053765,0,0,0,0,1.3440860215053765,0,0,2.688172043010753,0,1.3440860215053765,0,12.096774193548386,1.3440860215053765,0,0,0,2.688172043010753,1.3440860215053765,4.032258064516129,0,2.688172043010753,0,1.3440860215053765,1.3440860215053765,1.3440860215053765,1.3440860215053765,0,0,0,0,0,0,0,0,4.032258064516129,0,0,0,1.3440860215053765,0,6.720430107526882,1.3440860215053765,0,4.032258064516129,0,0,0,0,0,1.3440860215053765,1.3440860215053765,0,0,0,0,0,2.688172043010753,0,10.752688172043012,4.032258064516129,0,2.688172043010753,1.3440860215053765,10.752688172043012,4.032258064516129,0,0,0,0,0,0,0,0,1.3440860215053765,1.3440860215053765,2.688172043010753,0,0,0,0,0,2.688172043010753,0,0,4.032258064516129,0,0,0,0,0,0,0,0,0,1.3440860215053765,2.688172043010753,0,2.688172043010753,0,1.3440860215053765,0,0,1.3440860215053765,1.3440860215053765,1.3440860215053765,0,1.3440860215053765,0,0,1.3440860215053765,1.3440860215053765,0,4.032258064516129,0,0,2.688172043010753,1.3440860215053765,0,5.376344086021506,0,0,0,1.3440860215053765,4.032258064516129,0,0,0,0,1.3440860215053765,0,0,0,0,1.3440860215053765,0,0,0,1.3440860215053765,0,1.3440860215053765,0,1.3440860215053765,2.688172043010753,2.688172043010753,0,0,1.3440860215053765,1.3440860215053765,1.3440860215053765,0,0,0,9.408602150537634,0,1.3440860215053765,0,0,0,1.3440860215053765,0,2.688172043010753,1.3440860215053765,1.3440860215053765,1.3440860215053765,0,0,0,1.3440860215053765,1.3440860215053765,0,0,0,1.3440860215053765,0,2.688172043010753,1.3440860215053765,0,0,0,0,1.3440860215053765,0,0,0,0,0,0,0,0,0,0,1.3440860215053765,0,0,1.3440860215053765,2.688172043010753,4.032258064516129,0,0,0,0,5.376344086021506,0,0,0,0,0,0,0,2.688172043010753,1.3440860215053765,0,2.688172043010753,0,0,1.3440860215053765,0,1.3440860215053765,0,0,1.3440860215053765,0,0,0,0,0,0,0,0,0,0,0,0,0,0,1.3440860215053765,0,0,2.688172043010753,0,2.688172043010753,0,0,1.3440860215053765,0,0,0,0,0,0,0,0,0,0,0,0,0,2.688172043010753,2.688172043010753,0,1.3440860215053765,1.3440860215053765,0,0,0,0,0,1.3440860215053765,0,0,0,1.3440860215053765,1.3440860215053765,1.3440860215053765,1.3440860215053765,0,0,1.3440860215053765,0,0,2.688172043010753,0,0,1.3440860215053765,0,0,0,0,0,0,0,0,1.3440860215053765,0,0,1.3440860215053765,0,0,0,6.720430107526882,0,1.3440860215053765,0,0,0,0,0,0,0,0,0,0,1.3440860215053765,0,0,0,0,0,0,0,0,0,1.3440860215053765,0,0,1.3440860215053765,0,0,1.3440860215053765,2.688172043010753,0,0,0,2.688172043010753,0,0,0,0,0,2.688172043010753,0,0,0,0,0,0,0,0,0,0,0,0,0,1.3440860215053765,0,0,0,0,0,0,0,0,1.3440860215053765,0,10.752688172043012,0,0,0,0,0,2.688172043010753,0,0,0,0,1.3440860215053765,0,0,0
parvus_v_chem_my_rashodimsya_otvet_leninu.txt_chunk1,parvus,4,0,0,2,1,4,2,1,2,5,2,34,2,0,4,3,1,0,0,1,0,3,8,0,0,0,0,1,0,3,0,1,0,1,0,0,0,2,1,0,1,4,1,2,1,1,6,2,6,3,1,0,5,0,0,2,40,0,2,2,0,2,3,5,0,2,0,4,2,0,0,0,0,0,0,2,1,0,0,0,2,0,5,0,0,0,0,0,0,11,0,0,19,1,1,0,1,0,3,0,0,0,1,1,12,4,0,1,0,0,0,0,1,0,3,0,3,0,0,0,0,0,1,2,10,1,0,0,1,0,1,0,6,1,4,0,2,2,1,2,2,1,0,0,1,2,1,0,3,1,0,0,0,0,0,3,1,0,2,1,0,4,2,0,6,1,1,1,0,0,3,5,0,1,0,0,0,3,2,11,2,0,0,1,16,2,0,2,0,0,7,0,0,1,0,0,5,0,0,1,0,0,1,0,0,4,0,0,0,0,2,0,0,1,0,0,0,0,0,0,0,0,1,0,0,0,0,0,1,0,0,1,0,8,4,1,1,0,0,2,0,0,1,1,1,1,0,0,0,0,1,0,0,0,0,0,2,0,0,0,0,0,2,1,4,1,0,0,0,0,0,1,1,2,0,2,1,1,1,0,0,2,0,0,0,0,1,0,1,0,4,0,0,0,0,0,2,0,0,1,0,0,0,0,0,0,0,1,0,0,0,0,2,3,1,1,2,1,1,0,0,0,0,2,0,0,1,0,0,0,1,0,1,0,0,0,0,0,0,1,0,0,0,0,0,0,2,0,1,0,0,1,0,0,0,0,0,0,0,0,1,0,0,2,0,0,0,0,0,0,1,0,0,0,0,2,1,2,14,4,0,1,0,0,0,0,0,0,0,0,5,0,0,0,5,1,1,0,0,0,0,0,0,0,0,0,1,0,1,0,0,1,0,0,1,0,0,2,0,0,1,0,2,0,0,1,0,0,0,0,0,0,1,4,0,0,0,0,0,0,0,0,0,1,0,0,0,0,3,1,0,1,1,0,1,2,0,0,3,0,2,0,0,0,0,0,2,1,2,2,1,0,0,0,0,0,2,0,1,0,0,0,1,0,1,0,0,0,0,5,0,0,1,0,5,0,0,0,0,0
parvus_v_chem_my_rashodimsya_otvet_leninu.txt_chunk3,parvus,5,0,0,0,4,2,7,1,1,2,1,24,0,1,2,0,0,1,0,0,0,1,5,1,0,2,1,0,2,0,0,1,0,2,1,0,0,2,0,0,0,2,1,3,2,1,7,0,0,5,0,0,4,0,0,1,29,0,2,4,2,0,7,9,1,6,0,0,0,1,0,1,1,0,1,0,0,0,0,0,3,0,1,0,0,1,1,0,0,23,0,0,30,1,0,0,2,0,1,5,0,0,2,0,6,0,2,1,0,0,0,0,0,0,1,1,18,1,0,12,0,0,0,2,7,1,0,0,1,0,0,0,9,0,0,1,1,3,0,1,0,0,2,2,2,2,3,2,0,0,0,0,2,0,0,2,1,0,0,1,0,9,1,1,8,2,0,0,1,1,2,0,0,0,0,0,0,3,0,15,4,0,1,5,5,1,1,1,2,0,14,0,1,0,1,0,1,1,0,0,1,0,0,0,1,4,0,0,0,0,0,1,0,0,0,3,0,2,1,4,0,0,0,0,0,0,0,0,0,0,0,0,0,7,0,0,0,0,1,3,0,0,0,1,0,1,0,0,0,0,0,0,0,0,0,0,0,0,0,0,2,0,0,1,5,0,0,0,1,0,0,0,0,3,0,0,0,1,0,0,0,1,1,1,2,0,1,0,0,1,2,0,1,0,0,0,0,0,0,0,0,1,0,1,0,3,1,2,1,1,0,0,2,1,0,1,0,0,0,2,0,1,0,1,0,0,0,1,3,0,1,0,0,0,0,0,2,0,0,1,0,0,1,0,0,0,0,0,1,0,1,0,0,1,0,0,0,0,0,0,1,0,0,0,0,0,0,1,0,0,0,0,0,0,1,0,0,2,11,0,1,1,0,0,0,2,0,0,0,0,1,0,0,0,1,1,0,0,0,0,0,0,0,0,0,0,1,0,3,0,0,2,0,0,0,0,1,0,1,0,1,0,0,1,0,1,0,0,0,0,0,0,0,5,2,0,1,0,0,0,0,0,0,2,3,0,1,1,1,0,4,0,0,0,1,1,0,0,0,0,2,0,0,1,0,0,0,0,1,0,0,0,1,0,0,0,0,0,2,0,0,0,0,2,0,0,0,0,0,3,0,0,1,0,2,0,0,0,0,0
parvus_v_chem_my_rashodimsya_otvet_leninu.txt_chunk4,parvus,11,0,1,0,2,1,2,1,0,7,2,31,0,4,4,0,1,0,0,2,0,4,4,1,1,1,0,0,0,1,0,0,0,3,1,0,0,3,0,1,0,5,0,10,0,2,2,0,6,5,0,0,2,0,2,2,36,0,6,2,2,2,6,8,0,5,1,6,0,0,1,0,2,1,0,0,1,2,0,2,1,1,0,0,0,2,1,0,0,18,0,1,20,2,0,0,0,0,1,3,0,1,0,0,8,2,1,0,1,0,0,0,0,1,13,0,6,2,0,4,0,1,1,1,6,0,0,1,3,1,1,0,16,0,0,1,0,5,0,4,0,0,2,1,0,1,1,0,0,0,0,0,0,0,0,0,3,1,0,3,0,9,2,1,6,2,2,2,0,0,2,0,0,0,0,0,0,1,0,22,3,0,1,1,7,1,2,0,1,0,7,0,0,0,0,0,1,0,0,0,0,0,0,0,0,0,1,0,0,0,0,0,0,1,1,1,3,1,0,1,1,2,0,1,0,1,0,1,0,0,0,0,0,1,0,0,0,0,0,1,0,0,0,1,1,1,0,0,0,0,0,0,0,0,2,1,0,3,2,0,0,2,1,2,6,1,0,0,2,0,0,0,1,2,0,0,0,0,1,0,1,0,1,2,3,0,1,0,0,0,1,0,0,0,0,0,1,0,0,1,0,0,0,2,0,0,0,0,1,2,1,0,0,1,0,2,0,0,0,1,2,1,0,1,0,0,0,1,0,1,7,0,0,0,0,0,1,0,0,1,0,3,0,0,0,0,0,0,1,0,1,0,0,0,1,1,1,0,1,0,0,0,0,0,1,0,0,2,0,0,0,0,0,0,1,0,0,0,10,3,0,0,2,2,0,0,0,0,2,0,0,1,0,0,1,0,0,0,0,0,0,0,0,3,0,0,0,0,1,0,0,0,0,2,0,0,1,0,0,0,1,0,0,0,0,0,0,0,1,0,1,2,0,2,1,0,1,1,0,0,0,1,0,1,1,0,1,0,2,1,0,1,3,0,0,1,1,0,0,0,1,1,2,0,0,0,0,0,0,1,0,0,1,2,0,0,1,0,0,0,0,0,0,0,0,2,0,0,0,8,0,1,0,0,1,0,0,0,0,0
parvus_v_chem_my_rashodimsya_otvet_leninu.txt_chunk9,parvus,6.191950464396285,0,1.0319917440660473,1.0319917440660473,4.127966976264189,0,2.0639834881320946,0,0,2.0639834881320946,0,23.735810113519094,0,1.0319917440660473,1.0319917440660473,0,0,0,0,3.0959752321981426,0,0,7.223942208462332,2.0639834881320946,2.0639834881320946,0,2.0639834881320946,0,0,0,1.0319917440660473,0,0,0,1.0319917440660473,0,0,2.0639834881320946,2.0639834881320946,0,0,0,0,13.415892672858616,1.0319917440660473,1.0319917440660473,1.0319917440660473,2.0639834881320946,4.127966976264189,3.0959752321981426,2.0639834881320946,0,3.0959752321981426,0,0,0,47.47162022703819,0,3.0959752321981426,1.0319917440660473,3.0959752321981426,0,2.0639834881320946,2.0639834881320946,0,8.255933952528379,1.0319917440660473,0,0,3.0959752321981426,0,1.0319917440660473,0,0,0,2.0639834881320946,0,0,2.0639834881320946,0,4.127966976264189,2.0639834881320946,0,0,0,1.0319917440660473,1.0319917440660473,0,1.0319917440660473,19.607843137254903,0,0,21.671826625387,0,0,0,0,0,2.0639834881320946,2.0639834881320946,0,2.0639834881320946,1.0319917440660473,1.0319917440660473,7.223942208462332,0,0,0,0,0,1.0319917440660473,1.0319917440660473,0,0,14.447884416924664,4.127966976264189,2.0639834881320946,4.127966976264189,2.0639834881320946,11.351909184726523,0,1.0319917440660473,0,2.0639834881320946,4.127966976264189,1.0319917440660473,0,0,2.0639834881320946,1.0319917440660473,3.0959752321981426,0,9.287925696594426,0,0,0,0,0,0,0,1.0319917440660473,1.0319917440660473,1.0319917440660473,2.0639834881320946,2.0639834881320946,0,3.0959752321981426,0,0,1.0319917440660473,0,0,1.0319917440660473,0,0,2.0639834881320946,1.0319917440660473,0,0,0,0,4.127966976264189,2.0639834881320946,1.0319917440660473,4.127966976264189,2.0639834881320946,0,0,0,0,1.0319917440660473,0,0,0,0,0,0,3.0959752321981426,0,9.287925696594426,5.159958720330238,2.0639834881320946,1.0319917440660473,2.0639834881320946,4.127966976264189,2.0639834881320946,0,1.0319917440660473,0,0,3.0959752321981426,1.0319917440660473,0,0,0,0,0,0,1.0319917440660473,1.0319917440660473,0,0,0,0,0,0,0,0,0,0,0,0,0,1.0319917440660473,1.0319917440660473,0,0,2.0639834881320946,1.0319917440660473,0,1.0319917440660473,1.0319917440660473,0,0,0,0,0,0,0,0,0,0,1.0319917440660473,1.0319917440660473,0,1.0319917440660473,0,0,2.0639834881320946,4.127966976264189,0,1.0319917440660473,0,1.0319917440660473,2.0639834881320946,1.0319917440660473,0,2.0639834881320946,0,1.0319917440660473,0,1.0319917440660473,0,1.0319917440660473,1.0319917440660473,0,0,0,0,1.0319917440660473,4.127966976264189,0,0,1.0319917440660473,0,1.0319917440660473,0,1.0319917440660473,1.0319917440660473,4.127966976264189,0,4.127966976264189,0,5.159958720330238,0,0,0,1.0319917440660473,0,1.0319917440660473,0,4.127966976264189,2.0639834881320946,1.0319917440660473,4.127966976264189,0,0,0,0,0,0,0,0,0,1.0319917440660473,0,0,0,0,1.0319917440660473,0,1.0319917440660473,0,1.0319917440660473,0,2.0639834881320946,0,2.0639834881320946,0,1.0319917440660473,1.0319917440660473,1.0319917440660473,6.191950464396285,3.0959752321981426,0,0,1.0319917440660473,0,1.0319917440660473,0,0,1.0319917440660473,1.0319917440660473,0,0,0,0,0,0,1.0319917440660473,0,0,1.0319917440660473,0,0,0,0,0,1.0319917440660473,1.0319917440660473,0,0,1.0319917440660473,0,0,0,0,0,2.0639834881320946,0,0,0,0,0,0,0,3.0959752321981426,0,0,0,0,1.0319917440660473,0,1.0319917440660473,0,0,0,1.0319917440660473,1.0319917440660473,1.0319917440660473,0,1.0319917440660473,0,0,0,0,5.159958720330238,0,1.0319917440660473,0,0,3.0959752321981426,1.0319917440660473,0,0,0,0,0,0,0,0,0,0,0,0,0,0,2.0639834881320946,0,0,0,0,1.0319917440660473,1.0319917440660473,0,0,0,2.0639834881320946,0,0,0,0,1.0319917440660473,7.223942208462332,3.0959752321981426,0,0,0,2.0639834881320946,0,0,1.0319917440660473,2.0639834881320946,0,0,0,0,0,0,0,1.0319917440660473,0,1.0319917440660473,4.127966976264189,1.0319917440660473,0,0,0,0,0,0,0,0,0,0,0,1.0319917440660473,0,1.0319917440660473,0,1.0319917440660473,0,7.223942208462332,0,1.0319917440660473,0,1.0319917440660473,0,0,0,0,0,0,3.0959752321981426,0,0,0,0,2.0639834881320946,0,0,0,0,4.127966976264189,0,0,0,0,0,0,0,0,1.0319917440660473,2.0639834881320946,0,0,0,0,0,2.0639834881320946,0,1.0319917440660473,0,1.0319917440660473,1.0319917440660473,0,1.0319917440660473,0,0,0
parvus_virIII_9_mes_voyny_I.txt_chunk4,parvus,6.493506493506494,0,1.0822510822510822,1.0822510822510822,7.575757575757576,3.246753246753247,3.246753246753247,1.0822510822510822,1.0822510822510822,2.1645021645021645,0,23.809523809523807,0,0,1.0822510822510822,2.1645021645021645,0,0,0,2.1645021645021645,0,1.0822510822510822,1.0822510822510822,0,1.0822510822510822,2.1645021645021645,0,0,1.0822510822510822,1.0822510822510822,0,0,1.0822510822510822,0,1.0822510822510822,0,0,5.411255411255411,0,3.246753246753247,0,0,0,4.329004329004329,6.493506493506494,0,1.0822510822510822,0,6.493506493506494,2.1645021645021645,0,0,5.411255411255411,2.1645021645021645,0,0,28.13852813852814,0,3.246753246753247,1.0822510822510822,4.329004329004329,0,1.0822510822510822,17.316017316017316,0,4.329004329004329,0,2.1645021645021645,1.0822510822510822,1.0822510822510822,0,0,3.246753246753247,0,1.0822510822510822,0,0,0,0,0,0,1.0822510822510822,0,0,2.1645021645021645,1.0822510822510822,1.0822510822510822,0,0,11.904761904761903,0,0,12.987012987012989,1.0822510822510822,0,0,0,0,1.0822510822510822,0,2.1645021645021645,0,4.329004329004329,1.0822510822510822,5.411255411255411,1.0822510822510822,5.411255411255411,0,0,0,0,0,0,0,4.329004329004329,5.411255411255411,5.411255411255411,0,0,2.1645021645021645,0,0,1.0822510822510822,3.246753246753247,7.575757575757576,1.0822510822510822,0,0,3.246753246753247,0,3.246753246753247,0,7.575757575757576,0,0,0,1.0822510822510822,0,1.0822510822510822,1.0822510822510822,0,2.1645021645021645,0,0,0,2.1645021645021645,2.1645021645021645,3.246753246753247,0,0,0,0,1.0822510822510822,0,0,0,0,0,0,1.0822510822510822,0,3.246753246753247,0,0,5.411255411255411,3.246753246753247,0,0,0,1.0822510822510822,1.0822510822510822,0,0,0,0,0,0,2.1645021645021645,0,4.329004329004329,7.575757575757576,1.0822510822510822,1.0822510822510822,1.0822510822510822,8.658008658008658,1.0822510822510822,1.0822510822510822,0,1.0822510822510822,0,0,2.1645021645021645,0,0,0,2.1645021645021645,4.329004329004329,1.0822510822510822,1.0822510822510822,1.0822510822510822,1.0822510822510822,0,0,1.0822510822510822,0,2.1645021645021645,0,0,0,0,0,0,0,0,0,1.0822510822510822,0,0,1.0822510822510822,0,0,0,0,0,0,0,0,0,0,0,0,0,0,5.411255411255411,0,0,2.1645021645021645,0,0,1.0822510822510822,0,0,2.1645021645021645,0,0,0,0,1.0822510822510822,0,0,1.0822510822510822,0,0,0,0,1.0822510822510822,0,0,0,0,0,0,1.0822510822510822,1.0822510822510822,0,3.246753246753247,0,0,0,0,0,1.0822510822510822,2.1645021645021645,0,0,1.0822510822510822,0,1.0822510822510822,1.0822510822510822,0,1.0822510822510822,0,0,0,0,0,1.0822510822510822,0,0,0,3.246753246753247,0,0,0,1.0822510822510822,0,0,0,0,0,0,0,0,0,3.246753246753247,0,0,0,0,0,0,0,0,0,0,10.822510822510822,2.1645021645021645,2.1645021645021645,2.1645021645021645,0,0,2.1645021645021645,2.1645021645021645,1.0822510822510822,0,0,0,0,0,0,4.329004329004329,1.0822510822510822,2.1645021645021645,0,0,0,0,1.0822510822510822,0,0,1.0822510822510822,0,0,0,0,2.1645021645021645,2.1645021645021645,0,0,0,0,1.0822510822510822,0,0,1.0822510822510822,0,0,0,0,0,0,0,0,0,0,0,0,1.0822510822510822,0,2.1645021645021645,0,0,1.0822510822510822,1.0822510822510822,0,0,0,0,1.0822510822510822,0,0,0,1.0822510822510822,0,0,0,0,0,0,0,0,1.0822510822510822,0,0,0,1.0822510822510822,1.0822510822510822,0,0,0,0,1.0822510822510822,1.0822510822510822,0,3.246753246753247,0,0,1.0822510822510822,0,1.0822510822510822,0,1.0822510822510822,0,0,4.329004329004329,2.1645021645021645,0,0,0,0,0,0,0,0,0,0,0,0,0,2.1645021645021645,0,0,0,0,0,0,0,0,0,1.0822510822510822,0,0,0,1.0822510822510822,0,0,0,0,1.0822510822510822,3.246753246753247,0,1.0822510822510822,0,0,0,0,0,0,0,0,1.0822510822510822,0,0,0,0,0,0,1.0822510822510822,0,0,0,0,0,0,2.1645021645021645,0,0,0,0,0,0,4.329004329004329,0,0,1.0822510822510822,0,0,0,0,0,0,0,0,0,0,0,0,0,0,0
parvus_virII_padenie_samoderzhaviya_I.txt_chunk1,parvus,4,0,0,1,0,0,9,2,0,4,3,32,0,0,0,1,0,0,0,2,0,1,7,1,2,3,1,0,0,0,0,0,0,0,1,0,0,3,0,1,0,0,0,5,7,1,2,0,3,2,0,0,6,0,0,0,43,1,2,1,1,0,2,7,1,2,1,1,1,2,2,0,2,0,0,0,0,0,1,1,0,0,0,0,0,2,1,0,0,12,1,1,14,0,0,0,0,1,0,1,0,1,0,0,8,1,1,1,0,0,0,0,0,1,1,4,0,1,0,4,1,0,0,1,6,1,0,1,1,0,0,1,8,0,0,0,0,5,0,1,1,1,1,2,1,3,5,1,0,1,0,4,0,0,0,5,1,0,0,1,0,3,3,0,7,0,1,1,0,1,1,1,0,0,0,1,0,1,0,7,3,1,0,2,1,0,3,2,0,1,0,1,0,0,0,0,1,1,1,1,0,0,0,0,1,0,1,0,1,0,0,0,1,1,2,13,0,1,2,0,0,0,1,1,0,0,0,0,0,0,1,0,0,5,0,0,2,0,1,0,0,0,0,0,0,0,0,0,0,0,1,0,0,0,2,2,0,0,0,0,0,0,1,0,4,3,0,0,0,2,0,1,1,0,2,1,0,1,1,0,0,0,0,0,0,0,1,0,0,1,4,0,0,0,1,1,1,0,0,0,0,1,0,0,0,0,0,0,0,1,0,0,0,1,0,3,1,0,0,2,1,0,3,1,0,0,0,2,0,0,2,0,0,1,0,0,1,3,0,1,0,0,0,0,0,0,1,0,2,0,0,1,0,0,0,0,0,0,1,0,1,0,0,0,0,0,0,0,1,1,0,0,1,0,0,2,0,0,0,0,0,0,1,0,0,0,0,0,1,0,0,0,1,0,0,0,0,0,0,0,0,0,0,0,1,0,1,0,1,0,0,0,0,0,0,0,1,0,0,0,0,1,2,0,5,0,0,0,0,0,0,0,0,1,2,0,0,0,0,1,1,0,2,4,0,0,2,0,4,0,1,0,0,0,0,0,0,0,0,0,0,0,0,0,0,0,0,0,1,0,0,0,0,0,1,0,0,0,0,0,0,3,0,0,0,0,0,0,0,0,0,0,0,0,0,0,1,0,0,0
parvus_virII_padenie_samoderzhaviya_I.txt_chunk3,parvus,9,0,0,0,4,0,0,0,3,2,1,50,0,0,1,2,0,0,0,1,0,6,3,1,2,1,0,1,0,0,0,0,0,1,2,0,0,3,0,0,0,1,0,1,4,0,2,0,4,6,0,1,4,2,1,0,31,0,3,1,1,0,3,3,0,3,0,2,1,1,1,0,3,0,1,0,1,0,0,4,0,0,0,2,0,5,2,1,0,11,0,0,19,1,1,0,0,0,0,0,0,0,1,0,7,0,4,0,0,0,0,1,1,0,2,3,4,0,0,2,0,0,0,2,4,0,0,0,7,0,1,0,11,1,0,0,1,1,0,2,0,1,0,1,0,3,2,2,0,0,0,2,2,0,0,2,2,0,0,0,0,4,2,0,9,2,0,0,0,0,4,0,0,0,0,0,0,1,1,15,1,0,1,1,5,0,0,2,0,0,0,2,0,4,0,0,0,2,0,1,0,1,0,0,0,2,0,0,0,0,1,0,0,1,0,0,0,0,0,0,0,0,0,2,1,0,0,0,0,0,0,1,0,3,0,1,1,0,1,3,0,0,1,0,0,1,0,0,0,0,0,1,0,0,1,0,0,2,1,0,0,0,1,1,0,0,0,0,0,0,0,0,2,0,1,1,0,1,1,0,0,1,0,0,1,0,0,0,0,2,6,0,0,0,0,0,0,1,0,2,0,0,0,0,0,0,0,2,0,0,0,0,0,0,0,5,1,1,1,0,0,0,1,1,0,0,0,1,0,0,1,1,1,0,0,0,0,0,1,3,0,0,1,0,0,0,0,0,1,0,0,0,0,0,2,0,0,0,0,0,0,1,0,1,1,0,0,0,2,2,2,0,0,0,0,0,0,0,1,3,1,0,0,0,0,1,0,0,0,1,0,0,0,0,0,0,0,0,0,0,0,0,0,0,0,0,1,0,1,0,0,0,0,0,0,1,0,0,0,0,0,1,0,0,1,0,0,0,0,10,1,0,0,0,1,0,0,0,0,1,0,0,2,0,0,0,1,0,0,0,0,0,0,0,0,0,0,0,0,0,1,0,0,0,0,1,0,0,0,0,0,1,1,0,0,2,0,0,0,0,0,1,0,0,0,0,0,0,0,0,0,0,0,0,0,0,0,0,0,0
parvus_virII_padenie_samoderzhaviya_I.txt_chunk4,parvus,5,0,1,0,2,0,2,0,0,2,2,27,0,0,3,0,0,0,0,2,0,3,5,0,1,1,0,0,0,0,0,0,0,0,0,0,0,4,2,0,0,0,2,6,2,1,1,0,10,4,0,0,3,0,0,0,32,1,4,3,0,0,0,8,0,6,0,4,2,1,0,0,1,0,1,0,0,0,0,1,0,0,0,1,0,4,1,0,0,17,0,0,14,2,0,0,0,0,2,0,0,0,1,0,11,0,5,0,0,0,0,0,0,0,1,3,2,0,0,4,0,0,1,1,2,3,0,0,3,0,1,0,13,0,0,0,0,0,0,0,0,0,0,0,0,1,0,1,0,1,0,2,2,0,0,2,0,0,0,3,0,4,2,0,6,0,0,0,1,2,0,0,0,0,0,0,0,2,0,6,3,0,0,1,8,3,0,0,0,1,1,1,0,1,0,0,4,0,0,0,0,0,0,0,0,0,0,0,0,0,0,0,0,0,0,0,0,0,1,0,1,0,1,1,0,0,0,0,0,0,0,1,0,7,0,0,1,1,0,0,1,0,0,0,0,0,0,0,0,0,0,3,0,2,0,0,0,0,0,0,0,0,1,0,0,1,0,0,0,0,0,0,0,0,0,0,0,0,0,0,0,0,0,0,0,0,1,0,0,0,2,0,0,0,0,0,0,0,0,0,0,0,0,0,0,0,0,1,0,0,0,0,0,0,0,9,2,1,0,3,0,1,0,0,0,0,0,2,0,0,2,0,2,0,0,0,3,0,2,1,0,0,0,0,0,0,0,0,0,0,2,0,0,0,2,1,0,0,0,0,0,0,0,0,2,0,0,0,1,0,0,0,1,0,0,2,0,0,0,0,0,0,1,0,1,0,0,0,0,0,0,0,0,0,0,0,0,0,1,0,1,3,0,0,0,0,0,1,1,0,0,0,0,0,2,0,0,1,2,0,1,0,2,0,3,0,0,0,2,2,0,1,0,0,0,0,0,0,0,1,0,0,1,5,0,0,0,0,0,1,0,0,0,0,0,0,0,0,0,0,0,0,0,0,0,0,0,0,0,0,0,0,0,0,0,0,0,0,1,0,0,2,0,0,0,0,0,0,0,0,0,0,0,0,0,0,1,0,0,0
parvus_virII_padenie_samoderzhaviya_I.txt_chunk5,parvus,6,0,0,1,0,0,0,0,2,6,1,33,0,0,4,0,0,0,0,2,0,3,2,0,0,0,0,0,1,0,0,0,1,0,1,0,0,9,0,0,0,0,0,3,1,2,2,0,4,2,0,0,1,0,0,0,35,0,2,0,0,0,0,6,1,7,0,2,0,0,1,0,1,1,0,0,2,0,0,4,0,0,0,0,1,1,0,0,0,14,1,0,13,1,0,1,1,0,0,0,0,1,0,0,8,0,1,0,0,1,0,0,0,0,1,7,1,0,0,5,0,0,3,2,3,0,0,0,4,0,0,0,8,0,0,0,0,0,1,0,1,0,0,0,2,2,0,0,0,1,0,0,0,0,1,3,2,0,0,0,0,3,3,0,6,0,2,0,0,0,1,0,0,0,0,0,0,1,0,11,2,0,0,0,4,0,0,1,0,0,0,1,0,1,2,1,1,0,0,1,1,0,1,0,0,0,0,0,1,0,0,0,0,0,0,4,4,0,1,0,2,0,0,0,0,0,0,0,0,0,0,1,0,2,0,2,0,0,1,1,0,0,0,0,0,0,0,0,0,1,1,0,0,0,0,1,0,0,0,0,0,0,0,0,1,0,0,0,0,6,0,0,2,0,0,0,0,1,0,0,0,0,1,0,0,1,0,0,1,0,1,0,0,0,0,0,2,0,0,0,0,0,1,1,1,1,0,0,0,0,0,0,1,0,0,8,1,2,3,3,1,1,2,1,0,1,0,3,0,0,2,0,0,0,0,0,0,1,0,0,0,1,0,0,0,0,0,1,6,0,0,0,1,0,0,0,0,1,1,0,0,0,0,0,0,1,0,2,0,1,0,0,0,1,1,0,0,0,0,0,1,0,3,0,1,1,0,0,0,0,0,0,0,0,0,0,0,1,0,0,0,0,0,0,0,0,0,1,0,1,0,0,2,0,0,0,0,2,2,0,1,0,0,0,1,0,0,3,0,5,0,0,1,0,0,0,0,0,0,0,0,0,1,1,0,0,0,0,4,2,0,0,2,0,1,0,1,0,0,0,1,0,0,0,0,0,0,1,0,0,0,0,0,0,0,0,1,0,0,0,0,9,0,0,1,0,0,1,0,0,0,0,0,0,0,0,0,0,0,0
parvus_virIV_samoderzh_i_reformy_I.txt_chunk2,parvus,8,0,0,2,5,1,22,1,3,4,1,23,1,0,1,0,0,0,0,1,0,0,5,0,1,2,0,0,1,0,0,0,1,0,0,0,0,3,5,1,2,0,0,6,3,4,4,0,4,4,0,0,2,0,0,0,32,0,2,0,0,0,5,7,0,2,0,2,0,1,1,0,1,1,0,0,1,0,0,1,0,0,0,0,0,4,0,0,0,17,0,0,14,1,2,0,0,0,0,1,0,0,0,0,8,0,0,0,0,0,0,0,1,0,6,1,2,2,0,2,0,0,1,2,3,5,0,0,6,0,0,0,5,0,0,0,0,0,1,4,1,0,0,0,0,0,2,0,0,0,0,1,0,0,0,2,1,0,0,7,0,2,2,1,7,2,1,0,0,2,1,0,0,0,0,0,0,4,0,9,4,0,1,2,3,8,1,1,0,0,0,3,0,0,2,0,4,0,1,2,1,1,0,0,1,0,0,0,0,0,0,0,1,0,0,11,1,1,2,0,3,1,1,0,0,0,0,1,0,1,0,2,0,2,0,1,1,0,5,0,0,0,0,0,0,0,0,0,0,2,1,0,0,0,0,1,0,0,0,0,0,0,1,0,1,2,1,1,0,3,0,2,2,0,0,2,0,2,2,0,0,0,1,0,0,0,1,0,0,0,1,0,0,0,0,0,0,0,0,0,0,1,0,0,0,0,1,1,0,2,0,0,0,2,0,9,1,0,0,2,0,2,6,4,0,0,0,8,1,0,1,0,1,0,0,0,4,0,0,0,0,0,0,0,0,0,1,0,0,0,0,1,0,0,0,0,0,0,0,0,1,1,0,0,0,0,0,0,0,1,1,1,0,0,0,3,0,0,2,0,1,3,0,0,0,0,0,3,0,0,0,1,1,1,0,0,1,0,0,0,0,1,0,0,0,0,0,0,0,0,0,0,0,1,1,0,0,0,0,1,0,0,2,3,13,0,0,0,0,0,1,1,2,10,0,5,0,0,0,0,0,0,1,5,1,0,0,0,2,2,4,1,1,0,0,0,0,0,0,0,2,3,0,0,0,0,0,0,0,0,0,0,1,0,0,0,0,0,0,0,0,3,0,0,0,0,0,0,0,0,0,0,0,0,0,0,0,0,0,0
parvus_virIV_samoderzh_i_reformy_I.txt_chunk3,parvus,9,0,0,1,1,1,7,0,0,3,0,21,1,0,0,0,0,0,0,2,1,0,6,0,1,1,0,1,0,0,0,0,2,3,0,0,0,1,1,0,0,1,0,3,3,1,5,0,5,2,1,0,7,0,1,0,31,0,3,1,2,1,6,7,0,5,2,0,0,3,0,1,5,3,0,1,0,0,0,1,0,0,0,0,0,0,2,0,2,14,0,0,10,1,3,0,0,0,1,1,2,0,2,0,7,0,2,0,4,0,0,0,0,0,2,7,3,0,0,3,0,0,0,1,5,3,0,0,5,1,0,0,7,0,1,0,3,1,1,0,0,3,0,1,1,3,1,1,0,1,1,1,3,0,0,1,1,5,0,2,0,2,0,1,3,1,1,2,0,1,0,0,0,1,2,0,0,1,0,10,2,3,1,0,6,1,0,0,0,0,1,0,0,1,0,2,1,0,0,0,0,1,4,0,0,3,0,1,0,0,0,1,0,1,0,3,2,0,0,0,1,0,0,0,0,0,0,0,0,0,2,1,0,2,1,0,2,0,2,0,0,0,0,0,1,0,0,2,0,0,2,0,1,0,0,0,0,0,0,0,1,0,0,1,7,1,0,0,0,7,0,1,2,1,1,0,0,0,0,2,0,1,1,2,1,1,1,0,1,1,0,0,0,0,0,0,2,1,0,1,0,0,1,0,0,2,0,0,0,2,0,0,3,1,0,7,0,0,0,3,0,0,1,0,0,0,1,1,0,0,0,0,0,0,0,0,1,0,1,3,0,0,0,0,0,0,0,0,0,0,0,0,0,0,0,0,0,1,0,0,0,0,2,0,0,1,1,0,2,1,1,1,0,0,1,2,0,1,2,0,0,1,0,0,2,0,0,0,0,0,0,0,0,0,2,0,1,0,3,0,0,0,0,0,1,0,0,0,0,0,0,0,1,1,1,0,1,0,0,0,0,1,0,0,5,0,0,1,0,1,0,0,5,4,0,0,0,0,1,0,0,0,0,3,0,0,3,0,3,4,2,0,0,0,0,0,0,0,0,0,3,1,0,0,0,0,0,1,1,0,0,0,0,1,0,0,0,0,0,0,0,5,0,0,1,0,0,0,0,0,0,0,0,0,0,0,0,0,0,0
parvus_virI_kapitalizm_i_voyna_I.txt_chunk2,parvus,5,0,3,0,0,0,2,1,1,2,0,27,1,0,2,2,0,0,0,1,0,1,4,0,1,1,0,0,2,0,0,0,0,0,0,0,0,3,0,0,0,0,1,2,7,2,0,0,4,3,0,0,4,2,0,0,49,0,3,0,0,0,4,7,0,4,0,1,0,2,0,0,1,0,0,0,0,0,0,2,0,1,0,0,0,1,1,0,0,22,0,0,8,1,0,2,0,0,0,0,0,0,0,0,10,0,1,0,2,1,0,0,0,0,9,1,5,0,0,2,1,0,0,2,7,1,0,0,3,0,0,0,8,0,0,0,0,1,1,0,2,1,1,0,0,1,1,0,0,0,0,1,0,0,0,2,1,2,1,1,0,7,1,0,1,1,0,0,0,0,2,0,0,0,0,0,0,2,0,11,3,1,2,0,2,1,0,1,0,0,1,2,0,0,0,0,4,0,1,0,1,0,0,0,0,0,0,0,0,0,0,0,0,0,0,2,5,0,0,0,1,2,0,1,0,0,0,0,0,0,0,1,1,3,0,0,0,1,1,1,0,0,0,0,1,0,0,0,1,0,1,0,2,0,0,0,0,0,0,0,0,0,2,0,1,2,1,0,0,2,0,0,1,1,0,0,0,0,0,0,0,1,0,0,0,0,1,0,0,0,2,0,0,0,0,0,0,0,0,0,0,0,0,1,0,0,0,0,0,1,0,0,1,0,0,1,0,0,0,0,0,1,3,0,0,2,0,3,0,1,0,0,0,0,1,0,2,3,0,0,0,0,0,0,1,2,1,0,1,0,0,0,0,0,0,0,0,0,0,0,0,0,1,0,1,0,0,0,0,0,1,0,0,0,0,2,0,0,1,0,1,0,0,0,0,0,0,1,0,0,0,1,0,0,0,0,0,2,0,0,0,1,1,0,0,0,0,0,0,0,0,0,1,0,1,0,0,1,1,0,0,0,1,0,1,0,0,1,0,0,0,0,1,0,0,0,0,0,0,0,1,0,3,1,0,0,0,0,0,0,0,0,0,0,0,0,0,0,0,0,2,1,0,0,0,0,0,2,0,0,0,0,3,0,8,0,0,0,0,0,0,1,0,0,2,0,0,0,0,0,0,0,0,0,0,0,1,0,0,0
parvus_virI_kapitalizm_i_voyna_I.txt_chunk3,parvus,4,0,4,2,0,0,0,3,0,1,1,36,0,1,0,0,0,0,0,1,1,4,2,1,2,0,1,0,0,0,0,0,3,0,1,0,0,5,0,0,0,2,2,2,10,0,0,0,2,7,0,1,3,1,0,0,42,1,1,1,0,0,0,16,0,8,0,2,1,1,0,1,2,0,1,1,1,0,0,5,0,0,0,0,0,1,0,0,0,13,0,0,6,1,0,0,0,0,0,0,1,0,0,0,8,1,3,0,3,0,0,1,0,0,1,9,1,0,0,3,1,0,0,1,4,0,1,0,0,0,0,1,11,0,1,0,0,1,0,3,0,5,0,0,5,7,4,1,0,0,0,1,0,0,1,3,3,1,1,1,0,5,2,0,4,1,2,0,0,0,0,0,0,0,0,0,0,3,0,4,5,1,1,2,4,1,0,1,0,1,1,0,0,0,0,0,1,0,1,0,0,0,2,0,0,0,0,0,0,0,0,0,0,0,0,0,2,0,0,0,1,1,0,0,2,0,0,0,0,0,2,1,0,4,0,0,0,1,3,0,0,1,0,0,0,0,0,0,0,0,1,1,0,1,0,0,0,0,0,0,0,0,1,2,2,0,0,0,0,1,0,0,1,1,0,1,0,1,0,1,0,0,0,2,0,0,0,0,0,0,0,0,1,0,0,0,0,0,0,0,0,1,0,0,1,0,0,0,0,0,0,0,0,0,0,6,0,0,1,0,1,0,2,4,0,2,0,0,0,0,2,1,2,0,0,0,1,2,0,0,1,0,0,0,2,0,0,0,1,1,0,0,0,0,2,0,1,1,0,0,0,0,0,3,0,0,0,0,0,1,1,3,0,0,0,2,0,0,0,0,0,0,1,0,0,0,0,0,0,0,0,0,0,0,0,0,0,1,3,0,0,1,0,2,4,2,0,1,0,1,0,0,0,0,0,0,0,2,0,0,0,0,0,1,1,0,0,2,1,0,0,0,0,1,1,0,0,0,0,2,0,0,1,1,0,0,0,0,0,0,0,0,0,0,0,0,0,0,0,0,0,0,0,0,0,0,0,0,0,0,0,1,2,0,1,0,0,0,0,0,0,4,0,0,2,0,0,0,0,0,0,0,0,0,1,0,1,0,0,0
parvus_virI_kapitalizm_i_voyna_I.txt_chunk4,parvus,3,0,2,3,1,0,0,4,1,4,0,42,0,0,4,1,0,0,0,0,0,4,7,0,1,0,0,0,0,0,0,0,0,0,0,0,0,2,1,1,0,0,1,1,13,0,3,0,4,6,0,0,3,1,3,0,25,0,0,3,0,0,4,8,1,10,0,0,0,2,0,1,1,0,1,1,1,0,2,1,0,0,0,0,0,1,0,0,0,17,1,0,13,1,0,0,0,0,2,1,1,0,1,0,6,0,7,3,2,0,1,0,0,0,4,6,1,0,0,3,1,1,2,0,2,0,0,0,3,0,0,0,9,2,0,1,0,0,1,5,0,1,0,1,1,3,3,0,1,0,0,0,0,0,0,7,0,3,0,1,0,7,2,0,2,0,3,0,0,0,2,0,0,0,1,0,0,3,0,10,5,0,1,1,6,0,1,2,0,0,1,3,0,0,0,0,5,0,0,2,0,0,0,2,0,3,2,0,0,0,0,0,0,1,0,0,0,1,1,0,0,1,1,0,0,0,0,2,2,1,0,1,0,4,0,0,0,1,1,0,0,0,0,0,1,1,0,0,0,0,0,1,0,1,0,1,0,0,0,1,0,0,3,1,2,1,0,0,0,1,1,0,0,2,0,1,0,0,0,0,0,0,0,0,0,0,0,0,0,0,0,0,1,0,0,0,0,0,0,0,0,0,0,0,1,0,0,0,0,2,0,0,0,0,0,8,2,1,0,0,0,1,1,0,0,2,1,0,0,0,2,2,1,0,0,0,2,1,1,0,0,0,1,0,0,2,0,1,1,0,0,0,0,0,0,0,0,2,0,0,0,0,0,1,0,0,0,0,0,1,1,2,0,1,0,0,0,1,1,0,0,0,0,0,0,0,0,0,0,0,0,0,0,0,0,0,0,0,0,0,0,0,1,0,1,0,0,1,1,1,0,0,0,0,4,0,1,0,0,0,0,0,0,0,1,0,0,1,0,0,1,1,0,0,0,0,0,0,0,0,0,0,2,1,0,0,0,0,1,0,1,0,1,0,0,0,1,0,0,0,0,1,0,0,0,0,0,0,1,0,0,0,1,0,1,0,0,0,0,0,0,2,0,0,0,0,0,1,0,0,0,0,0,0,0,0,1,0,0,0
plehanov_cant_vs_kant.txt_chunk3,plehanov,8,0,2,0,0,0,5,1,0,3,1,41,2,0,0,0,0,0,0,0,0,0,1,1,2,0,0,0,0,2,0,0,0,0,2,0,0,3,1,0,0,0,0,15,2,5,2,2,1,5,0,0,1,0,3,0,35,0,7,5,1,1,3,8,0,8,0,0,3,0,1,0,2,1,0,1,0,2,1,0,0,0,0,0,1,1,2,1,1,12,0,1,15,3,1,2,1,0,0,4,2,1,0,0,14,0,3,0,0,0,0,0,1,2,8,3,5,0,0,3,0,1,3,0,4,0,0,0,1,0,1,0,6,0,1,2,0,0,2,5,0,1,0,1,1,0,0,0,0,0,1,0,2,0,1,5,0,0,0,0,1,6,4,0,3,4,0,2,0,1,1,0,1,0,0,1,0,1,0,20,4,1,1,0,4,4,1,3,0,2,1,3,0,0,1,0,6,2,0,0,2,0,0,0,0,3,0,0,0,0,0,3,0,1,1,2,0,1,1,0,3,0,0,0,0,1,1,0,0,1,0,1,0,2,0,2,0,0,0,1,13,1,0,0,0,2,0,0,0,0,1,0,0,0,2,0,1,0,0,0,0,0,1,2,0,0,0,0,0,0,0,3,0,0,1,0,0,2,0,0,0,0,0,0,0,0,0,0,0,0,3,0,0,0,0,2,0,0,0,0,0,0,0,0,0,0,0,1,0,2,0,0,0,0,0,0,0,0,0,0,0,0,1,1,0,0,0,0,0,1,3,0,0,1,1,0,2,0,1,0,0,0,0,0,1,0,1,0,0,0,1,0,0,0,0,0,1,0,1,1,0,1,0,2,0,0,0,1,0,0,1,0,0,3,0,2,0,0,1,0,1,0,0,0,0,0,1,0,1,0,0,0,2,0,1,1,0,1,0,0,0,0,0,0,1,0,1,0,0,0,0,1,0,0,2,0,0,0,0,0,0,0,0,1,0,0,0,0,0,0,0,0,0,0,0,0,0,0,0,0,0,0,0,0,0,0,0,0,0,0,0,1,0,0,0,0,0,0,1,0,0,0,0,0,0,0,0,0,0,1,0,0,0,0,1,0,0,0,0,4,2,0,0,0,0,0,0,0,0,0,0,0,0,0,0,0,0,0,0,0
plehanov_cant_vs_kant.txt_chunk4,plehanov,7,0,0,1,0,0,2,0,1,1,0,33,0,0,1,4,0,0,0,0,1,1,2,1,0,1,0,0,0,4,0,0,2,1,2,0,0,4,1,0,0,0,0,9,0,1,4,1,0,2,1,0,2,0,1,0,22,1,11,3,3,0,0,15,0,12,0,1,1,0,1,1,1,1,1,3,3,1,0,3,2,0,0,0,1,2,1,0,2,8,0,1,21,1,0,1,0,1,3,10,4,2,0,1,10,1,7,1,2,1,2,0,1,1,6,0,0,0,0,3,1,0,6,0,3,0,0,0,1,0,0,0,8,0,0,0,1,0,0,1,0,0,0,0,0,0,0,1,0,0,2,0,2,0,0,3,1,0,0,1,0,10,2,1,2,3,0,1,1,1,0,0,0,0,0,0,0,4,0,28,0,1,3,0,14,4,0,4,1,2,4,0,0,0,0,0,1,1,0,1,0,0,0,1,1,3,0,0,1,0,0,0,0,0,1,1,2,0,0,0,0,0,1,0,0,0,0,0,0,0,0,0,0,1,0,0,0,0,3,0,24,0,0,0,0,0,0,1,0,0,1,0,2,0,1,0,1,0,2,0,0,0,0,0,2,0,0,0,0,2,0,0,0,0,0,0,0,0,0,0,0,0,0,0,0,0,0,2,0,0,4,0,0,0,0,0,0,0,0,0,0,1,0,0,0,0,0,0,0,1,0,0,0,0,0,0,0,0,0,0,0,0,0,0,0,0,0,0,0,0,5,0,2,0,0,0,5,1,2,1,0,2,1,2,1,0,1,0,0,0,0,0,0,1,0,0,0,1,2,0,0,2,0,1,0,0,0,0,1,0,0,0,0,1,0,3,3,0,15,3,0,0,0,2,0,0,2,0,1,1,0,0,0,0,2,1,0,0,0,0,1,0,0,0,0,0,0,0,0,0,0,0,0,0,0,0,3,0,0,0,0,0,0,0,0,0,0,0,0,0,0,3,0,0,0,0,0,0,0,0,0,0,0,0,0,0,0,0,0,0,0,1,0,0,0,0,0,0,0,0,0,0,1,0,0,2,0,1,0,1,0,0,0,0,0,1,0,0,0,1,3,0,0,0,0,0,0,0,0,0,0,0,0,0,0,0,0,0,0,0
plehanov_cant_vs_kant.txt_chunk5,plehanov,2,0,0,0,1,0,9,0,0,1,5,18,0,0,1,2,0,0,0,1,0,0,3,0,1,1,0,0,0,3,1,0,1,0,0,0,0,6,0,0,0,0,1,14,3,0,4,4,1,5,0,0,1,0,0,0,41,0,5,2,2,0,7,8,1,7,1,0,2,0,1,0,2,0,1,2,0,0,0,0,0,0,0,1,1,5,1,0,0,11,0,2,16,2,0,0,0,0,2,1,0,0,1,1,6,0,6,2,0,0,0,1,1,0,15,2,3,0,0,4,2,0,4,1,1,1,0,0,0,0,0,0,6,0,0,0,0,1,0,0,0,0,0,1,1,2,1,0,1,1,0,0,0,0,0,5,1,0,0,4,0,6,4,0,7,3,1,1,0,0,4,0,3,1,0,0,0,2,0,18,5,1,6,1,2,2,2,1,1,0,0,0,0,0,0,1,4,0,0,1,2,0,0,0,0,1,0,0,0,0,0,0,0,0,0,0,2,1,1,0,0,0,0,1,0,1,0,0,2,0,0,2,0,1,0,0,3,2,3,0,13,0,0,0,0,0,0,0,1,0,1,2,0,0,0,0,0,2,0,0,0,0,1,1,2,0,0,0,0,0,0,0,0,1,0,0,0,3,0,0,0,0,0,0,0,0,1,1,1,1,0,0,0,0,0,1,0,0,0,0,0,0,0,1,1,0,0,1,0,0,0,0,0,0,0,0,0,0,0,0,0,0,0,1,0,1,0,0,0,4,1,0,3,0,0,0,5,0,1,0,0,1,1,0,0,0,1,0,0,1,0,0,0,0,1,1,1,0,0,0,0,0,1,0,0,0,0,0,0,1,0,1,0,2,0,0,0,1,6,0,3,0,0,1,0,0,0,1,0,1,0,1,0,0,1,3,0,0,0,0,0,1,1,0,0,0,0,2,0,0,0,2,0,0,0,0,2,2,0,0,2,0,0,0,0,0,0,0,0,0,0,1,0,0,0,0,0,0,0,0,0,0,0,0,0,0,0,0,1,0,0,2,1,1,0,0,0,0,0,0,0,0,0,1,0,0,0,0,0,0,0,0,0,0,0,0,0,0,1,2,2,0,0,1,0,2,0,0,0,0,0,0,0,0,0,0,0,0,0,0
plehanov_cant_vs_kant.txt_chunk7,plehanov,2,0,0,0,0,0,13,0,1,1,1,22,0,0,1,2,0,0,1,1,0,3,5,1,1,0,0,0,1,3,0,0,0,0,0,0,0,6,1,0,0,0,0,9,4,2,6,4,2,7,0,0,0,0,0,2,34,0,2,7,2,1,3,5,0,6,2,4,1,1,0,0,3,0,1,2,0,2,1,0,0,1,0,0,1,5,0,1,0,4,3,1,25,0,0,0,0,0,4,7,0,0,0,2,11,0,3,2,0,3,1,0,1,0,8,13,2,0,0,5,0,0,1,1,6,0,0,1,1,0,1,0,13,0,1,0,0,0,1,1,1,0,0,3,1,2,0,0,0,0,0,0,2,0,1,2,2,0,0,6,0,7,1,3,3,2,0,2,0,0,2,0,1,0,0,0,3,2,0,20,1,1,1,1,5,1,0,0,0,0,0,0,0,1,0,0,1,0,0,0,2,0,0,3,1,0,0,1,3,0,0,0,0,0,0,1,1,0,0,0,1,0,0,2,0,2,1,0,1,0,3,1,0,2,0,0,4,0,5,0,13,0,1,0,4,0,0,1,0,1,1,1,0,1,0,0,0,0,0,1,0,0,0,0,5,0,0,0,0,0,0,1,0,2,0,0,0,3,0,0,0,1,1,0,2,0,1,0,0,0,3,1,0,0,0,0,0,0,0,1,0,0,1,0,4,0,0,0,0,1,0,0,1,0,0,0,0,0,0,0,1,1,1,2,0,1,0,0,0,0,0,0,0,0,0,0,1,0,0,1,2,4,1,0,0,0,0,0,0,0,0,1,0,0,0,0,0,0,0,0,1,0,3,2,0,0,0,1,0,0,0,0,0,0,0,1,0,0,6,0,2,0,0,0,0,0,0,0,0,1,0,1,0,0,0,0,0,0,0,0,0,0,0,0,0,0,1,0,0,0,0,0,0,3,0,2,1,0,0,0,5,0,0,0,0,0,0,0,0,0,0,0,0,0,2,0,0,0,0,0,0,0,0,0,0,0,0,0,0,0,0,0,4,1,1,0,1,0,0,0,1,1,0,2,0,0,0,0,0,1,0,0,0,1,0,1,0,0,0,2,1,0,0,0,0,0,0,0,0,0,0,0,0,0,0,0,0,0,0,0
plehanov_gzha_breshkovskaya_I.txt_chunk1,plehanov,2,0,0,0,0,0,2,0,3,2,1,32,0,0,1,0,1,0,0,0,2,1,0,1,1,0,0,0,0,3,0,0,0,2,1,0,0,3,0,0,0,1,0,7,0,2,0,1,2,7,0,0,1,1,0,0,35,1,5,2,0,0,0,18,0,5,0,2,0,0,0,0,1,0,0,2,0,1,0,3,0,0,4,0,1,0,1,1,1,14,0,0,15,1,1,1,1,1,0,1,1,2,1,0,9,1,7,3,0,0,2,0,0,0,5,3,0,1,0,3,1,0,4,0,10,1,0,1,3,0,0,0,8,0,0,0,0,0,0,1,0,0,0,0,1,0,2,1,1,0,0,0,0,1,1,3,3,0,0,3,0,3,2,0,5,4,1,1,0,0,5,0,1,0,2,0,0,2,0,18,2,1,1,0,6,0,4,5,2,0,16,1,5,0,0,1,4,0,0,0,2,0,0,0,2,1,0,1,0,0,0,0,0,0,1,1,0,0,4,0,0,0,1,0,0,0,0,0,1,0,0,1,0,0,1,0,0,0,2,4,13,0,2,0,0,0,0,1,0,0,2,2,0,1,0,0,0,1,0,0,1,0,1,0,3,0,0,0,0,0,0,0,0,0,1,0,0,2,0,0,0,0,0,0,0,0,0,0,1,1,3,0,0,0,0,0,0,0,0,0,0,0,2,1,0,0,0,3,0,0,0,0,0,1,0,1,2,0,1,0,0,0,0,1,0,0,0,0,0,1,0,0,1,0,1,0,0,0,0,1,0,0,2,0,0,0,0,0,0,2,0,4,0,2,0,1,2,0,0,1,0,1,0,2,2,1,0,0,1,0,0,0,0,1,0,1,0,0,5,4,1,0,0,0,0,0,0,0,0,0,0,1,1,0,1,0,0,0,0,1,0,0,0,1,2,0,0,0,1,1,0,1,0,0,0,0,0,1,0,0,0,0,0,0,0,0,0,0,1,0,0,0,0,0,1,0,0,0,0,0,0,0,0,0,0,0,1,0,0,0,0,0,0,0,0,0,1,0,0,0,0,0,0,0,0,0,0,0,0,1,0,0,0,0,0,0,0,0,0,0,0,0,0,0,0,0,0,1,0,0,2,0,0,0,0,0,0,0,0,0
plehanov_k_agrarnomu_voprosu_v_Rossii_NQ.txt_chunk2,plehanov,7,0,0,1,0,0,7,0,3,4,2,24,0,0,3,2,2,1,0,1,0,3,5,1,3,0,1,0,1,0,1,0,0,1,0,0,0,3,0,0,1,5,1,3,1,2,4,0,3,5,0,1,4,0,0,1,23,0,7,2,3,0,5,8,0,8,0,8,0,1,2,0,4,0,0,1,0,0,2,1,2,0,1,0,0,3,2,1,2,11,0,2,22,0,0,1,0,0,0,2,3,0,2,1,9,1,5,0,0,1,0,0,0,1,5,2,8,0,0,4,1,1,1,0,3,0,0,0,1,0,0,0,15,0,0,1,1,0,2,3,1,0,0,1,1,0,1,0,2,0,0,1,1,0,0,3,0,0,0,1,0,9,2,1,3,3,1,0,2,0,3,1,0,0,0,0,0,0,1,22,0,0,2,0,5,2,0,4,0,0,10,0,0,2,0,0,3,0,2,0,2,1,1,0,0,2,0,0,0,0,1,0,0,1,0,1,5,0,2,0,2,0,0,0,0,0,4,0,1,1,1,2,0,2,0,0,0,0,0,1,3,0,1,0,1,1,0,0,0,0,0,0,0,1,0,0,1,2,4,0,1,0,1,0,0,0,0,0,0,3,1,1,1,10,0,2,0,1,0,0,1,0,1,0,0,0,0,1,0,0,2,1,0,0,0,2,0,0,1,0,0,0,0,0,0,0,0,2,3,0,0,0,0,0,0,5,1,0,0,0,0,0,1,2,0,0,0,0,0,2,3,0,2,2,1,0,0,0,2,0,0,0,0,0,0,0,0,0,0,0,1,0,0,0,1,0,1,0,2,0,0,0,0,1,0,0,0,0,0,0,2,0,0,2,0,3,0,0,1,2,1,0,1,0,0,0,0,0,0,0,0,1,1,0,0,0,0,0,0,0,0,0,0,0,0,0,0,0,0,2,0,0,0,1,0,1,1,0,1,0,0,0,0,0,0,0,0,1,0,0,0,1,0,0,0,0,0,0,0,0,0,0,0,0,1,0,1,0,0,0,0,0,0,0,0,0,0,0,0,0,0,0,0,0,5,0,0,0,0,1,3,1,0,0,0,0,0,0,1,0,0,0,0,0,0,0,0,0,1,1,1,0,0,0,0,0,0,0,0,0
plehanov_k_agrarnomu_voprosu_v_Rossii_NQ.txt_chunk3,plehanov,11,0,1,0,3,1,3,0,2,3,2,26,0,0,1,4,1,1,1,3,0,3,3,1,1,0,0,0,1,2,0,0,1,1,0,1,0,8,3,1,0,2,2,6,3,2,1,1,1,8,1,0,1,0,0,0,20,1,3,10,2,0,3,6,0,9,0,1,0,0,2,0,1,0,0,0,0,0,0,1,1,0,0,1,0,2,0,0,1,17,1,2,32,1,0,0,2,1,0,1,0,0,2,1,12,2,12,0,1,0,0,0,0,1,3,2,3,0,0,0,0,0,0,0,2,0,0,0,0,0,1,1,3,0,0,0,1,1,0,1,0,0,0,1,0,2,3,0,1,0,4,1,1,0,0,0,1,0,0,3,0,10,2,2,5,7,1,3,0,0,0,0,0,0,0,0,0,2,0,26,1,2,3,2,12,2,0,0,1,0,15,2,0,2,0,0,0,0,1,0,3,0,0,1,0,2,0,0,1,0,0,0,0,0,0,0,2,0,1,0,0,0,0,0,0,1,2,0,0,1,0,0,0,3,0,1,0,0,2,0,0,1,0,0,0,1,0,1,0,2,0,0,1,0,0,0,0,0,0,1,2,1,0,0,0,0,0,1,0,0,2,0,0,6,0,1,0,1,0,0,0,0,0,0,0,0,0,0,0,0,1,0,0,1,0,1,0,2,0,1,0,0,3,0,0,0,0,2,1,0,0,0,0,0,0,0,0,0,0,0,0,0,0,2,0,0,0,0,1,1,2,0,2,7,0,0,0,1,1,0,0,1,0,0,0,0,3,0,0,0,0,0,0,0,0,2,0,0,0,0,0,1,0,1,0,0,0,0,1,0,0,0,0,0,0,5,0,0,2,0,0,0,0,0,0,0,0,0,0,0,0,0,0,1,8,0,0,0,2,0,0,1,0,0,1,3,0,2,0,4,0,0,0,1,2,1,0,0,0,0,0,0,0,0,0,1,0,0,1,0,0,0,0,0,1,0,0,1,0,0,0,0,0,0,0,0,0,0,0,0,0,0,0,0,1,0,1,0,0,0,0,0,0,1,0,0,0,0,0,1,1,0,1,0,0,1,1,0,2,0,0,0,0,1,0,2,0,0,2,0,17,0,0,0,0,0,0,0,0,0
plehanov_k_agrarnomu_voprosu_v_Rossii_NQ.txt_chunk4,plehanov,6,0,0,0,5,0,15,1,2,3,2,36,0,0,1,3,1,0,0,0,0,1,0,0,0,0,0,1,0,2,1,0,0,1,1,0,0,1,2,0,1,0,1,5,2,1,10,2,2,4,1,0,1,0,1,2,25,0,1,6,0,1,4,4,0,7,0,1,0,0,1,0,0,0,2,0,1,1,1,4,0,1,1,1,0,3,0,0,1,8,1,1,18,3,0,1,0,0,0,4,1,0,1,1,9,1,8,0,0,1,1,0,0,0,9,0,0,0,0,3,0,2,3,1,1,0,1,0,2,0,1,0,7,0,0,0,1,0,0,1,0,1,0,0,2,1,1,0,0,0,1,1,1,0,0,5,1,0,1,2,0,8,0,2,7,5,2,0,0,0,5,0,0,0,0,0,0,1,1,28,0,2,0,0,12,2,0,0,0,0,4,1,0,4,0,0,0,0,1,2,3,0,0,1,0,2,1,0,1,1,0,0,0,0,1,1,1,1,0,1,0,1,1,0,0,1,1,0,0,0,1,0,0,3,0,0,0,0,1,3,3,0,1,0,1,0,0,0,0,0,1,0,0,0,0,0,1,1,0,0,1,0,0,0,5,0,0,0,0,2,2,0,0,4,0,1,0,2,0,0,0,0,0,0,0,0,0,1,0,0,0,0,0,1,0,1,2,2,0,0,0,0,0,0,1,0,1,0,0,0,0,0,0,0,0,1,0,0,0,0,0,1,0,1,0,0,0,1,0,0,2,2,0,2,0,0,4,0,1,0,1,2,0,1,2,0,1,0,0,0,4,0,0,0,0,0,3,0,0,0,0,0,0,0,0,0,0,0,1,2,0,1,0,0,0,4,2,0,1,2,2,0,0,0,0,0,0,0,0,0,0,0,0,1,2,1,2,0,0,2,0,1,1,0,0,3,0,0,0,1,0,0,0,0,0,0,0,1,0,0,1,0,0,1,0,0,0,0,3,0,0,1,0,0,0,0,0,0,0,0,0,0,1,0,0,1,0,1,0,0,0,0,0,0,0,0,1,0,1,0,0,0,0,0,1,0,0,0,0,0,0,0,0,0,0,0,0,0,0,0,0,0,0,0,0,0,0,0,0,0,9,0,0,0,0,0,0,0,0,0
plehanov_k_agrarnomu_voprosu_v_Rossii_NQ.txt_chunk5,plehanov,8,0,0,0,1,0,0,4,2,6,2,28,3,0,5,2,0,0,0,1,1,0,6,0,1,1,0,1,0,2,1,1,1,0,0,0,0,5,1,1,0,0,0,5,1,0,4,1,0,6,1,0,2,0,0,0,26,0,5,1,3,0,2,12,0,9,0,3,0,0,0,0,2,0,1,0,1,1,2,3,0,1,0,1,0,1,1,0,0,16,0,2,21,0,0,0,1,0,0,0,0,0,0,1,8,1,3,1,1,0,1,0,0,0,0,2,3,0,0,3,0,1,0,0,12,1,1,1,1,0,1,1,9,0,1,0,0,0,0,1,0,2,0,6,0,0,2,1,1,0,0,0,1,0,0,4,2,1,0,4,0,7,6,0,4,2,2,0,0,0,4,0,0,0,0,0,0,4,1,19,5,4,1,0,8,0,4,2,0,1,1,0,1,0,1,0,1,1,1,0,0,0,3,0,2,2,0,2,0,0,2,0,0,1,0,0,0,2,0,1,0,2,0,0,0,0,2,0,0,0,0,2,0,2,0,0,0,0,4,0,1,0,0,0,0,2,0,0,0,0,2,1,0,1,1,0,0,2,0,0,0,0,1,1,0,0,0,0,0,0,0,1,0,1,0,1,0,1,0,0,1,1,0,0,0,0,0,1,0,1,1,0,0,0,0,0,1,3,1,0,0,0,0,0,0,0,0,1,0,0,0,0,0,1,0,2,1,0,1,0,0,1,0,0,0,1,0,1,0,0,1,1,2,0,0,0,1,0,1,0,0,0,0,0,1,0,0,0,0,0,0,0,1,0,0,0,0,1,1,1,0,0,0,2,0,0,0,0,0,0,0,0,0,1,0,1,0,0,2,1,1,0,0,1,0,1,1,0,0,1,0,0,0,0,0,0,0,0,1,1,0,1,0,1,0,8,0,1,0,0,0,0,0,0,0,0,0,1,0,0,0,0,1,0,0,0,0,0,0,0,0,0,0,0,0,0,0,0,0,0,0,0,5,1,0,0,0,0,0,0,0,0,2,0,0,0,2,0,0,0,0,0,0,0,0,0,1,0,0,1,2,0,0,0,0,0,0,0,0,0,0,0,0,0,0,0,0,0,0,0,0,0,0,0,0,0,0,0,0,0
plehanov_k_agrarnomu_voprosu_v_Rossii_NQ.txt_chunk6,plehanov,5,0,0,1,1,0,11,3,0,2,2,39,0,0,3,1,0,0,0,0,1,1,3,0,1,1,0,0,2,0,0,0,1,1,0,0,0,2,1,1,1,4,0,9,0,4,5,0,0,2,1,1,6,0,0,1,20,0,4,1,1,0,4,4,1,5,0,3,0,1,1,0,3,0,0,0,1,0,0,1,0,2,0,1,0,1,2,1,0,8,0,0,31,0,0,1,0,0,2,1,3,0,1,2,4,4,4,1,0,0,0,0,2,0,6,2,1,0,0,3,0,2,3,0,1,2,0,0,4,0,3,0,3,1,1,0,1,0,0,2,0,1,0,0,1,1,1,0,1,1,1,1,1,0,0,3,0,0,3,2,0,7,1,3,3,4,2,0,1,0,2,0,1,0,0,1,0,1,0,15,4,2,2,2,5,3,4,0,0,1,4,1,0,2,0,1,0,0,0,0,1,0,1,2,0,2,0,1,0,0,0,0,0,1,0,2,6,0,1,0,1,0,0,0,0,1,1,0,1,1,1,1,0,2,0,0,1,1,4,0,0,0,2,5,1,0,0,1,0,3,0,0,0,0,0,0,0,4,0,1,1,1,0,2,2,1,0,1,0,2,0,0,1,1,0,0,0,3,0,0,0,0,2,0,1,0,0,0,0,0,0,2,0,0,0,1,1,1,2,0,0,1,0,0,0,0,0,0,1,0,0,0,0,1,0,1,0,0,1,0,0,0,0,2,0,0,0,0,0,1,2,1,1,0,1,0,0,0,0,0,0,0,0,0,0,0,0,0,0,0,0,2,0,0,0,0,0,0,1,0,0,1,0,1,1,0,0,0,0,0,0,0,0,1,1,0,0,0,11,5,2,0,1,2,0,1,0,2,0,2,0,1,0,0,5,0,1,0,4,0,0,0,0,0,2,5,2,0,0,1,0,1,0,0,0,0,0,0,2,0,0,0,2,0,0,0,0,0,0,0,0,3,0,0,0,0,1,0,0,2,0,0,0,0,1,0,0,0,0,1,0,1,0,0,0,0,0,0,0,0,0,0,0,0,0,0,0,0,0,2,1,0,0,0,0,0,0,0,1,0,0,0,0,0,2,0,0,0,0,0,11,0,0,0,0,0,0,0,0,0
plehanov_k_voposu_o_zahvate_vlasti_I.txt_chunk1,plehanov,2,0,0,0,2,0,4,1,0,2,2,29,1,0,2,2,1,1,0,0,0,4,2,0,2,0,0,0,0,0,0,1,1,0,3,0,0,9,1,2,0,1,0,4,0,3,0,0,2,5,0,0,3,0,0,0,34,0,3,2,6,0,1,12,0,9,0,2,1,3,1,1,3,0,0,1,0,1,0,0,0,0,1,0,4,0,1,0,0,13,1,5,19,0,0,1,1,0,0,0,1,0,0,0,9,2,5,4,0,0,0,0,0,0,3,1,4,0,1,2,0,1,1,0,8,0,1,0,1,0,0,1,9,0,0,0,1,0,0,1,0,0,1,0,0,2,2,0,0,0,0,0,2,0,0,2,2,1,0,1,0,2,6,3,4,1,0,0,0,0,1,0,0,0,0,0,0,0,0,6,4,2,1,1,3,6,3,1,0,0,2,2,2,0,1,0,0,1,0,0,2,0,3,1,0,1,0,0,2,1,0,1,0,0,1,0,0,0,2,1,1,0,0,0,0,3,1,0,0,1,0,1,0,2,0,2,0,0,0,1,2,0,1,0,0,0,1,1,1,0,3,1,2,0,0,0,2,1,0,0,2,2,0,4,3,0,0,0,0,0,0,1,0,1,0,1,0,1,1,0,1,0,0,0,1,5,1,0,1,0,0,0,1,0,1,2,0,0,0,0,0,0,0,0,0,1,0,2,1,0,0,0,2,1,0,0,0,0,0,1,0,1,0,1,2,0,2,0,0,0,4,0,1,1,0,0,2,0,0,0,1,0,0,0,1,0,0,1,0,0,0,0,0,0,1,1,0,0,0,0,0,0,0,0,0,0,0,0,0,1,0,1,0,0,0,1,0,0,1,1,1,0,0,1,1,0,1,0,0,0,0,0,0,0,1,0,1,0,0,2,1,0,1,1,1,0,0,1,0,4,0,0,0,5,1,0,0,0,1,0,0,1,0,0,0,0,0,0,1,0,1,0,1,3,0,0,0,0,0,0,1,0,2,0,0,2,0,0,0,0,0,0,8,0,2,0,1,0,1,0,0,0,0,1,0,0,0,0,0,0,0,0,0,0,0,0,0,0,2,4,0,0,0,2,0,3,0,0,0,0,0,0,0,0,0,0,0,0,0,0
plehanov_k_voposu_o_zahvate_vlasti_I.txt_chunk2,plehanov,5,0,2,1,3,5,8,1,2,1,3,30,0,0,4,3,0,0,0,1,1,1,3,0,1,1,0,0,0,2,2,0,0,1,0,0,0,1,5,1,1,8,0,5,3,1,5,0,2,2,0,0,1,1,0,0,35,0,3,1,4,1,3,6,0,7,0,1,2,3,2,3,1,1,0,4,0,1,0,0,0,0,0,0,4,1,0,1,0,6,2,2,14,1,0,0,2,0,4,0,0,0,0,0,12,1,2,1,1,1,0,1,1,0,2,1,5,1,0,0,1,1,6,1,4,0,0,0,3,0,2,0,12,0,0,0,1,2,1,2,0,2,0,0,2,1,2,0,0,0,0,0,1,0,0,4,1,1,2,1,0,6,0,1,3,4,0,5,1,1,1,1,0,0,0,0,0,0,0,17,4,2,1,0,3,2,0,2,1,0,1,0,0,0,0,0,2,0,0,0,2,1,0,0,0,0,0,1,1,1,0,1,0,0,0,1,1,1,0,0,0,0,2,0,2,1,0,0,1,0,0,0,0,2,0,1,0,0,3,0,2,0,0,0,6,0,0,0,0,1,0,0,0,0,0,0,1,0,0,0,1,0,0,4,1,0,0,0,6,0,0,1,1,0,0,1,0,3,0,0,0,0,0,0,1,1,3,0,1,0,2,0,0,2,1,0,0,0,0,0,0,0,0,0,0,1,0,2,0,0,0,0,1,0,0,0,0,0,0,0,1,0,0,1,0,0,1,0,0,1,1,0,0,0,0,0,0,0,0,0,0,0,0,1,2,1,1,0,0,0,0,1,0,0,0,0,0,0,1,1,0,2,0,0,1,0,0,0,0,1,0,0,0,1,1,0,1,1,6,2,2,0,2,1,0,0,0,0,1,0,0,0,1,0,2,0,1,0,1,0,0,0,0,0,0,0,0,0,0,0,0,0,0,4,0,0,1,0,0,0,1,0,0,0,1,0,0,0,0,0,0,0,0,0,0,0,1,0,0,0,0,0,0,1,3,4,0,2,0,0,0,1,2,0,1,1,1,0,2,0,1,0,0,0,3,0,0,0,1,2,2,0,0,0,0,0,1,0,0,5,8,0,0,3,0,0,0,1,0,0,0,0,0,0,0,0,1,0,0,0
plehanov_krasniy_cyezd_I.txt_chunk1,plehanov,6,0,0,0,0,0,3,2,2,2,5,27,1,0,0,1,0,1,0,0,2,0,2,0,1,1,0,0,0,0,0,1,0,2,0,0,0,4,0,3,0,2,0,5,3,1,4,0,2,2,0,0,2,0,0,0,26,2,4,3,1,2,4,2,0,6,0,2,1,0,0,1,2,0,1,1,1,2,0,2,0,0,0,0,2,3,0,0,2,13,0,0,14,0,1,0,0,0,1,1,1,0,0,1,5,1,9,1,3,0,0,0,0,0,2,1,7,0,0,3,0,0,7,0,4,0,0,0,0,0,1,0,10,0,1,0,2,0,0,4,1,0,1,1,1,1,4,0,0,0,0,0,0,0,0,3,1,0,0,4,0,5,0,1,5,2,1,2,0,0,3,0,0,0,0,0,1,2,0,15,1,1,4,1,5,0,0,2,1,0,0,3,0,0,0,0,2,1,1,1,0,0,1,0,0,2,0,1,1,0,0,1,0,2,0,1,0,0,2,0,0,0,1,2,3,1,0,0,1,0,0,3,0,2,0,2,1,0,3,3,9,0,0,1,3,1,0,1,0,0,0,0,1,0,1,0,0,0,0,0,4,0,2,0,2,0,0,0,0,0,0,0,0,13,0,1,4,1,0,0,0,1,1,1,0,0,0,0,0,0,2,0,1,0,0,0,0,0,0,0,0,0,0,0,0,0,1,0,0,0,0,0,0,0,0,0,0,0,0,0,0,0,0,3,0,0,1,0,8,0,4,0,1,0,0,0,1,0,1,2,1,0,0,0,0,1,0,0,0,0,0,0,0,0,1,2,0,2,0,0,0,1,0,0,1,0,0,0,0,0,0,0,0,0,0,3,0,0,4,2,1,0,0,0,0,0,0,0,1,0,0,1,1,0,0,0,0,0,0,1,0,0,0,2,2,0,0,0,0,0,2,1,0,4,1,0,0,0,0,0,0,0,0,1,0,0,0,0,0,1,0,1,0,0,0,0,1,1,0,0,0,1,0,0,0,0,0,1,0,0,0,0,1,0,2,0,0,0,1,0,0,3,0,4,0,0,0,0,0,0,2,0,0,1,0,0,0,0,0,0,0,0,0,1,0,0,0,0,1,0,1,0,0,0,0,0,1,0,0,0
plehanov_krasniy_cyezd_I.txt_chunk2,plehanov,5,0,0,1,0,0,17,2,2,4,3,29,0,0,4,2,0,0,0,1,0,0,3,2,0,1,1,0,1,0,1,1,0,0,1,0,0,10,0,4,0,1,0,5,7,1,4,1,2,2,0,0,2,0,0,3,24,0,4,3,2,0,3,6,0,4,0,4,1,1,0,0,3,0,1,1,0,0,0,0,3,0,1,0,0,3,1,4,1,8,2,2,21,1,1,0,0,0,1,4,1,0,1,0,10,0,7,0,1,0,0,0,1,1,1,3,3,1,0,3,0,0,5,2,6,0,0,0,0,0,1,0,9,0,0,0,0,0,1,1,0,1,2,3,1,0,2,0,3,0,0,0,2,0,0,5,0,0,0,4,1,7,0,2,7,4,0,1,2,0,1,1,1,0,0,0,0,3,0,17,0,1,0,1,4,2,1,0,0,0,6,3,0,0,1,0,2,0,2,2,2,0,0,0,0,1,0,3,1,0,0,0,0,0,0,0,3,1,1,3,0,0,0,0,0,2,1,0,0,1,3,0,0,1,1,0,0,0,1,0,3,0,0,0,2,1,0,0,1,0,1,0,1,1,0,0,0,0,1,0,9,2,0,2,1,0,1,0,0,0,0,1,0,11,0,1,1,1,0,0,1,0,0,0,0,0,0,1,0,1,1,0,0,1,0,0,0,0,0,0,0,1,0,0,2,0,0,0,0,0,0,1,0,0,0,0,0,0,0,0,0,0,0,0,0,1,0,1,1,0,0,0,1,0,0,2,4,0,0,0,0,0,0,0,0,1,0,0,0,0,0,1,0,0,0,0,0,1,0,0,0,1,0,0,2,0,0,0,0,1,0,0,0,1,0,3,1,0,3,0,0,0,0,0,0,1,0,1,0,0,0,0,1,1,1,2,0,0,0,1,0,0,0,0,2,0,1,0,0,0,1,3,0,3,0,0,0,0,0,0,0,0,0,1,0,0,0,0,0,0,0,0,1,1,0,2,0,0,3,0,0,0,0,0,0,0,0,0,0,0,0,1,0,0,0,0,0,0,1,1,0,0,0,3,0,0,0,1,0,0,0,0,0,0,1,0,0,0,1,0,0,0,1,1,1,0,0,0,0,0,0,0,0,0,0,0,0,0,0,0
plehanov_na_poroge_20v_I.txt_chunk1,plehanov,4,0,2,0,5,0,6,0,1,1,2,33,0,0,1,0,0,0,0,1,0,2,2,0,1,0,0,0,2,0,0,1,1,0,1,0,0,8,0,0,1,0,0,10,3,0,1,1,2,2,1,4,7,0,0,1,43,0,3,3,2,0,8,3,0,6,1,1,0,0,0,1,2,0,1,0,0,4,1,3,0,1,0,1,0,4,1,0,1,6,0,0,11,1,0,1,0,1,0,6,0,1,5,1,8,0,2,0,2,0,0,1,0,0,5,1,0,0,0,2,1,0,2,2,2,0,0,1,1,0,0,0,3,0,0,0,0,0,1,1,0,0,0,1,0,0,2,0,1,0,0,1,0,0,0,4,1,1,2,3,0,3,0,1,1,2,2,0,0,0,0,0,2,0,0,2,0,4,0,12,0,0,1,1,5,5,0,2,1,0,0,1,0,0,1,1,1,0,0,1,0,0,1,0,0,0,0,0,0,0,0,0,0,0,0,1,1,1,0,0,2,0,2,0,0,1,0,1,0,0,0,2,0,3,0,1,0,1,4,3,0,0,2,2,0,0,0,0,2,2,0,1,2,0,1,0,2,0,1,0,0,0,0,0,1,1,0,4,1,1,0,0,4,2,0,0,0,2,0,1,2,2,1,1,2,1,0,1,0,0,1,0,1,0,0,0,0,0,0,0,0,1,1,0,0,0,0,2,0,1,0,1,3,0,0,0,0,0,0,0,0,0,5,0,0,0,0,1,0,0,1,0,5,0,0,1,3,0,0,0,0,1,1,0,0,0,2,0,0,0,0,0,0,0,0,0,0,0,0,0,0,0,0,0,0,0,0,0,0,0,0,1,0,1,1,1,0,0,5,2,2,0,1,0,0,0,0,0,0,0,0,0,0,0,1,0,0,0,0,0,1,0,1,0,0,0,0,0,0,2,0,1,0,2,0,0,0,0,0,0,4,0,0,0,0,0,0,1,0,0,0,0,0,1,0,0,0,0,0,2,0,0,0,0,0,0,0,0,0,0,0,0,0,0,0,0,0,0,1,0,0,0,0,0,0,0,0,0,0,0,0,1,1,0,0,0,0,0,1,1,0,0,0,2,0,1,0,0,0,0,0,0,0,0,0,0,0,0,0,0
plehanov_neosnovat_opaseniya.txt_chunk1,plehanov,5.167958656330749,0,0,3.875968992248062,5.167958656330749,0,10.335917312661499,0,1.2919896640826873,5.167958656330749,1.2919896640826873,19.37984496124031,1.2919896640826873,0,1.2919896640826873,0,0,0,0,1.2919896640826873,0,1.2919896640826873,2.5839793281653747,0,0,0,0,0,0,0,0,0,1.2919896640826873,0,5.167958656330749,0,0,6.459948320413436,1.2919896640826873,1.2919896640826873,0,1.2919896640826873,0,0,2.5839793281653747,1.2919896640826873,3.875968992248062,3.875968992248062,3.875968992248062,1.2919896640826873,0,0,0,0,0,0,25.839793281653744,0,1.2919896640826873,5.167958656330749,5.167958656330749,0,5.167958656330749,1.2919896640826873,0,3.875968992248062,0,6.459948320413436,2.5839793281653747,1.2919896640826873,0,0,0,0,0,2.5839793281653747,1.2919896640826873,0,0,0,0,0,2.5839793281653747,1.2919896640826873,0,2.5839793281653747,0,1.2919896640826873,0,9.04392764857881,2.5839793281653747,0,31.007751937984494,1.2919896640826873,2.5839793281653747,0,0,0,1.2919896640826873,3.875968992248062,0,0,2.5839793281653747,0,6.459948320413436,0,1.2919896640826873,0,0,0,0,0,0,0,5.167958656330749,9.04392764857881,5.167958656330749,0,0,2.5839793281653747,0,0,0,2.5839793281653747,3.875968992248062,0,0,0,0,0,1.2919896640826873,0,7.751937984496124,1.2919896640826873,0,0,0,0,1.2919896640826873,5.167958656330749,0,0,1.2919896640826873,0,0,2.5839793281653747,3.875968992248062,0,1.2919896640826873,1.2919896640826873,0,0,0,0,0,2.5839793281653747,0,0,0,0,0,10.335917312661499,2.5839793281653747,1.2919896640826873,3.875968992248062,3.875968992248062,2.5839793281653747,0,0,0,6.459948320413436,0,1.2919896640826873,0,0,0,0,2.5839793281653747,0,28.42377260981912,0,0,2.5839793281653747,0,7.751937984496124,1.2919896640826873,2.5839793281653747,0,0,1.2919896640826873,10.335917312661499,0,0,0,0,0,0,0,0,0,0,1.2919896640826873,0,0,0,5.167958656330749,0,1.2919896640826873,0,0,0,0,0,0,0,1.2919896640826873,0,1.2919896640826873,0,0,0,0,0,0,0,2.5839793281653747,0,0,1.2919896640826873,1.2919896640826873,0,0,0,2.5839793281653747,0,2.5839793281653747,0,0,5.167958656330749,1.2919896640826873,9.04392764857881,0,0,0,0,0,0,0,0,1.2919896640826873,3.875968992248062,0,2.5839793281653747,0,0,0,0,6.459948320413436,1.2919896640826873,0,5.167958656330749,1.2919896640826873,0,0,2.5839793281653747,0,0,1.2919896640826873,5.167958656330749,0,0,2.5839793281653747,0,2.5839793281653747,0,0,0,1.2919896640826873,0,0,0,0,1.2919896640826873,1.2919896640826873,0,0,0,0,0,0,5.167958656330749,0,1.2919896640826873,0,0,0,0,0,0,0,0,0,0,0,0,1.2919896640826873,0,0,0,0,0,0,5.167958656330749,0,0,1.2919896640826873,0,0,0,0,0,0,0,1.2919896640826873,0,0,0,0,0,0,2.5839793281653747,0,1.2919896640826873,0,0,0,1.2919896640826873,0,1.2919896640826873,0,0,0,0,0,0,0,1.2919896640826873,0,0,1.2919896640826873,0,0,0,1.2919896640826873,1.2919896640826873,0,0,0,0,1.2919896640826873,1.2919896640826873,0,0,0,0,0,0,0,0,1.2919896640826873,1.2919896640826873,0,0,0,0,2.5839793281653747,0,0,0,7.751937984496124,1.2919896640826873,0,0,1.2919896640826873,0,0,0,1.2919896640826873,0,0,0,0,1.2919896640826873,1.2919896640826873,0,0,0,0,0,0,0,0,0,0,0,0,0,0,0,0,0,0,0,6.459948320413436,0,0,0,1.2919896640826873,0,1.2919896640826873,3.875968992248062,0,0,0,0,0,0,0,0,0,0,1.2919896640826873,0,0,0,0,0,0,0,1.2919896640826873,0,0,0,0,0,0,0,2.5839793281653747,0,0,0,0,0,0,0,0,0,0,1.2919896640826873,0,0,0,0,0,0,0,0,0,0,2.5839793281653747,0,0,0,0,0,0,0,0,0,2.5839793281653747,1.2919896640826873,0,0,0,0,2.5839793281653747,0,0,0,0,0,0,0,0,0,0,0,0,0,0
plehanov_o_chernoy_sotne.txt_chunk2,plehanov,9,0,1,0,0,2,2,1,1,4,1,17,0,0,2,3,0,0,0,1,0,1,5,0,0,1,0,0,0,6,1,1,0,0,1,0,3,2,0,1,2,0,0,12,2,3,3,2,4,9,0,0,2,0,1,0,29,0,0,4,0,1,2,14,0,7,0,8,1,2,0,1,4,1,1,2,0,0,0,0,0,0,0,2,0,2,2,0,1,12,0,2,20,1,0,0,0,0,4,0,0,0,3,1,5,0,3,0,0,0,0,1,0,0,6,1,3,0,0,9,0,3,1,1,2,0,0,0,2,0,0,0,7,2,0,0,0,0,5,0,2,0,1,3,0,0,0,1,1,0,0,0,1,0,1,4,1,1,0,1,0,6,3,0,6,1,0,3,1,2,2,0,0,0,0,1,0,4,0,20,2,1,2,3,9,4,1,3,2,0,8,0,0,1,0,0,6,0,0,0,1,0,0,0,0,0,0,3,1,0,1,0,3,0,0,2,1,3,0,0,0,0,0,0,0,0,1,0,1,1,1,3,0,3,0,0,0,0,1,0,0,0,4,0,0,0,0,0,0,0,1,0,1,0,0,0,0,1,0,0,0,1,2,0,4,0,0,0,0,0,0,0,0,0,0,0,0,0,0,0,1,1,0,0,0,0,0,0,0,0,1,0,0,0,0,0,1,0,0,0,0,0,0,1,1,0,0,0,0,0,0,0,0,0,0,0,0,0,0,0,0,0,1,0,0,0,0,0,0,0,1,0,0,0,0,1,0,2,0,0,0,2,0,1,0,0,1,0,0,1,0,0,0,0,0,0,0,1,0,0,1,1,3,0,0,0,0,1,0,1,0,1,0,0,0,3,0,0,4,1,0,0,1,2,0,1,1,0,0,0,0,0,0,0,1,0,0,0,1,1,0,1,0,0,0,0,0,0,3,1,0,0,0,2,1,2,0,0,0,0,0,0,0,0,0,0,0,0,0,0,0,3,0,0,0,2,0,0,1,2,0,1,0,0,0,0,2,0,0,0,0,0,0,0,0,0,0,0,0,0,0,0,0,4,0,1,0,0,0,2,1,0,0,0,0,2,0,0,3,0,0,0,1,1,0,0,0,0,0,0,0,0,0,0,0,0,0,0,0,0
plehanov_otvet_sionistam_I.txt_chunk1,plehanov,7,0,0,0,0,0,8,0,0,9,3,28,0,0,0,2,0,2,0,2,1,0,4,0,0,0,1,0,2,3,0,0,2,3,3,0,0,5,0,0,0,1,0,7,2,1,4,0,0,5,0,0,1,0,0,3,26,0,5,3,1,2,2,5,0,8,0,1,1,0,3,0,0,0,0,1,0,0,0,0,6,0,3,0,0,4,0,0,0,17,0,1,30,2,0,0,0,0,0,4,0,1,2,2,12,2,11,3,0,0,0,1,2,0,8,0,7,1,1,4,1,0,3,0,4,0,0,0,1,0,0,1,11,0,0,0,3,0,1,2,0,0,1,2,1,1,2,1,2,0,0,0,2,0,0,3,0,0,1,3,0,11,4,1,4,4,1,0,0,2,1,0,1,0,0,0,0,5,0,34,4,2,1,0,14,7,2,2,1,0,11,1,0,1,0,0,0,1,0,0,2,1,0,0,0,0,0,0,3,0,0,0,0,0,0,4,3,1,1,0,0,0,0,0,1,0,1,0,0,0,0,0,1,1,0,1,0,0,4,0,0,1,1,0,1,0,0,0,0,0,1,0,1,0,1,0,0,2,0,0,2,0,0,2,2,0,0,0,2,0,0,1,0,4,0,1,0,3,0,0,0,0,0,0,0,0,0,1,0,1,1,0,2,0,0,1,0,0,0,0,0,3,0,0,0,0,0,1,0,0,0,0,0,0,0,6,1,0,1,0,0,0,0,0,0,0,0,0,0,0,1,0,0,0,0,0,4,0,1,0,0,1,0,1,1,0,0,0,1,0,1,1,0,1,0,0,2,1,2,0,0,2,1,0,0,0,0,1,0,0,0,0,0,0,0,1,0,1,0,1,0,0,0,0,0,0,0,0,2,2,0,0,0,0,0,2,0,0,0,0,0,1,1,0,1,0,0,0,0,0,0,0,0,1,1,0,0,1,0,0,0,0,0,1,0,0,0,0,0,0,0,0,0,0,0,0,0,3,0,1,0,0,1,0,0,0,0,2,0,0,0,0,0,1,0,0,0,0,0,1,0,0,0,0,0,0,0,0,0,0,1,0,0,0,0,0,0,22,0,0,0,0,0,0,0,0,0,0,0,0,1,0,0,0,0,0,0,0,0,0
plehanov_pervie_frazy_uchenia.txt_chunk10,plehanov,6,0,0,0,2,0,3,0,1,2,1,29,0,0,2,0,0,0,0,0,0,0,5,0,3,0,0,0,1,1,0,1,0,0,0,0,0,1,0,0,0,2,1,9,2,0,5,0,1,6,1,0,1,0,0,0,42,0,4,6,0,1,8,8,0,7,1,1,0,3,1,1,2,1,2,0,0,0,2,4,1,1,0,1,1,0,1,1,0,11,0,4,12,0,0,0,0,0,0,2,0,2,0,2,10,0,2,0,2,2,0,2,0,0,2,4,4,0,0,3,1,8,0,0,4,2,0,0,0,0,1,1,10,1,1,0,0,1,0,1,0,1,0,1,0,0,0,0,0,0,0,0,3,0,0,7,1,0,0,5,1,7,0,2,3,0,1,1,0,0,9,0,0,0,0,0,0,2,0,12,3,0,3,0,5,2,0,3,0,0,2,0,0,0,0,0,1,0,0,0,0,0,1,0,1,1,0,2,1,0,0,0,0,0,3,1,0,0,1,0,1,1,0,0,1,2,2,0,0,2,1,1,0,1,0,3,0,1,1,2,1,0,1,0,1,1,0,0,0,1,1,0,8,0,0,0,0,0,0,0,0,0,1,0,2,0,0,0,0,2,0,0,4,0,1,1,0,0,0,0,1,1,0,0,1,0,0,0,0,1,1,1,0,0,0,2,0,0,0,0,0,0,0,1,1,0,0,3,0,0,0,0,0,0,0,0,0,0,0,0,0,0,0,0,0,1,0,2,0,0,2,0,1,0,0,0,0,1,3,0,0,0,0,0,2,0,0,0,1,0,2,0,0,0,0,0,2,0,0,3,1,0,0,0,0,0,0,0,0,0,0,0,0,1,1,0,2,0,4,1,0,0,0,0,0,0,0,0,0,0,0,1,0,0,3,1,0,3,2,0,0,0,0,0,0,0,0,0,0,1,0,1,0,0,0,0,0,0,3,0,1,0,0,0,0,0,0,0,1,0,0,0,0,0,0,0,0,0,0,0,0,0,0,0,0,0,0,0,0,0,0,0,0,0,0,0,0,0,0,0,0,2,0,0,0,0,0,0,0,0,0,0,3,0,0,1,0,0,0,4,6,0,0,0,0,0,0,0,0,0,0,0,0,0,0,0,0,0,0,0
plehanov_pervie_frazy_uchenia.txt_chunk11,plehanov,4,0,0,1,0,0,2,1,2,0,1,31,0,1,1,0,0,0,0,1,0,1,4,0,3,0,0,0,0,0,1,1,0,1,1,0,0,1,1,0,0,1,3,5,4,0,5,2,4,2,4,0,4,0,0,0,37,0,5,1,2,2,4,7,1,9,0,1,0,1,0,0,2,0,0,0,1,1,0,2,0,0,0,0,1,1,3,2,0,12,0,0,12,1,0,0,0,0,0,0,0,1,3,0,6,0,1,1,2,1,0,2,1,0,3,3,5,1,0,1,1,2,0,0,4,1,1,0,1,0,1,1,13,2,0,1,1,0,1,0,0,0,0,0,2,0,0,0,0,0,0,1,3,0,0,3,2,1,2,3,2,12,0,0,2,1,0,0,0,0,1,1,1,0,0,1,0,3,1,23,1,1,2,1,6,1,2,2,0,0,0,1,0,1,0,0,2,1,0,0,2,0,3,1,1,0,0,0,0,1,0,0,0,0,1,0,3,0,1,0,3,0,0,1,0,2,1,0,1,1,0,0,0,2,0,2,0,1,2,2,14,0,1,0,0,0,0,1,0,0,2,0,2,0,0,0,0,0,0,0,0,0,0,1,4,0,0,0,0,3,0,0,5,1,0,1,0,1,0,0,0,2,1,0,0,1,3,1,0,0,0,0,0,0,0,3,2,0,0,0,0,3,1,0,0,0,0,0,0,0,0,0,1,0,0,0,0,0,0,0,0,1,3,1,0,0,0,0,0,0,0,0,0,1,0,0,1,1,1,0,0,0,1,1,2,0,0,0,1,0,1,0,0,0,0,0,0,0,0,2,0,0,0,0,0,0,0,2,1,0,0,0,0,0,0,0,0,0,3,0,2,1,0,0,0,0,0,0,0,0,0,0,0,0,0,0,1,0,0,0,0,0,0,0,1,0,0,0,0,0,0,1,0,0,0,0,0,0,7,1,2,0,0,0,0,0,0,0,0,0,0,0,1,2,0,0,0,0,0,0,0,0,0,0,0,0,0,0,0,0,2,0,0,0,0,0,0,0,0,0,0,0,0,0,0,0,0,0,0,0,0,1,1,0,0,0,1,0,0,2,8,0,0,0,0,1,0,0,0,0,0,0,0,0,0,0,0,0,0,0
plehanov_pervie_frazy_uchenia.txt_chunk12,plehanov,8,0,1,0,0,0,6,1,1,2,4,41,0,0,2,0,0,0,0,0,0,4,2,0,2,1,0,0,0,1,0,2,0,1,0,0,0,3,0,0,0,0,1,6,0,1,4,0,3,10,2,1,0,2,1,3,40,0,3,2,1,1,4,7,0,5,2,3,0,0,1,0,2,0,1,1,0,1,0,3,0,1,0,0,0,4,2,0,0,22,0,0,20,2,0,1,0,0,0,1,1,0,2,0,6,2,3,0,2,0,2,1,0,1,2,0,4,0,0,2,0,4,0,0,5,0,0,0,0,0,1,1,14,0,1,0,1,0,1,4,0,2,0,0,2,2,0,0,0,0,0,1,1,0,0,1,1,0,0,0,1,4,0,2,2,0,0,3,2,0,0,0,0,1,0,1,0,0,1,15,4,1,2,0,10,3,4,0,1,1,0,1,0,0,0,0,1,0,4,0,0,0,1,1,0,0,1,0,0,0,0,0,0,1,5,1,2,2,0,0,4,0,2,1,1,1,0,0,0,0,0,1,1,4,0,1,0,0,1,1,7,0,0,0,0,1,0,0,2,2,2,0,1,0,1,0,1,0,0,0,0,1,1,1,3,0,1,0,0,4,1,0,4,0,0,2,0,0,0,0,0,1,0,1,1,1,2,0,0,0,2,0,0,0,0,0,0,0,0,0,0,1,0,0,1,0,0,0,0,0,0,1,4,0,0,0,0,0,0,0,0,0,1,1,0,0,1,0,0,0,1,2,2,0,1,0,1,0,2,0,0,1,0,0,3,0,0,0,1,0,1,0,0,0,1,0,1,0,0,0,0,1,0,3,0,0,0,0,0,0,0,0,0,0,1,2,0,0,2,0,0,0,0,0,1,0,0,0,0,1,0,0,1,1,0,0,1,0,0,0,1,0,0,0,0,0,0,0,0,0,1,0,0,1,1,0,0,0,2,0,3,0,0,3,0,2,0,0,0,0,3,0,0,4,0,0,0,0,0,0,0,0,0,0,1,0,1,0,0,0,0,0,1,0,0,0,0,0,1,0,1,0,0,0,0,1,0,0,0,0,0,1,1,0,1,1,0,0,0,4,4,0,0,0,2,0,0,0,0,0,0,0,0,0,0,0,2,0,0,0
plehanov_pervie_frazy_uchenia.txt_chunk14,plehanov,2,0,0,0,1,0,7,1,3,3,2,31,0,0,3,0,0,0,0,1,0,2,1,2,0,0,0,0,3,1,0,0,0,0,1,0,0,5,1,3,0,0,0,7,7,1,2,3,2,3,1,0,2,0,0,1,35,0,5,5,2,0,0,10,0,3,1,3,0,2,1,0,3,1,0,0,0,3,0,0,0,0,0,0,0,5,2,0,2,11,2,0,24,0,3,0,1,0,3,6,0,1,2,1,10,2,2,1,0,1,0,1,0,0,1,5,3,0,0,6,0,0,0,0,1,3,0,1,3,0,1,1,7,1,0,1,0,1,0,0,1,0,2,3,1,1,0,0,0,0,1,0,0,0,2,3,1,1,3,2,0,8,4,0,5,8,2,0,0,0,0,0,0,0,0,0,0,0,0,25,5,1,1,1,7,2,3,1,0,0,0,3,0,0,0,0,2,0,2,2,1,0,0,0,0,2,0,2,1,1,0,0,0,0,2,0,2,0,0,0,1,0,0,0,0,0,4,0,0,0,3,0,0,3,0,2,0,1,2,2,4,0,0,0,0,0,0,0,1,5,0,1,1,0,0,0,0,0,0,0,0,0,1,0,2,0,0,0,0,1,0,0,0,4,0,1,0,0,0,1,0,2,0,1,3,0,0,1,0,1,2,0,2,1,0,0,0,0,0,0,0,0,0,0,0,0,0,0,0,1,1,1,1,0,0,0,0,0,0,0,5,0,1,1,0,0,0,2,0,0,1,0,0,0,0,0,0,0,1,0,1,0,2,1,0,1,0,0,0,0,0,0,0,0,0,0,1,1,0,1,0,0,0,0,0,0,0,0,0,0,0,0,0,1,1,1,0,0,6,0,0,0,0,0,0,0,2,0,0,0,0,0,0,1,1,0,1,0,0,0,0,1,0,2,1,0,0,0,0,0,0,0,0,3,1,0,0,1,0,0,1,0,0,1,0,0,0,1,2,0,0,0,0,0,0,0,0,0,0,1,0,2,1,0,0,0,1,0,1,0,0,0,0,0,0,0,1,0,0,0,0,2,0,2,0,0,0,0,0,0,0,1,1,1,0,1,0,0,1,0,1,0,0,2,0,1,0,0,0,0,0,0,0,1,0,0,0,0,0,0
plehanov_pervie_frazy_uchenia.txt_chunk3,plehanov,0,0,0,0,0,0,1,3,3,6,0,30,1,0,6,0,0,0,0,0,0,1,4,2,0,0,0,0,2,5,0,0,0,1,1,0,0,1,0,1,0,1,2,6,8,0,2,0,2,2,1,0,4,0,0,0,38,0,2,4,2,0,3,12,0,4,2,1,0,0,1,0,3,1,1,1,0,4,0,1,0,0,0,0,0,0,1,0,2,10,0,0,8,0,0,1,1,0,0,2,3,0,1,0,3,1,4,3,1,3,0,1,0,0,10,1,3,0,0,1,1,0,0,2,3,1,0,0,1,0,2,1,8,0,0,1,1,1,0,3,0,1,0,3,0,3,0,0,1,0,0,0,1,0,0,2,0,1,1,6,0,4,2,0,1,1,0,1,0,0,1,0,0,0,0,0,0,2,0,9,0,3,1,0,6,1,1,0,0,0,0,1,0,0,0,0,1,0,2,0,0,0,2,3,0,0,0,1,1,1,0,0,0,0,1,1,1,0,1,0,3,0,0,0,0,5,0,0,1,0,3,1,0,3,0,0,1,1,1,1,0,1,3,1,0,0,0,0,0,6,0,0,3,0,0,0,0,0,0,2,4,1,0,0,5,0,0,0,0,2,0,0,0,0,0,0,0,4,0,2,1,2,1,2,4,2,0,0,0,0,2,0,0,0,0,2,1,0,0,0,0,2,2,0,1,0,0,0,0,0,0,0,0,0,0,0,0,0,0,0,0,0,1,0,0,0,0,0,0,0,0,0,4,0,2,0,2,0,0,0,0,0,0,1,0,0,0,0,0,1,1,0,0,0,0,0,0,0,0,0,0,0,0,2,0,0,0,0,0,1,0,1,0,0,0,1,0,0,2,0,3,0,1,0,0,0,0,0,0,0,0,0,0,0,0,0,0,0,6,0,0,0,0,1,0,0,0,1,2,1,0,0,0,0,1,1,0,0,0,0,1,0,0,0,0,0,0,1,2,1,1,0,0,0,0,1,0,0,0,0,0,0,0,0,0,0,0,0,1,0,1,0,4,0,0,0,1,0,0,0,0,0,0,1,0,0,0,0,0,0,1,1,4,3,0,0,1,0,0,0,0,0,1,0,0,1,0,0,0,0,0,0,0,0,0,0,0,0,0,0
plehanov_pervie_frazy_uchenia.txt_chunk5,plehanov,8,0,0,0,0,0,4,1,0,4,0,19,0,0,3,0,0,0,0,1,0,3,3,1,1,1,0,0,0,0,1,0,0,1,0,0,0,7,1,1,0,2,0,15,2,5,2,3,1,2,0,1,2,2,0,0,46,0,1,2,1,0,4,3,0,6,3,4,0,1,1,0,2,0,1,1,0,2,0,4,1,0,0,1,0,1,1,0,1,11,3,0,21,0,0,0,0,0,1,4,0,0,1,0,2,3,7,3,0,0,0,0,0,3,7,1,6,0,0,4,0,1,1,0,7,0,0,0,2,0,0,0,7,0,0,0,1,1,1,3,1,0,1,2,1,1,1,0,1,0,0,0,0,0,0,7,1,1,1,0,1,5,3,1,7,4,2,1,0,0,0,4,2,0,0,0,1,0,0,31,3,2,2,0,9,1,1,2,1,0,3,1,0,0,0,0,3,1,0,0,2,0,2,1,1,0,1,0,0,2,0,0,1,0,0,5,2,0,1,0,1,0,0,0,0,1,1,0,1,0,1,1,0,3,0,0,0,0,3,1,1,0,0,0,0,2,0,0,1,2,0,0,0,0,1,0,0,0,0,0,2,0,0,0,1,0,0,0,0,1,0,0,0,0,0,1,0,0,0,1,1,1,3,2,1,1,0,0,0,0,0,0,0,0,0,2,3,0,0,0,0,0,0,3,0,0,1,0,0,0,0,0,0,0,0,0,0,0,0,1,0,0,0,1,0,1,0,0,0,0,2,0,1,3,0,0,0,0,0,0,1,0,0,0,2,0,1,0,0,1,0,0,0,1,1,2,0,1,0,0,0,1,0,2,0,0,0,0,0,0,1,0,0,0,0,3,2,0,8,0,0,0,0,1,0,0,1,1,0,0,0,1,0,0,0,0,0,0,0,0,0,1,0,0,0,0,0,0,2,0,0,0,0,0,1,0,1,0,0,0,3,4,0,2,0,0,0,0,1,0,0,1,1,0,0,0,0,0,0,0,0,0,0,0,0,0,0,0,1,0,0,1,1,0,0,0,0,0,2,0,0,0,0,0,0,1,0,0,0,0,1,0,1,1,0,0,0,0,0,1,0,0,0,0,0,0,0,0,0,0,0,0,0,0,0,0,0,0,0,0
plehanov_pervie_frazy_uchenia.txt_chunk6,plehanov,4,0,0,0,0,0,10,4,1,5,2,22,0,1,3,0,0,0,0,1,1,2,5,2,1,1,1,0,0,0,2,0,0,1,0,0,0,2,0,0,0,0,0,6,6,2,3,0,2,4,0,0,3,0,0,0,33,0,4,1,1,0,3,7,0,8,6,3,0,0,2,0,2,0,1,1,1,1,0,2,0,0,0,0,0,1,2,3,1,13,1,0,15,1,0,0,0,0,1,1,2,0,2,1,12,1,9,3,1,0,2,0,0,0,10,3,1,0,0,3,1,0,5,0,2,2,0,0,0,0,0,0,10,0,0,0,0,1,1,1,0,0,1,2,0,0,1,0,0,0,0,0,2,0,0,2,0,0,0,1,1,6,3,0,2,1,0,0,0,0,0,0,1,0,0,0,0,0,0,15,0,2,0,0,9,3,4,0,0,0,0,1,0,0,0,0,1,0,2,1,0,0,3,0,1,1,0,0,0,0,0,0,0,0,2,1,3,0,0,1,0,0,0,0,3,1,0,0,1,0,1,1,0,3,0,1,0,1,0,1,9,0,0,0,0,2,0,1,1,2,1,0,0,0,0,0,0,0,0,0,0,0,1,3,4,0,0,0,1,0,0,0,0,0,0,1,0,0,0,0,1,4,5,3,4,0,0,0,0,0,0,0,0,0,0,1,1,0,0,0,0,0,0,0,0,0,0,0,0,0,0,1,0,0,0,0,0,0,0,0,0,0,1,0,0,0,0,0,0,0,3,0,2,1,0,0,4,0,0,0,1,0,1,0,0,0,1,0,0,1,0,0,0,0,1,0,1,0,0,3,0,1,0,2,0,0,0,0,0,0,0,0,0,0,0,3,0,0,4,0,0,0,0,0,0,0,0,0,0,0,0,2,0,0,0,0,0,0,0,0,0,0,0,0,0,0,0,0,0,0,1,1,1,4,0,0,1,1,0,0,7,0,0,0,0,0,0,0,3,0,0,0,0,1,0,0,0,0,0,0,0,0,0,0,0,0,0,0,0,0,0,1,0,0,1,0,0,0,1,0,0,0,0,1,0,0,0,0,0,2,0,2,0,6,8,0,0,0,2,0,4,2,0,4,0,3,0,0,0,0,0,0,0,0,0,0,0,0,0,0
plehanov_pervie_frazy_uchenia.txt_chunk8,plehanov,7,0,0,0,0,0,2,6,0,2,1,24,0,0,3,0,0,0,0,0,0,0,0,0,1,0,3,1,0,3,0,3,0,0,1,0,0,2,0,0,0,1,3,2,1,1,2,9,5,9,0,0,5,0,0,1,28,0,3,4,3,1,10,5,0,7,11,7,1,0,0,0,4,0,0,0,0,0,0,6,0,1,1,1,1,1,0,1,1,9,0,0,13,0,0,0,0,0,0,1,0,0,1,0,10,1,5,0,2,2,0,0,0,2,2,1,10,0,0,5,1,0,5,0,4,0,0,0,0,0,0,0,13,0,0,0,2,0,0,1,0,0,0,1,0,1,0,0,2,0,0,1,0,0,0,3,0,2,0,4,2,5,3,1,2,5,1,0,0,0,4,0,1,0,1,0,1,2,0,22,0,1,1,0,9,0,3,2,0,0,3,1,0,0,0,0,3,0,2,0,0,0,1,0,0,0,0,0,1,1,0,2,0,2,7,0,0,0,2,1,0,0,0,1,0,3,1,0,1,0,2,0,0,3,0,0,1,0,4,0,6,1,0,0,0,0,0,1,0,2,0,0,1,0,0,0,0,1,0,0,0,0,3,0,3,0,0,2,0,0,0,0,0,0,0,2,0,1,0,0,1,10,6,6,7,1,0,0,0,5,0,1,0,0,0,1,7,0,0,0,0,1,0,1,0,0,0,1,1,0,0,0,0,1,0,0,0,0,0,0,0,0,0,1,0,0,0,1,0,0,1,0,1,1,0,3,0,0,1,1,0,0,0,0,0,0,0,0,0,0,0,0,0,0,0,0,0,0,0,0,0,0,0,0,0,0,0,0,0,0,0,0,0,1,0,0,0,0,6,1,0,1,0,0,2,1,0,0,1,3,0,0,1,0,1,0,1,1,4,0,0,0,0,1,0,0,0,0,0,0,0,0,0,2,0,1,0,1,0,0,3,0,0,0,0,0,0,1,0,0,0,0,0,0,1,0,0,0,0,1,0,0,2,0,0,0,0,0,0,1,0,1,0,1,0,0,0,0,0,0,0,0,0,0,0,0,0,0,0,0,0,0,2,2,0,1,0,0,0,3,3,0,0,0,0,2,0,0,0,0,0,0,0,0,1,0,0,0,0,0
plehanov_pessimizm_kak_otrazhenie.txt_chunk2,plehanov,5,0,0,0,1,0,11,1,3,10,2,32,0,0,4,1,0,0,0,0,0,0,7,1,0,0,1,1,1,3,0,0,1,1,1,0,0,4,0,0,0,0,0,9,2,3,2,0,3,1,1,1,3,0,1,0,31,1,1,4,3,0,4,10,0,9,0,3,0,1,1,0,1,1,0,0,0,0,0,2,1,1,1,0,0,2,0,1,0,11,0,0,19,3,0,1,0,1,4,2,3,0,0,0,9,0,5,0,1,0,0,0,0,0,13,1,4,0,0,4,0,0,3,0,5,3,0,1,2,0,1,0,8,0,0,0,1,2,3,4,2,0,1,1,1,2,3,0,0,0,0,0,1,0,0,3,0,1,3,2,0,5,3,0,1,5,0,0,0,0,1,0,0,0,0,0,0,1,0,14,1,1,1,0,8,2,2,1,0,0,5,1,0,2,0,0,2,1,0,0,0,0,1,2,0,6,1,2,1,0,0,0,0,0,2,2,5,0,0,0,1,0,1,2,1,0,0,0,0,0,0,0,0,2,1,0,0,0,3,0,0,0,0,0,0,0,0,0,0,0,1,0,1,0,0,0,2,1,0,0,0,0,0,0,2,0,0,0,0,0,0,0,0,0,0,0,0,0,0,0,1,0,0,0,0,0,0,0,0,0,3,0,0,0,0,0,1,0,0,0,0,0,0,1,0,0,0,1,0,0,0,0,0,0,0,1,1,0,0,0,0,0,0,0,0,0,0,2,0,0,1,0,0,0,0,0,3,1,0,2,0,0,0,1,0,0,3,1,0,0,0,0,0,0,1,1,0,1,2,1,1,0,2,1,0,0,0,1,0,2,0,0,0,2,0,0,0,0,8,1,0,0,1,1,0,0,0,0,1,1,0,0,0,1,0,0,1,0,0,1,0,0,0,0,0,0,1,0,0,0,0,1,1,0,1,0,0,0,0,0,0,0,1,0,0,0,0,0,2,0,0,0,0,0,0,0,0,0,0,1,0,0,0,0,0,0,0,0,0,0,0,2,0,0,0,0,0,0,0,0,0,1,0,0,0,0,0,1,0,1,0,0,1,0,0,1,0,0,1,0,0,0,1,0,0,0,0,0,0,0,0,0,0,0,0,0,0,0,0,0
plehanov_pessimizm_kak_otrazhenie.txt_chunk4,plehanov,9,0,0,0,0,0,5,1,4,6,2,28,1,0,3,1,0,0,0,1,0,2,3,0,1,0,0,0,1,1,0,0,0,0,3,0,0,1,0,0,0,0,0,15,0,4,3,2,0,2,2,3,4,0,1,0,55,0,1,0,1,2,0,16,0,6,0,0,1,1,0,0,0,0,0,0,0,1,0,1,0,1,0,0,0,1,3,0,0,9,0,0,15,1,2,1,0,0,0,2,1,0,0,0,11,1,5,1,2,0,1,0,0,0,6,0,3,0,0,8,0,0,5,0,3,0,0,1,2,0,0,0,9,2,1,0,0,0,1,1,3,0,2,0,0,3,1,0,1,0,0,0,1,0,0,4,0,2,1,3,0,4,3,0,2,1,0,1,0,0,3,0,0,1,0,0,1,2,0,12,1,0,2,1,5,1,4,0,0,0,0,1,0,0,0,1,2,0,0,0,3,0,1,1,0,0,0,0,0,0,0,0,0,0,0,1,3,3,0,0,1,0,1,0,0,1,2,0,0,0,0,1,0,3,0,0,1,0,1,1,0,1,0,0,0,0,0,0,0,0,1,1,1,0,0,0,1,2,1,0,0,0,0,0,1,0,0,0,0,1,1,0,1,0,0,1,0,4,0,0,0,0,0,0,0,0,1,0,0,0,3,0,0,0,0,2,0,0,0,1,0,1,0,1,0,0,0,0,0,0,0,0,0,0,0,1,0,0,0,0,0,0,1,2,0,0,0,0,0,0,1,0,1,2,0,0,2,0,0,0,0,0,0,0,1,0,2,0,0,0,0,0,0,0,0,0,1,0,0,0,0,0,2,1,0,0,0,0,0,1,1,0,0,0,0,1,0,2,2,1,3,0,0,2,2,0,0,0,2,1,0,0,1,0,3,1,0,0,0,0,1,0,0,2,1,0,0,0,0,0,0,0,0,0,0,0,0,0,0,0,0,0,0,0,0,0,0,0,0,0,2,0,0,0,0,0,0,0,0,1,0,0,0,0,0,0,0,0,0,0,0,2,0,0,0,0,0,0,0,0,0,0,0,0,0,1,0,1,0,0,0,0,0,0,0,0,0,0,0,0,0,0,2,0,0,0,0,0,0,0,0,0,0,0,0,0,0,0,0,0
plehanov_pessimizm_kak_otrazhenie.txt_chunk5,plehanov,5,0,0,2,2,0,8,1,8,3,0,25,1,0,1,0,0,0,0,0,1,1,4,0,0,1,0,0,2,0,1,0,1,2,1,0,0,4,2,0,0,0,0,5,2,1,3,0,4,3,4,1,4,0,0,0,39,2,1,0,7,0,7,4,1,9,0,2,0,0,1,0,4,0,1,0,1,0,2,0,0,0,0,3,0,0,0,0,0,12,0,0,25,1,2,0,0,0,0,8,4,0,2,2,13,0,7,1,0,0,0,1,0,1,8,0,13,0,0,5,0,0,1,1,4,0,0,1,1,0,3,0,8,1,1,0,3,0,0,3,0,0,0,1,0,4,7,0,1,0,0,0,1,0,1,5,0,1,0,2,0,11,2,0,5,1,0,1,0,0,2,0,0,0,0,0,0,2,1,15,1,0,2,0,5,2,0,1,0,0,0,2,0,0,0,0,0,0,0,0,1,0,0,0,0,1,0,1,0,0,0,0,0,0,0,2,4,0,1,0,1,0,0,1,0,2,0,0,1,0,0,0,0,0,0,2,1,1,0,0,8,0,0,0,0,0,0,0,0,0,0,1,7,0,1,0,0,0,1,0,0,0,0,0,1,1,0,0,0,0,0,1,0,0,0,0,0,0,0,0,0,0,1,0,0,0,0,0,0,0,1,0,0,0,0,0,0,0,0,0,0,0,0,0,0,0,0,4,0,0,0,0,0,0,0,1,1,0,2,0,0,0,0,2,0,0,0,0,0,0,0,0,1,0,1,0,3,0,1,0,2,1,0,0,0,0,1,0,3,0,0,0,1,1,1,0,0,0,0,0,1,2,4,3,0,0,0,1,0,1,0,1,0,0,0,1,0,0,0,3,0,0,0,1,0,0,0,0,0,0,0,0,1,0,0,0,1,0,0,0,0,0,0,0,0,0,0,0,0,1,0,0,0,0,0,0,0,0,0,0,0,0,1,1,0,0,0,0,2,0,0,0,0,0,0,0,1,0,0,0,0,0,0,0,0,0,0,0,0,0,0,1,0,0,0,0,0,0,0,0,0,2,0,0,0,0,0,0,0,1,0,0,0,0,0,0,0,0,1,0,0,0,0,0,0,0,0,0,0,0,0,0,0,0,1,0,0,0,0,0
plehanov_police_anisemitizm_I.txt_chunk3,plehanov,2.890173410404624,0,0,0,2.890173410404624,0,7.22543352601156,0,1.445086705202312,4.335260115606936,4.335260115606936,18.78612716763006,1.445086705202312,0,1.445086705202312,0,0,0,0,1.445086705202312,0,1.445086705202312,4.335260115606936,0,1.445086705202312,0,1.445086705202312,0,1.445086705202312,0,0,0,0,1.445086705202312,1.445086705202312,0,0,2.890173410404624,1.445086705202312,0,1.445086705202312,1.445086705202312,0,10.115606936416185,4.335260115606936,0,0,2.890173410404624,5.780346820809248,4.335260115606936,0,0,5.780346820809248,0,0,0,34.68208092485549,1.445086705202312,10.115606936416185,2.890173410404624,2.890173410404624,0,4.335260115606936,5.780346820809248,0,4.335260115606936,0,1.445086705202312,1.445086705202312,0,0,0,0,0,0,0,0,2.890173410404624,0,2.890173410404624,0,0,0,1.445086705202312,1.445086705202312,0,0,0,0,8.670520231213873,0,4.335260115606936,33.23699421965318,0,0,0,0,0,0,5.780346820809248,0,1.445086705202312,2.890173410404624,1.445086705202312,11.560693641618496,0,1.445086705202312,0,0,0,0,2.890173410404624,0,0,0,0,2.890173410404624,1.445086705202312,0,5.780346820809248,0,1.445086705202312,1.445086705202312,0,0,0,0,1.445086705202312,2.890173410404624,0,0,0,13.00578034682081,0,0,0,1.445086705202312,0,0,0,0,0,0,0,2.890173410404624,1.445086705202312,0,0,0,0,0,0,1.445086705202312,0,0,1.445086705202312,0,0,7.22543352601156,1.445086705202312,0,2.890173410404624,2.890173410404624,0,2.890173410404624,1.445086705202312,0,0,0,0,1.445086705202312,0,0,0,0,0,0,1.445086705202312,0,13.00578034682081,7.22543352601156,0,1.445086705202312,1.445086705202312,10.115606936416185,2.890173410404624,1.445086705202312,2.890173410404624,0,0,0,4.335260115606936,0,0,0,0,1.445086705202312,0,0,0,1.445086705202312,0,0,0,1.445086705202312,0,0,1.445086705202312,0,0,0,1.445086705202312,1.445086705202312,2.890173410404624,0,2.890173410404624,0,2.890173410404624,2.890173410404624,0,1.445086705202312,0,0,0,0,0,0,0,0,0,0,0,0,5.780346820809248,0,4.335260115606936,1.445086705202312,0,2.890173410404624,1.445086705202312,0,0,2.890173410404624,1.445086705202312,1.445086705202312,0,0,0,0,0,1.445086705202312,0,0,0,1.445086705202312,0,0,2.890173410404624,1.445086705202312,0,2.890173410404624,0,0,0,1.445086705202312,0,0,1.445086705202312,5.780346820809248,0,0,0,1.445086705202312,8.670520231213873,0,1.445086705202312,0,1.445086705202312,1.445086705202312,0,0,0,0,1.445086705202312,5.780346820809248,0,0,0,0,0,0,0,1.445086705202312,1.445086705202312,0,0,0,0,0,0,0,0,0,0,0,0,0,0,0,0,0,0,4.335260115606936,0,0,1.445086705202312,0,0,0,0,0,0,0,1.445086705202312,0,0,0,0,0,0,5.780346820809248,0,2.890173410404624,0,0,0,1.445086705202312,2.890173410404624,1.445086705202312,0,0,0,0,0,1.445086705202312,0,1.445086705202312,0,0,0,0,0,0,0,0,0,0,0,0,1.445086705202312,0,2.890173410404624,0,0,0,0,0,0,0,0,0,0,0,0,0,2.890173410404624,0,0,7.22543352601156,2.890173410404624,1.445086705202312,0,0,0,0,0,0,0,0,0,0,0,0,0,2.890173410404624,0,1.445086705202312,0,0,0,0,0,0,1.445086705202312,0,0,0,0,0,0,4.335260115606936,0,0,4.335260115606936,1.445086705202312,0,0,0,0,0,0,0,0,0,0,0,0,0,0,0,0,0,0,0,0,0,0,0,0,0,0,0,0,0,0,0,1.445086705202312,0,0,0,0,0,0,0,0,0,0,0,1.445086705202312,0,0,0,0,0,0,2.890173410404624,0,0,0,0,0,0,0,0,0,0,0,0,0,0,0,0,0,2.890173410404624,0,0,0,0,0,0,1.445086705202312,0,0,0,0,0,0,0,0,0
plehanov_simptomat_mistake.txt_chunk2,plehanov,6.1443932411674345,0,0,0,0,0,7.680491551459293,4.608294930875576,0,10.752688172043012,9.216589861751151,18.433179723502302,0,0,1.5360983102918586,1.5360983102918586,0,0,0,1.5360983102918586,3.0721966205837172,0,1.5360983102918586,0,0,0,0,0,0,0,0,0,0,1.5360983102918586,0,0,0,1.5360983102918586,1.5360983102918586,3.0721966205837172,1.5360983102918586,0,0,4.608294930875576,4.608294930875576,0,3.0721966205837172,1.5360983102918586,1.5360983102918586,6.1443932411674345,0,1.5360983102918586,0,0,0,1.5360983102918586,33.794162826420894,0,1.5360983102918586,0,4.608294930875576,0,3.0721966205837172,9.216589861751151,0,7.680491551459293,0,0,4.608294930875576,0,0,0,6.1443932411674345,3.0721966205837172,0,3.0721966205837172,0,0,0,3.0721966205837172,0,0,3.0721966205837172,0,0,4.608294930875576,7.680491551459293,0,0,18.433179723502302,0,0,19.96927803379416,1.5360983102918586,0,0,0,0,0,0,0,1.5360983102918586,0,3.0721966205837172,9.216589861751151,7.680491551459293,1.5360983102918586,0,0,1.5360983102918586,0,1.5360983102918586,0,0,3.0721966205837172,10.752688172043012,6.1443932411674345,0,0,1.5360983102918586,0,0,1.5360983102918586,3.0721966205837172,1.5360983102918586,3.0721966205837172,0,0,0,0,0,0,9.216589861751151,0,0,0,1.5360983102918586,0,1.5360983102918586,0,0,0,0,3.0721966205837172,1.5360983102918586,1.5360983102918586,0,0,0,0,0,1.5360983102918586,1.5360983102918586,0,0,0,0,0,0,4.608294930875576,0,4.608294930875576,1.5360983102918586,0,7.680491551459293,4.608294930875576,0,1.5360983102918586,0,1.5360983102918586,3.0721966205837172,0,0,0,0,0,0,0,0,15.360983102918587,4.608294930875576,1.5360983102918586,0,0,4.608294930875576,4.608294930875576,6.1443932411674345,1.5360983102918586,0,1.5360983102918586,3.0721966205837172,0,0,1.5360983102918586,0,0,1.5360983102918586,0,0,3.0721966205837172,1.5360983102918586,0,0,1.5360983102918586,0,1.5360983102918586,0,1.5360983102918586,0,0,0,0,0,1.5360983102918586,1.5360983102918586,1.5360983102918586,3.0721966205837172,4.608294930875576,0,0,0,0,1.5360983102918586,0,0,0,4.608294930875576,0,1.5360983102918586,0,3.0721966205837172,0,0,0,0,3.0721966205837172,0,1.5360983102918586,0,0,0,0,3.0721966205837172,0,0,0,0,1.5360983102918586,0,0,0,1.5360983102918586,1.5360983102918586,3.0721966205837172,0,0,0,1.5360983102918586,0,0,0,0,0,0,1.5360983102918586,0,0,0,0,0,0,0,0,0,0,1.5360983102918586,0,0,0,0,0,0,0,0,0,0,0,0,1.5360983102918586,0,0,1.5360983102918586,0,0,1.5360983102918586,1.5360983102918586,0,0,0,0,0,0,0,0,0,0,0,0,0,0,0,0,0,0,0,1.5360983102918586,0,0,1.5360983102918586,0,0,0,0,1.5360983102918586,0,0,0,1.5360983102918586,0,4.608294930875576,3.0721966205837172,0,1.5360983102918586,1.5360983102918586,0,0,0,0,0,0,0,0,0,0,0,0,1.5360983102918586,0,0,1.5360983102918586,1.5360983102918586,0,0,0,0,0,1.5360983102918586,1.5360983102918586,0,1.5360983102918586,0,3.0721966205837172,1.5360983102918586,1.5360983102918586,0,1.5360983102918586,0,0,3.0721966205837172,0,0,0,0,0,0,1.5360983102918586,0,0,0,0,0,0,0,6.1443932411674345,0,0,0,0,1.5360983102918586,0,0,0,0,0,0,0,1.5360983102918586,0,0,0,0,1.5360983102918586,0,0,0,1.5360983102918586,0,0,0,0,0,0,1.5360983102918586,0,0,0,0,1.5360983102918586,0,0,0,3.0721966205837172,0,0,0,0,0,0,0,0,0,0,0,0,0,1.5360983102918586,0,0,0,0,0,0,0,0,0,0,0,0,0,1.5360983102918586,0,1.5360983102918586,0,0,0,0,0,0,0,0,0,0,0,0,0,0,1.5360983102918586,0,0,3.0721966205837172,0,0,0,0,0,0,0,0,0,0,0,0,0,0,0,0,0,0,0,0,0,0,0,0,0,0,0,0,0,0
plehanov_slovo_prinadlezhit_menshevikam.txt_chunk1,plehanov,11,0,0,0,0,0,17,4,1,3,5,29,0,0,3,2,0,0,0,1,0,1,3,1,1,0,0,0,0,0,1,0,0,4,1,0,0,6,0,1,1,0,0,5,2,0,9,1,5,3,0,0,1,0,0,0,29,0,4,2,0,0,3,10,2,5,0,0,3,0,1,0,2,0,2,0,0,1,0,3,6,0,7,0,1,5,1,2,0,10,0,1,30,1,2,0,0,0,2,0,0,0,1,0,8,2,11,1,0,0,0,0,0,0,1,4,1,0,0,3,0,0,2,0,8,0,1,0,4,0,0,0,14,1,0,1,3,2,0,4,2,0,0,1,1,2,1,0,1,0,0,0,0,0,0,4,1,0,0,1,0,5,1,1,11,5,3,1,0,0,2,0,0,0,0,0,1,0,0,19,1,1,1,1,5,1,2,4,0,0,16,0,0,0,1,0,2,0,0,1,2,0,0,1,1,1,0,1,0,0,0,1,0,2,0,5,0,0,1,1,0,0,0,0,0,1,1,0,0,1,1,1,0,1,0,1,1,0,0,1,1,0,0,1,0,2,0,0,0,0,1,1,0,0,0,0,1,8,1,0,7,3,0,1,0,0,0,1,0,0,0,0,0,0,0,1,0,0,0,0,0,0,0,0,1,0,0,0,0,0,0,0,0,0,0,4,0,0,0,2,1,0,0,0,1,1,0,0,0,0,0,0,0,0,0,1,0,0,0,0,0,0,0,1,0,1,1,0,0,0,0,0,1,4,0,0,0,1,1,0,0,2,0,0,0,0,2,1,0,0,0,0,0,2,0,0,0,0,1,0,0,3,0,1,0,1,0,0,0,2,0,0,0,2,0,1,12,1,2,3,0,0,0,2,0,0,0,0,0,2,0,0,0,0,0,0,1,0,0,0,0,1,0,0,1,0,0,1,0,0,0,0,0,0,1,1,0,1,0,0,0,0,0,0,0,0,0,0,0,0,1,0,1,0,0,0,0,0,0,2,0,1,0,0,0,0,0,0,0,0,1,0,0,0,0,0,0,0,0,0,1,0,0,0,0,0,0,0,0,3,1,0,0,0,0,0,0,0,0,0,0,0,0,0,0,0,1,0,0,0,0,0,0,0,0,0,0,0,0,0
plehanov_torzhestvo_sr_I.txt_chunk1,plehanov,1,0,1,1,0,0,3,0,4,3,0,22,0,0,2,0,0,3,0,1,0,0,4,2,1,0,0,0,0,0,1,0,1,1,1,0,0,4,0,0,0,0,0,3,0,0,1,1,3,3,0,0,2,0,0,0,26,0,2,4,1,2,3,5,0,5,0,3,3,0,1,0,1,0,1,0,0,2,1,0,0,3,0,0,2,4,0,0,1,9,0,0,22,0,0,0,0,0,1,11,0,0,0,1,7,1,8,3,0,0,1,0,0,0,0,2,3,1,1,2,0,0,0,6,18,0,0,2,0,0,0,0,6,1,0,1,0,0,2,2,0,2,0,1,0,4,0,0,1,0,0,0,0,1,0,6,0,0,0,1,0,7,1,1,5,1,1,1,1,0,1,0,0,0,0,0,0,0,0,23,1,0,1,0,1,0,1,3,1,0,0,0,0,1,1,1,7,0,0,0,2,0,0,0,0,2,0,0,0,0,0,0,0,0,0,0,2,0,0,0,0,0,0,0,0,0,1,0,0,0,0,2,0,1,0,0,0,1,0,0,3,0,0,1,2,0,1,0,0,0,2,0,0,0,0,0,0,7,2,1,5,2,0,3,3,0,0,0,0,0,0,0,0,6,1,2,0,2,0,0,1,0,0,1,1,0,0,0,0,0,1,0,1,0,0,0,0,0,0,0,0,1,0,0,1,0,0,0,1,0,0,0,0,5,0,4,1,0,0,0,0,0,0,3,0,0,1,0,0,0,0,0,1,0,0,0,1,0,3,0,0,3,0,0,1,0,0,0,0,1,0,0,0,3,1,0,0,0,1,1,0,1,0,1,0,0,0,1,1,0,1,0,0,2,0,0,1,0,10,2,1,2,0,1,0,1,1,0,0,0,0,0,1,0,4,2,0,0,0,0,0,1,0,0,0,0,0,1,0,0,1,0,0,1,0,0,0,1,0,0,0,0,0,0,0,0,0,0,0,0,1,0,0,0,0,0,0,0,0,0,0,0,0,0,0,0,0,0,0,1,0,1,0,6,1,0,0,0,0,0,0,0,0,0,0,2,0,0,0,0,3,0,0,0,0,0,0,0,0,0,0,0,0,0,0,0,0,0,1,0,1,0,0,0,0,0,0,1,0,0
plehanov_uspenskiy.txt_chunk1,plehanov,3,0,0,0,0,0,3,1,0,5,0,26,1,1,3,0,0,0,1,1,1,1,4,1,3,2,0,1,1,0,0,0,1,0,1,0,0,5,3,0,0,0,1,17,3,3,1,0,1,2,4,1,2,0,1,0,55,0,3,5,0,0,4,2,0,8,0,1,1,0,1,0,3,0,1,0,0,0,1,4,0,0,0,0,0,1,0,0,0,5,3,0,15,2,2,2,0,0,0,1,2,0,0,0,8,0,6,1,1,0,0,0,0,2,25,2,0,0,0,1,0,1,1,2,6,0,0,1,2,0,0,0,20,0,0,0,0,0,1,2,2,0,2,1,0,1,1,0,1,1,0,1,0,0,0,0,2,1,0,2,0,7,0,0,4,3,0,1,0,0,2,0,0,1,1,0,0,1,0,14,1,0,2,0,3,1,0,2,0,0,1,1,0,0,0,0,1,0,0,0,2,0,1,0,1,1,0,0,2,0,0,1,0,1,0,0,3,0,1,1,0,0,0,0,0,1,1,0,1,0,2,1,0,2,0,1,2,0,5,0,1,0,0,0,0,1,0,0,0,0,0,1,1,1,2,0,0,1,0,1,0,0,0,0,0,0,0,0,0,0,0,0,0,0,0,2,0,1,0,0,1,0,0,0,0,0,0,0,0,0,2,0,0,0,0,0,0,1,0,2,0,0,0,1,0,0,0,1,0,0,0,0,0,1,0,2,0,0,0,0,0,0,0,0,0,0,1,0,0,1,3,0,2,0,1,0,2,0,2,0,1,0,0,0,0,0,0,0,2,0,0,1,0,0,1,0,0,1,0,0,1,1,0,0,1,0,0,0,2,1,0,0,0,0,0,0,0,0,2,0,0,0,0,0,0,0,0,0,0,1,0,1,2,0,0,2,1,0,1,0,0,0,0,0,0,0,1,0,3,0,0,0,2,1,2,2,0,1,0,0,0,0,2,3,0,0,0,0,0,0,1,0,0,0,2,0,0,0,0,0,0,0,0,0,2,0,0,1,0,0,0,0,0,0,0,0,0,0,0,0,0,0,0,0,0,8,0,0,0,1,1,0,0,0,0,0,0,0,0,0,0,0,1,0,0,0,0,0,0,0,0,0,0,0,0,0,0,0,0,0
plehanov_uspenskiy.txt_chunk10,plehanov,10,1,0,0,2,0,6,0,1,2,2,24,1,2,4,0,0,0,0,3,1,2,3,0,0,0,0,0,1,1,1,0,0,0,1,1,0,2,2,0,0,0,2,8,7,4,2,1,1,12,0,0,6,0,0,1,31,1,7,6,0,0,0,7,1,13,0,0,0,1,0,0,2,0,1,0,1,1,1,2,0,0,4,3,1,4,5,0,0,10,0,0,13,1,4,0,0,0,11,2,2,1,1,1,6,4,1,0,1,1,3,4,2,0,9,1,1,1,0,1,0,0,1,0,3,2,0,0,3,1,0,0,8,0,0,2,1,0,0,2,0,1,0,3,1,1,3,0,1,0,0,0,2,0,0,4,0,0,0,2,0,5,1,1,6,0,1,0,0,5,3,0,0,1,0,1,1,0,1,17,0,0,1,0,4,8,0,0,0,0,7,2,0,4,0,2,0,0,0,1,1,0,0,2,1,2,2,0,0,0,0,0,0,0,0,1,1,0,0,0,0,0,1,1,0,0,0,0,0,1,0,0,1,0,0,1,0,0,0,1,1,2,0,0,0,4,0,0,0,0,0,0,0,0,0,0,0,1,0,0,0,0,0,0,3,1,0,0,0,0,0,2,1,0,0,1,0,3,1,0,0,0,0,0,0,0,0,0,1,0,6,0,0,0,0,0,0,3,0,0,0,1,0,0,0,0,0,0,0,0,0,0,0,0,0,0,0,1,0,0,0,1,1,0,0,0,0,0,0,0,3,0,1,0,1,0,0,0,0,1,0,6,1,1,0,0,1,0,1,0,1,0,0,0,0,0,3,1,0,1,1,1,2,0,0,0,0,1,0,1,0,0,0,0,1,0,0,0,1,1,1,0,0,0,0,1,0,0,0,0,0,1,0,0,0,0,1,1,0,0,0,0,0,0,0,2,0,0,1,0,0,1,1,0,0,0,3,0,0,0,0,1,0,0,0,0,0,0,0,0,0,0,0,0,1,0,0,0,0,1,0,0,0,0,0,0,0,0,0,0,0,0,1,0,0,1,0,0,0,0,0,0,0,0,0,0,1,0,0,0,1,2,2,0,0,0,0,0,0,0,0,0,0,0,1,0,0,0,0,0,0,0,0,0,0,0,0,0,0,0
plehanov_uspenskiy.txt_chunk11,plehanov,5,0,0,1,6,0,5,1,3,2,2,20,1,0,0,1,0,1,0,2,0,1,4,2,1,2,1,0,2,1,0,0,0,1,0,1,0,7,3,0,0,2,0,8,0,2,1,2,1,3,5,2,1,0,0,0,34,1,6,4,5,0,5,9,0,11,0,2,0,0,0,0,0,0,0,1,4,0,1,1,0,1,0,4,0,5,1,0,0,5,1,7,21,4,2,1,1,0,1,4,1,3,2,1,9,1,8,1,1,0,0,1,0,0,13,0,1,0,0,1,0,0,0,1,6,0,0,0,0,0,0,0,13,0,1,0,2,1,0,0,0,0,0,1,0,4,1,0,1,0,2,0,1,0,0,3,1,0,1,1,1,6,5,0,3,3,2,3,0,0,4,0,0,0,0,0,2,2,0,20,2,0,0,0,3,1,0,1,1,0,1,2,0,0,0,0,4,0,0,0,2,1,1,1,1,0,0,0,1,1,0,0,0,0,0,1,3,1,2,0,0,0,1,0,0,0,2,0,1,0,0,2,0,3,0,0,1,0,2,1,2,0,0,0,0,0,0,0,0,0,1,0,2,1,2,0,0,2,4,0,0,0,2,0,0,0,0,0,0,0,1,0,0,0,0,0,0,3,0,1,0,0,0,0,1,0,0,0,0,0,1,0,0,0,0,2,0,0,0,1,0,0,0,0,0,0,0,0,0,1,0,0,0,0,0,0,0,0,1,0,0,0,0,2,0,0,0,0,0,0,1,1,1,2,0,0,0,1,0,0,0,2,0,1,0,1,1,0,0,0,3,0,0,0,0,0,1,2,1,1,0,0,1,0,1,0,0,0,2,1,1,0,0,0,0,0,0,2,8,1,3,0,0,0,0,0,1,0,0,0,0,0,1,0,1,0,1,0,0,0,0,1,0,0,0,0,0,1,4,0,0,2,2,0,0,0,2,0,0,0,0,0,0,1,1,0,0,0,0,0,1,1,0,0,0,0,0,0,0,0,0,0,0,0,0,0,0,0,0,0,0,0,0,0,0,0,0,0,0,0,0,0,0,0,0,3,0,0,0,1,0,0,0,0,0,0,0,0,0,0,0,0,0,0,2,0,0,0,0,0,0,0,0,0,0,0,0,0,0,0
plehanov_uspenskiy.txt_chunk12,plehanov,9,0,0,4,2,0,10,0,1,1,0,22,0,0,1,0,0,0,1,2,0,0,3,0,0,0,0,0,2,3,0,3,0,0,4,0,0,8,1,0,0,0,0,5,2,2,4,2,3,3,2,0,1,0,0,0,33,0,8,2,1,1,2,8,1,10,0,2,2,0,0,0,2,0,0,3,1,1,0,1,6,0,1,0,1,1,4,0,0,15,1,0,17,5,1,0,0,0,2,2,1,0,0,1,6,3,1,1,1,1,0,0,0,0,7,0,1,0,0,6,0,0,1,0,1,1,0,1,1,0,1,0,4,0,1,0,0,0,0,1,1,1,0,3,0,2,1,1,0,0,0,0,1,1,0,3,1,1,1,0,1,12,2,0,4,1,1,0,0,1,6,0,1,0,0,1,3,2,4,18,4,0,0,0,5,2,0,0,1,1,6,1,0,0,1,0,1,0,0,0,0,1,0,3,0,8,1,1,0,0,0,0,0,0,0,4,0,1,1,0,0,0,1,1,0,0,0,0,0,1,2,1,1,2,0,1,0,0,2,2,3,0,0,0,0,0,0,0,0,0,1,0,1,0,0,0,0,0,0,0,0,0,1,0,0,0,0,0,0,1,0,0,0,0,0,0,0,2,0,0,0,0,0,0,1,0,0,0,0,0,4,0,0,0,0,0,0,0,0,3,0,1,0,1,1,0,0,1,0,0,0,0,0,0,0,3,0,0,2,0,0,0,1,0,0,2,0,0,0,2,1,0,0,0,0,0,1,0,0,0,0,2,0,0,0,0,2,0,1,1,0,0,0,0,0,0,1,0,0,0,1,0,2,0,0,0,0,0,3,0,1,0,0,3,0,4,2,0,3,0,1,0,0,1,0,0,0,0,0,0,0,0,0,1,1,0,0,0,0,0,0,1,0,0,2,2,1,0,0,1,0,1,0,0,0,0,0,0,0,0,0,0,0,1,2,0,0,0,0,0,0,0,0,0,0,0,0,0,0,0,0,1,0,0,0,0,0,0,0,0,0,1,0,0,0,0,0,0,0,0,0,0,0,0,0,1,0,0,0,0,1,0,1,0,3,1,0,0,0,0,0,0,2,0,1,0,0,0,0,0,0,0,0,0,1,0,0,0,0,0
plehanov_uspenskiy.txt_chunk13,plehanov,5,0,0,0,1,0,4,0,0,3,0,24,0,0,1,0,0,0,0,0,0,1,4,0,0,0,0,0,1,3,1,0,0,0,0,0,0,2,1,0,1,0,0,10,2,1,3,2,5,4,0,0,3,0,6,0,37,0,0,1,0,0,2,9,0,5,0,0,0,0,0,0,1,0,1,0,1,1,2,1,0,0,0,0,0,3,1,0,0,12,0,0,26,4,0,0,1,0,3,4,4,1,1,0,9,1,3,1,0,1,1,0,1,0,14,3,1,1,0,6,0,2,0,0,5,0,0,0,1,1,0,1,17,1,0,0,0,0,0,2,0,1,0,4,2,0,0,0,0,1,1,0,1,0,0,2,1,0,0,1,1,5,1,0,3,0,2,0,1,0,4,0,0,0,0,0,2,3,0,17,2,0,1,0,2,2,1,0,2,0,0,1,0,0,2,0,1,0,0,1,0,0,2,0,0,3,0,0,2,1,0,0,0,1,1,1,0,0,1,0,1,0,2,0,0,0,1,0,1,0,0,0,1,1,1,0,0,0,1,2,0,0,0,0,0,0,0,1,0,0,3,1,0,0,0,0,0,0,0,0,0,0,0,0,1,0,0,0,0,3,0,0,0,0,0,2,0,0,0,0,0,0,0,0,0,1,0,0,1,0,0,0,0,0,0,0,1,0,0,3,0,0,0,0,1,0,0,0,0,0,0,0,0,0,0,0,2,1,2,0,0,0,0,1,0,0,0,0,0,1,0,0,0,0,6,0,1,1,1,0,0,0,0,0,0,0,1,2,0,0,0,0,0,2,0,0,3,0,0,1,0,0,2,0,2,0,0,0,0,0,0,0,0,0,0,1,2,0,3,3,0,0,0,1,0,0,0,0,0,0,0,1,0,0,2,0,0,0,0,1,1,0,0,0,1,1,0,0,0,0,0,0,0,0,2,0,0,1,3,0,0,0,0,1,0,0,0,0,0,0,0,1,0,0,1,0,3,0,0,0,0,0,0,0,0,0,0,0,1,0,0,0,0,0,0,0,0,0,1,0,0,0,0,0,0,2,0,0,0,1,0,0,0,0,1,0,0,0,0,0,0,0,1,1,0,0,0,0,0,0,0,0,0,0,0,0,1,0,0,0
plehanov_uspenskiy.txt_chunk16,plehanov,6,0,0,0,2,0,1,1,0,5,0,28,0,0,1,0,0,0,1,0,1,1,5,0,2,0,0,0,0,0,0,0,0,0,0,0,0,1,0,0,0,1,0,18,3,9,2,0,1,5,1,2,6,1,0,0,30,0,2,2,0,0,0,6,0,3,0,6,0,3,0,0,1,0,0,1,0,0,0,0,1,0,0,1,1,2,0,1,1,9,0,0,21,3,0,0,1,0,1,1,1,2,1,0,12,0,1,2,2,0,1,0,0,0,22,4,0,0,0,2,0,0,1,0,6,1,0,0,2,0,1,2,12,0,0,0,0,2,1,1,0,0,1,0,2,2,2,0,0,1,0,1,1,0,2,3,1,2,1,1,0,10,0,0,1,1,0,1,1,0,7,0,1,0,2,1,1,0,2,12,0,1,4,0,6,1,1,1,1,0,3,0,0,0,1,0,1,1,0,0,1,1,0,2,0,0,0,0,0,0,0,1,0,0,0,0,0,0,0,0,0,0,0,0,0,0,2,0,0,0,0,0,1,4,0,0,0,0,1,2,0,0,0,0,0,0,0,0,0,0,1,0,0,1,0,0,0,0,0,1,0,0,1,0,0,0,1,2,0,0,0,0,0,0,0,0,0,0,0,0,0,1,0,0,0,0,1,0,0,0,3,0,0,0,0,0,1,0,0,0,0,1,0,1,0,0,0,0,0,0,1,1,0,0,0,0,1,0,0,0,0,0,0,4,0,2,0,0,0,2,2,0,2,0,2,0,1,0,0,2,0,1,1,0,0,0,1,0,0,0,0,0,0,0,2,0,1,0,1,1,0,0,0,0,0,2,0,1,0,0,0,0,0,0,0,1,1,0,2,0,0,0,1,0,0,0,0,1,1,0,0,0,0,0,1,0,0,2,1,0,0,0,0,0,1,0,0,1,0,1,0,1,0,0,2,0,1,0,0,0,0,0,1,0,0,0,0,0,0,0,0,0,0,0,0,0,0,0,0,0,0,0,0,0,0,0,0,0,0,0,0,0,0,0,0,0,0,0,0,0,0,0,0,0,0,0,0,0,0,0,0,0,0,0,0,0,0,0,0,0,1,0,0,0,0,0,0,0,0,0,0,0,0,0,0,0,0,0,0,0
plehanov_uspenskiy.txt_chunk3,plehanov,3,0,0,0,1,1,9,0,0,2,1,25,0,2,0,0,0,0,0,0,3,3,5,1,1,0,2,0,1,2,0,0,0,0,1,0,0,2,0,2,0,0,0,5,4,2,0,1,0,2,4,3,1,0,0,1,37,1,5,5,1,0,2,6,0,8,1,1,1,2,0,0,1,0,0,2,0,1,0,0,0,2,0,2,3,3,3,0,0,14,0,2,26,2,1,0,1,1,0,4,1,0,2,1,6,0,6,0,1,2,2,0,0,0,9,2,5,0,0,2,0,2,3,1,5,0,0,0,1,0,1,0,11,0,0,3,0,2,2,1,0,0,0,2,0,1,0,0,1,0,1,0,1,0,0,2,2,1,1,1,1,5,4,0,3,2,1,1,0,0,3,0,1,0,0,0,1,1,0,19,2,0,0,1,3,1,1,3,2,3,0,0,0,0,0,0,2,0,0,0,1,1,1,2,0,2,2,0,0,0,1,2,0,1,1,0,0,0,1,1,0,0,1,0,1,0,0,0,0,1,0,0,0,5,0,1,1,0,2,0,0,0,0,0,0,0,0,2,0,0,1,0,0,0,0,0,0,0,2,0,0,0,0,0,2,0,0,0,0,1,0,0,0,0,1,5,0,0,1,0,0,0,1,0,0,0,2,1,0,1,2,0,0,0,0,1,0,1,0,0,0,1,0,1,0,0,0,0,0,0,0,0,0,0,0,1,0,1,0,0,0,0,1,2,0,0,0,0,0,1,3,2,1,0,0,0,2,0,2,0,0,0,0,0,0,0,0,0,0,0,1,0,0,1,0,0,0,0,0,0,0,1,1,2,0,0,1,0,0,0,0,0,0,0,0,0,2,2,1,1,0,0,0,0,0,1,0,1,1,1,0,3,0,1,0,0,3,1,0,1,0,0,0,1,2,1,0,0,1,0,0,0,0,0,0,0,0,1,0,0,1,0,1,0,0,0,0,0,0,0,1,0,0,0,1,0,0,0,0,1,0,0,0,0,0,0,0,0,0,0,0,0,0,0,0,0,0,0,0,0,0,0,0,0,0,1,0,0,0,2,2,0,0,0,0,0,0,0,0,0,0,0,1,0,0,0,0,0,0,0,0,0,0,0,0,0,0,0,0,0
plehanov_uspenskiy.txt_chunk6,plehanov,6,0,0,3,0,0,0,0,0,5,0,35,0,1,2,0,0,0,0,4,0,2,4,0,1,3,1,0,0,1,0,0,2,0,3,0,0,2,1,0,1,0,1,3,0,0,0,3,2,7,1,0,0,0,0,0,18,0,6,2,1,1,1,14,0,6,0,0,1,1,0,0,1,0,0,0,0,1,1,2,4,0,1,3,1,3,3,0,0,11,0,2,15,0,1,0,1,0,0,1,0,0,1,0,8,4,1,3,4,0,3,1,1,1,5,0,2,1,0,0,1,1,2,0,7,1,1,0,3,0,0,1,12,0,1,2,0,1,2,2,0,0,2,2,2,0,0,0,2,0,0,0,1,0,0,2,0,4,0,2,0,6,4,1,4,0,0,2,2,2,8,0,1,1,0,0,1,8,0,12,2,0,0,0,4,3,0,2,1,0,3,0,0,1,0,0,2,0,1,0,0,0,1,0,1,4,0,0,0,2,0,0,0,0,1,0,0,1,3,0,0,0,0,0,0,1,1,1,1,1,1,0,1,2,0,2,0,1,3,3,1,0,0,0,0,3,0,1,0,0,2,2,3,0,0,0,0,0,0,0,0,0,0,0,0,1,0,0,0,1,0,1,3,0,0,2,0,0,0,0,0,0,0,0,0,2,0,0,0,0,1,0,0,0,0,0,1,2,0,2,0,0,1,0,0,0,0,1,0,0,0,0,0,0,0,2,0,2,0,0,0,2,1,0,0,1,0,1,0,0,0,0,0,0,17,0,0,0,2,0,0,0,1,0,2,0,0,0,2,0,0,0,0,0,1,0,0,0,1,0,0,0,0,0,0,0,0,0,1,0,0,0,0,2,7,1,1,0,5,1,0,0,0,1,0,0,0,0,1,0,0,0,0,0,0,0,2,0,0,0,0,1,0,0,0,4,0,0,2,2,1,0,0,0,1,0,0,0,2,0,0,1,0,0,0,0,0,0,0,0,0,0,0,1,0,0,0,0,0,0,0,0,0,0,0,0,0,0,0,0,0,0,0,0,0,0,0,0,0,0,0,0,0,0,0,0,0,0,0,1,0,1,0,0,0,1,0,0,0,0,0,0,0,0,0,0,0,0,0,0,0,0,0,0,0,0,0,0,0,0
plehanov_vroz_idti_vmeste_bit_I.txt_chunk2,plehanov,8,0,0,0,6,1,6,0,0,2,0,22,0,0,2,1,0,0,0,0,0,3,5,1,1,0,0,0,0,0,0,1,0,1,4,0,0,3,0,0,0,2,2,11,0,1,3,1,4,1,0,2,2,0,2,0,32,1,0,4,1,1,3,5,0,5,1,1,0,1,0,0,4,2,1,3,0,0,1,2,0,1,0,0,0,3,0,2,0,20,0,0,20,0,0,0,1,0,1,3,1,1,0,0,6,1,10,0,0,0,0,1,0,0,1,0,0,0,0,7,2,0,2,0,2,0,0,0,4,0,1,1,9,0,0,1,1,0,0,2,0,0,1,0,2,4,2,0,0,0,2,1,1,0,0,3,3,0,0,7,0,6,3,1,6,2,1,1,2,0,6,0,0,0,0,0,0,6,0,13,4,0,0,1,7,2,1,1,1,1,0,1,0,1,0,0,4,0,0,3,2,0,2,2,0,0,0,0,1,0,1,1,2,0,7,0,2,0,1,0,0,0,0,1,1,1,2,0,3,2,1,3,0,2,0,0,0,3,6,2,0,0,0,1,0,0,0,1,0,0,0,1,0,0,0,0,1,1,0,0,1,1,0,0,2,0,0,1,0,0,0,2,0,0,0,5,0,1,1,0,0,1,5,1,0,0,2,1,0,0,3,0,0,0,0,2,0,0,0,1,0,0,0,2,0,3,0,0,0,0,0,0,1,2,0,3,0,0,0,0,1,0,0,5,0,0,0,0,0,0,7,0,1,1,0,0,2,0,0,1,0,0,0,1,0,0,0,0,0,0,0,0,0,0,0,1,1,0,1,0,1,0,0,1,0,0,1,0,0,4,0,0,0,0,0,0,0,0,5,7,1,0,1,0,2,0,0,1,1,0,0,0,1,0,8,0,0,1,0,0,0,0,0,4,0,0,0,0,2,0,0,3,0,6,0,0,0,1,0,0,0,0,0,1,1,0,0,1,2,0,0,0,0,0,0,0,0,0,0,0,0,1,0,2,0,0,1,0,1,0,0,1,0,1,1,0,0,0,1,0,0,0,0,0,0,1,0,0,0,5,0,0,0,0,0,0,0,0,0,0,1,0,0,6,0,0,0,0,0,0,0,0,0,0,0,0,0,0,0,0
trotsky_dem_i_rev.txt_chunk2,trotsky,5,0,0,0,6,2,1,0,0,1,5,27,0,0,1,3,0,0,2,0,0,1,1,0,2,0,0,0,0,1,2,3,0,0,0,0,0,9,0,6,1,1,0,1,5,1,3,2,4,3,1,1,4,0,0,1,32,0,7,2,0,1,6,6,0,10,0,1,1,2,0,1,1,1,2,1,0,1,0,2,0,0,0,0,0,8,0,0,1,15,0,0,31,0,0,0,1,0,4,2,0,1,2,0,10,4,3,1,1,1,0,0,0,1,1,10,11,0,0,3,0,0,0,0,2,1,0,0,1,0,0,0,15,0,0,0,0,1,3,3,0,1,1,1,2,1,2,1,1,0,0,0,0,0,1,7,0,0,0,0,0,1,0,2,9,1,0,0,0,0,4,0,0,1,0,0,0,0,0,12,1,3,0,1,5,0,2,0,1,0,0,3,0,1,0,0,2,0,0,1,0,0,2,1,0,2,0,0,0,0,0,0,0,1,1,1,2,0,0,3,0,1,0,1,1,0,0,1,0,1,0,1,0,0,0,1,1,0,0,0,0,0,0,0,1,1,0,0,0,0,0,0,0,1,0,0,0,1,0,0,0,2,2,0,0,0,1,0,0,0,0,1,0,0,0,3,0,0,0,0,0,0,2,0,1,1,1,0,0,0,0,1,2,0,0,0,0,0,0,0,0,0,0,6,0,1,4,1,0,0,0,0,0,2,0,1,0,1,3,0,0,0,0,3,1,0,0,0,0,0,1,0,0,0,0,0,0,0,0,1,0,1,0,1,0,0,0,0,0,0,0,0,0,0,0,0,0,0,0,0,0,0,0,1,1,0,0,0,0,0,0,1,1,0,0,3,0,0,2,2,0,1,0,1,0,0,0,0,1,0,0,0,0,0,0,0,0,0,0,0,0,0,0,0,0,0,0,0,7,2,0,0,0,0,0,2,0,0,0,0,0,0,0,1,0,0,0,0,0,0,0,0,0,1,0,0,0,0,0,0,0,0,0,0,0,0,3,0,0,0,1,0,3,0,0,0,1,0,0,0,0,0,0,8,1,0,2,0,0,0,0,0,0,0,0,0,1,0,1,0,0,0,4,0,0,0,0,0,0,0,0,0,0,0,0,0,0,0,0,0
trotsky_dem_i_rev.txt_chunk3,trotsky,2,2,0,0,3,0,6,1,0,1,0,25,0,0,2,1,0,0,1,1,0,4,6,0,0,1,0,1,1,0,1,3,0,2,0,1,0,3,1,0,0,1,0,0,2,0,3,2,2,3,1,0,1,0,2,7,47,0,2,2,0,0,3,7,2,8,0,1,0,3,0,2,0,1,0,0,0,0,0,0,0,0,0,0,1,1,0,0,1,16,1,0,20,1,0,0,0,0,4,6,0,0,0,1,6,0,2,0,0,0,0,0,0,0,2,10,19,0,0,10,0,0,0,0,3,0,0,0,3,0,0,1,8,1,3,0,1,0,3,0,0,1,0,3,1,4,0,0,0,0,0,0,0,0,0,6,0,0,0,0,0,11,6,3,6,1,0,0,0,0,1,0,0,1,0,2,0,1,1,15,5,0,0,1,8,1,1,1,1,0,0,1,0,0,1,0,0,0,0,0,1,0,2,2,0,0,0,1,0,0,0,1,0,2,0,1,0,0,1,1,0,0,1,0,1,1,0,0,0,0,0,2,0,0,0,1,2,0,0,1,2,0,0,0,3,0,0,0,0,0,1,0,0,3,1,0,1,2,0,0,3,0,0,2,2,0,0,1,0,0,1,0,0,4,0,0,0,1,0,0,0,0,0,0,1,1,2,0,0,0,0,0,0,1,0,0,0,0,0,0,0,1,0,3,0,1,3,0,0,0,0,0,0,0,0,2,0,1,3,0,0,0,0,1,0,0,0,0,0,0,0,1,5,0,0,0,0,0,0,3,0,3,1,0,1,0,0,0,0,0,0,0,0,0,0,0,0,0,0,1,0,0,1,0,0,0,0,0,0,0,0,0,1,0,0,2,4,0,4,0,1,0,0,0,0,0,0,0,0,0,0,0,0,0,2,1,0,1,0,0,0,1,1,1,1,0,0,0,7,0,0,0,0,0,0,0,0,0,0,0,0,1,0,0,1,0,0,0,0,0,0,0,1,1,0,0,0,0,0,0,0,3,1,0,1,0,1,0,0,1,0,0,1,0,0,0,0,0,1,0,0,0,2,5,1,0,0,0,0,0,1,0,0,0,0,0,0,0,0,0,0,0,0,0,0,0,0,0,0,0,0,0,0,0,0,0,0,0,0,0
trotsky_dem_i_rev.txt_chunk4,trotsky,4,0,0,0,3,1,8,0,4,3,3,28,0,0,2,0,1,0,0,1,0,1,8,0,0,0,1,0,1,0,0,1,0,0,1,0,1,1,0,0,0,2,2,4,1,0,2,1,3,3,0,2,2,1,0,0,40,0,6,4,2,0,0,6,0,7,2,1,0,5,2,0,3,0,1,0,0,2,0,0,0,0,0,0,1,6,0,0,0,15,0,0,20,0,0,0,0,0,0,1,0,1,1,0,6,1,2,1,0,0,1,0,1,0,1,3,7,0,0,12,0,0,0,0,2,1,0,0,0,0,2,0,11,0,0,1,0,2,1,0,0,1,0,1,2,0,0,1,0,0,0,1,0,0,0,5,1,1,0,2,0,8,0,1,4,6,1,0,1,0,0,0,0,0,0,1,0,0,0,22,2,1,2,2,5,2,0,1,0,0,0,0,0,0,0,0,1,0,0,0,2,0,0,0,1,2,0,0,3,0,0,0,0,0,1,2,1,0,0,0,0,0,2,0,0,0,1,1,0,0,0,1,0,0,0,1,0,0,3,1,0,0,2,0,1,0,0,0,0,0,1,1,0,0,0,0,1,3,0,0,1,1,0,1,0,0,0,0,0,0,0,1,0,2,0,0,0,0,0,0,1,0,1,0,2,0,1,0,0,0,1,0,2,1,0,1,0,0,0,0,0,0,0,1,1,0,0,0,1,1,0,1,0,3,0,1,0,0,1,2,0,1,1,0,0,0,0,0,1,2,1,0,1,0,1,0,0,0,0,0,0,0,0,0,0,0,0,0,1,0,0,0,0,0,0,0,0,0,0,1,0,1,0,0,0,0,0,1,0,0,0,0,0,1,0,0,10,0,19,3,0,1,1,3,0,0,0,0,0,0,1,0,1,1,2,0,1,1,0,2,0,0,0,0,1,0,0,1,0,0,0,0,0,0,0,0,0,1,0,0,0,0,0,0,1,0,0,0,0,1,0,0,0,1,0,0,1,1,0,0,0,0,0,1,3,0,0,1,2,4,0,0,1,0,2,0,0,0,1,0,1,0,0,3,1,1,0,1,0,2,0,0,2,0,0,0,0,0,0,0,0,0,1,2,0,0,0,0,0,0,0,0,0,0,0,0,0,0,0,0
trotsky_dem_i_rev.txt_chunk5,trotsky,4,0,0,0,0,2,1,1,1,2,0,20,0,1,2,3,0,0,0,2,0,0,0,0,1,2,1,0,1,0,0,2,0,0,1,1,0,6,1,1,1,1,0,9,2,0,3,2,5,3,0,1,7,0,0,1,41,0,1,1,0,0,6,10,0,3,0,6,0,0,0,0,3,0,1,0,0,0,0,1,0,0,0,1,2,0,0,0,0,21,0,0,24,1,0,0,0,0,2,6,0,0,3,0,4,2,3,1,0,0,0,0,0,0,5,0,12,1,0,10,0,0,0,1,1,2,0,0,1,0,1,0,9,0,0,0,0,0,1,2,0,2,1,2,3,1,5,0,0,0,0,0,0,0,0,6,0,0,1,2,0,0,4,0,1,1,0,0,0,0,4,0,1,0,0,0,0,0,1,17,7,0,1,1,4,2,1,0,0,1,1,2,0,1,0,0,4,1,0,0,0,0,0,1,0,3,0,3,0,0,0,0,0,1,2,1,0,0,0,4,0,0,1,0,0,0,0,0,0,1,2,0,0,0,0,0,0,0,0,0,2,0,0,0,2,1,0,0,0,1,2,1,0,0,0,0,1,0,0,0,3,1,0,0,0,0,0,1,4,0,0,0,0,2,0,1,0,0,1,0,0,0,3,0,0,0,0,0,0,0,4,1,1,1,0,0,0,0,0,0,0,2,0,3,0,0,0,0,0,0,0,0,4,0,0,0,0,0,0,0,0,0,0,1,0,0,0,0,0,0,0,0,0,0,0,0,0,0,0,0,1,2,0,0,0,0,0,0,0,0,1,0,0,0,0,1,1,0,0,0,0,0,0,0,3,0,0,0,0,0,0,0,0,0,0,1,6,0,2,0,0,1,0,0,0,1,2,0,0,0,3,0,0,0,0,0,0,0,0,0,2,0,0,0,0,0,0,0,1,0,0,1,0,3,0,0,0,0,0,0,0,0,0,0,0,1,0,0,0,0,0,0,0,1,1,6,0,0,0,0,0,0,0,0,1,1,2,0,0,0,0,0,2,0,0,0,0,0,0,0,0,0,0,0,2,1,0,1,0,0,1,0,0,0,0,0,0,0,0,0,0,0,2,1,0,0,0,0,0,0,0,0,0,0,0,0,0,0,0,0
trotsky_demokratia.txt_chunk1,trotsky,4,0,0,0,2,0,2,1,2,0,1,24,1,0,0,0,0,0,0,0,0,1,1,1,0,0,0,0,1,1,0,0,0,0,0,0,0,1,0,0,0,1,0,1,0,0,3,1,4,7,2,2,4,0,1,4,38,0,1,3,3,0,7,6,0,4,0,2,0,2,0,0,4,0,1,0,0,2,1,0,0,0,0,1,1,3,0,0,1,20,1,0,17,0,0,0,0,0,4,5,0,0,0,0,4,2,3,1,1,0,1,0,1,1,0,11,1,1,0,3,0,0,0,0,0,1,0,0,1,0,0,0,10,0,0,0,0,3,0,1,0,0,0,1,6,0,1,0,0,0,0,1,0,1,0,3,0,2,0,0,0,2,2,1,6,1,0,2,0,0,0,0,0,0,0,0,0,0,0,11,2,1,0,0,4,0,0,2,0,0,0,2,0,0,0,0,0,0,1,0,0,1,0,1,0,2,7,1,0,0,0,0,0,0,0,1,0,0,0,1,0,1,0,0,0,0,0,0,0,0,0,1,0,2,1,0,1,2,0,1,4,0,0,0,5,0,0,0,0,0,2,0,0,0,1,1,1,2,0,0,0,0,0,1,3,1,0,0,0,0,0,0,0,0,0,2,1,0,0,0,0,0,1,0,0,0,0,0,1,1,0,0,3,0,0,0,1,0,0,0,0,0,1,2,0,1,1,0,0,4,0,0,0,2,0,1,0,0,1,0,1,2,2,2,0,0,0,3,1,1,2,0,0,0,0,0,1,0,0,1,0,3,0,0,0,0,0,0,0,2,0,0,0,0,0,0,0,1,0,1,0,1,0,0,1,0,0,1,0,0,0,0,0,0,0,2,0,0,12,1,0,0,1,3,0,0,0,0,0,0,0,0,0,0,1,0,0,0,0,0,0,1,0,1,0,0,0,0,2,0,0,1,0,0,2,0,0,1,0,0,0,0,0,0,0,0,0,0,0,0,0,0,0,2,0,1,2,0,0,0,0,0,0,0,0,0,1,0,4,0,2,0,1,0,0,0,1,0,0,0,0,1,2,7,0,0,0,0,0,0,0,0,0,0,0,1,1,0,0,0,0,2,2,0,0,0,0,0,0,0,0,0,0,0,0,0,0,0,0,0
trotsky_intellig_dem.txt_chunk1,trotsky,5,0,1,2,0,0,2,2,2,3,3,35,0,0,0,0,2,0,0,1,0,0,4,0,2,2,0,0,1,1,0,0,0,0,1,0,0,3,0,1,1,0,0,4,4,0,5,0,3,3,1,0,1,1,0,0,46,0,3,2,3,0,7,9,0,6,0,0,0,2,0,0,0,0,2,0,0,2,0,0,0,0,0,1,1,2,0,1,1,14,0,0,10,1,0,0,1,0,1,1,0,0,1,1,4,0,5,4,1,0,1,0,1,0,1,1,1,0,0,3,0,0,0,2,4,0,0,1,4,0,0,1,10,0,0,0,0,1,2,1,0,0,0,2,1,1,0,0,1,0,0,0,0,0,0,2,1,1,0,1,0,3,1,1,1,1,0,0,0,0,0,0,0,1,0,0,0,1,0,11,5,1,0,1,3,2,3,1,0,0,0,1,0,0,0,0,2,1,2,0,0,0,0,1,0,0,0,0,0,0,0,0,1,0,2,1,0,0,0,0,0,0,1,0,0,0,0,0,0,0,0,0,0,5,0,1,1,0,2,5,1,1,0,0,1,0,0,0,0,0,0,0,0,1,0,2,0,0,0,0,0,0,0,0,0,0,0,1,1,1,0,0,0,0,0,0,4,2,0,1,0,0,0,0,0,2,0,0,0,1,0,0,0,0,0,1,0,0,0,0,0,0,0,2,0,0,4,0,1,0,0,0,0,0,0,0,0,1,0,0,0,0,0,0,0,0,0,0,3,1,0,0,0,1,0,0,2,0,0,1,0,0,0,0,1,0,0,0,0,0,0,0,1,1,1,0,1,0,0,0,0,1,1,0,0,0,0,0,0,0,0,0,0,0,1,1,0,0,1,0,0,0,0,0,6,0,1,0,0,0,1,0,0,1,0,3,0,0,0,0,0,1,3,0,0,0,0,3,0,0,0,1,0,1,0,1,0,3,0,0,0,0,0,3,0,0,1,0,0,0,0,0,1,0,0,0,0,0,2,0,0,0,0,0,0,0,0,0,0,0,0,0,0,0,1,0,0,0,0,0,0,1,0,3,0,0,0,0,0,0,0,0,0,0,0,0,0,0,0,0,0,1,5,1,0,0,0,0,0,0,0,0,0,0,0,0,0,0,0,0
trotsky_intellig_dem.txt_chunk10,trotsky,1,0,0,2,3,0,2,1,1,1,8,35,0,0,3,1,5,0,0,1,0,0,6,0,0,0,0,1,1,1,0,0,0,0,1,0,0,7,2,1,2,5,0,2,3,0,4,0,3,1,0,1,3,0,0,0,41,0,4,0,1,0,3,11,0,9,1,0,0,0,0,0,2,0,0,2,0,4,0,1,0,0,0,0,1,4,0,1,3,11,1,0,6,0,0,0,1,0,0,1,0,0,1,0,5,1,6,1,2,1,0,0,1,1,1,5,0,1,1,5,0,0,1,0,3,0,0,1,4,0,0,0,6,0,0,0,0,0,0,1,0,2,0,1,0,2,1,0,0,0,0,1,2,0,0,3,0,1,0,2,0,5,1,0,5,1,0,0,0,0,0,0,0,0,0,0,0,1,0,3,3,0,1,2,6,2,0,0,0,0,0,3,0,0,0,0,2,0,1,0,0,0,0,0,0,0,0,0,0,0,0,0,1,0,4,0,0,0,0,1,0,0,1,0,1,0,0,1,0,0,0,2,0,2,1,1,1,0,0,4,0,0,0,0,0,1,0,0,0,0,0,0,0,1,0,0,0,0,0,0,0,0,0,1,1,1,0,0,0,0,5,1,2,0,0,1,0,0,1,1,0,0,0,0,1,5,0,0,0,0,1,0,1,0,0,0,0,0,0,0,0,0,0,5,0,0,8,0,1,1,0,0,0,0,0,0,0,0,0,0,0,0,2,1,0,0,0,3,1,0,0,0,0,0,0,0,0,0,0,0,0,0,1,0,0,0,0,0,0,0,0,0,0,0,0,0,1,0,0,0,0,0,0,0,0,1,0,3,1,0,0,2,1,1,0,1,0,0,6,0,0,0,0,0,0,1,2,0,1,0,10,0,1,0,0,1,0,0,0,1,0,1,0,0,0,0,0,0,2,0,1,0,0,0,0,0,0,0,0,0,0,0,0,4,0,0,1,0,0,0,0,0,3,1,0,2,0,0,2,0,0,0,0,0,1,0,0,0,1,0,2,0,0,0,0,0,0,0,0,0,0,0,0,0,2,0,0,2,0,0,0,0,0,0,0,0,0,0,0,0,0,0,1,0,0,0,0,0,0,0,0,0,0,0,2,0,0,0,0,0
trotsky_intellig_dem.txt_chunk13,trotsky,8,2,0,3,3,0,7,2,1,7,3,27,0,0,1,2,1,3,1,1,0,4,11,1,0,0,0,0,1,0,0,0,0,0,2,0,0,6,0,0,0,1,1,3,2,2,3,0,2,4,0,0,9,0,0,2,39,0,3,5,0,1,1,13,0,6,0,1,1,2,1,0,5,0,0,4,0,3,0,1,0,2,0,0,0,3,2,0,0,6,0,1,19,0,0,0,0,0,1,4,0,0,1,2,7,1,3,0,0,0,0,1,0,2,1,1,5,0,0,3,1,0,2,0,8,0,0,0,2,0,0,0,9,0,0,0,0,1,0,4,0,0,1,0,0,1,2,1,1,0,0,0,0,0,0,4,1,0,0,1,0,4,1,0,5,1,0,0,0,2,1,0,0,0,0,0,0,2,0,12,1,0,1,2,10,2,1,0,3,1,0,0,1,2,0,1,0,0,0,0,0,0,0,0,0,0,0,0,0,1,0,0,1,0,0,0,1,1,0,0,0,0,0,0,0,0,0,0,0,0,2,2,0,2,0,0,0,0,2,1,10,0,0,0,2,1,0,0,0,0,0,1,0,0,0,0,0,1,0,0,0,0,0,1,5,0,0,3,0,0,0,0,0,1,0,0,2,2,0,0,0,0,2,0,1,0,0,1,0,0,5,0,0,0,0,0,0,0,0,0,0,1,1,0,1,0,0,0,2,1,0,1,1,0,0,0,0,0,3,0,0,0,0,0,3,0,0,1,3,3,2,0,2,0,2,0,2,1,0,0,0,3,0,0,1,0,0,0,0,0,1,0,0,0,0,0,0,0,2,0,0,2,0,0,0,1,3,0,0,0,1,2,0,0,0,1,1,1,8,2,2,0,0,1,0,0,0,0,0,0,1,0,0,0,2,1,1,1,0,0,0,1,0,1,0,1,1,1,0,0,0,0,0,2,0,0,0,0,4,0,0,0,0,0,0,0,2,0,0,0,1,0,0,1,0,1,0,0,0,0,1,1,0,0,0,2,0,0,2,0,2,1,0,0,0,0,0,0,1,2,1,0,0,0,0,0,0,0,0,1,0,0,0,0,0,0,0,0,0,0,0,0,1,1,0,0,0,0,0,0,0,0,0,0,0,0,1,0,0,0
trotsky_intellig_dem.txt_chunk14,trotsky,4,0,0,0,1,0,1,1,1,2,3,22,0,0,2,1,0,0,0,2,0,0,3,0,1,1,0,0,0,0,0,0,0,0,0,0,0,3,0,0,2,1,1,3,4,0,0,0,2,5,0,0,5,1,0,0,52,0,6,0,0,2,3,6,0,16,0,1,1,1,0,0,2,0,0,2,0,1,0,1,0,0,0,0,0,1,1,0,0,9,0,0,12,0,0,0,0,1,0,2,0,1,0,0,7,0,2,3,0,0,1,1,0,1,2,1,0,0,0,7,0,0,0,1,2,1,0,0,2,0,0,0,4,0,2,0,1,0,0,0,0,0,0,0,1,0,0,0,0,0,0,0,1,0,0,2,0,0,0,2,0,4,1,1,2,0,0,0,0,0,0,0,0,0,0,0,0,0,1,7,1,1,0,0,4,6,0,1,0,0,2,4,0,0,0,0,2,0,1,0,0,0,0,0,0,0,2,0,0,0,0,0,0,0,1,0,0,1,0,0,0,1,0,0,0,0,0,0,0,0,0,2,0,3,0,0,0,0,1,3,4,2,0,0,3,1,0,1,0,0,0,1,0,0,0,0,0,1,1,1,0,0,1,0,2,0,0,1,0,0,2,1,0,0,0,0,7,2,0,0,0,2,1,0,1,1,0,1,0,0,1,1,0,0,0,0,0,0,0,0,0,0,1,0,0,0,1,0,0,0,0,0,1,0,0,0,0,0,0,0,0,0,2,1,4,0,0,1,5,0,0,0,0,0,1,0,0,0,0,3,0,1,0,0,2,0,0,0,0,0,0,0,0,0,0,1,0,0,0,0,0,0,0,1,0,0,1,0,0,0,0,0,0,0,0,1,0,0,7,0,2,0,0,0,0,0,0,0,0,0,3,0,0,0,0,0,0,0,0,1,0,0,2,1,2,0,0,1,0,0,0,0,0,0,0,0,0,0,0,0,0,1,0,1,0,0,0,0,0,1,0,0,1,0,0,1,1,0,0,1,0,0,1,0,1,0,0,0,1,1,0,0,0,0,0,0,0,0,0,0,1,1,0,0,0,0,0,0,0,0,1,0,0,0,0,0,0,0,0,0,0,2,1,0,0,0,0,0,1,0,0,0,0,0,0,0,1,0,0,0
trotsky_intellig_dem.txt_chunk15,trotsky,1,0,0,0,1,1,4,3,3,7,1,34,0,2,3,2,1,0,0,0,0,1,3,0,1,1,1,0,2,0,0,0,0,0,1,0,0,0,0,1,1,0,0,2,3,1,0,0,2,7,0,0,2,1,0,0,37,1,1,2,0,1,0,14,0,13,0,6,2,0,1,0,3,0,0,0,0,0,0,1,0,1,0,0,2,0,0,0,0,10,2,0,12,1,0,0,0,0,2,1,1,1,0,0,7,0,3,0,2,0,0,0,0,0,3,2,2,5,0,7,1,0,1,1,4,1,0,2,3,0,0,0,7,0,0,0,0,0,0,1,0,1,0,0,1,0,1,0,0,0,0,1,2,0,0,5,0,2,0,1,0,6,1,0,2,1,0,0,0,0,2,1,0,0,0,1,0,2,0,12,1,3,0,0,2,3,3,0,0,0,0,2,0,0,0,1,0,1,0,0,1,1,0,1,1,0,0,0,0,0,0,0,0,0,1,2,0,0,0,0,0,0,0,0,0,0,0,0,0,0,1,0,0,3,0,1,0,0,0,1,0,2,0,1,1,0,0,0,1,0,0,0,0,2,0,1,0,0,1,0,0,0,0,2,0,0,0,0,1,0,2,0,1,0,0,1,0,3,0,0,0,3,0,0,1,0,0,0,0,0,0,0,0,0,0,0,0,0,0,1,0,0,1,1,0,0,0,0,0,1,0,2,2,0,1,0,0,1,0,0,0,1,0,1,2,2,0,0,2,2,0,0,2,0,0,0,3,0,1,2,0,0,0,0,2,1,1,1,1,0,0,0,1,1,1,0,1,0,0,0,0,6,0,0,0,1,0,0,0,0,0,1,0,1,0,3,0,0,4,1,3,1,0,0,0,0,0,0,0,0,1,3,0,0,0,0,1,0,0,0,0,1,0,0,0,0,0,1,1,0,0,0,0,4,3,0,0,1,0,0,0,0,0,1,1,0,11,0,0,1,0,0,1,2,0,0,2,0,0,0,0,1,0,2,0,0,1,0,2,0,0,1,0,0,0,0,0,0,0,6,3,0,0,0,0,0,0,1,0,0,0,0,0,0,0,1,0,0,0,0,0,0,6,2,1,0,0,0,1,0,0,0,0,1,0,0,5,0,0,0
trotsky_intellig_dem.txt_chunk16,trotsky,1,0,0,0,0,0,3,1,2,3,2,32,0,0,1,4,0,0,0,0,0,0,3,0,1,1,0,1,0,2,0,0,0,0,1,0,0,4,1,2,0,2,1,2,3,0,5,0,0,3,0,0,5,0,0,1,37,0,5,4,0,0,4,8,1,3,0,2,0,0,0,1,2,1,2,1,0,2,0,0,0,0,0,0,1,0,0,0,0,18,0,0,18,0,1,0,0,0,3,1,1,0,0,3,7,1,5,0,1,0,0,0,0,2,0,4,4,7,3,6,0,0,1,1,2,4,0,0,3,0,0,0,9,1,1,0,0,0,1,2,0,0,0,0,0,2,0,1,1,1,0,0,1,0,0,2,0,0,0,1,0,7,1,0,5,2,0,0,0,0,1,0,1,0,0,0,1,2,0,20,1,0,2,2,12,1,0,2,0,0,0,0,0,0,0,0,1,1,0,0,1,1,1,2,0,1,0,1,0,0,0,0,0,0,2,0,1,0,0,0,0,0,1,0,0,1,1,0,0,1,0,2,0,2,0,0,0,1,0,1,0,0,1,0,1,1,0,0,0,0,1,0,0,0,0,3,1,0,0,1,1,1,0,0,1,0,0,0,0,0,0,0,1,0,0,2,2,0,0,0,0,0,0,0,1,1,1,0,0,0,1,0,0,0,1,0,0,0,0,0,0,0,0,0,1,1,0,1,0,1,0,0,0,0,0,1,0,0,1,0,2,0,0,0,4,0,0,1,3,1,1,0,0,0,0,1,2,0,1,0,2,0,0,0,0,0,0,0,0,1,2,0,0,0,0,0,0,1,0,0,0,1,0,0,0,0,0,0,0,0,1,0,2,2,0,5,1,0,9,3,0,0,1,0,0,0,0,0,3,1,0,0,0,0,0,1,2,0,1,1,0,0,0,0,0,0,0,1,0,0,0,0,0,0,0,0,0,0,0,0,0,0,1,1,0,0,8,0,0,0,1,0,1,4,0,0,0,0,0,0,0,1,0,0,0,0,2,2,1,4,0,1,0,0,1,0,0,0,0,8,3,0,0,0,0,0,0,0,0,0,0,0,0,0,0,0,0,0,0,0,0,0,1,0,2,0,0,0,0,0,0,0,0,0,0,0,0,0,0,0
trotsky_intellig_dem.txt_chunk3,trotsky,4,0,0,1,0,0,7,2,2,3,1,32,0,0,1,1,0,0,1,2,0,1,3,1,1,2,0,0,2,0,0,0,0,0,0,0,0,1,0,0,0,0,0,0,8,1,2,1,3,4,0,0,4,0,1,2,33,1,6,2,1,0,4,7,0,11,0,2,0,2,0,0,2,0,1,2,1,0,0,1,0,0,0,0,0,2,1,2,0,7,0,0,22,1,0,0,0,0,0,2,0,0,2,2,5,0,2,1,1,0,0,1,0,0,2,6,4,0,0,1,0,0,2,0,1,0,2,0,0,0,0,2,6,1,0,0,0,0,1,1,0,2,1,1,1,1,2,0,0,0,0,0,0,0,0,5,0,0,0,2,0,4,1,1,1,1,0,0,0,0,1,0,1,0,0,0,0,2,1,14,3,2,3,0,2,1,1,1,0,0,0,0,0,0,1,0,0,2,1,1,1,0,0,0,0,3,0,1,1,0,0,0,0,0,2,3,0,0,0,2,0,0,0,0,0,0,0,1,0,0,0,2,0,4,0,1,0,0,0,0,2,0,0,1,1,0,0,0,0,0,0,0,2,0,0,0,0,1,1,0,0,0,0,0,0,0,2,1,0,0,1,2,2,0,0,0,0,0,0,0,2,0,0,0,0,0,0,0,1,0,2,1,0,0,0,0,1,0,0,1,0,1,0,0,2,0,1,0,0,0,0,0,0,0,1,0,0,1,1,0,0,0,3,0,0,0,0,0,0,0,2,0,2,0,0,0,1,0,0,1,0,0,0,3,0,0,0,0,0,0,0,0,0,0,0,0,0,0,0,0,0,1,0,0,0,0,0,1,2,0,0,0,0,0,0,0,0,0,3,0,0,0,0,1,7,0,0,0,0,0,0,2,0,0,0,4,0,0,0,0,0,0,1,1,1,0,0,1,0,3,0,1,1,0,0,0,1,0,0,0,0,0,2,2,1,1,0,0,0,0,0,0,0,0,0,0,1,0,1,0,0,0,0,1,0,0,0,0,0,0,0,1,1,0,0,0,1,0,0,0,0,0,1,1,1,0,0,0,0,0,3,0,0,0,0,0,0,0,0,0,0,0,3,0,2,0,0,0,0,0,0,0,0,0,0,0,0,0,0,0
trotsky_intellig_dem.txt_chunk6,trotsky,2,0,0,0,0,2,0,0,0,1,3,24,0,0,0,0,0,0,0,1,0,1,7,0,3,0,0,0,1,1,0,0,0,2,0,0,0,3,0,0,0,0,0,1,2,1,2,1,3,5,1,1,0,1,0,0,40,3,3,0,0,1,2,9,1,11,0,2,0,3,1,0,3,0,0,0,1,2,0,2,0,1,0,1,1,1,0,0,0,13,1,1,18,2,1,0,2,0,1,2,0,0,0,2,5,1,1,0,0,0,0,1,0,1,1,1,3,0,0,4,0,0,0,1,5,3,0,2,0,0,1,0,10,0,0,0,1,0,1,4,0,0,0,0,0,0,0,0,0,0,0,0,1,0,1,3,0,0,0,2,0,8,3,0,3,0,1,0,1,1,5,0,0,0,0,0,0,1,2,12,4,1,2,0,3,0,1,1,0,0,0,2,0,0,0,0,1,0,0,0,0,0,3,1,0,3,0,1,0,0,0,0,0,0,2,2,0,0,0,8,0,0,0,0,0,1,0,1,0,0,1,0,0,4,0,0,0,0,2,1,1,0,0,0,1,0,0,0,0,0,1,1,0,0,0,0,0,3,0,2,0,0,0,4,0,0,1,0,0,0,0,0,1,0,0,1,0,1,0,1,0,0,0,0,1,2,0,1,0,0,1,1,1,0,0,0,1,0,0,1,0,0,0,5,0,0,4,2,0,1,0,0,0,0,0,2,0,1,0,0,0,0,0,2,0,0,0,1,0,1,2,1,0,0,0,0,0,1,1,1,0,0,2,0,0,0,1,1,0,0,0,0,0,0,1,0,0,1,0,0,0,0,0,1,0,1,0,1,1,0,0,1,1,0,0,2,0,2,8,0,1,0,0,1,7,0,0,0,0,0,1,0,0,0,0,2,0,0,0,0,0,1,0,1,0,0,0,0,1,1,0,0,0,0,0,0,0,1,0,0,0,0,0,0,3,0,0,0,0,0,0,0,0,0,0,0,0,0,0,1,0,0,0,1,1,0,1,0,0,0,0,0,0,0,0,0,0,0,0,0,0,0,0,0,0,0,0,1,0,0,3,0,0,0,0,1,0,0,0,0,0,0,5,0,3,0,0,0,0,0,0,0,0,0,1,0,10,0,0,0
trotsky_intellig_dem.txt_chunk8,trotsky,5,0,0,0,5,3,6,1,3,1,4,22,0,0,1,1,0,0,1,1,1,3,8,0,2,0,0,0,0,0,1,0,0,0,0,0,1,0,0,1,2,1,1,0,1,0,2,0,7,4,0,1,4,1,0,0,44,0,6,2,2,0,3,9,0,3,1,3,0,0,0,0,4,0,0,1,0,1,0,0,0,0,0,0,0,1,0,1,0,10,1,0,6,0,0,0,0,0,0,0,2,0,0,0,6,0,5,0,0,0,0,0,0,1,1,1,6,0,0,6,0,0,0,1,6,1,0,0,1,0,1,0,4,0,0,0,0,0,0,2,2,0,0,1,0,1,1,0,0,1,0,0,0,0,0,4,2,0,0,1,0,3,5,1,0,1,0,1,1,0,2,2,0,0,0,0,0,1,1,10,8,0,1,1,4,1,0,1,0,1,0,1,0,0,1,0,0,1,0,0,0,0,0,0,0,3,0,0,1,0,1,0,3,0,0,1,0,2,0,3,0,1,0,0,0,0,0,0,0,1,0,0,1,2,0,1,1,0,5,4,3,0,1,0,0,0,0,0,0,0,1,1,0,0,1,0,0,0,0,0,0,0,0,0,1,0,0,0,1,0,1,0,1,0,0,0,1,0,0,0,0,0,0,0,1,0,0,0,0,0,1,0,2,1,0,0,0,1,0,0,0,0,0,0,1,0,1,1,0,0,0,0,0,0,0,2,0,0,0,0,0,0,1,0,0,0,0,0,0,0,0,1,2,0,0,0,1,0,1,0,1,1,0,0,1,1,0,0,0,0,0,0,2,0,0,0,0,1,0,0,0,0,0,0,1,0,0,0,0,0,0,1,0,0,0,1,0,0,7,0,0,0,0,0,5,0,0,0,1,0,2,0,0,0,1,1,0,0,0,0,0,0,0,1,0,0,0,3,1,0,0,0,0,0,0,0,0,0,0,0,0,0,0,1,0,0,0,0,0,0,0,0,0,3,1,1,0,0,0,0,0,0,0,0,0,0,0,0,1,0,0,0,1,0,0,0,0,0,0,0,0,0,0,0,1,0,0,0,0,0,0,0,0,0,0,0,0,0,0,0,0,0,0,2,0,0,0,0,0,0,0,0,0,0,0,0,3,0,0,0
trotsky_kapital_v_opozicii.txt_chunk4,trotsky,4,0,0,0,2,0,3,0,0,2,2,27,0,0,3,1,1,1,1,1,0,0,2,0,0,0,0,0,0,5,0,2,0,0,0,0,0,8,1,0,0,0,2,3,1,0,2,1,2,2,1,2,1,0,0,0,38,1,2,0,0,0,2,8,0,5,1,0,0,1,1,0,0,0,3,0,0,0,0,3,0,2,0,0,1,3,0,0,0,12,0,1,16,0,1,0,2,0,1,3,0,0,1,0,7,0,4,2,0,0,0,0,0,0,1,0,2,0,0,0,0,3,0,0,7,0,2,1,2,0,0,0,7,0,0,0,0,0,0,2,0,0,1,3,0,2,0,0,0,0,0,0,1,0,0,2,0,0,0,0,0,2,0,0,5,2,0,0,0,0,3,0,0,0,0,0,0,1,2,6,1,0,1,2,1,4,0,0,0,0,0,5,0,0,0,0,1,0,0,0,1,0,0,0,0,0,1,0,0,0,0,0,6,0,1,1,0,1,0,1,0,0,0,0,0,0,0,0,1,0,0,1,0,2,2,2,3,1,3,4,1,0,3,2,0,0,0,0,0,0,0,0,0,0,1,0,1,1,0,0,0,0,0,3,1,0,0,6,1,4,0,0,1,0,0,0,1,1,0,0,0,1,0,0,1,0,0,1,0,1,4,0,0,0,0,0,0,0,0,0,0,0,1,0,0,0,5,1,0,0,0,0,6,0,0,0,0,0,1,0,0,0,0,0,0,0,0,1,0,1,0,0,1,0,1,0,0,0,1,1,1,0,0,0,0,0,0,0,0,2,0,0,0,0,1,1,0,0,0,0,0,2,0,0,0,0,0,1,1,3,0,2,0,0,0,2,0,0,3,1,0,2,0,0,1,0,0,0,0,0,1,2,0,0,0,0,1,0,0,0,1,0,0,0,1,0,0,1,0,0,1,0,1,1,0,0,0,1,1,8,1,0,0,1,0,0,1,0,0,0,0,0,0,1,0,1,1,0,0,0,1,0,1,1,2,0,0,0,1,1,0,0,0,0,0,0,0,0,0,0,0,0,0,0,0,0,0,1,2,1,0,0,2,0,0,0,0,0,0,0,0,0,0,0,0,1,0,0,0,0,0,0,0,0,1,0,0,0,0,0
trotsky_kapital_v_opozicii.txt_chunk5,trotsky,4,0,0,0,0,0,9,1,0,3,3,22,0,0,2,0,0,1,0,0,2,0,4,0,1,2,0,0,1,2,0,0,0,0,0,0,0,8,1,2,2,1,0,3,1,1,1,2,0,6,1,0,6,0,0,0,48,0,3,1,1,0,4,6,0,6,0,0,0,0,0,0,1,1,4,1,1,0,0,1,0,0,0,1,0,0,1,0,0,9,3,0,19,0,0,0,0,0,0,3,0,0,0,0,9,0,5,0,1,0,0,0,2,1,4,2,0,0,0,5,1,0,1,0,6,3,0,0,4,1,0,1,9,0,0,0,0,0,0,1,0,0,0,2,1,0,1,1,0,0,0,2,1,0,0,4,2,0,1,1,0,2,0,1,3,1,1,1,0,1,0,0,1,0,1,0,0,2,0,13,0,4,0,1,4,0,1,1,0,0,0,1,0,0,0,0,4,0,0,0,0,0,0,1,2,0,0,0,0,1,0,1,0,0,0,1,0,0,0,1,0,0,0,1,0,2,1,0,0,0,1,3,0,2,2,0,1,0,3,1,0,0,0,1,0,0,0,0,0,0,2,0,0,0,0,0,0,0,0,0,0,0,0,1,1,0,0,7,1,1,1,0,0,0,0,0,0,2,0,0,0,0,0,0,0,0,2,0,0,0,1,0,0,0,0,0,0,0,0,0,0,0,0,0,1,0,1,1,0,0,2,3,7,0,0,3,0,2,3,0,0,0,1,1,0,0,0,0,0,0,0,0,2,0,3,0,1,1,0,4,0,0,0,0,0,0,0,0,0,0,0,0,1,1,1,0,1,0,0,0,1,1,0,2,0,1,1,2,0,0,0,0,1,1,1,0,0,0,4,0,2,1,0,1,0,1,1,0,2,0,0,0,0,0,1,0,0,0,2,0,0,1,0,0,0,0,0,1,0,3,0,0,0,1,0,0,0,0,0,0,1,0,0,0,0,1,0,0,0,0,1,0,1,1,1,0,0,0,4,0,2,0,0,0,0,0,1,0,1,0,0,0,1,0,0,0,0,0,0,0,1,0,0,0,0,0,0,0,0,0,0,0,2,1,0,0,0,0,1,0,0,0,0,2,0,1,0,0,0,0,0,0,0,0,0,1,0,0,0,0
trotsky_opekaemoe_studenchestvo_I.txt_chunk1,trotsky,8.008008008008009,0,0,0,0,0,3.003003003003003,0,0,2.002002002002002,0,32.032032032032035,0,0,1.001001001001001,2.002002002002002,0,0,0,0,1.001001001001001,1.001001001001001,2.002002002002002,2.002002002002002,0,0,1.001001001001001,0,0,1.001001001001001,1.001001001001001,1.001001001001001,1.001001001001001,0,0,0,0,4.004004004004004,0,0,2.002002002002002,0,1.001001001001001,4.004004004004004,0,0,2.002002002002002,0,1.001001001001001,3.003003003003003,0,0,0,0,0,1.001001001001001,33.03303303303303,0,4.004004004004004,5.005005005005005,1.001001001001001,0,0,5.005005005005005,0,14.014014014014014,0,1.001001001001001,2.002002002002002,1.001001001001001,1.001001001001001,1.001001001001001,1.001001001001001,0,1.001001001001001,0,0,3.003003003003003,0,3.003003003003003,0,0,0,0,1.001001001001001,5.005005005005005,1.001001001001001,1.001001001001001,1.001001001001001,11.01101101101101,0,0,22.02202202202202,1.001001001001001,1.001001001001001,0,0,1.001001001001001,0,2.002002002002002,1.001001001001001,0,0,0,6.006006006006006,0,3.003003003003003,1.001001001001001,0,0,0,0,1.001001001001001,0,3.003003003003003,0,1.001001001001001,1.001001001001001,0,8.008008008008009,0,1.001001001001001,0,3.003003003003003,1.001001001001001,2.002002002002002,1.001001001001001,1.001001001001001,0,0,1.001001001001001,1.001001001001001,15.015015015015015,0,0,0,0,1.001001001001001,0,0,1.001001001001001,1.001001001001001,2.002002002002002,1.001001001001001,1.001001001001001,2.002002002002002,2.002002002002002,0,2.002002002002002,0,1.001001001001001,0,0,0,1.001001001001001,5.005005005005005,0,0,1.001001001001001,0,2.002002002002002,2.002002002002002,2.002002002002002,2.002002002002002,4.004004004004004,1.001001001001001,0,1.001001001001001,0,0,0,2.002002002002002,0,0,0,1.001001001001001,0,0,1.001001001001001,9.00900900900901,4.004004004004004,1.001001001001001,0,0,3.003003003003003,3.003003003003003,0,1.001001001001001,1.001001001001001,2.002002002002002,0,0,0,1.001001001001001,0,0,2.002002002002002,1.001001001001001,0,1.001001001001001,0,0,0,0,1.001001001001001,2.002002002002002,0,0,0,0,0,0,0,0,0,5.005005005005005,0,2.002002002002002,0,0,0,0,0,1.001001001001001,0,1.001001001001001,0,0,0,0,0,1.001001001001001,0,2.002002002002002,0,0,1.001001001001001,0,2.002002002002002,0,5.005005005005005,1.001001001001001,0,0,3.003003003003003,1.001001001001001,0,0,0,0,0,0,0,1.001001001001001,0,0,0,0,0,1.001001001001001,4.004004004004004,0,0,1.001001001001001,2.002002002002002,0,0,0,0,2.002002002002002,0,0,0,0,0,0,6.006006006006006,2.002002002002002,0,0,1.001001001001001,2.002002002002002,1.001001001001001,2.002002002002002,3.003003003003003,0,0,0,0,0,1.001001001001001,0,1.001001001001001,0,0,0,0,0,0,0,0,1.001001001001001,0,0,1.001001001001001,0,0,0,0,1.001001001001001,0,0,0,3.003003003003003,0,0,1.001001001001001,0,0,0,0,1.001001001001001,0,0,0,0,0,0,3.003003003003003,0,1.001001001001001,1.001001001001001,1.001001001001001,0,0,1.001001001001001,0,1.001001001001001,0,0,0,1.001001001001001,0,0,0,1.001001001001001,1.001001001001001,0,0,0,1.001001001001001,0,0,0,0,0,0,0,0,0,0,1.001001001001001,0,0,3.003003003003003,0,0,0,0,0,0,0,1.001001001001001,1.001001001001001,0,3.003003003003003,0,0,6.006006006006006,0,2.002002002002002,1.001001001001001,0,0,0,0,0,0,1.001001001001001,0,0,0,0,0,0,0,0,1.001001001001001,0,0,1.001001001001001,0,1.001001001001001,1.001001001001001,0,0,0,0,0,0,0,0,0,2.002002002002002,0,1.001001001001001,0,1.001001001001001,0,0,0,0,0,0,0,0,0,0,0,0,0,2.002002002002002,1.001001001001001,2.002002002002002,1.001001001001001,0,0,0,0,0,0,0,0,0,0,1.001001001001001,0,1.001001001001001,1.001001001001001,0,0,2.002002002002002,0,2.002002002002002,2.002002002002002,0,0,1.001001001001001,2.002002002002002,1.001001001001001,1.001001001001001,0,2.002002002002002,1.001001001001001,0,0,0,0,0,0,0,0,1.001001001001001,0,0,0,3.003003003003003,0,0,0,0,0,0,1.001001001001001,0,0,0,0,0,0,0,0,0,0,0,0,2.002002002002002,0,0,0
trotsky_perm_rev.txt_chunk1,trotsky,2,1,0,0,2,3,1,4,2,7,2,35,0,0,2,5,3,1,0,0,0,3,4,0,2,0,0,0,0,0,0,0,0,0,3,0,0,6,0,1,1,0,0,2,2,0,2,0,3,5,0,0,4,1,0,0,35,1,7,1,0,0,1,6,0,8,0,1,0,3,0,0,0,0,0,0,0,1,1,3,1,2,2,0,0,3,0,0,0,8,1,1,16,1,0,0,0,0,0,5,0,0,2,0,6,0,9,0,0,0,3,0,0,0,2,0,4,0,0,2,2,0,0,0,8,1,0,0,0,0,0,4,15,0,1,0,0,1,0,1,0,0,0,2,1,0,3,1,0,0,0,0,1,0,0,3,0,0,0,3,1,5,2,0,5,3,0,0,0,0,2,0,0,0,0,0,0,0,1,11,0,0,0,1,1,3,4,0,0,1,1,2,1,0,0,0,3,0,0,0,2,0,1,0,0,1,0,0,0,0,0,0,1,1,3,0,0,0,0,0,0,0,0,0,0,1,1,0,0,0,1,0,0,1,0,1,0,0,1,0,1,0,0,0,1,0,0,0,0,1,0,0,0,0,0,2,0,1,0,0,5,1,0,2,4,1,0,0,0,0,0,0,2,4,0,1,0,4,0,0,0,0,4,1,4,0,0,1,0,1,1,0,8,0,2,1,1,1,5,0,1,0,1,0,0,0,0,2,0,0,0,0,1,4,0,0,1,0,1,0,0,0,0,1,1,0,0,0,0,1,1,0,1,0,0,0,4,0,0,0,0,0,1,0,0,0,0,0,0,0,0,0,0,0,0,0,1,0,0,0,1,0,0,0,0,0,0,0,0,0,0,1,1,1,0,2,0,1,4,1,4,0,0,0,0,0,0,0,0,1,0,3,0,0,0,0,1,0,2,0,1,1,0,4,0,0,1,1,0,0,0,0,1,10,0,0,1,1,0,0,3,2,0,0,0,1,0,1,0,0,0,0,1,0,0,0,0,0,0,0,0,0,0,0,0,5,0,1,1,0,0,1,17,0,0,2,4,0,0,0,1,0,0,1,0,0,1,0,0,0,0,0,0,1,0,0,0,0,0,0,0,0,0,0,0,1,0,2,0,3,0,0,4,7,0,0,0,0,0,5
trotsky_perm_rev.txt_chunk11,trotsky,5,0,0,0,0,0,2,0,1,4,0,36,0,0,1,3,0,0,0,2,0,2,7,0,0,0,0,0,0,0,2,0,1,0,0,0,0,1,1,0,1,0,0,2,2,1,1,2,5,6,0,0,2,1,0,0,35,0,7,3,0,2,4,3,0,12,0,1,1,0,0,0,0,0,0,0,0,0,0,1,4,1,5,1,0,1,0,0,0,11,1,0,23,2,0,0,0,0,1,1,0,0,0,1,6,3,9,2,0,0,1,0,1,1,5,1,0,0,0,6,1,0,2,0,6,5,0,1,1,1,2,3,16,0,0,1,0,1,0,2,0,0,1,1,1,0,2,0,0,0,0,0,1,0,0,3,0,0,3,0,1,6,2,1,1,2,0,2,0,0,7,2,0,0,0,0,0,2,1,16,1,2,1,2,9,3,2,4,1,0,12,0,0,1,0,0,3,0,0,0,0,0,0,1,0,4,0,0,1,1,0,0,0,0,0,0,0,1,1,0,0,0,1,0,0,0,0,0,0,1,1,1,0,2,0,0,3,0,1,0,1,0,0,0,0,2,0,0,0,0,1,0,0,0,0,0,0,0,0,0,2,0,2,2,1,0,0,0,0,1,0,0,0,0,0,2,0,4,1,0,0,0,0,0,0,1,0,0,1,0,5,1,3,0,0,0,0,0,1,0,0,0,1,0,0,0,0,0,0,0,0,0,0,0,0,1,1,0,1,0,0,0,0,2,0,0,2,0,0,0,0,0,0,0,0,0,2,0,1,0,0,0,0,0,0,0,2,0,0,0,1,0,1,1,0,1,0,0,1,0,1,0,0,1,0,0,0,0,0,0,1,0,0,1,0,0,0,1,2,1,3,1,0,1,0,0,0,0,0,1,0,2,1,0,1,0,0,2,0,0,0,0,0,1,0,0,0,0,0,0,0,0,0,2,1,1,0,1,0,0,1,0,0,0,0,0,0,0,0,0,0,0,0,0,0,0,0,0,0,0,0,2,0,0,0,3,0,0,0,0,0,0,11,0,0,0,7,0,0,0,0,0,0,0,0,0,0,0,0,0,0,0,0,0,0,2,0,0,0,0,0,0,0,1,0,0,0,4,0,6,0,0,8,3,0,0,0,0,11,5
trotsky_perm_rev.txt_chunk13,trotsky,7,0,0,0,3,2,6,0,0,3,6,30,0,1,4,2,0,0,0,1,0,2,5,0,2,1,0,0,1,1,0,0,0,0,1,0,0,2,7,0,0,1,1,2,2,0,2,2,3,3,0,1,2,0,1,0,29,0,3,0,1,0,4,7,0,11,1,0,0,2,0,0,1,1,0,0,0,1,0,0,0,0,0,0,0,4,1,1,0,9,0,0,21,1,0,0,1,1,2,3,0,0,1,1,8,0,8,1,1,0,0,1,0,0,2,0,1,0,1,6,1,0,1,1,7,1,0,0,2,0,0,0,10,1,0,1,0,1,1,1,0,0,0,0,2,2,0,0,0,0,0,0,2,5,0,4,0,2,0,1,0,1,2,1,3,2,0,0,0,1,7,0,1,0,0,0,0,1,3,8,1,1,2,0,5,3,1,0,1,0,4,4,0,0,1,0,2,0,0,0,1,0,0,0,0,3,0,0,1,0,1,0,1,0,0,0,1,0,0,0,0,0,0,0,1,0,1,0,0,1,1,1,0,1,0,1,0,0,0,2,3,0,1,0,1,0,0,0,1,1,1,0,0,0,0,0,0,0,0,0,1,0,1,1,1,1,0,2,1,2,0,0,0,0,0,0,0,4,1,0,0,0,0,0,0,4,0,0,1,0,1,0,2,0,0,0,0,1,5,0,0,1,2,0,0,1,0,0,0,0,0,0,0,2,0,1,0,0,2,0,0,1,0,0,0,0,1,0,0,1,1,1,1,0,0,0,1,1,0,3,0,1,0,0,2,0,1,1,0,1,0,0,0,1,1,2,0,0,1,0,1,1,0,0,0,0,0,0,0,0,0,0,0,2,0,1,0,0,0,1,2,1,0,2,0,0,0,1,0,0,0,1,0,0,0,1,0,0,0,0,0,0,0,1,0,0,0,1,0,0,0,3,0,6,2,0,0,1,0,0,1,4,0,0,2,0,0,0,0,1,0,0,1,1,0,0,0,0,0,1,0,0,0,1,0,3,4,0,0,1,0,1,9,0,0,5,9,2,0,0,1,0,1,0,0,0,0,0,3,0,0,0,1,1,0,0,0,0,0,0,0,0,0,14,0,0,0,2,0,0,0,0,2,0,0,0,0,0,0,1
trotsky_perm_rev.txt_chunk14,trotsky,5,0,0,0,3,0,3,0,1,0,0,42,0,0,2,7,2,1,1,1,0,0,4,0,0,0,0,0,1,1,1,0,1,0,1,0,0,1,0,0,0,0,0,1,2,0,3,0,1,1,0,0,0,1,0,0,41,0,1,3,1,0,2,12,0,5,4,4,0,2,0,0,1,0,0,0,1,1,0,4,0,0,0,0,0,2,1,0,1,8,0,2,24,0,0,0,0,0,1,0,0,0,1,0,5,0,13,1,0,0,0,0,0,0,8,1,0,0,1,11,1,0,1,0,3,1,2,0,1,0,0,1,4,0,0,0,0,0,0,0,1,2,1,0,0,0,1,0,1,0,0,0,1,0,0,2,0,1,0,3,0,1,3,0,4,3,1,1,1,0,3,1,1,0,0,0,0,1,2,8,3,1,2,0,5,1,2,1,3,1,0,0,0,0,0,0,3,1,1,1,1,0,2,0,0,5,0,1,1,0,0,0,0,0,0,1,0,1,1,0,0,0,0,0,1,0,1,0,1,0,0,0,0,3,0,1,0,1,0,1,4,0,0,0,4,0,0,0,0,1,0,0,0,0,1,0,0,0,0,0,1,2,0,1,0,0,0,3,1,0,0,0,0,2,0,1,0,5,0,1,1,0,0,0,1,1,0,2,1,0,1,3,7,0,2,1,0,6,5,0,0,1,0,0,1,0,1,0,0,1,1,0,6,0,0,2,0,0,2,0,0,0,0,0,3,0,1,0,0,1,0,1,3,1,0,0,0,1,0,1,0,1,1,1,0,1,0,0,0,1,0,0,1,1,0,0,3,0,0,0,1,0,0,2,1,0,0,0,0,0,0,1,0,1,0,0,0,1,0,4,5,0,0,0,0,0,1,0,0,0,0,2,0,0,0,0,0,0,0,0,0,0,0,3,0,0,1,1,0,0,0,0,0,7,0,0,0,4,0,0,3,0,0,0,1,0,0,0,0,0,0,2,1,3,1,0,0,0,0,2,0,0,0,2,1,0,0,2,2,0,1,0,8,0,2,1,0,0,0,3,2,1,0,0,0,0,0,0,1,0,0,0,0,1,0,0,0,0,0,0,0,0,0,0,0,0,0,0,0,9,0,0,0,9,0,0,0,0,6,3
trotsky_perm_rev.txt_chunk15,trotsky,2,0,0,0,0,1,6,1,0,1,1,42,0,0,2,6,2,0,1,0,0,0,1,0,1,1,0,0,1,1,0,0,0,0,1,0,0,3,0,2,0,0,0,2,4,0,2,0,3,5,2,0,3,0,0,0,35,1,5,4,0,3,0,12,0,6,0,0,1,0,1,0,2,0,0,0,0,1,0,5,1,0,0,0,1,1,2,3,3,11,1,2,16,0,1,2,0,0,2,4,0,0,0,0,11,0,8,2,0,0,0,0,0,0,0,0,1,0,0,5,0,0,0,0,7,1,0,0,2,0,0,1,4,0,0,1,1,0,2,0,1,0,1,0,3,1,0,0,0,0,0,0,3,6,0,0,1,0,0,1,1,2,2,0,7,4,0,1,2,0,6,1,0,2,0,0,1,2,0,13,1,2,1,0,3,1,2,4,0,0,0,2,0,0,0,0,3,1,2,0,1,1,1,0,0,0,0,0,1,0,0,0,0,0,1,1,0,0,0,0,0,0,1,0,0,0,1,0,2,0,1,1,0,1,1,1,0,0,4,0,4,1,0,0,2,0,0,0,0,0,1,0,0,0,0,0,1,0,0,0,7,0,1,1,0,0,0,0,0,3,0,0,0,2,0,0,0,5,1,0,0,1,0,0,0,4,0,0,1,0,1,0,5,1,0,0,0,1,6,0,0,0,0,0,1,1,2,0,0,0,0,0,1,3,0,2,0,0,1,0,0,1,0,0,0,0,0,0,0,4,0,0,0,0,1,0,0,0,0,0,0,0,0,0,2,0,0,0,0,0,0,0,2,0,0,0,0,0,0,0,0,2,0,0,1,0,0,0,1,0,0,0,1,0,1,1,1,0,2,3,1,1,0,0,0,0,0,0,0,2,0,0,0,1,0,1,0,1,0,0,0,0,0,2,0,0,0,0,0,1,0,0,1,4,0,0,1,0,0,0,3,1,0,0,0,0,0,1,0,0,0,0,0,2,0,0,1,1,0,0,0,0,0,1,0,0,1,3,0,1,0,2,8,0,1,1,4,0,0,0,0,0,0,0,0,0,2,1,0,0,0,0,0,0,0,0,0,0,0,0,0,0,0,2,0,0,0,2,0,9,0,0,6,8,0,0,0,0,1,1
trotsky_perm_rev.txt_chunk16,trotsky,3,0,0,0,3,0,2,1,1,0,0,41,0,0,1,1,2,0,2,1,0,3,2,0,1,1,0,0,1,0,0,0,0,0,0,0,0,5,0,0,0,0,2,0,3,0,2,0,3,9,0,0,2,0,0,0,50,0,5,3,0,0,0,4,0,10,0,4,1,1,1,1,1,0,0,0,0,1,0,0,1,1,1,1,1,1,2,0,2,14,0,0,10,1,1,0,0,0,0,0,0,0,0,1,6,0,8,0,0,0,0,0,0,0,5,1,1,1,0,3,0,0,0,0,5,1,0,0,0,0,0,3,12,0,1,1,1,2,0,1,0,0,0,1,2,0,2,1,2,0,0,1,1,3,1,0,0,0,0,1,1,5,4,2,2,3,0,0,1,1,1,0,0,0,0,0,0,2,1,13,2,2,0,1,6,3,1,1,2,0,6,0,1,0,0,0,2,0,1,0,3,1,0,0,0,1,1,0,0,0,0,0,0,0,1,0,0,0,0,0,0,1,0,1,1,3,1,1,0,0,0,0,0,1,2,1,0,1,1,3,8,0,1,0,0,0,0,0,0,1,0,1,0,0,0,0,0,0,0,1,7,2,0,4,3,0,0,1,0,1,0,0,0,1,1,1,0,3,0,1,0,0,1,0,0,0,0,0,0,0,0,0,1,1,0,0,0,2,10,0,0,0,2,0,1,1,0,1,0,0,0,0,2,0,0,3,0,0,1,0,0,0,0,1,0,0,1,0,0,0,1,0,1,0,0,0,0,0,2,0,0,0,0,2,2,0,0,0,0,0,3,0,0,1,0,0,1,0,0,0,1,0,0,0,0,0,2,2,1,1,0,0,0,0,0,2,0,0,2,1,2,0,0,1,0,0,0,1,1,0,0,0,0,0,0,1,1,1,0,0,3,0,0,2,0,0,1,1,0,0,0,0,0,14,0,0,0,0,0,0,3,1,0,0,1,0,0,0,0,0,0,0,0,0,0,0,1,1,0,0,0,0,0,0,0,0,0,1,0,0,0,2,6,0,0,0,1,0,0,1,1,2,0,0,0,0,0,0,0,0,0,0,0,0,0,1,0,0,0,0,0,0,3,7,0,1,0,1,0,4,0,0,4,4,0,0,0,0,1,2
trotsky_perm_rev.txt_chunk17,trotsky,3,0,0,0,5,0,3,2,1,0,2,48,1,0,0,5,1,6,0,0,1,3,1,0,2,1,0,0,1,1,0,0,0,4,4,0,0,1,0,0,0,0,1,0,2,1,5,1,2,2,0,0,2,0,0,1,33,2,5,5,2,0,3,7,0,10,1,0,0,1,0,2,1,0,0,1,0,2,0,1,3,0,1,0,0,3,0,0,0,12,0,0,25,0,0,0,0,0,0,1,0,0,0,0,8,0,15,3,3,0,0,0,0,0,3,1,0,0,0,1,1,0,3,0,11,1,1,0,2,0,1,0,10,0,0,2,1,0,0,0,0,0,0,0,0,0,1,2,1,0,0,0,3,3,0,1,0,2,0,1,0,7,2,0,5,6,0,1,0,0,0,0,0,1,0,0,0,0,2,14,2,0,2,0,8,3,5,2,2,0,6,0,0,1,0,0,1,0,0,0,3,0,0,0,0,0,0,0,0,0,0,0,1,0,0,0,0,0,0,0,0,0,0,1,0,0,1,0,1,0,0,0,0,1,3,3,1,1,1,0,3,2,0,0,1,0,0,0,0,0,0,0,0,0,0,0,1,0,0,0,3,0,0,0,5,0,0,0,0,0,0,0,2,0,0,0,0,6,2,0,0,1,2,0,0,0,0,0,0,0,0,1,3,0,1,0,0,3,9,0,0,1,1,0,0,0,4,1,1,0,0,0,3,2,0,1,0,0,0,0,0,1,0,2,0,0,3,0,0,1,1,0,0,0,0,0,1,0,1,0,1,0,1,1,4,0,0,0,0,0,0,0,0,4,0,1,2,0,0,0,0,0,0,0,0,0,0,1,0,0,0,0,0,1,0,0,0,0,3,0,3,2,0,0,0,0,0,0,0,0,0,0,0,0,0,2,0,0,0,0,1,0,0,2,0,0,0,1,0,0,0,0,0,6,0,0,0,1,0,0,1,0,0,0,2,0,0,0,0,0,0,0,0,1,0,0,1,0,0,0,0,2,0,0,0,2,2,0,0,2,0,0,8,0,2,0,0,0,0,0,0,0,0,0,0,0,2,0,0,0,0,0,0,0,0,0,0,0,0,0,0,0,1,2,0,0,0,0,0,12,0,0,5,2,0,0,1,0,3,0
trotsky_perm_rev.txt_chunk18,trotsky,8,0,0,0,1,0,0,1,0,4,1,46,0,1,2,3,3,0,0,2,0,0,0,1,1,0,0,0,0,0,0,0,0,1,2,0,0,1,0,1,3,0,1,1,3,2,2,4,0,8,0,0,6,1,1,0,37,2,5,3,0,1,2,6,0,9,2,0,0,0,1,2,0,0,0,2,0,1,1,3,1,0,0,0,0,2,1,0,0,10,1,0,25,0,1,0,1,0,1,0,0,0,2,2,4,1,3,3,1,0,0,0,0,0,5,0,0,0,0,6,0,0,2,0,2,0,0,0,0,1,0,0,5,0,0,1,0,0,0,0,0,0,0,1,0,1,0,2,1,0,0,0,1,2,0,5,0,1,0,2,1,4,2,0,0,3,0,0,0,3,1,0,1,0,0,0,0,2,1,20,1,1,2,0,11,3,3,2,0,2,13,1,0,1,0,0,1,3,0,0,0,0,1,0,0,0,0,1,0,0,0,0,0,0,0,2,1,1,0,0,0,0,1,1,0,0,0,1,0,0,1,0,0,2,0,0,1,1,0,2,5,0,0,0,0,0,0,0,0,0,1,2,0,0,0,1,0,0,0,0,2,0,0,0,1,0,0,0,1,0,0,1,1,0,0,0,2,5,0,1,0,3,0,2,2,0,0,1,1,0,2,0,2,0,0,0,0,4,1,1,0,0,0,2,2,0,0,0,1,0,1,0,5,0,1,1,0,0,0,0,0,0,0,0,0,0,1,0,1,0,1,0,2,0,1,0,0,2,0,0,0,2,0,0,2,0,0,1,0,0,0,0,0,0,1,0,2,0,0,0,0,0,0,0,0,0,0,0,0,0,0,0,0,0,0,1,0,0,3,1,1,0,0,0,0,0,0,0,0,1,1,0,0,0,1,2,2,0,0,0,0,0,0,2,0,0,1,0,0,1,0,0,0,1,0,2,1,0,0,0,0,2,0,1,12,2,0,0,0,0,0,0,1,0,1,0,0,0,0,0,0,0,0,0,0,0,0,0,3,0,1,0,8,0,0,0,2,0,0,0,0,0,0,0,0,0,0,0,0,0,0,0,0,0,0,0,1,0,0,0,0,0,0,1,0,1,0,5,1,1,0,0,0,1,0,0,0,0,11,2
trotsky_perm_rev.txt_chunk20,trotsky,8,0,1,0,3,0,1,0,2,2,2,30,0,0,7,1,2,2,0,1,1,0,2,0,3,0,0,0,0,0,1,0,1,2,1,0,0,3,0,3,0,1,0,1,4,0,5,3,1,6,0,0,2,0,0,0,24,0,2,6,4,0,4,7,0,9,0,1,1,2,0,0,1,1,0,1,1,1,0,1,3,0,0,0,0,3,0,0,1,22,1,0,22,0,0,0,2,0,3,1,1,0,0,0,6,0,4,1,2,0,0,0,0,0,5,1,0,1,1,2,2,0,2,2,1,1,0,0,0,0,2,4,11,0,0,0,1,0,0,0,0,0,0,0,1,0,1,1,1,0,0,1,1,3,0,0,0,1,0,2,1,6,1,1,3,1,1,2,0,1,3,0,0,0,0,0,0,2,1,11,6,1,0,1,8,2,5,1,2,1,7,0,0,1,1,0,1,0,0,0,2,0,0,0,0,4,2,0,0,0,0,0,1,1,0,0,0,0,0,0,1,0,1,0,0,1,0,0,1,0,0,0,0,3,0,0,0,0,0,0,5,0,0,1,3,0,0,0,0,0,1,1,0,0,0,0,1,0,0,0,1,0,0,0,2,0,0,0,0,1,0,0,0,0,0,1,0,4,0,0,0,1,1,0,0,0,0,0,0,0,2,0,0,0,0,0,1,0,3,0,0,1,0,0,0,1,0,2,1,0,0,1,0,1,0,0,1,0,1,0,0,0,0,0,1,0,2,0,0,1,2,0,1,0,0,0,3,0,0,1,0,0,0,0,1,1,0,1,1,0,1,0,0,0,0,0,1,0,0,0,0,2,0,0,0,1,0,1,0,0,1,0,0,3,0,0,2,0,6,3,1,0,0,1,0,1,0,0,0,1,0,0,0,0,2,0,0,0,0,0,0,1,0,2,0,0,2,1,0,0,0,0,0,2,1,1,0,0,0,0,2,0,0,0,0,0,0,0,0,1,0,0,1,0,0,0,0,2,0,0,0,0,0,0,0,3,0,0,0,0,0,1,10,0,2,2,0,1,0,0,0,0,0,5,0,0,0,0,0,0,0,0,0,0,0,0,0,0,0,0,0,0,0,1,0,1,0,0,1,1,0,0,3,0,0,0,1,0,8,1
trotsky_perm_rev.txt_chunk21,trotsky,3,0,0,0,0,1,4,2,0,3,2,20,1,1,4,2,0,0,0,1,0,1,2,0,1,0,1,0,1,0,0,1,0,0,0,0,0,3,1,0,1,1,0,4,4,0,4,0,2,2,0,0,4,1,1,0,32,0,5,3,0,0,9,11,0,7,0,0,0,2,1,1,1,0,0,0,0,3,0,1,0,0,1,1,1,2,0,0,0,21,0,0,22,1,2,0,2,0,4,1,0,0,1,1,7,0,4,1,1,0,0,1,0,1,7,1,4,0,0,3,0,1,0,0,2,2,0,1,1,1,2,4,8,0,0,1,1,0,0,0,0,0,0,1,0,2,3,1,0,0,0,1,1,1,1,1,0,0,0,1,0,2,1,1,4,0,1,0,0,0,11,2,0,0,0,0,0,1,1,13,1,4,0,2,4,3,1,1,0,0,8,0,0,0,3,0,1,0,0,0,1,0,0,1,1,2,0,0,0,0,0,0,1,2,1,1,0,0,0,0,0,0,0,0,0,0,0,0,0,1,0,0,0,2,0,1,0,1,2,0,2,0,2,0,3,0,0,0,1,0,4,1,0,0,0,0,0,1,3,0,3,1,0,0,0,2,0,0,0,1,0,0,0,0,0,0,2,0,1,0,0,0,0,0,1,2,0,2,0,0,1,0,0,0,0,1,1,0,2,0,0,1,0,0,0,1,0,1,0,1,0,0,0,1,0,0,0,0,0,0,2,0,1,2,0,0,1,1,1,1,0,1,1,0,0,0,1,1,1,1,0,1,0,0,0,0,0,0,0,0,0,0,0,0,0,1,1,0,0,0,0,1,0,0,0,0,0,0,0,1,0,0,0,0,1,1,4,0,0,8,0,0,0,1,1,0,1,0,0,1,0,0,0,0,2,1,1,0,0,0,0,0,0,0,1,0,0,0,0,0,0,0,0,5,1,0,0,0,0,0,4,2,0,0,1,0,0,0,0,0,0,0,0,0,0,0,0,2,0,0,1,0,0,1,0,4,2,0,0,1,0,0,17,0,3,0,0,0,0,0,0,0,0,7,0,0,0,0,0,0,0,0,1,0,0,0,2,0,0,0,0,0,0,7,0,2,0,0,0,1,1,0,0,1,0,0,1,0,0,1
trotsky_perm_rev.txt_chunk24,trotsky,8,0,0,0,1,0,7,4,0,2,0,43,0,0,0,2,0,0,0,4,0,0,1,2,4,2,0,0,3,1,0,0,0,0,1,0,0,2,0,0,0,0,0,1,5,0,3,1,1,4,0,1,0,1,0,1,36,0,2,1,0,0,0,1,2,11,1,2,0,3,0,1,1,0,0,0,0,0,0,1,0,1,0,2,1,0,0,0,1,6,2,0,17,1,0,0,0,1,1,3,0,0,0,0,8,2,3,2,1,0,0,1,0,0,2,2,0,1,0,1,0,0,0,0,6,0,1,0,2,0,2,1,11,0,0,0,0,0,1,1,0,0,0,1,0,0,0,0,1,0,1,0,0,4,1,3,0,1,0,6,0,5,2,0,5,2,0,0,1,0,8,0,0,0,0,0,0,1,4,15,2,0,2,0,11,1,1,0,1,2,0,2,0,2,0,0,4,0,0,0,3,0,0,0,0,2,0,0,0,0,0,1,0,0,0,0,0,0,0,0,0,0,0,0,3,0,0,2,0,0,0,1,0,1,0,0,0,0,5,0,1,0,0,0,1,0,0,0,1,0,0,0,0,0,0,0,0,0,0,0,2,1,0,5,7,0,0,0,0,0,0,0,0,0,0,1,0,6,0,0,0,1,0,1,0,0,7,0,0,0,3,2,3,0,0,0,1,1,6,0,0,1,0,0,0,0,0,1,0,0,0,0,1,0,0,1,0,0,0,0,0,0,0,3,0,0,0,0,0,0,3,0,1,0,1,0,0,1,0,0,1,1,0,3,0,0,0,1,0,0,1,0,2,1,0,0,1,1,0,0,1,1,0,0,0,0,0,0,1,0,0,0,0,0,0,0,0,0,6,4,3,0,1,3,0,0,0,0,0,4,0,0,0,0,0,1,0,0,0,0,0,0,1,5,0,0,0,2,0,0,0,1,0,7,0,0,1,0,0,0,1,3,0,0,0,0,0,0,0,0,0,0,0,0,0,0,1,0,0,0,0,0,0,0,0,2,0,0,0,0,0,0,6,0,0,1,11,0,0,0,0,1,0,0,0,0,0,0,0,1,0,0,1,0,0,0,0,0,1,0,2,0,0,2,0,0,0,1,1,8,0,0,7,4,0,0,0,0,3,0
trotsky_perm_rev.txt_chunk25,trotsky,8,0,0,0,0,0,2,3,0,0,1,37,0,0,2,2,1,0,0,2,0,1,2,0,1,1,0,0,0,0,0,0,0,1,2,0,0,2,0,0,0,0,0,2,3,0,1,0,2,8,0,0,3,0,0,0,25,0,6,3,1,0,1,6,0,8,1,2,1,1,0,0,2,0,0,0,2,0,0,0,2,0,0,0,0,0,2,1,0,9,0,0,24,0,0,0,0,1,0,0,0,0,1,0,2,0,5,1,1,0,1,0,0,0,3,1,2,2,0,2,0,0,1,1,4,2,0,0,1,2,0,0,11,0,0,2,0,0,0,1,0,0,0,1,1,1,2,1,0,0,0,0,1,1,0,3,0,0,0,2,5,3,0,0,6,3,1,0,0,0,1,0,0,1,0,0,0,2,2,8,0,1,1,1,1,0,1,1,1,0,1,0,0,1,1,0,3,0,1,0,1,0,4,0,0,0,0,0,0,0,0,0,0,0,0,2,0,1,1,1,0,0,0,2,1,0,0,0,0,1,1,0,0,0,0,0,0,0,2,0,4,0,4,1,0,0,0,0,3,4,1,0,0,3,0,0,0,0,0,0,0,0,0,3,2,1,1,3,1,2,0,1,2,0,0,1,0,2,0,0,0,0,0,0,0,2,0,0,0,0,2,1,2,0,1,0,0,1,1,0,0,0,1,0,0,0,0,1,0,0,0,2,0,0,0,2,0,0,2,0,0,2,0,0,0,0,0,1,0,0,0,0,1,0,0,0,0,0,1,2,0,0,2,0,0,0,2,0,0,0,1,0,0,0,1,0,1,1,0,0,0,0,0,0,1,0,0,0,0,0,1,0,2,3,0,1,0,0,4,0,1,1,0,0,0,0,0,1,0,0,0,0,0,3,0,0,0,1,0,0,0,0,0,3,0,0,0,2,0,1,0,0,0,3,1,0,0,1,0,0,7,0,0,0,0,1,0,0,0,0,0,1,0,1,1,0,1,0,0,0,0,0,0,0,0,1,0,0,0,0,0,0,26,0,0,0,2,0,0,0,0,0,0,0,0,0,0,1,0,0,0,0,0,0,0,0,1,0,0,0,0,1,0,0,0,0,1,3,0,0,2,0,1,0,1,0,0,0,0,7
trotsky_perm_rev.txt_chunk26,trotsky,3,0,1,0,2,0,4,1,1,0,0,41,0,0,2,2,0,0,0,0,0,1,3,1,2,0,0,0,0,0,0,0,0,0,0,0,0,4,0,1,0,1,2,1,3,1,6,2,2,5,0,0,3,2,0,0,39,1,5,0,0,1,1,9,0,10,0,0,0,0,2,0,1,0,0,0,1,1,0,3,1,1,0,0,0,0,0,1,1,9,1,0,16,0,1,0,0,0,1,3,0,0,1,0,4,0,2,0,0,0,1,0,0,0,3,3,1,0,0,1,0,0,1,1,1,2,0,1,1,0,0,0,9,0,0,0,0,1,0,1,0,3,0,0,0,1,0,1,0,0,0,0,1,1,0,5,1,0,0,0,1,6,1,0,2,2,2,0,2,0,2,0,0,0,0,0,0,0,1,10,3,1,1,0,5,1,1,4,2,0,5,1,0,1,0,0,4,2,1,0,3,0,0,0,1,5,4,0,1,0,0,0,0,1,0,0,0,0,1,0,2,0,0,0,0,0,0,0,1,0,1,0,0,1,0,0,0,0,0,0,4,0,0,0,0,0,0,0,0,0,0,0,0,2,0,1,0,0,0,0,2,1,0,0,2,0,0,0,0,2,0,0,0,0,0,1,0,2,1,1,0,0,1,0,2,4,0,0,0,2,1,0,6,0,1,0,0,0,1,0,0,0,0,0,1,0,0,1,0,0,0,0,0,2,0,4,0,0,0,0,0,0,0,1,0,0,1,0,0,1,2,1,0,0,0,0,1,1,1,4,0,0,0,0,0,0,0,0,0,1,1,0,0,0,0,0,0,1,0,0,0,1,0,1,0,1,1,2,0,0,0,0,0,1,0,1,0,0,1,0,2,0,0,1,0,0,0,0,1,0,0,1,0,0,0,0,0,0,0,0,0,0,0,7,0,0,1,0,0,0,0,0,0,4,0,0,0,3,0,0,2,2,1,0,0,1,0,1,0,0,0,1,0,1,2,0,1,0,0,0,0,0,0,0,0,0,0,0,1,0,1,2,6,0,1,2,4,0,0,0,0,0,0,0,0,0,0,0,0,0,0,0,0,0,0,0,0,0,0,0,0,1,0,1,0,0,0,1,0,3,0,0,4,4,1,0,0,0,4,2
trotsky_perm_rev.txt_chunk28,trotsky,12,0,0,0,1,1,1,2,0,4,1,55,0,0,2,1,2,2,1,2,0,1,3,0,1,0,0,0,0,0,0,0,2,1,1,0,0,4,0,0,0,0,0,3,2,0,2,1,6,6,0,0,3,0,0,2,21,1,4,1,0,1,0,5,0,7,0,1,0,1,0,1,0,0,1,0,0,0,0,0,0,0,2,0,0,1,1,0,0,10,0,1,22,1,0,0,1,0,3,3,0,0,0,0,5,0,3,0,0,0,0,0,0,0,7,1,2,0,0,1,0,0,1,0,11,2,0,0,1,0,3,0,12,0,0,0,1,1,0,1,0,0,0,1,0,1,0,1,1,0,0,1,1,1,0,0,1,0,1,2,0,3,0,3,4,7,0,0,0,1,6,0,0,0,0,2,0,7,1,19,0,1,2,1,7,1,0,0,1,1,0,0,0,3,0,0,1,1,0,0,1,0,0,0,0,0,0,0,2,0,0,0,0,0,0,1,2,2,1,1,0,1,1,0,1,0,2,0,0,0,1,0,0,4,0,0,0,0,4,3,8,0,0,0,4,0,0,1,0,1,1,0,0,0,1,0,0,1,0,0,2,0,0,1,1,1,0,1,1,2,0,1,0,0,0,1,0,1,0,0,0,0,1,0,1,2,1,1,0,0,1,0,7,0,0,0,0,0,3,0,0,1,1,0,1,0,0,1,0,0,1,0,2,0,0,2,0,1,0,0,0,0,0,0,0,0,0,2,0,0,3,0,1,0,0,0,1,0,1,0,0,1,0,0,1,0,0,0,0,1,1,0,0,0,1,0,0,0,0,1,0,0,0,0,0,0,0,1,0,0,0,1,0,1,0,4,0,0,3,3,1,1,0,0,0,0,0,0,2,0,0,0,0,0,1,1,0,0,0,0,0,0,1,5,1,0,0,0,0,0,0,0,0,2,1,1,0,0,0,0,3,0,0,0,0,1,0,0,0,0,0,0,1,4,1,0,2,0,0,0,0,0,0,0,0,0,0,0,1,0,0,0,7,0,1,0,1,0,0,1,0,0,0,1,0,0,0,0,1,0,0,0,0,0,0,0,1,0,1,0,1,0,0,1,0,2,0,3,0,3,0,0,3,6,0,0,0,0,10,1
trotsky_perm_rev.txt_chunk29,trotsky,6,0,0,1,2,0,4,0,4,1,6,40,0,0,4,3,1,1,0,1,0,2,3,0,2,1,0,0,2,1,0,0,0,0,4,0,0,3,0,2,0,0,0,2,2,0,3,0,5,3,0,0,0,0,0,2,36,2,4,5,2,1,1,6,1,12,0,5,0,0,0,0,1,0,0,1,2,2,0,2,0,0,0,0,0,4,1,0,0,6,0,3,22,0,0,0,0,0,5,0,0,0,0,1,6,1,8,3,1,0,0,0,0,0,4,0,1,0,0,2,0,1,0,1,6,0,1,0,0,0,2,2,8,0,0,1,0,0,0,0,0,1,1,0,3,1,0,1,1,0,0,0,0,0,0,4,0,1,0,0,0,4,2,0,6,2,1,2,0,0,2,0,0,1,0,0,0,2,2,5,1,0,2,1,8,1,0,2,1,0,0,0,0,2,1,0,0,0,1,1,0,1,0,0,0,5,3,0,0,0,1,0,0,0,1,2,0,0,0,0,0,0,0,1,0,0,2,0,2,0,0,0,0,5,1,0,2,0,1,1,2,0,0,0,6,0,0,0,0,1,1,0,0,0,1,0,0,0,0,0,0,0,0,3,1,0,0,0,0,3,0,0,0,0,0,0,0,3,1,0,0,0,1,0,2,3,0,0,0,0,1,0,5,0,1,0,0,0,5,0,0,0,1,0,0,0,0,0,0,1,0,0,0,0,0,1,0,0,1,0,0,0,0,0,0,0,0,2,0,0,1,0,4,0,0,0,1,0,1,1,0,1,0,0,0,0,0,0,0,1,0,0,1,0,0,0,0,0,0,0,0,4,0,0,1,0,0,0,1,0,0,0,0,0,0,3,0,0,1,3,3,2,1,0,0,0,0,0,1,0,0,0,0,0,0,1,0,1,0,0,0,0,2,2,0,0,0,0,0,1,0,0,0,5,0,0,0,1,0,0,12,0,0,0,0,0,0,2,0,0,0,0,0,0,0,0,0,1,0,0,0,0,0,0,0,3,0,1,0,1,0,0,13,0,0,2,1,0,0,0,0,1,0,2,0,0,1,0,0,1,0,0,0,2,0,0,0,0,0,7,2,2,0,3,0,3,0,0,0,2,0,0,4,2,0,0,0,0,4,1
trotsky_perm_rev.txt_chunk30,trotsky,4,0,0,0,1,0,6,0,0,2,3,43,0,0,2,2,0,0,0,1,0,0,2,0,1,2,0,0,1,0,0,0,0,1,0,0,0,4,0,1,0,1,0,2,4,0,3,0,3,5,0,0,8,0,0,0,44,3,5,8,1,0,4,7,1,3,0,0,0,2,1,0,1,0,0,2,0,1,0,1,0,0,1,0,0,7,1,0,0,10,3,1,22,0,0,0,0,0,2,3,1,1,0,1,5,0,3,0,0,0,0,0,0,0,2,2,0,0,0,6,1,0,0,0,2,0,0,0,5,0,3,0,9,0,0,0,1,0,2,1,1,1,0,2,1,1,1,0,0,0,0,0,0,1,0,0,0,1,1,1,0,2,0,0,4,3,1,1,0,3,1,0,0,0,0,0,1,2,1,12,2,0,0,0,3,3,1,0,0,1,1,1,2,0,1,0,2,0,1,2,1,1,0,0,0,2,9,0,0,0,0,0,0,0,2,0,0,2,1,0,0,1,0,0,1,0,0,0,2,0,0,0,0,1,0,1,0,0,0,1,2,1,0,0,0,0,0,0,0,1,3,0,0,0,0,0,0,0,0,0,1,2,0,3,1,0,0,1,3,4,0,0,1,1,0,1,0,8,0,0,0,0,1,1,0,2,0,0,0,3,2,0,7,0,0,0,2,1,1,1,0,0,1,0,1,0,0,0,3,0,1,0,1,0,0,2,0,0,0,0,1,0,0,0,0,0,0,4,0,1,0,1,1,0,0,0,0,0,1,0,0,0,1,0,2,0,0,0,1,0,0,0,0,0,0,1,0,1,2,0,2,0,0,0,0,0,0,1,0,0,1,0,1,0,0,0,1,0,1,1,6,0,0,0,0,1,0,0,0,1,0,2,0,0,0,0,0,0,0,0,1,1,0,1,0,0,0,0,0,1,0,0,0,10,0,0,0,0,0,0,4,1,0,0,0,1,0,1,0,0,0,0,1,1,0,0,0,0,0,0,1,1,0,1,0,0,1,0,1,1,0,1,6,0,0,1,0,0,0,0,0,2,0,0,0,0,0,0,1,0,0,0,0,0,0,0,0,0,0,0,0,0,0,5,0,3,0,1,0,3,0,0,0,5,0,0,0,0,6,0
trotsky_perm_rev.txt_chunk31,trotsky,7,0,1,0,4,1,4,0,0,1,5,34,0,0,2,4,4,0,0,0,0,0,4,0,0,0,0,0,2,0,0,0,0,0,0,0,0,15,1,0,0,1,0,0,0,0,3,0,7,6,0,0,6,2,0,5,34,1,4,3,0,1,1,4,0,5,0,3,0,1,0,0,0,0,0,0,0,1,0,1,0,1,0,1,1,7,1,1,0,16,0,1,22,0,2,0,0,0,7,1,0,0,0,0,10,1,6,0,0,1,0,0,0,1,0,0,0,0,0,5,0,1,2,1,3,2,0,0,3,0,2,0,8,0,1,2,0,0,0,0,0,0,0,2,1,0,2,0,1,0,0,0,0,0,1,2,0,0,0,1,2,4,1,1,11,3,0,1,0,0,1,0,0,0,0,2,0,2,2,11,2,1,0,0,12,2,2,1,3,0,1,0,1,0,0,0,2,1,0,0,0,1,0,2,0,2,2,1,0,0,0,1,0,0,0,0,0,0,0,0,0,0,0,1,0,0,1,0,0,0,1,0,0,4,0,1,1,0,1,0,0,0,0,0,1,0,0,0,1,0,0,1,0,1,0,0,0,0,0,1,1,0,0,0,3,1,0,0,1,2,0,0,0,0,0,0,0,1,2,0,0,1,1,0,0,3,0,1,0,1,2,0,3,0,2,1,2,2,4,0,0,0,0,0,0,0,0,0,0,0,0,0,2,3,0,1,0,0,0,0,0,1,1,0,1,0,0,3,0,0,1,0,2,0,0,0,2,0,2,0,0,1,0,2,1,2,0,2,0,0,1,0,1,0,0,0,0,0,0,0,0,0,0,0,0,0,0,0,0,0,0,0,0,4,0,2,3,0,7,0,1,0,0,0,0,0,0,0,0,0,0,1,0,0,4,0,0,1,0,0,0,0,0,0,0,0,2,0,1,0,0,0,0,10,0,0,0,1,0,0,2,2,0,0,0,1,0,1,0,0,0,1,1,1,2,0,0,0,0,0,1,0,0,0,0,0,2,0,1,0,0,0,3,0,1,2,2,0,4,0,1,1,0,0,0,0,0,0,3,0,0,0,0,1,0,0,0,0,0,0,0,0,0,4,0,3,0,2,0,1,0,0,1,5,0,0,1,0,3,1
trotsky_perm_rev.txt_chunk32,trotsky,5,0,0,0,2,0,2,2,0,0,0,37,0,0,0,2,1,1,1,0,0,0,5,0,1,1,0,1,0,1,0,0,0,2,3,0,0,4,0,0,0,2,2,3,1,2,3,7,1,5,0,0,1,0,0,1,32,2,0,2,0,0,2,7,0,11,0,1,0,0,0,0,2,0,0,0,0,1,0,2,0,1,0,0,1,4,1,0,1,17,1,0,21,0,0,0,1,1,0,4,0,0,0,0,9,0,5,1,2,0,1,0,0,0,3,2,2,0,0,6,2,0,0,2,8,0,0,1,6,0,3,0,6,1,0,0,1,1,0,0,0,0,0,0,0,6,1,1,4,0,0,0,0,0,0,2,0,2,0,3,1,3,0,1,7,2,0,1,0,0,5,0,2,0,0,0,0,1,1,17,0,6,0,0,5,1,5,2,1,0,0,1,0,1,0,0,4,0,1,0,2,1,0,0,0,2,2,0,0,0,0,0,0,0,0,0,0,0,0,0,1,0,0,2,1,1,0,1,0,0,1,0,0,2,0,0,2,0,2,0,4,0,0,0,2,0,0,0,1,1,0,0,1,0,0,0,0,1,0,0,1,1,0,3,1,0,0,1,0,3,0,0,1,0,0,1,1,2,0,0,0,0,0,0,1,0,2,1,0,0,0,0,5,0,0,0,0,3,2,1,0,1,0,0,0,0,0,1,0,0,0,2,3,4,0,5,0,0,0,0,0,0,1,1,2,0,2,0,0,0,0,0,2,0,0,0,1,1,1,0,0,0,0,0,0,0,0,0,1,0,0,0,1,0,0,0,1,0,1,0,1,0,0,0,0,0,0,0,0,0,0,0,0,2,0,1,4,1,7,4,1,1,0,0,0,0,0,0,0,2,0,0,0,0,3,0,0,0,0,0,0,0,0,6,2,0,0,0,0,1,0,0,0,5,0,0,0,0,0,0,0,0,0,0,0,1,0,0,0,0,0,0,0,1,0,0,0,1,0,0,0,0,0,0,0,0,0,1,0,0,0,1,8,1,0,1,1,0,3,1,0,2,0,0,0,0,0,0,0,0,0,0,0,0,0,0,0,0,0,0,0,0,0,2,0,0,0,5,0,10,0,0,4,6,0,0,0,0,3,0
trotsky_perm_rev.txt_chunk34,trotsky,8,0,0,0,0,0,0,0,0,4,0,31,0,0,1,1,2,0,0,2,0,1,3,0,1,0,1,0,0,0,1,0,0,0,1,0,0,7,0,0,1,0,0,3,3,0,2,4,1,3,0,0,5,0,0,0,34,0,3,2,1,2,2,7,0,7,0,1,1,2,0,0,1,0,0,0,1,2,0,0,0,0,0,0,1,7,0,0,0,19,0,0,29,0,3,0,0,1,0,2,0,0,0,0,7,1,3,2,0,0,1,0,1,1,2,1,4,1,0,5,0,0,1,3,4,0,0,0,2,0,3,0,3,0,0,0,0,0,0,1,0,1,0,1,2,2,0,2,0,0,0,0,0,1,0,5,0,0,0,0,0,6,1,0,6,1,1,0,1,0,0,0,0,0,0,0,0,2,0,16,2,0,0,0,6,0,1,1,0,0,1,3,0,0,0,0,1,0,1,1,4,0,0,1,0,0,2,1,0,0,0,0,0,0,0,2,4,3,0,0,0,1,0,1,0,0,0,0,0,0,0,0,0,2,0,1,2,1,0,1,0,0,0,0,1,0,0,0,0,0,1,0,0,0,0,0,0,0,0,0,3,0,0,1,6,1,0,0,0,1,0,0,1,2,0,1,0,1,1,0,0,4,2,2,4,3,0,0,0,0,1,0,0,0,0,0,0,0,0,0,0,0,1,0,0,0,0,1,0,1,0,0,3,3,0,0,0,0,0,0,0,2,0,1,0,0,0,0,0,1,1,0,2,0,0,0,1,0,2,0,0,2,0,0,0,2,1,2,0,0,0,0,0,0,0,1,0,1,0,0,1,1,0,0,1,1,0,0,0,1,0,1,0,1,1,1,0,0,5,3,1,1,0,1,0,0,0,0,1,0,0,1,0,0,1,0,1,0,0,0,0,0,0,0,0,0,0,1,0,0,0,0,0,13,0,0,0,2,0,0,6,6,1,0,1,1,0,1,0,0,0,2,0,0,0,0,0,0,1,1,0,0,0,0,0,0,0,0,0,0,0,1,4,0,0,0,2,0,2,0,0,2,0,0,0,0,0,0,2,0,0,0,0,1,1,0,1,0,0,0,0,13,0,3,0,2,0,5,0,3,0,0,1,0,0,0,1,0,4,1
trotsky_perm_rev.txt_chunk35,trotsky,4,0,0,0,0,0,0,0,2,1,1,30,0,0,2,0,0,1,0,1,0,0,2,1,1,1,0,0,0,1,0,0,0,0,1,0,0,9,0,0,0,0,0,4,2,0,0,5,1,2,0,0,5,0,0,1,31,0,4,3,0,0,2,5,0,5,0,0,1,2,0,0,1,0,0,1,0,1,1,1,0,0,1,0,0,4,0,0,0,15,1,0,20,0,0,0,0,0,3,4,0,0,0,2,7,0,1,0,0,0,0,0,1,2,3,1,2,0,0,7,0,0,1,2,3,2,0,0,1,0,1,0,12,0,0,0,0,0,0,1,1,2,0,0,0,0,2,0,1,0,0,1,1,0,0,0,0,0,0,1,0,3,3,0,4,1,0,1,0,1,1,0,0,0,0,0,1,4,5,6,0,3,2,0,9,2,6,0,0,1,3,0,0,0,0,0,3,0,0,3,1,0,1,1,1,1,1,2,1,0,0,0,0,0,0,0,0,0,0,1,0,0,1,2,0,1,1,0,1,0,2,1,0,4,0,3,1,0,1,1,1,0,0,0,5,2,0,0,0,0,0,0,0,1,0,0,0,0,0,0,2,1,1,4,0,0,1,0,0,0,0,0,0,1,0,3,0,3,0,0,0,0,0,1,1,0,0,0,0,1,1,0,2,0,0,0,0,1,2,0,0,1,0,0,0,0,0,0,2,0,0,1,3,0,0,0,1,0,0,0,0,1,0,0,0,0,0,1,0,0,0,1,2,0,0,0,1,0,0,1,0,0,0,0,1,0,0,0,0,0,1,0,1,1,0,0,0,0,0,1,0,0,0,1,0,1,0,1,0,0,0,0,0,2,0,0,0,0,2,1,3,1,0,1,0,0,0,0,1,0,1,0,0,0,0,0,0,0,0,0,0,0,1,3,0,0,0,0,0,1,0,1,0,6,0,0,0,0,0,0,0,1,1,0,1,2,0,1,0,0,0,0,0,0,1,0,0,0,0,0,0,1,0,0,0,2,1,0,0,1,1,1,9,0,1,0,3,0,0,0,0,0,0,0,0,0,0,0,0,0,0,0,0,0,0,0,0,0,0,0,1,0,0,0,0,0,0,0,0,0,0,0,3,3,0,0,0,0,12,5
trotsky_perm_rev.txt_chunk36,trotsky,2,0,0,0,2,1,5,4,1,1,3,36,0,0,1,4,0,0,0,0,0,0,0,1,1,0,0,0,0,0,0,0,0,0,2,0,0,5,0,1,0,0,0,0,5,0,2,1,1,1,0,0,5,0,0,2,42,2,3,3,2,1,4,7,0,7,1,0,0,1,3,1,0,0,0,0,0,4,0,3,0,0,0,0,3,3,0,0,0,9,0,0,16,0,0,0,0,0,1,4,0,1,0,1,5,0,4,1,1,0,0,0,0,2,2,2,0,0,0,4,1,1,1,1,1,2,2,0,2,0,0,1,10,0,0,0,0,0,1,0,1,1,0,1,1,1,1,1,0,1,0,0,0,0,0,1,0,2,0,4,2,1,1,1,9,3,0,0,0,0,0,0,0,0,0,0,0,0,3,6,0,1,0,0,3,1,1,1,0,0,1,1,0,0,0,0,3,0,1,0,1,1,1,0,0,1,2,0,0,0,0,0,1,0,2,0,0,0,0,0,0,1,1,0,3,2,0,1,0,0,0,0,0,0,0,1,1,0,4,1,0,0,0,0,2,1,0,0,0,0,0,0,0,0,0,0,0,1,0,1,1,2,0,0,2,1,0,0,1,2,0,0,1,0,0,2,0,3,3,0,0,1,1,0,2,4,0,0,0,0,1,1,9,0,3,0,0,1,10,0,0,2,1,0,0,0,0,1,0,0,0,0,1,1,0,1,1,0,0,0,0,1,2,1,2,0,0,2,0,0,0,0,0,0,1,0,0,0,2,2,0,0,0,0,0,0,0,0,0,2,0,0,0,0,0,0,0,0,0,0,0,0,0,0,0,0,0,0,0,0,0,1,0,1,1,3,0,1,0,0,3,0,1,0,0,0,0,0,0,1,0,1,1,0,0,1,1,0,1,0,1,0,0,0,0,0,1,0,0,0,0,0,1,18,2,0,0,2,0,0,5,0,0,1,0,1,0,2,0,0,0,0,1,0,0,0,2,0,0,0,0,0,1,0,0,1,1,1,0,0,0,0,17,0,2,1,4,0,4,2,1,5,0,0,0,0,0,0,1,0,0,0,0,2,0,0,0,0,0,0,0,2,0,2,0,0,0,0,0,0,0,0,1,5,0,0,0,0,0,5
trotsky_perm_rev.txt_chunk4,trotsky,1,0,0,0,1,0,1,6,0,4,0,50,0,0,0,0,0,0,0,0,0,0,4,0,0,0,0,0,0,0,0,0,1,2,1,0,0,5,0,1,0,0,2,2,4,0,3,0,3,5,0,0,4,1,0,0,40,1,3,0,0,0,1,11,0,5,0,0,0,1,0,1,0,0,1,0,0,2,0,0,1,0,0,0,0,3,1,0,2,12,0,0,12,1,0,0,0,0,1,0,0,0,0,0,2,1,3,1,1,0,0,0,0,0,2,0,5,0,0,2,0,0,0,1,4,3,1,0,2,0,1,1,10,0,0,1,2,0,0,1,0,2,1,2,2,1,0,1,1,0,0,0,1,0,1,1,0,1,0,3,2,4,3,2,4,1,1,0,0,0,0,0,0,0,0,1,0,4,2,14,2,0,2,0,2,2,0,1,0,3,3,0,0,0,1,0,3,0,0,0,3,0,0,0,2,1,0,0,2,0,0,0,0,0,1,2,1,0,0,0,0,1,0,1,0,0,0,0,0,0,0,0,0,0,0,0,1,0,3,0,7,0,2,1,0,0,0,0,0,0,0,0,0,0,0,0,0,0,0,0,2,2,0,5,3,0,0,1,0,1,0,0,0,0,0,0,1,5,0,0,0,0,1,0,1,2,2,0,0,0,2,0,1,0,0,2,0,2,0,0,0,0,0,0,0,0,0,0,0,0,0,0,3,0,0,4,0,1,0,1,0,1,0,0,1,0,0,0,0,0,0,2,0,0,1,0,2,0,2,0,0,1,1,0,1,0,0,0,0,0,0,0,0,0,0,0,0,0,0,0,0,1,0,0,0,0,1,0,1,0,1,0,0,1,0,1,0,0,0,0,5,0,0,0,0,0,0,0,0,0,0,0,0,0,0,0,0,0,0,0,1,0,0,6,0,0,0,0,0,0,0,0,0,5,0,0,0,0,0,0,2,1,0,0,0,1,0,0,0,0,0,0,0,0,0,0,0,1,0,1,0,0,0,0,0,2,0,2,0,1,0,0,9,0,0,1,2,0,3,0,0,1,0,0,0,0,2,0,0,0,0,0,0,0,0,0,0,0,0,0,0,0,0,3,0,0,0,6,0,1,0,0,1,1,0,0,0,1,0,4
trotsky_perm_rev.txt_chunk6,trotsky,1,0,0,1,1,0,5,3,2,2,1,38,0,0,1,2,0,0,4,0,0,3,9,0,0,0,0,0,0,0,0,1,0,1,0,0,0,6,0,0,0,0,0,1,4,0,0,2,1,1,0,0,3,0,0,0,38,1,0,4,0,1,1,8,0,11,0,1,0,4,0,1,1,1,0,0,1,0,0,0,1,1,0,0,0,0,4,1,0,11,0,1,16,1,0,0,0,0,1,6,1,0,0,1,6,1,5,1,1,0,0,0,2,2,0,1,3,0,0,4,0,0,0,0,8,0,1,0,1,0,0,0,22,1,1,0,1,2,0,0,2,0,0,0,1,3,2,1,1,2,0,0,1,0,0,1,1,0,1,2,3,1,2,1,5,0,0,1,0,0,3,0,0,0,0,1,0,0,0,10,1,1,4,0,6,2,5,1,0,0,5,4,0,0,0,2,0,2,0,0,1,0,3,1,0,0,0,0,2,0,0,0,0,0,0,0,3,1,0,1,0,0,0,1,0,1,3,0,0,0,0,1,0,3,0,3,0,0,1,1,1,0,0,0,0,1,0,1,0,0,2,0,0,0,0,1,0,0,1,0,3,0,0,0,7,0,0,0,0,0,0,0,0,0,0,3,0,2,0,0,0,4,2,0,1,0,1,1,0,0,0,0,0,0,3,0,0,0,0,0,0,0,2,0,0,0,0,0,0,0,0,0,0,0,0,0,1,0,0,0,0,0,0,1,0,0,0,0,0,1,0,0,1,0,0,0,1,0,0,0,0,0,0,0,0,0,1,0,0,1,0,0,1,0,1,0,0,0,0,0,0,1,0,1,0,0,2,0,0,0,1,0,2,0,0,0,0,1,0,1,2,1,0,0,0,0,0,0,0,0,0,1,0,0,0,0,0,0,0,0,0,2,0,2,0,0,0,1,0,0,0,1,0,1,0,1,0,1,0,0,0,0,2,0,0,1,0,0,0,0,0,0,0,3,0,0,0,0,0,0,0,0,0,0,0,0,0,0,0,0,1,1,8,0,0,0,1,0,2,1,1,1,0,0,0,0,0,0,0,0,1,0,0,0,0,0,0,0,0,0,0,0,0,0,1,0,0,2,0,1,0,0,6,0,0,0,1,0,0,5
trotsky_perm_rev.txt_chunk8,trotsky,12,1,0,0,0,0,10,3,1,6,1,36,0,0,8,1,1,2,0,0,0,2,2,0,1,1,0,0,1,0,0,0,0,1,2,0,0,3,1,0,0,0,0,5,2,1,3,0,0,4,0,3,1,0,0,0,27,0,7,3,0,0,2,7,1,7,1,1,1,0,0,0,0,0,1,1,0,0,0,0,2,2,6,0,0,1,2,1,0,14,0,0,27,2,1,0,0,0,2,1,0,0,1,2,5,1,5,1,1,0,0,0,0,0,5,0,2,0,0,2,0,0,2,1,6,3,0,1,3,1,1,0,9,0,0,1,0,0,0,2,0,0,0,1,1,1,2,1,1,1,1,1,2,1,0,3,0,1,0,2,4,5,2,0,8,3,0,3,0,1,3,0,0,0,0,0,0,0,2,24,1,1,1,2,5,0,3,2,1,0,9,2,0,0,0,2,3,1,0,0,4,0,1,0,0,2,0,0,0,0,1,0,0,0,0,0,0,0,1,1,1,0,0,0,0,0,0,0,0,0,0,2,1,1,0,2,0,1,1,2,2,0,0,0,0,0,0,0,0,0,0,1,0,0,0,1,2,1,0,0,0,0,0,1,3,0,0,0,0,0,0,0,0,0,0,1,0,3,1,0,0,0,0,0,0,0,0,0,0,0,2,1,1,0,1,0,0,0,0,0,0,0,0,0,1,0,0,1,0,0,0,0,0,0,0,1,0,0,0,0,0,0,0,0,0,0,0,0,0,0,2,0,3,0,0,0,1,1,0,0,0,0,0,0,1,0,1,1,0,3,0,0,1,1,2,0,0,0,0,0,0,3,0,1,0,0,0,3,0,0,0,0,2,4,0,1,0,1,1,0,1,0,1,1,0,0,0,0,1,0,0,0,0,1,1,1,0,0,0,0,0,1,0,0,0,0,0,0,0,0,0,1,0,0,1,0,3,3,0,0,0,0,1,0,0,0,0,0,0,0,1,0,0,1,1,0,1,0,0,0,0,1,0,0,0,0,0,0,0,0,0,0,13,0,1,0,2,0,0,0,0,0,0,0,0,0,0,0,0,0,0,0,0,0,0,0,0,0,0,0,0,1,0,0,0,0,0,7,0,9,0,0,6,1,0,0,1,0,3,8
trotsky_treb_zemtsy.txt_chunk2,trotsky,11,0,0,0,2,0,4,1,0,1,1,37,0,0,0,2,1,0,0,0,0,3,1,1,1,0,1,0,0,3,0,4,0,0,1,0,0,4,1,1,0,1,0,2,2,0,1,0,1,4,1,1,4,0,2,0,29,0,2,3,0,0,4,5,0,7,0,0,0,1,3,1,2,2,0,3,0,3,0,1,0,0,0,0,0,0,0,0,0,9,1,0,33,0,0,1,0,0,0,2,0,1,0,0,7,1,6,2,1,1,0,1,0,0,1,7,13,1,1,3,0,0,0,2,3,1,0,1,5,1,0,0,11,0,0,0,0,0,0,3,1,4,0,2,1,2,1,0,0,0,0,0,3,0,0,1,0,1,0,1,0,4,2,0,8,0,1,4,0,0,0,0,0,2,0,1,0,2,2,8,5,1,0,3,3,2,1,3,0,1,0,1,0,1,0,0,1,0,0,0,3,0,0,1,0,1,1,0,0,0,0,0,0,1,0,0,0,1,0,2,0,0,0,0,0,0,0,0,0,2,1,0,0,0,1,0,1,3,0,1,0,0,0,0,0,1,0,0,0,0,1,0,0,0,2,0,0,0,0,0,0,0,0,0,0,0,0,0,0,1,2,0,0,0,0,0,1,0,0,0,0,0,0,0,0,7,0,0,1,0,2,0,0,0,0,1,0,0,0,1,0,0,0,15,0,0,6,1,0,5,0,0,0,0,0,1,1,0,1,1,0,0,0,1,0,0,0,0,2,3,1,0,0,0,0,0,0,0,1,0,0,0,0,1,2,0,0,0,0,0,0,0,0,0,0,0,0,0,0,0,0,0,0,0,1,1,1,1,0,0,1,0,0,1,0,3,0,0,3,0,0,0,1,1,0,0,0,0,1,0,1,0,0,0,0,2,1,0,2,1,1,0,2,0,0,0,1,0,2,2,0,0,0,0,0,0,1,0,0,0,0,6,0,4,1,0,0,0,0,0,0,0,2,3,0,0,0,0,0,0,0,0,0,0,3,0,0,0,0,1,0,0,0,0,0,1,0,0,0,0,1,0,0,0,0,0,1,0,0,1,0,0,0,0,0,0,0,0,0,0,0,0,0,0,0,0,0,0,0,0,0,0,0,0,2,0,0,0,0,0
zasulich_dobrolubov_I.txt_chunk1,zasulich,8,0,1,0,0,1,3,1,0,1,0,38,0,0,2,0,0,0,0,0,0,0,6,2,1,0,0,0,2,1,4,0,0,0,0,0,0,4,0,0,0,2,1,13,0,2,1,2,3,6,3,2,4,0,0,0,30,0,0,2,0,0,2,6,0,2,1,1,1,0,1,0,1,0,4,2,2,1,1,0,0,0,0,0,0,1,2,3,2,13,1,0,20,1,0,2,0,0,1,2,2,1,0,1,10,3,5,2,1,0,0,1,0,1,15,2,3,0,0,6,0,0,1,2,1,0,0,2,5,1,0,0,9,0,1,1,0,3,0,3,1,2,2,1,3,2,0,0,0,0,0,0,0,0,0,1,0,2,2,3,0,2,3,1,4,0,2,2,0,0,6,0,0,0,0,2,0,3,2,11,2,1,4,0,2,1,3,2,1,0,0,0,2,0,0,0,0,0,0,0,0,0,0,0,0,0,0,1,1,0,0,0,0,0,0,1,1,0,0,0,0,0,0,0,1,1,0,1,0,0,2,2,0,2,1,0,0,1,0,1,1,0,0,0,0,0,0,0,0,0,0,0,0,0,0,0,0,2,1,1,0,0,0,1,1,0,0,0,0,0,0,0,0,0,1,0,0,0,0,0,0,0,0,1,0,0,0,1,0,1,1,0,0,0,0,0,0,0,0,1,0,1,0,0,0,0,0,0,0,0,0,0,0,0,0,0,1,1,1,1,0,0,1,2,0,0,3,0,0,2,0,0,0,0,0,0,2,4,1,0,0,1,0,0,2,0,0,0,0,0,1,0,0,0,0,0,0,0,0,0,1,1,0,1,0,1,0,0,0,0,0,1,0,1,0,0,0,2,4,5,0,0,1,0,0,0,0,0,1,0,0,0,0,0,1,0,0,1,0,0,0,0,0,0,1,0,1,2,1,1,0,0,0,0,0,0,1,0,0,0,0,0,0,0,0,0,0,0,0,0,1,0,0,0,3,0,1,0,0,0,0,0,0,0,0,0,0,0,0,0,0,0,0,1,0,0,0,0,0,0,0,0,0,0,0,0,0,0,0,0,0,0,0,0,0,0,1,0,0,0,0,0,0,0,0,0,0,1,0,0,0,0,0,0,0,0,0,0,0,0
zasulich_dobrolubov_I.txt_chunk2,zasulich,2,0,0,1,3,0,4,2,0,1,1,30,1,0,2,0,0,0,0,0,1,1,3,1,2,1,0,1,1,1,1,0,0,0,1,0,1,5,2,0,0,0,1,9,0,4,2,1,3,6,1,0,3,0,0,0,42,0,6,0,2,0,7,8,2,8,0,4,0,2,2,1,0,2,2,0,0,1,0,0,0,0,0,1,0,1,1,1,0,16,0,1,26,1,0,1,1,0,2,0,2,1,2,2,15,2,3,0,1,1,1,1,0,0,17,3,3,1,0,13,0,1,0,1,4,1,0,0,0,0,0,1,7,1,0,0,0,0,2,1,3,0,0,1,0,0,2,0,0,0,0,0,0,0,3,2,0,1,1,3,0,7,1,1,3,1,1,0,1,0,2,0,0,1,0,0,3,3,1,18,3,1,2,1,6,2,0,0,1,0,5,1,0,1,0,0,2,0,0,1,2,0,0,0,1,2,0,3,0,1,0,0,0,0,2,2,0,0,1,0,2,1,0,1,1,0,0,0,0,1,0,0,0,3,0,2,0,0,0,1,0,0,0,0,0,1,0,0,0,0,0,0,5,0,1,0,0,0,0,0,0,0,0,0,0,0,0,0,0,0,0,0,0,0,1,0,0,1,0,0,0,0,0,1,0,0,1,0,0,1,1,0,0,0,0,0,0,1,0,1,0,0,0,1,0,0,0,0,0,0,0,0,0,0,0,1,1,1,0,0,0,0,1,0,0,0,0,0,0,0,7,0,1,0,0,0,3,0,1,0,0,1,0,0,0,0,1,1,0,0,0,0,0,1,1,0,1,0,0,0,2,0,0,0,2,0,2,0,0,0,0,1,0,0,0,3,0,0,2,0,1,0,0,0,1,0,0,0,1,0,0,0,1,0,0,0,0,0,0,0,0,1,0,1,0,0,0,2,1,0,0,2,1,0,0,0,0,1,0,0,0,0,0,0,0,0,0,0,0,0,3,0,0,0,0,1,0,0,0,0,0,0,0,0,0,0,1,0,0,0,0,0,1,0,0,0,0,0,0,0,0,0,0,0,0,1,2,0,0,0,0,0,0,0,0,0,0,0,0,0,0,0,0,0,1,0,0,0,0,0,0,0,0,0,0,0,0,0,0,0
zasulich_dobrolubov_I.txt_chunk3,zasulich,7.782101167315175,0,0,0,0,0,19.45525291828794,5.188067444876784,1.297016861219196,5.188067444876784,1.297016861219196,29.831387808041505,0,0,1.297016861219196,0,0,0,0,0,0,3.8910505836575875,7.782101167315175,2.594033722438392,1.297016861219196,0,0,0,3.8910505836575875,0,0,0,0,0,0,0,0,5.188067444876784,0,0,0,0,0,2.594033722438392,1.297016861219196,0,6.485084306095979,0,2.594033722438392,5.188067444876784,0,3.8910505836575875,3.8910505836575875,0,1.297016861219196,0,38.91050583657588,1.297016861219196,2.594033722438392,2.594033722438392,1.297016861219196,0,3.8910505836575875,7.782101167315175,0,6.485084306095979,0,2.594033722438392,0,0,1.297016861219196,1.297016861219196,1.297016861219196,0,1.297016861219196,0,0,2.594033722438392,0,0,0,0,0,0,1.297016861219196,3.8910505836575875,0,0,3.8910505836575875,3.8910505836575875,0,1.297016861219196,29.831387808041505,1.297016861219196,0,0,1.297016861219196,0,0,0,2.594033722438392,1.297016861219196,0,2.594033722438392,10.376134889753567,5.188067444876784,2.594033722438392,1.297016861219196,0,0,0,0,0,0,2.594033722438392,0,6.485084306095979,0,0,12.970168612191959,0,0,0,0,0,0,0,0,0,0,0,0,9.079118028534372,0,1.297016861219196,1.297016861219196,0,0,1.297016861219196,1.297016861219196,0,0,1.297016861219196,0,3.8910505836575875,3.8910505836575875,0,0,0,0,0,0,0,0,0,2.594033722438392,0,1.297016861219196,1.297016861219196,0,0,7.782101167315175,2.594033722438392,0,6.485084306095979,0,1.297016861219196,0,1.297016861219196,0,3.8910505836575875,0,0,0,0,5.188067444876784,0,0,0,6.485084306095979,9.079118028534372,0,0,1.297016861219196,2.594033722438392,0,0,0,0,0,0,2.594033722438392,0,0,0,0,2.594033722438392,0,0,0,1.297016861219196,0,0,1.297016861219196,1.297016861219196,0,1.297016861219196,1.297016861219196,0,0,0,0,0,0,0,2.594033722438392,0,0,0,0,0,0,0,0,1.297016861219196,0,1.297016861219196,0,0,0,1.297016861219196,0,0,1.297016861219196,1.297016861219196,0,0,0,0,1.297016861219196,0,2.594033722438392,1.297016861219196,0,0,0,0,0,0,0,0,2.594033722438392,2.594033722438392,0,0,0,0,0,0,0,0,0,0,1.297016861219196,0,0,0,0,1.297016861219196,0,0,0,0,0,0,0,0,2.594033722438392,0,0,0,0,0,0,0,0,0,0,0,2.594033722438392,3.8910505836575875,0,0,0,0,0,0,0,0,0,0,0,0,0,0,0,0,0,0,0,1.297016861219196,0,0,0,0,1.297016861219196,0,0,0,1.297016861219196,0,0,0,1.297016861219196,0,0,0,1.297016861219196,0,2.594033722438392,5.188067444876784,0,0,0,0,0,0,1.297016861219196,0,0,0,1.297016861219196,2.594033722438392,1.297016861219196,0,0,0,1.297016861219196,0,0,0,0,0,0,1.297016861219196,0,0,0,0,0,1.297016861219196,0,0,0,0,2.594033722438392,5.188067444876784,0,0,0,0,0,0,1.297016861219196,0,1.297016861219196,0,0,1.297016861219196,1.297016861219196,0,0,0,1.297016861219196,0,0,0,1.297016861219196,0,0,0,0,0,0,0,0,0,0,0,0,0,0,0,0,1.297016861219196,0,1.297016861219196,1.297016861219196,0,0,0,2.594033722438392,1.297016861219196,0,0,2.594033722438392,5.188067444876784,0,0,0,0,0,0,0,6.485084306095979,0,0,0,0,0,2.594033722438392,0,0,0,0,0,0,0,0,0,0,0,0,1.297016861219196,0,0,1.297016861219196,0,1.297016861219196,0,0,1.297016861219196,0,0,0,0,0,0,0,0,0,2.594033722438392,0,0,0,0,0,0,0,0,1.297016861219196,0,0,0,0,0,1.297016861219196,0,0,0,0,0,0,0,0,0,0,0,0,0,0,1.297016861219196,0,0,0,0,2.594033722438392,0,0,0
zasulich_merged_skiy_I.txt_ionala.txt_icha_I.txt,zasulich,7.022471910112359,0,0,0,1.4044943820224718,2.8089887640449436,5.617977528089887,0,1.4044943820224718,4.213483146067416,0,25.280898876404493,0,0,2.8089887640449436,1.4044943820224718,0,0,0,0,0,5.617977528089887,12.640449438202246,0,0,0,0,0,1.4044943820224718,1.4044943820224718,0,1.4044943820224718,0,0,1.4044943820224718,0,0,7.022471910112359,1.4044943820224718,0,0,0,0,8.426966292134832,0,1.4044943820224718,8.426966292134832,1.4044943820224718,4.213483146067416,4.213483146067416,2.8089887640449436,1.4044943820224718,8.426966292134832,0,0,0,22.47191011235955,0,7.022471910112359,8.426966292134832,2.8089887640449436,0,4.213483146067416,5.617977528089887,0,4.213483146067416,0,0,1.4044943820224718,0,0,0,1.4044943820224718,0,1.4044943820224718,4.213483146067416,1.4044943820224718,2.8089887640449436,2.8089887640449436,1.4044943820224718,0,0,1.4044943820224718,2.8089887640449436,2.8089887640449436,1.4044943820224718,1.4044943820224718,0,0,16.853932584269664,1.4044943820224718,1.4044943820224718,18.258426966292134,2.8089887640449436,1.4044943820224718,1.4044943820224718,0,0,1.4044943820224718,1.4044943820224718,0,0,2.8089887640449436,0,9.831460674157302,4.213483146067416,1.4044943820224718,1.4044943820224718,0,0,1.4044943820224718,1.4044943820224718,4.213483146067416,0,12.640449438202246,1.4044943820224718,4.213483146067416,0,0,7.022471910112359,0,0,0,0,4.213483146067416,0,0,1.4044943820224718,1.4044943820224718,0,1.4044943820224718,0,14.044943820224718,1.4044943820224718,0,1.4044943820224718,0,0,1.4044943820224718,1.4044943820224718,0,1.4044943820224718,1.4044943820224718,0,0,1.4044943820224718,4.213483146067416,0,1.4044943820224718,0,0,0,0,0,0,1.4044943820224718,0,0,2.8089887640449436,0,4.213483146067416,5.617977528089887,0,0,14.044943820224718,0,1.4044943820224718,0,0,0,4.213483146067416,0,1.4044943820224718,0,0,0,1.4044943820224718,0,0,15.44943820224719,5.617977528089887,0,0,0,7.022471910112359,1.4044943820224718,5.617977528089887,0,0,0,0,1.4044943820224718,0,0,0,0,0,0,0,0,0,0,0,1.4044943820224718,1.4044943820224718,4.213483146067416,0,1.4044943820224718,0,1.4044943820224718,1.4044943820224718,0,0,1.4044943820224718,1.4044943820224718,0,0,0,0,0,0,0,0,1.4044943820224718,0,1.4044943820224718,0,0,0,0,4.213483146067416,0,0,1.4044943820224718,1.4044943820224718,0,1.4044943820224718,0,0,1.4044943820224718,1.4044943820224718,0,0,0,1.4044943820224718,1.4044943820224718,0,0,0,0,0,0,0,0,1.4044943820224718,1.4044943820224718,0,0,0,0,0,0,0,0,0,0,0,0,1.4044943820224718,0,4.213483146067416,0,0,1.4044943820224718,0,1.4044943820224718,0,0,0,0,1.4044943820224718,0,1.4044943820224718,1.4044943820224718,2.8089887640449436,0,0,0,0,0,1.4044943820224718,0,0,0,0,0,0,1.4044943820224718,0,0,0,0,0,0,0,0,0,0,0,0,0,2.8089887640449436,0,0,0,2.8089887640449436,1.4044943820224718,0,1.4044943820224718,2.8089887640449436,1.4044943820224718,0,0,0,0,1.4044943820224718,0,1.4044943820224718,0,1.4044943820224718,2.8089887640449436,1.4044943820224718,0,0,0,0,4.213483146067416,0,0,0,1.4044943820224718,0,0,0,0,0,0,0,0,0,1.4044943820224718,0,1.4044943820224718,0,0,0,1.4044943820224718,1.4044943820224718,0,0,0,0,0,1.4044943820224718,1.4044943820224718,0,0,0,0,0,0,0,1.4044943820224718,1.4044943820224718,0,2.8089887640449436,0,0,1.4044943820224718,0,0,0,0,0,0,0,0,0,0,0,0,0,0,0,0,0,0,0,0,0,0,0,1.4044943820224718,0,1.4044943820224718,0,0,0,0,0,1.4044943820224718,0,0,0,0,0,1.4044943820224718,0,0,0,0,0,0,0,0,0,0,0,0,0,0,1.4044943820224718,0,0,0,4.213483146067416,0,0,0,0,0,0,0,0,0,0,0,0,0,0,0,0,0,0,0,0,0,0,0,0,0,0,0,0,0,0,1.4044943820224718,0,1.4044943820224718,1.4044943820224718,0,0,0,1.4044943820224718,0,0,0,0,0,0,0,0,1.4044943820224718,0,0,0,0,0,0,0,0,4.213483146067416,0,0,0,0,0,1.4044943820224718,0,0
zasulich_mihailovskiy_I.txt_chunk1,zasulich,3,0,0,0,2,0,2,2,4,1,2,37,0,0,0,0,0,0,2,0,0,4,3,1,2,0,1,0,1,0,0,1,0,0,0,1,0,7,1,0,0,0,0,11,0,4,0,1,5,0,1,1,5,2,0,0,38,0,6,2,1,0,2,9,1,10,0,5,0,1,0,0,2,0,2,0,0,3,0,0,0,0,0,0,0,0,1,1,0,13,0,0,29,2,1,0,0,2,0,3,0,1,4,0,8,0,0,1,1,1,2,0,0,1,5,1,1,0,0,4,0,0,0,0,8,1,0,0,0,1,0,0,12,0,0,0,0,1,3,2,0,1,0,2,1,0,1,0,2,0,2,0,0,0,1,6,0,0,0,2,2,4,2,0,3,0,0,0,0,0,0,0,0,0,1,0,1,1,0,6,3,0,0,1,6,2,3,0,0,0,0,4,0,0,0,0,0,0,1,0,3,0,0,0,2,1,0,1,2,2,0,0,0,0,2,1,1,0,0,0,0,1,1,0,0,0,0,2,1,0,2,1,0,6,0,2,0,0,1,2,0,0,0,1,2,0,0,0,0,1,1,0,1,1,0,2,0,0,0,0,0,0,0,1,1,0,0,0,0,3,0,0,0,0,0,1,0,0,0,0,1,0,2,2,1,0,0,0,0,2,1,1,0,0,2,1,0,0,0,0,0,0,1,2,0,0,1,1,0,0,0,0,0,1,0,3,0,1,4,0,0,1,0,1,0,0,2,0,0,0,2,0,1,1,2,0,5,0,1,1,0,0,0,1,1,0,4,1,0,1,0,0,0,0,1,0,0,1,0,0,0,0,0,1,0,0,0,0,0,2,0,0,0,0,0,1,0,0,1,0,0,0,2,0,0,0,0,0,0,1,0,0,0,2,0,1,0,0,0,0,0,0,0,1,0,0,0,0,0,1,1,1,0,1,2,1,0,1,0,0,0,0,1,0,0,0,0,0,0,0,3,0,0,0,1,0,0,0,0,0,0,0,0,0,0,0,0,0,0,0,0,0,0,0,3,0,0,0,0,0,0,0,0,1,0,0,0,0,0,1,0,0,0,0,0,0,2,0,0,0,1,0,7,0,1,0,0,0,0,0,0,0,0,0,0,0,0,0,0,0
zasulich_o_chem_govoryat_nam_I.txt_chunk1,zasulich,6,0,0,0,1,0,4,0,3,2,2,42,0,0,0,0,0,0,2,0,0,1,6,0,0,0,0,0,1,1,1,1,0,0,1,0,0,0,0,1,0,0,0,1,0,1,4,0,5,3,0,1,1,1,0,0,43,0,8,5,0,0,7,4,0,7,0,2,1,1,3,0,0,0,0,0,2,3,0,1,0,0,0,0,0,3,0,0,1,18,0,0,22,0,0,1,0,1,2,0,2,2,2,1,7,0,3,1,0,1,1,1,2,1,3,2,0,1,0,0,0,0,2,1,4,1,0,0,0,2,3,0,15,1,0,3,0,0,0,2,0,1,2,2,0,0,2,0,1,0,0,0,0,0,0,1,0,0,1,2,0,5,2,1,3,0,2,0,1,1,3,0,0,0,0,0,0,6,0,11,1,1,4,0,4,1,1,0,1,0,0,3,0,0,0,0,3,0,0,0,2,0,1,0,0,1,0,0,0,1,2,0,0,0,0,2,1,0,0,0,0,0,0,0,2,1,0,0,1,2,1,0,0,3,0,0,0,0,2,6,0,0,2,4,1,2,0,0,0,1,0,0,0,0,0,1,0,0,0,0,1,0,2,1,5,0,0,0,6,0,0,0,0,1,1,1,0,0,0,0,0,0,1,0,1,0,0,0,0,0,1,0,0,0,0,0,0,0,0,0,0,0,1,0,0,1,0,0,0,0,0,1,5,0,0,2,1,0,1,0,0,0,0,3,0,0,0,0,0,1,0,0,0,0,0,0,0,0,0,0,0,1,0,1,0,0,0,1,0,2,1,0,0,0,1,0,2,0,0,0,0,2,1,0,1,1,1,1,0,1,0,0,0,0,0,0,0,1,3,1,0,0,0,0,1,0,1,0,1,0,0,3,1,0,2,1,0,1,0,0,0,0,0,0,0,0,1,0,0,0,0,1,0,1,0,1,1,0,0,0,0,0,0,0,0,1,0,0,0,0,0,2,0,0,1,0,0,1,2,1,0,0,0,0,3,0,1,0,0,3,0,1,2,0,0,0,0,0,0,0,0,0,0,0,0,0,0,1,1,1,2,1,0,0,1,0,0,0,1,0,0,0,0,0,0,0,0,0,0,0,0,2,0,0,0,1,0,0,0,0
zasulich_o_chem_govoryat_nam_I.txt_chunk2,zasulich,5,0,0,2,2,1,7,0,3,6,0,35,1,0,4,0,0,0,0,0,0,2,11,3,0,0,0,0,3,1,0,0,0,1,1,0,0,3,0,1,1,0,1,4,0,3,5,1,3,4,1,0,3,0,1,0,23,0,0,1,1,1,2,4,0,7,0,3,3,0,1,0,1,0,0,1,0,1,0,0,0,1,2,2,3,7,2,0,0,18,0,0,24,2,1,3,0,0,2,1,1,0,0,3,12,0,3,1,0,0,0,0,1,0,2,2,3,0,0,4,0,0,1,0,2,4,2,0,0,0,1,1,11,0,0,0,2,0,1,1,0,2,0,2,0,1,0,0,0,1,0,0,1,0,1,1,0,0,0,4,0,6,0,0,10,1,1,2,0,1,4,1,0,0,0,0,0,2,1,10,1,0,2,2,6,3,0,1,0,0,0,0,0,0,0,1,3,0,0,1,1,0,0,0,0,0,0,0,0,0,0,0,1,1,0,5,0,0,0,0,0,0,0,0,0,2,0,0,2,2,0,0,0,4,0,0,0,0,2,5,0,0,6,5,3,2,0,2,1,1,1,1,0,2,2,0,0,0,0,0,0,0,1,2,2,0,0,1,0,0,0,0,2,6,0,4,0,0,0,0,1,0,0,0,0,0,2,1,0,0,2,0,0,0,0,0,0,0,0,0,0,0,0,0,0,0,0,0,0,1,1,1,2,1,0,2,0,1,1,1,0,1,2,5,0,0,0,0,0,4,3,0,0,0,0,0,0,0,1,0,0,1,0,0,0,0,0,1,1,0,0,0,0,0,0,0,0,0,0,1,0,1,1,1,0,1,1,0,1,0,1,0,1,1,0,0,0,0,1,0,0,0,1,0,0,0,0,1,0,1,0,1,0,0,1,1,0,1,0,0,0,0,0,0,1,0,1,0,2,0,1,1,0,0,0,0,0,0,0,0,0,0,0,0,4,2,0,0,0,0,1,0,0,0,0,0,0,0,0,0,0,1,0,2,0,0,2,0,0,0,0,0,1,0,2,0,0,0,0,0,1,1,0,1,1,0,1,2,3,0,0,0,0,0,0,0,1,0,0,0,0,0,0,0,0,0,0,0,0,0,0,2,0,0,0,0,0,0,0,0
zasulich_o_chem_govoryat_nam_I.txt_chunk3,zasulich,8,0,0,3,2,2,11,2,2,5,4,31,0,0,2,0,0,0,0,0,0,2,3,1,4,0,0,0,0,0,0,0,2,0,3,0,0,5,0,1,3,0,0,4,1,0,2,0,2,6,1,0,4,1,0,0,27,0,4,5,0,1,3,7,0,9,0,5,3,1,1,0,0,1,0,0,0,5,0,0,0,0,1,0,0,5,2,0,1,20,0,3,27,0,2,0,0,1,1,7,2,0,1,1,8,3,9,1,0,0,0,0,1,0,2,5,4,0,0,2,0,0,3,1,2,1,1,0,7,0,2,0,8,1,0,1,0,1,0,0,0,0,0,1,0,1,2,1,0,2,2,0,3,0,1,1,0,0,2,0,0,4,1,1,2,5,0,1,0,1,7,1,1,0,0,0,0,3,0,15,2,1,2,0,6,0,0,0,0,0,0,1,0,2,0,0,2,0,0,0,3,0,0,1,1,2,1,0,1,0,0,0,0,0,0,0,0,0,1,0,0,0,0,0,0,0,2,0,0,2,0,0,0,7,0,2,0,0,1,1,0,0,1,1,0,1,0,5,0,0,0,0,1,0,0,0,1,1,0,1,0,0,1,0,3,1,0,1,1,0,1,0,0,1,2,2,0,0,1,2,0,1,0,0,1,1,0,0,0,1,1,0,0,0,0,0,0,0,0,3,0,1,0,3,0,0,0,0,0,0,1,0,3,0,0,1,0,0,1,0,0,0,0,1,0,0,0,0,0,0,1,1,2,0,0,0,0,0,0,0,0,1,0,0,0,0,0,0,0,0,1,0,0,0,1,0,0,0,0,0,0,2,0,0,0,0,0,1,0,0,0,0,1,2,0,0,0,1,1,0,0,0,0,0,0,1,1,0,1,0,0,0,0,1,4,2,1,0,0,1,2,0,0,0,0,0,0,0,0,4,0,4,0,0,0,0,0,0,0,0,0,0,0,0,0,0,0,0,0,0,0,0,0,0,2,0,0,1,0,1,0,0,0,0,2,0,4,0,0,0,0,0,4,3,2,2,1,0,0,0,0,0,0,0,1,0,1,0,2,0,1,0,0,0,0,0,1,0,0,0,0,0,0,0,0,0,0,0,0,0,0,1,0,0,0,0,1,0,0,0
zasulich_o_chem_govoryat_nam_I.txt_chunk4,zasulich,6.25,0,0,2.0833333333333335,6.25,1.0416666666666667,12.5,3.125,2.0833333333333335,6.25,4.166666666666667,43.75,0,0,3.125,0,0,0,0,0,0,1.0416666666666667,6.25,1.0416666666666667,1.0416666666666667,0,0,0,2.0833333333333335,0,0,0,1.0416666666666667,0,1.0416666666666667,0,0,4.166666666666667,0,5.208333333333333,3.125,0,0,4.166666666666667,1.0416666666666667,0,5.208333333333333,0,7.291666666666667,3.125,0,1.0416666666666667,0,2.0833333333333335,1.0416666666666667,0,29.166666666666668,0,2.0833333333333335,3.125,0,1.0416666666666667,1.0416666666666667,8.333333333333334,0,6.25,0,2.0833333333333335,3.125,1.0416666666666667,0,0,0,0,2.0833333333333335,1.0416666666666667,0,4.166666666666667,0,0,0,0,2.0833333333333335,0,2.0833333333333335,5.208333333333333,4.166666666666667,3.125,1.0416666666666667,7.291666666666667,0,0,13.541666666666668,2.0833333333333335,0,0,1.0416666666666667,1.0416666666666667,1.0416666666666667,4.166666666666667,2.0833333333333335,2.0833333333333335,1.0416666666666667,0,10.416666666666666,1.0416666666666667,9.375,0,0,1.0416666666666667,0,0,1.0416666666666667,1.0416666666666667,0,3.125,1.0416666666666667,0,0,5.208333333333333,1.0416666666666667,0,1.0416666666666667,1.0416666666666667,8.333333333333334,1.0416666666666667,0,0,2.0833333333333335,1.0416666666666667,3.125,1.0416666666666667,6.25,1.0416666666666667,0,1.0416666666666667,0,0,1.0416666666666667,1.0416666666666667,1.0416666666666667,0,0,1.0416666666666667,0,2.0833333333333335,0,0,0,2.0833333333333335,0,0,2.0833333333333335,0,0,1.0416666666666667,0,0,0,0,0,3.125,2.0833333333333335,1.0416666666666667,3.125,3.125,2.0833333333333335,1.0416666666666667,0,0,2.0833333333333335,0,0,0,0,0,0,3.125,0,10.416666666666666,7.291666666666667,2.0833333333333335,0,0,4.166666666666667,3.125,2.0833333333333335,2.0833333333333335,0,0,0,1.0416666666666667,1.0416666666666667,1.0416666666666667,1.0416666666666667,0,5.208333333333333,2.0833333333333335,0,0,2.0833333333333335,0,1.0416666666666667,0,1.0416666666666667,2.0833333333333335,2.0833333333333335,0,0,1.0416666666666667,0,0,1.0416666666666667,0,1.0416666666666667,0,0,0,2.0833333333333335,0,0,0,0,0,1.0416666666666667,0,1.0416666666666667,1.0416666666666667,2.0833333333333335,0,0,1.0416666666666667,0,7.291666666666667,0,0,0,1.0416666666666667,1.0416666666666667,0,0,0,1.0416666666666667,4.166666666666667,5.208333333333333,0,0,2.0833333333333335,1.0416666666666667,2.0833333333333335,2.0833333333333335,0,0,1.0416666666666667,1.0416666666666667,2.0833333333333335,0,0,0,0,0,1.0416666666666667,0,0,0,0,1.0416666666666667,2.0833333333333335,0,0,0,0,3.125,9.375,0,1.0416666666666667,0,0,0,0,0,0,0,0,0,1.0416666666666667,0,1.0416666666666667,0,0,3.125,1.0416666666666667,0,2.0833333333333335,1.0416666666666667,0,0,0,0,0,0,0,0,0,0,0,0,0,0,1.0416666666666667,0,1.0416666666666667,3.125,1.0416666666666667,0,0,0,0,1.0416666666666667,0,1.0416666666666667,1.0416666666666667,1.0416666666666667,2.0833333333333335,0,0,0,0,0,1.0416666666666667,2.0833333333333335,0,1.0416666666666667,0,0,0,1.0416666666666667,1.0416666666666667,0,1.0416666666666667,0,0,0,0,4.166666666666667,0,1.0416666666666667,0,0,0,1.0416666666666667,0,2.0833333333333335,0,0,0,0,1.0416666666666667,1.0416666666666667,0,1.0416666666666667,2.0833333333333335,0,0,0,0,0,0,0,0,0,0,0,2.0833333333333335,0,4.166666666666667,0,1.0416666666666667,0,1.0416666666666667,0,0,0,0,1.0416666666666667,2.0833333333333335,1.0416666666666667,1.0416666666666667,0,0,0,0,0,0,0,0,0,0,0,1.0416666666666667,0,0,1.0416666666666667,1.0416666666666667,0,0,0,2.0833333333333335,0,2.0833333333333335,0,2.0833333333333335,0,1.0416666666666667,0,0,1.0416666666666667,1.0416666666666667,0,0,0,0,0,0,0,0,0,0,1.0416666666666667,0,0,0,0,0,0,0,0,0,0,0,0,0,0,0,0,0,0,0,0,0,0,1.0416666666666667,9.375,1.0416666666666667,1.0416666666666667,2.0833333333333335,4.166666666666667,0,0,0,0,0,0,0,1.0416666666666667,0,2.0833333333333335,1.0416666666666667,3.125,0,1.0416666666666667,0,0,0,0,0,0,0,1.0416666666666667,0,0,0,0,1.0416666666666667,0,0,0,0,0,0,0,3.125,0,0,0,0,0,0,0,0
zasulich_ocherk_istorii_1internacionala.txt_chunk1,zasulich,2,0,0,0,1,1,1,2,4,3,1,45,1,0,4,0,0,0,1,0,1,2,4,1,0,1,0,1,2,1,1,0,0,0,0,0,0,4,0,1,0,2,0,11,1,0,0,0,3,4,0,1,6,0,0,0,36,0,4,5,1,0,6,11,0,2,0,0,2,0,1,0,0,0,1,1,0,6,0,1,0,1,1,0,0,0,0,0,0,7,1,0,15,2,0,2,0,0,0,3,0,3,2,1,6,1,6,1,2,1,0,1,0,0,4,0,3,5,0,6,0,0,2,0,8,0,1,0,2,0,0,0,12,0,0,2,0,0,1,1,0,0,0,2,1,0,0,0,0,0,0,0,1,0,0,2,2,1,1,0,2,1,3,3,1,1,0,0,0,0,1,0,0,0,0,0,0,0,0,5,0,0,1,2,0,4,0,1,1,1,0,0,1,0,0,0,1,0,0,0,0,0,1,0,0,2,0,0,0,0,0,0,0,0,3,2,0,0,0,0,1,0,0,0,0,0,0,0,0,1,0,0,0,1,1,0,0,0,2,2,0,0,3,2,1,2,0,1,0,5,0,0,1,0,0,1,0,0,0,0,0,0,1,3,3,0,0,5,2,1,1,0,1,0,0,1,0,0,0,0,1,2,0,1,0,0,2,0,0,0,1,0,0,0,0,0,3,0,0,0,0,0,1,0,0,0,1,0,1,0,2,0,9,2,0,0,0,0,0,0,0,0,1,1,0,0,0,1,0,0,2,0,1,0,0,0,1,0,1,0,0,0,0,0,1,0,0,0,0,0,1,0,1,0,2,0,0,0,1,1,0,1,0,1,0,0,0,0,0,1,0,0,1,0,0,0,0,0,5,0,0,0,1,0,1,0,0,0,0,0,0,0,1,0,0,0,0,0,0,2,0,0,0,2,0,0,0,0,0,0,0,0,0,0,0,1,0,0,0,1,5,0,0,0,0,2,2,2,4,0,2,0,1,0,0,0,0,0,0,2,0,0,1,4,0,1,1,0,0,0,0,0,0,0,0,0,0,2,1,0,0,0,0,0,0,0,0,0,1,0,0,2,0,0,0,0,0,0,1,0,0,0,1,0,0,0,0,0,0,0,0,0,0,0,0,0,1,6,0,0
zasulich_ocherk_istorii_1internacionala.txt_chunk10,zasulich,2,0,0,0,1,0,2,0,1,3,1,32,0,1,1,4,1,1,0,0,0,2,2,0,1,0,0,0,1,0,0,0,1,0,0,0,0,3,1,0,1,1,0,2,0,0,0,1,3,8,0,0,2,0,0,1,32,0,7,0,1,0,9,7,0,6,0,0,1,1,0,0,0,0,1,0,0,6,1,3,0,0,0,0,4,0,1,1,1,20,0,0,10,2,0,2,0,0,0,2,1,0,0,1,7,0,7,4,0,0,0,0,0,0,4,0,2,0,0,5,0,0,1,0,8,2,0,0,4,0,2,1,7,1,0,2,0,0,1,1,0,1,1,1,0,1,1,0,0,0,1,1,0,0,0,3,3,0,1,6,0,5,0,0,4,1,1,0,1,0,0,0,0,0,1,1,0,1,0,7,6,1,1,0,1,0,2,2,0,1,5,2,1,0,1,0,0,1,0,0,1,1,0,0,1,1,0,0,2,1,0,0,0,0,3,1,0,0,1,1,0,0,1,2,0,0,0,0,0,0,2,1,0,6,2,2,0,0,3,2,0,0,0,0,0,1,0,0,0,4,1,2,2,0,0,0,0,0,0,0,0,0,0,0,4,2,0,3,1,1,0,1,0,0,2,2,0,2,0,0,2,0,0,0,1,0,0,0,0,0,0,0,0,0,1,1,0,0,0,1,0,0,0,0,0,0,0,0,0,1,0,0,4,0,0,0,0,0,0,0,0,0,0,1,1,0,0,0,0,4,2,0,0,1,5,2,1,1,0,0,0,0,1,0,0,0,0,0,0,0,0,0,0,0,0,0,0,0,0,0,1,1,0,0,0,0,0,0,1,1,0,1,0,1,1,0,0,1,1,0,2,0,1,0,0,0,0,0,0,0,0,0,1,1,0,0,0,0,0,2,0,0,0,0,0,2,0,0,0,1,0,0,0,0,0,2,0,2,1,1,0,0,0,2,0,2,0,0,0,0,0,0,0,1,0,1,0,0,0,0,0,0,1,0,0,0,3,0,0,0,0,0,0,0,0,0,0,2,0,0,0,0,0,0,0,0,2,0,0,0,0,1,0,0,0,0,0,0,1,0,0,0,0,0,0,0,0,1,0,0,0,1,0,0,0,0,4,1,0,0
zasulich_ocherk_istorii_1internacionala.txt_chunk11,zasulich,5,0,0,0,1,2,4,1,1,3,3,22,0,1,1,2,2,0,0,0,1,0,8,0,0,0,0,0,0,0,0,0,0,1,0,0,0,0,2,0,0,1,1,2,2,0,2,2,1,4,0,0,3,2,0,0,34,0,3,4,1,0,5,7,1,5,0,0,0,0,0,0,0,1,0,0,0,1,0,1,1,0,1,1,0,1,0,0,0,23,0,0,16,1,0,1,1,0,1,3,2,0,1,0,6,0,4,2,1,1,0,0,2,1,3,0,4,0,0,4,1,0,1,1,5,1,0,0,0,0,0,0,10,0,0,0,1,1,0,2,0,1,1,1,4,0,0,0,0,0,0,0,1,0,1,4,4,0,0,1,1,4,1,1,1,1,0,0,0,0,0,0,0,0,0,0,0,2,0,15,3,1,1,0,4,2,3,3,2,0,9,3,1,0,0,0,2,0,0,1,0,0,0,0,0,2,0,0,1,0,0,1,0,0,1,0,2,1,0,0,0,0,0,0,0,0,0,0,0,0,0,0,2,3,1,0,2,0,1,0,1,0,0,0,0,1,0,0,0,1,0,1,0,0,0,0,0,0,0,0,0,0,0,0,7,0,0,2,2,1,0,1,0,0,0,4,0,1,0,0,2,0,0,0,0,2,0,0,0,0,0,0,0,0,0,1,0,0,0,1,0,0,0,1,0,0,0,2,0,0,0,0,3,0,0,0,0,0,0,0,0,0,0,3,0,0,0,0,0,0,1,0,0,1,4,2,3,0,0,0,0,0,0,0,0,2,0,0,0,0,0,0,0,0,1,1,1,0,0,0,0,1,0,0,0,0,0,0,0,0,0,0,0,1,0,0,1,1,0,0,1,0,0,0,1,0,1,0,1,0,0,0,0,0,1,1,0,0,0,0,1,1,0,1,1,5,0,1,0,0,0,0,0,2,0,2,1,2,0,1,2,0,1,2,0,1,0,0,0,0,0,0,0,4,0,7,0,0,1,0,1,0,1,1,0,0,0,0,0,2,0,0,0,0,0,0,0,0,0,0,0,0,0,0,0,0,0,0,0,0,0,0,0,0,0,0,0,0,0,0,0,1,0,0,0,1,0,0,0,0,0,5,0,0,0,0,1,9,0,0
zasulich_ocherk_istorii_1internacionala.txt_chunk12,zasulich,6,0,2,2,1,0,4,0,5,2,1,34,0,0,5,0,0,0,0,0,1,3,4,1,1,0,0,0,3,2,4,0,0,1,1,0,0,5,0,1,0,2,1,8,2,0,0,0,1,7,3,0,4,1,0,0,33,0,5,1,0,1,2,5,1,6,0,0,1,0,1,0,2,0,1,0,3,3,1,1,0,0,0,1,1,0,0,0,0,12,1,0,20,0,0,0,1,0,1,3,0,1,1,2,7,0,6,1,1,0,0,0,1,0,6,2,2,3,0,7,0,0,1,1,5,2,0,1,1,0,0,0,9,0,0,0,0,1,2,2,0,2,0,1,0,0,1,0,0,0,1,0,1,0,0,6,0,0,1,2,2,5,0,1,2,4,0,0,0,0,0,0,0,0,0,0,0,2,0,10,4,0,0,0,3,2,2,0,0,0,0,3,0,0,0,0,0,1,0,0,1,0,0,1,1,0,0,2,1,1,0,0,0,0,5,2,0,0,0,0,0,1,0,0,0,0,1,0,0,0,0,0,1,4,0,1,0,1,2,2,0,0,1,0,0,1,0,0,0,0,1,1,0,0,1,0,1,0,0,0,4,0,0,1,0,2,0,2,2,0,1,0,0,0,1,1,0,0,0,1,0,0,0,0,0,0,1,0,0,0,1,2,0,0,0,0,0,0,0,0,0,0,0,0,0,1,1,0,0,0,0,0,3,0,0,0,0,0,0,0,0,1,0,2,0,0,0,0,0,0,2,0,0,0,0,2,1,0,0,0,0,0,0,1,0,0,1,0,0,0,1,0,0,0,1,0,0,0,0,0,0,1,1,0,1,0,1,2,1,0,0,0,1,1,0,1,3,0,9,1,0,0,0,0,4,1,0,0,0,0,1,2,1,1,1,0,0,0,0,0,0,1,0,0,0,0,0,0,0,0,0,0,0,0,0,1,0,0,0,1,1,0,2,0,3,0,0,1,1,0,1,0,1,1,0,0,0,0,0,0,0,1,0,0,0,0,0,0,0,0,0,0,0,0,0,0,0,1,0,0,0,0,0,0,0,0,0,0,0,1,0,1,0,0,0,0,0,0,0,0,0,0,0,0,1,0,0,0,0,0,0,1,0,0,0,0,0,3,0,0
zasulich_ocherk_istorii_1internacionala.txt_chunk13,zasulich,2,0,0,0,2,0,0,1,4,1,0,21,0,0,2,1,0,0,0,0,0,2,6,0,1,1,0,0,2,0,0,0,0,0,1,0,0,5,0,0,0,2,0,3,1,0,1,0,1,3,0,0,3,1,0,0,37,0,8,0,2,0,7,4,0,4,0,2,0,0,1,0,2,0,2,1,0,1,0,5,0,0,0,0,0,0,0,0,0,22,0,0,17,0,0,0,0,0,0,1,0,0,0,0,11,0,7,2,2,0,0,0,2,1,0,1,8,0,0,4,0,0,0,0,9,1,0,1,3,1,3,0,15,0,1,0,0,0,0,0,0,2,0,0,1,0,0,0,0,0,0,1,1,0,0,1,3,0,1,2,1,3,0,0,3,0,0,0,0,0,0,0,0,0,0,0,0,1,0,12,0,0,2,0,1,1,0,1,0,1,0,0,0,0,0,0,4,0,1,2,0,1,0,0,0,0,0,0,0,0,0,1,1,1,4,0,0,1,0,0,0,0,0,0,1,0,0,1,0,0,0,2,0,4,0,2,0,0,5,3,2,1,1,1,0,1,0,0,1,0,0,1,0,0,0,0,0,0,0,0,0,0,0,0,0,0,0,0,4,0,1,1,0,0,1,2,0,2,0,0,1,0,0,0,0,0,1,2,0,0,1,0,0,0,0,0,0,0,0,0,0,1,1,0,0,0,0,0,0,0,1,0,7,0,0,0,0,0,0,0,0,0,0,4,1,0,0,0,0,0,1,0,1,0,1,3,4,0,1,1,1,0,2,1,0,0,0,0,1,0,0,1,0,0,4,0,0,0,0,0,0,2,0,0,2,0,0,0,2,0,0,0,1,1,0,1,0,0,2,0,0,0,0,0,0,1,0,0,0,0,3,1,0,0,1,0,1,1,1,0,0,0,0,2,0,0,0,1,0,0,1,0,0,0,1,0,0,0,0,0,0,0,0,0,0,3,0,0,1,0,0,0,0,0,0,0,0,0,0,1,0,0,0,0,2,1,1,0,0,0,0,0,0,1,0,0,0,0,1,0,0,0,0,0,0,0,0,0,1,0,0,1,0,0,0,0,0,0,0,0,0,0,0,0,0,0,0,0,0,0,0,1,0,0,0,0,3,7,0,0
zasulich_ocherk_istorii_1internacionala.txt_chunk14,zasulich,4,0,2,0,0,0,0,2,6,4,1,40,0,0,5,0,0,0,0,0,0,1,3,0,1,2,0,0,2,0,0,0,0,0,2,0,0,0,0,1,0,0,0,5,0,0,1,1,2,6,0,0,12,0,0,0,45,0,10,1,3,1,7,10,0,1,0,1,0,0,3,0,4,0,1,0,0,1,0,3,0,1,0,1,0,0,0,0,0,15,0,0,16,0,0,0,0,0,0,0,0,0,1,0,7,0,4,0,2,0,0,0,0,0,0,3,2,0,1,1,1,0,0,1,8,2,0,0,2,1,1,0,13,0,0,0,0,0,1,0,0,1,0,0,1,0,0,0,0,0,0,0,0,0,0,1,3,1,2,2,0,0,1,0,2,0,0,0,0,0,0,0,0,0,0,1,0,1,1,4,1,1,2,1,1,2,1,2,0,1,0,1,0,0,0,0,7,0,0,0,0,1,0,0,1,0,1,0,1,0,1,1,0,0,3,0,1,0,0,0,0,0,0,0,0,0,0,0,1,0,0,2,0,4,0,0,0,0,1,1,1,0,1,1,0,1,0,0,0,0,2,0,0,0,1,0,0,0,0,2,0,0,0,0,3,0,0,0,4,1,0,0,0,0,1,0,0,0,0,0,0,0,1,1,0,1,0,2,0,2,1,0,0,0,0,0,0,0,0,0,0,0,0,0,0,0,1,0,0,0,0,0,14,0,0,0,0,0,0,0,1,0,0,1,0,0,0,0,0,1,1,0,0,0,0,4,0,0,0,0,0,1,0,1,1,1,0,0,0,0,0,0,0,1,2,0,0,1,0,0,0,1,0,1,1,0,1,0,2,0,0,0,3,2,0,0,0,0,1,0,0,0,0,0,1,0,0,0,0,0,0,1,0,1,0,0,0,1,0,0,0,0,0,3,0,0,0,0,0,0,0,0,0,0,0,3,0,0,0,0,1,0,0,0,0,1,1,1,0,0,0,0,0,0,0,0,0,1,0,0,0,0,0,0,0,0,1,0,0,0,0,0,0,0,0,0,0,0,0,2,0,0,0,0,0,0,0,0,0,0,0,0,0,0,0,0,0,0,1,0,0,0,0,0,0,3,0,1,0,0,0,1,0,0,0,0,0,8,0,0
zasulich_ocherk_istorii_1internacionala.txt_chunk15,zasulich,0,0,0,0,0,0,1,1,2,0,0,26,1,0,2,4,0,0,0,0,0,5,3,1,0,0,0,1,0,0,0,1,0,0,1,0,0,1,0,0,0,3,2,9,0,0,1,1,1,4,2,0,3,0,0,0,49,0,6,2,2,0,1,3,0,4,0,0,0,1,1,0,2,0,0,0,0,4,0,5,0,0,0,0,1,2,0,0,0,12,1,0,8,1,0,0,0,0,0,2,0,0,1,0,3,0,4,2,1,0,1,0,0,1,3,1,1,1,1,8,2,0,0,1,6,2,0,0,3,0,1,0,9,0,0,0,0,0,3,2,0,0,0,1,2,0,1,0,0,1,0,1,0,0,0,3,2,1,1,1,1,3,2,2,3,0,0,0,0,0,1,1,0,0,0,0,0,0,0,9,2,2,0,0,2,0,2,0,1,2,0,0,0,0,0,0,2,0,0,2,1,0,0,0,1,0,0,0,1,2,1,0,0,0,3,2,0,0,1,4,0,0,0,0,0,0,0,0,0,0,0,1,0,4,1,1,3,0,2,2,0,0,0,1,0,0,0,0,0,2,0,2,1,0,0,0,0,0,0,0,0,0,1,0,9,1,0,1,3,2,0,0,1,0,1,1,0,0,1,0,2,0,0,2,2,1,2,0,0,0,1,0,0,0,0,1,0,0,0,0,0,0,0,0,0,0,2,0,0,0,0,2,8,0,0,2,0,0,0,0,1,0,2,2,0,0,0,2,0,1,1,0,0,1,0,1,2,0,0,0,1,0,1,1,0,1,0,0,0,0,0,0,0,1,0,0,0,0,0,0,2,0,0,0,0,1,0,0,0,1,1,0,0,1,0,2,0,0,1,0,0,0,0,0,3,0,0,0,0,0,0,0,0,0,2,2,0,1,0,1,0,0,0,2,0,0,0,0,0,0,0,0,0,3,1,3,0,0,0,1,3,0,0,1,1,2,2,1,2,0,1,0,0,0,0,0,0,0,2,0,0,0,0,0,0,0,0,0,2,0,0,0,0,0,0,0,0,4,0,0,0,0,0,0,0,0,0,0,0,0,0,2,0,0,0,1,0,0,0,0,1,7,0,0,1,0,0,1,0,0,0,1,0,0,1,0,0,3,0,0
zasulich_ocherk_istorii_1internacionala.txt_chunk16,zasulich,2,0,0,0,2,3,2,0,0,3,4,32,0,0,3,1,0,3,0,0,0,2,5,0,0,1,1,0,4,0,1,0,0,1,2,1,1,9,1,0,0,5,2,3,0,0,0,0,1,4,0,0,4,0,0,0,38,0,10,3,0,1,3,7,0,5,0,1,0,0,0,0,3,0,1,0,1,2,0,1,0,0,0,1,2,6,0,0,0,11,0,0,12,0,1,0,1,1,0,1,1,0,2,0,4,1,7,1,0,0,0,0,0,2,4,1,3,6,0,3,0,0,2,0,10,1,0,0,7,0,2,0,5,0,1,1,0,0,1,2,0,0,1,0,0,0,0,0,0,0,0,1,2,0,0,8,1,0,0,1,0,2,0,0,5,2,0,0,0,0,0,0,0,0,0,1,0,3,0,12,3,0,1,0,4,3,0,3,3,0,0,7,0,0,0,0,1,1,0,0,0,0,0,0,0,1,0,0,1,0,3,0,0,0,1,1,1,0,0,0,0,0,0,0,0,0,0,0,0,3,3,1,0,6,0,1,0,0,0,2,0,1,0,0,0,0,0,0,0,0,1,1,0,0,1,0,0,0,0,1,0,0,0,1,4,0,0,0,4,0,1,0,0,0,0,0,0,1,1,1,0,0,0,0,1,1,0,0,0,0,1,0,0,0,0,0,0,0,0,0,0,0,0,0,0,0,0,0,0,0,0,1,7,0,0,0,0,0,0,0,0,0,0,2,0,0,0,0,0,0,0,0,0,0,6,1,2,0,0,0,0,0,0,0,1,0,0,0,1,0,0,0,0,2,0,0,0,1,0,2,0,1,1,1,0,1,1,0,1,1,0,0,0,2,1,2,0,0,0,0,0,0,1,0,0,0,0,0,1,0,1,0,0,0,0,0,0,2,0,0,1,0,0,0,0,0,2,1,0,0,1,2,0,1,1,1,1,1,4,3,0,0,0,0,0,2,0,1,0,0,0,0,0,1,0,1,0,0,1,1,1,0,2,0,0,0,0,0,0,0,0,0,0,0,0,0,0,1,0,2,0,0,0,0,0,0,1,0,0,0,0,1,0,0,0,0,0,0,0,0,1,0,0,0,2,0,0,0,0,0,0,1,0,0,0,1,2,0,0,0
zasulich_ocherk_istorii_1internacionala.txt_chunk17,zasulich,1,0,0,1,1,0,3,2,0,2,1,26,0,2,0,6,2,1,0,0,1,0,5,0,4,1,1,0,2,0,1,0,1,1,0,0,0,8,0,2,0,1,0,5,0,1,0,0,2,5,1,0,3,1,0,0,41,0,7,2,2,1,7,5,1,10,0,0,0,1,1,0,1,0,2,0,0,4,1,2,0,0,0,0,0,0,1,0,1,24,0,0,17,1,0,0,0,0,1,2,0,0,2,0,8,0,8,1,2,1,0,0,1,2,3,0,2,3,0,2,0,2,1,0,10,1,0,0,1,0,4,1,11,0,0,0,1,1,2,3,0,0,0,1,0,1,1,0,0,0,0,1,2,0,0,6,2,1,0,2,3,0,0,1,4,0,0,0,1,2,5,0,0,0,1,0,0,0,0,8,0,0,1,0,3,2,1,0,1,1,0,0,2,0,0,0,2,1,2,0,3,1,0,0,1,0,0,0,2,0,1,0,0,0,3,0,0,0,0,1,1,0,1,0,0,1,0,0,1,2,3,0,0,3,0,1,0,0,1,5,0,0,0,0,0,0,0,1,0,0,3,0,0,0,1,0,0,0,0,0,0,0,0,0,2,1,0,0,0,0,0,0,0,0,1,1,0,0,2,2,1,0,0,0,1,0,1,3,0,1,1,0,0,0,1,1,0,0,0,1,0,0,0,0,0,0,0,1,3,0,0,0,2,0,0,0,0,0,0,0,0,0,0,2,0,0,0,1,0,1,1,0,0,1,3,2,3,0,0,0,2,0,2,0,0,0,1,0,0,1,0,1,0,0,1,0,0,0,0,0,1,0,0,1,1,0,0,1,0,0,0,0,0,0,0,3,0,0,0,0,0,0,0,0,0,0,0,0,1,0,0,0,0,1,0,1,0,1,0,0,0,0,0,0,1,0,0,0,0,0,0,0,0,1,0,0,0,1,1,1,0,0,0,0,0,2,0,3,0,0,0,0,0,1,0,0,0,1,0,0,0,0,1,0,1,0,0,0,0,0,0,0,0,0,0,0,0,0,0,0,0,0,0,0,0,0,0,0,1,0,0,0,0,0,0,0,0,0,0,0,2,0,0,0,1,0,0,0,0,0,0,1,0,0,0,0,1,4,0,0
zasulich_ocherk_istorii_1internacionala.txt_chunk18,zasulich,4,0,0,3,0,1,3,0,1,4,1,28,0,0,0,0,0,0,0,0,0,0,12,1,1,2,0,2,1,0,2,1,1,0,0,0,0,5,0,0,2,1,1,12,2,4,1,0,2,7,1,1,2,0,0,0,25,1,3,2,0,1,3,4,0,3,0,0,1,0,0,1,1,0,2,0,0,5,0,2,0,0,1,0,2,3,0,0,2,14,3,1,13,3,1,1,0,1,0,2,1,1,0,0,7,0,4,0,0,0,0,0,0,1,5,1,6,1,0,7,0,0,2,0,8,1,0,0,2,0,2,0,14,1,1,0,0,0,0,0,0,1,0,1,3,1,1,0,0,0,0,1,1,0,1,1,0,0,0,3,0,1,1,0,2,0,1,1,1,0,2,0,0,0,0,0,0,5,0,5,0,1,0,0,4,0,0,1,0,3,0,4,0,1,0,0,0,0,0,0,1,0,0,0,1,0,0,0,0,0,0,0,0,1,2,2,1,2,0,1,1,1,2,1,0,0,1,0,0,0,1,1,0,2,0,1,0,0,0,3,0,0,0,1,0,0,0,0,0,2,1,1,0,2,0,2,0,0,0,0,0,0,0,0,3,0,0,1,2,0,0,0,0,0,1,1,0,1,1,0,1,0,1,0,0,0,2,0,0,2,4,0,0,0,0,0,0,0,0,0,0,0,0,0,0,0,0,0,0,0,0,4,5,0,1,0,0,0,0,0,0,2,1,2,0,1,0,0,0,0,2,1,0,0,5,4,0,0,0,1,1,0,0,0,0,1,1,0,0,0,1,1,0,0,0,0,0,0,2,0,1,2,0,0,0,1,1,0,0,0,0,0,0,1,0,0,0,1,0,1,1,0,0,0,0,0,2,1,0,0,0,0,0,0,0,0,0,0,0,1,1,0,0,0,0,1,0,0,1,1,0,1,0,0,0,0,0,1,0,0,0,0,0,2,0,1,0,0,0,0,0,2,0,0,0,0,0,0,0,0,0,0,1,0,0,0,1,0,0,0,0,0,1,0,1,0,0,0,0,0,0,0,0,0,0,0,1,1,0,0,0,0,0,0,0,0,0,0,0,0,0,0,0,0,3,0,0,0,0,0,0,1,0,0,3,0,0,4,0,0
zasulich_ocherk_istorii_1internacionala.txt_chunk2,zasulich,1,0,0,0,0,0,5,2,3,5,0,35,0,0,2,1,0,0,0,1,0,1,6,2,2,0,0,1,0,2,0,0,0,0,0,0,0,9,1,1,0,0,3,8,0,0,0,1,0,4,1,0,1,0,0,0,42,0,7,1,1,0,3,6,0,5,1,1,0,2,1,0,2,0,0,0,0,2,0,2,0,0,0,0,0,1,3,0,0,8,0,0,9,0,0,1,0,0,0,4,0,0,0,1,4,0,2,1,1,0,1,0,0,1,0,0,7,1,1,6,1,1,1,0,5,2,0,0,1,1,0,1,17,0,0,1,0,0,0,1,1,1,1,1,1,2,3,0,1,0,0,1,1,0,1,2,3,0,0,3,0,1,1,2,1,0,0,0,0,0,0,0,0,0,0,1,1,0,1,10,0,0,1,1,1,3,0,0,0,0,0,1,0,0,0,0,1,0,1,0,2,1,0,2,1,0,1,0,0,1,0,0,0,0,5,0,0,0,2,0,0,0,1,0,0,0,0,0,1,0,1,0,0,3,0,0,0,0,0,3,2,1,4,4,0,2,0,0,0,3,4,1,1,0,1,0,1,0,1,0,1,0,0,0,5,0,0,5,1,2,0,0,0,0,0,5,0,1,0,0,0,1,1,0,4,1,1,1,0,0,1,0,0,0,0,0,1,0,0,0,0,0,0,0,0,0,0,0,0,0,2,1,8,0,0,0,0,0,0,0,0,0,0,0,2,0,0,0,0,0,0,0,0,0,2,2,4,0,1,0,0,1,1,0,1,0,0,0,0,0,0,0,0,1,0,0,0,0,0,2,0,0,0,0,1,0,0,0,0,0,0,0,0,2,0,0,0,0,3,1,0,0,1,0,0,0,0,0,0,0,1,1,0,0,0,0,0,1,3,2,0,0,0,2,0,0,0,1,0,0,0,0,3,2,0,1,1,0,0,1,2,0,0,0,1,1,1,4,0,0,1,0,0,1,0,0,0,0,0,0,0,0,0,1,0,0,1,0,1,0,0,0,0,0,0,0,0,1,1,1,1,0,0,0,0,0,0,0,0,0,0,5,1,2,0,1,1,0,0,4,2,0,0,0,0,0,0,0,0,0,0,0,0,0,0,0,2,0,0,0
zasulich_ocherk_istorii_1internacionala.txt_chunk3,zasulich,3,0,0,0,2,0,3,0,1,2,6,31,0,2,1,0,1,0,1,0,0,1,5,2,0,1,0,0,0,0,0,0,0,0,0,0,0,8,2,0,3,2,1,6,0,0,2,1,1,0,0,0,5,0,0,0,31,0,8,5,2,0,4,14,4,3,0,5,0,1,2,0,0,0,0,0,1,1,0,3,0,0,0,0,0,8,1,1,0,7,0,0,10,0,0,0,0,0,1,3,0,0,1,2,3,0,4,0,2,0,1,0,0,3,4,1,1,1,0,4,0,0,0,0,4,1,0,0,2,0,0,0,12,0,0,0,0,1,0,2,0,1,0,5,1,0,0,0,0,0,0,0,0,0,0,3,0,1,0,1,1,2,1,2,3,2,0,0,0,0,0,0,0,0,0,0,0,0,1,11,5,0,0,1,3,0,2,0,1,0,0,2,0,0,0,0,1,0,1,2,2,0,0,2,0,0,0,0,1,0,0,0,0,0,14,1,0,0,1,2,0,0,0,0,0,1,0,0,0,0,0,0,0,0,0,1,2,0,0,4,0,1,2,2,0,1,0,0,0,7,0,0,0,0,2,0,0,0,0,0,0,0,1,0,2,0,0,7,3,2,0,0,0,0,0,4,0,2,0,3,1,1,0,2,0,0,1,0,1,0,2,0,0,0,0,0,0,0,0,0,0,2,1,0,0,2,1,0,0,0,0,1,13,0,0,0,0,0,0,0,0,0,0,3,1,0,1,4,0,0,1,0,1,0,1,5,1,0,0,1,2,0,0,1,0,0,0,0,0,1,0,0,0,0,0,0,0,0,0,0,0,1,0,0,0,0,0,1,1,0,0,0,0,4,0,0,0,0,0,0,1,0,0,0,4,1,3,1,0,0,0,0,1,0,0,0,0,0,2,0,0,0,0,0,0,0,1,0,0,2,0,1,2,0,0,0,0,0,1,0,0,0,1,0,0,1,0,3,0,0,1,0,0,1,0,0,0,0,0,0,0,1,0,0,0,0,0,0,0,1,1,1,0,0,0,0,0,3,0,1,0,2,0,0,0,0,0,0,1,0,0,7,0,0,0,1,0,0,1,0,2,0,0,1,2,0,0,0,0,0,0,2,0,0,0,0,0,1,0,0
zasulich_ocherk_istorii_1internacionala.txt_chunk4,zasulich,5,0,1,0,1,2,5,1,0,3,0,23,0,0,5,0,0,0,0,0,0,1,4,0,0,0,1,0,1,0,0,0,0,0,0,0,0,4,1,0,0,0,0,5,2,0,1,1,1,4,0,0,6,0,0,0,42,0,3,5,1,0,4,8,0,7,2,0,0,0,1,0,0,0,0,0,0,5,0,4,0,1,0,0,3,0,1,0,0,9,0,0,14,0,0,0,0,0,0,7,0,1,1,0,6,0,3,0,2,0,1,1,0,0,2,0,5,1,0,1,0,1,0,1,7,0,0,0,1,0,2,0,11,0,0,0,0,1,0,1,1,0,0,1,0,0,1,0,0,0,0,0,0,0,1,2,2,1,0,2,0,3,1,1,5,0,0,1,1,0,2,0,0,0,0,0,0,0,0,14,1,1,2,1,2,1,4,0,0,0,0,1,0,0,0,0,3,0,2,0,0,0,1,1,1,0,0,1,2,0,0,0,0,0,2,0,0,0,2,0,2,0,0,0,0,0,0,0,0,0,0,0,2,4,1,1,0,0,3,5,4,0,0,1,0,1,0,0,2,5,1,0,0,0,1,0,0,0,0,0,1,0,0,2,0,0,0,8,2,1,0,0,0,0,0,0,0,0,0,2,0,1,2,0,2,0,2,0,0,0,2,0,0,0,0,0,0,0,0,0,0,0,0,0,1,0,0,1,0,0,1,2,8,0,0,0,0,0,0,0,0,0,1,1,1,0,0,1,0,0,3,0,0,0,3,0,2,0,0,0,0,0,1,0,0,0,2,1,0,0,0,0,2,0,1,0,0,0,0,0,0,2,0,2,0,0,1,0,2,1,1,1,0,0,1,3,0,0,0,0,0,0,1,0,2,0,0,0,0,0,1,0,0,0,0,0,1,0,0,0,1,0,0,1,0,0,1,0,0,0,1,2,0,0,0,0,1,1,2,5,1,1,0,0,0,1,0,3,1,0,0,1,1,3,0,0,0,0,0,0,0,1,0,1,0,1,1,0,0,1,0,0,1,0,0,0,0,1,0,1,0,0,0,0,0,0,1,0,1,0,0,2,0,0,0,0,0,0,0,0,0,0,0,0,1,1,0,0,0,0,0,1,0,0,0,0,0,2,0,0
zasulich_ocherk_istorii_1internacionala.txt_chunk5,zasulich,6,0,1,0,0,0,1,1,5,6,1,41,1,0,3,1,2,2,2,0,0,3,2,0,0,0,0,0,1,0,0,0,0,0,1,0,0,6,0,0,1,0,0,4,0,1,2,0,2,1,0,0,4,2,0,0,35,0,6,2,2,0,2,9,0,4,0,1,1,0,0,0,1,0,1,0,0,4,0,0,0,0,0,1,1,1,0,1,0,15,0,0,10,0,0,1,0,0,0,2,0,1,2,0,7,0,5,1,2,0,1,0,1,0,1,2,8,1,0,7,0,1,1,1,9,1,0,0,2,0,0,0,11,0,0,0,0,1,0,0,0,1,0,2,1,0,2,0,0,0,1,0,0,0,0,1,5,0,0,1,0,1,0,0,2,2,0,0,0,0,0,0,0,0,0,0,0,2,0,8,4,0,0,0,4,0,2,1,1,0,0,0,2,0,0,0,2,0,0,0,1,0,1,0,0,0,0,1,0,1,0,0,0,0,4,2,0,0,0,0,0,0,0,0,0,0,0,1,1,0,1,0,0,0,1,5,0,0,2,0,0,0,1,0,0,0,0,0,0,0,0,0,0,0,1,0,0,0,0,0,0,0,2,2,2,0,0,1,0,0,0,0,0,0,2,2,0,0,0,0,0,0,0,0,0,0,1,1,0,0,1,0,0,0,0,0,0,0,0,0,0,0,2,0,0,1,0,1,1,1,0,1,5,0,0,0,0,0,0,0,0,0,2,3,0,0,0,0,0,0,0,1,1,0,2,7,3,0,1,0,1,0,0,0,0,0,0,1,0,0,0,0,0,0,2,0,0,1,0,0,0,2,2,1,0,0,0,0,0,1,0,0,0,2,0,1,0,0,0,0,0,0,0,0,3,0,0,0,0,0,1,0,1,0,0,0,0,1,0,0,0,0,0,3,1,0,1,0,0,1,0,3,0,0,1,0,0,0,0,1,0,0,2,2,0,4,3,0,2,0,1,0,0,0,0,0,0,0,0,0,0,1,0,0,0,0,0,0,0,1,0,0,0,0,0,0,0,3,0,0,2,0,0,0,0,0,0,0,1,0,0,3,0,0,0,1,0,0,0,1,2,0,0,0,0,0,0,1,0,0,0,1,0,0,0,0,0,4,0,0
zasulich_ocherk_istorii_1internacionala.txt_chunk6,zasulich,1,0,0,0,0,1,4,1,1,3,2,35,0,1,1,1,0,3,1,0,0,2,4,0,2,0,1,0,0,0,2,0,0,0,0,0,0,10,1,2,1,4,0,6,2,0,0,1,3,6,0,0,2,1,0,0,31,0,5,2,0,0,6,4,0,7,0,0,0,1,2,1,2,0,0,0,0,4,0,4,0,1,0,0,0,3,1,0,0,12,0,0,16,0,0,0,1,0,0,4,1,0,1,2,8,3,4,3,0,0,0,2,0,1,1,1,5,3,1,4,1,0,0,0,9,0,0,0,2,0,1,1,6,0,1,1,0,0,0,5,0,1,3,0,4,0,2,0,0,0,1,0,1,0,0,4,0,0,0,0,0,1,1,0,4,1,1,0,1,0,0,0,0,0,0,0,0,0,2,4,3,1,1,0,1,2,2,3,1,0,0,0,0,0,0,0,1,0,2,0,0,0,0,0,0,0,0,0,0,1,0,0,0,1,6,0,0,0,2,0,0,0,0,0,0,1,1,0,0,0,1,0,1,0,0,0,1,0,0,3,0,0,0,1,0,0,0,0,2,6,1,3,0,0,0,0,0,0,0,0,0,0,1,0,1,0,0,7,2,0,2,0,0,0,0,1,0,0,0,2,0,0,4,0,2,2,0,0,0,1,0,0,0,0,3,1,0,0,0,0,0,0,0,0,0,0,2,0,0,0,3,3,7,0,0,0,0,0,0,0,2,0,1,3,1,0,0,0,0,2,1,0,1,1,5,0,0,0,0,0,1,0,0,0,0,0,0,0,0,1,0,0,0,0,1,0,0,0,0,2,0,0,1,2,1,0,1,0,0,0,0,0,0,1,2,1,0,0,4,2,0,0,1,0,2,1,0,0,0,1,0,0,0,0,2,0,1,0,1,0,0,0,0,0,0,0,0,0,0,0,0,1,1,1,0,0,0,0,3,1,1,0,0,0,0,2,2,4,0,2,0,1,0,0,0,0,0,0,0,0,3,0,0,0,0,0,0,0,0,0,0,0,0,0,0,0,0,4,0,0,0,0,0,0,0,0,1,0,0,0,0,1,0,0,0,0,0,0,1,0,0,0,0,0,0,0,0,0,0,0,0,0,0,1,2,0,1,1,0,0
zasulich_ocherk_istorii_1internacionala.txt_chunk7,zasulich,3,0,0,1,3,0,1,1,0,1,4,26,0,1,5,1,2,4,0,0,2,3,3,1,0,2,1,2,2,3,0,1,0,0,0,4,1,7,2,0,3,1,1,3,0,0,2,1,0,5,0,0,4,0,0,0,26,1,1,0,1,3,5,7,0,4,0,0,1,0,1,0,0,0,0,0,3,2,0,2,0,0,0,0,1,0,2,0,0,7,0,1,11,0,0,0,0,1,1,3,0,0,0,0,3,1,6,3,0,1,1,0,0,0,4,1,3,0,0,4,1,1,1,1,14,0,0,0,7,0,0,0,4,0,0,1,0,1,1,0,0,2,0,0,0,1,0,0,1,0,1,0,0,0,0,2,2,0,1,1,0,2,0,0,2,1,0,1,0,0,0,0,0,0,0,0,1,1,1,8,1,0,1,2,1,3,0,0,1,0,0,4,3,0,0,0,7,0,1,1,0,1,0,0,2,0,0,0,0,2,0,1,0,0,2,1,0,0,0,0,0,0,0,0,0,0,0,0,0,3,0,0,1,2,0,0,1,0,1,2,0,0,0,0,0,0,0,0,1,1,0,0,0,0,0,0,1,0,0,0,0,0,0,0,1,1,0,6,3,0,0,0,0,0,0,1,0,2,1,1,0,0,1,0,0,1,0,0,2,0,1,0,0,0,0,0,0,0,0,0,0,0,0,0,0,0,0,1,1,0,2,3,3,0,0,0,0,0,0,0,0,0,0,0,0,0,0,0,0,1,0,0,0,0,6,0,0,0,0,0,0,0,0,1,2,0,0,1,0,0,0,0,0,0,1,0,0,0,0,1,0,1,0,1,2,2,3,0,0,0,1,1,3,2,2,1,0,0,1,0,2,0,1,0,2,0,0,0,2,0,0,0,1,0,0,0,0,1,2,0,0,0,0,1,1,0,0,1,0,0,0,0,0,0,1,0,0,0,2,1,0,0,0,0,0,1,0,2,0,0,1,0,0,0,0,2,0,0,0,0,0,0,1,0,0,0,0,0,0,0,0,0,0,0,0,0,0,3,0,0,0,1,0,0,0,0,0,0,1,0,0,2,0,0,0,0,0,0,2,0,0,0,0,0,0,0,0,0,0,0,0,3,0,0,2,0,1,2,0,0
zasulich_ocherk_istorii_1internacionala.txt_chunk8,zasulich,2,0,0,0,1,0,6,0,3,5,2,30,1,0,3,1,0,2,0,0,1,4,4,1,0,0,0,0,1,1,0,0,0,0,1,0,0,5,0,0,0,1,0,6,1,1,0,0,2,5,0,1,4,1,0,0,44,0,4,0,2,0,4,8,0,3,0,1,0,1,0,0,0,1,0,0,0,2,2,1,0,1,0,0,0,0,3,0,0,19,0,0,13,1,0,0,0,0,0,8,0,0,2,1,5,0,6,4,4,0,0,0,2,1,4,0,4,0,0,4,1,0,1,0,16,1,0,0,4,0,0,0,6,1,1,0,1,0,0,1,0,0,0,0,0,1,1,0,1,0,0,0,0,0,0,2,2,2,0,0,1,2,1,0,0,1,0,0,1,0,1,0,0,0,1,1,0,0,0,8,1,0,1,0,4,0,1,3,2,0,0,2,0,0,0,0,1,1,2,0,0,0,0,0,0,0,0,1,0,2,0,0,0,0,4,1,0,0,1,0,0,0,0,0,0,0,0,0,0,0,2,0,0,1,0,1,2,1,0,3,0,1,1,1,0,3,0,0,0,1,0,0,0,0,3,1,0,1,0,0,0,0,0,0,4,0,0,2,1,0,0,1,1,0,1,2,0,3,0,2,0,0,1,0,0,0,0,0,0,0,0,0,0,0,1,0,0,0,0,0,0,0,0,0,0,0,1,0,0,0,1,0,1,0,0,1,0,1,0,0,0,1,1,0,0,0,0,0,0,0,3,0,2,0,1,4,2,0,0,0,0,0,0,0,0,0,0,1,0,0,0,2,0,1,2,0,0,0,0,0,0,0,0,1,1,0,0,0,0,0,0,0,0,0,0,1,0,0,2,0,0,0,1,0,0,0,1,0,1,1,1,1,2,0,0,1,1,1,0,0,0,0,0,2,0,0,0,2,0,0,1,1,0,1,0,0,0,0,2,0,1,0,0,0,0,0,0,0,0,0,1,0,0,0,0,0,0,1,0,0,0,1,0,0,0,0,0,0,0,0,0,0,0,0,0,0,0,3,0,0,0,0,0,0,0,0,1,0,0,0,1,3,0,0,0,0,0,0,0,0,0,0,0,0,0,0,0,0,0,0,0,1,0,0,0,0,0,1,0,0
zasulich_ocherk_istorii_1internacionala.txt_chunk9,zasulich,2,0,1,0,1,0,6,2,0,5,2,36,0,1,5,0,0,0,0,0,2,5,3,1,0,0,0,0,1,0,1,0,0,2,3,0,0,4,0,2,0,1,1,3,0,1,1,1,6,6,0,0,11,0,0,0,30,0,10,4,0,0,5,9,0,2,0,0,1,0,0,0,1,0,2,0,0,5,3,0,0,0,0,1,1,2,3,0,0,17,1,0,19,0,1,0,0,1,1,1,0,0,1,0,8,1,3,1,3,0,1,0,0,0,2,1,4,0,0,3,0,0,0,1,2,1,0,0,3,0,1,0,8,1,0,0,0,2,0,1,0,3,1,0,0,0,0,0,0,0,0,0,0,0,0,0,1,1,0,1,1,5,2,0,1,0,0,0,0,0,1,0,1,0,0,0,0,1,0,6,1,1,0,0,3,1,3,3,0,0,0,2,0,0,0,0,0,0,1,0,0,0,0,0,2,0,1,0,1,1,0,0,0,0,2,1,1,0,1,0,1,0,0,0,0,0,0,0,0,0,1,2,1,4,1,0,0,0,2,4,2,0,0,0,0,0,0,0,0,0,1,2,1,0,2,1,0,0,0,1,0,0,0,0,1,1,0,1,0,0,0,0,0,0,0,2,0,1,0,0,0,0,1,1,1,0,0,0,0,0,5,0,0,0,0,0,0,0,0,0,0,0,0,0,1,0,0,1,0,1,1,1,13,0,1,0,0,0,0,0,0,1,0,2,1,0,0,0,0,2,1,0,0,0,0,4,2,0,0,2,0,1,0,0,1,0,0,1,0,0,0,1,0,0,0,0,0,0,0,3,0,0,0,0,1,0,0,0,3,0,0,0,1,0,0,1,0,0,0,0,0,1,1,0,1,1,0,0,1,0,1,2,0,0,1,0,0,0,0,2,0,0,0,3,1,0,0,0,0,2,0,1,0,0,2,0,0,1,2,0,0,0,0,0,0,3,2,0,1,0,0,1,0,0,0,0,1,0,0,0,0,0,0,0,0,0,0,0,0,0,0,0,0,0,0,0,0,1,0,2,0,0,0,0,0,0,1,0,0,0,1,0,0,0,0,0,0,0,0,0,0,0,0,0,0,0,0,0,0,0,0,2,0,0,0,2,0,4,0,0
zasulich_po_povodu_uprazdneniya_Marx'a.txt_chunk1,zasulich,6,0,0,0,0,2,8,0,0,1,0,24,0,1,1,0,1,0,0,0,0,0,6,1,0,1,0,0,0,1,1,0,0,0,0,0,0,7,0,0,1,0,0,3,0,1,2,0,0,5,1,0,4,1,0,0,36,0,7,5,1,0,1,4,0,10,0,1,1,2,0,0,0,0,1,0,0,3,2,2,1,0,1,1,0,2,5,0,0,12,1,0,16,2,0,1,0,0,0,2,0,0,1,0,7,1,5,2,0,1,0,2,0,0,0,1,1,0,0,7,0,0,0,0,4,0,0,0,3,0,0,1,9,1,0,0,0,2,0,2,0,0,0,1,2,2,1,0,0,0,0,0,2,0,0,4,4,0,0,1,4,1,2,2,3,1,0,0,0,0,4,0,0,0,0,0,0,2,0,12,0,2,3,0,1,1,1,1,0,1,8,0,0,0,1,0,1,0,2,0,0,0,0,1,0,3,0,0,0,0,0,0,0,2,0,0,0,0,0,0,0,0,1,0,1,1,1,0,0,2,1,0,0,0,0,0,1,0,2,2,4,0,0,0,0,0,0,0,0,0,0,0,0,2,0,0,1,1,1,0,0,0,0,0,1,0,0,0,1,0,0,0,0,0,0,0,0,0,0,0,1,0,0,0,0,0,1,0,0,0,0,1,0,0,0,0,0,0,0,0,0,0,0,0,0,0,1,0,0,0,0,0,1,0,0,0,0,0,1,0,0,0,0,1,0,0,0,2,0,0,0,0,0,0,0,0,1,0,0,0,1,1,0,0,1,1,0,0,0,0,0,0,0,1,0,0,1,0,2,1,0,0,0,0,1,0,0,0,0,0,1,0,0,0,0,0,0,0,1,2,0,0,0,0,0,0,1,1,0,3,0,0,0,0,2,0,2,0,0,1,0,0,0,0,0,0,0,0,0,0,0,0,0,0,3,0,3,0,12,2,0,0,0,0,0,0,0,1,0,0,0,0,0,2,0,0,0,0,0,0,0,1,0,0,0,0,0,0,0,0,0,1,0,0,0,0,0,0,0,0,0,0,3,0,0,0,0,0,0,1,0,1,0,0,2,0,0,0,0,0,12,0,0,0,0,0,0,0,0,0,0,3,0,0,0,7,0,0,0,0
zasulich_po_povodu_uprazdneniya_Marx'a.txt_chunk2,zasulich,10,0,0,3,1,0,6,0,0,2,3,20,0,0,0,0,0,0,0,0,0,1,5,1,0,1,0,0,0,3,1,1,0,0,0,0,0,5,0,1,3,2,0,4,2,0,3,0,1,11,0,0,1,1,0,0,30,0,4,3,0,1,0,4,0,6,0,1,0,1,1,0,0,0,2,0,0,7,0,1,0,0,0,0,2,5,1,0,0,7,0,0,28,2,0,0,0,0,3,5,0,0,1,1,10,1,3,0,1,0,1,0,0,0,3,2,5,0,0,2,0,0,1,0,6,1,0,0,8,0,2,0,5,0,0,0,0,0,1,2,0,0,0,3,0,3,1,0,0,0,0,0,4,0,1,4,1,2,0,2,5,8,2,1,1,2,2,0,0,0,2,0,0,0,1,0,1,2,0,13,0,0,1,3,3,4,2,2,0,0,0,1,0,0,0,0,3,0,1,0,0,0,0,0,0,0,0,0,0,0,0,0,0,0,0,1,1,0,0,0,0,1,0,1,0,0,0,0,0,1,1,0,1,3,0,1,1,0,0,2,8,0,0,0,0,0,0,0,0,0,0,0,0,0,0,0,0,0,0,0,0,0,0,1,0,0,0,0,0,1,0,0,0,0,0,0,0,2,0,0,1,0,0,0,0,0,2,0,0,0,1,0,0,0,0,0,0,0,0,0,0,0,0,0,0,0,0,1,0,0,0,0,6,0,0,0,0,0,0,0,0,0,0,0,0,0,0,1,0,0,1,0,1,0,8,0,0,0,0,1,1,0,0,0,0,0,0,0,2,0,1,0,0,0,0,0,1,0,1,1,0,3,1,0,0,0,0,0,0,1,0,0,0,1,0,0,0,0,1,0,1,1,0,0,1,0,0,2,0,0,0,0,0,1,1,0,0,1,0,0,3,0,0,0,1,0,0,0,0,0,0,0,0,0,0,3,0,0,17,3,0,0,1,0,0,0,0,0,0,0,0,0,0,0,0,0,0,0,0,1,9,0,0,0,0,0,2,0,0,0,0,0,0,0,0,0,0,0,0,0,0,1,0,0,0,0,0,0,0,0,0,0,0,0,0,1,0,0,0,1,5,0,0,0,0,0,0,0,0,0,0,5,0,0,0,6,0,0,0,0
zasulich_po_povodu_uprazdneniya_Marx'a.txt_chunk3,zasulich,8,0,0,0,0,0,5,1,0,1,1,23,1,0,2,0,0,0,0,0,1,0,5,0,1,0,0,0,1,0,0,0,0,1,2,0,0,5,0,1,0,0,1,4,1,1,1,3,2,8,0,0,2,0,0,0,26,1,10,1,0,0,1,1,0,12,5,0,0,0,1,0,0,0,2,0,0,4,0,2,0,0,0,0,0,4,0,0,0,14,1,0,17,0,0,0,0,0,0,5,0,0,0,0,7,1,2,7,1,1,0,0,0,2,7,2,0,0,0,2,1,0,1,0,5,1,0,0,5,0,0,0,6,0,0,0,0,1,0,2,0,0,0,0,1,2,0,0,1,0,0,0,1,0,0,5,0,1,0,0,0,7,5,1,2,0,0,1,0,0,4,0,0,1,0,0,0,1,0,8,2,0,2,1,5,1,0,0,0,0,0,1,0,0,0,0,2,1,0,0,2,1,0,0,2,1,0,0,0,0,0,0,0,0,0,0,0,1,1,0,0,0,0,0,0,0,0,0,0,0,0,0,0,1,0,0,1,0,1,0,6,0,0,0,0,1,0,0,0,3,0,1,0,0,0,0,0,0,0,1,0,0,0,2,1,0,0,4,1,0,0,0,0,0,0,3,0,1,0,1,3,1,0,0,0,0,1,0,0,0,2,1,0,0,0,0,0,0,0,0,0,0,1,0,0,0,0,0,0,0,0,0,13,0,0,0,0,0,0,0,0,0,0,1,0,0,0,0,0,0,1,0,0,0,6,0,0,1,0,0,0,1,0,0,1,0,1,0,0,0,2,0,0,0,0,0,0,0,0,0,1,0,0,0,1,0,0,1,0,0,0,0,0,1,1,0,0,0,2,0,1,0,0,0,1,0,0,2,0,0,0,0,0,0,1,0,0,0,0,0,1,0,0,0,0,0,0,0,0,0,0,0,0,0,0,1,0,0,22,2,0,0,0,0,0,0,0,0,0,0,0,0,0,1,0,0,0,0,0,0,8,0,0,0,0,0,1,0,0,0,0,0,0,0,0,0,0,0,0,0,0,0,1,0,0,0,0,0,0,0,0,0,0,0,0,2,0,0,0,2,5,0,0,0,0,0,0,0,0,0,0,1,0,0,0,10,0,0,0,0
zasulich_po_povodu_uprazdneniya_Marx'a.txt_chunk4,zasulich,10,0,1,2,0,0,5,1,1,1,0,30,0,0,1,0,0,0,0,1,2,1,3,0,2,0,1,0,1,0,2,0,0,0,1,0,0,3,1,0,1,1,1,8,0,0,9,5,1,8,0,0,0,0,1,1,32,2,4,4,1,1,6,7,0,9,0,0,0,0,0,0,0,0,0,0,0,5,0,2,0,0,0,0,2,0,2,0,0,12,0,0,28,2,0,0,0,0,1,4,0,2,0,1,8,0,6,2,1,0,0,0,0,0,4,1,0,0,0,6,1,0,0,0,8,0,0,0,1,1,1,0,2,1,0,0,0,0,0,0,0,0,2,0,0,4,1,0,0,1,0,0,0,0,0,3,2,4,0,2,4,6,2,1,11,4,0,1,0,0,1,2,0,0,0,1,0,4,0,14,1,2,1,0,5,3,2,0,0,1,2,2,2,1,0,0,0,0,0,3,3,0,0,1,1,0,0,0,0,3,0,0,0,0,6,1,2,2,0,2,0,1,2,0,0,0,0,0,0,0,1,0,3,1,0,1,1,2,0,1,3,0,1,0,0,0,0,0,0,0,0,0,0,0,0,1,0,0,0,2,0,0,0,0,0,0,0,3,0,0,0,0,0,0,0,0,0,1,0,0,2,0,0,0,0,0,0,0,0,0,1,0,0,0,0,1,0,0,0,0,0,0,0,0,0,0,0,1,0,0,0,1,1,0,0,0,0,0,0,0,0,1,0,1,0,1,0,1,0,0,0,0,1,1,14,0,0,0,0,0,0,2,0,3,0,0,2,0,0,0,0,0,0,0,0,2,0,0,0,0,0,2,0,1,0,1,0,0,0,0,0,4,1,0,0,3,0,0,3,0,1,0,0,0,4,0,0,2,0,2,0,0,0,0,0,0,1,1,0,0,3,0,0,2,0,0,0,0,0,1,0,0,0,0,1,1,0,0,8,1,0,0,1,0,0,1,0,0,0,0,0,0,0,0,0,0,1,0,0,0,3,0,0,0,0,0,0,0,0,0,0,1,0,0,0,0,0,0,0,0,0,0,0,0,0,0,0,0,0,1,0,0,0,0,0,1,0,0,0,3,3,0,0,0,0,0,0,0,0,0,0,2,0,0,0,9,0,0,0,0
zasulich_po_povodu_uprazdneniya_Marx'a.txt_chunk5,zasulich,3,1,0,1,0,0,2,1,0,1,1,26,0,0,0,0,0,0,0,0,1,0,4,0,3,0,0,0,0,0,1,0,1,1,0,0,1,3,1,1,0,0,0,6,0,1,1,4,4,11,0,0,2,3,0,1,25,0,5,7,1,1,2,8,0,6,0,3,1,0,0,0,0,0,0,0,1,4,0,1,0,1,2,0,0,2,0,0,4,8,0,0,20,1,0,0,0,0,1,2,1,0,0,1,13,0,2,0,2,6,0,0,2,1,4,1,4,0,0,3,1,0,0,1,4,0,1,1,3,1,1,0,7,0,0,0,2,0,1,0,0,0,0,0,1,1,1,0,0,1,1,0,0,0,3,3,0,2,1,2,2,4,1,1,4,0,1,0,0,0,0,0,1,0,0,0,1,3,0,18,2,2,0,0,10,2,1,2,0,0,5,5,0,1,0,0,3,0,0,2,2,0,0,1,1,1,0,4,0,0,0,0,0,1,4,1,0,0,0,2,0,2,0,0,0,0,0,0,0,0,0,1,4,4,0,0,2,0,0,0,4,2,0,1,0,1,0,2,0,0,0,1,0,0,0,0,0,0,0,0,0,0,0,0,0,0,0,0,0,0,0,0,0,0,0,1,0,5,0,0,1,0,0,0,0,0,1,0,0,0,0,0,0,0,0,1,0,0,0,0,0,0,0,0,1,0,0,1,0,0,0,1,1,0,0,0,0,0,0,0,0,0,0,0,0,1,1,0,0,0,1,0,1,1,12,0,0,0,0,2,0,0,0,0,0,0,0,0,0,0,0,1,0,0,0,0,2,1,1,0,1,2,2,0,0,3,1,1,0,0,0,3,4,0,0,0,0,0,0,0,3,0,0,0,0,1,0,0,0,0,0,0,0,0,0,1,1,0,0,0,0,0,0,0,0,0,0,0,0,1,0,1,1,0,0,1,1,1,0,1,0,0,0,0,0,0,0,0,0,0,0,1,0,0,0,0,0,0,0,0,8,0,0,0,0,0,0,0,0,0,0,0,0,0,0,0,0,0,0,0,0,0,5,0,0,0,0,4,0,0,1,0,0,0,0,0,0,0,0,1,2,0,0,0,2,0,0,0,0,0,0,2,0,0,0,2,0,0,0,0
zasulich_po_povodu_uprazdneniya_Marx'a.txt_chunk6,zasulich,8,0,0,0,0,0,10,0,0,0,0,30,0,0,2,0,0,0,0,0,1,2,1,1,2,1,0,0,1,0,2,0,0,0,0,0,0,5,0,0,0,0,0,10,0,0,3,6,2,6,0,0,1,2,0,0,23,2,5,2,1,0,3,5,0,5,0,1,0,0,2,1,1,0,0,0,0,5,0,4,0,1,0,0,0,3,1,0,0,6,1,0,19,0,1,0,0,1,2,2,1,1,0,0,12,3,4,3,1,0,0,0,0,0,6,0,0,0,0,4,3,0,1,0,10,0,1,0,2,0,1,0,6,0,0,1,0,1,0,2,2,2,0,0,1,1,0,0,2,0,1,0,0,0,2,2,0,1,1,1,2,6,1,1,4,4,0,0,0,0,0,1,0,1,0,0,1,0,0,24,2,0,0,0,9,3,2,1,0,1,2,2,0,1,0,0,0,0,1,1,0,0,0,1,0,0,0,1,0,1,0,0,0,0,0,3,1,0,1,0,0,0,4,1,1,0,0,0,0,1,0,0,0,0,0,1,0,0,2,0,2,0,0,0,0,1,0,0,0,0,1,1,0,0,0,0,2,0,0,0,0,0,0,0,0,0,0,0,1,1,0,0,0,0,0,1,0,6,0,0,0,0,0,0,0,1,1,0,0,1,2,0,0,0,0,2,0,0,0,0,0,1,0,0,0,0,0,0,0,0,1,0,2,0,0,0,0,0,0,0,0,0,4,0,0,0,1,0,0,0,0,0,0,1,11,0,0,0,0,0,0,0,1,0,0,1,1,0,0,0,1,0,0,0,0,2,1,0,0,0,1,0,0,0,0,0,0,0,1,0,0,0,0,0,0,3,0,0,2,1,6,0,0,0,0,0,0,0,0,2,0,0,2,0,3,0,2,0,0,0,2,0,0,0,0,0,0,0,0,0,0,2,0,0,0,0,0,3,6,2,0,0,0,0,0,0,0,0,0,0,0,0,0,0,1,0,0,0,0,0,16,0,0,0,0,0,2,0,0,0,0,0,0,0,0,0,0,0,0,1,0,0,8,0,0,0,0,0,0,0,0,0,0,0,0,0,0,0,0,7,11,0,0,0,0,0,0,0,0,0,0,2,0,0,0,13,1,0,0,0
zasulich_po_povodu_uprazdneniya_Marx'a.txt_chunk7,zasulich,6,0,1,4,0,0,0,0,1,0,0,42,1,0,1,0,0,0,0,0,0,2,5,0,2,1,0,0,3,0,1,0,4,1,0,0,0,3,0,0,0,0,1,10,1,2,3,1,0,9,0,0,5,1,0,1,44,1,8,1,0,0,1,3,0,10,0,0,1,0,0,1,0,0,2,0,0,1,0,4,0,1,0,1,0,0,2,0,0,27,2,0,12,1,0,0,0,1,1,3,0,0,0,0,6,1,0,0,0,0,0,1,0,0,1,0,1,0,0,1,1,1,0,0,5,0,0,2,3,0,4,1,6,0,0,0,1,2,0,1,0,2,1,0,0,3,0,0,0,0,0,0,2,0,1,6,0,0,0,2,4,7,1,0,3,0,0,0,0,0,1,0,0,0,0,0,0,6,1,13,0,0,0,0,3,3,2,1,0,0,0,1,0,1,0,0,5,0,1,2,0,1,1,0,1,1,2,0,1,0,0,0,0,0,0,4,0,0,1,0,0,0,2,0,0,0,0,0,1,0,0,1,4,1,0,1,1,0,1,2,6,0,0,0,0,1,0,0,0,2,0,0,0,0,1,0,0,0,0,0,0,0,0,0,0,0,0,0,1,0,1,0,0,0,0,0,0,3,0,0,0,0,0,0,0,0,1,0,0,0,2,2,0,0,0,0,0,0,0,0,0,1,0,0,0,0,0,1,0,0,0,0,2,0,0,0,0,0,0,0,0,0,0,0,0,0,0,0,0,2,1,0,0,0,13,0,1,0,0,0,1,1,0,0,2,0,0,0,0,0,1,0,0,0,1,0,1,0,0,0,0,2,0,1,1,0,0,1,2,0,0,0,0,0,0,1,0,0,2,0,3,0,0,0,0,1,0,0,0,2,0,0,1,0,0,0,0,0,0,0,0,0,1,0,0,0,0,0,0,0,0,1,0,0,0,0,0,0,7,4,0,0,0,0,0,1,0,0,0,0,0,0,0,0,0,0,1,0,0,1,4,0,0,0,0,0,1,0,0,0,0,0,0,0,0,0,0,0,0,0,0,1,2,0,0,0,0,0,0,0,0,1,0,0,0,0,0,0,1,0,7,0,0,0,0,0,0,0,0,0,0,3,0,0,0,10,0,0,0,0
zasulich_po_povodu_uprazdneniya_Marx'a.txt_chunk8,zasulich,4,0,0,3,0,0,11,0,1,1,3,28,0,0,1,0,0,0,0,0,0,0,7,2,1,2,0,0,1,2,0,0,0,0,1,0,0,6,1,1,0,1,0,16,0,2,3,0,1,6,0,0,3,0,0,2,26,0,1,0,0,0,5,10,0,8,0,0,1,0,1,1,1,0,2,0,0,4,1,1,0,0,1,0,4,9,0,0,0,7,1,0,16,1,0,1,0,0,0,4,1,0,1,0,9,0,2,0,0,1,0,0,0,0,8,0,2,0,0,10,1,0,2,0,6,0,1,0,3,0,0,1,10,0,0,0,0,0,0,2,1,1,0,0,0,1,0,0,0,0,0,0,3,0,0,4,2,0,2,0,1,1,2,1,1,2,0,0,0,0,1,2,0,1,0,0,0,0,0,17,3,1,0,0,7,2,2,0,0,0,0,2,0,0,1,0,1,0,0,0,3,0,0,4,3,1,0,0,1,0,0,2,0,0,4,1,0,0,2,0,1,0,0,0,0,2,1,1,0,1,1,0,2,2,0,1,1,1,0,1,5,0,0,0,0,0,0,1,0,0,1,2,1,0,1,0,1,0,0,0,0,0,0,0,1,0,0,3,0,3,0,0,2,0,0,0,0,4,1,0,0,0,1,0,0,0,1,0,2,0,0,0,0,0,0,1,0,0,0,1,0,0,0,0,0,0,0,0,0,0,0,0,0,0,0,0,0,0,0,0,0,0,0,0,0,0,0,1,0,2,0,0,0,1,14,0,0,0,0,1,1,1,0,1,3,0,2,0,0,0,0,0,0,0,0,0,2,0,0,0,1,1,0,4,0,0,1,1,0,0,0,0,0,0,1,3,0,0,0,0,3,0,0,0,1,0,0,1,1,1,0,0,0,1,4,0,0,0,0,0,1,1,0,0,0,0,1,0,0,0,0,0,0,0,1,0,0,1,3,1,0,0,0,0,0,0,0,0,0,0,0,0,0,0,0,1,0,0,0,0,10,0,0,0,0,0,1,0,0,0,0,0,0,0,0,0,0,0,0,0,0,2,8,0,0,0,0,1,0,0,0,1,0,0,0,0,0,0,0,7,2,0,0,0,0,0,0,0,0,0,0,0,0,0,0,6,0,0,0,0
zasulich_po_povodu_uprazdneniya_Marx'a.txt_chunk9,zasulich,8.635578583765112,0,0,0,0,0,10.362694300518134,0,1.7271157167530224,1.7271157167530224,3.454231433506045,18.998272884283246,0,0,1.7271157167530224,0,0,0,0,0,1.7271157167530224,0,3.454231433506045,1.7271157167530224,3.454231433506045,0,0,0,1.7271157167530224,0,5.181347150259067,0,0,1.7271157167530224,1.7271157167530224,0,0,3.454231433506045,1.7271157167530224,0,0,0,1.7271157167530224,5.181347150259067,0,3.454231433506045,1.7271157167530224,0,0,6.90846286701209,0,0,1.7271157167530224,1.7271157167530224,1.7271157167530224,0,36.269430051813465,5.181347150259067,1.7271157167530224,3.454231433506045,0,0,3.454231433506045,3.454231433506045,0,10.362694300518134,0,1.7271157167530224,3.454231433506045,1.7271157167530224,0,0,1.7271157167530224,0,1.7271157167530224,0,0,6.90846286701209,0,1.7271157167530224,0,0,0,0,0,3.454231433506045,0,1.7271157167530224,0,8.635578583765112,0,0,22.452504317789295,0,0,0,0,0,0,6.90846286701209,1.7271157167530224,0,0,0,13.81692573402418,0,12.089810017271159,0,1.7271157167530224,0,0,0,0,1.7271157167530224,3.454231433506045,0,0,0,0,8.635578583765112,0,0,0,0,10.362694300518134,0,0,1.7271157167530224,3.454231433506045,0,0,0,3.454231433506045,0,0,3.454231433506045,1.7271157167530224,1.7271157167530224,1.7271157167530224,0,0,0,0,0,0,1.7271157167530224,0,0,0,1.7271157167530224,0,0,0,0,0,6.90846286701209,0,1.7271157167530224,0,0,0,5.181347150259067,3.454231433506045,1.7271157167530224,1.7271157167530224,3.454231433506045,0,5.181347150259067,0,1.7271157167530224,5.181347150259067,0,0,1.7271157167530224,0,0,0,1.7271157167530224,0,20.72538860103627,0,0,1.7271157167530224,0,10.362694300518134,6.90846286701209,0,0,0,0,6.90846286701209,0,0,1.7271157167530224,0,0,0,0,0,0,0,0,0,0,0,1.7271157167530224,0,5.181347150259067,0,3.454231433506045,0,0,0,0,0,3.454231433506045,0,1.7271157167530224,1.7271157167530224,0,0,0,5.181347150259067,0,0,3.454231433506045,0,0,0,0,0,1.7271157167530224,1.7271157167530224,3.454231433506045,0,0,0,0,0,1.7271157167530224,1.7271157167530224,0,0,0,0,0,0,0,0,0,6.90846286701209,0,0,0,0,0,0,0,0,0,0,0,0,0,0,0,0,0,0,0,0,1.7271157167530224,0,0,0,0,0,1.7271157167530224,0,0,0,0,0,0,0,0,0,0,0,0,0,0,0,0,0,0,0,0,0,0,0,0,0,0,0,0,0,0,0,0,0,0,0,0,0,0,0,0,0,0,0,0,0,0,0,0,0,0,0,0,0,0,0,0,13.81692573402418,0,5.181347150259067,0,0,0,0,0,0,0,0,0,0,5.181347150259067,0,0,3.454231433506045,0,0,0,0,3.454231433506045,5.181347150259067,0,1.7271157167530224,0,1.7271157167530224,1.7271157167530224,0,0,0,0,0,3.454231433506045,0,0,0,0,0,1.7271157167530224,0,0,0,0,3.454231433506045,1.7271157167530224,1.7271157167530224,0,0,0,0,0,0,0,0,6.90846286701209,0,0,0,0,0,0,0,0,0,0,1.7271157167530224,1.7271157167530224,0,0,0,0,0,0,0,0,0,0,0,0,0,0,0,1.7271157167530224,3.454231433506045,0,0,0,0,0,0,0,0,0,0,0,0,0,0,0,0,0,0,0,0,0,1.7271157167530224,0,0,0,0,0,0,0,0,0,0,0,0,0,0,0,0,0,0,0,0,0,17.271157167530223,0,0,0,0,0,0,0,1.7271157167530224,0,0,0,0,0,0,0,0,5.181347150259067,5.181347150259067,0,0,0,0,0,0,0,0,0,0,0,0,0,0,13.81692573402418,0,0,0,0
zasulich_rev_studenchestvo1_I.txt_chunk1,zasulich,4.643962848297213,0,0,0,0,0,1.5479876160990713,0,1.5479876160990713,0,0,43.343653250774,0,0,0,0,0,0,1.5479876160990713,0,0,0,4.643962848297213,0,0,0,1.5479876160990713,0,0,1.5479876160990713,0,0,0,0,0,0,0,3.0959752321981426,0,0,0,0,0,3.0959752321981426,0,0,0,1.5479876160990713,0,1.5479876160990713,0,0,0,0,0,0,32.5077399380805,0,7.739938080495356,1.5479876160990713,0,0,4.643962848297213,3.0959752321981426,0,10.8359133126935,0,0,1.5479876160990713,0,3.0959752321981426,0,1.5479876160990713,0,1.5479876160990713,0,0,3.0959752321981426,0,3.0959752321981426,0,0,0,0,0,3.0959752321981426,1.5479876160990713,0,0,9.287925696594426,0,0,17.02786377708978,0,0,0,0,0,0,0,0,0,0,0,6.191950464396285,0,3.0959752321981426,1.5479876160990713,3.0959752321981426,0,0,0,0,1.5479876160990713,0,0,1.5479876160990713,4.643962848297213,0,3.0959752321981426,1.5479876160990713,0,0,0,9.287925696594426,0,0,0,4.643962848297213,0,1.5479876160990713,0,13.93188854489164,0,0,0,0,1.5479876160990713,0,1.5479876160990713,1.5479876160990713,0,0,0,0,1.5479876160990713,0,0,0,0,0,0,0,0,0,1.5479876160990713,0,3.0959752321981426,0,1.5479876160990713,0,1.5479876160990713,0,0,0,0,1.5479876160990713,1.5479876160990713,0,0,1.5479876160990713,4.643962848297213,0,0,1.5479876160990713,0,0,1.5479876160990713,0,9.287925696594426,0,0,0,0,0,3.0959752321981426,1.5479876160990713,3.0959752321981426,1.5479876160990713,1.5479876160990713,0,0,0,0,0,0,1.5479876160990713,0,0,0,1.5479876160990713,0,0,0,0,0,0,0,1.5479876160990713,0,0,0,0,0,1.5479876160990713,0,0,0,1.5479876160990713,0,0,0,0,1.5479876160990713,0,0,0,0,1.5479876160990713,3.0959752321981426,0,0,0,3.0959752321981426,0,3.0959752321981426,1.5479876160990713,0,3.0959752321981426,3.0959752321981426,1.5479876160990713,1.5479876160990713,0,1.5479876160990713,0,1.5479876160990713,0,0,0,0,1.5479876160990713,0,1.5479876160990713,0,4.643962848297213,1.5479876160990713,1.5479876160990713,0,0,0,3.0959752321981426,0,0,1.5479876160990713,0,0,0,0,0,1.5479876160990713,0,0,0,3.0959752321981426,0,3.0959752321981426,3.0959752321981426,1.5479876160990713,0,0,0,0,1.5479876160990713,1.5479876160990713,4.643962848297213,0,1.5479876160990713,0,0,0,0,0,0,0,0,0,0,0,0,0,0,0,1.5479876160990713,0,0,0,0,1.5479876160990713,1.5479876160990713,0,0,0,0,0,0,3.0959752321981426,0,0,0,0,0,0,3.0959752321981426,0,0,0,0,0,7.739938080495356,1.5479876160990713,0,0,0,0,0,0,0,0,0,0,0,0,0,1.5479876160990713,0,0,0,0,0,0,0,0,0,0,0,0,0,0,0,0,1.5479876160990713,1.5479876160990713,0,0,0,1.5479876160990713,0,0,0,1.5479876160990713,1.5479876160990713,0,0,0,0,1.5479876160990713,0,0,3.0959752321981426,0,0,0,0,0,0,0,0,1.5479876160990713,0,0,0,0,0,0,3.0959752321981426,0,1.5479876160990713,0,0,1.5479876160990713,1.5479876160990713,0,0,0,0,0,0,0,0,0,0,0,3.0959752321981426,0,0,1.5479876160990713,0,0,0,0,0,0,1.5479876160990713,0,0,0,0,0,0,0,1.5479876160990713,1.5479876160990713,0,1.5479876160990713,0,0,0,0,0,0,0,0,0,0,0,0,0,0,3.0959752321981426,1.5479876160990713,0,1.5479876160990713,0,4.643962848297213,1.5479876160990713,0,0,0,0,0,1.5479876160990713,0,0,0,0,0,1.5479876160990713,0,1.5479876160990713,0,0,4.643962848297213,0,0,0,0,1.5479876160990713,0,0,0,0,0,0,0,0,0,0,0,1.5479876160990713,0,0,0,0,0,0,0,0,0,0,0
zasulich_rev_studenchestvo2_I.txt_chunk1,zasulich,10,0,0,1,1,0,2,0,0,1,6,38,1,0,6,0,0,0,2,1,0,3,5,0,0,1,0,0,0,1,0,0,1,1,0,0,0,4,1,1,0,3,1,7,1,3,1,0,0,5,1,0,4,3,1,0,29,1,3,5,4,0,4,8,0,4,0,6,7,0,0,1,0,0,0,0,0,1,1,0,0,1,0,1,2,2,1,2,0,11,3,0,16,1,1,1,0,0,1,0,0,0,1,1,9,1,3,3,1,0,0,1,0,0,3,1,5,0,0,2,0,0,1,0,2,1,0,0,3,0,2,0,7,0,0,0,1,1,1,2,0,1,0,3,0,2,0,0,0,0,0,0,0,0,1,2,0,1,0,1,0,7,1,1,4,3,2,3,0,0,2,0,1,0,0,1,0,1,0,18,7,0,4,0,6,2,1,3,0,1,0,0,0,0,1,0,0,0,0,0,3,0,0,1,0,0,0,1,2,0,2,0,0,0,1,0,0,3,0,0,0,0,0,0,1,2,0,0,0,0,1,0,0,2,0,1,1,0,2,3,5,0,0,0,0,0,0,0,0,0,3,1,0,0,0,1,0,1,0,0,1,0,0,0,3,0,0,0,0,1,0,0,0,12,3,0,0,1,0,1,1,0,2,1,0,0,0,0,2,2,0,0,0,3,2,1,1,0,0,0,0,1,0,0,0,0,1,0,2,0,0,0,2,2,0,0,1,0,1,0,1,1,0,1,0,0,1,0,0,0,2,0,0,0,0,0,1,0,0,0,0,0,0,1,0,0,0,1,0,0,0,0,0,0,0,0,0,0,0,0,0,1,0,1,0,0,0,0,1,0,0,0,0,0,0,1,0,0,4,2,1,0,0,0,0,1,0,0,0,0,0,0,0,0,0,0,0,1,0,0,1,0,0,0,0,1,0,0,1,0,1,0,0,2,0,4,0,0,0,0,6,0,0,0,0,1,0,0,0,0,0,1,0,3,0,3,0,2,1,2,0,0,0,0,0,0,1,1,0,0,0,0,1,3,0,0,1,0,4,0,1,0,0,0,3,0,0,0,1,0,4,0,0,1,1,0,1,0,0,0,0,0,1,1,1,2,0,0,1,0,0,0,0,0,0,0,0,0,0,0
zasulich_rev_studenchestvo2_I.txt_chunk2,zasulich,8,0,0,0,0,1,6,2,1,3,0,34,0,0,7,0,0,0,0,0,0,3,9,1,4,0,1,0,2,0,0,1,1,0,2,1,2,0,0,0,0,1,0,6,0,1,3,0,2,10,1,0,3,2,0,0,39,0,8,2,2,1,4,3,0,6,0,6,3,2,1,1,3,0,0,0,0,2,0,0,0,0,0,3,0,1,0,0,0,2,0,0,15,0,1,1,1,1,1,0,1,0,3,0,5,0,6,2,1,0,0,1,0,1,2,2,8,0,0,3,0,0,1,0,3,1,1,1,3,0,0,1,6,0,0,1,0,0,1,2,0,0,0,1,0,1,1,0,1,0,0,0,1,0,1,4,1,0,0,4,0,7,2,4,7,2,1,1,0,0,1,0,1,0,0,0,0,3,0,13,0,0,1,1,4,1,0,1,0,0,0,0,1,0,1,0,1,0,0,0,3,0,1,0,0,1,0,0,0,0,0,1,0,0,1,0,2,0,0,0,0,0,1,0,2,0,0,0,0,1,0,2,0,3,0,2,0,0,0,2,2,0,0,2,0,2,0,0,0,0,2,2,2,0,0,0,1,1,1,0,3,0,0,0,0,0,0,1,0,0,0,0,0,4,4,1,0,0,0,0,1,0,0,0,0,0,0,1,1,0,0,0,1,2,0,0,0,0,0,1,0,0,0,2,0,1,0,1,0,0,0,0,1,1,0,3,1,1,1,0,0,0,0,0,0,0,0,2,0,1,2,0,0,0,0,0,0,0,1,3,0,0,0,1,0,0,0,0,0,1,0,0,0,0,0,1,0,0,0,1,0,1,1,0,0,0,0,2,0,0,0,0,0,1,0,1,1,0,5,4,0,0,0,1,3,0,0,0,1,3,0,0,0,0,2,3,0,1,0,0,2,0,0,0,0,0,0,1,2,1,2,1,0,5,0,3,0,1,0,0,13,0,0,0,0,0,0,0,0,0,0,0,0,2,0,0,0,0,0,2,0,0,0,0,0,0,0,1,1,0,2,1,4,0,0,1,0,0,2,0,0,0,0,0,1,0,0,0,0,0,1,0,3,0,0,0,1,0,0,0,0,0,4,1,0,7,0,0,0,0,0,1,0,0,0,0,0,0,0,0
zasulich_rev_studenchestvo2_I.txt_chunk3,zasulich,1.8518518518518519,0,0,0,0,1.8518518518518519,20.370370370370374,0,1.8518518518518519,0,1.8518518518518519,22.22222222222222,0,0,1.8518518518518519,0,0,0,0,0,0,1.8518518518518519,5.555555555555555,0,0,1.8518518518518519,0,0,0,0,1.8518518518518519,0,0,1.8518518518518519,5.555555555555555,0,1.8518518518518519,5.555555555555555,0,0,0,0,1.8518518518518519,3.7037037037037037,1.8518518518518519,3.7037037037037037,1.8518518518518519,0,0,12.962962962962962,0,0,3.7037037037037037,0,1.8518518518518519,0,37.03703703703704,1.8518518518518519,3.7037037037037037,3.7037037037037037,0,0,7.407407407407407,9.25925925925926,0,5.555555555555555,0,1.8518518518518519,1.8518518518518519,1.8518518518518519,1.8518518518518519,0,0,1.8518518518518519,0,0,0,7.407407407407407,1.8518518518518519,0,0,0,0,0,3.7037037037037037,1.8518518518518519,0,0,0,11.11111111111111,0,0,18.51851851851852,0,0,0,0,0,0,3.7037037037037037,0,0,3.7037037037037037,1.8518518518518519,11.11111111111111,0,3.7037037037037037,1.8518518518518519,0,0,0,0,0,0,1.8518518518518519,1.8518518518518519,11.11111111111111,0,0,5.555555555555555,0,0,1.8518518518518519,0,5.555555555555555,1.8518518518518519,0,0,0,0,0,3.7037037037037037,11.11111111111111,0,3.7037037037037037,0,1.8518518518518519,0,0,3.7037037037037037,0,3.7037037037037037,1.8518518518518519,0,1.8518518518518519,3.7037037037037037,5.555555555555555,0,0,0,0,0,0,0,0,3.7037037037037037,0,0,0,1.8518518518518519,0,11.11111111111111,0,1.8518518518518519,5.555555555555555,0,1.8518518518518519,0,1.8518518518518519,1.8518518518518519,1.8518518518518519,0,0,0,0,0,0,0,0,12.962962962962962,1.8518518518518519,1.8518518518518519,1.8518518518518519,0,1.8518518518518519,0,0,3.7037037037037037,0,0,0,0,0,3.7037037037037037,9.25925925925926,3.7037037037037037,1.8518518518518519,0,0,0,0,0,0,0,0,1.8518518518518519,0,1.8518518518518519,0,0,0,0,0,3.7037037037037037,0,0,0,0,0,0,0,1.8518518518518519,0,1.8518518518518519,0,0,0,0,0,0,0,1.8518518518518519,0,7.407407407407407,0,1.8518518518518519,0,1.8518518518518519,0,0,1.8518518518518519,0,0,0,0,0,0,0,0,0,0,1.8518518518518519,1.8518518518518519,1.8518518518518519,0,0,0,0,0,0,0,0,0,1.8518518518518519,1.8518518518518519,0,0,0,1.8518518518518519,0,0,0,0,0,0,0,0,0,0,0,1.8518518518518519,0,0,0,1.8518518518518519,0,1.8518518518518519,0,0,0,0,0,0,0,0,0,3.7037037037037037,0,0,0,0,0,0,0,0,0,0,0,0,1.8518518518518519,0,0,5.555555555555555,5.555555555555555,0,0,0,0,0,0,1.8518518518518519,3.7037037037037037,0,0,0,0,0,0,0,0,0,0,0,0,0,0,0,1.8518518518518519,0,0,0,1.8518518518518519,0,3.7037037037037037,0,0,0,0,0,0,0,0,0,0,0,1.8518518518518519,1.8518518518518519,1.8518518518518519,0,0,0,0,0,0,0,0,0,1.8518518518518519,0,0,0,0,0,0,0,0,0,0,0,1.8518518518518519,0,0,0,0,0,0,0,0,0,0,0,0,0,0,3.7037037037037037,0,0,0,0,1.8518518518518519,0,0,0,0,1.8518518518518519,0,1.8518518518518519,1.8518518518518519,0,0,0,0,1.8518518518518519,5.555555555555555,0,1.8518518518518519,0,0,0,0,5.555555555555555,0,0,0,0,1.8518518518518519,0,0,0,0,0,0,0,0,0,0,0,0,0,0,0,3.7037037037037037,0,0,0,0,0,1.8518518518518519,0,0,0,0,3.7037037037037037,1.8518518518518519,0,0,0,0,3.7037037037037037,0,0,0,0,0,0,0,0,0,0,0,0,0,0,0,0,0,0,0,0,0,0,0,3.7037037037037037,0,0,1.8518518518518519,0,0,0,0,0,0,0,0,0,0,0,0,0,0
zasulich_vystrel_Karpovicha_I.txt_chunk1,zasulich,8,0,0,0,0,3,7,0,3,1,2,23,0,0,2,1,0,0,0,0,0,1,10,1,2,0,0,1,5,0,0,0,0,1,0,0,1,6,1,0,0,0,0,3,0,3,3,0,1,4,2,1,4,0,0,0,37,0,4,2,1,0,4,9,0,2,0,2,1,0,2,0,1,0,0,1,2,1,1,0,0,0,0,3,1,1,0,1,0,11,2,3,21,2,3,0,0,1,2,3,2,2,1,0,6,1,2,2,0,0,0,0,2,1,1,2,5,0,0,1,0,0,1,1,4,2,0,1,3,0,7,0,14,0,0,0,1,1,1,0,0,1,1,1,1,3,1,0,1,0,0,0,1,0,0,4,0,1,1,0,0,7,1,1,2,1,1,1,0,0,8,0,1,0,0,1,2,4,0,16,2,1,1,0,7,1,6,1,0,1,0,3,0,1,0,0,3,0,0,0,0,0,0,0,1,1,1,0,0,0,1,0,2,0,3,6,0,0,0,0,0,0,2,3,2,2,0,1,0,0,0,0,0,2,0,0,0,0,0,1,1,0,0,0,0,2,0,0,0,1,1,1,0,0,0,0,1,1,0,1,0,0,1,0,2,0,0,1,0,0,1,0,0,0,0,3,0,0,0,0,0,1,0,1,1,0,0,0,1,0,3,0,0,0,0,1,0,1,0,0,0,0,0,0,1,0,0,1,0,0,1,0,3,0,0,0,0,0,2,1,1,0,0,1,0,0,0,0,0,0,1,1,0,1,0,0,0,0,0,0,0,2,0,0,1,0,1,0,0,0,0,0,0,0,0,0,0,1,0,2,0,0,1,0,0,0,0,0,1,0,1,0,0,1,0,1,0,1,6,1,0,0,0,0,0,1,0,1,0,0,0,0,2,1,2,2,2,0,0,0,1,0,0,0,0,0,0,2,0,0,1,0,0,0,0,1,2,0,0,0,0,0,2,0,4,0,0,0,0,0,0,0,0,0,0,1,0,0,0,1,0,0,0,1,0,0,0,0,0,0,1,0,0,0,0,0,0,0,0,0,0,0,0,0,0,0,1,0,0,1,1,0,0,0,0,0,0,0,1,0,0,0,0,0,0,0,0,0,0,0,0,0,0,0,0,0,0,0,0,0
zasulich_vystrel_Karpovicha_I.txt_chunk2,zasulich,14,0,0,0,2,0,7,2,1,5,4,24,0,0,1,2,0,0,0,1,0,0,7,0,2,3,0,0,0,1,0,2,1,1,0,0,0,3,0,0,1,0,0,9,0,0,5,0,1,3,1,0,3,0,0,0,35,0,2,3,1,0,4,5,1,5,0,1,2,2,0,0,2,1,0,0,3,6,0,3,0,1,0,0,3,4,2,0,0,9,0,0,34,0,1,1,3,1,1,6,0,0,2,0,8,2,4,1,0,1,0,1,0,1,3,1,4,0,1,2,0,0,3,2,12,1,0,0,2,0,1,0,4,0,0,1,1,1,1,1,2,0,1,0,0,3,0,0,0,0,0,0,1,0,0,3,1,1,0,2,0,5,1,1,5,4,3,0,1,0,0,0,0,0,0,0,0,3,1,8,2,2,2,1,6,2,1,2,1,0,0,1,0,0,0,0,0,0,0,0,0,0,0,3,1,1,0,2,1,1,0,0,0,1,1,0,1,1,0,0,0,0,0,0,0,2,0,0,1,1,1,1,0,2,1,1,0,0,1,0,0,0,1,2,0,2,0,2,0,2,0,1,0,2,1,3,0,0,0,0,0,0,0,0,4,1,1,2,0,1,0,1,0,0,1,3,0,0,0,0,1,1,0,0,5,0,0,0,0,3,0,0,0,0,0,0,0,1,0,0,0,0,0,0,0,0,0,1,0,0,0,0,0,1,0,0,0,0,1,0,0,0,3,2,0,0,0,1,0,2,4,0,0,0,0,0,0,1,0,0,0,0,0,0,0,0,2,0,0,1,0,0,1,0,1,0,1,0,0,1,0,0,0,0,2,0,0,0,1,0,0,3,0,3,0,0,0,1,1,0,0,0,1,0,1,0,0,1,0,0,0,0,0,0,3,0,0,1,0,1,0,0,1,0,0,0,0,0,0,0,1,0,0,0,1,0,0,0,0,0,0,0,0,0,0,0,1,0,0,0,2,3,0,0,0,2,0,0,1,0,0,0,0,2,0,0,0,0,0,1,0,0,0,0,1,0,0,0,0,0,2,0,0,0,0,0,1,0,0,0,0,1,0,0,0,0,1,0,0,0,0,0,0,0,0,0,0,0,0,0,0,1,0,0,0,0,3,0,0,0
