chunk_id,author,а,больше,будет,будут,бы,была,были,было,быть,в,во,вопрос,вопроса,вот,вполне,время,все,всегда,всего,всем,где,говорит,говорить,гораздо,деле,дело,для,должен,должна,должно,должны,других,его,ее,ему,если,есть,еще,же,жизни,жизнь,за,значит,и,идет,из,или,им,их,к,как,классов,когда,конечно,которая,которой,которую,которые,которых,кто,лет,лишь,мало,между,меня,мне,много,могут,может,можно,мысли,мысль,на,над,надо,не,него,нельзя,необходимо,нет,ни,нибудь,ним,них,ничего,но,нужно,о,об,образом,один,одно,одного,одной,он,она,они,организации,от,отношении,очень,перед,по,под,при,раз,с,самой,самом,свое,своего,своей,свои,своим,своих,свою,себе,себя,сказать,собой,совершенно,так,также,таким,там,тем,теории,то,того,той,только,том,тому,тот,тут,у,чем,через,что,чтобы,эта,эти,этим,это,этого,этой,этом,этому,эту,я,без,ведь,до,значение,имеет,именно,какой,которого,ли,либо,люди,менее,общества,оно,потому,почему,поэтому,право,самого,собою,совсем,таких,те,тех,уже,этих,является,более,всех,г,д,движение,движения,демократии,другой,искры,класса,который,кроме,людей,могли,момент,нашей,партии,партия,пор,после,против,рабочего,рабочие,развития,сделать,сил,социал,среди,стороны,съезда,т,борьба,борьбе,борьбу,борьбы,власти,вместе,даже,демократической,зрения,крестьян,наиболее,народа,прежде,рабочий,рабочих,революционной,россии,русской,силу,силы,со,страны,съезд,такой,теперь,тогда,точки,труда,был,вообще,всей,да,действительно,здесь,мог,особенно,почти,сам,хотя,времени,дела,которое,несколько,положение,случае,этот,вы,мы,нас,е,ибо,общество,своем,смысле,характер,нам,слова,такое,года,ей,наконец,народ,ней,пока,пролетариата,свой,однако,производства,буржуазии,власть,права,правительство,политической,свободы,правительства,массы,политических,политического,революции,революционного,революция,снова,съезде,тов,масс,демократия,пролетариат,войны,ленин,буржуазия,маркса,её
krupskaya_k_voposu_o_shkole.txt_chunk1,krupskaya,3,4,1,4,4,1,2,2,3,28,1,1,1,1,2,1,2,1,1,1,3,1,1,3,4,4,3,5,1,1,1,1,9,2,3,8,1,3,3,3,3,1,1,34,1,2,3,4,2,6,5,1,2,4,2,2,2,1,1,3,1,3,1,3,1,1,4,1,3,1,1,2,10,1,2,20,3,1,1,1,1,4,1,4,1,8,1,10,1,2,1,2,1,2,15,1,3,2,4,2,4,1,5,1,1,1,9,1,1,1,1,1,1,3,2,2,2,2,1,2,2,2,1,1,1,3,1,6,3,3,2,2,1,2,3,2,3,1,10,6,3,1,1,6,2,5,2,2,3,5,0,0,0,0,0,0,0,0,0,0,0,0,0,0,0,0,0,0,0,0,0,0,0,0,0,0,0,0,0,0,0,0,0,0,0,0,0,0,0,0,0,0,0,0,0,0,0,0,0,0,0,0,0,0,0,0,0,0,0,0,0,0,0,0,0,0,0,0,0,0,0,0,0,0,0,0,0,0,0,0,0,0,0,0,0,0,0,0,0,0,0,0,0,0,0,0,0,0,0,0,0,0,0,0,0,0,0,0,0,0,0,0,0,0,0,0,0,0,0,0,0,0,0,0,0,0,0,0,0,0,0,0,0,0,0,0,0,0,0,0,0,0,0,0,0,0,0,0,0,0
krupskaya_k_voposu_o_shkole.txt_chunk2,krupskaya,3.5046728971962615,0,7.009345794392523,3.5046728971962615,2.336448598130841,0,0,0,5.841121495327102,35.046728971962615,1.1682242990654206,0,0,1.1682242990654206,0,2.336448598130841,7.009345794392523,0,0,0,3.5046728971962615,0,0,3.5046728971962615,0,3.5046728971962615,1.1682242990654206,3.5046728971962615,0,0,2.336448598130841,1.1682242990654206,1.1682242990654206,1.1682242990654206,0,2.336448598130841,0,1.1682242990654206,3.5046728971962615,0,2.336448598130841,1.1682242990654206,0,37.38317757009346,0,3.5046728971962615,3.5046728971962615,2.336448598130841,15.186915887850468,15.186915887850468,8.177570093457943,0,0,2.336448598130841,1.1682242990654206,2.336448598130841,0,1.1682242990654206,1.1682242990654206,1.1682242990654206,0,3.5046728971962615,0,2.336448598130841,0,0,0,0,3.5046728971962615,1.1682242990654206,0,0,10.514018691588785,1.1682242990654206,3.5046728971962615,8.177570093457943,0,1.1682242990654206,1.1682242990654206,0,0,2.336448598130841,1.1682242990654206,2.336448598130841,0,3.5046728971962615,1.1682242990654206,2.336448598130841,0,1.1682242990654206,1.1682242990654206,0,0,0,5.841121495327102,7.009345794392523,4.672897196261682,2.336448598130841,1.1682242990654206,4.672897196261682,4.672897196261682,0,5.841121495327102,0,3.5046728971962615,1.1682242990654206,11.682242990654204,1.1682242990654206,0,0,1.1682242990654206,0,1.1682242990654206,1.1682242990654206,1.1682242990654206,0,2.336448598130841,1.1682242990654206,0,2.336448598130841,0,1.1682242990654206,1.1682242990654206,1.1682242990654206,0,1.1682242990654206,0,5.841121495327102,3.5046728971962615,0,3.5046728971962615,0,1.1682242990654206,0,1.1682242990654206,2.336448598130841,2.336448598130841,0,7.009345794392523,3.5046728971962615,1.1682242990654206,0,0,12.850467289719626,1.1682242990654206,2.336448598130841,3.5046728971962615,1.1682242990654206,1.1682242990654206,1.1682242990654206,1.1682242990654206,1.1682242990654206,1.1682242990654206,3.5046728971962615,1.1682242990654206,1.1682242990654206,1.1682242990654206,1.1682242990654206,1.1682242990654206,2.336448598130841,1.1682242990654206,1.1682242990654206,1.1682242990654206,1.1682242990654206,2.336448598130841,1.1682242990654206,1.1682242990654206,1.1682242990654206,2.336448598130841,1.1682242990654206,1.1682242990654206,1.1682242990654206,1.1682242990654206,1.1682242990654206,2.336448598130841,2.336448598130841,2.336448598130841,0,0,0,0,0,0,0,0,0,0,0,0,0,0,0,0,0,0,0,0,0,0,0,0,0,0,0,0,0,0,0,0,0,0,0,0,0,0,0,0,0,0,0,0,0,0,0,0,0,0,0,0,0,0,0,0,0,0,0,0,0,0,0,0,0,0,0,0,0,0,0,0,0,0,0,0,0,0,0,0,0,0,0,0,0,0,0,0,0,0,0,0,0,0,0,0,0,0,0,0,0,0,0,0,0,0,0,0,0,0,0,0,0,0,0,0,0,0,0,0,0,0,0
krupskaya_merged__iskre.txt_hihsya.txt_chenie.txt,krupskaya,7.278020378457059,0,5.822416302765648,0,8.73362445414847,1.455604075691412,0,1.455604075691412,2.911208151382824,26.200873362445414,1.455604075691412,0,4.366812227074235,0,0,1.455604075691412,5.822416302765648,0,1.455604075691412,0,0,0,0,1.455604075691412,0,2.911208151382824,1.455604075691412,0,1.455604075691412,0,0,0,1.455604075691412,8.73362445414847,0,1.455604075691412,1.455604075691412,1.455604075691412,2.911208151382824,1.455604075691412,0,5.822416302765648,0,36.390101892285294,8.73362445414847,4.366812227074235,0,4.366812227074235,2.911208151382824,8.73362445414847,14.556040756914118,0,1.455604075691412,4.366812227074235,0,0,2.911208151382824,0,0,1.455604075691412,0,1.455604075691412,0,1.455604075691412,0,1.455604075691412,0,1.455604075691412,2.911208151382824,1.455604075691412,0,1.455604075691412,13.100436681222707,0,7.278020378457059,5.822416302765648,1.455604075691412,0,0,0,0,0,0,0,0,4.366812227074235,1.455604075691412,2.911208151382824,0,0,0,0,0,0,11.644832605531295,1.455604075691412,4.366812227074235,1.455604075691412,1.455604075691412,0,0,0,5.822416302765648,0,1.455604075691412,0,23.28966521106259,0,1.455604075691412,0,0,0,2.911208151382824,1.455604075691412,0,1.455604075691412,0,0,0,0,0,4.366812227074235,1.455604075691412,1.455604075691412,1.455604075691412,1.455604075691412,0,0,2.911208151382824,1.455604075691412,4.366812227074235,0,0,1.455604075691412,0,0,1.455604075691412,0,4.366812227074235,4.366812227074235,0,2.911208151382824,1.455604075691412,5.822416302765648,4.366812227074235,1.455604075691412,2.911208151382824,0,0,2.911208151382824,2.911208151382824,0,1.455604075691412,0,0,0,0,0,0,0,0,0,1.455604075691412,0,0,0,0,0,0,0,0,1.455604075691412,1.455604075691412,0,1.455604075691412,1.455604075691412,0,1.455604075691412,1.455604075691412,1.455604075691412,4.366812227074235,1.455604075691412,1.455604075691412,1.455604075691412,1.455604075691412,7.278020378457059,1.455604075691412,1.455604075691412,4.366812227074235,1.455604075691412,1.455604075691412,1.455604075691412,1.455604075691412,1.455604075691412,1.455604075691412,1.455604075691412,1.455604075691412,1.455604075691412,2.911208151382824,1.455604075691412,1.455604075691412,1.455604075691412,2.911208151382824,1.455604075691412,1.455604075691412,1.455604075691412,1.455604075691412,1.455604075691412,0,0,0,0,0,0,0,0,0,0,0,0,0,0,0,0,0,0,0,0,0,0,0,0,0,0,0,0,0,0,0,0,0,0,0,0,0,0,0,0,0,0,0,0,0,0,0,0,0,0,0,0,0,0,0,0,0,0,0,0,0,0,0,0,0,0,0,0,0,0,0,0,0,0,0,0,0,0,0,0,0,0,0,0,0,0,0,0,0,0,0,0
krupskaya_o_staroy_iskre.txt_chunk1,krupskaya,2,2,2,1,8,5,2,2,0,34,1,0,0,0,0,1,6,0,3,0,0,0,0,0,1,0,3,2,0,0,1,0,1,3,1,4,1,1,1,0,0,12,0,20,0,6,0,0,2,7,5,0,1,0,5,0,1,1,0,0,2,0,0,0,0,0,0,0,1,0,0,0,10,0,2,16,0,1,1,0,0,0,2,1,0,4,0,5,1,0,0,0,0,0,6,6,5,1,1,1,0,0,7,0,1,0,22,0,0,0,0,3,0,1,0,0,1,2,0,0,2,0,0,0,1,0,0,1,0,1,2,6,0,0,1,1,1,0,9,1,1,0,0,0,2,1,0,0,2,0,3,0,1,1,0,2,0,0,1,0,0,3,0,0,0,0,0,0,0,0,0,0,0,0,0,0,0,0,3,1,2,0,2,2,0,11,6,0,0,0,0,0,0,5,0,0,2,1,8,0,0,0,0,4,0,0,0,0,2,1,10,9,1,3,1,2,2,2,3,1,3,4,10,1,7,1,1,2,1,3,2,1,1,1,1,3,0,0,0,0,0,0,0,0,0,0,0,0,0,0,0,0,0,0,0,0,0,0,0,0,0,0,0,0,0,0,0,0,0,0,0,0,0,0,0,0,0,0,0,0,0,0,0,0,0,0,0,0,0,0,0,0,0,0,0,0,0,0,0,0
krupskaya_samoubiystva_uchashihsya.txt_chunk1,krupskaya,8,0,0,2,2,0,3,2,0,45,1,3,0,1,0,4,2,0,1,1,0,1,2,0,0,0,3,1,0,0,0,0,4,5,2,3,0,2,4,5,4,5,0,28,2,3,5,0,6,5,9,0,3,3,1,0,0,0,1,0,0,5,1,0,0,0,0,0,2,0,0,0,15,1,3,26,2,2,1,1,1,1,0,2,0,5,0,7,1,0,2,0,0,0,2,3,1,0,2,2,0,0,7,0,0,0,12,0,0,0,0,0,0,0,0,0,5,2,2,0,4,8,0,0,0,1,1,9,1,1,5,4,0,0,0,1,1,0,23,5,0,1,1,5,0,1,2,0,0,0,0,2,3,0,0,0,1,0,2,2,1,0,0,0,4,4,0,0,0,0,0,1,0,0,0,0,0,3,1,6,0,0,0,0,0,0,0,0,1,0,0,0,0,0,0,0,0,0,0,0,0,0,0,0,3,1,0,1,0,1,0,0,0,0,0,0,1,0,0,0,0,0,0,0,0,0,0,0,3,0,0,1,0,0,1,0,1,1,1,1,1,1,1,1,1,2,1,0,0,0,0,0,0,0,0,0,0,0,0,0,0,0,0,0,0,0,0,0,0,0,0,0,0,0,0,0,0,0,0,0,0,0,0,0,0,0,0,0,0,0,0,0,0,0,0,0,0,0,0,0
krupskaya_samoubiystva_uchashihsya.txt_chunk2,krupskaya,7,0,4,0,3,0,0,0,12,28,2,0,0,0,0,1,6,1,1,0,1,1,1,0,1,1,1,9,2,2,0,1,9,1,6,0,0,0,1,6,4,3,0,35,0,1,4,1,4,10,5,0,1,1,2,0,0,1,0,1,1,2,2,3,0,0,0,1,4,0,1,0,10,1,6,14,3,0,1,1,1,1,0,1,0,8,1,9,1,0,0,2,1,0,12,3,2,1,5,2,0,0,4,1,2,1,21,1,0,0,1,0,3,0,3,0,5,1,0,1,2,3,1,0,0,4,0,3,2,1,8,1,2,1,0,2,0,0,7,7,0,0,3,7,2,1,4,0,0,0,0,2,0,0,1,0,2,0,0,1,0,2,1,0,1,0,0,0,1,0,0,0,0,0,1,0,0,2,0,0,0,0,0,0,1,0,0,1,0,5,0,0,0,0,0,0,0,0,0,0,1,2,2,0,2,0,0,0,0,0,1,0,0,1,0,0,0,0,0,0,0,0,0,0,0,0,0,1,0,0,0,1,1,0,0,1,0,0,0,0,0,0,1,1,1,0,1,1,2,2,1,1,4,2,0,0,0,0,0,0,0,0,0,0,0,0,0,0,0,0,0,0,0,0,0,0,0,0,0,0,0,0,0,0,0,0,0,0,0,0,0,0,0,0,0,0,0,0,0,0
krupskaya_shkolnie_kolonii.txt_chunk1,krupskaya,6.443298969072164,0,0,0,19.329896907216497,0,0,1.288659793814433,0,38.659793814432994,0,0,0,0,0,1.288659793814433,2.577319587628866,0,0,0,1.288659793814433,0,1.288659793814433,0,0,2.577319587628866,18.04123711340206,1.288659793814433,2.577319587628866,0,1.288659793814433,0,0,0,0,2.577319587628866,0,1.288659793814433,5.154639175257732,1.288659793814433,1.288659793814433,5.154639175257732,0,45.103092783505154,0,2.577319587628866,0,0,3.865979381443299,0,3.865979381443299,0,0,0,0,0,0,1.288659793814433,2.577319587628866,1.288659793814433,0,3.865979381443299,2.577319587628866,1.288659793814433,0,0,0,2.577319587628866,0,1.288659793814433,0,0,10.309278350515465,0,1.288659793814433,16.75257731958763,0,0,0,2.577319587628866,0,1.288659793814433,0,3.865979381443299,0,10.309278350515465,2.577319587628866,3.865979381443299,2.577319587628866,1.288659793814433,0,0,0,1.288659793814433,0,1.288659793814433,3.865979381443299,0,1.288659793814433,1.288659793814433,0,0,5.154639175257732,1.288659793814433,2.577319587628866,1.288659793814433,9.02061855670103,0,1.288659793814433,0,1.288659793814433,0,1.288659793814433,1.288659793814433,1.288659793814433,0,0,5.154639175257732,0,0,0,2.577319587628866,0,1.288659793814433,5.154639175257732,0,0,2.577319587628866,2.577319587628866,0,5.154639175257732,0,0,0,0,3.865979381443299,1.288659793814433,0,3.865979381443299,1.288659793814433,0,1.288659793814433,0,2.577319587628866,1.288659793814433,0,3.865979381443299,0,0,0,0,0,2.577319587628866,0,0,0,0,0,3.865979381443299,0,1.288659793814433,0,1.288659793814433,2.577319587628866,1.288659793814433,0,0,0,0,0,1.288659793814433,2.577319587628866,0,0,1.288659793814433,0,0,1.288659793814433,1.288659793814433,0,1.288659793814433,0,0,0,1.288659793814433,0,0,1.288659793814433,0,1.288659793814433,0,0,0,0,0,1.288659793814433,0,0,2.577319587628866,0,0,0,0,0,3.865979381443299,2.577319587628866,0,2.577319587628866,0,1.288659793814433,0,0,0,0,2.577319587628866,0,0,0,0,0,0,0,1.288659793814433,0,0,0,0,0,0,0,0,0,0,0,0,0,0,0,0,0,0,5.154639175257732,0,0,2.577319587628866,0,5.154639175257732,0,0,0,1.288659793814433,0,0,0,3.865979381443299,2.577319587628866,2.577319587628866,0,0,0,0,0,0,0,0,0,0,0,0,0,0,0,0,0,0,0,0,0,0,0,0,0,0,0,0,0,0,0,0,0,0,0,0,0,0,0,0,0,0,0
krupskaya_sovmestnoe_obuchenie.txt_chunk1,krupskaya,5,1,3,1,1,0,0,1,3,26,0,12,2,2,0,0,1,1,3,0,2,2,2,0,1,1,2,0,1,0,1,0,4,1,1,3,1,0,2,2,3,1,2,43,2,1,5,0,3,7,7,0,2,2,0,0,2,1,0,0,0,1,0,12,0,0,0,1,5,0,0,1,23,0,5,14,0,1,1,0,0,2,0,2,0,0,0,9,1,5,0,0,0,0,1,1,1,0,2,1,2,1,3,1,5,0,8,2,1,0,1,0,0,0,1,0,1,0,0,2,4,8,1,0,0,1,0,8,1,1,0,1,1,1,0,2,3,2,11,3,1,4,1,2,0,1,2,0,1,0,1,1,1,4,1,0,0,0,6,1,1,0,2,1,1,0,1,0,0,0,0,0,0,1,5,0,3,3,0,7,0,0,0,0,0,0,1,0,0,0,0,0,0,0,0,1,0,0,0,0,2,1,1,0,1,0,0,1,0,0,1,0,0,0,2,0,2,0,0,0,2,0,0,0,0,0,0,0,0,0,0,1,0,0,1,0,0,0,0,1,0,0,0,0,0,0,0,0,0,1,0,0,0,3,0,4,0,1,2,2,1,1,1,0,0,0,0,0,0,0,0,0,0,0,0,0,0,0,0,0,0,0,0,0,0,0,0,0,0,0,0,0,0,0,0,0,0,0,0,0
krupskaya_sovmestnoe_obuchenie.txt_chunk2,krupskaya,9,0,5,0,6,0,0,0,6,29,4,3,2,2,2,0,5,0,1,0,3,1,0,0,0,1,2,0,0,0,0,1,6,3,1,1,0,1,2,2,0,2,0,39,1,5,5,1,4,10,9,0,2,0,0,1,1,0,0,0,0,0,1,1,0,0,4,0,8,2,0,2,15,2,9,18,1,0,0,2,0,0,0,2,2,9,0,5,2,2,0,0,0,0,11,3,2,0,5,1,3,0,2,0,5,0,9,0,0,0,0,1,0,0,2,1,2,1,0,0,1,2,1,0,0,2,0,6,1,1,4,0,0,0,0,1,2,0,14,3,0,2,0,5,5,2,4,0,3,0,0,2,0,0,1,0,3,2,7,1,0,0,0,0,0,0,1,1,1,0,0,1,0,0,1,4,1,0,2,6,0,0,0,0,0,0,0,1,0,1,0,0,0,0,0,0,0,1,0,0,1,2,1,0,0,0,0,3,0,0,0,0,0,2,0,0,0,0,0,0,1,0,0,0,0,0,1,0,0,0,0,3,0,1,0,0,1,3,0,1,0,0,0,0,0,0,1,0,0,0,0,0,0,0,0,0,0,0,0,0,0,2,0,1,2,1,0,0,0,0,0,0,0,0,0,0,0,0,0,0,0,0,0,0,0,0,0,0,0,0,0,0,0,0,0,0,0,0,0,0
krupskaya_sovmestnoe_obuchenie.txt_chunk3,krupskaya,5,2,0,1,3,0,0,1,3,36,1,4,1,0,3,0,1,1,1,0,3,3,2,1,0,1,3,0,2,0,0,1,4,1,1,3,0,2,3,2,2,3,1,27,0,2,5,1,2,6,7,0,3,2,0,3,0,2,2,0,0,3,1,1,0,2,2,3,5,0,0,0,8,0,3,16,1,2,2,2,0,2,0,0,2,8,0,10,1,1,0,1,0,0,7,2,4,0,3,4,0,0,2,0,2,2,12,0,0,0,1,1,1,0,0,1,0,0,0,1,1,4,0,0,0,1,0,2,5,2,1,2,1,0,0,6,6,0,17,5,2,2,1,2,1,1,2,0,0,7,1,0,0,2,2,1,0,0,3,1,2,1,1,1,2,0,0,0,0,0,0,1,3,1,1,1,0,1,0,2,0,0,0,0,0,0,0,0,2,0,1,0,0,0,0,0,0,2,0,0,0,0,0,0,0,0,0,1,0,0,0,1,0,3,2,0,3,0,0,0,0,0,0,0,0,0,1,0,0,0,0,0,0,2,3,0,1,0,0,0,0,2,1,1,0,0,2,0,0,1,1,0,2,2,0,1,0,0,0,0,0,0,0,0,0,1,0,0,0,0,0,0,0,0,0,0,0,0,0,0,0,0,0,0,0,0,0,0,0,0,0,0,0,0,0,0,0,0,0,0
krupskaya_zhenshina_rabotnitsa.txt_chunk1,krupskaya,5,5,0,0,1,0,0,0,0,39,1,0,0,1,1,0,0,0,0,0,3,1,1,0,1,1,2,1,0,0,0,2,3,5,2,1,2,4,3,0,4,4,0,36,2,5,2,0,1,1,7,0,0,0,0,0,0,2,0,1,2,2,0,1,0,0,0,0,1,1,0,0,24,1,0,14,0,0,0,1,3,0,0,0,0,0,2,1,2,0,1,0,0,0,5,6,0,0,7,0,1,0,3,0,0,0,10,0,0,0,2,0,0,0,1,3,1,2,0,1,0,2,0,0,1,1,0,3,2,0,6,1,0,0,0,6,3,0,11,2,0,2,0,1,1,3,1,0,0,0,1,0,0,0,0,0,0,0,3,1,0,1,0,0,2,0,0,0,1,0,1,1,2,1,0,2,0,0,1,0,0,0,0,0,0,0,5,0,1,1,0,0,1,0,0,0,0,0,4,0,0,0,0,0,0,0,0,3,0,0,0,0,0,1,0,0,0,1,0,0,1,0,1,0,1,0,0,1,0,0,0,1,1,0,0,0,0,0,0,5,1,0,0,3,1,1,1,0,0,0,0,5,0,0,1,4,1,1,0,0,0,0,0,0,0,0,1,1,1,2,1,1,2,2,0,0,0,0,0,0,0,0,0,0,0,0,0,0,0,0,0,0,0,0,0,0,0,0,0,0
krupskaya_zhenshina_rabotnitsa.txt_chunk2,krupskaya,7,1,1,0,1,0,0,0,0,49,2,0,0,1,0,6,3,0,1,0,6,0,0,0,0,0,2,0,1,0,0,0,2,3,0,3,1,4,8,0,0,4,0,43,0,0,3,1,2,4,8,0,1,0,1,1,0,0,0,0,2,4,0,1,0,0,0,0,3,0,0,0,23,1,2,14,0,1,0,3,1,0,2,2,0,7,0,2,0,0,1,1,0,1,3,7,3,0,4,0,2,0,3,0,2,0,11,0,0,0,1,0,1,0,0,1,1,3,0,0,1,6,0,0,3,1,0,6,0,0,3,0,1,1,1,4,5,0,13,5,1,0,0,2,1,0,0,0,0,0,0,0,4,0,0,0,0,0,1,0,0,0,1,0,1,0,1,0,0,0,0,1,0,2,2,2,2,3,1,2,0,0,0,0,0,0,2,0,1,0,0,0,0,0,0,1,0,0,3,0,0,0,1,0,0,0,0,0,0,0,0,0,0,0,1,0,0,0,0,1,0,3,0,0,1,0,1,0,1,0,0,1,0,0,0,1,0,0,0,1,0,0,0,1,0,0,2,0,0,1,0,3,0,2,0,0,0,0,0,0,1,0,0,0,0,0,0,1,0,0,0,0,0,0,1,2,0,0,0,0,0,0,0,0,0,0,0,0,0,0,0,0,0,0,0,0,0,0,0,0
krupskaya_zhenshina_rabotnitsa.txt_chunk3,krupskaya,9,1,13,6,1,0,0,5,1,20,3,0,0,1,0,1,13,2,1,0,1,0,0,0,0,5,4,0,0,0,1,2,2,1,2,0,2,0,2,0,1,10,0,30,1,4,1,9,8,1,10,2,2,0,1,1,0,3,0,2,0,2,0,2,0,0,1,0,1,0,1,0,18,2,1,24,3,0,0,1,8,1,0,4,0,5,0,11,0,0,1,0,1,0,4,1,13,0,5,0,0,1,4,1,1,0,5,0,0,0,1,2,4,1,2,1,2,4,0,0,1,6,1,0,0,4,0,1,4,0,2,4,0,1,0,4,4,0,17,16,0,1,0,6,1,1,0,0,0,0,2,0,0,0,0,0,0,0,0,0,2,0,1,2,2,0,0,0,0,1,0,0,1,1,1,0,0,0,6,1,0,0,0,0,0,0,0,1,1,1,0,0,0,1,0,1,0,1,2,10,0,2,0,0,2,1,0,0,0,0,1,1,0,1,0,0,0,0,0,0,0,2,11,0,0,0,2,1,0,0,0,1,5,1,0,2,0,0,0,0,0,0,2,1,0,0,0,1,1,1,0,0,0,0,0,0,0,0,0,4,0,0,0,0,3,0,0,1,0,2,0,0,0,1,0,0,1,1,3,1,0,0,0,0,0,0,0,0,0,0,0,0,0,0,0,0,0,0,0,0
krupskaya_zhenshina_rabotnitsa.txt_chunk4,krupskaya,2,2,4,6,3,2,0,1,0,41,4,0,0,1,1,2,7,1,0,1,1,0,0,2,3,6,1,0,2,0,0,0,2,4,3,4,2,1,3,0,0,12,0,37,0,2,1,3,5,5,8,0,1,2,2,0,0,1,0,0,1,1,2,1,0,0,0,3,1,0,0,0,20,0,0,22,0,0,1,2,3,0,1,0,1,6,0,3,1,0,0,0,0,0,3,17,7,0,6,0,3,0,5,0,1,0,8,0,0,0,1,1,1,0,3,0,2,0,0,0,2,2,1,0,1,1,0,4,2,0,6,0,0,0,2,0,3,1,18,6,0,0,0,4,1,0,0,0,0,0,4,0,2,0,1,0,0,1,2,0,1,0,0,0,1,0,2,1,0,0,1,0,1,2,4,0,1,0,4,2,0,3,0,0,0,0,1,0,2,0,1,0,0,1,0,1,0,0,2,12,0,0,0,0,0,0,0,0,2,5,2,1,0,0,1,0,0,0,1,1,0,0,2,0,6,0,0,0,0,0,0,3,0,1,0,0,0,0,0,2,0,0,0,0,1,0,0,0,0,2,1,4,1,0,0,0,0,0,0,1,0,0,0,0,0,1,0,2,0,0,1,2,0,0,0,0,0,0,1,0,3,3,0,0,0,0,0,0,0,0,0,0,0,0,0,0,0,0,0,0
krupskaya_zhenshina_rabotnitsa.txt_chunk5,krupskaya,7,2,0,0,0,1,2,2,4,35,2,0,0,2,1,0,5,1,0,0,7,0,0,1,0,3,3,0,1,0,0,0,3,7,1,4,0,3,9,0,0,2,0,41,0,1,3,2,3,4,8,0,2,0,1,1,0,0,0,2,1,3,2,3,0,0,0,1,8,0,0,0,20,0,2,23,0,1,0,2,3,0,0,1,0,3,0,3,0,2,0,0,0,1,2,12,5,0,7,0,1,0,8,1,6,0,9,0,0,0,0,0,0,1,0,1,2,6,0,0,2,3,1,1,3,1,0,4,2,1,2,2,1,1,2,1,5,0,16,1,0,2,0,6,1,0,0,0,1,0,2,1,0,1,1,0,1,0,2,0,1,0,0,0,2,3,0,2,0,0,0,0,0,6,0,0,1,2,2,1,0,0,0,0,0,0,0,1,1,0,0,0,0,0,0,0,1,0,0,5,0,1,0,0,3,0,0,3,0,0,0,0,1,0,1,0,0,1,0,0,0,0,4,0,0,0,1,0,0,0,0,2,0,0,0,0,0,0,0,2,0,0,0,0,0,0,1,0,0,1,0,1,1,2,0,3,0,1,0,0,0,0,0,0,0,1,0,4,0,0,2,1,0,3,0,0,0,0,0,0,0,0,0,0,0,0,0,0,0,0,0,0,0,0,0,0,0,0,0,0
krupskaya_zhenshina_rabotnitsa.txt_chunk6,krupskaya,6,1,2,5,5,0,0,1,2,41,1,0,0,1,0,0,4,0,1,1,1,1,1,0,1,3,2,0,1,0,1,1,3,2,1,5,1,1,6,0,1,11,0,36,1,1,3,3,1,4,17,0,5,2,1,1,0,2,0,1,1,2,1,0,0,0,0,2,5,1,0,0,7,0,3,25,0,0,0,4,2,6,1,1,3,5,2,8,0,0,1,0,1,1,1,5,2,0,5,0,3,0,1,1,3,1,8,0,0,0,0,1,0,0,4,0,2,0,0,0,0,5,0,1,1,0,0,6,3,0,7,3,1,0,0,4,2,0,19,2,0,1,1,3,2,0,0,0,0,1,4,2,2,0,2,0,3,0,2,3,2,0,0,1,1,2,0,0,0,0,1,1,2,1,1,0,0,0,2,1,1,0,1,0,1,0,0,0,2,1,1,0,0,0,0,0,0,0,0,0,0,1,0,0,0,0,0,1,0,0,0,1,0,0,2,0,0,0,0,0,0,0,1,0,1,1,0,0,1,0,0,0,2,3,0,0,0,0,0,7,0,0,0,0,0,0,0,0,0,0,0,0,0,0,2,4,1,0,0,0,0,0,0,0,1,1,0,0,0,1,0,1,0,1,0,0,0,1,0,0,0,0,0,0,0,0,0,0,0,0,0,0,0,0,0,0,0,0,0,0
krupskaya_zhenshina_rabotnitsa.txt_chunk7,krupskaya,7,0,3,0,3,1,1,2,0,25,1,0,0,0,1,4,6,1,1,0,1,2,0,0,1,2,5,0,2,0,0,0,4,5,0,4,1,4,5,0,0,3,0,36,0,2,3,0,4,7,5,0,3,1,0,1,0,1,1,0,1,1,0,1,0,0,3,1,3,3,0,0,25,0,1,26,1,0,1,2,4,6,0,1,0,6,0,7,1,3,1,1,0,0,1,9,5,0,4,1,2,0,2,1,6,1,11,0,0,1,4,2,0,1,4,0,1,1,0,1,2,4,0,4,1,1,0,6,2,0,2,3,1,2,1,3,3,0,17,6,1,2,2,4,0,0,1,0,0,0,1,0,3,0,1,0,2,0,0,2,0,0,0,0,1,1,1,0,0,0,0,0,0,1,2,0,0,0,0,0,0,0,0,0,0,0,0,0,0,0,0,0,0,0,0,0,0,0,0,0,0,0,0,0,0,0,0,1,0,0,0,0,0,0,1,0,0,0,0,0,1,0,3,0,0,0,0,0,0,0,0,0,1,1,0,1,0,0,0,0,0,0,1,1,3,0,0,2,0,0,1,3,0,0,0,3,0,1,0,1,0,0,0,0,0,1,0,2,0,0,1,0,0,0,0,0,0,0,0,0,0,0,0,0,0,0,0,0,0,0,0,0,0,0,0,0,0,0,0,0
krupskaya_zhenshina_rabotnitsa.txt_chunk8,krupskaya,3,4,4,6,4,1,2,0,2,34,1,0,0,0,0,5,10,1,0,0,0,0,0,4,0,1,6,0,0,0,0,1,2,14,1,1,0,1,5,0,0,6,1,38,0,4,1,3,8,10,9,0,1,2,0,0,0,1,0,0,0,1,3,0,0,0,1,1,9,2,0,0,21,1,1,15,1,0,1,2,3,2,0,2,1,2,0,2,0,0,1,0,1,0,1,16,8,1,2,0,2,0,3,0,1,0,18,0,0,2,0,0,1,1,3,2,0,1,0,0,1,5,0,0,0,0,0,6,6,0,4,3,0,0,0,3,1,0,22,6,0,1,0,7,1,1,0,0,0,0,2,0,0,0,2,0,2,1,0,0,0,0,1,0,2,0,0,0,0,0,0,2,0,0,0,0,0,1,3,0,0,0,0,0,0,0,1,2,1,0,0,0,0,0,0,0,0,1,2,3,0,0,0,0,0,0,0,0,0,2,0,1,1,0,0,0,0,0,0,0,0,1,2,0,0,0,0,1,0,0,0,0,0,0,0,0,0,0,0,1,0,0,1,0,0,0,0,0,2,1,1,1,0,0,0,2,0,0,0,0,0,0,0,0,1,0,0,3,0,0,2,0,0,0,0,0,0,0,0,1,1,0,0,0,0,0,0,0,0,0,0,0,0,0,0,0,0,0,0,0
krupskaya_zhenshina_rabotnitsa.txt_chunk9,krupskaya,3.6719706242350063,0,3.6719706242350063,6.119951040391677,18.359853121175032,1.2239902080783354,0,3.6719706242350063,7.343941248470013,34.27172582619339,3.6719706242350063,0,0,2.4479804161566707,0,2.4479804161566707,0,0,1.2239902080783354,0,0,0,0,1.2239902080783354,2.4479804161566707,2.4479804161566707,8.567931456548347,0,2.4479804161566707,2.4479804161566707,7.343941248470013,1.2239902080783354,0,2.4479804161566707,0,4.8959608323133414,0,1.2239902080783354,3.6719706242350063,0,1.2239902080783354,12.239902080783354,0,35.49571603427173,0,2.4479804161566707,1.2239902080783354,1.2239902080783354,3.6719706242350063,0,6.119951040391677,0,1.2239902080783354,0,2.4479804161566707,0,1.2239902080783354,2.4479804161566707,2.4479804161566707,0,0,0,1.2239902080783354,0,0,0,0,2.4479804161566707,3.6719706242350063,0,0,0,17.135862913096695,0,0,24.479804161566708,0,3.6719706242350063,0,3.6719706242350063,1.2239902080783354,0,0,1.2239902080783354,1.2239902080783354,7.343941248470013,2.4479804161566707,1.2239902080783354,3.6719706242350063,1.2239902080783354,0,0,0,0,0,1.2239902080783354,9.791921664626683,0,4.8959608323133414,0,2.4479804161566707,0,6.119951040391677,0,1.2239902080783354,1.2239902080783354,6.119951040391677,0,0,0,1.2239902080783354,0,0,0,1.2239902080783354,0,1.2239902080783354,2.4479804161566707,0,0,1.2239902080783354,2.4479804161566707,1.2239902080783354,1.2239902080783354,0,0,0,1.2239902080783354,2.4479804161566707,0,2.4479804161566707,0,0,1.2239902080783354,0,2.4479804161566707,2.4479804161566707,0,6.119951040391677,6.119951040391677,0,2.4479804161566707,0,0,1.2239902080783354,0,0,0,0,0,1.2239902080783354,0,2.4479804161566707,0,0,0,0,0,1.2239902080783354,0,0,1.2239902080783354,0,0,2.4479804161566707,1.2239902080783354,2.4479804161566707,0,0,0,0,0,1.2239902080783354,0,0,0,0,4.8959608323133414,6.119951040391677,1.2239902080783354,0,0,0,0,0,0,0,0,0,0,1.2239902080783354,0,0,0,0,0,2.4479804161566707,1.2239902080783354,0,7.343941248470013,0,0,0,0,0,0,0,1.2239902080783354,1.2239902080783354,1.2239902080783354,1.2239902080783354,0,0,0,0,0,0,0,0,0,1.2239902080783354,0,4.8959608323133414,0,1.2239902080783354,0,0,0,0,0,0,1.2239902080783354,1.2239902080783354,1.2239902080783354,0,8.567931456548347,1.2239902080783354,0,0,0,0,0,0,0,0,0,0,0,0,1.2239902080783354,0,0,2.4479804161566707,0,0,1.2239902080783354,2.4479804161566707,1.2239902080783354,0,0,1.2239902080783354,0,0,0,0,0,0,0,0,0,0,0,0,1.2239902080783354,0,0,0,0,0,0,0,0,1.2239902080783354,0,0,0,0,0,0,0,0,0,0,0,0,0,0,0,0,0
lenin_anarhizm_i_socializm.txt_chunk1,lenin,6.738544474393532,1.3477088948787064,1.3477088948787064,1.3477088948787064,5.3908355795148255,0,0,1.3477088948787064,1.3477088948787064,26.954177897574127,1.3477088948787064,1.3477088948787064,0,0,4.0431266846361185,0,2.6954177897574128,0,1.3477088948787064,0,0,0,0,0,1.3477088948787064,0,5.3908355795148255,0,0,0,0,1.3477088948787064,4.0431266846361185,0,0,4.0431266846361185,1.3477088948787064,1.3477088948787064,2.6954177897574128,0,0,8.086253369272237,0,36.38814016172507,0,4.0431266846361185,12.129380053908356,0,10.781671159029651,5.3908355795148255,5.3908355795148255,0,0,4.0431266846361185,0,1.3477088948787064,1.3477088948787064,0,0,1.3477088948787064,0,2.6954177897574128,0,2.6954177897574128,0,0,1.3477088948787064,1.3477088948787064,1.3477088948787064,0,0,0,9.433962264150942,2.6954177897574128,0,16.172506738544474,0,1.3477088948787064,1.3477088948787064,0,1.3477088948787064,0,0,0,0,1.3477088948787064,0,5.3908355795148255,0,1.3477088948787064,0,0,0,0,0,0,5.3908355795148255,4.0431266846361185,1.3477088948787064,0,0,0,2.6954177897574128,0,0,1.3477088948787064,6.738544474393532,0,0,0,1.3477088948787064,0,2.6954177897574128,0,1.3477088948787064,0,0,0,1.3477088948787064,0,0,1.3477088948787064,0,0,0,2.6954177897574128,1.3477088948787064,1.3477088948787064,0,1.3477088948787064,1.3477088948787064,1.3477088948787064,0,0,0,0,4.0431266846361185,0,1.3477088948787064,1.3477088948787064,1.3477088948787064,1.3477088948787064,1.3477088948787064,4.0431266846361185,5.3908355795148255,1.3477088948787064,0,0,2.6954177897574128,0,0,0,1.3477088948787064,2.6954177897574128,0,0,0,0,2.6954177897574128,0,0,0,0,1.3477088948787064,0,0,2.6954177897574128,0,0,0,0,0,0,0,2.6954177897574128,0,1.3477088948787064,1.3477088948787064,1.3477088948787064,0,0,0,0,0,0,0,1.3477088948787064,0,0,0,0,0,2.6954177897574128,4.0431266846361185,2.6954177897574128,1.3477088948787064,0,1.3477088948787064,1.3477088948787064,0,0,0,1.3477088948787064,1.3477088948787064,0,1.3477088948787064,0,0,0,0,2.6954177897574128,5.3908355795148255,0,0,2.6954177897574128,1.3477088948787064,1.3477088948787064,0,0,0,1.3477088948787064,1.3477088948787064,17.52021563342318,1.3477088948787064,4.0431266846361185,0,1.3477088948787064,0,2.6954177897574128,0,0,0,0,1.3477088948787064,1.3477088948787064,1.3477088948787064,1.3477088948787064,2.6954177897574128,1.3477088948787064,0,0,0,0,1.3477088948787064,0,1.3477088948787064,0,0,1.3477088948787064,0,0,0,0,0,0,5.3908355795148255,0,0,2.6954177897574128,0,1.3477088948787064,0,0,1.3477088948787064,0,0,0,0,2.6954177897574128,0,0,0,5.3908355795148255,0,1.3477088948787064,0,0,0,0,1.3477088948787064,2.6954177897574128,0,0,1.3477088948787064,2.6954177897574128,1.3477088948787064,6.738544474393532,2.6954177897574128,1.3477088948787064,0,0,0,0,0,0,0,0,0,0,0
lenin_chego_dobivaemsya.txt_chunk2,lenin,6,0,0,1,7,0,2,4,1,23,1,0,0,0,0,1,2,1,0,0,0,0,3,0,2,0,3,0,0,1,0,0,6,2,0,6,2,3,0,0,0,2,1,43,0,3,2,1,2,4,8,0,0,0,3,2,0,3,0,5,0,9,0,1,0,0,1,0,1,2,1,0,10,0,1,19,1,1,2,2,6,1,0,0,0,3,0,7,1,0,2,0,1,2,1,0,3,3,2,0,0,1,2,3,1,1,8,0,1,0,0,0,1,0,2,1,1,5,1,0,1,2,0,1,0,0,0,5,0,0,5,0,0,5,0,4,2,0,16,1,1,0,0,3,3,0,0,0,3,0,3,1,0,0,0,0,0,0,5,2,0,0,0,0,0,0,0,1,0,0,0,0,1,2,4,1,0,1,1,0,0,0,0,0,0,4,0,1,0,0,0,0,2,19,3,0,3,3,0,0,0,1,1,0,0,1,10,0,2,0,0,8,0,2,1,0,0,0,0,0,0,0,0,0,1,0,1,2,0,0,3,1,4,0,0,0,0,1,2,0,0,0,0,0,0,0,1,0,1,0,0,2,1,5,1,9,2,0,0,0,0,0,0,0,0,2,0,0,1,0,0,0,1,0,0,0,0,0,1,0,0,0,0,0,0,0,0,0,0,1,2,1,0,0,0,0,0,0,0,0
lenin_chto_delat'.txt_chunk10,lenin,6,1,0,1,2,1,0,2,2,26,1,0,0,0,1,1,1,2,1,0,0,0,0,1,0,3,3,1,3,1,1,0,3,4,0,3,3,2,5,0,0,5,0,43,1,5,3,2,1,5,6,0,1,0,1,1,0,3,0,1,0,1,1,2,0,0,0,0,0,1,8,4,11,1,1,12,0,0,0,2,0,0,0,0,3,4,1,5,0,1,0,0,0,1,2,6,1,0,4,0,2,0,12,2,1,0,9,0,0,0,0,2,2,1,0,1,1,1,0,0,4,5,0,1,0,2,0,4,2,1,9,2,0,1,0,1,4,0,20,1,2,2,0,5,5,3,0,0,0,0,0,0,2,0,0,2,1,1,0,1,1,0,0,4,2,1,1,0,1,0,1,0,0,2,3,0,0,2,5,3,0,6,3,1,1,0,0,2,0,1,0,0,0,1,0,0,0,3,2,1,0,0,0,5,0,0,0,6,5,2,1,9,0,0,0,1,0,0,0,0,0,1,6,0,1,0,0,0,1,0,0,1,0,0,0,1,1,0,0,1,2,0,0,0,1,0,1,0,4,0,0,0,0,1,0,7,0,3,1,0,2,0,0,2,0,0,0,0,0,0,0,0,0,0,0,0,0,0,0,0,3,0,0,0,0,0,0,0,0,0,0,0,0,0,0,0,0,0,0,0
lenin_chto_delat'.txt_chunk19,lenin,7,2,1,0,8,1,0,1,2,21,2,1,1,0,0,1,7,1,2,1,1,0,1,2,1,1,6,1,0,0,2,1,3,0,0,2,3,1,2,1,0,3,0,50,0,7,6,0,1,14,5,2,1,0,0,1,0,3,1,0,0,0,0,3,0,0,0,0,1,3,0,0,14,1,2,14,0,2,1,0,6,0,1,1,0,3,0,3,2,2,2,0,1,0,2,2,4,1,1,1,1,0,3,0,0,2,8,6,0,0,0,2,3,0,0,0,1,2,1,0,0,2,0,0,0,2,0,4,2,0,8,2,1,1,0,0,2,0,18,8,0,2,1,9,1,3,0,0,0,1,0,0,2,1,1,5,0,1,0,0,0,0,2,0,4,0,2,0,0,0,0,1,4,2,2,0,0,1,3,0,1,0,2,2,0,0,3,0,0,0,0,0,0,0,0,0,0,1,3,2,0,2,0,9,0,2,0,2,1,3,2,4,0,0,0,1,0,0,1,1,0,1,4,0,1,3,0,0,0,0,0,1,1,0,0,0,0,1,0,0,0,0,0,0,1,0,2,0,1,0,0,1,0,1,1,9,3,1,2,0,0,0,2,0,0,0,0,0,0,0,0,0,2,0,0,0,0,0,0,0,4,0,4,2,2,2,0,1,0,0,0,0,1,0,0,0,0,0,0,0
lenin_chto_delat'.txt_chunk3,lenin,4,0,0,0,2,1,0,1,3,33,0,1,0,0,0,1,1,1,0,0,1,0,2,0,1,7,4,0,0,0,0,0,2,1,1,2,0,2,7,0,0,6,2,41,1,1,7,0,1,3,9,0,1,0,0,2,0,1,0,2,0,1,1,0,0,0,0,1,2,5,0,0,12,0,0,17,1,1,0,2,2,0,0,1,1,5,0,10,3,1,0,1,0,2,0,1,4,0,1,2,1,2,2,2,3,0,11,0,0,0,2,1,0,0,2,0,4,4,3,0,2,1,0,1,0,1,0,5,5,1,6,4,0,0,0,2,4,0,14,2,0,0,0,8,2,1,3,0,0,0,0,0,1,1,1,6,0,1,5,2,1,0,0,1,2,0,1,0,1,0,0,0,1,2,2,0,1,2,2,0,2,0,1,1,3,0,0,0,0,0,0,0,0,5,1,1,0,2,1,0,1,1,0,4,0,1,0,0,0,0,0,4,0,0,2,0,1,0,1,0,0,0,0,1,2,1,0,0,0,2,0,0,0,2,1,0,0,2,0,1,0,0,1,0,0,0,1,1,0,1,1,0,1,1,0,7,1,0,0,0,0,1,0,1,0,0,0,0,0,0,0,2,2,0,0,0,0,0,0,2,1,4,0,0,0,2,0,2,0,0,0,0,0,0,0,0,0,0,0,0
lenin_chto_delat'.txt_chunk39,lenin,13,0,0,2,3,0,0,2,2,23,1,1,1,2,0,2,2,0,1,1,1,0,0,0,1,4,3,0,1,1,0,1,5,5,0,5,1,1,1,1,0,10,0,45,0,10,3,0,6,14,9,0,3,0,2,1,0,2,1,1,0,0,0,1,0,0,0,0,4,3,0,0,10,2,0,26,0,0,0,0,4,0,0,0,2,3,0,8,1,0,1,2,2,1,5,1,6,5,3,1,0,0,5,0,1,1,14,0,0,0,1,1,0,0,0,0,0,2,0,0,0,2,0,0,0,3,0,7,2,1,5,1,0,0,1,1,1,1,15,1,0,3,0,8,2,0,0,0,0,0,0,2,5,0,1,0,0,0,2,0,1,0,0,1,1,0,0,0,1,0,0,0,2,1,2,3,2,1,3,0,2,1,1,0,0,4,0,1,0,2,0,0,2,7,2,0,1,1,0,0,0,1,0,3,0,1,0,4,0,0,0,3,0,0,1,1,2,0,0,0,0,0,0,1,2,0,0,0,1,0,1,1,1,1,2,0,1,0,1,0,0,0,0,0,1,0,0,0,3,1,0,0,0,1,1,5,7,1,0,0,0,0,0,0,0,0,3,1,0,0,0,1,0,1,0,0,0,0,0,0,0,0,0,0,1,0,0,0,0,0,0,0,0,0,0,0,0,0,0,0
lenin_chto_delat'.txt_chunk41,lenin,6,0,0,0,8,0,1,1,3,25,1,2,0,0,0,2,4,1,3,1,1,2,2,4,1,2,8,0,1,0,0,0,0,2,1,2,3,2,5,4,1,5,0,54,0,7,0,1,3,3,10,1,2,0,0,1,1,2,1,0,0,0,0,1,0,0,0,1,3,3,1,0,8,0,1,24,0,1,0,1,2,1,0,0,0,7,1,3,1,0,0,0,0,1,1,2,1,1,0,1,0,0,2,0,1,2,10,1,0,0,0,1,0,0,0,0,3,1,0,0,2,1,1,0,1,0,0,4,2,0,6,3,0,0,0,8,1,0,14,5,1,1,1,6,2,2,3,0,1,0,4,2,2,0,0,3,0,0,3,0,3,0,0,0,0,0,1,1,1,0,1,0,0,1,1,1,0,4,3,0,0,2,0,0,1,2,0,2,0,2,4,2,3,0,0,0,1,1,0,1,0,1,0,1,0,2,0,1,0,0,2,4,0,0,1,0,0,0,1,0,0,0,2,0,0,0,0,0,1,0,0,0,2,1,0,1,0,0,1,4,0,1,0,2,1,0,1,0,1,3,0,0,0,1,0,11,7,1,1,0,0,0,0,1,0,1,0,0,0,1,0,0,0,1,0,0,0,0,0,0,6,0,0,1,1,0,0,0,0,0,0,0,0,0,0,0,0,0,0,0
lenin_chto_delat'.txt_chunk45,lenin,7,0,1,0,11,1,0,3,2,29,2,0,0,2,0,5,6,0,2,1,0,0,0,0,2,6,3,0,2,0,2,1,1,2,0,2,1,1,9,1,0,1,0,48,0,2,1,0,1,5,10,0,2,0,1,0,0,2,1,0,1,0,0,0,1,0,1,1,0,0,0,0,17,1,0,10,1,0,0,0,5,0,1,3,1,4,0,3,0,0,0,0,1,3,2,0,1,3,4,1,3,2,4,0,4,0,9,0,2,0,0,2,0,0,0,1,2,1,0,1,0,3,0,1,0,1,2,9,1,0,4,0,0,0,0,10,1,0,6,1,1,1,0,6,1,5,0,0,0,2,3,1,1,1,0,7,1,0,0,0,1,1,0,0,1,0,1,0,1,1,1,1,2,0,1,0,1,1,6,1,0,4,1,3,2,0,0,1,0,1,0,2,1,3,2,0,0,0,1,0,1,0,0,12,1,4,0,1,2,1,0,1,0,0,1,0,0,0,0,1,0,0,3,0,5,2,0,0,3,0,0,0,1,0,0,0,3,0,2,0,0,0,0,1,2,0,0,0,2,1,0,1,1,0,0,2,2,1,0,0,0,1,0,0,1,4,2,1,1,0,1,0,0,0,0,0,0,0,0,0,2,0,0,2,0,0,0,1,0,0,0,0,1,2,0,0,0,0,0,0
lenin_chto_delat'.txt_chunk8,lenin,10,1,0,0,4,3,3,4,2,33,1,0,0,0,2,1,0,1,1,0,1,0,0,0,2,1,5,0,0,0,1,2,4,3,0,3,0,1,4,1,0,4,0,43,0,10,4,0,3,6,5,0,2,0,0,1,0,3,0,1,0,1,0,1,0,0,1,0,1,1,5,1,9,0,3,21,0,0,1,0,2,1,0,1,0,5,1,3,1,2,0,0,0,1,1,1,0,2,3,0,2,1,2,0,0,2,8,1,3,1,0,0,0,0,0,1,4,2,2,0,1,1,0,1,0,1,0,6,3,0,6,3,1,1,0,2,3,0,15,3,1,1,0,8,4,1,1,1,1,0,1,0,0,0,0,0,0,1,1,0,1,0,0,1,1,0,1,0,0,2,0,0,0,1,0,0,0,1,1,0,1,1,7,2,0,0,1,3,0,0,1,0,0,1,0,0,0,1,5,3,1,0,0,12,1,0,0,4,2,1,2,4,0,0,4,1,0,0,0,0,2,2,5,2,2,1,0,0,0,0,0,1,1,2,0,0,0,1,0,0,1,0,0,0,0,1,0,0,0,0,0,1,0,3,0,1,0,1,0,0,1,0,0,3,0,0,4,0,1,0,0,0,0,0,0,0,0,0,0,0,1,0,0,1,0,0,0,1,0,0,0,0,0,0,0,0,0,0,0,0
lenin_era_reform_I.txt_chunk2,lenin,7,3,4,5,4,1,0,2,5,25,1,0,0,0,0,3,2,1,0,0,0,0,0,3,2,0,11,3,0,0,1,1,3,0,2,1,0,1,0,0,0,5,2,42,0,6,1,0,5,7,3,0,1,1,0,0,0,5,1,0,0,0,0,1,0,0,2,0,6,0,0,0,12,0,1,16,0,0,0,1,5,0,0,0,0,3,0,8,2,0,0,0,0,0,1,1,1,1,9,0,1,3,10,0,4,1,4,1,1,1,0,1,0,0,3,0,1,1,1,0,1,1,1,1,0,1,0,3,0,0,12,2,0,0,0,0,4,0,4,2,3,2,3,7,1,1,1,0,0,0,4,1,1,0,0,1,0,0,3,0,0,0,0,2,1,0,0,3,0,0,0,0,1,1,1,3,1,2,1,0,0,0,0,1,0,0,0,1,0,1,0,0,0,1,0,0,0,3,4,5,0,0,0,5,0,0,0,0,1,2,1,1,0,2,3,1,1,0,0,2,0,4,20,0,0,0,0,1,3,0,0,2,1,0,1,0,0,2,0,0,0,0,0,1,1,0,0,1,0,0,0,0,1,1,0,4,0,0,1,0,0,0,0,0,1,0,0,0,0,0,0,0,0,0,2,0,0,0,1,1,3,4,2,2,0,0,0,0,0,0,0,0,1,0,2,0,0,0,0,0
lenin_k_der_bednote_cdprogramma.txt_chunk12,lenin,14,3,3,2,6,1,3,2,2,27,1,0,0,1,0,0,9,0,1,2,1,1,1,0,0,0,10,0,1,0,1,2,2,0,2,4,7,8,3,0,0,5,3,38,0,3,8,0,2,0,2,0,4,1,0,1,0,3,0,0,2,0,0,0,0,0,0,0,3,0,0,0,13,3,1,31,2,1,0,3,6,0,0,1,0,3,1,2,0,1,2,0,0,2,0,0,1,0,5,0,0,0,4,1,0,0,5,0,0,0,0,0,0,0,3,0,0,0,0,0,1,3,0,1,1,4,0,3,3,0,3,0,0,0,0,7,1,0,6,19,0,1,0,8,4,1,0,0,1,0,4,0,0,0,0,0,1,0,1,0,0,0,0,0,1,0,0,3,0,0,0,1,1,1,3,0,0,3,1,0,0,0,0,0,0,0,0,0,1,0,0,0,0,0,1,0,1,1,0,2,0,1,0,7,0,0,0,0,0,0,0,1,0,0,1,0,0,3,0,7,2,0,3,0,4,0,0,0,0,0,0,0,4,2,0,0,2,0,0,3,0,0,2,0,0,1,0,0,0,0,1,0,0,2,1,1,2,0,0,0,0,0,0,0,0,0,1,0,0,8,0,0,0,0,0,0,0,1,2,0,0,1,0,0,0,0,0,0,0,0,0,0,0,0,0,0,0,0,0,0
lenin_k_der_bednote_cdprogramma.txt_chunk21,lenin,6.355932203389831,5.296610169491525,7.415254237288136,0,0,0,0,2.1186440677966103,0,21.1864406779661,3.1779661016949157,0,0,1.0593220338983051,1.0593220338983051,0,8.474576271186441,0,3.1779661016949157,1.0593220338983051,0,2.1186440677966103,0,0,0,1.0593220338983051,8.474576271186441,1.0593220338983051,0,1.0593220338983051,0,1.0593220338983051,3.1779661016949157,1.0593220338983051,1.0593220338983051,1.0593220338983051,2.1186440677966103,2.1186440677966103,2.1186440677966103,0,0,7.415254237288136,0,51.90677966101695,0,0,1.0593220338983051,1.0593220338983051,3.1779661016949157,8.474576271186441,10.59322033898305,0,3.1779661016949157,1.0593220338983051,0,0,0,0,1.0593220338983051,0,0,1.0593220338983051,0,1.0593220338983051,0,0,2.1186440677966103,0,2.1186440677966103,1.0593220338983051,1.0593220338983051,0,8.474576271186441,2.1186440677966103,4.237288135593221,8.474576271186441,1.0593220338983051,0,1.0593220338983051,0,0,0,0,0,0,2.1186440677966103,0,15.889830508474576,3.1779661016949157,0,3.1779661016949157,0,0,0,2.1186440677966103,1.0593220338983051,2.1186440677966103,0,2.1186440677966103,0,1.0593220338983051,1.0593220338983051,3.1779661016949157,1.0593220338983051,0,0,7.415254237288136,0,1.0593220338983051,1.0593220338983051,1.0593220338983051,2.1186440677966103,0,0,1.0593220338983051,0,1.0593220338983051,0,0,0,1.0593220338983051,1.0593220338983051,1.0593220338983051,0,0,3.1779661016949157,0,2.1186440677966103,1.0593220338983051,0,5.296610169491525,8.474576271186441,0,1.0593220338983051,1.0593220338983051,2.1186440677966103,5.296610169491525,0,9.533898305084746,6.355932203389831,1.0593220338983051,1.0593220338983051,0,0,1.0593220338983051,1.0593220338983051,2.1186440677966103,0,0,0,1.0593220338983051,0,3.1779661016949157,0,0,0,0,0,0,0,0,0,0,0,1.0593220338983051,4.237288135593221,2.1186440677966103,0,2.1186440677966103,0,0,0,1.0593220338983051,0,3.1779661016949157,0,0,1.0593220338983051,10.59322033898305,1.0593220338983051,1.0593220338983051,0,0,0,0,1.0593220338983051,3.1779661016949157,1.0593220338983051,0,0,0,0,5.296610169491525,4.237288135593221,3.1779661016949157,0,0,0,5.296610169491525,5.296610169491525,0,0,0,15.889830508474576,0,0,1.0593220338983051,0,0,7.415254237288136,2.1186440677966103,5.296610169491525,0,1.0593220338983051,0,1.0593220338983051,0,2.1186440677966103,0,1.0593220338983051,1.0593220338983051,9.533898305084746,3.1779661016949157,0,4.237288135593221,1.0593220338983051,0,0,1.0593220338983051,0,2.1186440677966103,1.0593220338983051,5.296610169491525,2.1186440677966103,0,0,0,0,2.1186440677966103,1.0593220338983051,0,1.0593220338983051,0,1.0593220338983051,1.0593220338983051,0,0,0,0,0,0,1.0593220338983051,0,1.0593220338983051,0,9.533898305084746,0,1.0593220338983051,0,0,1.0593220338983051,0,0,1.0593220338983051,0,2.1186440677966103,0,0,1.0593220338983051,4.237288135593221,0,0,0,0,0,0,1.0593220338983051,0,0,0,0,2.1186440677966103,0,0,0,0,0,0,0,0,0,0,0,0,2.1186440677966103,0,0,0,0,0
lenin_k_der_bednote_cdprogramma.txt_chunk6,lenin,11,1,1,1,0,0,0,3,4,19,0,0,0,1,0,0,4,1,3,0,0,0,2,0,1,3,7,0,0,0,0,1,2,1,0,2,14,0,2,0,0,2,4,37,0,4,1,1,10,4,1,0,4,0,1,0,0,7,2,5,1,0,2,1,0,0,9,2,2,2,0,0,15,0,6,21,1,1,0,4,2,0,0,6,0,3,0,3,2,0,0,0,0,2,2,0,5,0,1,0,4,0,13,0,0,0,10,0,0,1,1,3,0,0,2,1,2,1,0,0,0,1,0,0,0,0,0,5,1,0,4,1,1,0,0,19,0,0,7,2,0,3,0,3,1,2,1,1,0,0,0,0,2,0,0,1,1,0,5,4,2,0,1,0,3,0,3,0,0,1,5,4,2,0,3,0,0,0,2,0,0,0,0,0,2,0,0,2,1,2,0,0,0,0,0,2,0,4,2,0,0,0,0,0,1,0,0,0,0,0,0,5,2,1,0,0,0,17,0,0,0,0,2,0,8,0,0,0,3,0,0,1,5,0,0,0,2,0,6,2,0,1,0,0,4,0,0,0,0,0,0,0,0,1,0,8,3,0,0,6,1,0,0,8,0,0,1,0,0,0,0,0,0,0,0,0,0,0,1,1,0,0,0,0,0,0,0,0,0,0,0,0,0,0,0,0,0,0,0,0
lenin_k_der_bednote_cdprogramma.txt_chunk7,lenin,16,6,0,1,4,0,1,2,2,23,2,0,0,6,0,0,4,0,9,2,0,0,0,1,0,1,4,0,1,0,0,1,0,0,0,1,2,1,6,0,0,2,2,35,0,11,7,3,5,8,6,0,0,0,0,1,1,3,1,0,0,0,1,0,0,0,3,1,2,2,0,0,9,0,1,17,0,0,0,3,3,0,0,3,2,4,1,5,1,0,4,0,0,2,1,0,7,0,2,0,2,0,8,0,0,1,5,0,0,0,0,1,1,0,3,0,2,0,0,0,0,2,0,1,0,1,0,4,1,1,9,4,0,0,2,21,2,0,12,4,1,4,1,4,0,1,1,0,0,0,1,0,2,0,0,0,0,0,1,0,2,0,0,1,3,0,3,0,0,0,1,2,1,0,3,2,0,1,6,0,0,0,0,0,0,0,0,0,0,1,0,0,0,0,0,0,0,0,1,0,0,0,0,0,0,0,0,1,0,0,1,0,0,1,1,0,0,11,0,0,0,0,0,0,2,0,0,0,0,0,0,0,1,0,0,0,0,1,4,0,0,1,0,0,5,0,0,0,0,0,0,4,0,0,0,5,0,1,0,1,1,0,0,1,0,0,1,1,1,0,0,0,0,0,0,0,0,0,0,0,0,0,0,0,0,0,0,0,0,0,0,0,0,0,0,0,0,0,0,0
lenin_k_partii.txt_chunk2,lenin,4,0,0,1,7,1,2,1,2,21,2,2,0,0,0,1,4,0,1,2,0,1,0,0,0,1,7,3,0,0,1,1,2,2,1,3,0,1,3,4,0,3,0,35,1,5,1,2,5,10,4,0,0,1,1,1,0,3,0,1,0,2,0,0,0,0,1,1,6,1,0,0,11,2,0,17,4,0,2,1,1,0,1,0,0,4,0,1,1,1,1,0,1,1,6,1,3,2,2,1,0,2,5,0,2,0,6,1,0,0,0,1,2,1,4,1,1,3,0,0,1,1,1,0,0,1,0,3,0,0,6,0,0,0,0,3,3,1,5,6,0,0,2,2,1,1,2,1,0,0,2,0,2,0,0,0,0,0,1,0,0,0,0,6,2,1,1,1,0,0,0,1,2,0,2,0,0,7,3,0,1,0,1,0,0,0,0,0,0,0,0,0,1,18,3,2,0,1,1,0,0,1,5,0,0,2,4,1,2,0,4,5,0,0,2,0,1,0,1,0,0,0,1,0,1,0,1,3,0,1,7,1,3,2,1,0,1,0,0,1,0,1,0,0,0,0,0,0,0,1,0,3,0,0,0,13,3,0,0,0,1,2,0,2,0,0,0,0,1,0,0,0,0,0,0,0,0,0,2,0,0,0,0,0,0,1,0,1,0,0,0,0,0,0,0,0,0,0,0,0
lenin_l_n_tolstoy.txt_chunk1,lenin,6,0,0,1,0,3,0,1,1,30,6,1,0,0,0,3,2,1,1,1,0,0,0,0,0,0,2,0,0,0,0,0,9,4,1,0,2,1,1,3,0,6,0,51,0,7,2,2,2,8,6,1,3,0,0,1,1,5,0,0,0,0,0,0,0,0,0,1,0,0,1,0,13,0,0,9,1,0,0,0,0,0,0,0,0,2,0,5,2,1,0,1,0,1,3,0,5,0,4,0,1,0,2,0,1,0,15,0,0,1,0,4,0,0,3,2,1,0,1,0,1,1,0,0,0,3,0,5,1,1,6,2,0,0,0,1,1,0,7,2,0,0,0,4,0,1,0,0,1,0,0,0,2,2,0,1,0,1,0,0,0,1,1,0,3,0,1,0,2,1,0,0,0,1,1,1,0,3,1,0,0,0,1,3,0,0,1,2,0,0,0,1,2,0,0,0,1,3,0,0,1,1,0,1,0,0,0,1,4,2,0,4,1,2,1,0,2,0,0,1,0,0,0,1,3,2,1,1,0,1,0,2,0,0,2,0,0,0,2,0,1,0,0,1,0,0,0,1,0,1,0,2,0,1,0,0,0,1,2,0,1,0,0,0,0,1,1,0,0,1,0,0,1,0,0,0,1,0,1,0,1,0,0,2,0,0,5,0,3,0,0,0,4,0,1,0,0,0,0,0
lenin_max_min_I.txt_chunk2,lenin,6.993006993006993,0,4.195804195804196,1.3986013986013985,5.594405594405594,0,0,2.797202797202797,1.3986013986013985,37.76223776223776,1.3986013986013985,0,1.3986013986013985,1.3986013986013985,1.3986013986013985,0,9.790209790209792,0,1.3986013986013985,0,0,0,0,0,0,0,0,0,0,0,0,0,0,4.195804195804196,0,1.3986013986013985,0,4.195804195804196,1.3986013986013985,0,0,5.594405594405594,0,48.95104895104895,0,2.797202797202797,9.790209790209792,2.797202797202797,0,8.391608391608392,2.797202797202797,0,0,0,0,1.3986013986013985,0,2.797202797202797,0,0,0,1.3986013986013985,0,1.3986013986013985,0,0,0,0,1.3986013986013985,2.797202797202797,0,0,8.391608391608392,1.3986013986013985,2.797202797202797,27.972027972027973,0,0,0,1.3986013986013985,1.3986013986013985,1.3986013986013985,0,0,1.3986013986013985,4.195804195804196,0,4.195804195804196,2.797202797202797,1.3986013986013985,0,0,0,0,4.195804195804196,0,1.3986013986013985,1.3986013986013985,5.594405594405594,0,0,2.797202797202797,2.797202797202797,1.3986013986013985,4.195804195804196,0,5.594405594405594,0,0,0,0,1.3986013986013985,0,0,0,0,0,2.797202797202797,0,0,0,2.797202797202797,0,0,0,0,0,4.195804195804196,2.797202797202797,0,5.594405594405594,1.3986013986013985,0,1.3986013986013985,1.3986013986013985,4.195804195804196,0,0,12.587412587412588,5.594405594405594,0,0,1.3986013986013985,11.188811188811188,1.3986013986013985,4.195804195804196,1.3986013986013985,0,0,0,4.195804195804196,1.3986013986013985,1.3986013986013985,1.3986013986013985,2.797202797202797,2.797202797202797,2.797202797202797,2.797202797202797,2.797202797202797,1.3986013986013985,0,0,0,1.3986013986013985,0,0,0,0,0,0,0,0,0,0,0,1.3986013986013985,1.3986013986013985,0,1.3986013986013985,0,0,1.3986013986013985,0,0,0,2.797202797202797,0,4.195804195804196,0,1.3986013986013985,0,0,0,8.391608391608392,0,0,0,2.797202797202797,0,0,0,0,0,0,0,0,0,0,0,0,0,1.3986013986013985,0,0,1.3986013986013985,0,0,0,0,0,0,0,0,0,0,0,0,0,1.3986013986013985,0,1.3986013986013985,0,2.797202797202797,8.391608391608392,0,0,0,0,2.797202797202797,1.3986013986013985,0,0,0,0,0,0,0,0,0,0,0,0,2.797202797202797,2.797202797202797,12.587412587412588,4.195804195804196,1.3986013986013985,0,2.797202797202797,0,0,0,0,1.3986013986013985,1.3986013986013985,4.195804195804196,0,0,0,0,0,0,1.3986013986013985,0,1.3986013986013985,0,0,0,1.3986013986013985,0,0,0,0,0,0,0,0,0,0,0,0,0,0,0,0,0,0,0,0,0
lenin_ne_potuhla_iskra.txt_chunk5,lenin,6,2,7,0,3,0,0,3,2,16,0,2,0,0,1,0,4,2,0,1,0,4,1,0,0,8,3,0,1,0,0,0,6,0,1,5,0,1,6,0,0,4,1,37,0,3,1,1,2,5,5,0,0,2,0,1,0,0,0,0,0,1,0,5,3,0,0,0,4,0,0,0,10,0,2,24,2,0,2,2,4,0,2,0,2,6,0,8,2,0,2,0,0,0,15,0,3,1,8,0,0,0,12,0,1,0,15,0,0,0,1,0,0,0,2,1,0,2,0,0,0,5,0,0,1,0,0,4,2,0,4,1,2,2,1,2,2,0,33,2,0,1,0,4,0,1,2,1,0,11,0,0,1,0,0,5,0,0,1,0,0,0,0,0,2,0,0,0,0,0,1,0,0,0,4,0,0,0,1,0,1,0,0,0,1,0,0,1,1,0,1,0,1,0,0,0,2,0,0,0,0,0,0,1,0,0,0,0,0,0,0,0,0,0,1,0,0,0,0,0,0,0,0,0,1,0,0,0,0,0,0,2,1,1,0,1,4,0,0,0,0,1,2,0,3,0,0,0,1,0,0,0,0,4,0,17,1,0,3,0,1,0,0,5,1,0,0,1,0,0,1,3,0,0,0,0,0,0,0,0,1,0,0,0,0,0,0,0,0,0,0,0,0,0,0,0,0,0,0,0
lenin_nepodan_zayzvlenie.txt_chunk1,lenin,4,0,2,0,7,1,1,9,4,21,0,2,1,1,1,0,4,0,0,0,0,0,3,0,0,2,4,0,0,1,0,0,5,2,0,7,1,3,2,0,0,3,1,35,0,6,3,1,1,7,2,0,0,0,0,0,0,3,0,3,0,1,0,0,3,1,0,2,3,1,0,0,11,1,0,12,0,0,2,0,1,0,0,0,0,1,0,13,2,1,3,1,2,0,4,0,1,0,2,0,0,2,7,0,3,1,4,1,0,0,1,3,0,0,0,0,0,1,0,1,1,0,1,1,0,1,0,3,0,0,1,2,2,2,0,0,0,0,17,3,1,2,2,5,4,0,0,0,1,16,3,0,4,0,0,4,1,2,0,5,0,1,0,0,4,0,1,0,0,0,0,2,0,0,2,1,0,1,2,0,0,0,0,0,0,1,0,2,0,0,1,0,0,4,0,0,2,5,0,0,0,0,0,0,0,1,5,0,0,0,0,0,0,2,1,0,0,0,0,0,0,0,0,0,0,0,0,0,1,0,1,2,3,5,0,0,0,3,1,0,0,0,0,0,0,0,0,0,0,1,0,0,0,4,0,2,0,0,2,0,2,0,1,1,3,0,0,0,1,0,1,0,0,0,0,0,0,0,0,0,0,0,0,0,1,2,0,0,0,0,2,0,0,0,0,0,0,0,0,0
lenin_ob_obstoyatelstvah.txt_chunk1,lenin,4,0,0,0,8,2,1,2,4,27,1,0,1,0,2,0,2,1,0,0,0,0,1,0,1,1,4,0,0,0,1,0,1,2,0,6,1,4,3,0,0,4,2,28,0,6,3,2,4,9,3,0,3,0,0,1,2,0,0,0,0,2,0,1,0,3,0,0,6,0,0,2,14,0,2,24,0,0,1,0,5,0,3,0,0,4,0,8,4,1,0,0,1,0,5,0,0,0,3,0,0,1,4,0,2,2,14,1,1,0,0,1,0,0,0,0,1,2,0,2,0,7,0,1,0,1,0,6,2,0,1,2,1,1,0,1,1,0,24,3,0,1,0,6,2,0,3,2,0,27,1,0,1,0,0,3,0,2,1,0,0,0,0,0,1,0,0,0,0,0,0,0,0,0,2,2,0,1,0,3,0,0,0,0,1,3,0,0,1,0,0,0,0,3,0,0,2,0,0,0,0,0,0,0,0,2,1,1,0,1,0,0,0,1,3,0,0,0,0,0,0,0,0,0,0,0,1,0,2,0,0,1,2,2,0,0,2,1,0,0,1,0,2,0,0,0,0,0,1,0,1,0,2,0,3,1,1,0,2,0,3,0,0,1,1,0,0,0,0,0,0,0,0,0,1,0,0,0,1,0,0,0,0,0,0,0,0,0,0,0,4,15,0,0,0,2,1,0,0,0
lenin_pervaya_pobeda_revolucii.txt_chunk1,lenin,4,0,2,1,1,1,3,2,1,37,3,0,0,0,1,2,6,0,1,0,0,0,0,1,0,0,1,0,0,0,0,0,3,1,2,0,1,15,4,0,1,2,0,27,0,6,1,0,1,3,3,0,2,0,1,1,1,3,0,1,0,2,0,0,0,0,2,1,2,0,0,0,10,0,0,23,0,1,0,2,2,0,0,0,0,8,0,10,1,0,2,0,1,1,1,0,0,0,4,0,2,1,1,0,2,1,7,0,0,0,1,0,2,0,0,1,1,1,0,0,0,1,0,0,1,0,0,8,0,0,6,1,1,1,0,0,0,1,10,4,2,4,0,7,1,0,0,0,0,0,1,0,5,0,0,0,0,0,1,0,1,0,0,6,0,0,0,1,0,0,0,0,0,1,8,0,0,3,2,0,0,0,0,0,2,0,0,1,0,0,0,1,0,0,0,1,0,0,0,0,0,0,1,0,0,2,0,0,0,2,0,0,1,0,5,0,1,0,0,1,0,0,0,0,2,3,1,4,0,0,0,0,1,0,1,0,0,0,0,1,1,1,0,0,0,0,0,0,2,1,0,1,2,0,0,2,0,0,2,0,0,0,0,1,3,0,0,0,0,3,0,1,1,0,0,0,2,1,1,4,1,4,1,0,0,0,5,1,1,0,0,0,0,0,0,0,0,1,0,0
lenin_pochemu_quit.txt_chunk1,lenin,3,0,0,1,1,0,1,3,0,36,3,2,0,0,0,0,2,1,1,1,0,1,1,0,1,4,1,0,0,0,0,0,2,1,0,1,1,4,4,0,0,1,0,46,0,9,2,0,0,7,4,0,0,1,1,0,0,1,1,0,0,1,0,1,1,0,0,0,0,0,0,1,19,0,0,12,1,0,1,0,1,1,0,0,0,4,0,11,4,0,2,0,0,1,0,0,0,3,1,2,2,0,14,0,4,2,10,0,2,0,0,0,1,0,0,0,0,1,0,0,1,3,0,0,0,0,0,0,1,0,5,2,0,0,1,0,0,0,10,1,1,2,0,9,6,2,3,0,0,6,1,0,3,0,0,1,0,0,2,0,0,0,0,0,3,1,0,0,0,1,1,1,0,0,3,1,0,1,3,0,1,0,0,0,0,5,0,2,0,0,0,0,0,3,0,0,5,3,1,0,0,0,0,1,1,0,12,3,0,0,0,0,0,2,1,0,0,0,2,0,1,0,0,0,1,0,1,0,1,0,4,0,1,1,0,0,1,1,0,0,1,0,0,2,0,0,1,0,1,1,0,0,1,0,1,4,2,1,0,0,1,1,1,0,1,0,0,0,0,0,1,0,0,0,0,0,0,0,0,0,0,0,0,0,1,0,0,0,0,0,7,0,0,0,0,0,0,0,0,0
lenin_rab_i_burzh_dem.txt_chunk2,lenin,7,0,0,0,4,0,0,3,2,28,3,0,0,0,0,1,5,0,0,0,0,0,1,0,3,0,3,0,2,1,0,0,8,2,0,2,4,3,3,0,0,4,4,43,0,2,2,1,4,4,6,1,2,1,0,3,0,1,2,3,0,2,0,0,0,0,0,0,2,2,0,1,17,1,0,13,0,0,1,3,1,0,0,0,2,2,0,6,0,0,1,1,0,0,2,1,1,0,4,0,0,0,1,2,0,1,14,0,1,1,1,1,0,0,0,0,0,1,1,2,0,1,1,1,0,0,1,7,1,1,3,1,2,1,1,2,0,0,14,4,1,3,1,5,2,0,0,0,0,0,2,0,2,0,0,5,0,1,1,0,0,1,0,0,0,0,2,2,0,0,0,0,0,0,1,4,1,1,2,1,1,0,0,13,0,6,0,0,2,0,0,0,1,0,1,0,0,2,0,0,0,0,0,6,1,0,0,4,0,3,0,0,0,0,1,3,3,0,1,0,0,0,0,0,0,1,0,2,0,0,0,1,0,1,1,0,0,1,0,0,0,0,0,1,0,0,0,0,0,1,0,0,0,2,0,2,0,2,2,0,0,1,0,2,3,0,1,0,1,0,0,0,1,0,0,0,0,0,2,0,1,0,0,2,0,1,0,0,0,0,0,0,0,8,0,0,1,0,0,0
lenin_rasskaz_o_II_cyezde.txt_chunk1,lenin,3,0,3,0,3,1,2,3,0,32,2,0,2,0,2,1,5,2,4,0,1,0,1,0,0,1,4,0,0,0,0,0,3,1,0,1,1,5,3,0,0,5,1,36,0,1,5,0,3,6,7,0,2,5,0,0,1,2,0,0,0,4,0,2,0,1,0,0,1,2,0,0,19,0,2,13,0,0,0,0,2,0,0,0,0,3,0,7,1,2,0,1,2,1,4,1,0,7,4,0,1,0,11,1,3,0,18,0,1,1,0,0,0,1,0,1,0,0,2,0,0,0,1,0,0,4,0,2,0,0,2,1,0,1,0,0,2,1,10,1,1,2,2,7,0,0,2,0,2,6,3,0,4,0,0,0,1,0,1,0,0,2,0,0,2,0,1,1,1,1,0,0,0,0,2,3,0,1,2,0,1,0,0,0,1,9,0,5,0,0,0,0,0,1,0,0,0,1,1,0,0,0,0,1,1,3,14,3,0,0,0,3,0,0,2,0,1,0,0,0,1,1,0,0,0,0,1,0,1,0,6,1,0,3,1,0,5,1,0,0,2,0,2,0,0,1,3,1,2,1,1,0,0,4,0,1,0,0,3,0,1,0,0,0,0,0,0,0,0,0,0,0,0,0,1,0,0,0,0,0,0,0,0,0,2,0,0,0,0,0,9,0,0,0,0,0,0,0,0,0
lenin_rasskaz_o_II_cyezde.txt_chunk4,lenin,3,1,1,0,3,3,0,9,2,25,1,4,3,0,0,1,1,1,2,4,0,0,0,0,0,1,3,0,0,1,0,0,3,1,1,1,0,2,1,0,0,6,1,41,0,6,2,0,5,8,6,0,4,0,0,0,0,0,0,0,0,1,0,0,0,0,0,1,0,0,0,0,16,0,1,14,0,0,0,1,3,0,1,2,1,5,0,7,9,0,7,1,1,0,0,1,1,0,4,0,0,1,2,0,2,1,4,0,0,0,0,0,0,0,1,0,2,1,0,0,0,0,1,0,0,0,0,2,2,0,3,0,0,0,0,2,0,0,11,2,0,1,2,4,2,0,2,0,1,5,1,0,6,0,0,0,0,0,0,3,1,0,0,2,0,0,0,0,0,0,0,0,0,0,2,0,0,0,3,1,0,0,0,1,1,3,0,0,2,0,0,0,0,7,0,0,9,4,1,0,0,0,0,1,1,0,12,0,0,0,0,1,0,1,3,0,0,0,1,0,0,0,0,1,0,1,0,0,2,0,8,1,1,4,1,0,10,0,0,0,0,1,0,1,1,0,0,0,2,0,1,0,0,2,0,0,0,0,3,0,0,1,0,0,3,0,1,1,0,0,0,0,1,0,0,0,0,0,0,0,0,0,0,0,1,0,0,0,0,0,5,0,0,0,0,0,2,0,0,0
lenin_s_chego_nachat'_I.txt_chunk1,lenin,11,0,0,0,2,0,0,1,10,30,1,7,1,2,1,2,4,2,1,0,0,0,0,0,3,4,5,1,1,2,1,0,3,0,0,2,1,4,1,0,0,2,0,45,2,3,0,0,1,7,8,0,0,1,0,0,0,2,0,1,0,2,0,2,0,0,0,1,6,2,3,0,11,1,2,28,0,0,1,1,0,2,0,1,0,7,1,15,1,0,1,1,0,1,1,1,0,7,7,0,2,2,8,2,10,0,6,1,2,0,0,0,1,0,0,1,1,0,0,1,3,2,0,0,0,0,0,5,3,0,6,3,0,0,0,4,0,0,8,2,0,0,0,4,0,1,0,0,0,0,1,1,1,1,0,4,2,0,5,0,2,0,0,1,0,0,1,1,0,0,0,2,1,1,5,0,0,1,1,0,1,0,2,1,1,1,0,1,0,0,1,4,3,3,0,0,0,0,1,0,0,1,2,2,0,2,0,3,0,4,0,5,0,0,2,0,1,0,2,0,1,0,1,3,0,1,0,2,2,0,0,3,1,0,1,0,1,2,2,4,0,0,0,2,0,0,1,0,2,1,1,0,1,1,0,9,2,1,1,0,0,0,0,2,1,2,0,0,0,0,0,0,0,0,0,0,0,0,0,0,6,0,0,1,0,1,0,1,0,0,0,0,0,0,0,0,0,0,0,0
lenin_s_chego_nachat'_I.txt_chunk2,lenin,4,0,4,0,3,0,0,0,5,25,1,0,2,0,1,2,3,0,3,0,1,0,1,0,0,1,5,0,3,0,4,2,1,3,0,1,2,0,0,0,0,1,0,49,0,0,2,1,5,9,1,1,2,0,2,3,1,1,1,0,0,0,0,1,0,0,0,0,2,3,0,1,13,0,1,12,2,0,0,2,0,1,0,0,0,6,0,1,1,0,0,0,0,1,2,0,2,4,6,2,0,1,3,0,7,0,12,0,0,0,0,2,1,0,1,2,1,0,1,1,0,2,1,0,1,2,0,1,4,3,6,1,0,0,0,2,0,1,6,8,2,1,0,2,3,1,1,0,1,0,3,0,0,1,0,5,1,0,2,0,0,1,1,0,0,0,0,0,0,0,0,0,0,1,3,0,0,4,2,0,0,5,0,1,1,0,1,0,0,1,2,0,1,2,0,0,0,2,1,0,0,1,1,3,0,4,0,0,0,1,1,0,0,0,0,0,0,1,3,1,1,1,1,1,0,0,0,3,2,0,0,4,4,1,0,2,0,1,0,0,0,0,0,1,1,0,0,0,0,2,0,1,0,0,0,13,2,0,0,0,1,0,0,4,1,0,0,0,2,1,1,1,3,0,1,0,0,0,0,3,4,0,1,0,2,4,0,0,0,0,0,0,0,0,1,0,0,0,0,0
lenin_shag_vpered_2nazad.txt_chunk1,lenin,5,1,1,1,2,0,0,0,2,30,0,9,1,1,0,1,6,0,3,0,0,0,0,0,0,1,1,0,0,1,0,0,1,5,1,2,4,3,0,0,0,1,0,49,1,5,0,2,12,17,2,0,1,1,3,0,1,3,1,0,0,3,0,1,0,2,2,0,2,1,0,0,7,0,0,8,0,1,0,0,0,0,1,0,0,0,0,9,5,1,0,2,0,2,1,1,2,1,3,0,0,1,12,0,0,1,5,0,0,0,0,1,0,0,3,4,1,1,0,0,0,1,0,0,0,1,0,4,2,2,3,1,0,1,1,0,2,0,9,4,2,3,0,2,0,3,0,0,0,0,0,0,2,3,1,4,0,0,0,0,0,0,0,0,2,0,1,1,1,0,0,0,0,0,4,1,2,4,1,0,0,0,2,1,1,6,0,1,0,0,0,0,8,16,0,0,0,1,1,0,0,0,0,3,0,1,11,0,1,0,1,5,0,0,1,0,0,0,0,0,0,0,0,0,0,0,1,0,0,0,4,1,3,0,0,0,0,0,2,1,2,0,0,0,1,0,2,1,0,1,0,0,0,0,0,0,0,0,0,0,1,0,0,3,0,0,1,0,0,0,0,0,0,0,0,0,0,0,0,0,0,0,0,0,1,0,0,0,0,0,2,4,0,0,0,0,1,0,0,0
lenin_shag_vpered_2nazad.txt_chunk12,lenin,6,0,1,0,3,1,0,2,3,28,3,0,1,1,0,0,2,0,1,2,2,0,1,0,1,0,4,0,0,0,0,0,6,3,3,2,1,3,2,0,1,4,0,27,0,6,7,0,2,10,3,0,2,1,0,0,0,1,0,1,0,1,1,1,0,0,1,1,3,0,0,0,8,1,1,23,1,0,0,3,5,0,0,0,3,2,0,6,7,0,0,0,0,0,5,1,0,2,2,1,1,2,6,3,1,2,9,1,0,1,0,1,0,0,2,0,1,0,2,1,0,1,0,2,1,1,0,5,2,0,7,1,0,0,2,0,0,1,12,2,0,0,0,8,3,1,2,3,0,6,0,1,4,0,1,4,1,0,3,3,1,0,0,1,0,1,0,1,0,0,0,0,0,0,2,0,0,5,1,1,0,0,0,0,0,1,0,2,0,0,0,1,0,18,0,0,0,1,0,0,0,0,0,1,0,1,5,2,0,0,0,0,0,0,5,1,1,0,0,0,0,0,0,0,0,0,0,0,1,0,4,0,2,1,1,0,1,1,0,0,1,0,2,0,0,0,2,0,1,0,0,0,3,0,0,0,0,2,3,0,1,1,0,0,1,1,1,0,0,0,0,0,0,2,0,0,0,0,0,0,0,0,0,0,0,0,0,0,0,0,2,16,0,0,0,0,0,0,0,0
lenin_shag_vpered_2nazad.txt_chunk17,lenin,6,0,4,0,9,1,1,2,9,24,1,2,1,0,4,2,1,0,0,3,0,0,0,0,1,0,8,4,3,0,6,3,2,3,0,3,0,3,5,0,0,1,0,49,0,6,2,0,4,3,3,0,3,0,0,0,0,0,0,0,0,3,0,2,1,1,0,1,2,0,0,0,16,1,3,15,0,0,0,0,1,0,0,1,0,10,0,2,1,0,0,0,0,1,1,2,1,8,2,0,7,0,4,1,2,0,10,0,3,0,0,1,0,2,0,0,0,5,2,0,0,0,1,1,1,1,0,2,0,1,7,1,0,0,0,0,1,0,11,3,1,3,0,4,3,2,3,0,1,6,0,1,1,0,1,5,0,0,0,0,0,2,0,1,4,0,0,1,0,1,0,1,1,0,1,2,1,1,3,0,1,1,2,0,1,0,4,0,0,0,1,0,1,7,4,0,0,0,1,1,0,0,0,18,1,2,0,2,0,1,0,3,0,0,1,4,1,0,1,0,0,2,7,0,0,0,0,0,0,0,0,2,0,0,1,0,0,0,0,0,0,1,0,3,1,0,1,0,0,1,1,1,0,2,0,4,2,1,2,0,0,1,2,1,1,1,0,0,0,0,1,0,1,0,0,0,0,0,0,0,0,0,0,1,0,0,0,1,0,0,1,9,0,2,1,0,1,0,0,0
lenin_shag_vpered_2nazad.txt_chunk19,lenin,4,0,1,1,10,0,1,1,3,38,0,1,0,2,4,0,0,0,0,0,0,2,2,1,2,2,3,1,1,0,5,0,1,6,0,3,1,1,2,2,5,1,2,42,0,7,2,1,5,6,5,0,1,2,2,0,1,3,0,0,0,1,0,2,1,0,0,3,0,2,1,0,8,2,0,22,0,2,1,3,1,1,0,0,0,6,1,4,3,1,1,2,0,1,3,3,3,19,3,1,5,0,1,0,0,0,5,0,0,3,1,2,0,2,0,0,1,1,0,0,1,1,0,0,0,5,0,3,0,1,6,3,1,0,0,0,3,0,18,3,1,0,1,5,3,1,3,0,0,3,0,0,1,0,0,5,2,0,1,2,0,0,0,0,0,1,1,0,0,0,0,1,1,0,4,2,0,0,1,0,2,0,0,1,0,0,0,0,1,1,1,0,2,7,3,0,0,1,0,0,0,1,0,1,0,0,0,14,0,0,0,1,0,0,0,0,2,0,1,0,0,0,5,1,0,0,0,0,0,0,0,0,1,1,1,0,2,0,0,1,2,1,0,0,1,0,1,0,1,0,0,0,0,1,0,6,0,0,3,0,0,1,2,1,3,0,0,0,1,0,0,0,2,0,1,0,0,0,0,0,0,0,0,1,0,0,0,0,0,0,2,7,0,0,0,0,1,0,0,0
lenin_shag_vpered_2nazad.txt_chunk21,lenin,2,0,0,0,7,3,0,8,1,24,3,0,2,0,1,1,1,0,1,1,1,0,0,0,1,0,5,0,1,0,1,0,3,2,0,2,2,1,9,0,0,11,0,45,1,8,0,0,2,10,8,0,1,1,2,0,0,3,2,0,0,3,0,0,4,0,0,0,0,0,0,0,9,0,1,12,1,1,1,0,5,0,1,1,0,2,2,7,3,1,4,0,0,0,0,0,0,3,3,0,1,0,9,0,1,7,7,0,0,0,1,1,1,0,0,1,0,1,0,1,2,2,0,1,0,4,0,6,3,2,2,0,0,1,1,0,1,0,4,6,0,1,0,5,1,2,2,1,1,1,2,0,0,1,0,4,0,0,0,0,0,2,0,0,0,1,1,0,1,1,0,0,0,0,2,1,0,0,0,0,0,0,0,3,0,7,0,1,0,1,0,0,0,2,3,0,3,3,0,0,0,0,0,3,0,0,5,1,0,1,0,4,0,0,0,0,1,0,0,0,2,1,0,2,0,0,1,1,3,0,1,0,0,4,1,0,1,0,1,0,0,1,1,3,0,0,0,0,0,1,0,0,0,2,0,5,0,1,4,0,1,0,2,0,0,0,0,0,0,0,0,0,0,0,0,0,0,0,0,0,0,0,0,0,0,1,1,0,0,0,3,13,0,0,0,0,0,0,0,0
lenin_shag_vpered_2nazad.txt_chunk25,lenin,4,1,4,0,3,0,2,4,2,25,0,2,4,1,3,1,0,1,2,1,1,0,1,1,0,1,2,0,0,3,0,1,4,0,0,2,2,3,3,0,0,2,1,29,0,6,5,0,0,4,4,0,1,1,0,2,0,0,0,2,0,1,0,2,0,0,0,1,2,0,0,0,12,5,0,26,1,2,0,1,0,0,0,0,0,8,0,12,0,0,0,0,1,0,4,1,0,1,6,0,2,0,7,0,3,1,7,0,0,0,0,0,1,0,0,1,0,1,0,0,0,2,1,1,0,3,0,3,2,0,9,1,1,2,1,0,2,0,15,3,1,0,0,7,3,0,0,1,0,7,2,0,2,0,0,0,0,1,0,0,0,0,0,0,2,0,1,0,0,0,3,1,0,0,1,2,0,0,0,0,0,0,0,0,0,0,0,3,1,0,2,0,0,5,1,0,2,4,0,0,1,1,0,0,0,0,5,16,0,0,1,1,0,0,2,0,0,0,0,0,1,0,0,0,0,0,1,0,1,0,0,4,1,3,0,0,3,1,1,0,0,1,1,1,0,1,0,0,1,0,0,1,0,1,0,3,2,1,3,0,1,1,0,0,1,1,0,0,2,0,1,0,0,0,0,0,0,0,0,0,0,0,0,0,0,0,0,0,0,0,5,2,0,0,0,0,0,0,0,0
lenin_shag_vpered_2nazad.txt_chunk27,lenin,4,0,1,0,2,4,1,6,0,26,4,7,1,0,2,1,1,0,1,1,0,2,0,0,0,1,2,1,1,0,1,0,3,3,1,1,1,0,2,1,0,3,0,45,1,2,1,1,4,4,4,0,4,1,0,1,0,1,0,3,0,0,0,0,1,0,0,1,3,1,0,0,9,4,2,18,2,0,0,1,2,2,0,0,0,5,2,17,3,1,2,0,0,0,3,0,3,3,4,0,0,1,8,0,8,0,9,0,0,0,0,1,0,0,1,0,1,0,0,0,0,1,1,1,0,0,0,5,1,0,2,4,1,3,0,0,0,0,18,3,1,3,0,5,1,0,2,2,0,10,1,0,1,5,0,7,0,2,3,0,1,0,0,0,3,1,0,2,0,0,0,0,0,0,1,0,1,2,2,0,0,0,1,0,0,6,0,1,0,2,0,3,0,4,0,0,2,5,0,0,0,0,0,1,1,0,4,9,0,0,0,0,0,0,2,0,0,0,1,0,1,0,0,0,0,0,0,0,4,0,0,1,0,0,0,0,1,0,1,0,3,3,1,1,0,0,0,0,1,0,0,0,0,4,0,7,0,3,3,0,1,0,0,2,0,0,0,1,0,0,0,0,0,1,0,0,0,0,2,0,0,0,0,0,0,0,0,0,0,0,7,3,0,0,0,0,0,0,0,0
lenin_shag_vpered_2nazad.txt_chunk34,lenin,8,0,0,0,8,1,1,1,1,30,2,2,0,2,1,0,0,2,0,0,0,0,0,0,0,5,3,1,0,0,1,0,7,1,2,3,3,2,2,2,0,10,1,35,2,6,3,1,1,5,8,0,6,0,0,0,0,1,0,0,0,0,0,0,0,1,0,0,0,2,0,0,20,0,0,22,1,1,0,0,2,1,0,0,1,3,0,14,3,1,1,0,0,0,3,2,0,0,1,0,1,0,1,0,1,0,8,0,0,0,0,0,0,1,0,1,1,0,0,0,0,2,1,1,0,0,0,3,6,0,6,3,0,2,1,3,0,0,19,2,1,0,2,10,2,1,0,0,0,12,0,0,3,1,2,2,1,1,2,0,0,0,0,1,2,1,0,1,0,0,0,0,1,0,3,1,1,0,2,0,0,0,0,0,0,4,0,1,0,0,0,0,0,5,1,1,2,1,0,0,0,0,0,0,0,1,5,1,2,2,0,2,0,2,2,0,0,0,0,0,0,0,0,0,1,0,0,0,1,0,1,0,3,4,0,1,1,0,1,0,1,1,1,0,0,0,1,0,0,1,0,1,1,2,1,8,2,0,2,0,0,0,0,0,0,1,0,0,0,0,1,0,0,0,1,0,0,0,1,0,3,0,0,0,2,0,0,0,0,0,4,15,0,0,0,0,0,0,0,0
lenin_shag_vpered_2nazad.txt_chunk42,lenin,6,0,0,0,6,1,3,5,5,22,0,5,2,1,0,0,4,0,1,0,0,0,1,0,1,2,2,2,1,0,0,0,1,0,1,1,0,4,1,0,1,5,0,36,1,8,8,0,0,14,1,0,3,0,1,0,1,4,0,5,0,1,0,0,1,3,0,0,0,0,0,1,26,0,1,11,1,0,0,0,1,0,0,0,2,4,0,9,4,3,1,0,0,0,3,0,0,0,3,0,1,3,3,1,1,2,15,0,0,2,1,0,0,0,0,1,0,0,0,1,1,1,1,1,0,0,0,2,4,0,1,0,1,1,0,0,1,0,11,2,1,1,0,8,1,1,1,0,2,3,0,1,4,0,0,1,0,0,3,0,1,0,0,0,2,1,2,0,0,0,0,1,2,4,0,5,0,0,5,1,0,0,0,0,2,3,0,1,1,0,1,0,1,5,0,0,5,1,0,0,0,0,0,0,0,0,12,2,6,0,3,2,0,0,1,0,3,0,2,0,1,0,0,0,0,0,0,0,1,0,2,1,1,0,2,0,2,0,0,0,0,0,3,0,1,0,1,0,1,0,0,0,0,1,1,14,1,1,2,0,0,0,1,1,0,1,0,0,0,0,0,0,0,0,0,0,0,0,0,0,0,0,0,0,0,0,0,0,0,0,11,4,0,0,0,1,0,0,0,0
lenin_shag_vpered_2nazad.txt_chunk46,lenin,8,0,1,0,0,0,4,2,5,37,1,1,0,0,0,0,2,0,3,0,1,1,0,0,1,0,1,0,0,0,0,0,1,0,0,1,3,2,1,0,0,2,0,24,0,3,4,0,3,4,8,0,6,0,2,0,1,2,1,1,0,0,0,0,1,0,0,1,2,3,1,0,16,3,0,23,0,0,1,2,5,1,0,0,0,4,0,11,1,1,3,1,1,1,4,0,8,0,3,0,1,1,3,2,2,3,14,1,1,1,0,1,2,0,0,3,1,0,1,0,0,0,0,0,0,1,0,2,1,2,3,1,0,0,0,2,4,0,15,0,2,2,1,3,2,1,0,0,0,3,0,0,0,0,0,3,0,1,3,1,0,0,1,1,3,2,1,0,0,0,0,0,0,0,1,1,0,3,1,0,0,0,0,0,1,1,0,1,3,1,2,0,1,13,0,0,1,3,0,0,0,0,0,1,0,0,4,1,0,0,0,3,0,2,1,0,0,0,0,0,0,0,0,0,0,0,0,0,2,0,2,3,1,0,0,0,1,1,0,1,1,3,0,0,0,1,0,2,2,0,0,0,0,1,0,9,1,0,1,0,0,0,0,1,1,1,0,2,0,0,0,0,0,1,0,0,0,2,0,0,0,0,0,0,0,0,0,0,0,0,5,4,0,0,0,0,0,0,0,0
lenin_shag_vpered_2nazad.txt_chunk47,lenin,8,0,0,0,9,2,2,5,6,20,0,3,0,1,0,2,5,1,1,0,1,1,0,0,1,1,1,1,1,1,1,0,2,0,0,9,2,0,5,0,0,3,1,25,0,4,5,1,5,11,7,0,1,1,0,1,1,2,0,0,0,2,0,1,2,0,0,1,3,1,0,0,15,0,1,22,0,1,0,1,0,0,0,1,2,8,1,5,2,0,0,0,0,0,5,1,4,2,4,0,1,1,4,1,1,1,6,1,1,0,2,1,0,1,1,1,1,2,0,0,1,3,0,0,1,4,0,6,2,1,1,3,0,0,0,0,2,0,17,4,1,6,2,12,3,1,1,0,0,2,1,0,2,1,1,5,0,1,1,0,2,2,0,0,2,1,0,2,0,0,0,1,0,0,2,2,1,0,0,0,0,0,0,1,0,1,0,1,2,1,1,0,0,4,1,0,0,0,0,0,0,0,0,1,0,3,1,4,0,1,1,0,4,0,3,0,1,0,0,0,2,0,0,0,0,0,0,0,2,0,3,0,1,1,0,0,1,0,0,0,0,2,0,1,0,1,0,0,1,0,0,0,1,1,6,2,0,1,0,0,2,0,0,1,0,0,0,1,0,0,0,0,0,0,1,0,0,2,1,0,0,0,0,0,0,0,0,0,0,0,2,9,0,0,0,0,2,0,0,0
lenin_struve_izoblichen_I.txt_chunk2,lenin,8.968609865470851,0,0,0,4.484304932735426,0,0,4.484304932735426,4.484304932735426,28.026905829596412,0,2.242152466367713,0,2.242152466367713,0,1.1210762331838564,3.36322869955157,0,2.242152466367713,0,0,0,1.1210762331838564,0,2.242152466367713,0,4.484304932735426,0,1.1210762331838564,0,0,0,1.1210762331838564,1.1210762331838564,0,1.1210762331838564,2.242152466367713,2.242152466367713,3.36322869955157,0,0,1.1210762331838564,0,42.600896860986545,1.1210762331838564,3.36322869955157,3.36322869955157,2.242152466367713,1.1210762331838564,3.36322869955157,6.72645739910314,1.1210762331838564,6.72645739910314,1.1210762331838564,2.242152466367713,0,0,0,1.1210762331838564,1.1210762331838564,1.1210762331838564,0,0,0,0,0,0,1.1210762331838564,0,0,0,0,8.968609865470851,0,0,21.300448430493272,1.1210762331838564,2.242152466367713,0,2.242152466367713,2.242152466367713,0,1.1210762331838564,0,0,2.242152466367713,0,15.695067264573991,3.36322869955157,1.1210762331838564,0,1.1210762331838564,0,0,5.605381165919282,2.242152466367713,0,2.242152466367713,6.72645739910314,1.1210762331838564,1.1210762331838564,0,4.484304932735426,0,0,0,6.72645739910314,0,1.1210762331838564,0,0,0,0,0,0,0,0,1.1210762331838564,0,0,3.36322869955157,2.242152466367713,0,0,0,0,0,3.36322869955157,1.1210762331838564,0,5.605381165919282,2.242152466367713,0,1.1210762331838564,1.1210762331838564,2.242152466367713,0,0,15.695067264573991,2.242152466367713,0,0,0,6.72645739910314,3.36322869955157,1.1210762331838564,1.1210762331838564,0,1.1210762331838564,5.605381165919282,0,1.1210762331838564,0,2.242152466367713,1.1210762331838564,1.1210762331838564,0,1.1210762331838564,4.484304932735426,0,0,0,1.1210762331838564,0,3.36322869955157,2.242152466367713,0,1.1210762331838564,0,0,0,0,1.1210762331838564,0,5.605381165919282,0,0,2.242152466367713,0,26.90582959641256,0,1.1210762331838564,1.1210762331838564,0,0,0,2.242152466367713,1.1210762331838564,0,1.1210762331838564,0,0,0,7.8475336322869955,4.484304932735426,0,0,2.242152466367713,1.1210762331838564,0,0,0,1.1210762331838564,0,0,0,0,2.242152466367713,0,0,0,5.605381165919282,0,1.1210762331838564,1.1210762331838564,3.36322869955157,0,0,0,0,1.1210762331838564,0,0,2.242152466367713,0,0,0,0,1.1210762331838564,0,0,1.1210762331838564,3.36322869955157,2.242152466367713,0,0,3.36322869955157,1.1210762331838564,0,2.242152466367713,1.1210762331838564,0,0,0,0,0,1.1210762331838564,0,1.1210762331838564,0,1.1210762331838564,1.1210762331838564,2.242152466367713,1.1210762331838564,0,2.242152466367713,1.1210762331838564,1.1210762331838564,0,0,0,3.36322869955157,1.1210762331838564,0,1.1210762331838564,0,0,0,0,0,0,0,1.1210762331838564,0,0,0,1.1210762331838564,0,1.1210762331838564,0,3.36322869955157,0,0,1.1210762331838564,0,0,1.1210762331838564,2.242152466367713,0,0,0,0,0,0,0,0,0,0,0,0
lenin_tsennoe_priznanie_I.txt_chunk2,lenin,5.050505050505051,2.0202020202020203,2.0202020202020203,1.0101010101010102,1.0101010101010102,0,0,0,2.0202020202020203,26.262626262626263,0,1.0101010101010102,1.0101010101010102,5.050505050505051,0,7.070707070707071,3.0303030303030303,0,3.0303030303030303,1.0101010101010102,1.0101010101010102,1.0101010101010102,1.0101010101010102,0,2.0202020202020203,2.0202020202020203,3.0303030303030303,0,0,0,1.0101010101010102,2.0202020202020203,4.040404040404041,0,1.0101010101010102,1.0101010101010102,1.0101010101010102,3.0303030303030303,3.0303030303030303,0,0,0,1.0101010101010102,55.55555555555555,2.0202020202020203,2.0202020202020203,3.0303030303030303,0,3.0303030303030303,6.0606060606060606,5.050505050505051,0,2.0202020202020203,1.0101010101010102,0,0,0,4.040404040404041,0,0,0,0,2.0202020202020203,1.0101010101010102,0,0,0,0,2.0202020202020203,1.0101010101010102,0,0,17.17171717171717,0,0,21.212121212121215,0,0,0,0,1.0101010101010102,0,1.0101010101010102,1.0101010101010102,2.0202020202020203,6.0606060606060606,0,8.080808080808081,0,2.0202020202020203,0,0,0,0,2.0202020202020203,1.0101010101010102,1.0101010101010102,0,8.080808080808081,0,1.0101010101010102,4.040404040404041,4.040404040404041,0,2.0202020202020203,0,6.0606060606060606,0,1.0101010101010102,0,0,1.0101010101010102,1.0101010101010102,1.0101010101010102,1.0101010101010102,0,1.0101010101010102,1.0101010101010102,1.0101010101010102,0,0,5.050505050505051,1.0101010101010102,2.0202020202020203,0,0,0,1.0101010101010102,1.0101010101010102,0,5.050505050505051,3.0303030303030303,2.0202020202020203,0,0,4.040404040404041,5.050505050505051,0,18.18181818181818,3.0303030303030303,0,0,1.0101010101010102,9.09090909090909,3.0303030303030303,2.0202020202020203,0,0,1.0101010101010102,0,1.0101010101010102,0,0,0,0,2.0202020202020203,1.0101010101010102,0,1.0101010101010102,0,0,1.0101010101010102,0,3.0303030303030303,2.0202020202020203,1.0101010101010102,1.0101010101010102,0,0,0,0,0,0,0,0,0,1.0101010101010102,3.0303030303030303,3.0303030303030303,0,0,0,0,0,0,0,0,0,0,1.0101010101010102,0,0,0,0,0,0,0,2.0202020202020203,4.040404040404041,8.080808080808081,0,1.0101010101010102,0,0,0,0,0,2.0202020202020203,1.0101010101010102,1.0101010101010102,0,1.0101010101010102,2.0202020202020203,0,2.0202020202020203,0,0,2.0202020202020203,0,1.0101010101010102,1.0101010101010102,3.0303030303030303,15.151515151515152,0,1.0101010101010102,0,0,0,1.0101010101010102,0,0,1.0101010101010102,1.0101010101010102,1.0101010101010102,0,0,0,0,0,4.040404040404041,2.0202020202020203,0,0,1.0101010101010102,0,0,0,1.0101010101010102,0,1.0101010101010102,0,1.0101010101010102,0,0,0,3.0303030303030303,2.0202020202020203,1.0101010101010102,0,0,0,0,0,0,1.0101010101010102,0,0,1.0101010101010102,0,1.0101010101010102,0,2.0202020202020203,0,1.0101010101010102,0,0,0,0,1.0101010101010102,7.070707070707071,0,1.0101010101010102,4.040404040404041,1.0101010101010102,0,0,0,0,0,0,0,0,0,0,0,0,0,0,0,0
lenin_zadachi_rev_molodezhy.txt_chunk2,lenin,6,0,0,0,0,0,0,2,1,21,4,4,0,1,2,0,1,1,1,0,0,0,1,0,1,0,6,0,2,1,0,0,2,3,0,1,0,2,1,0,0,0,0,55,2,3,8,1,1,11,6,0,0,2,2,1,1,1,0,1,0,1,0,3,0,0,0,0,3,3,0,0,13,0,2,12,0,0,1,0,5,2,0,0,2,2,0,11,0,2,1,1,0,3,1,0,1,1,3,1,2,0,2,5,1,0,22,0,1,0,0,1,0,0,0,0,3,0,0,2,2,1,0,0,0,2,0,4,1,3,3,4,0,1,0,4,1,0,14,1,1,1,0,3,5,1,2,0,0,1,1,1,4,0,1,3,3,0,3,0,0,0,4,1,0,0,1,0,1,1,1,0,0,1,7,0,1,5,0,0,1,2,1,1,2,0,0,0,0,1,0,0,1,6,0,0,1,0,0,0,0,1,0,6,1,6,1,2,0,0,2,0,0,0,1,1,1,1,0,1,0,0,1,2,3,2,0,0,0,0,0,3,0,0,1,0,2,1,0,0,0,0,1,2,1,0,1,0,0,0,0,1,0,2,1,4,4,0,0,0,0,0,1,0,0,1,1,0,1,0,0,0,1,0,0,0,1,0,0,0,9,0,0,1,2,1,0,0,1,0,0,0,0,0,1,0,0,0,0,0
lenin_zemsk_kampania_iskra.txt_chunk1,lenin,4,2,0,0,5,2,1,2,0,26,1,2,1,1,0,2,2,0,0,1,0,0,1,1,1,0,7,0,1,1,1,0,4,5,0,1,0,4,4,0,0,3,0,36,0,0,2,0,3,11,8,0,5,0,3,0,0,0,0,0,0,1,0,1,0,1,0,0,1,2,0,2,17,0,1,10,0,0,1,0,3,0,0,1,0,6,0,10,1,3,0,0,1,2,0,3,2,0,1,1,0,0,6,3,0,0,15,0,1,0,0,2,0,0,0,1,2,0,0,0,1,1,0,0,0,4,0,2,1,1,4,2,0,0,0,1,5,0,8,0,3,1,1,4,0,3,0,1,0,0,0,1,5,0,0,1,0,0,2,2,1,0,3,2,1,0,1,0,1,0,0,1,0,1,4,1,0,3,0,1,0,2,2,11,2,9,0,1,0,0,0,1,1,3,0,1,1,1,1,0,0,0,0,8,3,4,1,1,2,0,2,3,0,0,3,1,0,0,0,2,1,0,0,1,3,1,0,0,1,0,0,2,2,0,0,0,0,3,0,0,0,1,0,4,1,0,0,2,0,0,0,0,0,3,0,6,0,1,0,1,0,0,1,0,0,0,0,2,0,0,1,0,5,0,0,0,3,0,0,0,5,0,0,0,0,2,0,0,0,0,0,0,0,6,2,0,0,0,0,0
martov_borba_za_svobodu_I.txt_chunk1,martov,4,0,4,1,5,0,0,4,1,31,1,0,0,0,0,1,4,0,1,3,0,0,0,0,1,1,11,1,0,0,0,0,15,2,0,2,0,2,3,4,0,6,1,48,0,2,1,0,0,10,10,0,5,0,0,0,0,1,0,3,0,0,0,3,0,0,0,3,0,1,0,0,12,0,2,15,0,0,0,2,2,1,2,0,0,4,0,4,3,0,2,0,1,0,1,0,2,0,5,1,0,4,0,2,1,2,9,1,0,2,0,2,0,2,1,1,1,0,1,1,0,3,0,0,0,0,0,7,2,0,2,2,1,0,0,0,1,0,14,4,0,1,0,2,3,0,3,0,0,0,0,0,2,0,0,2,0,0,1,0,0,1,0,1,0,0,2,0,1,0,0,0,0,2,2,0,1,1,4,8,0,7,3,2,0,0,1,0,0,1,0,2,0,0,0,0,1,6,1,0,0,3,0,4,1,0,0,2,2,3,1,5,1,0,1,0,1,0,0,1,0,0,0,0,3,0,1,0,1,0,0,1,0,2,1,0,0,0,1,0,0,0,0,1,0,0,0,1,2,1,0,0,0,3,0,2,1,1,3,0,0,2,1,1,0,0,0,0,0,0,0,0,2,1,0,0,0,0,0,0,6,3,0,0,3,2,0,0,0,1,0,0,0,0,5,0,0,0,0,0
martov_boykot_dumy_i_rev_samoupravlenie_I.txt_chunk4,martov,6.091370558375634,0,5.076142131979695,0,4.060913705583757,2.0304568527918785,1.0152284263959392,1.0152284263959392,3.045685279187817,26.395939086294415,2.0304568527918785,2.0304568527918785,1.0152284263959392,0,0,1.0152284263959392,3.045685279187817,0,3.045685279187817,1.0152284263959392,1.0152284263959392,0,1.0152284263959392,0,0,2.0304568527918785,7.106598984771574,1.0152284263959392,1.0152284263959392,2.0304568527918785,2.0304568527918785,0,7.106598984771574,1.0152284263959392,1.0152284263959392,4.060913705583757,2.0304568527918785,1.0152284263959392,3.045685279187817,1.0152284263959392,0,2.0304568527918785,0,30.456852791878173,1.0152284263959392,6.091370558375634,2.0304568527918785,1.0152284263959392,2.0304568527918785,10.15228426395939,7.106598984771574,0,2.0304568527918785,1.0152284263959392,2.0304568527918785,2.0304568527918785,0,3.045685279187817,0,1.0152284263959392,0,0,0,1.0152284263959392,0,1.0152284263959392,0,1.0152284263959392,4.060913705583757,0,0,0,13.197969543147208,1.0152284263959392,2.0304568527918785,21.319796954314718,0,0,0,0,2.0304568527918785,1.0152284263959392,0,0,0,4.060913705583757,0,8.121827411167514,0,0,2.0304568527918785,0,0,0,2.0304568527918785,1.0152284263959392,2.0304568527918785,1.0152284263959392,4.060913705583757,0,1.0152284263959392,0,4.060913705583757,2.0304568527918785,3.045685279187817,1.0152284263959392,4.060913705583757,2.0304568527918785,0,0,0,1.0152284263959392,0,0,2.0304568527918785,0,1.0152284263959392,1.0152284263959392,0,1.0152284263959392,0,2.0304568527918785,0,1.0152284263959392,1.0152284263959392,4.060913705583757,0,9.137055837563452,0,1.0152284263959392,6.091370558375634,1.0152284263959392,0,1.0152284263959392,0,1.0152284263959392,2.0304568527918785,0,15.228426395939087,3.045685279187817,1.0152284263959392,1.0152284263959392,1.0152284263959392,3.045685279187817,1.0152284263959392,0,2.0304568527918785,0,0,1.0152284263959392,1.0152284263959392,0,2.0304568527918785,0,0,3.045685279187817,0,0,0,0,0,0,0,0,1.0152284263959392,1.0152284263959392,1.0152284263959392,0,0,0,0,0,1.0152284263959392,2.0304568527918785,3.045685279187817,1.0152284263959392,0,0,3.045685279187817,0,2.0304568527918785,1.0152284263959392,4.060913705583757,0,0,0,0,1.0152284263959392,0,1.0152284263959392,0,1.0152284263959392,1.0152284263959392,1.0152284263959392,1.0152284263959392,1.0152284263959392,1.0152284263959392,1.0152284263959392,0,0,1.0152284263959392,0,2.0304568527918785,0,0,0,0,5.076142131979695,1.0152284263959392,1.0152284263959392,0,0,1.0152284263959392,0,0,0,1.0152284263959392,0,0,3.045685279187817,1.0152284263959392,1.0152284263959392,0,2.0304568527918785,1.0152284263959392,0,1.0152284263959392,1.0152284263959392,0,0,0,1.0152284263959392,1.0152284263959392,3.045685279187817,1.0152284263959392,0,0,0,0,1.0152284263959392,1.0152284263959392,1.0152284263959392,0,0,0,0,0,0,0,0,1.0152284263959392,1.0152284263959392,0,1.0152284263959392,0,5.076142131979695,0,2.0304568527918785,0,0,0,0,0,2.0304568527918785,0,2.0304568527918785,0,0,0,1.0152284263959392,0,2.0304568527918785,0,0,0,0,0,2.0304568527918785,1.0152284263959392,3.045685279187817,1.0152284263959392,0,2.0304568527918785,2.0304568527918785,0,0,5.076142131979695,8.121827411167514,1.0152284263959392,0,0,2.0304568527918785,0,0,0,0,0,0,1.0152284263959392,0
martov_gibel_port_artura_I.txt_chunk1,martov,1,0,1,0,1,1,1,2,0,33,2,4,0,0,0,0,6,1,0,0,0,0,0,0,0,1,7,0,0,0,0,0,8,0,0,1,0,1,2,0,0,8,1,41,0,3,1,1,1,3,13,0,3,1,0,0,2,1,0,0,1,0,0,0,0,0,0,0,1,1,0,0,11,1,0,6,1,3,0,0,2,0,1,0,0,2,0,8,2,0,1,2,0,0,2,2,3,0,5,0,0,4,6,0,1,0,19,0,0,1,0,1,2,0,2,0,2,1,1,0,0,0,0,0,0,2,0,2,1,0,3,4,0,0,0,1,1,1,11,0,0,2,1,4,3,5,0,0,0,0,0,0,3,2,0,1,2,1,1,1,0,0,2,0,0,0,1,1,0,0,0,0,1,1,0,3,0,0,2,0,0,0,0,0,0,1,1,0,0,1,0,0,0,0,0,0,4,1,0,0,0,0,0,1,0,0,0,0,2,1,0,0,0,1,2,0,1,0,0,1,0,0,0,0,2,1,0,1,1,0,0,0,6,0,1,0,0,0,0,0,0,3,0,0,0,0,0,0,0,1,0,0,0,3,0,2,0,0,0,0,1,0,0,0,0,0,0,1,0,0,0,0,0,2,0,0,0,0,0,0,0,0,0,0,1,1,0,0,0,3,0,1,0,0,0,7,0,0,0,1
martov_itogi_polit_razvitiya.txt_chunk3,martov,2,0,0,0,0,1,2,1,0,39,5,0,1,0,1,2,4,0,1,0,4,0,0,0,0,0,9,0,0,0,0,0,4,0,1,2,0,3,2,1,0,3,0,64,1,2,2,0,2,5,2,2,0,1,0,0,0,0,0,0,0,0,1,4,0,0,0,0,0,1,0,0,14,0,0,10,0,0,0,0,2,0,0,0,0,4,0,0,0,1,0,1,0,0,3,0,2,0,3,0,0,4,3,1,0,0,19,2,0,0,1,1,0,1,0,3,2,2,0,2,0,0,1,1,5,1,0,2,0,0,2,0,0,0,2,0,1,0,1,0,0,1,0,2,2,3,0,0,0,0,0,0,0,0,0,0,0,0,0,0,0,1,1,1,0,0,1,1,1,0,0,0,2,1,5,0,0,5,0,1,0,3,3,0,0,0,1,0,0,0,1,0,0,0,0,0,0,10,2,0,2,0,0,0,2,0,0,0,3,2,1,2,0,0,1,0,0,2,1,0,1,0,1,0,5,0,1,0,1,0,0,1,0,1,0,0,2,0,1,0,0,2,1,0,0,0,0,1,0,2,0,1,0,0,0,1,0,0,1,0,0,0,1,0,0,0,0,0,0,0,0,0,3,0,1,0,6,0,0,0,0,0,0,3,0,0,0,0,0,0,0,0,2,0,3,1,0,0,0,0
martov_itogi_polit_razvitiya.txt_chunk4,martov,1,0,0,0,0,3,1,2,0,41,3,0,1,0,0,3,3,0,0,1,1,0,0,0,0,0,4,0,0,0,0,0,6,1,0,0,0,2,7,0,0,9,0,47,0,2,3,1,1,12,3,0,1,0,1,2,1,1,1,0,0,7,0,3,0,0,0,0,0,0,0,0,9,0,1,11,2,0,0,0,2,0,0,2,0,6,0,3,0,1,0,0,1,0,4,0,0,0,5,0,0,2,3,1,5,0,15,0,0,2,1,1,0,0,3,3,1,1,1,0,0,0,0,1,0,3,0,2,1,1,3,1,0,1,0,0,1,3,1,1,0,2,1,6,0,1,0,0,2,0,0,0,1,2,0,0,1,0,0,3,0,0,1,0,0,0,0,0,1,0,0,0,0,1,1,0,0,2,2,0,0,3,4,1,2,0,3,0,0,0,0,1,0,0,0,0,0,1,0,0,0,0,0,2,0,1,0,0,3,2,0,2,0,0,2,0,0,0,0,0,0,0,3,0,3,1,0,0,1,0,0,0,0,1,0,2,1,0,0,0,0,0,4,0,0,0,1,1,0,0,0,1,0,1,0,0,0,0,0,0,1,0,0,0,0,0,1,0,0,0,0,0,10,0,2,0,0,0,0,0,2,0,0,3,1,2,0,0,0,0,0,0,1,0,3,0,0,2,0,0
martov_itogi_polit_razvitiya.txt_chunk5,martov,1,0,0,0,2,1,1,5,2,47,2,0,0,0,0,1,5,0,0,1,0,0,0,0,0,0,12,1,1,3,0,3,9,4,4,0,0,1,5,1,0,4,0,41,0,3,4,4,1,7,1,5,2,0,1,0,0,0,0,0,0,2,0,1,0,0,0,0,0,0,0,0,11,1,0,4,3,0,0,0,1,0,1,2,0,6,0,2,1,1,1,0,0,0,1,2,1,0,4,1,0,2,3,2,3,0,7,2,1,2,1,3,0,0,2,3,1,1,0,1,0,0,0,1,0,3,0,2,4,0,1,0,0,0,0,0,2,3,1,3,2,1,0,2,0,3,1,0,2,0,0,0,3,1,0,1,0,1,0,0,0,0,3,0,0,0,3,0,1,0,0,0,0,1,2,1,1,4,3,0,0,2,6,0,0,0,3,2,0,0,1,1,0,1,0,0,0,0,1,0,6,0,3,3,2,1,0,0,0,4,3,4,0,0,0,1,0,0,4,0,0,0,0,0,9,2,3,2,2,0,0,0,0,0,0,0,3,0,0,0,0,2,1,0,0,0,1,1,0,0,0,1,0,0,0,0,0,0,1,0,0,0,0,0,0,0,0,0,0,0,0,0,5,1,0,0,1,0,0,0,0,0,0,1,1,2,1,0,0,0,0,0,0,2,5,0,0,1,0,0
martov_itogi_zemskogo_parlamenta_I.txt_chunk2,martov,3.717472118959108,0,1.2391573729863692,2.4783147459727384,3.717472118959108,0,0,4.956629491945477,1.2391573729863692,30.97893432465923,0,0,0,0,0,1.2391573729863692,3.717472118959108,0,1.2391573729863692,0,0,0,0,0,1.2391573729863692,0,6.195786864931847,0,0,0,0,0,9.913258983890954,0,2.4783147459727384,2.4783147459727384,0,2.4783147459727384,1.2391573729863692,1.2391573729863692,0,1.2391573729863692,0,30.97893432465923,0,0,0,0,8.674101610904586,8.674101610904586,4.956629491945477,0,4.956629491945477,0,0,1.2391573729863692,0,1.2391573729863692,1.2391573729863692,0,0,0,1.2391573729863692,1.2391573729863692,0,0,0,1.2391573729863692,2.4783147459727384,0,1.2391573729863692,0,23.543990086741015,1.2391573729863692,2.4783147459727384,22.304832713754646,2.4783147459727384,1.2391573729863692,0,0,2.4783147459727384,0,2.4783147459727384,1.2391573729863692,1.2391573729863692,6.195786864931847,0,1.2391573729863692,1.2391573729863692,0,0,1.2391573729863692,0,0,3.717472118959108,2.4783147459727384,3.717472118959108,1.2391573729863692,6.195786864931847,0,0,2.4783147459727384,6.195786864931847,2.4783147459727384,0,0,3.717472118959108,0,0,3.717472118959108,0,1.2391573729863692,1.2391573729863692,0,1.2391573729863692,2.4783147459727384,0,0,1.2391573729863692,0,0,2.4783147459727384,0,0,0,0,0,0,2.4783147459727384,0,6.195786864931847,1.2391573729863692,0,1.2391573729863692,0,0,0,0,3.717472118959108,8.674101610904586,0,1.2391573729863692,1.2391573729863692,1.2391573729863692,3.717472118959108,1.2391573729863692,1.2391573729863692,0,0,0,0,0,0,1.2391573729863692,0,0,0,1.2391573729863692,0,0,0,0,0,0,0,0,0,0,0,0,0,0,1.2391573729863692,1.2391573729863692,0,1.2391573729863692,0,1.2391573729863692,0,1.2391573729863692,0,1.2391573729863692,4.956629491945477,1.2391573729863692,0,0,0,1.2391573729863692,0,0,0,0,0,1.2391573729863692,0,0,1.2391573729863692,6.195786864931847,0,0,2.4783147459727384,0,0,1.2391573729863692,0,0,1.2391573729863692,0,0,0,0,1.2391573729863692,0,0,0,0,1.2391573729863692,0,0,2.4783147459727384,0,0,0,1.2391573729863692,1.2391573729863692,0,1.2391573729863692,3.717472118959108,0,1.2391573729863692,3.717472118959108,0,1.2391573729863692,1.2391573729863692,0,0,1.2391573729863692,0,0,0,0,0,1.2391573729863692,0,1.2391573729863692,0,0,0,0,0,0,0,1.2391573729863692,1.2391573729863692,0,2.4783147459727384,0,0,0,0,0,0,1.2391573729863692,3.717472118959108,0,1.2391573729863692,0,1.2391573729863692,0,0,0,0,4.956629491945477,1.2391573729863692,0,0,2.4783147459727384,0,2.4783147459727384,0,4.956629491945477,0,1.2391573729863692,1.2391573729863692,0,2.4783147459727384,2.4783147459727384,1.2391573729863692,0,1.2391573729863692,0,0,1.2391573729863692,1.2391573729863692,1.2391573729863692,0,0,0,0,0
martov_liberal_izmeny_I.txt_chunk2,martov,3.6900369003690034,0,0,0,1.2300123001230012,0,0,0,0,34.44034440344403,1.2300123001230012,0,0,0,1.2300123001230012,0,0,0,0,0,0,1.2300123001230012,0,0,2.4600246002460024,2.4600246002460024,3.6900369003690034,2.4600246002460024,0,0,0,1.2300123001230012,2.4600246002460024,1.2300123001230012,0,3.6900369003690034,1.2300123001230012,2.4600246002460024,3.6900369003690034,1.2300123001230012,1.2300123001230012,4.920049200492005,2.4600246002460024,22.14022140221402,0,2.4600246002460024,1.2300123001230012,3.6900369003690034,3.6900369003690034,8.610086100861007,6.150061500615006,0,2.4600246002460024,2.4600246002460024,1.2300123001230012,1.2300123001230012,1.2300123001230012,2.4600246002460024,1.2300123001230012,1.2300123001230012,0,0,0,2.4600246002460024,0,0,0,1.2300123001230012,1.2300123001230012,0,0,0,11.07011070110701,1.2300123001230012,0,12.300123001230013,0,0,1.2300123001230012,1.2300123001230012,0,0,0,0,0,4.920049200492005,0,7.380073800738007,0,0,0,0,0,1.2300123001230012,3.6900369003690034,0,13.530135301353015,0,9.84009840098401,0,0,0,3.6900369003690034,1.2300123001230012,1.2300123001230012,0,12.300123001230013,0,2.4600246002460024,0,0,4.920049200492005,0,1.2300123001230012,2.4600246002460024,2.4600246002460024,0,2.4600246002460024,0,0,0,1.2300123001230012,0,0,0,2.4600246002460024,0,6.150061500615006,0,1.2300123001230012,1.2300123001230012,1.2300123001230012,0,0,0,0,1.2300123001230012,0,14.760147601476014,7.380073800738007,1.2300123001230012,2.4600246002460024,0,3.6900369003690034,2.4600246002460024,1.2300123001230012,0,0,0,0,1.2300123001230012,0,2.4600246002460024,0,0,2.4600246002460024,0,0,0,0,0,1.2300123001230012,1.2300123001230012,2.4600246002460024,0,0,0,0,1.2300123001230012,0,0,0,2.4600246002460024,0,1.2300123001230012,0,1.2300123001230012,1.2300123001230012,1.2300123001230012,1.2300123001230012,0,0,1.2300123001230012,1.2300123001230012,0,0,0,1.2300123001230012,0,0,0,0,0,1.2300123001230012,0,1.2300123001230012,0,9.84009840098401,0,0,0,0,1.2300123001230012,1.2300123001230012,0,1.2300123001230012,0,0,2.4600246002460024,0,0,2.4600246002460024,0,0,1.2300123001230012,1.2300123001230012,1.2300123001230012,0,0,1.2300123001230012,1.2300123001230012,0,0,3.6900369003690034,0,0,0,0,2.4600246002460024,0,0,0,3.6900369003690034,0,1.2300123001230012,0,0,0,0,0,0,0,0,0,0,0,2.4600246002460024,0,1.2300123001230012,0,0,3.6900369003690034,0,1.2300123001230012,0,2.4600246002460024,0,0,0,0,0,1.2300123001230012,0,0,1.2300123001230012,0,0,0,0,0,1.2300123001230012,0,1.2300123001230012,0,0,0,1.2300123001230012,0,0,0,2.4600246002460024,0,2.4600246002460024,0,3.6900369003690034,0,0,2.4600246002460024,0,0,0,0,0,0,0,3.6900369003690034,0,1.2300123001230012,0,0
martov_liberal_realizm_I.txt_chunk1,martov,6,1,2,3,5,0,1,0,2,26,1,1,0,0,0,1,3,2,3,0,0,0,0,0,1,0,8,0,0,0,1,1,2,0,0,4,1,2,5,1,0,1,0,42,0,4,2,3,4,12,6,0,4,1,1,2,0,2,0,1,0,0,2,8,0,0,0,0,4,0,0,0,11,1,3,23,0,1,1,1,1,2,1,0,1,2,1,6,0,1,0,1,0,0,4,1,3,0,11,0,0,2,1,0,1,1,6,0,1,0,0,2,0,0,1,3,1,2,1,1,0,3,1,0,0,0,0,3,4,1,4,2,0,2,0,0,0,0,17,4,0,4,1,1,4,0,1,2,0,0,0,1,0,1,0,3,0,0,6,0,0,0,0,0,0,0,0,0,0,1,0,0,0,1,5,2,2,1,1,2,0,0,0,0,0,0,0,7,0,0,0,1,2,3,1,0,1,2,0,0,0,1,2,1,0,0,0,1,0,0,0,4,1,0,3,2,2,0,0,4,0,0,0,2,3,0,3,0,0,0,0,1,2,1,2,0,1,1,0,0,0,1,1,0,0,3,2,0,1,0,0,0,0,3,5,0,0,1,0,0,1,2,0,2,1,1,1,1,0,1,0,0,2,0,0,1,0,0,0,0,3,1,1,2,0,1,4,0,0,0,0,0,2,0,0,0,0,0,0,0
martov_liberal_realizm_I.txt_chunk2,martov,3,0,4,2,1,0,0,1,2,27,1,3,0,0,1,2,4,3,0,1,1,0,3,0,0,0,5,0,1,1,0,0,4,0,1,1,2,0,10,0,0,3,1,32,1,2,1,2,3,6,4,0,1,3,1,1,0,0,0,4,0,1,0,3,1,0,0,0,3,0,0,1,14,1,0,14,1,1,1,2,7,1,0,0,2,5,1,5,5,0,1,0,0,0,5,2,0,1,7,0,0,1,3,2,2,0,8,1,0,0,1,2,2,0,0,0,0,1,0,0,0,1,0,1,0,1,0,4,1,2,2,1,0,3,0,0,0,1,10,1,2,0,0,0,0,4,3,0,1,1,1,0,2,0,0,0,1,0,0,0,0,2,0,0,0,0,4,2,0,0,0,0,0,0,1,3,2,0,1,8,0,0,1,4,1,0,0,2,0,0,0,1,3,0,1,1,2,5,0,0,0,0,1,1,0,1,1,1,1,2,0,4,2,0,0,4,0,0,0,4,0,0,0,3,1,1,1,2,1,1,1,1,1,1,0,1,1,0,1,0,0,0,0,0,0,2,0,0,0,1,0,0,0,1,7,2,0,1,1,0,0,1,1,1,1,0,0,1,0,3,1,1,0,0,0,0,0,0,0,2,7,1,0,0,0,2,2,0,0,2,0,0,0,1,0,0,0,0,0,3
martov_liberal_realizm_I.txt_chunk3,martov,1.6835016835016834,0,0,1.6835016835016834,0,0,0,1.6835016835016834,0,25.252525252525253,1.6835016835016834,1.6835016835016834,0,0,0,0,0,0,0,0,0,1.6835016835016834,1.6835016835016834,0,1.6835016835016834,0,6.7340067340067336,0,0,0,1.6835016835016834,1.6835016835016834,0,8.417508417508417,0,1.6835016835016834,1.6835016835016834,0,1.6835016835016834,0,0,1.6835016835016834,0,28.61952861952862,1.6835016835016834,1.6835016835016834,3.3670033670033668,0,1.6835016835016834,10.101010101010102,6.7340067340067336,0,1.6835016835016834,5.050505050505051,0,0,0,0,0,11.784511784511785,0,0,0,0,0,0,0,1.6835016835016834,0,1.6835016835016834,0,0,18.51851851851852,5.050505050505051,1.6835016835016834,31.986531986531986,1.6835016835016834,0,1.6835016835016834,0,3.3670033670033668,0,0,0,0,5.050505050505051,0,1.6835016835016834,0,0,0,0,0,1.6835016835016834,0,6.7340067340067336,5.050505050505051,0,11.784511784511785,0,0,0,3.3670033670033668,1.6835016835016834,3.3670033670033668,0,16.835016835016834,0,0,0,1.6835016835016834,3.3670033670033668,0,0,0,0,1.6835016835016834,0,0,0,0,0,1.6835016835016834,0,0,5.050505050505051,0,1.6835016835016834,1.6835016835016834,0,1.6835016835016834,0,0,0,0,1.6835016835016834,0,0,16.835016835016834,6.7340067340067336,0,0,0,3.3670033670033668,0,0,1.6835016835016834,0,0,0,1.6835016835016834,0,0,0,0,0,0,0,0,0,0,1.6835016835016834,0,0,3.3670033670033668,0,0,0,0,0,0,0,1.6835016835016834,3.3670033670033668,3.3670033670033668,1.6835016835016834,0,0,1.6835016835016834,11.784511784511785,0,0,0,3.3670033670033668,0,0,0,0,0,0,0,0,1.6835016835016834,0,0,0,1.6835016835016834,0,0,1.6835016835016834,0,0,3.3670033670033668,0,0,0,0,1.6835016835016834,0,0,0,0,1.6835016835016834,0,1.6835016835016834,1.6835016835016834,0,0,0,6.7340067340067336,0,0,0,0,0,1.6835016835016834,0,0,0,1.6835016835016834,0,0,0,0,1.6835016835016834,0,0,0,0,1.6835016835016834,0,1.6835016835016834,0,0,0,0,1.6835016835016834,0,0,0,0,0,1.6835016835016834,0,0,3.3670033670033668,0,1.6835016835016834,5.050505050505051,0,0,0,0,0,0,1.6835016835016834,0,1.6835016835016834,0,0,0,0,0,0,0,0,0,0,3.3670033670033668,0,0,3.3670033670033668,0,0,0,0,8.417508417508417,0,0,0,1.6835016835016834,0,0,5.050505050505051,0,0,0,1.6835016835016834,0,0
martov_mirovoy_bolshevizm_NQ.txt_chunk1,martov,2,0,0,0,1,1,1,3,1,58,4,0,0,0,1,2,2,0,1,0,0,0,0,0,2,0,6,1,0,1,0,2,3,4,0,1,2,2,2,1,0,2,0,28,1,3,2,1,3,8,10,0,5,0,0,0,2,1,0,0,0,0,0,2,0,0,0,0,2,0,0,1,9,1,1,9,0,0,0,0,0,1,0,0,0,2,0,1,1,1,0,0,0,1,0,1,3,0,5,1,0,0,2,1,1,0,10,0,0,1,0,2,0,0,1,1,0,1,0,1,3,1,0,0,1,1,0,2,4,0,2,4,1,1,0,1,1,1,15,2,1,0,0,8,1,3,0,0,0,0,1,0,1,1,0,2,2,0,1,3,0,1,1,2,0,0,1,0,0,0,0,1,1,1,2,2,4,1,2,0,0,1,0,2,2,0,0,2,0,0,0,3,0,1,0,1,2,1,0,1,0,0,0,1,0,2,0,1,0,0,0,2,1,0,1,0,2,0,1,0,1,0,0,1,3,1,1,1,0,1,0,0,0,1,1,1,0,0,1,0,1,0,0,1,0,0,1,0,0,0,0,0,2,3,0,5,0,1,0,0,0,3,1,0,0,1,2,0,0,0,1,0,2,1,0,1,0,1,0,0,2,0,0,3,1,1,7,2,1,0,0,0,3,0,1,1,0,0,0,0
martov_mirovoy_bolshevizm_NQ.txt_chunk10,martov,6,0,1,0,3,2,1,0,5,33,1,1,0,0,0,0,8,0,1,0,0,0,0,0,1,0,5,3,1,0,1,1,12,1,0,2,2,2,1,0,1,0,1,40,0,5,5,0,3,11,8,1,1,2,0,1,1,5,2,0,0,2,0,2,0,0,0,0,7,0,0,0,6,2,0,12,1,0,1,0,1,0,2,0,0,3,0,3,0,0,0,0,0,0,3,2,2,1,4,0,0,2,4,3,2,1,6,3,1,0,1,0,0,0,2,0,0,2,0,0,1,7,0,0,0,4,0,2,3,1,12,3,2,1,0,2,0,0,7,3,0,1,1,5,2,3,0,0,0,0,0,0,1,0,1,0,0,1,0,0,0,2,6,0,1,0,2,0,0,0,0,0,2,1,1,0,2,2,2,0,0,0,0,0,0,0,4,2,1,2,0,1,1,0,0,0,0,0,0,0,2,1,0,0,0,2,0,0,0,1,1,2,2,0,1,0,0,0,0,0,0,2,0,0,0,0,1,1,2,0,0,1,0,2,0,1,2,0,0,0,0,1,0,0,0,2,1,0,0,0,0,1,1,4,0,1,0,0,0,0,0,1,5,0,1,0,0,0,0,1,1,0,5,2,0,1,1,0,0,0,1,0,0,1,0,0,0,0,0,0,0,0,4,0,5,0,0,0,1,0
martov_mirovoy_bolshevizm_NQ.txt_chunk11,martov,1,0,0,0,3,1,0,1,1,49,3,1,0,0,2,3,0,1,0,0,0,3,0,0,0,0,8,0,1,0,0,1,6,2,0,3,0,0,3,0,0,0,0,32,2,2,1,1,1,9,7,0,4,0,0,1,1,3,0,0,0,3,0,1,0,0,1,0,2,2,0,2,22,1,0,10,0,0,0,0,2,0,0,0,0,2,0,8,2,0,0,0,0,0,3,2,0,2,5,0,0,0,4,0,1,0,11,0,0,0,0,2,0,0,1,0,1,0,0,0,1,1,0,0,0,0,0,5,3,0,2,2,1,0,0,0,1,1,6,2,2,2,1,1,3,2,2,0,0,0,0,0,2,0,0,1,0,2,1,0,0,0,0,0,1,0,1,1,0,0,0,0,1,4,1,0,2,3,1,2,0,0,2,3,0,0,4,2,0,0,0,0,0,1,0,2,1,0,5,1,2,0,0,0,0,0,0,0,0,1,0,0,4,0,0,1,0,0,0,2,0,0,0,1,0,0,1,0,0,0,1,0,0,1,0,0,1,0,1,0,1,0,1,0,1,0,0,0,0,1,0,0,3,0,1,1,0,0,0,0,2,1,0,1,1,0,4,1,1,0,0,1,5,1,0,0,2,2,2,0,1,0,1,0,2,0,3,3,2,0,0,0,2,0,0,0,3,0,2,0
martov_mirovoy_bolshevizm_NQ.txt_chunk12,martov,4,0,0,0,2,3,0,0,2,41,2,0,0,0,0,2,1,0,0,0,0,4,0,0,1,0,5,0,1,0,1,0,7,5,1,3,1,2,5,0,0,0,0,41,2,3,2,1,1,8,7,0,2,1,0,1,1,0,2,0,0,2,0,2,0,0,0,0,3,1,0,1,15,1,0,18,0,1,0,1,0,0,0,1,1,3,0,12,0,1,0,1,0,0,3,0,1,2,4,0,0,1,3,0,3,1,6,0,1,0,0,2,0,0,0,2,0,1,1,0,2,5,0,1,0,3,0,6,3,0,3,2,0,0,0,1,0,0,16,1,2,1,0,3,0,0,0,0,0,2,1,0,3,0,0,7,1,0,1,0,0,0,3,0,0,0,4,2,0,0,0,0,0,0,0,2,1,0,2,3,3,0,0,2,0,0,1,0,0,0,0,0,0,1,0,0,0,1,1,0,0,0,0,0,0,1,0,3,1,0,2,0,3,0,0,5,0,0,0,2,0,0,0,0,0,0,0,0,1,0,0,1,0,1,0,0,0,1,0,0,0,0,2,0,0,0,0,0,0,3,0,2,0,1,0,0,0,1,0,0,0,0,2,0,2,1,0,1,0,0,1,0,14,0,1,0,4,1,2,0,3,0,0,1,3,1,2,1,0,0,0,0,1,0,6,0,5,1,6,0
martov_mirovoy_bolshevizm_NQ.txt_chunk13,martov,2,0,0,0,2,2,1,1,1,29,1,1,0,0,0,0,2,1,2,0,0,0,0,0,0,0,7,0,1,0,0,0,8,2,3,1,1,0,4,0,0,1,0,41,0,4,2,3,5,11,10,0,3,0,0,2,0,0,0,0,1,2,0,3,0,0,0,0,0,1,0,1,12,2,0,11,3,0,0,0,1,0,1,0,0,7,0,3,1,1,0,0,0,0,3,0,1,1,5,0,0,0,5,1,0,0,8,1,1,2,2,2,1,0,1,0,2,1,0,0,0,3,0,1,0,0,0,2,1,1,4,0,2,0,0,0,0,1,2,1,0,1,1,2,2,3,0,0,2,0,0,0,2,0,0,4,1,0,1,0,0,1,0,0,0,0,0,0,2,0,0,0,0,2,0,1,0,2,1,0,0,3,4,1,0,0,0,1,0,0,0,1,0,0,0,1,1,4,0,0,0,0,0,0,0,0,0,1,0,0,0,2,2,0,0,0,0,0,2,0,1,0,1,7,0,0,0,0,0,0,0,0,0,0,0,0,0,0,1,0,0,2,0,3,0,0,0,1,0,2,0,0,0,1,0,0,0,0,0,0,0,1,3,0,0,0,7,0,0,0,0,1,2,0,0,0,1,1,0,0,2,0,0,1,0,1,5,4,1,0,0,0,1,0,0,0,1,0,0,0
martov_mirovoy_bolshevizm_NQ.txt_chunk14,martov,1,0,0,0,0,3,2,1,4,43,4,0,0,0,1,3,0,0,2,0,1,3,0,0,1,0,3,0,3,1,0,0,3,4,0,0,5,0,8,0,0,1,0,26,0,3,1,0,2,8,16,1,3,2,1,2,4,1,0,0,0,2,0,4,0,0,0,0,3,0,0,0,5,3,0,1,0,0,0,0,0,0,0,1,0,1,0,9,1,0,1,0,1,1,2,0,4,7,5,0,1,0,2,0,1,0,11,0,0,0,0,3,0,0,1,0,2,0,0,0,0,2,0,0,0,2,0,10,3,2,0,3,1,0,0,2,2,0,14,0,1,0,1,4,0,0,0,0,0,0,0,0,0,0,0,0,0,2,0,0,0,1,4,0,2,0,2,0,3,1,0,0,0,0,2,1,4,2,2,1,0,0,1,0,0,0,0,1,0,0,0,0,0,0,0,0,5,0,0,1,2,0,0,0,1,0,0,0,0,2,0,3,2,0,0,0,0,0,2,0,1,0,1,0,0,0,0,0,0,0,0,0,0,0,0,2,0,1,1,0,0,0,0,0,0,0,1,0,0,3,0,1,0,0,0,2,0,0,0,0,1,0,1,1,0,0,2,1,1,0,0,0,6,0,0,0,0,1,0,0,6,0,0,1,1,0,1,1,0,0,0,0,0,0,0,0,0,1,1,0
martov_mirovoy_bolshevizm_NQ.txt_chunk15,martov,3,0,0,0,6,1,1,2,0,47,2,4,1,1,0,1,3,0,0,0,0,1,0,0,0,4,5,0,0,0,1,0,5,6,0,3,0,2,2,2,0,2,1,35,0,3,2,2,1,5,7,0,2,1,1,2,1,2,1,0,0,1,0,3,0,0,0,0,0,1,1,0,12,1,0,12,0,0,0,0,0,1,1,2,0,3,0,9,1,1,1,0,0,0,5,1,6,0,5,0,0,1,3,3,2,0,7,0,2,3,0,1,0,1,1,2,2,1,0,1,0,0,0,1,1,2,0,3,2,2,2,5,0,0,1,1,0,0,7,1,0,4,1,2,2,0,1,0,1,0,1,0,2,0,0,4,1,1,4,0,0,0,0,0,0,0,1,0,0,0,0,0,1,0,1,3,1,0,1,1,0,0,0,0,0,0,1,1,0,0,1,1,0,0,0,0,1,0,1,1,2,0,1,0,0,0,0,0,0,0,0,0,4,0,1,0,1,0,0,1,0,3,1,0,0,0,0,0,0,0,0,1,0,2,0,2,2,0,1,0,0,0,2,0,1,0,0,0,0,2,0,0,1,1,0,1,0,0,0,0,2,0,0,0,1,0,1,0,2,0,1,0,4,0,1,2,1,2,0,0,3,0,0,0,1,0,7,2,0,1,0,0,0,0,2,1,3,0,8,0
martov_mirovoy_bolshevizm_NQ.txt_chunk16,martov,3.9215686274509802,0,0,0,1.9607843137254901,0,1.9607843137254901,3.9215686274509802,0,45.09803921568627,0,0,0,0,0,3.9215686274509802,0,1.9607843137254901,0,1.9607843137254901,0,0,0,0,0,0,7.8431372549019605,0,0,0,0,0,3.9215686274509802,1.9607843137254901,0,0,0,0,9.803921568627452,0,1.9607843137254901,5.88235294117647,0,37.254901960784316,0,0,0,0,5.88235294117647,9.803921568627452,1.9607843137254901,3.9215686274509802,5.88235294117647,0,1.9607843137254901,0,0,3.9215686274509802,0,0,0,1.9607843137254901,0,0,0,0,0,0,0,0,0,0,13.72549019607843,0,0,5.88235294117647,0,0,0,0,0,0,0,1.9607843137254901,0,0,1.9607843137254901,5.88235294117647,0,0,0,0,1.9607843137254901,0,0,0,0,1.9607843137254901,5.88235294117647,0,0,0,1.9607843137254901,1.9607843137254901,1.9607843137254901,0,3.9215686274509802,1.9607843137254901,0,3.9215686274509802,0,0,0,0,0,0,0,0,0,0,7.8431372549019605,0,0,0,0,3.9215686274509802,0,1.9607843137254901,3.9215686274509802,3.9215686274509802,0,0,0,0,0,0,0,0,0,5.88235294117647,0,1.9607843137254901,0,1.9607843137254901,0,0,0,0,3.9215686274509802,0,0,0,0,1.9607843137254901,0,1.9607843137254901,0,0,0,0,0,0,1.9607843137254901,0,0,0,0,0,1.9607843137254901,0,0,0,0,0,1.9607843137254901,3.9215686274509802,0,1.9607843137254901,3.9215686274509802,0,0,1.9607843137254901,0,0,0,0,1.9607843137254901,0,0,0,0,1.9607843137254901,0,1.9607843137254901,0,0,0,0,1.9607843137254901,0,0,0,0,0,0,0,0,3.9215686274509802,0,3.9215686274509802,0,1.9607843137254901,3.9215686274509802,1.9607843137254901,0,0,0,0,3.9215686274509802,1.9607843137254901,0,1.9607843137254901,1.9607843137254901,0,1.9607843137254901,0,1.9607843137254901,0,1.9607843137254901,0,0,0,1.9607843137254901,0,0,0,0,0,1.9607843137254901,0,0,0,0,0,0,0,0,0,0,0,0,0,0,1.9607843137254901,0,0,0,1.9607843137254901,0,0,0,0,0,0,0,0,1.9607843137254901,0,0,0,0,0,5.88235294117647,0,0,3.9215686274509802,0,3.9215686274509802,0,0,0,1.9607843137254901,0,1.9607843137254901,0,0,7.8431372549019605,1.9607843137254901,0,0,0,0,1.9607843137254901,0,0,1.9607843137254901,0,0,0,0
martov_mirovoy_bolshevizm_NQ.txt_chunk2,martov,0,0,0,0,3,0,5,1,1,47,0,0,0,0,0,2,1,0,2,0,1,0,0,0,0,0,4,1,0,0,1,1,2,0,0,1,1,4,2,1,0,2,0,45,0,5,3,0,7,8,6,0,1,0,1,0,0,8,0,0,2,1,0,3,0,2,0,0,0,1,0,0,16,1,0,11,1,0,1,0,0,0,0,0,1,5,0,3,0,1,0,1,1,1,0,0,5,1,3,1,0,2,0,3,3,0,8,1,0,0,0,0,1,0,3,2,1,1,0,2,0,0,0,1,0,2,0,4,3,1,4,1,0,0,0,0,0,2,8,0,2,2,1,2,0,1,1,0,0,1,0,1,5,0,0,0,1,0,3,0,0,0,2,1,1,0,0,0,0,1,0,1,3,4,3,2,1,1,0,2,0,3,9,1,0,0,1,0,0,1,3,0,0,0,0,0,2,2,3,2,0,0,0,2,1,0,0,0,0,1,0,3,0,1,1,0,1,0,2,0,1,0,3,1,0,0,1,0,0,0,0,0,1,1,1,2,2,0,0,1,0,0,1,1,1,0,0,0,0,1,0,0,0,2,0,2,0,1,0,0,0,1,0,0,0,0,4,0,0,0,0,0,9,1,1,1,0,0,0,0,1,0,0,5,1,1,1,0,0,1,0,0,5,0,0,4,0,0,0,0
martov_mirovoy_bolshevizm_NQ.txt_chunk3,martov,1,0,2,0,3,1,1,4,1,37,0,0,0,0,0,0,4,0,0,0,0,0,0,0,0,0,4,0,0,1,0,0,14,1,0,0,1,4,1,2,0,3,0,33,0,7,2,0,1,4,8,2,4,0,0,0,0,2,1,0,2,2,0,0,1,0,1,0,0,1,0,0,9,3,0,14,1,0,0,0,2,4,0,0,0,3,0,0,0,1,0,0,0,2,3,0,1,3,4,0,0,0,2,2,1,2,7,0,1,1,4,1,0,0,1,0,3,1,0,1,0,2,0,0,0,1,1,4,4,2,0,1,1,1,0,0,3,0,14,1,0,3,0,8,2,1,0,0,0,0,1,0,1,0,0,1,2,0,2,1,0,0,1,2,0,0,0,0,0,1,0,0,1,0,0,0,1,2,2,0,1,3,9,1,1,0,4,1,0,1,0,0,0,1,0,0,1,2,2,1,10,1,3,3,1,1,0,1,1,1,0,0,1,0,0,0,0,0,0,0,0,0,0,0,0,0,0,2,1,0,0,0,0,0,0,1,3,0,0,0,0,0,1,0,0,0,0,0,0,2,0,1,1,2,0,1,0,0,2,0,0,1,0,0,0,0,1,1,0,0,1,3,6,0,0,1,0,0,0,0,0,1,0,3,0,1,0,5,0,0,0,0,2,0,1,1,0,0,1,0
martov_mirovoy_bolshevizm_NQ.txt_chunk4,martov,4,0,2,0,2,0,2,1,3,35,5,0,0,2,0,4,4,0,1,0,2,0,0,0,0,0,2,1,0,0,1,0,5,1,0,1,3,3,3,0,0,4,0,31,0,2,1,0,3,11,6,0,4,2,0,2,0,4,2,0,0,1,1,0,0,0,1,0,3,1,0,0,11,3,1,20,0,0,0,1,2,2,0,0,0,2,0,2,0,1,0,0,0,0,1,1,5,0,6,1,0,1,3,0,7,0,10,0,0,0,2,0,0,0,0,3,1,0,0,2,2,3,0,0,0,1,0,3,1,0,3,2,0,2,1,0,3,1,13,2,0,2,0,6,2,3,1,0,1,0,0,0,1,0,0,3,1,2,2,2,0,0,5,0,0,0,2,0,1,1,0,1,3,1,1,3,1,1,1,2,0,1,2,2,0,0,1,0,0,0,1,1,0,1,0,0,0,4,1,0,3,0,4,1,0,0,0,0,1,1,1,0,1,0,0,0,2,0,0,0,0,0,0,1,1,0,0,3,0,1,0,2,1,1,2,1,0,1,0,1,0,1,0,0,0,0,0,1,0,0,0,0,0,4,0,6,0,0,1,1,1,1,0,0,0,1,1,1,0,0,0,1,6,0,0,0,1,0,0,0,0,0,0,5,0,0,4,1,0,0,0,0,2,0,0,4,0,3,0,0
martov_mirovoy_bolshevizm_NQ.txt_chunk5,martov,5,0,0,0,2,0,0,0,1,21,0,1,0,0,0,0,1,0,1,0,1,0,0,0,0,1,12,0,0,1,2,0,6,3,0,7,1,6,2,1,1,2,0,45,0,3,3,1,5,7,4,1,1,0,0,1,0,2,0,2,0,1,0,1,0,0,0,1,2,1,0,0,10,1,0,12,0,2,0,2,1,0,0,1,0,5,0,4,0,0,0,0,0,0,0,2,5,1,5,2,0,3,3,1,0,1,9,1,0,1,0,1,1,0,0,1,0,2,0,1,2,1,0,1,0,0,3,5,2,1,4,0,1,0,0,0,0,3,10,4,1,1,1,1,2,2,2,0,0,0,0,0,2,0,1,2,1,1,2,2,1,1,2,2,1,0,1,0,1,1,0,0,1,2,4,0,2,0,1,0,0,0,1,3,0,0,0,3,0,0,0,0,0,1,0,0,0,0,0,0,5,1,0,2,2,1,0,1,0,0,0,1,1,0,1,0,1,0,1,0,0,2,1,1,1,0,2,0,2,1,1,0,3,0,1,0,1,0,0,2,0,0,0,0,0,0,0,1,0,0,0,0,0,0,0,1,0,0,0,1,1,0,0,0,0,0,2,2,0,0,0,0,3,0,0,0,1,0,0,0,2,1,0,2,0,0,1,1,0,0,1,0,0,1,0,2,0,1,0,0
martov_mirovoy_bolshevizm_NQ.txt_chunk6,martov,4,0,0,1,1,2,3,0,0,41,3,1,0,0,0,3,4,0,2,1,1,0,0,0,0,0,1,0,0,0,0,0,2,1,0,0,1,2,4,0,0,1,0,43,0,2,0,1,4,4,9,2,4,2,0,2,1,0,3,1,0,0,0,6,0,0,0,0,1,0,0,0,8,0,1,13,0,0,0,0,5,0,0,1,0,4,0,4,0,0,0,0,0,0,2,1,3,0,5,0,0,1,6,0,2,1,5,1,0,0,0,1,0,0,0,2,2,0,0,2,0,1,0,0,1,1,1,4,2,1,2,1,0,0,0,1,2,2,7,0,3,2,1,5,0,1,1,0,1,0,0,0,1,0,0,2,0,0,0,0,1,1,0,0,0,0,0,0,1,0,0,0,0,1,0,1,1,0,2,0,0,0,0,1,0,0,0,0,0,0,0,0,0,1,0,0,0,0,0,0,2,0,0,3,1,0,0,1,0,0,0,1,2,0,0,1,0,1,0,1,1,1,1,1,0,1,0,0,0,0,0,2,0,0,0,0,1,0,1,0,1,1,0,0,0,0,0,0,0,2,0,0,0,1,1,2,0,0,1,0,0,2,1,0,0,0,2,0,1,0,0,0,2,0,0,1,0,5,0,0,2,0,0,2,2,0,8,2,2,0,1,0,7,0,0,1,2,0,0,0
martov_mirovoy_bolshevizm_NQ.txt_chunk7,martov,3,0,1,0,0,0,0,2,3,44,2,0,0,0,0,1,3,0,1,0,0,0,0,0,1,0,5,2,0,1,0,2,2,0,0,0,2,2,4,1,0,0,1,25,0,7,4,1,7,12,9,1,2,2,1,0,1,2,0,0,0,1,0,0,0,0,0,1,1,0,0,0,8,2,1,12,0,0,0,0,4,0,1,0,0,5,0,2,0,2,0,0,0,0,0,2,0,0,7,1,0,0,6,1,2,0,10,1,1,1,1,0,0,0,0,2,1,0,0,0,5,2,0,2,0,1,1,2,2,1,0,2,1,1,0,1,1,6,10,1,2,1,0,7,2,4,3,1,0,0,0,0,1,1,0,3,0,0,0,2,0,1,1,1,0,0,0,0,1,0,0,0,1,0,2,1,1,4,1,0,0,1,1,0,1,0,3,1,0,0,0,0,0,3,1,0,1,3,1,0,2,0,0,0,0,1,0,1,0,0,0,1,9,1,1,0,0,0,2,0,0,0,0,0,2,0,1,0,0,0,0,2,0,0,0,0,0,0,1,0,0,0,0,0,0,0,0,2,0,3,0,0,0,0,0,4,0,0,0,0,1,0,2,0,0,0,2,1,1,0,0,0,7,0,1,2,2,8,0,0,1,0,0,0,1,0,10,2,0,0,0,0,1,0,2,0,2,0,0,0
martov_mirovoy_bolshevizm_NQ.txt_chunk8,martov,0,0,0,0,4,0,0,0,3,40,1,0,1,1,1,0,4,2,2,1,1,0,0,0,0,0,3,0,0,0,0,2,5,4,1,0,2,1,4,1,0,5,0,39,0,4,3,0,5,6,7,0,2,0,2,2,1,2,1,0,1,2,0,1,0,0,0,0,2,0,1,0,7,1,0,21,0,1,1,0,1,0,0,0,0,10,1,1,2,1,0,1,0,0,2,2,1,1,5,0,0,1,6,1,5,0,5,0,0,0,1,0,0,0,0,2,5,1,0,2,0,2,0,2,0,0,0,4,1,0,8,1,0,2,0,1,2,1,5,1,2,1,0,3,0,1,1,0,1,0,0,3,3,0,0,1,2,2,0,3,0,1,0,1,0,0,1,2,1,0,0,0,1,0,0,2,1,2,7,2,2,1,0,5,0,0,3,0,0,1,1,1,0,0,4,1,0,0,3,0,4,0,0,0,0,0,0,3,0,1,0,0,4,1,2,0,1,0,2,2,1,0,0,0,0,0,0,0,0,1,0,1,0,0,1,0,1,1,0,1,0,1,0,0,0,2,3,0,1,1,0,0,0,1,1,2,1,1,0,0,0,1,1,2,0,1,0,0,1,0,0,0,6,0,0,0,1,2,0,0,1,0,0,0,0,1,2,1,0,0,0,0,4,0,3,0,0,0,0,0
martov_ne_nachalo_li_povorota_I.txt_chunk1,martov,3,0,0,0,6,1,1,4,2,40,2,2,2,0,0,1,1,0,2,0,0,0,0,0,0,0,3,0,0,1,2,0,6,2,0,6,3,1,2,1,0,2,1,26,0,1,1,2,4,4,7,0,1,0,1,2,2,1,0,0,0,1,0,0,0,0,1,1,1,0,0,0,16,1,0,12,1,0,1,0,3,0,1,1,0,5,0,6,3,1,0,0,0,0,5,1,4,1,8,0,1,2,6,1,0,0,12,0,0,1,1,2,1,1,4,3,2,2,1,1,0,1,0,0,0,1,0,7,3,0,5,1,1,2,0,1,2,0,7,1,3,2,3,9,1,1,3,1,2,0,0,0,5,1,1,0,0,1,4,0,2,1,0,0,0,0,0,0,3,0,0,0,1,1,1,1,0,4,1,0,0,1,1,1,1,0,0,0,1,2,0,1,0,2,1,1,0,2,2,0,0,1,0,2,0,1,5,0,0,1,1,1,0,0,1,0,0,0,0,0,2,0,0,1,3,1,0,0,3,0,4,0,1,1,0,0,0,0,1,0,0,0,0,0,0,0,1,0,0,1,0,0,0,1,0,1,1,0,0,0,0,1,1,0,0,0,2,0,1,2,0,0,1,0,0,0,0,0,1,0,2,0,2,1,0,1,3,0,0,0,6,0,1,0,0,0,0,0,0,0
martov_ne_nachalo_li_povorota_I.txt_chunk2,martov,2,0,1,1,3,1,0,1,2,36,0,1,1,3,0,1,1,0,0,0,0,0,0,0,0,1,7,2,0,0,0,0,5,2,0,2,1,2,2,0,0,5,1,16,1,1,3,1,2,14,3,0,3,2,2,0,1,1,0,0,0,3,1,5,0,0,0,1,3,2,0,0,9,0,1,14,0,1,1,1,1,2,0,0,1,8,0,3,0,0,0,0,0,0,2,0,6,3,6,0,2,0,5,0,7,0,17,0,0,0,3,4,0,0,0,2,1,3,0,2,0,2,0,0,0,4,0,4,2,0,3,1,1,0,0,1,1,1,8,3,0,2,0,6,2,4,3,0,1,0,1,0,1,0,1,1,0,2,3,0,0,0,0,0,0,2,2,0,2,0,0,0,0,0,2,2,2,1,0,0,0,0,4,1,1,0,2,0,0,2,2,0,0,6,2,1,2,1,0,0,1,1,0,0,1,1,1,0,1,2,1,4,0,0,2,1,0,0,0,2,0,0,0,1,1,0,0,0,0,0,3,1,3,2,0,0,1,1,0,0,1,0,1,0,0,0,1,0,0,0,1,2,2,0,0,7,0,0,0,0,1,0,0,0,1,0,0,1,0,1,0,1,3,1,0,0,0,0,1,1,1,0,0,1,1,0,0,0,0,1,0,0,1,0,0,0,0,0,0,1
martov_o_terrore_I.txt_chunk1,martov,1,0,0,0,3,4,2,3,1,42,2,8,2,1,0,2,3,0,0,1,1,0,0,0,0,2,9,2,2,1,1,1,7,0,0,0,0,1,5,0,0,3,0,24,1,2,3,0,0,13,9,0,0,0,2,4,2,4,0,2,2,0,0,0,0,0,0,0,2,0,3,2,13,1,0,14,1,0,0,0,0,0,0,0,0,6,0,10,1,0,0,0,0,0,0,0,3,3,1,1,3,1,6,0,0,0,14,0,0,2,0,1,1,0,0,0,1,0,0,2,2,0,1,1,0,3,0,2,3,2,4,4,1,3,0,0,2,0,9,0,2,0,0,2,3,2,0,0,0,0,0,0,1,0,0,1,0,0,0,0,1,1,1,1,0,1,2,0,0,0,0,0,5,0,2,0,1,3,1,1,0,8,3,2,1,0,2,2,1,0,0,4,1,1,1,0,0,0,3,1,5,0,0,12,2,1,0,0,3,6,3,7,1,0,0,0,0,0,1,1,0,0,2,4,4,5,3,4,0,0,0,2,2,1,0,1,3,1,0,0,0,0,2,1,1,0,0,2,5,1,0,0,0,1,0,1,1,0,0,2,1,0,0,0,0,0,0,0,0,0,1,0,3,0,0,0,0,0,0,2,6,0,2,1,1,1,2,3,0,1,0,0,1,2,4,0,0,0,0,0
martov_o_terrore_I.txt_chunk2,martov,5,0,2,0,5,0,0,1,5,34,2,3,1,2,1,0,6,1,3,2,0,0,0,0,1,3,10,0,7,1,0,0,2,0,1,2,1,1,3,1,0,2,1,34,0,5,2,2,2,6,5,0,2,0,3,0,1,3,2,0,0,1,0,0,0,0,0,0,3,0,2,0,11,2,0,11,1,0,0,1,0,0,0,1,0,7,0,1,1,1,1,1,0,1,0,4,1,2,4,1,1,1,2,4,1,0,9,0,1,0,1,0,0,0,0,2,0,1,0,1,1,1,0,1,0,0,0,2,4,1,6,0,0,0,0,1,0,0,10,6,0,0,0,4,1,2,2,1,2,0,0,0,1,1,0,2,0,3,3,1,1,0,0,2,1,0,1,2,1,1,0,2,0,1,0,0,0,1,1,3,0,2,10,2,1,0,2,1,0,0,1,5,0,3,2,0,0,2,3,0,0,0,3,8,4,1,0,0,3,2,1,5,1,0,0,0,0,0,1,2,0,1,1,5,3,0,4,3,0,0,0,3,2,1,0,1,2,1,0,0,1,0,0,0,0,0,0,1,0,1,0,0,2,5,0,4,1,0,0,0,0,0,0,1,0,0,0,1,1,0,0,0,2,0,0,0,0,0,0,0,2,0,1,0,1,3,0,2,0,0,0,0,2,3,2,0,0,0,0,4
martov_polit_partii_v_Rosii.txt_chunk1,martov,7,1,0,0,4,2,3,5,0,43,1,0,0,1,0,7,4,2,1,0,0,1,0,0,0,1,2,1,0,0,2,1,3,0,0,1,1,2,5,4,1,12,1,41,0,6,2,3,8,4,5,0,2,1,0,0,0,5,1,0,0,0,3,0,0,0,0,1,1,1,0,0,12,1,1,13,0,0,0,0,0,0,1,0,0,5,1,2,1,1,0,0,0,0,2,3,6,1,3,0,1,1,4,2,0,0,9,1,0,0,1,1,3,0,0,3,1,1,1,0,0,6,0,1,0,0,0,6,6,0,2,1,1,0,0,0,1,0,12,7,1,2,0,3,3,1,0,0,0,0,0,1,0,0,1,0,0,0,0,0,3,0,0,0,3,0,1,1,0,0,1,1,3,3,2,1,1,3,1,5,4,0,1,0,0,0,0,0,0,2,1,0,0,23,12,2,3,2,0,0,0,1,0,3,0,0,0,3,0,0,2,0,0,0,2,0,0,1,0,2,1,0,0,0,9,2,0,1,1,0,0,0,0,1,0,0,0,0,1,0,0,0,0,0,1,0,2,1,2,0,0,0,0,0,0,1,0,3,0,0,0,0,0,0,0,1,0,1,0,3,0,1,0,0,1,0,0,0,2,2,2,0,0,1,0,0,0,0,0,0,0,0,0,1,0,0,0,0,0,5
martov_polit_partii_v_Rosii.txt_chunk3,martov,2,2,0,0,0,0,1,4,2,24,0,0,0,3,0,0,2,3,0,1,0,2,0,0,1,1,11,2,4,0,3,1,2,0,0,2,0,1,8,0,0,9,0,51,0,3,2,5,0,2,8,1,7,1,1,0,0,2,0,3,0,1,1,0,0,0,3,0,2,1,0,0,15,2,0,15,0,1,0,1,2,0,0,1,0,13,0,6,2,0,0,0,0,1,0,6,8,1,3,0,1,0,4,0,1,0,8,0,0,0,0,0,1,0,1,1,0,0,0,0,0,6,0,0,0,2,0,5,3,0,4,4,0,2,1,3,1,0,17,6,1,3,0,1,0,0,0,0,0,0,2,1,1,0,1,0,0,0,1,0,0,0,4,1,0,0,3,2,0,0,0,0,0,1,1,3,0,0,1,3,0,0,0,0,0,0,0,0,0,2,1,0,0,10,10,0,3,4,2,0,0,0,0,0,0,0,0,1,0,0,0,0,0,0,0,0,0,3,0,4,0,1,2,0,3,1,0,0,0,0,0,1,0,0,0,0,0,0,0,0,0,0,0,0,1,1,0,0,0,0,0,3,1,0,0,4,1,0,0,0,2,1,0,0,0,0,0,1,0,1,0,1,0,0,0,0,2,7,2,5,0,6,5,0,0,0,0,0,0,0,2,0,0,0,1,0,0,2,0,1
martov_polit_partii_v_Rosii.txt_chunk5,martov,12,0,1,1,2,2,3,1,0,24,1,0,0,0,1,3,6,0,0,2,0,0,0,0,1,2,2,0,0,1,1,0,3,1,1,1,3,3,5,0,0,7,0,37,0,0,0,2,1,10,4,3,6,0,0,0,0,2,0,0,0,0,0,1,0,0,0,0,0,2,0,2,12,3,1,18,2,0,0,0,2,0,0,1,0,8,0,7,0,0,0,0,0,0,1,3,14,0,5,0,0,3,2,0,1,0,6,1,0,2,0,4,2,2,1,2,1,1,0,0,0,0,0,0,0,1,0,10,3,0,6,3,0,0,1,2,0,0,28,5,2,2,2,6,2,1,0,1,0,0,3,0,1,0,0,1,0,0,0,0,0,0,0,2,1,0,1,0,0,0,0,0,1,1,3,0,0,1,0,1,0,2,2,0,0,0,0,0,0,2,1,0,0,1,2,0,0,6,0,2,0,0,0,0,0,1,0,0,1,2,1,3,3,1,0,0,0,3,0,9,0,1,3,2,1,0,1,0,0,0,0,0,3,0,0,0,0,1,2,1,0,0,0,0,1,0,1,0,1,2,0,1,3,1,0,0,0,0,0,0,1,0,0,0,0,0,0,0,0,4,0,0,1,0,1,0,0,0,1,11,0,2,1,0,0,0,3,0,1,1,0,0,0,0,0,0,0,0,0,1
martov_polit_partii_v_Rosii.txt_chunk8,martov,7,2,1,0,3,0,1,0,0,29,0,1,0,4,0,1,5,1,4,2,2,0,0,0,1,1,5,1,0,0,0,2,3,0,1,0,1,0,1,2,4,23,0,43,1,3,5,5,4,7,7,4,1,0,4,0,1,1,0,0,0,0,0,3,0,0,1,0,1,0,0,0,16,1,0,14,0,0,0,0,0,0,1,3,0,6,1,4,1,1,0,1,0,0,0,1,5,0,13,0,0,1,1,1,1,1,10,1,0,2,0,0,2,0,0,4,2,1,0,1,0,1,0,2,2,1,0,10,4,1,5,2,1,1,1,0,0,0,12,11,2,0,1,0,1,5,0,0,0,0,1,0,1,0,0,0,0,0,0,0,2,0,1,1,2,1,0,0,0,0,0,0,2,1,0,0,0,1,2,0,0,2,0,0,1,0,2,2,0,1,0,0,0,6,4,1,0,2,1,1,0,1,0,2,0,0,0,0,8,2,1,2,0,0,0,0,0,4,1,2,1,0,1,0,0,0,0,1,0,0,0,2,2,1,0,1,0,0,2,0,0,0,0,0,2,0,0,0,2,1,0,5,0,0,0,3,0,0,0,1,0,0,0,0,0,0,1,0,1,1,0,0,2,1,1,0,0,1,0,0,1,1,1,1,1,0,0,0,0,0,0,0,0,0,0,1,0,0,0,0
martov_pravitelstvo_na_skamye_podsudimyh_I.txt_chunk1,martov,5,0,0,0,2,0,2,3,0,41,5,0,0,0,0,3,10,0,2,2,0,0,0,0,1,1,3,1,1,0,0,0,3,1,0,0,1,0,3,0,0,2,1,31,0,7,1,2,6,4,2,0,5,0,1,0,1,0,2,1,0,0,0,0,0,0,2,0,1,1,0,0,18,5,1,17,0,1,0,0,1,0,0,2,0,4,0,8,0,1,1,0,1,1,2,0,2,0,1,0,0,4,2,3,1,0,7,0,0,2,0,1,0,1,1,0,0,0,1,0,0,1,0,0,0,3,0,4,3,3,2,3,0,0,0,1,2,0,11,4,2,0,1,5,2,3,0,1,1,0,1,0,0,0,0,2,0,1,0,5,1,0,0,0,2,1,0,0,0,1,0,2,1,1,1,2,0,2,2,1,0,0,0,0,0,1,0,2,0,1,1,1,0,0,0,0,1,1,0,0,0,0,0,1,0,1,0,1,0,0,0,0,0,0,2,0,0,0,0,0,1,0,1,0,1,1,0,0,1,0,0,0,0,0,0,0,1,0,0,0,1,0,1,0,0,0,1,0,2,0,0,0,0,3,0,0,0,1,0,1,0,1,0,0,1,0,0,2,1,5,1,0,0,0,0,0,0,0,0,5,1,0,0,1,0,0,1,0,0,0,0,0,0,0,0,0,0,0,0,1
martov_probuzhdenie_demokratii_I.txt_chunk1,martov,1,0,2,0,5,0,0,0,1,32,2,1,0,1,0,4,1,1,1,0,0,0,0,0,1,0,2,1,0,0,0,0,5,0,2,5,0,0,5,0,0,7,1,32,0,6,0,1,1,7,4,2,1,1,2,0,1,1,2,0,3,3,0,3,0,0,0,0,2,1,0,0,12,0,0,8,0,0,0,0,0,2,0,0,0,3,0,5,0,0,0,1,0,1,2,7,0,1,4,0,0,0,8,3,1,0,17,0,1,1,1,3,2,0,1,1,0,1,1,1,0,1,0,0,0,0,0,3,3,2,1,1,1,0,0,0,2,0,1,3,0,0,1,3,2,0,0,0,0,0,2,0,1,0,0,0,0,2,1,0,0,0,0,4,0,0,0,1,0,0,0,0,1,0,4,0,0,5,1,2,0,0,2,3,0,0,0,1,0,0,0,1,0,1,0,0,0,3,1,0,0,0,3,0,1,0,1,2,0,3,0,3,1,0,0,3,1,1,1,0,0,0,1,2,0,0,2,0,2,0,0,0,1,0,1,0,0,1,2,0,0,0,0,0,1,0,0,1,0,1,0,0,0,1,0,1,0,0,0,0,0,0,0,0,0,0,2,0,0,0,1,1,4,0,0,0,1,0,0,1,3,0,1,1,1,5,1,0,0,1,0,0,0,2,0,1,0,0,0,1
martov_probuzhdenie_demokratii_I.txt_chunk3,martov,4.514672686230248,0,0,0,7.900677200902935,0,0,0,1.128668171557562,32.7313769751693,5.643340857787811,1.128668171557562,1.128668171557562,0,0,2.257336343115124,3.386004514672686,3.386004514672686,1.128668171557562,0,0,0,0,0,6.772009029345372,4.514672686230248,5.643340857787811,0,1.128668171557562,1.128668171557562,3.386004514672686,1.128668171557562,2.257336343115124,2.257336343115124,0,3.386004514672686,0,0,0,9.029345372460496,0,5.643340857787811,1.128668171557562,27.08803611738149,1.128668171557562,3.386004514672686,3.386004514672686,1.128668171557562,5.643340857787811,6.772009029345372,5.643340857787811,1.128668171557562,0,0,0,0,1.128668171557562,0,0,1.128668171557562,0,1.128668171557562,2.257336343115124,2.257336343115124,0,0,0,0,2.257336343115124,0,1.128668171557562,0,12.415349887133182,0,0,15.80135440180587,0,0,4.514672686230248,1.128668171557562,0,0,0,0,0,6.772009029345372,3.386004514672686,4.514672686230248,1.128668171557562,0,0,0,0,1.128668171557562,0,0,2.257336343115124,3.386004514672686,6.772009029345372,0,1.128668171557562,1.128668171557562,5.643340857787811,0,3.386004514672686,0,9.029345372460496,2.257336343115124,0,0,1.128668171557562,3.386004514672686,0,0,2.257336343115124,0,2.257336343115124,0,0,0,1.128668171557562,0,0,0,0,2.257336343115124,0,3.386004514672686,3.386004514672686,1.128668171557562,11.286681715575622,1.128668171557562,1.128668171557562,0,0,2.257336343115124,0,0,6.772009029345372,5.643340857787811,0,1.128668171557562,0,2.257336343115124,4.514672686230248,3.386004514672686,0,0,0,0,0,0,2.257336343115124,0,0,0,1.128668171557562,1.128668171557562,3.386004514672686,0,0,1.128668171557562,1.128668171557562,0,0,0,0,0,1.128668171557562,1.128668171557562,0,0,0,0,0,0,1.128668171557562,7.900677200902935,4.514672686230248,0,0,0,1.128668171557562,3.386004514672686,0,0,3.386004514672686,0,0,0,0,0,4.514672686230248,7.900677200902935,1.128668171557562,1.128668171557562,0,2.257336343115124,3.386004514672686,1.128668171557562,0,0,1.128668171557562,7.900677200902935,0,0,1.128668171557562,1.128668171557562,0,2.257336343115124,2.257336343115124,1.128668171557562,0,1.128668171557562,1.128668171557562,0,0,0,0,0,0,0,2.257336343115124,0,2.257336343115124,0,0,0,0,0,0,1.128668171557562,1.128668171557562,0,0,0,0,0,0,1.128668171557562,1.128668171557562,0,0,0,0,0,2.257336343115124,1.128668171557562,3.386004514672686,0,0,0,0,2.257336343115124,0,11.286681715575622,4.514672686230248,1.128668171557562,1.128668171557562,0,1.128668171557562,0,1.128668171557562,3.386004514672686,1.128668171557562,1.128668171557562,0,2.257336343115124,0,0,0,0,15.80135440180587,0,0,0,0,0,0,0,11.286681715575622,0,0,0,0,1.128668171557562,0,0,0,0,0,0,0,4.514672686230248,2.257336343115124,0,0,0,0,1.128668171557562
martov_razgrom_I.txt_chunk1,martov,1,0,1,0,0,0,1,4,5,28,1,0,0,0,0,1,4,0,1,1,0,0,0,1,0,0,2,1,1,0,2,0,3,1,1,0,0,6,0,1,0,2,0,40,0,4,3,1,2,6,7,0,3,0,0,3,1,3,0,0,4,1,0,1,0,0,0,0,5,1,0,0,12,0,0,20,1,1,0,2,0,0,0,0,0,4,0,6,0,0,0,0,0,1,4,3,4,1,2,0,2,2,1,1,0,2,8,0,0,0,0,0,0,0,1,0,2,1,0,0,0,2,0,0,0,0,1,1,2,3,4,3,0,0,0,1,1,2,14,4,4,2,0,4,4,1,0,2,1,0,1,0,1,2,0,0,0,0,1,0,0,0,0,1,2,0,0,0,0,0,0,0,1,2,5,0,0,0,2,0,0,0,0,0,0,0,0,0,0,1,1,0,0,0,0,1,6,1,0,0,2,0,1,0,1,0,0,0,0,0,0,1,0,0,6,0,0,0,0,0,0,0,0,0,1,1,0,1,1,0,0,0,2,0,0,0,0,1,0,0,0,0,3,0,0,0,0,0,0,0,1,0,0,1,0,0,0,0,0,1,0,0,0,0,1,0,0,1,1,0,0,1,0,0,2,0,2,0,0,2,1,0,1,0,0,1,0,0,0,0,0,0,0,0,0,2,0,1,0,5
martov_voyna_i_ross_dem.txt_chunk1,martov,2,0,0,0,7,0,1,1,1,45,3,0,0,1,0,3,1,0,2,0,1,0,0,0,1,0,9,1,1,1,0,1,1,4,1,3,0,3,3,1,0,4,0,39,0,1,2,1,3,6,6,2,3,1,1,1,1,1,2,0,1,1,0,2,0,0,1,0,2,1,0,0,15,1,0,8,0,0,0,0,8,1,0,1,0,2,0,3,0,1,0,1,0,1,0,2,0,1,3,0,0,1,3,0,2,0,13,0,0,0,0,0,1,0,1,0,3,3,1,0,1,3,0,1,0,1,0,6,3,2,1,3,0,0,0,0,0,0,1,1,3,1,1,1,1,5,0,1,1,2,0,0,1,1,1,0,1,0,0,0,0,0,2,1,0,1,0,0,0,2,0,0,0,3,3,0,0,2,1,1,0,0,1,2,1,0,1,2,0,0,0,1,0,0,0,0,1,0,1,0,8,1,0,0,0,2,0,0,2,1,1,3,2,0,1,0,0,0,2,0,2,0,0,0,9,2,0,1,2,0,0,0,2,0,0,0,2,0,0,0,0,0,1,0,1,0,1,0,0,2,0,0,1,0,0,2,0,0,2,1,0,0,1,0,0,0,1,0,0,0,1,0,1,0,0,1,5,4,0,0,1,0,0,1,0,2,0,0,0,0,0,0,2,1,0,3,0,2,0,0
martov_voyna_i_ross_dem.txt_chunk2,martov,3,0,0,0,2,4,1,1,0,44,1,1,0,0,0,3,3,0,0,0,0,0,0,0,1,1,12,0,2,1,0,0,4,6,1,2,2,1,2,1,0,3,0,46,0,2,2,0,1,12,3,2,1,0,0,0,1,3,0,0,0,1,0,2,0,0,0,0,1,0,0,0,16,0,0,9,1,0,0,1,0,0,1,0,0,4,0,2,0,0,0,0,0,1,1,1,1,0,5,0,0,1,2,0,1,0,7,1,0,0,1,0,1,0,0,1,0,2,0,0,0,0,0,1,0,3,0,7,3,1,2,2,0,0,0,1,0,1,3,4,2,0,0,0,2,3,0,0,0,0,0,0,2,0,0,0,0,0,1,0,0,0,1,0,0,0,0,0,0,0,0,0,0,3,1,3,0,1,1,0,0,0,2,3,1,0,2,1,0,0,1,0,1,0,0,0,0,1,3,0,2,0,1,0,3,2,0,0,0,0,1,2,2,0,0,0,0,0,1,0,0,0,0,0,10,1,1,2,0,0,0,0,0,0,0,0,1,0,2,0,0,0,2,0,0,0,0,0,0,2,0,0,0,4,0,5,0,0,1,0,1,1,0,0,0,0,3,0,0,0,0,0,1,0,1,0,5,1,0,0,0,0,0,0,1,2,3,0,0,0,0,0,1,0,0,2,1,0,0,0
martov_voyna_i_ross_dem.txt_chunk3,martov,1,0,3,0,1,2,0,2,0,45,8,2,0,0,0,2,4,0,2,0,0,0,0,1,1,0,7,1,0,0,0,1,0,4,0,0,2,0,2,1,0,8,0,36,0,0,1,1,2,6,4,6,1,1,0,3,0,0,1,0,1,0,0,1,0,0,0,0,0,0,0,0,18,0,0,7,0,0,0,0,3,0,0,0,0,0,0,2,0,0,1,0,0,0,0,0,0,4,2,1,1,2,1,2,1,0,9,0,0,0,0,0,1,0,0,3,5,2,0,0,0,0,0,0,0,3,0,4,6,0,0,2,1,0,0,1,0,2,8,4,1,2,2,3,1,0,0,1,1,0,2,0,1,0,0,1,0,0,1,1,1,1,1,0,0,0,1,0,0,1,0,0,0,0,2,0,0,3,1,0,0,1,1,3,0,0,0,3,0,0,0,3,0,0,0,0,0,1,0,0,1,1,2,0,3,0,0,1,3,2,0,2,2,0,1,0,0,0,0,0,1,0,0,0,3,2,1,1,1,1,0,0,0,1,0,0,3,0,1,1,0,0,0,0,0,1,0,0,0,0,1,1,0,5,0,2,0,1,0,0,0,0,1,0,0,0,1,1,0,0,0,0,1,0,0,0,7,6,0,0,0,0,0,1,1,1,0,0,0,0,0,0,0,0,0,7,0,7,0,0
martov_voyna_i_ross_dem.txt_chunk7,martov,5,0,2,0,5,0,0,0,3,31,7,2,1,0,1,2,3,0,0,2,0,0,0,0,0,0,7,4,1,1,1,5,8,3,1,3,1,3,2,0,0,7,0,29,1,3,5,0,3,6,7,0,0,2,0,1,0,2,1,1,0,0,0,1,0,0,0,2,5,0,0,0,14,1,2,27,1,1,0,1,4,0,1,2,2,4,0,2,0,0,0,1,0,1,1,0,0,0,8,0,0,3,0,0,5,0,9,2,0,0,1,0,0,0,0,3,0,0,0,0,1,1,0,0,1,1,0,4,7,2,5,0,0,1,0,4,0,0,20,2,1,1,2,5,4,2,0,1,0,0,2,0,1,0,1,0,0,0,1,1,1,0,0,0,1,0,2,1,2,0,0,0,1,1,3,1,1,0,1,0,0,1,2,2,1,0,0,0,2,0,0,4,0,0,0,0,1,4,1,0,2,0,2,1,0,0,0,0,2,8,3,2,0,2,0,2,1,0,0,1,0,0,1,2,10,1,0,3,0,0,0,0,0,1,1,0,0,0,0,1,0,1,0,1,0,0,1,0,0,0,0,2,1,1,0,11,4,0,0,0,0,0,0,2,0,0,0,1,0,1,0,0,10,0,0,0,0,0,0,1,0,0,1,1,0,0,5,2,3,0,0,0,0,1,9,6,0,0,0,0
ortodox_eshe1_kritik_Marxa.txt_chunk1,ortodox,4,2,0,0,3,0,0,1,1,30,1,0,0,0,1,1,2,0,1,1,1,3,0,0,0,1,1,0,0,0,1,0,11,1,2,0,2,3,6,0,0,0,0,26,0,6,2,0,0,7,16,3,0,0,1,1,0,0,0,0,0,0,0,0,0,0,0,1,0,1,1,3,4,2,0,15,0,0,1,2,1,1,1,0,1,1,0,1,0,1,1,0,2,1,8,0,0,0,4,0,0,0,4,1,1,1,11,0,0,0,1,2,1,1,1,2,1,0,0,1,1,6,1,1,0,1,1,3,2,1,2,3,0,2,0,0,2,1,12,0,1,0,1,1,3,4,0,0,2,0,0,0,2,0,0,1,0,0,0,0,0,0,0,0,0,1,0,0,2,0,1,0,0,1,1,1,0,0,0,0,12,0,0,1,1,0,0,2,2,0,0,0,0,0,0,1,0,3,0,0,0,1,0,0,0,1,0,4,0,1,2,0,0,0,0,0,3,0,0,0,0,0,0,0,0,0,0,1,1,0,0,1,0,2,1,0,2,0,0,0,0,0,0,0,0,0,1,1,0,3,2,0,1,1,1,1,1,2,0,1,0,1,0,0,0,1,0,0,1,0,1,0,1,0,0,1,1,0,0,0,0,6,0,0,0,0,1,1,0,0,0,0,0,0,0,0,0,1,3,0
ortodox_eshe1_kritik_Marxa.txt_chunk2,ortodox,3,0,0,0,6,1,1,6,1,20,5,3,1,0,2,0,3,0,1,1,0,1,0,0,0,0,6,0,1,0,2,0,5,3,4,4,2,0,5,1,0,3,0,31,0,2,6,1,1,8,9,1,1,1,1,1,0,3,0,1,0,0,0,4,0,0,0,1,1,0,1,1,12,0,1,20,1,0,1,1,3,0,1,1,1,7,0,8,0,2,0,0,0,0,9,2,0,0,3,0,3,1,4,1,0,1,5,0,0,1,0,0,0,2,0,2,0,1,1,0,2,3,0,2,1,2,3,4,1,0,0,5,0,0,0,0,2,0,13,2,1,1,2,10,2,1,0,1,1,0,0,0,0,0,3,2,3,0,6,0,0,1,0,0,0,0,1,0,0,0,1,0,0,0,1,1,3,0,0,2,10,0,0,0,0,0,0,1,0,1,0,0,0,0,0,0,0,3,0,0,0,0,0,0,0,1,0,2,0,0,0,0,0,0,1,0,4,0,0,0,0,0,0,1,0,0,0,0,1,0,0,1,0,0,2,0,8,0,1,1,1,1,0,0,0,0,0,0,0,1,0,0,0,1,0,4,1,2,0,0,0,0,0,2,1,1,0,1,0,0,0,0,0,0,1,0,1,0,0,0,0,0,0,0,0,0,1,0,0,0,0,0,0,0,0,0,0,0,2,0
ortodox_merged__Marxa.txt_eyam_I.txt_Bovu_I.txt,ortodox,7.366482504604051,0,3.6832412523020257,0,5.524861878453039,0,3.6832412523020257,3.6832412523020257,0,34.99079189686925,0,0,0,1.8416206261510129,0,0,5.524861878453039,0,0,0,1.8416206261510129,1.8416206261510129,0,1.8416206261510129,0,0,1.8416206261510129,0,0,0,0,0,1.8416206261510129,3.6832412523020257,0,3.6832412523020257,3.6832412523020257,0,5.524861878453039,1.8416206261510129,0,5.524861878453039,0,33.14917127071823,0,3.6832412523020257,0,3.6832412523020257,3.6832412523020257,11.049723756906078,25.78268876611418,0,5.524861878453039,0,0,0,0,0,3.6832412523020257,0,0,0,0,1.8416206261510129,0,0,0,1.8416206261510129,3.6832412523020257,1.8416206261510129,0,0,9.208103130755065,0,0,7.366482504604051,0,0,0,1.8416206261510129,5.524861878453039,0,0,0,1.8416206261510129,3.6832412523020257,1.8416206261510129,9.208103130755065,3.6832412523020257,1.8416206261510129,0,0,0,0,1.8416206261510129,0,0,0,3.6832412523020257,0,0,0,5.524861878453039,0,0,1.8416206261510129,5.524861878453039,0,0,1.8416206261510129,1.8416206261510129,1.8416206261510129,0,1.8416206261510129,0,3.6832412523020257,0,0,0,0,3.6832412523020257,7.366482504604051,0,0,0,0,0,7.366482504604051,3.6832412523020257,0,5.524861878453039,3.6832412523020257,0,1.8416206261510129,0,0,3.6832412523020257,0,29.465930018416206,0,0,0,0,3.6832412523020257,3.6832412523020257,1.8416206261510129,1.8416206261510129,0,0,0,0,0,0,0,0,3.6832412523020257,0,0,0,0,0,0,0,1.8416206261510129,0,1.8416206261510129,1.8416206261510129,0,0,0,0,1.8416206261510129,1.8416206261510129,0,0,0,5.524861878453039,3.6832412523020257,0,0,0,0,0,0,3.6832412523020257,0,0,0,0,1.8416206261510129,0,0,1.8416206261510129,0,0,0,0,1.8416206261510129,0,0,0,0,0,1.8416206261510129,3.6832412523020257,1.8416206261510129,0,0,0,1.8416206261510129,0,0,0,0,3.6832412523020257,0,3.6832412523020257,0,1.8416206261510129,0,0,0,0,0,0,0,0,0,1.8416206261510129,0,0,0,0,1.8416206261510129,3.6832412523020257,0,1.8416206261510129,0,0,0,1.8416206261510129,0,0,0,0,0,0,0,0,5.524861878453039,0,0,0,1.8416206261510129,0,18.41620626151013,1.8416206261510129,0,0,0,0,0,0,1.8416206261510129,0,1.8416206261510129,0,0,0,0,0,0,0,0,1.8416206261510129,0,0,0,0,0,0,0,0,0,0,0,0,0,0,0,0,12.89134438305709,0,0,0,0,0,0,0,0
ortodox_pismo_evreya_k_evreyam_I.txt_chunk1,ortodox,6,0,1,1,4,0,1,1,3,14,2,4,1,0,2,0,3,0,0,0,0,0,0,0,0,4,10,5,0,2,0,2,2,3,0,5,0,1,3,0,0,4,0,40,0,5,5,1,2,5,11,0,2,1,1,0,1,3,3,0,0,0,1,3,2,1,0,1,2,2,0,1,15,0,0,17,0,0,0,0,3,1,0,0,0,7,0,2,1,0,0,1,0,2,5,0,2,3,4,0,1,1,3,0,1,0,11,0,0,4,1,1,0,0,0,4,4,0,0,0,4,3,0,0,0,0,0,6,4,2,4,4,3,1,0,2,0,0,22,3,0,1,1,5,1,2,0,2,0,4,0,0,0,1,1,1,1,0,2,0,0,0,0,0,0,0,2,0,0,2,0,1,3,1,0,0,1,4,1,0,1,1,0,0,1,1,0,1,0,0,0,0,1,1,0,0,0,1,1,0,1,0,0,1,2,0,0,0,0,0,0,1,0,0,1,0,4,0,0,1,0,0,0,0,0,0,0,0,0,1,2,2,0,1,3,0,0,1,0,0,0,0,1,0,0,0,1,1,1,0,0,0,1,2,0,5,1,0,0,0,0,0,0,0,0,0,0,0,0,2,0,0,1,2,1,0,0,0,0,0,1,0,0,0,0,0,0,0,0,0,0,0,0,0,0,0,0,0,0,0
ortodox_pismo_evreya_k_evreyam_I.txt_chunk2,ortodox,4,0,3,0,11,0,2,1,3,28,0,3,4,0,2,1,4,0,0,2,0,0,0,0,0,1,6,2,0,0,0,2,4,1,0,5,2,0,6,1,0,0,0,33,1,2,1,1,2,10,10,1,3,1,2,1,0,2,0,0,0,0,0,3,0,2,0,0,7,1,0,0,20,0,0,9,1,0,1,1,3,0,0,0,0,7,0,3,0,3,0,1,1,2,7,3,0,4,2,1,1,0,3,1,1,0,10,0,0,1,1,1,0,1,0,3,0,3,0,0,0,0,0,2,1,3,0,5,3,2,8,5,1,1,0,5,2,0,14,3,1,0,1,3,4,1,0,0,0,0,0,0,1,0,0,0,0,0,0,0,0,0,0,0,1,0,1,0,0,1,0,0,1,0,0,0,2,4,0,0,0,2,0,0,2,0,1,2,0,0,0,0,1,1,0,0,1,1,1,0,1,0,1,8,1,1,0,1,0,0,0,1,0,1,0,2,4,0,1,0,0,0,2,1,1,0,0,0,1,0,0,0,0,2,3,0,6,2,2,0,0,1,0,0,1,1,1,0,0,1,0,0,2,0,0,1,0,1,0,0,0,1,0,0,0,0,0,0,0,1,1,0,5,0,2,0,0,0,0,1,0,0,0,3,0,1,0,1,0,0,0,0,2,0,2,0,0,2,0,0
ortodox_v_otvet_Bovu_I.txt_chunk1,ortodox,2,0,0,0,8,0,1,2,1,24,5,1,0,0,0,1,2,0,0,0,0,1,0,0,1,1,3,4,0,1,2,0,2,0,1,6,0,1,2,0,0,3,1,44,0,4,0,2,3,9,6,0,3,1,1,0,1,2,0,0,0,0,1,4,0,0,0,1,1,3,0,1,20,1,0,15,1,0,2,1,2,1,0,0,0,6,0,4,0,4,0,0,0,2,3,3,2,0,2,0,7,0,4,1,0,0,9,0,0,0,0,2,0,1,0,3,2,2,1,0,3,5,0,0,0,1,0,12,3,1,4,3,0,2,0,2,0,0,17,3,0,1,1,5,5,2,0,0,1,0,0,0,1,1,1,4,1,0,1,0,0,1,3,1,0,0,4,2,0,0,1,1,1,0,0,1,1,0,0,0,1,0,0,1,1,5,0,1,0,0,0,0,4,2,1,0,0,4,0,0,0,1,1,9,0,1,0,1,1,0,0,2,0,0,4,1,4,0,0,5,0,0,0,0,1,0,0,0,2,0,0,0,0,0,3,0,2,1,0,0,0,0,0,1,0,0,1,0,0,1,2,1,4,1,0,6,1,0,0,0,0,0,0,1,0,3,0,0,0,2,0,0,0,0,0,0,0,0,4,0,1,2,0,0,0,1,0,0,0,0,0,1,0,1,0,0,0,0,0,0
ortodox_v_otvet_Bovu_I.txt_chunk2,ortodox,2,0,0,0,5,1,1,1,1,27,2,3,0,0,1,0,2,0,1,0,2,4,1,0,1,1,4,0,0,0,0,0,1,2,0,5,1,0,6,0,0,1,0,50,0,0,2,0,3,13,7,1,4,0,0,2,0,0,1,0,0,2,0,1,0,0,0,0,2,1,0,3,18,0,0,15,1,1,0,1,2,0,0,2,0,3,0,3,2,2,0,0,0,3,2,5,2,2,3,2,0,0,1,0,2,1,17,0,0,1,1,1,1,1,0,4,0,1,3,0,1,5,1,0,0,0,0,9,4,2,7,5,0,0,0,1,2,0,12,4,1,1,3,2,0,0,6,1,0,0,1,0,1,0,3,1,0,0,1,0,0,0,0,2,0,0,3,0,1,1,1,0,0,5,1,0,3,1,1,0,0,1,0,0,0,3,0,0,0,0,0,0,0,1,1,2,0,3,0,0,1,0,1,9,1,1,0,0,0,0,2,0,0,0,0,0,4,0,0,1,1,0,0,1,0,0,0,0,0,1,1,0,1,1,0,0,1,0,0,0,0,0,0,0,0,1,0,1,0,0,0,1,1,0,0,2,0,0,0,0,0,1,0,2,0,0,0,1,0,0,1,2,3,0,2,0,2,0,1,0,1,0,0,1,1,0,0,1,0,0,0,7,0,8,5,0,0,5,0,0
ortodox_v_otvet_Bovu_I.txt_chunk3,ortodox,4,0,1,0,2,0,0,0,2,30,2,1,0,2,1,0,2,0,0,2,1,1,1,1,0,1,5,1,0,2,0,1,3,2,2,1,2,0,5,1,0,2,1,42,1,1,0,0,1,6,8,0,3,2,0,0,0,6,2,2,1,1,0,4,0,0,0,0,5,2,0,1,10,2,0,22,0,0,1,0,0,1,0,1,0,11,0,2,2,3,0,0,0,1,6,1,0,0,2,1,0,0,2,2,1,0,15,1,0,1,4,1,1,1,2,2,0,0,1,0,2,1,1,1,1,4,0,2,4,0,1,2,2,4,0,1,4,0,13,2,0,2,1,1,1,1,1,0,0,0,1,0,1,1,0,1,0,0,0,1,0,2,1,1,1,1,1,0,0,0,0,0,3,4,0,1,2,5,0,0,0,1,0,0,1,2,0,4,1,0,0,0,1,0,0,0,0,1,0,0,1,0,0,3,1,2,0,0,0,1,0,0,0,0,1,1,6,1,0,0,0,0,0,0,0,0,0,1,2,2,0,1,0,2,4,0,1,0,2,0,1,0,0,0,0,0,2,0,0,0,0,0,0,4,1,6,1,0,0,0,0,0,1,1,0,1,0,0,0,2,0,0,4,0,0,0,0,0,0,0,1,0,0,0,0,1,0,0,0,0,0,5,0,0,1,0,0,0,0,0
parvus_bez_tsarya_pravitelstvo_rabochee.txt_chunk1,parvus,12.064343163538874,0,13.404825737265416,1.3404825737265416,0,0,0,1.3404825737265416,0,10.723860589812332,0,0,0,0,0,0,8.04289544235925,1.3404825737265416,1.3404825737265416,0,0,0,0,0,0,0,2.680965147453083,8.04289544235925,0,0,0,1.3404825737265416,8.04289544235925,1.3404825737265416,8.04289544235925,5.361930294906166,0,2.680965147453083,1.3404825737265416,0,0,12.064343163538874,0,34.852546916890084,1.3404825737265416,4.021447721179625,2.680965147453083,2.680965147453083,1.3404825737265416,5.361930294906166,6.702412868632708,2.680965147453083,5.361930294906166,0,2.680965147453083,0,0,1.3404825737265416,0,0,0,0,1.3404825737265416,0,0,0,0,2.680965147453083,0,0,0,0,6.702412868632708,0,1.3404825737265416,22.78820375335121,2.680965147453083,0,0,1.3404825737265416,2.680965147453083,0,0,2.680965147453083,0,8.04289544235925,4.021447721179625,4.021447721179625,0,0,2.680965147453083,1.3404825737265416,0,0,6.702412868632708,0,2.680965147453083,0,9.383378016085791,0,0,0,2.680965147453083,2.680965147453083,1.3404825737265416,1.3404825737265416,12.064343163538874,0,0,1.3404825737265416,0,4.021447721179625,1.3404825737265416,0,2.680965147453083,2.680965147453083,1.3404825737265416,1.3404825737265416,0,0,0,1.3404825737265416,0,0,0,1.3404825737265416,0,5.361930294906166,0,1.3404825737265416,9.383378016085791,1.3404825737265416,0,0,1.3404825737265416,8.04289544235925,2.680965147453083,0,9.383378016085791,2.680965147453083,0,0,1.3404825737265416,2.680965147453083,0,1.3404825737265416,0,0,1.3404825737265416,0,1.3404825737265416,0,0,0,0,0,0,0,0,0,0,0,0,1.3404825737265416,0,0,0,1.3404825737265416,0,0,0,0,0,0,1.3404825737265416,1.3404825737265416,0,0,2.680965147453083,0,0,0,0,0,0,0,4.021447721179625,0,0,0,0,0,0,0,0,0,1.3404825737265416,4.021447721179625,4.021447721179625,6.702412868632708,0,0,0,0,0,0,0,1.3404825737265416,0,2.680965147453083,1.3404825737265416,0,2.680965147453083,1.3404825737265416,2.680965147453083,0,0,0,0,8.04289544235925,0,10.723860589812332,4.021447721179625,1.3404825737265416,1.3404825737265416,0,1.3404825737265416,0,0,2.680965147453083,0,0,5.361930294906166,2.680965147453083,0,0,1.3404825737265416,0,2.680965147453083,4.021447721179625,0,0,0,0,0,0,0,0,0,1.3404825737265416,0,0,0,0,0,0,1.3404825737265416,1.3404825737265416,0,1.3404825737265416,0,0,0,0,0,0,0,0,0,10.723860589812332,0,0,0,1.3404825737265416,0,0,1.3404825737265416,4.021447721179625,6.702412868632708,12.064343163538874,2.680965147453083,1.3404825737265416,1.3404825737265416,0,5.361930294906166,1.3404825737265416,2.680965147453083,0,2.680965147453083,0,0,0,1.3404825737265416,0,0,0,0,0,0,0
parvus_itogi_i_perspektivy_I.txt_chunk1,parvus,9,1,0,0,7,2,2,6,0,27,2,0,0,6,2,3,2,0,0,0,0,0,0,0,1,0,0,0,0,1,0,0,0,7,1,1,0,1,4,0,1,4,0,29,0,2,1,4,5,13,5,1,1,1,0,0,0,1,2,0,0,0,0,0,0,0,0,2,0,0,0,0,18,0,1,25,1,1,0,0,0,0,1,1,0,15,0,2,0,0,1,0,0,1,7,14,4,2,1,0,1,1,1,2,0,1,16,0,2,1,2,3,2,0,1,0,1,3,0,3,0,0,1,0,0,3,0,5,4,0,6,0,1,0,1,1,2,1,8,4,4,3,0,4,1,1,1,1,0,0,0,0,1,0,0,1,0,1,3,2,0,0,2,1,0,3,0,0,1,0,0,0,1,0,1,0,0,0,0,0,0,2,1,0,0,0,0,1,0,1,2,3,0,0,0,0,1,2,1,2,0,0,0,1,0,0,0,1,0,2,1,2,0,2,1,0,0,0,0,1,0,0,5,3,1,0,2,3,1,1,0,0,1,0,0,0,4,1,0,0,0,0,2,0,0,0,1,1,0,1,1,2,2,0,0,2,0,1,0,1,0,0,4,0,0,0,0,0,0,0,1,1,0,1,0,0,0,1,0,9,3,0,2,13,3,3,1,2,2,0,0,0,4,0,0,0,0,0,0,0
parvus_ministerstvo_Briana_France.txt_chunk1,parvus,6,2,0,0,1,4,3,7,2,45,9,0,1,1,0,3,2,0,3,0,2,0,0,0,1,0,1,0,0,1,0,1,6,1,0,3,0,4,5,0,0,4,1,32,0,0,1,0,5,6,5,0,1,0,1,0,0,0,1,0,3,0,1,1,0,0,0,1,1,0,0,0,9,1,0,19,0,0,3,1,0,0,1,1,1,9,2,1,0,2,0,0,0,0,3,4,3,0,2,0,2,2,1,0,4,1,11,0,1,1,4,0,1,1,0,0,0,1,0,0,0,5,1,2,1,1,0,7,1,1,2,3,1,1,0,4,3,0,11,7,0,0,0,5,1,1,2,0,0,0,1,0,0,0,0,0,0,1,1,0,0,1,0,1,0,0,2,0,1,1,0,0,1,0,2,0,1,6,0,0,0,1,0,0,0,0,0,0,1,0,0,0,0,1,0,0,0,1,0,4,1,1,1,0,0,0,0,0,1,0,2,1,1,0,2,0,2,0,0,0,1,2,6,0,0,0,1,1,0,1,0,1,5,0,2,0,2,1,0,0,1,0,0,0,0,2,0,0,0,0,2,1,1,0,0,1,1,0,0,0,0,0,1,1,0,1,0,1,0,0,0,0,5,3,0,0,9,0,1,0,1,0,1,5,2,3,2,0,0,0,0,0,2,0,2,0,0,3,0,2
parvus_onp1_o_i_socrev_razvitie.txt_chunk1,parvus,2,0,0,0,0,1,1,3,0,33,3,0,0,0,1,3,3,1,5,0,1,0,0,0,0,0,2,0,1,0,0,0,8,0,0,2,1,3,4,0,3,6,0,42,0,5,2,0,0,3,6,0,4,0,0,0,0,1,0,1,1,0,1,1,1,0,1,1,2,0,0,0,18,1,0,20,1,2,0,0,2,0,0,0,1,4,0,0,0,0,0,0,0,1,3,3,0,1,5,0,0,0,1,0,1,5,11,0,0,0,0,1,0,0,2,1,0,1,0,0,1,2,0,0,0,5,0,6,0,1,4,0,1,0,0,1,2,0,5,2,0,0,0,7,2,1,0,0,1,3,0,0,0,0,0,0,0,2,1,0,0,1,1,0,0,0,1,0,0,0,1,0,0,0,4,1,0,0,1,3,0,2,4,4,1,0,1,1,1,0,0,0,2,5,2,0,2,1,0,0,3,1,0,7,0,1,0,0,4,2,1,2,0,1,0,0,0,0,0,0,2,0,3,2,0,0,1,0,0,1,0,0,3,1,0,0,2,1,1,0,0,2,2,1,0,2,0,1,0,0,1,0,1,2,0,3,0,0,0,0,0,0,3,0,0,0,2,1,0,0,0,0,5,0,1,0,0,0,0,0,1,0,1,1,3,2,0,0,0,1,0,0,0,3,1,0,0,1,0,3
parvus_onp1_o_i_socrev_razvitie.txt_chunk2,parvus,1,1,2,1,2,1,1,0,0,28,2,2,0,0,1,2,8,0,0,0,2,0,0,2,0,0,7,1,0,1,0,1,1,0,1,2,0,2,3,0,0,3,0,36,0,1,2,0,3,13,3,0,3,0,1,1,0,1,1,1,1,0,0,1,0,0,1,1,1,1,0,0,13,0,0,15,0,1,0,1,3,0,0,0,0,5,0,1,0,1,0,0,0,1,2,1,1,0,7,1,0,0,3,0,3,0,15,0,0,0,0,1,1,0,0,2,0,3,1,0,0,3,3,2,1,4,0,1,3,0,2,0,0,1,0,3,4,0,9,3,1,2,1,6,1,1,1,1,0,2,1,0,2,2,0,0,0,0,0,0,0,0,0,2,0,0,0,0,0,1,1,1,0,1,6,0,1,4,2,2,0,0,0,4,0,0,1,1,0,0,0,1,1,1,0,2,2,0,1,0,1,0,0,8,0,2,0,2,2,1,0,1,0,0,1,0,0,0,0,0,0,0,2,2,1,1,0,1,1,1,0,1,3,1,0,0,0,0,0,0,0,1,0,1,0,0,1,1,0,0,0,0,0,1,0,3,1,1,0,0,0,0,1,0,1,0,1,0,1,0,0,0,3,0,1,0,1,0,0,1,1,1,2,0,0,2,0,0,0,1,1,1,0,0,0,0,0,0,0,0
parvus_onp1_o_i_socrev_razvitie.txt_chunk3,parvus,1.7921146953405018,0,3.5842293906810037,1.7921146953405018,3.5842293906810037,0,0,0,0,34.05017921146953,5.376344086021506,1.7921146953405018,0,0,0,3.5842293906810037,5.376344086021506,3.5842293906810037,0,0,1.7921146953405018,0,0,0,0,0,0,0,0,0,0,0,5.376344086021506,0,1.7921146953405018,3.5842293906810037,0,1.7921146953405018,7.168458781362007,0,0,3.5842293906810037,0,39.42652329749104,1.7921146953405018,7.168458781362007,5.376344086021506,0,5.376344086021506,5.376344086021506,10.752688172043012,0,1.7921146953405018,0,1.7921146953405018,0,0,0,1.7921146953405018,1.7921146953405018,0,0,0,0,0,0,3.5842293906810037,0,0,3.5842293906810037,1.7921146953405018,0,21.505376344086024,0,0,16.129032258064516,0,0,0,0,3.5842293906810037,0,0,0,0,8.960573476702509,0,7.168458781362007,0,0,0,0,0,0,5.376344086021506,0,3.5842293906810037,1.7921146953405018,3.5842293906810037,0,0,1.7921146953405018,3.5842293906810037,0,0,1.7921146953405018,7.168458781362007,0,0,0,0,0,0,0,1.7921146953405018,0,1.7921146953405018,5.376344086021506,0,0,0,7.168458781362007,0,0,0,1.7921146953405018,0,5.376344086021506,1.7921146953405018,1.7921146953405018,7.168458781362007,0,0,1.7921146953405018,0,0,3.5842293906810037,0,8.960573476702509,0,1.7921146953405018,0,1.7921146953405018,0,3.5842293906810037,1.7921146953405018,1.7921146953405018,1.7921146953405018,0,0,1.7921146953405018,1.7921146953405018,1.7921146953405018,0,0,1.7921146953405018,1.7921146953405018,0,3.5842293906810037,0,1.7921146953405018,1.7921146953405018,0,7.168458781362007,0,0,0,0,0,0,1.7921146953405018,0,0,1.7921146953405018,1.7921146953405018,0,1.7921146953405018,1.7921146953405018,0,0,0,0,1.7921146953405018,1.7921146953405018,1.7921146953405018,0,0,1.7921146953405018,0,0,0,0,0,1.7921146953405018,0,1.7921146953405018,0,0,1.7921146953405018,0,5.376344086021506,0,0,5.376344086021506,0,0,0,0,0,1.7921146953405018,1.7921146953405018,1.7921146953405018,0,0,0,0,1.7921146953405018,0,0,0,0,0,3.5842293906810037,0,1.7921146953405018,0,0,1.7921146953405018,0,0,0,0,0,0,1.7921146953405018,0,0,1.7921146953405018,3.5842293906810037,0,0,0,0,0,0,1.7921146953405018,0,0,0,1.7921146953405018,0,0,0,0,0,1.7921146953405018,0,0,0,0,0,0,1.7921146953405018,1.7921146953405018,0,0,0,0,0,0,0,1.7921146953405018,10.752688172043012,0,0,0,0,0,0,0,1.7921146953405018,0,0,0,1.7921146953405018,0,1.7921146953405018,0,0,0,0,0,0,1.7921146953405018,1.7921146953405018,0,0,0,0,0
parvus_pismo_tverskomu_komitetu_I.txt_chunk2,parvus,11,0,3,0,4,1,0,1,1,35,4,0,0,0,0,1,1,3,1,0,0,0,0,0,0,0,1,1,0,0,2,0,0,5,0,3,0,4,3,0,3,4,2,32,1,3,6,0,3,2,4,1,1,0,2,0,0,1,1,0,1,0,0,0,0,0,0,1,1,1,1,1,16,0,0,17,0,1,2,2,4,0,0,2,2,10,4,1,0,2,0,1,0,0,2,5,4,5,2,0,0,0,6,0,6,1,11,0,0,0,2,2,1,0,1,4,0,2,0,1,0,2,1,2,0,4,0,6,2,2,7,1,1,0,0,1,1,0,13,4,0,0,1,8,2,1,1,0,0,1,1,0,2,0,2,1,1,0,0,0,1,2,0,0,2,0,0,0,1,0,0,2,0,0,1,1,0,3,2,0,1,0,0,4,2,0,0,0,0,0,1,0,0,15,3,0,2,3,0,0,1,1,1,7,2,0,8,1,3,1,2,2,0,1,2,0,1,0,2,0,1,0,3,2,2,0,1,0,0,0,4,0,0,2,0,0,2,0,0,1,0,0,0,1,0,0,0,1,1,0,0,0,0,0,0,2,0,0,0,0,1,0,1,0,0,0,0,1,0,0,1,0,4,0,0,0,0,0,0,0,1,0,0,1,1,0,0,0,0,0,5,0,1,3,0,0,0,0,0,0
parvus_poTurmam.txt_chunk10,parvus,2,0,2,0,5,0,2,2,3,40,3,0,0,3,0,1,3,0,1,0,0,0,0,0,0,2,2,1,0,2,2,0,7,1,5,4,0,1,6,0,0,1,0,31,0,5,1,0,4,3,11,0,4,0,1,2,0,0,0,1,0,3,0,0,17,7,0,0,3,1,1,0,6,3,0,13,0,0,1,3,0,1,3,1,1,8,0,3,0,1,0,1,1,1,8,1,7,0,1,0,0,0,3,1,1,1,15,0,0,0,1,0,5,0,0,1,1,3,2,1,0,4,1,0,0,3,0,7,2,0,1,2,1,2,1,1,4,1,17,1,2,0,0,14,2,1,1,2,0,15,0,2,2,0,0,0,1,1,2,0,2,0,0,2,0,1,1,0,0,1,1,0,0,0,0,0,1,0,0,0,0,0,0,0,2,0,0,1,0,1,0,0,0,0,0,0,3,1,0,0,0,2,0,0,0,2,0,0,0,0,0,1,0,1,2,0,0,0,0,0,1,0,0,0,1,0,0,0,1,0,0,0,2,0,0,0,4,1,1,4,0,1,1,1,0,0,0,1,0,0,2,0,0,1,5,3,3,0,0,0,0,0,0,1,0,1,0,0,1,0,2,0,0,1,0,0,0,1,0,0,0,0,0,0,0,0,1,0,0,0,0,0,0,0,0,0,0,0,0,0
parvus_poTurmam.txt_chunk11,parvus,3,4,2,1,10,3,6,5,1,36,2,0,1,0,0,3,2,0,1,1,0,0,0,0,0,0,5,2,1,0,4,1,3,3,0,4,0,5,4,0,1,7,0,22,0,4,1,1,2,3,3,0,1,0,1,1,1,4,0,0,1,3,0,0,6,9,2,0,1,0,1,0,18,2,0,13,0,0,0,1,4,0,1,0,3,4,0,3,0,3,1,0,0,1,3,5,7,0,3,0,1,4,4,1,2,0,13,0,0,0,0,3,0,2,1,0,0,1,0,0,0,1,2,3,0,2,0,5,0,0,1,0,0,1,0,4,1,1,11,0,0,1,2,10,3,3,3,0,0,13,0,0,4,0,0,0,0,2,1,0,0,0,0,0,0,0,0,0,0,0,2,1,1,0,6,1,0,2,1,0,0,1,0,1,1,0,0,3,0,0,1,0,0,0,0,0,3,0,0,0,0,1,1,0,0,2,0,0,0,1,0,0,0,2,0,0,0,0,0,1,0,0,2,1,0,1,0,0,1,0,0,0,0,0,0,0,2,0,2,0,0,1,0,0,0,0,0,2,0,0,3,0,2,1,2,18,6,0,0,0,0,0,0,2,0,0,0,1,1,1,0,1,0,0,2,0,0,0,0,2,0,0,0,1,0,0,0,0,3,1,0,1,0,0,0,0,0,0,0,0
parvus_poTurmam.txt_chunk12,parvus,8,0,0,0,6,2,3,5,1,23,0,0,0,0,0,2,10,1,3,0,0,0,0,0,0,1,7,0,0,0,0,0,6,1,0,2,0,4,7,1,1,2,0,35,0,6,1,0,2,5,8,0,2,2,1,0,0,3,0,1,0,3,1,1,10,7,0,0,2,3,0,1,9,0,0,18,2,4,1,1,6,2,1,0,0,8,0,0,1,1,5,0,1,0,10,3,0,0,10,0,1,3,4,0,3,4,12,0,0,0,1,1,1,0,0,0,0,2,1,1,0,4,2,1,1,0,0,4,2,0,3,0,0,0,0,5,1,0,11,2,0,0,1,10,2,1,3,1,2,20,2,2,2,0,0,0,1,0,6,1,1,0,0,1,0,0,0,0,1,0,0,1,0,0,1,0,2,0,0,0,0,0,0,0,0,0,0,1,0,7,1,0,0,0,0,0,1,0,0,0,0,0,0,0,1,0,0,0,0,0,0,1,0,0,1,0,0,0,0,0,1,0,0,0,0,0,0,0,1,0,0,0,0,2,0,0,7,1,0,0,1,6,3,1,0,3,1,2,0,1,2,0,0,0,7,2,2,0,0,0,1,0,0,0,1,0,0,0,2,0,1,0,0,0,0,0,0,0,0,1,0,0,0,1,0,0,0,0,0,1,0,0,0,0,0,0,0,0,0,1
parvus_poTurmam.txt_chunk13,parvus,7,2,3,1,6,1,1,7,4,32,1,1,0,1,0,7,3,0,2,0,1,0,1,1,0,0,11,1,0,1,0,1,3,0,0,5,1,6,4,1,0,4,0,35,0,4,0,0,1,11,10,0,2,0,0,0,0,2,0,2,1,2,0,0,9,8,0,1,2,2,1,0,11,0,0,19,4,1,1,1,1,1,1,0,2,6,0,2,2,0,3,0,0,0,3,1,1,0,11,0,0,1,7,2,3,2,7,0,0,2,1,0,2,0,0,1,3,2,0,1,0,4,2,0,1,0,0,15,2,0,3,0,0,1,0,0,4,1,21,4,0,2,0,12,2,3,2,0,0,34,3,1,3,1,1,0,1,0,3,0,0,0,0,2,1,1,1,0,0,0,1,0,0,0,1,0,1,1,1,0,0,1,0,0,2,0,0,0,0,1,1,0,0,0,0,0,2,2,0,0,0,1,0,0,0,0,0,0,0,0,0,0,0,0,3,0,0,0,0,0,1,0,0,0,2,0,0,0,3,0,0,0,1,1,0,0,4,0,0,1,1,2,0,0,1,0,0,1,1,1,3,0,1,2,2,1,2,0,0,0,0,0,0,0,0,0,1,0,2,0,0,0,0,0,2,0,0,1,0,3,1,0,0,0,1,0,1,0,0,2,0,0,1,0,0,0,0,0,0,0
parvus_poTurmam.txt_chunk14,parvus,4,2,1,0,9,3,3,6,6,29,4,1,0,0,0,4,8,0,0,2,2,0,0,0,0,0,13,1,1,1,1,0,1,2,0,3,1,2,3,1,2,1,0,30,0,6,7,1,6,2,8,0,1,0,1,3,0,6,1,1,0,1,1,0,6,6,0,1,9,0,5,1,19,0,0,23,2,3,0,4,5,3,0,1,1,9,0,1,0,0,0,1,1,1,0,0,7,0,3,0,1,0,9,1,4,1,8,0,0,0,2,3,0,0,0,2,10,2,0,0,0,4,1,1,0,1,0,5,1,0,2,0,0,0,1,3,2,0,6,1,2,2,1,9,1,2,2,0,0,20,1,0,2,0,0,1,3,1,3,1,2,0,0,0,1,2,0,0,0,0,0,1,0,0,0,1,0,2,0,0,2,0,1,0,0,1,0,1,1,0,0,0,1,0,0,0,0,1,0,0,1,1,1,0,0,0,0,2,0,0,0,0,0,0,2,0,0,0,0,0,0,0,0,0,0,0,1,1,2,0,0,0,1,0,0,2,2,1,0,1,0,1,4,1,1,0,3,1,0,1,1,0,1,2,0,4,4,0,0,1,0,0,0,2,0,1,0,0,0,0,0,1,0,0,1,0,0,0,0,0,0,0,0,0,0,0,0,0,0,1,0,0,0,0,0,0,0,0,0,0
parvus_poTurmam.txt_chunk15,parvus,8,0,1,0,6,2,1,3,3,28,2,0,0,1,0,2,3,2,1,2,1,0,0,0,0,1,1,1,1,0,0,1,9,1,2,2,0,2,3,1,3,2,0,41,0,6,2,0,3,4,7,1,1,1,2,0,1,1,0,0,0,4,0,2,4,3,0,2,0,3,1,1,28,2,1,11,2,0,0,0,3,0,1,1,0,2,0,4,0,2,0,1,1,0,3,0,5,0,4,0,3,1,5,2,4,1,12,0,1,1,0,2,2,0,1,1,0,6,0,1,0,1,1,1,0,1,0,4,8,0,2,0,0,0,0,1,1,0,11,6,0,2,1,6,1,0,1,1,0,19,1,0,2,0,0,0,0,1,2,0,1,0,0,0,1,0,1,1,1,1,0,0,0,3,1,1,4,0,0,0,0,0,0,0,0,0,0,1,1,0,1,0,2,0,0,3,1,1,0,0,0,0,1,0,0,0,0,0,0,0,1,0,0,1,0,0,0,0,0,0,0,0,1,0,1,1,0,0,1,0,0,0,0,2,0,4,1,2,0,0,1,3,2,0,0,0,2,1,0,0,2,0,0,1,0,15,1,0,0,0,1,0,0,0,0,0,0,0,1,0,0,1,0,1,0,0,0,0,0,0,1,0,0,1,0,1,1,0,0,1,0,0,0,0,0,0,0,0,0,0
parvus_poTurmam.txt_chunk16,parvus,4,0,3,0,4,2,6,9,3,27,3,2,0,1,0,1,6,0,2,3,0,0,0,0,0,0,4,2,1,1,1,0,2,0,0,2,0,4,4,0,0,6,0,24,0,6,7,0,1,7,10,0,3,0,0,1,0,3,1,0,0,4,0,2,3,9,2,0,1,4,2,0,11,1,2,13,0,1,2,1,3,0,0,1,1,9,0,2,0,0,0,0,2,1,0,3,1,0,5,0,3,0,3,0,5,3,11,0,0,1,1,0,0,0,0,0,3,2,1,2,0,4,0,0,0,1,0,8,6,0,4,1,0,1,0,3,1,1,12,6,0,5,2,9,0,3,0,1,0,9,0,1,3,1,1,0,0,1,2,2,0,0,0,2,1,5,0,1,0,0,0,1,0,0,4,0,1,0,0,0,0,0,1,0,0,0,0,2,4,0,1,0,1,0,0,0,0,1,0,1,0,0,0,0,0,0,0,0,0,0,0,1,2,0,2,0,1,0,0,0,0,0,1,0,0,0,0,0,1,0,0,0,2,3,1,0,2,1,0,1,1,6,3,1,0,0,0,0,0,0,2,0,0,3,0,2,9,0,1,0,0,0,0,6,0,0,0,0,2,0,0,0,0,0,0,0,0,0,0,2,0,0,1,0,0,0,1,0,0,1,0,0,0,0,0,0,0,0,0,0
parvus_poTurmam.txt_chunk17,parvus,4,2,2,1,10,0,2,1,6,22,2,0,0,3,0,1,5,0,2,2,1,0,0,0,0,2,3,2,0,1,1,0,2,1,0,4,0,3,2,2,0,1,0,25,0,3,10,2,4,2,16,0,0,1,0,0,0,0,1,0,0,0,0,0,6,12,0,1,6,2,0,0,11,0,2,20,0,1,1,0,0,2,0,1,1,17,0,1,0,0,2,0,0,0,3,1,6,0,4,1,1,0,6,2,0,0,11,0,0,1,0,0,3,0,1,0,1,3,0,0,1,6,0,0,2,0,0,7,0,1,1,1,0,0,2,2,0,1,16,0,0,2,0,21,0,0,0,0,0,34,0,3,6,0,0,1,0,1,8,0,0,0,0,0,0,1,0,0,0,0,3,0,1,0,1,2,0,0,0,0,0,1,0,0,2,0,0,0,0,1,0,1,0,0,0,0,0,0,0,0,0,2,0,0,0,2,0,0,0,0,1,1,1,1,0,0,0,0,1,3,1,0,0,0,0,0,0,1,1,0,0,0,4,0,0,0,6,0,0,0,1,1,3,0,0,1,1,0,0,1,0,0,0,2,1,0,0,0,1,0,1,0,0,0,0,0,0,0,0,4,0,0,0,1,0,0,0,0,0,1,1,0,0,4,0,0,0,1,0,8,0,0,0,0,0,0,0,0,0,1
parvus_poTurmam.txt_chunk19,parvus,4,0,6,0,2,2,1,4,2,32,4,0,0,1,0,4,6,0,3,1,0,0,0,1,0,1,3,1,2,0,0,0,2,1,0,2,0,2,7,0,1,2,0,35,1,6,1,0,4,6,2,0,3,0,0,0,0,1,0,0,2,1,1,3,6,5,0,0,3,3,0,0,14,0,0,15,0,1,0,0,0,1,0,0,0,10,0,1,0,3,0,0,0,1,3,3,0,0,5,0,1,0,5,0,2,2,13,0,0,0,0,1,1,1,0,1,3,3,1,3,0,5,2,2,0,2,0,2,2,0,3,1,1,2,0,6,1,1,13,1,0,0,1,8,1,0,3,0,0,17,1,0,6,0,0,3,1,0,2,1,0,1,0,4,1,1,1,0,0,0,0,1,0,2,2,1,1,2,0,0,0,0,1,0,1,0,0,3,0,0,3,0,0,0,0,1,3,1,0,0,0,0,0,0,0,0,0,0,0,0,0,0,3,2,1,0,0,0,1,0,2,0,0,0,0,1,0,0,1,0,0,0,2,0,0,0,2,0,0,0,0,2,0,2,0,0,1,2,0,0,1,1,1,0,0,2,4,0,1,0,1,0,0,1,0,0,2,1,0,0,0,1,0,0,0,0,0,0,0,3,0,0,2,0,0,0,0,0,1,0,0,0,0,0,0,0,0,0,0,1
parvus_poTurmam.txt_chunk20,parvus,2,0,0,0,8,0,2,8,1,30,7,2,0,0,0,7,3,3,1,0,0,0,0,0,0,2,2,1,0,0,3,0,6,2,2,3,1,3,4,0,0,1,0,34,0,5,1,0,3,1,14,0,5,0,0,0,0,2,0,1,0,1,0,1,12,9,0,0,0,2,0,0,12,1,1,20,0,0,0,2,6,1,1,2,1,4,0,4,0,2,2,0,1,0,6,3,3,0,2,0,0,0,3,0,3,4,10,0,0,1,2,1,0,0,1,2,1,2,0,4,3,8,0,2,0,1,0,5,1,0,3,0,0,0,0,8,3,0,13,5,0,1,1,4,4,0,0,0,0,32,1,0,2,0,0,0,1,1,0,0,1,1,0,0,1,0,0,0,0,0,0,0,2,1,5,0,0,1,3,0,0,0,0,0,0,0,0,0,2,1,1,0,0,0,0,1,2,1,0,0,0,0,0,0,0,0,0,0,0,0,0,0,0,0,4,0,0,0,0,0,1,0,4,0,0,0,0,0,4,0,0,1,4,1,0,0,3,1,0,2,1,3,2,1,0,0,0,2,0,1,2,0,1,1,3,0,1,0,0,0,0,0,0,0,0,0,0,0,0,0,0,0,0,0,0,0,0,0,0,0,0,0,0,0,0,0,0,0,0,0,0,0,0,0,0,0,0,1,0,0
parvus_poTurmam.txt_chunk21,parvus,6,3,0,0,4,0,5,5,0,25,1,0,0,0,0,0,5,1,1,0,4,0,0,1,0,1,5,0,0,0,0,0,4,1,0,7,0,0,4,1,0,2,0,44,0,5,4,4,17,8,8,0,6,1,0,2,0,1,0,0,0,0,1,1,10,9,2,1,1,5,0,0,16,0,0,23,1,0,0,0,1,2,2,3,2,15,0,3,0,1,2,1,1,0,2,0,17,0,3,0,7,0,6,0,3,0,5,0,0,0,0,0,0,1,0,0,3,2,0,2,0,5,0,1,0,3,0,9,0,0,4,0,0,0,1,6,1,3,10,3,1,4,0,12,1,0,1,1,1,28,2,0,6,0,2,0,2,0,1,0,1,1,0,1,0,0,0,0,0,0,1,0,0,0,2,3,0,0,0,0,0,0,1,0,0,0,0,0,0,0,0,1,0,0,0,0,0,0,0,0,0,1,0,0,0,0,0,0,0,0,0,0,0,1,3,0,0,0,0,0,0,2,0,0,0,0,0,0,0,0,0,0,0,0,0,0,3,0,0,1,0,3,2,3,0,0,2,0,0,0,3,0,0,0,1,1,0,0,0,0,0,0,0,0,0,0,0,1,0,0,0,0,0,0,0,0,0,0,0,0,0,0,0,0,0,0,0,0,0,0,0,0,1,0,0,0,0,0,0,1
parvus_poTurmam.txt_chunk22,parvus,1,0,1,1,6,3,2,6,3,29,2,0,0,0,0,4,5,0,1,2,0,0,0,1,0,2,4,1,2,0,2,0,2,2,0,4,0,6,3,0,0,3,0,28,0,11,0,0,4,4,10,0,5,1,0,2,0,4,0,1,0,0,0,1,13,7,1,0,2,1,1,1,17,1,0,18,1,0,0,1,3,1,1,0,2,11,0,3,0,4,3,0,0,0,4,0,4,0,2,0,5,0,4,1,5,0,6,1,0,0,0,5,0,0,2,2,3,1,0,2,0,4,0,3,0,2,0,6,1,0,1,4,2,0,0,3,0,2,8,2,1,1,2,5,2,2,0,0,0,30,0,0,2,0,0,0,1,0,0,0,1,0,0,0,0,0,0,1,0,0,0,1,1,0,1,1,0,0,0,0,1,0,1,0,0,0,0,1,2,1,0,2,0,0,0,1,0,1,0,0,0,0,0,1,1,1,0,1,0,0,0,0,1,2,3,0,0,0,0,0,1,0,0,0,0,1,0,0,1,0,0,0,2,1,0,0,6,1,0,0,0,6,2,0,0,1,0,3,0,0,2,0,0,0,3,2,0,0,1,0,0,0,0,0,0,0,2,0,1,0,1,0,0,1,1,0,0,0,1,0,0,0,0,0,0,0,1,0,0,2,0,0,0,0,0,0,0,0,0,0
parvus_poTurmam.txt_chunk23,parvus,5,0,0,0,2,0,1,2,0,29,1,0,0,2,0,2,7,0,0,0,1,0,0,1,0,0,5,0,0,1,0,0,0,1,0,0,0,5,0,3,5,6,0,36,0,5,0,0,3,3,13,0,2,2,6,2,1,2,0,0,0,2,0,2,10,6,0,0,0,1,3,0,12,2,1,12,0,0,1,0,1,0,0,2,0,11,2,0,1,2,0,1,0,1,2,0,0,0,9,0,0,1,4,2,2,0,8,0,0,1,0,1,2,0,1,1,0,3,1,3,0,4,0,0,1,1,0,7,1,0,1,0,0,0,1,6,0,1,6,0,0,2,2,7,1,0,1,0,0,34,0,1,1,0,0,0,0,0,1,0,0,0,0,1,0,0,0,1,1,0,0,1,0,0,2,1,0,1,0,1,0,3,0,0,0,0,0,1,1,1,0,0,0,0,0,0,1,0,0,0,0,1,0,0,0,0,0,0,2,0,1,0,0,2,0,0,0,0,0,0,0,0,0,0,0,0,0,0,1,0,0,0,1,0,0,0,1,0,0,0,0,4,1,0,1,1,1,0,0,2,2,0,0,0,1,2,2,0,2,0,1,0,0,1,0,1,2,1,1,0,0,0,0,2,2,0,0,0,1,0,0,0,0,0,0,0,0,0,0,2,0,0,1,0,0,0,0,0,0,0
parvus_poTurmam.txt_chunk24,parvus,6,0,1,0,7,1,0,4,0,38,4,1,1,0,0,3,7,0,0,1,0,0,0,0,0,0,0,4,0,0,0,0,1,4,1,3,0,7,5,0,0,4,0,26,1,2,2,1,0,4,11,0,6,1,0,0,0,0,0,4,0,1,0,0,5,16,1,0,0,1,1,1,8,1,0,19,0,0,0,3,2,5,0,0,0,8,0,2,0,2,1,0,1,0,2,7,1,0,4,0,1,0,3,0,5,1,2,1,0,3,0,0,1,0,2,4,0,0,0,0,0,4,1,0,0,0,0,10,1,0,2,4,1,0,4,2,3,5,17,1,1,0,0,20,3,0,0,0,0,45,2,1,2,0,0,0,2,0,3,0,0,0,0,1,0,1,1,0,0,0,1,0,0,0,2,0,0,0,2,1,0,0,0,0,0,0,0,1,0,0,0,1,0,1,0,0,2,0,0,0,0,0,1,0,1,0,0,0,3,0,1,0,0,0,2,0,0,0,0,0,0,0,0,0,0,0,0,0,2,0,0,0,2,3,0,0,4,0,0,1,2,1,1,0,0,0,0,0,0,1,1,0,1,1,0,2,0,0,3,0,0,0,0,0,1,0,2,0,1,0,0,0,0,0,1,0,0,0,0,0,0,0,1,0,0,0,0,0,0,1,0,0,0,0,0,0,0,0,0,2
parvus_poTurmam.txt_chunk25,parvus,5,2,2,0,5,4,1,9,4,23,1,1,0,1,0,3,9,0,1,0,0,1,0,1,0,0,6,1,0,1,0,0,3,0,0,2,2,4,6,0,0,1,0,24,0,7,4,1,3,6,7,0,3,2,2,0,0,3,0,0,0,0,0,0,2,9,0,0,4,1,1,0,11,0,2,28,0,1,0,2,2,1,0,3,3,10,0,5,1,1,1,0,1,0,2,8,5,0,2,0,2,0,7,0,3,1,5,0,0,0,0,0,0,1,2,0,2,0,1,0,0,6,0,1,0,1,0,6,3,0,5,1,0,0,3,4,2,0,24,4,0,0,0,12,1,0,1,0,0,26,0,3,1,0,0,0,0,1,4,0,0,1,0,0,1,1,1,0,0,0,0,0,0,0,5,2,1,2,3,1,0,0,0,0,1,0,0,2,2,0,0,1,0,0,0,0,0,0,0,1,0,0,0,0,0,1,0,0,0,0,0,0,0,1,0,0,0,0,0,0,1,0,1,0,0,0,0,0,1,0,0,0,5,2,0,0,5,0,0,1,3,1,1,0,0,0,1,0,0,0,1,0,1,1,0,2,1,0,0,0,0,0,0,0,0,0,0,2,0,0,1,0,0,1,0,0,0,0,1,0,0,0,0,0,0,0,0,0,0,6,0,0,0,0,0,0,0,0,0,0
parvus_poTurmam.txt_chunk29,parvus,3,1,2,0,6,3,2,4,2,30,0,0,1,1,0,0,7,1,1,2,1,0,0,0,0,0,5,1,0,0,2,0,2,0,3,3,1,6,5,0,0,4,0,26,0,6,4,1,4,7,10,0,2,0,0,1,0,3,0,1,0,1,0,3,0,0,1,0,2,1,0,0,16,0,2,11,0,0,0,0,0,1,0,1,1,6,0,0,0,2,5,0,0,1,5,0,5,0,7,0,3,2,9,1,2,1,10,0,0,0,0,1,2,1,0,0,2,0,0,2,0,9,1,2,0,3,0,8,2,0,4,1,1,1,0,1,3,0,11,8,1,2,1,10,1,1,2,1,1,0,0,0,4,0,0,1,1,1,2,0,0,0,0,1,0,0,2,0,0,0,0,0,0,0,4,0,0,2,1,0,0,0,0,0,0,0,0,1,0,1,2,0,0,0,0,0,0,0,0,0,0,2,0,0,0,0,0,0,0,0,0,0,1,2,2,0,0,3,0,0,2,0,0,0,0,0,0,0,3,0,0,0,0,0,0,0,1,1,0,2,0,2,0,1,2,2,0,1,1,0,1,1,1,3,0,40,12,0,1,0,0,0,0,9,0,1,0,0,2,0,0,2,0,0,0,0,0,0,0,0,0,0,0,0,0,0,0,0,0,1,0,0,0,0,0,0,0,0,0,0
parvus_poTurmam.txt_chunk30,parvus,3,4,0,0,7,4,3,11,1,21,3,0,0,0,0,1,9,0,1,0,2,0,0,0,0,0,2,1,0,0,1,0,1,0,0,2,1,4,5,0,0,5,0,22,0,11,2,2,3,10,17,0,4,1,2,0,2,4,2,2,0,0,0,2,5,1,4,0,2,3,0,0,17,1,3,15,0,1,1,1,4,1,1,2,1,7,0,3,0,1,2,0,0,0,2,0,6,0,2,0,0,0,3,0,3,3,9,0,0,0,4,0,0,0,0,0,3,0,0,1,0,3,1,1,1,1,0,11,1,0,5,2,1,2,0,5,1,2,4,7,0,2,0,6,0,1,3,0,0,18,0,0,4,0,0,0,1,0,1,0,1,0,0,0,0,0,2,0,1,1,2,0,1,0,5,1,0,0,0,0,0,0,0,0,2,0,0,2,0,0,3,3,1,0,0,0,0,0,0,0,0,0,0,0,0,2,0,0,0,0,0,0,0,1,0,0,0,1,0,0,0,0,0,0,0,0,0,0,2,0,0,0,1,0,0,0,5,0,0,0,0,5,3,0,2,0,1,0,0,1,4,0,0,6,0,24,5,0,1,0,0,0,0,7,1,1,0,0,1,0,0,1,0,1,1,0,0,0,0,0,0,0,0,0,0,0,0,0,0,3,0,0,0,0,0,0,0,0,0,0
parvus_poTurmam.txt_chunk33,parvus,3,0,1,0,9,0,3,7,2,36,4,0,0,0,1,5,3,0,0,0,2,0,0,0,0,3,1,0,0,0,0,0,4,0,1,1,0,5,3,1,0,1,0,30,0,11,0,0,1,9,6,0,5,1,0,1,0,2,0,2,0,0,0,2,15,10,1,0,1,0,0,0,16,0,2,10,2,1,0,0,0,0,0,2,1,5,0,1,0,0,1,0,0,2,6,0,3,0,4,1,2,0,11,0,2,2,9,0,0,1,1,2,1,1,2,3,4,5,0,1,0,3,2,1,0,0,0,5,3,0,2,0,0,1,3,7,0,2,12,4,0,0,1,5,1,1,3,1,1,33,0,1,3,0,1,0,1,0,0,2,1,0,1,0,0,2,1,0,0,0,0,0,1,0,2,0,0,1,0,0,0,0,0,0,1,0,1,2,2,0,0,0,1,0,1,0,1,1,1,0,0,1,0,0,0,1,0,0,0,0,0,0,0,2,0,0,0,0,0,0,0,0,0,0,0,0,0,0,2,0,0,0,3,1,0,0,4,0,0,0,1,0,0,2,0,2,0,1,0,2,4,1,0,1,0,3,3,0,1,0,0,0,0,0,0,0,0,0,0,0,0,1,0,1,0,0,0,0,0,0,0,0,0,0,0,0,0,0,0,1,0,0,0,0,0,0,0,0,0,0
parvus_poTurmam.txt_chunk34,parvus,1.890359168241966,0,0,0,1.890359168241966,0,1.890359168241966,1.890359168241966,1.890359168241966,54.82041587901702,1.890359168241966,0,0,0,0,0,3.780718336483932,1.890359168241966,0,0,1.890359168241966,0,0,0,0,0,3.780718336483932,1.890359168241966,0,0,0,0,5.671077504725898,0,3.780718336483932,1.890359168241966,0,1.890359168241966,15.122873345935728,0,0,5.671077504725898,0,30.245746691871457,0,11.342155009451796,0,1.890359168241966,0,5.671077504725898,15.122873345935728,0,5.671077504725898,7.561436672967864,1.890359168241966,0,0,1.890359168241966,0,0,0,0,1.890359168241966,3.780718336483932,15.122873345935728,7.561436672967864,0,0,0,0,0,0,11.342155009451796,0,0,17.013232514177695,1.890359168241966,0,0,0,1.890359168241966,0,0,1.890359168241966,0,5.671077504725898,0,3.780718336483932,0,0,1.890359168241966,0,0,0,11.342155009451796,1.890359168241966,0,0,1.890359168241966,0,0,0,9.45179584120983,1.890359168241966,1.890359168241966,0,9.45179584120983,0,0,0,1.890359168241966,1.890359168241966,0,0,1.890359168241966,0,5.671077504725898,0,0,3.780718336483932,0,13.232514177693762,1.890359168241966,0,0,0,0,3.780718336483932,1.890359168241966,1.890359168241966,3.780718336483932,0,0,1.890359168241966,0,0,1.890359168241966,0,13.232514177693762,1.890359168241966,0,1.890359168241966,0,3.780718336483932,0,1.890359168241966,0,0,0,56.71077504725898,0,0,1.890359168241966,0,0,0,0,0,0,0,0,0,0,0,0,0,1.890359168241966,0,0,0,0,0,0,0,5.671077504725898,0,0,0,0,0,0,0,0,0,0,0,0,3.780718336483932,1.890359168241966,0,0,0,0,0,0,0,0,0,0,0,0,0,0,0,0,0,0,0,0,0,0,0,0,1.890359168241966,0,0,0,0,0,0,1.890359168241966,0,0,0,0,0,0,0,0,0,0,3.780718336483932,0,0,0,0,5.671077504725898,0,0,0,0,1.890359168241966,3.780718336483932,0,0,0,0,0,0,0,1.890359168241966,1.890359168241966,1.890359168241966,3.780718336483932,1.890359168241966,9.45179584120983,0,0,0,0,0,0,0,0,3.780718336483932,1.890359168241966,0,0,1.890359168241966,0,0,0,0,1.890359168241966,1.890359168241966,0,0,0,0,0,1.890359168241966,0,0,0,0,0,0,0,0,5.671077504725898,0,0,0,0,0,0,0,0,0,0
parvus_poTurmam.txt_chunk6,parvus,7,5,0,0,7,4,1,8,2,30,0,1,0,2,0,1,3,0,0,0,2,0,0,0,1,1,7,0,0,0,0,0,7,3,0,1,0,3,5,5,5,5,0,29,1,5,5,1,8,9,5,0,4,1,3,0,0,1,0,0,0,1,0,3,9,7,0,0,4,1,2,3,15,0,1,20,1,0,0,1,2,0,2,3,0,6,0,3,0,2,0,0,0,0,8,8,5,0,4,0,0,0,5,2,1,4,4,2,2,0,1,4,0,0,2,3,4,1,0,0,1,3,2,2,1,1,0,4,3,1,6,0,2,0,0,8,1,0,18,3,0,0,1,11,2,0,0,0,0,15,0,0,2,0,0,0,0,0,1,0,0,0,0,0,1,0,0,0,1,0,0,1,0,0,4,0,0,2,0,0,0,0,0,0,0,0,0,2,0,2,0,0,1,0,0,0,2,1,2,0,0,1,0,0,1,0,0,0,2,1,0,0,0,2,1,0,0,0,0,0,0,2,0,0,1,0,0,1,0,0,0,0,4,4,0,0,4,1,0,0,0,2,1,0,0,1,0,3,0,2,0,1,0,1,6,1,1,0,0,0,0,0,0,0,0,2,0,0,0,0,1,0,0,1,1,0,0,0,0,0,0,0,0,0,0,0,1,0,0,1,0,0,0,0,0,0,0,0,0,1
parvus_poTurmam.txt_chunk7,parvus,2,1,2,0,6,1,3,8,0,32,4,0,0,2,0,6,5,0,1,1,3,1,1,0,0,0,0,0,0,0,0,0,5,1,3,2,1,3,4,0,2,3,1,26,0,5,1,1,3,11,10,0,3,2,0,0,0,6,0,0,0,0,0,1,3,3,0,0,2,1,0,0,13,1,3,14,4,0,0,1,0,0,1,3,3,11,2,2,0,1,1,0,0,0,15,0,4,0,6,0,3,2,13,2,1,3,6,0,0,0,0,1,0,0,1,3,1,0,0,0,0,8,2,0,1,3,0,3,1,0,3,0,1,0,0,9,1,0,13,3,0,0,1,4,0,2,0,1,0,9,0,1,3,1,0,0,0,0,2,0,0,1,0,0,0,1,0,0,1,1,1,0,0,0,1,2,0,1,1,3,1,0,0,0,3,0,0,2,1,0,2,1,0,0,0,0,0,0,0,1,0,0,2,1,1,0,0,0,1,1,0,1,0,0,1,1,0,0,0,0,1,0,5,0,1,0,0,0,2,0,0,1,1,0,0,0,2,0,1,1,0,0,0,0,0,0,1,3,1,0,1,0,0,2,1,6,4,0,0,0,1,0,1,2,1,1,0,0,1,1,0,3,0,1,2,0,0,0,0,0,0,0,0,1,0,1,1,0,0,0,0,0,1,0,0,0,0,0,0,2
parvus_poTurmam.txt_chunk8,parvus,3,1,5,1,2,3,4,11,2,30,4,3,0,2,1,1,7,0,2,0,2,0,0,0,0,0,4,1,0,0,0,0,2,0,0,3,0,6,4,1,0,1,0,31,0,2,0,2,2,3,8,0,3,1,1,1,1,0,2,1,0,1,0,2,0,0,1,0,1,1,0,2,9,6,1,17,0,2,1,3,0,0,0,1,0,6,1,6,2,2,1,0,0,0,1,1,4,0,0,0,1,3,4,1,6,0,6,0,0,1,0,6,0,1,0,0,0,0,0,0,1,4,0,2,0,4,0,2,2,0,9,0,1,1,0,4,3,0,19,3,0,2,3,9,4,1,0,0,0,2,2,0,3,1,0,0,0,1,2,0,0,0,0,11,0,0,1,1,0,1,0,1,1,1,3,1,0,0,1,0,1,2,0,1,0,0,0,1,0,0,0,1,0,0,0,1,2,2,0,0,0,0,0,1,0,2,0,1,1,0,0,2,0,0,3,0,0,0,0,0,1,0,0,0,0,0,2,0,2,0,0,0,3,2,0,0,6,1,2,0,3,0,1,0,3,0,1,1,0,1,2,0,1,1,0,15,10,0,0,0,0,0,0,5,0,0,0,0,0,1,0,1,0,1,1,0,0,0,1,4,2,0,4,1,0,1,1,0,1,0,0,0,1,0,0,0,0,0,0,1
parvus_poTurmam.txt_chunk9,parvus,5,1,4,1,0,3,2,11,4,26,3,0,0,1,0,5,5,0,2,2,2,0,0,0,0,0,3,2,0,2,1,0,6,2,1,5,0,5,6,1,0,3,0,29,0,6,4,0,6,5,8,0,4,1,2,0,2,1,0,0,0,0,0,0,2,2,2,0,3,2,0,0,8,2,0,16,1,1,0,3,2,1,0,4,1,9,0,3,2,1,0,0,0,0,11,7,3,0,2,0,1,1,4,2,3,0,10,0,1,0,1,0,1,1,0,1,0,2,0,0,1,7,3,0,1,2,0,5,2,0,2,1,1,0,1,4,2,3,12,4,0,0,0,9,1,0,1,0,0,6,1,5,3,0,0,0,0,0,1,0,0,0,0,2,1,1,1,0,0,0,1,1,0,0,3,0,0,0,1,0,0,1,1,0,0,0,0,0,1,0,0,0,0,0,0,0,1,0,0,0,0,0,0,0,3,0,0,0,0,1,0,0,0,0,1,0,0,0,0,0,0,0,0,0,0,0,0,0,1,0,0,0,5,6,0,1,0,1,0,2,1,2,1,0,0,1,0,0,1,1,6,0,1,0,1,4,3,0,1,0,0,0,1,4,0,0,0,3,0,1,2,3,0,2,0,0,0,0,0,4,0,0,0,0,1,0,0,0,0,0,0,0,0,0,0,0,0,0,0,5
parvus_samoderzh_i_fin_I.txt_chunk2,parvus,16.611295681063122,6.644518272425249,1.6611295681063123,0,0,1.6611295681063123,1.6611295681063123,8.305647840531561,0,21.59468438538206,0,0,0,1.6611295681063123,0,0,6.644518272425249,0,1.6611295681063123,0,0,0,0,0,0,0,0,0,0,0,0,0,0,0,0,3.3222591362126246,0,9.966777408637872,14.950166112956811,0,0,0,1.6611295681063123,19.933554817275745,1.6611295681063123,9.966777408637872,3.3222591362126246,0,1.6611295681063123,8.305647840531561,6.644518272425249,0,1.6611295681063123,0,0,0,0,0,0,0,4.983388704318936,0,1.6611295681063123,3.3222591362126246,0,0,1.6611295681063123,0,0,0,0,0,31.561461794019934,0,0,11.627906976744185,1.6611295681063123,0,0,1.6611295681063123,0,1.6611295681063123,0,1.6611295681063123,0,8.305647840531561,0,1.6611295681063123,0,0,0,0,0,0,3.3222591362126246,0,1.6611295681063123,0,9.966777408637872,0,1.6611295681063123,3.3222591362126246,14.950166112956811,0,0,1.6611295681063123,13.289036544850498,0,0,0,0,0,0,0,0,0,0,0,0,0,0,1.6611295681063123,0,0,0,4.983388704318936,0,11.627906976744185,1.6611295681063123,0,4.983388704318936,0,1.6611295681063123,0,1.6611295681063123,0,1.6611295681063123,0,3.3222591362126246,3.3222591362126246,0,0,3.3222591362126246,3.3222591362126246,1.6611295681063123,1.6611295681063123,0,0,0,0,1.6611295681063123,1.6611295681063123,3.3222591362126246,0,0,0,0,0,0,0,0,0,0,0,0,0,0,0,0,0,0,0,0,0,6.644518272425249,0,0,3.3222591362126246,0,9.966777408637872,0,0,0,0,0,0,0,0,0,0,0,0,0,0,0,0,3.3222591362126246,4.983388704318936,0,0,0,1.6611295681063123,0,0,0,0,0,0,0,0,0,0,0,1.6611295681063123,0,0,0,0,0,1.6611295681063123,0,0,0,0,1.6611295681063123,0,0,0,1.6611295681063123,0,0,0,3.3222591362126246,0,0,0,0,3.3222591362126246,0,4.983388704318936,0,0,0,0,1.6611295681063123,1.6611295681063123,1.6611295681063123,0,0,0,0,1.6611295681063123,0,1.6611295681063123,0,0,0,0,0,0,0,0,0,0,0,0,8.305647840531561,0,0,0,0,0,0,0,3.3222591362126246,0,0,0,0,0,0,0,1.6611295681063123,0,0,0,0,0,0,0,0,0,0,0,0,0,0,1.6611295681063123,0,0
parvus_tua_res_agitur_I.txt_chunk2,parvus,0,1.3440860215053765,0,0,6.720430107526882,1.3440860215053765,0,4.032258064516129,4.032258064516129,24.193548387096772,1.3440860215053765,0,0,2.688172043010753,0,2.688172043010753,2.688172043010753,1.3440860215053765,1.3440860215053765,1.3440860215053765,0,0,0,0,0,4.032258064516129,1.3440860215053765,0,2.688172043010753,2.688172043010753,1.3440860215053765,0,2.688172043010753,1.3440860215053765,2.688172043010753,4.032258064516129,0,2.688172043010753,1.3440860215053765,2.688172043010753,0,10.752688172043012,0,29.56989247311828,2.688172043010753,4.032258064516129,0,0,0,2.688172043010753,8.064516129032258,0,4.032258064516129,0,0,0,0,2.688172043010753,0,1.3440860215053765,0,0,0,0,0,0,0,2.688172043010753,4.032258064516129,0,2.688172043010753,0,6.720430107526882,1.3440860215053765,0,8.064516129032258,0,0,0,0,1.3440860215053765,0,0,0,0,9.408602150537634,0,9.408602150537634,1.3440860215053765,0,0,0,0,0,2.688172043010753,12.096774193548386,2.688172043010753,0,2.688172043010753,1.3440860215053765,0,0,0,1.3440860215053765,2.688172043010753,1.3440860215053765,12.096774193548386,0,0,2.688172043010753,1.3440860215053765,4.032258064516129,2.688172043010753,0,1.3440860215053765,1.3440860215053765,1.3440860215053765,1.3440860215053765,0,0,0,4.032258064516129,0,0,0,1.3440860215053765,0,6.720430107526882,1.3440860215053765,0,4.032258064516129,0,0,0,0,1.3440860215053765,2.688172043010753,0,10.752688172043012,4.032258064516129,0,2.688172043010753,1.3440860215053765,10.752688172043012,4.032258064516129,0,0,0,0,0,0,0,2.688172043010753,0,0,0,0,0,4.032258064516129,0,0,0,0,1.3440860215053765,2.688172043010753,0,2.688172043010753,0,0,1.3440860215053765,0,0,1.3440860215053765,1.3440860215053765,4.032258064516129,0,2.688172043010753,0,5.376344086021506,0,0,0,1.3440860215053765,4.032258064516129,0,0,1.3440860215053765,0,0,0,1.3440860215053765,0,0,1.3440860215053765,0,1.3440860215053765,2.688172043010753,2.688172043010753,1.3440860215053765,1.3440860215053765,1.3440860215053765,0,0,9.408602150537634,0,1.3440860215053765,0,0,2.688172043010753,1.3440860215053765,1.3440860215053765,1.3440860215053765,0,0,0,0,2.688172043010753,0,0,0,0,0,1.3440860215053765,0,1.3440860215053765,0,0,5.376344086021506,0,0,0,0,2.688172043010753,0,2.688172043010753,0,1.3440860215053765,1.3440860215053765,0,1.3440860215053765,0,0,0,0,0,1.3440860215053765,2.688172043010753,0,1.3440860215053765,0,0,0,0,0,0,2.688172043010753,2.688172043010753,0,1.3440860215053765,0,1.3440860215053765,0,0,1.3440860215053765,1.3440860215053765,0,0,1.3440860215053765,0,0,0,0,1.3440860215053765,0,0,0,6.720430107526882,0,0,0,1.3440860215053765,0,1.3440860215053765,1.3440860215053765,0,1.3440860215053765,0,2.688172043010753,0,1.3440860215053765,0,0,0,0,1.3440860215053765,0,0,10.752688172043012,0,2.688172043010753
parvus_v_chem_my_rashodimsya_otvet_leninu.txt_chunk2,parvus,6,1,4,0,5,0,3,2,1,35,0,0,0,2,1,0,6,1,4,0,3,0,0,0,1,0,8,0,0,0,2,0,9,3,1,5,1,2,8,2,0,3,0,29,0,4,1,1,7,3,6,2,2,0,0,0,1,1,0,0,1,0,1,2,0,1,0,0,2,0,0,0,3,0,2,24,3,0,0,2,1,0,0,4,1,12,1,0,2,0,0,1,0,0,11,4,5,0,6,0,0,3,2,2,4,0,7,1,1,2,1,0,0,0,1,0,1,2,1,0,0,3,2,0,2,6,0,8,4,0,2,2,2,0,1,2,3,0,16,6,1,0,1,7,5,1,4,0,1,6,0,1,1,0,0,2,0,0,0,0,0,2,0,0,7,1,0,1,0,0,0,0,0,0,2,1,1,1,0,0,0,0,0,1,0,0,0,1,0,0,0,0,1,2,0,0,0,10,0,1,0,0,0,3,0,0,0,1,0,4,2,2,0,0,3,0,0,0,0,1,1,0,2,0,0,1,1,0,1,0,0,1,1,1,0,0,2,0,0,1,1,0,0,0,0,1,0,0,0,1,0,0,0,1,0,13,6,1,0,0,0,0,1,12,0,0,0,1,1,0,1,0,0,1,2,0,1,0,0,1,7,0,5,2,1,0,1,1,0,0,0,0,0,1,1,0,2,0,0,1
parvus_v_chem_my_rashodimsya_otvet_leninu.txt_chunk5,parvus,9,0,4,2,14,2,0,2,0,35,2,1,0,3,0,1,2,0,1,1,0,1,0,1,2,0,4,0,0,0,3,0,3,1,1,6,0,2,6,1,0,4,0,24,1,1,5,1,6,5,10,1,3,0,2,0,1,0,0,2,0,1,0,1,0,0,0,2,3,2,0,1,19,0,0,19,1,1,0,2,3,1,0,0,0,12,1,1,0,0,0,0,0,0,8,2,4,1,2,0,1,1,5,0,3,1,10,1,2,0,0,3,0,1,0,4,1,0,0,0,1,3,1,0,0,1,0,3,4,1,5,2,1,0,1,3,3,0,12,2,1,1,1,5,2,0,1,0,0,2,1,0,0,0,0,1,0,0,2,0,0,0,0,1,0,4,4,2,0,0,0,0,1,1,1,0,0,2,1,0,0,0,1,0,1,0,0,0,1,0,0,1,1,1,1,0,1,3,0,1,0,1,0,1,0,0,0,1,0,0,2,5,1,0,5,0,1,0,0,0,1,0,11,2,1,0,1,0,0,1,0,0,5,1,0,0,1,0,0,3,0,0,0,0,0,0,1,0,0,0,0,0,1,2,0,13,2,1,0,0,0,0,0,5,0,1,0,0,1,0,0,1,1,0,1,0,0,0,3,2,5,0,1,0,1,0,7,6,0,0,0,0,1,0,1,0,5,0,0,1
parvus_v_chem_my_rashodimsya_otvet_leninu.txt_chunk6,parvus,11,1,4,1,2,0,0,0,2,26,3,2,0,1,0,2,3,1,3,2,0,0,0,0,2,1,9,1,1,0,1,2,6,1,1,2,1,5,3,2,1,2,1,43,0,4,9,0,5,6,5,0,2,1,2,0,0,0,0,0,1,1,0,0,2,1,1,0,1,1,0,0,10,1,0,20,1,1,0,1,2,0,0,1,1,9,0,5,0,0,0,3,0,1,7,1,6,1,0,0,0,1,2,1,1,1,15,0,1,0,0,4,0,1,1,1,0,2,0,0,0,1,1,0,1,2,0,5,1,2,4,4,1,0,0,0,2,0,15,3,1,1,2,6,0,1,1,0,0,7,0,1,0,0,0,1,1,0,1,0,0,0,0,1,4,0,0,0,1,0,0,0,0,1,1,0,0,3,2,0,1,0,1,0,2,1,0,1,0,0,0,0,0,1,1,0,1,5,0,0,0,0,0,1,0,1,0,0,1,0,4,8,0,0,1,0,2,0,0,0,1,0,3,3,2,0,0,0,1,3,0,0,3,2,2,0,0,0,0,1,1,0,0,0,0,0,0,0,0,1,1,0,1,0,2,6,2,0,1,0,0,0,1,2,0,0,0,0,0,0,0,0,7,0,0,0,0,1,0,0,7,0,0,1,1,0,7,3,3,0,0,0,0,1,1,0,7,0,0,1
parvus_v_chem_my_rashodimsya_otvet_leninu.txt_chunk8,parvus,6,2,0,0,1,2,1,2,1,40,1,0,0,1,1,2,8,1,1,0,1,0,0,0,2,0,7,0,2,0,1,0,3,3,2,4,0,3,3,0,0,3,0,34,0,5,1,3,3,10,7,0,4,2,0,0,2,2,0,2,0,0,1,1,0,5,0,0,3,1,0,0,16,1,2,12,2,0,0,3,0,0,1,0,0,5,2,3,0,0,0,1,1,1,5,0,3,9,3,0,0,2,3,0,1,4,5,0,1,1,0,0,1,1,1,1,0,0,0,0,0,3,0,0,0,1,0,7,2,0,4,5,2,3,0,1,2,0,19,11,0,0,0,10,4,3,0,0,0,11,0,0,1,1,1,0,0,0,0,0,0,0,0,0,1,1,0,0,1,0,0,1,0,0,5,1,1,1,1,0,0,1,2,5,1,2,2,1,0,0,0,1,0,2,2,0,1,7,4,2,0,0,0,8,1,1,0,0,1,2,4,4,0,2,1,1,0,0,0,0,1,0,6,0,2,2,1,2,1,0,0,1,1,3,0,0,0,0,0,0,0,0,1,0,0,0,0,0,0,0,1,0,0,1,1,1,0,0,0,0,0,1,2,4,0,0,1,0,1,0,3,1,1,0,0,0,0,0,0,0,3,0,0,5,2,1,4,1,1,0,1,0,3,1,2,0,1,0,0,2
parvus_virIII_9_mes_voyny_I.txt_chunk1,parvus,0,2,1,0,8,5,0,3,0,30,2,0,0,2,1,1,1,0,1,0,0,0,0,0,0,1,1,0,0,0,0,0,1,7,2,2,1,3,5,0,0,3,0,20,0,2,1,0,3,8,3,0,3,0,0,1,0,1,0,0,0,0,0,0,0,0,0,0,2,1,1,0,14,0,0,5,1,0,0,0,1,1,0,0,0,9,1,3,1,0,0,1,0,0,0,5,2,0,6,1,2,1,1,2,10,0,12,0,0,2,1,2,1,1,4,1,0,0,0,0,2,3,0,0,0,5,0,0,2,0,2,2,2,0,0,2,2,0,12,3,0,1,2,7,0,0,0,0,3,1,1,0,1,1,0,1,0,2,1,1,0,0,0,3,1,0,1,0,1,0,0,2,0,2,1,0,0,1,0,0,0,0,0,0,1,0,0,1,0,0,0,3,0,1,0,2,2,6,0,0,0,0,1,0,0,5,0,1,0,0,1,0,1,3,4,0,0,0,0,0,0,0,1,0,22,4,1,0,6,1,0,0,3,2,0,0,1,1,0,0,0,1,0,0,0,1,0,1,0,1,0,2,2,1,0,0,0,0,0,0,1,0,1,0,0,0,0,1,1,0,2,2,0,1,1,0,3,0,0,3,1,0,3,0,4,2,0,0,0,0,0,0,0,0,0,8,0,4,0,0
parvus_virIII_9_mes_voyny_I.txt_chunk2,parvus,5,1,3,0,2,4,0,1,1,24,2,0,0,0,0,2,8,0,1,0,0,0,0,1,0,1,3,0,0,1,0,1,1,5,1,6,0,6,5,0,0,3,0,26,0,4,3,0,4,5,7,0,2,2,0,0,0,1,0,0,0,0,0,1,0,0,0,0,2,2,0,0,24,0,0,9,0,0,0,1,0,0,0,0,0,7,0,0,0,1,1,0,0,1,2,3,0,0,8,0,5,0,1,2,4,0,12,0,0,1,0,1,0,0,0,2,0,0,1,1,0,2,1,1,0,2,0,14,1,0,7,0,0,0,1,1,1,0,16,3,3,1,1,5,2,0,0,0,1,0,1,0,3,1,0,0,0,0,1,0,0,0,0,2,0,0,1,0,0,1,0,0,0,0,5,0,1,3,3,0,0,0,0,0,1,0,0,0,2,0,0,2,0,0,0,1,1,1,0,0,0,0,0,0,0,3,0,0,0,0,0,0,0,1,2,0,1,0,0,1,1,0,0,0,7,2,2,1,2,0,0,0,3,0,0,0,2,0,0,0,0,0,0,0,1,0,0,0,1,2,2,1,1,3,0,0,0,0,0,0,0,0,0,0,0,1,0,0,0,0,0,1,0,2,1,0,1,0,0,2,0,0,5,0,0,1,0,0,0,1,0,0,0,0,0,1,0,1,0,0
parvus_virIII_9_mes_voyny_I.txt_chunk3,parvus,5,1,8,3,5,0,0,0,1,25,3,0,0,0,1,1,6,0,3,3,0,0,0,2,0,2,2,1,1,0,1,1,3,6,1,3,0,4,6,0,0,4,0,34,0,3,0,2,2,11,4,0,0,5,0,0,0,2,0,0,0,0,1,1,0,0,0,0,3,6,0,0,17,0,0,16,0,1,0,0,0,0,0,0,0,6,0,1,1,1,0,1,0,0,3,6,2,0,7,0,1,2,7,0,8,1,8,0,0,1,2,2,0,0,0,1,0,0,0,0,0,2,0,0,0,6,0,4,1,0,8,0,3,0,1,4,4,0,9,4,0,0,1,12,2,0,4,0,1,0,0,0,7,0,0,1,0,1,1,0,0,2,0,1,0,0,2,0,0,0,0,0,0,1,4,0,0,7,0,0,0,0,0,0,0,0,0,0,0,0,0,2,0,0,0,3,1,0,0,0,0,0,1,0,0,1,0,2,0,0,1,0,0,2,1,0,0,0,0,0,0,0,0,0,2,2,1,2,1,0,0,0,5,1,0,0,1,0,0,2,0,0,0,0,0,0,2,3,0,0,1,2,5,1,0,0,0,1,1,0,2,0,0,0,0,1,3,1,0,0,0,1,0,0,2,0,0,0,0,4,1,0,4,0,0,1,0,0,0,0,0,0,0,0,0,6,0,0,0,0
parvus_virIV_samoderzh_i_reformy_I.txt_chunk3,parvus,9,1,1,1,7,0,0,3,0,21,0,0,0,2,1,0,6,0,1,1,0,0,0,2,3,0,1,1,0,0,1,0,3,3,1,5,0,5,2,1,0,7,0,31,0,3,1,2,6,7,5,2,0,0,3,0,1,5,0,1,0,0,0,1,0,0,0,0,0,2,0,2,14,0,0,10,1,3,0,1,1,2,0,2,0,7,0,2,0,4,0,0,0,0,2,7,3,0,3,0,0,1,5,3,5,0,7,0,3,1,1,0,3,0,1,1,3,1,0,1,3,1,1,5,0,2,0,2,0,1,3,1,1,2,1,0,1,0,10,2,3,1,0,6,1,0,0,0,0,1,0,1,1,0,0,0,0,0,3,0,1,0,0,3,2,0,0,0,0,0,0,0,2,1,2,0,2,2,0,0,0,0,0,1,0,0,0,2,0,1,0,0,0,1,0,0,1,7,0,0,7,1,2,1,1,0,0,0,1,1,2,1,1,1,0,0,0,1,1,0,0,0,3,1,7,0,0,1,0,1,0,0,0,0,0,0,1,1,3,0,0,0,0,0,0,0,0,0,0,0,2,1,0,2,0,2,0,0,1,2,0,0,0,2,0,1,0,1,0,0,0,0,1,1,0,0,0,1,0,5,4,0,3,3,3,4,0,0,0,0,0,0,1,0,0,5,0,0,0,0
parvus_virI_kapitalizm_i_voyna_I.txt_chunk1,parvus,9,1,0,0,1,5,1,2,2,23,1,0,0,2,1,4,11,1,0,2,0,0,0,0,0,0,2,2,0,1,0,0,2,7,0,0,0,4,3,1,1,4,0,38,0,2,0,0,1,8,7,0,0,0,1,1,1,1,0,0,1,0,0,5,0,0,0,0,2,0,1,1,12,1,0,6,0,0,0,0,1,0,0,0,0,4,0,1,0,0,0,0,1,0,1,6,1,0,1,0,1,0,4,2,0,0,14,0,1,0,2,3,4,0,0,2,3,1,0,0,1,4,1,0,0,5,0,3,1,1,4,0,2,0,0,1,2,0,8,0,1,0,1,6,0,1,0,1,0,0,1,0,3,1,0,0,0,0,1,0,0,0,0,0,2,1,0,0,2,0,0,0,0,2,1,0,0,4,0,0,0,0,0,1,0,0,0,1,0,0,0,0,0,0,0,2,0,0,0,0,3,0,0,0,0,1,0,0,1,0,0,0,3,2,5,0,0,0,1,2,0,0,0,0,1,0,0,2,2,1,0,0,0,0,0,0,3,0,0,0,0,1,0,0,0,0,0,1,1,0,0,1,0,0,0,0,0,0,0,0,0,0,0,0,0,0,2,1,1,0,0,0,0,0,1,2,4,1,0,0,1,0,1,0,1,0,1,0,0,0,0,0,0,0,1,3,0,2,0,0
parvus_virI_kapitalizm_i_voyna_I.txt_chunk2,parvus,5,0,0,0,2,1,1,2,0,27,2,2,0,1,0,1,4,0,1,1,2,0,0,0,0,0,3,0,0,0,0,1,2,7,2,0,0,4,3,0,0,4,0,49,0,3,0,0,4,7,4,0,1,0,2,0,0,1,0,0,0,0,0,2,0,0,0,0,1,1,0,0,22,0,0,8,1,0,0,0,0,0,0,0,0,10,0,1,0,2,0,0,0,0,9,1,5,0,2,1,0,2,7,1,3,0,8,0,0,1,1,0,1,1,0,0,1,1,0,1,0,2,1,2,1,1,0,7,1,0,1,1,0,0,0,2,2,0,11,3,1,2,0,2,1,0,1,0,0,1,2,0,4,1,0,1,0,0,0,0,0,0,0,2,5,0,0,0,0,0,0,0,0,1,3,0,0,1,1,0,0,0,0,1,0,0,0,1,0,2,0,0,0,0,0,2,0,1,0,0,2,0,1,1,0,0,0,0,1,0,0,0,0,1,2,0,0,0,0,1,0,0,1,0,1,0,1,3,0,3,0,1,0,0,0,1,2,0,0,0,0,1,1,0,0,0,0,0,1,0,0,0,0,2,0,1,0,1,0,0,0,0,1,0,0,0,0,0,0,0,0,0,0,1,1,1,0,0,0,1,0,0,1,0,0,0,0,0,0,1,0,0,0,0,0,1,0,0,0,0
plehanov_beliy_terror_I.txt_chunk1,plehanov,4,1,0,0,1,0,1,1,3,28,0,3,0,2,3,1,3,0,4,0,0,0,0,0,0,0,6,0,0,1,2,0,6,1,2,4,0,4,2,0,1,5,0,47,0,4,2,1,2,5,7,0,0,1,2,4,0,0,0,0,0,0,0,0,1,3,0,1,4,0,0,0,13,2,0,11,1,2,0,0,2,0,1,3,0,7,0,2,0,0,0,0,1,1,6,1,1,0,2,1,0,3,6,5,1,1,6,0,0,0,1,1,1,0,1,0,1,5,0,0,1,3,1,0,0,1,0,5,2,1,7,3,1,1,3,1,3,0,20,5,0,1,0,4,3,1,1,1,1,9,0,0,0,0,0,0,2,0,0,0,1,0,0,13,0,1,0,0,0,0,0,0,0,0,4,1,0,7,1,0,0,4,0,0,0,1,2,1,0,0,0,0,0,0,0,0,2,0,3,0,1,0,0,0,0,0,0,0,1,0,1,1,0,0,1,0,1,0,0,0,0,2,2,0,2,0,0,0,1,0,0,0,3,0,1,0,3,0,0,1,0,0,0,0,0,0,1,0,1,0,0,0,0,3,0,7,2,0,0,0,1,0,0,0,1,0,1,1,0,0,0,0,3,0,0,0,0,0,0,3,0,0,0,0,1,0,0,0,0,0,0,0,0,0,1,0,0,0,0,0
plehanov_cant_vs_kant.txt_chunk3,plehanov,8,0,0,0,5,1,0,3,1,41,0,0,0,0,0,0,1,1,2,0,0,2,0,0,0,2,3,1,0,0,0,0,15,2,5,2,2,1,5,0,0,1,0,35,0,7,5,1,3,8,8,0,0,3,0,1,0,2,0,1,0,2,1,0,0,0,0,1,1,2,1,1,12,0,1,15,3,1,1,0,4,2,1,0,0,14,0,3,0,0,0,0,1,2,8,3,5,0,3,0,3,0,4,0,1,1,6,2,0,0,2,5,1,0,1,1,0,0,0,0,2,5,0,0,0,0,1,6,4,0,3,4,0,2,1,1,1,0,20,4,1,1,0,4,4,1,3,0,2,1,3,0,6,0,0,2,0,0,3,0,0,0,1,2,0,1,1,0,0,1,1,1,0,1,2,2,0,0,1,13,1,0,0,0,2,0,0,1,0,0,2,0,0,0,0,1,2,0,0,0,0,3,0,0,1,0,0,2,0,0,0,0,0,0,3,0,2,0,0,0,1,0,0,0,0,0,0,1,1,0,0,1,3,0,1,1,2,1,0,0,0,1,1,0,0,1,1,2,0,1,0,0,3,2,0,1,0,1,0,0,1,0,0,1,1,0,0,1,0,0,0,1,0,2,0,0,0,0,1,0,0,0,0,0,0,0,0,0,0,0,0,0,0,0,0,0,0,0,2,0
plehanov_cant_vs_kant.txt_chunk5,plehanov,2,0,1,0,9,0,0,1,5,18,1,2,0,1,0,0,3,0,1,1,0,3,1,1,0,0,6,0,0,0,0,1,14,3,0,4,4,1,5,0,0,1,0,41,0,5,2,2,7,8,7,1,0,2,0,1,0,2,1,2,0,0,0,0,0,0,1,1,5,1,0,0,11,0,2,16,2,0,0,2,1,0,0,1,1,6,0,6,2,0,0,1,1,0,15,2,3,0,4,2,4,1,1,1,0,0,6,0,0,1,0,0,0,0,1,1,2,1,1,0,0,5,1,0,0,4,0,6,4,0,7,3,1,1,0,4,2,0,18,5,1,6,1,2,2,2,1,1,0,0,0,0,4,0,1,2,0,0,1,0,0,0,0,0,2,1,1,0,0,1,0,0,0,2,1,0,3,3,0,13,0,0,0,0,0,0,0,1,2,0,0,0,2,0,0,1,1,2,0,0,0,0,0,1,0,0,0,3,0,0,0,0,0,1,0,0,1,0,0,1,1,0,0,0,0,0,0,0,1,0,0,4,1,3,0,0,5,1,0,1,0,0,1,1,1,1,0,0,0,0,0,1,2,0,0,6,0,3,0,0,0,1,1,1,3,0,0,0,2,0,0,2,0,0,2,0,2,0,0,0,0,0,0,0,1,0,1,0,0,0,0,0,0,1,1,0,0,2,2,0
plehanov_grustnoe_nedorazumenie_I.txt_chunk2,plehanov,8,0,1,0,10,1,1,3,2,24,2,3,2,2,1,2,1,0,2,4,1,1,0,0,1,0,1,1,0,0,1,0,3,0,1,8,1,5,1,0,0,1,1,27,0,2,6,2,9,7,4,0,2,1,0,2,0,4,1,0,0,1,0,1,4,4,1,1,0,2,3,0,8,0,0,23,4,1,2,3,2,2,2,1,1,7,0,6,0,1,2,0,0,0,9,0,4,1,6,0,5,0,8,1,1,3,16,0,0,0,0,0,0,1,1,0,2,4,1,0,1,5,0,1,1,5,1,7,3,2,3,3,0,2,2,4,2,0,18,0,0,2,0,10,0,0,2,1,0,13,0,0,3,1,1,1,0,1,3,0,0,0,0,0,1,2,1,0,0,0,2,1,1,1,2,3,0,0,1,0,0,1,0,0,2,0,0,1,0,2,0,0,4,1,0,2,1,2,0,0,0,2,0,0,0,0,0,2,0,1,0,0,0,0,2,0,1,0,0,0,1,0,1,0,0,0,0,0,0,0,0,1,3,0,1,0,0,0,0,3,0,0,1,1,1,1,0,0,0,1,0,0,0,1,2,4,2,1,0,0,0,1,0,0,0,1,0,0,0,0,0,0,1,0,0,0,0,0,0,0,0,0,0,0,0,0,0,0,0,0,0,0,0,0,0,0,0,0,0,0
plehanov_grustnoe_nedorazumenie_I.txt_chunk3,plehanov,11,0,0,0,12,0,3,6,3,27,8,4,0,1,3,0,2,0,1,0,2,1,1,0,1,1,3,2,0,0,3,0,5,0,1,1,0,2,5,2,0,1,0,25,0,8,2,1,3,9,7,0,3,1,1,2,0,1,2,1,0,0,0,3,2,5,0,1,1,1,1,1,9,2,0,28,0,0,1,2,2,2,2,1,2,8,1,5,1,0,2,0,0,2,8,0,4,0,2,0,4,0,11,0,1,1,10,0,1,1,0,0,0,1,0,1,1,2,0,0,2,2,1,1,1,2,0,8,4,1,5,0,0,0,1,2,1,0,30,2,0,4,0,13,2,1,2,2,0,15,0,0,3,0,0,0,1,0,4,0,8,0,1,0,0,0,0,1,1,1,2,0,1,0,1,1,0,0,0,0,3,0,1,0,1,3,0,0,1,0,0,0,0,7,0,0,0,0,1,0,0,0,1,0,0,0,1,13,0,0,0,0,0,0,1,0,3,0,0,0,0,0,2,0,0,0,0,0,0,0,1,1,3,3,3,0,0,0,0,3,0,1,1,0,1,0,1,0,3,1,0,1,1,1,0,2,4,2,0,0,0,0,0,4,0,1,0,1,0,0,0,0,0,1,0,0,0,0,0,0,2,0,0,0,0,0,0,0,0,0,1,2,0,0,1,0,0,0,2,0
plehanov_gzha_breshkovskaya_I.txt_chunk1,plehanov,2,0,0,0,2,0,3,2,1,32,1,0,1,0,2,1,0,1,1,0,0,3,0,0,2,1,3,0,0,0,1,0,7,0,2,0,1,2,7,0,0,1,0,35,1,5,2,0,0,18,5,0,2,0,0,0,0,1,0,2,0,1,0,3,0,4,0,1,0,1,1,1,14,0,0,15,1,1,1,0,1,1,2,1,0,9,1,7,3,0,2,0,0,0,5,3,0,1,3,1,4,0,10,1,3,0,8,0,0,0,0,1,0,0,0,1,0,2,1,0,0,3,3,0,0,3,0,3,2,0,5,4,1,1,0,5,2,0,18,2,1,1,0,6,0,4,5,2,0,16,1,0,4,0,0,2,0,2,1,0,1,0,1,1,0,0,4,0,1,0,0,0,0,1,0,0,0,2,4,13,0,2,0,0,0,0,0,2,2,0,0,0,1,1,0,1,0,3,0,0,0,0,0,0,1,0,0,2,0,0,0,0,0,0,3,0,0,0,2,1,3,0,0,1,1,1,0,0,1,0,0,1,0,1,0,1,0,0,1,0,0,0,0,2,0,2,1,2,2,0,1,0,1,1,0,5,4,1,0,0,0,0,1,1,0,0,1,2,0,1,1,1,0,0,1,0,0,0,0,0,0,0,0,1,0,0,0,0,1,0,0,2,0,0,0,0,0,0,0,0
plehanov_gzha_breshkovskaya_I.txt_chunk2,plehanov,3.1914893617021276,1.0638297872340425,0,0,9.574468085106384,4.25531914893617,1.0638297872340425,5.319148936170213,2.127659574468085,24.46808510638298,2.127659574468085,2.127659574468085,0,1.0638297872340425,0,0,2.127659574468085,0,0,0,0,5.319148936170213,0,0,1.0638297872340425,1.0638297872340425,3.1914893617021276,1.0638297872340425,2.127659574468085,1.0638297872340425,0,0,5.319148936170213,5.319148936170213,0,8.51063829787234,1.0638297872340425,1.0638297872340425,6.382978723404255,0,0,5.319148936170213,1.0638297872340425,40.42553191489362,0,4.25531914893617,5.319148936170213,0,4.25531914893617,6.382978723404255,6.382978723404255,0,2.127659574468085,1.0638297872340425,0,0,1.0638297872340425,2.127659574468085,0,1.0638297872340425,0,1.0638297872340425,0,1.0638297872340425,0,4.25531914893617,2.127659574468085,0,1.0638297872340425,0,0,0,8.51063829787234,0,2.127659574468085,24.46808510638298,0,1.0638297872340425,0,0,0,1.0638297872340425,0,2.127659574468085,2.127659574468085,4.25531914893617,0,8.51063829787234,0,0,0,0,0,0,0,15.957446808510637,1.0638297872340425,0,2.127659574468085,0,4.25531914893617,0,3.1914893617021276,0,1.0638297872340425,1.0638297872340425,11.702127659574467,0,0,1.0638297872340425,1.0638297872340425,2.127659574468085,0,2.127659574468085,2.127659574468085,2.127659574468085,1.0638297872340425,0,1.0638297872340425,0,1.0638297872340425,2.127659574468085,0,0,0,2.127659574468085,0,11.702127659574467,0,1.0638297872340425,3.1914893617021276,5.319148936170213,0,1.0638297872340425,1.0638297872340425,4.25531914893617,2.127659574468085,0,21.27659574468085,1.0638297872340425,3.1914893617021276,2.127659574468085,1.0638297872340425,8.51063829787234,2.127659574468085,2.127659574468085,0,1.0638297872340425,1.0638297872340425,5.319148936170213,1.0638297872340425,1.0638297872340425,1.0638297872340425,0,2.127659574468085,3.1914893617021276,0,0,1.0638297872340425,0,0,0,0,1.0638297872340425,3.1914893617021276,3.1914893617021276,0,0,0,0,0,0,1.0638297872340425,0,0,0,0,0,0,14.893617021276597,2.127659574468085,0,1.0638297872340425,0,0,2.127659574468085,2.127659574468085,0,0,2.127659574468085,0,0,0,3.1914893617021276,1.0638297872340425,0,0,1.0638297872340425,2.127659574468085,0,0,0,0,2.127659574468085,0,0,0,6.382978723404255,1.0638297872340425,0,0,0,0,1.0638297872340425,1.0638297872340425,0,0,0,0,1.0638297872340425,0,0,0,1.0638297872340425,2.127659574468085,1.0638297872340425,0,0,1.0638297872340425,0,0,1.0638297872340425,0,0,0,2.127659574468085,1.0638297872340425,1.0638297872340425,0,2.127659574468085,0,1.0638297872340425,0,0,0,0,2.127659574468085,0,0,0,0,0,1.0638297872340425,0,1.0638297872340425,5.319148936170213,1.0638297872340425,4.25531914893617,0,0,0,0,1.0638297872340425,1.0638297872340425,0,0,0,6.382978723404255,0,0,2.127659574468085,0,0,0,0,0,0,0,0,0,0,0,0,0,0,0,0,1.0638297872340425,0,0,0,6.382978723404255,0,0,0,0,0,0,0,0
plehanov_k_agrarnomu_voprosu_v_Rossii_NQ.txt_chunk1,plehanov,9,1,5,2,3,0,0,1,4,32,0,4,1,1,1,0,2,0,0,1,0,3,0,1,2,0,7,3,2,2,0,1,3,3,0,7,1,1,4,0,0,3,2,20,1,4,10,2,1,11,8,0,2,1,0,1,0,3,0,1,0,1,0,0,3,1,0,0,4,1,0,0,5,3,0,18,1,0,0,3,1,1,0,2,1,9,4,2,3,1,0,0,0,0,8,3,0,0,2,1,1,1,4,1,3,0,7,1,0,2,0,5,0,0,0,0,7,0,2,3,0,6,1,1,1,4,0,6,5,0,3,2,1,2,1,4,0,0,19,4,0,0,0,21,2,4,2,0,2,4,2,0,1,2,1,0,1,0,2,0,0,0,0,2,1,1,0,0,0,1,0,0,1,3,3,0,0,1,0,0,0,0,0,0,1,0,3,0,1,0,0,0,0,4,2,1,0,1,2,0,0,0,2,3,0,1,1,2,0,0,0,0,0,0,2,0,0,0,0,0,0,1,1,0,2,0,0,0,0,1,2,1,3,2,1,1,1,0,1,2,1,0,0,0,1,2,0,0,0,0,0,0,4,3,0,5,1,2,0,0,0,1,0,1,0,0,0,0,1,0,0,0,0,1,2,0,0,0,0,0,0,0,0,0,0,0,0,0,0,0,0,11,0,0,0,0,0,0,1,0
plehanov_k_agrarnomu_voprosu_v_Rossii_NQ.txt_chunk7,plehanov,7.421150278293135,0,0,0,5.565862708719852,0,1.8552875695732838,3.7105751391465676,1.8552875695732838,20.408163265306122,3.7105751391465676,0,1.8552875695732838,0,0,0,0,0,0,0,3.7105751391465676,0,0,0,0,0,1.8552875695732838,0,1.8552875695732838,0,3.7105751391465676,0,7.421150278293135,5.565862708719852,3.7105751391465676,3.7105751391465676,0,0,12.987012987012989,0,0,0,1.8552875695732838,24.118738404452692,0,3.7105751391465676,7.421150278293135,0,3.7105751391465676,11.131725417439704,11.131725417439704,1.8552875695732838,0,0,0,0,0,1.8552875695732838,0,1.8552875695732838,0,0,1.8552875695732838,3.7105751391465676,1.8552875695732838,1.8552875695732838,0,0,3.7105751391465676,1.8552875695732838,3.7105751391465676,1.8552875695732838,24.118738404452692,0,3.7105751391465676,18.55287569573284,0,1.8552875695732838,1.8552875695732838,1.8552875695732838,1.8552875695732838,0,3.7105751391465676,0,0,16.697588126159555,0,1.8552875695732838,0,0,0,0,0,0,25.974025974025977,0,0,0,3.7105751391465676,0,0,0,5.565862708719852,0,3.7105751391465676,0,3.7105751391465676,1.8552875695732838,0,0,0,5.565862708719852,0,0,0,1.8552875695732838,0,0,1.8552875695732838,1.8552875695732838,0,5.565862708719852,1.8552875695732838,0,0,0,0,1.8552875695732838,1.8552875695732838,1.8552875695732838,3.7105751391465676,3.7105751391465676,1.8552875695732838,0,1.8552875695732838,3.7105751391465676,0,0,18.55287569573284,0,0,1.8552875695732838,0,12.987012987012989,5.565862708719852,0,1.8552875695732838,0,0,12.987012987012989,0,0,1.8552875695732838,0,0,3.7105751391465676,0,0,3.7105751391465676,0,0,0,0,0,0,1.8552875695732838,0,0,0,0,0,0,1.8552875695732838,0,0,1.8552875695732838,0,0,0,0,0,0,0,0,1.8552875695732838,0,0,1.8552875695732838,0,0,0,0,1.8552875695732838,0,1.8552875695732838,0,1.8552875695732838,0,0,0,0,0,0,0,0,3.7105751391465676,0,1.8552875695732838,0,0,0,0,0,0,3.7105751391465676,0,5.565862708719852,0,0,0,0,0,3.7105751391465676,0,0,0,0,0,3.7105751391465676,0,0,0,0,0,0,1.8552875695732838,0,1.8552875695732838,0,0,0,0,0,0,0,5.565862708719852,1.8552875695732838,0,0,0,0,0,0,0,0,7.421150278293135,3.7105751391465676,1.8552875695732838,1.8552875695732838,0,1.8552875695732838,0,0,0,0,0,0,0,0,0,0,0,0,0,0,0,0,0,0,0,0,0,0,0,0,0,0,0,0,0,0,14.84230055658627,0,0,0,0,0,0,0,0
plehanov_krasniy_cyezd_I.txt_chunk1,plehanov,6,0,0,0,3,2,2,2,5,27,0,1,0,0,2,0,2,0,1,1,0,0,0,0,2,0,4,0,3,0,2,0,5,3,1,4,0,2,2,0,0,2,0,26,2,4,3,1,4,2,6,0,2,1,0,0,1,2,1,1,1,2,0,2,0,0,0,2,3,0,0,2,13,0,0,14,0,1,0,1,1,1,0,0,1,5,1,9,1,3,0,0,0,0,2,1,7,0,3,0,7,0,4,0,0,1,10,0,2,0,0,4,0,1,1,1,1,4,0,0,0,3,1,0,0,4,0,5,0,1,5,2,1,2,0,3,2,0,15,1,1,4,1,5,0,0,2,1,0,0,3,0,2,1,1,0,0,0,2,0,1,1,0,1,0,0,2,0,1,1,0,0,0,3,2,2,1,3,3,9,0,0,1,3,1,0,0,0,0,1,1,0,0,4,0,2,0,2,0,0,0,0,0,13,0,1,4,1,1,1,1,0,0,0,2,1,0,0,0,0,0,0,0,0,0,0,0,0,3,0,8,0,4,1,0,0,1,1,2,0,0,0,0,0,1,0,1,0,1,0,0,0,0,3,0,4,2,1,0,0,1,0,1,0,0,0,2,2,0,0,0,1,4,1,0,0,0,0,1,0,0,0,0,0,0,0,1,2,0,1,1,1,0,4,1,0,0,0,0,0
plehanov_krasniy_cyezd_I.txt_chunk2,plehanov,5,1,0,0,17,2,2,4,3,29,4,2,0,1,0,0,3,2,0,1,1,0,1,0,0,1,10,0,4,0,1,0,5,7,1,4,1,2,2,0,0,2,3,24,0,4,3,2,3,6,4,0,4,1,1,0,0,3,1,1,0,0,0,0,3,1,0,0,3,1,4,1,8,2,2,21,1,1,0,1,4,1,0,1,0,10,0,7,0,1,0,0,1,1,1,3,3,1,3,0,5,2,6,0,0,1,9,0,0,0,1,1,1,2,3,1,0,2,3,0,2,5,0,0,0,4,1,7,0,2,7,4,0,1,0,1,3,0,17,0,1,0,1,4,2,1,0,0,0,6,3,0,2,2,2,2,0,0,1,0,3,1,0,0,3,1,1,3,0,2,1,1,3,0,1,0,0,1,0,3,0,0,0,2,1,0,0,1,0,1,0,0,0,9,2,0,2,1,0,0,0,1,0,11,0,1,1,1,0,0,0,0,0,0,1,0,0,0,0,0,0,1,0,0,0,0,0,0,0,1,1,0,0,1,0,0,4,0,0,0,0,0,0,0,0,0,1,0,2,0,0,1,1,3,1,3,0,0,0,0,0,0,0,1,2,0,0,2,0,0,0,3,3,0,0,0,0,0,1,0,1,2,0,0,0,0,0,0,0,0,0,0,0,3,1,0,0,0,0,0
plehanov_krasniy_cyezd_I.txt_chunk3,plehanov,1.2406947890818858,0,1.2406947890818858,1.2406947890818858,7.444168734491315,2.4813895781637716,1.2406947890818858,2.4813895781637716,2.4813895781637716,29.77667493796526,2.4813895781637716,0,0,0,0,3.7220843672456576,1.2406947890818858,0,1.2406947890818858,1.2406947890818858,1.2406947890818858,2.4813895781637716,0,3.7220843672456576,1.2406947890818858,1.2406947890818858,3.7220843672456576,0,0,0,1.2406947890818858,0,7.444168734491315,3.7220843672456576,0,2.4813895781637716,0,1.2406947890818858,2.4813895781637716,0,0,1.2406947890818858,0,26.054590570719604,0,7.444168734491315,0,1.2406947890818858,2.4813895781637716,6.20347394540943,11.166253101736972,0,1.2406947890818858,0,3.7220843672456576,0,0,1.2406947890818858,0,0,1.2406947890818858,0,0,1.2406947890818858,0,0,0,1.2406947890818858,0,1.2406947890818858,0,0,13.647642679900745,0,0,11.166253101736972,1.2406947890818858,0,1.2406947890818858,0,1.2406947890818858,0,1.2406947890818858,1.2406947890818858,0,8.6848635235732,1.2406947890818858,2.4813895781637716,0,0,1.2406947890818858,0,0,0,3.7220843672456576,2.4813895781637716,1.2406947890818858,2.4813895781637716,3.7220843672456576,1.2406947890818858,4.962779156327543,0,4.962779156327543,2.4813895781637716,1.2406947890818858,1.2406947890818858,8.6848635235732,0,1.2406947890818858,0,0,3.7220843672456576,1.2406947890818858,0,0,0,1.2406947890818858,1.2406947890818858,0,0,1.2406947890818858,4.962779156327543,0,0,2.4813895781637716,3.7220843672456576,3.7220843672456576,9.925558312655086,2.4813895781637716,3.7220843672456576,4.962779156327543,0,1.2406947890818858,0,0,3.7220843672456576,4.962779156327543,0,21.091811414392062,2.4813895781637716,1.2406947890818858,0,1.2406947890818858,9.925558312655086,3.7220843672456576,1.2406947890818858,1.2406947890818858,0,2.4813895781637716,0,0,0,1.2406947890818858,1.2406947890818858,0,1.2406947890818858,0,1.2406947890818858,0,0,0,2.4813895781637716,0,1.2406947890818858,0,0,2.4813895781637716,0,0,0,0,0,0,0,1.2406947890818858,0,1.2406947890818858,2.4813895781637716,0,0,0,0,0,2.4813895781637716,0,0,2.4813895781637716,1.2406947890818858,0,0,1.2406947890818858,0,1.2406947890818858,2.4813895781637716,2.4813895781637716,1.2406947890818858,0,3.7220843672456576,1.2406947890818858,1.2406947890818858,0,1.2406947890818858,0,4.962779156327543,0,0,1.2406947890818858,2.4813895781637716,0,0,0,0,0,0,1.2406947890818858,0,1.2406947890818858,2.4813895781637716,0,0,1.2406947890818858,0,0,0,1.2406947890818858,0,0,0,3.7220843672456576,0,4.962779156327543,0,3.7220843672456576,1.2406947890818858,1.2406947890818858,1.2406947890818858,0,1.2406947890818858,2.4813895781637716,2.4813895781637716,0,0,2.4813895781637716,0,0,0,0,0,0,1.2406947890818858,1.2406947890818858,1.2406947890818858,1.2406947890818858,0,0,8.6848635235732,0,2.4813895781637716,0,0,2.4813895781637716,1.2406947890818858,0,1.2406947890818858,1.2406947890818858,1.2406947890818858,1.2406947890818858,1.2406947890818858,0,0,0,0,4.962779156327543,0,0,0,1.2406947890818858,0,0,0,0,0,0,1.2406947890818858,0,0,0,1.2406947890818858,0,1.2406947890818858,1.2406947890818858,2.4813895781637716,0,2.4813895781637716,0,1.2406947890818858,0,0,2.4813895781637716,0
plehanov_logika_rus_terrorizma_I.txt_chunk1,plehanov,6,0,5,1,6,2,0,1,0,27,4,0,0,1,0,2,3,1,0,0,0,2,1,0,0,1,4,1,1,2,1,0,4,0,1,4,3,1,10,1,1,6,0,17,0,0,2,0,1,3,8,0,4,0,1,2,0,0,0,0,0,3,0,0,0,0,0,0,4,1,1,1,9,1,1,15,0,1,0,0,4,0,0,0,0,11,0,3,1,0,0,2,0,0,3,6,0,1,0,0,1,1,8,0,1,2,6,1,0,0,0,1,1,0,0,0,1,0,2,0,2,4,0,1,0,0,0,8,4,1,5,4,2,1,1,2,4,0,23,1,1,0,0,13,3,2,3,0,0,0,0,0,1,5,0,1,1,0,3,0,0,0,0,3,1,1,2,1,0,0,2,1,0,0,4,0,0,2,0,2,0,0,1,0,0,0,0,2,0,2,0,0,0,0,0,0,1,1,1,0,0,0,0,0,0,0,0,1,2,0,0,5,1,0,1,0,0,0,0,0,2,0,3,1,3,0,0,0,1,0,0,2,5,1,0,0,2,1,0,0,1,0,0,0,0,0,1,2,0,0,0,1,1,1,0,8,2,1,0,0,0,0,0,5,1,1,2,1,0,0,0,1,0,0,0,0,0,0,0,2,0,0,6,0,0,0,0,0,0,0,0,0,1,0,0,0,0,0,0,0
plehanov_martovskie_idy_I.txt_chunk2,plehanov,4,2,0,0,11,2,4,5,0,22,2,0,0,1,0,2,3,0,0,0,0,0,0,1,1,4,0,0,0,0,0,0,9,1,1,4,0,1,3,2,0,2,0,38,0,6,3,2,1,2,12,1,1,0,0,0,0,1,0,1,1,1,4,6,0,0,3,0,0,1,0,1,6,1,0,15,0,1,0,0,2,3,1,0,0,7,0,2,1,1,0,0,0,0,2,1,3,1,0,0,1,0,4,2,1,0,10,1,1,2,0,3,0,0,2,2,2,0,0,0,0,2,0,1,0,2,0,3,3,0,6,2,1,2,1,0,2,0,8,1,3,3,3,4,1,3,1,0,0,0,2,0,2,3,0,1,3,0,2,0,1,1,0,1,0,2,0,0,0,4,0,0,0,3,3,1,0,6,1,5,0,1,5,0,0,0,2,1,0,2,1,0,0,0,0,2,0,0,3,0,2,0,1,0,0,0,0,0,2,0,0,2,0,0,1,0,0,0,0,0,0,2,5,1,0,1,3,1,1,0,0,0,2,2,1,1,1,2,0,0,0,0,0,0,0,0,2,3,0,1,0,0,0,1,0,1,1,1,0,0,0,0,0,1,0,0,0,1,1,0,1,1,3,0,1,0,0,0,0,0,0,0,0,0,1,0,1,3,1,0,0,0,0,0,1,0,0,0,0,0
plehanov_neosnovat_opaseniya.txt_chunk1,plehanov,5.167958656330749,3.875968992248062,5.167958656330749,0,10.335917312661499,0,1.2919896640826873,5.167958656330749,1.2919896640826873,19.37984496124031,1.2919896640826873,0,0,1.2919896640826873,0,1.2919896640826873,2.5839793281653747,0,0,0,0,0,0,1.2919896640826873,0,5.167958656330749,6.459948320413436,1.2919896640826873,1.2919896640826873,0,1.2919896640826873,0,0,2.5839793281653747,1.2919896640826873,3.875968992248062,3.875968992248062,3.875968992248062,1.2919896640826873,0,0,0,0,25.839793281653744,0,1.2919896640826873,5.167958656330749,5.167958656330749,5.167958656330749,1.2919896640826873,3.875968992248062,0,6.459948320413436,2.5839793281653747,1.2919896640826873,0,0,0,0,2.5839793281653747,1.2919896640826873,0,0,0,0,2.5839793281653747,1.2919896640826873,0,2.5839793281653747,0,1.2919896640826873,0,9.04392764857881,2.5839793281653747,0,31.007751937984494,1.2919896640826873,2.5839793281653747,0,1.2919896640826873,3.875968992248062,0,0,2.5839793281653747,0,6.459948320413436,0,1.2919896640826873,0,0,0,0,0,0,5.167958656330749,9.04392764857881,5.167958656330749,0,2.5839793281653747,0,0,2.5839793281653747,3.875968992248062,0,0,1.2919896640826873,7.751937984496124,0,0,0,1.2919896640826873,5.167958656330749,0,1.2919896640826873,0,0,2.5839793281653747,3.875968992248062,1.2919896640826873,0,0,2.5839793281653747,0,0,0,0,0,10.335917312661499,2.5839793281653747,1.2919896640826873,3.875968992248062,3.875968992248062,2.5839793281653747,0,0,6.459948320413436,2.5839793281653747,0,28.42377260981912,0,0,2.5839793281653747,0,7.751937984496124,1.2919896640826873,2.5839793281653747,0,0,1.2919896640826873,10.335917312661499,0,0,0,0,0,0,0,0,5.167958656330749,0,1.2919896640826873,0,0,1.2919896640826873,0,1.2919896640826873,0,0,0,2.5839793281653747,0,1.2919896640826873,0,0,2.5839793281653747,2.5839793281653747,0,5.167958656330749,1.2919896640826873,9.04392764857881,0,0,0,0,0,0,1.2919896640826873,3.875968992248062,0,2.5839793281653747,0,0,6.459948320413436,5.167958656330749,1.2919896640826873,0,0,2.5839793281653747,1.2919896640826873,5.167958656330749,0,2.5839793281653747,0,2.5839793281653747,0,0,0,1.2919896640826873,0,1.2919896640826873,1.2919896640826873,0,0,0,5.167958656330749,1.2919896640826873,0,0,0,0,0,0,5.167958656330749,0,1.2919896640826873,0,0,0,1.2919896640826873,0,0,0,2.5839793281653747,1.2919896640826873,0,0,1.2919896640826873,1.2919896640826873,0,0,0,0,1.2919896640826873,1.2919896640826873,1.2919896640826873,0,0,0,0,0,0,1.2919896640826873,0,2.5839793281653747,0,0,7.751937984496124,1.2919896640826873,0,0,0,0,0,0,0,0,0,0,0,0,0,0,6.459948320413436,0,1.2919896640826873,0,3.875968992248062,0,0,0,0,0,0,0,0,0,0,0,0,0,0,0,0,0,0,0,0,2.5839793281653747,1.2919896640826873,0
plehanov_o_chernoy_sotne.txt_chunk1,plehanov,8,1,1,0,7,3,0,1,2,27,0,0,0,1,1,0,5,3,0,1,0,2,0,0,1,2,3,0,0,0,0,0,6,1,2,2,0,1,4,0,0,2,0,36,1,7,2,2,9,8,7,0,1,1,0,0,0,4,2,1,0,0,0,1,0,3,1,0,1,2,2,1,7,0,5,19,1,1,1,0,2,0,1,4,1,3,0,5,0,0,1,0,3,0,8,3,7,0,7,0,4,0,10,1,2,0,8,0,1,0,0,2,1,0,1,1,0,2,2,1,4,2,1,0,0,3,0,7,2,0,2,2,1,4,1,4,0,0,13,3,0,2,2,11,1,0,2,0,0,3,1,0,0,0,0,2,0,3,0,0,2,0,0,3,1,0,0,0,0,0,0,0,1,2,3,2,0,2,0,0,1,0,1,0,0,0,0,1,1,0,0,0,0,0,0,0,1,3,0,0,1,1,0,1,1,1,0,1,1,0,0,0,0,0,3,0,0,3,0,0,0,0,1,0,1,0,0,0,2,0,0,0,2,0,0,0,1,0,0,0,0,1,0,0,2,1,1,1,0,0,2,1,1,2,0,1,2,0,0,0,0,3,0,1,1,1,1,0,1,0,0,1,0,0,1,0,0,0,0,0,2,1,0,0,0,0,0,0,0,0,0,1,1,0,0,0,0,0,0,0
plehanov_o_chernoy_sotne.txt_chunk2,plehanov,9,0,0,2,2,1,1,4,1,17,2,3,0,1,0,1,5,0,0,1,0,6,1,0,0,1,2,0,1,2,0,0,12,2,3,3,2,4,9,0,0,2,0,29,0,0,4,0,2,14,7,0,8,1,2,0,1,4,1,2,0,0,0,0,0,0,2,0,2,2,0,1,12,0,2,20,1,0,0,4,0,0,0,3,1,5,0,3,0,0,0,1,0,0,6,1,3,0,9,0,1,1,2,0,2,0,7,0,0,0,5,0,0,1,3,0,0,0,1,0,1,4,1,1,0,1,0,6,3,0,6,1,0,3,2,2,4,0,20,2,1,2,3,9,4,1,3,2,0,8,0,1,6,0,0,1,0,0,0,0,3,1,0,2,1,3,0,0,0,0,1,1,1,3,3,0,0,1,0,0,0,4,0,0,0,0,0,1,0,1,0,0,1,0,1,2,0,4,0,0,0,0,0,0,0,0,0,0,1,0,0,0,0,0,1,0,0,0,0,1,0,0,0,0,0,0,0,1,0,0,0,0,1,0,0,0,0,0,0,2,1,0,1,1,0,0,1,0,0,1,0,1,0,3,0,4,1,0,0,0,0,0,0,1,0,0,0,0,0,3,1,0,2,1,0,0,0,0,0,0,0,2,0,2,0,0,0,0,0,0,0,0,0,4,1,0,0,0,0,0
plehanov_otvet_sionistam_I.txt_chunk1,plehanov,7,0,0,0,8,0,0,9,3,28,0,2,0,2,1,0,4,0,0,0,2,3,0,2,3,3,5,0,0,0,1,0,7,2,1,4,0,0,5,0,0,1,3,26,0,5,3,1,2,5,8,0,1,1,0,3,0,0,0,1,0,0,0,0,6,3,0,0,4,0,0,0,17,0,1,30,2,0,0,0,4,0,1,2,2,12,2,11,3,0,0,1,2,0,8,0,7,1,4,1,3,0,4,0,1,0,11,0,3,0,1,2,0,1,2,1,1,2,2,0,2,3,0,0,1,3,0,11,4,1,4,4,1,0,2,1,5,0,34,4,2,1,0,14,7,2,2,1,0,11,1,1,0,0,0,2,0,0,0,0,0,3,0,4,3,1,1,0,0,0,1,0,0,0,1,1,0,4,0,0,1,1,0,1,0,0,0,1,0,1,1,0,2,2,0,0,2,2,0,2,0,1,0,4,0,1,0,3,0,0,0,0,0,0,1,2,1,0,0,0,1,0,0,0,6,1,0,0,0,0,0,0,1,0,0,0,4,1,0,1,1,1,0,0,0,2,2,0,0,1,0,0,0,1,0,0,1,0,0,0,2,2,0,0,2,0,0,1,0,0,0,0,1,1,1,0,0,0,1,0,0,0,0,0,0,0,0,0,0,0,0,1,0,0,0,0,0,0,0,0
plehanov_pervie_frazy_uchenia.txt_chunk1,plehanov,4,0,0,0,8,2,3,2,1,37,4,0,0,0,1,4,2,0,2,0,0,1,1,2,0,3,2,0,0,1,3,1,6,1,0,3,0,1,1,0,0,1,0,47,0,4,1,2,6,10,8,0,3,0,2,2,0,1,1,0,0,2,0,0,0,0,2,0,2,1,4,4,6,1,1,23,2,0,0,1,1,0,3,1,1,6,1,7,1,0,1,0,1,0,3,3,2,0,7,0,3,0,0,1,0,0,7,0,0,1,0,1,0,0,0,0,1,1,1,0,0,4,0,0,0,4,0,6,1,1,2,4,0,0,0,2,3,0,20,1,3,2,1,4,1,2,3,2,1,1,1,0,3,2,0,0,0,1,3,0,2,1,2,0,1,0,0,0,1,3,2,0,2,2,4,0,0,3,3,1,0,0,0,0,1,0,0,0,0,0,0,0,0,3,0,3,0,0,0,0,2,1,0,0,0,0,0,0,1,1,0,3,0,0,2,0,1,0,0,0,0,0,0,0,0,0,0,0,1,0,0,0,5,0,0,1,0,1,1,0,0,3,0,0,0,0,1,1,0,4,0,0,1,0,0,8,1,0,0,0,3,0,0,2,1,3,0,0,0,0,2,0,0,1,0,0,0,0,0,0,1,0,0,0,0,0,0,0,0,0,0,0,0,0,0,0,0,0,7,0
plehanov_pervie_frazy_uchenia.txt_chunk11,plehanov,4,1,0,0,2,1,2,0,1,31,1,0,0,1,0,1,4,0,3,0,0,0,1,0,1,1,1,1,0,0,1,3,5,4,0,5,2,4,2,4,0,4,0,37,0,5,1,2,4,7,9,0,1,0,1,0,0,2,0,0,1,1,0,2,0,0,0,1,1,3,2,0,12,0,0,12,1,0,0,0,0,0,1,3,0,6,0,1,1,2,0,2,1,0,3,3,5,1,1,1,0,0,4,1,1,1,13,1,1,0,1,0,0,0,0,2,0,0,0,1,3,3,2,1,2,3,2,12,0,0,2,1,0,0,0,1,3,1,23,1,1,2,1,6,1,2,2,0,0,0,1,1,2,0,0,2,1,1,0,0,0,0,1,0,3,0,1,0,0,2,1,1,0,0,2,2,0,2,2,14,0,1,0,0,0,0,0,2,0,2,0,0,0,0,0,0,1,4,0,0,3,0,5,1,0,1,0,1,2,1,0,0,1,3,0,0,3,0,1,0,0,0,1,0,0,0,1,3,1,0,0,0,0,0,1,0,1,1,0,0,1,2,0,0,0,0,0,0,0,2,1,0,0,0,0,3,0,2,1,0,0,0,0,0,0,1,0,1,0,0,0,1,0,0,0,7,2,0,0,0,2,0,0,0,0,0,0,0,0,0,0,0,0,0,0,0,0,1,8,0
plehanov_pervie_frazy_uchenia.txt_chunk12,plehanov,8,0,0,0,6,1,1,2,4,41,2,0,0,0,0,4,2,0,2,1,0,1,0,0,1,0,3,0,0,0,0,1,6,0,1,4,0,3,10,2,1,0,3,40,0,3,2,1,4,7,5,2,3,0,0,1,0,2,1,1,0,1,0,3,0,0,0,0,4,2,0,0,22,0,0,20,2,0,0,0,1,1,0,2,0,6,2,3,0,2,2,1,0,1,2,0,4,0,2,0,0,0,5,0,0,1,14,0,1,0,1,4,2,0,0,2,2,0,0,1,1,1,1,0,0,0,1,4,0,2,2,0,0,3,0,0,0,1,15,4,1,2,0,10,3,4,0,1,1,0,1,0,1,4,0,0,1,0,0,1,0,0,5,1,2,2,0,0,2,1,0,0,0,1,4,1,0,1,1,7,0,0,0,0,1,0,2,2,0,1,1,0,0,0,1,1,1,3,0,0,4,0,4,0,0,2,0,0,1,0,1,1,1,2,2,0,0,0,0,0,0,1,4,0,0,0,0,1,1,0,0,0,1,2,0,1,1,2,0,1,0,3,0,0,1,1,1,3,0,0,0,0,0,2,0,2,0,0,0,1,0,1,0,0,0,1,0,0,0,0,0,0,1,1,0,2,3,0,3,0,4,0,0,1,0,0,1,0,0,2,0,0,0,0,0,0,0,0,4,0
plehanov_pervie_frazy_uchenia.txt_chunk13,plehanov,6,0,0,0,2,0,0,0,1,34,3,1,0,1,0,4,1,0,2,0,0,2,0,0,1,0,7,0,0,0,0,0,5,3,2,4,2,3,5,0,0,2,0,32,0,3,1,1,4,8,7,3,2,1,0,0,0,1,2,2,0,2,1,0,0,0,0,1,3,2,0,0,11,0,0,17,0,1,0,1,2,2,0,1,0,9,0,14,1,0,0,0,0,0,4,5,0,0,3,0,1,1,5,1,1,0,7,1,0,0,0,3,0,0,3,0,0,0,2,0,1,2,1,1,1,2,2,8,2,0,3,5,2,2,0,3,0,0,18,3,0,2,0,5,2,3,1,0,0,0,0,0,3,0,1,1,0,0,2,0,0,0,2,0,6,0,1,0,0,0,1,1,1,2,1,4,0,2,2,11,3,0,0,2,0,0,3,0,1,4,0,0,0,1,0,1,0,2,0,0,3,0,4,2,0,1,0,3,2,1,0,1,0,0,2,0,0,0,1,0,1,0,0,0,0,0,0,3,0,0,0,1,1,0,0,0,1,0,0,0,0,1,0,0,0,1,0,0,1,0,0,0,0,0,0,1,1,0,0,0,0,1,0,0,2,1,0,0,1,0,1,0,7,0,0,0,4,0,0,0,0,0,0,0,0,0,0,0,0,0,0,0,0,0,0,0,0,1,2,0
plehanov_pervie_frazy_uchenia.txt_chunk15,plehanov,5,1,0,2,9,0,2,5,1,32,2,2,0,0,1,7,3,1,0,0,5,2,0,1,1,2,3,0,0,0,0,0,6,0,1,5,0,2,0,2,0,2,1,24,0,3,1,3,4,11,7,0,4,0,1,0,0,1,0,0,2,2,1,1,0,0,0,0,2,0,0,2,17,0,1,17,0,0,0,2,2,1,0,2,0,11,0,3,3,0,0,0,0,0,5,0,5,0,2,0,2,1,5,0,4,0,7,0,1,0,1,2,1,0,0,0,1,1,0,0,1,4,0,0,2,2,0,8,1,0,5,1,1,2,0,1,2,0,23,0,0,2,1,7,2,0,0,2,0,0,0,1,2,1,1,2,2,0,4,0,0,0,0,1,0,4,0,0,0,0,1,0,2,2,1,1,1,3,1,0,2,1,0,3,0,0,5,1,0,1,4,0,0,4,0,2,0,2,2,0,0,0,0,4,0,0,0,2,0,3,1,3,0,0,3,0,0,0,0,0,0,0,0,1,0,0,0,1,0,0,0,1,5,4,0,0,0,1,0,0,0,2,0,0,0,0,1,3,3,1,0,1,0,3,0,7,6,0,0,0,2,1,1,1,0,0,1,0,1,0,0,1,1,1,0,0,0,0,0,0,0,0,0,0,0,0,0,0,0,0,0,0,0,1,0,0,0,0,0,0
plehanov_pervie_frazy_uchenia.txt_chunk2,plehanov,6,2,1,1,3,4,5,2,1,37,7,0,0,1,0,3,3,2,2,3,0,2,0,4,0,1,6,0,0,0,0,0,3,3,0,1,1,4,3,0,2,6,0,42,0,1,4,2,5,5,2,1,2,0,0,2,1,2,1,1,1,4,1,2,2,1,1,1,0,1,0,0,3,0,0,8,1,0,0,1,0,1,0,2,1,6,0,4,2,0,0,0,0,0,3,1,4,0,6,0,0,0,0,1,0,0,5,0,0,1,1,0,1,1,5,0,2,0,0,0,1,5,1,0,0,2,0,4,5,1,4,1,1,1,0,1,3,1,13,2,1,3,0,6,1,2,1,1,0,0,0,0,6,1,0,2,0,0,0,0,2,0,0,0,3,0,0,0,0,2,0,0,1,4,3,1,0,4,0,3,0,1,0,0,2,0,1,1,0,3,0,0,0,0,0,0,0,0,0,0,2,0,0,0,0,2,0,0,0,0,0,2,0,0,0,0,1,0,0,4,1,0,0,0,0,0,1,0,3,0,0,1,0,1,0,0,0,0,1,0,0,0,0,0,1,0,0,3,0,1,0,0,0,1,0,8,1,0,0,1,0,1,0,1,1,0,1,0,0,0,1,0,0,2,0,0,0,2,0,0,0,0,0,0,0,0,1,0,0,0,0,0,2,0,0,0,0,2,0,0
plehanov_pervie_frazy_uchenia.txt_chunk4,plehanov,1,0,0,0,2,3,1,8,2,27,3,1,0,0,0,2,3,0,2,1,1,3,0,0,1,1,4,0,0,2,0,0,18,1,1,0,0,3,0,2,0,1,0,38,0,0,1,3,6,4,7,6,0,1,0,0,0,0,0,0,0,0,0,4,0,0,1,0,0,3,0,0,8,0,3,8,1,1,0,1,0,0,1,0,0,7,0,2,1,0,0,0,0,0,7,1,2,0,4,0,0,1,9,2,0,0,7,0,1,2,0,2,0,1,4,0,1,0,1,1,2,2,1,0,0,2,0,0,5,0,4,0,1,1,0,3,3,0,4,5,2,1,0,1,3,2,0,2,1,0,3,0,1,0,0,1,0,0,0,0,2,0,6,1,2,0,1,0,1,2,0,1,0,0,0,1,1,4,2,2,0,1,0,0,0,0,5,1,1,1,0,0,0,2,0,1,2,3,0,0,1,0,0,0,0,0,0,0,2,0,1,1,2,1,1,0,2,0,1,4,3,0,0,0,0,0,0,2,1,1,0,0,0,0,1,0,3,0,1,0,0,4,0,0,2,1,0,2,1,1,0,1,0,1,0,1,0,1,0,2,1,0,0,1,0,0,0,0,0,4,0,0,0,0,0,0,1,0,1,1,1,0,2,0,2,0,4,0,3,0,0,0,0,0,0,0,0,0,0,0
plehanov_pervie_frazy_uchenia.txt_chunk6,plehanov,4,0,0,0,10,4,1,5,2,22,3,0,0,1,1,2,5,2,1,1,0,0,2,0,1,0,2,0,0,0,0,0,6,6,2,3,0,2,4,0,0,3,0,33,0,4,1,1,3,7,8,6,3,0,0,2,0,2,1,1,1,1,0,2,0,0,0,0,1,2,3,1,13,1,0,15,1,0,0,1,1,2,0,2,1,12,1,9,3,1,2,0,0,0,10,3,1,0,3,1,5,0,2,2,0,0,10,0,0,1,1,1,0,1,2,0,0,1,0,0,2,2,0,0,0,1,1,6,3,0,2,1,0,0,0,0,0,0,15,0,2,0,0,9,3,4,0,0,0,0,1,0,1,2,1,0,0,1,1,0,0,0,2,1,3,0,0,1,0,1,0,0,1,1,3,1,0,0,1,9,0,0,0,0,2,0,2,1,0,0,0,0,0,0,0,1,3,4,0,1,0,0,0,0,0,1,0,0,4,5,3,4,0,0,0,0,1,0,0,0,0,1,0,0,0,0,0,1,0,0,0,0,3,2,1,0,4,0,0,0,0,0,1,1,1,1,1,2,0,0,0,0,0,3,0,4,0,0,0,0,0,0,2,0,0,0,0,0,0,0,0,1,4,0,1,0,7,0,0,0,1,0,0,0,0,0,0,1,0,0,0,0,0,1,4,2,0,3,4,0
plehanov_pervie_frazy_uchenia.txt_chunk7,plehanov,7,1,0,0,1,1,2,2,0,35,3,3,0,0,0,5,3,1,0,0,0,1,1,0,0,4,4,1,0,0,3,0,7,4,1,3,2,1,2,0,0,1,1,26,2,3,3,2,5,10,14,3,4,1,0,0,0,4,0,0,1,1,0,1,0,0,0,1,1,1,0,0,12,2,1,24,0,0,0,0,0,0,0,2,1,6,1,9,1,0,0,0,0,0,7,3,8,0,5,0,2,3,5,1,1,0,10,0,0,1,1,5,1,2,3,0,0,0,0,1,0,3,0,1,0,0,0,4,0,0,2,1,2,2,0,3,1,1,18,0,0,0,0,5,1,2,1,3,0,5,1,0,0,2,0,1,0,1,2,0,1,0,2,0,2,0,0,1,1,3,0,0,2,0,4,1,0,0,2,6,0,0,1,0,3,0,5,2,0,1,1,0,0,0,0,0,1,2,2,0,2,0,0,2,0,1,0,0,1,4,6,6,0,0,0,0,1,0,0,0,0,1,3,1,0,0,0,0,0,0,0,1,3,0,0,1,1,0,0,0,0,0,0,0,0,0,0,1,0,0,0,0,0,0,1,4,0,0,1,1,0,0,0,0,0,1,1,0,1,1,3,1,3,0,1,0,5,1,1,0,0,0,1,0,0,1,1,0,0,1,0,0,0,0,1,0,0,1,0,0
plehanov_pervie_frazy_uchenia.txt_chunk8,plehanov,7,0,0,0,2,6,0,2,1,24,3,0,0,0,0,0,0,0,1,0,0,3,0,0,0,1,2,0,0,0,1,3,2,1,1,2,9,5,9,0,0,5,1,28,0,3,4,3,10,5,7,11,7,1,0,0,0,4,0,0,0,0,0,6,0,1,1,1,1,0,1,1,9,0,0,13,0,0,0,0,1,0,0,1,0,10,1,5,0,2,0,0,0,2,2,1,10,0,5,1,5,0,4,0,0,0,13,0,2,0,0,1,0,0,1,0,1,0,2,1,0,3,0,2,0,4,2,5,3,1,2,5,1,0,0,4,2,0,22,0,1,1,0,9,0,3,2,0,0,3,1,0,3,2,0,0,0,0,0,0,0,1,7,0,0,0,2,1,0,3,1,0,2,0,3,0,1,4,0,6,1,0,0,0,0,0,2,0,0,1,0,0,1,0,0,3,0,3,2,0,0,0,0,0,0,2,0,1,10,6,6,7,1,0,0,0,1,0,0,1,1,0,0,1,0,0,0,0,1,1,0,0,1,1,1,0,0,1,1,0,0,0,0,0,0,0,0,0,0,0,0,0,1,0,0,6,1,0,1,2,1,3,0,1,0,1,1,0,0,0,0,0,2,0,1,0,3,0,0,0,0,0,0,0,0,1,0,0,0,0,0,0,0,0,0,0,0,2,3,0
plehanov_pessimizm_kak_otrazhenie.txt_chunk1,plehanov,3,1,3,0,2,0,1,4,0,29,2,0,0,1,0,3,7,1,2,1,2,0,1,0,0,1,7,0,0,0,2,1,3,2,1,3,3,3,2,0,0,4,0,31,0,5,2,0,1,4,4,0,4,1,1,0,0,1,0,3,0,2,1,1,3,1,3,0,0,3,3,0,11,2,1,29,2,2,0,2,4,1,0,0,5,7,0,5,3,0,1,0,2,3,4,1,0,0,4,0,1,0,5,0,0,1,9,1,0,1,0,0,0,1,2,1,3,0,3,0,1,4,0,0,0,0,0,7,1,0,2,2,0,0,0,3,3,0,17,3,2,3,0,6,1,0,1,0,0,9,3,0,2,0,0,1,0,0,5,1,1,0,0,2,0,1,0,0,1,0,1,0,0,1,4,0,0,0,2,0,0,0,0,0,2,0,0,2,0,1,0,0,4,0,0,1,0,1,0,0,1,0,0,0,0,1,0,1,0,0,0,0,1,0,1,0,0,0,0,1,0,0,0,0,2,1,0,1,2,1,0,0,0,1,0,0,1,0,0,0,0,0,0,0,0,0,0,0,0,0,0,1,0,0,1,15,10,1,0,0,0,0,0,4,1,0,1,0,0,0,0,0,0,0,0,0,0,0,0,0,0,0,0,0,0,0,0,0,0,1,0,0,0,0,0,0,0,0,0,0
plehanov_pessimizm_kak_otrazhenie.txt_chunk6,plehanov,6,1,0,0,11,0,1,2,2,29,1,2,0,2,1,2,6,0,0,0,0,1,0,0,0,1,1,0,0,0,0,1,7,1,4,1,1,1,3,0,2,2,1,58,1,5,1,0,4,6,12,0,4,0,1,0,0,0,1,1,0,0,0,4,0,2,0,0,0,2,0,0,3,0,1,21,0,0,0,4,6,2,1,1,1,5,0,5,0,0,7,2,3,0,14,1,3,0,4,0,1,0,7,0,2,0,6,0,0,0,1,1,0,0,3,0,1,1,0,2,0,3,1,0,0,3,0,5,1,0,4,0,0,1,1,1,5,0,22,1,0,2,2,5,1,0,1,1,0,4,0,1,12,0,0,5,1,0,6,0,0,2,0,0,1,0,1,0,1,4,0,0,0,0,1,1,0,0,1,9,0,0,0,0,0,0,0,1,1,1,0,0,0,0,0,0,1,0,0,0,1,0,0,0,1,0,0,1,0,0,0,0,0,0,1,0,0,0,0,3,0,0,0,0,0,0,0,0,2,1,0,1,3,1,0,1,2,0,0,4,0,0,2,0,0,2,1,0,0,0,0,0,0,2,1,6,2,1,0,0,0,0,0,1,0,1,0,0,1,1,0,1,0,0,0,0,0,0,0,0,0,0,0,1,0,0,0,0,0,0,0,0,0,0,0,0,0,0,0,0
plehanov_pessimizm_kak_otrazhenie.txt_chunk7,plehanov,11,0,2,0,1,3,2,4,3,23,3,1,0,0,2,0,4,0,0,0,0,1,1,0,0,2,3,0,0,0,0,0,7,3,1,4,1,1,3,2,1,1,0,47,1,3,1,2,2,7,4,0,8,2,0,2,0,2,1,1,0,5,2,1,2,1,0,0,0,0,1,0,14,0,1,22,1,1,0,4,1,3,0,1,0,8,0,0,1,1,0,0,1,1,8,4,1,0,6,0,1,1,3,0,1,0,14,0,0,1,1,0,1,0,2,0,3,2,0,0,7,2,1,0,0,2,0,4,5,0,0,2,0,0,1,7,0,1,16,0,1,0,2,8,1,4,2,0,0,4,0,1,4,0,0,1,0,1,2,1,1,0,0,0,1,0,1,1,0,0,0,0,1,0,2,1,0,3,0,5,1,1,0,0,1,0,0,1,1,0,0,0,0,0,0,0,0,0,0,0,1,1,0,0,0,1,0,2,0,0,0,0,1,0,0,0,2,1,0,6,0,0,0,0,1,2,1,1,3,0,0,2,2,1,2,6,0,0,0,1,0,0,1,0,1,0,2,1,1,1,0,0,4,2,0,1,2,1,0,0,0,2,0,2,0,0,0,0,1,4,1,1,0,0,1,1,0,1,0,0,0,0,0,0,0,0,0,0,0,0,0,0,0,0,0,0,0,0,0,0
plehanov_pessimizm_kak_otrazhenie.txt_chunk8,plehanov,4,0,1,0,3,2,2,10,0,35,6,0,0,0,1,1,5,0,1,1,4,1,1,1,0,1,5,0,0,0,0,0,6,2,3,2,0,1,0,3,0,1,2,31,0,4,2,1,1,5,12,1,0,1,0,0,0,0,1,1,1,5,2,2,0,0,0,0,1,2,0,1,13,0,0,18,0,1,0,2,1,2,1,3,2,8,0,5,0,0,0,0,0,0,6,2,2,0,2,0,0,0,3,3,1,0,8,0,0,1,1,1,0,0,0,1,0,1,2,0,3,4,0,0,2,4,1,9,1,1,4,1,0,0,2,10,0,0,19,0,2,1,0,6,2,0,0,0,0,0,1,0,4,0,1,2,0,0,2,0,2,1,0,6,2,0,0,0,0,1,0,0,1,0,2,0,1,1,1,2,0,2,0,0,0,0,1,0,0,0,0,0,3,0,0,0,0,1,1,0,3,0,1,0,0,0,0,3,0,0,1,0,0,0,1,0,2,1,0,0,0,0,0,0,2,2,0,0,1,0,0,0,3,0,2,0,3,0,1,0,0,0,0,1,0,0,0,3,0,1,0,1,0,0,2,7,9,4,0,0,0,1,0,1,1,1,1,1,0,0,0,1,0,0,0,0,0,0,2,0,0,0,0,0,0,0,0,0,0,0,0,0,0,0,0,0,0,0,1,0
plehanov_police_anisemitizm_I.txt_chunk1,plehanov,9,0,0,0,9,1,4,8,2,28,2,2,0,2,0,1,6,1,1,2,1,1,0,0,1,1,4,0,0,0,0,1,5,5,1,4,2,2,4,0,0,1,0,34,1,3,2,1,1,5,4,0,4,0,0,1,1,1,0,3,4,3,1,2,0,1,1,0,0,0,0,0,12,0,0,33,0,0,0,0,6,0,0,1,4,9,0,2,0,0,1,1,0,0,2,1,2,0,4,1,3,0,5,1,0,0,7,0,1,1,0,0,0,1,0,1,0,2,1,0,2,2,0,0,0,1,0,6,1,0,4,0,2,0,0,2,0,0,18,1,2,0,0,5,3,3,2,0,0,3,2,0,0,0,2,0,0,0,2,0,0,0,0,0,4,3,0,0,1,0,1,0,0,0,1,1,1,0,1,11,0,0,1,0,1,0,0,1,0,1,0,0,0,0,0,0,0,1,0,0,0,0,0,1,0,0,0,3,0,0,0,0,1,0,0,0,0,0,0,0,0,0,0,0,0,0,0,0,1,0,0,1,5,5,0,0,1,1,0,2,0,2,0,0,1,2,0,1,0,0,1,0,1,3,1,4,3,3,1,0,0,0,1,1,1,0,0,1,0,0,1,0,1,0,0,0,0,0,0,2,1,0,0,0,2,0,0,0,0,0,0,0,0,1,0,0,0,0,0,0
plehanov_police_anisemitizm_I.txt_chunk2,plehanov,2,0,0,1,8,4,3,7,1,24,2,0,0,3,0,0,7,0,1,2,0,1,0,0,1,2,0,1,0,0,0,0,2,1,1,8,1,1,4,0,0,2,0,35,0,5,0,2,5,5,9,0,3,1,1,2,0,0,0,0,0,0,0,0,0,0,1,0,0,1,0,2,14,0,2,26,1,1,2,0,1,2,1,4,0,8,0,4,0,1,1,0,0,0,3,0,3,0,0,0,3,3,2,3,2,0,8,1,1,0,1,0,1,0,0,0,0,3,2,0,2,4,0,1,1,2,0,12,2,0,1,5,0,1,1,2,1,0,29,1,0,0,1,9,1,0,3,1,0,2,0,1,2,0,0,2,1,0,0,0,0,1,1,1,2,0,0,0,0,1,1,2,0,0,5,1,0,0,1,9,0,0,0,0,1,1,0,1,0,0,1,0,0,0,0,1,1,1,0,0,0,2,0,1,0,1,0,0,0,0,0,0,0,2,0,0,0,0,0,0,1,0,0,0,0,0,0,1,0,0,0,0,1,0,0,0,0,0,0,0,0,1,0,0,0,1,0,0,0,2,0,0,0,2,2,9,1,0,0,0,1,3,0,1,0,1,0,0,0,0,0,0,1,0,1,0,0,0,0,0,0,0,1,0,0,1,0,0,0,0,0,0,0,2,0,0,0,0,0,0
plehanov_police_anisemitizm_I.txt_chunk3,plehanov,2.890173410404624,0,2.890173410404624,0,7.22543352601156,0,1.445086705202312,4.335260115606936,4.335260115606936,18.78612716763006,1.445086705202312,0,0,1.445086705202312,0,1.445086705202312,4.335260115606936,0,1.445086705202312,0,1.445086705202312,0,0,0,1.445086705202312,1.445086705202312,2.890173410404624,1.445086705202312,0,1.445086705202312,1.445086705202312,0,10.115606936416185,4.335260115606936,0,0,2.890173410404624,5.780346820809248,4.335260115606936,0,0,5.780346820809248,0,34.68208092485549,1.445086705202312,10.115606936416185,2.890173410404624,2.890173410404624,4.335260115606936,5.780346820809248,4.335260115606936,0,1.445086705202312,1.445086705202312,0,0,0,0,0,0,0,2.890173410404624,0,2.890173410404624,0,0,1.445086705202312,1.445086705202312,0,0,0,0,8.670520231213873,0,4.335260115606936,33.23699421965318,0,0,0,0,5.780346820809248,0,1.445086705202312,2.890173410404624,1.445086705202312,11.560693641618496,0,1.445086705202312,0,0,0,2.890173410404624,0,0,0,0,2.890173410404624,1.445086705202312,5.780346820809248,0,1.445086705202312,0,0,0,2.890173410404624,0,13.00578034682081,0,1.445086705202312,0,0,0,0,0,0,2.890173410404624,1.445086705202312,0,0,0,1.445086705202312,1.445086705202312,0,0,7.22543352601156,1.445086705202312,0,2.890173410404624,2.890173410404624,0,2.890173410404624,1.445086705202312,0,0,0,1.445086705202312,1.445086705202312,0,13.00578034682081,7.22543352601156,0,1.445086705202312,1.445086705202312,10.115606936416185,2.890173410404624,1.445086705202312,2.890173410404624,0,0,0,4.335260115606936,0,1.445086705202312,0,0,1.445086705202312,0,1.445086705202312,0,0,1.445086705202312,0,0,2.890173410404624,0,2.890173410404624,2.890173410404624,0,0,0,0,0,0,0,5.780346820809248,4.335260115606936,1.445086705202312,2.890173410404624,1.445086705202312,0,0,2.890173410404624,1.445086705202312,1.445086705202312,0,0,0,1.445086705202312,0,0,1.445086705202312,0,2.890173410404624,2.890173410404624,0,0,0,1.445086705202312,1.445086705202312,5.780346820809248,0,0,1.445086705202312,8.670520231213873,0,1.445086705202312,0,1.445086705202312,0,0,1.445086705202312,5.780346820809248,0,0,0,1.445086705202312,0,0,0,0,0,0,4.335260115606936,0,1.445086705202312,0,0,0,1.445086705202312,0,0,0,5.780346820809248,2.890173410404624,0,0,1.445086705202312,1.445086705202312,0,0,0,1.445086705202312,1.445086705202312,0,0,0,2.890173410404624,0,0,0,0,0,0,2.890173410404624,0,7.22543352601156,2.890173410404624,1.445086705202312,0,0,0,0,0,2.890173410404624,0,1.445086705202312,1.445086705202312,0,0,0,0,0,4.335260115606936,1.445086705202312,0,0,0,0,0,0,0,0,0,1.445086705202312,0,0,0,0,0,0,0,1.445086705202312,0,0,2.890173410404624,0,0,0,0,0
plehanov_slovo_prinadlezhit_menshevikam.txt_chunk1,plehanov,11,0,0,0,17,4,1,3,5,29,3,2,0,1,0,1,3,1,1,0,0,0,1,0,4,1,6,0,1,1,0,0,5,2,0,9,1,5,3,0,0,1,0,29,0,4,2,0,3,10,5,0,0,3,0,1,0,2,2,0,0,1,0,3,6,7,0,1,5,1,2,0,10,0,1,30,1,2,0,2,0,0,0,1,0,8,2,11,1,0,0,0,0,0,1,4,1,0,3,0,2,0,8,0,4,0,14,1,3,2,0,4,0,0,1,1,2,1,1,0,0,4,1,0,0,1,0,5,1,1,11,5,3,1,0,2,0,0,19,1,1,1,1,5,1,2,4,0,0,16,0,0,2,0,1,2,1,1,1,0,1,0,0,5,0,0,1,1,0,1,1,1,1,1,1,1,1,0,1,1,0,0,1,0,2,0,0,1,1,0,0,0,8,7,3,0,1,0,1,0,0,0,0,0,0,1,0,0,0,0,0,1,0,0,0,0,4,0,0,0,0,0,0,0,1,0,0,0,1,0,0,0,0,1,4,0,0,1,0,2,0,0,2,0,0,0,3,1,0,0,0,2,2,1,12,2,3,0,0,0,0,2,0,0,0,1,0,1,1,0,0,0,0,1,1,0,0,0,0,0,0,0,0,0,0,0,0,0,0,0,0,0,0,0,0,0,0,0,0,0
plehanov_uspenskiy.txt_chunk1,plehanov,3,0,0,0,3,1,0,5,0,26,3,0,0,1,1,1,4,1,3,2,1,0,0,1,0,1,5,3,0,0,0,1,17,3,3,1,0,1,2,4,1,2,0,55,0,3,5,0,4,2,8,0,1,1,0,1,0,3,1,0,0,0,1,4,0,0,0,0,1,0,0,0,5,3,0,15,2,2,0,0,1,2,0,0,0,8,0,6,1,1,0,0,0,2,25,2,0,0,1,0,1,2,6,0,2,0,20,0,0,0,1,2,0,2,1,0,1,1,1,1,0,0,2,1,0,2,0,7,0,0,4,3,0,1,0,2,1,0,14,1,0,2,0,3,1,0,2,0,0,1,1,0,1,0,0,2,0,1,1,0,0,2,0,0,3,0,1,1,0,1,1,0,2,1,2,1,2,5,0,1,0,0,0,0,1,0,0,0,1,1,2,0,1,0,0,0,0,0,0,0,0,0,0,0,0,2,0,1,0,0,0,0,0,0,2,0,0,1,0,1,1,0,0,1,2,0,0,0,0,0,0,1,3,2,0,1,2,2,0,0,0,0,0,0,1,0,1,0,1,0,2,1,0,0,0,2,0,0,0,0,0,1,1,0,2,1,0,0,0,3,0,0,1,2,1,0,0,0,3,0,0,0,0,0,0,0,0,0,0,0,0,0,0,0,0,0,0,0,0,0
plehanov_uspenskiy.txt_chunk12,plehanov,9,4,2,0,10,0,1,1,0,22,1,0,0,2,0,0,3,0,0,0,2,3,0,0,0,4,8,1,0,0,0,0,5,2,2,4,2,3,3,2,0,1,0,33,0,8,2,1,2,8,10,0,2,2,0,0,0,2,0,3,1,1,0,1,6,1,0,1,1,4,0,0,15,1,0,17,5,1,0,2,2,1,0,0,1,6,3,1,1,1,0,0,0,0,7,0,1,0,6,0,1,0,1,1,1,1,4,0,0,0,0,1,1,0,3,0,2,1,0,0,1,3,1,1,1,0,1,12,2,0,4,1,1,0,1,6,2,4,18,4,0,0,0,5,2,0,0,1,1,6,1,0,1,0,0,0,3,0,8,1,1,0,0,4,0,1,1,0,1,0,0,1,2,1,2,1,0,2,2,3,0,0,0,0,0,0,0,1,0,1,0,0,0,0,0,1,0,0,0,0,1,0,0,0,0,0,0,2,0,0,0,1,0,0,4,0,0,0,0,1,1,0,0,0,3,2,0,1,0,0,0,2,1,0,0,0,1,0,0,2,0,0,2,1,0,1,0,0,0,0,3,0,3,4,2,3,0,1,0,0,0,0,0,1,0,0,0,2,0,0,1,1,0,0,0,0,0,0,1,2,0,0,0,0,0,0,0,0,0,0,0,0,0,0,0,0,0,0,0,0
plehanov_uspenskiy.txt_chunk15,plehanov,9,0,1,0,6,0,0,7,1,23,5,1,0,2,1,1,5,0,1,1,1,1,0,0,1,1,4,0,0,0,0,0,21,0,4,1,1,1,3,1,4,7,0,32,0,2,0,2,1,10,8,0,1,0,0,1,1,1,0,2,0,0,0,0,1,1,4,0,2,0,1,0,13,1,2,19,5,1,0,1,7,0,1,0,2,12,2,5,0,0,1,1,1,1,34,0,1,0,3,0,1,0,9,0,1,4,11,0,1,0,2,2,0,3,1,1,1,4,0,1,0,3,1,1,1,1,0,13,0,0,3,2,0,0,2,8,1,0,15,4,0,0,0,7,2,3,1,0,0,2,2,2,0,0,1,0,2,1,0,0,0,0,0,0,3,0,1,0,0,0,1,1,0,0,0,0,0,1,1,1,1,0,0,0,0,0,0,2,1,0,1,0,0,0,0,0,2,0,0,1,0,0,0,0,0,1,0,1,0,0,0,1,0,0,2,0,0,0,0,0,1,0,0,0,0,0,0,0,2,0,0,1,1,1,0,2,4,0,0,1,0,0,0,0,0,3,1,1,1,1,0,0,1,2,0,1,0,0,0,0,2,0,0,1,0,0,0,0,1,0,0,0,0,0,0,0,0,0,0,0,0,1,0,0,0,0,0,0,0,0,0,0,0,0,0,0,0,0,0,0
plehanov_uspenskiy.txt_chunk3,plehanov,3,0,1,1,9,0,0,2,1,25,0,0,0,0,3,3,5,1,1,0,1,2,0,0,0,1,2,0,2,0,0,0,5,4,2,0,1,0,2,4,3,1,1,37,1,5,5,1,2,6,8,1,1,1,2,0,0,1,0,2,0,1,0,0,0,0,2,3,3,3,0,0,14,0,2,26,2,1,1,0,4,1,0,2,1,6,0,6,0,1,2,0,0,0,9,2,5,0,2,0,3,1,5,0,1,1,11,3,0,2,2,1,0,0,2,0,1,0,1,0,1,2,2,1,1,1,1,5,4,0,3,2,1,1,0,3,1,0,19,2,0,0,1,3,1,1,3,2,3,0,0,0,2,0,0,1,2,0,2,2,0,0,1,0,0,0,1,1,1,0,0,1,0,0,5,1,1,2,0,0,0,0,0,0,0,0,0,1,0,0,0,0,0,0,0,0,0,2,0,0,1,0,0,0,1,5,0,0,0,1,0,0,0,2,2,0,1,1,0,1,0,0,0,0,1,0,0,1,2,0,0,1,3,1,0,0,2,2,0,0,0,0,0,0,0,0,1,2,0,0,0,0,0,0,2,1,1,0,0,0,1,1,3,0,0,3,1,2,0,1,0,0,0,0,1,0,1,0,0,0,0,0,0,0,0,0,0,0,0,0,0,0,0,0,0,0,0,0,0,0
plehanov_uspenskiy.txt_chunk9,plehanov,2,0,0,1,7,0,0,1,4,26,1,4,0,0,0,0,5,0,1,0,1,5,0,0,1,2,6,1,2,1,1,2,7,4,2,3,2,0,5,2,1,2,2,33,0,6,1,1,2,9,11,1,1,2,1,3,0,0,0,0,0,2,0,0,0,0,2,1,7,4,2,1,11,0,1,14,1,0,0,3,6,1,0,0,0,9,0,5,1,0,3,2,1,0,3,3,1,0,0,0,0,1,5,0,0,0,5,0,1,0,1,4,0,1,0,2,2,2,0,2,5,2,0,1,3,2,0,8,0,1,6,2,0,1,1,0,1,1,25,1,0,0,1,3,1,2,3,0,0,0,4,1,0,1,0,0,1,2,3,0,1,0,0,2,1,0,3,0,0,1,1,0,0,0,5,1,2,0,1,0,1,0,0,0,0,0,0,1,0,0,0,0,2,0,0,0,0,0,0,0,0,0,0,0,0,1,0,2,0,0,0,1,0,0,1,0,0,0,0,2,0,0,0,0,1,0,0,0,0,1,0,0,1,1,0,2,1,2,0,0,2,0,0,0,0,3,0,1,1,0,0,0,1,3,4,10,2,1,0,0,0,1,4,2,0,0,0,2,1,0,0,1,0,0,1,0,0,0,0,1,0,0,0,2,0,0,0,0,0,0,0,0,0,0,0,0,0,0,0,0
plehanov_vroz_idti_vmeste_bit_I.txt_chunk1,plehanov,2,0,2,0,1,1,0,4,3,44,0,1,0,1,0,6,2,0,1,1,2,0,0,0,1,0,3,2,0,0,0,1,4,2,0,1,0,0,6,1,0,3,0,31,0,6,0,0,2,9,5,0,2,1,1,0,0,4,2,0,1,2,0,0,0,0,0,1,3,0,0,2,16,0,0,21,2,1,1,1,7,0,0,1,0,2,0,4,1,1,1,0,1,0,1,5,3,0,0,0,2,1,9,1,3,0,6,0,1,0,0,1,0,1,2,0,0,0,1,0,2,1,1,0,4,1,0,9,2,1,3,6,0,1,2,3,3,0,14,0,0,1,0,6,3,0,1,1,1,1,2,0,3,0,0,1,1,1,3,0,2,1,0,0,2,0,0,0,4,1,0,0,1,2,1,2,0,3,6,1,0,1,1,2,1,4,1,1,1,5,0,1,6,1,0,0,0,0,0,0,0,0,1,5,0,2,0,1,0,0,1,1,1,1,1,0,0,0,3,0,1,0,0,0,3,0,0,0,4,0,0,0,6,0,0,2,0,0,2,0,0,1,0,0,1,0,0,2,1,1,0,2,1,1,0,1,7,1,2,0,2,1,0,1,0,0,0,0,1,0,1,0,0,1,0,0,0,0,0,2,2,1,0,0,0,0,0,1,0,0,0,0,0,1,0,0,0,0,0,0
trotsky_chto_dalshe.txt_chunk1,trotsky,1,0,3,0,3,3,0,3,1,36,2,2,0,0,0,1,1,2,0,1,0,0,0,0,0,0,2,0,0,1,0,0,4,5,0,1,2,4,2,0,0,9,0,27,0,3,0,0,5,8,5,0,1,0,0,2,0,1,0,0,1,0,0,0,0,0,1,0,0,1,0,0,14,2,0,21,0,0,0,3,2,0,2,0,2,6,2,4,0,1,1,0,2,0,3,10,4,0,2,0,0,0,2,2,1,0,15,1,0,1,1,2,2,1,1,0,3,4,0,0,0,4,0,0,0,1,0,3,2,0,5,0,0,1,0,0,1,1,8,2,3,2,0,5,1,1,0,0,0,0,4,0,5,0,0,1,0,2,0,0,0,0,0,0,1,0,0,0,0,0,0,0,1,0,2,1,0,1,2,4,0,0,0,0,0,0,0,1,0,0,1,0,2,0,0,0,0,1,0,0,1,0,0,4,0,0,0,1,1,2,0,1,0,1,0,1,0,0,1,6,0,1,1,0,3,1,2,0,1,1,0,1,1,0,0,0,1,0,0,1,0,0,0,1,0,0,1,1,0,0,2,0,0,1,0,4,2,1,1,1,1,0,0,0,2,0,1,1,0,2,2,0,3,1,0,0,0,0,0,0,4,0,0,2,2,2,6,5,3,0,0,0,2,4,2,0,0,0,0,0
trotsky_dem_i_rev.txt_chunk4,trotsky,4,0,3,1,8,0,4,3,3,28,2,0,1,1,0,1,8,0,0,0,1,0,0,0,0,1,1,0,0,0,2,2,4,1,0,2,1,3,3,0,2,2,0,40,0,6,4,2,0,6,7,2,1,0,5,2,0,3,1,0,0,2,0,0,0,0,0,1,6,0,0,0,15,0,0,20,0,0,0,0,1,0,1,1,0,6,1,2,1,0,1,0,1,0,1,3,7,0,12,0,0,0,2,1,0,2,11,1,0,2,1,0,1,0,1,2,0,0,0,1,0,5,1,1,0,2,0,8,0,1,4,6,1,0,0,0,0,0,22,2,1,2,2,5,2,0,1,0,0,0,0,0,1,0,0,2,0,1,2,0,0,3,1,2,1,0,0,0,2,0,1,0,0,1,0,1,0,3,1,0,0,2,0,1,0,0,0,1,1,0,0,0,3,1,1,0,1,0,0,0,0,1,0,2,0,0,0,0,0,1,0,2,0,1,1,2,1,0,0,1,0,1,0,3,1,1,1,1,0,0,1,2,1,1,0,1,0,0,0,0,0,0,0,0,0,0,1,0,0,1,0,0,1,0,10,19,3,0,1,0,0,0,0,2,0,1,0,1,1,0,0,0,0,0,1,0,0,0,0,1,1,0,1,0,2,4,1,2,0,0,0,0,0,3,2,0,0,0,0,0
trotsky_demokratia.txt_chunk1,trotsky,4,0,2,0,2,1,2,0,1,24,0,0,0,0,0,1,1,1,0,0,1,1,0,0,0,0,1,0,0,0,1,0,1,0,0,3,1,4,7,2,2,4,4,38,0,1,3,3,7,6,4,0,2,0,2,0,0,4,1,0,0,2,1,0,0,0,1,1,3,0,0,1,20,1,0,17,0,0,0,4,5,0,0,0,0,4,2,3,1,1,1,0,1,1,0,11,1,1,3,0,0,0,0,1,1,0,10,0,0,3,0,1,0,0,1,6,0,1,0,1,0,3,0,2,0,0,0,2,2,1,6,1,0,2,0,0,0,0,11,2,1,0,0,4,0,0,2,0,0,0,2,0,0,1,0,0,1,0,2,7,1,0,0,1,0,0,0,1,0,0,0,0,0,1,2,0,1,0,1,4,0,0,0,5,0,0,0,2,0,0,1,1,2,0,0,0,1,3,0,0,0,0,0,0,0,2,1,0,0,1,0,0,0,0,0,3,0,0,1,2,0,0,0,2,1,1,2,2,2,3,1,1,2,0,0,0,1,0,1,3,0,0,0,2,0,0,1,0,1,1,0,0,0,2,0,12,1,0,0,0,0,0,0,1,0,0,1,0,0,2,0,1,0,2,1,0,0,0,0,0,2,1,0,1,4,0,1,0,1,0,0,0,0,7,0,2,0,0,0,0
trotsky_intellig_dem.txt_chunk1,trotsky,5,2,0,0,2,2,2,3,3,35,0,0,2,1,0,0,4,0,2,2,1,1,0,0,0,1,3,0,1,1,0,0,4,4,0,5,0,3,3,1,0,1,0,46,0,3,2,3,7,9,6,0,0,0,2,0,0,0,2,0,0,2,0,0,0,0,1,1,2,0,1,1,14,0,0,10,1,0,1,1,1,0,0,1,1,4,0,5,4,1,1,0,1,0,1,1,1,0,3,0,0,2,4,0,4,0,10,0,0,1,2,1,0,0,2,1,1,0,1,0,0,2,1,1,0,1,0,3,1,1,1,1,0,0,0,0,1,0,11,5,1,0,1,3,2,3,1,0,0,0,1,0,2,2,0,0,1,0,0,0,0,0,2,1,0,0,0,0,1,0,0,0,0,0,5,1,1,2,5,1,1,0,0,1,0,0,0,0,0,0,0,2,0,0,0,0,0,0,1,1,1,0,0,0,0,0,4,2,0,0,0,0,2,0,0,0,1,0,0,2,0,0,0,0,0,0,0,0,0,0,3,1,0,0,1,0,2,0,1,0,0,1,0,0,1,1,1,0,0,0,0,0,0,1,0,1,0,0,0,6,0,0,0,0,3,0,0,0,3,0,0,1,1,0,3,0,0,0,3,0,0,0,0,0,0,0,0,1,0,0,0,0,0,3,1,1,0,0,0,0
trotsky_intellig_dem.txt_chunk11,trotsky,5,1,0,0,3,1,5,6,1,15,0,0,0,0,0,1,5,0,0,0,0,0,0,2,0,0,4,0,1,0,0,1,0,1,0,2,0,2,3,0,2,7,0,32,0,3,3,1,1,12,2,0,2,0,1,2,0,0,2,0,0,1,0,3,0,0,0,1,1,1,0,2,17,0,0,18,0,1,0,0,1,1,0,1,0,5,2,6,3,4,1,0,0,0,0,0,1,1,2,0,0,1,5,1,1,0,10,2,0,0,0,1,0,0,1,0,0,0,0,1,0,5,0,3,0,1,0,3,4,4,1,0,0,0,0,2,3,0,12,3,0,1,1,4,2,1,1,1,1,0,0,0,6,0,0,1,1,0,0,2,0,1,3,0,1,0,0,0,0,1,0,0,0,0,3,1,0,2,2,0,0,0,1,1,1,0,1,0,0,0,0,0,1,0,0,0,1,1,0,0,1,0,2,0,1,0,3,2,0,1,0,0,1,0,0,0,0,0,1,0,1,0,3,0,0,2,0,1,0,1,3,0,0,0,0,2,1,0,0,0,0,0,0,0,1,0,0,1,1,1,1,1,0,0,0,5,0,2,0,1,0,0,0,0,0,0,0,0,1,0,0,0,1,0,0,0,0,0,3,0,2,0,0,0,0,1,1,0,0,0,1,0,0,0,0,0,0,0,0,0
trotsky_intellig_dem.txt_chunk12,trotsky,4,0,0,1,2,0,2,1,1,21,0,2,0,1,0,0,5,0,1,0,0,0,0,0,0,0,8,0,0,0,1,0,1,1,0,1,0,1,4,1,1,8,0,40,0,2,4,0,3,3,9,0,2,0,0,0,0,1,2,0,0,1,0,0,0,0,0,1,0,0,0,0,9,0,0,11,0,0,0,0,0,1,0,0,0,11,0,3,1,1,0,0,0,0,2,1,0,0,2,0,1,4,12,1,2,0,8,0,1,1,0,2,1,0,1,1,1,3,0,0,2,4,0,1,0,1,0,5,2,0,2,0,0,0,0,1,2,1,12,0,1,2,0,1,1,1,0,0,0,0,0,0,2,0,0,0,0,0,3,0,0,1,2,1,1,0,1,2,0,0,0,1,0,0,2,2,1,5,2,7,0,0,1,2,0,0,0,1,0,0,0,0,0,0,0,0,1,1,3,0,0,0,2,0,0,0,0,0,1,0,2,1,2,0,1,0,0,1,0,0,0,0,3,0,1,2,0,0,0,1,5,0,1,3,0,2,1,0,1,0,0,0,0,1,0,0,0,3,0,0,0,0,0,3,0,6,3,0,1,0,1,1,1,2,0,1,0,0,0,0,0,0,1,0,0,0,0,0,1,0,3,1,0,0,0,0,0,0,0,0,1,0,0,0,0,0,0,0,0,0
trotsky_intellig_dem.txt_chunk13,trotsky,8,3,3,0,7,2,1,7,3,27,1,2,1,1,0,4,11,1,0,0,1,0,0,0,0,2,6,0,0,0,1,1,3,2,2,3,0,2,4,0,0,9,2,39,0,3,5,0,1,13,6,0,1,1,2,1,0,5,0,4,0,3,0,1,0,0,0,0,3,2,0,0,6,0,1,19,0,0,0,1,4,0,0,1,2,7,1,3,0,0,0,1,0,2,1,1,5,0,3,1,2,0,8,0,2,0,9,0,0,1,0,4,0,1,0,0,1,2,1,0,0,4,1,0,0,1,0,4,1,0,5,1,0,0,2,1,2,0,12,1,0,1,2,10,2,1,0,3,1,0,0,2,0,0,0,0,0,0,0,0,0,0,0,0,1,1,0,0,0,0,0,0,2,2,2,0,0,2,1,10,0,0,0,2,1,0,0,0,1,0,0,0,1,0,0,0,1,5,3,0,0,0,0,1,0,0,2,2,0,2,0,1,0,0,5,0,0,0,1,0,0,1,1,0,0,3,0,0,0,1,3,3,2,2,0,2,2,0,0,3,0,1,0,0,0,0,2,0,0,0,0,0,0,1,1,8,2,2,0,0,0,0,0,2,1,1,1,0,1,0,0,0,2,0,0,4,0,0,0,0,1,1,0,0,2,0,0,0,0,1,0,0,0,0,1,0,0,0,0,0
trotsky_intellig_dem.txt_chunk14,trotsky,4,0,1,0,1,1,1,2,3,22,2,1,0,2,0,0,3,0,1,1,0,0,0,0,0,0,3,0,0,2,1,1,3,4,0,0,0,2,5,0,0,5,0,52,0,6,0,0,3,6,16,0,1,1,1,0,0,2,0,2,0,1,0,1,0,0,0,0,1,1,0,0,9,0,0,12,0,0,0,0,2,0,1,0,0,7,0,2,3,0,1,1,0,1,2,1,0,0,7,0,0,1,2,1,2,0,4,0,1,0,0,0,0,0,0,1,0,0,0,0,1,2,0,0,0,2,0,4,1,1,2,0,0,0,0,0,0,1,7,1,1,0,0,4,6,0,1,0,0,2,4,0,2,1,0,0,0,0,0,2,0,0,1,0,0,1,0,0,0,0,0,0,0,2,3,0,0,1,3,4,2,0,0,3,1,0,0,0,1,0,0,0,1,0,0,1,0,2,1,0,0,1,0,0,0,0,7,2,2,1,0,1,1,0,1,0,0,0,1,0,0,0,1,0,0,0,0,2,1,1,5,0,0,0,0,1,0,0,3,1,0,2,0,0,0,0,0,1,0,0,0,0,0,1,0,7,0,2,0,0,0,0,0,0,0,0,1,2,1,0,0,0,0,0,0,0,0,1,1,0,0,1,0,0,1,1,0,0,0,1,1,0,0,0,0,2,0,0,0,0
trotsky_intellig_dem.txt_chunk15,trotsky,1,0,1,1,4,3,3,7,1,34,3,2,1,0,0,1,3,0,1,1,2,0,0,0,0,1,0,0,1,1,0,0,2,3,1,0,0,2,7,0,0,2,0,37,1,1,2,0,0,14,13,0,6,2,0,1,0,3,0,0,0,0,0,1,0,0,0,2,0,0,0,0,10,2,0,12,1,0,0,2,1,1,1,0,0,7,0,3,0,2,0,0,0,0,3,2,2,5,7,1,1,1,4,1,3,0,7,0,0,0,0,1,1,0,0,1,0,1,0,1,2,5,0,2,0,1,0,6,1,0,2,1,0,0,0,2,2,0,12,1,3,0,0,2,3,3,0,0,0,0,2,0,0,0,0,1,1,1,0,0,0,0,1,2,0,0,0,0,0,0,0,0,1,0,3,1,0,0,1,0,2,0,1,1,0,0,0,0,0,0,0,1,0,0,0,0,2,0,0,1,0,0,1,0,0,1,0,3,3,0,0,1,0,0,0,0,0,0,1,1,0,2,2,0,0,0,1,0,1,0,2,2,0,2,0,0,3,1,2,0,0,2,1,0,1,1,6,0,0,0,0,0,1,3,0,4,1,3,1,0,0,0,3,0,0,1,0,0,1,1,0,0,4,3,1,0,0,0,1,1,2,0,2,1,2,0,0,0,0,5,1,0,0,0,2,0,0,0,0,0
trotsky_intellig_dem.txt_chunk16,trotsky,1,0,0,0,3,1,2,3,2,32,1,4,0,0,0,0,3,0,1,1,0,2,0,0,0,1,4,1,2,0,2,1,2,3,0,5,0,0,3,0,0,5,1,37,0,5,4,0,4,8,3,0,2,0,0,0,1,2,2,1,0,2,0,0,0,0,0,1,0,0,0,0,18,0,0,18,0,1,0,3,1,1,0,0,3,7,1,5,0,1,0,0,0,2,0,4,4,7,6,0,1,1,2,4,3,0,9,0,0,0,1,2,0,0,0,0,2,0,1,0,1,2,0,0,0,1,0,7,1,0,5,2,0,0,0,1,2,0,20,1,0,2,2,12,1,0,2,0,0,0,0,0,1,0,0,1,2,0,1,0,1,0,2,0,1,0,0,0,1,1,1,1,0,2,2,0,0,0,1,0,0,1,0,1,1,0,0,1,0,0,0,3,0,1,1,0,0,1,0,0,0,0,1,0,0,2,2,0,0,0,0,1,1,1,1,0,0,0,0,0,1,0,0,0,1,1,0,0,0,1,3,1,1,0,0,0,2,1,0,0,0,0,0,1,0,0,1,0,0,0,0,0,2,5,1,9,3,0,0,0,3,1,0,0,1,2,0,0,1,0,0,0,0,0,0,0,0,0,1,0,4,0,0,2,1,4,0,1,0,0,0,0,0,0,0,0,0,0,0,0
trotsky_intellig_dem.txt_chunk17,trotsky,1,0,1,0,5,1,0,1,0,26,1,2,1,1,0,0,2,0,0,0,0,0,0,0,0,0,4,0,0,0,0,0,1,3,0,2,2,1,2,2,0,1,0,44,0,3,7,0,7,6,8,0,1,2,2,2,1,2,0,0,0,0,0,0,0,0,0,0,1,1,0,0,17,3,0,18,1,0,0,0,2,1,0,1,1,8,1,3,1,2,0,1,3,2,3,2,8,1,6,0,0,0,11,5,1,0,5,0,0,1,3,5,1,1,3,0,0,2,1,0,3,4,0,2,1,4,0,1,4,0,6,2,0,1,0,1,0,0,9,4,1,0,0,8,1,2,1,1,1,0,1,0,0,0,1,1,0,0,0,0,1,2,0,0,0,1,0,0,2,3,0,0,0,1,1,2,1,4,3,0,0,0,1,4,0,0,0,0,0,0,0,1,0,2,0,0,0,1,0,0,0,0,0,3,0,0,2,0,0,1,1,1,0,1,1,1,0,0,0,0,0,0,0,1,0,0,1,2,0,0,0,1,0,0,0,0,1,2,0,0,0,3,0,0,0,0,1,0,2,0,0,1,1,0,0,2,0,0,0,0,0,0,1,0,0,0,0,0,0,0,1,1,0,2,0,0,0,0,0,0,5,0,0,0,2,2,2,0,0,1,0,0,1,2,0,0,0,0,0,0
trotsky_intellig_dem.txt_chunk18,trotsky,6.430868167202572,0,3.215434083601286,0,11.254019292604502,0,0,4.82315112540193,1.607717041800643,19.29260450160772,1.607717041800643,0,0,0,0,1.607717041800643,11.254019292604502,0,0,0,0,1.607717041800643,0,0,0,1.607717041800643,3.215434083601286,0,1.607717041800643,0,0,0,0,1.607717041800643,0,4.82315112540193,1.607717041800643,1.607717041800643,1.607717041800643,0,0,11.254019292604502,0,46.62379421221865,0,0,0,1.607717041800643,6.430868167202572,12.861736334405144,1.607717041800643,1.607717041800643,0,1.607717041800643,0,0,0,0,0,0,0,1.607717041800643,0,1.607717041800643,0,1.607717041800643,0,0,0,0,0,0,6.430868167202572,0,0,9.64630225080386,0,0,0,3.215434083601286,0,0,0,1.607717041800643,0,12.861736334405144,1.607717041800643,1.607717041800643,0,1.607717041800643,0,0,1.607717041800643,0,3.215434083601286,4.82315112540193,14.469453376205788,0,1.607717041800643,0,0,1.607717041800643,1.607717041800643,0,0,0,16.07717041800643,0,0,0,0,1.607717041800643,0,0,0,0,1.607717041800643,0,0,3.215434083601286,0,0,0,1.607717041800643,1.607717041800643,1.607717041800643,0,3.215434083601286,3.215434083601286,0,3.215434083601286,0,0,0,0,3.215434083601286,0,3.215434083601286,11.254019292604502,1.607717041800643,0,1.607717041800643,3.215434083601286,3.215434083601286,1.607717041800643,1.607717041800643,0,0,0,3.215434083601286,1.607717041800643,0,1.607717041800643,0,0,0,1.607717041800643,0,1.607717041800643,0,1.607717041800643,0,0,0,3.215434083601286,0,0,0,0,0,0,0,1.607717041800643,1.607717041800643,3.215434083601286,0,0,1.607717041800643,6.430868167202572,3.215434083601286,0,1.607717041800643,0,4.82315112540193,0,0,0,0,0,0,0,1.607717041800643,0,0,0,0,0,0,0,0,0,0,3.215434083601286,0,1.607717041800643,0,0,1.607717041800643,0,0,0,0,0,0,3.215434083601286,0,0,1.607717041800643,0,3.215434083601286,0,0,1.607717041800643,0,1.607717041800643,0,0,0,0,0,0,0,3.215434083601286,0,0,0,0,0,0,0,1.607717041800643,0,0,0,0,0,1.607717041800643,0,0,0,1.607717041800643,0,0,1.607717041800643,0,1.607717041800643,0,1.607717041800643,3.215434083601286,0,0,0,0,0,0,0,0,0,0,0,0,0,0,0,0,1.607717041800643,0,0,0,0,1.607717041800643,0,0,1.607717041800643,0,0,0,0,0,6.430868167202572,1.607717041800643,0,3.215434083601286,0,0,0,0,0,0,0
trotsky_intellig_dem.txt_chunk2,trotsky,4,2,0,0,0,1,2,3,1,19,2,2,0,1,0,2,6,2,2,1,0,0,0,2,1,1,2,0,0,0,1,1,1,4,0,2,0,2,2,2,3,6,0,44,0,5,1,0,2,6,7,0,1,1,1,0,1,1,2,1,0,3,1,3,0,0,0,3,3,0,0,0,10,0,0,13,0,0,0,0,2,0,0,1,0,8,1,3,0,3,0,0,0,0,0,5,4,0,0,0,1,0,3,1,4,0,6,0,0,2,0,1,0,0,0,0,1,0,0,0,1,1,0,2,2,3,0,4,3,0,2,1,0,1,0,1,2,1,13,1,1,3,0,3,1,1,1,1,2,0,3,0,1,0,0,2,0,0,0,0,0,2,1,2,0,0,0,1,1,0,0,1,3,0,4,1,0,5,1,4,0,0,0,0,0,0,0,1,0,0,0,0,4,0,0,0,3,3,0,0,0,0,1,0,0,0,0,0,0,0,0,1,1,1,0,1,0,0,0,4,0,0,0,0,1,1,1,0,1,4,2,0,1,0,0,0,1,0,0,0,0,0,0,0,1,0,0,0,0,0,1,0,1,2,0,9,1,0,0,4,0,0,1,1,2,0,0,3,1,1,1,0,0,0,1,0,0,1,2,4,0,0,1,0,0,0,1,0,0,0,0,0,2,0,0,0,0,0,0,0
trotsky_intellig_dem.txt_chunk3,trotsky,4,1,0,0,7,2,2,3,1,32,1,1,0,2,0,1,3,1,1,2,2,0,0,0,0,0,1,0,0,0,0,0,0,8,1,2,1,3,4,0,0,4,2,33,1,6,2,1,4,7,11,0,2,0,2,0,0,2,1,2,1,0,0,1,0,0,0,0,2,1,2,0,7,0,0,22,1,0,0,0,2,0,0,2,2,5,0,2,1,1,0,1,0,0,2,6,4,0,1,0,2,0,1,0,0,0,6,0,0,0,1,1,2,1,1,1,1,2,0,0,0,5,0,0,0,2,0,4,1,1,1,1,0,0,0,1,2,1,14,3,2,3,0,2,1,1,1,0,0,0,0,0,0,1,1,1,0,0,3,0,1,1,2,3,0,0,0,2,0,0,0,0,0,2,4,1,0,0,0,2,0,0,1,1,0,0,0,0,0,2,0,0,1,0,0,0,0,0,1,0,0,2,2,0,0,0,0,0,0,0,0,0,0,0,2,0,0,0,0,0,0,0,0,0,0,1,0,3,0,0,0,0,2,2,0,0,1,0,1,0,3,0,0,0,0,0,1,0,0,1,2,0,0,0,0,3,0,0,0,7,0,0,2,0,4,0,1,1,1,0,3,1,0,0,0,0,0,0,2,1,0,0,1,0,0,0,1,0,1,0,0,0,0,1,0,0,0,0,0,0
trotsky_intellig_dem.txt_chunk5,trotsky,0,2,0,0,0,1,0,0,2,32,2,1,0,0,0,1,4,0,1,1,0,2,1,0,0,0,2,0,1,0,1,2,2,2,0,2,0,1,3,1,1,1,0,36,0,6,3,1,1,11,10,0,0,1,0,0,0,1,0,0,0,4,0,1,0,0,0,1,1,0,0,0,12,1,0,7,0,0,0,0,2,0,1,1,0,2,0,7,2,1,0,0,0,0,0,7,1,0,8,1,0,0,5,1,3,0,8,0,0,3,1,3,1,1,1,1,0,0,1,0,0,4,0,0,0,3,0,1,1,1,1,1,0,0,0,2,0,2,4,2,1,0,1,1,0,0,2,0,0,0,1,0,1,0,0,0,0,0,0,0,0,0,5,1,2,0,0,0,0,0,0,0,0,0,2,0,0,3,2,1,2,1,0,2,0,0,0,0,0,0,0,0,0,0,0,0,2,2,0,0,0,0,0,0,0,1,1,1,0,0,0,3,1,3,0,1,0,0,3,3,0,0,3,0,2,0,0,1,1,0,1,1,0,0,0,0,2,0,0,0,0,0,0,0,0,0,0,1,0,1,0,1,0,1,0,1,1,0,0,5,0,0,0,0,1,0,0,0,2,1,2,0,3,1,0,0,0,0,3,0,4,3,0,0,0,1,0,0,0,0,0,0,1,0,0,0,0,0,0,0
trotsky_k_smerty_parvusa.txt_chunk1,trotsky,4,1,0,0,3,0,0,3,2,33,1,2,0,0,0,1,2,1,0,1,2,1,0,1,0,0,6,0,0,0,0,0,14,2,2,1,1,4,3,1,0,4,0,28,1,2,1,3,2,9,5,0,2,1,3,0,0,1,1,0,2,0,0,0,2,1,2,1,1,0,4,0,16,0,2,13,3,1,0,0,2,0,0,1,2,9,1,11,0,0,0,0,0,0,16,4,3,0,5,1,1,0,5,4,1,1,14,0,0,0,0,2,0,0,0,1,0,1,0,1,3,1,0,0,2,2,0,9,2,0,1,2,0,1,0,3,2,2,14,0,0,2,1,3,4,4,0,0,2,4,0,0,0,0,0,0,0,0,0,0,0,1,0,0,3,1,0,0,1,0,0,0,1,0,2,0,0,2,2,0,0,0,0,1,0,2,0,1,0,0,0,0,0,0,0,0,4,3,1,0,0,0,0,1,0,0,0,2,0,0,0,1,1,0,2,0,0,0,1,0,0,0,0,3,0,0,0,0,2,0,0,0,0,1,0,0,6,1,0,1,0,0,1,0,0,1,1,2,0,0,0,0,0,0,0,2,1,1,0,0,0,0,1,1,1,1,3,0,0,0,1,0,0,1,1,0,0,0,0,0,0,0,0,0,0,0,7,1,2,0,0,0,0,0,0,0,6,0,1,0
trotsky_kapital_v_opozicii.txt_chunk1,trotsky,3,0,0,0,3,2,0,1,2,21,0,1,1,1,0,3,5,1,0,0,0,2,0,0,1,0,5,0,1,1,0,0,1,3,1,1,0,1,1,0,0,3,0,41,0,2,2,1,2,9,7,0,1,0,1,1,0,0,0,1,0,0,0,0,0,0,0,0,0,0,0,1,13,0,0,14,0,1,1,1,4,1,1,1,2,7,0,1,0,1,0,0,0,0,2,2,1,2,4,0,1,1,2,3,5,1,11,0,0,1,3,0,1,0,1,1,0,0,0,0,1,1,0,1,0,1,0,0,3,1,2,2,0,2,1,1,3,0,9,2,1,2,0,0,0,0,2,0,1,0,1,0,2,0,0,1,1,2,0,0,0,1,1,0,0,1,1,0,0,1,0,0,0,0,0,0,1,2,1,1,0,0,0,0,0,0,0,1,0,0,0,0,0,0,0,1,2,0,1,1,2,0,0,0,0,0,0,3,1,0,0,1,1,0,0,0,0,1,1,2,1,2,1,0,1,0,0,3,1,4,0,1,0,0,0,0,1,0,0,0,0,1,0,0,0,0,0,1,0,0,0,2,0,2,0,1,1,3,0,0,1,1,0,0,0,0,0,0,2,0,0,0,1,0,1,1,2,0,0,1,1,2,0,1,0,1,0,0,0,1,0,0,0,0,0,0,0,2,0,0
trotsky_kapital_v_opozicii.txt_chunk2,trotsky,3,0,0,0,1,0,0,2,2,26,0,0,1,1,0,2,1,0,2,0,1,3,0,2,0,1,4,0,0,0,0,2,2,3,0,0,0,3,5,4,0,2,0,36,1,1,0,1,1,9,5,0,1,0,0,0,0,1,0,0,4,1,0,1,0,0,0,1,2,1,1,0,20,0,0,10,0,0,0,2,2,0,0,2,0,3,0,3,1,1,0,0,0,0,2,3,1,0,12,0,1,0,1,0,4,0,8,1,0,0,0,2,1,2,1,0,1,0,0,0,1,2,1,0,1,0,0,1,2,0,5,0,0,0,0,2,0,0,8,1,0,2,0,5,2,0,1,0,0,0,2,0,1,0,0,0,0,0,1,0,0,0,2,0,1,1,0,0,0,0,1,0,1,1,1,1,0,2,0,2,0,0,0,0,1,0,0,0,0,0,1,0,4,0,0,1,2,0,0,0,1,0,0,0,3,0,0,0,0,0,0,0,0,0,4,0,0,0,2,0,1,0,0,0,2,1,0,1,0,2,2,1,0,1,0,0,0,0,0,0,0,0,0,1,1,0,1,1,1,1,0,3,0,0,0,0,1,0,0,0,0,0,0,0,0,1,0,1,0,1,0,0,0,0,0,0,0,0,0,0,1,1,0,0,1,0,0,0,0,0,0,0,1,0,0,0,0,0,0,0
trotsky_kapital_v_opozicii.txt_chunk3,trotsky,2,0,1,1,2,1,0,2,3,26,5,0,0,1,0,0,2,0,3,0,2,0,0,1,1,1,6,0,0,0,1,0,2,0,0,2,0,1,7,4,2,2,1,42,0,2,3,2,2,5,6,0,0,0,0,0,0,1,0,0,0,0,1,4,0,0,0,0,2,1,0,0,10,0,0,12,1,2,0,2,3,0,0,0,0,7,0,0,0,0,2,0,0,0,2,1,3,0,2,0,0,1,2,1,7,0,10,0,0,1,1,0,0,1,1,0,0,0,0,1,1,3,1,0,0,2,0,5,3,0,2,1,3,0,0,0,3,0,10,1,0,3,0,3,1,0,1,1,0,0,1,0,0,0,1,0,0,2,0,0,0,0,1,1,0,0,0,0,0,0,0,1,1,2,4,1,1,3,2,0,0,3,2,0,1,0,3,0,0,0,0,0,1,0,0,0,2,0,3,4,2,0,1,0,0,1,0,0,1,0,0,2,0,0,2,0,0,0,0,0,3,0,9,0,2,1,0,0,1,2,0,1,0,0,0,2,1,0,1,0,0,0,1,0,0,1,0,0,0,1,0,1,1,1,0,0,0,0,0,1,0,0,0,0,1,1,1,1,2,0,2,0,1,0,0,0,1,0,1,0,1,4,1,0,1,0,0,0,0,0,0,0,1,0,4,0,0,0,0,0
trotsky_kapital_v_opozicii.txt_chunk5,trotsky,4,0,0,0,9,1,0,3,3,22,2,0,0,0,2,0,4,0,1,2,1,2,0,0,0,0,8,1,2,2,1,0,3,1,1,1,2,0,6,1,0,6,0,48,0,3,1,1,4,6,6,0,0,0,0,0,0,1,4,1,1,0,0,1,0,0,1,0,0,1,0,0,9,3,0,19,0,0,0,0,3,0,0,0,0,9,0,5,0,1,0,0,2,1,4,2,0,0,5,1,1,0,6,3,4,0,9,0,0,0,0,1,0,0,2,1,0,1,0,2,1,4,2,0,1,1,0,2,0,1,3,1,1,1,1,0,2,0,13,0,4,0,1,4,0,1,1,0,0,0,1,0,4,0,0,0,1,2,0,0,0,0,0,1,0,0,0,1,0,2,1,0,1,3,2,0,1,3,1,0,0,0,1,0,0,0,0,2,0,0,0,0,0,0,0,0,1,1,7,1,1,0,0,0,0,0,0,2,0,0,0,0,0,2,1,0,0,0,0,0,1,3,7,0,3,3,0,1,1,0,0,0,0,2,0,3,1,0,4,0,0,0,0,0,1,1,1,2,0,2,0,0,1,0,0,4,0,2,1,0,2,0,0,1,0,0,0,0,1,0,3,0,1,0,0,0,1,0,0,0,1,0,0,1,1,0,1,0,0,0,0,0,0,0,2,0,0,1,0,0
trotsky_kapital_v_opozicii.txt_chunk6,trotsky,3.218884120171674,0,0,0,4.291845493562231,0,0,2.1459227467811157,2.1459227467811157,17.167381974248926,0,0,0,1.0729613733905579,0,0,3.218884120171674,0,0,0,1.0729613733905579,1.0729613733905579,0,0,2.1459227467811157,0,9.656652360515022,0,0,0,1.0729613733905579,0,3.218884120171674,5.364806866952789,2.1459227467811157,1.0729613733905579,1.0729613733905579,1.0729613733905579,2.1459227467811157,0,0,6.437768240343348,0,37.55364806866953,0,2.1459227467811157,2.1459227467811157,1.0729613733905579,0,5.364806866952789,12.875536480686696,2.1459227467811157,1.0729613733905579,0,2.1459227467811157,0,1.0729613733905579,4.291845493562231,1.0729613733905579,0,1.0729613733905579,3.218884120171674,1.0729613733905579,1.0729613733905579,0,0,0,0,4.291845493562231,2.1459227467811157,0,1.0729613733905579,13.948497854077255,1.0729613733905579,0,16.094420600858367,0,0,0,0,1.0729613733905579,0,1.0729613733905579,0,1.0729613733905579,3.218884120171674,0,3.218884120171674,1.0729613733905579,1.0729613733905579,0,0,0,1.0729613733905579,1.0729613733905579,5.364806866952789,1.0729613733905579,0,3.218884120171674,0,0,2.1459227467811157,2.1459227467811157,9.656652360515022,5.364806866952789,0,6.437768240343348,0,2.1459227467811157,1.0729613733905579,0,2.1459227467811157,2.1459227467811157,0,2.1459227467811157,1.0729613733905579,0,1.0729613733905579,1.0729613733905579,1.0729613733905579,0,2.1459227467811157,0,1.0729613733905579,1.0729613733905579,3.218884120171674,0,0,1.0729613733905579,0,6.437768240343348,0,1.0729613733905579,0,0,1.0729613733905579,0,0,11.802575107296137,1.0729613733905579,1.0729613733905579,0,1.0729613733905579,3.218884120171674,1.0729613733905579,0,3.218884120171674,0,0,0,0,0,1.0729613733905579,0,0,1.0729613733905579,0,0,0,0,0,1.0729613733905579,2.1459227467811157,0,0,0,0,2.1459227467811157,0,1.0729613733905579,0,1.0729613733905579,1.0729613733905579,1.0729613733905579,0,0,0,1.0729613733905579,2.1459227467811157,0,0,1.0729613733905579,0,0,0,0,2.1459227467811157,0,0,0,0,0,0,0,0,0,0,1.0729613733905579,1.0729613733905579,0,3.218884120171674,0,2.1459227467811157,0,0,1.0729613733905579,0,1.0729613733905579,3.218884120171674,1.0729613733905579,0,3.218884120171674,0,0,2.1459227467811157,2.1459227467811157,1.0729613733905579,0,1.0729613733905579,0,0,0,1.0729613733905579,0,0,0,0,0,2.1459227467811157,2.1459227467811157,0,0,3.218884120171674,1.0729613733905579,0,5.364806866952789,0,2.1459227467811157,0,0,1.0729613733905579,0,0,0,0,0,0,1.0729613733905579,1.0729613733905579,0,0,0,0,2.1459227467811157,0,5.364806866952789,0,1.0729613733905579,0,0,0,0,1.0729613733905579,1.0729613733905579,0,0,0,0,3.218884120171674,0,2.1459227467811157,1.0729613733905579,3.218884120171674,0,2.1459227467811157,0,2.1459227467811157,0,0,0,4.291845493562231,1.0729613733905579,0,0,1.0729613733905579,2.1459227467811157,0,0,0,0,0,0,0,5.364806866952789,2.1459227467811157,0,0,7.510729613733906,0,0
trotsky_opekaemoe_studenchestvo_I.txt_chunk1,trotsky,8.008008008008009,0,0,0,3.003003003003003,0,0,2.002002002002002,0,32.032032032032035,1.001001001001001,2.002002002002002,0,0,1.001001001001001,1.001001001001001,2.002002002002002,2.002002002002002,0,0,0,1.001001001001001,1.001001001001001,1.001001001001001,0,0,4.004004004004004,0,0,2.002002002002002,0,1.001001001001001,4.004004004004004,0,0,2.002002002002002,0,1.001001001001001,3.003003003003003,0,0,0,1.001001001001001,33.03303303303303,0,4.004004004004004,5.005005005005005,1.001001001001001,0,5.005005005005005,14.014014014014014,0,1.001001001001001,2.002002002002002,1.001001001001001,1.001001001001001,1.001001001001001,1.001001001001001,1.001001001001001,0,0,3.003003003003003,0,3.003003003003003,0,0,0,1.001001001001001,5.005005005005005,1.001001001001001,1.001001001001001,1.001001001001001,11.01101101101101,0,0,22.02202202202202,1.001001001001001,1.001001001001001,0,0,2.002002002002002,1.001001001001001,0,0,0,6.006006006006006,0,3.003003003003003,1.001001001001001,0,0,0,1.001001001001001,0,3.003003003003003,0,1.001001001001001,1.001001001001001,8.008008008008009,0,0,3.003003003003003,1.001001001001001,2.002002002002002,0,1.001001001001001,15.015015015015015,0,0,1.001001001001001,0,0,1.001001001001001,2.002002002002002,1.001001001001001,1.001001001001001,2.002002002002002,2.002002002002002,2.002002002002002,0,0,5.005005005005005,0,0,1.001001001001001,0,2.002002002002002,2.002002002002002,2.002002002002002,2.002002002002002,4.004004004004004,1.001001001001001,0,1.001001001001001,0,0,0,1.001001001001001,9.00900900900901,4.004004004004004,1.001001001001001,0,0,3.003003003003003,3.003003003003003,0,1.001001001001001,1.001001001001001,2.002002002002002,0,0,1.001001001001001,2.002002002002002,0,1.001001001001001,0,0,1.001001001001001,2.002002002002002,0,0,0,0,5.005005005005005,0,2.002002002002002,0,0,0,1.001001001001001,0,0,0,1.001001001001001,2.002002002002002,0,1.001001001001001,2.002002002002002,0,5.005005005005005,1.001001001001001,0,0,3.003003003003003,1.001001001001001,0,0,0,0,0,0,0,0,4.004004004004004,0,0,1.001001001001001,2.002002002002002,0,0,2.002002002002002,0,0,0,0,0,6.006006006006006,2.002002002002002,2.002002002002002,1.001001001001001,2.002002002002002,3.003003003003003,0,0,1.001001001001001,1.001001001001001,0,0,0,0,0,0,0,3.003003003003003,0,0,1.001001001001001,0,0,0,3.003003003003003,0,1.001001001001001,1.001001001001001,0,0,0,0,0,1.001001001001001,0,0,1.001001001001001,0,0,0,1.001001001001001,0,3.003003003003003,0,0,0,1.001001001001001,3.003003003003003,0,6.006006006006006,0,2.002002002002002,1.001001001001001,0,1.001001001001001,0,0,0,0,0,1.001001001001001,0,0,0,0,0,2.002002002002002,0,1.001001001001001,0,0,0,0,0,2.002002002002002,0,0,0,1.001001001001001,0,0,2.002002002002002,0,2.002002002002002,0,0,0,1.001001001001001,1.001001001001001,0,0,0,0,0
trotsky_perm_rev.txt_chunk1,trotsky,2,0,2,3,1,4,2,7,2,35,2,5,3,0,0,3,4,0,2,0,0,0,0,0,0,3,6,0,1,1,0,0,2,2,0,2,0,3,5,0,0,4,0,35,1,7,1,0,1,6,8,0,1,0,3,0,0,0,0,0,0,1,1,3,1,2,0,0,3,0,0,0,8,1,1,16,1,0,0,0,5,0,0,2,0,6,0,9,0,0,3,0,0,0,2,0,4,0,2,2,0,0,8,1,0,0,15,0,0,1,0,1,0,0,2,1,0,3,0,0,1,3,0,0,0,3,1,5,2,0,5,3,0,0,0,2,0,1,11,0,0,0,1,1,3,4,0,0,1,1,2,0,3,0,0,2,0,0,1,0,0,0,3,0,0,0,0,0,0,1,1,0,1,0,1,1,0,1,0,1,0,0,0,1,0,0,1,0,0,0,0,2,1,5,1,0,2,4,0,0,0,0,2,4,0,1,0,4,0,4,1,4,0,0,1,8,1,1,1,0,2,0,1,4,0,1,0,0,1,0,0,1,1,1,0,0,4,0,0,0,0,0,0,0,0,1,0,0,0,0,0,0,1,2,0,4,1,4,0,0,0,1,3,0,0,1,4,0,1,0,0,0,10,0,1,0,3,2,0,0,0,0,0,0,1,0,17,0,4,0,0,0,0,1,0,0,3,1,0,0
trotsky_perm_rev.txt_chunk12,trotsky,4,0,4,1,3,2,2,2,2,40,0,0,1,2,0,1,1,0,2,0,1,1,0,0,0,0,4,0,2,0,0,2,4,6,0,3,2,1,3,0,0,3,0,32,0,3,2,0,0,7,3,0,3,0,3,1,0,2,1,0,1,1,1,2,0,0,0,0,4,2,0,1,10,0,0,25,0,1,0,1,2,0,1,0,1,7,0,5,0,2,0,0,0,0,3,2,0,0,7,0,0,1,1,0,2,2,7,0,0,1,0,3,1,0,0,2,2,0,0,2,3,1,0,2,2,2,0,5,2,2,4,0,1,0,0,6,2,1,6,0,2,1,1,8,2,1,3,0,0,4,2,0,5,0,2,3,2,0,1,0,0,0,1,1,1,1,1,0,0,1,0,1,0,1,2,0,1,1,1,7,0,0,1,1,2,0,2,3,1,0,0,0,0,2,1,0,3,2,2,0,3,0,5,1,0,1,0,3,0,1,0,2,6,1,1,5,0,0,0,0,1,1,0,3,6,1,0,1,0,1,0,2,0,0,0,1,1,0,0,0,0,2,1,1,0,0,0,1,0,0,0,2,1,1,0,1,1,2,2,0,0,3,2,0,0,0,0,0,0,0,0,0,12,1,0,0,1,4,0,1,0,0,0,0,0,0,20,1,9,0,0,0,0,1,6,0,0,2,0,0
trotsky_perm_rev.txt_chunk13,trotsky,7,0,3,2,6,0,0,3,6,30,4,2,0,1,0,2,5,0,2,1,1,1,0,0,0,1,2,7,0,0,1,1,2,2,0,2,2,3,3,0,1,2,0,29,0,3,0,1,4,7,11,1,0,0,2,0,0,1,0,0,0,1,0,0,0,0,0,0,4,1,1,0,9,0,0,21,1,0,1,2,3,0,0,1,1,8,0,8,1,1,0,1,0,0,2,0,1,0,6,1,1,1,7,1,2,0,10,1,0,1,1,1,0,0,0,2,2,0,0,0,2,4,0,2,0,1,0,1,2,1,3,2,0,0,1,7,1,3,8,1,1,2,0,5,3,1,0,1,0,4,4,0,2,0,0,1,0,0,3,0,0,1,0,0,1,0,0,0,0,0,1,1,1,1,1,1,0,0,2,3,0,1,0,1,0,0,1,1,0,0,0,0,0,1,0,1,1,1,2,1,2,0,0,0,0,0,0,4,0,0,0,0,4,0,1,2,0,1,2,0,0,0,0,2,1,2,1,0,0,0,0,1,1,1,0,0,1,0,3,1,0,2,1,1,1,0,1,0,0,0,0,0,2,1,0,0,1,2,1,0,0,0,1,0,1,0,1,0,1,0,0,3,6,2,1,0,1,4,0,2,1,0,1,4,0,1,9,0,9,0,0,0,3,0,14,0,0,0,0,0
trotsky_perm_rev.txt_chunk15,trotsky,2,0,0,1,6,1,0,1,1,42,2,6,2,0,0,0,1,0,1,1,1,1,0,0,0,1,3,0,2,0,0,0,2,4,0,2,0,3,5,2,0,3,0,35,1,5,4,0,0,12,6,0,0,1,0,1,0,2,0,0,0,1,0,5,1,0,0,1,1,2,3,3,11,1,2,16,0,1,0,2,4,0,0,0,0,11,0,8,2,0,0,0,0,0,0,0,1,0,5,0,0,0,7,1,2,0,4,1,1,0,2,0,0,1,0,3,1,0,0,0,3,0,1,0,0,1,1,2,2,0,7,4,0,1,0,6,2,0,13,1,2,1,0,3,1,2,4,0,0,0,2,0,3,2,0,1,0,0,0,0,0,1,1,1,0,0,0,0,1,0,1,0,1,1,1,1,0,4,0,4,1,0,0,2,0,0,0,1,0,0,0,0,0,7,0,1,1,0,0,0,3,0,0,2,0,0,0,5,1,0,0,0,4,0,1,5,0,1,0,0,0,0,1,3,2,1,1,0,0,0,0,4,0,0,0,1,0,0,0,0,0,2,0,0,0,0,2,0,1,0,1,0,0,1,1,2,3,1,1,0,0,2,0,0,1,0,2,0,0,0,1,0,4,0,0,0,3,1,0,0,2,0,1,1,0,1,8,1,4,0,0,0,0,0,2,0,9,0,0,0
trotsky_perm_rev.txt_chunk17,trotsky,3,0,5,0,3,2,1,0,2,48,0,5,1,0,1,3,1,0,2,1,1,1,0,0,4,4,1,0,0,0,0,1,0,2,1,5,1,2,2,0,0,2,1,33,2,5,5,2,3,7,10,1,0,0,1,0,2,1,0,1,0,2,0,1,3,1,0,0,3,0,0,0,12,0,0,25,0,0,0,0,1,0,0,0,0,8,0,15,3,3,0,0,0,0,3,1,0,0,1,1,3,0,11,1,2,1,10,2,1,0,0,0,0,0,0,0,0,1,1,0,3,1,0,2,0,1,0,7,2,0,5,6,0,1,0,0,0,2,14,2,0,2,0,8,3,5,2,2,0,6,0,1,1,0,0,3,0,0,0,0,0,0,0,0,0,0,0,0,0,0,1,0,0,0,1,3,1,1,0,3,2,0,0,1,0,0,0,0,0,0,0,0,0,3,0,0,0,5,0,0,0,0,2,0,0,0,0,6,1,2,0,0,0,0,0,3,0,3,1,0,1,0,3,2,1,0,1,0,2,0,0,1,1,0,0,0,1,1,0,0,1,4,0,0,0,2,0,0,0,1,0,0,1,0,0,3,0,3,2,0,0,0,0,0,2,0,2,0,1,0,0,0,6,0,1,0,1,0,0,2,1,0,0,2,0,2,8,2,0,1,0,0,0,0,2,0,12,0,0,0
trotsky_perm_rev.txt_chunk19,trotsky,2,1,5,1,2,1,0,4,3,30,3,1,0,3,0,0,3,0,2,0,2,0,0,0,0,2,0,0,0,2,0,0,3,3,1,1,1,3,5,4,5,3,1,28,1,6,0,0,1,6,4,1,1,0,1,1,2,1,0,0,0,1,1,3,3,3,0,0,4,1,0,1,13,0,0,16,0,1,0,3,1,1,1,1,0,4,4,9,0,1,2,0,0,0,1,1,2,0,5,2,1,3,3,2,0,0,10,0,0,0,1,0,0,0,0,2,0,0,2,0,1,3,0,1,0,0,0,1,2,1,2,2,1,1,2,4,2,2,14,0,2,0,0,10,0,1,2,1,0,9,0,0,1,0,0,2,0,0,1,0,0,0,0,2,0,0,0,0,1,0,0,0,0,0,0,2,0,1,0,4,0,0,0,1,0,0,0,0,0,0,0,1,3,0,0,0,1,1,0,0,1,0,0,2,2,0,1,5,0,0,0,1,0,0,1,0,0,1,0,1,2,1,0,0,1,0,0,0,0,0,0,0,0,1,0,0,0,0,0,0,0,0,1,2,1,0,0,0,0,1,0,0,0,1,0,0,1,1,0,0,0,0,0,0,0,0,6,0,1,0,0,0,3,1,0,0,0,0,0,0,1,0,0,2,0,1,10,0,3,0,0,3,1,0,5,0,1,0,0,0
trotsky_perm_rev.txt_chunk2,trotsky,1,0,4,0,0,0,5,2,1,39,3,1,0,0,1,3,6,0,1,1,0,0,0,1,1,1,6,0,1,0,0,0,4,2,1,2,0,1,3,0,0,0,1,35,0,5,4,0,2,13,8,0,1,0,2,2,0,4,1,0,2,3,0,0,1,2,1,1,1,0,0,0,9,1,0,18,0,0,1,2,3,0,0,0,0,12,0,1,0,0,0,0,0,1,0,5,2,0,4,0,0,0,3,0,4,1,7,0,0,1,1,2,2,0,3,0,3,0,1,0,2,1,0,0,0,1,7,2,3,1,4,3,0,0,1,1,2,4,9,1,0,0,0,6,2,3,4,2,0,9,1,0,1,0,0,1,1,0,1,1,0,0,2,0,0,0,1,0,0,0,0,0,1,0,1,0,0,4,1,4,0,0,1,2,0,0,0,1,0,0,0,0,1,2,0,0,6,5,0,0,1,0,0,1,0,0,0,2,0,1,0,1,3,0,1,3,1,1,0,0,2,0,1,0,3,0,0,0,0,0,0,1,2,1,0,0,1,3,0,0,1,0,0,0,0,0,0,1,0,0,0,0,1,0,1,0,1,2,0,1,0,1,1,1,0,1,4,0,0,0,0,0,5,1,1,0,2,1,0,0,0,0,0,0,0,0,17,2,8,0,0,0,0,0,4,0,0,0,0,0
trotsky_perm_rev.txt_chunk22,trotsky,7,0,0,0,3,0,0,1,1,39,1,0,5,1,1,0,6,0,1,0,0,2,0,0,0,0,4,0,0,0,0,2,2,2,0,3,2,5,7,1,1,0,0,30,0,1,3,0,1,10,14,0,3,1,1,0,1,3,0,0,0,0,0,0,2,1,0,0,0,0,1,1,8,0,0,24,1,0,0,0,0,0,0,0,0,6,0,12,5,0,0,0,1,0,4,0,3,0,3,3,1,0,3,1,4,1,9,0,0,0,0,2,0,0,2,0,0,0,1,0,2,2,0,0,0,2,7,4,1,1,4,1,0,0,1,6,3,2,16,1,3,3,0,6,1,3,1,1,0,10,5,0,3,0,0,3,1,0,3,1,0,1,0,0,1,2,0,0,0,0,0,0,2,1,0,1,1,2,2,6,0,0,0,0,0,0,0,0,0,0,0,1,0,0,1,0,2,2,0,0,0,1,0,0,0,1,0,6,0,0,0,0,1,1,1,1,1,0,1,0,0,0,0,1,1,0,0,0,2,0,0,0,3,0,0,0,1,0,1,1,0,1,0,2,2,2,0,1,0,0,1,0,1,1,0,1,1,2,3,0,0,0,1,0,2,0,5,1,0,0,1,0,2,0,1,0,3,0,0,2,1,0,0,0,0,0,20,0,3,0,0,0,0,0,1,0,9,0,0,0
trotsky_perm_rev.txt_chunk23,trotsky,11,1,2,0,5,1,0,6,1,42,0,1,0,0,0,2,5,0,1,2,2,0,1,1,1,1,2,1,0,0,0,0,1,0,1,1,4,1,9,0,0,2,1,35,1,8,2,1,0,5,11,0,1,0,0,0,0,2,0,0,1,1,1,1,1,1,0,0,1,1,2,0,12,0,2,28,0,2,0,2,3,0,0,1,1,8,0,6,2,2,1,1,1,3,2,1,0,0,0,1,1,0,4,2,0,0,7,0,0,0,0,0,0,0,0,0,0,0,0,0,0,4,0,1,1,0,0,6,3,0,3,3,1,3,0,5,1,1,17,2,2,1,1,8,4,0,1,1,0,8,3,1,4,0,0,1,0,0,1,2,0,0,0,2,2,1,1,0,0,0,1,0,0,1,2,3,0,1,1,1,0,0,0,0,1,0,0,3,1,0,0,0,0,0,0,0,1,2,0,0,0,0,0,0,0,0,0,4,0,2,0,0,1,0,0,8,0,1,3,0,0,0,1,0,0,0,0,0,1,0,0,1,1,1,0,0,0,0,0,2,0,0,1,0,0,0,1,0,1,0,0,0,0,1,1,1,3,3,0,0,0,0,0,0,2,0,2,0,1,1,0,0,0,0,0,0,1,0,0,3,0,0,0,0,0,0,6,0,0,0,0,0,0,0,0,0,5,1,0,0
trotsky_perm_rev.txt_chunk25,trotsky,8,0,0,0,2,3,0,0,1,37,2,2,1,2,0,1,2,0,1,1,0,0,0,0,1,2,2,0,0,0,0,0,2,3,0,1,0,2,8,0,0,3,0,25,0,6,3,1,1,6,8,1,2,1,1,0,0,2,0,0,2,0,0,0,2,0,0,0,0,2,1,0,9,0,0,24,0,0,0,0,0,0,0,1,0,2,0,5,1,1,1,0,0,0,3,1,2,2,2,0,1,1,4,2,1,0,11,2,0,0,0,1,0,0,1,1,1,2,0,0,1,3,0,0,0,2,5,3,0,0,6,3,1,0,0,1,2,2,8,0,1,1,1,1,0,1,1,1,0,1,0,1,3,1,0,1,0,0,0,0,0,0,0,2,0,1,1,1,0,0,0,1,1,0,0,0,0,2,0,4,0,4,1,0,0,0,4,1,0,0,0,0,0,0,0,0,3,2,3,1,2,1,2,0,0,1,0,2,0,0,0,0,2,0,2,2,0,1,1,0,1,2,0,0,2,2,2,0,0,1,0,0,0,1,0,0,0,1,2,0,0,0,2,0,1,1,0,0,1,0,0,0,3,1,0,4,0,1,1,0,0,0,0,0,0,0,3,0,2,0,1,0,3,1,1,0,7,0,0,0,1,0,0,0,0,0,26,0,2,0,0,2,0,0,0,1,0,0,0,0
trotsky_perm_rev.txt_chunk27,trotsky,5,0,0,0,3,1,1,3,0,40,3,0,0,1,0,1,4,1,3,1,0,1,0,0,2,2,4,1,0,0,1,0,7,3,0,7,4,1,2,0,0,2,0,30,0,7,7,0,1,8,9,0,0,1,1,0,0,2,1,0,1,0,0,6,2,0,0,2,5,2,0,0,9,0,1,19,0,4,1,0,2,0,0,0,1,9,1,2,0,0,0,0,0,2,3,2,1,0,5,0,1,1,1,0,0,1,6,0,0,0,1,0,1,1,0,0,0,0,2,0,0,4,0,0,0,7,2,3,5,0,6,2,0,0,0,6,4,14,18,1,2,1,0,8,1,0,0,1,0,2,0,2,3,0,0,4,0,0,3,0,0,1,0,0,1,1,0,0,0,0,2,0,1,1,2,3,0,0,0,1,0,0,1,0,1,0,0,1,1,0,0,1,0,0,0,2,0,1,0,0,7,0,0,1,0,1,0,4,0,0,0,0,1,1,0,0,0,0,0,0,1,0,1,1,6,0,0,0,1,0,0,1,0,0,0,0,1,2,1,1,0,1,0,2,0,1,1,0,0,0,1,0,0,0,0,6,5,3,0,0,1,0,0,0,0,1,2,0,0,0,1,2,1,0,1,0,0,0,0,0,1,0,0,1,0,1,6,1,2,0,0,0,1,0,1,0,5,0,0,0
trotsky_perm_rev.txt_chunk28,trotsky,12,0,1,1,1,2,0,4,1,55,2,1,2,2,0,1,3,0,1,0,0,0,0,2,1,1,4,0,0,0,0,0,3,2,0,2,1,6,6,0,0,3,2,21,1,4,1,0,0,5,7,0,1,0,1,0,1,0,1,0,0,0,0,0,0,2,0,0,1,1,0,0,10,0,1,22,1,0,1,3,3,0,0,0,0,5,0,3,0,0,0,0,0,0,7,1,2,0,1,0,1,0,11,2,1,3,12,0,1,1,0,1,0,0,1,0,1,0,1,1,1,0,1,0,1,2,0,3,0,3,4,7,0,0,1,6,7,1,19,0,1,2,1,7,1,0,0,1,1,0,0,3,1,0,0,1,0,0,0,0,0,2,0,1,2,2,1,1,1,0,2,0,1,0,4,0,0,4,3,8,0,0,0,4,0,0,1,1,0,0,1,0,1,2,0,0,1,1,1,1,2,1,0,0,0,1,0,1,0,1,0,1,2,1,1,7,0,0,1,0,1,0,2,0,2,0,0,0,0,2,0,0,3,1,0,0,1,1,0,1,0,1,0,1,1,0,0,0,0,1,0,0,1,4,0,3,3,1,1,0,2,0,0,1,1,0,5,1,0,0,0,0,2,1,0,0,3,0,0,0,4,0,0,0,1,0,7,1,1,0,0,0,1,1,1,0,3,2,1,0
trotsky_perm_rev.txt_chunk3,trotsky,4,0,0,0,3,2,2,1,2,36,1,3,1,0,0,0,3,0,5,0,0,0,0,0,1,1,10,0,0,1,0,1,1,2,0,3,1,0,0,0,0,1,0,33,2,4,2,1,1,11,10,0,0,0,1,1,0,0,1,0,1,6,0,2,0,0,0,0,3,1,1,0,9,0,0,18,2,0,0,1,0,1,0,2,0,2,0,2,2,2,1,0,0,0,4,6,7,0,4,0,0,0,3,3,2,1,13,0,0,0,0,0,0,1,1,0,0,0,0,0,1,1,0,1,0,1,7,4,1,0,1,0,1,0,0,1,2,3,9,1,2,0,4,2,1,2,2,2,0,4,0,0,0,2,0,1,0,0,0,0,0,0,3,0,0,1,0,0,0,1,0,0,0,0,5,2,2,1,4,3,0,0,0,2,0,0,0,0,0,0,0,0,0,0,0,0,1,3,0,0,2,1,2,0,0,0,0,1,2,1,0,3,2,1,0,1,1,1,0,0,2,0,1,0,3,1,0,0,1,0,0,0,0,0,1,0,0,1,0,0,1,1,0,0,0,0,2,1,1,0,0,0,0,1,0,2,1,1,0,1,0,0,4,1,0,0,1,0,2,0,1,0,10,0,1,0,1,1,0,0,0,0,0,0,0,0,16,2,6,0,0,0,0,1,1,1,0,1,0,0
trotsky_perm_rev.txt_chunk36,trotsky,2,0,2,1,5,4,1,1,3,36,1,4,0,0,0,0,0,1,1,0,0,0,0,0,0,2,5,0,1,0,0,0,0,5,0,2,1,1,1,0,0,5,2,42,2,3,3,2,4,7,7,1,0,0,1,3,1,0,0,0,0,4,0,3,0,0,0,3,3,0,0,0,9,0,0,16,0,0,0,1,4,0,1,0,1,5,0,4,1,1,0,0,0,2,2,2,0,0,4,1,1,1,1,2,2,0,10,0,0,0,1,0,1,0,1,1,1,1,0,0,0,1,0,2,0,4,2,1,1,1,9,3,0,0,0,0,0,3,6,0,1,0,0,3,1,1,1,0,0,1,1,0,3,1,0,1,0,0,1,2,0,0,2,0,0,0,0,0,1,2,0,0,0,0,0,1,1,4,1,0,0,0,0,2,1,0,0,0,0,0,0,0,1,1,2,0,0,2,0,1,2,0,1,0,0,2,0,3,1,1,0,2,4,0,1,9,0,1,1,0,1,0,1,1,1,0,1,2,1,2,0,0,0,0,0,1,0,2,2,0,0,0,0,2,0,0,0,0,0,0,0,0,1,3,0,0,0,3,0,0,0,1,1,0,1,1,0,0,0,0,0,0,18,2,2,0,5,0,1,0,0,0,0,1,0,0,17,2,4,0,0,0,1,0,2,2,0,0,0,0
trotsky_perm_rev.txt_chunk4,trotsky,1,0,1,0,1,6,0,4,0,50,0,0,0,0,0,0,4,0,0,0,0,0,0,1,2,1,5,0,1,0,0,2,2,4,0,3,0,3,5,0,0,4,0,40,1,3,0,0,1,11,5,0,0,0,1,0,1,0,1,0,0,2,0,0,1,0,0,0,3,1,0,2,12,0,0,12,1,0,0,1,0,0,0,0,0,2,1,3,1,1,0,0,0,0,2,0,5,0,2,0,0,1,4,3,2,1,10,1,2,0,0,1,2,1,2,2,1,0,1,0,1,1,0,1,0,3,2,4,3,2,4,1,1,0,0,0,4,2,14,2,0,2,0,2,2,0,1,0,3,3,0,0,3,0,0,3,0,2,1,0,0,2,1,2,1,0,0,0,0,0,0,0,0,0,0,0,1,3,0,7,0,2,1,0,0,0,0,0,0,0,0,0,0,2,2,0,5,3,1,0,1,0,0,0,0,0,1,5,0,1,0,1,2,2,2,1,2,2,0,0,0,0,3,0,4,0,1,0,0,0,0,0,0,0,0,1,2,2,0,1,0,1,0,0,0,0,1,0,0,0,1,0,1,1,0,0,0,5,0,0,0,0,0,0,0,0,6,0,0,0,0,0,5,0,0,0,2,1,0,0,0,0,0,0,0,1,9,0,2,0,0,0,0,0,3,0,1,0,0,0
trotsky_perm_rev.txt_chunk8,trotsky,12,0,0,0,10,3,1,6,1,36,8,1,1,0,0,2,2,0,1,1,1,0,0,0,1,2,3,1,0,0,0,0,5,2,1,3,0,0,4,0,3,1,0,27,0,7,3,0,2,7,7,1,1,1,0,0,0,0,1,1,0,0,0,0,2,6,0,0,1,2,1,0,14,0,0,27,2,1,0,2,1,0,0,1,2,5,1,5,1,1,0,0,0,0,5,0,2,0,2,0,2,1,6,3,3,1,9,1,0,0,0,2,0,0,1,1,1,2,1,1,2,3,0,1,0,2,4,5,2,0,8,3,0,3,1,3,0,2,24,1,1,1,2,5,0,3,2,1,0,9,2,0,3,0,0,4,0,0,2,0,0,0,0,0,0,0,1,1,0,0,0,0,0,2,1,2,0,1,2,2,0,0,0,0,0,0,0,0,1,0,0,1,1,0,0,0,1,3,0,0,0,0,0,0,0,1,0,3,0,0,0,0,0,0,2,1,0,0,0,0,1,0,0,0,1,0,0,0,0,0,0,0,2,3,0,0,1,0,0,0,0,1,1,3,2,0,3,1,0,3,0,0,4,1,0,1,0,1,0,0,1,0,0,1,1,0,0,0,0,0,0,1,0,1,3,0,0,0,0,0,1,0,0,0,0,0,13,1,2,1,0,0,0,0,0,1,9,0,0,0
trotsky_perm_rev.txt_chunk9,trotsky,7,1,0,0,1,0,0,2,1,36,1,0,0,1,1,0,2,0,2,0,2,0,0,1,1,3,4,1,0,0,0,1,5,1,0,4,1,2,9,0,0,5,1,31,0,6,3,0,3,13,5,0,2,2,0,2,0,4,3,0,1,1,0,2,8,2,0,1,0,0,2,0,15,0,1,23,2,0,0,0,3,0,0,1,0,7,1,11,0,0,1,0,0,1,6,1,1,0,4,1,4,0,7,2,2,1,12,0,0,0,0,1,0,0,2,1,0,2,0,0,4,3,0,0,0,4,1,3,2,1,3,2,1,0,0,6,2,2,14,3,0,3,1,6,1,0,1,2,1,15,0,1,1,0,0,0,0,0,0,0,0,1,0,1,0,1,0,0,2,0,0,2,3,1,0,0,0,2,1,3,0,0,0,0,1,0,0,2,0,0,0,1,0,4,0,0,2,6,0,0,0,0,0,0,0,0,0,2,0,1,0,0,0,1,2,1,0,0,0,0,1,0,0,0,1,0,0,0,1,0,0,0,0,5,0,0,2,0,0,2,0,2,0,1,1,1,0,0,0,0,1,0,0,3,0,0,0,1,2,0,0,1,0,0,1,0,3,0,0,0,0,0,1,0,1,0,0,0,0,0,0,0,0,0,0,0,5,0,1,0,1,1,0,0,0,0,12,0,0,0
trotsky_prolet_i_rev.txt_chunk1,trotsky,5,3,2,1,2,2,0,2,3,24,6,1,0,0,0,4,9,0,5,1,0,0,0,1,0,0,6,3,1,3,2,0,3,1,1,0,4,2,3,0,0,2,4,29,0,4,2,0,2,15,5,0,1,0,2,1,0,0,0,0,0,1,0,1,0,0,1,2,2,2,0,2,17,0,0,16,1,1,3,1,0,1,0,1,1,4,3,1,0,0,0,0,0,0,1,1,1,0,8,1,0,0,4,1,5,0,7,1,0,0,0,0,1,0,1,1,0,1,0,0,1,1,0,1,1,5,0,2,0,1,7,0,0,1,0,0,4,0,5,3,2,2,0,8,3,0,1,1,2,0,2,0,2,0,2,0,1,1,0,0,0,0,5,0,0,0,0,0,0,0,0,0,0,0,1,0,0,2,3,0,0,0,1,1,0,0,0,0,0,0,0,1,2,0,1,0,0,1,0,0,0,2,1,0,0,0,0,0,0,1,0,2,0,0,1,1,0,0,1,1,2,0,1,5,2,0,0,0,0,0,0,0,0,0,0,0,0,0,2,1,0,1,0,0,1,1,1,0,0,0,0,0,0,0,0,0,1,0,0,0,1,0,1,0,1,0,1,0,1,1,1,0,6,0,0,0,0,0,1,1,2,0,0,5,0,3,5,2,2,2,0,0,1,0,3,0,0,0,0,0
trotsky_prolet_i_rev.txt_chunk2,trotsky,2,1,2,0,8,0,2,6,3,31,6,0,0,0,0,5,0,1,2,1,0,0,0,0,0,1,4,0,0,0,0,0,3,0,1,3,1,6,1,1,1,3,0,26,0,2,1,0,5,3,4,0,1,1,3,0,0,2,0,0,0,2,0,0,0,0,0,1,6,2,0,2,14,1,0,31,0,0,2,2,5,0,0,4,0,11,5,2,2,2,1,2,1,2,1,2,1,0,1,0,0,0,3,0,0,0,5,0,0,1,0,3,1,2,3,2,2,2,1,1,0,7,0,1,1,2,0,5,4,0,4,1,0,2,0,3,2,1,8,2,2,0,0,6,0,3,2,1,0,0,2,0,1,0,0,0,1,0,0,0,0,0,0,0,0,0,0,0,0,0,0,0,2,0,3,0,1,1,2,1,0,0,0,0,0,0,0,2,0,0,1,0,0,0,0,0,1,1,0,0,0,0,1,0,0,0,0,0,0,0,0,0,0,0,1,0,0,0,1,3,0,0,2,1,1,1,0,0,2,0,0,2,0,1,0,0,2,0,2,0,0,0,0,0,1,0,0,1,0,1,0,0,1,1,0,0,0,0,0,0,0,1,0,0,0,1,2,0,0,2,0,0,1,0,0,0,0,0,0,0,0,0,0,3,0,0,1,1,0,0,0,0,2,0,2,4,0,0,0,0
trotsky_voyna_i_oppoz.txt_chunk1,trotsky,1,0,0,0,0,3,1,0,2,29,1,1,0,0,1,3,5,0,1,1,2,0,0,0,0,0,1,0,1,0,0,0,3,2,2,1,2,3,3,1,0,4,1,47,1,0,1,0,1,6,9,0,6,0,0,2,0,1,2,0,0,0,0,0,0,0,1,0,0,0,0,0,14,2,0,14,1,0,0,1,1,0,0,1,0,4,1,3,0,3,0,0,1,0,2,6,1,0,7,0,0,0,1,0,1,1,11,0,0,0,1,2,0,1,3,1,1,2,0,0,0,3,0,3,1,1,0,3,2,1,3,2,0,3,0,0,1,0,9,2,1,0,2,3,1,0,1,0,2,0,0,1,1,0,0,0,0,1,0,1,0,0,0,2,0,0,0,0,0,0,0,0,1,0,0,0,1,1,2,1,0,0,0,0,1,0,0,0,1,1,0,2,0,0,2,0,0,4,0,0,1,1,0,0,0,1,1,1,0,0,0,0,0,0,1,0,1,0,1,0,0,0,0,0,1,1,0,0,0,0,0,0,1,1,1,0,0,0,0,1,0,0,0,0,0,0,0,0,2,1,1,1,0,0,0,0,0,1,1,3,0,0,0,1,0,0,0,0,0,3,0,0,0,0,0,0,0,1,1,2,1,0,1,0,2,2,0,0,1,0,0,0,0,0,0,4,0,0,0,0
zasulich_dobrolubov_I.txt_chunk1,zasulich,8,0,0,1,3,1,0,1,0,38,2,0,0,0,0,0,6,2,1,0,2,1,4,0,0,0,4,0,0,0,2,1,13,0,2,1,2,3,6,3,2,4,0,30,0,0,2,0,2,6,2,1,1,1,0,1,0,1,4,2,2,1,1,0,0,0,0,0,1,2,3,2,13,1,0,20,1,0,0,1,2,2,1,0,1,10,3,5,2,1,0,1,0,1,15,2,3,0,6,0,1,2,1,0,5,0,9,1,0,3,0,3,2,2,1,3,2,0,0,0,0,1,0,2,2,3,0,2,3,1,4,0,2,2,0,6,3,2,11,2,1,4,0,2,1,3,2,1,0,0,0,0,0,0,0,0,0,0,0,0,1,1,0,1,1,0,0,0,0,1,0,0,2,2,2,0,0,0,1,1,0,0,0,0,0,0,0,0,0,0,0,0,2,0,0,0,1,1,0,0,0,0,0,0,1,0,0,0,0,0,1,0,0,0,1,0,0,0,0,0,0,0,0,0,0,1,0,1,2,0,0,2,0,0,0,0,2,1,0,1,0,2,0,0,0,0,1,1,0,0,0,0,1,0,0,4,5,0,0,0,1,0,0,1,0,0,0,1,2,1,1,0,0,0,0,0,0,0,0,0,0,0,0,0,0,0,0,0,0,0,0,0,0,0,0,0,0,0,0,0
zasulich_dobrolubov_I.txt_chunk2,zasulich,2,1,3,0,4,2,0,1,1,30,2,0,0,0,1,1,3,1,2,1,1,1,1,0,0,1,5,2,0,0,0,1,9,0,4,2,1,3,6,1,0,3,0,42,0,6,0,2,7,8,8,0,4,0,2,2,1,0,2,0,0,1,0,0,0,0,1,0,1,1,1,0,16,0,1,26,1,0,1,2,0,2,1,2,2,15,2,3,0,1,1,1,0,0,17,3,3,1,13,0,0,1,4,1,0,0,7,0,0,0,2,1,0,0,1,0,0,2,0,0,0,2,0,1,1,3,0,7,1,1,3,1,1,0,0,2,3,1,18,3,1,2,1,6,2,0,0,1,0,5,1,1,2,0,1,2,0,1,2,0,3,0,2,2,0,0,1,0,0,0,0,1,0,0,3,2,0,0,1,0,0,0,0,0,1,0,0,0,0,5,1,0,0,0,0,0,0,0,0,0,0,0,0,0,1,0,0,1,0,0,1,0,0,1,1,0,0,1,0,1,0,0,0,0,1,0,0,1,0,0,0,0,7,1,0,0,3,1,0,1,0,0,1,0,1,1,0,0,2,0,0,0,0,3,0,2,0,1,0,1,1,0,0,0,0,0,1,0,2,1,0,2,0,0,1,0,0,0,0,0,0,1,0,1,0,0,1,0,0,0,0,0,0,0,0,0,0,0,0,0
zasulich_dobrolubov_I.txt_chunk3,zasulich,7.782101167315175,0,0,0,19.45525291828794,5.188067444876784,1.297016861219196,5.188067444876784,1.297016861219196,29.831387808041505,1.297016861219196,0,0,0,0,3.8910505836575875,7.782101167315175,2.594033722438392,1.297016861219196,0,3.8910505836575875,0,0,0,0,0,5.188067444876784,0,0,0,0,0,2.594033722438392,1.297016861219196,0,6.485084306095979,0,2.594033722438392,5.188067444876784,0,3.8910505836575875,3.8910505836575875,0,38.91050583657588,1.297016861219196,2.594033722438392,2.594033722438392,1.297016861219196,3.8910505836575875,7.782101167315175,6.485084306095979,0,2.594033722438392,0,0,1.297016861219196,1.297016861219196,1.297016861219196,1.297016861219196,0,0,2.594033722438392,0,0,0,0,0,1.297016861219196,3.8910505836575875,0,0,3.8910505836575875,3.8910505836575875,0,1.297016861219196,29.831387808041505,1.297016861219196,0,1.297016861219196,0,0,2.594033722438392,1.297016861219196,0,2.594033722438392,10.376134889753567,5.188067444876784,2.594033722438392,1.297016861219196,0,0,0,0,0,2.594033722438392,0,6.485084306095979,0,12.970168612191959,0,0,0,0,0,0,0,9.079118028534372,1.297016861219196,0,0,1.297016861219196,1.297016861219196,0,1.297016861219196,0,3.8910505836575875,3.8910505836575875,0,0,0,0,2.594033722438392,0,1.297016861219196,1.297016861219196,0,0,7.782101167315175,2.594033722438392,0,6.485084306095979,0,1.297016861219196,0,0,3.8910505836575875,0,0,6.485084306095979,9.079118028534372,0,0,1.297016861219196,2.594033722438392,0,0,0,0,0,0,2.594033722438392,0,2.594033722438392,0,0,1.297016861219196,1.297016861219196,1.297016861219196,0,1.297016861219196,1.297016861219196,0,0,2.594033722438392,0,0,0,0,0,0,1.297016861219196,0,1.297016861219196,0,1.297016861219196,0,0,0,1.297016861219196,0,2.594033722438392,1.297016861219196,0,0,0,0,0,0,2.594033722438392,2.594033722438392,0,0,0,0,0,0,1.297016861219196,0,0,1.297016861219196,0,0,0,0,0,0,0,2.594033722438392,0,0,0,0,0,0,3.8910505836575875,0,0,0,0,0,0,0,0,0,1.297016861219196,0,0,0,1.297016861219196,1.297016861219196,0,2.594033722438392,5.188067444876784,0,0,0,0,0,0,1.297016861219196,1.297016861219196,0,0,0,1.297016861219196,0,0,0,0,0,0,0,1.297016861219196,1.297016861219196,0,1.297016861219196,1.297016861219196,0,0,0,0,0,0,0,0,0,0,1.297016861219196,1.297016861219196,0,0,2.594033722438392,0,0,0,0,0,0,0,6.485084306095979,0,0,1.297016861219196,1.297016861219196,1.297016861219196,0,0,0,0,2.594033722438392,0,0,0,0,0,0,0,0,0,1.297016861219196
zasulich_merged_skiy_I.txt_ionala.txt_icha_I.txt,zasulich,7.022471910112359,0,1.4044943820224718,2.8089887640449436,5.617977528089887,0,1.4044943820224718,4.213483146067416,0,25.280898876404493,2.8089887640449436,1.4044943820224718,0,0,0,5.617977528089887,12.640449438202246,0,0,0,1.4044943820224718,1.4044943820224718,0,0,0,1.4044943820224718,7.022471910112359,1.4044943820224718,0,0,0,0,8.426966292134832,0,1.4044943820224718,8.426966292134832,1.4044943820224718,4.213483146067416,4.213483146067416,2.8089887640449436,1.4044943820224718,8.426966292134832,0,22.47191011235955,0,7.022471910112359,8.426966292134832,2.8089887640449436,4.213483146067416,5.617977528089887,4.213483146067416,0,0,1.4044943820224718,0,0,0,1.4044943820224718,1.4044943820224718,4.213483146067416,1.4044943820224718,2.8089887640449436,2.8089887640449436,1.4044943820224718,0,1.4044943820224718,2.8089887640449436,2.8089887640449436,1.4044943820224718,1.4044943820224718,0,0,16.853932584269664,1.4044943820224718,1.4044943820224718,18.258426966292134,2.8089887640449436,1.4044943820224718,0,1.4044943820224718,1.4044943820224718,0,0,2.8089887640449436,0,9.831460674157302,4.213483146067416,1.4044943820224718,1.4044943820224718,0,1.4044943820224718,1.4044943820224718,4.213483146067416,0,12.640449438202246,1.4044943820224718,4.213483146067416,0,7.022471910112359,0,0,0,4.213483146067416,0,1.4044943820224718,1.4044943820224718,14.044943820224718,1.4044943820224718,0,0,1.4044943820224718,1.4044943820224718,1.4044943820224718,1.4044943820224718,0,0,1.4044943820224718,4.213483146067416,1.4044943820224718,0,0,1.4044943820224718,0,0,2.8089887640449436,0,4.213483146067416,5.617977528089887,0,0,14.044943820224718,0,1.4044943820224718,0,0,4.213483146067416,0,0,15.44943820224719,5.617977528089887,0,0,0,7.022471910112359,1.4044943820224718,5.617977528089887,0,0,0,0,1.4044943820224718,0,0,0,0,0,1.4044943820224718,1.4044943820224718,4.213483146067416,0,1.4044943820224718,0,1.4044943820224718,0,0,0,0,0,0,1.4044943820224718,0,0,4.213483146067416,0,1.4044943820224718,0,1.4044943820224718,0,1.4044943820224718,1.4044943820224718,0,0,0,1.4044943820224718,1.4044943820224718,0,0,0,0,0,1.4044943820224718,1.4044943820224718,0,0,0,0,0,0,0,1.4044943820224718,0,0,0,1.4044943820224718,0,1.4044943820224718,0,0,0,1.4044943820224718,1.4044943820224718,2.8089887640449436,0,0,1.4044943820224718,0,0,1.4044943820224718,0,0,0,2.8089887640449436,0,0,2.8089887640449436,1.4044943820224718,0,0,0,1.4044943820224718,0,1.4044943820224718,2.8089887640449436,0,0,0,4.213483146067416,0,0,0,0,0,0,0,0,1.4044943820224718,0,1.4044943820224718,1.4044943820224718,0,0,0,1.4044943820224718,2.8089887640449436,0,1.4044943820224718,0,0,0,0,0,0,0,0,0,0,0,1.4044943820224718,0,0,0,0,0,0,0,0,0,0,0,0,0,4.213483146067416,0,0,0,0,0,0,0,0,0,0,1.4044943820224718,0,0,0,0,0,0,4.213483146067416
zasulich_mihailovskiy_I.txt_chunk1,zasulich,3,0,2,0,2,2,4,1,2,37,0,0,0,0,0,4,3,1,2,0,1,0,0,0,0,0,7,1,0,0,0,0,11,0,4,0,1,5,0,1,1,5,0,38,0,6,2,1,2,9,10,0,5,0,1,0,0,2,2,0,0,3,0,0,0,0,0,0,0,1,1,0,13,0,0,29,2,1,0,0,3,0,1,4,0,8,0,0,1,1,2,0,0,1,5,1,1,0,4,0,0,0,8,1,0,0,12,0,0,1,3,2,1,0,2,1,0,1,2,0,0,6,0,0,0,2,2,4,2,0,3,0,0,0,0,0,1,0,6,3,0,0,1,6,2,3,0,0,0,0,4,0,0,1,0,3,0,2,1,0,1,2,2,1,1,0,0,0,1,0,0,0,2,1,6,2,0,1,2,0,0,0,1,2,0,0,1,1,0,1,0,2,0,0,0,0,1,1,0,0,3,0,0,0,0,1,0,0,0,2,2,1,0,0,1,0,1,0,1,2,1,0,0,1,3,4,1,0,1,0,0,0,2,1,1,2,5,1,1,0,1,1,4,1,1,0,0,1,0,0,0,2,0,1,0,1,0,0,0,0,0,1,0,0,1,0,1,0,0,0,1,1,1,2,1,0,0,0,0,0,0,0,0,0,0,0,0,3,0,0,0,0,0,1,0,0,0,0,1,0
zasulich_o_chem_govoryat_nam_I.txt_chunk1,zasulich,6,0,1,0,4,0,3,2,2,42,0,0,0,0,0,1,6,0,0,0,1,1,1,0,0,1,0,0,1,0,0,0,1,0,1,4,0,5,3,0,1,1,0,43,0,8,5,0,7,4,7,0,2,1,1,3,0,0,0,0,2,3,0,1,0,0,0,0,3,0,0,1,18,0,0,22,0,0,0,2,0,2,2,2,1,7,0,3,1,0,1,1,2,1,3,2,0,1,0,0,2,1,4,1,0,3,15,3,0,0,0,2,1,2,2,0,0,2,1,0,0,1,0,0,1,2,0,5,2,1,3,0,2,0,1,3,6,0,11,1,1,4,0,4,1,1,0,1,0,0,3,0,3,0,0,2,0,0,1,0,0,0,0,2,1,0,0,0,0,1,0,2,1,0,3,0,0,2,6,0,0,2,4,1,2,0,1,0,0,0,0,1,0,1,0,2,1,5,0,6,0,0,0,1,1,1,0,0,0,1,0,1,0,0,1,0,0,0,1,0,0,1,5,0,2,1,0,0,3,0,0,1,0,0,0,0,0,0,0,1,1,0,0,2,1,2,2,0,1,1,0,1,0,0,0,3,1,0,0,1,1,0,3,2,1,0,0,0,0,0,0,1,1,0,0,0,0,0,0,0,0,0,0,1,0,3,2,0,0,0,0,0,1,0,0,0,0,0,0,2
zasulich_o_chem_govoryat_nam_I.txt_chunk2,zasulich,5,2,2,1,7,0,3,6,0,35,4,0,0,0,0,2,11,3,0,0,3,1,0,0,1,1,3,0,1,1,0,1,4,0,3,5,1,3,4,1,0,3,0,23,0,0,1,1,2,4,7,0,3,3,0,1,0,1,0,1,0,1,0,0,0,2,2,3,7,2,0,0,18,0,0,24,2,1,0,2,1,1,0,0,3,12,0,3,1,0,0,0,1,0,2,2,3,0,4,0,1,0,2,4,0,1,11,0,2,0,1,1,2,0,2,0,1,0,0,0,1,1,0,0,0,4,0,6,0,0,10,1,1,2,1,4,2,1,10,1,0,2,2,6,3,0,1,0,0,0,0,0,3,0,1,1,0,0,0,0,0,0,0,5,0,0,0,0,0,2,0,2,0,0,4,0,0,2,5,0,0,6,5,3,2,0,1,1,1,0,2,0,0,0,0,1,2,2,1,0,0,0,2,6,0,4,0,0,0,0,0,0,0,2,2,0,0,0,0,0,0,1,2,1,2,1,1,2,5,0,0,4,3,0,0,0,0,1,0,1,0,0,0,0,0,0,1,1,0,0,1,0,1,0,0,1,0,0,0,0,0,1,1,1,1,0,0,1,0,2,0,1,0,0,0,0,0,0,0,4,0,0,2,2,0,0,1,2,0,0,0,0,3,1,0,0,0,0,0,2
zasulich_o_chem_govoryat_nam_I.txt_chunk3,zasulich,8,3,2,2,11,2,2,5,4,31,2,0,0,0,0,2,3,1,4,0,0,0,0,2,0,3,5,0,1,3,0,0,4,1,0,2,0,2,6,1,0,4,0,27,0,4,5,0,3,7,9,0,5,3,1,1,0,0,0,0,0,5,0,0,0,1,0,0,5,2,0,1,20,0,3,27,0,2,0,1,7,2,0,1,1,8,3,9,1,0,0,0,1,0,2,5,4,0,2,0,3,1,2,1,7,2,8,1,0,1,0,0,0,0,1,0,1,2,0,0,3,1,0,0,2,0,0,4,1,1,2,5,0,1,1,7,3,0,15,2,1,2,0,6,0,0,0,0,0,0,1,2,2,0,0,3,1,1,2,1,0,1,0,0,0,0,1,0,0,0,2,2,0,0,7,2,0,1,1,0,0,1,1,0,1,0,0,0,0,1,0,0,1,0,0,1,0,3,1,1,0,0,0,1,2,2,0,0,1,0,0,1,1,0,1,0,0,0,0,3,0,0,3,0,1,1,0,0,1,0,0,0,1,2,0,0,0,0,0,1,0,0,0,0,1,0,2,0,0,1,0,0,2,0,0,1,0,0,0,0,1,0,0,4,2,1,0,0,0,0,4,4,0,0,0,0,0,0,0,0,0,0,0,4,0,0,4,2,1,1,0,0,2,0,0,0,0,0,0,1
zasulich_o_chem_govoryat_nam_I.txt_chunk4,zasulich,6.25,2.0833333333333335,6.25,1.0416666666666667,12.5,3.125,2.0833333333333335,6.25,4.166666666666667,43.75,3.125,0,0,0,0,1.0416666666666667,6.25,1.0416666666666667,1.0416666666666667,0,2.0833333333333335,0,0,1.0416666666666667,0,1.0416666666666667,4.166666666666667,0,5.208333333333333,3.125,0,0,4.166666666666667,1.0416666666666667,0,5.208333333333333,0,7.291666666666667,3.125,0,1.0416666666666667,0,0,29.166666666666668,0,2.0833333333333335,3.125,0,1.0416666666666667,8.333333333333334,6.25,0,2.0833333333333335,3.125,1.0416666666666667,0,0,0,2.0833333333333335,1.0416666666666667,0,4.166666666666667,0,0,0,2.0833333333333335,0,2.0833333333333335,5.208333333333333,4.166666666666667,3.125,1.0416666666666667,7.291666666666667,0,0,13.541666666666668,2.0833333333333335,0,1.0416666666666667,1.0416666666666667,4.166666666666667,2.0833333333333335,2.0833333333333335,1.0416666666666667,0,10.416666666666666,1.0416666666666667,9.375,0,0,0,0,1.0416666666666667,1.0416666666666667,0,3.125,1.0416666666666667,0,5.208333333333333,1.0416666666666667,1.0416666666666667,1.0416666666666667,8.333333333333334,1.0416666666666667,2.0833333333333335,3.125,6.25,1.0416666666666667,0,0,1.0416666666666667,1.0416666666666667,0,0,1.0416666666666667,0,2.0833333333333335,0,0,0,2.0833333333333335,1.0416666666666667,0,0,0,0,0,3.125,2.0833333333333335,1.0416666666666667,3.125,3.125,2.0833333333333335,1.0416666666666667,0,2.0833333333333335,3.125,0,10.416666666666666,7.291666666666667,2.0833333333333335,0,0,4.166666666666667,3.125,2.0833333333333335,2.0833333333333335,0,0,0,1.0416666666666667,1.0416666666666667,5.208333333333333,0,0,2.0833333333333335,0,1.0416666666666667,2.0833333333333335,2.0833333333333335,0,0,1.0416666666666667,0,0,0,2.0833333333333335,0,0,0,1.0416666666666667,0,0,1.0416666666666667,7.291666666666667,0,0,1.0416666666666667,0,0,0,1.0416666666666667,4.166666666666667,5.208333333333333,0,0,2.0833333333333335,2.0833333333333335,0,0,1.0416666666666667,2.0833333333333335,0,0,1.0416666666666667,0,0,0,2.0833333333333335,0,0,0,3.125,9.375,0,1.0416666666666667,0,0,0,0,0,0,1.0416666666666667,0,3.125,0,0,0,0,0,0,1.0416666666666667,3.125,1.0416666666666667,0,1.0416666666666667,1.0416666666666667,1.0416666666666667,2.0833333333333335,0,0,1.0416666666666667,2.0833333333333335,1.0416666666666667,0,0,1.0416666666666667,0,1.0416666666666667,0,0,4.166666666666667,1.0416666666666667,0,0,0,2.0833333333333335,0,0,0,0,0,2.0833333333333335,4.166666666666667,0,0,1.0416666666666667,0,0,1.0416666666666667,0,0,0,0,0,0,1.0416666666666667,0,2.0833333333333335,0,2.0833333333333335,2.0833333333333335,1.0416666666666667,0,1.0416666666666667,0,0,0,0,0,0,0,0,0,0,0,9.375,1.0416666666666667,4.166666666666667,0,0,0,3.125,0,1.0416666666666667,0,0,0,0,3.125
zasulich_ocherk_istorii_1internacionala.txt_chunk1,zasulich,2,0,1,1,1,2,4,3,1,45,4,0,0,0,1,2,4,1,0,1,2,1,1,0,0,0,4,0,1,0,2,0,11,1,0,0,0,3,4,0,1,6,0,36,0,4,5,1,6,11,2,0,0,2,0,1,0,0,1,1,0,6,0,1,0,1,0,0,0,0,0,0,7,1,0,15,2,0,0,0,3,0,3,2,1,6,1,6,1,2,0,1,0,0,4,0,3,5,6,0,2,0,8,0,2,0,12,2,0,0,1,1,0,0,2,1,0,0,0,0,1,2,2,1,1,0,2,1,3,3,1,1,0,0,0,1,0,0,5,0,0,1,2,0,4,0,1,1,1,0,0,0,1,0,0,0,0,0,2,0,0,0,3,2,0,0,0,0,0,0,0,1,0,0,1,0,0,2,2,0,0,3,2,1,2,0,5,0,0,1,0,1,0,0,0,1,3,3,5,2,1,0,1,0,0,1,0,0,2,0,1,0,0,2,1,0,0,0,1,0,0,0,9,2,0,0,0,1,1,1,0,0,2,1,0,0,1,1,0,0,0,1,0,0,2,0,1,1,0,0,0,1,0,0,0,5,0,0,0,1,0,0,0,0,0,0,2,0,0,0,0,0,0,0,0,0,5,0,0,0,0,0,4,1,0,0,0,0,0,1,0,0,1,0,0,0,0,0,0,0
zasulich_ocherk_istorii_1internacionala.txt_chunk10,zasulich,2,0,1,0,2,0,1,3,1,32,1,4,1,0,0,2,2,0,1,0,1,0,0,1,0,0,3,1,0,1,1,0,2,0,0,0,1,3,8,0,0,2,1,32,0,7,0,1,9,7,6,0,0,1,1,0,0,0,1,0,0,6,1,3,0,0,0,4,0,1,1,1,20,0,0,10,2,0,0,0,2,1,0,0,1,7,0,7,4,0,0,0,0,0,4,0,2,0,5,0,1,0,8,2,4,2,7,2,0,0,1,1,1,1,1,0,1,1,0,1,0,3,3,0,1,6,0,5,0,0,4,1,1,0,0,0,1,0,7,6,1,1,0,1,0,2,2,0,1,5,2,0,0,0,0,1,0,1,1,0,0,2,3,1,0,0,1,1,1,0,0,0,2,1,6,2,0,3,2,0,0,0,0,0,1,0,4,1,2,2,0,0,0,0,0,0,0,4,3,1,1,1,0,0,2,2,0,2,0,0,0,1,0,0,0,0,1,0,0,0,0,0,4,0,0,0,0,0,1,0,0,4,2,0,1,5,1,0,0,0,0,0,0,0,0,0,1,0,0,0,1,1,1,0,0,1,0,2,0,0,0,0,0,0,0,0,0,0,0,0,1,0,0,0,2,1,0,0,2,0,1,1,0,3,0,0,0,0,0,4,0,0,0,0,0,0,0,0,0,1
zasulich_ocherk_istorii_1internacionala.txt_chunk11,zasulich,5,0,1,2,4,1,1,3,3,22,1,2,2,0,1,0,8,0,0,0,0,0,0,0,1,0,0,2,0,0,1,1,2,2,0,2,2,1,4,0,0,3,0,34,0,3,4,1,5,7,5,0,0,0,0,0,0,0,0,0,0,1,0,1,1,1,1,0,1,0,0,0,23,0,0,16,1,0,1,1,3,2,0,1,0,6,0,4,2,1,0,0,2,1,3,0,4,0,4,1,1,1,5,1,0,0,10,0,1,1,0,2,1,1,1,4,0,0,0,0,1,4,4,0,0,1,1,4,1,1,1,1,0,0,0,0,2,0,15,3,1,1,0,4,2,3,3,2,0,9,3,0,2,0,1,0,0,0,2,0,0,1,1,0,2,1,0,0,0,0,0,0,0,0,3,0,2,1,0,1,0,0,0,0,1,0,1,0,1,0,0,0,0,0,0,0,0,7,2,2,1,1,0,0,0,4,0,1,0,0,0,0,2,0,0,0,1,0,0,1,2,0,3,0,0,0,0,0,3,0,0,0,1,0,1,4,3,0,0,0,0,0,0,0,1,1,1,0,0,0,0,0,1,0,1,0,0,1,0,1,1,0,0,1,1,0,1,1,1,0,0,0,2,0,2,0,2,0,2,0,4,7,1,0,0,2,0,0,0,1,0,0,0,0,0,1,0,1,0,5
zasulich_ocherk_istorii_1internacionala.txt_chunk12,zasulich,6,2,1,0,4,0,5,2,1,34,5,0,0,0,1,3,4,1,1,0,3,2,4,0,1,1,5,0,1,0,2,1,8,2,0,0,0,1,7,3,0,4,0,33,0,5,1,0,2,5,6,0,0,1,0,1,0,2,1,0,3,3,1,1,0,0,1,1,0,0,0,0,12,1,0,20,0,0,1,1,3,0,1,1,2,7,0,6,1,1,0,0,1,0,6,2,2,3,7,0,1,1,5,2,1,0,9,0,0,1,2,2,2,0,1,0,0,1,0,0,1,6,0,0,1,2,2,5,0,1,2,4,0,0,0,0,2,0,10,4,0,0,0,3,2,2,0,0,0,0,3,0,0,0,0,1,1,1,0,0,2,1,5,2,0,0,0,0,0,0,1,0,0,0,4,1,0,2,2,0,0,1,0,0,1,0,0,1,1,0,1,0,0,4,0,0,1,0,2,2,0,0,0,0,1,1,0,0,0,0,0,0,0,1,1,0,0,0,0,0,0,0,3,0,0,0,1,0,2,0,0,0,2,0,0,0,1,0,0,0,1,0,1,0,1,0,1,0,1,2,1,0,1,1,3,9,1,0,0,4,0,0,2,1,0,0,0,0,0,0,0,0,0,0,0,0,1,0,0,3,1,0,0,0,0,0,0,0,0,0,0,0,0,0,0,0,0,0,0,1
zasulich_ocherk_istorii_1internacionala.txt_chunk13,zasulich,2,0,2,0,0,1,4,1,0,21,2,1,0,0,0,2,6,0,1,1,2,0,0,0,0,1,5,0,0,0,2,0,3,1,0,1,0,1,3,0,0,3,0,37,0,8,0,2,7,4,4,0,2,0,0,1,0,2,2,1,0,1,0,5,0,0,0,0,0,0,0,0,22,0,0,17,0,0,0,0,1,0,0,0,0,11,0,7,2,2,0,0,2,1,0,1,8,0,4,0,0,0,9,1,3,3,15,0,0,0,0,0,2,0,0,1,0,0,0,1,1,1,3,0,1,2,1,3,0,0,3,0,0,0,0,0,1,0,12,0,0,2,0,1,1,0,1,0,1,0,0,0,4,1,2,0,0,0,0,0,0,0,4,0,0,1,0,0,0,0,0,0,0,2,4,2,0,5,3,2,1,1,1,0,1,0,0,0,1,0,0,0,0,0,0,0,0,0,0,4,0,1,0,0,1,2,0,2,0,0,0,0,0,1,1,0,0,0,1,0,0,0,7,0,0,0,0,0,4,0,0,0,1,1,0,1,4,1,1,0,1,0,0,0,4,0,2,0,2,0,2,0,1,1,0,2,0,0,0,0,0,0,1,1,0,1,2,0,1,0,0,0,0,1,0,0,0,0,0,0,0,0,0,1,0,0,0,0,0,3,0,0,1,0,0,0,0,0,0,1
zasulich_ocherk_istorii_1internacionala.txt_chunk14,zasulich,4,0,0,0,0,2,6,4,1,40,5,0,0,0,0,1,3,0,1,2,2,0,0,0,0,2,0,0,1,0,0,0,5,0,0,1,1,2,6,0,0,12,0,45,0,10,1,3,7,10,1,0,1,0,0,3,0,4,1,0,0,1,0,3,0,0,1,0,0,0,0,0,15,0,0,16,0,0,0,0,0,0,0,1,0,7,0,4,0,2,0,0,0,0,0,3,2,0,1,1,0,1,8,2,2,1,13,0,0,0,1,0,1,0,0,1,0,0,0,0,0,1,3,1,2,2,0,0,1,0,2,0,0,0,0,0,1,1,4,1,1,2,1,1,2,1,2,0,1,0,1,0,7,0,0,0,0,1,0,1,0,1,3,0,1,0,0,0,0,0,0,0,0,2,4,0,0,1,1,1,0,1,1,0,1,0,0,2,0,0,1,0,0,0,0,0,0,3,0,4,1,0,0,0,1,0,0,0,0,1,1,0,1,0,1,0,0,0,0,0,0,0,14,0,0,0,0,0,1,0,0,1,1,0,0,0,0,0,0,1,1,1,0,0,2,0,1,1,1,0,2,0,2,0,0,1,0,0,0,1,0,0,1,0,0,0,3,0,0,0,0,0,0,0,0,0,1,0,0,0,0,0,0,1,0,0,0,0,0,0,0,0,0,0,0,0,0,3,0,1
zasulich_ocherk_istorii_1internacionala.txt_chunk15,zasulich,0,0,0,0,1,1,2,0,0,26,2,4,0,0,0,5,3,1,0,0,0,0,0,0,0,1,1,0,0,0,3,2,9,0,0,1,1,1,4,2,0,3,0,49,0,6,2,2,1,3,4,0,0,0,1,1,0,2,0,0,0,4,0,5,0,0,0,1,2,0,0,0,12,1,0,8,1,0,0,0,2,0,0,1,0,3,0,4,2,1,1,0,0,1,3,1,1,1,8,2,0,1,6,2,3,1,9,0,0,0,3,2,0,0,1,2,0,1,0,1,0,3,2,1,1,1,1,3,2,2,3,0,0,0,0,1,0,0,9,2,2,0,0,2,0,2,0,1,2,0,0,0,2,0,2,1,0,1,0,0,0,1,3,2,0,0,1,4,0,0,0,0,0,1,4,1,3,2,2,0,0,0,1,0,0,0,2,0,2,1,0,0,0,0,0,1,0,9,1,3,2,0,1,0,1,1,0,0,0,0,2,2,1,2,1,0,1,0,0,0,0,2,8,0,2,0,0,2,2,2,0,1,1,0,1,0,2,0,0,0,1,0,0,0,0,0,0,0,0,0,0,1,1,2,0,1,0,0,0,3,0,0,0,2,2,0,2,0,0,0,0,0,3,1,0,0,3,0,1,1,0,0,0,0,2,0,0,0,0,0,0,0,0,0,0,7,0,0,1,1
zasulich_ocherk_istorii_1internacionala.txt_chunk16,zasulich,2,0,2,3,2,0,0,3,4,32,3,1,0,0,0,2,5,0,0,1,4,0,1,0,1,2,9,1,0,0,5,2,3,0,0,0,0,1,4,0,0,4,0,38,0,10,3,0,3,7,5,0,1,0,0,0,0,3,1,0,1,2,0,1,0,0,1,2,6,0,0,0,11,0,0,12,0,1,1,0,1,1,0,2,0,4,1,7,1,0,0,0,0,2,4,1,3,6,3,0,2,0,10,1,7,2,5,1,0,0,1,2,0,1,0,0,0,0,0,1,2,8,1,0,0,1,0,2,0,0,5,2,0,0,0,0,3,0,12,3,0,1,0,4,3,0,3,3,0,0,7,0,1,0,0,0,0,0,1,0,0,1,1,1,1,0,0,0,0,0,0,3,3,1,6,1,0,0,2,0,1,0,0,0,0,0,0,1,1,0,1,0,0,0,0,0,1,4,0,4,0,0,0,0,0,0,0,1,0,0,0,1,1,0,1,0,0,0,0,0,0,1,7,0,0,0,0,0,2,0,0,0,0,0,0,6,2,0,0,0,0,1,0,0,0,0,1,1,0,0,1,1,2,2,0,0,0,0,0,0,1,0,0,0,0,0,0,0,1,0,0,2,1,1,1,4,0,0,0,0,1,1,0,0,0,0,0,0,0,2,0,0,0,0,0,0,0,0,1,1
zasulich_ocherk_istorii_1internacionala.txt_chunk17,zasulich,1,1,1,0,3,2,0,2,1,26,0,6,2,0,1,0,5,0,4,1,2,0,1,1,1,0,8,0,2,0,1,0,5,0,1,0,0,2,5,1,0,3,0,41,0,7,2,2,7,5,10,0,0,0,1,1,0,1,2,0,0,4,1,2,0,0,0,0,0,1,0,1,24,0,0,17,1,0,0,1,2,0,0,2,0,8,0,8,1,2,0,0,1,2,3,0,2,3,2,0,1,0,10,1,1,4,11,0,1,1,2,3,0,0,1,0,1,1,0,1,2,6,2,1,0,2,3,0,0,1,4,0,0,0,2,5,0,0,8,0,0,1,0,3,2,1,0,1,1,0,0,0,2,2,0,3,0,1,0,0,0,2,3,0,0,0,0,1,1,1,0,2,3,0,3,1,0,1,5,0,0,0,0,0,0,0,0,3,0,0,1,0,0,0,0,0,0,2,0,0,0,0,0,0,1,1,0,0,0,0,0,1,0,1,1,0,1,0,0,0,1,0,2,0,0,0,0,0,2,1,0,1,1,0,1,3,3,0,0,0,0,0,1,1,1,0,0,1,1,1,0,0,0,3,0,0,0,0,0,0,1,0,0,0,1,0,0,1,0,0,0,0,1,0,1,1,0,0,0,0,1,0,0,0,0,0,0,0,0,1,0,0,1,0,0,0,0,0,2,1
zasulich_ocherk_istorii_1internacionala.txt_chunk18,zasulich,4,3,0,1,3,0,1,4,1,28,0,0,0,0,0,0,12,1,1,2,1,0,2,1,0,0,5,0,0,2,1,1,12,2,4,1,0,2,7,1,1,2,0,25,1,3,2,0,3,4,3,0,0,1,0,0,1,1,2,0,0,5,0,2,0,1,0,2,3,0,0,2,14,3,1,13,3,1,0,0,2,1,1,0,0,7,0,4,0,0,0,0,0,1,5,1,6,1,7,0,2,0,8,1,2,2,14,0,0,0,0,0,1,0,1,3,1,1,0,1,1,1,0,0,0,3,0,1,1,0,2,0,1,1,0,2,5,0,5,0,1,0,0,4,0,0,1,0,3,0,4,1,0,0,0,1,0,1,0,0,0,0,2,2,1,2,0,1,2,0,1,0,1,1,2,1,0,0,3,0,0,0,1,0,0,0,2,1,1,0,0,2,0,0,0,0,0,3,1,2,0,0,0,0,1,1,0,1,0,1,0,0,0,2,4,0,0,0,0,0,0,4,5,0,0,0,2,1,2,0,0,0,2,0,0,5,0,0,1,0,0,0,1,0,0,0,2,0,0,0,0,0,1,0,0,0,1,1,0,0,0,0,0,0,0,0,0,0,0,1,1,1,0,0,1,0,0,0,2,0,0,0,0,1,0,0,1,1,0,0,0,0,0,0,0,0,0,0,0,1
zasulich_ocherk_istorii_1internacionala.txt_chunk2,zasulich,1,0,0,0,5,2,3,5,0,35,2,1,0,1,0,1,6,2,2,0,0,2,0,0,0,0,9,1,1,0,0,3,8,0,0,0,1,0,4,1,0,1,0,42,0,7,1,1,3,6,5,1,1,0,2,1,0,2,0,0,0,2,0,2,0,0,0,0,1,3,0,0,8,0,0,9,0,0,0,0,4,0,0,0,1,4,0,2,1,1,1,0,0,1,0,0,7,1,6,1,1,0,5,2,1,0,17,1,0,0,0,1,1,1,1,1,2,3,1,1,1,2,3,0,0,3,0,1,1,2,1,0,0,0,0,0,0,1,10,0,0,1,1,1,3,0,0,0,0,0,1,0,1,1,0,2,2,1,0,1,0,0,5,0,0,0,2,0,1,0,0,0,1,0,3,0,0,0,3,2,1,4,4,0,2,0,3,4,1,1,1,0,0,1,0,0,0,5,5,1,2,0,0,0,0,5,0,1,1,1,0,4,1,1,1,0,0,0,0,0,0,1,8,0,0,0,0,0,0,0,0,0,0,0,0,2,4,1,0,1,0,1,0,0,0,0,0,0,1,0,0,0,2,0,0,3,1,0,0,0,0,0,1,0,0,0,2,0,1,0,0,0,2,0,0,0,2,0,0,1,1,0,1,1,1,0,0,0,0,2,0,0,0,0,0,0,0,0,2,0
zasulich_ocherk_istorii_1internacionala.txt_chunk3,zasulich,3,0,2,0,3,0,1,2,6,31,1,0,1,0,0,1,5,2,0,1,0,0,0,0,0,0,8,2,0,3,2,1,6,0,0,2,1,1,0,0,0,5,0,31,0,8,5,2,4,14,3,0,5,0,1,2,0,0,0,0,1,1,0,3,0,0,0,0,8,1,1,0,7,0,0,10,0,0,0,1,3,0,0,1,2,3,0,4,0,2,1,0,0,3,4,1,1,1,4,0,0,0,4,1,2,0,12,0,0,1,0,2,1,0,5,1,0,0,0,0,0,3,0,1,0,1,1,2,1,2,3,2,0,0,0,0,0,1,11,5,0,0,1,3,0,2,0,1,0,0,2,0,1,1,2,2,2,0,0,0,0,1,14,1,0,0,1,2,0,1,0,0,0,0,0,1,2,0,4,0,1,2,2,0,1,0,7,0,0,0,2,0,0,0,0,1,0,2,7,3,2,0,0,0,0,4,0,2,1,0,2,0,0,1,2,0,0,0,1,0,0,1,13,0,0,0,0,0,3,4,0,0,1,1,0,1,1,0,1,0,1,0,0,1,0,0,1,0,0,1,1,0,4,0,0,0,0,1,0,4,0,0,0,0,0,0,0,0,0,0,2,1,0,0,0,1,0,0,0,0,1,0,0,0,0,1,0,0,0,0,0,0,1,0,1,0,0,0,2,2
zasulich_ocherk_istorii_1internacionala.txt_chunk4,zasulich,5,0,1,2,5,1,0,3,0,23,5,0,0,0,0,1,4,0,0,0,1,0,0,0,0,0,4,1,0,0,0,0,5,2,0,1,1,1,4,0,0,6,0,42,0,3,5,1,4,8,7,2,0,0,0,1,0,0,0,0,0,5,0,4,0,0,0,3,0,1,0,0,9,0,0,14,0,0,0,0,7,0,1,1,0,6,0,3,0,2,1,1,0,0,2,0,5,1,1,0,0,1,7,0,1,2,11,0,0,1,0,1,0,0,1,0,0,1,0,0,0,2,2,1,0,2,0,3,1,1,5,0,0,1,0,2,0,0,14,1,1,2,1,2,1,4,0,0,0,0,1,0,3,2,0,0,1,1,0,0,1,2,2,0,0,0,2,0,0,0,0,0,0,0,4,1,0,3,5,4,0,0,1,0,1,0,5,1,0,0,1,0,0,1,0,0,2,0,8,2,1,0,0,0,0,0,0,0,1,2,0,2,0,2,2,0,0,0,0,0,1,2,8,0,0,0,0,1,1,1,0,0,3,0,0,3,2,0,0,0,0,0,2,0,1,0,2,2,0,0,2,1,0,3,0,0,0,0,0,2,0,0,0,0,0,1,1,0,0,0,0,2,0,0,1,2,1,1,0,0,3,0,1,1,0,1,1,0,0,0,0,0,1,0,0,0,0,1,0,1
zasulich_ocherk_istorii_1internacionala.txt_chunk5,zasulich,6,0,0,0,1,1,5,6,1,41,3,1,2,0,0,3,2,0,0,0,1,0,0,0,0,1,6,0,0,1,0,0,4,0,1,2,0,2,1,0,0,4,0,35,0,6,2,2,2,9,4,0,1,1,0,0,0,1,1,0,0,4,0,0,0,0,1,1,1,0,1,0,15,0,0,10,0,0,0,0,2,0,1,2,0,7,0,5,1,2,1,0,1,0,1,2,8,1,7,0,1,1,9,1,2,0,11,0,0,1,0,0,1,0,2,1,0,2,0,0,0,1,5,0,0,1,0,1,0,0,2,2,0,0,0,0,2,0,8,4,0,0,0,4,0,2,1,1,0,0,0,0,2,0,0,1,0,0,0,0,1,0,4,2,0,0,0,0,0,0,0,0,1,0,0,5,0,2,0,0,0,1,0,0,0,0,0,0,0,0,1,0,0,0,0,2,2,2,1,0,0,0,0,0,2,2,0,0,0,0,0,0,0,1,1,0,0,0,2,0,1,1,5,0,0,0,0,2,3,0,0,0,0,1,0,2,3,1,0,0,0,0,0,0,2,0,2,1,0,0,0,1,2,1,0,0,0,0,0,3,0,0,0,0,0,0,3,1,0,0,1,3,0,1,0,0,0,0,2,0,0,0,0,0,0,1,0,0,0,0,0,0,1,0,0,0,0,0,2,1
zasulich_ocherk_istorii_1internacionala.txt_chunk6,zasulich,1,0,0,1,4,1,1,3,2,35,1,1,0,0,0,2,4,0,2,0,0,0,2,0,0,0,10,1,2,1,4,0,6,2,0,0,1,3,6,0,0,2,0,31,0,5,2,0,6,4,7,0,0,0,1,2,1,2,0,0,0,4,0,4,0,0,0,0,3,1,0,0,12,0,0,16,0,0,1,0,4,1,0,1,2,8,3,4,3,0,0,2,0,1,1,1,5,3,4,1,0,0,9,0,2,1,6,1,0,0,0,5,1,3,0,4,0,2,0,0,1,4,0,0,0,0,0,1,1,0,4,1,1,0,0,0,0,2,4,3,1,1,0,1,2,2,3,1,0,0,0,0,1,2,0,0,0,0,0,0,0,0,6,0,0,0,2,0,0,1,1,0,1,0,0,0,1,0,3,0,0,0,1,0,0,0,6,1,3,0,0,0,0,0,0,1,0,1,7,2,0,0,0,0,0,1,0,0,0,4,0,2,2,0,0,0,1,0,0,0,0,3,7,0,0,0,0,1,3,0,0,2,1,1,1,5,0,0,0,0,0,0,0,1,1,0,0,2,1,0,0,0,1,1,0,4,2,0,0,2,0,1,0,2,0,1,0,0,0,0,0,1,1,0,0,3,1,0,0,0,0,0,0,0,0,0,0,0,0,1,0,0,0,0,0,0,0,0,0,0
zasulich_ocherk_istorii_1internacionala.txt_chunk7,zasulich,3,1,3,0,1,1,0,1,4,26,5,1,2,0,2,3,3,1,0,2,2,3,0,0,0,0,7,2,0,3,1,1,3,0,0,2,1,0,5,0,0,4,0,26,1,1,0,1,5,7,4,0,0,1,0,1,0,0,0,0,3,2,0,2,0,0,0,1,0,2,0,0,7,0,1,11,0,0,0,1,3,0,0,0,0,3,1,6,3,0,1,0,0,0,4,1,3,0,4,1,1,1,14,0,7,0,4,1,0,1,1,0,2,0,0,0,1,0,1,0,0,2,2,0,1,1,0,2,0,0,2,1,0,1,0,0,1,1,8,1,0,1,2,1,3,0,0,1,0,0,4,0,7,1,1,0,0,2,0,0,0,0,2,1,0,0,0,0,0,0,0,3,0,0,2,0,1,1,2,0,0,0,0,0,0,0,1,0,0,0,0,0,0,0,0,0,0,1,6,3,0,0,0,0,0,1,0,2,0,1,0,0,1,0,1,0,0,0,0,0,1,3,3,0,0,0,0,0,0,0,0,1,0,0,0,6,0,0,0,0,1,2,0,0,1,0,1,1,2,0,0,0,2,1,0,1,0,2,0,2,2,0,0,0,0,0,1,1,1,0,0,0,0,1,0,2,0,0,0,0,0,2,0,0,0,0,0,0,0,1,0,0,1,0,0,0,0,0,0,3
zasulich_ocherk_istorii_1internacionala.txt_chunk8,zasulich,2,0,1,0,6,0,3,5,2,30,3,1,0,0,1,4,4,1,0,0,1,1,0,0,0,1,5,0,0,0,1,0,6,1,1,0,0,2,5,0,1,4,0,44,0,4,0,2,4,8,3,0,1,0,1,0,0,0,0,0,0,2,2,1,0,0,0,0,0,3,0,0,19,0,0,13,1,0,0,0,8,0,0,2,1,5,0,6,4,4,0,0,2,1,4,0,4,0,4,1,1,0,16,1,4,0,6,0,1,0,0,1,0,0,0,0,1,1,1,0,0,2,2,2,0,0,1,2,1,0,0,1,0,0,0,1,0,0,8,1,0,1,0,4,0,1,3,2,0,0,2,0,1,2,0,0,0,0,0,0,1,0,4,1,0,0,1,0,0,0,0,0,2,0,1,1,2,0,3,0,1,1,1,0,3,0,1,0,0,0,3,1,1,0,0,0,0,4,2,1,0,1,1,0,1,2,0,3,0,1,0,0,0,0,0,0,0,0,0,0,0,0,1,0,1,0,1,1,0,0,0,0,3,2,0,1,2,0,0,0,0,0,0,0,2,0,0,1,1,0,0,0,0,1,0,2,0,0,0,0,1,1,1,0,1,1,2,0,2,0,0,1,1,0,0,2,1,0,0,0,0,0,0,0,0,0,0,0,0,0,0,0,0,0,0,0,0,0,0,1
zasulich_ocherk_istorii_1internacionala.txt_chunk9,zasulich,2,0,1,0,6,2,0,5,2,36,5,0,0,0,2,5,3,1,0,0,1,0,1,0,2,3,4,0,2,0,1,1,3,0,1,1,1,6,6,0,0,11,0,30,0,10,4,0,5,9,2,0,0,1,0,0,0,1,2,0,0,5,3,0,0,0,1,1,2,3,0,0,17,1,0,19,0,1,0,1,1,0,0,1,0,8,1,3,1,3,1,0,0,0,2,1,4,0,3,0,0,1,2,1,3,1,8,0,0,2,0,1,3,1,0,0,0,0,0,0,0,0,1,1,0,1,1,5,2,0,1,0,0,0,0,1,1,0,6,1,1,0,0,3,1,3,3,0,0,0,2,0,0,1,0,0,0,2,0,1,0,1,2,1,1,0,1,0,0,0,0,0,1,2,4,0,0,2,4,2,0,0,0,0,0,0,0,1,2,1,2,1,0,0,0,0,0,1,1,0,0,0,0,0,0,2,0,1,0,1,1,1,0,0,5,0,0,0,0,0,1,1,13,0,0,0,1,0,2,0,0,2,1,0,0,0,2,0,2,1,0,1,0,0,0,0,0,0,1,0,3,0,0,1,0,0,0,0,1,1,1,0,2,1,0,0,3,1,0,0,2,1,0,2,1,2,0,0,0,0,0,0,0,0,0,0,0,0,0,0,0,0,0,0,0,0,0,0,0,2
zasulich_po_povodu_uprazdneniya_Marx'a.txt_chunk1,zasulich,6,0,0,2,8,0,0,1,0,24,1,0,1,0,0,0,6,1,0,1,0,1,1,0,0,0,7,0,0,1,0,0,3,0,1,2,0,0,5,1,0,4,0,36,0,7,5,1,1,4,10,0,1,1,2,0,0,0,1,0,0,3,2,2,1,1,1,0,2,5,0,0,12,1,0,16,2,0,0,0,2,0,0,1,0,7,1,5,2,0,0,2,0,0,0,1,1,0,7,0,0,0,4,0,3,0,9,0,0,2,0,2,0,0,1,2,2,1,0,0,2,4,4,0,0,1,4,1,2,2,3,1,0,0,0,4,2,0,12,0,2,3,0,1,1,1,1,0,1,8,0,0,1,2,0,0,1,0,3,0,0,0,0,0,0,0,0,0,1,1,1,2,1,0,0,0,1,2,2,4,0,0,0,0,0,0,0,0,0,0,0,0,1,0,0,0,0,1,0,1,0,0,0,0,0,0,0,0,0,0,0,0,0,1,0,0,0,0,0,0,0,0,1,0,0,1,0,0,1,2,0,0,0,0,0,0,1,0,0,1,0,1,0,0,0,1,0,0,1,0,0,0,0,0,0,1,2,0,0,0,0,3,0,2,0,2,0,0,0,0,0,0,0,3,0,12,0,0,0,0,2,0,0,0,0,0,0,0,0,0,0,0,0,0,0,0,0,0,12,3
zasulich_po_povodu_uprazdneniya_Marx'a.txt_chunk2,zasulich,10,3,1,0,6,0,0,2,3,20,0,0,0,0,0,1,5,1,0,1,0,3,1,0,0,0,5,0,1,3,2,0,4,2,0,3,0,1,11,0,0,1,0,30,0,4,3,0,0,4,6,0,1,0,1,1,0,0,2,0,0,7,0,1,0,0,0,2,5,1,0,0,7,0,0,28,2,0,0,3,5,0,0,1,1,10,1,3,0,1,1,0,0,0,3,2,5,0,2,0,1,0,6,1,8,2,5,0,0,0,1,2,0,0,3,0,3,1,0,0,4,4,1,2,0,2,5,8,2,1,1,2,2,0,0,2,2,0,13,0,0,1,3,3,4,2,2,0,0,0,1,0,3,1,0,0,0,0,0,0,0,0,0,1,1,0,0,0,0,0,0,1,1,0,3,1,1,0,2,8,0,0,0,0,0,0,0,0,0,0,0,0,0,0,0,0,1,0,0,0,1,0,0,0,0,0,0,2,0,0,0,0,0,2,1,0,0,0,0,0,1,0,6,0,0,0,0,0,0,1,0,0,1,1,0,8,0,0,1,0,0,0,0,0,0,1,3,0,0,0,0,1,1,0,0,1,0,1,1,1,0,0,0,1,0,0,0,1,0,0,0,0,0,0,0,17,0,0,0,0,0,0,0,2,0,0,0,0,0,0,0,0,0,0,0,0,0,0,5,5
zasulich_po_povodu_uprazdneniya_Marx'a.txt_chunk3,zasulich,8,0,0,0,5,1,0,1,1,23,2,0,0,0,1,0,5,0,1,0,1,0,0,0,1,2,5,0,1,0,0,1,4,1,1,1,3,2,8,0,0,2,0,26,1,10,1,0,1,1,12,5,0,0,0,1,0,0,2,0,0,4,0,2,0,0,0,0,4,0,0,0,14,1,0,17,0,0,0,0,5,0,0,0,0,7,1,2,7,1,0,0,0,2,7,2,0,0,2,1,1,0,5,1,5,0,6,0,0,1,0,2,0,0,0,1,2,0,1,0,1,5,0,1,0,0,0,7,5,1,2,0,0,1,0,4,1,0,8,2,0,2,1,5,1,0,0,0,0,0,1,0,2,0,0,2,0,2,1,0,0,0,0,0,0,1,1,0,0,0,0,0,0,0,1,0,1,1,0,6,0,0,0,0,1,0,3,0,1,0,0,0,0,0,0,0,2,1,4,1,0,0,0,0,0,3,0,1,1,0,0,0,0,1,2,0,0,0,1,0,0,0,13,0,0,0,0,0,1,0,0,0,1,0,0,6,0,0,0,1,0,1,1,0,0,0,0,0,1,1,0,0,1,0,0,2,0,1,0,1,0,0,0,1,0,0,0,0,0,0,0,0,0,0,0,22,0,0,0,0,1,0,0,1,0,0,0,0,0,0,0,0,0,0,0,0,0,0,5,1
zasulich_po_povodu_uprazdneniya_Marx'a.txt_chunk4,zasulich,10,2,0,0,5,1,1,1,0,30,1,0,0,1,2,1,3,0,2,0,1,0,2,0,0,1,3,1,0,1,1,1,8,0,0,9,5,1,8,0,0,0,1,32,2,4,4,1,6,7,9,0,0,0,0,0,0,0,0,0,0,5,0,2,0,0,0,2,0,2,0,0,12,0,0,28,2,0,0,1,4,0,2,0,1,8,0,6,2,1,0,0,0,0,4,1,0,0,6,1,0,0,8,0,1,1,2,0,0,0,0,0,0,2,0,0,4,1,0,0,0,3,2,4,0,2,4,6,2,1,11,4,0,1,0,1,4,0,14,1,2,1,0,5,3,2,0,0,1,2,2,1,0,0,3,3,1,1,0,0,0,0,6,1,2,2,0,2,2,0,0,0,1,0,1,1,1,0,1,3,0,1,0,0,0,0,0,0,0,0,0,1,0,0,0,0,0,0,3,0,0,0,0,0,0,0,0,1,0,0,0,0,0,0,1,0,1,0,0,0,1,1,1,0,0,0,1,0,1,1,0,0,0,1,1,14,0,0,0,2,3,0,2,0,0,0,2,1,0,0,0,0,0,3,0,3,0,1,0,4,0,2,0,0,0,1,2,0,0,0,1,0,0,1,0,8,0,0,0,0,0,0,0,0,0,0,0,0,0,0,0,0,0,0,0,0,0,0,3,2
zasulich_po_povodu_uprazdneniya_Marx'a.txt_chunk5,zasulich,3,1,0,0,2,1,0,1,1,26,0,0,0,0,1,0,4,0,3,0,0,0,1,1,1,0,3,1,1,0,0,0,6,0,1,1,4,4,11,0,0,2,1,25,0,5,7,1,2,8,6,0,3,1,0,0,0,0,0,0,1,4,0,1,0,2,0,0,2,0,0,4,8,0,0,20,1,0,0,1,2,1,0,0,1,13,0,2,0,2,0,0,2,1,4,1,4,0,3,1,0,1,4,0,3,1,7,0,2,0,1,0,0,0,0,1,1,1,0,0,0,3,0,2,1,2,2,4,1,1,4,0,1,0,0,0,3,0,18,2,2,0,0,10,2,1,2,0,0,5,5,1,3,0,2,2,1,1,1,0,4,0,4,1,0,0,0,2,0,0,0,0,0,1,4,0,2,0,0,4,2,0,1,0,1,0,0,0,1,0,0,0,0,0,0,0,0,0,0,0,0,0,0,0,0,1,0,5,0,0,0,0,0,1,0,0,1,0,0,0,1,1,1,0,0,0,0,0,0,0,0,0,1,1,1,12,0,0,2,0,0,0,0,0,0,2,2,0,0,1,0,0,0,0,0,0,0,3,0,0,0,0,0,0,1,1,0,0,0,0,1,1,0,0,1,0,0,0,0,0,0,0,0,0,0,0,0,0,0,0,0,0,0,0,0,0,0,0,2,2
zasulich_po_povodu_uprazdneniya_Marx'a.txt_chunk6,zasulich,8,0,0,0,10,0,0,0,0,30,2,0,0,0,1,2,1,1,2,1,1,0,2,0,0,0,5,0,0,0,0,0,10,0,0,3,6,2,6,0,0,1,0,23,2,5,2,1,3,5,5,0,1,0,0,2,1,1,0,0,0,5,0,4,0,0,0,0,3,1,0,0,6,1,0,19,0,1,0,2,2,1,1,0,0,12,3,4,3,1,0,0,0,0,6,0,0,0,4,3,1,0,10,0,2,1,6,1,0,1,0,2,2,0,0,1,1,0,2,0,0,2,0,1,1,1,2,6,1,1,4,4,0,0,0,0,0,0,24,2,0,0,0,9,3,2,1,0,1,2,2,1,0,1,1,0,1,0,0,0,1,0,0,3,1,0,1,0,4,0,0,1,0,0,0,1,0,2,0,2,0,0,0,0,1,0,0,1,1,0,0,0,0,0,0,0,0,0,0,1,1,0,0,0,0,1,0,6,0,0,0,0,1,1,2,0,2,0,0,0,0,0,2,0,0,0,0,4,0,0,0,0,0,0,1,11,0,0,0,0,0,0,1,0,0,1,0,0,0,0,1,0,0,3,0,2,1,6,0,0,0,2,0,3,0,2,0,0,0,0,0,2,0,0,3,6,0,0,0,0,0,0,0,2,0,0,0,0,0,1,0,0,0,0,0,0,0,0,11,2
zasulich_po_povodu_uprazdneniya_Marx'a.txt_chunk7,zasulich,6,4,0,0,0,0,1,0,0,42,1,0,0,0,0,2,5,0,2,1,3,0,1,4,1,0,3,0,0,0,0,1,10,1,2,3,1,0,9,0,0,5,1,44,1,8,1,0,1,3,10,0,0,1,0,0,1,0,2,0,0,1,0,4,0,0,1,0,0,2,0,0,27,2,0,12,1,0,0,1,3,0,0,0,0,6,1,0,0,0,0,1,0,0,1,0,1,0,1,1,0,0,5,0,3,4,6,0,1,2,0,1,2,1,0,0,3,0,0,0,2,6,0,0,0,2,4,7,1,0,3,0,0,0,0,1,6,1,13,0,0,0,0,3,3,2,1,0,0,0,1,1,5,1,2,0,0,1,1,2,0,1,0,4,0,0,1,0,2,0,0,0,0,1,1,1,1,1,2,6,0,0,0,0,1,0,2,0,0,0,1,0,0,0,0,0,0,0,0,1,0,0,0,0,0,0,0,3,0,0,0,0,0,1,2,0,0,0,0,0,1,0,2,0,0,0,0,0,0,0,0,2,1,0,0,13,1,0,0,1,0,2,0,0,1,1,2,1,1,1,2,0,0,1,0,2,0,3,0,0,0,2,0,0,0,0,0,0,0,0,0,1,0,0,0,7,0,0,0,0,0,0,0,1,0,0,0,0,0,0,0,0,0,0,0,0,0,0,7,3
zasulich_po_povodu_uprazdneniya_Marx'a.txt_chunk8,zasulich,4,3,0,0,11,0,1,1,3,28,1,0,0,0,0,0,7,2,1,2,1,2,0,0,0,1,6,1,1,0,1,0,16,0,2,3,0,1,6,0,0,3,2,26,0,1,0,0,5,10,8,0,0,1,0,1,1,1,2,0,0,4,1,1,0,1,0,4,9,0,0,0,7,1,0,16,1,0,0,0,4,1,0,1,0,9,0,2,0,0,0,0,0,0,8,0,2,0,10,1,2,0,6,0,3,0,10,0,0,0,0,2,1,0,0,0,1,0,0,0,3,4,2,0,2,0,1,1,2,1,1,2,0,0,0,1,0,0,17,3,1,0,0,7,2,2,0,0,0,0,2,0,1,0,0,3,4,3,1,0,0,1,4,1,0,0,2,0,0,2,1,1,1,0,2,1,1,0,1,5,0,0,0,0,0,0,0,1,2,1,1,0,0,0,0,0,0,1,3,0,3,0,2,0,0,0,0,4,0,1,0,0,0,1,0,0,1,0,0,0,0,0,0,0,0,0,0,0,0,1,0,2,0,0,1,14,0,0,1,1,1,3,2,0,0,2,1,4,0,1,0,0,0,3,0,0,0,3,0,1,1,1,0,4,0,0,0,0,0,0,0,0,0,1,1,3,0,0,0,0,0,1,0,1,0,0,0,0,0,0,0,0,0,0,0,0,0,0,2,0
zasulich_po_povodu_uprazdneniya_Marx'a.txt_chunk9,zasulich,8.635578583765112,0,0,0,10.362694300518134,0,1.7271157167530224,1.7271157167530224,3.454231433506045,18.998272884283246,1.7271157167530224,0,0,0,1.7271157167530224,0,3.454231433506045,1.7271157167530224,3.454231433506045,0,1.7271157167530224,0,5.181347150259067,0,1.7271157167530224,1.7271157167530224,3.454231433506045,1.7271157167530224,0,0,0,1.7271157167530224,5.181347150259067,0,3.454231433506045,1.7271157167530224,0,0,6.90846286701209,0,0,1.7271157167530224,0,36.269430051813465,5.181347150259067,1.7271157167530224,3.454231433506045,0,3.454231433506045,3.454231433506045,10.362694300518134,0,1.7271157167530224,3.454231433506045,1.7271157167530224,0,0,1.7271157167530224,1.7271157167530224,0,0,6.90846286701209,0,1.7271157167530224,0,0,0,0,3.454231433506045,0,1.7271157167530224,0,8.635578583765112,0,0,22.452504317789295,0,0,0,0,6.90846286701209,1.7271157167530224,0,0,0,13.81692573402418,0,12.089810017271159,0,1.7271157167530224,0,0,0,1.7271157167530224,3.454231433506045,0,0,0,8.635578583765112,0,0,0,10.362694300518134,0,3.454231433506045,0,3.454231433506045,3.454231433506045,1.7271157167530224,1.7271157167530224,1.7271157167530224,0,0,0,0,0,1.7271157167530224,0,0,0,0,6.90846286701209,0,1.7271157167530224,0,0,0,5.181347150259067,3.454231433506045,1.7271157167530224,1.7271157167530224,3.454231433506045,0,5.181347150259067,1.7271157167530224,5.181347150259067,1.7271157167530224,0,20.72538860103627,0,0,1.7271157167530224,0,10.362694300518134,6.90846286701209,0,0,0,0,6.90846286701209,0,1.7271157167530224,0,0,0,0,0,0,1.7271157167530224,0,5.181347150259067,0,0,3.454231433506045,0,1.7271157167530224,1.7271157167530224,0,5.181347150259067,3.454231433506045,0,0,0,1.7271157167530224,3.454231433506045,0,0,0,1.7271157167530224,1.7271157167530224,0,0,0,0,0,0,0,6.90846286701209,0,0,0,0,0,0,0,0,0,0,0,0,0,1.7271157167530224,0,0,0,0,0,1.7271157167530224,0,0,0,0,0,0,0,0,0,0,0,0,0,0,0,0,0,0,0,0,0,0,0,0,0,0,0,13.81692573402418,5.181347150259067,0,0,0,0,0,0,0,0,5.181347150259067,1.7271157167530224,0,0,3.454231433506045,0,0,1.7271157167530224,0,0,3.454231433506045,1.7271157167530224,1.7271157167530224,0,0,0,6.90846286701209,0,0,0,0,0,0,0,0,0,0,0,0,1.7271157167530224,3.454231433506045,0,0,0,0,0,0,0,0,0,0,0,0,0,0,0,0,0,0,0,0,0,0,5.181347150259067,0
zasulich_rev_studenchestvo1_I.txt_chunk1,zasulich,4.643962848297213,0,0,0,1.5479876160990713,0,1.5479876160990713,0,0,43.343653250774,0,0,0,0,0,0,4.643962848297213,0,0,0,0,1.5479876160990713,0,0,0,0,3.0959752321981426,0,0,0,0,0,3.0959752321981426,0,0,0,1.5479876160990713,0,1.5479876160990713,0,0,0,0,32.5077399380805,0,7.739938080495356,1.5479876160990713,0,4.643962848297213,3.0959752321981426,10.8359133126935,0,0,1.5479876160990713,0,3.0959752321981426,0,1.5479876160990713,1.5479876160990713,0,0,3.0959752321981426,0,3.0959752321981426,0,0,0,0,3.0959752321981426,1.5479876160990713,0,0,9.287925696594426,0,0,17.02786377708978,0,0,0,0,0,0,0,0,0,6.191950464396285,0,3.0959752321981426,1.5479876160990713,3.0959752321981426,0,0,0,1.5479876160990713,0,0,1.5479876160990713,4.643962848297213,3.0959752321981426,1.5479876160990713,0,0,9.287925696594426,0,4.643962848297213,1.5479876160990713,13.93188854489164,0,0,1.5479876160990713,0,1.5479876160990713,0,0,0,0,1.5479876160990713,0,0,0,0,1.5479876160990713,0,3.0959752321981426,0,1.5479876160990713,0,1.5479876160990713,0,0,0,0,1.5479876160990713,1.5479876160990713,0,1.5479876160990713,1.5479876160990713,0,9.287925696594426,0,0,0,0,0,3.0959752321981426,1.5479876160990713,3.0959752321981426,1.5479876160990713,1.5479876160990713,0,0,0,1.5479876160990713,0,0,1.5479876160990713,0,0,0,0,0,1.5479876160990713,1.5479876160990713,0,0,0,1.5479876160990713,0,0,0,0,3.0959752321981426,0,0,3.0959752321981426,3.0959752321981426,1.5479876160990713,3.0959752321981426,3.0959752321981426,1.5479876160990713,1.5479876160990713,0,1.5479876160990713,0,1.5479876160990713,0,0,1.5479876160990713,0,1.5479876160990713,4.643962848297213,1.5479876160990713,0,3.0959752321981426,0,0,1.5479876160990713,0,0,0,1.5479876160990713,0,0,3.0959752321981426,0,3.0959752321981426,3.0959752321981426,1.5479876160990713,0,1.5479876160990713,1.5479876160990713,4.643962848297213,0,1.5479876160990713,0,0,0,0,1.5479876160990713,0,1.5479876160990713,0,0,0,3.0959752321981426,0,0,3.0959752321981426,0,0,7.739938080495356,1.5479876160990713,0,0,0,0,0,0,0,0,1.5479876160990713,0,0,0,0,0,1.5479876160990713,0,0,0,0,1.5479876160990713,0,1.5479876160990713,0,3.0959752321981426,0,0,0,0,0,0,0,3.0959752321981426,0,1.5479876160990713,0,0,0,0,0,0,0,0,0,0,0,0,0,0,1.5479876160990713,0,0,0,3.0959752321981426,1.5479876160990713,0,1.5479876160990713,0,0,1.5479876160990713,0,1.5479876160990713,0,0,0,0,0,0,0
zasulich_rev_studenchestvo2_I.txt_chunk1,zasulich,10,1,1,0,2,0,0,1,6,38,6,0,0,1,0,3,5,0,0,1,0,1,0,1,1,0,4,1,1,0,3,1,7,1,3,1,0,0,5,1,0,4,0,29,1,3,5,4,4,8,4,0,6,7,0,0,1,0,0,0,0,1,1,0,0,0,1,2,2,1,2,0,11,3,0,16,1,1,0,1,0,0,0,1,1,9,1,3,3,1,0,1,0,0,3,1,5,0,2,0,1,0,2,1,3,2,7,0,1,1,1,2,1,0,3,0,2,0,0,0,0,2,0,1,0,1,0,7,1,1,4,3,2,3,0,2,1,0,18,7,0,4,0,6,2,1,3,0,1,0,0,0,0,0,0,3,1,0,0,0,1,2,1,0,0,3,0,0,0,2,0,0,1,0,2,1,1,2,3,5,0,0,0,0,0,0,0,3,1,0,0,1,1,1,0,0,0,3,0,0,1,0,0,12,3,0,0,1,0,2,1,0,0,0,0,0,1,0,0,0,0,0,2,2,0,1,1,0,1,0,0,0,2,0,0,0,1,0,0,0,1,0,0,0,0,0,1,1,0,0,1,0,0,1,0,4,2,1,0,0,0,0,0,0,0,0,0,0,0,1,0,0,2,0,0,0,6,0,0,0,3,3,0,1,0,0,1,0,1,0,1,0,1,0,1,0,0,2,0,0
zasulich_rev_studenchestvo2_I.txt_chunk2,zasulich,8,0,0,1,6,2,1,3,0,34,7,0,0,0,0,3,9,1,4,0,2,0,0,1,0,2,0,0,0,0,1,0,6,0,1,3,0,2,10,1,0,3,0,39,0,8,2,2,4,3,6,0,6,3,2,1,1,3,0,0,0,2,0,0,0,0,3,0,1,0,0,0,2,0,0,15,0,1,1,1,0,1,0,3,0,5,0,6,2,1,0,1,0,1,2,2,8,0,3,0,1,0,3,1,3,0,6,1,0,0,1,2,0,0,1,0,1,1,1,0,1,4,1,0,0,4,0,7,2,4,7,2,1,1,0,1,3,0,13,0,0,1,1,4,1,0,1,0,0,0,0,0,1,0,0,3,0,0,1,0,0,0,1,0,2,0,0,0,1,0,0,1,0,2,3,2,0,0,2,2,0,0,2,0,2,0,0,2,2,2,0,0,1,3,0,0,0,0,1,0,0,0,0,4,4,1,0,0,0,0,0,0,0,0,0,1,0,0,0,2,1,0,1,1,3,1,0,0,0,2,0,1,2,0,0,0,0,1,3,0,1,0,0,1,0,0,1,0,0,2,0,0,1,1,1,5,4,0,0,3,1,3,0,2,3,0,0,0,1,2,1,1,5,0,1,0,13,0,0,0,2,0,0,0,1,0,4,0,0,0,0,0,0,0,1,0,0,7,0,1
zasulich_rev_studenchestvo2_I.txt_chunk3,zasulich,1.8518518518518519,0,0,1.8518518518518519,20.370370370370374,0,1.8518518518518519,0,1.8518518518518519,22.22222222222222,1.8518518518518519,0,0,0,0,1.8518518518518519,5.555555555555555,0,0,1.8518518518518519,0,0,1.8518518518518519,0,1.8518518518518519,5.555555555555555,5.555555555555555,0,0,0,0,1.8518518518518519,3.7037037037037037,1.8518518518518519,3.7037037037037037,1.8518518518518519,0,0,12.962962962962962,0,0,3.7037037037037037,0,37.03703703703704,1.8518518518518519,3.7037037037037037,3.7037037037037037,0,7.407407407407407,9.25925925925926,5.555555555555555,0,1.8518518518518519,1.8518518518518519,1.8518518518518519,1.8518518518518519,0,0,0,0,0,7.407407407407407,1.8518518518518519,0,0,0,0,3.7037037037037037,1.8518518518518519,0,0,0,11.11111111111111,0,0,18.51851851851852,0,0,0,0,3.7037037037037037,0,0,3.7037037037037037,1.8518518518518519,11.11111111111111,0,3.7037037037037037,1.8518518518518519,0,0,0,0,0,1.8518518518518519,1.8518518518518519,11.11111111111111,0,5.555555555555555,0,1.8518518518518519,0,5.555555555555555,1.8518518518518519,0,0,11.11111111111111,0,1.8518518518518519,0,0,3.7037037037037037,3.7037037037037037,1.8518518518518519,0,1.8518518518518519,3.7037037037037037,5.555555555555555,0,0,0,3.7037037037037037,0,0,0,1.8518518518518519,0,11.11111111111111,0,1.8518518518518519,5.555555555555555,0,1.8518518518518519,0,1.8518518518518519,1.8518518518518519,0,0,12.962962962962962,1.8518518518518519,1.8518518518518519,1.8518518518518519,0,1.8518518518518519,0,0,3.7037037037037037,0,0,0,0,3.7037037037037037,1.8518518518518519,0,0,0,0,0,1.8518518518518519,0,1.8518518518518519,0,0,0,0,0,0,0,0,0,0,0,0,1.8518518518518519,7.407407407407407,1.8518518518518519,0,0,0,1.8518518518518519,0,0,0,0,0,0,0,0,1.8518518518518519,1.8518518518518519,0,0,0,0,0,0,1.8518518518518519,1.8518518518518519,0,1.8518518518518519,0,0,0,0,0,0,0,0,0,0,0,1.8518518518518519,0,1.8518518518518519,0,0,0,0,0,0,0,0,5.555555555555555,5.555555555555555,0,0,3.7037037037037037,0,0,0,0,0,0,0,0,0,0,0,0,1.8518518518518519,3.7037037037037037,0,0,0,0,1.8518518518518519,0,0,0,1.8518518518518519,0,0,0,0,0,0,1.8518518518518519,0,0,0,0,0,0,3.7037037037037037,0,0,0,1.8518518518518519,1.8518518518518519,0,0,0,5.555555555555555,0,0,0,5.555555555555555,0,0,0,0,0,0,0,0,0,3.7037037037037037,0,0,0,0,0,0,0,0,0,0,1.8518518518518519,0,0
zasulich_vystrel_Karpovicha_I.txt_chunk1,zasulich,8,0,0,3,7,0,3,1,2,23,2,1,0,0,0,1,10,1,2,0,5,0,0,0,1,0,6,1,0,0,0,0,3,0,3,3,0,1,4,2,1,4,0,37,0,4,2,1,4,9,2,0,2,1,0,2,0,1,0,1,2,1,1,0,0,0,3,1,1,0,1,0,11,2,3,21,2,3,0,2,3,2,2,1,0,6,1,2,2,0,0,0,2,1,1,2,5,0,1,0,1,1,4,2,3,7,14,0,1,1,1,0,1,1,1,1,3,1,1,0,1,4,0,1,1,0,0,7,1,1,2,1,1,1,0,8,4,0,16,2,1,1,0,7,1,6,1,0,1,0,3,1,3,0,0,0,0,1,1,1,0,0,3,6,0,0,0,0,2,2,0,0,0,0,2,0,0,0,1,1,0,0,0,0,2,0,1,1,1,0,0,0,1,0,0,1,0,2,1,0,0,0,0,0,0,3,0,0,1,0,1,1,0,0,3,0,1,1,0,0,1,0,3,0,0,2,0,0,1,0,0,0,1,0,1,0,0,0,0,2,0,1,1,0,0,0,0,0,0,0,1,0,1,1,0,6,1,0,0,0,0,0,0,2,2,2,0,0,2,0,0,0,0,0,0,0,0,0,0,4,0,1,1,0,0,0,0,0,0,0,0,0,0,0,0,0,0,0,0,0
zasulich_vystrel_Karpovicha_I.txt_chunk2,zasulich,14,0,2,0,7,2,1,5,4,24,1,2,0,1,0,0,7,0,2,3,0,1,0,1,1,0,3,0,0,1,0,0,9,0,0,5,0,1,3,1,0,3,0,35,0,2,3,1,4,5,5,0,1,2,2,0,0,2,0,0,3,6,0,3,0,0,0,3,4,2,0,0,9,0,0,34,0,1,3,1,6,0,0,2,0,8,2,4,1,0,0,1,0,1,3,1,4,0,2,0,3,2,12,1,2,1,4,1,1,1,1,1,0,1,0,0,3,0,0,0,1,3,1,1,0,2,0,5,1,1,5,4,3,0,0,0,3,1,8,2,2,2,1,6,2,1,2,1,0,0,1,0,0,0,0,0,3,1,1,0,2,1,1,0,1,1,0,0,0,2,0,1,1,1,2,1,0,1,0,0,0,1,2,0,2,0,2,0,1,0,1,3,0,0,0,0,0,4,2,0,1,1,0,0,1,3,0,0,1,0,0,5,0,0,0,0,0,1,0,0,1,0,0,1,0,1,0,3,2,1,0,2,4,0,0,0,0,0,0,0,0,0,2,1,1,1,0,0,2,0,1,0,3,0,0,1,0,0,0,1,0,0,0,3,0,0,0,0,0,0,0,0,0,1,0,0,0,0,0,0,0,2,2,0,0,1,0,1,0,3,0,0,0,0,0,0,0,0,0,1
